name,primary_type,all_types,phone,website,address,rating,reviews,status,maps_url,place_id
My Trip Cab,taxi_service,taxi_service|car_rental|tour_agency|travel_agency|transportation_service|service|point_of_interest|establishment,096259 78500,https://www.mytripcab.com/,"Sector 52 Krishna Complex Shop No 2 Near Yadav Aata Chakki Wazirabad Gurgaon 122003, Wazirabad, Sector 52, Gurugram, Haryana 122098, India",4.8,229,OPERATIONAL,https://maps.google.com/?cid=6185556022955298262&g_mp=Cilnb29nbGUubWFwcy5wbGFjZXMudjEuUGxhY2VzLlNlYXJjaE5lYXJieRACGAQgAA,ChIJO2Wfl6MYDTkR1k2HLm6C11U
Gurgaon tmt steel dealer,manufacturer,manufacturer|point_of_interest|establishment,,http://www.buildmakaan.com/,"12, Sector 62, Gurugram, Haryana 122001, India",5,1,OPERATIONAL,https://maps.google.com/?cid=2248745364054202015&g_mp=Cilnb29nbGUubWFwcy5wbGFjZXMudjEuUGxhY2VzLlNlYXJjaE5lYXJieRACGAQgAA,ChIJ4U3quPkjDTkRn9bBhv4lNR8
Swastik Traders,building_materials_store,building_materials_store|store|point_of_interest|establishment,094682 53824,,"12, Sector 62, Gurugram, Haryana 122098, India",5,1,OPERATIONAL,https://maps.google.com/?cid=6749087650387141285&g_mp=Cilnb29nbGUubWFwcy5wbGFjZXMudjEuUGxhY2VzLlNlYXJjaE5lYXJieRACGAQgAA,ChIJWxfHxJEjDTkRpSJNt3WTqV0
Radiant Rides Car Workshop and Detailing Studio,car_repair,car_repair|service|point_of_interest|establishment,072506 11427,https://www.youtube.com/@Radiantrides62,"Indian oil pump, near aipl business, Sector 62, Gurugram, Haryana 122098, India",4.2,5,OPERATIONAL,https://maps.google.com/?cid=1699882535485896062&g_mp=Cilnb29nbGUubWFwcy5wbGFjZXMudjEuUGxhY2VzLlNlYXJjaE5lYXJieRACGAQgAA,ChIJoWFO_fkjDTkRfvWG3ygylxc
jai Shree Laxmi enterprises,point_of_interest,point_of_interest|establishment,092124 65481,,"93WR+VW2, Sector 62, Gurugram, Haryana 122098, India",4,3,OPERATIONAL,https://maps.google.com/?cid=5558425320879933984&g_mp=Cilnb29nbGUubWFwcy5wbGFjZXMudjEuUGxhY2VzLlNlYXJjaE5lYXJieRACGAQgAA,ChIJ7au2gBkjDTkRIMqVKWF-I00
Car Wash Sector 62,car_wash,car_wash|service|point_of_interest|establishment,,,"12, Sector 62, Gurugram, Haryana 122098, India",3.7,3,OPERATIONAL,https://maps.google.com/?cid=9543114334177756794&g_mp=Cilnb29nbGUubWFwcy5wbGFjZXMudjEuUGxhY2VzLlNlYXJjaE5lYXJieRACGAQgAA,ChIJLfdMMAAjDTkReoaa4-zzb4Q
IndianOil,gas_station,gas_station|service|point_of_interest|establishment,097119 44944,https://locator.iocl.com/indianoil-shree-palturam-sons-petrol-pump-sector-62-gurugram-226034/Home?utm_source=locator&utm_medium=googleplaces,"No 20, South City 1, 2/1/2, Ullawas Dhani Rd, Sector 62, Gurugram, Haryana 122098, India",3.5,111,OPERATIONAL,https://maps.google.com/?cid=10109534075184629327&g_mp=Cilnb29nbGUubWFwcy5wbGFjZXMudjEuUGxhY2VzLlNlYXJjaE5lYXJieRACGAQgAA,ChIJj7M_9BMjDTkRT0YWxK1HTIw
GoMechanic - ROYAL DETAILING AND CAR WORKSHOP,car_repair,car_wash|car_repair|service|point_of_interest|establishment,072506 11427,https://srd1.onelink.me/7EYj/GMB,"Indian oil petrol, near Aipl Business Club, Sector 62, Gurugram, Haryana 122002, India",4.6,76,OPERATIONAL,https://maps.google.com/?cid=16969746787013997034&g_mp=Cilnb29nbGUubWFwcy5wbGFjZXMudjEuUGxhY2VzLlNlYXJjaE5lYXJieRACGAQgAA,ChIJQya25UkjDTkR6rFLEMumgOs
S A H Pollution Centre,car_repair,car_repair|service|point_of_interest|establishment,079823 57772,,"Pollution Centre, Sector 62, Gurugram, Haryana 122098, India",3,2,OPERATIONAL,https://maps.google.com/?cid=11713186219231389193&g_mp=Cilnb29nbGUubWFwcy5wbGFjZXMudjEuUGxhY2VzLlNlYXJjaE5lYXJieRACGAQgAA,ChIJd4erGFsjDTkRCaZJqc6YjaI
ICICI BANK ATM,atm,atm|finance|point_of_interest|establishment,1800 1080,https://www.icicibank.com/,"ICICI Bank ATM, Unit No. 6 & 7, AIPL Business Club, Golf Cou rse Extension Road, Medawas, Sector 62, Gurugram, Haryana 122002, India",,,OPERATIONAL,https://maps.google.com/?cid=12557625970915646309&g_mp=Cilnb29nbGUubWFwcy5wbGFjZXMudjEuUGxhY2VzLlNlYXJjaE5lYXJieRACGAQgAA,ChIJB7Tcc0EjDTkRZZulkkmmRa4
Digitup Solutions Pvt. Ltd.,,service|point_of_interest|establishment,092059 87106,https://digitup.com/,"Unit 0001, 13th Floor, Imperia Mindspace, opposite Aipl Business Club, Sector 62, Gurugram, Haryana 122001, India",4,8,OPERATIONAL,https://maps.google.com/?cid=4640683950221080873&g_mp=Cilnb29nbGUubWFwcy5wbGFjZXMudjEuUGxhY2VzLlNlYXJjaE5lYXJieRACGAQgAA,ChIJ-QWVqKojDTkRKbnIH3cFZ0A
Javi Systems India Pvt. Ltd.,,service|point_of_interest|establishment,084476 52632,https://javisystems.com/,"6th floor, Imperia Mindspace, Golf course Extn, 62 C-2, Road, Sector 62, Gurugram, Haryana 122098, India",3.6,7,OPERATIONAL,https://maps.google.com/?cid=790246853013782276&g_mp=Cilnb29nbGUubWFwcy5wbGFjZXMudjEuUGxhY2VzLlNlYXJjaE5lYXJieRACGAQgAA,ChIJU2BXskAjDTkRBL_BblOF9wo
Wow Sandwiches,restaurant,restaurant|food|point_of_interest|establishment,,https://www.swiggy.com/direct/brand/15641?source=swiggy-direct&subSource=generic,"Tower-B, Imperia Mindspace, Sector 62, Gurugram, Haryana 122098, India",,,OPERATIONAL,https://maps.google.com/?cid=13751404764630088823&g_mp=Cilnb29nbGUubWFwcy5wbGFjZXMudjEuUGxhY2VzLlNlYXJjaE5lYXJieRACGAQgAA,ChIJSTEVDQAjDTkRd_xjfsbN1r4
HDFC Bank ATM,atm,atm|finance|point_of_interest|establishment,1800 1601,https://www.hdfc.bank.in/branch-locator/haryana/gurugram/hdfcbank-atm-imperiamindspaceatm,"Shop No 17, 20, GF, Imperia Mindspace, to, Golf Course Extension Road, Sector 62, Gurugram, Haryana 122098, India",5,1,OPERATIONAL,https://maps.google.com/?cid=13725167452386587916&g_mp=Cilnb29nbGUubWFwcy5wbGFjZXMudjEuUGxhY2VzLlNlYXJjaE5lYXJieRACGAQgAA,ChIJuxCRFU4jDTkRDHVBMhSXeb4
Imperia MindSpace,general_contractor,general_contractor|service|point_of_interest|establishment,011 4646 9999,http://www.imperiastructures.com/,"7th floor, Imperia Mindspace, Golf Course Ext Rd, behind Aipl Business Club, Sector 62, Gurugram, Haryana 122098, India",4.5,124,OPERATIONAL,https://maps.google.com/?cid=5393673294678579582&g_mp=Cilnb29nbGUubWFwcy5wbGFjZXMudjEuUGxhY2VzLlNlYXJjaE5lYXJieRACGAQgAA,ChIJq6qqqhUiDTkRftnT20gt2ko
India Accelerator | IA Spaces - Coworking Space,coworking_space,coworking_space|point_of_interest|establishment,094580 07071,https://iaspaces.co/,"7th floor, Imperia Mindspace, Golf Course Extension Road, Sector 62, Gurugram, Haryana 122098, India",5,10,OPERATIONAL,https://maps.google.com/?cid=9351975418626904886&g_mp=Cilnb29nbGUubWFwcy5wbGFjZXMudjEuUGxhY2VzLlNlYXJjaE5lYXJieRACGAQgAA,ChIJIRoDRBUjDTkRNhNxJxjkyIE
Febricetion,manufacturer,manufacturer|point_of_interest|establishment,088590 44004,,"old anpurnuma dhaba, Maidawas Rd, Sector 63, Gurugram, Haryana 122098, India",,,CLOSED_TEMPORARILY,https://maps.google.com/?cid=10867586445931775864&g_mp=Cilnb29nbGUubWFwcy5wbGFjZXMudjEuUGxhY2VzLlNlYXJjaE5lYXJieRACGAQgAA,ChIJfQoW-WcjDTkReAedK0ts0ZY
Kundan glass house,building_materials_store,building_materials_store|store|manufacturer|point_of_interest|establishment,095255 76560,,"Dada hari singh market, Maidawas Rd, maidawdas, Sector 63, Gurugram, Haryana 122098, India",5,6,OPERATIONAL,https://maps.google.com/?cid=6932401457912722732&g_mp=Cilnb29nbGUubWFwcy5wbGFjZXMudjEuUGxhY2VzLlNlYXJjaE5lYXJieRACGAQgAA,ChIJEXauwSwjDTkRLLVJg2XWNGA
Shashwat Rto Consultants,consultant,consultant|service|point_of_interest|establishment,083685 17535,,"Shop No 18, St 1, near Heritage One, Sector 62, Gurugram, Haryana 122101, India",4.9,102,OPERATIONAL,https://maps.google.com/?cid=16193116303534410543&g_mp=Cilnb29nbGUubWFwcy5wbGFjZXMudjEuUGxhY2VzLlNlYXJjaE5lYXJieRACGAQgAA,ChIJrUEyaOWlyy4RL0vBtnuBueA
The Chai Coffee Life,cafe,cafe|food|point_of_interest|establishment,,https://www.thechaicoffeelife.com/,"G-13, Imperia Mindspace, Sector 62, Gurugram, Haryana 122098, India",4.9,29,CLOSED_TEMPORARILY,https://maps.google.com/?cid=9588599239906164406&g_mp=Cilnb29nbGUubWFwcy5wbGFjZXMudjEuUGxhY2VzLlNlYXJjaE5lYXJieRACGAQgAA,ChIJp8EIzTsjDTkRtv4vxDSMEYU
Time Residency - Entry Gate,apartment_building,apartment_building|service|point_of_interest|establishment,,,"C32Q+HX6, Sector 63, Gurugram, Haryana 122098, India",4.2,6,OPERATIONAL,https://maps.google.com/?cid=14214230577545036625&g_mp=Cilnb29nbGUubWFwcy5wbGFjZXMudjEuUGxhY2VzLlNlYXJjaE5lYXJieRACGAQgAA,ChIJ8cbzUFkjDTkRUUMRamYXQ8U
Kunal building material supplier,store,store|point_of_interest|establishment,,,"Heritage One, Sector 62, Gurugram, Haryana 122098, India",5,3,OPERATIONAL,https://maps.google.com/?cid=15464293369156542916&g_mp=Cilnb29nbGUubWFwcy5wbGFjZXMudjEuUGxhY2VzLlNlYXJjaE5lYXJieRACGAQgAA,ChIJkQjbEgAjDTkRxCEBy-I0nNY
Leafytales Farm,furniture_store,furniture_store|home_improvement_store|home_goods_store|store|point_of_interest|establishment,093193 10579,,"Leafytales Farm, Adjacent to Heritage One Society, Sector 62, Gurugram, Haryana 122098, India",3.3,22,CLOSED_TEMPORARILY,https://maps.google.com/?cid=8360608452581440484&g_mp=Cilnb29nbGUubWFwcy5wbGFjZXMudjEuUGxhY2VzLlNlYXJjaE5lYXJieRACGAQgAA,ChIJZ5Y_absjDTkR5Ls-WhfZBnQ
Tata Play Fiber - Sector 62,service,service|point_of_interest|establishment,0612 415 7490,https://wifi-connections.tataplayfiber.com/tata-play-fiber/new-delhi/Vivek-Vihar/tata-play-fiber-in-Vivek-Vihar-new-delhi--7Qj9rX/home,"Maidawas Rd, nearby Leafytales Farm, Sector 62, Gurugram, Haryana 122098, India",5,5,OPERATIONAL,https://maps.google.com/?cid=14336099539136486213&g_mp=Cilnb29nbGUubWFwcy5wbGFjZXMudjEuUGxhY2VzLlNlYXJjaE5lYXJieRACGAQgAA,ChIJpx2CQNMjDTkRRRvfLpMO9MY
Avon vegetable and fruits shop,grocery_store,grocery_store|food_store|store|food|point_of_interest|establishment,,,"Heritage One, Tower-A, Sector 62, Gurugram, Haryana 122098, India",3.7,14,OPERATIONAL,https://maps.google.com/?cid=572952585522428653&g_mp=Cilnb29nbGUubWFwcy5wbGFjZXMudjEuUGxhY2VzLlNlYXJjaE5lYXJieRACGAQgAA,ChIJP1CmPMYjDTkR7bo0RVeJ8wc
A,apartment_building,apartment_building|service|point_of_interest|establishment,,,"TOWER-A, Time Residency, A 1502, Sector 63, Gurugram, Haryana 122098, India",5,1,OPERATIONAL,https://maps.google.com/?cid=317852523409733171&g_mp=Cilnb29nbGUubWFwcy5wbGFjZXMudjEuUGxhY2VzLlNlYXJjaE5lYXJieRACGAQgAA,ChIJoay4RgAjDTkRM3bMnC89aQQ
Aryan dry cleaner,laundry,laundry|service|point_of_interest|establishment,,,"Basement, Tower-A, Sector 62, Gurugram, Haryana 122098, India",5,1,OPERATIONAL,https://maps.google.com/?cid=8508351484963915055&g_mp=Cilnb29nbGUubWFwcy5wbGFjZXMudjEuUGxhY2VzLlNlYXJjaE5lYXJieRACGAQgAA,ChIJ4-RyA5gjDTkRLwVxrZi8E3Y
Unlock Life,health,health|point_of_interest|establishment,093151 08838,http://www.unlocklife.in/,"Sector 62, Gurugram, Haryana 122098, India",5,30,OPERATIONAL,https://maps.google.com/?cid=15927575406290692436&g_mp=Cilnb29nbGUubWFwcy5wbGFjZXMudjEuUGxhY2VzLlNlYXJjaE5lYXJieRACGAQgAA,ChIJeb7PMq8jDTkRVGk0sXEdCt0
Guru ji Furniture,manufacturer,manufacturer|service|point_of_interest|establishment,099107 27241,,"Heritage One Main Gate, Maidawas Rd, Sector 62, Gurugram, Haryana 122098, India",5,2,OPERATIONAL,https://maps.google.com/?cid=14630393762309296586&g_mp=Cilnb29nbGUubWFwcy5wbGFjZXMudjEuUGxhY2VzLlNlYXJjaE5lYXJieRACGAQgAA,ChIJg-OGbVcjDTkRylGJlpyZCcs
Friend's Cafe,restaurant,restaurant|food|point_of_interest|establishment,,,"Golf Estate Road, Sector 62, Gurugram, Haryana 122098, India",5,6,OPERATIONAL,https://maps.google.com/?cid=16848826281397776437&g_mp=Cilnb29nbGUubWFwcy5wbGFjZXMudjEuUGxhY2VzLlNlYXJjaE5lYXJieRACGAQgAA,ChIJO1P27DYjDTkRNfD66DsO0-k
Heritage One,apartment_building,apartment_building|apartment_complex|service|point_of_interest|establishment,0124 280 3000,,"Gate, Maidawas Rd, Sector 62, Gurugram, Haryana 122098, India",4.1,99,OPERATIONAL,https://maps.google.com/?cid=3940176128734002337&g_mp=Cilnb29nbGUubWFwcy5wbGFjZXMudjEuUGxhY2VzLlNlYXJjaE5lYXJieRACGAQgAA,ChIJTWAeJxgiDTkRofypKVBRrjY
ExclusiveBanaras,womens_clothing_store,womens_clothing_store|clothing_store|store|point_of_interest|establishment,,,"Time Residency, Sector 63, Gurugram, Haryana 122098, India",5,1,CLOSED_TEMPORARILY,https://maps.google.com/?cid=1949074476063107020&g_mp=Cilnb29nbGUubWFwcy5wbGFjZXMudjEuUGxhY2VzLlNlYXJjaE5lYXJieRACGAQgAA,ChIJDfLSX2UjDTkRzKeFyuiADBs
Tower B,apartment_building,apartment_building|service|point_of_interest|establishment,,,"TOWER-B, Time Residency, Sector 63, Gurugram, Haryana 122098, India",5,1,OPERATIONAL,https://maps.google.com/?cid=1844628814218356928&g_mp=Cilnb29nbGUubWFwcy5wbGFjZXMudjEuUGxhY2VzLlNlYXJjaE5lYXJieRACGAQgAA,ChIJj1aaWQAjDTkRwGjvHSJwmRk
Infinity Global - Your Perfect Travel Partner,travel_agency,travel_agency|service|point_of_interest|establishment,098110 00167,,"102 First Floor Paras Trinity, TOWER-B, Sector 63, Gurugram, Haryana 122011, India",4.3,14,OPERATIONAL,https://maps.google.com/?cid=8858717584647823916&g_mp=Cilnb29nbGUubWFwcy5wbGFjZXMudjEuUGxhY2VzLlNlYXJjaE5lYXJieRACGAQgAA,ChIJr1z-mrEjDTkRLKJwLrV88Ho
Brainwonders Career Counselling in Gurugram,service,consultant|health|service|point_of_interest|establishment,099877 66531,https://www.brainwonders.in/career-counselling-in-gurugram,"A303 , Time resisdency, sector 63 , near Paras Trinity Mall, Sector 62, Gurugram, Haryana 122098, India",4.5,4,OPERATIONAL,https://maps.google.com/?cid=13904482055067179388&g_mp=Cilnb29nbGUubWFwcy5wbGFjZXMudjEuUGxhY2VzLlNlYXJjaE5lYXJieRACGAQgAA,ChIJh1ZtWMEjDTkRfJkSjsKk9sA
Meraak with Gargee - Therapist and Healer,medical_clinic,medical_clinic|health|service|point_of_interest|establishment,,http://www.meraak.in/,"Dhoot, Time Residency, Sector 63, Gurugram, Haryana 122098, India",5,9,OPERATIONAL,https://maps.google.com/?cid=912502944789108467&g_mp=Cilnb29nbGUubWFwcy5wbGFjZXMudjEuUGxhY2VzLlNlYXJjaE5lYXJieRACGAQgAA,ChIJK3oNlk0jDTkR8xan-JfcqQw
Consortium Gifts,gift_shop,gift_shop|store|service|point_of_interest|establishment,096500 23803,https://www.consortiumgifts.com/Corporate-Gifts-in-gurgaon,"A-1801, Time Residency, Sector 63, Gurugram, Haryana 122098, India",,,CLOSED_TEMPORARILY,https://maps.google.com/?cid=17524872812920757596&g_mp=Cilnb29nbGUubWFwcy5wbGFjZXMudjEuUGxhY2VzLlNlYXJjaE5lYXJieRACGAQgAA,ChIJN67vveojDTkRXN0K_PjaNPM
FIRST CHOICE PHARMACY,pharmacy,pharmacy|store|health|point_of_interest|establishment,099531 42647,,"Dhoot, Time Residency, Sector 63, Gurugram, Haryana 122098, India",4.9,30,OPERATIONAL,https://maps.google.com/?cid=9189095822143253248&g_mp=Cilnb29nbGUubWFwcy5wbGFjZXMudjEuUGxhY2VzLlNlYXJjaE5lYXJieRACGAQgAA,ChIJaejyMPgjDTkRAOvf3fY5hn8
HDFC ERGO Insurance Agent: Bhopinder Aggarwal,insurance_agency,insurance_agency|health|service|point_of_interest|establishment,079 4746 1534,https://agent.hdfcergo.com/hdfc-ergo-insurance-agent-bhopinder-aggarwal-insurance-broker-sector-62-gurugram-464762/Home?utm_source=locator&utm_medium=googleplaces,"No B1903, Heritage One Tower-B, Basai Road, Sector 62, Gurugram, Haryana 122098, India",5,1,OPERATIONAL,https://maps.google.com/?cid=12669194449892862544&g_mp=Cilnb29nbGUubWFwcy5wbGFjZXMudjEuUGxhY2VzLlNlYXJjaE5lYXJieRACGAQgAA,ChIJ4XE9qXkjDTkRUOo2WDoF0q8
Nail’dit Studio by Beena,nail_salon,nail_salon|beauty_salon|service|point_of_interest|establishment,084339 53869,https://naildit.co.in/,"144, FF, Paras Trinity, Golf course extension, Sector 63, Gurugram, Haryana 122011, India",4.8,99,OPERATIONAL,https://maps.google.com/?cid=9876853945427425840&g_mp=Cilnb29nbGUubWFwcy5wbGFjZXMudjEuUGxhY2VzLlNlYXJjaE5lYXJieRACGAQgAA,ChIJNatGxugjDTkRMPqdY1WiEYk
"Care & Cure for Kids, A Pediatric Wellness Clinic by Dr. Namrata",doctor,doctor|medical_clinic|health|point_of_interest|establishment,,,"1st floor, Shop #50, Miracle Mile, Sector 60, Gurugram, Haryana 122098, India",4.9,71,OPERATIONAL,https://maps.google.com/?cid=5599774355784756983&g_mp=Cilnb29nbGUubWFwcy5wbGFjZXMudjEuUGxhY2VzLlNlYXJjaE5lYXJieRACGAQgAA,ChIJLUF00-gjDTkR927kkhtltk0
K&S Realty Service,service,service|point_of_interest|establishment,,,"GF-54, Adani Miracle Mile, Sector 60, Gurugram, Haryana 122098, India",5,8,OPERATIONAL,https://maps.google.com/?cid=11147989772719149307&g_mp=Cilnb29nbGUubWFwcy5wbGFjZXMudjEuUGxhY2VzLlNlYXJjaE5lYXJieRACGAQgAA,ChIJB2PC8-kjDTkR-9CcOqKdtZo
Dhulai - Premium Laundry & Drycleaning - Sector 60,laundry,laundry|service|point_of_interest|establishment,,https://dhulai.in/,"Shop no.3 , Ground Floor, Miracle Mile, Sector 60, Gurugram, Haryana 122018, India",,,OPERATIONAL,https://maps.google.com/?cid=13403054518434196824&g_mp=Cilnb29nbGUubWFwcy5wbGFjZXMudjEuUGxhY2VzLlNlYXJjaE5lYXJieRACGAQgAA,ChIJc9AXjHYjDTkRWO12dBI3Abo
ICICI BANK ATM,bank,bank|finance|point_of_interest|establishment,1800 1080,https://www.icicibank.com/,"ICICI Bank ATM, GF-88, Miracle Mile, Bra hma City, Block M, Sector 60, Gurugram, Haryana 122002, India",,,OPERATIONAL,https://maps.google.com/?cid=2877317869122410693&g_mp=Cilnb29nbGUubWFwcy5wbGFjZXMudjEuUGxhY2VzLlNlYXJjaE5lYXJieRACGAQgAA,ChIJjy0tme4jDTkRxdjsdltJ7ic
Pathya,health,health|service|point_of_interest|establishment,,http://www.pathyahealth.com/,"Sector 60, Gurugram, Haryana 122102, India",,,OPERATIONAL,https://maps.google.com/?cid=5629559736742353766&g_mp=Cilnb29nbGUubWFwcy5wbGFjZXMudjEuUGxhY2VzLlNlYXJjaE5lYXJieRACGAQgAA,ChIJywSHMN0jDTkRZpte_sA2IE4
Kotak Mahindra Bank ATM,atm,atm|finance|point_of_interest|establishment,1800 4100,https://www.kotak.bank.in/en/reach-us.html?utm_source=google&utm_medium=gmb,"51 - 53, Miracle Mile, Sector 60, Gurugram, Haryana 122002, India",,,OPERATIONAL,https://maps.google.com/?cid=10329882907914534184&g_mp=Cilnb29nbGUubWFwcy5wbGFjZXMudjEuUGxhY2VzLlNlYXJjaE5lYXJieRACGAQgAA,ChIJuwC6DyojDTkRKP2fUcYdW48
Kotak Mahindra Bank,bank,bank|insurance_agency|finance|service|point_of_interest|establishment,1800 4100,https://www.kotak.bank.in/en/reach-us.html?utm_source=google&utm_medium=gmb,"51 - 53, Miracle Mile, Sector 60, Gurugram, Haryana 122002, India",,,OPERATIONAL,https://maps.google.com/?cid=7714510428249477786&g_mp=Cilnb29nbGUubWFwcy5wbGFjZXMudjEuUGxhY2VzLlNlYXJjaE5lYXJieRACGAQgAA,ChIJES0DyBUjDTkRmlLbe1xyD2s
Mirage The Interior Studio,general_contractor,general_contractor|service|point_of_interest|establishment,098188 03137,,"4th floor, Miracle Mile, 401-404, Sector 60, Gurugram, Haryana 122002, India",,,OPERATIONAL,https://maps.google.com/?cid=6222677215411759692&g_mp=Cilnb29nbGUubWFwcy5wbGFjZXMudjEuUGxhY2VzLlNlYXJjaE5lYXJieRACGAQgAA,ChIJdaTr6VEjDTkRTOqIUPVjW1Y
Aranyaka Estates Corporate Office,general_contractor,general_contractor|service|point_of_interest|establishment,098102 06115,https://aranyakaestates.com/,"Unit Nos 401 - 404, 4th floor, Adani Miracle Mile, Sector 60, Gurugram, Haryana 122098, India",5,5,OPERATIONAL,https://maps.google.com/?cid=6022796143156476398&g_mp=Cilnb29nbGUubWFwcy5wbGFjZXMudjEuUGxhY2VzLlNlYXJjaE5lYXJieRACGAQgAA,ChIJeaPI4p0jDTkR7jlvmy5FlVM
Little Whitess Pediatric & General Dentistry,dental_clinic,dental_clinic|medical_clinic|health|point_of_interest|establishment,,https://www.drkhannasdentalclinic.com/best-kids-dentist-pediatric-dentistry-little-whites/,"Adani Miracle Mile, Sector 60, Gurugram, Haryana 122098, India",4.9,23,OPERATIONAL,https://maps.google.com/?cid=3526960916851573008&g_mp=Cilnb29nbGUubWFwcy5wbGFjZXMudjEuUGxhY2VzLlNlYXJjaE5lYXJieRACGAQgAA,ChIJwQfJgkwjDTkREMGfaURI8jA
Voice of Words,consultant,consultant|service|point_of_interest|establishment,,,"FF-11, Adani Miracle Mile, Golf Course Extension Road, Sector 60, Gurugram, Haryana 122015, India",,,OPERATIONAL,https://maps.google.com/?cid=7978264130870124709&g_mp=Cilnb29nbGUubWFwcy5wbGFjZXMudjEuUGxhY2VzLlNlYXJjaE5lYXJieRACGAQgAA,ChIJN-DuhwQjDTkRpSDB1PR8uG4
Miracle Mile,shopping_mall,shopping_mall|point_of_interest|establishment,,,"C32V+H6R, Sector 60, Gurugram, Haryana 122098, India",4.5,15,OPERATIONAL,https://maps.google.com/?cid=12079080089560374345&g_mp=Cilnb29nbGUubWFwcy5wbGFjZXMudjEuUGxhY2VzLlNlYXJjaE5lYXJieRACGAQgAA,ChIJ82ubEAAjDTkRSVy9_1eDoac
Adani Realty,corporate_office,corporate_office|point_of_interest|establishment,08071 500 129,https://www.adanirealty.com/,"First floor 38, GLOBAL APPAREL, A D, off Golf Course Extension Road, Sector 60, Gurugram, Haryana 122098, India",4.2,59,OPERATIONAL,https://maps.google.com/?cid=5568242036707887785&g_mp=Cilnb29nbGUubWFwcy5wbGFjZXMudjEuUGxhY2VzLlNlYXJjaE5lYXJieRACGAQgAA,ChIJ9-x-7SQiDTkRqQpfbaFeRk0
STAPES & BAUBLE PRIVATE LIMITED,electronics_store,home_goods_store|electronics_store|store|service|point_of_interest|establishment,098107 42364,https://www.stapesindia.com/,"SF 35, Miracle Mile, off Golf Course Extension Road, Pocket M, Sector 60, Gurugram, Haryana 122098, India",4.5,2,OPERATIONAL,https://maps.google.com/?cid=9288034446688708559&g_mp=Cilnb29nbGUubWFwcy5wbGFjZXMudjEuUGxhY2VzLlNlYXJjaE5lYXJieRACGAQgAA,ChIJf5DuOGwjDTkRz-d4gB665YA
Adrita Menopause Wellness,doctor,doctor|consultant|medical_clinic|health|service|point_of_interest|establishment,095609 05470,https://www.adrita.life/,"Second Floor, Adrita Menopause Wellness, Miracle Mile, SF- 64, Sector 60, Gurugram, Haryana 122098, India",5,92,OPERATIONAL,https://maps.google.com/?cid=5726158667537706582&g_mp=Cilnb29nbGUubWFwcy5wbGFjZXMudjEuUGxhY2VzLlNlYXJjaE5lYXJieRACGAQgAA,ChIJcdE6N4wjDTkRVu4bOvhmd08
Dr. Reetadyuti Mukhopadhyay,medical_clinic,medical_clinic|health|point_of_interest|establishment,098188 75814,https://rmukhopadhyay.com/,"2nd Floor, Miracle Mile, SF 64, Sector 60, Gurugram, Haryana 122002, India",,,OPERATIONAL,https://maps.google.com/?cid=13390012368735759670&g_mp=Cilnb29nbGUubWFwcy5wbGFjZXMudjEuUGxhY2VzLlNlYXJjaE5lYXJieRACGAQgAA,ChIJ-UpxPAcjDTkRNu2UWE7h0rk
"Glitz Salon, Sector 60, Miracle Mile Mall",beauty_salon,beauty_salon|hair_salon|hair_care|nail_salon|service|point_of_interest|establishment,073034 68816,https://glitzsalon.in/salons/sector-60-miracle-mile-mall-gurugram/,"Shop No, 64, Ground Floor, Miracle mile Mall, Sector 60, Gurugram, Haryana 122002, India",4.9,60,OPERATIONAL,https://maps.google.com/?cid=12455473154456854422&g_mp=Cilnb29nbGUubWFwcy5wbGFjZXMudjEuUGxhY2VzLlNlYXJjaE5lYXJieRACGAQgAA,ChIJDSDBeysjDTkRlp_QkNe62qw
The Asset Gainer,finance,finance|service|point_of_interest|establishment,098919 56357,,"Shop No-48, 1st Floor, Adani Miracle Mile, Sector 60, Gurugram, Haryana 122096, India",5,1,OPERATIONAL,https://maps.google.com/?cid=7015346020362226322&g_mp=Cilnb29nbGUubWFwcy5wbGFjZXMudjEuUGxhY2VzLlNlYXJjaE5lYXJieRACGAQgAA,ChIJb6nz5v0jDTkRkgokYAmEW2E
Axis Bank Branch,bank,bank|finance|point_of_interest|establishment,1860 500 5555,https://branch.axisbank.com/axis-bank-gurgaon-bank-branch-haryana-6102/Home,"Ground floor, Shop no 89, Miracle mile, Sector 63, Gurugram, Haryana 122098, India",4.8,12,OPERATIONAL,https://maps.google.com/?cid=9055628371701974163&g_mp=Cilnb29nbGUubWFwcy5wbGFjZXMudjEuUGxhY2VzLlNlYXJjaE5lYXJieRACGAQgAA,ChIJ1wqD6OgjDTkRk8Q-eQYOrH0
Dr. Ritu Singh consultant physiotherapist,medical_clinic,medical_clinic|health|point_of_interest|establishment,,,"Second floor, miracle mile, Sector 60, Gurugram, Haryana 122001, India",5,1,OPERATIONAL,https://maps.google.com/?cid=9052944805789356660&g_mp=Cilnb29nbGUubWFwcy5wbGFjZXMudjEuUGxhY2VzLlNlYXJjaE5lYXJieRACGAQgAA,ChIJza_UmnojDTkRdNJKGFaFon0
"M64, Adani Samsara",association_or_organization,service|association_or_organization|point_of_interest|establishment,,,"C32W+HCX, Sector 60, Gurugram, Haryana 122098, India",4.7,3,OPERATIONAL,https://maps.google.com/?cid=338427069733046699&g_mp=Cilnb29nbGUubWFwcy5wbGFjZXMudjEuUGxhY2VzLlNlYXJjaE5lYXJieRACGAQgAA,ChIJQ8npMwAjDTkRq4nQeaBVsgQ
M65 adani samsara,apartment_building,apartment_building|service|point_of_interest|establishment,,,"Adani Samsara, Sector 60, Gurugram, Haryana 122098, India",4,1,OPERATIONAL,https://maps.google.com/?cid=3835887837306279367&g_mp=Cilnb29nbGUubWFwcy5wbGFjZXMudjEuUGxhY2VzLlNlYXJjaE5lYXJieRACGAQgAA,ChIJo_YtRAAjDTkRx9XhJKrPOzU
Dr. Abhinav Vats (IR),medical_center,medical_center|hospital|health|service|point_of_interest|establishment,098186 06154,,"Adani Samsara, M-67, Golf course extension, Sector 60, Gurugram, Haryana 122098, India",,,OPERATIONAL,https://maps.google.com/?cid=15807389850148511868&g_mp=Cilnb29nbGUubWFwcy5wbGFjZXMudjEuUGxhY2VzLlNlYXJjaE5lYXJieRACGAQgAA,ChIJjW9NYLUjDTkRfKA3TFEhX9s
ROKIBUL,apartment_building,apartment_building|service|point_of_interest|establishment,,,"Ews-3, IREO SKYON, Sector 60, Gurugram, Haryana 122098, India",5,2,OPERATIONAL,https://maps.google.com/?cid=13900822188821549073&g_mp=Cilnb29nbGUubWFwcy5wbGFjZXMudjEuUGxhY2VzLlNlYXJjaE5lYXJieRACGAQgAA,ChIJifl84KojDTkREZCTiiGk6cA
Ireo Skyon - EWS Tower,apartment_complex,apartment_complex|service|point_of_interest|establishment,,,"C32W+HPH, Sector 60, Gurugram, Haryana 122102, India",4.2,30,OPERATIONAL,https://maps.google.com/?cid=13874790637541171496&g_mp=Cilnb29nbGUubWFwcy5wbGFjZXMudjEuUGxhY2VzLlNlYXJjaE5lYXJieRACGAQgAA,ChIJPXio22ojDTkRKKGOs5IojcA
W,park,park|point_of_interest|establishment,,,"C3M5+XGX, Huda Colony, Sector 46, Gurugram, Haryana 122098, India",,,OPERATIONAL,https://maps.google.com/?cid=16093735407870108468&g_mp=Cilnb29nbGUubWFwcy5wbGFjZXMudjEuUGxhY2VzLlNlYXJjaE5lYXJieRACGAQgAA,ChIJp_7KzbMjDTkRNGM5zxVvWN8
M73 Adani Samsara,apartment_complex,apartment_complex|service|point_of_interest|establishment,,,"Cluster_sohna 8 Building 1, M73, Adani Samsara, Sector 60, Gurugram, Haryana 122098, India",,,OPERATIONAL,https://maps.google.com/?cid=4767716167469929518&g_mp=Cilnb29nbGUubWFwcy5wbGFjZXMudjEuUGxhY2VzLlNlYXJjaE5lYXJieRACGAQgAA,ChIJjZn6eQAjDTkRLpTuB5hUKkI
Car Electricals Automobile,car_repair,car_wash|electrician|car_repair|service|point_of_interest|establishment,093198 50097,https://www.instagram.com/car_electricals_automobile?igsh=MWVmdjlnbjB4b3BmMw==,"Ch.Nandaram Marg, near Lemon Tree Hotel, Sector 60, Gurugram, Haryana 122102, India",4.9,63,OPERATIONAL,https://maps.google.com/?cid=3595171219418682985&g_mp=Cilnb29nbGUubWFwcy5wbGFjZXMudjEuUGxhY2VzLlNlYXJjaE5lYXJieRACGAQgAA,ChIJa6z1HrIjDTkRaZYoEC2d5DE
Adani samsara vilasa gate 2,condominium_complex,condominium_complex|service|point_of_interest|establishment,,,"Adani Samsara Vilasa, J 135, Sector 63, Gurugram, Haryana 122098, India",5,2,OPERATIONAL,https://maps.google.com/?cid=15386369770667184249&g_mp=Cilnb29nbGUubWFwcy5wbGFjZXMudjEuUGxhY2VzLlNlYXJjaE5lYXJieRACGAQgAA,ChIJsbBccgAjDTkReRBtM8ldh9U
Siddharth Kapur,association_or_organization,service|association_or_organization|point_of_interest|establishment,,,"Adani Samsara Vilasa, J-42, Sector 63, Gurugram, Haryana 122098, India",5,1,OPERATIONAL,https://maps.google.com/?cid=9205892979573928482&g_mp=Cilnb29nbGUubWFwcy5wbGFjZXMudjEuUGxhY2VzLlNlYXJjaE5lYXJieRACGAQgAA,ChIJx_xgPgAjDTkRIjLE1-PmwX8
Stallion Battery Point,,auto_parts_store|car_repair|store|service|point_of_interest|establishment,086071 28471,https://stallionbattery.in/,"near Lemon Tree Hotel, Sector 60, Gurugram, Haryana 122102, India",,,OPERATIONAL,https://maps.google.com/?cid=17549991200458993066&g_mp=Cilnb29nbGUubWFwcy5wbGFjZXMudjEuUGxhY2VzLlNlYXJjaE5lYXJieRACGAQgAA,ChIJpUZyaNEjDTkRqu2WUgMYjvM
Routes60,cafe,cafe|food|point_of_interest|establishment,,,"near Lemon Tree Hotel, near Club Hermis, Sector 60, Gurugram, Haryana 122102, India",5,3,OPERATIONAL,https://maps.google.com/?cid=14868976157781215530&g_mp=Cilnb29nbGUubWFwcy5wbGFjZXMudjEuUGxhY2VzLlNlYXJjaE5lYXJieRACGAQgAA,ChIJUZxuXDQjDTkRKklNSgk3Wc4
Online commerce pvt ltd,corporate_office,corporate_office|point_of_interest|establishment,,,"C32W+7GP, Sector 60, Gurugram, Haryana 122098, India",5,1,OPERATIONAL,https://maps.google.com/?cid=14093527155991313261&g_mp=Cilnb29nbGUubWFwcy5wbGFjZXMudjEuUGxhY2VzLlNlYXJjaE5lYXJieRACGAQgAA,ChIJlX_dMAAjDTkRbfsuFUdElsM
Association for Transgender Health in India (ATHI),association_or_organization,association_or_organization|point_of_interest|establishment,088609 44900,http://www.athionline.com/,"M56-B Basement, Samsara Society Golf course Extn. Road, Sector 60, Gurugram, Haryana 122098, India",5,2,OPERATIONAL,https://maps.google.com/?cid=7127978889377414222&g_mp=Cilnb29nbGUubWFwcy5wbGFjZXMudjEuUGxhY2VzLlNlYXJjaE5lYXJieRACGAQgAA,ChIJoQgzVnEDDTkRTvzSwwir62I
Ms puncture shop,car_repair,car_repair|service|point_of_interest|establishment,,,"Lemon Tree Hotel, Sector 60, Gurugram, Haryana 122098, India",5,4,OPERATIONAL,https://maps.google.com/?cid=6812456269318349223&g_mp=Cilnb29nbGUubWFwcy5wbGFjZXMudjEuUGxhY2VzLlNlYXJjaE5lYXJieRACGAQgAA,ChIJqQCJaAAjDTkRp2GaDOK0il4
Star Dance Company 🇮🇳,sports_school,sports_school|point_of_interest|establishment,095606 32514,https://www.instagram.com/stardanceco_india,"Ireo Nuresry school plot, opposite IREO SKYON, Sector 60, Gurugram, Haryana 122098, India",5,89,OPERATIONAL,https://maps.google.com/?cid=410513510762521&g_mp=Cilnb29nbGUubWFwcy5wbGFjZXMudjEuUGxhY2VzLlNlYXJjaE5lYXJieRACGAQgAA,ChIJeWG2MmojDTkRGQj8H1x1AQA
"Safari Kid - Sector 60, Global Preschool & Daycare in Gurugram",preschool,preschool|child_care_agency|school|educational_institution|service|point_of_interest|establishment,011 4116 9360,https://safarikidindia.com/best-preschool-and-daycare-near-me/pre-school-gurugram/global-preschool-and-day-care-in-sector-60,"Nursery Site 1, Golf Course Ext Rd, opposite IREO SKYON, Sector 60, Gurugram, Haryana 122098, India",4.8,53,OPERATIONAL,https://maps.google.com/?cid=5637232382111398557&g_mp=Cilnb29nbGUubWFwcy5wbGFjZXMudjEuUGxhY2VzLlNlYXJjaE5lYXJieRACGAQgAA,ChIJ3RnN4LgjDTkRnToU9Pt4O04
Samsara Arya,condominium_complex,condominium_complex|service|point_of_interest|establishment,1800 108 0009,https://www.adanirealty.com/residential-projects/gurugram/samsara-arya,"Sector 60, Gurugram, Haryana 122098, India",4,1,OPERATIONAL,https://maps.google.com/?cid=3384265184415395083&g_mp=Cilnb29nbGUubWFwcy5wbGFjZXMudjEuUGxhY2VzLlNlYXJjaE5lYXJieRACGAQgAA,ChIJS-d-XXEjDTkRCy3NLkFT9y4
Cool breeze air conditioner service,service,service|point_of_interest|establishment,,https://v0-new-project-zaiful2l2up-iyhus5.vercel.app/,"C33W+3R6, Ch.Nandaram Marg, Baharampur Naya, Sector 61, Gurugram, Haryana 122098, India",4,3,OPERATIONAL,https://maps.google.com/?cid=12134856794469605995&g_mp=Cilnb29nbGUubWFwcy5wbGFjZXMudjEuUGxhY2VzLlNlYXJjaE5lYXJieRACGAQgAA,ChIJpX3CIQAjDTkRa6KYGvarZ6g
The Online Kabadiwala,service,service|point_of_interest|establishment,,https://www.theonlinekabadiwala.com/,"C33w+3r6, Ch.Nandaram Marg, Baharampur Naya, Sector 61, Gurugram, Haryana 122098, India",5,4,OPERATIONAL,https://maps.google.com/?cid=13826142529696695987&g_mp=Cilnb29nbGUubWFwcy5wbGFjZXMudjEuUGxhY2VzLlNlYXJjaE5lYXJieRACGAQgAA,ChIJLwanpEsjDTkRswZ-cGBT4L8
EV Dock Charging Station,electric_vehicle_charging_station,electric_vehicle_charging_station|transportation_service|point_of_interest|establishment,,http://www.tritanev.com/,"Urban Complex, Ch.Nandaram Marg, Ullahawas, Sector 60, Gurugram, Haryana 122098, India",,,OPERATIONAL,https://maps.google.com/?cid=7830719374708455341&g_mp=Cilnb29nbGUubWFwcy5wbGFjZXMudjEuUGxhY2VzLlNlYXJjaE5lYXJieRACGAQgAA,ChIJhbL3XB4jDTkRrTdESchNrGw
Citrus Café by Lemon Tree,restaurant,restaurant|coffee_shop|western_restaurant|cafe|indian_restaurant|point_of_interest|food_store|store|food|establishment,0124 714 2323,https://www.lemontreehotels.com/lemon-tree-hotel/gurgaon/sector-60-gurugram?utm_source=Google&utm_medium=GMB,"Urban Complex, Sector 60, Gurugram, Haryana 122098, India",5,5,OPERATIONAL,https://maps.google.com/?cid=232604254659023634&g_mp=Cilnb29nbGUubWFwcy5wbGFjZXMudjEuUGxhY2VzLlNlYXJjaE5lYXJieRACGAQgAA,ChIJ8Tpc0IwjDTkREhMyVFZgOgM
Xcommerce.ai,,point_of_interest|establishment,087969 91207,https://xcommerce.ai/,"Unit No - 901 | 9th Floor |, Magnum Tower, 2 |, Sector 60, Gurugram, Haryana 122098, India",,,OPERATIONAL,https://maps.google.com/?cid=18416967263389499020&g_mp=Cilnb29nbGUubWFwcy5wbGFjZXMudjEuUGxhY2VzLlNlYXJjaE5lYXJieRACGAQgAA,ChIJ-fJ2KoUjDTkRjD5UFiY2lv8
"Lemon Tree Hotel, Sector 60 - Gurugram",hotel,hotel|banquet_hall|inn|swimming_pool|gym|buffet_restaurant|bar|sports_activity_location|health|event_venue|lodging|restaurant|point_of_interest|food|service|establishment,0124 714 2323,https://www.lemontreehotels.com/lemon-tree-hotel/gurgaon/sector-60-gurugram?utm_source=google&utm_medium=organic&utm_campaign=gmb_listing,"Urban Complex, Ch.Nandaram Marg, Ullahwas Village, Sector 60, Gurugram, Haryana 122098, India",4.1,6593,OPERATIONAL,https://maps.google.com/?cid=13375612412169268675&g_mp=Cilnb29nbGUubWFwcy5wbGFjZXMudjEuUGxhY2VzLlNlYXJjaE5lYXJieRACGAQgAA,ChIJ76KgAiEiDTkRw62nMJ-4n7k
The Knowledge Company,consultant,consultant|point_of_interest|service|establishment,0124 508 0100,https://tkc.in/,"5th Floor, BLOCK-A, Lemon Tree Corporate Park, Sector 60, Gurugram, Haryana 122011, India",5,1,OPERATIONAL,https://maps.google.com/?cid=14579385817675723858&g_mp=Cilnb29nbGUubWFwcy5wbGFjZXMudjEuUGxhY2VzLlNlYXJjaE5lYXJieRACGAQgAA,ChIJMSdxzQYjDTkRUvTtAShiVMo
Technopak Advisors Pvt. Ltd.,consultant,consultant|point_of_interest|service|establishment,0124 454 1111,http://www.technopak.com/,"5th Floor, BLOCK-A, Lemon Tree Corporate Park, Sector 60, Gurugram, Haryana 122011, India",4.1,61,OPERATIONAL,https://maps.google.com/?cid=17520532308515060065&g_mp=Cilnb29nbGUubWFwcy5wbGFjZXMudjEuUGxhY2VzLlNlYXJjaE5lYXJieRACGAQgAA,ChIJF93H6_ghDTkRYXnLjE5vJfM
Dukhiram Jana,restaurant,restaurant|point_of_interest|food|establishment,095990 63474,,"Tower-2, Lemon Tree Hotel, Sector 60 Ullawas ,Sec 60, Sector 60, Gurugram, Haryana 122098, India",5,2,CLOSED_TEMPORARILY,https://maps.google.com/?cid=70050173914764523&g_mp=Cilnb29nbGUubWFwcy5wbGFjZXMudjEuUGxhY2VzLlNlYXJjaE5lYXJieRACGAQgAA,ChIJOfs029YjDTkR69SkFEPe-AA
Balaji Services,lodging,lodging|point_of_interest|service|establishment,,,"Shop No. 6, Service Gate, near IREO SKYON, Sector 60, Gurugram, Haryana 122098, India",,,OPERATIONAL,https://maps.google.com/?cid=4082103351101403072&g_mp=Cilnb29nbGUubWFwcy5wbGFjZXMudjEuUGxhY2VzLlNlYXJjaE5lYXJieRACGAQgAA,ChIJsUfhMAAjDTkRwK_Usl6Lpjg
"Red Fox by Lemon Tree Hotels, Sector 60, Gurugram",hotel,hotel|inn|motel|guest_house|gym|sports_activity_location|health|event_venue|lodging|restaurant|point_of_interest|food|service|establishment,0124 715 1923,https://www.lemontreehotels.com/red-fox-hotel/gurugram/sec-60-gurugram?utm_source=google&utm_medium=organic&utm_campaign=gmb_listing,"Ullawas Dhani Rd, Urban Complex, Sector 60, Gurugram, Haryana 122098, India",4,1622,OPERATIONAL,https://maps.google.com/?cid=2672973105028403490&g_mp=Cilnb29nbGUubWFwcy5wbGFjZXMudjEuUGxhY2VzLlNlYXJjaE5lYXJieRACGAQgAA,ChIJfUhqA8YjDTkRIhFkg-BOGCU
Arvind Kumar Shukla,corporate_office,corporate_office|point_of_interest|establishment,,,"Lemon Tree Hotel, Sector 60, Gurugram, Haryana 122098, India",,,OPERATIONAL,https://maps.google.com/?cid=17596436132645047719&g_mp=Cilnb29nbGUubWFwcy5wbGFjZXMudjEuUGxhY2VzLlNlYXJjaE5lYXJieRACGAQgAA,ChIJve-5gF8jDTkRpw0ox24ZM_Q
Krk,park,park|point_of_interest|establishment,,,"Lemon Tree Hotel, Sector 60, Gurugram, Haryana 122098, India",,,OPERATIONAL,https://maps.google.com/?cid=5584038595556140863&g_mp=Cilnb29nbGUubWFwcy5wbGFjZXMudjEuUGxhY2VzLlNlYXJjaE5lYXJieRACGAQgAA,ChIJaRdJIAAjDTkRP-cxZIR9fk0
Uprising. Tennis Academy,sports_school,sports_school|point_of_interest|establishment,086308 09810,http://www.urtacademy.com/,"villege ullawas, opp, Skyon Rd, near Lemon Tree Hotel, Sector 60, Gurugram, Haryana 122098, India",4.8,24,OPERATIONAL,https://maps.google.com/?cid=1025832668332532209&g_mp=Cilnb29nbGUubWFwcy5wbGFjZXMudjEuUGxhY2VzLlNlYXJjaE5lYXJieRACGAQgAA,ChIJwYmcSxQjDTkR8aHzcmB9PA4
Faircent,finance,finance|point_of_interest|establishment,080100 52020,https://www.faircent.in/,"5th Floor, Lemon Tree Hotel, 5C & 5D, Sector 60, Gurugram, Haryana 122098, India",3.7,444,OPERATIONAL,https://maps.google.com/?cid=16822388779847099085&g_mp=Cilnb29nbGUubWFwcy5wbGFjZXMudjEuUGxhY2VzLlNlYXJjaE5lYXJieRACGAQgAA,ChIJpXPTMNsYDTkRzaJNaHchdek
UNBOUND MEETINGS AND INCENTIVES PRIVATE LIMITED,,point_of_interest|establishment,,,"5D, Block A, 5th Floor Lemon Tree Corporate Park, Sector 60, Gurugram, Haryana 122098, India",5,2,CLOSED_TEMPORARILY,https://maps.google.com/?cid=14394992815193402267&g_mp=Cilnb29nbGUubWFwcy5wbGFjZXMudjEuUGxhY2VzLlNlYXJjaE5lYXJieRACGAQgAA,ChIJcUJWHrcjDTkRmyvnjbJJxcc
Clever Fox Café by Lemon Tree,restaurant,restaurant|fine_dining_restaurant|fast_food_restaurant|family_restaurant|cafe|south_indian_restaurant|buffet_restaurant|indian_restaurant|point_of_interest|food|establishment,0124 715 1923,https://www.lemontreehotels.com/red-fox-hotel/gurgaon/sector-60-gurugram/restaurants.aspx,"Lobby Level, Urban Complex, Ullawas Dhani Road, Sector 60, Gurugram, Haryana 122098, India",5,5,OPERATIONAL,https://maps.google.com/?cid=10080926562697531717&g_mp=Cilnb29nbGUubWFwcy5wbGFjZXMudjEuUGxhY2VzLlNlYXJjaE5lYXJieRACGAQgAA,ChIJ64j-b8ojDTkRRdFiOEyl5os
Scapes Co-Work,coworking_space,coworking_space|corporate_office|point_of_interest|establishment,070422 22715,,"Unit No. 5D, Block A, 5th Floor, Convention Center Lemon Tree Corporate Park, Ullawas Dhani Rd, Sector 60, Gurugram, Haryana 122098, India",3.3,3,OPERATIONAL,https://maps.google.com/?cid=11312642483036811526&g_mp=Cilnb29nbGUubWFwcy5wbGFjZXMudjEuUGxhY2VzLlNlYXJjaE5lYXJieRACGAQgAA,ChIJLw93GoYjDTkRBvFmwGaU_pw
Prithu Homes,apartment_building,apartment_building|point_of_interest|service|establishment,,,"Gaushala Market, behind Lemon Tree Hotel, near IREO SKYON, Society, Sector 60, Gurugram, Haryana 122098, India",,,OPERATIONAL,https://maps.google.com/?cid=1833914776196550861&g_mp=Cilnb29nbGUubWFwcy5wbGFjZXMudjEuUGxhY2VzLlNlYXJjaE5lYXJieRACGAQgAA,ChIJWxZCZwAjDTkRzRCJv8Vfcxk
Doosan Power Systems India Pvt. Ltd.,corporate_office,corporate_office|point_of_interest|establishment,0124 439 8200,,"4th Floor, Block A, Lemon Tree Hotel Complex, Village Ullahwas, Urban Complex, Golf Course Ext Rd, Sector 60, Gurugram, Haryana 122098, India",4.8,12,OPERATIONAL,https://maps.google.com/?cid=11883190392822193106&g_mp=Cilnb29nbGUubWFwcy5wbGFjZXMudjEuUGxhY2VzLlNlYXJjaE5lYXJieRACGAQgAA,ChIJV2sDpQcjDTkR0luA0rOS6aQ
Konetto,pizza_restaurant,pizza_restaurant|restaurant|point_of_interest|food|establishment,,http://konettoindia.com/,"Sector 60, Gurugram, Haryana 122098, India",4.7,30,CLOSED_TEMPORARILY,https://maps.google.com/?cid=16978384489182344498&g_mp=Cilnb29nbGUubWFwcy5wbGFjZXMudjEuUGxhY2VzLlNlYXJjaE5lYXJieRACGAQgAA,ChIJq6qqWiEiDTkRMjW30bxWn-s
Lemon Tree Convention Centre,banquet_hall,banquet_hall|bed_and_breakfast|inn|motel|guest_house|hotel|cottage|event_venue|lodging|restaurant|point_of_interest|food|service|establishment,0124 714 2323,https://www.lemontreehotels.com/lemon-tree-hotel/gurgaon/sector-60-gurugram/meeting-event?utm_source=Google&utm_medium=GMB,"Lemon Tree Hotel, Sector 60, Gurugram, Haryana 122098, India",4.3,160,OPERATIONAL,https://maps.google.com/?cid=8637699012027097970&g_mp=Cilnb29nbGUubWFwcy5wbGFjZXMudjEuUGxhY2VzLlNlYXJjaE5lYXJieRACGAQgAA,ChIJO4vBlDMjDTkRciOeqHxF33c
ambawata empire,housing_complex,housing_complex|point_of_interest|service|establishment,,,"C33M+F7X, Sector 62, Gurugram, Haryana 122098, India",5,5,OPERATIONAL,https://maps.google.com/?cid=11039278639415085397&g_mp=Cilnb29nbGUubWFwcy5wbGFjZXMudjEuUGxhY2VzLlNlYXJjaE5lYXJieRACGAQgAA,ChIJq-Mly_MjDTkRVcnkFm9lM5k
Academy of Canine,service,dog_park|pet_boarding_service|pet_care|park|point_of_interest|service|establishment,079822 24982,,"Kila-18 nangli umarpur, Ullawas Dhani Rd, near Swastik hospital, Sector 62, Gurugram, Haryana 122098, India",4.7,72,OPERATIONAL,https://maps.google.com/?cid=488826907224548251&g_mp=Cilnb29nbGUubWFwcy5wbGFjZXMudjEuUGxhY2VzLlNlYXJjaE5lYXJieRACGAQgAA,ChIJ5W5JwO8jDTkRm6PFcXupyAY
DAKSH GUJJAR FARMHOUSE,farm,farm|point_of_interest|service|establishment,,,"C34J+4X7, Sector 62, Nangli Umarpur, Gurugram, Haryana 122098, India",5,3,CLOSED_TEMPORARILY,https://maps.google.com/?cid=15619265409189785435&g_mp=Cilnb29nbGUubWFwcy5wbGFjZXMudjEuUGxhY2VzLlNlYXJjaE5lYXJieRACGAQgAA,ChIJMW6ICJgjDTkRW69NnyLHwtg
Aman Yadav,association_or_organization,association_or_organization|point_of_interest|service|establishment,,,"C34J+5QM, Sector 62, Nangli Umarpur, Gurugram, Haryana 122098, India",,,OPERATIONAL,https://maps.google.com/?cid=2539064676025686741&g_mp=Cilnb29nbGUubWFwcy5wbGFjZXMudjEuUGxhY2VzLlNlYXJjaE5lYXJieRACGAQgAA,ChIJzyQMOAAjDTkR1dpAzN6RPCM
Md Steel,point_of_interest,point_of_interest|establishment,,,"C33M+56P, Ullawas Dhani Rd, Sector 62, Gurugram, Haryana 122098, India",,,CLOSED_TEMPORARILY,https://maps.google.com/?cid=18284186525604378520&g_mp=Cilnb29nbGUubWFwcy5wbGFjZXMudjEuUGxhY2VzLlNlYXJjaE5lYXJieRACGAQgAA,ChIJ5ThNmxojDTkRmPehccV6vv0
JD Cabs,taxi_service,taxi_service|transportation_service|point_of_interest|service|establishment,098103 59602,http://jdtourandtravels.nowfloats.com/,"Ballu bhavan, Nangli Umarpur Rd, Ullawas village, Sector 62, Gurugram, Haryana 122098, India",4.9,23,CLOSED_TEMPORARILY,https://maps.google.com/?cid=14266661778646748511&g_mp=Cilnb29nbGUubWFwcy5wbGFjZXMudjEuUGxhY2VzLlNlYXJjaE5lYXJieRACGAQgAA,ChIJlcrVpvUjDTkRX83htkxd_cU
Jaan cab service,taxi_service,taxi_service|transportation_service|point_of_interest|service|establishment,099911 16649,,"Sector 62, Gurugram, Nangli Umarpur, Haryana 122011, India",5,5,OPERATIONAL,https://maps.google.com/?cid=94055746008841720&g_mp=Cilnb29nbGUubWFwcy5wbGFjZXMudjEuUGxhY2VzLlNlYXJjaE5lYXJieRACGAQgAA,ChIJUcV4BrcjDTkR-P3w4TMnTgE
AMS Interior,general_contractor,point_of_interest|general_contractor|service|establishment,,,"C33M+56P, Ullawas Dhani Rd, Sector 62, Gurugram, Haryana 122098, India",4.8,12,OPERATIONAL,https://maps.google.com/?cid=15431241078580954368&g_mp=Cilnb29nbGUubWFwcy5wbGFjZXMudjEuUGxhY2VzLlNlYXJjaE5lYXJieRACGAQgAA,ChIJGfCYtrQjDTkRAMU7tADIJtY
My Home,service,point_of_interest|service|establishment,,,"C34J+5PC, Sector 62, Kohand, Gurugram, Haryana 122098, India",5,1,OPERATIONAL,https://maps.google.com/?cid=14315358147993178835&g_mp=Cilnb29nbGUubWFwcy5wbGFjZXMudjEuUGxhY2VzLlNlYXJjaE5lYXJieRACGAQgAA,ChIJZXnaaAAjDTkR05Kgu2NeqsY
Sukhpal nursery,park,park|point_of_interest|establishment,,,"C32M+X2J, Ullawas Dhani Rd, Sector 62, Gurugram, Nangli Umarpur, Haryana 122098, India",5,2,OPERATIONAL,https://maps.google.com/?cid=6175768875786198873&g_mp=Cilnb29nbGUubWFwcy5wbGFjZXMudjEuUGxhY2VzLlNlYXJjaE5lYXJieRACGAQgAA,ChIJRR90HkUjDTkRWV8maBK9tFU
Emaar Digi Homes,general_contractor,point_of_interest|general_contractor|service|establishment,1800 103 3643,https://in.emaar.com/en/properties/emaar-digihomes/,"C33P+RQ6, Golf Course Ext Rd, Sector 62, Gurugram, Haryana 122098, India",4.3,480,OPERATIONAL,https://maps.google.com/?cid=977080554303676374&g_mp=Cilnb29nbGUubWFwcy5wbGFjZXMudjEuUGxhY2VzLlNlYXJjaE5lYXJieRACGAQgAA,ChIJT8K5OhsiDTkR1l82XJZJjw0
Paremraj,general_store,general_store|food_store|food|point_of_interest|store|establishment,,,"Paremraj Kirana Jmd, Sector 62, Gurugram, Haryana 122098, India",,,OPERATIONAL,https://maps.google.com/?cid=7192868478963778071&g_mp=Cilnb29nbGUubWFwcy5wbGFjZXMudjEuUGxhY2VzLlNlYXJjaE5lYXJieRACGAQgAA,ChIJ76n28UojDTkRF4K9rMUz0mM
RK Tours And Travels,tour_agency,tour_agency|travel_agency|point_of_interest|service|establishment,097175 53233,,"RK TOURS AND TRAVELS, Sector 62, Gurugram, Haryana 122098, India",5,1,OPERATIONAL,https://maps.google.com/?cid=7888087878193726272&g_mp=Cilnb29nbGUubWFwcy5wbGFjZXMudjEuUGxhY2VzLlNlYXJjaE5lYXJieRACGAQgAA,ChIJj0TlWBMjDTkRQEPN4CEeeG0
DG homes,condominium_complex,condominium_complex|point_of_interest|service|establishment,,,"C33P+G38, Emaar Digihomes Rd, Sector 62, Gurugram, Nangli Umarpur, Haryana 122098, India",4.4,10,OPERATIONAL,https://maps.google.com/?cid=17145809976359035017&g_mp=Cilnb29nbGUubWFwcy5wbGFjZXMudjEuUGxhY2VzLlNlYXJjaE5lYXJieRACGAQgAA,ChIJgWJSLQAjDTkRiaA6w1Qn8u0
EON 7 Builder floors in Emmar Hills sec 62,association_or_organization,association_or_organization|point_of_interest|service|establishment,,http://buygurgaonproperty.com/,"C33J+W9G, Sector 62, Nangli Umarpur, Gurugram, Haryana 122098, India",5,3,OPERATIONAL,https://maps.google.com/?cid=8490636650107118780&g_mp=Cilnb29nbGUubWFwcy5wbGFjZXMudjEuUGxhY2VzLlNlYXJjaE5lYXJieRACGAQgAA,ChIJSa_3bwAjDTkRvCSMRgzN1HU
Sakshi clinic,medical_clinic,medical_clinic|health|point_of_interest|establishment,,,"C34M+HCV, Sector 62, Gurugram, Nangli Umarpur, Haryana 122098, India",,,OPERATIONAL,https://maps.google.com/?cid=10926321260823464073&g_mp=Cilnb29nbGUubWFwcy5wbGFjZXMudjEuUGxhY2VzLlNlYXJjaE5lYXJieRACGAQgAA,ChIJpe2xNwAjDTkRiUgu7UsXopc
Baisla complex,real_estate_agency,real_estate_agency|point_of_interest|service|establishment,,,"Main, road 1, behind Aipl Business Club, Medawas, Sector 62, Gurugram, Nangli Umarpur, Haryana 122098, India",5,2,OPERATIONAL,https://maps.google.com/?cid=18098120368803210885&g_mp=Cilnb29nbGUubWFwcy5wbGFjZXMudjEuUGxhY2VzLlNlYXJjaE5lYXJieRACGAQgAA,ChIJF9OVGAAjDTkRhebGZJZwKfs
Chromecraft Furnishers,manufacturer,manufacturer|point_of_interest|establishment,098183 30844,https://www.chromecraft.com/,"Chromecraft Furnishers, behind AIPL business park, Sector 62, Gurugram, Haryana 122098, India",5,10,OPERATIONAL,https://maps.google.com/?cid=3726727775670758277&g_mp=Cilnb29nbGUubWFwcy5wbGFjZXMudjEuUGxhY2VzLlNlYXJjaE5lYXJieRACGAQgAA,ChIJPZIvVMAjDTkRhetvuyr_tzM
EON7 sales gallery,service,point_of_interest|service|establishment,,,"C33J+X9R, Sector 62, Gurugram, Nangli Umarpur, Haryana 122098, India",5,1,OPERATIONAL,https://maps.google.com/?cid=15391869010278635335&g_mp=Cilnb29nbGUubWFwcy5wbGFjZXMudjEuUGxhY2VzLlNlYXJjaE5lYXJieRACGAQgAA,ChIJJUpDKgAjDTkRR1cAs1DnmtU
EON 7 Sales Gallery,service,point_of_interest|service|establishment,,,"C33J+X9R, Sector 62, Gurugram, Haryana 122098, India",4.7,59,OPERATIONAL,https://maps.google.com/?cid=10450115387580178773&g_mp=Cilnb29nbGUubWFwcy5wbGFjZXMudjEuUGxhY2VzLlNlYXJjaE5lYXJieRACGAQgAA,ChIJm6euPwAjDTkRVWGP8pNEBpE
Residence home,apartment_building,apartment_building|service|point_of_interest|establishment,,,"C33P+RQ6, Sector 62, Gurugram, Haryana 122098, India",,,OPERATIONAL,https://maps.google.com/?cid=4035250614533673174&g_mp=Cilnb29nbGUubWFwcy5wbGFjZXMudjEuUGxhY2VzLlNlYXJjaE5lYXJieRACGAQgAA,ChIJJX0ZJgAjDTkR1tD04g0XADg
Tower B Emaar Digi Homes,apartment_building,apartment_building|service|point_of_interest|establishment,,,"C33P+JGG, Emaar Digihomes Rd, Sector 62, Gurugram, Nangli Umarpur, Haryana 122098, India",5,1,OPERATIONAL,https://maps.google.com/?cid=12601541279480406778&g_mp=Cilnb29nbGUubWFwcy5wbGFjZXMudjEuUGxhY2VzLlNlYXJjaE5lYXJieRACGAQgAA,ChIJw2DkXwAjDTkR-uLZIQer4a4
Chaudhary Roopchand Ambawata Farm House,association_or_organization,association_or_organization|point_of_interest|establishment,,,"C34P+494, Sector 62, Gurugram, Haryana 122098, India",5,1,OPERATIONAL,https://maps.google.com/?cid=7596735117388935833&g_mp=Cilnb29nbGUubWFwcy5wbGFjZXMudjEuUGxhY2VzLlNlYXJjaE5lYXJieRACGAQgAA,ChIJm3SkWQAjDTkRmfKzDFcGbWk
Cleangrid Energy Private Limited,corporate_office,corporate_office|point_of_interest|establishment,,,"Pioneer Urban Square, Sector 62, Nangli Umarpur, Gurugram, Haryana 122098, India",,,OPERATIONAL,https://maps.google.com/?cid=17365702455617127562&g_mp=Cilnb29nbGUubWFwcy5wbGFjZXMudjEuUGxhY2VzLlNlYXJjaE5lYXJieRACGAQgAA,ChIJi14zFwAjDTkRigQwPmBe__A
Chi Hi Tech,corporate_office,corporate_office|point_of_interest|establishment,,,"407, Fourth Floor, Tower-B, Pioneer Urban Square, Sector 62, Gurugram, Ghata, Haryana 122098, India",,,OPERATIONAL,https://maps.google.com/?cid=6006035708248195173&g_mp=Cilnb29nbGUubWFwcy5wbGFjZXMudjEuUGxhY2VzLlNlYXJjaE5lYXJieRACGAQgAA,ChIJSSPqTQAjDTkRZQBywqe5WVM
Fractional (A JALAJ719 Consultants Firm),consultant,consultant|service|point_of_interest|establishment,,http://fractional.company/,"C106, First Floor, Tower C, Urban Square, Pioneer Urban Square, by, Golf Course Ext Rd, Sector 62, Gurugram, Haryana 122001, India",,,OPERATIONAL,https://maps.google.com/?cid=16911819498751317880&g_mp=Cilnb29nbGUubWFwcy5wbGFjZXMudjEuUGxhY2VzLlNlYXJjaE5lYXJieRACGAQgAA,ChIJAQBw0GEYDTkReNeYQDvasuo
Townhouse Oak Sector 62 Paras Trinity,lodging,lodging|point_of_interest|establishment,,https://www.us.despegar.com/hotels/h-7137165,"Sector 62, Gurugram, Haryana 122098, India",,,OPERATIONAL,https://maps.google.com/?cid=4157722958773624838&g_mp=Cilnb29nbGUubWFwcy5wbGFjZXMudjEuUGxhY2VzLlNlYXJjaE5lYXJieRACGAQgAA,ChIJcwOhOxYiDTkRBiAwoAAzszk
Ch harkishan farmhouse,park,park|point_of_interest|establishment,,,"5, Sector 62, Gurugram, Nangli Umarpur, Haryana 122098, India",5,1,OPERATIONAL,https://maps.google.com/?cid=5993042523933502759&g_mp=Cilnb29nbGUubWFwcy5wbGFjZXMudjEuUGxhY2VzLlNlYXJjaE5lYXJieRACGAQgAA,ChIJzfq7bQAjDTkRJ-3dSmyQK1M
"Santu Jana, Goli, Haryana, Gurgaon",storage,storage|point_of_interest|establishment,,,"Samrat Naagbhatt, Sector 10 Main Rd, Sector 62, Gurugram, Nangli Umarpur, Haryana 122098, India",4,4,OPERATIONAL,https://maps.google.com/?cid=13244659478736950199&g_mp=Cilnb29nbGUubWFwcy5wbGFjZXMudjEuUGxhY2VzLlNlYXJjaE5lYXJieRACGAQgAA,ChIJG97cTgAjDTkRt1MgaZ97zrc
Cric&pick,sports_complex,sports_complex|sports_activity_location|point_of_interest|establishment,076784 15846,,"Sector 62, Gurugram, Haryana 122022, India",4.8,28,OPERATIONAL,https://maps.google.com/?cid=15337468985502815111&g_mp=Cilnb29nbGUubWFwcy5wbGFjZXMudjEuUGxhY2VzLlNlYXJjaE5lYXJieRACGAQgAA,ChIJec4pQaAjDTkRh1N36sei2dQ
Shakshi Shuttering Store,service,service|point_of_interest|establishment,099998 64807,,"Near, housing board EWS, opposite Emaar tower, Ullahawas, Sector 62, Gurugram, Haryana 122098, India",5,2,OPERATIONAL,https://maps.google.com/?cid=11979524484521502360&g_mp=Cilnb29nbGUubWFwcy5wbGFjZXMudjEuUGxhY2VzLlNlYXJjaE5lYXJieRACGAQgAA,ChIJGxqvD30jDTkRmKb_ZQzSP6Y
Agarwal Packers And Movers Gurgaon,moving_company,moving_company|shipping_service|storage|service|transportation_service|point_of_interest|establishment,076656 78702,http://www.agarwaldomestic.com/,"Shop No 03, Sector 62, Gurugram, Haryana 122098, India",,,OPERATIONAL,https://maps.google.com/?cid=2835080827970287817&g_mp=Cilnb29nbGUubWFwcy5wbGFjZXMudjEuUGxhY2VzLlNlYXJjaE5lYXJieRACGAQgAA,ChIJDwg1SEEjDTkRyXiw_P06WCc
AP's Home,apartment_building,apartment_building|service|point_of_interest|establishment,,,"C33P+64V, Emaar Digihomes Rd, Sector 62, Gurugram, Nangli Umarpur, Haryana 122098, India",1,1,OPERATIONAL,https://maps.google.com/?cid=2228595702742937175&g_mp=Cilnb29nbGUubWFwcy5wbGFjZXMudjEuUGxhY2VzLlNlYXJjaE5lYXJieRACGAQgAA,ChIJG2EQUAAjDTkRV2706fuP7R4
"TowerA, Emaar Digi Homes",apartment_building,apartment_building|service|point_of_interest|establishment,,,"Emaar Digi Homes, Golf Course Extention Road, Sector 62, VTC: Nangli Umarpur(82), PO:, District:, Sector 62, Gurugram, Haryana 122098, India",3.7,3,OPERATIONAL,https://maps.google.com/?cid=14629810124653370081&g_mp=Cilnb29nbGUubWFwcy5wbGFjZXMudjEuUGxhY2VzLlNlYXJjaE5lYXJieRACGAQgAA,ChIJoYf0NgAjDTkR4Zpg28uGB8s
FlxHome LUXE 2,lodging,lodging|service|point_of_interest|establishment,093543 69292,https://flxho.in/,"Emaar Digihomes, B 102, Golf Course Extension Road, next to AIPL Business Club, Sector 62, Gurugram, Haryana 122098, India",5,1,OPERATIONAL,https://maps.google.com/?cid=5929844305251308646&g_mp=Cilnb29nbGUubWFwcy5wbGFjZXMudjEuUGxhY2VzLlNlYXJjaE5lYXJieRACGAQgAA,ChIJde63W-0jDTkRZpTgW_oJS1I
FlxHo LUXE 1,lodging,lodging|service|point_of_interest|establishment,093543 69292,https://flxho.in/,"Emaar DigiHomes, C - 303, Golf Course Extn Road, near AIPL Business Club, Sector 62, Gurugram, Haryana 122098, India",4.8,9,OPERATIONAL,https://maps.google.com/?cid=9145266804581605216&g_mp=Cilnb29nbGUubWFwcy5wbGFjZXMudjEuUGxhY2VzLlNlYXJjaE5lYXJieRACGAQgAA,ChIJybgVuNsjDTkRYB9Cf7SD6n4
"On q Ultrasound and MRI,CT scan",medical_center,medical_center|hospital|health|service|point_of_interest|establishment,,,"C33Q+WW9, Sector 62, Gurugram, Haryana 122098, India",,,OPERATIONAL,https://maps.google.com/?cid=9720756871953026907&g_mp=Cilnb29nbGUubWFwcy5wbGFjZXMudjEuUGxhY2VzLlNlYXJjaE5lYXJieRACGAQgAA,ChIJBS5BVzIjDTkRW4-yTN8Q54Y
Excellence Gymnastics Private limited,gym,sports_complex|gym|sports_school|sports_activity_location|health|point_of_interest|establishment,099994 54880,http://www.excellencegymnastics.com/,"15/6& 15/8, near HBR CHOWK, Sector 62, Gurugram, Haryana 122098, India",4.7,141,OPERATIONAL,https://maps.google.com/?cid=14600745246173153198&g_mp=Cilnb29nbGUubWFwcy5wbGFjZXMudjEuUGxhY2VzLlNlYXJjaE5lYXJieRACGAQgAA,ChIJucVt6HQiDTkRrscffnFEoMo
Mobina Automobiles & Car Accessories,car_repair,car_repair|service|point_of_interest|establishment,099905 35083,,"SHOP NO. 3, VILLAGE, Ullawas Dhani Rd, behind HARI SINGH COMPLEX, near HBR CHOWK, Sector 62, Gurugram, Haryana 122102, India",4.6,34,OPERATIONAL,https://maps.google.com/?cid=16829857074184998147&g_mp=Cilnb29nbGUubWFwcy5wbGFjZXMudjEuUGxhY2VzLlNlYXJjaE5lYXJieRACGAQgAA,ChIJwwur07oYDTkRA01kL9epj-k
Vinod sharma,hindu_temple,hindu_temple|place_of_worship|association_or_organization|point_of_interest|establishment,,,"C33R+Q4J, Samrat Naagbhatt Gurjar Rd, Sector 62, Gurugram, Haryana 122098, India",5,2,OPERATIONAL,https://maps.google.com/?cid=12179726949084427958&g_mp=Cilnb29nbGUubWFwcy5wbGFjZXMudjEuUGxhY2VzLlNlYXJjaE5lYXJieRACGAQgAA,ChIJ-TzHJ18jDTkRtvZtFSEVB6k
Gourmet Gathering Catering,catering_service,catering_service|food_delivery|service|food|point_of_interest|establishment,,,"Shop 22, Sarpanch Market, Ullawas Dhani Rd, Sector 62, Gurugram, Haryana 122098, India",5,29,OPERATIONAL,https://maps.google.com/?cid=399888227294757316&g_mp=Cilnb29nbGUubWFwcy5wbGFjZXMudjEuUGxhY2VzLlNlYXJjaE5lYXJieRACGAQgAA,ChIJY_w9d5YjDTkRxMHDWTmwjAU
Fenesta Windows – uPVC Windows & Doors Showroom | Abode Decors Studio,,point_of_interest|establishment,088609 66665,https://www.fenesta.com/locate-us/partner-showroom-abode-decors-studio-private-limited-gurgaon-haryana?utm_source=gmb&utm_medium=google&utm_campaign=seo-local,"Shop no. 7, Lower Ground Floor, Hari Singh Complex, Plot no. 103, HBR Chowk, Sector 62, Gurugram, Haryana 122098, India",5,2,OPERATIONAL,https://maps.google.com/?cid=12615095873437477428&g_mp=Cilnb29nbGUubWFwcy5wbGFjZXMudjEuUGxhY2VzLlNlYXJjaE5lYXJieRACGAQgAA,ChIJE9cziw4jDTkRNKq899vSEa8
The Woodcrafters,general_contractor,general_contractor|service|point_of_interest|establishment,098184 62493,http://thewoodcrafters.in/,"Shop no.3, village ullawas, sector-62, near HBR chowk, Sector 62, Gurugram, Haryana 122098, India",4.6,7,OPERATIONAL,https://maps.google.com/?cid=7078826047306679421&g_mp=Cilnb29nbGUubWFwcy5wbGFjZXMudjEuUGxhY2VzLlNlYXJjaE5lYXJieRACGAQgAA,ChIJacPg2YkjDTkRfUR_6MgKPWI
Canine Conditioning,service,pet_care|service|point_of_interest|establishment,098997 20902,,"Canine Conditioning, Ullawas Dhani Rd, Sector 62, Gurugram, Haryana 122098, India",4.5,22,OPERATIONAL,https://maps.google.com/?cid=13346393084363488184&g_mp=Cilnb29nbGUubWFwcy5wbGFjZXMudjEuUGxhY2VzLlNlYXJjaE5lYXJieRACGAQgAA,ChIJ0SUU3SsjDTkRuDs3SszpN7k
Paws & Perks,dog_park,dog_park|park|point_of_interest|establishment,,,"Ullawas Dhani Rd, Paws&Perks, Sector 62, Gurugram, Haryana 122098, India",5,3,OPERATIONAL,https://maps.google.com/?cid=15165371008155914375&g_mp=Cilnb29nbGUubWFwcy5wbGFjZXMudjEuUGxhY2VzLlNlYXJjaE5lYXJieRACGAQgAA,ChIJDw_yRnUjDTkRhxAkFJU4dtI
SHP Life Sciences Pvt. Ltd.,manufacturer,health|manufacturer|point_of_interest|establishment,098188 79040,http://shplifesciences.com/,"shop no. 2&3 sarpanch market ullawas, Sector 62, Gurugram, Haryana 122098, India",3,2,OPERATIONAL,https://maps.google.com/?cid=17964154742241513749&g_mp=Cilnb29nbGUubWFwcy5wbGFjZXMudjEuUGxhY2VzLlNlYXJjaE5lYXJieRACGAQgAA,ChIJIfViUz0iDTkRFVF0VY9_Tfk
DTDC DOMESTIC AND INTERNATIONAL COURIER SERVICE,courier_service,courier_service|shipping_service|service|point_of_interest|establishment,081787 71253,http://www.dtdc.in/,"HBR CHOWK, Shop No. 49, Dharam Sarpanch Market, CRPF Rd, Sector 62, Gurugram, Haryana 122098, India",4,26,OPERATIONAL,https://maps.google.com/?cid=17744528993065416827&g_mp=Cilnb29nbGUubWFwcy5wbGFjZXMudjEuUGxhY2VzLlNlYXJjaE5lYXJieRACGAQgAA,ChIJVREaAdcjDTkRe7hIyho7QfY
FreshMenu,restaurant,restaurant|food|point_of_interest|establishment,,https://www.freshmenu.com/gurgaon,"C34R+53J FreshMenu, Baharampur Naya, Sector 62, Gurugram, Haryana 122098, India",1.6,11,OPERATIONAL,https://maps.google.com/?cid=4290103085048898037&g_mp=Cilnb29nbGUubWFwcy5wbGFjZXMudjEuUGxhY2VzLlNlYXJjaE5lYXJieRACGAQgAA,ChIJA_8KUhojDTkR9aElogaCiTs
The Hunar Hub,educational_institution,educational_institution|point_of_interest|establishment,078270 68479,https://www.thehunarhub.com/en,"The Hunar Hub Institute, HBR Chowk, Baharampur Naya, Sector 62, Gurugram, Haryana 122098, India",5,7,OPERATIONAL,https://maps.google.com/?cid=12404093576172507803&g_mp=Cilnb29nbGUubWFwcy5wbGFjZXMudjEuUGxhY2VzLlNlYXJjaE5lYXJieRACGAQgAA,ChIJ0ZN1agAjDTkRm5J3SGMxJKw
Raghunath Ventures,supplier,supplier|point_of_interest|establishment,070423 72588,,"Shop No 3 Siriya Sarpanch Market HBR Chowk, Ullawas Dhani Rd, Sector 62, Gurugram, Haryana 122098, India",4.7,7,CLOSED_TEMPORARILY,https://maps.google.com/?cid=7846113442175572968&g_mp=Cilnb29nbGUubWFwcy5wbGFjZXMudjEuUGxhY2VzLlNlYXJjaE5lYXJieRACGAQgAA,ChIJXXIsqiMjDTkR6NtK7Jr-4mw
Aspran india,service,service|point_of_interest|establishment,080 4580 1908,http://www.aspranindia.com/,"C33R+R9X, Sector 62, Gurugram, Haryana 122098, India",5,2,OPERATIONAL,https://maps.google.com/?cid=11197714204484273240&g_mp=Cilnb29nbGUubWFwcy5wbGFjZXMudjEuUGxhY2VzLlNlYXJjaE5lYXJieRACGAQgAA,ChIJnwTRBFwjDTkRWIShrr1FZps
Yadav Taxi Service Sector 62 Gurgaon Haryana,taxi_service,taxi_service|transportation_service|service|point_of_interest|establishment,093155 87944,,"Shreya Surpanch Market, Sector 62, Gurugram, Haryana 122005, India",5,2,OPERATIONAL,https://maps.google.com/?cid=17286969793791877087&g_mp=Cilnb29nbGUubWFwcy5wbGFjZXMudjEuUGxhY2VzLlNlYXJjaE5lYXJieRACGAQgAA,ChIJE4pE3wYjDTkR31_f6W-n5-8
Pivotal Paradise Tower 7,apartment_building,apartment_building|service|point_of_interest|establishment,,https://www.pivotalgroup.in/paradise/,"C34Q+5HQ, Golf Course Ext Rd, Sector 62, Gurugram, Haryana 122098, India",3.7,3,OPERATIONAL,https://maps.google.com/?cid=9615416963652725066&g_mp=Cilnb29nbGUubWFwcy5wbGFjZXMudjEuUGxhY2VzLlNlYXJjaE5lYXJieRACGAQgAA,ChIJkWhlOgAjDTkRSinJpcjScIU
Anar Chand,apartment_complex,apartment_complex|service|point_of_interest|establishment,,,"C34Q+4FP, Golf Course Ext Rd, Sector 62, Gurugram, Haryana 122098, India",,,OPERATIONAL,https://maps.google.com/?cid=11354709013323495009&g_mp=Cilnb29nbGUubWFwcy5wbGFjZXMudjEuUGxhY2VzLlNlYXJjaE5lYXJieRACGAQgAA,ChIJKcgCagAjDTkRYbYSE7AHlJ0
Bharat UPVC & Glass,building_materials_store,building_materials_store|store|point_of_interest|establishment,,,"Ullabad, Sector 62, Gurugram, Haryana 122102, India",5,3,OPERATIONAL,https://maps.google.com/?cid=5802002622218515415&g_mp=Cilnb29nbGUubWFwcy5wbGFjZXMudjEuUGxhY2VzLlNlYXJjaE5lYXJieRACGAQgAA,ChIJyfsG5E4jDTkR1zM4A6XahFA
Parisian Kitchen,bakery,bakery|food_store|store|food|point_of_interest|establishment,,http://www.parisian.in/,"Killa No -9, Sapanch Market, Ullahawas, Badshahpur, Sector 61, Gurugram, Haryana 122102, India",5,2,OPERATIONAL,https://maps.google.com/?cid=1950893503076926883&g_mp=Cilnb29nbGUubWFwcy5wbGFjZXMudjEuUGxhY2VzLlNlYXJjaE5lYXJieRACGAQgAA,ChIJVQXYfgAjDTkRo4WEBU73Ehs
RAGHU STORE,home_goods_store,home_goods_store|store|point_of_interest|establishment,081305 70017,,"CRPF Rd, Baharampur Naya, Sector 61, Gurugram, Haryana 122098, India",5,9,OPERATIONAL,https://maps.google.com/?cid=3260135717705177138&g_mp=Cilnb29nbGUubWFwcy5wbGFjZXMudjEuUGxhY2VzLlNlYXJjaE5lYXJieRACGAQgAA,ChIJy0H3P9UjDTkRMlhhjSlUPi0
TENNIS VIDYALAYA,sports_club,sports_coaching|sports_club|school|educational_institution|health|association_or_organization|point_of_interest|establishment,098116 05353,http://tennisvidyalaya.com/,"Ullawas, CRPF Rd, Baharampur Naya, Sector 61, Gurugram, Haryana 122098, India",4.9,466,OPERATIONAL,https://maps.google.com/?cid=17243137795035524139&g_mp=Cilnb29nbGUubWFwcy5wbGFjZXMudjEuUGxhY2VzLlNlYXJjaE5lYXJieRACGAQgAA,ChIJVeDPolAjDTkRK2w0bnfuS-8
Pearly White Dental Care,dental_clinic,dental_clinic|medical_clinic|health|point_of_interest|establishment,099505 69352,,"Shop No. G-04, HBR Residency-1, near HBR Chowk, Baharampur Naya, Sector 61, Gurugram, Haryana 122098, India",5,13,OPERATIONAL,https://maps.google.com/?cid=12658196060676667617&g_mp=Cilnb29nbGUubWFwcy5wbGFjZXMudjEuUGxhY2VzLlNlYXJjaE5lYXJieRACGAQgAA,ChIJ25B1ZCojDTkR4bjhTUDyqq8
Health care,hospital,hospital|health|service|point_of_interest|establishment,096948 70828,,"Baharampur Naya, Hbr chowk, Gurugram, Haryana 122098, India",5,2,OPERATIONAL,https://maps.google.com/?cid=4090967107156116146&g_mp=Cilnb29nbGUubWFwcy5wbGFjZXMudjEuUGxhY2VzLlNlYXJjaE5lYXJieRACGAQgAA,ChIJzQdAkAojDTkRsgLZuegIxjg
Muhjair Cycles,hardware_store,hardware_store|building_materials_store|store|point_of_interest|establishment,090069 31159,,"Shop No 12, Hbr Market, Baharampur Naya, Sector 61, Gurugram, Haryana 122098, India",,,CLOSED_TEMPORARILY,https://maps.google.com/?cid=8706265921581719490&g_mp=Cilnb29nbGUubWFwcy5wbGFjZXMudjEuUGxhY2VzLlNlYXJjaE5lYXJieRACGAQgAA,ChIJl80su_gjDTkRwp_3V7re0ng
Gulf Carstop - Indian Auto Mobiles,car_repair,car_repair|service|point_of_interest|establishment,096190 58281,https://carstop.india.gulfoilltd.com/gulf-carstop-indian-auto-mobiles-car-service-station-sector-61-gurugram-324305/Home?utm_source=locator&utm_medium=googleplaces,"Shop No 5, near HBR Chowk, Baharampur Naya, Sector 61, Gurugram, Haryana 122098, India",5,1,OPERATIONAL,https://maps.google.com/?cid=348928032378427850&g_mp=Cilnb29nbGUubWFwcy5wbGFjZXMudjEuUGxhY2VzLlNlYXJjaE5lYXJieRACGAQgAA,ChIJMVX4vdAjDTkRypkXXjKk1wQ
Anand Hawan Pooja Bhandar,place_of_worship,place_of_worship|association_or_organization|point_of_interest|establishment,084470 51197,,"उल्लावास धानी रड, सेक्टर-62, Sector 62, Gurugram, Haryana 122098, India",5,3,OPERATIONAL,https://maps.google.com/?cid=18151315501714102584&g_mp=Cilnb29nbGUubWFwcy5wbGFjZXMudjEuUGxhY2VzLlNlYXJjaE5lYXJieRACGAQgAA,ChIJDYHN42AjDTkRONm1bUdt5vs
Hotel UK 11,point_of_interest,point_of_interest|establishment,,,"Shop No 5, Baharampur Naya, Sector 61, Gurugram, Haryana 122098, India",5,6,OPERATIONAL,https://maps.google.com/?cid=12206014999455503486&g_mp=Cilnb29nbGUubWFwcy5wbGFjZXMudjEuUGxhY2VzLlNlYXJjaE5lYXJieRACGAQgAA,ChIJL10HkkwjDTkRfpSixfh5ZKk
"Advance Hammer, Drill&Glander,Cutter Repairing center",store,store|point_of_interest|establishment,,,"C33V+M2J, Baharampur Naya, Sector 61, Gurugram, Haryana 122098, India",,,OPERATIONAL,https://maps.google.com/?cid=821482359442133721&g_mp=Cilnb29nbGUubWFwcy5wbGFjZXMudjEuUGxhY2VzLlNlYXJjaE5lYXJieRACGAQgAA,ChIJvwg0OwAjDTkR2VLMf9p9Zgs
Shri Bala Ji Atta Chakki,manufacturer,manufacturer|food|point_of_interest|establishment,091666 35263,,"near by HBR chowk, HBR market, Sector 61, Gurugram, Haryana 122098, India",5,6,OPERATIONAL,https://maps.google.com/?cid=4088115516337535683&g_mp=Cilnb29nbGUubWFwcy5wbGFjZXMudjEuUGxhY2VzLlNlYXJjaE5lYXJieRACGAQgAA,ChIJG03-GBgiDTkRw7oPAGfnuzg
AS BALAJI CYBER CAFE & COMPUTER CENTER,internet_cafe,internet_cafe|service|point_of_interest|establishment,089106 05188,,"SHOP NO 2 CRPF ROAD HBR MARKET ULLAWAS, near HBR 1 RESIDENCY, HBR CHAWK, Sector 61, Gurugram, Haryana 122098, India",4.5,10,OPERATIONAL,https://maps.google.com/?cid=15847347337973960660&g_mp=Cilnb29nbGUubWFwcy5wbGFjZXMudjEuUGxhY2VzLlNlYXJjaE5lYXJieRACGAQgAA,ChIJlV81JN8jDTkR1I8r6HAW7ds
Electric Vehicle Charging Station,electric_vehicle_charging_station,electric_vehicle_charging_station|transportation_service|point_of_interest|establishment,022 2286 3900,,"285, Baharampur Naya Marg, Baharampur Naya, Sector 61, Gurugram, Haryana 122098, India",1.5,2,OPERATIONAL,https://maps.google.com/?cid=12979466768631727488&g_mp=Cilnb29nbGUubWFwcy5wbGFjZXMudjEuUGxhY2VzLlNlYXJjaE5lYXJieRACGAQgAA,ChIJrZRuq_AjDTkRgAVIBkJUILQ
Himanshu Prints And Design,manufacturer,store|manufacturer|service|point_of_interest|establishment,084688 47888,http://www.himanshuprintsanddesign.com/,"Shop No. B-1, HBR Market, CRPF Rd, HBR Chowk, Ullawas, Sector 61, Gurugram, Haryana 122098, India",5,12,OPERATIONAL,https://maps.google.com/?cid=11358938642727889204&g_mp=Cilnb29nbGUubWFwcy5wbGFjZXMudjEuUGxhY2VzLlNlYXJjaE5lYXJieRACGAQgAA,ChIJrS3frmEjDTkRNOlAaYMOo50
Organyc,corporate_office,corporate_office|point_of_interest|establishment,0124 407 8585,http://organyc.in/,"B-014, 15th floor Emaar Digital Greens, Baharampur Naya, Sector 61, Gurugram, Haryana 122098, India",,,CLOSED_TEMPORARILY,https://maps.google.com/?cid=13990111008085614213&g_mp=Cilnb29nbGUubWFwcy5wbGFjZXMudjEuUGxhY2VzLlNlYXJjaE5lYXJieRACGAQgAA,ChIJf6AVeBgiDTkRhZ45zdbbJsI
Touch and glow parlour,beauty_salon,beauty_salon|service|point_of_interest|establishment,081789 21189,https://www.instagram.com/_touch_and_glow_salon?igsh=cXEzdTMwb29oNG5w,"HBR chowk, near ilhawad bank+ Raj medical, ullawash, Sector 62, Gurugram, Haryana 122098, India",4.4,7,OPERATIONAL,https://maps.google.com/?cid=18415908471040741243&g_mp=Cilnb29nbGUubWFwcy5wbGFjZXMudjEuUGxhY2VzLlNlYXJjaE5lYXJieRACGAQgAA,ChIJLQvfnyIiDTkRe499yC5zkv8
PRL,general_store,general_store|food_store|store|food|point_of_interest|establishment,081305 70017,,"Baharampur Naya, HBr Chowk, Gurugram, Haryana 122101, India",,,OPERATIONAL,https://maps.google.com/?cid=7309681551926217432&g_mp=Cilnb29nbGUubWFwcy5wbGFjZXMudjEuUGxhY2VzLlNlYXJjaE5lYXJieRACGAQgAA,ChIJDTC23EwjDTkR2MrJo6Q0cWU
Apollo Diagnostics - Blood Tests - Home Collection & Full Body Checkups in Gurugram,medical_clinic,medical_lab|doctor|medical_clinic|health|point_of_interest|establishment,078350 02307,https://apollodiagnostics.in/,"Shop No.2, HBR Market, Baharampur Naya, Sector 62, Gurugram, Haryana 122098, India",5,33,OPERATIONAL,https://maps.google.com/?cid=2574682813900122369&g_mp=Cilnb29nbGUubWFwcy5wbGFjZXMudjEuUGxhY2VzLlNlYXJjaE5lYXJieRACGAQgAA,ChIJ-_gUTssjDTkRAenRw2AcuyM
GYPSUM HUB,supplier,supplier|point_of_interest|establishment,089293 72016,,"near HBR CHOK, HBR Choke, Sector 61, Gurugram, Haryana 122098, India",5,124,OPERATIONAL,https://maps.google.com/?cid=13160426492662403191&g_mp=Cilnb29nbGUubWFwcy5wbGFjZXMudjEuUGxhY2VzLlNlYXJjaE5lYXJieRACGAQgAA,ChIJ4c7SLAAjDTkRd1DICys6o7Y
Primenterior,corporate_office,corporate_office|point_of_interest|establishment,,,"shop no. 1, 62, Sector Road, South City I, Sector 30, Gurugram, Haryana 122098, India",5,1,OPERATIONAL,https://maps.google.com/?cid=10606431219302870941&g_mp=Cilnb29nbGUubWFwcy5wbGFjZXMudjEuUGxhY2VzLlNlYXJjaE5lYXJieRACGAQgAA,ChIJ65HmpH0jDTkRnS8pqf-cMZM
Shri Shyam Dairy,food_store,food_store|store|food|point_of_interest|establishment,098737 14395,,"Shop No 5, Sec61, Gurgaon HBR Chowk, ULLAWAS, Sector 61, Gurugram, Haryana 122098, India",5,2,OPERATIONAL,https://maps.google.com/?cid=4445166739680712200&g_mp=Cilnb29nbGUubWFwcy5wbGFjZXMudjEuUGxhY2VzLlNlYXJjaE5lYXJieRACGAQgAA,ChIJs2ILChsjDTkRCNYMJplnsD0
DPR HOUSE,service,housing_complex|service|point_of_interest|establishment,,,"Village, Ullawas Dhani Rd, Ullahawas, Baharampur Naya, Sector 61, Gurugram, Haryana 122098, India",4.6,18,OPERATIONAL,https://maps.google.com/?cid=17793501972921734801&g_mp=Cilnb29nbGUubWFwcy5wbGFjZXMudjEuUGxhY2VzLlNlYXJjaE5lYXJieRACGAQgAA,ChIJiaNQRKAjDTkRkVY2NsU37_Y
Singla Packers And Movers,transportation_service,transportation_service|point_of_interest|establishment,070658 39596,,"Shop No 37/2, Ullawas Dhani Road, Ullahawas, Baharampur Naya, Sector 62, Gurugram, Haryana 122098, India",5,2,OPERATIONAL,https://maps.google.com/?cid=18411252013771357138&g_mp=Cilnb29nbGUubWFwcy5wbGFjZXMudjEuUGxhY2VzLlNlYXJjaE5lYXJieRACGAQgAA,ChIJWT5z0c4jDTkR0nsJ1yjogf8
Mohit water supplier ullawas,store,supplier|store|point_of_interest|establishment,,,"Vill ullawas, Ullahawas, Baharampur Naya, Sector 61, Gurugram, Haryana 122001, India",5,11,OPERATIONAL,https://maps.google.com/?cid=17983682855905615850&g_mp=Cilnb29nbGUubWFwcy5wbGFjZXMudjEuUGxhY2VzLlNlYXJjaE5lYXJieRACGAQgAA,ChIJKySp7VsjDTkR6l-Jm0bgkvk
JAI CCTV CAMERA,service,service|point_of_interest|establishment,,,"Ullahawas, Baharampur Naya, Sector 61, Gurugram, Haryana 122103, India",,,OPERATIONAL,https://maps.google.com/?cid=16240176349029262303&g_mp=Cilnb29nbGUubWFwcy5wbGFjZXMudjEuUGxhY2VzLlNlYXJjaE5lYXJieRACGAQgAA,ChIJxffamXIjDTkR3-OWZViyYOE
DLF Sector 61 New Launch Gurugaon,general_contractor,general_contractor|service|point_of_interest|establishment,,,"C34W+2G6, Ullahawas, Baharampur Naya, Sector 61, Gurugram, Haryana 122098, India",5,1,OPERATIONAL,https://maps.google.com/?cid=5942455143411843766&g_mp=Cilnb29nbGUubWFwcy5wbGFjZXMudjEuUGxhY2VzLlNlYXJjaE5lYXJieRACGAQgAA,ChIJ6yE5dAAjDTkRtoLB7HfXd1I
Hyatt hotel,association_or_organization,association_or_organization|point_of_interest|establishment,,,"C34W+2G6, Ullahawas, Baharampur Naya, Sector 61, Gurugram, Haryana 122098, India",5,1,OPERATIONAL,https://maps.google.com/?cid=4216183048359443040&g_mp=Cilnb29nbGUubWFwcy5wbGFjZXMudjEuUGxhY2VzLlNlYXJjaE5lYXJieRACGAQgAA,ChIJ-36XfAAjDTkRYPp86STkgjo
Cafe 7,cafe,cafe|cake_shop|coffee_shop|bakery|wholesaler|tea_store|food_store|store|manufacturer|restaurant|food|point_of_interest|establishment,076007 00002,https://www.7ocean.club/,"2nd Floor, Picasso Centre, Ullahawas, Baharampur Naya, Sector 61, Ghata, Gurugram, Haryana 122098, India",5,1,OPERATIONAL,https://maps.google.com/?cid=10723504552290929285&g_mp=Cilnb29nbGUubWFwcy5wbGFjZXMudjEuUGxhY2VzLlNlYXJjaE5lYXJieRACGAQgAA,ChIJPWnWRW0jDTkRhcqVIpOK0ZQ
Sector 61 ullwas Sunil shop,grocery_store,grocery_store|food_store|store|food|point_of_interest|establishment,,,"C34W+2G6, Ullahawas, Baharampur Naya, Sector 61, Gurugram, Haryana 122098, India",5,1,OPERATIONAL,https://maps.google.com/?cid=16150712815848075360&g_mp=Cilnb29nbGUubWFwcy5wbGFjZXMudjEuUGxhY2VzLlNlYXJjaE5lYXJieRACGAQgAA,ChIJNU_qTAAjDTkRYDD5YbzbIuA
Kanha properties sector 61,real_estate_agency,real_estate_agency|service|point_of_interest|establishment,,,"C34W+2G6, Ullahawas, Baharampur Naya, Sector 61, Gurugram, Haryana 122098, India",,,CLOSED_TEMPORARILY,https://maps.google.com/?cid=13278455971891859585&g_mp=Cilnb29nbGUubWFwcy5wbGFjZXMudjEuUGxhY2VzLlNlYXJjaE5lYXJieRACGAQgAA,ChIJf9p7RgAjDTkRgVBHqlqNRrg
DINESH FARMS,service,service|point_of_interest|establishment,,,"C34W+2G6, Ullahawas, Baharampur Naya, Sector 61, Gurugram, Haryana 122098, India",5,1,OPERATIONAL,https://maps.google.com/?cid=13996129921528312779&g_mp=Cilnb29nbGUubWFwcy5wbGFjZXMudjEuUGxhY2VzLlNlYXJjaE5lYXJieRACGAQgAA,ChIJiwHbPwAjDTkRyzPpSgI-PMI
Chick maker in gurgaon ad blinds Shop,store,store|point_of_interest|establishment,082795 41079,https://chickmakeringurgaonadblinds.shop/,"shop no.4, Plot no 7, near Trinity mall, Ullahawas, Baharampur Naya, Sector 61, Gurugram, Haryana 122098, India",5,28,OPERATIONAL,https://maps.google.com/?cid=17151261326314203478&g_mp=Cilnb29nbGUubWFwcy5wbGFjZXMudjEuUGxhY2VzLlNlYXJjaE5lYXJieRACGAQgAA,ChIJxzgKA4AjDTkRVmnaFE6FBe4
Ullawas sagar general store,apartment_building,apartment_building|service|point_of_interest|establishment,,,"C34W+2G6, Ullahawas, Baharampur Naya, Sector 61, Gurugram, Haryana 122098, India",,,OPERATIONAL,https://maps.google.com/?cid=3053721461394411491&g_mp=Cilnb29nbGUubWFwcy5wbGFjZXMudjEuUGxhY2VzLlNlYXJjaE5lYXJieRACGAQgAA,ChIJg_NDDQAjDTkR449mZX3_YCo
HBR Residency 3,apartment_building,apartment_building|service|point_of_interest|establishment,,,"C34W+2G6, Ullahawas, Baharampur Naya, Sector 61, Gurugram, Haryana 122098, India",,,OPERATIONAL,https://maps.google.com/?cid=1641659576806238754&g_mp=Cilnb29nbGUubWFwcy5wbGFjZXMudjEuUGxhY2VzLlNlYXJjaE5lYXJieRACGAQgAA,ChIJi7mdegAjDTkRImqn7a9YyBY
FOYER FORTUNE,corporate_office,corporate_office|point_of_interest|establishment,084337 43736,,"Suite #710, Tower-A, Emaar Digital Greens, Ullahawas, Baharampur Naya, Sector 61, Gurugram, Haryana 122098, India",5,1,OPERATIONAL,https://maps.google.com/?cid=4362339887347049316&g_mp=Cilnb29nbGUubWFwcy5wbGFjZXMudjEuUGxhY2VzLlNlYXJjaE5lYXJieRACGAQgAA,ChIJWT_hBiIiDTkRZKPWzgMlijw
Bright Orange sector 61 Camp,educational_institution,educational_institution|point_of_interest|establishment,,,"C34W+2G6, Ullahawas, Baharampur Naya, Sector 61, Gurugram, Haryana 122098, India",,,OPERATIONAL,https://maps.google.com/?cid=3285406337242120260&g_mp=Cilnb29nbGUubWFwcy5wbGFjZXMudjEuUGxhY2VzLlNlYXJjaE5lYXJieRACGAQgAA,ChIJK6afAgAjDTkRREAiKqgbmC0
DLF New Launch,apartment_complex,apartment_complex|service|point_of_interest|establishment,092892 32743,https://dlf-indiaprojects.in/,"127-128, Ullahawas, Baharampur Naya, Sector 61, Gurugram, Haryana 122098, India",4.7,3,OPERATIONAL,https://maps.google.com/?cid=6187804940511130051&g_mp=Cilnb29nbGUubWFwcy5wbGFjZXMudjEuUGxhY2VzLlNlYXJjaE5lYXJieRACGAQgAA,ChIJ-7ejQTgjDTkRw7GSGs9_31U
Office rhi,corporate_office,corporate_office|point_of_interest|establishment,,,"C34W+2G6, Ullahawas, Baharampur Naya, Sector 61, Gurugram, Haryana 122098, India",,,OPERATIONAL,https://maps.google.com/?cid=14402803566484714589&g_mp=Cilnb29nbGUubWFwcy5wbGFjZXMudjEuUGxhY2VzLlNlYXJjaE5lYXJieRACGAQgAA,ChIJsQBmkBkjDTkRXfQMzogJ4cc
Avok Engineering Consulting & Contracting Pvt. Ltd.,consultant,consultant|service|point_of_interest|establishment,0124 427 6634,http://avokengineering.com/,"DG-402, 4th Floor, Tower B, Emaar Digital Greens, Ullahawas, Baharampur Naya, Sector 61, Gurugram, Haryana 122098, India",4,2,OPERATIONAL,https://maps.google.com/?cid=3061888731100549098&g_mp=Cilnb29nbGUubWFwcy5wbGFjZXMudjEuUGxhY2VzLlNlYXJjaE5lYXJieRACGAQgAA,ChIJWT_hBiIiDTkR6g8FD5QDfio
Bhardwaj Clinic,medical_clinic,medical_clinic|health|point_of_interest|establishment,085109 06033,,"Baharampur Naya Sector 61, Gurugram, Ullahawas, Baharampur Naya, Sector 61, Delhi, Gurugram, Haryana 122098, India",,,OPERATIONAL,https://maps.google.com/?cid=14829845072904136818&g_mp=Cilnb29nbGUubWFwcy5wbGFjZXMudjEuUGxhY2VzLlNlYXJjaE5lYXJieRACGAQgAA,ChIJWT_hBiIiDTkRciiHnIUxzs0
Trackon Couriers Pvt Limited,courier_service,courier_service|shipping_service|service|point_of_interest|establishment,098212 33729,,"Baharampur Naya Sector 61, Gurugram, Ullahawas, Baharampur Naya, Sector 61, Delhi, Gurugram, Haryana 122098, India",1,2,OPERATIONAL,https://maps.google.com/?cid=12768690638292994434&g_mp=Cilnb29nbGUubWFwcy5wbGFjZXMudjEuUGxhY2VzLlNlYXJjaE5lYXJieRACGAQgAA,ChIJWT_hBiIiDTkRgklP7nuAM7E
Purushotam dwar,association_or_organization,association_or_organization|point_of_interest|service|establishment,,,"C34X+2G5 dwar Ullaawash nagar, Baharampur Naya, Sector 61, Gurugram, Haryana 122098, India",5,1,OPERATIONAL,https://maps.google.com/?cid=11765818065210017929&g_mp=Cilnb29nbGUubWFwcy5wbGFjZXMudjEuUGxhY2VzLlNlYXJjaE5lYXJieRACGAQgAA,ChIJR65lZX8jDTkRiYi3PDGVSKM
Shiv temple,hindu_temple,hindu_temple|place_of_worship|association_or_organization|point_of_interest|establishment,,,"C33X+9R, Baharampur Naya, Sector 61, Gurugram, Haryana 122098, India",5,2,OPERATIONAL,https://maps.google.com/?cid=8387612856196444442&g_mp=Cilnb29nbGUubWFwcy5wbGFjZXMudjEuUGxhY2VzLlNlYXJjaE5lYXJieRACGAQgAA,ChIJN1TWXwAjDTkRGrEWB3TJZnQ
Shri Rameshswaaram Temple,hindu_temple,hindu_temple|place_of_worship|association_or_organization|point_of_interest|establishment,,,"C33X+9R, Baharampur Naya, Sector 61, Gurugram, Haryana 122098, India",,,OPERATIONAL,https://maps.google.com/?cid=817005243019108425&g_mp=Cilnb29nbGUubWFwcy5wbGFjZXMudjEuUGxhY2VzLlNlYXJjaE5lYXJieRACGAQgAA,ChIJy_UEbAAjDTkRSSDJmfCVVgs
"Balaji Electrician work (wiring, geyser, fan, TV installation)",electrician,electrician|point_of_interest|service|establishment,,https://balaji-electrician-work.grexa.site/,"vikash modal school, sector 61, ullawas baharampur marg, Baharampur Naya, Sector 61, Gurugram, Haryana 122102, India",,,OPERATIONAL,https://maps.google.com/?cid=4745637210870220302&g_mp=Cilnb29nbGUubWFwcy5wbGFjZXMudjEuUGxhY2VzLlNlYXJjaE5lYXJieRACGAQgAA,ChIJ_96UMOIjDTkRDobLWubj20E
AQUAINDRA DESIGNS | WORKSHOP,aquarium,aquarium|point_of_interest|establishment,093551 56661,,"Plot number 006, Village Ullawas, near Puri Builder, Baharampur Naya, Sector 62, Gurugram, Haryana 122102, India",5,2,OPERATIONAL,https://maps.google.com/?cid=6960040892648203080&g_mp=Cilnb29nbGUubWFwcy5wbGFjZXMudjEuUGxhY2VzLlNlYXJjaE5lYXJieRACGAQgAA,ChIJwazSA0AjDTkRSCN95FAIl2A
"Pandit Chanchal Parashar - ज्योतिष और वास्तु विद | Vedic Astrologer and Vastu Expert based in Sector 60, Gurugram, Delhi NCR",astrologer,astrologer|consultant|point_of_interest|service|establishment,099177 42750,https://panditchanchalji.com/,"Rameswarm Shiv Mandir, near Paras Trinity, opposite Lemon Tree Hotel, Cyberscape, Sector 61, Gurugram, Haryana 122098, India",4.9,64,OPERATIONAL,https://maps.google.com/?cid=12112482995382702595&g_mp=Cilnb29nbGUubWFwcy5wbGFjZXMudjEuUGxhY2VzLlNlYXJjaE5lYXJieRACGAQgAA,ChIJX_9AEAAjDTkRA9K-DxwvGKg
Puri Luxury Residential Project,service,point_of_interest|service|establishment,,,"C432+95R, Samrat Mihir Bhoj Rd, opposite Lemon Tree, Baharampur Naya, Sector 61, Gurugram, Haryana 122098, India",,,OPERATIONAL,https://maps.google.com/?cid=8976690249286053939&g_mp=Cilnb29nbGUubWFwcy5wbGFjZXMudjEuUGxhY2VzLlNlYXJjaE5lYXJieRACGAQgAA,ChIJ2SaMpLsjDTkRM3Bonzick3w
Madhusudan Properties PVT LTD,general_contractor,general_contractor|point_of_interest|service|establishment,077038 50457,,"Baharampur Naya, Sector 61, Gurugram, Haryana 122098, India",,,OPERATIONAL,https://maps.google.com/?cid=15587990794440549395&g_mp=Cilnb29nbGUubWFwcy5wbGFjZXMudjEuUGxhY2VzLlNlYXJjaE5lYXJieRACGAQgAA,ChIJPd62aScjDTkREySw8AmrU9g
Puri The Aravallis,apartment_building,apartment_building|point_of_interest|service|establishment,,https://purithearavallis.com/,"Sector 61, Golf Course Extension Road, Baharampur Naya, Sector 61, Gurugram, Haryana 122098, India",4.7,13,OPERATIONAL,https://maps.google.com/?cid=12337038655277354577&g_mp=Cilnb29nbGUubWFwcy5wbGFjZXMudjEuUGxhY2VzLlNlYXJjaE5lYXJieRACGAQgAA,ChIJ8-GNFgAjDTkRUc4R5Er3Nas
Puri The Aravallis Site Office,housing_complex,housing_complex|point_of_interest|service|establishment,,,"C442+2G6, Baharampur Naya, Sector 61, Gurugram, Haryana 122098, India",,,OPERATIONAL,https://maps.google.com/?cid=2069506840032835211&g_mp=Cilnb29nbGUubWFwcy5wbGFjZXMudjEuUGxhY2VzLlNlYXJjaE5lYXJieRACGAQgAA,ChIJ6wN4OgAjDTkRi_ZlnIFduBw
Ahluwalia contract,general_contractor,general_contractor|point_of_interest|service|establishment,,,"C33X+X2X, Baharampur Naya, Sector 61, Gurugram, Haryana 122098, India",4.6,12,OPERATIONAL,https://maps.google.com/?cid=17341094516060840202&g_mp=Cilnb29nbGUubWFwcy5wbGFjZXMudjEuUGxhY2VzLlNlYXJjaE5lYXJieRACGAQgAA,ChIJi70xgW4jDTkRCuFH1pXxp_A
THE KEY FACTOR (DIGITAL GROWTH PARTNER),service,point_of_interest|service|establishment,092170 70771,https://www.thekeyfactor.in/,"Level 4, IA, BPTP Centra One, Baharampur Naya, Sector 61, Gurugram, Haryana 122102, India",,,OPERATIONAL,https://maps.google.com/?cid=16141739206853802982&g_mp=Cilnb29nbGUubWFwcy5wbGFjZXMudjEuUGxhY2VzLlNlYXJjaE5lYXJieRACGAQgAA,ChIJOePzY9sjDTkR5juEOUn6AuA
Paints Work,,point_of_interest|establishment,096508 09062,,"near Govt School, Ullahawas, Vill Ullawas, Sector 61, Gurugram, Haryana 122101, India",,,OPERATIONAL,https://maps.google.com/?cid=5684502311513908585&g_mp=Cilnb29nbGUubWFwcy5wbGFjZXMudjEuUGxhY2VzLlNlYXJjaE5lYXJieRACGAQgAA,ChIJaTepR8UjDTkRaWWsCrxo404
Sector 60,hotel,hotel|lodging|point_of_interest|establishment,,,"Lemon Tree Hotel, Sector 60, Gurugram, Haryana 122098, India",4,1,OPERATIONAL,https://maps.google.com/?cid=12584302674382296328&g_mp=Cilnb29nbGUubWFwcy5wbGFjZXMudjEuUGxhY2VzLlNlYXJjaE5lYXJieRACGAQgAA,ChIJf-syZwAjDTkRCBWOnJtspK4
Veer Associates Ltd,service,point_of_interest|service|establishment,,,"ireo Plot, Plot No D02/01, Sector 60, Gurugram, Haryana 122098, India",5,3,OPERATIONAL,https://maps.google.com/?cid=15893595827925794551&g_mp=Cilnb29nbGUubWFwcy5wbGFjZXMudjEuUGxhY2VzLlNlYXJjaE5lYXJieRACGAQgAA,ChIJ4xb8cAYjDTkR974llzJlkdw
Vipin,service,point_of_interest|service|establishment,099973 09061,,"C33W+WV6, Ullahawas, Baharampur Naya, Sector 61, Gurugram, Haryana 122098, India",5,4,CLOSED_TEMPORARILY,https://maps.google.com/?cid=8943938178547574606&g_mp=Cilnb29nbGUubWFwcy5wbGFjZXMudjEuUGxhY2VzLlNlYXJjaE5lYXJieRACGAQgAA,ChIJJxfP5xEjDTkRTudh6WJAH3w
Liquid Printing inks manufacturer & Consultant,service,point_of_interest|service|establishment,099787 47846,,"17, Baharampur Naya, Sector 61, Gurugram, Haryana 122098, India",5,1,OPERATIONAL,https://maps.google.com/?cid=14214850290540058465&g_mp=Cilnb29nbGUubWFwcy5wbGFjZXMudjEuUGxhY2VzLlNlYXJjaE5lYXJieRACGAQgAA,ChIJgbIRSH0jDTkRYZf_lgZLRcU
Bengali Clinic,skin_care_clinic,skin_care_clinic|medical_clinic|health|point_of_interest|establishment,078722 69181,,"Shop No 3, Ullawas, Ullahawas, Baharampur Naya, Sector 61, Gurugram, Haryana 122098, India",,,OPERATIONAL,https://maps.google.com/?cid=4881909767211590780&g_mp=Cilnb29nbGUubWFwcy5wbGFjZXMudjEuUGxhY2VzLlNlYXJjaE5lYXJieRACGAQgAA,ChIJWdpJvYkjDTkRfCQoXBEHwEM
Shivani Clinic,medical_clinic,medical_clinic|health|point_of_interest|establishment,094161 95034,,"17, Khaitanwas, Gurgaon Delhi, Baharampur Naya, Sector 61, Gurugram, Haryana 122098, India",5,1,OPERATIONAL,https://maps.google.com/?cid=3107135173064290143&g_mp=Cilnb29nbGUubWFwcy5wbGFjZXMudjEuUGxhY2VzLlNlYXJjaE5lYXJieRACGAQgAA,ChIJx2Nr8yEiDTkRX2-eQ_rCHis
Foxtrail Sector 60 - AM Hotel Kollection,hotel,hotel|lodging|point_of_interest|establishment,092171 01072,https://amhotelkollection.com/foxtrailsec60,"ICP-D, Ascott Ireo City Central, D14-01, Sector 60, Gurugram, Haryana 122098, India",4.8,172,OPERATIONAL,https://maps.google.com/?cid=10662313020772776452&g_mp=Cilnb29nbGUubWFwcy5wbGFjZXMudjEuUGxhY2VzLlNlYXJjaE5lYXJieRACGAQgAA,ChIJF27JOwAjDTkRBPoudzMl-JM
"Subway Paras Floret, Sec 59 , Gurgaon",sandwich_shop,sandwich_shop|fast_food_restaurant|breakfast_restaurant|cafe|restaurant|point_of_interest|food|establishment,011 4654 8444,https://subway.in/,"Shop no. 1, Ground floor, Paras Florett Commercial Building 59, Alahawas, Sector 59, Gurugram, Haryana 122098, India",2.1,11,OPERATIONAL,https://maps.google.com/?cid=15043401210239134380&g_mp=Cilnb29nbGUubWFwcy5wbGFjZXMudjEuUGxhY2VzLlNlYXJjaE5lYXJieRACGAQgAA,ChIJPS1BuSQZDTkRrCr8hbLlxNA
SHREE BALAJI STRUCTURE STEEL,wholesaler,wholesaler|point_of_interest|establishment,,,"KILLA, 1, Street No. 7, Ullahawas, Alahawas, Sector 59, Gurugram, Haryana 122001, India",1,1,OPERATIONAL,https://maps.google.com/?cid=15349165067395633822&g_mp=Cilnb29nbGUubWFwcy5wbGFjZXMudjEuUGxhY2VzLlNlYXJjaE5lYXJieRACGAQgAA,ChIJCfFUDeohDTkRnpLzME4wA9U
K R Sofa Repairing,furniture_store,furniture_store|home_improvement_store|home_goods_store|store|point_of_interest|establishment,090155 55717,https://krsofarepairings.com/,"Shop No 313, Revenue Road, Dayma Rd, Alahawas, Sector 59, Gurugram, Haryana 122098, India",5,63,OPERATIONAL,https://maps.google.com/?cid=372234812984255358&g_mp=Cilnb29nbGUubWFwcy5wbGFjZXMudjEuUGxhY2VzLlNlYXJjaE5lYXJieRACGAQgAA,ChIJhWlziqMhDTkRfuP1GJdxKgU
Discovery,liquor_store,liquor_store|store|point_of_interest|establishment,,,"C433+X2W, Sector 10 Main Rd, Samrat Naagbhatt, Alahawas, Sector 59, Gurugram, Haryana 122098, India",5,2,OPERATIONAL,https://maps.google.com/?cid=16843270324297571466&g_mp=Cilnb29nbGUubWFwcy5wbGFjZXMudjEuUGxhY2VzLlNlYXJjaE5lYXJieRACGAQgAA,ChIJVxufAAAhDTkRipyi1x5Rv-k
KFC,restaurant,restaurant|fast_food_restaurant|chicken_restaurant|meal_takeaway|point_of_interest|food|establishment,080 4275 4444,https://restaurants.kfc.co.in/kfc-kfc-paras-floret-gurugram-restaurants-sector-59-gurugram-538531/Home?utm_source=locator&utm_medium=googleplaces,"ground floor, Pink Floyd Blvd, Alahawas, Sector 59, Gurugram, Haryana 122098, India",4.6,74,OPERATIONAL,https://maps.google.com/?cid=15752301143181833369&g_mp=Cilnb29nbGUubWFwcy5wbGFjZXMudjEuUGxhY2VzLlNlYXJjaE5lYXJieRACGAQgAA,ChIJcVlfNp8hDTkRmTRVMm5qm9o
Happy bite,fast_food_restaurant,fast_food_restaurant|restaurant|point_of_interest|food|establishment,,,"C432+XV5, Samrat Naagbhatt Gurjar Rd, Ullahawas, Baharampur Naya, Sector 61, Gurugram, Haryana 122098, India",5,2,OPERATIONAL,https://maps.google.com/?cid=12201863082185604068&g_mp=Cilnb29nbGUubWFwcy5wbGFjZXMudjEuUGxhY2VzLlNlYXJjaE5lYXJieRACGAQgAA,ChIJWdb2AyIjDTkR5DugM9O5Vak
Paras Florett Enqlave,general_contractor,general_contractor|service|point_of_interest|establishment,,https://parasbuildtech.co.in/residential/paras-the-florett-sector-59-gurgaon,"Paras Florett Enqlave, golf course ext road, Alahawas, Sector 58, Gurugram, Haryana 122098, India",4.3,6,OPERATIONAL,https://maps.google.com/?cid=3766646141670284882&g_mp=Cilnb29nbGUubWFwcy5wbGFjZXMudjEuUGxhY2VzLlNlYXJjaE5lYXJieRACGAQgAA,ChIJt5qJCHIhDTkRUl7alLXQRTQ
Pyarelal numberdar,private_guest_room,private_guest_room|lodging|point_of_interest|establishment,,,"C432+JX2, Dayma Rd, Baharampur Naya, Sector 59, Gurugram, Haryana 122098, India",,,OPERATIONAL,https://maps.google.com/?cid=11064428210659049627&g_mp=Cilnb29nbGUubWFwcy5wbGFjZXMudjEuUGxhY2VzLlNlYXJjaE5lYXJieRACGAQgAA,ChIJFxrTIwAjDTkRm8Ak89W-jJk
Food 59 Grill,restaurant,restaurant|point_of_interest|food|establishment,098912 11139,,"Alahawas, Sector 59, Gurugram, Haryana 122098, India",5,13,OPERATIONAL,https://maps.google.com/?cid=16553525883966403860&g_mp=Cilnb29nbGUubWFwcy5wbGFjZXMudjEuUGxhY2VzLlNlYXJjaE5lYXJieRACGAQgAA,ChIJ4Rpe5KMhDTkRFDUNThbwueU
Ganesh food,point_of_interest,point_of_interest|establishment,,,"C433+PF, Alahawas, Sector 59, Gurugram, Haryana 122098, India",,,CLOSED_TEMPORARILY,https://maps.google.com/?cid=16310193357203391931&g_mp=Cilnb29nbGUubWFwcy5wbGFjZXMudjEuUGxhY2VzLlNlYXJjaE5lYXJieRACGAQgAA,ChIJ3Re0egAhDTkRu0ULenFyWeI
BABA MAHADEV,bed_and_breakfast,bed_and_breakfast|lodging|point_of_interest|establishment,,,"C443+438, Alahawas, Sector 59, Gurugram, Haryana 122098, India",,,OPERATIONAL,https://maps.google.com/?cid=3426209995797984757&g_mp=Cilnb29nbGUubWFwcy5wbGFjZXMudjEuUGxhY2VzLlNlYXJjaE5lYXJieRACGAQgAA,ChIJn7dbbAAhDTkR9XVundZXjC8
Valet parking,night_club,night_club|point_of_interest|establishment,,,"C443+438, Alahawas, Sector 59, Gurugram, Haryana 122098, India",5,1,CLOSED_TEMPORARILY,https://maps.google.com/?cid=198790082499915171&g_mp=Cilnb29nbGUubWFwcy5wbGFjZXMudjEuUGxhY2VzLlNlYXJjaE5lYXJieRACGAQgAA,ChIJKxcWeAAhDTkRoy1H3IY-wgI
Urbanfry Homes,furniture_store,furniture_store|home_improvement_store|home_goods_store|store|point_of_interest|establishment,,http://www.urbanfryhomes.com/,"Revenue Rd, Alahawas, Sector 59, Gurugram, Haryana 122022, India",4.1,195,OPERATIONAL,https://maps.google.com/?cid=9089409114998096612&g_mp=Cilnb29nbGUubWFwcy5wbGFjZXMudjEuUGxhY2VzLlNlYXJjaE5lYXJieRACGAQgAA,ChIJvaR_tx8ZDTkR5MKorW4RJH4
Dog hub,pet_care,pet_care|point_of_interest|establishment,,,"Alahawas, Sector 59, Gurugram, Haryana 122098, India",5,1,CLOSED_TEMPORARILY,https://maps.google.com/?cid=17648151654372245391&g_mp=Cilnb29nbGUubWFwcy5wbGFjZXMudjEuUGxhY2VzLlNlYXJjaE5lYXJieRACGAQgAA,ChIJMT35qa4hDTkRj38U_WzU6vQ
Astor The Organic Dycleaners,laundry,laundry|service|point_of_interest|establishment,,https://astordrycleaners.com/,"Shop No 2, Paras Floret, Alahawas, Sector 59, Gurugram, Haryana 122098, India",,,OPERATIONAL,https://maps.google.com/?cid=4446658001408140908&g_mp=Cilnb29nbGUubWFwcy5wbGFjZXMudjEuUGxhY2VzLlNlYXJjaE5lYXJieRACGAQgAA,ChIJ8X2jswEhDTkRbKaUk-SztT0
Kaushal Thakur,university,university|educational_institution|point_of_interest|establishment,,,"C433+PF, Alahawas, Sector 59, Gurugram, Haryana 122098, India",1,1,OPERATIONAL,https://maps.google.com/?cid=1646234815044038781&g_mp=Cilnb29nbGUubWFwcy5wbGFjZXMudjEuUGxhY2VzLlNlYXJjaE5lYXJieRACGAQgAA,ChIJE7JLEAAhDTkRfbCUl9eZ2BY
Dr. Kajol Awana Physiotherapist,physiotherapist,physiotherapist|health|point_of_interest|establishment,,,"Dayma Rd, Alahawas, Sector 59, Gurugram, Haryana 122098, India",5,15,OPERATIONAL,https://maps.google.com/?cid=809243619081439343&g_mp=Cilnb29nbGUubWFwcy5wbGFjZXMudjEuUGxhY2VzLlNlYXJjaE5lYXJieRACGAQgAA,ChIJkTmXraAjDTkRb8gZtMgCOws
Spaces by Studio Fine Lens,service,service|point_of_interest|establishment,076783 54037,https://spaces.finelens.in/,"Alahawas, Sector 59, Gurugram, Haryana 122098, India",5,27,OPERATIONAL,https://maps.google.com/?cid=13322274162262115313&g_mp=Cilnb29nbGUubWFwcy5wbGFjZXMudjEuUGxhY2VzLlNlYXJjaE5lYXJieRACGAQgAA,ChIJaW4iesAhDTkR8YP_IcQ54rg
Hinduja’s sector 60,consultant,real_estate_agency|consultant|service|point_of_interest|establishment,090907 47574,,"ireo city plots, plot 1, Baharampur Naya, Sector 60, Gurugram, Haryana 122098, India",5,2,OPERATIONAL,https://maps.google.com/?cid=15785320893335716903&g_mp=Cilnb29nbGUubWFwcy5wbGFjZXMudjEuUGxhY2VzLlNlYXJjaE5lYXJieRACGAQgAA,ChIJCTAfkC8jDTkRJ8TT4Le5ENs
Delhi jaipur one way taxi,transportation_service,transportation_service|point_of_interest|establishment,099119 14830,,"Nangli Umarpur Rd, Sector 62, Gurugram, Haryana 122098, India",5,4,OPERATIONAL,https://maps.google.com/?cid=3752848091378790081&g_mp=Cilnb29nbGUubWFwcy5wbGFjZXMudjEuUGxhY2VzLlNlYXJjaE5lYXJieRACGAQgAA,ChIJV6QPtYMjDTkRwa6ipnTLFDQ
Vaas Farms,garden,garden|point_of_interest|establishment,,,"C34H+QX4, behind Neev Learning Center, Sector 62, Nangli Umarpur, Gurugram, Haryana 122098, India",,,CLOSED_TEMPORARILY,https://maps.google.com/?cid=4071450055772108129&g_mp=Cilnb29nbGUubWFwcy5wbGFjZXMudjEuUGxhY2VzLlNlYXJjaE5lYXJieRACGAQgAA,ChIJGWdqk64jDTkRYXUKF0GygDg
Ajay Gujjar howas,service,service|point_of_interest|establishment,,,"Sector 62 nagar's bhavan Nangli umarpur, Sector 62, Gurugram, Haryana 122098, India",,,OPERATIONAL,https://maps.google.com/?cid=13375130005969186004&g_mp=Cilnb29nbGUubWFwcy5wbGFjZXMudjEuUGxhY2VzLlNlYXJjaE5lYXJieRACGAQgAA,ChIJ8VPjgp0jDTkR1Cx2PuABnrk
Gajendra Jaiswal,general_store,general_store|food_store|store|food|point_of_interest|establishment,,,"C34H+WP5, Nangli Umarpur Rd, Ullahawas, Baharampur Naya, Sector 62, Gurugram, Haryana 122098, India",,,OPERATIONAL,https://maps.google.com/?cid=4692435120162700390&g_mp=Cilnb29nbGUubWFwcy5wbGFjZXMudjEuUGxhY2VzLlNlYXJjaE5lYXJieRACGAQgAA,ChIJ2ZvRGwAjDTkRZnzdVOHgHkE
Nagar farm house,service,service|point_of_interest|establishment,,,"C35H+5WH, Sector 62, Nangli Umarpur, Gurugram, Haryana 122098, India",,,OPERATIONAL,https://maps.google.com/?cid=9034866930180088541&g_mp=Cilnb29nbGUubWFwcy5wbGFjZXMudjEuUGxhY2VzLlNlYXJjaE5lYXJieRACGAQgAA,ChIJOUG_DAAjDTkR3eJOrppLYn0
NAGAR's Bhavan,corporate_office,corporate_office|point_of_interest|establishment,,,"C35H+5WH, Sector 62, Nangli Umarpur, Gurugram, Haryana 122098, India",3.5,2,OPERATIONAL,https://maps.google.com/?cid=16000846428346274486&g_mp=Cilnb29nbGUubWFwcy5wbGFjZXMudjEuUGxhY2VzLlNlYXJjaE5lYXJieRACGAQgAA,ChIJg8rcyRQiDTkRtlIo6wxtDt4
NeeV - A Learning Centre,,non_profit_organization|educational_institution|association_or_organization|point_of_interest|establishment,098998 97993,,"Village Nangli Umarpur, Golf Course Ext Rd, Sector 62, Gurugram, Haryana 122098, India",4.6,39,OPERATIONAL,https://maps.google.com/?cid=12297274401009328831&g_mp=Cilnb29nbGUubWFwcy5wbGFjZXMudjEuUGxhY2VzLlNlYXJjaE5lYXJieRACGAQgAA,ChIJ20iTt20iDTkRv2Kq-emxqKo
One way dehhijaipur,association_or_organization,service|association_or_organization|point_of_interest|establishment,,,"Nangli Umarpur Rd, Sector 62, Gurugram, Haryana 122098, India",4.4,17,OPERATIONAL,https://maps.google.com/?cid=5819607147256006355&g_mp=Cilnb29nbGUubWFwcy5wbGFjZXMudjEuUGxhY2VzLlNlYXJjaE5lYXJieRACGAQgAA,ChIJVVsh1xQiDTkR08aE6N1lw1A
AMRATPAL SINGH,auto_parts_store,auto_parts_store|car_repair|store|service|point_of_interest|establishment,063501 64939,,"Shreeram Dhaba, Jmd Empire, Sector 62, Gurugram, Haryana 122098, India",4.2,5,OPERATIONAL,https://maps.google.com/?cid=3622715130436702060&g_mp=Cilnb29nbGUubWFwcy5wbGFjZXMudjEuUGxhY2VzLlNlYXJjaE5lYXJieRACGAQgAA,ChIJ9dkZ4cAjDTkRbM8cmDd4RjI
RAJ TIMBER,wholesaler,wholesaler|point_of_interest|establishment,,,"C34H+XHX, Sector 62, Gurugram, Haryana 122098, India",5,2,OPERATIONAL,https://maps.google.com/?cid=2516944166262773939&g_mp=Cilnb29nbGUubWFwcy5wbGFjZXMudjEuUGxhY2VzLlNlYXJjaE5lYXJieRACGAQgAA,ChIJ0UmLfwAjDTkRs5iVRWL77SI
Poojan Kumar,educational_institution,educational_institution|point_of_interest|establishment,097185 42987,,"Poojan Kumar, Sector 62, Gurugram, Haryana 122098, India",,,CLOSED_TEMPORARILY,https://maps.google.com/?cid=2687712056015151186&g_mp=Cilnb29nbGUubWFwcy5wbGFjZXMudjEuUGxhY2VzLlNlYXJjaE5lYXJieRACGAQgAA,ChIJuYgM-qQjDTkRUmBR9d-rTCU
Sammi Craft,home_goods_store,home_goods_store|store|point_of_interest|establishment,099117 25339,,"Shop No 20, Banjara Market, Sector 62, Gurugram, Haryana 122098, India",5,1,OPERATIONAL,https://maps.google.com/?cid=6416514250049686969&g_mp=Cilnb29nbGUubWFwcy5wbGFjZXMudjEuUGxhY2VzLlNlYXJjaE5lYXJieRACGAQgAA,ChIJi4fCkcYZDTkRuY1x2rYJDFk
Yusuf Jain Contractor,general_contractor,general_contractor|service|point_of_interest|establishment,,,"Shop No -2, Market, near by Wazirabad, Wazirabad, Market, Gurugram, Haryana 122098, India",5,1,CLOSED_TEMPORARILY,https://maps.google.com/?cid=17136750343960004601&g_mp=Cilnb29nbGUubWFwcy5wbGFjZXMudjEuUGxhY2VzLlNlYXJjaE5lYXJieRACGAQgAA,ChIJ7QQAKRUiDTkR-QdKuKT30e0
SAJANA SHOP,store,store|point_of_interest|establishment,080004 37047,,"SHOP NO 107, BANJARA MARKET, Sector 62, Gurugram, Haryana 122098, India",5,1,CLOSED_TEMPORARILY,https://maps.google.com/?cid=10651778585765456207&g_mp=Cilnb29nbGUubWFwcy5wbGFjZXMudjEuUGxhY2VzLlNlYXJjaE5lYXJieRACGAQgAA,ChIJKdA4Bv0jDTkRT6mpLjC40pM
Baljeet Singh,educational_institution,educational_institution|point_of_interest|establishment,098875 61191,,"Jmd Empire, Sector 62, Nangli Umarpur, Gurugram, Haryana 122098, India",4,2,OPERATIONAL,https://maps.google.com/?cid=7267229989195275163&g_mp=Cilnb29nbGUubWFwcy5wbGFjZXMudjEuUGxhY2VzLlNlYXJjaE5lYXJieRACGAQgAA,ChIJ-xmkbwwjDTkRm9sM9ytj2mQ
o/o- sha-shib groups,educational_institution,educational_institution|transportation_service|point_of_interest|establishment,096300 93680,http://shashibgroup.org/,"13/2, Nangli Umarpur Road, Ullahawas, Sector 62, Gurugram, Haryana 122098, India",4.9,8,OPERATIONAL,https://maps.google.com/?cid=579717812370381625&g_mp=Cilnb29nbGUubWFwcy5wbGFjZXMudjEuUGxhY2VzLlNlYXJjaE5lYXJieRACGAQgAA,ChIJweY3IWsiDTkROZtNZEeSCwg
Govind,travel_agency,travel_agency|service|point_of_interest|establishment,,https://youtube.com/@govindgovind8990?si=GA4fH5oivqGVzEBw,"Govind Soap, सेक्टर ६२, गुरुग्राम, हरियाणा 122098, India",5,27,OPERATIONAL,https://maps.google.com/?cid=9553868299885553674&g_mp=Cilnb29nbGUubWFwcy5wbGFjZXMudjEuUGxhY2VzLlNlYXJjaE5lYXJieRACGAQgAA,ChIJ_U44RY8jDTkRCiiLpZkoloQ
"Sha-Shib Aerospace Engineering (Approved by DGCA, Government of India)",university,university|school|educational_institution|transportation_service|point_of_interest|establishment,092891 35501,https://shashibaero.org/,"13/2,Nangli Umarpur, Golf Course Ext Rd, behind JMD Empire, Sector 62, Gurugram, Haryana 122098, India",4.1,35,OPERATIONAL,https://maps.google.com/?cid=8975010063739721461&g_mp=Cilnb29nbGUubWFwcy5wbGFjZXMudjEuUGxhY2VzLlNlYXJjaE5lYXJieRACGAQgAA,ChIJw0_XcvQjDTkR9RbD8BmkjXw
Rehan Cooling System,service,service|point_of_interest|establishment,,,"Nirvana Country, Hong Kong Bazaar Rd, Sector 49, Sector 57, Gurugram, Haryana 122098, India",5,1,CLOSED_TEMPORARILY,https://maps.google.com/?cid=10654727327340538942&g_mp=Cilnb29nbGUubWFwcy5wbGFjZXMudjEuUGxhY2VzLlNlYXJjaE5lYXJieRACGAQgAA,ChIJ3YNDFxUiDTkRPqzHlA0y3ZM
Md sameem ansari,public_bathroom,public_bathroom|point_of_interest|establishment,,,"C35H+M7G, Sector 62, Nangli Umarpur, Gurugram, Haryana 122098, India",5,2,OPERATIONAL,https://maps.google.com/?cid=7072322916992137741&g_mp=Cilnb29nbGUubWFwcy5wbGFjZXMudjEuUGxhY2VzLlNlYXJjaE5lYXJieRACGAQgAA,ChIJGYbafgAjDTkRDbor5DjwJWI
Transport Delhi NCR only,transportation_service,transportation_service|point_of_interest|establishment,,,"C34M+X6J, Sector 62, Nangli Umarpur, Gurugram, Haryana 122098, India",5,2,OPERATIONAL,https://maps.google.com/?cid=7218420643365554048&g_mp=Cilnb29nbGUubWFwcy5wbGFjZXMudjEuUGxhY2VzLlNlYXJjaE5lYXJieRACGAQgAA,ChIJSYm6PwAjDTkRgIcmj1T7LGQ
Shankar Dhaba,indian_restaurant,indian_restaurant|restaurant|point_of_interest|food|establishment,072508 32861,,"Shop No 1, near Gurugram, Sector 62, Gurugram, Haryana 122098, India",3,1,CLOSED_TEMPORARILY,https://maps.google.com/?cid=5106654829741524098&g_mp=Cilnb29nbGUubWFwcy5wbGFjZXMudjEuUGxhY2VzLlNlYXJjaE5lYXJieRACGAQgAA,ChIJ2y1SohcjDTkRgsRG7YJ73kY
Bamjara Market.sector.62 Gurgaon.Nangli.Umarpur.Gurugan.Haryana.122102,grocery_store,grocery_store|food_store|store|point_of_interest|food|establishment,,,"C34M+PCM, Nangli Umarpur Rd, Ullahawas, Baharampur Naya, Sector 62, Gurugram, Haryana 122098, India",4,1,CLOSED_TEMPORARILY,https://maps.google.com/?cid=16826150001715867049&g_mp=Cilnb29nbGUubWFwcy5wbGFjZXMudjEuUGxhY2VzLlNlYXJjaE5lYXJieRACGAQgAA,ChIJp2wUPgAjDTkRqW22HUd-guk
Sha shiba group of institution,university,university|educational_institution|point_of_interest|establishment,,,"C34M+PCM, Nangli Umarpur Rd, Sector 62, Nangli Umarpur, Gurugram, Haryana 122098, India",,,OPERATIONAL,https://maps.google.com/?cid=15923248875547441174&g_mp=Cilnb29nbGUubWFwcy5wbGFjZXMudjEuUGxhY2VzLlNlYXJjaE5lYXJieRACGAQgAA,ChIJE2mxZqcjDTkRFrgkwXy--tw
Saifi Interior Work,general_contractor,general_contractor|service|point_of_interest|establishment,,,"Nangli Umarpur Rd, Sector 62, Gurugram, Haryana 122001, India",5,2,OPERATIONAL,https://maps.google.com/?cid=2681890006445738830&g_mp=Cilnb29nbGUubWFwcy5wbGFjZXMudjEuUGxhY2VzLlNlYXJjaE5lYXJieRACGAQgAA,ChIJ_eXoIrcjDTkRTkveaMD8NyU
Yadav taxi service,taxi_service,taxi_service|service|transportation_service|point_of_interest|establishment,080593 21463,,"Nangli Umarpur Rd, Sector 62, Gurugram, Haryana 122098, India",4.9,39,OPERATIONAL,https://maps.google.com/?cid=1247972398905480082&g_mp=Cilnb29nbGUubWFwcy5wbGFjZXMudjEuUGxhY2VzLlNlYXJjaE5lYXJieRACGAQgAA,ChIJZblY7awjDTkRktNA5kiwURE
Knight Taxi Sevice,taxi_service,taxi_service|service|transportation_service|point_of_interest|establishment,083969 50420,,"Knight Taxi Sevice, Nangli Umarpur Rd, near Baba Bhumia Mandir, Village Ullhawas, Sector 61, Gurugram, Haryana 122011, India",5,3,OPERATIONAL,https://maps.google.com/?cid=1787444975022107978&g_mp=Cilnb29nbGUubWFwcy5wbGFjZXMudjEuUGxhY2VzLlNlYXJjaE5lYXJieRACGAQgAA,ChIJXY2vmH0jDTkRSu2_B7xHzhg
Apeksha Tour and Travels,taxi_service,taxi_service|service|transportation_service|point_of_interest|establishment,081303 27347,http://www.apekshatourandtravels.in/,"19/2/62, Marg, Sector 62, Gurugram, Haryana 122098, India",,,OPERATIONAL,https://maps.google.com/?cid=16576661630165758259&g_mp=Cilnb29nbGUubWFwcy5wbGFjZXMudjEuUGxhY2VzLlNlYXJjaE5lYXJieRACGAQgAA,ChIJiUWtpnUjDTkRM7Hg--whDOY
Yash ji travel,taxi_service,taxi_service|service|transportation_service|point_of_interest|establishment,095990 13719,,"Sector 62, Gurugram, Haryana 122098, India",5,7,OPERATIONAL,https://maps.google.com/?cid=596167766546454843&g_mp=Cilnb29nbGUubWFwcy5wbGFjZXMudjEuUGxhY2VzLlNlYXJjaE5lYXJieRACGAQgAA,ChIJF05VeQAjDTkROxmKz2wDRgg
Kaiden2Kats Foundation,pet_boarding_service,pet_boarding_service|dog_park|park|pet_store|pet_care|non_profit_organization|association_or_organization|service|store|point_of_interest|establishment,097179 65519,http://www.kaiden2kats.in/,"Gali no 1, kila number 14, Nangli Umarpur Rd, Sector 62, Gurugram, Haryana 122101, India",4.8,129,OPERATIONAL,https://maps.google.com/?cid=14533306311274438557&g_mp=Cilnb29nbGUubWFwcy5wbGFjZXMudjEuUGxhY2VzLlNlYXJjaE5lYXJieRACGAQgAA,ChIJlxOluPMjDTkRnZ903xatsMk
Karmu taxi,taxi_service,taxi_service|service|transportation_service|point_of_interest|establishment,,,"C34M+MC7, Sector 62, Gurugram, Haryana 122098, India",5,1,OPERATIONAL,https://maps.google.com/?cid=6610194865945417308&g_mp=Cilnb29nbGUubWFwcy5wbGFjZXMudjEuUGxhY2VzLlNlYXJjaE5lYXJieRACGAQgAA,ChIJ0SbLWwAjDTkRXJbJUDUhvFs
फार्म,point_of_interest,point_of_interest|establishment,,,"13, Sector 62 Marg, Sector 62, Gurugram, Haryana 122098, India",,,CLOSED_TEMPORARILY,https://maps.google.com/?cid=13235170345653609580&g_mp=Cilnb29nbGUubWFwcy5wbGFjZXMudjEuUGxhY2VzLlNlYXJjaE5lYXJieRACGAQgAA,ChIJhflIVwAjDTkRbKR3ck7FrLc
Lucky tour & travel,,point_of_interest|establishment,092114 61966,,"Sector 62, Gurugram, Haryana 122002, India",,,OPERATIONAL,https://maps.google.com/?cid=33666419221516077&g_mp=Cilnb29nbGUubWFwcy5wbGFjZXMudjEuUGxhY2VzLlNlYXJjaE5lYXJieRACGAQgAA,ChIJM6Rdy_gjDTkRLc-ODm6bdwA
Naresh tours &travels,taxi_service,taxi_service|service|transportation_service|point_of_interest|establishment,099715 57984,,"Sector 62, Nangli Umarpur, Gurugram, Haryana 122098, India",5,2,OPERATIONAL,https://maps.google.com/?cid=3557960740842630935&g_mp=Cilnb29nbGUubWFwcy5wbGFjZXMudjEuUGxhY2VzLlNlYXJjaE5lYXJieRACGAQgAA,ChIJI3SS5WojDTkRF--1YnFqYDE
Emaar New Project Sector 62,apartment_building,apartment_building|service|point_of_interest|establishment,,https://jaguarlandbase.com/emaar-urban-oasis-sector-62-gurgaon,"C34J+PW9, Sector 62, Nangli Umarpur, Gurugram, Haryana 122098, India",5,3,OPERATIONAL,https://maps.google.com/?cid=6276581924142802101&g_mp=Cilnb29nbGUubWFwcy5wbGFjZXMudjEuUGxhY2VzLlNlYXJjaE5lYXJieRACGAQgAA,ChIJIWjevBojDTkRtWQrWAHmGlc
"पायनियर बिजनेस पार्क 2, febricetr",park,park|point_of_interest|establishment,,,"C34J+PW9, Sector 62, Gurugram, Haryana 122098, India",,,OPERATIONAL,https://maps.google.com/?cid=8638036792138220203&g_mp=Cilnb29nbGUubWFwcy5wbGFjZXMudjEuUGxhY2VzLlNlYXJjaE5lYXJieRACGAQgAA,ChIJSRgRPq4jDTkRq0InOLJ44Hc
MD SAAKIR FARHAN TAXI STAND,association_or_organization,association_or_organization|service|point_of_interest|establishment,,,"C34J+PW9, Sector 62, Nangli Umarpur, Gurugram, Haryana 122098, India",,,OPERATIONAL,https://maps.google.com/?cid=17429203175600277508&g_mp=Cilnb29nbGUubWFwcy5wbGFjZXMudjEuUGxhY2VzLlNlYXJjaE5lYXJieRACGAQgAA,ChIJ9UhLUwAjDTkRBMjDv_H34PE
Neem School,educational_institution,educational_institution|point_of_interest|establishment,,,"C34J+PW9, Sector 62, Nangli Umarpur, Gurugram, Haryana 122098, India",5,2,CLOSED_TEMPORARILY,https://maps.google.com/?cid=7414893749520775539&g_mp=Cilnb29nbGUubWFwcy5wbGFjZXMudjEuUGxhY2VzLlNlYXJjaE5lYXJieRACGAQgAA,ChIJq6qqqhUiDTkRczlzU5T-5mY
Airspace Tutorial Institute,university,university|educational_institution|point_of_interest|establishment,,,"C34J+PW9, Sector 62, Nangli Umarpur, Gurugram, Haryana 122098, India",,,OPERATIONAL,https://maps.google.com/?cid=7693310627849892615&g_mp=Cilnb29nbGUubWFwcy5wbGFjZXMudjEuUGxhY2VzLlNlYXJjaE5lYXJieRACGAQgAA,ChIJnboDuq8jDTkRB_O6T0EhxGo
Stylish Look,clothing_store,point_of_interest|clothing_store|store|establishment,090504 35510,,"10, Stylish Look, Emaar Digi Homes, Sector 62, Gurugram, Haryana 122098, India",5,1,OPERATIONAL,https://maps.google.com/?cid=75617779110153756&g_mp=Cilnb29nbGUubWFwcy5wbGFjZXMudjEuUGxhY2VzLlNlYXJjaE5lYXJieRACGAQgAA,ChIJTY7iZcAjDTkRHI6QLvilDAE
Expert concrete,general_contractor,general_contractor|point_of_interest|service|establishment,,,"C35P+4X6, Sector 62, Gurugram, Haryana 122098, India",5,1,OPERATIONAL,https://maps.google.com/?cid=2714908072061805178&g_mp=Cilnb29nbGUubWFwcy5wbGFjZXMudjEuUGxhY2VzLlNlYXJjaE5lYXJieRACGAQgAA,ChIJtQDENgAjDTkReqIV4YFKrSU
"Kalagya Agency for Pantry Boys, House Keeping, Drivers, Cook, Waiters",employment_agency,employment_agency|point_of_interest|service|establishment,,,"C35P+CXW, CRPF Rd, near Rajesh Pilot Chowk, Sector 62, Gurugram, Haryana 122098, India",,,OPERATIONAL,https://maps.google.com/?cid=612805900037965592&g_mp=Cilnb29nbGUubWFwcy5wbGFjZXMudjEuUGxhY2VzLlNlYXJjaE5lYXJieRACGAQgAA,ChIJJ-kpMU0jDTkRGMcGJLgfgQg
Amit Taxi Service,taxi_service,taxi_service|point_of_interest|transportation_service|service|establishment,,http://www.arcabs.com/,"C34P+G36, Sector 62, Nangli Umarpur, Gurugram, Haryana 122098, India",4.9,7,OPERATIONAL,https://maps.google.com/?cid=16295309137494458251&g_mp=Cilnb29nbGUubWFwcy5wbGFjZXMudjEuUGxhY2VzLlNlYXJjaE5lYXJieRACGAQgAA,ChIJTxUQJKYjDTkRi7-IBVORJOI
Balaji general Store,general_store,general_store|food_store|food|point_of_interest|store|establishment,,,"C34P+G36, Sector 62, Nangli Umarpur, Gurugram, Haryana 122098, India",,,OPERATIONAL,https://maps.google.com/?cid=4612234320601061065&g_mp=Cilnb29nbGUubWFwcy5wbGFjZXMudjEuUGxhY2VzLlNlYXJjaE5lYXJieRACGAQgAA,ChIJv9_fJAAjDTkRyZZKjK3yAUA
Pooch Pet Resort Gurgaon | Dog Boarding | Day Care | Dog Park,pet_boarding_service,pet_boarding_service|pet_care|point_of_interest|service|establishment,070650 00256,https://poochpetresort.com/,"Kila No. 19, near Paras Trinity, Sector 62, Nangli Umarpur, Gurugram, Haryana 122001, India",4.9,279,OPERATIONAL,https://maps.google.com/?cid=5144002218802946473&g_mp=Cilnb29nbGUubWFwcy5wbGFjZXMudjEuUGxhY2VzLlNlYXJjaE5lYXJieRACGAQgAA,ChIJy9HvUQcjDTkRqSGSj8MqY0c
Cafe Nutri Plus,cafe,cafe|family_restaurant|restaurant|food|point_of_interest|establishment,,,"First Floor, Play.All Badminton Academy,CRPF Road, near Golf Course Ext Rd, opposite Heritage School, Sector 62, Gurugram, Haryana 122098, India",5,213,CLOSED_TEMPORARILY,https://maps.google.com/?cid=18234917008640562210&g_mp=Cilnb29nbGUubWFwcy5wbGFjZXMudjEuUGxhY2VzLlNlYXJjaE5lYXJieRACGAQgAA,ChIJDWkQuPMjDTkRItS_GGhwD_0
Umarkote Gurgaon,place_of_worship,place_of_worship|association_or_organization|point_of_interest|establishment,,,"C34M+JPW, Sector 62, Nangli Umarpur, Gurugram, Haryana 122098, India",,,OPERATIONAL,https://maps.google.com/?cid=16551682614688835263&g_mp=Cilnb29nbGUubWFwcy5wbGFjZXMudjEuUGxhY2VzLlNlYXJjaE5lYXJieRACGAQgAA,ChIJb9DSLwAjDTkRv2aJu6Rjs-U
"Abhilash Ghadei , Speech Language and Swallowing Therapist (Speech Swallow and Voice Therapy)",health,point_of_interest|health|establishment,,https://abhilashghadeispeechlanguage.blogspot.com/?m=1,"608, Tower 5, Pivotal Paradise, Sector 62, Gurugram, Haryana 122098, India",5,30,OPERATIONAL,https://maps.google.com/?cid=3867837439386146499&g_mp=Cilnb29nbGUubWFwcy5wbGFjZXMudjEuUGxhY2VzLlNlYXJjaE5lYXJieRACGAQgAA,ChIJoX2DizsjDTkRw1aRj6hRrTU
WellCare Pharmacy,pharmacy,pharmacy|point_of_interest|health|store|establishment,,,"Shop No. 2, Pivotal Paradise, Sector 62, Gurugram, Haryana 122102, India",5,9,OPERATIONAL,https://maps.google.com/?cid=11141223879810561709&g_mp=Cilnb29nbGUubWFwcy5wbGFjZXMudjEuUGxhY2VzLlNlYXJjaE5lYXJieRACGAQgAA,ChIJaQU_HgAjDTkRrTY1BxeUnZo
Pivotal Paradise,service,point_of_interest|service|establishment,,,"Pivotal Paradise, Sector 62, Gurugram, Haryana 122101, India",2.3,3,OPERATIONAL,https://maps.google.com/?cid=12323949068477852029&g_mp=Cilnb29nbGUubWFwcy5wbGFjZXMudjEuUGxhY2VzLlNlYXJjaE5lYXJieRACGAQgAA,ChIJs5QoFgAjDTkRfemg-GF2B6s
Pivotal Paradise Tower 2,apartment_building,apartment_building|point_of_interest|service|establishment,,,"Tower 4, C34Q+99M Tower 5, Pivotal Paradise, Golf Course Ext Rd, Sector 62, Nangli Umarpur, Gurugram, Haryana 122098, India",3.7,3,OPERATIONAL,https://maps.google.com/?cid=9395503082214045647&g_mp=Cilnb29nbGUubWFwcy5wbGFjZXMudjEuUGxhY2VzLlNlYXJjaE5lYXJieRACGAQgAA,ChIJ8fq_BgAjDTkRz7d0FUaIY4I
Sochmat-By Fitfuel,fast_food_restaurant,fast_food_restaurant|restaurant|food|point_of_interest|establishment,095606 71963,http://www.sochmat.com/,"Shop No 18, Pivotal Paradise, Golf Course Ext Rd, Sector 62, Gurugram, Haryana 122098, India",5,3,OPERATIONAL,https://maps.google.com/?cid=15325105675382056052&g_mp=Cilnb29nbGUubWFwcy5wbGFjZXMudjEuUGxhY2VzLlNlYXJjaE5lYXJieRACGAQgAA,ChIJL50FYgAjDTkRdGR4dmq2rdQ
NestAra Realty,real_estate_agency,real_estate_agency|point_of_interest|service|establishment,,,"Shop no.1, Pivotal Paradise, Sector 62, Gurugram, Haryana 122098, India",,,OPERATIONAL,https://maps.google.com/?cid=12973048185728648174&g_mp=Cilnb29nbGUubWFwcy5wbGFjZXMudjEuUGxhY2VzLlNlYXJjaE5lYXJieRACGAQgAA,ChIJwwE9TKQjDTkR7sNhPJeGCbQ
Cleanomatics,laundry,laundry|point_of_interest|service|establishment,078272 72610,https://www.cleanomatics.com/,"near Fur Ball Story Pet Retreat, Golf Course Ext Rd, Sector 62, Nangli Umarpur, Gurugram, Haryana 122098, India",3.8,16,OPERATIONAL,https://maps.google.com/?cid=6369336070224807335&g_mp=Cilnb29nbGUubWFwcy5wbGFjZXMudjEuUGxhY2VzLlNlYXJjaE5lYXJieRACGAQgAA,ChIJzarD35cjDTkRpwXV4GhtZFg
Chic 1-bedroom apartment with fitness room and AC in brilliant Gurugram,lodging,lodging|point_of_interest|establishment,,,"Sector 62, Gurugram, Haryana 122098, India",,,OPERATIONAL,https://maps.google.com/?cid=12724677483489530476&g_mp=Cilnb29nbGUubWFwcy5wbGFjZXMudjEuUGxhY2VzLlNlYXJjaE5lYXJieRACGAQgAA,ChIJaYx4nhciDTkRbBLOxMAil7A
"Indira Gandhi Eye Hospital: Best Eye hospital in Gurgaon, Lasik Surgery, Cataract Surgery",medical_clinic,hospital|medical_clinic|health|service|point_of_interest|establishment,096676 20071,,"Sector 62, Gurugram, Haryana 122098, India",4.6,559,OPERATIONAL,https://maps.google.com/?cid=13756661151280702046&g_mp=Cilnb29nbGUubWFwcy5wbGFjZXMudjEuUGxhY2VzLlNlYXJjaE5lYXJieRACGAQgAA,ChIJO0nWhhciDTkRXqKAYW566b4
Gurugram Fabrication,service,service|point_of_interest|establishment,096348 67512,https://www.gurugramfabrication.shop/,"Ullawas Dhani Rd, near by Indira Gandhi Eye Hospital, Gaon, Sector 62, Gurugram, Haryana 122102, India",4.4,5,OPERATIONAL,https://maps.google.com/?cid=14719939408398436969&g_mp=Cilnb29nbGUubWFwcy5wbGFjZXMudjEuUGxhY2VzLlNlYXJjaE5lYXJieRACGAQgAA,ChIJf9DHWXQjDTkRacrcAOe6R8w
Furnish Creations,furniture_store,furniture_store|home_improvement_store|home_goods_store|store|manufacturer|service|point_of_interest|establishment,087003 22846,https://furnishcreations.in/,"near Indira Gandhi Eye Hospital, Sector 62, Gurugram, Haryana 122102, India",5,6,OPERATIONAL,https://maps.google.com/?cid=5686547156797217384&g_mp=Cilnb29nbGUubWFwcy5wbGFjZXMudjEuUGxhY2VzLlNlYXJjaE5lYXJieRACGAQgAA,ChIJh8A35H_2iUURaNpnr4Ks6k4
Arsan Air Conditioner,store,store|point_of_interest|establishment,099915 84470,,"Indira Gandhi Eye Hospital, Sector 62, Gurugram, Haryana 122102, India",,,OPERATIONAL,https://maps.google.com/?cid=7994786523656759548&g_mp=Cilnb29nbGUubWFwcy5wbGFjZXMudjEuUGxhY2VzLlNlYXJjaE5lYXJieRACGAQgAA,ChIJP4jhF2sjDTkR_CikLfwv824
"Dr Divya Rajsrinivas, Specialist in Adult and Pediatric Glaucoma & Cataract in Gurgaon",hospital,hospital|health|service|point_of_interest|establishment,099588 48641,https://glaucoma.indiragandhieyehospital.com/,"Room No 6, Institute of Glaucoma, Indira Gandhi Eye Hospital, Golf Course Ext Rd, near Heritage School, Sector 62, Gurugram, Haryana 122098, India",5,4,OPERATIONAL,https://maps.google.com/?cid=10416131390310326494&g_mp=Cilnb29nbGUubWFwcy5wbGFjZXMudjEuUGxhY2VzLlNlYXJjaE5lYXJieRACGAQgAA,ChIJVw6FG7MjDTkR3iA-_U-IjZA
Dr Himani Manral - Consultant Ophthalmologist | Eye Specialist | Cataract Surgeon,medical_clinic,medical_clinic|health|point_of_interest|establishment,092664 50844,,"Indira Gandhi Eye Hospital, and Research Centre, IGEHRC), Heritage Experiential School, Sector 62, Gurugram, Haryana 122012, India",5,12,OPERATIONAL,https://maps.google.com/?cid=3230237730544641078&g_mp=Cilnb29nbGUubWFwcy5wbGFjZXMudjEuUGxhY2VzLlNlYXJjaE5lYXJieRACGAQgAA,ChIJ036msU0jDTkRNmQt9Rkc1Cw
Bharat UPVC Aluminium & Glass,building_materials_store,building_materials_store|store|point_of_interest|establishment,,,"CRPF Rd, near Indira Gandhi Eye Hospital, Ullahawas, Baharampur Naya, Sector 61, Gurugram, Haryana 122098, India",,,CLOSED_TEMPORARILY,https://maps.google.com/?cid=11011464225456247830&g_mp=Cilnb29nbGUubWFwcy5wbGFjZXMudjEuUGxhY2VzLlNlYXJjaE5lYXJieRACGAQgAA,ChIJETQAB2AjDTkRFtQ9L1-U0Jg
Dr. Sanjay Dhawan - Eye Specialist Doctor In Delhi Gurgaon,doctor,doctor|medical_clinic|health|point_of_interest|establishment,098100 09144,http://sdhawan.com/,"Indira Gandhi Eye Hospital, Golf Course Ext Rd, near Heritage School, Sector 62, Gurugram, Haryana 122098, India",4.6,184,OPERATIONAL,https://maps.google.com/?cid=10860001642147642734&g_mp=Cilnb29nbGUubWFwcy5wbGFjZXMudjEuUGxhY2VzLlNlYXJjaE5lYXJieRACGAQgAA,ChIJq6qq5ov6DDkRbn1ebPR5tpY
Dr Kalpana Sangwan |Retina Surgeon|Retina Surgery|Retina Lasers|Retina Injections|Best Retina Surgeon in Gurugram,doctor,doctor|hospital|medical_clinic|health|service|point_of_interest|establishment,096676 20071,,"Indira Gandhi Eye Hospital &, Research Centre, Sector 62, Gurugram, Haryana 122098, India",5,4,OPERATIONAL,https://maps.google.com/?cid=8639291428114040958&g_mp=Cilnb29nbGUubWFwcy5wbGFjZXMudjEuUGxhY2VzLlNlYXJjaE5lYXJieRACGAQgAA,ChIJt6Pz7SEjDTkRfojQ68ft5Hc
Royal Green Realty,general_contractor,general_contractor|service|point_of_interest|establishment,084000 10060,https://royalgreenrealty.com/,"C35R+53M, Sector 62, Gurugram, Haryana 122098, India",2.5,49,OPERATIONAL,https://maps.google.com/?cid=5121581653823919437&g_mp=Cilnb29nbGUubWFwcy5wbGFjZXMudjEuUGxhY2VzLlNlYXJjaE5lYXJieRACGAQgAA,ChIJ60Bqx6QjDTkRTRVV_GCDE0c
"Main Gate, Pivotal Paradise",housing_complex,housing_complex|service|point_of_interest|establishment,,,"Tower 4, C34Q+JMF Tower 5, Pivotal Paradise, Golf Course Ext Rd, Sector 62, Gurugram, Haryana 122098, India",3,2,OPERATIONAL,https://maps.google.com/?cid=12260420627903151016&g_mp=Cilnb29nbGUubWFwcy5wbGFjZXMudjEuUGxhY2VzLlNlYXJjaE5lYXJieRACGAQgAA,ChIJjdy8ZgAjDTkRqPsJQ5rDJao
GOOD LOOK BEAUTY SALON,beauty_salon,beauty_salon|service|point_of_interest|establishment,,,"SHOP NO 03, Pivotal Paradise, near Indira Gandhi Eye Hospital, Sector 62, Gurugram, Haryana 122098, India",4.4,9,OPERATIONAL,https://maps.google.com/?cid=10625626601343152284&g_mp=Cilnb29nbGUubWFwcy5wbGFjZXMudjEuUGxhY2VzLlNlYXJjaE5lYXJieRACGAQgAA,ChIJkyDOYBMjDTkRnPD_0BjPdZM
The Moustache Kings,barber_shop,barber_shop|hair_care|health|service|point_of_interest|establishment,074114 58214,,"Shop no 4, Pivotal Paradise, Sector 62, Gurugram, Haryana 122002, India",5,27,OPERATIONAL,https://maps.google.com/?cid=5523505919630064347&g_mp=Cilnb29nbGUubWFwcy5wbGFjZXMudjEuUGxhY2VzLlNlYXJjaE5lYXJieRACGAQgAA,ChIJv7rKzuQjDTkR2zpRfl5vp0w
Nambardar property's,real_estate_agency,real_estate_agency|service|point_of_interest|establishment,,,"Pivotal Paradise, Golf Course Ext Rd, Sector 62, Gurugram, Haryana 122101, India",5,2,OPERATIONAL,https://maps.google.com/?cid=6807928561946952162&g_mp=Cilnb29nbGUubWFwcy5wbGFjZXMudjEuUGxhY2VzLlNlYXJjaE5lYXJieRACGAQgAA,ChIJJ9nBNAAjDTkR4oEVB_Weel4
Pivotal Paradise,general_contractor,general_contractor|service|association_or_organization|point_of_interest|establishment,,http://www.affordablehomesindia.com/,"Golf Course Ext Rd, Sector 62, Gurugram, Haryana 122098, India",3.3,204,OPERATIONAL,https://maps.google.com/?cid=5348098749322477516&g_mp=Cilnb29nbGUubWFwcy5wbGFjZXMudjEuUGxhY2VzLlNlYXJjaE5lYXJieRACGAQgAA,ChIJlyqWOBciDTkRzL8TIXpDOEo
Courtyard 62,shopping_mall,shopping_mall|point_of_interest|establishment,099102 77884,,"near PIONEER PARK, Sector 62, Gurugram, Haryana 122098, India",4.3,4,OPERATIONAL,https://maps.google.com/?cid=13236338993002613100&g_mp=Cilnb29nbGUubWFwcy5wbGFjZXMudjEuUGxhY2VzLlNlYXJjaE5lYXJieRACGAQgAA,ChIJI9_BQBoiDTkRbImSXC_ssLc
Whitewood,association_or_organization,service|association_or_organization|point_of_interest|establishment,,,"Greenwood Enclave, 37, Golf Course Ext Rd, near Royal Greens, Sector 57, Gurugram, Haryana 122098, India",5,1,OPERATIONAL,https://maps.google.com/?cid=9823069983978059623&g_mp=Cilnb29nbGUubWFwcy5wbGFjZXMudjEuUGxhY2VzLlNlYXJjaE5lYXJieRACGAQgAA,ChIJvWBfNAAjDTkRZ3fQBhuOUog
Neha cosmetic and Beauty collection,cosmetics_store,cosmetics_store|store|point_of_interest|establishment,,,"83, Main Rd, Ullahawas, Baharampur Naya, Sector 61, Gurugram, Haryana 122098, India",5,2,OPERATIONAL,https://maps.google.com/?cid=8633375773775004825&g_mp=Cilnb29nbGUubWFwcy5wbGFjZXMudjEuUGxhY2VzLlNlYXJjaE5lYXJieRACGAQgAA,ChIJYd9xPgAjDTkRmYRSUIbpz3c
Rakesh ambawata home 163,association_or_organization,association_or_organization|service|point_of_interest|establishment,,,"59, Ullahawas, Baharampur Naya, Sector 61, Gurugram, Haryana 122098, India",,,OPERATIONAL,https://maps.google.com/?cid=1190107752721942466&g_mp=Cilnb29nbGUubWFwcy5wbGFjZXMudjEuUGxhY2VzLlNlYXJjaE5lYXJieRACGAQgAA,ChIJi0CWYwAjDTkRwgduFbIchBA
Dev General Store pr. Dholaram Gurjar,grocery_store,grocery_store|food_store|store|point_of_interest|food|establishment,,,"C34R+VV9, Ullahawas, Baharampur Naya, Sector 61, Gurugram, Haryana 122098, India",4.4,39,OPERATIONAL,https://maps.google.com/?cid=4812885970923749514&g_mp=Cilnb29nbGUubWFwcy5wbGFjZXMudjEuUGxhY2VzLlNlYXJjaE5lYXJieRACGAQgAA,ChIJ-WAeKgAjDTkRigBfcUrOykI
RLS BHAVAN,association_or_organization,association_or_organization|service|point_of_interest|establishment,,,"47, Main Rd, Ullahawas, Baharampur Naya, Sector 61, Gurugram, Haryana 122098, India",4,2,OPERATIONAL,https://maps.google.com/?cid=7872421916736617658&g_mp=Cilnb29nbGUubWFwcy5wbGFjZXMudjEuUGxhY2VzLlNlYXJjaE5lYXJieRACGAQgAA,ChIJF-bCYQAjDTkRuvwV_QV2QG0
Glass Clinic Gurugram,car_repair,car_repair|service|point_of_interest|establishment,,https://www.glassclinic.co.in/,"near Nexa Showroom, Ullahawas, Baharampur Naya, Sector 61, Gurugram, Haryana 122001, India",,,CLOSED_TEMPORARILY,https://maps.google.com/?cid=10697404803872336361&g_mp=Cilnb29nbGUubWFwcy5wbGFjZXMudjEuUGxhY2VzLlNlYXJjaE5lYXJieRACGAQgAA,ChIJF6f8AZ0jDTkR6Sle6f3QdJQ
LRL NIVAS,storage,storage|point_of_interest|establishment,,,"49, Main Rd, Ullahawas, Baharampur Naya, Sector 61, Gurugram, Haryana 122098, India",5,1,OPERATIONAL,https://maps.google.com/?cid=1164619064010539726&g_mp=Cilnb29nbGUubWFwcy5wbGFjZXMudjEuUGxhY2VzLlNlYXJjaE5lYXJieRACGAQgAA,ChIJlYZHbgAjDTkRzgL_SN6OKRA
Jaquar Authorised Dealer - Design & Style - MYK Laticrete & Wallpaper,home_improvement_store,building_materials_store|car_dealer|home_improvement_store|home_goods_store|store|point_of_interest|establishment,093132 66928,,"Shop No. 25, Ullahawas, Baharampur Naya, Sector 61, Gurugram, Haryana 122001, India",4.9,47,OPERATIONAL,https://maps.google.com/?cid=3275135616641134055&g_mp=Cilnb29nbGUubWFwcy5wbGFjZXMudjEuUGxhY2VzLlNlYXJjaE5lYXJieRACGAQgAA,ChIJ72D0YrgZDTkR5-0frX2ecy0
Shubham Plywood,store,store|point_of_interest|establishment,,,"CRPF Rd, Ullahawas, Baharampur Naya, Sector 62, Gurugram, Haryana 122098, India",5,2,OPERATIONAL,https://maps.google.com/?cid=17707206234767611032&g_mp=Cilnb29nbGUubWFwcy5wbGFjZXMudjEuUGxhY2VzLlNlYXJjaE5lYXJieRACGAQgAA,ChIJvY3QhMcjDTkRmNTn80CivPU
S.K ELECTRICAL,electronics_store,electronics_store|store|point_of_interest|establishment,099917 55110,,"C35R+3V9, CRPF Rd, Ullahawas, Baharampur Naya, Sector 62, Gurugram, Haryana 122098, India",5,1,OPERATIONAL,https://maps.google.com/?cid=11738630599020305334&g_mp=Cilnb29nbGUubWFwcy5wbGFjZXMudjEuUGxhY2VzLlNlYXJjaE5lYXJieRACGAQgAA,ChIJL25SkGQjDTkRttsi_FX-56I
Manish Thakur,car_repair,car_repair|service|point_of_interest|establishment,096674 90852,,"12, Vill.Ullawas, Ullahawas, Baharampur Naya, Sector 62, Gurugram, Haryana 122098, India",5,1,OPERATIONAL,https://maps.google.com/?cid=1848972901853448440&g_mp=Cilnb29nbGUubWFwcy5wbGFjZXMudjEuUGxhY2VzLlNlYXJjaE5lYXJieRACGAQgAA,ChIJ9T1YrO8jDTkR-EhM1g7fqBk
Himveer Pg,hotel,hotel|lodging|point_of_interest|establishment,090503 66773,,"61, opposite Indira Gandhi Eye Hospital, Ullahawas, Baharampur Naya, Sector 61, Gurugram, Haryana 122098, India",5,4,OPERATIONAL,https://maps.google.com/?cid=1549377301649144964&g_mp=Cilnb29nbGUubWFwcy5wbGFjZXMudjEuUGxhY2VzLlNlYXJjaE5lYXJieRACGAQgAA,ChIJsR5HTbkjDTkRhLzZZ3J-gBU
Indian PG for Girls and Boys,apartment_complex,apartment_complex|service|point_of_interest|establishment,,,"C34R+RV5, Ullahawas, Baharampur Naya, Sector 61, Gurugram, Haryana 122098, India",2.9,7,OPERATIONAL,https://maps.google.com/?cid=12311839404101779847&g_mp=Cilnb29nbGUubWFwcy5wbGFjZXMudjEuUGxhY2VzLlNlYXJjaE5lYXJieRACGAQgAA,ChIJMVjXdwAjDTkRh8EkBbVw3Ko
Neha cosmetic and Beauty collection,cosmetics_store,cosmetics_store|store|point_of_interest|establishment,,,"Gali, Street No. 2, near mitha kuan, Ullahawas, Baharampur Naya, Sector 61, Gurugram, Haryana 122101, India",5,2,OPERATIONAL,https://maps.google.com/?cid=4079194892713485192&g_mp=Cilnb29nbGUubWFwcy5wbGFjZXMudjEuUGxhY2VzLlNlYXJjaE5lYXJieRACGAQgAA,ChIJuQ49WgAjDTkRiGPGdSQ2nDg
Second home,hotel,hotel|lodging|point_of_interest|establishment,,,"C34V+M9H, Ullahawas, Baharampur Naya, Sector 61, Gurugram, Haryana 122098, India",,,OPERATIONAL,https://maps.google.com/?cid=12068131674038574980&g_mp=Cilnb29nbGUubWFwcy5wbGFjZXMudjEuUGxhY2VzLlNlYXJjaE5lYXJieRACGAQgAA,ChIJNzRUNAAjDTkRhJ-1XdGdeqc
Jai bhagwan Ambawat s/o ganpat singh,association_or_organization,association_or_organization|service|point_of_interest|establishment,,,"Ullawas, C35V+2GW, Ullahawas, Baharampur Naya, Sector 62, Gurugram, Haryana 122098, India",,,OPERATIONAL,https://maps.google.com/?cid=7720845676802222903&g_mp=Cilnb29nbGUubWFwcy5wbGFjZXMudjEuUGxhY2VzLlNlYXJjaE5lYXJieRACGAQgAA,ChIJaVOvbgAjDTkRNytoezz0JWs
Rental House,apartment_complex,apartment_complex|service|point_of_interest|establishment,,,"Indira Gandhi Eye Hospital, Ullahawas, Baharampur Naya, Sector 62, Gurugram, Haryana 122098, India",5,1,OPERATIONAL,https://maps.google.com/?cid=9855675833547646060&g_mp=Cilnb29nbGUubWFwcy5wbGFjZXMudjEuUGxhY2VzLlNlYXJjaE5lYXJieRACGAQgAA,ChIJ60G1DoMjDTkRbGQC-PNkxog
A one Glass House,,point_of_interest|establishment,070424 31802,,"CRPF Rd, opp. Indira Gandhi Eye Hospital, Ullahawas, ullawas, Sector 61, Gurugram, Haryana 122098, India",5,7,OPERATIONAL,https://maps.google.com/?cid=5748659679810941156&g_mp=Cilnb29nbGUubWFwcy5wbGFjZXMudjEuUGxhY2VzLlNlYXJjaE5lYXJieRACGAQgAA,ChIJPwC-y6EjDTkR5PC9ZYVXx08
MRF T&S - Shri Shyam Ji Tyre Hub,tire_shop,tire_shop|auto_parts_store|car_repair|service|store|point_of_interest|establishment,098992 66165,https://dealers.mrftyres.com/mrf-t-s-shri-shyam-ji-tyre-hub-tyre-shop-sector-62-gurugram-374526/Home?utm_source=locator&utm_medium=googleplaces,"Shop No 1, CRPF Rd, near Renault Showroom, Ullahawas, Baharampur Naya, Sector 62, Gurugram, Haryana 122098, India",5,1387,OPERATIONAL,https://maps.google.com/?cid=10116442502566966230&g_mp=Cilnb29nbGUubWFwcy5wbGFjZXMudjEuUGxhY2VzLlNlYXJjaE5lYXJieRACGAQgAA,ChIJVahT4VEjDTkR1vMqXNvSZIw
Ch Sher Singh Ambawata house,housing_complex,housing_complex|service|point_of_interest|establishment,,,"C34V+MCQ, Ullahawas, Baharampur Naya, Sector 61, Gurugram, Haryana 122098, India",,,OPERATIONAL,https://maps.google.com/?cid=11011994563438814738&g_mp=Cilnb29nbGUubWFwcy5wbGFjZXMudjEuUGxhY2VzLlNlYXJjaE5lYXJieRACGAQgAA,ChIJtQiLEgAjDTkREqZNHrZ20pg
The Terrific,employment_agency,employment_agency|service|point_of_interest|establishment,073034 96585,,"6, Wuuwuwusisis, Ullahawas, Baharampur Naya, Sector 61, Gurugram, Haryana 122098, India",,,OPERATIONAL,https://maps.google.com/?cid=11717038163400129125&g_mp=Cilnb29nbGUubWFwcy5wbGFjZXMudjEuUGxhY2VzLlNlYXJjaE5lYXJieRACGAQgAA,ChIJFyn6ORgiDTkRZfooTSFIm6I
Lakhiram farm house,housing_complex,housing_complex|point_of_interest|service|establishment,,,"C34W+WG5 Arun ambawata house, near Tej general store, Ullahawas, Baharampur Naya, Sector 61, Gurugram, Haryana 122098, India",5,3,OPERATIONAL,https://maps.google.com/?cid=2371971400268872844&g_mp=Cilnb29nbGUubWFwcy5wbGFjZXMudjEuUGxhY2VzLlNlYXJjaE5lYXJieRACGAQgAA,ChIJC4MduZkjDTkRjHxp2mvv6iA
MUKESH KAMAT,service,point_of_interest|service|establishment,075459 64011,,"MUKESH KAMAT, Ullahawas, Baharampur Naya, Sector 61, Gurugram, Haryana 122098, India",5,1,OPERATIONAL,https://maps.google.com/?cid=6805964163689132001&g_mp=Cilnb29nbGUubWFwcy5wbGFjZXMudjEuUGxhY2VzLlNlYXJjaE5lYXJieRACGAQgAA,ChIJI3wO_aYjDTkR4a-66likc14
"Hiresh Placement Agency- Pantry Boys, Cook, House Keeping, Drivers, Waiters",employment_agency,employment_agency|point_of_interest|service|establishment,,,"C34W+VHP, near Sri Balaji Cable TV Network, Ullahawas, Baharampur Naya, Sector 61, Gurugram, Haryana 122098, India",,,OPERATIONAL,https://maps.google.com/?cid=15104866599325991526&g_mp=Cilnb29nbGUubWFwcy5wbGFjZXMudjEuUGxhY2VzLlNlYXJjaE5lYXJieRACGAQgAA,ChIJ51qTh3EjDTkRZgJ9oCREn9E
Durga Home 🏡,apartment_building,apartment_building|point_of_interest|service|establishment,,,"Durga house, Ullahawas, Baharampur Naya, Sector 62, Gurugram, Haryana 122098, India",,,OPERATIONAL,https://maps.google.com/?cid=14833321497181237088&g_mp=Cilnb29nbGUubWFwcy5wbGFjZXMudjEuUGxhY2VzLlNlYXJjaE5lYXJieRACGAQgAA,ChIJD2t6YgAjDTkRYC-ntk-L2s0
महादेव के पाश,bar,bar|point_of_interest|establishment,,,"Ullahawas, Baharampur Naya, Sector 61, Gurugram, Haryana 122098, India",,,CLOSED_TEMPORARILY,https://maps.google.com/?cid=9163721191369105317&g_mp=Cilnb29nbGUubWFwcy5wbGFjZXMudjEuUGxhY2VzLlNlYXJjaE5lYXJieRACGAQgAA,ChIJSxRNAwAjDTkRpV9GQN8TLH8
Jatin home,apartment_building,apartment_building|point_of_interest|service|establishment,,,"Ullahawas, Baharampur Naya, Sector 61, Gurugram, Haryana 122098, India",4,4,OPERATIONAL,https://maps.google.com/?cid=6908288566023376676&g_mp=Cilnb29nbGUubWFwcy5wbGFjZXMudjEuUGxhY2VzLlNlYXJjaE5lYXJieRACGAQgAA,ChIJTWSo81cjDTkRJE-3X9kr318
SVC COOL SERVICE,service,point_of_interest|service|establishment,,,"Ullawas, Landmark - Anil General store, nearby Gujjar chowk, Ullahawas, Baharampur Naya, Sector 61, Gurugram, Haryana 122098, India",,,OPERATIONAL,https://maps.google.com/?cid=6724395215372489956&g_mp=Cilnb29nbGUubWFwcy5wbGFjZXMudjEuUGxhY2VzLlNlYXJjaE5lYXJieRACGAQgAA,ChIJdXoBHuEjDTkR5BSdLdLZUV0
Bharat Homee,housing_complex,housing_complex|point_of_interest|service|establishment,,,"C34W+RP9, Ullawas Dhani Road, Ullahawas, Baharampur Naya, Sector 62, Gurugram, Haryana 122098, India",,,OPERATIONAL,https://maps.google.com/?cid=14179512950786528627&g_mp=Cilnb29nbGUubWFwcy5wbGFjZXMudjEuUGxhY2VzLlNlYXJjaE5lYXJieRACGAQgAA,ChIJd1bpIwAjDTkRc5WuB-e_x8Q
Ambawata nivash,housing_complex,housing_complex|point_of_interest|service|establishment,,,"192, Ullahawas, Baharampur Naya, Sector 61, Gurugram, Haryana 122098, India",5,1,OPERATIONAL,https://maps.google.com/?cid=10290749811383979798&g_mp=Cilnb29nbGUubWFwcy5wbGFjZXMudjEuUGxhY2VzLlNlYXJjaE5lYXJieRACGAQgAA,ChIJp93yLgAjDTkRFs_1Q24W0I4
Ch Ratiram Complex,condominium_complex,condominium_complex|point_of_interest|service|establishment,,,"153, Ullahawas, Baharampur Naya, Sector 61, Gurugram, Haryana 122098, India",5,4,OPERATIONAL,https://maps.google.com/?cid=14488764552246558028&g_mp=Cilnb29nbGUubWFwcy5wbGFjZXMudjEuUGxhY2VzLlNlYXJjaE5lYXJieRACGAQgAA,ChIJjX5SHQAjDTkRTH3tcphuEsk
Galaxy Sofa Repair,furniture_store,furniture_store|home_improvement_store|home_goods_store|point_of_interest|store|establishment,092056 70086,https://sites.google.com/view/galaxy-sofa-repair/home,"Shop No. 3, AHB Chowk, Ullahawas, Baharampur Naya, Sector 62, Gurugram, Haryana 122098, India",5,5,OPERATIONAL,https://maps.google.com/?cid=2431285003043483773&g_mp=Cilnb29nbGUubWFwcy5wbGFjZXMudjEuUGxhY2VzLlNlYXJjaE5lYXJieRACGAQgAA,ChIJX-PJDFcjDTkRfTAkKtSovSE
T R Residency,private_guest_room,private_guest_room|lodging|point_of_interest|establishment,,,"150, Ullahawas, Baharampur Naya, Sector 61, Gurugram, Haryana 122098, India",4.7,3,OPERATIONAL,https://maps.google.com/?cid=10527616327413231158&g_mp=Cilnb29nbGUubWFwcy5wbGFjZXMudjEuUGxhY2VzLlNlYXJjaE5lYXJieRACGAQgAA,ChIJ-yrXcAAjDTkRNm4Rp0WbGZI
Lakhan Ambawata,apartment_building,apartment_building|point_of_interest|service|establishment,,,"119, Ullahawas, Baharampur Naya, Sector 61, Gurugram, Haryana 122098, India",5,1,OPERATIONAL,https://maps.google.com/?cid=3115800832225075902&g_mp=Cilnb29nbGUubWFwcy5wbGFjZXMudjEuUGxhY2VzLlNlYXJjaE5lYXJieRACGAQgAA,ChIJX1GLv-QjDTkRvmKkQ1mMPSs
Huga Health,consultant,consultant|health|point_of_interest|service|establishment,,https://www.hugahealth.com/,"3rd Floor, E-130, Ullahawas, Sector 56, Sector 61, Gurugram, Haryana 122098, India",,,OPERATIONAL,https://maps.google.com/?cid=16297370762437122815&g_mp=Cilnb29nbGUubWFwcy5wbGFjZXMudjEuUGxhY2VzLlNlYXJjaE5lYXJieRACGAQgAA,ChIJW7yAn2ojDTkR_9rme1zkK-I
Maimpal kirana store,grocery_store,grocery_store|food_store|food|point_of_interest|store|establishment,,,"C34W+HGQ, Ullahawas, Baharampur Naya, Sector 61, Gurugram, Haryana 122098, India",5,5,OPERATIONAL,https://maps.google.com/?cid=15011102653945323186&g_mp=Cilnb29nbGUubWFwcy5wbGFjZXMudjEuUGxhY2VzLlNlYXJjaE5lYXJieRACGAQgAA,ChIJ3wkFT3kjDTkRsp5V31QmUtA
Saraahana Education Point,educational_institution,educational_institution|point_of_interest|establishment,,,"C34W+HHJ, St 3, Ullahawas, Vill- Ullawas, Sector 61, Gurugram, Haryana 122098, India",5,1,OPERATIONAL,https://maps.google.com/?cid=4351895636235577906&g_mp=Cilnb29nbGUubWFwcy5wbGFjZXMudjEuUGxhY2VzLlNlYXJjaE5lYXJieRACGAQgAA,ChIJY1yyVAAjDTkRMupkGQYKZTw
Rinku water supplier,supplier,supplier|point_of_interest|establishment,,,"C35W+CV2, Ullahawas, Baharampur Naya, Sector 61, Gurugram, Haryana 122098, India",,,OPERATIONAL,https://maps.google.com/?cid=13958121212135739198&g_mp=Cilnb29nbGUubWFwcy5wbGFjZXMudjEuUGxhY2VzLlNlYXJjaE5lYXJieRACGAQgAA,ChIJr-BIeQAjDTkRPg8yBUo1tcE
Shree shyam store,parking_garage,parking_garage|parking_lot|parking|transportation_service|point_of_interest|service|establishment,,,"149 street 4, village ullawas, Ullahawas, Baharampur Naya, Sector 61, Gurugram, Haryana 122011, India",,,OPERATIONAL,https://maps.google.com/?cid=12943018836104865487&g_mp=Cilnb29nbGUubWFwcy5wbGFjZXMudjEuUGxhY2VzLlNlYXJjaE5lYXJieRACGAQgAA,ChIJpWvTKOYjDTkRz2Y4bw7XnrM
Ghar,housing_complex,housing_complex|point_of_interest|service|establishment,,,"116, Ullahawas, Baharampur Naya, Sector 61, Gurugram, Haryana 122098, India",5,1,OPERATIONAL,https://maps.google.com/?cid=11140451857897252149&g_mp=Cilnb29nbGUubWFwcy5wbGFjZXMudjEuUGxhY2VzLlNlYXJjaE5lYXJieRACGAQgAA,ChIJeaXGQQAjDTkRNWVOq_DVmpo
NexGen wheels self drive & travels,car_rental,car_rental|point_of_interest|service|establishment,088140 59445,,"Ullahawas, Baharampur Naya, Sector 61, Gurugram, Haryana 122098, India",5,3,OPERATIONAL,https://maps.google.com/?cid=3546276769147097525&g_mp=Cilnb29nbGUubWFwcy5wbGFjZXMudjEuUGxhY2VzLlNlYXJjaE5lYXJieRACGAQgAA,ChIJ4eYcg4UjDTkRtZE7vO7nNjE
Bright Orange Foundation(Dream Big Vidya Kendra),educational_institution,educational_institution|point_of_interest|establishment,099999 89376,https://brightorangefoundation.org/,"near smart World orchard, Baharampur Naya, Sector 61, Gurugram, Haryana 122098, India",5,3,OPERATIONAL,https://maps.google.com/?cid=10583179870157042943&g_mp=Cilnb29nbGUubWFwcy5wbGFjZXMudjEuUGxhY2VzLlNlYXJjaE5lYXJieRACGAQgAA,ChIJHzF5bSwjDTkR_3TGEgUC35I
"A27, Smartworld Orchard",apartment_building,apartment_building|service|point_of_interest|establishment,,,"C35X+8JQ, Baharampur Naya, Sector 61, Gurugram, Haryana 122098, India",,,OPERATIONAL,https://maps.google.com/?cid=7210804840705531686&g_mp=Cilnb29nbGUubWFwcy5wbGFjZXMudjEuUGxhY2VzLlNlYXJjaE5lYXJieRACGAQgAA,ChIJ__UrCgAjDTkRJp_rUszsEWQ
A16C,apartment_building,apartment_building|service|point_of_interest|establishment,,,"SmartWorld Orchard, Baharampur Naya, Sector 61, Gurugram, Haryana 122098, India",4,1,OPERATIONAL,https://maps.google.com/?cid=13208866106104711947&g_mp=Cilnb29nbGUubWFwcy5wbGFjZXMudjEuUGxhY2VzLlNlYXJjaE5lYXJieRACGAQgAA,ChIJi20XNQAjDTkRC4sRbL1RT7c
Sahil,apartment_building,apartment_building|service|point_of_interest|establishment,,,"C452+37P, Baharampur Naya, Sector 61, Gurugram, Haryana 122098, India",,,OPERATIONAL,https://maps.google.com/?cid=18037548289287121378&g_mp=Cilnb29nbGUubWFwcy5wbGFjZXMudjEuUGxhY2VzLlNlYXJjaE5lYXJieRACGAQgAA,ChIJKz_uAQAjDTkR4unpIZo-Uvo
E19,apartment_building,apartment_building|service|point_of_interest|establishment,,,"C35X+8JQ, Baharampur Naya, Sector 61, Gurugram, Haryana 122098, India",,,OPERATIONAL,https://maps.google.com/?cid=16363165890626423087&g_mp=Cilnb29nbGUubWFwcy5wbGFjZXMudjEuUGxhY2VzLlNlYXJjaE5lYXJieRACGAQgAA,ChIJF3jIdQAjDTkRL4mTh66kFeM
Bhati brothers enterprises,wholesaler,wholesaler|point_of_interest|establishment,098731 59991,,"opposite ireo Central Mark, Baharampur Naya, Sector 61, Gurugram, Haryana 122098, India",3,2,CLOSED_TEMPORARILY,https://maps.google.com/?cid=5340338701915103407&g_mp=Cilnb29nbGUubWFwcy5wbGFjZXMudjEuUGxhY2VzLlNlYXJjaE5lYXJieRACGAQgAA,ChIJtQbP4jwjDTkRr6DrS8GxHEo
साहिल,apartment_building,apartment_building|service|point_of_interest|establishment,,,"C452+38F, Baharampur Naya, Sector 61, Gurugram, Haryana 122098, India",,,OPERATIONAL,https://maps.google.com/?cid=6569643679763132112&g_mp=Cilnb29nbGUubWFwcy5wbGFjZXMudjEuUGxhY2VzLlNlYXJjaE5lYXJieRACGAQgAA,ChIJb9RzFAAjDTkR0O4riR4QLFs
"A12A, Smartworld Orchard",apartment_building,apartment_building|service|point_of_interest|establishment,,,"SmartWorld Orchard, Baharampur Naya, Sector 61, Gurugram, Haryana 122098, India",,,OPERATIONAL,https://maps.google.com/?cid=15810226896922736596&g_mp=Cilnb29nbGUubWFwcy5wbGFjZXMudjEuUGxhY2VzLlNlYXJjaE5lYXJieRACGAQgAA,ChIJw1SGdQAjDTkR1PdnuZg1ads
Chadda da Adda,tourist_attraction,tourist_attraction|point_of_interest|establishment,,,"SmartWorld Orchard, E7 B, Baharampur Naya, Sector 61, Gurugram, Haryana 122098, India",,,OPERATIONAL,https://maps.google.com/?cid=7863747141522350927&g_mp=Cilnb29nbGUubWFwcy5wbGFjZXMudjEuUGxhY2VzLlNlYXJjaE5lYXJieRACGAQgAA,ChIJPZlseAAjDTkRT-PufVykIW0
E3 Smart world orchard,apartment_complex,apartment_complex|service|point_of_interest|establishment,,,"C35X+FV9, Baharampur Naya, Sector 62, Gurugram, Haryana 122098, India",5,1,OPERATIONAL,https://maps.google.com/?cid=3585905592434612110&g_mp=Cilnb29nbGUubWFwcy5wbGFjZXMudjEuUGxhY2VzLlNlYXJjaE5lYXJieRACGAQgAA,ChIJO5lWaQAjDTkRjtcmKyOywzE
F10 Smartworld Orchard,association_or_organization,service|association_or_organization|point_of_interest|establishment,,,"C35X+FV9, Baharampur Naya, Sector 62, Gurugram, Haryana 122098, India",1,1,OPERATIONAL,https://maps.google.com/?cid=12493503945191930416&g_mp=Cilnb29nbGUubWFwcy5wbGFjZXMudjEuUGxhY2VzLlNlYXJjaE5lYXJieRACGAQgAA,ChIJNaqKQgAjDTkRMDobDaXXYa0
E7,apartment_complex,apartment_complex|service|point_of_interest|establishment,,,"C35X+FV9, Baharampur Naya, Sector 62, Gurugram, Haryana 122098, India",,,OPERATIONAL,https://maps.google.com/?cid=15083124725539962592&g_mp=Cilnb29nbGUubWFwcy5wbGFjZXMudjEuUGxhY2VzLlNlYXJjaE5lYXJieRACGAQgAA,ChIJUWE5XwAjDTkR4H64KAYGUtE
A21,apartment_building,apartment_building|service|point_of_interest|establishment,,,"SmartWorld Orchard, Baharampur Naya, Sector 61, Gurugram, Haryana 122098, India",,,OPERATIONAL,https://maps.google.com/?cid=10321317838736690809&g_mp=Cilnb29nbGUubWFwcy5wbGFjZXMudjEuUGxhY2VzLlNlYXJjaE5lYXJieRACGAQgAA,ChIJm-RUIQAjDTkReY7Nv-OvPI8
A31 Smartworld Orchard,apartment_building,apartment_building|service|point_of_interest|establishment,,,"C35X+8CR, Baharampur Naya, Sector 61, Gurugram, Haryana 122098, India",4,4,OPERATIONAL,https://maps.google.com/?cid=9338566067227769660&g_mp=Cilnb29nbGUubWFwcy5wbGFjZXMudjEuUGxhY2VzLlNlYXJjaE5lYXJieRACGAQgAA,ChIJu9OSnCkjDTkRPLugPFxAmYE
"E24 B, SmartWorld Orchard",apartment_building,apartment_building|service|point_of_interest|establishment,,,"SmartWorld Orchard, Dayma Rd, adjacent to smart world, Baharampur Naya, Sector 61, Gurugram, Haryana 122098, India",,,OPERATIONAL,https://maps.google.com/?cid=17453996417783043978&g_mp=Cilnb29nbGUubWFwcy5wbGFjZXMudjEuUGxhY2VzLlNlYXJjaE5lYXJieRACGAQgAA,ChIJORwGCQAjDTkRihfmSEQNOfI
"E2D, SmartWorld Orchard",apartment_building,apartment_building|service|point_of_interest|establishment,,,"Arjun Dubey A17D, Baharampur Naya, Sector 61, Gurugram, Haryana 122098, India",,,OPERATIONAL,https://maps.google.com/?cid=6033470402506133720&g_mp=Cilnb29nbGUubWFwcy5wbGFjZXMudjEuUGxhY2VzLlNlYXJjaE5lYXJieRACGAQgAA,ChIJf8ylJQAjDTkR2BA2SF0xu1M
Makaancompare.in,general_contractor,general_contractor|real_estate_agency|consultant|educational_institution|service|point_of_interest|establishment,,https://www.makaancompare.in/,"E-13A, Baharampur Naya, Sector 61, Gurugram, Haryana 122001, India",4.7,32,OPERATIONAL,https://maps.google.com/?cid=15850820823011549152&g_mp=Cilnb29nbGUubWFwcy5wbGFjZXMudjEuUGxhY2VzLlNlYXJjaE5lYXJieRACGAQgAA,ChIJUZzE7wSWMGsR4N_3qY5t-ds
Aumveda,health,health|service|point_of_interest|establishment,,,"Basement, A5-B, Smart World Orchard, Baharampur Naya, Sector 61, Gurugram, Haryana 122012, India",,,CLOSED_TEMPORARILY,https://maps.google.com/?cid=5412048474314997445&g_mp=Cilnb29nbGUubWFwcy5wbGFjZXMudjEuUGxhY2VzLlNlYXJjaE5lYXJieRACGAQgAA,ChIJQ3XxNWQjDTkRxX69wml1G0s
Human Charging Station,private_guest_room,private_guest_room|lodging|point_of_interest|establishment,,,"C35X+GQM, Baharampur Naya, Sector 61, Gurugram, Haryana 122098, India",5,1,OPERATIONAL,https://maps.google.com/?cid=10024665233361319894&g_mp=Cilnb29nbGUubWFwcy5wbGFjZXMudjEuUGxhY2VzLlNlYXJjaE5lYXJieRACGAQgAA,ChIJsVOMBQAjDTkR1re1surDHos
G-14B Smart World Orchard,apartment_complex,apartment_complex|service|point_of_interest|establishment,,,"C35X+GQF, Baharampur Naya, Sector 61, Gurugram, Haryana 122098, India",5,2,OPERATIONAL,https://maps.google.com/?cid=5087779158789665968&g_mp=Cilnb29nbGUubWFwcy5wbGFjZXMudjEuUGxhY2VzLlNlYXJjaE5lYXJieRACGAQgAA,ChIJ33EcAAAjDTkRsDRLTzBsm0Y
JUJUBE - Asian Experience,restaurant,dim_sum_restaurant|fast_food_restaurant|breakfast_restaurant|asian_restaurant|cantonese_restaurant|sushi_restaurant|japanese_restaurant|chinese_restaurant|restaurant|point_of_interest|food|establishment,097736 62059,https://jujube.co.in/,"Shop 25, Ascott Ireo City Central, Alahawas, Sector 59, Gurugram, Haryana 122098, India",4.6,251,OPERATIONAL,https://maps.google.com/?cid=4154454233296064525&g_mp=Cilnb29nbGUubWFwcy5wbGFjZXMudjEuUGxhY2VzLlNlYXJjaE5lYXJieRACGAQgAA,ChIJBfU2VGchDTkRDdA6Kx2Wpzk
Jagdish Store Gurgaon - Home Furnishings & Linen Store,home_goods_store,building_materials_store|furniture_store|home_improvement_store|home_goods_store|general_contractor|service|store|point_of_interest|establishment,098100 12660,https://www.jagdishstoreonline.com/,"Shop No- 22, Ascott Ireo City Central, Alahawas, Sector 59, Gurugram, Haryana 122101, India",4.6,35,OPERATIONAL,https://maps.google.com/?cid=3777089435227404425&g_mp=Cilnb29nbGUubWFwcy5wbGFjZXMudjEuUGxhY2VzLlNlYXJjaE5lYXJieRACGAQgAA,ChIJa_ufGQAhDTkRiTicV9TqajQ
ate | altogether experimental | Omakase,cafe,cafe|brunch_restaurant|pastry_shop|dessert_shop|bakery|confectionery|food_store|store|restaurant|point_of_interest|food|establishment,093119 15510,https://www.district.in/events/ate-omakase-a-multicourse-coffee-experience-may28-2026-buy-tickets,"1st Floor, Ascott Ireo City Central, Alahawas, Sector 59, Gurugram, Haryana 122098, India",4.6,545,OPERATIONAL,https://maps.google.com/?cid=9468684778004130705&g_mp=Cilnb29nbGUubWFwcy5wbGFjZXMudjEuUGxhY2VzLlNlYXJjaE5lYXJieRACGAQgAA,ChIJ2aUxJfcjDTkRkasVa6OGZ4M
"CUT&STYLE Salon - Sector-59, Gurugram",beauty_salon,beauty_salon|nail_salon|makeup_artist|beautician|hair_salon|hair_care|service|point_of_interest|establishment,078258 93516,https://salons.cutandstyle.in/sector-59-gurugram-34326/home/,"UG 68, Ascott Ireo City Central, Alahawas, Sector 59, Gurugram, Haryana 122001, India",4.7,123,OPERATIONAL,https://maps.google.com/?cid=7876733503565585307&g_mp=Cilnb29nbGUubWFwcy5wbGFjZXMudjEuUGxhY2VzLlNlYXJjaE5lYXJieRACGAQgAA,ChIJ_bzaejIhDTkRm9txhmPHT20
B MYN REALTY,general_contractor,general_contractor|service|point_of_interest|establishment,,,"UG-84, Ascott Ireo City Central, 11A-12A, Alahawas, Sector 59, Gurugram, Haryana 122098, India",,,OPERATIONAL,https://maps.google.com/?cid=5889032390152174278&g_mp=Cilnb29nbGUubWFwcy5wbGFjZXMudjEuUGxhY2VzLlNlYXJjaE5lYXJieRACGAQgAA,ChIJEbIfDwAhDTkRxjrK5cELulE
DivineSpace,general_contractor,general_contractor|service|point_of_interest|establishment,098902 30093,https://www.divinespace.co.in/,"Upper Ground Floor, Ascott Ireo City Central, Alahawas, Sector 59, Gurugram, Haryana 122102, India",4.7,38,OPERATIONAL,https://maps.google.com/?cid=8239302605400176436&g_mp=Cilnb29nbGUubWFwcy5wbGFjZXMudjEuUGxhY2VzLlNlYXJjaE5lYXJieRACGAQgAA,ChIJXTP3LtofDTkRNPfT3xDiV3I
DDecor Store,general_contractor,home_goods_store|general_contractor|service|store|point_of_interest|establishment,,https://www.instagram.com/invites/contact/?utm_source=ig_contact_invite&utm_medium=copy_link&utm_content=hvtvu9e,"Ground floor, Ascott Ireo City Central, UG-09, Alahawas, Sector 59, Gurugram, Haryana 122011, India",4.7,15,OPERATIONAL,https://maps.google.com/?cid=3432249609376719234&g_mp=Cilnb29nbGUubWFwcy5wbGFjZXMudjEuUGxhY2VzLlNlYXJjaE5lYXJieRACGAQgAA,ChIJ1wuiaCEhDTkRgmFfu9XMoS8
PVE Home Elevators - Delhi,manufacturer,manufacturer|point_of_interest|establishment,089258 45464,https://www.vacuumelevatorsindia.com/pve-home-lifts-delhi/?utm_source=gmb&utm_medium=local&utm_campaign=delhi_branch,"UG71-A, Ground Floor, Ascott Ireo City Central, Alahawas, Sector 59, Gurugram, Haryana 122098, India",5,1,OPERATIONAL,https://maps.google.com/?cid=5857003285699916424&g_mp=Cilnb29nbGUubWFwcy5wbGFjZXMudjEuUGxhY2VzLlNlYXJjaE5lYXJieRACGAQgAA,ChIJKTffMXohDTkRiHJw5HRBSFE
"Toni & Guy Hairdressing, Beauty, Make-up, Nail Bar",hair_salon,nail_salon|makeup_artist|barber_shop|hair_salon|beauty_salon|hair_care|massage|service|health|point_of_interest|establishment,073038 80494,https://toniandguy.com/,"UG 5,6,7, TONI AND GUY, Ascott Ireo City Central, Alahawas, Sector 59, Gurugram, Haryana 122098, India",4.6,341,OPERATIONAL,https://maps.google.com/?cid=415863748913017281&g_mp=Cilnb29nbGUubWFwcy5wbGFjZXMudjEuUGxhY2VzLlNlYXJjaE5lYXJieRACGAQgAA,ChIJr-FVVYUjDTkRwTHsVOBxxQU
Cafe Soul Garden,cafe,cafe|coffee_shop|breakfast_restaurant|pizza_restaurant|italian_restaurant|european_restaurant|food_store|store|restaurant|point_of_interest|food|establishment,077019 07883,,"Ug 11-12, Ascott Ireo City Central, Alahawas, Sector 59, Gurugram, Haryana 122011, India",4.2,4632,CLOSED_TEMPORARILY,https://maps.google.com/?cid=6698689576718713357&g_mp=Cilnb29nbGUubWFwcy5wbGFjZXMudjEuUGxhY2VzLlNlYXJjaE5lYXJieRACGAQgAA,ChIJNzeP1cQYDTkRDULuyK2G9lw
Joaah Cafe,cafe,cafe|coffee_shop|food_store|store|point_of_interest|food|establishment,096504 55005,https://joaahcafe.com/,"Shop No. 18,19,28, Ascott Ireo City Central, behind Jagdish Store, Alahawas, Sector 59, Gurugram, Haryana 122011, India",4.4,120,OPERATIONAL,https://maps.google.com/?cid=1357092119783607880&g_mp=Cilnb29nbGUubWFwcy5wbGFjZXMudjEuUGxhY2VzLlNlYXJjaE5lYXJieRACGAQgAA,ChIJ7wt4HB4hDTkRSA4vvxdc1RI
Joaah KOREAN Skin&Beauty Aesthetic,service,service|point_of_interest|establishment,,https://www.instagram.com/joaah_skin_beauty,"Shop no. 18, Ascott Ireo City Central, 19.28.28A, Alahawas, Sector 59, Gurugram, Haryana 122098, India",,,CLOSED_TEMPORARILY,https://maps.google.com/?cid=13923026985216685634&g_mp=Cilnb29nbGUubWFwcy5wbGFjZXMudjEuUGxhY2VzLlNlYXJjaE5lYXJieRACGAQgAA,ChIJlxb4CHMhDTkRQrYElEaHOME
IREO CITY CENTRAL HIGH STREET,shopping_mall,shopping_mall|point_of_interest|establishment,,,"Alahawas, Sector 59, Gurugram, Haryana 122098, India",4.4,12,OPERATIONAL,https://maps.google.com/?cid=1196444420327841101&g_mp=Cilnb29nbGUubWFwcy5wbGFjZXMudjEuUGxhY2VzLlNlYXJjaE5lYXJieRACGAQgAA,ChIJf2UXB_4hDTkRTZ0je9yfmhA
Dana Choga Reserve,restaurant,restaurant|point_of_interest|food|establishment,092137 77111,http://www.danachoga.com/,"Shop Number -FF-5,6,7, 1st Floor, Ascott Ireo City Central, 7A,8, Alahawas, Sector 59, Gurugram, Haryana 122098, India",4.4,411,OPERATIONAL,https://maps.google.com/?cid=12486184778606862408&g_mp=Cilnb29nbGUubWFwcy5wbGFjZXMudjEuUGxhY2VzLlNlYXJjaE5lYXJieRACGAQgAA,ChIJnV306uEhDTkRSGDAyObWR60
King Koil Mattress Store - F Decor,furniture_store,manufacturer|furniture_store|home_improvement_store|home_goods_store|service|wholesaler|store|point_of_interest|establishment,098104 83123,https://kingkoil.in/dealer/fdecor-furnishings-new-delhi-kingkoil-dealer-in-south-delhi,"UG O9, Ascott Ireo City Central, Alahawas, Sector 59, Gurugram, Haryana 122011, India",,,OPERATIONAL,https://maps.google.com/?cid=14367255540823750511&g_mp=Cilnb29nbGUubWFwcy5wbGFjZXMudjEuUGxhY2VzLlNlYXJjaE5lYXJieRACGAQgAA,ChIJ07U9g9ohDTkRb_cPHMu-Ysc
The Shop,clothing_store,clothing_store|store|point_of_interest|establishment,098714 55055,https://www.theshopindia.com/,"Shop # 12 First Floor, Ascott Ireo City Central, Alahawas, Sector 59, Gurugram, Haryana 122098, India",4.7,12,OPERATIONAL,https://maps.google.com/?cid=18197963919282348603&g_mp=Cilnb29nbGUubWFwcy5wbGFjZXMudjEuUGxhY2VzLlNlYXJjaE5lYXJieRACGAQgAA,ChIJ33AfQPOt9UUROyIzhMQnjPw
Jaheer. MohdamyA,apartment_building,apartment_building|service|point_of_interest|establishment,,,"C452+3P4, Baharampur Naya, Sector 61, Gurugram, Haryana 122098, India",,,OPERATIONAL,https://maps.google.com/?cid=7797068880324628539&g_mp=Cilnb29nbGUubWFwcy5wbGFjZXMudjEuUGxhY2VzLlNlYXJjaE5lYXJieRACGAQgAA,ChIJn3aDcgAjDTkRO5AABdbANGw
Ascott Ireo City Gurgaon,hotel,hotel|lodging|point_of_interest|establishment,,https://www.the-ascott.com/en/india/gurgaon/ascott-ireo-city-gurgaon/index.html,"Ireo City Central, Archview Dr, Alahawas, Ireo City, Gurugram, Haryana 122098, India",4.3,30,OPERATIONAL,https://maps.google.com/?cid=2493634649346140837&g_mp=Cilnb29nbGUubWFwcy5wbGFjZXMudjEuUGxhY2VzLlNlYXJjaE5lYXJieRACGAQgAA,ChIJCVKJb40hDTkRperhcYArmyI
Monsoon Salon Gurgaon -59,beauty_salon,beauty_salon|service|point_of_interest|establishment,098218 18420,https://monsoonsalon.com/gurugram-sec-59/,"Shop No-9, Ireo Icc, Alahawas, Sector 59, Gurugram, Haryana 122098, India",3.8,10,OPERATIONAL,https://maps.google.com/?cid=4981470315109876187&g_mp=Cilnb29nbGUubWFwcy5wbGFjZXMudjEuUGxhY2VzLlNlYXJjaE5lYXJieRACGAQgAA,ChIJiUOG6qwjDTkR2wFHz9u8IUU
Hamad Aluminum,store,store|point_of_interest|establishment,092596 22145,,"Sector 59, Dayma Rd, Alahawas, Sector 59, Gurugram, Haryana 122011, India",,,OPERATIONAL,https://maps.google.com/?cid=2405224680450740936&g_mp=Cilnb29nbGUubWFwcy5wbGFjZXMudjEuUGxhY2VzLlNlYXJjaE5lYXJieRACGAQgAA,ChIJW_OVZY8jDTkRyNJEexoTYSE
Elevate,apartment_building,apartment_building|service|point_of_interest|establishment,,http://www.1abode.in/,"C454+4CR, C-1201, Golf Course Ext Rd, Elevate, Alahawas, Sector 59, Gurugram, Haryana 122098, India",4.6,203,OPERATIONAL,https://maps.google.com/?cid=7224569849397190090&g_mp=Cilnb29nbGUubWFwcy5wbGFjZXMudjEuUGxhY2VzLlNlYXJjaE5lYXJieRACGAQgAA,ChIJVytvhEgjDTkRyh1RKADUQmQ
"Tower D, Elevate",apartment_building,apartment_building|service|point_of_interest|establishment,,,"C454+4CR Elevate, Tower D, C-1201, Golf Course Extension Road, Elevate, Alahawas, Sector 59, Gurugram, Haryana 122098, India",5,2,OPERATIONAL,https://maps.google.com/?cid=17209989049455542951&g_mp=Cilnb29nbGUubWFwcy5wbGFjZXMudjEuUGxhY2VzLlNlYXJjaE5lYXJieRACGAQgAA,ChIJyb8ndwAhDTkRpwIpqdsp1u4
Krina store,general_store,general_store|food_store|store|food|point_of_interest|establishment,,,"Alahawas, Sector 59, Gurugram, Haryana 122098, India",3.8,5,OPERATIONAL,https://maps.google.com/?cid=15936088085098900929&g_mp=Cilnb29nbGUubWFwcy5wbGFjZXMudjEuUGxhY2VzLlNlYXJjaE5lYXJieRACGAQgAA,ChIJdwiHU38hDTkRwa2nLa5bKN0
Prem Rajpoot,association_or_organization,service|association_or_organization|point_of_interest|establishment,,,"Elevate Sector 59, Alahawas, Sector 59, Gurugram, Haryana 122098, India",,,OPERATIONAL,https://maps.google.com/?cid=7926025356008700815&g_mp=Cilnb29nbGUubWFwcy5wbGFjZXMudjEuUGxhY2VzLlNlYXJjaE5lYXJieRACGAQgAA,ChIJgU2ZGAAhDTkRjzujQRHm_m0
Jumee Jewels,jewelry_store,jewelry_store|store|point_of_interest|establishment,,,"Golf Course Ext Rd, Alahawas, Sector 59, Gurugram, Haryana 122101, India",,,OPERATIONAL,https://maps.google.com/?cid=15814973868736019873&g_mp=Cilnb29nbGUubWFwcy5wbGFjZXMudjEuUGxhY2VzLlNlYXJjaE5lYXJieRACGAQgAA,ChIJw972c2EhDTkRoX0YOvESets
Hines Elevate,condominium_complex,condominium_complex|service|point_of_interest|establishment,,https://conscientprojects.com/,"Sector 59, Golf Course Ext Rd, Alahawas, Sector 59, Gurugram, Haryana 122098, India",5,7,OPERATIONAL,https://maps.google.com/?cid=13337813282959297695&g_mp=Cilnb29nbGUubWFwcy5wbGFjZXMudjEuUGxhY2VzLlNlYXJjaE5lYXJieRACGAQgAA,ChIJAzVCFwAhDTkRn4xGm4NuGbk
Joaah Dental,dental_clinic,dental_clinic|medical_clinic|health|service|point_of_interest|establishment,096504 55005,https://www.instagram.com/joaah_dental/,"Shop No. 28, Ascott Ireo City Central, Alahawas, Sector 59, Gurugram, Haryana 122101, India",5,15,OPERATIONAL,https://maps.google.com/?cid=531887420650596478&g_mp=Cilnb29nbGUubWFwcy5wbGFjZXMudjEuUGxhY2VzLlNlYXJjaE5lYXJieRACGAQgAA,ChIJ5WIdf9ohDTkRfqhggMqkYQc
Potters' Hub,art_studio,art_studio|point_of_interest|establishment,,,"UG-60, Gate No. 2, Ascott Ireo City Central, Alahawas, Sector 59, Gurugram, Haryana 122101, India",4.6,13,OPERATIONAL,https://maps.google.com/?cid=7807325139436001315&g_mp=Cilnb29nbGUubWFwcy5wbGFjZXMudjEuUGxhY2VzLlNlYXJjaE5lYXJieRACGAQgAA,ChIJj74XKwAhDTkRI1gPbtkwWWw
Ranjit auto work,car_repair,car_repair|service|point_of_interest|establishment,,,"C455+M2H, Alahawas, Sector 59, Gurugram, Haryana 122098, India",5,1,CLOSED_TEMPORARILY,https://maps.google.com/?cid=16380434777838755089&g_mp=Cilnb29nbGUubWFwcy5wbGFjZXMudjEuUGxhY2VzLlNlYXJjaE5lYXJieRACGAQgAA,ChIJR1mLCwAhDTkREZ2Ip6T-UuM
Orange Circle Energy Pvt Ltd,point_of_interest,point_of_interest|establishment,,,"C35G+XVV, Sector 62, Nangli Umarpur, Gurugram, Haryana 122098, India",4.8,4,OPERATIONAL,https://maps.google.com/?cid=18255148380507217453&g_mp=Cilnb29nbGUubWFwcy5wbGFjZXMudjEuUGxhY2VzLlNlYXJjaE5lYXJieRACGAQgAA,ChIJR6vgawAjDTkRLR4ubrtQV_0
Bikram saud,inn,inn|lodging|point_of_interest|establishment,,,"C35G+XVJ, Sector 62, Nangli Umarpur, Gurugram, Haryana 122098, India",,,OPERATIONAL,https://maps.google.com/?cid=7523500022049929408&g_mp=Cilnb29nbGUubWFwcy5wbGFjZXMudjEuUGxhY2VzLlNlYXJjaE5lYXJieRACGAQgAA,ChIJk4cqRQAjDTkRwPjtqWjXaGg
Shree Ram Dhaba,indian_restaurant,indian_restaurant|restaurant|point_of_interest|food|establishment,070653 01308,,"C36G+4CR, Sector 62, Nangli Umarpur, Gurugram, Haryana 122098, India",4.2,438,OPERATIONAL,https://maps.google.com/?cid=4345262014090871060&g_mp=Cilnb29nbGUubWFwcy5wbGFjZXMudjEuUGxhY2VzLlNlYXJjaE5lYXJieRACGAQgAA,ChIJeVAlE-0jDTkRFIHilcd4TTw
Wise Man Consulting,real_estate_agency,real_estate_agency|general_contractor|service|point_of_interest|establishment,,http://www.wisemanindia.com/,"1124, Lower Ground Floor, C-4, Golf Course Ext Rd, opposite DLF Summit, Phase - V, Sector 54, Sector 62, Gurugram, Haryana 122002, India",4,2,OPERATIONAL,https://maps.google.com/?cid=2296165337910299782&g_mp=Cilnb29nbGUubWFwcy5wbGFjZXMudjEuUGxhY2VzLlNlYXJjaE5lYXJieRACGAQgAA,ChIJdcR8ZGMfDTkRhky1jzWe3R8
Boombastic: Amusement & Trampoline Park Gurgaon - Birthday Party Places in Gurgaon,amusement_park,amusement_park|bowling_alley|banquet_hall|video_arcade|indoor_playground|playground|sports_complex|amusement_center|sports_activity_location|event_venue|point_of_interest|establishment,076691 57766,https://www.boombastic.in/,"Jmd Empire, Golf Course Ext Rd, Block C, Sector 62, Gurugram, Haryana 122102, India",4.7,856,OPERATIONAL,https://maps.google.com/?cid=11585647888273612973&g_mp=Cilnb29nbGUubWFwcy5wbGFjZXMudjEuUGxhY2VzLlNlYXJjaE5lYXJieRACGAQgAA,ChIJTbEGyJYjDTkRraBN-V59yKA
ICFAI Business School (IBS) - Gurgaon,educational_institution,university|educational_institution|point_of_interest|establishment,,https://www.ibsindia.org/ibs-gurgaon/,"Jmd Empire, Golf Course Ext Rd, Sector 62, Gurugram, Haryana 122098, India",4.4,259,OPERATIONAL,https://maps.google.com/?cid=9803502869083031095&g_mp=Cilnb29nbGUubWFwcy5wbGFjZXMudjEuUGxhY2VzLlNlYXJjaE5lYXJieRACGAQgAA,ChIJ8Sxz2GUZDTkRN4Y3EusJDYg
Radhe krishna restaurant,fast_food_restaurant,fast_food_restaurant|restaurant|point_of_interest|food|establishment,,,"Jmd Empire, Sector 62, Gurugram, Nangli Umarpur, Haryana 122098, India",,,CLOSED_TEMPORARILY,https://maps.google.com/?cid=9591468113572211818&g_mp=Cilnb29nbGUubWFwcy5wbGFjZXMudjEuUGxhY2VzLlNlYXJjaE5lYXJieRACGAQgAA,ChIJw8quaQAjDTkRaiz1d269G4U
JMD Empire,,point_of_interest|establishment,0124 463 6363,http://www.jmdgroup.in/,"Golf Course Extension Road, Sector 62 Nangli Umarpur, C35G+2C, Sector 62, Gurugram, Haryana 122098, India",4.2,232,OPERATIONAL,https://maps.google.com/?cid=16531942553035608198&g_mp=Cilnb29nbGUubWFwcy5wbGFjZXMudjEuUGxhY2VzLlNlYXJjaE5lYXJieRACGAQgAA,ChIJW_vUj2wiDTkRhhDaeClCbeU
Boombastic superfun,amusement_park,amusement_park|point_of_interest|establishment,076696 07766,,"First floor, Jmd Empire, Golf Course Ext Rd, Block C, Sector 62, Gurugram, Haryana 122102, India",4.6,43,OPERATIONAL,https://maps.google.com/?cid=14855492266022902730&g_mp=Cilnb29nbGUubWFwcy5wbGFjZXMudjEuUGxhY2VzLlNlYXJjaE5lYXJieRACGAQgAA,ChIJ6wCnW_4jDTkRypvbF4JPKc4
Jawa National Motor,chauffeur_service,chauffeur_service|transportation_service|point_of_interest|establishment,097186 26596,,"Plot No 2, Sec62, Golf Course Ext Rd, near Jmd Empire, Sector 57, Gurugram, Haryana 122098, India",3.7,3,OPERATIONAL,https://maps.google.com/?cid=11559813031543121300&g_mp=Cilnb29nbGUubWFwcy5wbGFjZXMudjEuUGxhY2VzLlNlYXJjaE5lYXJieRACGAQgAA,ChIJVdtEw5kjDTkRlCUPp7S0bKA
Findmyacres,consultant,real_estate_agency|consultant|service|point_of_interest|establishment,,,"Jmd Empire, Sector 62, Gurugram, Haryana 122098, India",,,OPERATIONAL,https://maps.google.com/?cid=10230949481856702519&g_mp=Cilnb29nbGUubWFwcy5wbGFjZXMudjEuUGxhY2VzLlNlYXJjaE5lYXJieRACGAQgAA,ChIJB90JGgAjDTkRNxgJDVmi-40
RITIKA SQUARE,service,service|point_of_interest|establishment,,https://ritikasquare.com/,"3rd Floor, Jmd Empire, Unit No. 351, Sector 62, Gurugram, Haryana 122102, India",,,OPERATIONAL,https://maps.google.com/?cid=10478363716763456800&g_mp=Cilnb29nbGUubWFwcy5wbGFjZXMudjEuUGxhY2VzLlNlYXJjaE5lYXJieRACGAQgAA,ChIJIQSvrGH3vgIRIBUHnUigapE
The Band Nation ® - Best Wedding Band In Gurgaon,,point_of_interest|establishment,098183 44755,https://www.thebandnation.com/,"4th Floor, Jmd Empire, Golf Course Ext Rd, Sector 62, Gurugram, Haryana 122098, India",,,OPERATIONAL,https://maps.google.com/?cid=13741431859216565681&g_mp=Cilnb29nbGUubWFwcy5wbGFjZXMudjEuUGxhY2VzLlNlYXJjaE5lYXJieRACGAQgAA,ChIJ6zLGtuQjDTkRscXWgXhfs74
Frostrek AI,,manufacturer|service|point_of_interest|establishment,063999 99955,https://www.frostrek.ai/,"4th Floor, Jmd Empire, 455, Golf Course Ext Rd, Sector 62, Gurugram, Haryana 122102, India",5,6,OPERATIONAL,https://maps.google.com/?cid=16528156182865896169&g_mp=Cilnb29nbGUubWFwcy5wbGFjZXMudjEuUGxhY2VzLlNlYXJjaE5lYXJieRACGAQgAA,ChIJb3GmZj0jDTkR6eLld3rOX-U
AATAR ESS,corporate_office,corporate_office|point_of_interest|establishment,,,"3rd Floor, Block-D, Jmd Empire, 263, Golf Course Ext Rd, Sector 62, Gurugram, Nangli Umarpur, Haryana 122098, India",5,1,OPERATIONAL,https://maps.google.com/?cid=1336089007889250944&g_mp=Cilnb29nbGUubWFwcy5wbGFjZXMudjEuUGxhY2VzLlNlYXJjaE5lYXJieRACGAQgAA,ChIJe7RDSwAjDTkRgPqKr9-9ihI
Beyond Just Work,coworking_space,coworking_space|point_of_interest|establishment,,https://beyondjustwork.com/,"4th Floor, Jmd Empire, Golf Course Ext Rd, Sector 62, Gurugram, Haryana 122098, India",5,2,OPERATIONAL,https://maps.google.com/?cid=11166901541323748500&g_mp=Cilnb29nbGUubWFwcy5wbGFjZXMudjEuUGxhY2VzLlNlYXJjaE5lYXJieRACGAQgAA,ChIJO_tQuVsjDTkRlDRdfMnN-Jo
GSRE,consultant,real_estate_agency|consultant|service|point_of_interest|establishment,,https://gsre.in/,"146, Jmd Empire, Sector 62, Gurugram, Haryana 122102, India",5,8,OPERATIONAL,https://maps.google.com/?cid=156015420669621227&g_mp=Cilnb29nbGUubWFwcy5wbGFjZXMudjEuUGxhY2VzLlNlYXJjaE5lYXJieRACGAQgAA,ChIJsX_ANbuLtmER6_N-0DJHKgI
Evantis Realty Real Estate Broker Gurugram and Delhi NCR,consultant,real_estate_agency|finance|consultant|service|point_of_interest|establishment,093101 05009,https://evantisrealty.com/in/,"First Floor, Tower - C, Jmd Empire, Unit Number 145, Golf Course Ext Rd, Sector 62, Gurugram, Haryana 122102, India",,,OPERATIONAL,https://maps.google.com/?cid=5975337675907347516&g_mp=Cilnb29nbGUubWFwcy5wbGFjZXMudjEuUGxhY2VzLlNlYXJjaE5lYXJieRACGAQgAA,ChIJJ5VVWPMZDTkRPDR3IfWp7FI
ArchitecUS,service,consultant|general_contractor|service|point_of_interest|establishment,098119 64064,http://www.architecus.com/,"2nd Floor, Block-D, Jmd Empire, 263, Golf Course Ext Rd, Sector 62, Gurugram, Haryana 122098, India",4.9,117,OPERATIONAL,https://maps.google.com/?cid=2361116071993168345&g_mp=Cilnb29nbGUubWFwcy5wbGFjZXMudjEuUGxhY2VzLlNlYXJjaE5lYXJieRACGAQgAA,ChIJtYIYvDwjDTkR2VGeyI5exCA
TAX TRANCE CONSULTING,accounting,accounting|finance|service|point_of_interest|establishment,090442 07221,,"3rd Floor, Jmd Empire, Golf Course Ext Rd, Sector 62, Gurugram, Haryana 122102, India",5,2,OPERATIONAL,https://maps.google.com/?cid=9268285343892424822&g_mp=Cilnb29nbGUubWFwcy5wbGFjZXMudjEuUGxhY2VzLlNlYXJjaE5lYXJieRACGAQgAA,ChIJ5WQrVz8jDTkRdsiqL2qQn4A
Emaar New priject launch,housing_complex,housing_complex|service|point_of_interest|establishment,,https://www.emaargurgaonprojects.com/emaar-sector62-gurgaon/,"C36H+5H5, Sector 62, Nangli Umarpur, Gurugram, Haryana 122098, India",3,2,OPERATIONAL,https://maps.google.com/?cid=8717808911996278727&g_mp=Cilnb29nbGUubWFwcy5wbGFjZXMudjEuUGxhY2VzLlNlYXJjaE5lYXJieRACGAQgAA,ChIJ3cnKM3gjDTkRx9dFOwTh-3g
MGF The White House,apartment_building,apartment_building|service|point_of_interest|establishment,,,"Sector 62 MGF, Sector 62, Gurugram, Nangli Umarpur, Haryana 122098, India",,,OPERATIONAL,https://maps.google.com/?cid=13136641242669441485&g_mp=Cilnb29nbGUubWFwcy5wbGFjZXMudjEuUGxhY2VzLlNlYXJjaE5lYXJieRACGAQgAA,ChIJ1cm3DQAjDTkRzeEO-5u5TrY
Azad Khan,playground,playground|point_of_interest|establishment,,,"C36H+57H, Sector 62, Nangli Umarpur, Gurugram, Haryana 122098, India",3,2,OPERATIONAL,https://maps.google.com/?cid=6393959119369783888&g_mp=Cilnb29nbGUubWFwcy5wbGFjZXMudjEuUGxhY2VzLlNlYXJjaE5lYXJieRACGAQgAA,ChIJz6QqRQAjDTkRUMpnQvHnu1g
Qasmi clinic,hospital,hospital|health|service|point_of_interest|establishment,096678 18276,,"C36H+883, G M D, Sector 62, Gurugram, Haryana 122098, India",5,6,OPERATIONAL,https://maps.google.com/?cid=13937128723976318768&g_mp=Cilnb29nbGUubWFwcy5wbGFjZXMudjEuUGxhY2VzLlNlYXJjaE5lYXJieRACGAQgAA,ChIJ32EjegAjDTkRMG-AfbugasE
hare krishna residence,lodging,lodging|point_of_interest|establishment,,,"Shop no. C-142, Golf Course Extension Road, Sector 62, Nangli Umarpur, Sector 62, Gurugram, Haryana 122098, India",4,2,OPERATIONAL,https://maps.google.com/?cid=4876817533580829653&g_mp=Cilnb29nbGUubWFwcy5wbGFjZXMudjEuUGxhY2VzLlNlYXJjaE5lYXJieRACGAQgAA,ChIJ7eMHejojDTkR1WN7U7XvrUM
Necessa Security & Integrated Services Pvt Ltd,service,service|point_of_interest|establishment,062075 23214,,"FF 137, TOWER C, JMD EMPIRE, Golf Course Ext Rd, Sector 62, Gurugram, Haryana 122098, India",4.2,6,OPERATIONAL,https://maps.google.com/?cid=18436563268091198133&g_mp=Cilnb29nbGUubWFwcy5wbGFjZXMudjEuUGxhY2VzLlNlYXJjaE5lYXJieRACGAQgAA,ChIJi939YZEjDTkRtTqXeZzU2_8
Roshni Mursery,garden,garden|point_of_interest|establishment,,,"C35H+M7G, Sector 62, Nangli Umarpur, Gurugram, Haryana 122098, India",,,CLOSED_TEMPORARILY,https://maps.google.com/?cid=12973831527827085927&g_mp=Cilnb29nbGUubWFwcy5wbGFjZXMudjEuUGxhY2VzLlNlYXJjaE5lYXJieRACGAQgAA,ChIJXw6I8j8jDTkRZ5rlRwlPDLQ
Rajesh kamal,association_or_organization,service|association_or_organization|point_of_interest|establishment,,,"Jmd Empire Block-D, Sector 62, Gurugram, Nangli Umarpur, Haryana 122098, India",3.3,3,OPERATIONAL,https://maps.google.com/?cid=15942452581109707435&g_mp=Cilnb29nbGUubWFwcy5wbGFjZXMudjEuUGxhY2VzLlNlYXJjaE5lYXJieRACGAQgAA,ChIJk8QVu8wjDTkRq7KN4Sf4Pt0
ANIl kumar,apartment_building,apartment_building|service|point_of_interest|establishment,,,"Plot No. 8, near Jmd Empire, Sector 62, Nangli Umarpur, Gurugram, Haryana 122098, India",,,OPERATIONAL,https://maps.google.com/?cid=12631483048194272440&g_mp=Cilnb29nbGUubWFwcy5wbGFjZXMudjEuUGxhY2VzLlNlYXJjaE5lYXJieRACGAQgAA,ChIJE9FiPwAjDTkRuOz8aegKTK8
Giftcart Ecommerce Private Limited,gift_shop,gift_shop|store|point_of_interest|establishment,099106 44899,https://www.giftcart.com/,"Block-D, Jmd Empire, 343-345, Golf Course Ext Rd, Sector 62, Gurugram, Haryana 122098, India",4.8,142,OPERATIONAL,https://maps.google.com/?cid=8521854617925552908&g_mp=Cilnb29nbGUubWFwcy5wbGFjZXMudjEuUGxhY2VzLlNlYXJjaE5lYXJieRACGAQgAA,ChIJ50a9TkcZDTkRDIv50J-1Q3Y
Danish Plastic,,point_of_interest|establishment,080762 80269,https://wa.me/message/VD4KCCCN32NAL1,"Back Side, Jmd Empire, Sector 62, Nangli Umarpur, Gurugram, Haryana 122098, India",5,3,OPERATIONAL,https://maps.google.com/?cid=16398218610062877779&g_mp=Cilnb29nbGUubWFwcy5wbGFjZXMudjEuUGxhY2VzLlNlYXJjaE5lYXJieRACGAQgAA,ChIJb4nTH2cjDTkRU2T_wfEskuM
Himanshi Nursery,farm,wholesaler|farm|service|point_of_interest|establishment,097608 85437,,"Golf Course Ext Rd, near Jmd Empire, Sector 62, Gurugram, Haryana 122098, India",,,CLOSED_TEMPORARILY,https://maps.google.com/?cid=15532775534233527974&g_mp=Cilnb29nbGUubWFwcy5wbGFjZXMudjEuUGxhY2VzLlNlYXJjaE5lYXJieRACGAQgAA,ChIJC-8-3RUjDTkRpibeXQ2Bj9c
PROPERTY PLANNER,general_contractor,general_contractor|service|point_of_interest|establishment,098113 36887,https://www.propertyplanner.net/,"4th Floor, Jmd Empire, 422, Golf Course Ext Rd, Sector 62, Gurugram, Haryana 122102, India",4,4,OPERATIONAL,https://maps.google.com/?cid=11157411435860451413&g_mp=Cilnb29nbGUubWFwcy5wbGFjZXMudjEuUGxhY2VzLlNlYXJjaE5lYXJieRACGAQgAA,ChIJDSsZJ549DTkRVeBXH5YW15o
Sunkonnect Advisory Services Pvt Ltd | Renewable Energy Consultant,service,consultant|service|point_of_interest|establishment,085689 13008,https://sunkonnect.co/,"3rd Floor, Jmd Empire, 301–305, Golf Course Ext Rd, Sector 62, Gurugram, Haryana 122018, India",3,2,OPERATIONAL,https://maps.google.com/?cid=10975351428672413155&g_mp=Cilnb29nbGUubWFwcy5wbGFjZXMudjEuUGxhY2VzLlNlYXJjaE5lYXJieRACGAQgAA,ChIJYaT4mqgjDTkR410Yd_lHUJg
"My Home by Saint-Gobain - Sector-62, Gurgaon",,point_of_interest|establishment,097111 79487,https://www.myhome-saint-gobain.com/,"Shop-5, Ground floor, Jmd Empire, Mall, Sector 62, Gurugram, Haryana 122098, India",5,4,OPERATIONAL,https://maps.google.com/?cid=1520142997479408465&g_mp=Cilnb29nbGUubWFwcy5wbGFjZXMudjEuUGxhY2VzLlNlYXJjaE5lYXJieRACGAQgAA,ChIJ95SGD4QjDTkRUcOOjACiGBU
Astro Umesh,consultant,consultant|astrologer|service|point_of_interest|establishment,,http://www.astroumesh.com/,"2nd Floor, Jmd Empire, 263, Sector 62, Gurugram, Haryana 122098, India",5,4,OPERATIONAL,https://maps.google.com/?cid=1872228251087308710&g_mp=Cilnb29nbGUubWFwcy5wbGFjZXMudjEuUGxhY2VzLlNlYXJjaE5lYXJieRACGAQgAA,ChIJF0-7P3gjDTkRpoeCxKx9-xk
Jashn Foreverr,service,service|point_of_interest|establishment,099967 09206,,"4th Floor, Jmd Empire, Sector 62, Gurugram, Haryana 122098, India",,,OPERATIONAL,https://maps.google.com/?cid=787712385595020933&g_mp=Cilnb29nbGUubWFwcy5wbGFjZXMudjEuUGxhY2VzLlNlYXJjaE5lYXJieRACGAQgAA,ChIJZTRhgn0ZDTkRhRaRwD2E7go
Realty Korner,general_contractor,general_contractor|finance|service|point_of_interest|establishment,,http://www.realtykorner.co.in/,"2nd Floor, Jmd Empire, Sector 62, Gurugram, Haryana 122098, India",,,OPERATIONAL,https://maps.google.com/?cid=17937892452542321460&g_mp=Cilnb29nbGUubWFwcy5wbGFjZXMudjEuUGxhY2VzLlNlYXJjaE5lYXJieRACGAQgAA,ChIJmfdWFRYjDTkRNBPyhCUy8Pg
Techhub Engineering & Advisory Pvt Ltd,consultant,consultant|service|point_of_interest|establishment,098180 73509,https://www.techhubeng.in/,"329,330, 3rd Floor, Jmd Empire, 331, near Golf Course Road, Sector 62, Gurugram, Haryana 122098, India",5,1,OPERATIONAL,https://maps.google.com/?cid=13670534325571380390&g_mp=Cilnb29nbGUubWFwcy5wbGFjZXMudjEuUGxhY2VzLlNlYXJjaE5lYXJieRACGAQgAA,ChIJd3rj3OIjDTkRpmR3HYp-t70
NCC LABOUR CAMP,general_contractor,general_contractor|service|point_of_interest|establishment,,,"C36M+7XM, Sector 62, Gurugram, Haryana 122098, India",,,OPERATIONAL,https://maps.google.com/?cid=2910840917405955319&g_mp=Cilnb29nbGUubWFwcy5wbGFjZXMudjEuUGxhY2VzLlNlYXJjaE5lYXJieRACGAQgAA,ChIJG_rSLAAjDTkR93SnX2RiZSg
Autism Centre For Excellence,school,school|educational_institution|health|point_of_interest|service|establishment,088008 27797,http://www.ace-india.org/,"Gate 4, Heritage Xperiential Learning School, Sector 62, Gurugram, Haryana 122098, India",,,OPERATIONAL,https://maps.google.com/?cid=17594624644662482942&g_mp=Cilnb29nbGUubWFwcy5wbGFjZXMudjEuUGxhY2VzLlNlYXJjaE5lYXJieRACGAQgAA,ChIJEY_DOhEiDTkR_tdw3eSpLPQ
Dogstel - Best Dog Boarding | Dog Day Care,pet_boarding_service,pet_boarding_service|pet_care|point_of_interest|establishment,096676 96691,http://www.dogstel.in/,"gate no.4, CRPF Rd, opposite Heritage School, near Ullawas Market, Sector 62, Gurugram, Haryana 122098, India",5,56,CLOSED_TEMPORARILY,https://maps.google.com/?cid=3655673046893839833&g_mp=Cilnb29nbGUubWFwcy5wbGFjZXMudjEuUGxhY2VzLlNlYXJjaE5lYXJieRACGAQgAA,ChIJNaok3k8jDTkR2cUTf0SPuzI
Gurukool Kids,association_or_organization,association_or_organization|point_of_interest|establishment,098105 15082,https://www.gurukoolkids.org/,"Plot No. 7/22, CRPF Rd, near Rajesh Pilot Road, Chowk, Sector 62, Nangli Umarpur, Gurugram, Haryana 122098, India",4.8,52,OPERATIONAL,https://maps.google.com/?cid=831564549292174101&g_mp=Cilnb29nbGUubWFwcy5wbGFjZXMudjEuUGxhY2VzLlNlYXJjaE5lYXJieRACGAQgAA,ChIJmbxLInIjDTkRFSteQI1Pigs
Winning tennis training center,school,sports_coaching|school|educational_institution|health|point_of_interest|establishment,,,"Sector 62, Gurugram, Haryana 122098, India",,,CLOSED_TEMPORARILY,https://maps.google.com/?cid=16114430622539697526&g_mp=Cilnb29nbGUubWFwcy5wbGFjZXMudjEuUGxhY2VzLlNlYXJjaE5lYXJieRACGAQgAA,ChIJh2cbKtQjDTkRds0n9kX1od8
Studio Casa,art_studio,art_studio|point_of_interest|establishment,098105 15082,https://studiocasa.in/,"Plot No. 7/22, CRPF Rd, near Rajesh Pilot Road, Chowk, Sector 62, Nangli Umarpur, Gurugram, Haryana 122098, India",5,22,OPERATIONAL,https://maps.google.com/?cid=1431568500286986074&g_mp=Cilnb29nbGUubWFwcy5wbGFjZXMudjEuUGxhY2VzLlNlYXJjaE5lYXJieRACGAQgAA,ChIJSzxOlR4jDTkRWpc-W_fz3RM
EWS Block Pioneer Araya Presidia Sector 62,condominium_complex,condominium_complex|point_of_interest|service|establishment,,,"3rd, Floor EWS, Pioneer Araya Presidia, B-304, Sector 62, Gurugram, Haryana 122098, India",,,OPERATIONAL,https://maps.google.com/?cid=13357015805211219123&g_mp=Cilnb29nbGUubWFwcy5wbGFjZXMudjEuUGxhY2VzLlNlYXJjaE5lYXJieRACGAQgAA,ChIJ_2K_AQAjDTkRs5TkOBunXbk
B007,condominium_complex,condominium_complex|point_of_interest|service|establishment,,,"Araya Tower-1, Pioneer Presidia, Sector 62, Ghata, Gurugram, Haryana 122098, India",,,CLOSED_TEMPORARILY,https://maps.google.com/?cid=6075933738292617828&g_mp=Cilnb29nbGUubWFwcy5wbGFjZXMudjEuUGxhY2VzLlNlYXJjaE5lYXJieRACGAQgAA,ChIJFXybVAAjDTkRZCK-FYsNUlQ
Heritage School Gate 2 Football Field,playground,playground|point_of_interest|establishment,,,"C36Q+384, Ullahawas, Sector 62, Gurugram, Haryana 122098, India",4.5,76,OPERATIONAL,https://maps.google.com/?cid=12093296997080321482&g_mp=Cilnb29nbGUubWFwcy5wbGFjZXMudjEuUGxhY2VzLlNlYXJjaE5lYXJieRACGAQgAA,ChIJR3Mev5EjDTkRyk1FuosF1Kc
Real Madrid Football Program - Gurgaon Sector 62 | Gurgaon's Leading Football Development Program,,sports_club|sports_school|association_or_organization|point_of_interest|establishment,088600 07341,https://www.frmindia.com/,"The Heritage, Xperiential Learning School Grounds, CRPF Rd, Sector 62, Gurugram, Haryana 122098, India",4.4,203,OPERATIONAL,https://maps.google.com/?cid=13463851984890543077&g_mp=Cilnb29nbGUubWFwcy5wbGFjZXMudjEuUGxhY2VzLlNlYXJjaE5lYXJieRACGAQgAA,ChIJBdfCTBciDTkR5bvWsws22bo
Tanish Dzignz,general_contractor,point_of_interest|general_contractor|service|establishment,099710 73955,http://www.tanishdzignz.com/,"Ullahawas, Sector 62, Gurugram, Haryana 122098, India",4.4,14,OPERATIONAL,https://maps.google.com/?cid=10128901582671190201&g_mp=Cilnb29nbGUubWFwcy5wbGFjZXMudjEuUGxhY2VzLlNlYXJjaE5lYXJieRACGAQgAA,ChIJvSViE58jDTkRuRgCAFMWkYw
Gurugram Public School,school,school|educational_institution|point_of_interest|establishment,0124 437 3426,https://www.gurugrampublicschool.in/,"Sector 62, Gurugram, Haryana 122098, India",,,OPERATIONAL,https://maps.google.com/?cid=13565288034870990739&g_mp=Cilnb29nbGUubWFwcy5wbGFjZXMudjEuUGxhY2VzLlNlYXJjaE5lYXJieRACGAQgAA,ChIJ6dnrbxEiDTkRk5dXgpiVQbw
PENTHOUSE 01 Tower C,apartment_building,apartment_building|point_of_interest|service|establishment,,,"Pioneer Araya, C-3301, Sector 62, Gurugram, Ghata, Haryana 122098, India",5,1,OPERATIONAL,https://maps.google.com/?cid=2891844243749292913&g_mp=Cilnb29nbGUubWFwcy5wbGFjZXMudjEuUGxhY2VzLlNlYXJjaE5lYXJieRACGAQgAA,ChIJ4_sgbAAjDTkRcUtvngTlISg
HDFC Bank ATM,atm,atm|finance|point_of_interest|establishment,1800 1601,https://www.hdfc.bank.in/branch-locator/haryana/gurugram/hdfcbank-atm-pioneerarayasector62atm,"Ground Floor, Pioneer Araya, near Golf Course Extension Road, Sector 62, Gurugram, Haryana 122098, India",,,OPERATIONAL,https://maps.google.com/?cid=16512238532781355434&g_mp=Cilnb29nbGUubWFwcy5wbGFjZXMudjEuUGxhY2VzLlNlYXJjaE5lYXJieRACGAQgAA,ChIJZzBPlUUjDTkRqjHzwHVBJ-U
Pioneer Araya,association_or_organization,condominium_complex|association_or_organization|point_of_interest|service|establishment,,,"Rajesh Pilot Chowk, CRPF Rd, near Golf Course Extension Road, Sector 62, Gurugram, Haryana 122098, India",4.7,148,OPERATIONAL,https://maps.google.com/?cid=13785054068194277983&g_mp=Cilnb29nbGUubWFwcy5wbGFjZXMudjEuUGxhY2VzLlNlYXJjaE5lYXJieRACGAQgAA,ChIJKRlZrMsjDTkRX_pFgKNZTr8
SK Astrology and Vaastu Research Institute,astrologer,astrologer|point_of_interest|establishment,,,"Sector 62, Gurugram, Haryana 122098, India",,,OPERATIONAL,https://maps.google.com/?cid=16070771055669667213&g_mp=Cilnb29nbGUubWFwcy5wbGFjZXMudjEuUGxhY2VzLlNlYXJjaE5lYXJieRACGAQgAA,ChIJ_YRc2pcjDTkRjeXR5yDZBt8
Padel Court - Conscient Sports Arena,sports_activity_location,sports_activity_location|point_of_interest|establishment,088600 06629,https://www.conscientsports.com/,"Conscient Sports Arena, CRPF Rd, opp. Med Center, Sector 62, Gurugram, Haryana 122098, India",4.3,3,OPERATIONAL,https://maps.google.com/?cid=12126590634778167737&g_mp=Cilnb29nbGUubWFwcy5wbGFjZXMudjEuUGxhY2VzLlNlYXJjaE5lYXJieRACGAQgAA,ChIJEVmfz9YjDTkRuQmI0u5NSqg
Pure Aqua Ro Repair and Service,,point_of_interest|establishment,,,"Shop No.9, Pioneer Presidia, Ghata`, Sector 62, Gurugram, Haryana 122098, India",,,CLOSED_TEMPORARILY,https://maps.google.com/?cid=573243880822365669&g_mp=Cilnb29nbGUubWFwcy5wbGFjZXMudjEuUGxhY2VzLlNlYXJjaE5lYXJieRACGAQgAA,ChIJS-AjhewjDTkR5V0VvkWS9Ac
Charcoal Eats - Ramji Market,restaurant,restaurant|food|point_of_interest|establishment,090225 00500,https://www.charcoaleats.com/,"Triumph Hyundai Showroom Golf, Shop No. 17 On First Floor, Ramji Market Gramin Bank, Ullahawas, Sector 61, Gurugram, Haryana 122101, India",1,1,OPERATIONAL,https://maps.google.com/?cid=10014002563547667367&g_mp=Cilnb29nbGUubWFwcy5wbGFjZXMudjEuUGxhY2VzLlNlYXJjaE5lYXJieRACGAQgAA,ChIJgwB23ukjDTkRpxscbEbi-Io
Acharya Tulsi Meditation Center,gym,gym|school|educational_institution|sports_activity_location|point_of_interest|health|establishment,0124 285 5111,,"C36Q+5XM, Sector 62, Gurugram, Haryana 122098, India",5,1,OPERATIONAL,https://maps.google.com/?cid=16349010965452780667&g_mp=Cilnb29nbGUubWFwcy5wbGFjZXMudjEuUGxhY2VzLlNlYXJjaE5lYXJieRACGAQgAA,ChIJt3dnsxAiDTkRe3THMNpa4-I
Levi's Exclusive Store,clothing_store,clothing_store|womens_clothing_store|point_of_interest|store|establishment,011 6909 6124,https://stores.levi.in/levi-s-exclusive-store-pacific-nsp-clothing-shop-netaji-subhash-place-new-delhi-368975/Home?utm_source=locator&utm_medium=googleplaces,"No SH/GF/03, Ground Floor, Pacific Mall, Corridor, Netaji Subhash Place, near MRTS Station, phase 3, DMRC, Sector 62, New Delhi, Gurugram, Delhi 122098, India",5,2,OPERATIONAL,https://maps.google.com/?cid=7993966809798775747&g_mp=Cilnb29nbGUubWFwcy5wbGFjZXMudjEuUGxhY2VzLlNlYXJjaE5lYXJieRACGAQgAA,ChIJW9leh6sjDTkRw5NRrHVG8G4
Conscient Sports Arena,sports_complex,sports_complex|sports_activity_location|point_of_interest|establishment,,https://conscientsports.com/,"Gate, No 2 & 4, Conscient Sports Arena, CRPF Rd, opp. Med Center, Sector 62, Gurugram, Haryana 122098, India",5,8,OPERATIONAL,https://maps.google.com/?cid=4601386232885087902&g_mp=Cilnb29nbGUubWFwcy5wbGFjZXMudjEuUGxhY2VzLlNlYXJjaE5lYXJieRACGAQgAA,ChIJUbWIUV0jDTkRng59TWZo2z8
"Conscient Sports Arena - Natural Ground, Gurgaon",sports_complex,sports_complex|sports_activity_location|point_of_interest|establishment,,https://www.conscientsports.com/,"Gate, No 2, Conscient Sports Arena, CRPF Rd, Sector 62, Gurugram, Haryana 122098, India",4.5,19,OPERATIONAL,https://maps.google.com/?cid=17470185518491497045&g_mp=Cilnb29nbGUubWFwcy5wbGFjZXMudjEuUGxhY2VzLlNlYXJjaE5lYXJieRACGAQgAA,ChIJtV50Wo8jDTkRVfLbBSuRcvI
CoPlay | Conscient Gurgaon,athletic_field,athletic_field|sports_activity_location|point_of_interest|establishment,,https://hudle.in/venues/coplay-conscient-gurgaon/588186,"Gate, No 2, Conscient Sports Arena, CRPF Rd, Sector 62, Gurugram, Haryana 122098, India",5,1,OPERATIONAL,https://maps.google.com/?cid=12200364769532450431&g_mp=Cilnb29nbGUubWFwcy5wbGFjZXMudjEuUGxhY2VzLlNlYXJjaE5lYXJieRACGAQgAA,ChIJu7XdUHUjDTkRfxYsGh5nUKk
Conscient SOHO,community_center,community_center|event_venue|point_of_interest|service|establishment,,http://concientproject.com/,"C36Q+9QP, Sector 62, Gurugram, Ghata, Haryana 122098, India",,,OPERATIONAL,https://maps.google.com/?cid=2687028883401701359&g_mp=Cilnb29nbGUubWFwcy5wbGFjZXMudjEuUGxhY2VzLlNlYXJjaE5lYXJieRACGAQgAA,ChIJK5OqTAAjDTkR73dfcIg-SiU
Delhi Capitals Cricket Academy - Gurugram,sports_club,sports_club|association_or_organization|point_of_interest|establishment,088600 68789,https://dccricketacademy.conscientsports.com/,"Gate No. 2, Conscient Sports, Meditation Center, opposite Heritage School, Sector 62, Gurugram, Haryana 122098, India",4.4,70,OPERATIONAL,https://maps.google.com/?cid=3021082863714731264&g_mp=Cilnb29nbGUubWFwcy5wbGFjZXMudjEuUGxhY2VzLlNlYXJjaE5lYXJieRACGAQgAA,ChIJfyq3-dYjDTkRAIW8sNsK7Sk
Pioneer Urban Sales Centre,,point_of_interest|establishment,,https://www.pioneerurban.in/,"C36Q+9QP, Sector 62, Gurugram, Haryana 122098, India",4.5,44,OPERATIONAL,https://maps.google.com/?cid=8188760896854986127&g_mp=Cilnb29nbGUubWFwcy5wbGFjZXMudjEuUGxhY2VzLlNlYXJjaE5lYXJieRACGAQgAA,ChIJc60UyBAiDTkRj42mV6ZSpHE
Indoor Pickleball- Conscient Sports Arena,athletic_field,athletic_field|sports_activity_location|point_of_interest|establishment,,https://conscientsports.com/,"C36R+673, Sector 62, Gurugram, Haryana 122098, India",2.3,3,OPERATIONAL,https://maps.google.com/?cid=2049406566058451287&g_mp=Cilnb29nbGUubWFwcy5wbGFjZXMudjEuUGxhY2VzLlNlYXJjaE5lYXJieRACGAQgAA,ChIJp84TRgAjDTkRV2FE4mn0cBw
Disha India Education Foundation,association_or_organization,association_or_organization|point_of_interest|establishment,098106 46129,https://www.dishaindiaeducation.org/,"Sector-62, opp. The Heritage School, Sector 62, Gurugram, Haryana 122098, India",4.7,9,OPERATIONAL,https://maps.google.com/?cid=1588754678477036438&g_mp=Cilnb29nbGUubWFwcy5wbGFjZXMudjEuUGxhY2VzLlNlYXJjaE5lYXJieRACGAQgAA,ChIJ405ufo4YDTkRlhvdZfZjDBY
"Tower C, Pioneer Presidia",housing_complex,housing_complex|point_of_interest|service|establishment,,,"Tower C, Pioneer Presidia, Sector 62, Gurugram, Haryana 122098, India",4.8,4,OPERATIONAL,https://maps.google.com/?cid=12599923588779034427&g_mp=Cilnb29nbGUubWFwcy5wbGFjZXMudjEuUGxhY2VzLlNlYXJjaE5lYXJieRACGAQgAA,ChIJNZTXIk0jDTkRO0c9Kr_r264
"Heritage Xperiential Learning School, Sector 62",school,primary_school|secondary_school|preschool|school|educational_institution|child_care_agency|point_of_interest|service|establishment,0124 285 5124,https://www.heritagexperiential.org/,"Sector 62, Gurugram, Haryana 122011, India",,,OPERATIONAL,https://maps.google.com/?cid=4069379000520975722&g_mp=Cilnb29nbGUubWFwcy5wbGFjZXMudjEuUGxhY2VzLlNlYXJjaE5lYXJieRACGAQgAA,ChIJJUg88BkiDTkRaqV89qNWeTg
Muskaan,private_guest_room,private_guest_room|lodging|point_of_interest|establishment,,,"C35R+J2P, Sector 62, Gurugram, Haryana 122098, India",5,2,OPERATIONAL,https://maps.google.com/?cid=8963185504932358467&g_mp=Cilnb29nbGUubWFwcy5wbGFjZXMudjEuUGxhY2VzLlNlYXJjaE5lYXJieRACGAQgAA,ChIJp0DzHwAjDTkRQ2lsTbqhY3w
Face Off-The Football Turf,sports_complex,sports_complex|sports_activity_location|point_of_interest|establishment,096507 46664,https://www.facebook.com/faceoff.turf,"PlayAll Sports Complex, CRPF Road, opposite Heritage Xperiential School, near Golf Course Extension Road, Sector 62, Gurugram, Haryana 122098, India",4.8,552,OPERATIONAL,https://maps.google.com/?cid=11469525849767852209&g_mp=Cilnb29nbGUubWFwcy5wbGFjZXMudjEuUGxhY2VzLlNlYXJjaE5lYXJieRACGAQgAA,ChIJJ0UNkXsjDTkRsbiSAf7wK58
Mirae Asset Sharekhan - Authorised Partner,finance,finance|point_of_interest|establishment,080 6417 1023,https://stockbroker-branch.sharekhan.com/mirae-asset-sharekhan-authorised-partner-phoenix-financial-services-iv-stock-broker-sector-62-gurugram-544984/Home?utm_source=locator&utm_medium=googleplaces,"No 306, Tower C, Sector 62, Gurugram, Haryana 122005, India",,,OPERATIONAL,https://maps.google.com/?cid=13161016181024469926&g_mp=Cilnb29nbGUubWFwcy5wbGFjZXMudjEuUGxhY2VzLlNlYXJjaE5lYXJieRACGAQgAA,ChIJldfNZvEjDTkRprMhkXxSpbY
Flow Badminton Academy at PlayAll,athletic_field,sports_complex|athletic_field|sports_activity_location|point_of_interest|establishment,085100 28888,http://www.flowsportslife.com/,"Play All Sports Complex, CRPF Rd, opposite Heritage School, Sector 62, Gurugram, Haryana 122098, India",5,112,OPERATIONAL,https://maps.google.com/?cid=16224019079234407989&g_mp=Cilnb29nbGUubWFwcy5wbGFjZXMudjEuUGxhY2VzLlNlYXJjaE5lYXJieRACGAQgAA,ChIJF1SiwlcjDTkRNU7t3mRLJ-E
Utsav Foods,food,food|point_of_interest|establishment,098102 83298,https://www.facebook.com/share/19U2ciW6j8/,"1101, Tower A, PIONEER PARK, opp. Zomato Corporate office, Baharampur Naya, Sector 61, Gurugram, Haryana 122098, India",5,5,OPERATIONAL,https://maps.google.com/?cid=6032057657176110721&g_mp=Cilnb29nbGUubWFwcy5wbGFjZXMudjEuUGxhY2VzLlNlYXJjaE5lYXJieRACGAQgAA,ChIJjQRvSNMjDTkRgTao4HostlM
Mithlesh Bartan Bhandar,hardware_store,hardware_store|building_materials_store|store|point_of_interest|establishment,075496 01730,,"Mithlesh Bartan Bhandar, near Sabji Mandi, Baharampur Naya, Ullaabhas, Gurugram, Haryana 122098, India",5,1,OPERATIONAL,https://maps.google.com/?cid=4863533548741407785&g_mp=Cilnb29nbGUubWFwcy5wbGFjZXMudjEuUGxhY2VzLlNlYXJjaE5lYXJieRACGAQgAA,ChIJr084vnsjDTkRKTTtlf69fkM
J.K. Communication,service,service|point_of_interest|establishment,088252 51673,,"34 Bihari Market Ullawas, Baharampur Naya, Sector 62, Gurugram, Haryana 122098, India",5,1,OPERATIONAL,https://maps.google.com/?cid=16200291320195521654&g_mp=Cilnb29nbGUubWFwcy5wbGFjZXMudjEuUGxhY2VzLlNlYXJjaE5lYXJieRACGAQgAA,ChIJb-SXZ-gjDTkRdhwZdh__0uA
Sunil Hair Cutting Saloon,hair_salon,hair_salon|hair_care|service|point_of_interest|establishment,070415 48234,,"Ullawas Bihari Mandi, Shop No 04, Baharampur Naya, Sector 61, Ghamroj, Gurugram, Haryana 122098, India",,,OPERATIONAL,https://maps.google.com/?cid=513031872622918037&g_mp=Cilnb29nbGUubWFwcy5wbGFjZXMudjEuUGxhY2VzLlNlYXJjaE5lYXJieRACGAQgAA,ChIJXWmdlbUjDTkRlXkkHsWnHgc
Sri Laxmi Garments,clothing_store,clothing_store|store|point_of_interest|establishment,084050 09585,,"Shop No 001, Bihari Mandi, Ullahawas, Baharampur Naya, Sector 61, Gurugram, Haryana 122098, India",5,2,OPERATIONAL,https://maps.google.com/?cid=9979103507475669553&g_mp=Cilnb29nbGUubWFwcy5wbGFjZXMudjEuUGxhY2VzLlNlYXJjaE5lYXJieRACGAQgAA,ChIJb4roVgYjDTkRMSLxu8TlfIo
Sneha communication,,point_of_interest|establishment,088005 84790,,"Ullahawas, Baharampur Naya, Sector 61, Gurugram, Haryana 122001, India",,,OPERATIONAL,https://maps.google.com/?cid=13058220158304663399&g_mp=Cilnb29nbGUubWFwcy5wbGFjZXMudjEuUGxhY2VzLlNlYXJjaE5lYXJieRACGAQgAA,ChIJ4_V9jBkiDTkRZzeYbgweOLU
Asha Shop,clothing_store,clothing_store|store|point_of_interest|establishment,074280 17351,,"Asha Shop, Sabji Mandi, Ullahawas, Baharampur Naya, Sector 62, Gurugram, Haryana 122098, India",,,CLOSED_TEMPORARILY,https://maps.google.com/?cid=11861668535801406004&g_mp=Cilnb29nbGUubWFwcy5wbGFjZXMudjEuUGxhY2VzLlNlYXJjaE5lYXJieRACGAQgAA,ChIJtS18kV8jDTkRNOLe_68cnaQ
Baba telecom,service,service|point_of_interest|establishment,,,"C36V+323 Sabji Mandi, Ullawas Dhani Rd, Baharampur Naya, Sector 62, Gurugram, Haryana 122098, India",,,OPERATIONAL,https://maps.google.com/?cid=10844781153964592517&g_mp=Cilnb29nbGUubWFwcy5wbGFjZXMudjEuUGxhY2VzLlNlYXJjaE5lYXJieRACGAQgAA,ChIJtfc1HAAjDTkRhQ3pXABngJY
swapanpatra,auto_parts_store,auto_parts_store|car_repair|store|service|point_of_interest|establishment,,,"C35V+W4V, Baharampur Naya, Sector 61, Gurugram, Haryana 122098, India",,,OPERATIONAL,https://maps.google.com/?cid=11803143109038499896&g_mp=Cilnb29nbGUubWFwcy5wbGFjZXMudjEuUGxhY2VzLlNlYXJjaE5lYXJieRACGAQgAA,ChIJiRHfGwAjDTkROOhWNx8wzaM
GYAN AQUARIUM & PET SHOP,pet_store,aquarium|pet_store|pet_care|store|point_of_interest|establishment,099717 63325,,"Shop no 15, 1st floor, Ram ji market, near Pioneer park ulawas, Baharampur Naya, Sector 61, Gurugram, Haryana 122011, India",4.8,131,OPERATIONAL,https://maps.google.com/?cid=10499870852215234234&g_mp=Cilnb29nbGUubWFwcy5wbGFjZXMudjEuUGxhY2VzLlNlYXJjaE5lYXJieRACGAQgAA,ChIJObhE-1kjDTkRul7EzegIt5E
Arvind Raj Fruit Sentar,food_store,food_store|store|food|point_of_interest|establishment,076781 64025,,"C36R+4XM, Baharampur Naya, Sector 61, Gurugram, Haryana 122098, India",5,2,OPERATIONAL,https://maps.google.com/?cid=6797540547177898617&g_mp=Cilnb29nbGUubWFwcy5wbGFjZXMudjEuUGxhY2VzLlNlYXJjaE5lYXJieRACGAQgAA,ChIJZQhXFVsjDTkReWLa3By3VV4
Synergy Interior Designer,general_contractor,general_contractor|consultant|service|point_of_interest|establishment,097117 40786,,"Main, CRPF Camp Road, Baharampur Naya, Sector 61, Ullawas, Gurugram, Haryana 122098, India",5,23,OPERATIONAL,https://maps.google.com/?cid=16475850393968620155&g_mp=Cilnb29nbGUubWFwcy5wbGFjZXMudjEuUGxhY2VzLlNlYXJjaE5lYXJieRACGAQgAA,ChIJyVSnVp0jDTkRe7L6-KP6peQ
Barun garments,place_of_worship,place_of_worship|association_or_organization|point_of_interest|establishment,,,"C36V+62C, CRPF Rd, Ullahawas, Baharampur Naya, Sector 61, Gurugram, Haryana 122098, India",5,1,OPERATIONAL,https://maps.google.com/?cid=12222928995572420902&g_mp=Cilnb29nbGUubWFwcy5wbGFjZXMudjEuUGxhY2VzLlNlYXJjaE5lYXJieRACGAQgAA,ChIJ-QGKsfcjDTkRJpHqXymRoKk
Kishor Hair Cut Saloon,hair_salon,hair_salon|hair_care|service|point_of_interest|establishment,084489 31489,,"Shop No 12, Ullahawas, Baharampur Naya, Sector 61, Gurugram, Haryana 122098, India",5,2,CLOSED_TEMPORARILY,https://maps.google.com/?cid=7521109910241441025&g_mp=Cilnb29nbGUubWFwcy5wbGFjZXMudjEuUGxhY2VzLlNlYXJjaE5lYXJieRACGAQgAA,ChIJm6hcBdUjDTkRAXWcZJ1ZYGg
Om Shiv Genral Store,general_store,general_store|food_store|store|food|point_of_interest|establishment,099534 50488,,"Ullawas, Sec61, Shop No. 1, Baharampur Naya, Sector 61, Gurugram, Haryana 122098, India",3.4,5,OPERATIONAL,https://maps.google.com/?cid=12499605857213249294&g_mp=Cilnb29nbGUubWFwcy5wbGFjZXMudjEuUGxhY2VzLlNlYXJjaE5lYXJieRACGAQgAA,ChIJ1fNqjRkiDTkRDneWJ02Fd60
Parvanii,indian_restaurant,indian_restaurant|restaurant|food|point_of_interest|establishment,095835 13344,https://www.parvanii.com/,"Shop No 14, 15, 1st Floor, Ullawas Ramji Market, Baharampur Naya, Sector 61, Gurugram, Haryana 122101, India",3.8,17,OPERATIONAL,https://maps.google.com/?cid=14561505087801260949&g_mp=Cilnb29nbGUubWFwcy5wbGFjZXMudjEuUGxhY2VzLlNlYXJjaE5lYXJieRACGAQgAA,ChIJf5Z_HgkjDTkRlftvKbrbFMo
Hair Patch Centre,medical_clinic,hair_care|medical_clinic|health|point_of_interest|establishment,089201 99846,https://sites.google.com/view/hairpatchcentre,"Shop No.16, 1st floor, Ram ji Market, near Pioneer Park Drive, Ulawas, Sector 61, Gurugram, Haryana 122098, India",5,109,OPERATIONAL,https://maps.google.com/?cid=12459239200582322512&g_mp=Cilnb29nbGUubWFwcy5wbGFjZXMudjEuUGxhY2VzLlNlYXJjaE5lYXJieRACGAQgAA,ChIJq6nEuIsjDTkRUMlUggoc6Kw
"Champ Maid Agency- Full time maid, Japa maid, Cook, Baby Care",employment_agency,employment_agency|service|point_of_interest|establishment,,,"C36R+5XC, CRPF Rd, Ullahawas, Baharampur Naya, Sector 61, Gurugram, Haryana 122098, India",,,OPERATIONAL,https://maps.google.com/?cid=3754313676415594351&g_mp=Cilnb29nbGUubWFwcy5wbGFjZXMudjEuUGxhY2VzLlNlYXJjaE5lYXJieRACGAQgAA,ChIJiWQ77bojDTkRb28kwmUAGjQ
A To Z Mobile Solution,service,service|point_of_interest|establishment,097615 54415,,"Shop No. 1 Ullawas, Baharampur Naya, Sector 62, Gurugram, Haryana 122098, India",,,OPERATIONAL,https://maps.google.com/?cid=11418281021713748101&g_mp=Cilnb29nbGUubWFwcy5wbGFjZXMudjEuUGxhY2VzLlNlYXJjaE5lYXJieRACGAQgAA,ChIJkT6DdykjDTkRhRDVtBfidZ4
AtoZ solution888,service,service|point_of_interest|establishment,,,"Ullahawas, Baharampur Naya, Sector 61, Gurugram, Haryana 122098, India",,,CLOSED_TEMPORARILY,https://maps.google.com/?cid=16979487409177030788&g_mp=Cilnb29nbGUubWFwcy5wbGFjZXMudjEuUGxhY2VzLlNlYXJjaE5lYXJieRACGAQgAA,ChIJW9wtomAjDTkRhPA2ZNZBo-s
Godgaav,service,point_of_interest|service|establishment,,,"4th Floor, India Accelerator, BPTP Centra One, Baharampur Naya, Sector 61, Gurugram, Haryana 122098, India",3.4,5,OPERATIONAL,https://maps.google.com/?cid=17165754943717539564&g_mp=Cilnb29nbGUubWFwcy5wbGFjZXMudjEuUGxhY2VzLlNlYXJjaE5lYXJieRACGAQgAA,ChIJNetOdAAjDTkR7H6wWSwDOe4
Digilicious,service,point_of_interest|service|establishment,095602 53475,http://www.digilicious.in/,"4th Floor, India Accelerator BPTP Centra One, Baharampur Naya, Sector 61, Gurugram, Haryana 122098, India",4,4,CLOSED_TEMPORARILY,https://maps.google.com/?cid=7316175263734066577&g_mp=Cilnb29nbGUubWFwcy5wbGFjZXMudjEuUGxhY2VzLlNlYXJjaE5lYXJieRACGAQgAA,ChIJswFUYtYfDTkRkW1evaNGiGU
Momo sapiens,apartment_building,apartment_building|point_of_interest|service|establishment,,,"Smartworld Orchard, orchard Smartworld, Baharampur Naya, Sector 61, Gurugram, Haryana 122098, India",,,OPERATIONAL,https://maps.google.com/?cid=2364690641890455027&g_mp=Cilnb29nbGUubWFwcy5wbGFjZXMudjEuUGxhY2VzLlNlYXJjaE5lYXJieRACGAQgAA,ChIJ594rWQAjDTkR8y2SMZwR0SA
M18,association_or_organization,association_or_organization|point_of_interest|service|establishment,,,"C35W+Q7X, Baharampur Naya, Sector 61, Gurugram, Haryana 122098, India",,,OPERATIONAL,https://maps.google.com/?cid=13331663531965931319&g_mp=Cilnb29nbGUubWFwcy5wbGFjZXMudjEuUGxhY2VzLlNlYXJjaE5lYXJieRACGAQgAA,ChIJfUlSNgAjDTkRN9_bH1mVA7k
Tower L19,apartment_complex,apartment_complex|point_of_interest|service|establishment,,,"SmartWorld Orchard, L-19, Baharampur Naya, Sector 61, Gurugram, Haryana 122098, India",,,OPERATIONAL,https://maps.google.com/?cid=2647652582749616998&g_mp=Cilnb29nbGUubWFwcy5wbGFjZXMudjEuUGxhY2VzLlNlYXJjaE5lYXJieRACGAQgAA,ChIJIWZYDQAjDTkRZrtvA_9ZviQ
L22,apartment_complex,apartment_complex|point_of_interest|service|establishment,,,"SmartWorld Orchard, Baharampur Naya, Sector 61, Gurugram, Haryana 122098, India",,,OPERATIONAL,https://maps.google.com/?cid=9490579844277952676&g_mp=Cilnb29nbGUubWFwcy5wbGFjZXMudjEuUGxhY2VzLlNlYXJjaE5lYXJieRACGAQgAA,ChIJJ7b5NwAjDTkRpGCryhVQtYM
पौराणिक भैरों मंदिर,hindu_temple,hindu_temple|place_of_worship|association_or_organization|point_of_interest|establishment,,,"C35X+V7V, Baharampur Naya, Sector 61, Gurugram, Haryana 122098, India",,,OPERATIONAL,https://maps.google.com/?cid=6923163959165914416&g_mp=Cilnb29nbGUubWFwcy5wbGFjZXMudjEuUGxhY2VzLlNlYXJjaE5lYXJieRACGAQgAA,ChIJ6w4EZAAjDTkRMA3fu_AEFGA
"Block L, SmartWorld Orchard, Phase 2",service,point_of_interest|service|establishment,,,"C35W+PV3, Ullahawas, Baharampur Naya, Sector 61, Gurugram, Haryana 122098, India",,,OPERATIONAL,https://maps.google.com/?cid=160400074351001002&g_mp=Cilnb29nbGUubWFwcy5wbGFjZXMudjEuUGxhY2VzLlNlYXJjaE5lYXJieRACGAQgAA,ChIJT-rSNgAjDTkRqj2jjQTbOQI
Smartworld Orchard Avenue phase 2,condominium_complex,condominium_complex|point_of_interest|service|establishment,,,"C35W+PV3, Ullahawas, Baharampur Naya, Sector 61, Gurugram, Haryana 122098, India",5,1,OPERATIONAL,https://maps.google.com/?cid=6752184606909548489&g_mp=Cilnb29nbGUubWFwcy5wbGFjZXMudjEuUGxhY2VzLlNlYXJjaE5lYXJieRACGAQgAA,ChIJq77lcwAjDTkRyUe0GCCUtF0
"L34, Smartworld Orchard",apartment_building,apartment_building|point_of_interest|service|establishment,,,"SmartWorld Orchard, Baharampur Naya, Sector 61, Gurugram, Haryana 122098, India",,,OPERATIONAL,https://maps.google.com/?cid=8644904477323289196&g_mp=Cilnb29nbGUubWFwcy5wbGFjZXMudjEuUGxhY2VzLlNlYXJjaE5lYXJieRACGAQgAA,ChIJbea4UQAjDTkRbOIJyNHe-Hc
"M29, smart world Orchard",apartment_complex,apartment_complex|point_of_interest|service|establishment,,,"SmartWorld Orchard, Baharampur Naya, Sector 61, Gurugram, Haryana 122098, India",,,OPERATIONAL,https://maps.google.com/?cid=4765940326911911066&g_mp=Cilnb29nbGUubWFwcy5wbGFjZXMudjEuUGxhY2VzLlNlYXJjaE5lYXJieRACGAQgAA,ChIJV69hHgAjDTkRmiRL7nkFJEI
Learn2PlayTennis - A Tennis Academy,school,tennis_court|sports_coaching|athletic_field|school|educational_institution|health|sports_club|sports_activity_location|association_or_organization|point_of_interest|establishment,097175 67897,https://learn2playtennis.vercel.app/,"AT Sports 18 Arena, St 14, Ullahawas, Baharampur Naya, Sector 61, Gurugram, Haryana 122099, India",5,44,OPERATIONAL,https://maps.google.com/?cid=686972256783040350&g_mp=Cilnb29nbGUubWFwcy5wbGFjZXMudjEuUGxhY2VzLlNlYXJjaE5lYXJieRACGAQgAA,ChIJR91zowojDTkRXv8ZuKCdiAk
Orchard avenu phase 2,lodging,lodging|point_of_interest|service|establishment,,,"C35X+GFF, Baharampur Naya, Sector 61, Gurugram, Haryana 122098, India",,,OPERATIONAL,https://maps.google.com/?cid=10233107528140206889&g_mp=Cilnb29nbGUubWFwcy5wbGFjZXMudjEuUGxhY2VzLlNlYXJjaE5lYXJieRACGAQgAA,ChIJ7RPySQAjDTkRKTMsWxRNA44
XA - Tower,non_profit_organization,non_profit_organization|association_or_organization|point_of_interest|establishment,,,"C35W+H6H, Ullahawas, Baharampur Naya, Sector 61, Gurugram, Haryana 122098, India",5,8,OPERATIONAL,https://maps.google.com/?cid=14561693288872322380&g_mp=Cilnb29nbGUubWFwcy5wbGFjZXMudjEuUGxhY2VzLlNlYXJjaE5lYXJieRACGAQgAA,ChIJ9aXlaAAjDTkRTKVsI-WGFco
Prime Cricket Academy,sports_club,sports_club|association_or_organization|point_of_interest|establishment,063073 21063,,"near AT Sports 18 Ground, Ullahawas, Baharampur Naya, Sector 61, Gurugram, Haryana 122098, India",4.8,6,OPERATIONAL,https://maps.google.com/?cid=4265787608720228364&g_mp=Cilnb29nbGUubWFwcy5wbGFjZXMudjEuUGxhY2VzLlNlYXJjaE5lYXJieRACGAQgAA,ChIJFQLgZ2MjDTkRDEAIoTofMzs
L37,apartment_building,apartment_building|point_of_interest|service|establishment,,,"SmartWorld Orchard, L37, Baharampur Naya, Sector 61, Gurugram, Haryana 122098, India",4.5,6,OPERATIONAL,https://maps.google.com/?cid=17995660178999158842&g_mp=Cilnb29nbGUubWFwcy5wbGFjZXMudjEuUGxhY2VzLlNlYXJjaE5lYXJieRACGAQgAA,ChIJIzl6IQAjDTkROijjc5Ztvfk
M33,apartment_building,apartment_building|point_of_interest|service|establishment,,,"SmartWorld Orchard, Baharampur Naya, Sector 61, Gurugram, Haryana 122098, India",,,OPERATIONAL,https://maps.google.com/?cid=16298919800803181284&g_mp=Cilnb29nbGUubWFwcy5wbGFjZXMudjEuUGxhY2VzLlNlYXJjaE5lYXJieRACGAQgAA,ChIJTYFxJQAjDTkR5EJ0FTRlMeI
BHATI RENT HOUSE,apartment_building,apartment_building|point_of_interest|service|establishment,,,"C35X+W5X, Baharampur Naya, Sector 61, Behrampur, Gurugram, Haryana 122098, India",1,1,OPERATIONAL,https://maps.google.com/?cid=14632260594128085755&g_mp=Cilnb29nbGUubWFwcy5wbGFjZXMudjEuUGxhY2VzLlNlYXJjaE5lYXJieRACGAQgAA,ChIJdejP6jojDTkR-2LzPXw7EMs
CH RAJPAL AMBAWATA FARM HOUSE,park,park|point_of_interest|establishment,,,"C35V+WQQ, Ullawas, Baharampur Naya, Sector 61, Gurugram, Haryana 122098, India",4.5,8,OPERATIONAL,https://maps.google.com/?cid=16435195521641464929&g_mp=Cilnb29nbGUubWFwcy5wbGFjZXMudjEuUGxhY2VzLlNlYXJjaE5lYXJieRACGAQgAA,ChIJa6dqtCYjDTkRYcSH4T-LFeQ
Akshay’s Gurgaon house,condominium_complex,condominium_complex|point_of_interest|service|establishment,,,"SmartWorld Orchard, Dayma Rd, adjacent to smart world, Baharampur Naya, Sector 61, Gurugram, Haryana 122098, India",,,OPERATIONAL,https://maps.google.com/?cid=5822284473240692274&g_mp=Cilnb29nbGUubWFwcy5wbGFjZXMudjEuUGxhY2VzLlNlYXJjaE5lYXJieRACGAQgAA,ChIJf1FrCQAjDTkRMqbIcOHozFA
"Hno 6A,Vijay Block(Opp Tikona Park),Laxmi Nagar,Delhi 110092 India",condominium_complex,condominium_complex|service|point_of_interest|establishment,,,"6A, near Tikona Park, Vijay Block, Block E, Laxmi Nagar, Sector 61, New Delhi, Gurugram, Delhi 110092, India",,,OPERATIONAL,https://maps.google.com/?cid=5178849025180569153&g_mp=Cilnb29nbGUubWFwcy5wbGFjZXMudjEuUGxhY2VzLlNlYXJjaE5lYXJieRACGAQgAA,ChIJYeZOUAAjDTkRQQ5E67_33kc
AnuVan,association_or_organization,service|association_or_organization|point_of_interest|establishment,,,"C35X+RWF, Baharampur Naya, Sector 61, Gurugram, Haryana 122098, India",,,OPERATIONAL,https://maps.google.com/?cid=3705948793140852025&g_mp=Cilnb29nbGUubWFwcy5wbGFjZXMudjEuUGxhY2VzLlNlYXJjaE5lYXJieRACGAQgAA,ChIJ3UJEUgAjDTkRObXy2sosbjM
I16B Smartworld Orchard,apartment_building,apartment_building|service|point_of_interest|establishment,,,"SmartWorld Orchard, Baharampur Naya, Sector 61, Gurugram, Haryana 122098, India",,,OPERATIONAL,https://maps.google.com/?cid=14074162138789085435&g_mp=Cilnb29nbGUubWFwcy5wbGFjZXMudjEuUGxhY2VzLlNlYXJjaE5lYXJieRACGAQgAA,ChIJEUiaWQAjDTkR-4DGqeV3UcM
Anuj Yadav,apartment_building,apartment_building|service|point_of_interest|establishment,,,"C452+P3J, Baharampur Naya, Sector 61, Gurugram, Haryana 122098, India",,,OPERATIONAL,https://maps.google.com/?cid=18178882710691459190&g_mp=Cilnb29nbGUubWFwcy5wbGFjZXMudjEuUGxhY2VzLlNlYXJjaE5lYXJieRACGAQgAA,ChIJ_X-rTwAjDTkRdjBBcIJdSPw
H-2 Smartworld orchard,apartment_building,apartment_building|service|point_of_interest|establishment,,,"SmartWorld Orchard, Baharampur Naya, Sector 61, Gurugram, Haryana 122098, India",,,OPERATIONAL,https://maps.google.com/?cid=10127436896770351070&g_mp=Cilnb29nbGUubWFwcy5wbGFjZXMudjEuUGxhY2VzLlNlYXJjaE5lYXJieRACGAQgAA,ChIJh5TdcAAjDTkR3l8uPTPii4w
H-7D Smartworld Orchard,apartment_building,apartment_building|service|point_of_interest|establishment,,,"C452+P3J, Baharampur Naya, Sector 61, Gurugram, Haryana 122098, India",,,OPERATIONAL,https://maps.google.com/?cid=17735017474420412221&g_mp=Cilnb29nbGUubWFwcy5wbGFjZXMudjEuUGxhY2VzLlNlYXJjaE5lYXJieRACGAQgAA,ChIJzfNrEQAjDTkRPY8syG1wH_Y
I30B Smartworld Orchard,apartment_complex,apartment_complex|service|point_of_interest|establishment,,,"SmartWorld Orchard, Baharampur Naya, Sector 61, Gurugram, Haryana 122098, India",1.5,2,OPERATIONAL,https://maps.google.com/?cid=17606942416870813585&g_mp=Cilnb29nbGUubWFwcy5wbGFjZXMudjEuUGxhY2VzLlNlYXJjaE5lYXJieRACGAQgAA,ChIJUfCsNQAjDTkRka9XstdsWPQ
"I22-23, Smartworld Orchard",association_or_organization,service|association_or_organization|point_of_interest|establishment,,,"C452+P3J, Baharampur Naya, Sector 61, Gurugram, Haryana 122098, India",,,OPERATIONAL,https://maps.google.com/?cid=8842538427784422068&g_mp=Cilnb29nbGUubWFwcy5wbGFjZXMudjEuUGxhY2VzLlNlYXJjaE5lYXJieRACGAQgAA,ChIJMbMjRQAjDTkRtOLUrNkBt3o
"I-19 tower, Smart World Orchid",apartment_building,apartment_building|service|point_of_interest|establishment,,,"smart world orchid, C452+P3J smart world orchid, H3A, orchard Smartworld, Baharampur Naya, Sector 61, Gurugram, Haryana 122098, India",,,OPERATIONAL,https://maps.google.com/?cid=6626465825313759442&g_mp=Cilnb29nbGUubWFwcy5wbGFjZXMudjEuUGxhY2VzLlNlYXJjaE5lYXJieRACGAQgAA,ChIJxZzmIAAjDTkR0qAXQo_v9Vs
H16 Smartworld Orchard,apartment_building,apartment_building|service|point_of_interest|establishment,,,"C35X+GQX, Baharampur Naya, Sector 61, Gurugram, Haryana 122098, India",4,1,OPERATIONAL,https://maps.google.com/?cid=189688604872591388&g_mp=Cilnb29nbGUubWFwcy5wbGFjZXMudjEuUGxhY2VzLlNlYXJjaE5lYXJieRACGAQgAA,ChIJ73edTAAjDTkRHMhe98fooQI
Smartworld orchard ankur H3A,apartment_complex,apartment_complex|service|point_of_interest|establishment,,,"C452+P3J smart world orchid, H3A, orchard Smartworld, Baharampur Naya, Sector 61, Gurugram, Haryana 122098, India",,,CLOSED_TEMPORARILY,https://maps.google.com/?cid=3265636321387879905&g_mp=Cilnb29nbGUubWFwcy5wbGFjZXMudjEuUGxhY2VzLlNlYXJjaE5lYXJieRACGAQgAA,ChIJ749mYgAjDTkR4R3wpe7eUS0
"H12, Smartworld Orchard",apartment_building,apartment_building|service|point_of_interest|establishment,099690 89033,,"Baharampur Naya, Sector 61, Gurugram, Haryana 122098, India",3.6,7,OPERATIONAL,https://maps.google.com/?cid=6608424246334668492&g_mp=Cilnb29nbGUubWFwcy5wbGFjZXMudjEuUGxhY2VzLlNlYXJjaE5lYXJieRACGAQgAA,ChIJlbTKegAjDTkRzD7bz9bWtVs
"I Block , I6-I7",apartment_building,apartment_building|service|point_of_interest|establishment,,,"C452+V36, Baharampur Naya, Sector 61, Gurugram, Haryana 122098, India",,,OPERATIONAL,https://maps.google.com/?cid=14016640390684558264&g_mp=Cilnb29nbGUubWFwcy5wbGFjZXMudjEuUGxhY2VzLlNlYXJjaE5lYXJieRACGAQgAA,ChIJ_4K-AQAjDTkRuEMlBywchcI
H22 SMARTWORLD,apartment_building,apartment_building|service|point_of_interest|establishment,,,"C35X+MJV, Baharampur Naya, Sector 61, Gurugram, Haryana 122098, India",,,OPERATIONAL,https://maps.google.com/?cid=12098814697083448203&g_mp=Cilnb29nbGUubWFwcy5wbGFjZXMudjEuUGxhY2VzLlNlYXJjaE5lYXJieRACGAQgAA,ChIJfdCQRgAjDTkRiyvvXt2f56c
Smartworld Orchard G1 A,apartment_building,apartment_building|service|point_of_interest|establishment,,,"SmartWorld Orchard, village, Dayma Rd, adjacent to Smartworld Orchard, Baharampur Naya, Sector 61, Gurugram, Haryana 122098, India",,,OPERATIONAL,https://maps.google.com/?cid=16334858956997772735&g_mp=Cilnb29nbGUubWFwcy5wbGFjZXMudjEuUGxhY2VzLlNlYXJjaE5lYXJieRACGAQgAA,ChIJOcuKVwAjDTkRv8X186wTseI
I33B SmartWorld Orchard,apartment_complex,apartment_complex|service|point_of_interest|establishment,,,"Smartworld, G25 A, Baharampur Naya, Sector 61, Gurugram, Haryana 122098, India",5,1,OPERATIONAL,https://maps.google.com/?cid=11542815574953194745&g_mp=Cilnb29nbGUubWFwcy5wbGFjZXMudjEuUGxhY2VzLlNlYXJjaE5lYXJieRACGAQgAA,ChIJM2IpMQAjDTkR-XTu5JtRMKA
PosturePRO -Fitness and rehab,medical_clinic,medical_clinic|health|point_of_interest|establishment,095341 61099,https://posturepro.co.in/,"D Basement, Smartworld Orchard, G-12, Baharampur Naya, Sector 61, Gurugram, Haryana 122098, India",5,6,OPERATIONAL,https://maps.google.com/?cid=12851764961561786221&g_mp=Cilnb29nbGUubWFwcy5wbGFjZXMudjEuUGxhY2VzLlNlYXJjaE5lYXJieRACGAQgAA,ChIJIfnDyuQjDTkRbbezFiSkWrI
I38,apartment_building,apartment_building|service|point_of_interest|establishment,,,"SmartWorld Orchard, I 38, Daymar Road, Baharampur Naya, Sector 61, Gurugram, Haryana 122098, India",,,OPERATIONAL,https://maps.google.com/?cid=2816693027101018162&g_mp=Cilnb29nbGUubWFwcy5wbGFjZXMudjEuUGxhY2VzLlNlYXJjaE5lYXJieRACGAQgAA,ChIJ-RF6agAjDTkRMgiteWLnFic
"G-13D, Smartworld Orchard",apartment_building,apartment_building|service|point_of_interest|establishment,,,"C35X+HRV, Baharampur Naya, Sector 61, Gurugram, Haryana 122098, India",2,2,OPERATIONAL,https://maps.google.com/?cid=8567741797639589424&g_mp=Cilnb29nbGUubWFwcy5wbGFjZXMudjEuUGxhY2VzLlNlYXJjaE5lYXJieRACGAQgAA,ChIJ-YSDEQAjDTkRMA6TZ8W75nY
Chinar By Archana | Ladies Boutique in Gurgaon,clothing_store,clothing_store|store|point_of_interest|establishment,093007 22728,,"D8C Basement, Baharampur Naya, Sector 61, Gurugram, Haryana 122102, India",5,2,OPERATIONAL,https://maps.google.com/?cid=17777537471089439229&g_mp=Cilnb29nbGUubWFwcy5wbGFjZXMudjEuUGxhY2VzLlNlYXJjaE5lYXJieRACGAQgAA,ChIJd7bCc4cjDTkR_XF7-SOAtvY
Tatvam Lands & Farmhouses,farmstay,farmstay|lodging|point_of_interest|establishment,,,"Baani Address One, Sector 58, Gurugram, Haryana 122098, India",,,OPERATIONAL,https://maps.google.com/?cid=2600240520585290366&g_mp=Cilnb29nbGUubWFwcy5wbGFjZXMudjEuUGxhY2VzLlNlYXJjaE5lYXJieRACGAQgAA,ChIJpSI8fEUhDTkRfiIQEProFSQ
Chaudhari Nanuaram Bhati,housing_complex,housing_complex|service|point_of_interest|establishment,,,"C462+2Q3, Dayma Rd, Baharampur Naya, Sector 59, Gurugram, Haryana 122098, India",5,1,OPERATIONAL,https://maps.google.com/?cid=2277724811756131871&g_mp=Cilnb29nbGUubWFwcy5wbGFjZXMudjEuUGxhY2VzLlNlYXJjaE5lYXJieRACGAQgAA,ChIJJxluFQAjDTkRH1bR_KUanB8
Kapil Bhati’s home,association_or_organization,service|association_or_organization|point_of_interest|establishment,,,"C462+2Q3, Dayma Rd, Baharampur Naya, Sector 59, Gurugram, Haryana 122098, India",,,OPERATIONAL,https://maps.google.com/?cid=10798798768614130869&g_mp=Cilnb29nbGUubWFwcy5wbGFjZXMudjEuUGxhY2VzLlNlYXJjaE5lYXJieRACGAQgAA,ChIJ74MsLQAjDTkRtcQr_EMK3ZU
Choudhary Tour & Travels,taxi_service,taxi_service|transportation_service|service|point_of_interest|establishment,088009 18378,https://choudharytravels.in/,"Plot No 8, near by Grand Hyatt Hotel, Sector 58, Gurugram, Haryana 122011, India",5,9,OPERATIONAL,https://maps.google.com/?cid=3589775853460763086&g_mp=Cilnb29nbGUubWFwcy5wbGFjZXMudjEuUGxhY2VzLlNlYXJjaE5lYXJieRACGAQgAA,ChIJNbopCA4hDTkRzrHNiB5y0TE
Perfect Solar Energy,service,service|point_of_interest|establishment,097116 10367,http://www.perfectsolarenergy.in/,"Dayma Rd, Baharampur Naya, Sector 59, Gurugram, Haryana 122098, India",,,OPERATIONAL,https://maps.google.com/?cid=14346896021549095174&g_mp=Cilnb29nbGUubWFwcy5wbGFjZXMudjEuUGxhY2VzLlNlYXJjaE5lYXJieRACGAQgAA,ChIJu7roMwAjDTkRBhnmIetpGsc
Aditya Namberdar,housing_complex,housing_complex|service|point_of_interest|establishment,,,"C462+2P2, Dayma Rd, Baharampur Naya, Sector 59, Gurugram, Haryana 122098, India",5,1,OPERATIONAL,https://maps.google.com/?cid=15843703709354361208&g_mp=Cilnb29nbGUubWFwcy5wbGFjZXMudjEuUGxhY2VzLlNlYXJjaE5lYXJieRACGAQgAA,ChIJcf14bAAjDTkReAGbgpQk4Ns
Ch-partab Singh Bhati house,housing_complex,housing_complex|service|point_of_interest|establishment,,,"C462+2P2, Dayma Rd, Baharampur Naya, Sector 59, Gurugram, Haryana 122098, India",,,OPERATIONAL,https://maps.google.com/?cid=2006914532296785659&g_mp=Cilnb29nbGUubWFwcy5wbGFjZXMudjEuUGxhY2VzLlNlYXJjaE5lYXJieRACGAQgAA,ChIJF_RJdwAjDTkR-34eUCL-2Rs
Shree shyam kunj,housing_complex,housing_complex|service|point_of_interest|establishment,,,"C462+2P2, Dayma Rd, Baharampur Naya, Sector 59, Gurugram, Haryana 122098, India",,,OPERATIONAL,https://maps.google.com/?cid=15963533623817264993&g_mp=Cilnb29nbGUubWFwcy5wbGFjZXMudjEuUGxhY2VzLlNlYXJjaE5lYXJieRACGAQgAA,ChIJR6E1XAAjDTkRYd-hn0Ddid0
ShriTREES CONSULTANCY SERVICES,real_estate_agency,real_estate_agency|service|point_of_interest|establishment,097119 43150,,"Building No1, 2nd Floor , Opposite Ireo Ascott, Sector 58, Gurugram, Haryana 122098, India",5,7,OPERATIONAL,https://maps.google.com/?cid=3501706396766437001&g_mp=Cilnb29nbGUubWFwcy5wbGFjZXMudjEuUGxhY2VzLlNlYXJjaE5lYXJieRACGAQgAA,ChIJkw7josEhDTkRif75PmqPmDA
Ollways Mobility Pvt. Ltd.,,car_rental|taxi_service|transportation_service|service|point_of_interest|establishment,070659 99500,http://www.ollways.com/,"3rd Floor, Kila 11/1, opp. Ascott Ireo City Central, Sector 58, Gurugram, Haryana 122098, India",5,50,OPERATIONAL,https://maps.google.com/?cid=13019478454411087311&g_mp=Cilnb29nbGUubWFwcy5wbGFjZXMudjEuUGxhY2VzLlNlYXJjaE5lYXJieRACGAQgAA,ChIJSVjaS3-zh6sRz00GlKx6rrQ
SI,sporting_goods_store,sporting_goods_store|store|point_of_interest|establishment,090840 06427,,"Buddha Market, Plot number 7, opposite Ireo ascot, Sector 58, Gurugram, Ghata, Haryana 122151, India",4.5,108,OPERATIONAL,https://maps.google.com/?cid=2819906601531620844&g_mp=Cilnb29nbGUubWFwcy5wbGFjZXMudjEuUGxhY2VzLlNlYXJjaE5lYXJieRACGAQgAA,ChIJz4JFNtojDTkR7D0SFB1SIic
Bhati Associate,consultant,corporate_office|real_estate_agency|consultant|service|point_of_interest|establishment,099100 40123,,"The Grand Arch, Main Rd, Sector 58, Gurugram, Haryana 122098, India",4,3,OPERATIONAL,https://maps.google.com/?cid=11982401538443660619&g_mp=Cilnb29nbGUubWFwcy5wbGFjZXMudjEuUGxhY2VzLlNlYXJjaE5lYXJieRACGAQgAA,ChIJOaHQY8AhDTkRS00Ht7YKSqY
Aman Flowering Shop,store,store|point_of_interest|establishment,,,"Buddha Market, Plot No. 6, Dayma Rd, near BJP Office, Sector 58, Gurugram, Haryana 122098, India",,,CLOSED_TEMPORARILY,https://maps.google.com/?cid=16052457596170410085&g_mp=Cilnb29nbGUubWFwcy5wbGFjZXMudjEuUGxhY2VzLlNlYXJjaE5lYXJieRACGAQgAA,ChIJ474bGwAhDTkRZRjCVyLJxd4
Viktorianz,travel_agency,travel_agency|tour_agency|service|point_of_interest|establishment,099713 13335,https://www.viktorianz.com/,"Archview Dr, Sector 58, Gurugram, Haryana 122098, India",5,99,OPERATIONAL,https://maps.google.com/?cid=9119630877225584245&g_mp=Cilnb29nbGUubWFwcy5wbGFjZXMudjEuUGxhY2VzLlNlYXJjaE5lYXJieRACGAQgAA,ChIJu8wLvNkYDTkRdQa3B_dvj34
CAR WASHING CENTER,car_wash,car_wash|service|point_of_interest|establishment,098736 11717,,"opposite Ascott Ireo City Central, Sector 58, Gurugram, Haryana 122101, India",5,5,OPERATIONAL,https://maps.google.com/?cid=15865968034161874847&g_mp=Cilnb29nbGUubWFwcy5wbGFjZXMudjEuUGxhY2VzLlNlYXJjaE5lYXJieRACGAQgAA,ChIJ8x4FkRQhDTkRn9frld09L9w
Bhati properties,general_contractor,general_contractor|service|point_of_interest|establishment,,,"C453+VH8, Sector 58, Gurugram, Haryana 122098, India",,,CLOSED_TEMPORARILY,https://maps.google.com/?cid=4817527618993530535&g_mp=Cilnb29nbGUubWFwcy5wbGFjZXMudjEuUGxhY2VzLlNlYXJjaE5lYXJieRACGAQgAA,ChIJc-yBXwAhDTkRpya-WdhL20I
SUMIT PROPERTIES,real_estate_agency,real_estate_agency|service|point_of_interest|establishment,,,"C453+VH8, Sector 58, Gurugram, Haryana 122098, India",,,CLOSED_TEMPORARILY,https://maps.google.com/?cid=1331941199092469509&g_mp=Cilnb29nbGUubWFwcy5wbGFjZXMudjEuUGxhY2VzLlNlYXJjaE5lYXJieRACGAQgAA,ChIJId15FwAhDTkRBU-dsXYBfBI
Biryani Blues,restaurant,restaurant|food|point_of_interest|establishment,,https://restaurants.biryaniblues.com/biryani-blues-restaurants-sector-61-gurugram-531064/Home,"No FF/28, SmartWorld Orchard, Ascott Ireo City Central, Golf Course Ext Rd, opposite GurgaonAscott, Baharampur Naya, Sector 61, Gurugram, Haryana 122102, India",4.6,20,OPERATIONAL,https://maps.google.com/?cid=15118526441642773433&g_mp=Cilnb29nbGUubWFwcy5wbGFjZXMudjEuUGxhY2VzLlNlYXJjaE5lYXJieRACGAQgAA,ChIJjwBNAdcjDTkRuct3gbLLz9E
The Tyre Hub,tire_shop,tire_shop|auto_parts_store|car_repair|store|service|point_of_interest|establishment,075033 31656,,"PLOT NO 7 BOUDHA MARKET BEHRAMPUR, Grand Arch, ROAD, SECT 58, Sector 58, Gurugram, Haryana 122098, India",5,4,OPERATIONAL,https://maps.google.com/?cid=3630338594866143509&g_mp=Cilnb29nbGUubWFwcy5wbGFjZXMudjEuUGxhY2VzLlNlYXJjaE5lYXJieRACGAQgAA,ChIJIVA5Fa0hDTkRFSFjubeNYTI
Socially Distant Cakes,bakery,bakery|food_store|store|food|point_of_interest|establishment,,http://www.sociallydistantcakes.com/,"Plot No. 3, First Floor, Golf Course Ext Rd, opp. Ireo Ascott, Alahawas, Sector 58, Gurugram, Haryana 122098, India",4.8,13,CLOSED_TEMPORARILY,https://maps.google.com/?cid=13081057077375277562&g_mp=Cilnb29nbGUubWFwcy5wbGFjZXMudjEuUGxhY2VzLlNlYXJjaE5lYXJieRACGAQgAA,ChIJHZ0McncfDTkR-hmQ_xpAibU
Xen OP Badshahpur DHBVN GURUGRAM,government_office,government_office|point_of_interest|establishment,,,"42, Gali No. 4, near Raj Properties, Sector 58, Gurugram, Haryana 122098, India",5,3,OPERATIONAL,https://maps.google.com/?cid=4088434393775503927&g_mp=Cilnb29nbGUubWFwcy5wbGFjZXMudjEuUGxhY2VzLlNlYXJjaE5lYXJieRACGAQgAA,ChIJJ20AcgAhDTkRN3p6cGsJvTg
Executive Engineer BADSHAHPUR Switching Substation IREO,,point_of_interest|establishment,,,"C464+29F, Sector 56, Gurugram, Haryana 122098, India",4.8,4,OPERATIONAL,https://maps.google.com/?cid=13955725430014208076&g_mp=Cilnb29nbGUubWFwcy5wbGFjZXMudjEuUGxhY2VzLlNlYXJjaE5lYXJieRACGAQgAA,ChIJnyMFTcAhDTkRTOjhhlayrME
Konception Designs pvt. Limited,corporate_office,corporate_office|point_of_interest|establishment,,,"Magnum Global Park unit No. 710, 7th Floor, Block B, 711, Sector 58, Gurugram, Haryana 122011, India",5,1,OPERATIONAL,https://maps.google.com/?cid=4361135603023738616&g_mp=Cilnb29nbGUubWFwcy5wbGFjZXMudjEuUGxhY2VzLlNlYXJjaE5lYXJieRACGAQgAA,ChIJfQ-Dz6AjDTkR-PaJg7ndhTw
Shashi Electrical Eng,electrician,electrician|service|point_of_interest|establishment,,,"Nayagaon, Gali No. - 4, Sector 58, Gurugram, Haryana 122098, India",,,CLOSED_TEMPORARILY,https://maps.google.com/?cid=8419044163199954497&g_mp=Cilnb29nbGUubWFwcy5wbGFjZXMudjEuUGxhY2VzLlNlYXJjaE5lYXJieRACGAQgAA,ChIJS1zjM_QhDTkRQe7bdw901nQ
Boodmo - Spare Parts Expert,auto_parts_store,auto_parts_store|car_repair|wholesaler|store|service|point_of_interest|establishment,011 4118 9222,https://boodmo.com/,"Magnum Global Park, Golf Course Ext Rd, Sector 58, Gurugram, Haryana 122098, India",4.3,6035,OPERATIONAL,https://maps.google.com/?cid=1036552596035731345&g_mp=Cilnb29nbGUubWFwcy5wbGFjZXMudjEuUGxhY2VzLlNlYXJjaE5lYXJieRACGAQgAA,ChIJddi-W-wYDTkRkf-3HRiTYg4
GRG Global limited,corporate_office,corporate_office|point_of_interest|establishment,,,"801, 8th floor, Global magnum park, Sector 58, Gurugram, Haryana 122098, India",5,1,OPERATIONAL,https://maps.google.com/?cid=15758506574828911242&g_mp=Cilnb29nbGUubWFwcy5wbGFjZXMudjEuUGxhY2VzLlNlYXJjaE5lYXJieRACGAQgAA,ChIJiYEWUAAhDTkRirpV1zx2sdo
Bar Code India Limited,,point_of_interest|establishment,099584 85400,https://www.barcodeindia.com/contact-us,"19th floor, Magnum Global Park, 1901-1904, Golf Course Ext Rd, Sector 58, Gurugram, Haryana 122011, India",4.1,13,OPERATIONAL,https://maps.google.com/?cid=17442204243851371084&g_mp=Cilnb29nbGUubWFwcy5wbGFjZXMudjEuUGxhY2VzLlNlYXJjaE5lYXJieRACGAQgAA,ChIJa3MRdRYZDTkRTGKS1lgoD_I
Omnia Technologies Pvt. Ltd Unit II,manufacturer,manufacturer|point_of_interest|establishment,0124 420 3899,https://www.omniatags.com/,"Magnum Global Park, Tower – II, 1901-1904, Golf Course Ext Rd, Sector 58, Gurugram, Haryana 122098, India",4.3,4,OPERATIONAL,https://maps.google.com/?cid=10570467919810505639&g_mp=Cilnb29nbGUubWFwcy5wbGFjZXMudjEuUGxhY2VzLlNlYXJjaE5lYXJieRACGAQgAA,ChIJablXiT8ZDTkRp6v3fZHYsZI
BIM Modeling Services India Pvt Ltd,service,service|point_of_interest|establishment,078270 53974,https://bmsi.ai/,"D 17th Floor, Magnum Global Park, Unit number 1714, Golf Course Ext Rd, Sector 58, Gurugram, Haryana 122098, India",4.9,38,OPERATIONAL,https://maps.google.com/?cid=7206990756240414465&g_mp=Cilnb29nbGUubWFwcy5wbGFjZXMudjEuUGxhY2VzLlNlYXJjaE5lYXJieRACGAQgAA,ChIJwwVeFYsfDTkRAdc7lehfBGQ
Nihon Denkei India Private Limited,,point_of_interest|establishment,0124 471 5777,https://www.n-denkei.com/india/,"Unit No. 1607, 16th Floor, Magnum Global Park, Golf Course Ext Rd, Sector 58, Gurugram, Haryana 122098, India",4.3,3,OPERATIONAL,https://maps.google.com/?cid=14813575632915140281&g_mp=Cilnb29nbGUubWFwcy5wbGFjZXMudjEuUGxhY2VzLlNlYXJjaE5lYXJieRACGAQgAA,ChIJF81uNpshDTkRuQ5KbY1klM0
APEX Acreages Private Limited,service,real_estate_agency|consultant|finance|service|point_of_interest|establishment,099990 55515,http://www.apexacreages.com/,"17th Floor, Magnum Global Park, 1715, Golf Course Ext Rd, Sector 58, Gurugram, Haryana 122098, India",4.5,50,OPERATIONAL,https://maps.google.com/?cid=11741852317316178318&g_mp=Cilnb29nbGUubWFwcy5wbGFjZXMudjEuUGxhY2VzLlNlYXJjaE5lYXJieRACGAQgAA,ChIJIeND5CUZDTkRjmG6unhw86I
Akara,point_of_interest,point_of_interest|establishment,,,"18th Floor, Magnum Global Park, Golf Course Ext Rd, Sector 58, Gurugram, Haryana 122011, India",,,OPERATIONAL,https://maps.google.com/?cid=5282526871884889812&g_mp=Cilnb29nbGUubWFwcy5wbGFjZXMudjEuUGxhY2VzLlNlYXJjaE5lYXJieRACGAQgAA,ChIJsfzGFAAhDTkR1H4nszNOT0k
Stashfin,finance,finance|point_of_interest|establishment,0124 698 1222,https://www.stashfin.com/,"18th Floor, MAGNUM GLOBAL PARK, Golf Course Ext Rd, Sector 58, Gurugram, Haryana 122011, India",3.2,2621,OPERATIONAL,https://maps.google.com/?cid=15642710640993931281&g_mp=Cilnb29nbGUubWFwcy5wbGFjZXMudjEuUGxhY2VzLlNlYXJjaE5lYXJieRACGAQgAA,ChIJY38l8FniDDkREZCqCHMSFtk
Magnum Global Park Main Gate,corporate_office,corporate_office|point_of_interest|establishment,,,"C464+3R2, Sector 58, Gurugram, Haryana 122098, India",4.6,9,OPERATIONAL,https://maps.google.com/?cid=12766330444185882407&g_mp=Cilnb29nbGUubWFwcy5wbGFjZXMudjEuUGxhY2VzLlNlYXJjaE5lYXJieRACGAQgAA,ChIJBzFregAhDTkRJ0_0auYdK7E
Play Padel | Pickleball,sports_activity_location,sports_complex|athletic_field|sports_club|sports_activity_location|association_or_organization|point_of_interest|establishment,082731 82144,http://www.playpadelindia.com/,"Magnum, Play Padel | Pickleball Arena, Archview Dr, Sector 58, Gurugram, Haryana 122098, India",4.7,9,OPERATIONAL,https://maps.google.com/?cid=711670333461590048&g_mp=Cilnb29nbGUubWFwcy5wbGFjZXMudjEuUGxhY2VzLlNlYXJjaE5lYXJieRACGAQgAA,ChIJd5p6eBQhDTkRIHApz2Vc4Ak
BIM Americas,,educational_institution|point_of_interest|establishment,099992 16000,https://bimamericas.com/,"17th Floor, Magnum Global Park, Unit Number: 1714 B, Golf Course Ext Rd, Sector 58, Gurugram, Haryana 122098, India",5,83,OPERATIONAL,https://maps.google.com/?cid=4822412383047565966&g_mp=Cilnb29nbGUubWFwcy5wbGFjZXMudjEuUGxhY2VzLlNlYXJjaE5lYXJieRACGAQgAA,ChIJNa2dXoTpTCIRjsL-G4Om7EI
Customized Promotional & Corporate Gifts - Manufacturer and Wholesaler,service,supplier|store|manufacturer|service|point_of_interest|establishment,095605 92143,,"Golf Course Ext Rd, Sector 58, Gurugram, Haryana 122001, India",,,OPERATIONAL,https://maps.google.com/?cid=16900536786636651738&g_mp=Cilnb29nbGUubWFwcy5wbGFjZXMudjEuUGxhY2VzLlNlYXJjaE5lYXJieRACGAQgAA,ChIJPcxR6hshDTkR2jzmIKrEiuo
Sambar Ritual,south_indian_restaurant,south_indian_restaurant|indian_restaurant|restaurant|food|point_of_interest|establishment,,https://sambarritual.com/,"The Boulevard at Magnum Global Park, Sector 58, Gurugram, Haryana 122098, India",4.9,5489,OPERATIONAL,https://maps.google.com/?cid=1497373986667854421&g_mp=Cilnb29nbGUubWFwcy5wbGFjZXMudjEuUGxhY2VzLlNlYXJjaE5lYXJieRACGAQgAA,ChIJKXgSNJMhDTkRVXo_G7W9xxQ
Aftermarket Records,store,store|point_of_interest|establishment,,,"The Boulevard, Magnum Global Park, at, Golf Course Ext Rd, Sector 58, Gurugram, Haryana 122011, India",4.2,5,OPERATIONAL,https://maps.google.com/?cid=214838514969101489&g_mp=Cilnb29nbGUubWFwcy5wbGFjZXMudjEuUGxhY2VzLlNlYXJjaE5lYXJieRACGAQgAA,ChIJl8TYQtMhDTkRsUTOuH1C-wI
Edha,apartment_building,apartment_building|service|point_of_interest|establishment,,,"Tower-B Altaris, Mahindra Luminare, Golf Course Ext Rd, Alahawas, Sector 59, Gurugram, Haryana 122098, India",,,OPERATIONAL,https://maps.google.com/?cid=11687644408144820235&g_mp=Cilnb29nbGUubWFwcy5wbGFjZXMudjEuUGxhY2VzLlNlYXJjaE5lYXJieRACGAQgAA,ChIJz9-_VQAhDTkRC3iNWKraMqI
Himanshi Clinic,doctor,doctor|health|point_of_interest|establishment,096343 90209,,"C465+6R2, near Ayur Company, Behrampur Village, Sector 59, Gurugram, Haryana 122098, India",5,1,OPERATIONAL,https://maps.google.com/?cid=10603051737025980934&g_mp=Cilnb29nbGUubWFwcy5wbGFjZXMudjEuUGxhY2VzLlNlYXJjaE5lYXJieRACGAQgAA,ChIJzxGajZghDTkRBqqFoGCbJZM
Kapoor’s,apartment_building,apartment_building|service|point_of_interest|establishment,,,"Mahindra Luminare, B-2603, Golf Course Ext Rd, Alahawas, Sector 59, Gurugram, Haryana 122011, India",2,1,OPERATIONAL,https://maps.google.com/?cid=4930123600779559715&g_mp=Cilnb29nbGUubWFwcy5wbGFjZXMudjEuUGxhY2VzLlNlYXJjaE5lYXJieRACGAQgAA,ChIJmw1mEnUhDTkRI0M8Q0tRa0Q
Emric salon 59,beauty_salon,beauty_salon|service|point_of_interest|establishment,093198 06566,,"Tower c, Tower c_altaris, MAHINDRA LIFESPACES LUMINARE, Alahawas, Sector 59, Gurugram, Haryana 122098, India",5,25,OPERATIONAL,https://maps.google.com/?cid=15602166559428150498&g_mp=Cilnb29nbGUubWFwcy5wbGFjZXMudjEuUGxhY2VzLlNlYXJjaE5lYXJieRACGAQgAA,ChIJgQHnSgAhDTkR4oQxbdIHhtg
Hsunahd MCMXCVIII,consultant,consultant|service|point_of_interest|establishment,,https://www.hsunahd.com/,"Magnum towers, road, Sector 58, Gurugram, Haryana 122098, India",4.5,30,CLOSED_TEMPORARILY,https://maps.google.com/?cid=3964029352480165417&g_mp=Cilnb29nbGUubWFwcy5wbGFjZXMudjEuUGxhY2VzLlNlYXJjaE5lYXJieRACGAQgAA,ChIJ5QGe6bchDTkRKU7NmbEPAzc
Mahindra Luminare Tower B,apartment_building,apartment_building|service|point_of_interest|establishment,,,"C465+6XC, Alahawas, Sector 59, Gurugram, Haryana 122098, India",5,3,OPERATIONAL,https://maps.google.com/?cid=5188328377066271746&g_mp=Cilnb29nbGUubWFwcy5wbGFjZXMudjEuUGxhY2VzLlNlYXJjaE5lYXJieRACGAQgAA,ChIJeT7cDwAhDTkRAjQdhSulAEg
SGK GALERIE PVT LTD,art_gallery,art_gallery|point_of_interest|establishment,099108 37812,https://www.sgkgalerie.com/,"2301, Tower C, Mahindra Luminare, Alahawas, Sector 59, Gurugram, Haryana 122098, India",5,1,OPERATIONAL,https://maps.google.com/?cid=9782345457521567028&g_mp=Cilnb29nbGUubWFwcy5wbGFjZXMudjEuUGxhY2VzLlNlYXJjaE5lYXJieRACGAQgAA,ChIJT67j56ohDTkRNKW6UV3fwYc
Pokharia Home Gurgaon,apartment_complex,apartment_complex|service|point_of_interest|establishment,088826 08884,,"Flat No B - 3003, Mahindra Lifespaces Luminare Tower B_altaris, MAHINDRA LIFESPACES LUMINARE, Alahawas, Sector 59, Gurugram, Haryana 122098, India",5,3,OPERATIONAL,https://maps.google.com/?cid=6582755020127371440&g_mp=Cilnb29nbGUubWFwcy5wbGFjZXMudjEuUGxhY2VzLlNlYXJjaE5lYXJieRACGAQgAA,ChIJySaiTQAhDTkRsIAcWtCkWls
Mahindra Luminare Tower- C,apartment_building,apartment_building|service|point_of_interest|establishment,,https://www.facebook.com/mahindraLifespacesLuminare,"Tower C, Mahindra Luminare, Alahawas, Sector 59, Gurugram, Haryana 122098, India",4.5,19,OPERATIONAL,https://maps.google.com/?cid=14009135319793056405&g_mp=Cilnb29nbGUubWFwcy5wbGFjZXMudjEuUGxhY2VzLlNlYXJjaE5lYXJieRACGAQgAA,ChIJgUXKHIshDTkRlbqkillyasI
Unique P.G Sector 59,service,service|point_of_interest|establishment,093545 04559,,"House no. 56, Dayma Rd, Alahawas, Sector 59, Gurugram, Haryana 122098, India",4.3,11,OPERATIONAL,https://maps.google.com/?cid=15288285842830428660&g_mp=Cilnb29nbGUubWFwcy5wbGFjZXMudjEuUGxhY2VzLlNlYXJjaE5lYXJieRACGAQgAA,ChIJA_4CBeohDTkR9ImKJvnmKtQ
SGK Justice Network,consultant,consultant|service|point_of_interest|establishment,,,"2301, Mahindra Lifespaces Luminare Tower C_solaris, MAHINDRA LIFESPACES LUMINARE, Alahawas, Sector 59, Gurugram, Haryana 122011, India",,,OPERATIONAL,https://maps.google.com/?cid=12673382906350679672&g_mp=Cilnb29nbGUubWFwcy5wbGFjZXMudjEuUGxhY2VzLlNlYXJjaE5lYXJieRACGAQgAA,ChIJXV8LU90hDTkReDaKW5vm4K8
Anay Foods and Beverages Private Limited,grocery_store,grocery_store|food_store|store|food|point_of_interest|establishment,095999 61323,,"Anay Groceries Magnum Towers 1, 8th Floor, Sector 58, Gurugram, Haryana 122098, India",3,2,CLOSED_TEMPORARILY,https://maps.google.com/?cid=2518354783484510208&g_mp=Cilnb29nbGUubWFwcy5wbGFjZXMudjEuUGxhY2VzLlNlYXJjaE5lYXJieRACGAQgAA,ChIJw75M9fMhDTkRAAAAMFX-8iI
Balaji kirana store,bakery,bakery|food_store|store|food|point_of_interest|establishment,,,"C466+276, Alahawas, Sector 59, Gurugram, Haryana 122098, India",5,2,OPERATIONAL,https://maps.google.com/?cid=17221487360870691342&g_mp=Cilnb29nbGUubWFwcy5wbGFjZXMudjEuUGxhY2VzLlNlYXJjaE5lYXJieRACGAQgAA,ChIJI2PUTAAhDTkRDrKT6IID_-4
Splendor Spectrum One,corporate_office,corporate_office|point_of_interest|establishment,098732 53701,https://splendorgroup.net/spectrum-one-tower.html,"Golf Course Ext Rd, Sector 58, Gurugram, Haryana 122001, India",3.7,39,OPERATIONAL,https://maps.google.com/?cid=13794280246840131702&g_mp=Cilnb29nbGUubWFwcy5wbGFjZXMudjEuUGxhY2VzLlNlYXJjaE5lYXJieRACGAQgAA,ChIJgxkp-fMhDTkRdgAYncwgb78
Stylish 2BHK Ground Floor Apartment with high speed WiFi and Kitchen near Golf course road - Entire Place,lodging,lodging|point_of_interest|establishment,,https://www.booking.com/hotel/in/hostie-evanya-2bhk-serviced-apartment-near-golf-course-road-gurugram.en-gb.html?aid=2068758&utm_source=seogooglelocal&utm_medium=description&utm_term=hotel-13100305&utm_campaign=en-gb&label=seogooglelocal-link-imagesaow-hotel-13100305_grp-1_gendate-20260615,"Sector 58, Gurugram, Haryana 122098, India",,,OPERATIONAL,https://maps.google.com/?cid=1479457379365698099&g_mp=Cilnb29nbGUubWFwcy5wbGFjZXMudjEuUGxhY2VzLlNlYXJjaE5lYXJieRACGAQgAA,ChIJYetR6PMhDTkRMzps5aUWiBQ
Niterra India PVT. LTD.,corporate_office,corporate_office|point_of_interest|establishment,1800 532 0016,https://www.ngkntk.in/,"407-416, Splendor Tower – II, Spectrum One, Sector 58, Gurugram, Haryana 122098, India",5,6,OPERATIONAL,https://maps.google.com/?cid=8283402287321234960&g_mp=Cilnb29nbGUubWFwcy5wbGFjZXMudjEuUGxhY2VzLlNlYXJjaE5lYXJieRACGAQgAA,ChIJ0f-mPCoZDTkREL5wM36O9HI
Commure India Private Limited,finance,health|finance|service|point_of_interest|establishment,,,"5th Floor, C465+FCH Splendor Spectrum One, Golf Course Ext Rd, Sector 58, Gurugram, Haryana 122098, India",4,12,OPERATIONAL,https://maps.google.com/?cid=8172596431214702256&g_mp=Cilnb29nbGUubWFwcy5wbGFjZXMudjEuUGxhY2VzLlNlYXJjaE5lYXJieRACGAQgAA,ChIJVZIb0-EhDTkRsG4tZyflanE
AC technician sce 59,electronics_store,electronics_store|store|point_of_interest|establishment,,,"C455+JHM, Alahawas, Sector 59, Gurugram, Haryana 122098, India",5,1,OPERATIONAL,https://maps.google.com/?cid=18278376159922768894&g_mp=Cilnb29nbGUubWFwcy5wbGFjZXMudjEuUGxhY2VzLlNlYXJjaE5lYXJieRACGAQgAA,ChIJ46V_JQAhDTkR_ksqQ0bWqf0
Hostie Eshana - Stylish 2BHK Duplex apt near Golf Course Road - Duplex Apartment,lodging,lodging|point_of_interest|establishment,,https://www.freecancellations.com/search/F2giQ1NcFnoAXFIBVVhYTQ8KVxsyFFBK?lat=28.41146&lng=77.1091&language=en,"Sector 58, Gurugram, Haryana 122098, India",,,OPERATIONAL,https://maps.google.com/?cid=9341136024111807411&g_mp=Cilnb29nbGUubWFwcy5wbGFjZXMudjEuUGxhY2VzLlNlYXJjaE5lYXJieRACGAQgAA,ChIJcYSF7_MhDTkRs_vJ87hhooE
Hostie Eshana - luxury 2BR apt near Golf Course Road - Duplex Apartment,lodging,lodging|point_of_interest|establishment,,https://www.bluepillow.com/search/5eb4528267a9d10d0424b555?dest=bkng&cat=Apartment&lat=28.41146&lng=77.1091&language=en,"Sector 58, Gurugram, Haryana 122098, India",,,OPERATIONAL,https://maps.google.com/?cid=13151751992507739658&g_mp=Cilnb29nbGUubWFwcy5wbGFjZXMudjEuUGxhY2VzLlNlYXJjaE5lYXJieRACGAQgAA,ChIJcYSF7_MhDTkRCq51l8FohLY
Flowerpot wholesale market,market,market|point_of_interest|establishment,,,"C37G+8JQ, Golf Course Ext Rd, Sushant Lok III Extension, Sector 62, Gurugram, Haryana 122011, India",3,1,OPERATIONAL,https://maps.google.com/?cid=12122941222529131353&g_mp=Cilnb29nbGUubWFwcy5wbGFjZXMudjEuUGxhY2VzLlNlYXJjaE5lYXJieRACGAQgAA,ChIJS6xMD1UjDTkRWePJ0c9WPag
New Haryali Nursery,farm,wholesaler|farm|service|point_of_interest|establishment,088003 18080,,"Golf Course Ext Rd, Tigra, Sector 62, Gurugram, Haryana 122011, India",5,3,OPERATIONAL,https://maps.google.com/?cid=2440342322147592328&g_mp=Cilnb29nbGUubWFwcy5wbGFjZXMudjEuUGxhY2VzLlNlYXJjaE5lYXJieRACGAQgAA,ChIJsZvaO4QjDTkRiIj1mWnW3SE
Garden Care Nursery,farm,wholesaler|farm|service|point_of_interest|establishment,,,"C37G+4J8, Golf Course Ext Rd, opp. Tigra, Sector 57, Gurugram, Haryana 122011, India",,,CLOSED_TEMPORARILY,https://maps.google.com/?cid=10007638189670373634&g_mp=Cilnb29nbGUubWFwcy5wbGFjZXMudjEuUGxhY2VzLlNlYXJjaE5lYXJieRACGAQgAA,ChIJlTOKp20iDTkRApnvJ-lF4oo
Wahid Ali Nursery,farm,wholesaler|farm|service|point_of_interest|establishment,,,"C37G+3MC, Golf Course Ext Rd, Tigra, Sector 62, Gurugram, Haryana 122098, India",,,CLOSED_TEMPORARILY,https://maps.google.com/?cid=4516366718046438573&g_mp=Cilnb29nbGUubWFwcy5wbGFjZXMudjEuUGxhY2VzLlNlYXJjaE5lYXJieRACGAQgAA,ChIJlc0oBkgjDTkRrQSO8JlbrT4
Vicky Nursery,farm,wholesaler|farm|service|point_of_interest|establishment,,,"AA/11, Sector 62, Gurugram, Haryana 122098, India",,,CLOSED_TEMPORARILY,https://maps.google.com/?cid=5663223158278773999&g_mp=Cilnb29nbGUubWFwcy5wbGFjZXMudjEuUGxhY2VzLlNlYXJjaE5lYXJieRACGAQgAA,ChIJ24OBaQAjDTkR79z4GHXPl04
"REC TOWNSHIP, (NBCC) , sector 57, guru gram , hariyana",general_contractor,general_contractor|service|point_of_interest|establishment,,,"C37G+FG2, Sushant Lok III Extension, Sector 57, Gurugram, Haryana 122011, India",,,CLOSED_TEMPORARILY,https://maps.google.com/?cid=3349097340844786461&g_mp=Cilnb29nbGUubWFwcy5wbGFjZXMudjEuUGxhY2VzLlNlYXJjaE5lYXJieRACGAQgAA,ChIJaaPbNQAjDTkRHUNCh0liei4
Shri shyam nursery,farm,wholesaler|farm|service|point_of_interest|establishment,099711 33036,,"Golf Course Ext Rd, Sector 65, Gurugram, Haryana 122011, India",5,5,OPERATIONAL,https://maps.google.com/?cid=365952751215457705&g_mp=Cilnb29nbGUubWFwcy5wbGFjZXMudjEuUGxhY2VzLlNlYXJjaE5lYXJieRACGAQgAA,ChIJ_aBZL0QjDTkRqTXGnBYgFAU
S.k.Pandey Building Materials Suppliers & constructions works,,point_of_interest|establishment,089204 47894,,"Tigra, Sector 57, Gurugram, Haryana 122011, India",5,2,OPERATIONAL,https://maps.google.com/?cid=83850396345673197&g_mp=Cilnb29nbGUubWFwcy5wbGFjZXMudjEuUGxhY2VzLlNlYXJjaE5lYXJieRACGAQgAA,ChIJf_e7Br8jDTkR7aV1wH3lKQE
Surendra mandna,apartment_building,apartment_building|service|point_of_interest|establishment,,,"C37G+897, Sushant Lok III Extension, Sector 57, Gurugram, Haryana 122011, India",,,OPERATIONAL,https://maps.google.com/?cid=3912605757905127058&g_mp=Cilnb29nbGUubWFwcy5wbGFjZXMudjEuUGxhY2VzLlNlYXJjaE5lYXJieRACGAQgAA,ChIJW9U1cnIjDTkRkkYV-jReTDY
Building material supplier RJ,building_materials_store,building_materials_store|store|point_of_interest|establishment,095400 76761,http://rjbuildingmeterial.com/,"E-192, near the legend, Tigra, Sector 57, Gurugram, Haryana 122011, India",4,5,OPERATIONAL,https://maps.google.com/?cid=17138408474678288401&g_mp=Cilnb29nbGUubWFwcy5wbGFjZXMudjEuUGxhY2VzLlNlYXJjaE5lYXJieRACGAQgAA,ChIJHzvYGuEjDTkREWC-XLTb1-0
Shiv Building materials Supplier,,corporate_office|point_of_interest|establishment,,,"Shiv Building materials Supplier, Sushant Lok III Extension, Sector 57, Gurugram, Haryana 122011, India",5,1,OPERATIONAL,https://maps.google.com/?cid=10520258150904507702&g_mp=Cilnb29nbGUubWFwcy5wbGFjZXMudjEuUGxhY2VzLlNlYXJjaE5lYXJieRACGAQgAA,ChIJY7QkplsjDTkRNi0Srgx3_5E
Bilal SKT shop,apartment_building,apartment_building|service|point_of_interest|establishment,,,"NA6, Sector 62, Gurugram, Haryana 122011, India",,,OPERATIONAL,https://maps.google.com/?cid=6684736363896812983&g_mp=Cilnb29nbGUubWFwcy5wbGFjZXMudjEuUGxhY2VzLlNlYXJjaE5lYXJieRACGAQgAA,ChIJnW8sYQAjDTkRt7U0Q070xFw
Raj taxi's pvt.ltd.,taxi_service,taxi_service|transportation_service|service|point_of_interest|establishment,,,"Near, Golf Course Ext Rd, Sector 62, Gurugram, Haryana 122002, India",,,OPERATIONAL,https://maps.google.com/?cid=608400835895809446&g_mp=Cilnb29nbGUubWFwcy5wbGFjZXMudjEuUGxhY2VzLlNlYXJjaE5lYXJieRACGAQgAA,ChIJRTXkIBwjDTkRptWeOFZ5cQg
Jamal Gamla store,store,store|point_of_interest|establishment,,,"C37G+66G, Sector 57, Sushant Lok III Extension, Sector 57, Gurugram, Haryana 122011, India",5,2,CLOSED_TEMPORARILY,https://maps.google.com/?cid=13214677932515419064&g_mp=Cilnb29nbGUubWFwcy5wbGFjZXMudjEuUGxhY2VzLlNlYXJjaE5lYXJieRACGAQgAA,ChIJe4jzBwAjDTkRuGPGtJD3Y7c
Kanak Building Material carrier,wholesaler,wholesaler|point_of_interest|establishment,072969 99262,,"Golf Course Ext Rd, Sector 57, Gurugram, Haryana 122011, India",,,OPERATIONAL,https://maps.google.com/?cid=11738177107167814034&g_mp=Cilnb29nbGUubWFwcy5wbGFjZXMudjEuUGxhY2VzLlNlYXJjaE5lYXJieRACGAQgAA,ChIJtyIZrKAjDTkRkiFcL-Nh5qI
Pradeep Fast Food,fast_food_restaurant,fast_food_restaurant|restaurant|food|point_of_interest|establishment,079836 38108,,"near Wine Shop, Tigra, Sector 57, Gurugram, Haryana 122011, India",,,CLOSED_TEMPORARILY,https://maps.google.com/?cid=3915758927046266772&g_mp=Cilnb29nbGUubWFwcy5wbGFjZXMudjEuUGxhY2VzLlNlYXJjaE5lYXJieRACGAQgAA,ChIJRYExgrEjDTkRlE-oYP-RVzY
Manju nursery,garden,garden|point_of_interest|establishment,,,"C37H+655, Golf Course Rd, near Indian oil petrol pump, Sector 62, Gurugram, Haryana 122098, India",5,7,OPERATIONAL,https://maps.google.com/?cid=17205816377178569738&g_mp=Cilnb29nbGUubWFwcy5wbGFjZXMudjEuUGxhY2VzLlNlYXJjaE5lYXJieRACGAQgAA,ChIJEeSrhTEjDTkRCrxTsNVWx-4
Detailing Mods Dynasty,car_repair,car_repair|service|point_of_interest|establishment,,,"Golf Course Ext Rd, near Indian Oil Petrol Pump, opposite Banjara Market, Sector 62, Gurugram, Haryana 122011, India",5,8,OPERATIONAL,https://maps.google.com/?cid=1732656633231912939&g_mp=Cilnb29nbGUubWFwcy5wbGFjZXMudjEuUGxhY2VzLlNlYXJjaE5lYXJieRACGAQgAA,ChIJu2WFuu8jDTkR6y-DJQeiCxg
Ansh carz detailing,car_repair,car_wash|car_repair|service|point_of_interest|establishment,,,"near SECTOR 62, Sector 62, Gurugram, Haryana 122098, India",4.1,46,OPERATIONAL,https://maps.google.com/?cid=10511157267295422565&g_mp=Cilnb29nbGUubWFwcy5wbGFjZXMudjEuUGxhY2VzLlNlYXJjaE5lYXJieRACGAQgAA,ChIJZ86zJDEYDTkRZchoF9gh35E
Jam Jam Nursery,farm,wholesaler|farm|service|point_of_interest|establishment,099902 91773,,"OPPOSITE SIDE BRIDGESTONE SEIEC1 car washing center, Golf Course Ext Rd, Sushant Lok III Extension, Sector 57, Gurugram, Haryana 122011, India",5,21,OPERATIONAL,https://maps.google.com/?cid=10818121072425955738&g_mp=Cilnb29nbGUubWFwcy5wbGFjZXMudjEuUGxhY2VzLlNlYXJjaE5lYXJieRACGAQgAA,ChIJj3wBirMjDTkRmvEda8yvIZY
Alma Storytime,performing_arts_theater,performing_arts_theater|event_venue|point_of_interest|establishment,,,"Golf Course Ext Rd, Sector 62, Gurugram, Haryana 122001, India",,,OPERATIONAL,https://maps.google.com/?cid=16778451443966835812&g_mp=Cilnb29nbGUubWFwcy5wbGFjZXMudjEuUGxhY2VzLlNlYXJjaE5lYXJieRACGAQgAA,ChIJX-ARpd0jDTkRZHzINrEI2eg
Khadim Nursery,florist,florist|store|point_of_interest|establishment,,,"V993, Sector 62, Gurugram, Haryana 122011, India",,,CLOSED_TEMPORARILY,https://maps.google.com/?cid=7951363279677565940&g_mp=Cilnb29nbGUubWFwcy5wbGFjZXMudjEuUGxhY2VzLlNlYXJjaE5lYXJieRACGAQgAA,ChIJxZRJSAAjDTkR9CtEVcbqWG4
मटरू गमला - पौधशाला,farm,farm|wholesaler|point_of_interest|service|establishment,,,"Sector 57 Chowk / Sushant Lok 3 Ext, Sector 62, Gurugram, Haryana 122011, India",4,1,OPERATIONAL,https://maps.google.com/?cid=15361470546617938275&g_mp=Cilnb29nbGUubWFwcy5wbGFjZXMudjEuUGxhY2VzLlNlYXJjaE5lYXJieRACGAQgAA,ChIJPW7jSR8jDTkRY7HJ1hLoLtU
Kabir Tailoring,tailor,tailor|point_of_interest|service|establishment,06295 390 564,,"Golf Course Ext Rd, Sector 62, Gurugram, Haryana 122098, India",,,OPERATIONAL,https://maps.google.com/?cid=16462024374711702987&g_mp=Cilnb29nbGUubWFwcy5wbGFjZXMudjEuUGxhY2VzLlNlYXJjaE5lYXJieRACGAQgAA,ChIJwzXu_HIjDTkRy1WDAvPbdOQ
Sonam Nursery,farm,farm|wholesaler|point_of_interest|service|establishment,,,"Harmony Homes D-Block, Golf Course Ext Rd, opp. Sector - 57, Sector 62, Gurugram, Haryana 122011, India",4.9,9,OPERATIONAL,https://maps.google.com/?cid=18095126147300184124&g_mp=Cilnb29nbGUubWFwcy5wbGFjZXMudjEuUGxhY2VzLlNlYXJjaE5lYXJieRACGAQgAA,ChIJJRshtBIiDTkRPNC131vNHvs
Sector 52 Nursery Van Mandal Gurugram,garden,garden|point_of_interest|establishment,,,"Sector 52, Nursery, Van Mandal, Sector 62, Gurugram, Haryana 122011, India",,,OPERATIONAL,https://maps.google.com/?cid=6027800063681176146&g_mp=Cilnb29nbGUubWFwcy5wbGFjZXMudjEuUGxhY2VzLlNlYXJjaE5lYXJieRACGAQgAA,ChIJByjuBwAjDTkRUiLLpDgMp1M
Nursery,farm,farm|wholesaler|point_of_interest|service|establishment,096250 00191,,"Sector 57 Chowk / Sushant Lok-3 Ext, Sector 62, Gurugram, Haryana 122011, India",4.1,8,OPERATIONAL,https://maps.google.com/?cid=6101243423112314726&g_mp=Cilnb29nbGUubWFwcy5wbGFjZXMudjEuUGxhY2VzLlNlYXJjaE5lYXJieRACGAQgAA,ChIJB1PrSI4jDTkRZj_MSpH4q1Q
Sector-57 Chowk / Sushant Lok-III Extension,bus_stop,bus_stop|transit_stop|transit_station|transportation_service|point_of_interest|establishment,,,"Sector 62, Gurugram, Haryana 122011, India",1.7,3,OPERATIONAL,https://maps.google.com/?cid=10939224724635848390&g_mp=Cilnb29nbGUubWFwcy5wbGFjZXMudjEuUGxhY2VzLlNlYXJjaE5lYXJieRACGAQgAA,ChIJ-WimS20iDTkRxg4Xtu3uz5c
ID INCENCE DESIGN,general_contractor,furniture_store|home_improvement_store|general_contractor|home_goods_store|supplier|store|point_of_interest|service|establishment,085888 80111,http://www.incensedesign.com/,"A 26D, 2nd floor, H 11, Golf Course Ext Rd, Sector 57, Gurugram, Haryana 122011, India",5,1,OPERATIONAL,https://maps.google.com/?cid=11155400131285370626&g_mp=Cilnb29nbGUubWFwcy5wbGFjZXMudjEuUGxhY2VzLlNlYXJjaE5lYXJieRACGAQgAA,ChIJ0VnfV7AjDTkRAkecyFDxz5o
Premium Car Wash,car_wash,car_wash|point_of_interest|service|establishment,,,"C37H+9G2, Sector 62, Gurugram, Haryana 122098, India",3.9,7,OPERATIONAL,https://maps.google.com/?cid=1387828158567541702&g_mp=Cilnb29nbGUubWFwcy5wbGFjZXMudjEuUGxhY2VzLlNlYXJjaE5lYXJieRACGAQgAA,ChIJbd5kVAAjDTkRxuuzcFuOQhM
Smartworld Gallery sector 62,general_contractor,general_contractor|point_of_interest|service|establishment,,https://smartworlddevelopers.com/,"Smartworld Sales Gallery, Gallery 62, Sec 62, Golf Course Road, Extn, Gurugram, Haryana 122098, India",4.5,37,OPERATIONAL,https://maps.google.com/?cid=8910483400711942218&g_mp=Cilnb29nbGUubWFwcy5wbGFjZXMudjEuUGxhY2VzLlNlYXJjaE5lYXJieRACGAQgAA,ChIJ4zYLRgAjDTkRSjBzdHFlqHs
Above & Beyond Studio,,furniture_store|home_improvement_store|home_goods_store|store|point_of_interest|establishment,,https://www.aboveandbeyond.studio/,"Dharm Marg, Block A, Sushant Lok III, Sector 62, Gurugram, Haryana 122011, India",,,OPERATIONAL,https://maps.google.com/?cid=2625451546737882691&g_mp=Cilnb29nbGUubWFwcy5wbGFjZXMudjEuUGxhY2VzLlNlYXJjaE5lYXJieRACGAQgAA,ChIJCWOvzXsfDTkRQ7ZPgkV6byQ
Sector-57 Chowk / Sushant Lok-3 Extension,bus_stop,bus_stop|transit_stop|transit_station|transportation_service|point_of_interest|establishment,,,"Sushant Lok III Extension, Sector 57, Gurugram, Haryana 122011, India",4,2,OPERATIONAL,https://maps.google.com/?cid=2104954525929907419&g_mp=Cilnb29nbGUubWFwcy5wbGFjZXMudjEuUGxhY2VzLlNlYXJjaE5lYXJieRACGAQgAA,ChIJu6SbTm0iDTkR2yRnIv1MNh0
DD INTERIOR DESIGN STUDIO – Interior Designer in Gurgaon,general_contractor,general_contractor|point_of_interest|service|establishment,097119 16550,https://dd-interior-design.localo.site/,"Golf-Ex, Petrol Pump, Haryana Golf-Ex, Sector 62, Gurugram, Haryana 122011, India",3.8,13,OPERATIONAL,https://maps.google.com/?cid=2741891957711129089&g_mp=Cilnb29nbGUubWFwcy5wbGFjZXMudjEuUGxhY2VzLlNlYXJjaE5lYXJieRACGAQgAA,ChIJnUTMKjclDTkRAUrfVzUoDSY
Rafikul Islam Shop,auto_parts_store,auto_parts_store|car_repair|store|point_of_interest|service|establishment,072105 51644,,"Vpo, Tigra, Sector 57, Gurugram, Haryana 122098, India",3.4,16,OPERATIONAL,https://maps.google.com/?cid=15747385588793448372&g_mp=Cilnb29nbGUubWFwcy5wbGFjZXMudjEuUGxhY2VzLlNlYXJjaE5lYXJieRACGAQgAA,ChIJYYd10k4jDTkRtJcjgcLzido
IndianOil,gas_station,gas_station|point_of_interest|service|establishment,092204 05206,https://locator.iocl.com/indianoil-golf-ex-gas-station-petrol-pump-sector-62-gurugram-196271/Home?utm_source=locator&utm_medium=googleplaces,"Ground Floor, Tigra, Sector 62, Gurugram, Haryana 122098, India",4.1,234,OPERATIONAL,https://maps.google.com/?cid=18051877413025593023&g_mp=Cilnb29nbGUubWFwcy5wbGFjZXMudjEuUGxhY2VzLlNlYXJjaE5lYXJieRACGAQgAA,ChIJMYpkJG0iDTkRv7ZJPN0mhfo
Sanwariya Building Material Supplier,building_materials_store,building_materials_store|store|point_of_interest|establishment,,,"Shop No. 5, Sector 57, D Block, Tigra, Sector 57, Gurugram, Haryana 122011, India",5,2,OPERATIONAL,https://maps.google.com/?cid=271246791460851844&g_mp=Cilnb29nbGUubWFwcy5wbGFjZXMudjEuUGxhY2VzLlNlYXJjaE5lYXJieRACGAQgAA,ChIJcyR8lVojDTkRhBB9C4WpwwM
CAR DETAILING HUB GOLF EX GAS STATION,car_repair,car_repair|point_of_interest|service|establishment,,,"Shope, no 001, Golf Ex Gas Station, Sector 62, Gurugram, Haryana 122098, India",4,4,OPERATIONAL,https://maps.google.com/?cid=8473242300321524074&g_mp=Cilnb29nbGUubWFwcy5wbGFjZXMudjEuUGxhY2VzLlNlYXJjaE5lYXJieRACGAQgAA,ChIJAaFUIQAjDTkRaml6nvoAl3U
Apollo Tyres - New Century Tyres Private Limited,tire_shop,tire_shop|auto_parts_store|car_repair|store|point_of_interest|service|establishment,079 4272 7843,https://store.apollotyres.com/apollo-tyres-new-century-tyres-private-limited-tyre-shop-sector-62-gurugram-482124/Home?utm_source=locator&utm_medium=googleplaces,"Ground Floor, Golf Course Ext Rd, near Haryana City Gas CNG Station, Sector 62, Gurugram, Haryana 122001, India",5,1,OPERATIONAL,https://maps.google.com/?cid=13046613556622690269&g_mp=Cilnb29nbGUubWFwcy5wbGFjZXMudjEuUGxhY2VzLlNlYXJjaE5lYXJieRACGAQgAA,ChIJ34wXlfcjDTkR3YdK5OfhDrU
Chhotu,coffee_shop,coffee_shop|cafe|food_store|store|food|point_of_interest|establishment,,,"C37H+GC9, Sector 62, Gurugram, Haryana 122011, India",,,OPERATIONAL,https://maps.google.com/?cid=4341146931652385189&g_mp=Cilnb29nbGUubWFwcy5wbGFjZXMudjEuUGxhY2VzLlNlYXJjaE5lYXJieRACGAQgAA,ChIJ9xK3IwAjDTkRpdnqSiLaPjw
Pawsketeers,service,pet_care|service|point_of_interest|establishment,,,"near Mango BYOB, Sector 62, Gurugram, Haryana 122098, India",5,19,CLOSED_TEMPORARILY,https://maps.google.com/?cid=18088538496447507000&g_mp=Cilnb29nbGUubWFwcy5wbGFjZXMudjEuUGxhY2VzLlNlYXJjaE5lYXJieRACGAQgAA,ChIJq3jwswgjDTkROGq74uxlB_s
Sudharma Enterprises,supplier,supplier|point_of_interest|establishment,098117 00569,https://www.jklakshmicement.com/,"Sector 52, Village, Wajirbad, Gurugram, Haryana 122098, India",2.5,2,CLOSED_TEMPORARILY,https://maps.google.com/?cid=11720469992322987285&g_mp=Cilnb29nbGUubWFwcy5wbGFjZXMudjEuUGxhY2VzLlNlYXJjaE5lYXJieRACGAQgAA,ChIJST-E_lkjDTkRFXUJPVx5p6I
Shree Bala Ji Shuttering Store,service,service|point_of_interest|establishment,099908 29850,,"Golf course Road, Sector 62, Gurugram, Haryana 122098, India",5,1,OPERATIONAL,https://maps.google.com/?cid=16607395539263627290&g_mp=Cilnb29nbGUubWFwcy5wbGFjZXMudjEuUGxhY2VzLlNlYXJjaE5lYXJieRACGAQgAA,ChIJpdW2upUjDTkRGiA30kBSeeY
Sudharma Enterprises,,point_of_interest|establishment,098717 69495,,"Golf Course Ext Rd, near vansh koyala depot, Sector 62, Gurugram, Haryana 122098, India",5,3,OPERATIONAL,https://maps.google.com/?cid=12743637459785702303&g_mp=Cilnb29nbGUubWFwcy5wbGFjZXMudjEuUGxhY2VzLlNlYXJjaE5lYXJieRACGAQgAA,ChIJM9_zfBcjDTkRn1vjQMB-2rA
MGF LAND commercial 62,service,service|point_of_interest|establishment,,,"C37M+J8H, Golf Course Ext Rd, Sector 62, Gurugram, Haryana 122098, India",,,OPERATIONAL,https://maps.google.com/?cid=12419626059230477492&g_mp=Cilnb29nbGUubWFwcy5wbGFjZXMudjEuUGxhY2VzLlNlYXJjaE5lYXJieRACGAQgAA,ChIJ1YqlPz4jDTkRtPydTxlgW6w
Experion commercial building,general_contractor,general_contractor|service|point_of_interest|establishment,,,"1, Sector 62, Gurugram, Haryana 122098, India",,,CLOSED_TEMPORARILY,https://maps.google.com/?cid=15101180305866711900&g_mp=Cilnb29nbGUubWFwcy5wbGFjZXMudjEuUGxhY2VzLlNlYXJjaE5lYXJieRACGAQgAA,ChIJpZpENAAjDTkRXGNPjHorktE
मेट्रो धर्म कांटा,playground,playground|point_of_interest|establishment,,,"C37J+HXF, Sector 62, Gurugram, Haryana 122098, India",,,OPERATIONAL,https://maps.google.com/?cid=13982632284357195213&g_mp=Cilnb29nbGUubWFwcy5wbGFjZXMudjEuUGxhY2VzLlNlYXJjaE5lYXJieRACGAQgAA,ChIJcVT7dgAjDTkRzfUEvvpJDMI
Emaar Floors,general_contractor,general_contractor|service|point_of_interest|establishment,,https://emaarfloors.luxueryproperties.com/,"EMERALD HILLS- 2, Sector 62, Gurugram, Haryana 122011, India",4.5,2,OPERATIONAL,https://maps.google.com/?cid=11992755593569160238&g_mp=Cilnb29nbGUubWFwcy5wbGFjZXMudjEuUGxhY2VzLlNlYXJjaE5lYXJieRACGAQgAA,ChIJZeGV7-YjDTkRLszECKzTbqY
MK Yadav crane,transportation_service,transportation_service|point_of_interest|establishment,,,"Golf Course Ext Rd, Block A, Sushant Lok III, Sector 62, Gurugram, Haryana 122011, India",5,1,OPERATIONAL,https://maps.google.com/?cid=768781300955441349&g_mp=Cilnb29nbGUubWFwcy5wbGFjZXMudjEuUGxhY2VzLlNlYXJjaE5lYXJieRACGAQgAA,ChIJ04LF9PwjDTkRxWhpIYVCqwo
Shyam Nursery,farm,wholesaler|farm|service|point_of_interest|establishment,098187 72082,https://gardenkings01.wixsite.com/gardenkings,"SHUSHANT LOK,2 EXT., Golf Course Ext Rd, Block F, Sushant Lok III, Sector 57, Gurugram, Haryana 122011, India",4.4,10,OPERATIONAL,https://maps.google.com/?cid=14294490399375865726&g_mp=Cilnb29nbGUubWFwcy5wbGFjZXMudjEuUGxhY2VzLlNlYXJjaE5lYXJieRACGAQgAA,ChIJrS-rlhIiDTkRfrcHZEg7YMY
4 Wheel Appeal,car_wash,car_wash|car_repair|service|point_of_interest|establishment,095996 19298,https://4wheelappeal.com/,"C38M+263, Golf Course Ext Rd, Sector 62, Gurugram, Haryana 122011, India",5,375,OPERATIONAL,https://maps.google.com/?cid=3656849201326949927&g_mp=Cilnb29nbGUubWFwcy5wbGFjZXMudjEuUGxhY2VzLlNlYXJjaE5lYXJieRACGAQgAA,ChIJo8rrcQAjDTkRJ4ZDSvm8vzI
Yashika Nursery,wholesaler,wholesaler|farm|service|point_of_interest|establishment,,,"Golf Course Ext Rd, Sector 62, Gurugram, Haryana 122098, India",4.2,23,OPERATIONAL,https://maps.google.com/?cid=792245216345271044&g_mp=Cilnb29nbGUubWFwcy5wbGFjZXMudjEuUGxhY2VzLlNlYXJjaE5lYXJieRACGAQgAA,ChIJ45PbURkjDTkRBCtDp9Oe_go
Excellence Physiotherapy,medical_clinic,medical_clinic|health|point_of_interest|establishment,,,"F- 250, ground floor, Sushant Lok-II, Sector 57, Gurugram, Haryana 122098, India",5,2,OPERATIONAL,https://maps.google.com/?cid=6004033700389827607&g_mp=Cilnb29nbGUubWFwcy5wbGFjZXMudjEuUGxhY2VzLlNlYXJjaE5lYXJieRACGAQgAA,ChIJf9mqmDsjDTkRF7Q1-9acUlM
Dr.Lal Path Lab And Diagnostic Solution,doctor,doctor|health|point_of_interest|establishment,,https://www.lalpathlabs.com/west-bengal/kolkata/sonarpur,"C38M+263, Golf Course Ext Rd, Sector 62, Gurugram, Haryana 122011, India",5,7,OPERATIONAL,https://maps.google.com/?cid=14708590673455243317&g_mp=Cilnb29nbGUubWFwcy5wbGFjZXMudjEuUGxhY2VzLlNlYXJjaE5lYXJieRACGAQgAA,ChIJ7dl-SR4jDTkRNWDsvUlpH8w
Green World Nursery,wholesaler,wholesaler|point_of_interest|establishment,,,"Sector 62, Golf Course Ext Rd, Sector 62, Gurugram, Haryana 122011, India",4.3,7,OPERATIONAL,https://maps.google.com/?cid=15616529475207180892&g_mp=Cilnb29nbGUubWFwcy5wbGFjZXMudjEuUGxhY2VzLlNlYXJjaE5lYXJieRACGAQgAA,ChIJdVocTgAjDTkRXDIkWtEOudg
Mahesh Kumar,hindu_temple,hindu_temple|place_of_worship|association_or_organization|point_of_interest|establishment,,,"C37M+QVQ, Sector 62, Tauli, Gurugram, Uttar Pradesh 122098, India",,,OPERATIONAL,https://maps.google.com/?cid=1705684295569057705&g_mp=Cilnb29nbGUubWFwcy5wbGFjZXMudjEuUGxhY2VzLlNlYXJjaE5lYXJieRACGAQgAA,ChIJG9aRBJsjDTkRqSdbaNTOqxc
SECTOR 62 Mehra SCO,shopping_mall,shopping_mall|point_of_interest|establishment,,,"Golf Course Ext Rd, SCO, Sector 62, Gurugram, Haryana 122102, India",,,OPERATIONAL,https://maps.google.com/?cid=14919275365975116094&g_mp=Cilnb29nbGUubWFwcy5wbGFjZXMudjEuUGxhY2VzLlNlYXJjaE5lYXJieRACGAQgAA,ChIJVWa1ALIjDTkRPskuT-bpC88
Rajni,store,store|point_of_interest|establishment,086506 13451,,"Golf Course Ext Rd, Sector 62, Gurugram, Haryana 122011, India",3.5,2,OPERATIONAL,https://maps.google.com/?cid=14747074608467688424&g_mp=Cilnb29nbGUubWFwcy5wbGFjZXMudjEuUGxhY2VzLlNlYXJjaE5lYXJieRACGAQgAA,ChIJRT7lsVsjDTkR6DvmGTkiqMw
Tennis court 2,tennis_court,tennis_court|athletic_field|sports_activity_location|point_of_interest|establishment,,,"C37P+6P4, Unnamed Road, Sector 62, Gurugram, Haryana 122098, India",,,OPERATIONAL,https://maps.google.com/?cid=8202904778207645065&g_mp=Cilnb29nbGUubWFwcy5wbGFjZXMudjEuUGxhY2VzLlNlYXJjaE5lYXJieRACGAQgAA,ChIJl33freAjDTkRic1rV2-S1nE
"Tata Motors Cars Service Centre - Triumph Auto Engg, Gurugram",store,car_repair|service|store|point_of_interest|establishment,,https://dealer-locator.cars.tatamotors.com/tata-motors-cars-service-centre-triumph-auto-engg-gurugram-auto-accessories-stores-gurugram-gurugram-563883/Home?utm_source=locator&utm_medium=googleplaces,"Km Milestone, 38, Delhi Jaipur Highway, Sector 62, Gurugram, Haryana 122001, India",,,OPERATIONAL,https://maps.google.com/?cid=17313568092546953392&g_mp=Cilnb29nbGUubWFwcy5wbGFjZXMudjEuUGxhY2VzLlNlYXJjaE5lYXJieRACGAQgAA,ChIJxXuiMlsjDTkRsHDM7nImRvA
Tennis court 1,tennis_court,tennis_court|athletic_field|sports_activity_location|point_of_interest|establishment,,,"C37P+6R2, Unnamed Road, Sector 62, Gurugram, Haryana 122098, India",,,OPERATIONAL,https://maps.google.com/?cid=5319434052255715369&g_mp=Cilnb29nbGUubWFwcy5wbGFjZXMudjEuUGxhY2VzLlNlYXJjaE5lYXJieRACGAQgAA,ChIJ663NfJwjDTkRKZDRQhZt0kk
Seven Velnes by Preeti A Pandey,consultant,consultant|service|health|point_of_interest|establishment,,,"Pioneer, Araya, Sector 62, Gurugram, Haryana 122098, India",,,OPERATIONAL,https://maps.google.com/?cid=10561936996360952481&g_mp=Cilnb29nbGUubWFwcy5wbGFjZXMudjEuUGxhY2VzLlNlYXJjaE5lYXJieRACGAQgAA,ChIJPxu_S7IjDTkRoZomGL2Jk5I
"Tower C, Pioneer Araya",apartment_building,apartment_building|service|point_of_interest|establishment,,,"Tower C, Pioneer Araya, Sector 62, Gurugram, Ghata, Haryana 122098, India",5,1,OPERATIONAL,https://maps.google.com/?cid=4344660650771238688&g_mp=Cilnb29nbGUubWFwcy5wbGFjZXMudjEuUGxhY2VzLlNlYXJjaE5lYXJieRACGAQgAA,ChIJXXBURAAjDTkRIE_WxtdVSzw
Karuna Mehta,apartment_building,apartment_building|service|point_of_interest|establishment,,,"C37Q+63F, Sector 62, Ghata, Gurugram, Haryana 122098, India",5,1,OPERATIONAL,https://maps.google.com/?cid=16844524425875613568&g_mp=Cilnb29nbGUubWFwcy5wbGFjZXMudjEuUGxhY2VzLlNlYXJjaE5lYXJieRACGAQgAA,ChIJp8FPSQAjDTkRgOe0HrjFw-k
"Tower C, Pioneer Araya",apartment_building,apartment_building|service|point_of_interest|establishment,,,"Tower C, Pioneer Araya, Sector 62, Gurugram, Ghata, Haryana 122098, India",,,OPERATIONAL,https://maps.google.com/?cid=6090912213626399094&g_mp=Cilnb29nbGUubWFwcy5wbGFjZXMudjEuUGxhY2VzLlNlYXJjaE5lYXJieRACGAQgAA,ChIJW0fpOgAjDTkRdilKI2NEh1Q
Khanna's Sector 62,housing_complex,housing_complex|service|point_of_interest|establishment,,,"C37P+QQC, Sector 62, Gurugram, Haryana 122098, India",5,3,OPERATIONAL,https://maps.google.com/?cid=4952336150076233885&g_mp=Cilnb29nbGUubWFwcy5wbGFjZXMudjEuUGxhY2VzLlNlYXJjaE5lYXJieRACGAQgAA,ChIJEW3VikEjDTkRnZieaX07ukQ
Js group,place_of_worship,place_of_worship|association_or_organization|point_of_interest|establishment,,,"C 705, Pioneer Urban Square, Golf Course Ext Rd, Sector 62, Gurugram, Haryana 122098, India",,,OPERATIONAL,https://maps.google.com/?cid=1344004508965094645&g_mp=Cilnb29nbGUubWFwcy5wbGFjZXMudjEuUGxhY2VzLlNlYXJjaE5lYXJieRACGAQgAA,ChIJ7yrGQn8jDTkR9URj5frcphI
Kuldeep Fresh Juice,juice_shop,juice_shop|point_of_interest|food|establishment,,,"C37P+QX7, Sector 62, Gurugram, Haryana 122001, India",5,1,OPERATIONAL,https://maps.google.com/?cid=16969577366924335206&g_mp=Cilnb29nbGUubWFwcy5wbGFjZXMudjEuUGxhY2VzLlNlYXJjaE5lYXJieRACGAQgAA,ChIJJf9iVFsjDTkRZpgI4LQMgOs
Juleshwar-da-Dhaba,fast_food_restaurant,fast_food_restaurant|restaurant|point_of_interest|food|establishment,088027 59379,,"Sector 62, Gurugram, Haryana 122001, India",5,1,OPERATIONAL,https://maps.google.com/?cid=13860692488705956318&g_mp=Cilnb29nbGUubWFwcy5wbGFjZXMudjEuUGxhY2VzLlNlYXJjaE5lYXJieRACGAQgAA,ChIJr3yiQK0jDTkR3lk-omESW8A
Ajay Bishnoi & Associates,consultant,lawyer|consultant|service|point_of_interest|establishment,096436 00029,,"Chamber no. 134, Block-C, District Court Complex, near Rajeev Chowk, Sector 62, Gurugram, Haryana 122098, India",,,OPERATIONAL,https://maps.google.com/?cid=11783163816716226593&g_mp=Cilnb29nbGUubWFwcy5wbGFjZXMudjEuUGxhY2VzLlNlYXJjaE5lYXJieRACGAQgAA,ChIJDeNWgaMjDTkRIVCbuQ81hqM
Dharamshila Belting Pvt. Ltd.,corporate_office,corporate_office|point_of_interest|establishment,,,"Office No. 308, Block-C, Pioneer Urban Square, Sector 62, Gurugram, Haryana 122011, India",,,OPERATIONAL,https://maps.google.com/?cid=15874446259127432379&g_mp=Cilnb29nbGUubWFwcy5wbGFjZXMudjEuUGxhY2VzLlNlYXJjaE5lYXJieRACGAQgAA,ChIJI0HqRbgjDTkRu7RRKcRcTdw
Home of Nokia mobile phone,corporate_office,corporate_office|point_of_interest|establishment,,http://www.hmdglobal.com/,"5th Floor, Block-C, Pioneer Urban Square, Golf Course Ext Rd, Sector 62, Gurugram, Haryana 122098, India",5,2,OPERATIONAL,https://maps.google.com/?cid=12433037653292965325&g_mp=Cilnb29nbGUubWFwcy5wbGFjZXMudjEuUGxhY2VzLlNlYXJjaE5lYXJieRACGAQgAA,ChIJh9KQPjgjDTkRzV2VY98Fi6w
Handysolver,,point_of_interest|establishment,099532 74727,http://handysolver.com/,"C 705, Pioneer Urban Square, Golf Course Ext Rd, Sector 62, Gurugram, Haryana 122098, India",4.7,13,OPERATIONAL,https://maps.google.com/?cid=261793505562950866&g_mp=Cilnb29nbGUubWFwcy5wbGFjZXMudjEuUGxhY2VzLlNlYXJjaE5lYXJieRACGAQgAA,ChIJsfBethEiDTkR0nyVZ84TogM
Prius Vision,corporate_office,corporate_office|point_of_interest|establishment,098710 00886,,"Golf Course Extension Rd Sector 62 Gurgaon हरियाणा 122102 Republic of, Sector 62, Gurugram, Haryana 122098, India",4,16,OPERATIONAL,https://maps.google.com/?cid=18177074845882511445&g_mp=Cilnb29nbGUubWFwcy5wbGFjZXMudjEuUGxhY2VzLlNlYXJjaE5lYXJieRACGAQgAA,ChIJLU4mIBIiDTkRVfCDHETxQfw
Curriies4u,wholesaler,health_food_store|grocery_store|health|manufacturer|point_of_interest|wholesaler|supplier|food_store|store|food|establishment,088514 30161,https://www.curriies4u.com/,"Pioneer Araya, Shaffu Foods, Golf Course Ext Rd, Sector 62, Gurugram, Haryana 122103, India",5,62,OPERATIONAL,https://maps.google.com/?cid=5550898964759932796&g_mp=Cilnb29nbGUubWFwcy5wbGFjZXMudjEuUGxhY2VzLlNlYXJjaE5lYXJieRACGAQgAA,ChIJoSqdeK4jDTkRfG-Z0jLBCE0
Tadka by shafu,meal_delivery,meal_delivery|health_food_store|food_delivery|health|point_of_interest|food_store|store|food|establishment,097737 89978,,"Pioneer Araya, Tower-A, Sector 62, Gurugram, Haryana 122102, India",5,9,OPERATIONAL,https://maps.google.com/?cid=1750248210950430191&g_mp=Cilnb29nbGUubWFwcy5wbGFjZXMudjEuUGxhY2VzLlNlYXJjaE5lYXJieRACGAQgAA,ChIJrX7N-jIjDTkR7512gnkhShg
Club ZION,family_restaurant,family_restaurant|restaurant|point_of_interest|food|establishment,,,"Club ZION by Pioneer Urban, Golf Course Extn, C36Q+XPG, CRPF Rd, Sector 62, Gurugram, Haryana 122098, India",4.6,126,OPERATIONAL,https://maps.google.com/?cid=9584483578915237977&g_mp=Cilnb29nbGUubWFwcy5wbGFjZXMudjEuUGxhY2VzLlNlYXJjaE5lYXJieRACGAQgAA,ChIJJ1XmMckjDTkRWbDOxAjtAoU
Presidia Apartments,apartment_complex,apartment_complex|point_of_interest|service|establishment,,,"C37R+243, Sector 62, Gurugram, Haryana 122098, India",4.7,20,OPERATIONAL,https://maps.google.com/?cid=6540004895989903707&g_mp=Cilnb29nbGUubWFwcy5wbGFjZXMudjEuUGxhY2VzLlNlYXJjaE5lYXJieRACGAQgAA,ChIJy4T0cQAjDTkRWzHLbs3Dwlo
Pioneer presidia,association_or_organization,point_of_interest|association_or_organization|service|establishment,,,"42QJ+46P, Garhi Kesri Rd, Sector 62, Ganaur, Gurugram, Haryana 122098, India",5,2,OPERATIONAL,https://maps.google.com/?cid=15721933238670264364&g_mp=Cilnb29nbGUubWFwcy5wbGFjZXMudjEuUGxhY2VzLlNlYXJjaE5lYXJieRACGAQgAA,ChIJrynmcQAjDTkRLAhZcfuGL9o
"Pioneer Araya, Tower D",apartment_building,apartment_building|point_of_interest|service|establishment,,,"Araya Tower-4, Pioneer, Araya, Sector 62, Gurugram, Haryana 122098, India",4.9,9,OPERATIONAL,https://maps.google.com/?cid=599321400532689303&g_mp=Cilnb29nbGUubWFwcy5wbGFjZXMudjEuUGxhY2VzLlNlYXJjaE5lYXJieRACGAQgAA,ChIJLdVYY3ojDTkRl2EKcaM3UQg
The Shine Unisex Salon,beauty_salon,beauty_salon|point_of_interest|service|establishment,075576 62837,,"Shop No. 8, Araya, Pioneer Presidia, Sector 62, Gurugram, Haryana 122011, India",5,7,OPERATIONAL,https://maps.google.com/?cid=4348628841174396107&g_mp=Cilnb29nbGUubWFwcy5wbGFjZXMudjEuUGxhY2VzLlNlYXJjaE5lYXJieRACGAQgAA,ChIJl5CcRWkjDTkRy-w3GuRuWTw
Bowl Radha Bowl,restaurant,restaurant|point_of_interest|food|establishment,074300 30003,,"Shop no 103, first floor, Ram ji market, Ullawas Dhani Rd, near Zomato office, Sector 62, Gurugram, Haryana 122098, India",,,OPERATIONAL,https://maps.google.com/?cid=12590362185282281991&g_mp=Cilnb29nbGUubWFwcy5wbGFjZXMudjEuUGxhY2VzLlNlYXJjaE5lYXJieRACGAQgAA,ChIJwZ_mGxwjDTkRB-JCb7Pzua4
House of Saaga,store,furniture_store|home_improvement_store|point_of_interest|wholesaler|home_goods_store|store|establishment,098107 88776,https://www.saaga.in/,"Pioneer Presidia, A-2002, Golf Course Ext Rd, Sector 62, Gurugram, Haryana 122002, India",5,3,OPERATIONAL,https://maps.google.com/?cid=18424367844146416086&g_mp=Cilnb29nbGUubWFwcy5wbGFjZXMudjEuUGxhY2VzLlNlYXJjaE5lYXJieRACGAQgAA,ChIJZZUGgJoiDTkR1gl6EfCAsP8
Mila Beauté,corporate_office,corporate_office|point_of_interest|establishment,0124 436 6196,https://milabeaute.com/,"Unit 4,5 and 6, Good Earth Trade Tower, Tower B,First Floor, Sector 62, Gurugram, Haryana 122098, India",4.6,20,OPERATIONAL,https://maps.google.com/?cid=13541662040470900966&g_mp=Cilnb29nbGUubWFwcy5wbGFjZXMudjEuUGxhY2VzLlNlYXJjaE5lYXJieRACGAQgAA,ChIJW-efq6UBDTkR5tCoBuGl7bs
Navin Fruits Shop,grocery_store,grocery_store|point_of_interest|food_store|store|food|establishment,091628 60865,,"Sabji Mandi Ullabaas, C36R+W6M Navin Fruits Shop, Sector 62, Ghamroj, Gurugram, Haryana 122098, India",,,CLOSED_TEMPORARILY,https://maps.google.com/?cid=17039168074928908128&g_mp=Cilnb29nbGUubWFwcy5wbGFjZXMudjEuUGxhY2VzLlNlYXJjaE5lYXJieRACGAQgAA,ChIJr_-f93sjDTkRYGdQNhZJd-w
Daily Needs Supermart,grocery_store,general_store|grocery_store|market|point_of_interest|food_store|store|food|establishment,,,"Araya, Pioneer Presidia, Sector 62, Gurugram, Haryana 122102, India",5,3,OPERATIONAL,https://maps.google.com/?cid=17739023484332574601&g_mp=Cilnb29nbGUubWFwcy5wbGFjZXMudjEuUGxhY2VzLlNlYXJjaE5lYXJieRACGAQgAA,ChIJM7jhOgAjDTkRiYf0pd-rLfY
Bajaj Home,apartment_building,apartment_building|point_of_interest|service|establishment,,,"Pioneer Presidia, Sector 62, Gurugram, Ghata, Haryana 122098, India",,,OPERATIONAL,https://maps.google.com/?cid=4475746945306702059&g_mp=Cilnb29nbGUubWFwcy5wbGFjZXMudjEuUGxhY2VzLlNlYXJjaE5lYXJieRACGAQgAA,ChIJuUP-FgAjDTkR67CLGyIMHT4
Fabspin Dry Cleaners,laundry,laundry|point_of_interest|service|establishment,095992 99412,https://www.fabspin.com/best-dry-cleaning-services-in-sector-62-ghata-gurugram/,"Shop No.9, Pioneer Presidia, Sector 62, Ghata, Gurugram, Haryana 122098, India",5,22,OPERATIONAL,https://maps.google.com/?cid=8447019708022560781&g_mp=Cilnb29nbGUubWFwcy5wbGFjZXMudjEuUGxhY2VzLlNlYXJjaE5lYXJieRACGAQgAA,ChIJTUYSmjEjDTkRDZhok6vXOXU
Brushes.and.blushes_rupz,makeup_artist,makeup_artist|point_of_interest|establishment,093138 83418,https://www.instagram.com/brushes.and.blushes_rupz?igsh=ZGNjOWZkYTE3MQ==&utm_source=qr,"B 901, Pioneer Presidia, Golf Course Ext Rd, near Heritage school, Sector 62, Gurugram, Haryana 122098, India",5,11,OPERATIONAL,https://maps.google.com/?cid=1831756043679713454&g_mp=Cilnb29nbGUubWFwcy5wbGFjZXMudjEuUGxhY2VzLlNlYXJjaE5lYXJieRACGAQgAA,ChIJARXzNz0jDTkRrki0qmq0axk
Saicco,bakery,bakery|point_of_interest|food_store|store|food|establishment,,,"Pioneer Presidia, Sector 62, Gurugram, Haryana 122005, India",5,9,OPERATIONAL,https://maps.google.com/?cid=5587770280590520097&g_mp=Cilnb29nbGUubWFwcy5wbGFjZXMudjEuUGxhY2VzLlNlYXJjaE5lYXJieRACGAQgAA,ChIJxeF0pwMjDTkRIS8VBXe_i00
Breath by Nidhi,clothing_store,clothing_store|point_of_interest|store|establishment,098116 64680,,"B 1102, Pioneer Presidia, Sector 62, Gurugram, Haryana 122098, India",,,CLOSED_TEMPORARILY,https://maps.google.com/?cid=11037905133572126374&g_mp=Cilnb29nbGUubWFwcy5wbGFjZXMudjEuUGxhY2VzLlNlYXJjaE5lYXJieRACGAQgAA,ChIJYc8a8BAiDTkRpvYG1zyELpk
Chachu House,association_or_organization,point_of_interest|association_or_organization|service|establishment,,,"Pioneer Presidia, Sector 62, Gurugram, Haryana 122098, India",,,OPERATIONAL,https://maps.google.com/?cid=14539180688140820941&g_mp=Cilnb29nbGUubWFwcy5wbGFjZXMudjEuUGxhY2VzLlNlYXJjaE5lYXJieRACGAQgAA,ChIJOfPS4q0jDTkRzWHa0c2Lxck
Soharab printers,store,store|point_of_interest|establishment,080922 43827,,"Swastik hospital, Sector 62, Gurugram, Haryana 122001, India",,,CLOSED_TEMPORARILY,https://maps.google.com/?cid=18381063691182019731&g_mp=Cilnb29nbGUubWFwcy5wbGFjZXMudjEuUGxhY2VzLlNlYXJjaE5lYXJieRACGAQgAA,ChIJH0e0Z38jDTkRkxS8QgqoFv8
The flying Apron By Karishma,bakery,bakery|point_of_interest|food_store|store|food|establishment,099539 43330,,"Pioneer Araya, Sector 62, Gurugram, Haryana 122011, India",5,95,OPERATIONAL,https://maps.google.com/?cid=7371060467862639229&g_mp=Cilnb29nbGUubWFwcy5wbGFjZXMudjEuUGxhY2VzLlNlYXJjaE5lYXJieRACGAQgAA,ChIJCVR5y8gjDTkRfZLgJHFES2Y
SHRI SATYAM PROPARTY,real_estate_agency,real_estate_agency|point_of_interest|service|establishment,,,"40, Baharampur Naya, Sector 61, Gurugram, Ghata, Haryana 122098, India",,,CLOSED_TEMPORARILY,https://maps.google.com/?cid=12429735435164604388&g_mp=Cilnb29nbGUubWFwcy5wbGFjZXMudjEuUGxhY2VzLlNlYXJjaE5lYXJieRACGAQgAA,ChIJY7LzdQAjDTkR5FcS0YVKf6w
Siri Shyam property,apartment_complex,apartment_complex|point_of_interest|service|establishment,,,"Ews 315, Baharampur Naya, Sector 61, Gurugram, Haryana 122098, India",4,2,OPERATIONAL,https://maps.google.com/?cid=5096319690893082098&g_mp=Cilnb29nbGUubWFwcy5wbGFjZXMudjEuUGxhY2VzLlNlYXJjaE5lYXJieRACGAQgAA,ChIJixEOFAAjDTkR8r2C5cHDuUY
JustBhutani,apartment_building,apartment_building|point_of_interest|service|establishment,,,"H- 404, C37R+JV4 Pioneer Park, Golf Course Ext Rd, Baharampur Naya, Sector 61, Gurugram, Haryana 122098, India",5,2,OPERATIONAL,https://maps.google.com/?cid=6600936411965192357&g_mp=Cilnb29nbGUubWFwcy5wbGFjZXMudjEuUGxhY2VzLlNlYXJjaE5lYXJieRACGAQgAA,ChIJnwTWqMwjDTkRpXgghLE8m1s
"H Block Pioneer Park, H-603",point_of_interest,point_of_interest|establishment,,,"Pioneer Park, Golf Course Ext Rd, Baharampur Naya, Sector 61, Gurugram, Haryana 122098, India",5,3,OPERATIONAL,https://maps.google.com/?cid=1605284516503713173&g_mp=Cilnb29nbGUubWFwcy5wbGFjZXMudjEuUGxhY2VzLlNlYXJjaE5lYXJieRACGAQgAA,ChIJ83p-OQAjDTkRlXWjOcMdRxY
Just Do Dial,service,point_of_interest|service|establishment,089208 22791,,"Revenue Rd, Baharampur Naya, Sector 59, Gurugram, Haryana 122098, India",3.7,3,OPERATIONAL,https://maps.google.com/?cid=11552942703297897207&g_mp=Cilnb29nbGUubWFwcy5wbGFjZXMudjEuUGxhY2VzLlNlYXJjaE5lYXJieRACGAQgAA,ChIJTyljy1QjDTkR9yKDtC1MVKA
H tower Pioneer Park,apartment_building,apartment_building|point_of_interest|service|establishment,,,"Pioneer Park, Golf Course Ext Rd, Baharampur Naya, Sector 61, Gurugram, Ghata, Haryana 122098, India",,,OPERATIONAL,https://maps.google.com/?cid=3415981763949438277&g_mp=Cilnb29nbGUubWFwcy5wbGFjZXMudjEuUGxhY2VzLlNlYXJjaE5lYXJieRACGAQgAA,ChIJiy3OGgAjDTkRRSVrz1ABaC8
"Tower K, Pioneer park",apartment_building,apartment_building|point_of_interest|service|establishment,,,"Block-K, Baharampur Naya, Sector 61, Gurugram, Ghata, Haryana 122098, India",,,OPERATIONAL,https://maps.google.com/?cid=7377000930387798306&g_mp=Cilnb29nbGUubWFwcy5wbGFjZXMudjEuUGxhY2VzLlNlYXJjaE5lYXJieRACGAQgAA,ChIJ2ZFZZwAjDTkRIql920JfYGY
Tower K,apartment_building,apartment_building|point_of_interest|service|establishment,,,"C37R+JV4 EWS Tower, 26/61, Golf Course Ext Rd, Baharampur Naya, Sector 61, Gurugram, Haryana 122098, India",,,OPERATIONAL,https://maps.google.com/?cid=8388550915775618464&g_mp=Cilnb29nbGUubWFwcy5wbGFjZXMudjEuUGxhY2VzLlNlYXJjaE5lYXJieRACGAQgAA,ChIJR9uzvisjDTkRoF0VC50eanQ
SMS Ansal Versalia,apartment_building,apartment_building|point_of_interest|service|establishment,,,"4133, Block-H, Ansal Versalia, Sector 61, Gurugram, Haryana 122098, India",2,1,OPERATIONAL,https://maps.google.com/?cid=6373646477563218475&g_mp=Cilnb29nbGUubWFwcy5wbGFjZXMudjEuUGxhY2VzLlNlYXJjaE5lYXJieRACGAQgAA,ChIJuSQEDgAjDTkRK0oTy7O9c1g
H 1101 H Block Pioneer Park,apartment_building,apartment_building|point_of_interest|service|establishment,,,"Block-H, Baharampur Naya, Sector 61, Gurugram, Ghata, Haryana 122098, India",,,OPERATIONAL,https://maps.google.com/?cid=17376679450071810620&g_mp=Cilnb29nbGUubWFwcy5wbGFjZXMudjEuUGxhY2VzLlNlYXJjaE5lYXJieRACGAQgAA,ChIJY68LIgAjDTkRPEJc7eRdJvE
G Tower,apartment_building,apartment_building|point_of_interest|service|establishment,,,"Pioneer Park, Golf Course Ext Rd, Baharampur Naya, Sector 61, Gurugram, Ghata, Haryana 122098, India",,,OPERATIONAL,https://maps.google.com/?cid=9352233234210888268&g_mp=Cilnb29nbGUubWFwcy5wbGFjZXMudjEuUGxhY2VzLlNlYXJjaE5lYXJieRACGAQgAA,ChIJ45qMFwAjDTkRTBq-hZPOyYE
Art of Living Sector 61,health,health|point_of_interest|establishment,093500 51474,,"Pioneer park, Baharampur Naya, Sector 61, Gurugram, Haryana 122098, India",5,1,OPERATIONAL,https://maps.google.com/?cid=16965911274334353314&g_mp=Cilnb29nbGUubWFwcy5wbGFjZXMudjEuUGxhY2VzLlNlYXJjaE5lYXJieRACGAQgAA,ChIJj2qV9zUjDTkRond-LWoGc-s
Serenity,clothing_store,clothing_store|point_of_interest|store|establishment,098111 92259,,"Pioneer Park, Golf Course Ext Rd, Baharampur Naya, Sector 61, Gurugram, Haryana 122098, India",5,1,CLOSED_TEMPORARILY,https://maps.google.com/?cid=1137380770977235676&g_mp=Cilnb29nbGUubWFwcy5wbGFjZXMudjEuUGxhY2VzLlNlYXJjaE5lYXJieRACGAQgAA,ChIJ7Wpv998jDTkR3EJ1_MjJyA8
"J Block, Pioneer Park",apartment_building,apartment_building|apartment_complex|point_of_interest|service|establishment,,,"C37R+JV4 Pioneer Park, Golf Course Ext Rd, Baharampur Naya, Sector 61, Gurugram, Haryana 122098, India",4.2,34,OPERATIONAL,https://maps.google.com/?cid=5327134487382843994&g_mp=Cilnb29nbGUubWFwcy5wbGFjZXMudjEuUGxhY2VzLlNlYXJjaE5lYXJieRACGAQgAA,ChIJy6WGTEQjDTkRWuIvh5fI7Uk
Soni di,apartment_building,apartment_building|point_of_interest|service|establishment,,,"Pioneer Park, M201, near Golf Course Extension Road, Baharampur Naya, Sector 61, Gurugram, Ghata, Haryana 122098, India",,,OPERATIONAL,https://maps.google.com/?cid=11805720492525649891&g_mp=Cilnb29nbGUubWFwcy5wbGFjZXMudjEuUGxhY2VzLlNlYXJjaE5lYXJieRACGAQgAA,ChIJRWAJHwAjDTkR43-KEj1Y1qM
Tushar Agarwal G1704 Pioneer Park,apartment_building,apartment_building|point_of_interest|service|establishment,,,"Block-G, Baharampur Naya, Sector 61, Gurugram, Ghata, Haryana 122098, India",5,1,OPERATIONAL,https://maps.google.com/?cid=1503596471477385227&g_mp=Cilnb29nbGUubWFwcy5wbGFjZXMudjEuUGxhY2VzLlNlYXJjaE5lYXJieRACGAQgAA,ChIJ87Q-cgAjDTkRC7jwPwbZ3RQ
POP - Double or Twin Room with Private Bathroom,lodging,lodging|point_of_interest|establishment,,https://www.bluepillow.com/search/65c9ff8a671b07d23c69c990?dest=bkng&cat=House&lat=28.41218&lng=77.09269&language=en,"Baharampur Naya, Sector 61, Gurugram, Haryana 122098, India",,,OPERATIONAL,https://maps.google.com/?cid=10847949675901514991&g_mp=Cilnb29nbGUubWFwcy5wbGFjZXMudjEuUGxhY2VzLlNlYXJjaE5lYXJieRACGAQgAA,ChIJ0eHBQBoiDTkR73RsXcGoi5Y
NKCC HOUSE,housing_complex,housing_complex|point_of_interest|service|establishment,,,"H.no 95, Ullawas Dhani Rd, near Pioneer Park Drive, CRPF Park, Sector 61, Gurugram, Nangli Umarpur, Haryana 122098, India",,,OPERATIONAL,https://maps.google.com/?cid=12418987387464235089&g_mp=Cilnb29nbGUubWFwcy5wbGFjZXMudjEuUGxhY2VzLlNlYXJjaE5lYXJieRACGAQgAA,ChIJhbRPSgAjDTkRUbjc8zobWaw
My Human AI Coach,health,health|point_of_interest|service|establishment,,,"Pioneer Pk Dr, Baharampur Naya, Sector 61, Gurugram, Haryana 122001, India",,,OPERATIONAL,https://maps.google.com/?cid=18303738961727356167&g_mp=Cilnb29nbGUubWFwcy5wbGFjZXMudjEuUGxhY2VzLlNlYXJjaE5lYXJieRACGAQgAA,ChIJQ2ZDl8MjDTkRB308u5vxA_4
Ramavtar Gurjar Kupasiya,apartment_building,apartment_building|point_of_interest|service|establishment,,,"C36V+V3G, Pioneer Pk Dr, Baharampur Naya, Sector 61, Gurugram, Ghata, Haryana 122098, India",,,OPERATIONAL,https://maps.google.com/?cid=6878944060191681732&g_mp=Cilnb29nbGUubWFwcy5wbGFjZXMudjEuUGxhY2VzLlNlYXJjaE5lYXJieRACGAQgAA,ChIJ2R33WAAjDTkRxCyCMS3rdl8
Hyatt Hotel Bhati office,apartment_building,apartment_building|service|point_of_interest|establishment,,,"C37W+GQM, Baharampur Naya, Sector 61, Gurugram, Ghata, Haryana 122098, India",,,OPERATIONAL,https://maps.google.com/?cid=4961231078711498049&g_mp=Cilnb29nbGUubWFwcy5wbGFjZXMudjEuUGxhY2VzLlNlYXJjaE5lYXJieRACGAQgAA,ChIJFQaxUgAjDTkRQRU6X2HV2UQ
SAP infra Technologies Pvt.Ltd.,consultant,corporate_office|consultant|service|point_of_interest|establishment,0124 404 7672,http://www.sapinfra.co.in/,"Unit 6011-6012, Tower A, Emaar Digital Greens Sector -61, Golf Course Extn Road, Gurgaon-122003, Baharampur Naya, Sector 61, Gurugram, Haryana 122098, India",4.4,31,OPERATIONAL,https://maps.google.com/?cid=8649191835872526686&g_mp=Cilnb29nbGUubWFwcy5wbGFjZXMudjEuUGxhY2VzLlNlYXJjaE5lYXJieRACGAQgAA,ChIJZRAwk4IjDTkRXgFkOyYaCHg
Lumenis BE (India) Pvt Ltd,corporate_office,corporate_office|point_of_interest|establishment,099584 77966,,"Unit 518-519, 5th Floor, Emaar Digital Greens, Golf Course Ext Rd, Baharampur Naya, Sector 61, Gurugram, Haryana 122098, India",3.4,8,OPERATIONAL,https://maps.google.com/?cid=16352924597920625500&g_mp=Cilnb29nbGUubWFwcy5wbGFjZXMudjEuUGxhY2VzLlNlYXJjaE5lYXJieRACGAQgAA,ChIJc424ZlQfDTkRXHPOwUdC8eI
Savannah Seeds Pvt. Ltd.,corporate_office,corporate_office|point_of_interest|establishment,0124 485 9200,http://www.savannahseeds.com/,"PH-1A, 10th, Digital Greens, Golf Course Ext Rd, Baharampur Naya, Sector 61, Gurugram, Haryana 122098, India",4.1,42,OPERATIONAL,https://maps.google.com/?cid=2091238512895638281&g_mp=Cilnb29nbGUubWFwcy5wbGFjZXMudjEuUGxhY2VzLlNlYXJjaE5lYXJieRACGAQgAA,ChIJdx_U8kojDTkRCbvC_ViSBR0
HVM ( High Vision Multipliers) in Gurugram,real_estate_agency,real_estate_agency|service|point_of_interest|establishment,081142 03040,http://hvm.co.in/,"Office No 716/717, Tower A, Emaar Digital Greens, Golf Course Ext Rd, Baharampur Naya, Sector 62, Gurugram, Haryana 122098, India",4.7,17,OPERATIONAL,https://maps.google.com/?cid=12735474714958189158&g_mp=Cilnb29nbGUubWFwcy5wbGFjZXMudjEuUGxhY2VzLlNlYXJjaE5lYXJieRACGAQgAA,ChIJN_c7TIEjDTkRZlINH8d-vbA
STACKD (previously M2 Vending),manufacturer,manufacturer|point_of_interest|supplier|establishment,0124 403 6397,http://stackd.co.in/,"421 Tower A, Emaar Digital Greens, Golf Course Ext Rd, Baharampur Naya, Sector 61, Gurugram, Haryana 122098, India",4.1,26,OPERATIONAL,https://maps.google.com/?cid=10881099223570637062&g_mp=Cilnb29nbGUubWFwcy5wbGFjZXMudjEuUGxhY2VzLlNlYXJjaE5lYXJieRACGAQgAA,ChIJO2Wfl6MYDTkRBuG04hduAZc
Weinvest Infracorp,real_estate_agency,real_estate_agency|service|point_of_interest|establishment,,,"Unit No. 719,720,721, Emaar Digital Greens, Golf Course Ext Rd, Baharampur Naya, Sector 61, Gurugram, Haryana 122098, India",5,9,OPERATIONAL,https://maps.google.com/?cid=5046659099296182925&g_mp=Cilnb29nbGUubWFwcy5wbGFjZXMudjEuUGxhY2VzLlNlYXJjaE5lYXJieRACGAQgAA,ChIJ2-V_5kIjDTkRjbIKZLZVCUY
T&A Consulting,corporate_office,corporate_office|finance|consultant|service|point_of_interest|establishment,0124 431 4960,https://www.taglobalgroup.com/,"The Close South, 416-20, Golf Course Ext Rd, Baharampur Naya, Sector 61, Gurugram, Haryana 122098, India",4.1,19,OPERATIONAL,https://maps.google.com/?cid=13071717990064079131&g_mp=Cilnb29nbGUubWFwcy5wbGFjZXMudjEuUGxhY2VzLlNlYXJjaE5lYXJieRACGAQgAA,ChIJ5QlVe1nhDDkRG0HaSUESaLU
MEDIAMIX,corporate_office,corporate_office|point_of_interest|establishment,,,"Digital Greens Emaar, Baharampur Naya, Sector 61, Ghata, Gurugram, Haryana 122098, India",,,OPERATIONAL,https://maps.google.com/?cid=18008682841057434896&g_mp=Cilnb29nbGUubWFwcy5wbGFjZXMudjEuUGxhY2VzLlNlYXJjaE5lYXJieRACGAQgAA,ChIJb_jdJPEjDTkREJ3mPaGx6_k
Mrs Bectors Food Specialities Ltd.,corporate_office,corporate_office|point_of_interest|establishment,098265 43746,http://www.cremica.in/,"Emaar Digital Greens Tower-A, First Floor, C37W+Q5P, Baharampur Naya, Sector 61, Gurugram, Haryana 122098, India",4.2,23,OPERATIONAL,https://maps.google.com/?cid=15758304986389652164&g_mp=Cilnb29nbGUubWFwcy5wbGFjZXMudjEuUGxhY2VzLlNlYXJjaE5lYXJieRACGAQgAA,ChIJ0RYqfEwjDTkRxKIF4OS-sNo
Plumage Technology,manufacturer,manufacturer|point_of_interest|establishment,,http://plumagetech.com/,"Unit No. 15, 8th Floor, Tower A, Emaar Digital Greens, Golf Course Ext Rd, Baharampur Naya, Sector 61, Gurugram, Haryana 122011, India",3,2,OPERATIONAL,https://maps.google.com/?cid=11689497454342912598&g_mp=Cilnb29nbGUubWFwcy5wbGFjZXMudjEuUGxhY2VzLlNlYXJjaE5lYXJieRACGAQgAA,ChIJ_8SDyAQiDTkRVjrxSABwOaI
GETWELL Head Office,corporate_office,corporate_office|point_of_interest|establishment,,,"Getwell Group 715, Digital Greens Emaar, Golf Course Ext Rd, Baharampur Naya, Sector 61, Gurugram, Haryana 122098, India",,,OPERATIONAL,https://maps.google.com/?cid=13948070146549849101&g_mp=Cilnb29nbGUubWFwcy5wbGFjZXMudjEuUGxhY2VzLlNlYXJjaE5lYXJieRACGAQgAA,ChIJQepEKQAjDTkRDZxV8-V_kcE
B L Agro Industries Ltd,manufacturer,manufacturer|point_of_interest|establishment,0581 251 8300,https://blagro.org/,"Digital Greens II, 609-610, Baharampur Naya, Sector 61, Gurugram, Haryana 122098, India",4,7,CLOSED_TEMPORARILY,https://maps.google.com/?cid=10093442589772435868&g_mp=Cilnb29nbGUubWFwcy5wbGFjZXMudjEuUGxhY2VzLlNlYXJjaE5lYXJieRACGAQgAA,ChIJ____vyUDDTkRnFEv3I4cE4w
Banner Engineering India Pvt. Ltd.,association_or_organization,association_or_organization|point_of_interest|establishment,,,"Unit 22, 4th Floor, Emaar Digital Greens Tower A, Golf Course Road Underpass, Baharampur Naya, Sector 61, Gurugram, Haryana 122098, India",4,1,OPERATIONAL,https://maps.google.com/?cid=10231682552129712275&g_mp=Cilnb29nbGUubWFwcy5wbGFjZXMudjEuUGxhY2VzLlNlYXJjaE5lYXJieRACGAQgAA,ChIJza_4VgAjDTkRk_BARhI9_o0
Durawot Best Stainless Steel Water Tank,manufacturer,manufacturer|point_of_interest|establishment,076995 77995,https://www.durawot.com/,"unit no - 814, Corporate office, Emaar Digital Greens, Baharampur Naya, Sector 61, Gurugram, Haryana 122102, India",5,16,OPERATIONAL,https://maps.google.com/?cid=380941424185633239&g_mp=Cilnb29nbGUubWFwcy5wbGFjZXMudjEuUGxhY2VzLlNlYXJjaE5lYXJieRACGAQgAA,ChIJkeTpcmsjDTkR1-nQ_DRgSQU
Wave Energy & Infrastructures India Pvt Ltd,general_contractor,general_contractor|service|point_of_interest|establishment,,http://www.waveenergygroup.com/,"712, Emaar Digital Greens, Baharampur Naya, Sector 61, Gurugram, Haryana 122098, India",4.3,3,OPERATIONAL,https://maps.google.com/?cid=4850973737520725565&g_mp=Cilnb29nbGUubWFwcy5wbGFjZXMudjEuUGxhY2VzLlNlYXJjaE5lYXJieRACGAQgAA,ChIJw4GxalIjDTkRPf6rp-keUkM
NexionPro,service,service|point_of_interest|establishment,,https://www.nexionpro.com/,"6th Floor, Tower A, Emaar Digital Greens, Unit 16, Golf Course Ext Rd, Baharampur Naya, Sector 61, Gurugram, Haryana 122102, India",5,3,OPERATIONAL,https://maps.google.com/?cid=11532293817728393089&g_mp=Cilnb29nbGUubWFwcy5wbGFjZXMudjEuUGxhY2VzLlNlYXJjaE5lYXJieRACGAQgAA,ChIJNV6-fSQZDTkRgV8iYyDwCqA
yatravuetravel,travel_agency,travel_agency|service|point_of_interest|establishment,088606 21235,,"Tower A, Emaar Digital Greens, 526/527, Golf Course Ext Rd, Baharampur Naya, Sector 61, Gurugram, Ghata, Haryana 122102, India",,,OPERATIONAL,https://maps.google.com/?cid=11157371369958331051&g_mp=Cilnb29nbGUubWFwcy5wbGFjZXMudjEuUGxhY2VzLlNlYXJjaE5lYXJieRACGAQgAA,ChIJxYGkuYojDTkRq9J6jSXy1po
Makerman,general_contractor,home_goods_store|general_contractor|service|store|point_of_interest|establishment,069123 45678,https://makerman.in/,"Unit no. 617, Emaar Digital Greens, Tower A, Golf Course Ext Rd, Baharampur Naya, Sector 61, Gurugram, Haryana 122098, India",4.7,138,OPERATIONAL,https://maps.google.com/?cid=15013513681672616350&g_mp=Cilnb29nbGUubWFwcy5wbGFjZXMudjEuUGxhY2VzLlNlYXJjaE5lYXJieRACGAQgAA,ChIJZaPAHgwFDTkRnjmQAia3WtA
LearnUpDigital Institute & Marketing Agency,service,educational_institution|service|point_of_interest|establishment,097177 61425,https://learnupdigital.com/,"| 6th Floor, Emaar Digital Green, Baharampur Naya, Sector 61, Gurugram, Haryana 122098, India",4.9,20,OPERATIONAL,https://maps.google.com/?cid=5325243595367804866&g_mp=Cilnb29nbGUubWFwcy5wbGFjZXMudjEuUGxhY2VzLlNlYXJjaE5lYXJieRACGAQgAA,ChIJWaxL21sZDTkRwm9S7NUQ50k
R D Estate,real_estate_agency,real_estate_agency|service|point_of_interest|establishment,098101 46757,,"opp. hyatt hotels, Baharampur Naya, Sector 61, Gurugram, Haryana 122001, India",5,1,OPERATIONAL,https://maps.google.com/?cid=6462858903063393287&g_mp=Cilnb29nbGUubWFwcy5wbGFjZXMudjEuUGxhY2VzLlNlYXJjaE5lYXJieRACGAQgAA,ChIJ8dOkPv4hDTkRB3SQPu6vsFk
RD STEEL,manufacturer,manufacturer|point_of_interest|establishment,098101 46757,,"Sector 61, opp. hyatt hotels, nearly, Sector 59, Gurugram, Haryana 122098, India",5,3,OPERATIONAL,https://maps.google.com/?cid=11685939340053416956&g_mp=Cilnb29nbGUubWFwcy5wbGFjZXMudjEuUGxhY2VzLlNlYXJjaE5lYXJieRACGAQgAA,ChIJm4p34D4ZDTkR_IulPurLLKI
Anil bhati associate,general_contractor,general_contractor|service|point_of_interest|establishment,,,"C472+G6W, Dayma Rd, Alahawas, Sector 58, Gurugram, Ghata, Haryana 122098, India",,,CLOSED_TEMPORARILY,https://maps.google.com/?cid=15949037893625981184&g_mp=Cilnb29nbGUubWFwcy5wbGFjZXMudjEuUGxhY2VzLlNlYXJjaE5lYXJieRACGAQgAA,ChIJDdDkdQAjDTkRACnSbnZdVt0
Veeru tecnician spares and parts,service,service|point_of_interest|establishment,,,"C38X+3P9, Baharampur Naya, Sector 61, Ghata, Gurugram, Haryana 122098, India",,,CLOSED_TEMPORARILY,https://maps.google.com/?cid=5718952945103541208&g_mp=Cilnb29nbGUubWFwcy5wbGFjZXMudjEuUGxhY2VzLlNlYXJjaE5lYXJieRACGAQgAA,ChIJ19FxMgAjDTkR2BMSPGfNXU8
Mannat hotel up 85,indian_restaurant,indian_restaurant|restaurant|food|point_of_interest|establishment,,,"C472+GGV, Dayma Rd, Baharampur Naya, Sector 61, Gurugram, Haryana 122098, India",5,1,OPERATIONAL,https://maps.google.com/?cid=1576048635519167840&g_mp=Cilnb29nbGUubWFwcy5wbGFjZXMudjEuUGxhY2VzLlNlYXJjaE5lYXJieRACGAQgAA,ChIJ9xsgeAAjDTkRYO3bPOI_3xU
Dada gym,gym,gym|sports_activity_location|health|point_of_interest|establishment,063987 91944,,"Village, Dayma Rd, Sector 58, Gurugram, Haryana 122002, India",4,1,OPERATIONAL,https://maps.google.com/?cid=1411316129629636608&g_mp=Cilnb29nbGUubWFwcy5wbGFjZXMudjEuUGxhY2VzLlNlYXJjaE5lYXJieRACGAQgAA,ChIJm92uAokjDTkRAIha3IoAlhM
Connvero Consulting Services Pvt Ltd,corporate_office,corporate_office|point_of_interest|establishment,1800 123 4344,,"C37X+Q76, Sector 24, DLF Phase 3, Sector 61, Gurugram, Haryana 122098, India",3,7,OPERATIONAL,https://maps.google.com/?cid=3898718385380555799&g_mp=Cilnb29nbGUubWFwcy5wbGFjZXMudjEuUGxhY2VzLlNlYXJjaE5lYXJieRACGAQgAA,ChIJ_3OjjBwiDTkRF3zkF7cHGzY
Arbour,apartment_building,apartment_building|service|point_of_interest|establishment,,,"C472+9JQ, Dayma Rd, Sector 58, Gurugram, Ghata, Haryana 122098, India",3.5,2,OPERATIONAL,https://maps.google.com/?cid=5413948551549190816&g_mp=Cilnb29nbGUubWFwcy5wbGFjZXMudjEuUGxhY2VzLlNlYXJjaE5lYXJieRACGAQgAA,ChIJdUsdCQAjDTkRoIJU94U1Iks
GAUR CAR WASHING,car_wash,car_wash|service|point_of_interest|establishment,,,"Shop 23/2, Dayma Rd, Sector 58, Gurugram, Haryana 122098, India",5,9,OPERATIONAL,https://maps.google.com/?cid=6001033588191418500&g_mp=Cilnb29nbGUubWFwcy5wbGFjZXMudjEuUGxhY2VzLlNlYXJjaE5lYXJieRACGAQgAA,ChIJuereIAAjDTkRhFhW7UD0R1M
28 acres,service,service|point_of_interest|establishment,,,"C472+9JQ, Dayma Rd, Sector 58, Gurugram, Haryana 122098, India",5,1,OPERATIONAL,https://maps.google.com/?cid=1124367931984048742&g_mp=Cilnb29nbGUubWFwcy5wbGFjZXMudjEuUGxhY2VzLlNlYXJjaE5lYXJieRACGAQgAA,ChIJs0L6hiojDTkRZvK_Tq2Omg8
RAHUL NISHAD,transportation_service,transportation_service|point_of_interest|establishment,,,"C38X+3P9, Baharampur Naya, Sector 61, Ghata, Gurugram, Haryana 122098, India",,,OPERATIONAL,https://maps.google.com/?cid=17452493464623193604&g_mp=Cilnb29nbGUubWFwcy5wbGFjZXMudjEuUGxhY2VzLlNlYXJjaE5lYXJieRACGAQgAA,ChIJexCzBgAjDTkRBB6xu1a2M_I
Gujar genaral store,asian_grocery_store,asian_grocery_store|grocery_store|food_store|store|food|point_of_interest|establishment,,,"Baharampur Naya, Sector 61, Gurugram, Haryana 122011, India",,,OPERATIONAL,https://maps.google.com/?cid=11356389510937676239&g_mp=Cilnb29nbGUubWFwcy5wbGFjZXMudjEuUGxhY2VzLlNlYXJjaE5lYXJieRACGAQgAA,ChIJ3TiexhQjDTkRz4lpahcAmp0
Kurban Ali rashan Shop,bakery,bakery|general_store|food_store|store|food|point_of_interest|establishment,084470 89695,,"Dayma Rd, near Hyatt hotel, Baharampur Naya, Sector 61, Gurugram, Haryana 122098, India",,,OPERATIONAL,https://maps.google.com/?cid=13842681745832721275&g_mp=Cilnb29nbGUubWFwcy5wbGFjZXMudjEuUGxhY2VzLlNlYXJjaE5lYXJieRACGAQgAA,ChIJmUW8UQAjDTkRe7skx7QVG8A
Cena Pranzo,italian_restaurant,italian_restaurant|restaurant|food|point_of_interest|establishment,088000 21048,https://www.hyattrestaurants.com/en/gurugram/restaurant/cena-pranzo-italian-trattoria-grand-hyatt-gurgaon?src=GMB,"Cena Pranzo, Grand Hyatt, Golf Course Rd, Sector 58, Gurugram, Haryana 122098, India",4.7,334,OPERATIONAL,https://maps.google.com/?cid=6599360353782641406&g_mp=Cilnb29nbGUubWFwcy5wbGFjZXMudjEuUGxhY2VzLlNlYXJjaE5lYXJieRACGAQgAA,ChIJveW_joUhDTkR_rIC4EajlVs
Maison Maiya,restaurant,restaurant|asian_restaurant|european_restaurant|indian_restaurant|food|point_of_interest|establishment,092057 80935,https://www.hyattrestaurants.com/en/gurgaon/restaurant/maison-maiya?src=GMB,"C473+R3 Maison Maiya, Sector 58, Gurugram, Haryana 122098, India",4.4,133,OPERATIONAL,https://maps.google.com/?cid=6519762048814961286&g_mp=Cilnb29nbGUubWFwcy5wbGFjZXMudjEuUGxhY2VzLlNlYXJjaE5lYXJieRACGAQgAA,ChIJmcgIIZQhDTkRhlKwSwrZelo
Bar Musui,bar,bar|point_of_interest|establishment,092057 80935,https://www.hyattrestaurants.com/en/gurgaon/bar/bar-musui-a-traditional-dark-bar-grand-hyatt-gurgaon,"Bar Musui, Golf Course Rd, Sector 58, Gurugram, Haryana 122098, India",4.2,5,OPERATIONAL,https://maps.google.com/?cid=30139345983682667&g_mp=Cilnb29nbGUubWFwcy5wbGFjZXMudjEuUGxhY2VzLlNlYXJjaE5lYXJieRACGAQgAA,ChIJkTkOzbkhDTkRa7geU5MTawA
Parlour,cafe,cafe|food|point_of_interest|establishment,092057 80935,https://www.hyattrestaurants.com/en/gurgaon/cafe/parlour-lobby-lounge-grand-hyatt-gurgaon,"Parlour, Golf Course Rd, Sector 58, Gurugram, Haryana 122098, India",5,2,OPERATIONAL,https://maps.google.com/?cid=5363561368123078505&g_mp=Cilnb29nbGUubWFwcy5wbGFjZXMudjEuUGxhY2VzLlNlYXJjaE5lYXJieRACGAQgAA,ChIJKzpxb_EhDTkRaff7naUyb0o
Grand Hyatt Gurgaon,resort_hotel,resort_hotel|hotel|lodging|point_of_interest|establishment,0124 503 1234,https://www.hyatt.com/grand-hyatt/en-US/grggh-grand-hyatt-gurgaon?src=corp_lclb_google_seo_grggh&utm_source=google&utm_medium=organic&utm_campaign=lmr,"Golf Course Ext Rd, Sector 58, Gurugram, Haryana 122098, India",4.6,3357,OPERATIONAL,https://maps.google.com/?cid=1336489404566841858&g_mp=Cilnb29nbGUubWFwcy5wbGFjZXMudjEuUGxhY2VzLlNlYXJjaE5lYXJieRACGAQgAA,ChIJs5RrKf8hDTkRAqpHTQgqjBI
Arif Interior Designer Gurgaon,general_contractor,general_contractor|service|point_of_interest|establishment,074279 48160,https://www.arifinterior.com/,"Village, Dayma Rd, Sector 58, Gurugram, Haryana 122098, India",5,10,OPERATIONAL,https://maps.google.com/?cid=14203233166020549816&g_mp=Cilnb29nbGUubWFwcy5wbGFjZXMudjEuUGxhY2VzLlNlYXJjaE5lYXJieRACGAQgAA,ChIJDa9nUK_IBYMRuJyzAlAFHMU
Home Interiors,general_contractor,general_contractor|service|point_of_interest|establishment,090290 99009,,"Golf Course Ext Rd, Sector 58, Gurugram, Haryana 122101, India",5,1,OPERATIONAL,https://maps.google.com/?cid=7671642815237581436&g_mp=Cilnb29nbGUubWFwcy5wbGFjZXMudjEuUGxhY2VzLlNlYXJjaE5lYXJieRACGAQgAA,ChIJ81hSnKsjDTkRfOrpjX4md2o
Fourways Realty,consultant,real_estate_agency|consultant|service|point_of_interest|establishment,,https://www.fourwaysrealty.in/,"Sector 58, Gurugram, Haryana 122102, India",,,OPERATIONAL,https://maps.google.com/?cid=10868278304050553554&g_mp=Cilnb29nbGUubWFwcy5wbGFjZXMudjEuUGxhY2VzLlNlYXJjaE5lYXJieRACGAQgAA,ChIJ0XvnoosjDTkR0qIE8Yjh05Y
Nappa Dori Atelier,store,store|point_of_interest|establishment,,https://www.nappadori.com/pages/store,"Unit No. 7A, Ground Floor, Grand View High Street, Golf Course Ext Rd, Sector 58, Gurugram, Haryana 122102, India",5,2,OPERATIONAL,https://maps.google.com/?cid=3698013802474389116&g_mp=Cilnb29nbGUubWFwcy5wbGFjZXMudjEuUGxhY2VzLlNlYXJjaE5lYXJieRACGAQgAA,ChIJm__0tIkjDTkRfD763vX7UTM
"Empowerment and Abundance circle, Tarot & Angel card consultations",consultant,consultant|health|service|point_of_interest|establishment,095601 02356,http://www.trptimalhotra.com/,"Sector 58, Gurugram, Haryana 122098, India",5,3,OPERATIONAL,https://maps.google.com/?cid=13991142421378647309&g_mp=Cilnb29nbGUubWFwcy5wbGFjZXMudjEuUGxhY2VzLlNlYXJjaE5lYXJieRACGAQgAA,ChIJg1JPlzshDTkRDUUsbOeFKsI
Nappa Dori Gurgaon,store,store|point_of_interest|establishment,088000 40783,https://www.nappadori.com/,"Unit No 3B, Ground Floor, Grand View High Street, Golf Course Ext Rd, Sector 58, Gurugram, Haryana 122098, India",3.8,14,OPERATIONAL,https://maps.google.com/?cid=5343291716285115954&g_mp=Cilnb29nbGUubWFwcy5wbGFjZXMudjEuUGxhY2VzLlNlYXJjaE5lYXJieRACGAQgAA,ChIJud83joMjDTkRMi52iIEvJ0o
Conscient Sales Gallery,corporate_office,corporate_office|point_of_interest|establishment,,,"Grand Hyatt Gurgaon Residences, Sector 58, Gurugram, Haryana 122098, India",5,1,OPERATIONAL,https://maps.google.com/?cid=3360979087705802668&g_mp=Cilnb29nbGUubWFwcy5wbGFjZXMudjEuUGxhY2VzLlNlYXJjaE5lYXJieRACGAQgAA,ChIJSwz1HQAhDTkRrIc4TKyYpC4
Vaisshnao Properties & Builders,general_contractor,general_contractor|service|point_of_interest|establishment,,https://vaisshnaoproperties.com/,"Unit No. 811, 812, Tower 2, SPLENDOR SPECTRUM ONE, Sector 58, Gurugram, Haryana 122001, India",5,2,OPERATIONAL,https://maps.google.com/?cid=2631190480588825075&g_mp=Cilnb29nbGUubWFwcy5wbGFjZXMudjEuUGxhY2VzLlNlYXJjaE5lYXJieRACGAQgAA,ChIJw1wW3eEhDTkR8-HiK83dgyQ
NIKHIL VARMA ART EDITIONS,art_studio,art_studio|point_of_interest|establishment,,https://www.nikhilvarma.com/,"2nd FLOOR, MAGNUM TOWER, 210, Golf Course Ext Rd, Sector 58, Gurugram, Haryana 122011, India",,,OPERATIONAL,https://maps.google.com/?cid=5654766475057813152&g_mp=Cilnb29nbGUubWFwcy5wbGFjZXMudjEuUGxhY2VzLlNlYXJjaE5lYXJieRACGAQgAA,ChIJO4VdjdUhDTkRoNabGSbEeU4
DataChannel Pvt. Ltd.,,point_of_interest|establishment,,https://datachannel.co/,"Sector 58, Gurugram, Haryana 122098, India",4.8,16,OPERATIONAL,https://maps.google.com/?cid=6731466075048043632&g_mp=Cilnb29nbGUubWFwcy5wbGFjZXMudjEuUGxhY2VzLlNlYXJjaE5lYXJieRACGAQgAA,ChIJzcD38dcfDTkRcOTU_Lr4al0
DecisionTree Analytics & Services Private Limited,,point_of_interest|establishment,0124 403 5770,https://decision-tree.com/,"20th Floor, Magnum Global Park, Golf Course Ext Rd, Sector 58, Gurugram, Haryana 122011, India",3.6,30,OPERATIONAL,https://maps.google.com/?cid=18038431031077288679&g_mp=Cilnb29nbGUubWFwcy5wbGFjZXMudjEuUGxhY2VzLlNlYXJjaE5lYXJieRACGAQgAA,ChIJ7xO-9ewYDTkR57q-eHNhVfo
Back gate magnum global park,corporate_office,corporate_office|point_of_interest|establishment,,,"1701A, Sector 58, Gurugram, Haryana 122098, India",4.5,4,OPERATIONAL,https://maps.google.com/?cid=11614485311390348931&g_mp=Cilnb29nbGUubWFwcy5wbGFjZXMudjEuUGxhY2VzLlNlYXJjaE5lYXJieRACGAQgAA,ChIJX2eVfwAhDTkRg_ZpwtrwLqE
SustainRepo,corporate_office,corporate_office|point_of_interest|establishment,096429 92190,http://www.sustainrepo.com/,"Global Magnum tech park, Sector 58, Gurugram, Haryana 122098, India",,,OPERATIONAL,https://maps.google.com/?cid=1168727623275889110&g_mp=Cilnb29nbGUubWFwcy5wbGFjZXMudjEuUGxhY2VzLlNlYXJjaE5lYXJieRACGAQgAA,ChIJWRfkkzAhDTkR1sGLyJQnOBA
Remy's,italian_restaurant,italian_restaurant|restaurant|food|point_of_interest|establishment,094733 84149,,"Magnum Global Park, 1701A, Sector 58, Gurugram, Haryana 122098, India",4.8,109,OPERATIONAL,https://maps.google.com/?cid=2204065736592860879&g_mp=Cilnb29nbGUubWFwcy5wbGFjZXMudjEuUGxhY2VzLlNlYXJjaE5lYXJieRACGAQgAA,ChIJv3h4HQAhDTkRzyY6Gxxqlh4
NCR Voyix Corporation,corporate_office,corporate_office|point_of_interest|establishment,,http://www.ncrvoyix.com/,"10A, Sector 58, Gurugram, Haryana 122098, India",4.3,4,OPERATIONAL,https://maps.google.com/?cid=16478565959821497734&g_mp=Cilnb29nbGUubWFwcy5wbGFjZXMudjEuUGxhY2VzLlNlYXJjaE5lYXJieRACGAQgAA,ChIJ76FXUQAhDTkRhhUB626gr-Q
Knot.dating,service,service|point_of_interest|establishment,,https://knot.dating/,"7th floor, Magnum Global Park, 715-A, Golf Course Ext Rd, Sector 58, Gurugram, Haryana 122098, India",4.3,21,OPERATIONAL,https://maps.google.com/?cid=17958742576950591002&g_mp=Cilnb29nbGUubWFwcy5wbGFjZXMudjEuUGxhY2VzLlNlYXJjaE5lYXJieRACGAQgAA,ChIJ8zWi32UhDTkRGr7SZzlFOvk
UPC RENEWABLES INDIA PRIVATE LIMITED,service,service|point_of_interest|establishment,,http://www.upcrenewables.com/,"6th Floor, Magnum Global Park, Unit No. 613, Sector 58, Gurugram, Haryana 122098, India",4.8,4,OPERATIONAL,https://maps.google.com/?cid=2347757622244088432&g_mp=Cilnb29nbGUubWFwcy5wbGFjZXMudjEuUGxhY2VzLlNlYXJjaE5lYXJieRACGAQgAA,ChIJFWtlpxkjDTkRcBqTVB7plCA
7 Estates India,real_estate_agency,real_estate_agency|service|point_of_interest|establishment,078777 75772,https://www.7estates.in/,"Magnum Global Park, 715 B & C, Golf Course Ext Rd, Sector 58, Gurugram, Haryana 122011, India",4.9,57,OPERATIONAL,https://maps.google.com/?cid=17418556877494637534&g_mp=Cilnb29nbGUubWFwcy5wbGFjZXMudjEuUGxhY2VzLlNlYXJjaE5lYXJieRACGAQgAA,ChIJSW11bAwztSUR3lMBTzElu_E
1C Charging Station,electric_vehicle_charging_station,electric_vehicle_charging_station|transportation_service|point_of_interest|establishment,095994 43291,https://onelink.to/5695dc,"MAGNUM GLOBAL PARK, Golf Course Ext Rd, Sector 58, Gurugram, Haryana 122098, India",,,OPERATIONAL,https://maps.google.com/?cid=6047035326372303357&g_mp=Cilnb29nbGUubWFwcy5wbGFjZXMudjEuUGxhY2VzLlNlYXJjaE5lYXJieRACGAQgAA,ChIJY-y4H_QhDTkR_dGoPJdi61M
Transaction Square LLP,consultant,consultant|finance|service|point_of_interest|establishment,,http://www.transactionsquare.in/,"9th Floor, Magnum Global Park, 901, Golf Course Ext Rd, Sector 58, Gurugram, Haryana 122098, India",,,CLOSED_TEMPORARILY,https://maps.google.com/?cid=2831389259923250573&g_mp=Cilnb29nbGUubWFwcy5wbGFjZXMudjEuUGxhY2VzLlNlYXJjaE5lYXJieRACGAQgAA,ChIJYQGpzJAhDTkRjd2U0ocdSyc
Mochiko Shoes Private Limited,manufacturer,manufacturer|point_of_interest|establishment,,http://www.mochiko.in/,"Unit 805-808, Magnum Global Park, Golf Course Ext Rd, Sector 58, Gurugram, Haryana 122098, India",3.4,5,OPERATIONAL,https://maps.google.com/?cid=17835634080855096076&g_mp=Cilnb29nbGUubWFwcy5wbGFjZXMudjEuUGxhY2VzLlNlYXJjaE5lYXJieRACGAQgAA,ChIJGdSEJAAhDTkRDPs3BbPmhPc
Gonzo - Asian Tapas Bar,asian_restaurant,asian_restaurant|restaurant|food|point_of_interest|establishment,098119 26307,,"Shop no 5A,5B,5C, The Boulevard Magnum Global Park, Golf Course Ext Rd, Sector 58, Gurugram, Haryana 122098, India",4.1,103,OPERATIONAL,https://maps.google.com/?cid=15331976915032983991&g_mp=Cilnb29nbGUubWFwcy5wbGFjZXMudjEuUGxhY2VzLlNlYXJjaE5lYXJieRACGAQgAA,ChIJocz2DAAhDTkRt8kHncUfxtQ
"Ezulix Software - Gurugram, Delhi NCR",,point_of_interest|establishment,072300 01613,https://ezulix.com/,"Magnum Global Park, 1701A, Sector 58, Gurugram, Haryana 122011, India",4.6,19,OPERATIONAL,https://maps.google.com/?cid=9295660159638680894&g_mp=Cilnb29nbGUubWFwcy5wbGFjZXMudjEuUGxhY2VzLlNlYXJjaE5lYXJieRACGAQgAA,ChIJkydWQT0ZDTkRPrUDKKrRAIE
Ummeed Housing Finance Pvt. Ltd - Headoffice,finance,finance|service|point_of_interest|establishment,080 6986 7583,https://www.ummeedhfc.com/apply_loan,"20th Floor, Magnum Global Park, U. No. 2009-2014, Golf Course Ext Rd, Sector 58, Gurugram, Haryana 122098, India",3.9,55,OPERATIONAL,https://maps.google.com/?cid=9137935914709063477&g_mp=Cilnb29nbGUubWFwcy5wbGFjZXMudjEuUGxhY2VzLlNlYXJjaE5lYXJieRACGAQgAA,ChIJ0VCjUh8jDTkRNZeEsEx40H4
HL ANAND AUTOMOTIVE PARTS PVT LIMITED,association_or_organization,association_or_organization|point_of_interest|establishment,,,"815, Magnum Global Park, Sector 58, Gurugram, Haryana 122098, India",4.5,8,OPERATIONAL,https://maps.google.com/?cid=514252495038996304&g_mp=Cilnb29nbGUubWFwcy5wbGFjZXMudjEuUGxhY2VzLlNlYXJjaE5lYXJieRACGAQgAA,ChIJ0TvuFQAhDTkRUF-oa-v9Igc
BDO India Services Pvt Ltd,accounting,accounting|finance|service|point_of_interest|establishment,0124 408 7954,http://www.bdo.in/en-gb/home,"MAGNUM GLOBAL PARK Floor 21, Archview Drive, Golf Course Ext Rd, Sector 58, Gurugram, Haryana 122098, India",4.3,28,OPERATIONAL,https://maps.google.com/?cid=9335489040085549184&g_mp=Cilnb29nbGUubWFwcy5wbGFjZXMudjEuUGxhY2VzLlNlYXJjaE5lYXJieRACGAQgAA,ChIJc8myW7MYDTkRgADaBtJRjoE
KAY International Pvt. Ltd. (Head Office),corporate_office,corporate_office|point_of_interest|establishment,0124 488 0755,https://kayblowers.com/,"Magnum Global Park, Unit 1606A & 1607A, Golf Course Ext Rd, Sector 58, Gurugram, Haryana 122098, India",5,12,OPERATIONAL,https://maps.google.com/?cid=2498418628841350576&g_mp=Cilnb29nbGUubWFwcy5wbGFjZXMudjEuUGxhY2VzLlNlYXJjaE5lYXJieRACGAQgAA,ChIJ4bMnWtwjDTkRsKVOeIEqrCI
Rupesh Chand ambavta parking,transportation_service,transportation_service|point_of_interest|establishment,099536 08467,,"Rupesh chand ambavta parking, Sector 58, Gurugram, Haryana 122098, India",5,3,OPERATIONAL,https://maps.google.com/?cid=15583467118573747219&g_mp=Cilnb29nbGUubWFwcy5wbGFjZXMudjEuUGxhY2VzLlNlYXJjaE5lYXJieRACGAQgAA,ChIJ6UlaKFchDTkRE3yRk8eYQ9g
Dp tower,corporate_office,corporate_office|point_of_interest|establishment,,,"Sector 58, Gurugram, Haryana 122098, India",,,OPERATIONAL,https://maps.google.com/?cid=10941138568708439422&g_mp=Cilnb29nbGUubWFwcy5wbGFjZXMudjEuUGxhY2VzLlNlYXJjaE5lYXJieRACGAQgAA,ChIJ7yhMXgAhDTkRfj0xQo-71pc
Natraj Modular Office Furniture Workstation,manufacturer,manufacturer|point_of_interest|establishment,098104 18877,https://natrajfurniture.com/workstation.html,"Goodearth, Sector 58, Gurugram, Haryana 122098, India",5,1,OPERATIONAL,https://maps.google.com/?cid=8876282153167725186&g_mp=Cilnb29nbGUubWFwcy5wbGFjZXMudjEuUGxhY2VzLlNlYXJjaE5lYXJieRACGAQgAA,ChIJ5Sr4S8ghDTkRgqKz-ZbjLns
unluclass,corporate_office,corporate_office|point_of_interest|establishment,,,"C475+2GG Good Earth Business Bay, Sector 58, Gurugram, Haryana 122098, India",5,4,OPERATIONAL,https://maps.google.com/?cid=9360731163782975828&g_mp=Cilnb29nbGUubWFwcy5wbGFjZXMudjEuUGxhY2VzLlNlYXJjaE5lYXJieRACGAQgAA,ChIJt5F1qgkhDTkRVJE272X_54E
ISIC India,association_or_organization,non_profit_organization|association_or_organization|point_of_interest|service|establishment,0124 429 2568,https://isic.co.in/,"First floor 103, Good Earth Business Bay II, Sector 58, Gurugram, Haryana 122098, India",4.1,34,OPERATIONAL,https://maps.google.com/?cid=6967474547446096320&g_mp=Cilnb29nbGUubWFwcy5wbGFjZXMudjEuUGxhY2VzLlNlYXJjaE5lYXJieRACGAQgAA,ChIJdbmJCTcZDTkRwKEZhi9xsWA
ORO Cafe,coffee_shop,coffee_shop|food_store|cafe|food|point_of_interest|store|establishment,,http://www.weareoro.in/,"2, Sector 58, Gurugram, Haryana 122098, India",4.5,8,OPERATIONAL,https://maps.google.com/?cid=16101112432821385897&g_mp=Cilnb29nbGUubWFwcy5wbGFjZXMudjEuUGxhY2VzLlNlYXJjaE5lYXJieRACGAQgAA,ChIJWe72EwAhDTkRqbrxRnOkct8
Costa Coffee,food_store,food_store|food|point_of_interest|store|establishment,088007 66526,https://www.costacoffee.in/?utm_medium=locator&utm_source=gmb-listing&utm_campaign=costa_coffee,"Unit No 5, Good Earth Business Bay 2, Sector 58, Gurugram, Haryana 122098, India",4,22,OPERATIONAL,https://maps.google.com/?cid=3813051159235097394&g_mp=Cilnb29nbGUubWFwcy5wbGFjZXMudjEuUGxhY2VzLlNlYXJjaE5lYXJieRACGAQgAA,ChIJU90AxyQhDTkRMnOZsNOt6jQ
"Table Space Good Earth Business Bay - II​ - Enterprise Managed Office Space, Sector 58, Gurugram",coworking_space,coworking_space|point_of_interest|establishment,1800 315 7871,https://tablespace.com/office-space-in-gurugram/sector-58/good-earth-business-bay-ii/,"Floors 3,4, Golf Course Ext Rd, Sector 58, Gurugram, Delhi, Haryana 122011, India",,,OPERATIONAL,https://maps.google.com/?cid=4090965315133725052&g_mp=Cilnb29nbGUubWFwcy5wbGFjZXMudjEuUGxhY2VzLlNlYXJjaE5lYXJieRACGAQgAA,ChIJwzn6Tw4hDTkRfFn9fEcHxjg
Aurum Equity Partners LLP,finance,finance|point_of_interest|establishment,0124 442 4488,http://www.aurumequity.com/,"501, 5th Floor, Good Earth Business Bay II, Sector 58, Gurugram, Haryana 122098, India",4,2,OPERATIONAL,https://maps.google.com/?cid=234479350257338567&g_mp=Cilnb29nbGUubWFwcy5wbGFjZXMudjEuUGxhY2VzLlNlYXJjaE5lYXJieRACGAQgAA,ChIJaxBcYFQfDTkRx8hAC7oJQQM
Clix Capital Services Private Limited,corporate_office,corporate_office|point_of_interest|establishment,,http://www.clix.capital/,"6th Floor, Good Earth Business Bay -2, Sector 58, Gurugram, Haryana 122098, India",2.9,36,OPERATIONAL,https://maps.google.com/?cid=10163349944366999576&g_mp=Cilnb29nbGUubWFwcy5wbGFjZXMudjEuUGxhY2VzLlNlYXJjaE5lYXJieRACGAQgAA,ChIJU8TgGwAhDTkRGCj7Oe14C40
Good Earth Business Bay II,corporate_office,corporate_office|point_of_interest|establishment,085279 07829,https://www.goodearthinfra.in/office/good-earth-business-bay-II,"Ground Floor, Good Earth Business Bay II, Sector 58, Gurugram, Haryana 122098, India",4.8,139,OPERATIONAL,https://maps.google.com/?cid=6698377758201070542&g_mp=Cilnb29nbGUubWFwcy5wbGFjZXMudjEuUGxhY2VzLlNlYXJjaE5lYXJieRACGAQgAA,ChIJcVonDwAhDTkRzsPz4BRr9Vw
Noventiq Services India Pvt Ltd,corporate_office,corporate_office|point_of_interest|establishment,,,"first floor, Good earth business way, 2 108, Sector 58, Gurugram, Haryana 122098, India",5,2,OPERATIONAL,https://maps.google.com/?cid=14391766262814446624&g_mp=Cilnb29nbGUubWFwcy5wbGFjZXMudjEuUGxhY2VzLlNlYXJjaE5lYXJieRACGAQgAA,ChIJeYUGeAAhDTkRIJSBSSrTucc
Onething Design Gurgaon | UI UX Design Company,service,point_of_interest|service|establishment,099581 98311,https://www.onething.design/,"Seventh Floor, Good Earth Business Bay, UNIT NO. 709B, Sector 58, Gurugram, Haryana 122098, India",4.3,20,OPERATIONAL,https://maps.google.com/?cid=1907492441953509934&g_mp=Cilnb29nbGUubWFwcy5wbGFjZXMudjEuUGxhY2VzLlNlYXJjaE5lYXJieRACGAQgAA,ChIJnT1BHMcYDTkRLqJhBkXGeBo
Shakunt Enterprises Pvt. Ltd. Gurgaon,manufacturer,manufacturer|point_of_interest|establishment,,http://www.shakunt.com/,"1st floor, Good Earth Business, 107, Bay II, Baharampur Naya, Sector 58, Gurugram, Ghata, Haryana 122098, India",5,4,OPERATIONAL,https://maps.google.com/?cid=9140403608854058059&g_mp=Cilnb29nbGUubWFwcy5wbGFjZXMudjEuUGxhY2VzLlNlYXJjaE5lYXJieRACGAQgAA,ChIJEZEIQ_cjDTkRS9Rxgac82X4
Lifelong Online,corporate_office,corporate_office|point_of_interest|establishment,097115 58877,https://www.lifelongindiaonline.com/,"C475+39G Good Earth Business Bay II, Sector 58, Gurugram, Haryana 122098, India",4.3,661,OPERATIONAL,https://maps.google.com/?cid=1007028794163485825&g_mp=Cilnb29nbGUubWFwcy5wbGFjZXMudjEuUGxhY2VzLlNlYXJjaE5lYXJieRACGAQgAA,ChIJn354_V4ZDTkRgVy0Ulqv-Q0
Indus Insights And Analytical Services Pvt. Ltd.,consultant,consultant|point_of_interest|service|establishment,,http://www.indusinsights.com/,"10th Floor, C475+39G Good Earth Bay II, Sector 58, Gurugram, Haryana 122098, India",4.3,33,OPERATIONAL,https://maps.google.com/?cid=10368969435700725168&g_mp=Cilnb29nbGUubWFwcy5wbGFjZXMudjEuUGxhY2VzLlNlYXJjaE5lYXJieRACGAQgAA,ChIJA_RIE3QYDTkRsAXTvcP65Y8
Dp smoke zone,coffee_shop,coffee_shop|food_store|cafe|food|point_of_interest|store|establishment,091663 15637,,"C475+39R, Sector 58, Gurugram, Haryana 122098, India",5,3,OPERATIONAL,https://maps.google.com/?cid=4474855243752784609&g_mp=Cilnb29nbGUubWFwcy5wbGFjZXMudjEuUGxhY2VzLlNlYXJjaE5lYXJieRACGAQgAA,ChIJHXu6MgAhDTkR4cItqSLhGT4
OPK e Services Pvt. Ltd,,point_of_interest|service|establishment,075082 06789,http://www.opkeservices.com/,"Unit-408, 4th Floor, Good Earth Business Bay, Sector 58, Gurugram, Haryana 122098, India",3.3,22,OPERATIONAL,https://maps.google.com/?cid=15452594798013516300&g_mp=Cilnb29nbGUubWFwcy5wbGFjZXMudjEuUGxhY2VzLlNlYXJjaE5lYXJieRACGAQgAA,ChIJwVzGkIIhDTkRDAql8RilctY
Zavya,corporate_office,corporate_office|point_of_interest|establishment,,http://zavya.co/,"C465+WG5, Sector 58, Gurugram, Haryana 122098, India",5,1,OPERATIONAL,https://maps.google.com/?cid=5346249334023759667&g_mp=Cilnb29nbGUubWFwcy5wbGFjZXMudjEuUGxhY2VzLlNlYXJjaE5lYXJieRACGAQgAA,ChIJi4aJRAAhDTkRM6cnk3GxMUo
Ace Sure Inspection Services,corporate_office,corporate_office|point_of_interest|establishment,098996 88867,http://www.acesureinspections.com/,"Sector 58, Gurugram, Haryana 122098, India",5,1,OPERATIONAL,https://maps.google.com/?cid=6139744448085953527&g_mp=Cilnb29nbGUubWFwcy5wbGFjZXMudjEuUGxhY2VzLlNlYXJjaE5lYXJieRACGAQgAA,ChIJlZ1xfgAhDTkR9wvXtwvBNFU
Aloha Apartments,apartment_complex,apartment_complex|service|point_of_interest|establishment,,,"C38G+8PH, Golf Course Ext Rd, Sushant Lok III Extension, Sector 57, Gurugram, Haryana 122011, India",4,699,OPERATIONAL,https://maps.google.com/?cid=2414774520469578351&g_mp=Cilnb29nbGUubWFwcy5wbGFjZXMudjEuUGxhY2VzLlNlYXJjaE5lYXJieRACGAQgAA,ChIJQxrcX3IiDTkRb-JA4aEAgyE
Digital International News,,point_of_interest|establishment,098130 39843,https://digitalinternational.in/,"Sector 57, near Aloha Apartment, Tigra, Sector 57, Gurugram, Haryana 122011, India",4.9,94,OPERATIONAL,https://maps.google.com/?cid=11336189148106955301&g_mp=Cilnb29nbGUubWFwcy5wbGFjZXMudjEuUGxhY2VzLlNlYXJjaE5lYXJieRACGAQgAA,ChIJh8Cf2_mYViwRJZqN7_c7Up0
Guru nanak Snacks corner,north_indian_restaurant,north_indian_restaurant|indian_restaurant|restaurant|food|point_of_interest|establishment,093552 93366,,"forth floor, shushantlok face 3, D 63, near Aloha Apartment, Sushant Lok III Extension, Sector 57, Gurugram, Haryana 122011, India",4.6,11,OPERATIONAL,https://maps.google.com/?cid=11448534705508180028&g_mp=Cilnb29nbGUubWFwcy5wbGFjZXMudjEuUGxhY2VzLlNlYXJjaE5lYXJieRACGAQgAA,ChIJtU5AoPQjDTkRPOCLYKhd4Z4
VarshaTaxi,taxi_service,taxi_service|transportation_service|service|point_of_interest|establishment,,,"Varsha Taxi House no. 16, Tigra, Sector 57, Gurugram, Haryana 122011, India",,,OPERATIONAL,https://maps.google.com/?cid=13411850940876203106&g_mp=Cilnb29nbGUubWFwcy5wbGFjZXMudjEuUGxhY2VzLlNlYXJjaE5lYXJieRACGAQgAA,ChIJZasWJC4jDTkRYiRqJ193ILo
Aloha Apartments,apartment_building,apartment_building|service|point_of_interest|establishment,,,"Aloha Apartment Block-A, Sushant Lok III Extension, Sector 57, Gurugram, Haryana 122011, India",,,OPERATIONAL,https://maps.google.com/?cid=5272610373834390650&g_mp=Cilnb29nbGUubWFwcy5wbGFjZXMudjEuUGxhY2VzLlNlYXJjaE5lYXJieRACGAQgAA,ChIJkwCxUQAjDTkRejxwEzMTLEk
Gurgaon home,apartment_building,apartment_building|service|point_of_interest|establishment,,,"Block-C, C245, Sushant Lok III Extension, Sector 57, Gurugram, Haryana 122011, India",,,OPERATIONAL,https://maps.google.com/?cid=14017765994920221920&g_mp=Cilnb29nbGUubWFwcy5wbGFjZXMudjEuUGxhY2VzLlNlYXJjaE5lYXJieRACGAQgAA,ChIJqXZ1BAAjDTkR4BzFL-cbicI
Raju General Store. Taxi service All India,general_store,general_store|food_store|store|food|point_of_interest|establishment,086197 04933,,"Tigra Vlg Rd, behind The Legends, Sushant Lok III Extension, Sector 57, Gurugram, Haryana 122011, India",5,4,OPERATIONAL,https://maps.google.com/?cid=13159307104384350389&g_mp=Cilnb29nbGUubWFwcy5wbGFjZXMudjEuUGxhY2VzLlNlYXJjaE5lYXJieRACGAQgAA,ChIJta7NVbQjDTkRtXgaJxdAn7Y
Two Passengers Xostel,lodging,lodging|point_of_interest|establishment,,https://www.bluepillow.com/search/67a243de905c444f2d0d5dff?dest=ago&cat=Vacation+rental+(other)&lat=28.41613&lng=77.07725&language=en,"Sushant Lok III Extension, Sector 57, Gurugram, Haryana 122011, India",,,OPERATIONAL,https://maps.google.com/?cid=2421209991069130501&g_mp=Cilnb29nbGUubWFwcy5wbGFjZXMudjEuUGxhY2VzLlNlYXJjaE5lYXJieRACGAQgAA,ChIJRQ-cjXIiDTkRBV9NpKjdmSE
Two Passangers Room in Penthouse,lodging,lodging|point_of_interest|establishment,,https://www.bluepillow.com/search/67a243d1905c444f2d0d4592?dest=ago&cat=Vacation+rental+(other)&lat=28.41577&lng=77.07746&language=en,"Sushant Lok III Extension, Sector 57, Gurugram, Haryana 122011, India",,,OPERATIONAL,https://maps.google.com/?cid=18210524666260739955&g_mp=Cilnb29nbGUubWFwcy5wbGFjZXMudjEuUGxhY2VzLlNlYXJjaE5lYXJieRACGAQgAA,ChIJN5tQkHIiDTkRc9f1UbPHuPw
"D-102, D-Block, Sushant Lok 3",apartment_building,apartment_building|service|point_of_interest|establishment,,,"D-102, near Aloha Apartment, Sushant Lok III Extension, Sector 57, Gurugram, Haryana 122011, India",5,1,OPERATIONAL,https://maps.google.com/?cid=1273017746178626502&g_mp=Cilnb29nbGUubWFwcy5wbGFjZXMudjEuUGxhY2VzLlNlYXJjaE5lYXJieRACGAQgAA,ChIJ_f3FTAAjDTkRxtO-OeWqqhE
Police House D 99,association_or_organization,service|association_or_organization|point_of_interest|establishment,,,"D99, Sushant Lok III Extension, Sector 57, Gurugram, Haryana 122011, India",5,3,OPERATIONAL,https://maps.google.com/?cid=3924138201344444336&g_mp=Cilnb29nbGUubWFwcy5wbGFjZXMudjEuUGxhY2VzLlNlYXJjaE5lYXJieRACGAQgAA,ChIJPa7v0W8jDTkRsAetNOdWdTY
Rao’s residency,service,service|point_of_interest|establishment,,,"1594, Sector 57, Sushant Lok III Extension, Sector 57, Gurugram, Haryana 122011, India",,,OPERATIONAL,https://maps.google.com/?cid=355807290193367249&g_mp=Cilnb29nbGUubWFwcy5wbGFjZXMudjEuUGxhY2VzLlNlYXJjaE5lYXJieRACGAQgAA,ChIJ3af5DAAjDTkR0VB4ZNgU8AQ
Pinky Goswami,medical_clinic,medical_clinic|health|service|point_of_interest|establishment,095604 63949,https://1wellnessclinic.com/,"748AP, Golf Course Ext Rd, near Aloha Apartments, Sushant Lok III, Sector 57, Gurugram, Haryana 122102, India",4.7,98,OPERATIONAL,https://maps.google.com/?cid=17759397154378452016&g_mp=Cilnb29nbGUubWFwcy5wbGFjZXMudjEuUGxhY2VzLlNlYXJjaE5lYXJieRACGAQgAA,ChIJH04dUS8jDTkRMIzPW54NdvY
Hair Patch service,medical_clinic,hair_care|medical_clinic|health|point_of_interest|establishment,092202 82820,,"Sector 57, Sushant Lok 2, Sector 57, Gurugram, Haryana 122011, India",5,1,OPERATIONAL,https://maps.google.com/?cid=11303982993622682500&g_mp=Cilnb29nbGUubWFwcy5wbGFjZXMudjEuUGxhY2VzLlNlYXJjaE5lYXJieRACGAQgAA,ChIJjUtX6REjDTkRhMvvQaTQ35w
Shiv physiotherapy & spine clinic,physiotherapist,physiotherapist|health|point_of_interest|establishment,086300 27801,,"Gf-391, sec 57, Sushant Lok III Extension, Sector 57, Gurugram, Haryana 122011, India",,,OPERATIONAL,https://maps.google.com/?cid=14290332888512724221&g_mp=Cilnb29nbGUubWFwcy5wbGFjZXMudjEuUGxhY2VzLlNlYXJjaE5lYXJieRACGAQgAA,ChIJ37mmDfojDTkR_fzhdQx2UcY
AB Home D-93,apartment_building,apartment_building|service|point_of_interest|establishment,,,"D- 97 , First Floor, Sushant Lok III Extension, Sector 57, Gurugram, Haryana 122011, India",,,OPERATIONAL,https://maps.google.com/?cid=15582271185461097413&g_mp=Cilnb29nbGUubWFwcy5wbGFjZXMudjEuUGxhY2VzLlNlYXJjaE5lYXJieRACGAQgAA,ChIJaRk8KDojDTkRxbM2sxVZP9g
Roy's Bari,apartment_building,apartment_building|service|point_of_interest|establishment,,,"d 128, Sushant Lok Phase 3, Sector 57, Block A, Sushant Lok III, Sector 57, Gurugram, Haryana 122011, India",5,1,OPERATIONAL,https://maps.google.com/?cid=3834385581458582950&g_mp=Cilnb29nbGUubWFwcy5wbGFjZXMudjEuUGxhY2VzLlNlYXJjaE5lYXJieRACGAQgAA,ChIJe4RUUAAjDTkRpu238l55NjU
Dr. Usha tanwar,hospital,hospital|health|service|point_of_interest|establishment,,,"Block-B, B76 B, Sushant Lok III Extension, Sector 57, Gurugram, Haryana 122011, India",5,1,OPERATIONAL,https://maps.google.com/?cid=425532945713127562&g_mp=Cilnb29nbGUubWFwcy5wbGFjZXMudjEuUGxhY2VzLlNlYXJjaE5lYXJieRACGAQgAA,ChIJ6W2SQiojDTkRiuB0pfXL5wU
Farman Ali Pasha,doctor,doctor|health|point_of_interest|establishment,092500 22036,,"Sushant Lok III Extension, Pasha Clinic, Shop No. 4, Brahma Fouji Market, Village, Tigra, Sector 57, Gurugram, Haryana 122011, India",,,OPERATIONAL,https://maps.google.com/?cid=10602088202529248314&g_mp=Cilnb29nbGUubWFwcy5wbGFjZXMudjEuUGxhY2VzLlNlYXJjaE5lYXJieRACGAQgAA,ChIJewAAW3IiDTkROpQdRQwvIpM
D96,association_or_organization,service|association_or_organization|point_of_interest|establishment,,,"D-96, Sushant Lok III Extension, Sector 57, Gurugram, Haryana 122011, India",1,1,OPERATIONAL,https://maps.google.com/?cid=1274610564995923601&g_mp=Cilnb29nbGUubWFwcy5wbGFjZXMudjEuUGxhY2VzLlNlYXJjaE5lYXJieRACGAQgAA,ChIJFURmCWAjDTkRkb6KQY5TsBE
Vijay,bar,bar|point_of_interest|establishment,,,"A 95, Block A, Sushant Lok III, Sector 57, Gurugram, Haryana 122011, India",5,1,CLOSED_TEMPORARILY,https://maps.google.com/?cid=17073563853712372473&g_mp=Cilnb29nbGUubWFwcy5wbGFjZXMudjEuUGxhY2VzLlNlYXJjaE5lYXJieRACGAQgAA,ChIJr7HpXj0jDTkR-bJ5ht178ew
Golok dham sector 57,housing_complex,housing_complex|service|point_of_interest|establishment,,,"C38H+9XR, Sector 57, Block C, Sushant Lok III, Sector 57, Gurugram, Haryana 122011, India",5,1,OPERATIONAL,https://maps.google.com/?cid=8529732166646786811&g_mp=Cilnb29nbGUubWFwcy5wbGFjZXMudjEuUGxhY2VzLlNlYXJjaE5lYXJieRACGAQgAA,ChIJyaEYawAjDTkR-2o0jjayX3Y
OYO 78957 Collection O Honkong Bazaar,hotel,hotel|guest_house|inn|cottage|motel|lodging|service|point_of_interest|establishment,0124 620 1166,https://www.oyorooms.com/110319/,"G-15, Hong Kong Bazaar Rd, Block A, Sushant Lok III, Sector 57, Gurugram, Haryana 122011, India",4,6,OPERATIONAL,https://maps.google.com/?cid=11655425728480387548&g_mp=Cilnb29nbGUubWFwcy5wbGFjZXMudjEuUGxhY2VzLlNlYXJjaE5lYXJieRACGAQgAA,ChIJj_n-W7sYDTkR3KEFbPJjwKE
Thoughtsum Classes,educational_institution,educational_institution|point_of_interest|establishment,096500 10533,,"110/A, Block A, Sushant Lok III, Sector 57, Gurugram, Haryana 122011, India",5,86,CLOSED_TEMPORARILY,https://maps.google.com/?cid=15064080579254954121&g_mp=Cilnb29nbGUubWFwcy5wbGFjZXMudjEuUGxhY2VzLlNlYXJjaE5lYXJieRACGAQgAA,ChIJmRqFoTQjDTkRiShaUnldDtE
A93,apartment_building,apartment_building|service|point_of_interest|establishment,,,"A-93, Block A, Sushant Lok III, Sector 57, Gurugram, Haryana 122003, India",,,OPERATIONAL,https://maps.google.com/?cid=6570676755311102262&g_mp=Cilnb29nbGUubWFwcy5wbGFjZXMudjEuUGxhY2VzLlNlYXJjaE5lYXJieRACGAQgAA,ChIJx9fYcQAjDTkRNgk8LrK7L1s
Shinigami’s Haven,apartment_building,apartment_building|service|point_of_interest|establishment,,,"A-93, Block A, Sushant Lok III, Sector 57, Gurugram, Haryana 122011, India",,,OPERATIONAL,https://maps.google.com/?cid=4441633100708313888&g_mp=Cilnb29nbGUubWFwcy5wbGFjZXMudjEuUGxhY2VzLlNlYXJjaE5lYXJieRACGAQgAA,ChIJV-1xaAAjDTkRIPtVtsXZoz0
Mittal’s house,apartment_building,apartment_building|service|point_of_interest|establishment,,,"A89, Block A, Sushant Lok III, Sector 57, Gurugram, Haryana 122011, India",,,OPERATIONAL,https://maps.google.com/?cid=5555046142543943082&g_mp=Cilnb29nbGUubWFwcy5wbGFjZXMudjEuUGxhY2VzLlNlYXJjaE5lYXJieRACGAQgAA,ChIJL4IIHgAjDTkRqlU85Qh9F00
Deepak home new,apartment_building,apartment_building|service|point_of_interest|establishment,,,"C38H+FRP, Block A, Sushant Lok III, Sector 57, Gurugram, Haryana 122011, India",,,OPERATIONAL,https://maps.google.com/?cid=10026067295098856518&g_mp=Cilnb29nbGUubWFwcy5wbGFjZXMudjEuUGxhY2VzLlNlYXJjaE5lYXJieRACGAQgAA,ChIJe0kjZQAjDTkRRmSHohW_I4s
A-91,apartment_building,apartment_building|service|point_of_interest|establishment,,,"Harmony Homes A-Block, A-91, Block A, Sushant Lok III, Sector 57, Gurugram, Haryana 122011, India",,,OPERATIONAL,https://maps.google.com/?cid=3711186181305516864&g_mp=Cilnb29nbGUubWFwcy5wbGFjZXMudjEuUGxhY2VzLlNlYXJjaE5lYXJieRACGAQgAA,ChIJFTGRRAAjDTkRQMMNUCvIgDM
ARIIST GCRE,apartment_building,apartment_building|service|point_of_interest|establishment,,,"C38H+6WQ, Block A, Sushant Lok III, Sector 57, Gurugram, Haryana 122011, India",5,2,OPERATIONAL,https://maps.google.com/?cid=10955745345523425873&g_mp=Cilnb29nbGUubWFwcy5wbGFjZXMudjEuUGxhY2VzLlNlYXJjaE5lYXJieRACGAQgAA,ChIJA6QXTwAjDTkRUSKQgVigCpg
SoundTrails - HiFi Audio Video Solutions | Home Theatre Solutions,electronics_store,home_goods_store|consultant|electronics_store|store|service|point_of_interest|establishment,095600 30646,https://www.soundtrails.in/,"A92, Lower, Ground Floor A Block, Off, Golf Course Ext Rd, Block A, Sushant Lok III Extension, Sector 57, Gurugram, Haryana 122011, India",4.8,149,OPERATIONAL,https://maps.google.com/?cid=6452655082515276328&g_mp=Cilnb29nbGUubWFwcy5wbGFjZXMudjEuUGxhY2VzLlNlYXJjaE5lYXJieRACGAQgAA,ChIJO-bjeEojDTkRKCJxI5xvjFk
"Sanjeevani Homes A-106, S L 3",apartment_building,apartment_building|service|point_of_interest|establishment,,,"A-106, Sushant Lok Phase 3, Sushant Lok III, Sector 57, Gurugram, Haryana 122011, India",,,OPERATIONAL,https://maps.google.com/?cid=3700796640446327144&g_mp=Cilnb29nbGUubWFwcy5wbGFjZXMudjEuUGxhY2VzLlNlYXJjaE5lYXJieRACGAQgAA,ChIJFcbOrbojDTkRaCnD0-_eWzM
OYO 35999 Jai Palace,hotel,hotel|guest_house|inn|cottage|motel|lodging|service|point_of_interest|establishment,0124 620 1166,https://www.oyorooms.com/54256/,"3, Block A, Sushant Lok III, Sector 57, Gurugram, Haryana 122011, India",4,47,OPERATIONAL,https://maps.google.com/?cid=18045168107168793405&g_mp=Cilnb29nbGUubWFwcy5wbGFjZXMudjEuUGxhY2VzLlNlYXJjaE5lYXJieRACGAQgAA,ChIJq8HV8jojDTkRPQMBPMlQbfo
Arista Apartments,apartment_building,apartment_building|service|point_of_interest|establishment,,,"Plot 92, Block A, Sushant Lok III Extension, Sector 57, Gurugram, Haryana 122011, India",5,4,OPERATIONAL,https://maps.google.com/?cid=7774978359519685565&g_mp=Cilnb29nbGUubWFwcy5wbGFjZXMudjEuUGxhY2VzLlNlYXJjaE5lYXJieRACGAQgAA,ChIJZewRJOgjDTkRvSuF159F5ms
TPL GUEST HOUSE,guest_house,guest_house|lodging|point_of_interest|establishment,,,"Block A Tulip Garden SL-III Sector 57 Gurgaon Sushant Lok Phase 3, Block A, Sushant Lok III, Sector 57, Gurugram, Haryana 122011, India",3.7,31,OPERATIONAL,https://maps.google.com/?cid=12232079551931568152&g_mp=Cilnb29nbGUubWFwcy5wbGFjZXMudjEuUGxhY2VzLlNlYXJjaE5lYXJieRACGAQgAA,ChIJv1wzSw0iDTkRGFAzTYsTwak
Mugdha,private_guest_room,private_guest_room|lodging|point_of_interest|establishment,,,"A-003, Block A, Sushant Lok III, Sector 57, Gurugram, Haryana 122011, India",4.2,5,OPERATIONAL,https://maps.google.com/?cid=3403024703572418210&g_mp=Cilnb29nbGUubWFwcy5wbGFjZXMudjEuUGxhY2VzLlNlYXJjaE5lYXJieRACGAQgAA,ChIJy8F5UbcjDTkRoh5QGvD4OS8
A-100 Sector 57,housing_complex,housing_complex|service|point_of_interest|establishment,,,"A-100, Sector 57, Sushant Lok Phase 3, Sushant Lok III, Sector 57, Gurugram, Haryana 122011, India",4.3,3,OPERATIONAL,https://maps.google.com/?cid=17470846425329715823&g_mp=Cilnb29nbGUubWFwcy5wbGFjZXMudjEuUGxhY2VzLlNlYXJjaE5lYXJieRACGAQgAA,ChIJGXUtFRkjDTkRb0ouY0LqdPI
Rajesh House,apartment_building,apartment_building|service|point_of_interest|establishment,,,"Aloha Apartment Block-A, A-101, Block A, Sushant Lok III Extension, Sector 57, Gurugram, Haryana 122011, India",,,OPERATIONAL,https://maps.google.com/?cid=8407921212928895971&g_mp=Cilnb29nbGUubWFwcy5wbGFjZXMudjEuUGxhY2VzLlNlYXJjaE5lYXJieRACGAQgAA,ChIJ_WvJrBEjDTkR4ysZzMvvrnQ
Advocate Akshat Joon,apartment_building,apartment_building|service|point_of_interest|establishment,,,"C38J+J4Q Tikona Park, A Block, Block A, Sushant Lok III, Sector 57, Gurugram, Haryana 122011, India",5,4,OPERATIONAL,https://maps.google.com/?cid=4724502167180048905&g_mp=Cilnb29nbGUubWFwcy5wbGFjZXMudjEuUGxhY2VzLlNlYXJjaE5lYXJieRACGAQgAA,ChIJF4VK69ojDTkRCXpUh7DNkEE
ICICI Bank Branch- Gurgaon- The Vensej Mall,bank,bank|finance|point_of_interest|establishment,1800 1080,https://www.icici.bank.in/branch/haryana/gurgaon/icic0005973,"Shop G03 F01&02 The Vensej MallPlot, Block A, Sushant Lok III, Sector 57, Gurugram, Haryana 122003, India",3.7,3,OPERATIONAL,https://maps.google.com/?cid=1174273828584163152&g_mp=Cilnb29nbGUubWFwcy5wbGFjZXMudjEuUGxhY2VzLlNlYXJjaE5lYXJieRACGAQgAA,ChIJB2EUi7kjDTkRUAfMVdPbSxA
"2725, A - Block",apartment_building,apartment_building|point_of_interest|service|establishment,,,"2725, Block E, near Rajdhani Real Estate, Block A, Sushant Lok III, Sector 57, Gurugram, Haryana 122011, India",5,1,OPERATIONAL,https://maps.google.com/?cid=17012094698680397301&g_mp=Cilnb29nbGUubWFwcy5wbGFjZXMudjEuUGxhY2VzLlNlYXJjaE5lYXJieRACGAQgAA,ChIJdb-EFUgjDTkR9a0mmP4ZF-w
Rajdhani Real Estate,real_estate_agency,real_estate_agency|point_of_interest|service|establishment,093111 53678,,"2734-SP, Golf Course Ext Rd, Block A, Sushant Lok III, Sector 57, Gurugram, Haryana 122011, India",4.3,75,OPERATIONAL,https://maps.google.com/?cid=7301901486460116806&g_mp=Cilnb29nbGUubWFwcy5wbGFjZXMudjEuUGxhY2VzLlNlYXJjaE5lYXJieRACGAQgAA,ChIJw2kpiQ0iDTkRRh9a_baQVWU
BRAHMA ESTATE,general_contractor,point_of_interest|general_contractor|service|establishment,098993 64179,https://www.instagram.com/brahma_estate?igsh=MWdmNGZqem5tOW9qaw==,"2733-SP, Golf Course Ext Rd, Block A, Sushant Lok III, Sector 57, Gurugram, Haryana 122011, India",5,4,OPERATIONAL,https://maps.google.com/?cid=8962267225889666055&g_mp=Cilnb29nbGUubWFwcy5wbGFjZXMudjEuUGxhY2VzLlNlYXJjaE5lYXJieRACGAQgAA,ChIJD1J3Z6YjDTkRB3RHzY5eYHw
Homesleea Properties,real_estate_agency,real_estate_agency|point_of_interest|service|establishment,099535 69452,,"2733-SP, Golf Course Ext Rd, Block A, Sushant Lok III, Sector 57, Gurugram, Haryana 122011, India",4.9,28,OPERATIONAL,https://maps.google.com/?cid=12195069929779456947&g_mp=Cilnb29nbGUubWFwcy5wbGFjZXMudjEuUGxhY2VzLlNlYXJjaE5lYXJieRACGAQgAA,ChIJBeilEddRww4Rs2uNJ32XPak
Bhavna Infrastructure Pvt Ltd,corporate_office,corporate_office|point_of_interest|establishment,090505 75435,,"2nd Floor, 2734-SP, Sushant Lok III, SHUSHANT LOK,2 EXT., Golf Course Ext Rd, Block F, Sushant Lok 2, Sector 57, Gurugram, Haryana 122011, India",1,1,OPERATIONAL,https://maps.google.com/?cid=6865824635554847218&g_mp=Cilnb29nbGUubWFwcy5wbGFjZXMudjEuUGxhY2VzLlNlYXJjaE5lYXJieRACGAQgAA,ChIJfwnSjg0iDTkR8llfHCFPSF8
Gaur Villa,association_or_organization,association_or_organization|point_of_interest|service|establishment,,,"SHUSHANT LOK,2 EXT, Golf Course Ext Rd, Block F, Sushant Lok III, Sector 57, Gurugram, Haryana 122011, India",4.4,11,OPERATIONAL,https://maps.google.com/?cid=1601886864351889288&g_mp=Cilnb29nbGUubWFwcy5wbGFjZXMudjEuUGxhY2VzLlNlYXJjaE5lYXJieRACGAQgAA,ChIJ9Qbdjw0iDTkRiAcPsJ0LOxY
Satvik Eye Care By Dr Deepa Gupta – Best Eye Specialist in Gurgaon | Cataract | LASIK & Cornea Specialist Gurgaon,doctor,doctor|health|point_of_interest|service|establishment,098995 02110,https://satvikeyecare.com/,"Plot Number 2732, Golf Course Ext Rd, Block A, Sushant Lok III, Sector 57, Gurugram, Haryana 122011, India",4.9,163,OPERATIONAL,https://maps.google.com/?cid=18229032732279746282&g_mp=Cilnb29nbGUubWFwcy5wbGFjZXMudjEuUGxhY2VzLlNlYXJjaE5lYXJieRACGAQgAA,ChIJoaibRUYZDTkR6q6APrCI-vw
Blooming words Child development Center,health,health|point_of_interest|establishment,098117 46418,https://bloomingwords.in/,"Basement, Plot no - 2732, near Bikaner wala, Block A, Sushant Lok III, Sector 57, Gurugram, Haryana 122011, India",5,8,OPERATIONAL,https://maps.google.com/?cid=17025270723777701832&g_mp=Cilnb29nbGUubWFwcy5wbGFjZXMudjEuUGxhY2VzLlNlYXJjaE5lYXJieRACGAQgAA,ChIJTQHG6BkjDTkRyKeg_4TpRew
DEV HORSE RIDING STABLES,sports_school,stable|pet_boarding_service|pet_care|sports_coaching|sports_school|sports_activity_location|point_of_interest|service|establishment,078784 81313,http://devhorseridingstables.com/,"Golf Course Ext Rd, behind Nisha Nursery, Block A, Sushant Lok III, Sector 57, Gurugram, Haryana 122003, India",4.9,177,OPERATIONAL,https://maps.google.com/?cid=1667207831725886918&g_mp=Cilnb29nbGUubWFwcy5wbGFjZXMudjEuUGxhY2VzLlNlYXJjaE5lYXJieRACGAQgAA,ChIJV6EUeyAjDTkRxk3FkLAcIxc
OYO 19911 Exotic Stay,hotel,hotel|cottage|motel|inn|guest_house|lodging|point_of_interest|service|establishment,0124 620 1166,https://www.oyorooms.com/43177/,"2731-A 2731-A, 3rd Floor Sector 57 behind Rajdhani real state office, Block A, Sushant Lok III, Sector 57, Gurugram, Haryana 122011, India",,,OPERATIONAL,https://maps.google.com/?cid=15099601765095408584&g_mp=Cilnb29nbGUubWFwcy5wbGFjZXMudjEuUGxhY2VzLlNlYXJjaE5lYXJieRACGAQgAA,ChIJM3ijKzwjDTkRyINf4s2PjNE
NEUROT Centre,service,health|point_of_interest|service|establishment,098733 39895,https://neurotcentre.com/,"Basement, Plot No 2732, Golf Course Ext Rd, Block A, Sushant Lok III, Sector 57, Gurugram, Haryana 122011, India",4.8,6,OPERATIONAL,https://maps.google.com/?cid=1909703385068119194&g_mp=Cilnb29nbGUubWFwcy5wbGFjZXMudjEuUGxhY2VzLlNlYXJjaE5lYXJieRACGAQgAA,ChIJ3aWIWAIjDTkRmqRYVRyhgBo
Hotel O Rainbow Hotels,hotel,hotel|lodging|point_of_interest|establishment,0124 433 0575,https://www.oyorooms.com/300410/,"Plot No 2731, Golf Course Ext Rd, behind Rajdhani Real Estate, near New Bikanerwala, Block A, Lok III, Sector 57, Gurugram, Haryana 122011, India",3,2,OPERATIONAL,https://maps.google.com/?cid=11177201528117566858&g_mp=Cilnb29nbGUubWFwcy5wbGFjZXMudjEuUGxhY2VzLlNlYXJjaE5lYXJieRACGAQgAA,ChIJWel_CqkjDTkRip1mCpJlHZs
Heart and Soul Organics Pvt Ltd,store,point_of_interest|store|establishment,,https://heartandsoul.in/,"2731-JP, Golf Course Ext Rd, Block A, Sushant Lok III, Sector 57, Gurugram, Haryana 122011, India",4.9,28,CLOSED_TEMPORARILY,https://maps.google.com/?cid=11344129525900575520&g_mp=Cilnb29nbGUubWFwcy5wbGFjZXMudjEuUGxhY2VzLlNlYXJjaE5lYXJieRACGAQgAA,ChIJ5Sl8IpQjDTkRIANTNbNxbp0
Lime Tree Three BHK Serviced Apartment Near Artemis Hospital - Three-Bedroom Apartment,lodging,lodging|point_of_interest|establishment,,https://www.bluepillow.com/search/6335f1e3314064d8ba35121e?dest=bkng&cat=House&lat=28.41594&lng=77.08369&language=en,"Block A, Sushant Lok III, Sector 57, Gurugram, Haryana 122011, India",,,OPERATIONAL,https://maps.google.com/?cid=17313576373341791171&g_mp=Cilnb29nbGUubWFwcy5wbGFjZXMudjEuUGxhY2VzLlNlYXJjaE5lYXJieRACGAQgAA,ChIJaX-WjA0iDTkRwyOi9PotRvA
Elite Property,real_estate_agency,real_estate_agency|point_of_interest|service|establishment,098117 46857,,"Plot no. 2731-IP, Golf Course Ext Rd, Block A, Sushant Lok III, Sector 57, Gurugram, Haryana 122011, India",3.6,7,OPERATIONAL,https://maps.google.com/?cid=16640796016463450500&g_mp=Cilnb29nbGUubWFwcy5wbGFjZXMudjEuUGxhY2VzLlNlYXJjaE5lYXJieRACGAQgAA,ChIJPfBM8w0iDTkRhBEKbc_77-Y
Rajdhani Real Estate Park,park,park|point_of_interest|establishment,,,"2734-SP, Golf Course Extention Road, Block A, Sushant Lok III, Sector 57, Gurugram, Haryana 122011, India",4.4,7,OPERATIONAL,https://maps.google.com/?cid=11183313321411684471&g_mp=Cilnb29nbGUubWFwcy5wbGFjZXMudjEuUGxhY2VzLlNlYXJjaE5lYXJieRACGAQgAA,ChIJP60XsDYjDTkRdyijzjYcM5s
India Future Foundation,non_profit_organization,non_profit_organization|association_or_organization|point_of_interest|establishment,0124 404 5954,https://www.indiafuturefoundation.com/,"BSMT, Building No, EP 2731, Golf Course Ext Rd, Block A, Sushant Lok III, Sector 57, Gurugram, Haryana 122003, India",4.7,15,OPERATIONAL,https://maps.google.com/?cid=7313291263213425390&g_mp=Cilnb29nbGUubWFwcy5wbGFjZXMudjEuUGxhY2VzLlNlYXJjaE5lYXJieRACGAQgAA,ChIJ9XZqd2cjDTkR7tLNCqgHfmU
Mahindra First Choice Click for Cars,corporate_office,corporate_office|point_of_interest|establishment,,,"2731 IP, Golf Course Ext Rd, Block A, Sushant Lok III, Sector 57, Gurugram, Haryana 122011, India",1,1,OPERATIONAL,https://maps.google.com/?cid=4437852471256268464&g_mp=Cilnb29nbGUubWFwcy5wbGFjZXMudjEuUGxhY2VzLlNlYXJjaE5lYXJieRACGAQgAA,ChIJK1FB2mcjDTkRsL7RUk9rlj0
Science Of Vision Satvik,manufacturer,manufacturer|point_of_interest|establishment,070118 98113,https://www.scienceofvision.com/,"2732 P, Golf Course Ext Rd, near Bikanerwala, Block A, Sushant Lok III, Sector 57, Gurugram, Haryana 122003, India",,,OPERATIONAL,https://maps.google.com/?cid=6686677184650750545&g_mp=Cilnb29nbGUubWFwcy5wbGFjZXMudjEuUGxhY2VzLlNlYXJjaE5lYXJieRACGAQgAA,ChIJU0jftS0jDTkRUSrRznjZy1w
Lime Tree Hotel Golf Course Ext. Gurgaon,hotel,hotel|lodging|point_of_interest|establishment,074790 00111,https://www.limetreehotels.com/hotels-in-golf-course-extension-road-gurgaon/,"Plot No- 2731, near Bikaner Wala, Block A, Sushant Lok III, Sector 57, Gurugram, Haryana 122011, India",4.7,335,OPERATIONAL,https://maps.google.com/?cid=4259804744047776342&g_mp=Cilnb29nbGUubWFwcy5wbGFjZXMudjEuUGxhY2VzLlNlYXJjaE5lYXJieRACGAQgAA,ChIJRRr_gFYjDTkRVtJ9ZdjdHTs
Dr. Harnarayan Singh-,doctor,doctor|health|point_of_interest|establishment,,http://www.neurosurgerypro.com/,"C38P+99J, Golf Course Ext Rd, Block F, Sushant Lok III, Sector 57, Gurugram, Haryana 122011, India",3.7,3,CLOSED_TEMPORARILY,https://maps.google.com/?cid=847335695628977728&g_mp=Cilnb29nbGUubWFwcy5wbGFjZXMudjEuUGxhY2VzLlNlYXJjaE5lYXJieRACGAQgAA,ChIJY8I7Aw4iDTkRQEZ5Z1NXwgs
Kritika Nursery,wholesaler,wholesaler|point_of_interest|establishment,,,"Golf Course Ext Rd, Sector 62, Gurugram, Haryana 122011, India",4.7,3,CLOSED_TEMPORARILY,https://maps.google.com/?cid=12457806455202649526&g_mp=Cilnb29nbGUubWFwcy5wbGFjZXMudjEuUGxhY2VzLlNlYXJjaE5lYXJieRACGAQgAA,ChIJBTXFVyYjDTkRthXsevcE46w
Craftville,furniture_store,furniture_store|home_improvement_store|home_goods_store|store|point_of_interest|establishment,083683 36871,,"Near Pioneer square, Golf Course Ext Rd, Sector 62, Gurugram, Haryana 122098, India",4.9,15,OPERATIONAL,https://maps.google.com/?cid=16613714056894322965&g_mp=Cilnb29nbGUubWFwcy5wbGFjZXMudjEuUGxhY2VzLlNlYXJjaE5lYXJieRACGAQgAA,ChIJCSrtkswjDTkRFZkZWenEj-Y
Tribuz Interiors Gurgaon | Best Interior Designers in Gurgaon - Interior Designer In Gurgaon,general_contractor,general_contractor|service|point_of_interest|establishment,088008 06748,http://www.tribuz.in/,"Ground Floor 394 Block F Sushant Lok-2 Extension Sector 57 southern peripheral road, Golf Course Ext Rd, Block F, Sushant Lok 2, Sector 57, Gurugram, Haryana 122011, India",4,77,OPERATIONAL,https://maps.google.com/?cid=1616948252458138544&g_mp=Cilnb29nbGUubWFwcy5wbGFjZXMudjEuUGxhY2VzLlNlYXJjaE5lYXJieRACGAQgAA,ChIJ166a_w4iDTkRsLv0X96NcBY
Vision Tower Sector-62,bus_stop,bus_stop|transit_stop|transit_station|transportation_service|point_of_interest|establishment,,,"Block F, Sushant Lok 2, Sector 57, Gurugram, Haryana 122011, India",4,1,OPERATIONAL,https://maps.google.com/?cid=12244348673798511798&g_mp=Cilnb29nbGUubWFwcy5wbGFjZXMudjEuUGxhY2VzLlNlYXJjaE5lYXJieRACGAQgAA,ChIJw6DdGA4iDTkRthzJ1z6q7Kk
Susara Designs,general_contractor,general_contractor|service|point_of_interest|establishment,,https://www.susara.in/,"Ground Floor 394 Block F Sushant Lok-2 Extension Sector 57 southern peripheral road, Golf Course Ext Rd, Block F, Sushant Lok 2, Sector 57, Gurugram, Haryana 122011, India",,,CLOSED_TEMPORARILY,https://maps.google.com/?cid=7539083436907531685&g_mp=Cilnb29nbGUubWFwcy5wbGFjZXMudjEuUGxhY2VzLlNlYXJjaE5lYXJieRACGAQgAA,ChIJ35awpNAjDTkRpY3nLHE0oGg
SetRite Realtors,real_estate_agency,real_estate_agency|service|point_of_interest|establishment,0124 498 7585,http://www.setriterealtors.com/,"F-404, Golf Course Ext Rd, Sushant Lok-II, Block F, Sushant Lok 2, Sector 57, Gurugram, Haryana 122011, India",5,5,CLOSED_TEMPORARILY,https://maps.google.com/?cid=4766634914192318498&g_mp=Cilnb29nbGUubWFwcy5wbGFjZXMudjEuUGxhY2VzLlNlYXJjaE5lYXJieRACGAQgAA,ChIJzdcLr7EjDTkRImBoIjN9JkI
Vision Tower Sector-62,bus_stop,bus_stop|transit_stop|transit_station|transportation_service|point_of_interest|establishment,,,"Sector 62, Gurugram, Haryana 122011, India",,,OPERATIONAL,https://maps.google.com/?cid=8395254895420788891&g_mp=Cilnb29nbGUubWFwcy5wbGFjZXMudjEuUGxhY2VzLlNlYXJjaE5lYXJieRACGAQgAA,ChIJyYKS_REiDTkRm1Bq8NjvgXQ
Brick & Lens Studio,corporate_office,corporate_office|point_of_interest|establishment,,,"390, Rd to F Block, Sushant Lok-II, Block F, Sushant Lok 2, Sector 57, Gurugram, Haryana 122011, India",,,OPERATIONAL,https://maps.google.com/?cid=4428566103071038388&g_mp=Cilnb29nbGUubWFwcy5wbGFjZXMudjEuUGxhY2VzLlNlYXJjaE5lYXJieRACGAQgAA,ChIJe4qifAAjDTkRtJviPWhtdT0
The Exactitude,,point_of_interest|establishment,,,"394, Sushant Lok, Block F, Sushant Lok 2, Sector 57, Gurugram, Haryana 122011, India",4,1,CLOSED_TEMPORARILY,https://maps.google.com/?cid=2050461982802726355&g_mp=Cilnb29nbGUubWFwcy5wbGFjZXMudjEuUGxhY2VzLlNlYXJjaE5lYXJieRACGAQgAA,ChIJZ0oyNgAjDTkR001mPk-0dBw
Gurugaon Nursery,store,store|point_of_interest|establishment,,,"C38P+9XR, Sector 62, Gurugram, Haryana 122098, India",,,CLOSED_TEMPORARILY,https://maps.google.com/?cid=4241825819421673781&g_mp=Cilnb29nbGUubWFwcy5wbGFjZXMudjEuUGxhY2VzLlNlYXJjaE5lYXJieRACGAQgAA,ChIJj6szDwAjDTkRNYm1zRv-3To
Rovenlabs,service,service|point_of_interest|establishment,,https://rovenlabs.com/,"F390, Block F, Sushant Lok 2, Sector 57, Gurugram, Haryana 122005, India",,,OPERATIONAL,https://maps.google.com/?cid=2436139184277964008&g_mp=Cilnb29nbGUubWFwcy5wbGFjZXMudjEuUGxhY2VzLlNlYXJjaE5lYXJieRACGAQgAA,ChIJ29Ek8EAjDTkR6ERMTq7nziE
Janiya Magic,service,service|point_of_interest|establishment,093137 45515,,"400, Sushant Lok, G block, Sushant Lok 2, Sector 57, Gurugram, Haryana 122011, India",5,2,OPERATIONAL,https://maps.google.com/?cid=18311142864917174911&g_mp=Cilnb29nbGUubWFwcy5wbGFjZXMudjEuUGxhY2VzLlNlYXJjaE5lYXJieRACGAQgAA,ChIJB1T3kFgjDTkRfxrRRms_Hv4
Blinkit Ambulance Sec 62 Depot,association_or_organization,association_or_organization|point_of_interest|establishment,,,"F402, Block F, Sushant Lok III, Sector 57, Gurugram, Ghata, Haryana 122011, India",5,2,OPERATIONAL,https://maps.google.com/?cid=11499956641006645846&g_mp=Cilnb29nbGUubWFwcy5wbGFjZXMudjEuUGxhY2VzLlNlYXJjaE5lYXJieRACGAQgAA,ChIJ0SpeIAAjDTkRVnKYt6INmJ8
PATA,housing_complex,housing_complex|service|point_of_interest|establishment,,,"F377, Block F, Sushant Lok III, Sector 57, Gurugram, Haryana 122011, India",4.3,6,OPERATIONAL,https://maps.google.com/?cid=8370936023956884922&g_mp=Cilnb29nbGUubWFwcy5wbGFjZXMudjEuUGxhY2VzLlNlYXJjaE5lYXJieRACGAQgAA,ChIJPTxNWgAjDTkRuo14cfaJK3Q
Utsav Vatika,park,park|point_of_interest|establishment,,,"F Block, Sushant Lok-II, Block F, Sushant Lok 2, Sector 57, Gurugram, Haryana 122011, India",5,1,OPERATIONAL,https://maps.google.com/?cid=5388932512928066201&g_mp=Cilnb29nbGUubWFwcy5wbGFjZXMudjEuUGxhY2VzLlNlYXJjaE5lYXJieRACGAQgAA,ChIJwZeFP9IjDTkRmWqhl5FVyUo
Blinkit Ambulance Parking,association_or_organization,association_or_organization|point_of_interest|establishment,,,"F402, Block F, Sushant Lok III, Sector 57, Gurugram, Ghata, Haryana 122011, India",5,2,CLOSED_TEMPORARILY,https://maps.google.com/?cid=6412435749054370642&g_mp=Cilnb29nbGUubWFwcy5wbGFjZXMudjEuUGxhY2VzLlNlYXJjaE5lYXJieRACGAQgAA,ChIJf-MkagAjDTkRUtNm11aM_Vg
Blinkit Ambulance - Sector 57,service,health|service|point_of_interest|establishment,,https://blinkit.onelink.me/z75u/7bza3dw7,"F402, Block F, Sushant Lok III, Sector 57, Gurugram, Ghata, Haryana 122011, India",5,1,OPERATIONAL,https://maps.google.com/?cid=8648249697210249474&g_mp=Cilnb29nbGUubWFwcy5wbGFjZXMudjEuUGxhY2VzLlNlYXJjaE5lYXJieRACGAQgAA,ChIJ7-_UXwAjDTkRArEYe0fBBHg
Saini's home(ground floor),association_or_organization,service|association_or_organization|point_of_interest|establishment,,,"374, Sushant Lok, Block F, Sushant Lok 2, Sector 57, Gurugram, Haryana 122011, India",4.7,3,OPERATIONAL,https://maps.google.com/?cid=1874310449471593278&g_mp=Cilnb29nbGUubWFwcy5wbGFjZXMudjEuUGxhY2VzLlNlYXJjaE5lYXJieRACGAQgAA,ChIJ5-92LgAjDTkRPpuOW2zjAho
CARENZY - SPOT Dealer - Absolute Car Choice (sell car in gurgaon) 9810944388,car_dealer,car_dealer|store|point_of_interest|establishment,098109 44388,http://www.carenzy.com/,"406 GF, Golf Course Ext Rd, Sushant Lok, Block F, Sushant Lok 2, Sector 57, Gurugram, Ghata, Haryana 122011, India",4.8,40,OPERATIONAL,https://maps.google.com/?cid=10029437886344439017&g_mp=Cilnb29nbGUubWFwcy5wbGFjZXMudjEuUGxhY2VzLlNlYXJjaE5lYXJieRACGAQgAA,ChIJ2-MGJAAjDTkR6aRnkJ64L4s
Pioneer One | Hines Commercial Project,corporate_office,corporate_office|point_of_interest|establishment,,,"536SS, Sector 62, Gurugram, Ghata, Haryana 122098, India",,,OPERATIONAL,https://maps.google.com/?cid=5708065231012467227&g_mp=Cilnb29nbGUubWFwcy5wbGFjZXMudjEuUGxhY2VzLlNlYXJjaE5lYXJieRACGAQgAA,ChIJTZuYNQAjDTkRG5JBwRUfN08
Hindustan Petroleum HCG CNG Pump,gas_station,gas_station|service|point_of_interest|establishment,0124 427 1273,http://www.hindustanpetroleum.com/,"C38Q+GM3, Golf Course Ext Rd, Block F, Sector 57, Gurugram, Haryana 122098, India",3.7,763,OPERATIONAL,https://maps.google.com/?cid=5285852722824921488&g_mp=Cilnb29nbGUubWFwcy5wbGFjZXMudjEuUGxhY2VzLlNlYXJjaE5lYXJieRACGAQgAA,ChIJg70c1w8iDTkRkMECtwsfW0k
Hindustan Petroleum Corporation Limited,gas_station,gas_station|service|point_of_interest|establishment,099995 55555,https://petrolpump.hpretail.in/hindustan-petroleum-corporation-limited-navyug-fuels-petrol-pump-sector-62-gurugram-403929/Home?utm_source=locator&utm_medium=googleplaces,"Ground Floor, Southern Peripheral Rd, Sector 62, Gurugram, Haryana 122098, India",3.9,245,OPERATIONAL,https://maps.google.com/?cid=14903554064483010606&g_mp=Cilnb29nbGUubWFwcy5wbGFjZXMudjEuUGxhY2VzLlNlYXJjaE5lYXJieRACGAQgAA,ChIJEQXl5Q8iDTkRLshWkHUP1M4
Bada Sasural,vegetarian_restaurant,vegetarian_restaurant|restaurant|food|point_of_interest|establishment,,,"C38R+76R, Sector 62, Gurugram, Haryana 122098, India",5,6,OPERATIONAL,https://maps.google.com/?cid=12431108979101094465&g_mp=Cilnb29nbGUubWFwcy5wbGFjZXMudjEuUGxhY2VzLlNlYXJjaE5lYXJieRACGAQgAA,ChIJue_lRAAjDTkRQVJ978ArhKw
EZU Electric,service,service|point_of_interest|establishment,,https://www.ezuelectric.app/,"Shop no 6, Golf Course Ext Rd, near HCG cng pump, Sector 62, Gurugram, Haryana 122018, India",5,1,OPERATIONAL,https://maps.google.com/?cid=12893073554830264413&g_mp=Cilnb29nbGUubWFwcy5wbGFjZXMudjEuUGxhY2VzLlNlYXJjaE5lYXJieRACGAQgAA,ChIJp5CkPxAjDTkRXQikchZm7bI
NOW MOMO,car_repair,car_repair|service|point_of_interest|establishment,,,"28°24'56.1, N 77°05, 25.7""E, Sector 62, Gurugram, Haryana 122098, India",5,1,OPERATIONAL,https://maps.google.com/?cid=8073381840137334467&g_mp=Cilnb29nbGUubWFwcy5wbGFjZXMudjEuUGxhY2VzLlNlYXJjaE5lYXJieRACGAQgAA,ChIJSctbnR0jDTkRw655TQJqCnA
PohaLal,breakfast_restaurant,breakfast_restaurant|fast_food_restaurant|restaurant|food|point_of_interest|establishment,070005 32548,https://www.pohalal.in/,"Pioneer Square, Sector 62, Gurugram, Haryana 122098, India",3.7,3,OPERATIONAL,https://maps.google.com/?cid=9137427528886093867&g_mp=Cilnb29nbGUubWFwcy5wbGFjZXMudjEuUGxhY2VzLlNlYXJjaE5lYXJieRACGAQgAA,ChIJSW2DsDwjDTkRK4gh5Oypzn4
Pioneer Project,corporate_office,corporate_office|point_of_interest|establishment,,,"C38Q+6HJ, Sector 62, Gurugram, Haryana 122098, India",,,OPERATIONAL,https://maps.google.com/?cid=16101695285222940965&g_mp=Cilnb29nbGUubWFwcy5wbGFjZXMudjEuUGxhY2VzLlNlYXJjaE5lYXJieRACGAQgAA,ChIJs9Cj5HYjDTkRJaFLLY22dN8
Gujjar Hind Dhaba,indian_restaurant,indian_restaurant|restaurant|food|point_of_interest|establishment,087430 55074,,"C38R+77V, CRPF Rd, Ullahawas, Sector 62, Gurugram, Haryana 122098, India",4,2,OPERATIONAL,https://maps.google.com/?cid=815912300978281784&g_mp=Cilnb29nbGUubWFwcy5wbGFjZXMudjEuUGxhY2VzLlNlYXJjaE5lYXJieRACGAQgAA,ChIJGZXUjbojDTkROJ2uM-qzUgs
Rider entry gate Zomato Office,corporate_office,corporate_office|point_of_interest|establishment,,,"Block-D, Pioneer Urban Square, Sector 62, Gurugram, Ghata, Haryana 122098, India",1.8,5,OPERATIONAL,https://maps.google.com/?cid=13280871863465317760&g_mp=Cilnb29nbGUubWFwcy5wbGFjZXMudjEuUGxhY2VzLlNlYXJjaE5lYXJieRACGAQgAA,ChIJFb3jFwAjDTkRgJVUQZgiT7g
Axis Bank ATM,atm,atm|finance|point_of_interest|establishment,1860 500 5555,https://branch.axisbank.com/axis-bank-atm-gurugram-99005-CITI301/Home,"Pioneer Square, Golf Course Ext Rd, near HP Petrol Pump, Sector 62, Gurugram, Haryana 122098, India",5,1,OPERATIONAL,https://maps.google.com/?cid=15802618719440150744&g_mp=Cilnb29nbGUubWFwcy5wbGFjZXMudjEuUGxhY2VzLlNlYXJjaE5lYXJieRACGAQgAA,ChIJnR7EyfEjDTkR2CAr3f8tTts
SS Prime Infra Pvt Ltd,real_estate_agency,real_estate_agency|service|point_of_interest|establishment,,https://ssprimeinfra.com/,"Ground floor, Block-D, Pioneer Urban Square, Office no :-006, Sector 62, Gurugram, Haryana 122098, India",5,4,OPERATIONAL,https://maps.google.com/?cid=359215630929438656&g_mp=Cilnb29nbGUubWFwcy5wbGFjZXMudjEuUGxhY2VzLlNlYXJjaE5lYXJieRACGAQgAA,ChIJbxvm9rYjDTkRwCdRj7Yw_AQ
SBM Toilet,public_bathroom,public_bathroom|point_of_interest|establishment,,,"Golf Course Ext Rd, Block F, Sushant Lok III, Sector 57, Gurugram, Haryana 122098, India",1,2,OPERATIONAL,https://maps.google.com/?cid=12928489500080821522&g_mp=Cilnb29nbGUubWFwcy5wbGFjZXMudjEuUGxhY2VzLlNlYXJjaE5lYXJieRACGAQgAA,ChIJ85-42Q8iDTkRElWvxrM4a7M
Pioneer Square,corporate_office,corporate_office|point_of_interest|establishment,,,"Block-D, Pioneer Urban Square, Sector 62, Ghata, Gurugram, Haryana 122098, India",4.3,43,OPERATIONAL,https://maps.google.com/?cid=16690409308464984714&g_mp=Cilnb29nbGUubWFwcy5wbGFjZXMudjEuUGxhY2VzLlNlYXJjaE5lYXJieRACGAQgAA,ChIJUYF3bwAjDTkRirLtItY-oOc
Raju Tea Store,store,store|point_of_interest|establishment,074848 75524,,"CRPF Rd, Sector 62, Gurugram, Haryana 122098, India",4.5,2,OPERATIONAL,https://maps.google.com/?cid=1226029619052219094&g_mp=Cilnb29nbGUubWFwcy5wbGFjZXMudjEuUGxhY2VzLlNlYXJjaE5lYXJieRACGAQgAA,ChIJvzU6mLMjDTkR1gq3V3G7AxE
Blinkit Corporate Office,corporate_office,corporate_office|point_of_interest|establishment,,https://blinkit.com/?srsltid=AfmBOoo7JrxxiGGRP9VAA5ezhPYCXdJwrw8Z6S1u3PlL4w_IkPu-VVFS,"Ground Floor, Pioneer Square, Golf Course Ext Rd, Sector 62, Gurugram, Haryana 122098, India",3,33,OPERATIONAL,https://maps.google.com/?cid=11974217081849112456&g_mp=Cilnb29nbGUubWFwcy5wbGFjZXMudjEuUGxhY2VzLlNlYXJjaE5lYXJieRACGAQgAA,ChIJc68FEhAiDTkRiOcHa_72LKY
GoMechanic Accessories - Great Car Accessories Shop,car_repair,car_repair|service|point_of_interest|establishment,083989 70970,https://gomechanic.app.link/gmb,"The Close South, Golf Course Ext Rd, Sector 65, Gurugram, Haryana 122098, India",4.3,6,OPERATIONAL,https://maps.google.com/?cid=65755761038043696&g_mp=Cilnb29nbGUubWFwcy5wbGFjZXMudjEuUGxhY2VzLlNlYXJjaE5lYXJieRACGAQgAA,ChIJ07nn6QsjDTkRMKqbKoSc6QA
Crazy Fashion,general_store,general_store|food_store|store|food|point_of_interest|establishment,093155 30818,,"Block-D, Pioneer Urban Square, D-102, Golf Course Ext Rd, Sector 62, Gurugram, Haryana 122098, India",,,OPERATIONAL,https://maps.google.com/?cid=17606321824496568254&g_mp=Cilnb29nbGUubWFwcy5wbGFjZXMudjEuUGxhY2VzLlNlYXJjaE5lYXJieRACGAQgAA,ChIJs4if22YjDTkRvkdTxmo4VvQ
Dohful Cookies & Coffee | Pioneer Square,bakery,bakery|food_store|store|food|point_of_interest|establishment,096670 90369,,"Ground Floor, Block-D, Pioneer Urban Square, Sector 62, Gurugram, Haryana 122098, India",4.1,19,OPERATIONAL,https://maps.google.com/?cid=1338769844401386543&g_mp=Cilnb29nbGUubWFwcy5wbGFjZXMudjEuUGxhY2VzLlNlYXJjaE5lYXJieRACGAQgAA,ChIJTVcsfJYjDTkRL7SMkxRElBI
Archiformes,service,service|point_of_interest|establishment,,,"Block-D, Pioneer Urban Square, D-102, Sector 62, Gurugram, Ghata, Haryana 122098, India",5,1,OPERATIONAL,https://maps.google.com/?cid=12621156721368713264&g_mp=Cilnb29nbGUubWFwcy5wbGFjZXMudjEuUGxhY2VzLlNlYXJjaE5lYXJieRACGAQgAA,ChIJGViRnlgjDTkRMEi3FytbJ68
Apollo 24|7 Lab Test | Blood Test | Near Me | Golf Course Extn Rd | Home collection | Gurgaon,medical_clinic,medical_lab|doctor|consultant|medical_clinic|health|service|point_of_interest|establishment,080 4885 1037,https://www.apollo247.com/lab-tests-city/gurgaon,"No.5, Pioneer Park, Golf Course Ext Rd, Baharampur Naya, Sector 61, Gurugram, Haryana 122098, India",4.8,8,OPERATIONAL,https://maps.google.com/?cid=388540447869949284&g_mp=Cilnb29nbGUubWFwcy5wbGFjZXMudjEuUGxhY2VzLlNlYXJjaE5lYXJieRACGAQgAA,ChIJIWaVpckjDTkRZNUokHpfZAU
Xperium,,point_of_interest|establishment,092052 84001,http://repup.co/,"4th Floor, India Accelerator, BPTP Centra One, Baharampur Naya, Sector 61, Gurugram, Haryana 122098, India",3.8,11,OPERATIONAL,https://maps.google.com/?cid=4423746863691578983&g_mp=Cilnb29nbGUubWFwcy5wbGFjZXMudjEuUGxhY2VzLlNlYXJjaE5lYXJieRACGAQgAA,ChIJXSRho-YYDTkRZ76VolVOZD0
Muskan Mehandi Arts,body_art_service,body_art_service|point_of_interest|establishment,074196 56565,https://muskanmehandiarts.space/,"Darzi Wara, Chowk, near Nehru Bazaar, Baharampur Naya, Sector 61, Sohna, Gurugram, Haryana 122098, India",4.9,107,OPERATIONAL,https://maps.google.com/?cid=13220291932300111034&g_mp=Cilnb29nbGUubWFwcy5wbGFjZXMudjEuUGxhY2VzLlNlYXJjaE5lYXJieRACGAQgAA,ChIJmwDcNFklDTkRuuy143fpd7c
Bahala Group,finance,finance|point_of_interest|establishment,092051 88260,https://bahala.in/,"3rd Floor, Centra One, BPTP, Golf Course Ext Rd, near Emaar Digital Greens, Baharampur Naya, Sector 61, Gurugram, Haryana 122098, India",5,5,OPERATIONAL,https://maps.google.com/?cid=6812443564050839440&g_mp=Cilnb29nbGUubWFwcy5wbGFjZXMudjEuUGxhY2VzLlNlYXJjaE5lYXJieRACGAQgAA,ChIJg7Mz2gAiDTkRkHel31Opil4
Navisite India Pvt. Ltd.,,point_of_interest|establishment,,https://www.navisite.com/,"BPTP Centra One, 12th floor, Baharampur Naya, Sector 61, Ghata, Gurugram, Haryana 122098, India",4.3,16,CLOSED_TEMPORARILY,https://maps.google.com/?cid=3417910650622198510&g_mp=Cilnb29nbGUubWFwcy5wbGFjZXMudjEuUGxhY2VzLlNlYXJjaE5lYXJieRACGAQgAA,ChIJHfMqgS0jDTkR7kJcvKDbbi8
Snyllo Éstetica,medical_clinic,hair_care|beauty_salon|medical_clinic|health|service|point_of_interest|establishment,087956 06009,https://snylloestetica.com/,"4th Floor, BPTP Centra One, Golf Course Ext Rd, Baharampur Naya, Sector 61, Gurugram, Haryana 122011, India",3.6,186,OPERATIONAL,https://maps.google.com/?cid=8450265836631032624&g_mp=Cilnb29nbGUubWFwcy5wbGFjZXMudjEuUGxhY2VzLlNlYXJjaE5lYXJieRACGAQgAA,ChIJ-6VFDJEjDTkRMAMDygFgRXU
IMWOW - Head Office,corporate_office,corporate_office|point_of_interest|establishment,099581 80436,http://www.imwow.co.in/,"Level 3 and Level 4, BPTP Centra One, Golf Course Ext Rd, Baharampur Naya, Sector 61, Gurugram, Haryana 122098, India",4.8,990,OPERATIONAL,https://maps.google.com/?cid=6044325151838379600&g_mp=Cilnb29nbGUubWFwcy5wbGFjZXMudjEuUGxhY2VzLlNlYXJjaE5lYXJieRACGAQgAA,ChIJT4DS_j0fDTkRUB5JjrPB4VM
Invest Plus Realty,consultant,real_estate_agency|consultant|service|point_of_interest|establishment,099115 05505,https://www.investplusrealty.com/,"4th Floor, BPTP Centra One, Baharampur Naya, Sector 61, Gurugram, Haryana 122098, India",5,57,OPERATIONAL,https://maps.google.com/?cid=12097049646114749953&g_mp=Cilnb29nbGUubWFwcy5wbGFjZXMudjEuUGxhY2VzLlNlYXJjaE5lYXJieRACGAQgAA,ChIJLUhMy4IjDTkRAT7vao9a4ac
Invest in Yards,real_estate_agency,real_estate_agency|service|point_of_interest|establishment,,https://investinyards.com/,"4 th floor, Bptp cantera 1, Baharampur Naya, Sector 61, Gurugram, Haryana 122011, India",5,1,OPERATIONAL,https://maps.google.com/?cid=6821166791579711740&g_mp=Cilnb29nbGUubWFwcy5wbGFjZXMudjEuUGxhY2VzLlNlYXJjaE5lYXJieRACGAQgAA,ChIJ8Yfuk1EjDTkR_LjMjQ6nqV4
RippleHR Global Consulting,service,service|point_of_interest|establishment,081309 45976,https://www.ripplehrglobal.com/,"701, Building 1, KB Towers Sector 47, Baharampur Naya, Sector 61, Gurugram, Haryana 122098, India",5,7,CLOSED_TEMPORARILY,https://maps.google.com/?cid=7327443407633439195&g_mp=Cilnb29nbGUubWFwcy5wbGFjZXMudjEuUGxhY2VzLlNlYXJjaE5lYXJieRACGAQgAA,ChIJyaFvtfwjDTkR29nE7_ROsGU
Directom India,service,marketing_consultant|consultant|service|point_of_interest|establishment,095408 16163,,"4th Floor, BPTP Centra One, Baharampur Naya, Sector 61, Gurugram, Haryana 122098, India",5,12,CLOSED_TEMPORARILY,https://maps.google.com/?cid=14546031702886130023&g_mp=Cilnb29nbGUubWFwcy5wbGFjZXMudjEuUGxhY2VzLlNlYXJjaE5lYXJieRACGAQgAA,ChIJGwvN7lQzhm8RZyEZ_sPi3ck
RENTOUT HOMES,business_center,business_center|point_of_interest|establishment,099900 25113,http://www.rentout.homes/,"3rd floor, India Accelerator, BPTP Centra One, Baharampur Naya, Sector 61, Gurugram, Haryana 122098, India",3.2,21,OPERATIONAL,https://maps.google.com/?cid=11380071197213191812&g_mp=Cilnb29nbGUubWFwcy5wbGFjZXMudjEuUGxhY2VzLlNlYXJjaE5lYXJieRACGAQgAA,ChIJfZegeK8hDTkRhO6LrHUi7p0
SmartKadam Work Private Limited,service,service|point_of_interest|establishment,093192 90458,https://smartkadam.com/,"6th floor, Picasso Centre, Tower A, Unit no 603 & 604, Golf Course Ext Rd, Baharampur Naya, Sector 61, Gurugram, Haryana 122098, India",,,OPERATIONAL,https://maps.google.com/?cid=10919552794629288737&g_mp=Cilnb29nbGUubWFwcy5wbGFjZXMudjEuUGxhY2VzLlNlYXJjaE5lYXJieRACGAQgAA,ChIJtR6U6dIZDTkRIbMAlmkLipc
Avesh Communication,electronics_store,electronics_store|store|point_of_interest|establishment,,,"SHOP-3, Baharampur Naya, Sector 61, Gurugram, Ghata, Haryana 122098, India",4.5,2,OPERATIONAL,https://maps.google.com/?cid=16179071906560633425&g_mp=Cilnb29nbGUubWFwcy5wbGFjZXMudjEuUGxhY2VzLlNlYXJjaE5lYXJieRACGAQgAA,ChIJQXleCQAjDTkRUWoMui2ch-A
Cleanomatics Tech Solutions,consultant,consultant|service|point_of_interest|establishment,080763 06988,https://www.cleanomaticstech.com/,"4th Floor, BPTP Centra One, Golf Course Ext Rd, Baharampur Naya, Sector 61, Gurugram, Haryana 122102, India",5,4,OPERATIONAL,https://maps.google.com/?cid=4873200572915478875&g_mp=Cilnb29nbGUubWFwcy5wbGFjZXMudjEuUGxhY2VzLlNlYXJjaE5lYXJieRACGAQgAA,ChIJXfMrjl8jDTkRW3HbCxoWoUM
SNYLLO INNOVATIONS PVT. LTD | SnylloAir,corporate_office,corporate_office|point_of_interest|establishment,080700 67000,http://www.snylloair.com/,"3rd Floor, BPTP Centra, One, Golf Course Ext Rd, Baharampur Naya, Sector 61, Gurugram, Haryana 122098, India",3.3,14,OPERATIONAL,https://maps.google.com/?cid=15708951900669754210&g_mp=Cilnb29nbGUubWFwcy5wbGFjZXMudjEuUGxhY2VzLlNlYXJjaE5lYXJieRACGAQgAA,ChIJgan0IboRDTkRYjseKYZoAdo
LYF Medicare sales and services pvt ltd,manufacturer,health|manufacturer|point_of_interest|establishment,095993 19394,,"SHOP-4, ERA CASA PICASSO, opposite medanta hospital, Baharampur Naya, sector 39, Gurugram, Haryana 122098, India",3,2,OPERATIONAL,https://maps.google.com/?cid=13498380544897315319&g_mp=Cilnb29nbGUubWFwcy5wbGFjZXMudjEuUGxhY2VzLlNlYXJjaE5lYXJieRACGAQgAA,ChIJiw9nitQjDTkR9_GljZbhU7s
Waselec,service,general_contractor|service|point_of_interest|establishment,1800 309 7533,,"4th Floor, BPTP Centra, 1, Golf Course Ext Rd, Baharampur Naya, Sector 61, Gurugram, Haryana 122098, India",5,2,OPERATIONAL,https://maps.google.com/?cid=13566957193956982002&g_mp=Cilnb29nbGUubWFwcy5wbGFjZXMudjEuUGxhY2VzLlNlYXJjaE5lYXJieRACGAQgAA,ChIJKy-INUcjDTkR8ny85K-DR7w
Studio Sonrai Private Limited,corporate_office,corporate_office|point_of_interest|establishment,,https://www.studiosonrai.com/,"1st Floor, Tower B, Picasso Centre, Center, Rajesh Pilot Rd, Baharampur Naya, Sector 61, Gurugram, Haryana 122098, India",5,21,OPERATIONAL,https://maps.google.com/?cid=17244255730742909536&g_mp=Cilnb29nbGUubWFwcy5wbGFjZXMudjEuUGxhY2VzLlNlYXJjaE5lYXJieRACGAQgAA,ChIJ4yQnZOQjDTkRYNrsHjnnT-8
MoneyGram,finance,finance|point_of_interest|establishment,095575 73428,https://www.moneygram.com/r/in/en,"SHOP-5, Golf Course Exit Road, inside Mohit Travels, Baharampur Naya, Sector 61, Gurugram, Haryana 122101, India",,,OPERATIONAL,https://maps.google.com/?cid=9749914385881842038&g_mp=Cilnb29nbGUubWFwcy5wbGFjZXMudjEuUGxhY2VzLlNlYXJjaE5lYXJieRACGAQgAA,ChIJQed1KRUjDTkRdkH1CHqnToc
"Radha Soami Satsang Beas, DLF Centre, Gurgaon",association_or_organization,association_or_organization|point_of_interest|establishment,098116 73738,http://www.rssb.org/,"Golf Course Ext Rd, near Gata Village, opp. Club Florence, Baharampur Naya, Sector 61, Gurugram, Haryana 122098, India",4.9,226,OPERATIONAL,https://maps.google.com/?cid=1032823093891957492&g_mp=Cilnb29nbGUubWFwcy5wbGFjZXMudjEuUGxhY2VzLlNlYXJjaE5lYXJieRACGAQgAA,ChIJE3fUXBsiDTkR9AJAuyFTVQ4
"O'Gardener India Pvt Ltd (Manufacturer of Rose Water, Mogra Water, Attars & Floral oils)",wholesaler,wholesaler|point_of_interest|establishment,088028 02245,https://ogardenerindia.com/,"Emaar Digital Greens, B 908, Baharampur Naya, Sector 61, Gurugram, Haryana 122001, India",5,121,OPERATIONAL,https://maps.google.com/?cid=11814862878014166298&g_mp=Cilnb29nbGUubWFwcy5wbGFjZXMudjEuUGxhY2VzLlNlYXJjaE5lYXJieRACGAQgAA,ChIJyY6RlCEjDTkRGtX7kTDT9qM
Etail Consultants Private Limited,,point_of_interest|establishment,0124 402 7896,http://inetail.com/,"Emaar Digital Greens Tower B, 914, Baharampur Naya, Sector 61, Gurugram, Haryana 122098, India",3.9,37,OPERATIONAL,https://maps.google.com/?cid=2014242047505235098&g_mp=Cilnb29nbGUubWFwcy5wbGFjZXMudjEuUGxhY2VzLlNlYXJjaE5lYXJieRACGAQgAA,ChIJZ3GDG7MYDTkRmnw0ZXgG9Bs
Green 1,apartment_complex,apartment_complex|point_of_interest|service|establishment,,,"C38W+4RX, Baharampur Naya, Sector 61, Ghata, Gurugram, Haryana 122098, India",,,OPERATIONAL,https://maps.google.com/?cid=14940028040209496523&g_mp=Cilnb29nbGUubWFwcy5wbGFjZXMudjEuUGxhY2VzLlNlYXJjaE5lYXJieRACGAQgAA,ChIJxQ4HXgAjDTkRy_kPz1ikVc8
Rama Palace,banquet_hall,banquet_hall|event_venue|point_of_interest|establishment,098110 07394,,"Sector-61, Haryana Road, Baharampur Naya, Sector 61, Gurugram, Haryana 122098, India",4.3,118,OPERATIONAL,https://maps.google.com/?cid=2000276977071876911&g_mp=Cilnb29nbGUubWFwcy5wbGFjZXMudjEuUGxhY2VzLlNlYXJjaE5lYXJieRACGAQgAA,ChIJjYSXGqcjDTkRL-vCDlBpwhs
Live Unique Life Headoffice,corporate_office,corporate_office|point_of_interest|establishment,,,"1916-1917, Tower B, Emaar Digital Greens, Golf Course Ext Rd, Baharampur Naya, Sector 61, Gurugram, Haryana 122098, India",,,OPERATIONAL,https://maps.google.com/?cid=9641480316130283366&g_mp=Cilnb29nbGUubWFwcy5wbGFjZXMudjEuUGxhY2VzLlNlYXJjaE5lYXJieRACGAQgAA,ChIJEUuUUD0jDTkRZs_dx0NrzYU
Green 1,apartment_complex,apartment_complex|point_of_interest|service|establishment,,,"C38X+73C, Baharampur Naya, Sector 61, Gurugram, Haryana 122098, India",,,OPERATIONAL,https://maps.google.com/?cid=13601102644920304180&g_mp=Cilnb29nbGUubWFwcy5wbGFjZXMudjEuUGxhY2VzLlNlYXJjaE5lYXJieRACGAQgAA,ChIJ8za7XQAjDTkRNMIZOMvSwLw
Propkeys Realty Pvt Ltd,real_estate_agency,real_estate_agency|point_of_interest|service|establishment,090908 80000,http://www.propkeys.in/,"007, Tower A Emaar Digital Greens Golf Course Extension Road, Behrampur Naha, Baharampur Naya, Sector 61, Gurugram, Haryana 122098, India",3.7,6,OPERATIONAL,https://maps.google.com/?cid=12378021289814299905&g_mp=Cilnb29nbGUubWFwcy5wbGFjZXMudjEuUGxhY2VzLlNlYXJjaE5lYXJieRACGAQgAA,ChIJl5yd_7YjDTkRAZWaEciQx6s
GoMechanic - Luxury Cars Service & Detailing,car_repair,car_wash|car_repair|point_of_interest|service|establishment,083989 70970,https://srd1.onelink.me/7EYj/GMB,"Golf Course Ext Rd, Baharampur Naya, Sector 61, Gurugram, Haryana 122011, India",5,1,OPERATIONAL,https://maps.google.com/?cid=5325616385221253849&g_mp=Cilnb29nbGUubWFwcy5wbGFjZXMudjEuUGxhY2VzLlNlYXJjaE5lYXJieRACGAQgAA,ChIJrzeD2cUjDTkR2doc0-Jj6Ek
NurtureHire,employment_agency,employment_agency|point_of_interest|service|establishment,084470 58442,http://nurturehire.com/,"1st Floor, Tower-B, Emaar Digital Greens, Golf Course Ext Rd, Baharampur Naya, Sector 61, Gurugram, Haryana 122011, India",,,OPERATIONAL,https://maps.google.com/?cid=2832932764529939678&g_mp=Cilnb29nbGUubWFwcy5wbGFjZXMudjEuUGxhY2VzLlNlYXJjaE5lYXJieRACGAQgAA,ChIJY_EarwQiDTkR3lRf_laZUCc
MGF Centre 61,corporate_office,corporate_office|point_of_interest|establishment,,http://mgfgroup.in/,"914, Baharampur Naya, Sector 61, Gurugram, Haryana 122098, India",,,OPERATIONAL,https://maps.google.com/?cid=2303540878389519549&g_mp=Cilnb29nbGUubWFwcy5wbGFjZXMudjEuUGxhY2VzLlNlYXJjaE5lYXJieRACGAQgAA,ChIJE8mIqE8jDTkRvaT_ZTnS9x8
Goodricke Group Ltd,corporate_office,corporate_office|point_of_interest|establishment,,http://www.goodricketea.com/,"Baharampur Naya, Sector 61, Gurugram, Haryana 122098, India",4.4,8,OPERATIONAL,https://maps.google.com/?cid=7258843011136224063&g_mp=Cilnb29nbGUubWFwcy5wbGFjZXMudjEuUGxhY2VzLlNlYXJjaE5lYXJieRACGAQgAA,ChIJ-SV3L3gjDTkRP_sZd0KXvGQ
Zaikin India Private Limited,supplier,supplier|point_of_interest|establishment,098101 23190,,"CRPF Camp Road, Golf Course Ext Rd, Baharampur Naya, Sector 61, Gurugram, Haryana 122001, India",,,OPERATIONAL,https://maps.google.com/?cid=11506311153297068826&g_mp=Cilnb29nbGUubWFwcy5wbGFjZXMudjEuUGxhY2VzLlNlYXJjaE5lYXJieRACGAQgAA,ChIJh1m5YlwjDTkRGhNj5wehrp8
Club Florence,bus_stop,bus_stop|transit_stop|transit_station|transportation_service|point_of_interest|establishment,,,"Baharampur Naya, Sector 61, Gurugram, Haryana 122011, India",,,OPERATIONAL,https://maps.google.com/?cid=545421864251219420&g_mp=Cilnb29nbGUubWFwcy5wbGFjZXMudjEuUGxhY2VzLlNlYXJjaE5lYXJieRACGAQgAA,ChIJiV7pVQMiDTkR3N1st0u6kQc
Chadha & Chadha Intellectual Property Firm,consultant,lawyer|consultant|point_of_interest|service|establishment,0124 668 8014,http://www.candcip.com/,"Emaar Digital Greens, Tower B, 15th floor, Unit no. 9 and 10, Golf Course Ext Rd, Baharampur Naya, Sector 61, Gurugram, Haryana 122011, India",4.4,30,OPERATIONAL,https://maps.google.com/?cid=10372933430646468130&g_mp=Cilnb29nbGUubWFwcy5wbGFjZXMudjEuUGxhY2VzLlNlYXJjaE5lYXJieRACGAQgAA,ChIJLx7bHz0ZDTkRIu50PP8P9I8
GoKhana ( Tobox Ventures Pvt Ltd),association_or_organization,association_or_organization|point_of_interest|establishment,,http://www.gokhana.com/,"GoKhana, A709, Emaar, Digital Greens Emaar, Baharampur Naya, Sector 61, Gurugram, Haryana 122098, India",,,OPERATIONAL,https://maps.google.com/?cid=589293743001909983&g_mp=Cilnb29nbGUubWFwcy5wbGFjZXMudjEuUGxhY2VzLlNlYXJjaE5lYXJieRACGAQgAA,ChIJc2mRLwAjDTkR3zr9e4mXLQg
BPTP,corporate_office,corporate_office|point_of_interest|establishment,,,"tower b, Digital Greens Emaar, Baharampur Naya, Sector 61, Gurugram, Haryana 122098, India",2.3,3,OPERATIONAL,https://maps.google.com/?cid=14018245375986217003&g_mp=Cilnb29nbGUubWFwcy5wbGFjZXMudjEuUGxhY2VzLlNlYXJjaE5lYXJieRACGAQgAA,ChIJK8iNMAAjDTkRK7DryeXPisI
Dev,jewelry_store,jewelry_store|point_of_interest|store|establishment,,,"Digital Greens Emaar, Baharampur Naya, Sector 61, Gurugram, Ghata, Haryana 122098, India",,,CLOSED_TEMPORARILY,https://maps.google.com/?cid=4003665768396021514&g_mp=Cilnb29nbGUubWFwcy5wbGFjZXMudjEuUGxhY2VzLlNlYXJjaE5lYXJieRACGAQgAA,ChIJvY9_EwAjDTkRCt-i1M3gjzc
NP1,corporate_office,corporate_office|point_of_interest|establishment,,,"5th Floor, Tower A, Digital Greens Emaar, Unit No 525, Baharampur Naya, Sector 61, Gurugram, Haryana 122098, India",,,OPERATIONAL,https://maps.google.com/?cid=12244529711592297742&g_mp=Cilnb29nbGUubWFwcy5wbGFjZXMudjEuUGxhY2VzLlNlYXJjaE5lYXJieRACGAQgAA,ChIJ63ZcfPMjDTkRDtUs_eVO7ak
Safikul islam THAKADARoom,apartment_building,apartment_building|point_of_interest|service|establishment,,,"C38X+5QF, Baharampur Naya, Sector 61, Gurugram, Haryana 122098, India",5,1,OPERATIONAL,https://maps.google.com/?cid=587338766952539228&g_mp=Cilnb29nbGUubWFwcy5wbGFjZXMudjEuUGxhY2VzLlNlYXJjaE5lYXJieRACGAQgAA,ChIJffVBI7cjDTkRXKQFJ3-lJgg
MH solution,service,point_of_interest|service|establishment,098119 64460,,"near Ireo office, Baharampur Naya, Sector 61, Gurugram, Haryana 122001, India",4,1,OPERATIONAL,https://maps.google.com/?cid=17112281619549477781&g_mp=Cilnb29nbGUubWFwcy5wbGFjZXMudjEuUGxhY2VzLlNlYXJjaE5lYXJieRACGAQgAA,ChIJ5-86MysjDTkRlVux3XcJe-0
Wine store,bar,bar|point_of_interest|establishment,,,"C38X+CG, Baharampur Naya, Sector 61, Gurugram, Haryana 122098, India",4.9,10,OPERATIONAL,https://maps.google.com/?cid=4467751272390993754&g_mp=Cilnb29nbGUubWFwcy5wbGFjZXMudjEuUGxhY2VzLlNlYXJjaE5lYXJieRACGAQgAA,ChIJvYx_LfsjDTkRWieqbxykAD4
The Vasuki Luxurious Spa N Wellness,spa,spa|point_of_interest|establishment,,https://the-vasuki-luxurious.localo.site/#,"Shop number 56, Golf Course Ext Rd, Baharampur Naya, Sector 58, Ghata, Gurugram, Haryana 122098, India",5,4,OPERATIONAL,https://maps.google.com/?cid=10810730685229462834&g_mp=Cilnb29nbGUubWFwcy5wbGFjZXMudjEuUGxhY2VzLlNlYXJjaE5lYXJieRACGAQgAA,ChIJZdZk8hgjDTkRMnWEz0duB5Y
Building Material Supplier - AAC Blocks,,point_of_interest|establishment,095828 72872,https://www.theaacblocks.com/,"Golf Course Ext Rd, near Ireo Sales Gallery, Baharampur Naya, Sector 61, Gurugram, Haryana 122011, India",4.9,26,OPERATIONAL,https://maps.google.com/?cid=7169629690503809448&g_mp=Cilnb29nbGUubWFwcy5wbGFjZXMudjEuUGxhY2VzLlNlYXJjaE5lYXJieRACGAQgAA,ChIJ7ahsjBMjDTkRqMmSmTekf2M
Dayma house,service,point_of_interest|service|establishment,,,"C482+HG8, Dayma Rd, Sector 58, Gurugram, Ghata, Haryana 122098, India",5,1,OPERATIONAL,https://maps.google.com/?cid=5078504891448170516&g_mp=Cilnb29nbGUubWFwcy5wbGFjZXMudjEuUGxhY2VzLlNlYXJjaE5lYXJieRACGAQgAA,ChIJiVGxQAAjDTkRFBjarEp5ekY
DONJON,bar_and_grill,bar_and_grill|bar|restaurant|food|point_of_interest|establishment,088000 82111,,"Golf Course Ext Rd, opposite Grand View High Street, Baharampur Naya, Sector 61, Gurugram, Haryana 122098, India",3.9,1920,OPERATIONAL,https://maps.google.com/?cid=14195833927048250246&g_mp=Cilnb29nbGUubWFwcy5wbGFjZXMudjEuUGxhY2VzLlNlYXJjaE5lYXJieRACGAQgAA,ChIJhS47tCQjDTkRhkMmcL67AcU
Mobile repairing centre,service,point_of_interest|service|establishment,073037 80249,,"sectors dayma market, Ghata Gao, Sector 58, Gurugram, Haryana 122098, India",,,OPERATIONAL,https://maps.google.com/?cid=14121569370565167655&g_mp=Cilnb29nbGUubWFwcy5wbGFjZXMudjEuUGxhY2VzLlNlYXJjaE5lYXJieRACGAQgAA,ChIJQ7iVMbIjDTkRJ8qS84Xk-cM
GRAND SQUARE CENTRAL GURUGRAM,shopping_mall,shopping_mall|point_of_interest|establishment,,,"Ireo City, Sector 59, Gurugram, Haryana 122098, India",4,8,OPERATIONAL,https://maps.google.com/?cid=2111290290769131696&g_mp=Cilnb29nbGUubWFwcy5wbGFjZXMudjEuUGxhY2VzLlNlYXJjaE5lYXJieRACGAQgAA,ChIJwS4G0m0jDTkRsHgGV1XPTB0
"StockDaddy - Best Stock Market Institute, Gurgaon",educational_institution,educational_institution|finance|point_of_interest|establishment,078387 56756,https://www.stockdaddy.in/,"D-323, Golf Course Ext Rd, Shushant Lok 2, Sushant Lok 2, Sector 56, Gurugram, Ghata, Haryana 122011, India",4.6,464,OPERATIONAL,https://maps.google.com/?cid=13081686919527819709&g_mp=Cilnb29nbGUubWFwcy5wbGFjZXMudjEuUGxhY2VzLlNlYXJjaE5lYXJieRACGAQgAA,ChIJNeZHNcAZDTkRvWlUjfF8i7U
Rosetum Group of Hotels,corporate_office,corporate_office|point_of_interest|establishment,078765 03100,https://www.rosetum.in/,"D323, 4th Floor, Golf Course Ext Rd, Shushant Lok 2, Sushant Lok 2, Sector 56, Gurugram, Haryana 122011, India",5,2,OPERATIONAL,https://maps.google.com/?cid=13053158640032212927&g_mp=Cilnb29nbGUubWFwcy5wbGFjZXMudjEuUGxhY2VzLlNlYXJjaE5lYXJieRACGAQgAA,ChIJLWhEeAAhDTkRv-fw358iJrU
SPIN Experience store,furniture_store,furniture_store|home_improvement_store|home_goods_store|supplier|store|point_of_interest|establishment,085277 21115,https://www.madewithspin.com/,"Shop No.13, Ground Floor, Ireo Grand View, High Street, near Grand Hyatt Hotel, Sector 58, Ghata, Gurugram, Haryana 122098, India",4.1,41,OPERATIONAL,https://maps.google.com/?cid=12338494101835235230&g_mp=Cilnb29nbGUubWFwcy5wbGFjZXMudjEuUGxhY2VzLlNlYXJjaE5lYXJieRACGAQgAA,ChIJNz3QywgfDTkRnj8kcwMjO6s
"Nicobar Design Studio, Ireo Grand View High Street",clothing_store,clothing_store|store|point_of_interest|establishment,076691 09185,https://www.nicobar.com/,"Unit no 19 Ground Floor, Grand View, High Street, Sector 58, Gurugram, Haryana 122098, India",4.5,33,OPERATIONAL,https://maps.google.com/?cid=15610039791367414889&g_mp=Cilnb29nbGUubWFwcy5wbGFjZXMudjEuUGxhY2VzLlNlYXJjaE5lYXJieRACGAQgAA,ChIJh28YS7EhDTkRaeQqFnwAotg
Forest Essentials,cosmetics_store,cosmetics_store|store|point_of_interest|establishment,0124 717 8879,https://www.forestessentialsindia.com/?utm_source=gmb&utm_medium=organic&utm_campaign=sulekhapromanage_forest_essential_india,"Ground Floor, No. 11A, Golf Course Ext Rd, Sector 58, Gurugram, Haryana 122098, India",5,4,OPERATIONAL,https://maps.google.com/?cid=7849281659416574595&g_mp=Cilnb29nbGUubWFwcy5wbGFjZXMudjEuUGxhY2VzLlNlYXJjaE5lYXJieRACGAQgAA,ChIJW2Ptuz4hDTkRg3qD-xRA7mw
"S&N By Shantnu Nikhil - Ireo, Gurugram",service,service|point_of_interest|establishment,095601 04502,https://www.shantanunikhil.com/sn?source=header,"Shop no 6 A, Ireo Grand View High Street, Sector 58, Gurugram, Haryana 122098, India",5,13,OPERATIONAL,https://maps.google.com/?cid=14522395905835381476&g_mp=Cilnb29nbGUubWFwcy5wbGFjZXMudjEuUGxhY2VzLlNlYXJjaE5lYXJieRACGAQgAA,ChIJqaSom9ohDTkR5LLnJiLqick
Kama Ayurveda,cosmetics_store,cosmetics_store|store|point_of_interest|establishment,096504 00102,https://www.kamaayurveda.in/,"Unit No: 12C, Ground Floor, Grand View High Street, Golf Course Ext Rd, Sector 58, Gurugram, Haryana 122098, India",5,7,OPERATIONAL,https://maps.google.com/?cid=9734529152373927056&g_mp=Cilnb29nbGUubWFwcy5wbGFjZXMudjEuUGxhY2VzLlNlYXJjaE5lYXJieRACGAQgAA,ChIJCzymCgAjDTkRkKzuNrD-F4c
Khara Kapas Flagship Store,clothing_store,clothing_store|store|point_of_interest|establishment,,https://kharakapas.com/,"No. A, Shop, Ground Floor, Grand View High Street, 10 & B-10, Golf Course Ext Rd, Sector 58, Gurugram, Haryana 122098, India",3.5,2,OPERATIONAL,https://maps.google.com/?cid=16994324195662710746&g_mp=Cilnb29nbGUubWFwcy5wbGFjZXMudjEuUGxhY2VzLlNlYXJjaE5lYXJieRACGAQgAA,ChIJcd0mKAAhDTkR2kdN8ND31-s
"Suvasa IREO, Gurugram",womens_clothing_store,womens_clothing_store|clothing_store|store|point_of_interest|establishment,092518 92108,https://www.suvasa.in/,"Shop No. A, Ground Floor, Grand View High Street, 10 & B-10, Golf Course Ext Rd, Sector 58, Gurugram, Haryana 122098, India",4.3,3,OPERATIONAL,https://maps.google.com/?cid=5807355483390775184&g_mp=Cilnb29nbGUubWFwcy5wbGFjZXMudjEuUGxhY2VzLlNlYXJjaE5lYXJieRACGAQgAA,ChIJ61QIQAAhDTkRkI_sHwvfl1A
Chique Clothing Company | IREO,clothing_store,clothing_store|store|point_of_interest|establishment,,https://chiqueofficial.com/,"First floor, High street retail mall project known, as ""Grand view high street, Unit no. 06B, Sector 58, Gurugram, Haryana 122098, India",5,75,OPERATIONAL,https://maps.google.com/?cid=4258534639215259334&g_mp=Cilnb29nbGUubWFwcy5wbGFjZXMudjEuUGxhY2VzLlNlYXJjaE5lYXJieRACGAQgAA,ChIJu5z41IwhDTkRxi4fErFaGTs
VegNonVeg,shoe_store,shoe_store|store|point_of_interest|establishment,,https://www.vegnonveg.com/,"Shop number 8C , Ground Floor, IREO Grand View High Street Mall, Golf Course Ext Rd, Sector 59, Gurugram, Haryana 122098, India",4.8,51,OPERATIONAL,https://maps.google.com/?cid=15191984722270965302&g_mp=Cilnb29nbGUubWFwcy5wbGFjZXMudjEuUGxhY2VzLlNlYXJjaE5lYXJieRACGAQgAA,ChIJa81ch_shDTkRNk4fRJ3F1NI
Wasabi,service,service|point_of_interest|establishment,098715 16534,https://www.houseofwasabi.com/,"First Floor, Grand view high street, 3A, Golf Course Ext Rd, Sector 58, Gurugram, Haryana 122098, India",5,2,OPERATIONAL,https://maps.google.com/?cid=11149185637329987525&g_mp=Cilnb29nbGUubWFwcy5wbGFjZXMudjEuUGxhY2VzLlNlYXJjaE5lYXJieRACGAQgAA,ChIJlSfAL-0hDTkRxefwJ0TduZo
"HATSU - Premium Lights, Rugs & Furniture Store (Gurgaon)",home_improvement_store,furniture_store|home_improvement_store|home_goods_store|store|point_of_interest|establishment,,https://www.hatsu.in/,"Golf Course Ext Rd, Sector 58, Gurugram, Haryana 122098, India",5,2,OPERATIONAL,https://maps.google.com/?cid=16511577309785673598&g_mp=Cilnb29nbGUubWFwcy5wbGFjZXMudjEuUGxhY2VzLlNlYXJjaE5lYXJieRACGAQgAA,ChIJF5rPtKIhDTkRfs8sxxToJOU
Pinklay Store,clothing_store,clothing_store|store|point_of_interest|establishment,081698 34954,https://www.pinklay.com/,"Unit 12B, IREO Grand View High Street, Golf Course Ext Rd, Sector 58, Gurugram, Haryana 122098, India",4.8,67,OPERATIONAL,https://maps.google.com/?cid=10948877657982953296&g_mp=Cilnb29nbGUubWFwcy5wbGFjZXMudjEuUGxhY2VzLlNlYXJjaE5lYXJieRACGAQgAA,ChIJ5-6IMyUhDTkRUOdIZTg68pc
Sobé Decor (Gurgaon),home_goods_store,home_goods_store|furniture_store|home_improvement_store|store|point_of_interest|establishment,093819 55500,https://www.sobedecor.com/,"20A, Ground Floor, Grand View Street, Sector 58, Gurugram, Haryana 122011, India",5,37,OPERATIONAL,https://maps.google.com/?cid=17927076222034959940&g_mp=Cilnb29nbGUubWFwcy5wbGFjZXMudjEuUGxhY2VzLlNlYXJjaE5lYXJieRACGAQgAA,ChIJ77v3fQAhDTkRRN6-m9fEyfg
Ranna Gill | Ireo Mall,clothing_store,clothing_store|store|point_of_interest|establishment,092667 10077,https://rannagill.co.in/,"Shop No, First Floor, Grand View High Street Mall, 2A & 2B, Golf Course Ext Rd, Sector 58, Gurugram, Haryana 122098, India",3.7,9,OPERATIONAL,https://maps.google.com/?cid=17935707433744834137&g_mp=Cilnb29nbGUubWFwcy5wbGFjZXMudjEuUGxhY2VzLlNlYXJjaE5lYXJieRACGAQgAA,ChIJZeruVAIhDTkRWZ6xL-Ju6Pg
Da Milano Italia,store,store|point_of_interest|establishment,0124 717 7918,https://www.damilano.com/,"C483+C23 Ireo Grand View High Street, Da Milano Italia, 11C, Sector 58, Gurugram, Haryana 122102, India",1,6,OPERATIONAL,https://maps.google.com/?cid=16813169994907743005&g_mp=Cilnb29nbGUubWFwcy5wbGFjZXMudjEuUGxhY2VzLlNlYXJjaE5lYXJieRACGAQgAA,ChIJHw8p1skjDTkRHXO7xgdhVOk
Parisian Cafe,cafe,cafe|brunch_restaurant|pizza_restaurant|coffee_shop|breakfast_restaurant|european_restaurant|bakery|seafood_restaurant|food_store|store|restaurant|food|point_of_interest|establishment,089298 00085,https://parisian.in/,"shop 18A, ground floor, ireo grand view, high street, near grand hyatt hotel, Sector 58, Gurugram, Haryana 122098, India",4.4,216,OPERATIONAL,https://maps.google.com/?cid=12183019125024019318&g_mp=Cilnb29nbGUubWFwcy5wbGFjZXMudjEuUGxhY2VzLlNlYXJjaE5lYXJieRACGAQgAA,ChIJFUKEtEIjDTkRdtPYhljHEqk
Roots Developers,general_contractor,general_contractor|service|point_of_interest|establishment,093666 68585,http://roots-developers.com/,"9th Floor, Ireo Grand View, 9B, Golf Course Ext Rd, Sector 58, Gurugram, Haryana 122098, India",4.5,24,OPERATIONAL,https://maps.google.com/?cid=11107809319699966167&g_mp=Cilnb29nbGUubWFwcy5wbGFjZXMudjEuUGxhY2VzLlNlYXJjaE5lYXJieRACGAQgAA,ChIJYQFcHrMYDTkR12h9fbndJpo
Parisian,french_restaurant,french_restaurant|restaurant|food|point_of_interest|establishment,,,"C472+QXX, Sector 58, Ghata, Gurugram, Haryana 122098, India",4.9,12,OPERATIONAL,https://maps.google.com/?cid=12361989639771669179&g_mp=Cilnb29nbGUubWFwcy5wbGFjZXMudjEuUGxhY2VzLlNlYXJjaE5lYXJieRACGAQgAA,ChIJ0Z1XZAAhDTkRu0KmqxScjqs
EKA IREO,clothing_store,clothing_store|store|point_of_interest|establishment,074288 21296,https://www.ekadesignstudio.com/,"Ground Floor, Unit 17A & 17B, Ireo Grand View High Street, Golf Course Ext Rd, Sector 58, Gurugram, Haryana 122098, India",,,OPERATIONAL,https://maps.google.com/?cid=3109715774588706906&g_mp=Cilnb29nbGUubWFwcy5wbGFjZXMudjEuUGxhY2VzLlNlYXJjaE5lYXJieRACGAQgAA,ChIJHdMONh8hDTkRWuDJYAXuJys
Soul Foods Retail Private Limited,asian_grocery_store,health_food_store|food_delivery|supermarket|market|asian_grocery_store|grocery_store|food_store|store|health|food|point_of_interest|establishment,098739 75748,https://soulfoodsretail.com/,"UNIT NO. 9B Ground Floor, Grand View High Street, Golf Course Ext Rd, Sector 58, Gurugram, Haryana 122098, India",5,8,OPERATIONAL,https://maps.google.com/?cid=10070577675336609281&g_mp=Cilnb29nbGUubWFwcy5wbGFjZXMudjEuUGxhY2VzLlNlYXJjaE5lYXJieRACGAQgAA,ChIJcUdXucUhDTkRAe5qHQrhwYs
Radhika Tent House And Decoration,supplier,supplier|point_of_interest|service|establishment,082189 94890,https://radhikatenthouse.mapgurugram.com/,"Plot no 23, near POWERHOUSE, Sector 58, Gurugram, Haryana 122098, India",4.9,54,OPERATIONAL,https://maps.google.com/?cid=14086256077308015538&g_mp=Cilnb29nbGUubWFwcy5wbGFjZXMudjEuUGxhY2VzLlNlYXJjaE5lYXJieRACGAQgAA,ChIJxV5InqojDTkRsrMhJ0VvfMM
Manoj house,association_or_organization,association_or_organization|point_of_interest|service|establishment,,,"Grand Hyatt Gurgaon Residences, Unnamed Road, Sector 58, Gurugram, Haryana 122098, India",,,OPERATIONAL,https://maps.google.com/?cid=4511575198866358962&g_mp=Cilnb29nbGUubWFwcy5wbGFjZXMudjEuUGxhY2VzLlNlYXJjaE5lYXJieRACGAQgAA,ChIJzz5u9IYhDTkRskLkcb1VnD4
Naveen's House,service,point_of_interest|service|establishment,,,"C484+W9R, Sector 58, Gurugram, Ghata, Haryana 122098, India",,,OPERATIONAL,https://maps.google.com/?cid=2697660090139114570&g_mp=Cilnb29nbGUubWFwcy5wbGFjZXMudjEuUGxhY2VzLlNlYXJjaE5lYXJieRACGAQgAA,ChIJ632NooUhDTkRSnx9JY8DcCU
Bindu Kumar,wholesaler,wholesaler|point_of_interest|establishment,,,"4A, Sector 58, Gurugram, Ghata, Haryana 122098, India",,,CLOSED_TEMPORARILY,https://maps.google.com/?cid=12347027512997202733&g_mp=Cilnb29nbGUubWFwcy5wbGFjZXMudjEuUGxhY2VzLlNlYXJjaE5lYXJieRACGAQgAA,ChIJR6FnSAAhDTkRLUssEBt0Was
AYAAN GURJAR,service,point_of_interest|service|establishment,,,"C484+W9R, Sector 58, Gurugram, Ghata, Haryana 122098, India",,,OPERATIONAL,https://maps.google.com/?cid=1155785531070030883&g_mp=Cilnb29nbGUubWFwcy5wbGFjZXMudjEuUGxhY2VzLlNlYXJjaE5lYXJieRACGAQgAA,ChIJtX_cNMchDTkRIyT3H9EsChA
Ashok's House,service,point_of_interest|service|establishment,,,"C484+W9R, Sector 58, Gurugram, Ghata, Haryana 122098, India",5,1,OPERATIONAL,https://maps.google.com/?cid=12342442894342963320&g_mp=Cilnb29nbGUubWFwcy5wbGFjZXMudjEuUGxhY2VzLlNlYXJjaE5lYXJieRACGAQgAA,ChIJ_bMzRt4hDTkReEDbWWsqSas
"Urban Furniture Home Renew & Repairs - Paint, Fabrications",manufacturer,furniture_store|home_improvement_store|home_goods_store|store|point_of_interest|service|manufacturer|establishment,097187 00734,https://urbanfurnitureshome.unaux.com/,"Shop No.4, Banjara Mkt Rd, near Power House, Ghatta Kanarpur, Sector 58, Gurugram, Haryana 122098, India",4.9,122,OPERATIONAL,https://maps.google.com/?cid=15998418888771177894&g_mp=Cilnb29nbGUubWFwcy5wbGFjZXMudjEuUGxhY2VzLlNlYXJjaE5lYXJieRACGAQgAA,ChIJQeOIYDkhDTkRpg0bUTfNBd4
Sanjay communication,,point_of_interest|establishment,096549 96608,,"Shop no 1, Sanjay communication, near discovery wine shop, Sector 58, Gurugram, Haryana 122011, India",4.3,6,OPERATIONAL,https://maps.google.com/?cid=18025620061232290980&g_mp=Cilnb29nbGUubWFwcy5wbGFjZXMudjEuUGxhY2VzLlNlYXJjaE5lYXJieRACGAQgAA,ChIJUUNdT5UhDTkRpNznHfHdJ_o
Ramjilal Residence (रामजीलाल रेज़िडेंस),association_or_organization,association_or_organization|point_of_interest|service|establishment,,,"C485+G2F, Sector 58, Ghata, Gurugram, Haryana 122011, India",,,OPERATIONAL,https://maps.google.com/?cid=14779387461568634244&g_mp=Cilnb29nbGUubWFwcy5wbGFjZXMudjEuUGxhY2VzLlNlYXJjaE5lYXJieRACGAQgAA,ChIJbcaQAgAhDTkRhB2pfJfuGs0
Green 13,apartment_complex,apartment_complex|point_of_interest|service|establishment,,,"C485+C39, Sector 58, Ghata, Gurugram, Haryana 122011, India",,,OPERATIONAL,https://maps.google.com/?cid=14578672136646046887&g_mp=Cilnb29nbGUubWFwcy5wbGFjZXMudjEuUGxhY2VzLlNlYXJjaE5lYXJieRACGAQgAA,ChIJN0IuDAAhDTkRpzSsMRHZUco
Green 1,apartment_complex,apartment_complex|point_of_interest|service|establishment,,,"C485+C39, Sector 58, Ghata, Gurugram, Haryana 122011, India",,,OPERATIONAL,https://maps.google.com/?cid=9150282312593941599&g_mp=Cilnb29nbGUubWFwcy5wbGFjZXMudjEuUGxhY2VzLlNlYXJjaE5lYXJieRACGAQgAA,ChIJIRhobwAhDTkRX6SzdEhV_H4
Begraj Farm House,service,point_of_interest|service|establishment,,,"C484+W9R, Sector 58, Gurugram, Haryana 122098, India",4.8,10,OPERATIONAL,https://maps.google.com/?cid=1576884543800792289&g_mp=Cilnb29nbGUubWFwcy5wbGFjZXMudjEuUGxhY2VzLlNlYXJjaE5lYXJieRACGAQgAA,ChIJQf4DQFwhDTkR4dQMTSM44hU
Mohit Store,general_store,general_store|food_store|store|food|point_of_interest|establishment,,,"C484+W9R, Sector 58, Gurugram, Ghata, Haryana 122098, India",5,5,OPERATIONAL,https://maps.google.com/?cid=1575007837736165948&g_mp=Cilnb29nbGUubWFwcy5wbGFjZXMudjEuUGxhY2VzLlNlYXJjaE5lYXJieRACGAQgAA,ChIJWyHX29MhDTkRPGK4nkiN2xU
Main Banjara market gurgaon,market,market|point_of_interest|establishment,,,"Banjara Mkt Rd, Ghatta Kanarpur, Sector 58, Gurugram, Ghata, Haryana 122098, India",4,147,OPERATIONAL,https://maps.google.com/?cid=15933074017853154878&g_mp=Cilnb29nbGUubWFwcy5wbGFjZXMudjEuUGxhY2VzLlNlYXJjaE5lYXJieRACGAQgAA,ChIJpc9jqKsYDTkRPqYk9mamHd0
Oberoi Realty New Launch Gurgaon,general_contractor,general_contractor|point_of_interest|service|establishment,,https://oberoirealty-gurgaon.info/,"Near Banjara Market Road, Golf Course Ext Rd, Sector 58, Gurugram, Haryana 122102, India",4.3,3,OPERATIONAL,https://maps.google.com/?cid=2161125824715678926&g_mp=Cilnb29nbGUubWFwcy5wbGFjZXMudjEuUGxhY2VzLlNlYXJjaE5lYXJieRACGAQgAA,ChIJu_-qLUX6jIsRzuQZyXzc_R0
Saifi Steel Fabricator,general_contractor,general_contractor|point_of_interest|service|establishment,098990 61300,,"Banjara Mkt Rd, Sector 58, Ghata, Gurugram, Haryana 122102, India",4.8,18,OPERATIONAL,https://maps.google.com/?cid=17152982959477168887&g_mp=Cilnb29nbGUubWFwcy5wbGFjZXMudjEuUGxhY2VzLlNlYXJjaE5lYXJieRACGAQgAA,ChIJnRJ4MgAhDTkR9xr3CR-jC-4
Sector 58 Banjara market Ghata Village Gurgaon,car_wash,car_wash|point_of_interest|service|establishment,,,"C484+X3H, Banjara Mkt Rd, Sector 58, Ghata, Gurugram, Haryana 122098, India",4.8,4,OPERATIONAL,https://maps.google.com/?cid=16232396248621186064&g_mp=Cilnb29nbGUubWFwcy5wbGFjZXMudjEuUGxhY2VzLlNlYXJjaE5lYXJieRACGAQgAA,ChIJ0wrQIwAhDTkREPxynGIOReE
Banjara market carpet shop,building_materials_store,building_materials_store|home_goods_store|store|point_of_interest|establishment,,,"C484+X3G, Banjara Mkt Rd, Sector 58, Gurugram, Ghata, Haryana 122098, India",4.7,3,OPERATIONAL,https://maps.google.com/?cid=10517988155981738420&g_mp=Cilnb29nbGUubWFwcy5wbGFjZXMudjEuUGxhY2VzLlNlYXJjaE5lYXJieRACGAQgAA,ChIJX7Y5VgAhDTkRtLEOTYBm95E
Oberoi Realty Luxury Residences,condominium_complex,condominium_complex|point_of_interest|service|establishment,083689 45614,https://oberoirealty-projects.com/,"Sector 58, Ghata, Gurugram, Haryana 122098, India",5,7,OPERATIONAL,https://maps.google.com/?cid=5523358179399636908&g_mp=Cilnb29nbGUubWFwcy5wbGFjZXMudjEuUGxhY2VzLlNlYXJjaE5lYXJieRACGAQgAA,ChIJI8ahZwAhDTkRrBddCgDppkw
"C474+XWH Gurugram, Haryana",apartment_building,apartment_building|point_of_interest|service|establishment,,,"56E, Sector 58, Gurugram, Ghata, Haryana 122098, India",,,OPERATIONAL,https://maps.google.com/?cid=3263711818903914203&g_mp=Cilnb29nbGUubWFwcy5wbGFjZXMudjEuUGxhY2VzLlNlYXJjaE5lYXJieRACGAQgAA,ChIJeQ0pZAAhDTkR2wYDf5sISy0
Nitai Clinic,health,health|point_of_interest|establishment,,,"C475+WHW, Sector 58, Gurugram, Ghata, Haryana 122011, India",,,OPERATIONAL,https://maps.google.com/?cid=9316093361279850328&g_mp=Cilnb29nbGUubWFwcy5wbGFjZXMudjEuUGxhY2VzLlNlYXJjaE5lYXJieRACGAQgAA,ChIJMeK_JAAhDTkRWNd1pY1pSYE
Pankh school,educational_institution,educational_institution|point_of_interest|establishment,,,"C486+Q3C, Ghatta Kanarpur, Sector 58, Gurugram, Haryana 122011, India",5,2,OPERATIONAL,https://maps.google.com/?cid=13994115481831712838&g_mp=Cilnb29nbGUubWFwcy5wbGFjZXMudjEuUGxhY2VzLlNlYXJjaE5lYXJieRACGAQgAA,ChIJIzHJStshDTkRRqhfAOMVNcI
JAI HIND PRAGATI PRIMARY LEARNING CENTRE,non_profit_organization,non_profit_organization|association_or_organization|point_of_interest|establishment,098966 11491,http://www.tif.org.in/,"Banjara Mkt Rd, Ghatta Kanarpur, Sector 58, Gurugram, Haryana 122011, India",5,2,OPERATIONAL,https://maps.google.com/?cid=14475646468114010277&g_mp=Cilnb29nbGUubWFwcy5wbGFjZXMudjEuUGxhY2VzLlNlYXJjaE5lYXJieRACGAQgAA,ChIJh1eDCQAhDTkRpdASesTT48g
Riya Enterprise,internet_cafe,internet_cafe|service|point_of_interest|establishment,,https://wa.me/qr/YUBVFG5FQ52VF1,"Riya Enterprise, Sector 58, Gurugram, Haryana 122011, India",5,9,OPERATIONAL,https://maps.google.com/?cid=1770600431859705916&g_mp=Cilnb29nbGUubWFwcy5wbGFjZXMudjEuUGxhY2VzLlNlYXJjaE5lYXJieRACGAQgAA,ChIJ41JCMWEhDTkRPKgmNLZvkhg
Sh Carpenter Gurgaon,general_contractor,general_contractor|service|point_of_interest|establishment,085098 14060,https://www.arifinterior.com/contact-us.html,"Village, Dayma Rd, Sector 58, Ghata, Gurugram, Haryana 122011, India",5,7,OPERATIONAL,https://maps.google.com/?cid=2631311249781866347&g_mp=Cilnb29nbGUubWFwcy5wbGFjZXMudjEuUGxhY2VzLlNlYXJjaE5lYXJieRACGAQgAA,ChIJH9wa2ZIhDTkRa7-88KNLhCQ
Ghata-Naddi,historical_landmark,historical_landmark|historical_place|point_of_interest|establishment,,,"C485+XC7, Sector 58, Gurugram, Haryana 122011, India",4.4,5,CLOSED_TEMPORARILY,https://maps.google.com/?cid=5235825287418956296&g_mp=Cilnb29nbGUubWFwcy5wbGFjZXMudjEuUGxhY2VzLlNlYXJjaE5lYXJieRACGAQgAA,ChIJf87EPwAhDTkRCEqdultjqUg
Najma communication sector 58,school,school|educational_institution|point_of_interest|establishment,,,"Najma communication, Sector 58, Gurugram, Haryana 122011, India",,,OPERATIONAL,https://maps.google.com/?cid=16360136844896105503&g_mp=Cilnb29nbGUubWFwcy5wbGFjZXMudjEuUGxhY2VzLlNlYXJjaE5lYXJieRACGAQgAA,ChIJUfdB1BAhDTkRH_TP3MfhCuM
Furniture Shop and Decoration,furniture_store,furniture_store|home_improvement_store|home_goods_store|store|point_of_interest|establishment,,,"Shop No D 124, Banjara Market, Sector 58, Gurugram, Haryana 122011, India",,,OPERATIONAL,https://maps.google.com/?cid=2255672570964129316&g_mp=Cilnb29nbGUubWFwcy5wbGFjZXMudjEuUGxhY2VzLlNlYXJjaE5lYXJieRACGAQgAA,ChIJl8fYq_AhDTkRJLbokUDCTR8
MS Swimming Pool Maintenance Service,swimming_pool,swimming_pool|sports_activity_location|point_of_interest|establishment,,,"Room No 210, Grand Arch E.w.s., Archview Dr, near Ireo Campus, Sector 58, Gurugram, Haryana 122011, India",1,1,CLOSED_TEMPORARILY,https://maps.google.com/?cid=7106433400148158204&g_mp=Cilnb29nbGUubWFwcy5wbGFjZXMudjEuUGxhY2VzLlNlYXJjaE5lYXJieRACGAQgAA,ChIJlRm9VvAhDTkR_GbNo4Yfn2I
"58,Banjara market",housing_complex,housing_complex|service|point_of_interest|establishment,,,"C495+4HR, Ghata Vlg Rd, Ghatta Kanarpur, Sector 68, Gurugram, Haryana 122011, India",4.7,6,OPERATIONAL,https://maps.google.com/?cid=18117332757141629313&g_mp=Cilnb29nbGUubWFwcy5wbGFjZXMudjEuUGxhY2VzLlNlYXJjaE5lYXJieRACGAQgAA,ChIJqejCPQAhDTkRgan5Iieybfs
सेवडान की गली,synagogue,synagogue|place_of_worship|association_or_organization|point_of_interest|establishment,,,"C496+292, 636A, near Samshan Ghat, Ghatta Kanarpur, Sector 58, Gurugram, Ghata, Haryana 122011, India",,,OPERATIONAL,https://maps.google.com/?cid=16102633889357176054&g_mp=Cilnb29nbGUubWFwcy5wbGFjZXMudjEuUGxhY2VzLlNlYXJjaE5lYXJieRACGAQgAA,ChIJraLkYwAhDTkR9hxN-zQMeN8
Ghata Gaon Plot no 5 Near By Samson Ghat,apartment_building,apartment_building|service|point_of_interest|establishment,,,"C496+292, 636A, near Samshan Ghat, Ghatta Kanarpur, Sector 58, Gurugram, Ghata, Haryana 122011, India",5,1,OPERATIONAL,https://maps.google.com/?cid=17491070598433114612&g_mp=Cilnb29nbGUubWFwcy5wbGFjZXMudjEuUGxhY2VzLlNlYXJjaE5lYXJieRACGAQgAA,ChIJV9I2YgAhDTkR9InioAnEvPI
Ashok tower,association_or_organization,service|association_or_organization|point_of_interest|establishment,,,"C496+292, 636A, near Samshan Ghat, Ghatta Kanarpur, Sector 58, Gurugram, Ghata, Haryana 122011, India",,,OPERATIONAL,https://maps.google.com/?cid=3217118297373058429&g_mp=Cilnb29nbGUubWFwcy5wbGFjZXMudjEuUGxhY2VzLlNlYXJjaE5lYXJieRACGAQgAA,ChIJtcsTbwAhDTkRfaVU4wuApSw
Gift Gallery,gift_shop,gift_shop|store|point_of_interest|establishment,070424 03282,,"Banjara Mkt Rd, Sector 58, Gurugram, Haryana 122011, India",,,OPERATIONAL,https://maps.google.com/?cid=11748283673417918723&g_mp=Cilnb29nbGUubWFwcy5wbGFjZXMudjEuUGxhY2VzLlNlYXJjaE5lYXJieRACGAQgAA,ChIJA-lns6AhDTkRA6mYgsFJCqM
Oberoi 360 | Sales Office,corporate_office,corporate_office|point_of_interest|establishment,,,"Sector 92, Sector 58, Gurugram, Haryana 122051, India",5,3,OPERATIONAL,https://maps.google.com/?cid=7760254521812621415&g_mp=Cilnb29nbGUubWFwcy5wbGFjZXMudjEuUGxhY2VzLlNlYXJjaE5lYXJieRACGAQgAA,ChIJC2vfwuk9DTkRZ5hCO1_2sWs
Chicken fish shop (Halal),butcher_shop,butcher_shop|food_store|store|manufacturer|service|food|point_of_interest|establishment,,,"Banjara Market, Ghatta Kanarpur, Sector 58, Ghata, Gurugram, Haryana 122011, India",,,OPERATIONAL,https://maps.google.com/?cid=15775094062130084001&g_mp=Cilnb29nbGUubWFwcy5wbGFjZXMudjEuUGxhY2VzLlNlYXJjaE5lYXJieRACGAQgAA,ChIJ78cLZgAhDTkRoTijL3hk7No
Apollo Petro Chemicals,corporate_office,corporate_office|point_of_interest|establishment,0281 257 0280,http://apollopetrochemicals.in/,"Silver Arc Chamber, Office No. 17, Plot No, 57, Sector No. 8, Sushant Lok III Extension, Sector 57, Gandhidham, Gurugram, Haryana 122011, India",,,OPERATIONAL,https://maps.google.com/?cid=15060743367147176319&g_mp=Cilnb29nbGUubWFwcy5wbGFjZXMudjEuUGxhY2VzLlNlYXJjaE5lYXJieRACGAQgAA,ChIJkSRgoHMiDTkRf8EgFEyCAtE
Royal AC Repair Service,service,service|point_of_interest|establishment,088827 50353,,"Shop no 12, Block F, Sushant Lok III Extension, Sector 57, Gurugram, Haryana 122011, India",5,2,OPERATIONAL,https://maps.google.com/?cid=11430158842784487359&g_mp=Cilnb29nbGUubWFwcy5wbGFjZXMudjEuUGxhY2VzLlNlYXJjaE5lYXJieRACGAQgAA,ChIJr9VV6cwjDTkRv5d1bugUoJ4
NITians Classes,service,service|point_of_interest|establishment,093118 92949,,"E Block, H 11, Sushant Lok III Extension, Sector 57, Gurugram, Haryana 122003, India",5,33,OPERATIONAL,https://maps.google.com/?cid=7670363419029976983&g_mp=Cilnb29nbGUubWFwcy5wbGFjZXMudjEuUGxhY2VzLlNlYXJjaE5lYXJieRACGAQgAA,ChIJKfK-TsYjDTkRl7du6eOacmo
Tower C5 The Legend,apartment_building,apartment_building|service|point_of_interest|establishment,,,"The legend apartments, THE LEGEND TOWER, Sushant Lok III Extension, Sector 57, Gurugram, Haryana 122011, India",,,OPERATIONAL,https://maps.google.com/?cid=2742729651652519070&g_mp=Cilnb29nbGUubWFwcy5wbGFjZXMudjEuUGxhY2VzLlNlYXJjaE5lYXJieRACGAQgAA,ChIJrR3_UjAjDTkRnuStKRYiECY
C6 tower,apartment_building,apartment_building|service|point_of_interest|establishment,,,"C39G+9G6, Unnamed Road, Sushant Lok III Extension, Sector 57, Gurugram, Haryana 122011, India",,,OPERATIONAL,https://maps.google.com/?cid=1998049668620426481&g_mp=Cilnb29nbGUubWFwcy5wbGFjZXMudjEuUGxhY2VzLlNlYXJjaE5lYXJieRACGAQgAA,ChIJ15oY0JMjDTkR8Ry1ZZZ_uhs
TastyBite,meal_takeaway,meal_takeaway|restaurant|food|point_of_interest|establishment,082170 33940,,"The Legend Apartment, D2-803, Sushant Lok III Extension, Sector 57, Gurugram, Haryana 122011, India",5,1,CLOSED_TEMPORARILY,https://maps.google.com/?cid=4664977001659936012&g_mp=Cilnb29nbGUubWFwcy5wbGFjZXMudjEuUGxhY2VzLlNlYXJjaE5lYXJieRACGAQgAA,ChIJGZi5MX8jDTkRDK1O7d1TvUA
Dr. Jyoti Goyal - GET SWASTH,doctor,doctor|medical_clinic|health|point_of_interest|establishment,,,"The legend apartments, D2 803, Sushant Lok III Extension, Sector 57, Gurugram, Haryana 122011, India",,,OPERATIONAL,https://maps.google.com/?cid=5267807358011051659&g_mp=Cilnb29nbGUubWFwcy5wbGFjZXMudjEuUGxhY2VzLlNlYXJjaE5lYXJieRACGAQgAA,ChIJk988DAMjDTkRiw5wz-ECG0k
Capital O 38563 Hotel Marquis,hotel,hotel|guest_house|inn|cottage|motel|lodging|service|point_of_interest|establishment,0124 620 1206,https://www.oyorooms.com/57182,"Block C, Sushant Lok III, Sector 57, Gurugram, Haryana 122011, India",4.2,37,OPERATIONAL,https://maps.google.com/?cid=1903460704835896811&g_mp=Cilnb29nbGUubWFwcy5wbGFjZXMudjEuUGxhY2VzLlNlYXJjaE5lYXJieRACGAQgAA,ChIJaxWy1vYjDTkR64WoE21zaho
Hawk Eye Security Se,corporate_office,corporate_office|point_of_interest|establishment,078358 49649,http://hawkeyesecurityservices.in/,"TOWER-B2, ASF Insignia, 508, 5th Floor, Sushant Lok III Extension, Sector 57, Gurugram, Haryana 122011, India",,,OPERATIONAL,https://maps.google.com/?cid=8350222878957318591&g_mp=Cilnb29nbGUubWFwcy5wbGFjZXMudjEuUGxhY2VzLlNlYXJjaE5lYXJieRACGAQgAA,ChIJ__8PpXMiDTkRvzGXj3fz4XM
KeySS (Key Software Services Private Limited),,consultant|service|point_of_interest|establishment,090504 50240,https://keysoftwareservices.co.in/,"1148, TOWER-B2, Spaze I-Tech Park, बादशाहपुर सोहना मार्ग, सुशांत लोक III एक्सटेंशन, सेक्टर ५७, गुरुग्राम, हरियाणा 122011, India",4.3,9,OPERATIONAL,https://maps.google.com/?cid=12177775626838107065&g_mp=Cilnb29nbGUubWFwcy5wbGFjZXMudjEuUGxhY2VzLlNlYXJjaE5lYXJieRACGAQgAA,ChIJ3W1g95oiDTkRuWMYeGkmAKk
German car care,car_repair,car_repair|service|point_of_interest|establishment,,https://germancarcare.site/,"Shop number 21, sector 57, opposite to THE LEGEND TOWER, Block C, Sushant Lok III, Sector 57, Gurugram, Haryana 122011, India",5,1,OPERATIONAL,https://maps.google.com/?cid=15076925511548072767&g_mp=Cilnb29nbGUubWFwcy5wbGFjZXMudjEuUGxhY2VzLlNlYXJjaE5lYXJieRACGAQgAA,ChIJsxlb2gsjDTkRP_PYLN__O9E
Inbel Enterprises,corporate_office,corporate_office|point_of_interest|establishment,,,"C39G+VJ5, Sushant Lok III Extension, Sector 57, Gurugram, Haryana 122011, India",,,OPERATIONAL,https://maps.google.com/?cid=17812154039621798001&g_mp=Cilnb29nbGUubWFwcy5wbGFjZXMudjEuUGxhY2VzLlNlYXJjaE5lYXJieRACGAQgAA,ChIJw6TDSLkjDTkRcUgy6Ll7Mfc
E 134,apartment_building,apartment_building|service|point_of_interest|establishment,,,"THE LEGEND TOWER, Sushant Lok III Extension, Sector 57, Gurugram, Haryana 122011, India",,,OPERATIONAL,https://maps.google.com/?cid=9733827095568744640&g_mp=Cilnb29nbGUubWFwcy5wbGFjZXMudjEuUGxhY2VzLlNlYXJjaE5lYXJieRACGAQgAA,ChIJU88pAwAjDTkRwIBy4CuAFYc
Aishs bnb,lodging,lodging|service|point_of_interest|establishment,,,"C39G+8CV, Sushant Lok III Extension, Sector 57, Gurugram, Haryana 122011, India",,,OPERATIONAL,https://maps.google.com/?cid=4873248193319928739&g_mp=Cilnb29nbGUubWFwcy5wbGFjZXMudjEuUGxhY2VzLlNlYXJjaE5lYXJieRACGAQgAA,ChIJB9s6VAAjDTkRowMmiWlBoUM
280 C,apartment_building,apartment_building|service|point_of_interest|establishment,,,"C39G+8CV, Sushant Lok III Extension, Sector 57, Gurugram, Haryana 122011, India",,,OPERATIONAL,https://maps.google.com/?cid=7846125233831233080&g_mp=Cilnb29nbGUubWFwcy5wbGFjZXMudjEuUGxhY2VzLlNlYXJjaE5lYXJieRACGAQgAA,ChIJFcY9-k4jDTkROEa9YVQJ42w
Florence villa,apartment_building,apartment_building|service|point_of_interest|establishment,,,"B-1/25, Sushant Lok III Extension, Sector 57, Gurugram, Haryana 122011, India",1,2,OPERATIONAL,https://maps.google.com/?cid=15917943116449661744&g_mp=Cilnb29nbGUubWFwcy5wbGFjZXMudjEuUGxhY2VzLlNlYXJjaE5lYXJieRACGAQgAA,ChIJvdNBZ9YjDTkRMEPbcu3k59w
Priyank,apartment_building,apartment_building|service|point_of_interest|establishment,,,"D -67, Sushant Lok III Extension, Sector 57, Gurugram, Haryana 122011, India",,,OPERATIONAL,https://maps.google.com/?cid=5167217571424944578&g_mp=Cilnb29nbGUubWFwcy5wbGFjZXMudjEuUGxhY2VzLlNlYXJjaE5lYXJieRACGAQgAA,ChIJDdb75QkjDTkRwsHwDQGltUc
"Tower D4, The Legend Apt, Sector 57",apartment_building,apartment_building|service|point_of_interest|establishment,,,"D4, Sushant Lok III Extension, Sector 57, Gurugram, Haryana 122011, India",5,3,OPERATIONAL,https://maps.google.com/?cid=14454484288304269379&g_mp=Cilnb29nbGUubWFwcy5wbGFjZXMudjEuUGxhY2VzLlNlYXJjaE5lYXJieRACGAQgAA,ChIJAcbw4-sjDTkRQ0jXh-CkmMg
APNC,health,health|point_of_interest|establishment,,,"TOWER-B2, 155, Sushant Lok III Extension, Sector 57, Gurugram, Haryana 122011, India",,,OPERATIONAL,https://maps.google.com/?cid=14230554181866412146&g_mp=Cilnb29nbGUubWFwcy5wbGFjZXMudjEuUGxhY2VzLlNlYXJjaE5lYXJieRACGAQgAA,ChIJ2c5_JNIjDTkRctgYt6EVfcU
C187,housing_complex,housing_complex|service|point_of_interest|establishment,,,"C39G+8CV, Sushant Lok III Extension, Sector 57, Gurugram, Haryana 122011, India",,,OPERATIONAL,https://maps.google.com/?cid=5599675170109335214&g_mp=Cilnb29nbGUubWFwcy5wbGFjZXMudjEuUGxhY2VzLlNlYXJjaE5lYXJieRACGAQgAA,ChIJmUqR3kYjDTkRribxG-YKtk0
"C-128, Sushant Lok 3, Sector 57, Gurgaon, Harayana, India",apartment_building,apartment_building|service|point_of_interest|establishment,,,"House number - 128, Block C, Sushant Lok III, Sector 57, Gurugram, Haryana 122011, India",5,2,OPERATIONAL,https://maps.google.com/?cid=12729174196981072959&g_mp=Cilnb29nbGUubWFwcy5wbGFjZXMudjEuUGxhY2VzLlNlYXJjaE5lYXJieRACGAQgAA,ChIJ4_9ILgAjDTkRPwQgd30cp7A
"King of kings home, C-126, sushant lok 3",apartment_building,apartment_building|service|point_of_interest|establishment,,,"126, Sushant Lok, Block C, Sushant Lok III, Sector 57, Gurugram, Haryana 122011, India",5,1,OPERATIONAL,https://maps.google.com/?cid=17153515923164328048&g_mp=Cilnb29nbGUubWFwcy5wbGFjZXMudjEuUGxhY2VzLlNlYXJjaE5lYXJieRACGAQgAA,ChIJmx8L1OQjDTkRcHA3UdmHDe4
Ishant painter,point_of_interest,point_of_interest|establishment,,,"Sector -57, Boom Plaza, Block C, Sushant Lok III, Sector 57, Gurugram, Haryana 122011, India",,,OPERATIONAL,https://maps.google.com/?cid=464436856572395327&g_mp=Cilnb29nbGUubWFwcy5wbGFjZXMudjEuUGxhY2VzLlNlYXJjaE5lYXJieRACGAQgAA,ChIJs6VDIQAjDTkRP7-YQNwCcgY
Clour saulution,point_of_interest,point_of_interest|establishment,,,"Sector -57, Boom Plaza, Block C, Sushant Lok III, Sector 57, Gurugram, Haryana 122011, India",,,OPERATIONAL,https://maps.google.com/?cid=8947885304629829079&g_mp=Cilnb29nbGUubWFwcy5wbGFjZXMudjEuUGxhY2VzLlNlYXJjaE5lYXJieRACGAQgAA,ChIJmwxrPQAjDTkR1x1m0UZGLXw
Irshad painter,,point_of_interest|establishment,060065 77819,,"Sector -57, Boom Plaza, Block C, Sushant Lok III, Sector 57, Gurugram, Haryana 122011, India",4.9,32,OPERATIONAL,https://maps.google.com/?cid=12294720718705364715&g_mp=Cilnb29nbGUubWFwcy5wbGFjZXMudjEuUGxhY2VzLlNlYXJjaE5lYXJieRACGAQgAA,ChIJS0oVqLEjDTkR644Re1qfn6o
Ishant painter,point_of_interest,point_of_interest|establishment,,,"Sector -57, Boom Plaza, Block C, Sushant Lok III, Sector 57, Gurugram, Haryana 122011, India",,,OPERATIONAL,https://maps.google.com/?cid=2568299653560966543&g_mp=Cilnb29nbGUubWFwcy5wbGFjZXMudjEuUGxhY2VzLlNlYXJjaE5lYXJieRACGAQgAA,ChIJM3XpNQAjDTkRj51Cb-1upCM
RAHEJA'S C-124 SUSHANT LOK PHASE 3,corporate_office,corporate_office|point_of_interest|establishment,,,"RAHEJA'S C124, Block C, Sushant Lok III, Sector 57, Gurugram, Haryana 122011, India",5,1,OPERATIONAL,https://maps.google.com/?cid=10411180107754692911&g_mp=Cilnb29nbGUubWFwcy5wbGFjZXMudjEuUGxhY2VzLlNlYXJjaE5lYXJieRACGAQgAA,ChIJ7U4lFAAjDTkRL-FUryXxe5A
C-119,association_or_organization,service|association_or_organization|point_of_interest|establishment,,,"C39J+F29, Block C, Sushant Lok III, Sector 57, Gurugram, Haryana 122011, India",,,OPERATIONAL,https://maps.google.com/?cid=11893658008079345134&g_mp=Cilnb29nbGUubWFwcy5wbGFjZXMudjEuUGxhY2VzLlNlYXJjaE5lYXJieRACGAQgAA,ChIJY9hSJAAjDTkR7qWMa_HCDqU
Flexanima pars,,point_of_interest|establishment,,,"C133, Block C, Sushant Lok III, Sector 57, Gurugram, Haryana 122011, India",,,CLOSED_TEMPORARILY,https://maps.google.com/?cid=4808473069266574779&g_mp=Cilnb29nbGUubWFwcy5wbGFjZXMudjEuUGxhY2VzLlNlYXJjaE5lYXJieRACGAQgAA,ChIJqW992YojDTkRu52qtccgu0I
Star Associates,consultant,real_estate_agency|consultant|service|point_of_interest|establishment,,,"C 133 Ground floor, Sector 57, Block C, Sushant Lok III Extension, Sector 57, Gurugram, Haryana 122011, India",5,3,OPERATIONAL,https://maps.google.com/?cid=17867368008458688595&g_mp=Cilnb29nbGUubWFwcy5wbGFjZXMudjEuUGxhY2VzLlNlYXJjaE5lYXJieRACGAQgAA,ChIJd6zb_XIiDTkRU9hbz4mk9fc
Sanjeevani Homes,apartment_building,apartment_building|service|point_of_interest|establishment,,,"122, Block C, Sushant Lok III, Sector 57, Gurugram, Haryana 122011, India",,,OPERATIONAL,https://maps.google.com/?cid=6589846720160729870&g_mp=Cilnb29nbGUubWFwcy5wbGFjZXMudjEuUGxhY2VzLlNlYXJjaE5lYXJieRACGAQgAA,ChIJpZYsmCAjDTkRDgt0b63Wc1s
"Ashiyana Homes, C-121 sushant lok 3",apartment_building,apartment_building|service|point_of_interest|establishment,,,"C39J+C26, Block C, Sushant Lok III, Sector 57, Gurugram, Haryana 122011, India",,,OPERATIONAL,https://maps.google.com/?cid=4676814853456018470&g_mp=Cilnb29nbGUubWFwcy5wbGFjZXMudjEuUGxhY2VzLlNlYXJjaE5lYXJieRACGAQgAA,ChIJ59FXqd8jDTkRJjyElFRi50A
C131 Sushant Lok 3,apartment_building,apartment_building|service|point_of_interest|establishment,,,"C Block, C131, Block C, Sushant Lok III, Sector 57, Gurugram, Haryana 122011, India",,,OPERATIONAL,https://maps.google.com/?cid=4406605433974293772&g_mp=Cilnb29nbGUubWFwcy5wbGFjZXMudjEuUGxhY2VzLlNlYXJjaE5lYXJieRACGAQgAA,ChIJqQj5awAjDTkRDAVYhUtoJz0
Walia's,apartment_building,apartment_building|service|point_of_interest|establishment,,,"122, Block C, Sushant Lok III, Sector 57, Gurugram, Haryana 122011, India",,,OPERATIONAL,https://maps.google.com/?cid=11754048634694443470&g_mp=Cilnb29nbGUubWFwcy5wbGFjZXMudjEuUGxhY2VzLlNlYXJjaE5lYXJieRACGAQgAA,ChIJA4KnEgAjDTkRzqGgJ_XEHqM
The Mishra’s,apartment_building,apartment_building|service|point_of_interest|establishment,,,"House no. C140A, Block C, Sushant Lok III, Sector 57, Gurugram, Haryana 122011, India",3,1,OPERATIONAL,https://maps.google.com/?cid=749519545761185646&g_mp=Cilnb29nbGUubWFwcy5wbGFjZXMudjEuUGxhY2VzLlNlYXJjaE5lYXJieRACGAQgAA,ChIJadjL9YojDTkRbr9ORQ7UZgo
The Hood Gurgaon,campground,campground|lodging|point_of_interest|establishment,,,"C39H+PQ9, Block C, Sushant Lok III, Sector 57, Gurugram, Haryana 122011, India",,,CLOSED_TEMPORARILY,https://maps.google.com/?cid=6543614655888386227&g_mp=Cilnb29nbGUubWFwcy5wbGFjZXMudjEuUGxhY2VzLlNlYXJjaE5lYXJieRACGAQgAA,ChIJ9RcEfJkjDTkRs2hEJ9yWz1o
Bhatia home,housing_complex,housing_complex|service|point_of_interest|establishment,,,"C39J+H6M, Sector 57, Block C, Sushant Lok III, Sector 57, Gurugram, Haryana 122011, India",,,OPERATIONAL,https://maps.google.com/?cid=8742351503465150054&g_mp=Cilnb29nbGUubWFwcy5wbGFjZXMudjEuUGxhY2VzLlNlYXJjaE5lYXJieRACGAQgAA,ChIJjSLVeAAjDTkRZnakmV8SU3k
"C 241, Sushant Lok 3",housing_complex,housing_complex|service|point_of_interest|establishment,,,"241, Block C, Sushant Lok III, Sector 57, Gurugram, Haryana 122011, India",5,1,OPERATIONAL,https://maps.google.com/?cid=7761481193196632559&g_mp=Cilnb29nbGUubWFwcy5wbGFjZXMudjEuUGxhY2VzLlNlYXJjaE5lYXJieRACGAQgAA,ChIJcfk6k4QjDTkR7zlc6wVStms
"C149, Block C, Sushant Lok III",apartment_building,apartment_building|service|point_of_interest|establishment,,,"C149, Block C, Sushant Lok III, Sector 57, Gurugram, Haryana 122011, India",,,OPERATIONAL,https://maps.google.com/?cid=16433108181364651314&g_mp=Cilnb29nbGUubWFwcy5wbGFjZXMudjEuUGxhY2VzLlNlYXJjaE5lYXJieRACGAQgAA,ChIJyZPrFwAjDTkRMjXOGdMgDuQ
Bhutani Tower,apartment_building,apartment_building|service|point_of_interest|establishment,,,"C-141, Block C, Sushant Lok III, Sector 57, Gurugram, Haryana 122011, India",,,OPERATIONAL,https://maps.google.com/?cid=8032443233656846652&g_mp=Cilnb29nbGUubWFwcy5wbGFjZXMudjEuUGxhY2VzLlNlYXJjaE5lYXJieRACGAQgAA,ChIJd_7sM2wjDTkRPDmbNJD4eG8
Plackal house,condominium_complex,condominium_complex|service|point_of_interest|establishment,,,"A-189, Block A, Sushant Lok III, Sector 57, Gurugram, Haryana 122011, India",4.9,9,OPERATIONAL,https://maps.google.com/?cid=1880367787403402385&g_mp=Cilnb29nbGUubWFwcy5wbGFjZXMudjEuUGxhY2VzLlNlYXJjaE5lYXJieRACGAQgAA,ChIJud1jTgwiDTkRkVxEP4poGBo
KMG House,housing_complex,housing_complex|service|point_of_interest|establishment,,,"188, Block A, Sushant Lok III, Sector 57, Gurugram, Haryana 122011, India",3.5,2,OPERATIONAL,https://maps.google.com/?cid=6412767014129420136&g_mp=Cilnb29nbGUubWFwcy5wbGFjZXMudjEuUGxhY2VzLlNlYXJjaE5lYXJieRACGAQgAA,ChIJMaVGqSwjDTkRaMeGgJ-5_lg
City Vista Realty LLP,general_contractor,general_contractor|service|point_of_interest|establishment,,http://www.cityvistarealty.com/,"C39M+J57, Block A, Sushant Lok III, Sector 57, Gurugram, Haryana 122011, India",5,10,OPERATIONAL,https://maps.google.com/?cid=14955273439465883604&g_mp=Cilnb29nbGUubWFwcy5wbGFjZXMudjEuUGxhY2VzLlNlYXJjaE5lYXJieRACGAQgAA,ChIJfRWKPgAjDTkR1Mcy7vTNi88
Bella house,apartment_building,apartment_building|service|point_of_interest|establishment,,,"A186, Block A, Sushant Lok III, Sector 57, Gurugram, Haryana 122011, India",,,OPERATIONAL,https://maps.google.com/?cid=15744124075798299458&g_mp=Cilnb29nbGUubWFwcy5wbGFjZXMudjEuUGxhY2VzLlNlYXJjaE5lYXJieRACGAQgAA,ChIJ18dsZwAjDTkRQgOiVW5dfto
"DISCOVERY MONTESSORI, USA SUSHANTLOK |||",preschool,preschool|child_care_agency|school|educational_institution|service|point_of_interest|establishment,,,"A-222, Block A, Florence Marvel Villa Sector 57, Block A, Sushant Lok III, |||, Gurugram, Haryana 122011, India",,,CLOSED_TEMPORARILY,https://maps.google.com/?cid=6082987301238667389&g_mp=Cilnb29nbGUubWFwcy5wbGFjZXMudjEuUGxhY2VzLlNlYXJjaE5lYXJieRACGAQgAA,ChIJ568jWigjDTkRffiKr7gca1Q
LimeChat Gurgaon,,point_of_interest|establishment,,,"A193, Block A, Sushant Lok III, Sector 57, Gurugram, Haryana 122011, India",5,1,OPERATIONAL,https://maps.google.com/?cid=13736365984618791982&g_mp=Cilnb29nbGUubWFwcy5wbGFjZXMudjEuUGxhY2VzLlNlYXJjaE5lYXJieRACGAQgAA,ChIJ7QqFnpMjDTkRLkT2qRVgob4
Bella house,apartment_building,apartment_building|service|point_of_interest|establishment,,,"188, Block A, Sushant Lok III, Sector 57, Gurugram, Haryana 122011, India",,,OPERATIONAL,https://maps.google.com/?cid=7806332420567724073&g_mp=Cilnb29nbGUubWFwcy5wbGFjZXMudjEuUGxhY2VzLlNlYXJjaE5lYXJieRACGAQgAA,ChIJ19DADQAjDTkRKfCNDvqpVWw
Crux House,apartment_building,apartment_building|service|point_of_interest|establishment,,,"186, Block A, Sushant Lok III, Sector 57, Gurugram, Haryana 122011, India",5,1,OPERATIONAL,https://maps.google.com/?cid=9898890632126500028&g_mp=Cilnb29nbGUubWFwcy5wbGFjZXMudjEuUGxhY2VzLlNlYXJjaE5lYXJieRACGAQgAA,ChIJQX3BUDMjDTkRvIxXVpXsX4k
Rai Real Estate,general_contractor,general_contractor|service|point_of_interest|establishment,085888 57777,,"Florence Elite, Harmony Chowk, A-142, Block A, Sushant Lok III, Sector 57, Gurugram, Haryana 122011, India",5,2,OPERATIONAL,https://maps.google.com/?cid=16912132032821653197&g_mp=Cilnb29nbGUubWFwcy5wbGFjZXMudjEuUGxhY2VzLlNlYXJjaE5lYXJieRACGAQgAA,ChIJHZRQJ4ojDTkRze7Wwnr2s-o
"A-192, Sushant Lok 3",apartment_building,apartment_building|service|point_of_interest|establishment,,,"A192, Block A, Sushant Lok III, Sector 57, Gurugram, Haryana 122011, India",4.2,17,OPERATIONAL,https://maps.google.com/?cid=6384594559319533758&g_mp=Cilnb29nbGUubWFwcy5wbGFjZXMudjEuUGxhY2VzLlNlYXJjaE5lYXJieRACGAQgAA,ChIJw8YcKHMjDTkRvught-yimlg
Sai niwas,apartment_complex,apartment_complex|service|point_of_interest|establishment,,,"186, Block A, Sushant Lok III, Sector 57, Gurugram, Haryana 122011, India",,,OPERATIONAL,https://maps.google.com/?cid=3437716163417185895&g_mp=Cilnb29nbGUubWFwcy5wbGFjZXMudjEuUGxhY2VzLlNlYXJjaE5lYXJieRACGAQgAA,ChIJEW0xfQAjDTkRZ54ZB6M4tS8
The Altruist Business Hotels,hotel,hotel|lodging|point_of_interest|establishment,090560 60812,https://thealtruisthotels.com/gurugram/sector-57,"The Altruist Business Hotel, A-Block, 142 b, Block A, Sushant Lok III, Sector 57, Gurugram, Haryana 122003, India",4.8,159,OPERATIONAL,https://maps.google.com/?cid=4834694920954723760&g_mp=Cilnb29nbGUubWFwcy5wbGFjZXMudjEuUGxhY2VzLlNlYXJjaE5lYXJieRACGAQgAA,ChIJBS-JWgwiDTkRsD3kUGpJGEM
Sushant Lok A block Elite Estates,bus_stop,bus_stop|transit_stop|transit_station|transportation_service|point_of_interest|establishment,,,"Block A, Sushant Lok III, Sector 57, Gurugram, Haryana 122011, India",,,OPERATIONAL,https://maps.google.com/?cid=16163208397585128164&g_mp=Cilnb29nbGUubWFwcy5wbGFjZXMudjEuUGxhY2VzLlNlYXJjaE5lYXJieRACGAQgAA,ChIJlaAuWgwiDTkR5BqsuGZAT-A
Isha Sandeep Reddy Ist floor,service,service|point_of_interest|establishment,,,"A 202, Block A, Sushant Lok III, Sector 57, Gurugram, Haryana 122011, India",4.3,4,OPERATIONAL,https://maps.google.com/?cid=17937509968296374283&g_mp=Cilnb29nbGUubWFwcy5wbGFjZXMudjEuUGxhY2VzLlNlYXJjaE5lYXJieRACGAQgAA,ChIJhRZKpbsjDTkRC3BVd0fW7vg
"A-199, Sushant Lok 3, Block A",apartment_complex,apartment_complex|service|point_of_interest|establishment,,,"A200, Block A, Sushant Lok III, Sector 57, Gurugram, Haryana 122011, India",3,2,OPERATIONAL,https://maps.google.com/?cid=7729611981380312789&g_mp=Cilnb29nbGUubWFwcy5wbGFjZXMudjEuUGxhY2VzLlNlYXJjaE5lYXJieRACGAQgAA,ChIJk0SP2zMjDTkR1d7G0SQZRWs
Jaipuriar House,condominium_complex,condominium_complex|service|point_of_interest|establishment,,,"A 189, Block A, Sushant Lok III, Sector 57, Gurugram, Haryana 122011, India",5,4,OPERATIONAL,https://maps.google.com/?cid=11038976063796839266&g_mp=Cilnb29nbGUubWFwcy5wbGFjZXMudjEuUGxhY2VzLlNlYXJjaE5lYXJieRACGAQgAA,ChIJgyzSazQjDTkRYoOmNj5SMpk
Dushallhouse,apartment_building,apartment_building|service|point_of_interest|establishment,,,"A197, Block A, Sushant Lok III, Sector 57, Gurugram, Haryana 122011, India",2,1,OPERATIONAL,https://maps.google.com/?cid=10329980197868763054&g_mp=Cilnb29nbGUubWFwcy5wbGFjZXMudjEuUGxhY2VzLlNlYXJjaE5lYXJieRACGAQgAA,ChIJXfFcBgAjDTkRrnfJZkJ2W48
"A197, Sushant Lok 3",apartment_building,apartment_building|service|point_of_interest|establishment,,,"A197, Block A, Sushant Lok III, Sector 57, Gurugram, Haryana 122011, India",,,OPERATIONAL,https://maps.google.com/?cid=11516554004675770021&g_mp=Cilnb29nbGUubWFwcy5wbGFjZXMudjEuUGxhY2VzLlNlYXJjaE5lYXJieRACGAQgAA,ChIJ3YLEbqcjDTkRpTZNldkE058
A-220,service,service|point_of_interest|establishment,,,"A-220, Block A, Sushant Lok III, Sector 57, Gurugram, Haryana 122011, India",,,OPERATIONAL,https://maps.google.com/?cid=10630777169985467117&g_mp=Cilnb29nbGUubWFwcy5wbGFjZXMudjEuUGxhY2VzLlNlYXJjaE5lYXJieRACGAQgAA,ChIJMdT3iiQjDTkR7fJQB4MbiJM
Deepak Tyagi,apartment_building,apartment_building|service|point_of_interest|establishment,,,"Third Floor, A 202, Block A, Sushant Lok III, Sector 57, Gurugram, Haryana 122011, India",5,3,OPERATIONAL,https://maps.google.com/?cid=11205895388703216637&g_mp=Cilnb29nbGUubWFwcy5wbGFjZXMudjEuUGxhY2VzLlNlYXJjaE5lYXJieRACGAQgAA,ChIJpc3beJsjDTkR_dPXEXxWg5s
A167-B,apartment_building,apartment_building|service|point_of_interest|establishment,,,"A167/B, near Harmony Homes Road, Block A, Sushant Lok III, Sector 57, Gurugram, Haryana 122011, India",,,OPERATIONAL,https://maps.google.com/?cid=8136360679864311818&g_mp=Cilnb29nbGUubWFwcy5wbGFjZXMudjEuUGxhY2VzLlNlYXJjaE5lYXJieRACGAQgAA,ChIJcSvgFAAjDTkRCqDEF-4o6nA
Shree Balaji General Store,general_store,general_store|food_store|store|food|point_of_interest|establishment,,,"A/172B, Block A, Sushant Lok III, Sector 57, Gurugram, Haryana 122011, India",,,CLOSED_TEMPORARILY,https://maps.google.com/?cid=11191102263252866966&g_mp=Cilnb29nbGUubWFwcy5wbGFjZXMudjEuUGxhY2VzLlNlYXJjaE5lYXJieRACGAQgAA,ChIJWfNeawAjDTkRltdBJjfITps
Vichaar4all,corporate_office,corporate_office|point_of_interest|establishment,,,"C39P+FJJ, Rd to F Block, Block F, Sushant Lok III, Sector 57, Gurugram, Haryana 122011, India",5,1,OPERATIONAL,https://maps.google.com/?cid=4182409462373497924&g_mp=Cilnb29nbGUubWFwcy5wbGFjZXMudjEuUGxhY2VzLlNlYXJjaE5lYXJieRACGAQgAA,ChIJp8RCmisjDTkRRDwBJj_nCjo
Residential,apartment_building,apartment_building|service|point_of_interest|establishment,,,"38, Rd to F Block, Sushant Lok-II, Block F, Sushant Lok 2, Sector 57, Gurugram, Haryana 122011, India",,,OPERATIONAL,https://maps.google.com/?cid=10685876060782307978&g_mp=Cilnb29nbGUubWFwcy5wbGFjZXMudjEuUGxhY2VzLlNlYXJjaE5lYXJieRACGAQgAA,ChIJtcPFVywjDTkRiqrHPKnbS5Q
House,apartment_building,apartment_building|service|point_of_interest|establishment,,,"F, 197, Rd to F Block, Sushant Lok-II, Block F, Sushant Lok 2, Sector 57, Gurugram, Haryana 122011, India",,,OPERATIONAL,https://maps.google.com/?cid=8419946764086259745&g_mp=Cilnb29nbGUubWFwcy5wbGFjZXMudjEuUGxhY2VzLlNlYXJjaE5lYXJieRACGAQgAA,ChIJcd5pFlMjDTkRIbAPnfio2XQ
Aakash Taekwondo Academy,sports_school,sports_school|sports_activity_location|health|point_of_interest|establishment,,,"328, Rd to F Block, Sushant Lok-II, Block G, Sushant Lok III, Sector 57, Gurugram, Haryana 122011, India",4.8,5,OPERATIONAL,https://maps.google.com/?cid=1947097421020064998&g_mp=Cilnb29nbGUubWFwcy5wbGFjZXMudjEuUGxhY2VzLlNlYXJjaE5lYXJieRACGAQgAA,ChIJ86lbmOQjDTkR5uz6ysl6BRs
NA,housing_complex,housing_complex|service|point_of_interest|establishment,,,"172-B, Block A, Sushant Lok III, Sector 57, Gurugram, Haryana 122011, India",3,2,OPERATIONAL,https://maps.google.com/?cid=13097515677305246961&g_mp=Cilnb29nbGUubWFwcy5wbGFjZXMudjEuUGxhY2VzLlNlYXJjaE5lYXJieRACGAQgAA,ChIJR9fyVW0jDTkR8ZTjaR25w7U
Men's Hair Saloon,beauty_salon,beauty_salon|service|point_of_interest|establishment,,,"A174, Rd to F Block, Block A, Rd to F Block, Block A, Sushant Lok III, Sector 57, Gurugram, Haryana 122011, India",4.4,17,OPERATIONAL,https://maps.google.com/?cid=9753587741764519738&g_mp=Cilnb29nbGUubWFwcy5wbGFjZXMudjEuUGxhY2VzLlNlYXJjaE5lYXJieRACGAQgAA,ChIJ21uMig4iDTkROod62V-0W4c
F 312,apartment_building,apartment_building|service|point_of_interest|establishment,,,"312, Rd to F Block, Block F, Sushant Lok III, Sector 57, Gurugram, Haryana 122011, India",,,OPERATIONAL,https://maps.google.com/?cid=5606938242079404966&g_mp=Cilnb29nbGUubWFwcy5wbGFjZXMudjEuUGxhY2VzLlNlYXJjaE5lYXJieRACGAQgAA,ChIJORQDSAAjDTkRpjOy1J_Yz00
SK property,real_estate_agency,real_estate_agency|educational_institution|service|point_of_interest|establishment,,,"Block F, Sushant Lok 2, Sector 57, Gurugram, Haryana 122011, India",2.3,3,CLOSED_TEMPORARILY,https://maps.google.com/?cid=9079146075529755417&g_mp=Cilnb29nbGUubWFwcy5wbGFjZXMudjEuUGxhY2VzLlNlYXJjaE5lYXJieRACGAQgAA,ChIJhXn9dAwiDTkRGTvVl0Cb_30
34/3 harmony homes,apartment_building,apartment_building|service|point_of_interest|establishment,,,"Harmony Homes, Block F, Sushant Lok 2, Sector 57, Gurugram, Haryana 122011, India",,,OPERATIONAL,https://maps.google.com/?cid=4180311530728520584&g_mp=Cilnb29nbGUubWFwcy5wbGFjZXMudjEuUGxhY2VzLlNlYXJjaE5lYXJieRACGAQgAA,ChIJewDNSgAjDTkRiPuKXzBzAzo
Sonu dry cleaners & laundry,laundry,laundry|service|point_of_interest|establishment,,,"171 f block, Block F, Sushant Lok III, Sector 57, Gurugram, Haryana 122011, India",5,3,OPERATIONAL,https://maps.google.com/?cid=2510103231153962975&g_mp=Cilnb29nbGUubWFwcy5wbGFjZXMudjEuUGxhY2VzLlNlYXJjaE5lYXJieRACGAQgAA,ChIJd7KEcAAjDTkR3_998pat1SI
Sai Baba,housing_complex,housing_complex|service|point_of_interest|establishment,,,"359, Rd to F Block, Block F, Sushant Lok 2, Sector 57, Gurugram, Haryana 122011, India",,,OPERATIONAL,https://maps.google.com/?cid=4355729718991661620&g_mp=Cilnb29nbGUubWFwcy5wbGFjZXMudjEuUGxhY2VzLlNlYXJjaE5lYXJieRACGAQgAA,ChIJKzca8nEjDTkRNCocDhqpcjw
305F,apartment_building,apartment_building|service|point_of_interest|establishment,,,"lok 2, 305, F Block Road, Block F, Sushant Lok III, Sector 57, Gurugram, Haryana 122011, India",,,OPERATIONAL,https://maps.google.com/?cid=10495641941385378022&g_mp=Cilnb29nbGUubWFwcy5wbGFjZXMudjEuUGxhY2VzLlNlYXJjaE5lYXJieRACGAQgAA,ChIJY6fTSQAjDTkR5nj3xbwCqJE
Lavish's house,apartment_building,apartment_building|service|point_of_interest|establishment,,,"305, Rd to F Block, Block F, Sushant Lok III, Sector 57, Gurugram, Haryana 122011, India",,,OPERATIONAL,https://maps.google.com/?cid=18135999009622344854&g_mp=Cilnb29nbGUubWFwcy5wbGFjZXMudjEuUGxhY2VzLlNlYXJjaE5lYXJieRACGAQgAA,ChIJb8BzPgAjDTkRlkRgtwIDsPs
R k taxi service gurgaon sector 57 F block shushant lo,taxi_service,taxi_service|transportation_service|service|point_of_interest|establishment,,,"Gurgaon sector 57 block F shushant lok 2 Shushant lok 2, main Rd, behind Home kong bazaar, Block F, Sushant Lok 2, Sector 57, Gurugram, Haryana 122003, India",,,OPERATIONAL,https://maps.google.com/?cid=17609153594004203937&g_mp=Cilnb29nbGUubWFwcy5wbGFjZXMudjEuUGxhY2VzLlNlYXJjaE5lYXJieRACGAQgAA,ChIJH0c3u9UjDTkRoenpfeVHYPQ
Ratan er pola,apartment_building,apartment_building|service|point_of_interest|establishment,,,"F235, Block F, Sushant Lok 2, Sector 57, Gurugram, Samaspur, Haryana 122011, India",,,OPERATIONAL,https://maps.google.com/?cid=14379640083956262215&g_mp=Cilnb29nbGUubWFwcy5wbGFjZXMudjEuUGxhY2VzLlNlYXJjaE5lYXJieRACGAQgAA,ChIJdXFDJAAjDTkRR2UuQni-jsc
SDN’s GGN House,apartment_building,apartment_building|service|point_of_interest|establishment,,,"57/3, Harmony Homes Rd, Block F, Sushant Lok III, Sector 57, Gurugram, Haryana 122011, India",,,OPERATIONAL,https://maps.google.com/?cid=4163204341933650526&g_mp=Cilnb29nbGUubWFwcy5wbGFjZXMudjEuUGxhY2VzLlNlYXJjaE5lYXJieRACGAQgAA,ChIJxywFFwAjDTkRXrJRmEqsxjk
Bhatnagar Residence,association_or_organization,service|association_or_organization|point_of_interest|establishment,,,"53, Block F, Sushant Lok III, Sector 57, Gurugram, Haryana 122011, India",,,OPERATIONAL,https://maps.google.com/?cid=1598853211765991370&g_mp=Cilnb29nbGUubWFwcy5wbGFjZXMudjEuUGxhY2VzLlNlYXJjaE5lYXJieRACGAQgAA,ChIJXUh4FAAjDTkRyudNZ4ZEMBY
A167-B,apartment_building,apartment_building|service|point_of_interest|establishment,,,"F/167B, Block F, Sushant Lok III, Sector 57, Gurugram, Haryana 122011, India",,,OPERATIONAL,https://maps.google.com/?cid=11493368345389177240&g_mp=Cilnb29nbGUubWFwcy5wbGFjZXMudjEuUGxhY2VzLlNlYXJjaE5lYXJieRACGAQgAA,ChIJSQFfGgAjDTkRmBmkm52lgJ8
Cannon Water Solutions,supplier,supplier|point_of_interest|establishment,097111 34581,,"F27i/9, near Hong Kong Bazaar, Block F, Sushant Lok 2, Sector 57, Gurugram, Haryana 122002, India",5,3,OPERATIONAL,https://maps.google.com/?cid=16365319839801323444&g_mp=Cilnb29nbGUubWFwcy5wbGFjZXMudjEuUGxhY2VzLlNlYXJjaE5lYXJieRACGAQgAA,ChIJEWRZo5UjDTkRtK8C569LHeM
Mahavir Estate,general_contractor,general_contractor|point_of_interest|service|establishment,098738 74024,,"27/I, 7, Block F, Phase, 3, Sushant Lok, Block F, Sushant Lok 2, Sector 57, Gurugram, Haryana 122011, India",,,OPERATIONAL,https://maps.google.com/?cid=2616619318029850533&g_mp=Cilnb29nbGUubWFwcy5wbGFjZXMudjEuUGxhY2VzLlNlYXJjaE5lYXJieRACGAQgAA,ChIJMw2LgKcjDTkRpReYA2gZUCQ
Manish ' House,point_of_interest,point_of_interest|establishment,,,"Block F, 196G, Sushant Lok-II, Block F, Sushant Lok 2, Sector 57, Gurugram, Haryana 122011, India",,,CLOSED_TEMPORARILY,https://maps.google.com/?cid=13115275345010869414&g_mp=Cilnb29nbGUubWFwcy5wbGFjZXMudjEuUGxhY2VzLlNlYXJjaE5lYXJieRACGAQgAA,ChIJ58CiZAAjDTkRpsTPRnDRArY
Deepak Bajaj Home,apartment_building,apartment_building|point_of_interest|service|establishment,,,"196G, Sushant Lok, Block F, Sushant Lok 2, Sector 57, Gurugram, Haryana 122011, India",5,1,OPERATIONAL,https://maps.google.com/?cid=793415526030583369&g_mp=Cilnb29nbGUubWFwcy5wbGFjZXMudjEuUGxhY2VzLlNlYXJjaE5lYXJieRACGAQgAA,ChIJ_zNwneIjDTkRSSZVnDfHAgs
"Arya Power Yoga Academy - Yoga Studio | Yoga Classes | Sector 57, Gurugram",yoga_studio,yoga_studio|sports_school|fitness_center|gym|health|sports_complex|sports_activity_location|point_of_interest|establishment,096541 40036,https://aryapoweryogaacademy.com/,"Plot Number - F -196 F , 1st Floor , Sector 57, and, behind Hong Kong Bazaar, near The Venkateshwar School, Block F, Sushant Lok 2, Sector 57, Gurugram, Haryana 122011, India",5,76,OPERATIONAL,https://maps.google.com/?cid=11816177547698982304&g_mp=Cilnb29nbGUubWFwcy5wbGFjZXMudjEuUGxhY2VzLlNlYXJjaE5lYXJieRACGAQgAA,ChIJF3RVfKIjDTkRoE2L9d9--6M
Wellness Nutrition Horizon,wellness_center,wellness_center|skin_care_clinic|medical_clinic|health|consultant|point_of_interest|service|establishment,080102 74703,,"F196 F, opp. The Venkateshwar School, Block F, Sushant Lok 2, Sector 57, Gurugram, Haryana 122011, India",5,8,OPERATIONAL,https://maps.google.com/?cid=3216264856899851237&g_mp=Cilnb29nbGUubWFwcy5wbGFjZXMudjEuUGxhY2VzLlNlYXJjaE5lYXJieRACGAQgAA,ChIJo7Se5UIjDTkR5ZMWy9h3oiw
Mahinder Basnotra,apartment_building,apartment_building|point_of_interest|service|establishment,,,"F/196G, Block F, Sushant Lok III, Sector 57, Gurugram, Haryana 122011, India",,,OPERATIONAL,https://maps.google.com/?cid=718678987338634717&g_mp=Cilnb29nbGUubWFwcy5wbGFjZXMudjEuUGxhY2VzLlNlYXJjaE5lYXJieRACGAQgAA,ChIJD6WxSAAjDTkR3VXbM7tC-Qk
Leo Packers And Movers Gurgaon Packers and Movers sector 57 Gurgaon,moving_company,moving_company|transportation_service|point_of_interest|service|establishment,095169 73346,https://www.justdial.com/,"Shop 15, Sushant Lok, Block F, Sushant Lok 2, Sector 57, Gurugram, Haryana 122011, India",5,7,OPERATIONAL,https://maps.google.com/?cid=13088074028601475989&g_mp=Cilnb29nbGUubWFwcy5wbGFjZXMudjEuUGxhY2VzLlNlYXJjaE5lYXJieRACGAQgAA,ChIJbbeIh10jDTkRlYPORPwtorU
F18A,association_or_organization,association_or_organization|point_of_interest|service|establishment,,,"Cluster_sohna 10 C-Block, Cluster_sohna 10, F18A, Block F, Sushant Lok 2, Sector 57, Gurugram, Haryana 122011, India",4.5,2,OPERATIONAL,https://maps.google.com/?cid=9437955766903570162&g_mp=Cilnb29nbGUubWFwcy5wbGFjZXMudjEuUGxhY2VzLlNlYXJjaE5lYXJieRACGAQgAA,ChIJ96Q4ATAjDTkR8v4i_MNa-oI
Bright minds Learning Hub,,point_of_interest|establishment,,,"G190, G Block Ln, Block F, Sushant Lok 2, Sector 57, Gurugram, Haryana 122011, India",,,CLOSED_TEMPORARILY,https://maps.google.com/?cid=806938482461222917&g_mp=Cilnb29nbGUubWFwcy5wbGFjZXMudjEuUGxhY2VzLlNlYXJjaE5lYXJieRACGAQgAA,ChIJI6ZPHP4jDTkRBaixQkbSMgs
Paediatrics (child specialist),doctor,doctor|health|point_of_interest|establishment,,,"C39Q+FM3, Block F, Sushant Lok 2, Sector 57, Gurugram, Haryana 122011, India",,,OPERATIONAL,https://maps.google.com/?cid=4168008512097825915&g_mp=Cilnb29nbGUubWFwcy5wbGFjZXMudjEuUGxhY2VzLlNlYXJjaE5lYXJieRACGAQgAA,ChIJk6q39LgjDTkRezRloKi91zk
Urbanest | 1bhk fully furnished,private_guest_room,private_guest_room|lodging|point_of_interest|establishment,096507 77782,,"F-20/c, Block F, Sushant Lok 2, Sector 57, Gurugram, Haryana 122003, India",4.7,28,OPERATIONAL,https://maps.google.com/?cid=4374672562202627559&g_mp=Cilnb29nbGUubWFwcy5wbGFjZXMudjEuUGxhY2VzLlNlYXJjaE5lYXJieRACGAQgAA,ChIJK2bJD_AjDTkR5028boT1tTw
Home,association_or_organization,association_or_organization|point_of_interest|service|establishment,,,"Cluster_sohna 10 C-Block, Cluster_sohna 10, F18A, Block F, Sushant Lok 2, Sector 57, Gurugram, Haryana 122011, India",,,OPERATIONAL,https://maps.google.com/?cid=5229956186319440598&g_mp=Cilnb29nbGUubWFwcy5wbGFjZXMudjEuUGxhY2VzLlNlYXJjaE5lYXJieRACGAQgAA,ChIJ2QAkIbQjDTkR1kptJHGJlEg
Maths Tution Class 9th 10th and 11th CBSE Gurugram,school,school|educational_institution|point_of_interest|establishment,076690 01861,,"Block G, Sushant Lok 2, Sector 57, Gurugram, Haryana 122011, India",,,OPERATIONAL,https://maps.google.com/?cid=17441945713425812303&g_mp=Cilnb29nbGUubWFwcy5wbGFjZXMudjEuUGxhY2VzLlNlYXJjaE5lYXJieRACGAQgAA,ChIJX8qgfpojDTkRT4tkCDc9DvI
The Gray Area - Where Rules Fade Away - Apartment,lodging,lodging|point_of_interest|establishment,,https://www.bluepillow.com/search/66264a0a4338d48a8fca68b1?dest=bkng&cat=Apartment&lat=28.41937&lng=77.09016&language=en,"Block F, Sushant Lok 2, Sector 57, Gurugram, Haryana 122011, India",,,OPERATIONAL,https://maps.google.com/?cid=12135295609130068452&g_mp=Cilnb29nbGUubWFwcy5wbGFjZXMudjEuUGxhY2VzLlNlYXJjaE5lYXJieRACGAQgAA,ChIJoRHLcA8iDTkR5CmOmg87aag
"F196E Sushant Lok II, Sector 57",apartment_building,apartment_building|point_of_interest|service|establishment,,,"F196E, F Block, Block F, Sushant Lok III, Sector 57, Gurugram, Haryana 122011, India",,,OPERATIONAL,https://maps.google.com/?cid=3678751554415388443&g_mp=Cilnb29nbGUubWFwcy5wbGFjZXMudjEuUGxhY2VzLlNlYXJjaE5lYXJieRACGAQgAA,ChIJSyNoGk8jDTkRG2fYQQyNDTM
GoMechanic Luxe - Capital Motor Works,car_repair,car_repair|point_of_interest|service|establishment,083989 70970,,"Block F, Sushant Lok 2, Sector 57, Gurugram, Haryana 122011, India",,,OPERATIONAL,https://maps.google.com/?cid=17069227406139405198&g_mp=Cilnb29nbGUubWFwcy5wbGFjZXMudjEuUGxhY2VzLlNlYXJjaE5lYXJieRACGAQgAA,ChIJAXI7jtojDTkRjjNNpeMT4uw
Pole Position,lounge_bar,lounge_bar|night_club|bar|point_of_interest|establishment,,,"2nd floor, F19E, Ansal Royal Residency, Block F, Sushant Lok 2, Sector 57, Gurugram, Haryana 122011, India",,,CLOSED_TEMPORARILY,https://maps.google.com/?cid=5057531748147777550&g_mp=Cilnb29nbGUubWFwcy5wbGFjZXMudjEuUGxhY2VzLlNlYXJjaE5lYXJieRACGAQgAA,ChIJwx-NQpojDTkRDtCbOFT2L0Y
Lorenz India,manufacturer,point_of_interest|manufacturer|establishment,081999 99408,http://www.lorenzindia.com/,"F20B, Block F, Sushant Lok 2, Sector 57, Gurugram, Haryana 122011, India",4.2,5,OPERATIONAL,https://maps.google.com/?cid=14377639963558609209&g_mp=Cilnb29nbGUubWFwcy5wbGFjZXMudjEuUGxhY2VzLlNlYXJjaE5lYXJieRACGAQgAA,ChIJ87qJHFUZDTkROQFf8F6jh8c
Shestays,apartment_complex,apartment_complex|point_of_interest|service|establishment,,,"20d, Hong Kong Bazaar Rd, Block F, Sushant Lok III, Sector 57, Gurugram, Haryana 122011, India",4,2,OPERATIONAL,https://maps.google.com/?cid=15588520878530684340&g_mp=Cilnb29nbGUubWFwcy5wbGFjZXMudjEuUGxhY2VzLlNlYXJjaE5lYXJieRACGAQgAA,ChIJtRanbAAjDTkRtOWUwiWNVdg
"Dr Puneet Gupta, Best Dentist in Gurgaon, Oral/Dental Surgeon, Dental Clinic, Dental Implant, RCT/ Teeth Whitening Sector 56",dentist,dentist|health|point_of_interest|establishment,097119 98811,,"E-105, Adharshila, Sushant Lok 2, Sector 56, Gurugram, Haryana 122011, India",,,OPERATIONAL,https://maps.google.com/?cid=11008118589901706267&g_mp=Cilnb29nbGUubWFwcy5wbGFjZXMudjEuUGxhY2VzLlNlYXJjaE5lYXJieRACGAQgAA,ChIJs8B1WUcjDTkRGxR3tIixxJg
@automotive17,association_or_organization,association_or_organization|point_of_interest|service|establishment,,,"104, Block E, Sector 56, Gurugram, Haryana 122011, India",,,OPERATIONAL,https://maps.google.com/?cid=2866251353718663670&g_mp=Cilnb29nbGUubWFwcy5wbGFjZXMudjEuUGxhY2VzLlNlYXJjaE5lYXJieRACGAQgAA,ChIJO60kBywjDTkR9ilij2v4xic
Vikram Ahlawat,corporate_office,corporate_office|point_of_interest|establishment,,,"104, Block E, Sector 56, Gurugram, Haryana 122011, India",,,OPERATIONAL,https://maps.google.com/?cid=3551600121412456028&g_mp=Cilnb29nbGUubWFwcy5wbGFjZXMudjEuUGxhY2VzLlNlYXJjaE5lYXJieRACGAQgAA,ChIJNU2yHgAjDTkRXA4GRX7RSTE
Mon house,apartment_building,apartment_building|point_of_interest|service|establishment,,,"105, Block E, Sector 56, Ghata, Gurugram, Haryana 122011, India",,,OPERATIONAL,https://maps.google.com/?cid=7334714584114608779&g_mp=Cilnb29nbGUubWFwcy5wbGFjZXMudjEuUGxhY2VzLlNlYXJjaE5lYXJieRACGAQgAA,ChIJSelTGAAjDTkRizoHow0kymU
Dr. Maitreyi Residence,apartment_building,apartment_building|point_of_interest|service|establishment,,,"102, Block E, Sector 56, Gurugram, Haryana 122011, India",,,OPERATIONAL,https://maps.google.com/?cid=14712858848197746177&g_mp=Cilnb29nbGUubWFwcy5wbGFjZXMudjEuUGxhY2VzLlNlYXJjaE5lYXJieRACGAQgAA,ChIJ50AfxQAjDTkRAR5KnSuTLsw
Prime dental and implant centre,dentist,dentist|health|point_of_interest|establishment,098711 88997,,"E-105, opposite basera apartment, Sushant Lok-2, Sector 56, Gurugram, Haryana 122011, India",,,OPERATIONAL,https://maps.google.com/?cid=11629864131458754166&g_mp=Cilnb29nbGUubWFwcy5wbGFjZXMudjEuUGxhY2VzLlNlYXJjaE5lYXJieRACGAQgAA,ChIJyewi-7IjDTkRduanVc-TZaE
Rajnee Fruits,food_store,food_store|store|food|point_of_interest|establishment,072600 68342,,"Sec 56 Basera Appartement, Block E, Sector 56, Gurugram, Haryana 122011, India",5,2,OPERATIONAL,https://maps.google.com/?cid=4967249489426382848&g_mp=Cilnb29nbGUubWFwcy5wbGFjZXMudjEuUGxhY2VzLlNlYXJjaE5lYXJieRACGAQgAA,ChIJG5E_DgUiDTkRAAAA0Bc370Q
E-110,apartment_building,apartment_building|point_of_interest|service|establishment,,,"96, Block E, Sector 56, Gurugram, Haryana 122011, India",,,OPERATIONAL,https://maps.google.com/?cid=4053722526777839801&g_mp=Cilnb29nbGUubWFwcy5wbGFjZXMudjEuUGxhY2VzLlNlYXJjaE5lYXJieRACGAQgAA,ChIJtSegPwAjDTkRuZCXGim3QTg
"E-94, Sector 56",apartment_building,apartment_building|point_of_interest|service|establishment,,,"Basera Apartment, 94, Block E, Sector 56, Gurugram, Haryana 122011, India",,,OPERATIONAL,https://maps.google.com/?cid=2557311668225217895&g_mp=Cilnb29nbGUubWFwcy5wbGFjZXMudjEuUGxhY2VzLlNlYXJjaE5lYXJieRACGAQgAA,ChIJJZeIbN4jDTkRZ5WGvGllfSM
Aravali Hills CGHS,lodging,lodging|point_of_interest|establishment,,,"plot no 74, Block E, Sector 56, Gurugram, Haryana 122011, India",4.4,47,OPERATIONAL,https://maps.google.com/?cid=3016952818481430819&g_mp=Cilnb29nbGUubWFwcy5wbGFjZXMudjEuUGxhY2VzLlNlYXJjaE5lYXJieRACGAQgAA,ChIJ6QsxzQAiDTkRIwGzmZpe3ik
Ashish Kumar khatri Advocate,lawyer,lawyer|consultant|point_of_interest|service|establishment,094133 34704,,"E-114, Sushant Lok 2, Sector 57, Gurugram, Haryana 122011, India",4.9,11,OPERATIONAL,https://maps.google.com/?cid=5063101747656268229&g_mp=Cilnb29nbGUubWFwcy5wbGFjZXMudjEuUGxhY2VzLlNlYXJjaE5lYXJieRACGAQgAA,ChIJRxfxbDQjDTkRxRm2yjbAQ0Y
Kiran Residency,apartment_building,apartment_building|point_of_interest|service|establishment,,,"79, Block E, Sector 56, Gurugram, Haryana 122011, India",4,75,OPERATIONAL,https://maps.google.com/?cid=2583878197049239301&g_mp=Cilnb29nbGUubWFwcy5wbGFjZXMudjEuUGxhY2VzLlNlYXJjaE5lYXJieRACGAQgAA,ChIJd5asDAUiDTkRBSf_vYfH2yM
Nukkad DahiBhalla,wholesaler,wholesaler|supplier|food|point_of_interest|manufacturer|establishment,097739 00260,https://www.instagram.com/nukkad_dahibhalla/,"Kiran residency flat no D-5, 3rd Floor, Plot No 79, Allawardi(56, Sector 56, Gurugram, Haryana 122011, India",5,40,OPERATIONAL,https://maps.google.com/?cid=14159565587548414625&g_mp=Cilnb29nbGUubWFwcy5wbGFjZXMudjEuUGxhY2VzLlNlYXJjaE5lYXJieRACGAQgAA,ChIJiyiSuDk5pgoRoSKrm-HhgMQ
CA Rahul Chopra,apartment_building,apartment_building|point_of_interest|service|establishment,,,"120, Block E, Sector 56, Gurugram, Haryana 122011, India",,,OPERATIONAL,https://maps.google.com/?cid=9548886196746171481&g_mp=Cilnb29nbGUubWFwcy5wbGFjZXMudjEuUGxhY2VzLlNlYXJjaE5lYXJieRACGAQgAA,ChIJMTcMEwAjDTkRWbSvXWd1hIQ
Swastik Creations,,gift_shop|educational_institution|store|point_of_interest|service|establishment,099583 28855,http://www.facebook.com/swastikcreationsindia,"Plot No. GH-74, Flat No. 106, Aravali Hills Apartment, Sector 56, Block E, Sector 56, Gurugram, Haryana 122011, India",5,12,OPERATIONAL,https://maps.google.com/?cid=13288635780303221827&g_mp=Cilnb29nbGUubWFwcy5wbGFjZXMudjEuUGxhY2VzLlNlYXJjaE5lYXJieRACGAQgAA,ChIJa7DMAwUiDTkRQ_SEAta3arg
Neha Srivastava,supplier,supplier|point_of_interest|establishment,093136 84931,https://kangenwaterionizer.co.in/,"702, Aravali Hills, Plot 74, Block E, Sector 56, Gurugram, Haryana 122011, India",,,CLOSED_TEMPORARILY,https://maps.google.com/?cid=15846190770296957104&g_mp=Cilnb29nbGUubWFwcy5wbGFjZXMudjEuUGxhY2VzLlNlYXJjaE5lYXJieRACGAQgAA,ChIJKTs9Y7cjDTkRsKifgoz66Ns
Kanta Farms,,point_of_interest|establishment,,,"Aravali Hills, F 46, Block E, Sector 56, Gurugram, Haryana 122011, India",,,CLOSED_TEMPORARILY,https://maps.google.com/?cid=15419899727415888631&g_mp=Cilnb29nbGUubWFwcy5wbGFjZXMudjEuUGxhY2VzLlNlYXJjaE5lYXJieRACGAQgAA,ChIJtyKKkdwjDTkR90rEnBp9_tU
LawRato,lawyer,lawyer|consultant|point_of_interest|service|establishment,,https://lawrato.com/,"804, Aravali Hills, Apartment, Sector 56, Gurugram, Haryana 122011, India",,,CLOSED_TEMPORARILY,https://maps.google.com/?cid=7331247220006497097&g_mp=Cilnb29nbGUubWFwcy5wbGFjZXMudjEuUGxhY2VzLlNlYXJjaE5lYXJieRACGAQgAA,ChIJ79W6epojDTkRSasOBYHSvWU
4 pathar point,hiking_area,hiking_area|sports_activity_location|point_of_interest|establishment,,,"Aravali Hills, Block E, Sector 56, Gurugram, Haryana 122011, India",,,CLOSED_TEMPORARILY,https://maps.google.com/?cid=3623366972400689605&g_mp=Cilnb29nbGUubWFwcy5wbGFjZXMudjEuUGxhY2VzLlNlYXJjaE5lYXJieRACGAQgAA,ChIJR5lz0-IjDTkRxWHTYBDJSDI
KUL Devi Mata Mandir Chauhan,hindu_temple,hindu_temple|place_of_worship|association_or_organization|point_of_interest|establishment,,,"Aravali Hills, Block E, Sector 56, Bissar Akbarpur, Gurugram, Haryana 122011, India",5,1,OPERATIONAL,https://maps.google.com/?cid=10523293593945397317&g_mp=Cilnb29nbGUubWFwcy5wbGFjZXMudjEuUGxhY2VzLlNlYXJjaE5lYXJieRACGAQgAA,ChIJcalNO0MjDTkRRVhC1sQ_CpI
The Walnut Courtyard,housing_complex,housing_complex|point_of_interest|service|establishment,,,"E-17, Sushant Lok 2, Sector 56, Gurugram, Haryana 122011, India",5,1,OPERATIONAL,https://maps.google.com/?cid=3045180659312818943&g_mp=Cilnb29nbGUubWFwcy5wbGFjZXMudjEuUGxhY2VzLlNlYXJjaE5lYXJieRACGAQgAA,ChIJ7ZsdBAAjDTkR__o686ynQio
"Dr Vikas Sharma , consultant neurologist",doctor,doctor|health|point_of_interest|establishment,,,"Marengo asia hospital, Sushant Lok 2, Sector 56, Gurugram, Haryana 122011, India",3,2,OPERATIONAL,https://maps.google.com/?cid=8633002853133882442&g_mp=Cilnb29nbGUubWFwcy5wbGFjZXMudjEuUGxhY2VzLlNlYXJjaE5lYXJieRACGAQgAA,ChIJLR3QeVUjDTkRSpT69VqWznc
Bay Patron,guest_house,guest_house|lodging|point_of_interest|establishment,079999 99661,,"E-16, Sushant Lok 2, Sector 56, Gurugram, Haryana 122011, India",5,1,OPERATIONAL,https://maps.google.com/?cid=17784331791905221706&g_mp=Cilnb29nbGUubWFwcy5wbGFjZXMudjEuUGxhY2VzLlNlYXJjaE5lYXJieRACGAQgAA,ChIJqT5U-jUjDTkRSmwyEIqjzvY
Mvac Engineers,association_or_organization,association_or_organization|point_of_interest|establishment,096503 90873,http://www.mvacengineers.com/,"Plot No. E11, W Pratiksha Hospital, near Florence Club &, Sushant Lok-II, Block E, Sector 56, Gurugram, Haryana 122011, India",4.8,4,OPERATIONAL,https://maps.google.com/?cid=16241958831782373273&g_mp=Cilnb29nbGUubWFwcy5wbGFjZXMudjEuUGxhY2VzLlNlYXJjaE5lYXJieRACGAQgAA,ChIJq_iEaKkjDTkRmSfoAIEHZ-E
Max Lab | Diagnostic Centre & Blood Test in Gurugram,medical_clinic,medical_lab|doctor|medical_clinic|health|point_of_interest|establishment,079821 00200,https://www.maxlab.co.in/,"BPTP Centra One, Golf Course Ext Rd, Baharampur Naya, Sector 61, Gurugram, Haryana 122011, India",,,CLOSED_TEMPORARILY,https://maps.google.com/?cid=7013945215454709125&g_mp=Cilnb29nbGUubWFwcy5wbGFjZXMudjEuUGxhY2VzLlNlYXJjaE5lYXJieRACGAQgAA,ChIJhfyJS80VDTkRhYU6EQOKVmE
Dr Diksha Goyal,doctor,doctor|health|point_of_interest|establishment,098714 00389,http://drdikshagoyal.com/,"Department of Medicine, first floor , Room no 3, Marengo asia hospital, Golf Course Ext Rd, near Shalom Presidency school, Shushant Lok 2, Sector 56, Gurugram, Haryana 122011, India",4.9,18,OPERATIONAL,https://maps.google.com/?cid=16618647974634062601&g_mp=Cilnb29nbGUubWFwcy5wbGFjZXMudjEuUGxhY2VzLlNlYXJjaE5lYXJieRACGAQgAA,ChIJaTagZnMjDTkRCQNUl0hMoeY
One&Only Site-E-49,association_or_organization,association_or_organization|point_of_interest|service|establishment,,,"E49, Block E, Sector 56, Gurugram, Ghata, Haryana 122011, India",,,OPERATIONAL,https://maps.google.com/?cid=6601194596331632648&g_mp=Cilnb29nbGUubWFwcy5wbGFjZXMudjEuUGxhY2VzLlNlYXJjaE5lYXJieRACGAQgAA,ChIJ35cvHAAjDTkRCDiTv4InnFs
"E-5, Sector-56, Gurgaon",apartment_building,apartment_building|point_of_interest|service|establishment,,,"E5, Block E, Sector 56, Gurugram, Haryana 122011, India",,,OPERATIONAL,https://maps.google.com/?cid=7235946422354136766&g_mp=Cilnb29nbGUubWFwcy5wbGFjZXMudjEuUGxhY2VzLlNlYXJjaE5lYXJieRACGAQgAA,ChIJJanJUwAjDTkRvk4t9u4-a2Q
Dr Somendra Shukla,medical_center,medical_center|hospital|child_care_agency|doctor|health|point_of_interest|service|establishment,098188 33484,,"W Pratiksha Hospital, Golf Course Ext Rd, Shushant Lok 2, Sushant Lok 2, Sector 56, Gurugram, Haryana 122011, India",5,2,CLOSED_TEMPORARILY,https://maps.google.com/?cid=16406216008932315689&g_mp=Cilnb29nbGUubWFwcy5wbGFjZXMudjEuUGxhY2VzLlNlYXJjaE5lYXJieRACGAQgAA,ChIJS8AH7w0iDTkRKdK8SImWruM
Marengo Asia Hospitals | Orthopaedics & Joint Replacement,doctor,doctor|health|point_of_interest|establishment,,,"Rm No. 920, W Pratiksha Hospital, Golf Course Ext Rd, Shushant Lok 2, Sector 56, Gurugram, Haryana 122011, India",2.8,4,OPERATIONAL,https://maps.google.com/?cid=16003314906820162444&g_mp=Cilnb29nbGUubWFwcy5wbGFjZXMudjEuUGxhY2VzLlNlYXJjaE5lYXJieRACGAQgAA,ChIJgQ_VJx8jDTkRjLO6WR4yF94
Hemani Sarbadhikary,consultant,health|consultant|point_of_interest|service|establishment,099109 90485,,"W-Pratiksha, W Pratiksha Hospital, Shushant Lok 2, Sector 56, Gurugram, Haryana 122011, India",5,1,OPERATIONAL,https://maps.google.com/?cid=9999699650338325783&g_mp=Cilnb29nbGUubWFwcy5wbGFjZXMudjEuUGxhY2VzLlNlYXJjaE5lYXJieRACGAQgAA,ChIJVZmaZgMiDTkRF4UD79kRxoo
W Pratiksha Hospital | Dr. Dheeraj Gupta | Best Ophthalmologist,doctor,doctor|health|point_of_interest|establishment,,,"Rm No. 918, W Pratiksha Hospital, Golf Course Ext Rd, Shushant Lok 2, Sector 56, Gurugram, Haryana 122011, India",5,1,OPERATIONAL,https://maps.google.com/?cid=3086320200346836823&g_mp=Cilnb29nbGUubWFwcy5wbGFjZXMudjEuUGxhY2VzLlNlYXJjaE5lYXJieRACGAQgAA,ChIJ0UPC6M0jDTkRVx_JxN7P1Co
Dr Manish Kumar ENT Marengo Asia Hospitals,doctor,doctor|health|point_of_interest|establishment,095824 24764,,"Golf Course Ext Rd, Shushant Lok 2, Sushant Lok 2, Sector 56, Gurugram, Haryana 122011, India",5,2,OPERATIONAL,https://maps.google.com/?cid=3542909195452209869&g_mp=Cilnb29nbGUubWFwcy5wbGFjZXMudjEuUGxhY2VzLlNlYXJjaE5lYXJieRACGAQgAA,ChIJgamhEuwjDTkRzdpkYiTxKjE
Western Farm House For Party,farmstay,farmstay|lodging|point_of_interest|establishment,096711 09077,https://westernfarmhouse.in/,"Farm No, Ansal Aravali, E4, Sohana road, Block E, Sector 56, Gurugram, Haryana 122011, India",5,7,OPERATIONAL,https://maps.google.com/?cid=17486493375431855783&g_mp=Cilnb29nbGUubWFwcy5wbGFjZXMudjEuUGxhY2VzLlNlYXJjaE5lYXJieRACGAQgAA,ChIJrSO5cnYjDTkRp07W2ROBrPI
W Pratiksha Hospital | Department of Breast Diseases & Cancer Treatment,medical_clinic,medical_clinic|health|point_of_interest|establishment,,,"Department of Breast Diseases & Cancer Treatment, W Pratiksha Hospital, Golf Course Ext Rd, Shushant Lok 2, Sector 56, Gurugram, Haryana 122011, India",5,1,OPERATIONAL,https://maps.google.com/?cid=10807231651887881282&g_mp=Cilnb29nbGUubWFwcy5wbGFjZXMudjEuUGxhY2VzLlNlYXJjaE5lYXJieRACGAQgAA,ChIJO7SPPGUjDTkRQpwioO3_-pU
Evmastu,hotel,hotel|lodging|point_of_interest|establishment,,,"C39W+68G, near Club Florence, Block E, Sector 56, Gurugram, Haryana 122011, India",4.4,32,OPERATIONAL,https://maps.google.com/?cid=10170496971259908435&g_mp=Cilnb29nbGUubWFwcy5wbGFjZXMudjEuUGxhY2VzLlNlYXJjaE5lYXJieRACGAQgAA,ChIJGR-dvQQiDTkRUxEiGRzdJI0
W Pratiksha Hospital | Department of Oncology,medical_clinic,medical_clinic|health|point_of_interest|establishment,,http://w-hospital.in/departments/oncology/?utm_source=gmaps&utm_medium=gmaps&utm_campaign=gmaps,"W Pratiksha Hospital, Department of Oncology, Golf Course Ext Rd, Shushant Lok 2, Sector 56, Gurugram, Haryana 122011, India",,,OPERATIONAL,https://maps.google.com/?cid=13234890397343430566&g_mp=Cilnb29nbGUubWFwcy5wbGFjZXMudjEuUGxhY2VzLlNlYXJjaE5lYXJieRACGAQgAA,ChIJOwj-9fEjDTkRpjfi5rHGq7c
"Marengo Asia Hospitals, Gurugram | Department of Radiology & Imaging",medical_clinic,medical_clinic|health|point_of_interest|establishment,0124 413 1091,,"Department of Radiology & Imaging, W Pratiksha Hospital, Golf Course Ext Rd, Shushant Lok 2, Sector 56, Gurugram, Haryana 122011, India",3,1,OPERATIONAL,https://maps.google.com/?cid=5140365146618985671&g_mp=Cilnb29nbGUubWFwcy5wbGFjZXMudjEuUGxhY2VzLlNlYXJjaE5lYXJieRACGAQgAA,ChIJNzsQDKcjDTkRx_wFtN0-Vkc
Dr Sanjeev Chaudhary,doctor,doctor|health|point_of_interest|establishment,0124 413 1091,,"W Pratiksha Hospital, Golf Course Ext Rd, Shushant Lok 2, Sushant Lok 2, Sector 56, Gurugram, Haryana 122011, India",3.5,24,OPERATIONAL,https://maps.google.com/?cid=16942603099950738652&g_mp=Cilnb29nbGUubWFwcy5wbGFjZXMudjEuUGxhY2VzLlNlYXJjaE5lYXJieRACGAQgAA,ChIJNTVFc7ojDTkR3Oz-7sA3IOs
Dr. Harsh Tyagi (M.S.P.T),physiotherapist,physiotherapist|health|point_of_interest|establishment,095367 21480,,"W Pratiksha Hospital, Golf Course Ext Rd, near Shalom Presidency, Shushant Lok 2, Scho, Sector 56, Gurugram, Haryana 122003, India",5,56,OPERATIONAL,https://maps.google.com/?cid=11214953529581458665&g_mp=Cilnb29nbGUubWFwcy5wbGFjZXMudjEuUGxhY2VzLlNlYXJjaE5lYXJieRACGAQgAA,ChIJK37sXXUjDTkR6VQ319CEo5s
Shivay Realty Max,general_contractor,general_contractor|service|point_of_interest|establishment,,,"2nd Floor, E-119, Shushant Lok 2, Sushant Lok 2, Sector 56, Gurugram, Haryana 122011, India",,,OPERATIONAL,https://maps.google.com/?cid=17090124012090399744&g_mp=Cilnb29nbGUubWFwcy5wbGFjZXMudjEuUGxhY2VzLlNlYXJjaE5lYXJieRACGAQgAA,ChIJ4yJ9eZsjDTkRAJwF3D1RLO0
SEEYA COUTURE,clothing_store,clothing_store|store|point_of_interest|establishment,,,"1st floor, E-57, near club florence, Shushant Lok 2, Sushant Lok 2, Sector 56, Gurugram, Haryana 122011, India",,,OPERATIONAL,https://maps.google.com/?cid=13080323944244273816&g_mp=Cilnb29nbGUubWFwcy5wbGFjZXMudjEuUGxhY2VzLlNlYXJjaE5lYXJieRACGAQgAA,ChIJr6YFm70jDTkRmGK3I1OlhrU
Goyals,housing_complex,housing_complex|service|point_of_interest|establishment,,,"2, D295, Sushant Lok Rd, near Shalom Presidency School, Shushant Lok 2, Sushant Lok 2, Sector 56, Gurugram, Ghata, Haryana 122011, India",,,OPERATIONAL,https://maps.google.com/?cid=16159696403529871581&g_mp=Cilnb29nbGUubWFwcy5wbGFjZXMudjEuUGxhY2VzLlNlYXJjaE5lYXJieRACGAQgAA,ChIJ6-_lEwAjDTkR3TCO4kLGQuA
Alkit Jain Pvt Ltd,accounting,accounting|finance|consultant|service|point_of_interest|establishment,090341 41366,https://alkitjain.com/,"Sco 2, Shushant Lok 2, Vigyan Vihar, Sector 56, Gurugram, Haryana 122011, India",5,1,OPERATIONAL,https://maps.google.com/?cid=15883408418887504467&g_mp=Cilnb29nbGUubWFwcy5wbGFjZXMudjEuUGxhY2VzLlNlYXJjaE5lYXJieRACGAQgAA,ChIJi8ycUq0jDTkRUxI9ls0zbdw
"D-311, Sector 56, Gurugram",apartment_building,apartment_building|service|point_of_interest|establishment,,,"327, Block D, Sushant Lok 2, Sector 56, Gurugram, Ghata, Haryana 122011, India",5,1,OPERATIONAL,https://maps.google.com/?cid=112999113891045695&g_mp=Cilnb29nbGUubWFwcy5wbGFjZXMudjEuUGxhY2VzLlNlYXJjaE5lYXJieRACGAQgAA,ChIJ_7rrNgAjDTkRP-Foaxh0kQE
Eusdfu,apartment_building,apartment_building|service|point_of_interest|establishment,,,"C39X+HJR, Shushant Lok 2, Vigyan Vihar, Sector 56, Gurugram, Ghata, Haryana 122011, India",,,OPERATIONAL,https://maps.google.com/?cid=6490934869174958833&g_mp=Cilnb29nbGUubWFwcy5wbGFjZXMudjEuUGxhY2VzLlNlYXJjaE5lYXJieRACGAQgAA,ChIJta33eAAjDTkR8bpegd9uFFo
Centroid Infradesigns Pvt. Ltd.,service,service|point_of_interest|establishment,0124 410 6016,http://centroidglobal.com/,"G-2, Shushant Lok 2, Sushant Lok 2, Sector 57, Gurugram, Haryana 122011, India",5,10,CLOSED_TEMPORARILY,https://maps.google.com/?cid=2757041774522692317&g_mp=Cilnb29nbGUubWFwcy5wbGFjZXMudjEuUGxhY2VzLlNlYXJjaE5lYXJieRACGAQgAA,ChIJ5UPwGgMiDTkR3XJW8eL6QiY
Baba Homes,general_contractor,lodging|general_contractor|service|point_of_interest|establishment,,,"D 310, Shushant Lok 2, Sushant Lok 2, Sector 56, Gurugram, Haryana 122011, India",4.8,20,OPERATIONAL,https://maps.google.com/?cid=2501146261404780951&g_mp=Cilnb29nbGUubWFwcy5wbGFjZXMudjEuUGxhY2VzLlNlYXJjaE5lYXJieRACGAQgAA,ChIJ03dlxZkjDTkRlwlU6kXbtSI
Rrahul arora home,apartment_building,apartment_building|service|point_of_interest|establishment,,,"D327, 2, Sushant Lok, Shushant Lok 2, Vigyan Vihar, Sector 56, Gurugram, Ghata, Haryana 122011, India",5,2,OPERATIONAL,https://maps.google.com/?cid=15358498901366755365&g_mp=Cilnb29nbGUubWFwcy5wbGFjZXMudjEuUGxhY2VzLlNlYXJjaE5lYXJieRACGAQgAA,ChIJ5UbCNgAjDTkRJVAxw2BZJNU
Capital O H L Daffodils Near Bestech Central Square Mall,hotel,hotel|cottage|motel|inn|guest_house|lodging|service|point_of_interest|establishment,0124 620 1166,https://www.oyorooms.com/189118/,"near Shalom Presidency School, Shushant Lok 2, Sector 56, Gurugram, Haryana 122011, India",3.6,12,OPERATIONAL,https://maps.google.com/?cid=12805128922227948474&g_mp=Cilnb29nbGUubWFwcy5wbGFjZXMudjEuUGxhY2VzLlNlYXJjaE5lYXJieRACGAQgAA,ChIJsXsIQqsjDTkRujt6COn0tLE
Gharr Kii Mathi,manufacturer,manufacturer|point_of_interest|food|establishment,099582 97433,,"First Floor, D 263, Shushant Lok 2, Sushant Lok 2, Sector 56, Gurugram, Haryana 122011, India",,,OPERATIONAL,https://maps.google.com/?cid=8863021047081966972&g_mp=Cilnb29nbGUubWFwcy5wbGFjZXMudjEuUGxhY2VzLlNlYXJjaE5lYXJieRACGAQgAA,ChIJa2NRRnsjDTkRfJ0hHK_G_3o
Mata Renu Ka Ghar,association_or_organization,association_or_organization|service|point_of_interest|establishment,,,"C39X+RQ9, Block D, Vigyan Vihar, Sector 56, Ghata, Gurugram, Haryana 122011, India",3,1,OPERATIONAL,https://maps.google.com/?cid=12010226806734548895&g_mp=Cilnb29nbGUubWFwcy5wbGFjZXMudjEuUGxhY2VzLlNlYXJjaE5lYXJieRACGAQgAA,ChIJw3WyIW4jDTkRn29J16XlrKY
"D266, Dream block, shushant lok 2",apartment_building,apartment_building|service|point_of_interest|establishment,,,"C39X+RQ9, C39X+RQ9Block D, Vigyan Vihar, Sector 56, Gurugram, Haryana 122011, India",5,2,OPERATIONAL,https://maps.google.com/?cid=16500287907301952976&g_mp=Cilnb29nbGUubWFwcy5wbGFjZXMudjEuUGxhY2VzLlNlYXJjaE5lYXJieRACGAQgAA,ChIJDyTwegAjDTkR0A1o7m3M_OQ
D301,apartment_building,apartment_building|service|point_of_interest|establishment,,,"C492+F3H, near Shalom Presidency School, Shushant Lok 2, Sector 56, Gurugram, Ghata, Haryana 122011, India",,,OPERATIONAL,https://maps.google.com/?cid=5139689218397999039&g_mp=Cilnb29nbGUubWFwcy5wbGFjZXMudjEuUGxhY2VzLlNlYXJjaE5lYXJieRACGAQgAA,ChIJAcUKpRojDTkRv4-E5hzYU0c
The Coffee Bean,cafe,cafe|point_of_interest|food|establishment,,https://www.examplethecoffeebean.com/,"123, Main Street, Shushant Lok 2, South Extension, Sector 56, New Delhi, Gurugram, Delhi 122011, India",5,1,OPERATIONAL,https://maps.google.com/?cid=10356458374952319994&g_mp=Cilnb29nbGUubWFwcy5wbGFjZXMudjEuUGxhY2VzLlNlYXJjaE5lYXJieRACGAQgAA,ChIJx874GCUjDTkR-vsmagWIuY8
Shivatmane Astro,astrologer,astrologer|point_of_interest|establishment,070145 29123,https://www.instagram.com/shivatmane,"Shushant Lok 2, Sector 56, Gurugram, Haryana 122011, India",,,OPERATIONAL,https://maps.google.com/?cid=14646285101136121792&g_mp=Cilnb29nbGUubWFwcy5wbGFjZXMudjEuUGxhY2VzLlNlYXJjaE5lYXJieRACGAQgAA,ChIJRzn83vMjDTkRwI9QPLMOQss
Educational institution,,point_of_interest|establishment,093986 58096,,"D block vigyan vihar, gate no 5, beside shalom presidency school, Shushant Lok 2, Sushant Lok 2, Sector 56, Gurugram, Haryana 122011, India",,,OPERATIONAL,https://maps.google.com/?cid=13710283652356969144&g_mp=Cilnb29nbGUubWFwcy5wbGFjZXMudjEuUGxhY2VzLlNlYXJjaE5lYXJieRACGAQgAA,ChIJWUEovcQjDTkRuBKVdFe2RL4
GUJRALS,service,service|point_of_interest|establishment,,,"327, Sushant Lok 2 Main Rd, Block D, Sector 56, Gurugram, Ghata, Haryana 122011, India",,,OPERATIONAL,https://maps.google.com/?cid=14750317699518991230&g_mp=Cilnb29nbGUubWFwcy5wbGFjZXMudjEuUGxhY2VzLlNlYXJjaE5lYXJieRACGAQgAA,ChIJ81ySXgAjDTkRfov8E8yns8w
New Home D327,apartment_building,apartment_building|service|point_of_interest|establishment,,,"327, Shushant Lok 2, Block D, Sector 56, Gurugram, Haryana 122011, India",5,1,OPERATIONAL,https://maps.google.com/?cid=3330973792573763802&g_mp=Cilnb29nbGUubWFwcy5wbGFjZXMudjEuUGxhY2VzLlNlYXJjaE5lYXJieRACGAQgAA,ChIJcTlndPgjDTkR2rB-HgT_OS4
D 250,apartment_complex,apartment_complex|service|point_of_interest|establishment,,,"322, Block D, Sector 56, Gurugram, Haryana 122011, India",,,OPERATIONAL,https://maps.google.com/?cid=16604060276734782645&g_mp=Cilnb29nbGUubWFwcy5wbGFjZXMudjEuUGxhY2VzLlNlYXJjaE5lYXJieRACGAQgAA,ChIJoXtiLQAjDTkRtWzzf9l4beY
Setia homes pvt ltd,service,service|point_of_interest|establishment,,,"D-111, Sushant Lok 2, Sector 56, Gurugram, Haryana 122011, India",5,1,OPERATIONAL,https://maps.google.com/?cid=5098215242209939496&g_mp=Cilnb29nbGUubWFwcy5wbGFjZXMudjEuUGxhY2VzLlNlYXJjaE5lYXJieRACGAQgAA,ChIJ1ywYIZUhDTkRKNBnVMB_wEY
Orange Tree Technologies Private Limited,service,manufacturer|service|point_of_interest|establishment,0124 424 1463,,"D-111, Sushant Lok Phase I, Sector 56, Gurugram, Haryana 122011, India",5,2,OPERATIONAL,https://maps.google.com/?cid=12133622782064915689&g_mp=Cilnb29nbGUubWFwcy5wbGFjZXMudjEuUGxhY2VzLlNlYXJjaE5lYXJieRACGAQgAA,ChIJh7E3cfghDTkR6fSQM6JJY6g
Letsinfluence,service,service|point_of_interest|establishment,,http://letsinfluence.io/,"Golf Course Ext Rd, Sector 58, Gurugram, Haryana 122011, India",4,23,OPERATIONAL,https://maps.google.com/?cid=14798824296314196969&g_mp=Cilnb29nbGUubWFwcy5wbGFjZXMudjEuUGxhY2VzLlNlYXJjaE5lYXJieRACGAQgAA,ChIJM5VhwCEjDTkR6VM6O0r8X80
CBS HOMES,lodging,lodging|point_of_interest|establishment,,,"D-114, Sushant Lok 2, Sector 56, Gurugram, Haryana 122011, India",5,1,CLOSED_TEMPORARILY,https://maps.google.com/?cid=7204016643171855355&g_mp=Cilnb29nbGUubWFwcy5wbGFjZXMudjEuUGxhY2VzLlNlYXJjaE5lYXJieRACGAQgAA,ChIJc1ejeBohDTkR-6tC7PfO-WM
Haryana Vidyut Prasaran Nigam,bus_stop,bus_stop|transit_stop|transit_station|transportation_service|point_of_interest|establishment,,,"Sector 58, Gurugram, Haryana 122011, India",,,OPERATIONAL,https://maps.google.com/?cid=11144742695492577952&g_mp=Cilnb29nbGUubWFwcy5wbGFjZXMudjEuUGxhY2VzLlNlYXJjaE5lYXJieRACGAQgAA,ChIJW29CE_ghDTkRoOr2JW8Uqpo
SRA Macrame Design Studio Pvt. Limited,wholesaler,wholesaler|point_of_interest|establishment,,,"Sector 56, Gurugram, Haryana 122011, India",5,6,OPERATIONAL,https://maps.google.com/?cid=6869837232056363793&g_mp=Cilnb29nbGUubWFwcy5wbGFjZXMudjEuUGxhY2VzLlNlYXJjaE5lYXJieRACGAQgAA,ChIJ98C3s7EhDTkREet4iZCQVl8
OneXtel Limited,telecommunications_service_provider,telecommunications_service_provider|point_of_interest|establishment,097117 50750,https://onextel.com/,"4th Floor, Unit No. 4A, 4B-4D, Golf Course Ext Rd, Sector 58, Gurugram, Haryana 122098, India",,,OPERATIONAL,https://maps.google.com/?cid=16606741709906876261&g_mp=Cilnb29nbGUubWFwcy5wbGFjZXMudjEuUGxhY2VzLlNlYXJjaE5lYXJieRACGAQgAA,ChIJSeQsQJEhDTkRZZepT5n_duY
aganze,apartment_building,apartment_building|service|point_of_interest|establishment,087796 23487,,"Golf Course Ext Rd, Sector 56, Gurugram, Haryana 122011, India",,,OPERATIONAL,https://maps.google.com/?cid=14641817046815099350&g_mp=Cilnb29nbGUubWFwcy5wbGFjZXMudjEuUGxhY2VzLlNlYXJjaE5lYXJieRACGAQgAA,ChIJjVGIwCYhDTkR1kmsRQcvMss
The House Care | Patient Care | Elder Care | Maid Service | Nanny | Babysitter | Japa Service | Domestic Help in Gurugram,,child_care_agency|health|service|point_of_interest|establishment,,https://www.thehousecare.com/,"5th Floor, Good Earth Business Bay 2, Golf Course Ext Rd, Sector 58, Gurugram, Haryana 122098, India",,,OPERATIONAL,https://maps.google.com/?cid=1593476129396045314&g_mp=Cilnb29nbGUubWFwcy5wbGFjZXMudjEuUGxhY2VzLlNlYXJjaE5lYXJieRACGAQgAA,ChIJ1e8OsOUhDTkRAja32hgqHRY
Xpand Bharat,consultant,consultant|service|point_of_interest|establishment,,https://www.xpandbharat.com/,"6th Floor, Good Earth Business Bay 1, Golf Course Ext Rd, Sector 58, Gurugram, Haryana 122102, India",5,13,OPERATIONAL,https://maps.google.com/?cid=14386577028417068668&g_mp=Cilnb29nbGUubWFwcy5wbGFjZXMudjEuUGxhY2VzLlNlYXJjaE5lYXJieRACGAQgAA,ChIJmb7OxD8hDTkRfB6YgJVjp8c
Singh Nivas,housing_complex,housing_complex|service|point_of_interest|establishment,095990 33826,,"First Floor, 596B, Sector 56, Gurugram, Haryana 122011, India",5,2,OPERATIONAL,https://maps.google.com/?cid=7750859831124938128&g_mp=Cilnb29nbGUubWFwcy5wbGFjZXMudjEuUGxhY2VzLlNlYXJjaE5lYXJieRACGAQgAA,ChIJ5UwaFgUjDTkRkM0LWvOVkGs
Cook chef & Helper on hire - hospitality solution,consultant,consultant|service|point_of_interest|establishment,084472 68991,https://cookchefhire.lovable.app/,"Ground floor, D109, Vigyan Vihar, Sector 56, Gurugram, Ghata, Haryana 122011, India",5,1,OPERATIONAL,https://maps.google.com/?cid=16144225373825740744&g_mp=Cilnb29nbGUubWFwcy5wbGFjZXMudjEuUGxhY2VzLlNlYXJjaE5lYXJieRACGAQgAA,ChIJK3Vp1iUhDTkRyC-7FHHPC-A
Golf Homes,guest_house,guest_house|lodging|point_of_interest|establishment,099582 31222,https://www.sid-bnb.com/sector-56,"First Floor, D 109, Sushant Lok 2, Sector 56, Gurugram, Haryana 122011, India",,,OPERATIONAL,https://maps.google.com/?cid=6986579723836551998&g_mp=Cilnb29nbGUubWFwcy5wbGFjZXMudjEuUGxhY2VzLlNlYXJjaE5lYXJieRACGAQgAA,ChIJp3SZwsYhDTkRPnM5Cj5R9WA
Kalsi’s,lodging,lodging|point_of_interest|establishment,,,"D-32, Sushant Lok 2, Sector 56, Gurugram, Haryana 122011, India",4.8,11,OPERATIONAL,https://maps.google.com/?cid=7046207841453880938&g_mp=Cilnb29nbGUubWFwcy5wbGFjZXMudjEuUGxhY2VzLlNlYXJjaE5lYXJieRACGAQgAA,ChIJMyqN7DYhDTkRajZuC7MoyWE
"220 KV Sub Station, Sector 56 HVPNL",,point_of_interest|establishment,,,"220 KV Sub Station, Sector 56, Sector 58, Gurugram, Haryana 122098, India",2.3,3,OPERATIONAL,https://maps.google.com/?cid=14946423842732468095&g_mp=Cilnb29nbGUubWFwcy5wbGFjZXMudjEuUGxhY2VzLlNlYXJjaE5lYXJieRACGAQgAA,ChIJCQ__FvghDTkRf2d_oEtdbM8
Florence club,apartment_building,apartment_building|service|point_of_interest|establishment,,,"C492+XX6, Vigyan Vihar, Sector 56, Gurugram, Ghata, Haryana 122011, India",5,1,OPERATIONAL,https://maps.google.com/?cid=14072809689315757021&g_mp=Cilnb29nbGUubWFwcy5wbGFjZXMudjEuUGxhY2VzLlNlYXJjaE5lYXJieRACGAQgAA,ChIJO0QTNAAjDTkR3UtX-9mpTMM
Oberoi 360 North | Sales Office,corporate_office,corporate_office|point_of_interest|establishment,08071 500 129,,"Banjara Mkt Rd, Sector 58, Gurugram, Haryana 122009, India",4.7,27,OPERATIONAL,https://maps.google.com/?cid=13174559410082866631&g_mp=Cilnb29nbGUubWFwcy5wbGFjZXMudjEuUGxhY2VzLlNlYXJjaE5lYXJieRACGAQgAA,ChIJZccOxM8YDTkRx-VETvtv1bY
Parrow lounge,service,service|point_of_interest|establishment,,,"C492+MJM, Sector 56, Gurugram, Haryana 122011, India",5,2,OPERATIONAL,https://maps.google.com/?cid=6300309322688813889&g_mp=Cilnb29nbGUubWFwcy5wbGFjZXMudjEuUGxhY2VzLlNlYXJjaE5lYXJieRACGAQgAA,ChIJgypm9f0jDTkRQdvy0fIxb1c
Capital O 38192 The Blooms Premium,lodging,lodging|point_of_interest|establishment,,https://deals.vio.com/?sig=73aca13c7f952d2641c156f3e69125e1eb497c325f122828ee5aa8797168b9a12d32303331333438363233&turl=https%3A%2F%2Fwww.vio.com%2FHotel%2FSearch%3FhotelId%3D7865538%26utm_source%3Dgha-vr%26utm_campaign%3Dstatic%26openHotelDetails%3D1,"Sector 56, Gurugram, Haryana 122011, India",,,OPERATIONAL,https://maps.google.com/?cid=3416915962729112284&g_mp=Cilnb29nbGUubWFwcy5wbGFjZXMudjEuUGxhY2VzLlNlYXJjaE5lYXJieRACGAQgAA,ChIJEX9ylgIiDTkR3KLU6fZSay8
"Air Techniques Solutions VRV AC Dealer, VRF AC, Cassette AC Gurgaon",manufacturer,manufacturer|point_of_interest|establishment,093541 01803,https://commercial.airtechsolutions.in/book-now,"Ground Floor, Blooms Premium, Plot 591, Block D, Sector 56, Gurugram, Haryana 122011, India",4.9,60,OPERATIONAL,https://maps.google.com/?cid=5024835867094829738&g_mp=Cilnb29nbGUubWFwcy5wbGFjZXMudjEuUGxhY2VzLlNlYXJjaE5lYXJieRACGAQgAA,ChIJ69Log4MjDTkRqkrUMJnNu0U
Shanti Travels,tour_agency,tour_agency|travel_agency|transportation_service|point_of_interest|service|establishment,095407 32024,http://shantitravelsgurgaon.blogspot.com/,"Sector 55, Gurugram, Haryana 122011, India",,,CLOSED_TEMPORARILY,https://maps.google.com/?cid=3883018737091395580&g_mp=Cilnb29nbGUubWFwcy5wbGFjZXMudjEuUGxhY2VzLlNlYXJjaE5lYXJieRACGAQgAA,ChIJNU8NCm0hDTkR_L-E4PdA4zU
Protestant Cemetery,cemetery,cemetery|point_of_interest|service|establishment,,,"C494+CMR, Sector 58, Ghata, Gurugram, Haryana 122011, India",,,OPERATIONAL,https://maps.google.com/?cid=2468407041189992033&g_mp=Cilnb29nbGUubWFwcy5wbGFjZXMudjEuUGxhY2VzLlNlYXJjaE5lYXJieRACGAQgAA,ChIJVVVVwvkhDTkRYdYzMyCLQSI
Tijo Jacob,cemetery,cemetery|point_of_interest|service|establishment,,,"C494+96V, Sector 58, Gurugram, Haryana 122098, India",,,OPERATIONAL,https://maps.google.com/?cid=3698067228790936238&g_mp=Cilnb29nbGUubWFwcy5wbGFjZXMudjEuUGxhY2VzLlNlYXJjaE5lYXJieRACGAQgAA,ChIJ4R4Jm8EhDTkRrtKYJ40sUjM
Catholic Cemetery Gurgaon,cemetery,cemetery|point_of_interest|service|establishment,,https://cemeterylink.com/,"C494+MM8, Sector 56, Gurugram, Haryana 122011, India",5,1,OPERATIONAL,https://maps.google.com/?cid=1194159740802669200&g_mp=Cilnb29nbGUubWFwcy5wbGFjZXMudjEuUGxhY2VzLlNlYXJjaE5lYXJieRACGAQgAA,ChIJHcIMMxkhDTkRkJqdE_WBkhA
"Ak, टायर्स रिपेयरिंग सेंटर",car_repair,car_repair|point_of_interest|service|establishment,,,"C494+H4F, Sector 56, Gurugram, Haryana 122011, India",,,CLOSED_TEMPORARILY,https://maps.google.com/?cid=3507056618185020959&g_mp=Cilnb29nbGUubWFwcy5wbGFjZXMudjEuUGxhY2VzLlNlYXJjaE5lYXJieRACGAQgAA,ChIJg9YqAAAhDTkRH9YZvmmRqzA
Traffic Police Chowki Sector 55-56,government_office,police|government_office|point_of_interest|service|establishment,,,"Red light (Drop, Golf Course Rd, Sector 58, Ghata, Gurugram, Haryana 122098, India",,,OPERATIONAL,https://maps.google.com/?cid=8679075264119357254&g_mp=Cilnb29nbGUubWFwcy5wbGFjZXMudjEuUGxhY2VzLlNlYXJjaE5lYXJieRACGAQgAA,ChIJTU0J_jMhDTkRRr-2EPhEcng
Electrical Sub Station,,point_of_interest|establishment,,,"C494+84G, Sector 58, Gurugram, Haryana 122098, India",,,OPERATIONAL,https://maps.google.com/?cid=1871528346003473390&g_mp=Cilnb29nbGUubWFwcy5wbGFjZXMudjEuUGxhY2VzLlNlYXJjaE5lYXJieRACGAQgAA,ChIJJxRWLfghDTkR7oOcah0B-Rk
Christian Graveyard,cemetery,cemetery|point_of_interest|service|establishment,,,"Ghatta Gao, 2, Rajesh Pilot Rd, Ghata Gao, Ghatta Kanarpur, Sector 58, Gurugram, Haryana 122011, India",4,3,OPERATIONAL,https://maps.google.com/?cid=13107534910897124695&g_mp=Cilnb29nbGUubWFwcy5wbGFjZXMudjEuUGxhY2VzLlNlYXJjaE5lYXJieRACGAQgAA,ChIJNRaM6PkhDTkRV_UNBY5R57U
Where Else BYOB & Cafe,north_indian_restaurant,north_indian_restaurant|indian_restaurant|restaurant|food|point_of_interest|establishment,082870 82434,https://instagram.com/whereelsegurgaon?utm_medium=copy_link,"Plot Number 1, Rajesh Pilot Marg, Golf Course Ext Rd, Sector 58, Gurugram, Haryana 122011, India",3.8,3282,OPERATIONAL,https://maps.google.com/?cid=13802835933516234251&g_mp=Cilnb29nbGUubWFwcy5wbGFjZXMudjEuUGxhY2VzLlNlYXJjaE5lYXJieRACGAQgAA,ChIJI-8k-q8jDTkRC347piaGjb8
"T-Point, 11 Murti, Golf Course Road Extn,",transportation_service,transportation_service|point_of_interest|establishment,,,"C494+P2F, Sector 58, Gurugram, Haryana 122011, India",,,OPERATIONAL,https://maps.google.com/?cid=14582684897856652295&g_mp=Cilnb29nbGUubWFwcy5wbGFjZXMudjEuUGxhY2VzLlNlYXJjaE5lYXJieRACGAQgAA,ChIJf69KdQAhDTkRBwQz-KYaYMo
Anjuman Baghiya,cemetery,cemetery|mosque|place_of_worship|association_or_organization|point_of_interest|service|establishment,093501 84119,http://haryanaanjuman.in/anjuman_bag.php,"C494+6MQ, Sector 56, Gurugram, Haryana 122011, India",4.3,36,OPERATIONAL,https://maps.google.com/?cid=15525562412513203165&g_mp=Cilnb29nbGUubWFwcy5wbGFjZXMudjEuUGxhY2VzLlNlYXJjaE5lYXJieRACGAQgAA,ChIJfZSY4PkhDTkR3ZMBmMHgddc
Ghata Red Light,association_or_organization,association_or_organization|point_of_interest|service|establishment,,,"B-Block, Pragati Apartments 5, Huda Sector, Sushant Lok 2, Sector 55, Ghata, Gurugram, Haryana 122011, India",3.4,5,OPERATIONAL,https://maps.google.com/?cid=10602086576219236251&g_mp=Cilnb29nbGUubWFwcy5wbGFjZXMudjEuUGxhY2VzLlNlYXJjaE5lYXJieRACGAQgAA,ChIJpVzATgAhDTkRmyd8nZEtIpM
Qube BYOB and Lounge,restaurant,restaurant|food|point_of_interest|establishment,097110 33333,https://instagram.com/qube.gurgaon?igshid=MzRlODBiNWFlZA==,"C494+XJ, Sector 58, Gurugram, Haryana 122011, India",4,440,OPERATIONAL,https://maps.google.com/?cid=13589921297717078419&g_mp=Cilnb29nbGUubWFwcy5wbGFjZXMudjEuUGxhY2VzLlNlYXJjaE5lYXJieRACGAQgAA,ChIJYTUbGgUhDTkRkynx82oZmbw
Shri ram pharmacy medisquare,pharmacy,pharmacy|health|store|point_of_interest|establishment,095828 97797,,"56, Sector 55, Ghata, Gurugram, Haryana 122011, India",,,OPERATIONAL,https://maps.google.com/?cid=6851352604489618623&g_mp=Cilnb29nbGUubWFwcy5wbGFjZXMudjEuUGxhY2VzLlNlYXJjaE5lYXJieRACGAQgAA,ChIJNxrpn1whDTkRvxSNzeTkFF8
M.D Cycle Dukan,service,point_of_interest|service|establishment,074075 21618,,"Shop No.36 Sector.55 Ghatha, Bangali Market, Sector 58, Gurugram, Haryana 122011, India",5,1,OPERATIONAL,https://maps.google.com/?cid=7842148216439426387&g_mp=Cilnb29nbGUubWFwcy5wbGFjZXMudjEuUGxhY2VzLlNlYXJjaE5lYXJieRACGAQgAA,ChIJl_liYAghDTkRU83V3EDo1Gw
Ajit Crocery Shops,grocery_store,grocery_store|food_store|store|food|point_of_interest|establishment,,,"Shop No 100, near Banjara Market Road, Sector 58, Gurugram, Haryana 122011, India",,,CLOSED_TEMPORARILY,https://maps.google.com/?cid=15505126050959544607&g_mp=Cilnb29nbGUubWFwcy5wbGFjZXMudjEuUGxhY2VzLlNlYXJjaE5lYXJieRACGAQgAA,ChIJ6wr5lvkhDTkRH1EZYf5FLdc
"Sector 58, market Ghata Village",gift_shop,gift_shop|store|point_of_interest|establishment,,,"C494+GX7, Sector 58, Ghata, Gurugram, Haryana 122011, India",5,2,OPERATIONAL,https://maps.google.com/?cid=16784917998144735592&g_mp=Cilnb29nbGUubWFwcy5wbGFjZXMudjEuUGxhY2VzLlNlYXJjaE5lYXJieRACGAQgAA,ChIJvcidBQAhDTkRaEl6L_0B8Og
Urja Kunj,corporate_office,corporate_office|point_of_interest|establishment,,,"Urja Samiti, Ghatta Kanarpur, Sector 56, Gurugram, Haryana 122011, India",,,CLOSED_TEMPORARILY,https://maps.google.com/?cid=18168215813710783023&g_mp=Cilnb29nbGUubWFwcy5wbGFjZXMudjEuUGxhY2VzLlNlYXJjaE5lYXJieRACGAQgAA,ChIJNQwUrtIhDTkRL6Ld8gV4Ivw
Kanak Horticulture Facilities,park,park|point_of_interest|establishment,,,"Ghata Vlg Rd, Sector 55, Gurugram, Haryana 122011, India",5,1,OPERATIONAL,https://maps.google.com/?cid=5066889482263827390&g_mp=Cilnb29nbGUubWFwcy5wbGFjZXMudjEuUGxhY2VzLlNlYXJjaE5lYXJieRACGAQgAA,ChIJh6VjCqchDTkRvpN_eiM1UUY
Professional Pest Control Services Coimbatore,school,school|educational_institution|point_of_interest|establishment,,,"Ghatta Kanarpur, Sector 56, Gurugram, Haryana 122001, India",,,OPERATIONAL,https://maps.google.com/?cid=17601666309348416574&g_mp=Cilnb29nbGUubWFwcy5wbGFjZXMudjEuUGxhY2VzLlNlYXJjaE5lYXJieRACGAQgAA,ChIJE3a7Eq0hDTkRPlysL0CuRfQ
Gyani Kumar,hostel,hostel|lodging|point_of_interest|establishment,,,"C495+HMQ, Ghatta Kanarpur, Sector 58, Gurugram, Ghata, Haryana 122011, India",5,1,OPERATIONAL,https://maps.google.com/?cid=1979372293953850441&g_mp=Cilnb29nbGUubWFwcy5wbGFjZXMudjEuUGxhY2VzLlNlYXJjaE5lYXJieRACGAQgAA,ChIJyYoXcwAhDTkRSYxeO50keBs
Silai senta,place_of_worship,place_of_worship|association_or_organization|point_of_interest|establishment,,,"C495+FMP, Ghatta Kanarpur, Sector 55, Gurugram, Haryana 122011, India",3,2,OPERATIONAL,https://maps.google.com/?cid=11338319903700601355&g_mp=Cilnb29nbGUubWFwcy5wbGFjZXMudjEuUGxhY2VzLlNlYXJjaE5lYXJieRACGAQgAA,ChIJLZ1h0-AhDTkRC8rQIeHNWZ0
Rajiv,book_store,book_store|store|point_of_interest|establishment,,,"56329, Ghatta Kanarpur, Sector 58, Gurugram, Ghata, Haryana 122011, India",5,2,OPERATIONAL,https://maps.google.com/?cid=2962477404921005297&g_mp=Cilnb29nbGUubWFwcy5wbGFjZXMudjEuUGxhY2VzLlNlYXJjaE5lYXJieRACGAQgAA,ChIJHymEQQAhDTkR8QRw_4DVHCk
Dream Big School,educational_institution,educational_institution|point_of_interest|establishment,,https://brightorangefoundation.org/about/,"C495+CR, 26270, Ghatta Kanarpur, Sector 58, Gurugram, Haryana 122011, India",5,2,OPERATIONAL,https://maps.google.com/?cid=9796631441527073461&g_mp=Cilnb29nbGUubWFwcy5wbGFjZXMudjEuUGxhY2VzLlNlYXJjaE5lYXJieRACGAQgAA,ChIJr2ngvPIhDTkRteqkK2Sg9Ic
AYSHA COMMUNICATION,service,point_of_interest|service|establishment,099712 60822,,"Shop.no.10 Sector.55, Gaon, Ghatta Kanarpur, Market, Ghata, Gurugram, Haryana 122011, India",,,OPERATIONAL,https://maps.google.com/?cid=6785940122961115140&g_mp=Cilnb29nbGUubWFwcy5wbGFjZXMudjEuUGxhY2VzLlNlYXJjaE5lYXJieRACGAQgAA,ChIJO6gWiKYhDTkRBPgqoJaALF4
Siddhi Laminate,furniture_store,furniture_store|home_improvement_store|home_goods_store|store|point_of_interest|establishment,,,"C495+FW2, Ghatta Kanarpur, Sector 58, Ghata, Gurugram, Haryana 122011, India",,,CLOSED_TEMPORARILY,https://maps.google.com/?cid=9748542929401438838&g_mp=Cilnb29nbGUubWFwcy5wbGFjZXMudjEuUGxhY2VzLlNlYXJjaE5lYXJieRACGAQgAA,ChIJX6VQIwAhDTkRdmKe8CTISYc
MOTHER DAIRY,food_store,food_store|store|food|point_of_interest|establishment,1800 180 1018,https://www.motherdairy.com/branddetails/19/2,"Ghatta Kanarpur, Sector 58, Gurugram, Haryana 122011, India",5,1,OPERATIONAL,https://maps.google.com/?cid=6827205598299679038&g_mp=Cilnb29nbGUubWFwcy5wbGFjZXMudjEuUGxhY2VzLlNlYXJjaE5lYXJieRACGAQgAA,ChIJh5aXcvohDTkRPuk1z1Ebv14
Md Ahraj,housing_complex,housing_complex|point_of_interest|service|establishment,,,"Ghatta Kanarpur, Sector 58, Ghata, Gurugram, Haryana 122011, India",5,1,OPERATIONAL,https://maps.google.com/?cid=12795564959036486496&g_mp=Cilnb29nbGUubWFwcy5wbGFjZXMudjEuUGxhY2VzLlNlYXJjaE5lYXJieRACGAQgAA,ChIJ8VJldHohDTkRYDPOU4n6krE
JYOTI GENERAL STORE,point_of_interest,point_of_interest|establishment,,,"Ghatta Kanarpur, Sector 58, Gurugram, Haryana 122011, India",,,OPERATIONAL,https://maps.google.com/?cid=2336784131764619353&g_mp=Cilnb29nbGUubWFwcy5wbGFjZXMudjEuUGxhY2VzLlNlYXJjaE5lYXJieRACGAQgAA,ChIJk2aDcvohDTkRWYiZesnsbSA
Nazim Carpenter/ painting work,manufacturer,point_of_interest|service|manufacturer|establishment,,,"Near, Banjara Market, Ghatta Kanarpur, Sector 58, Gurugram, Haryana 122011, India",4,3,OPERATIONAL,https://maps.google.com/?cid=1373534893570736704&g_mp=Cilnb29nbGUubWFwcy5wbGFjZXMudjEuUGxhY2VzLlNlYXJjaE5lYXJieRACGAQgAA,ChIJbdNhVakhDTkRQELjWbXGDxM
Bright Orange Foundation(Dream Big Vidya Kendra),association_or_organization,association_or_organization|point_of_interest|establishment,099999 89376,https://brightorangefoundation.org/,"Dream big vidya Kendra, Ghata Vlg Rd, Sector 55-56, Sector 58, Gurugram, Haryana 122011, India",5,1,CLOSED_TEMPORARILY,https://maps.google.com/?cid=2661036314914252408&g_mp=Cilnb29nbGUubWFwcy5wbGFjZXMudjEuUGxhY2VzLlNlYXJjaE5lYXJieRACGAQgAA,ChIJwyI97gQhDTkReObg_G3m7SQ
Noor chicken corner,chicken_restaurant,chicken_restaurant|restaurant|food|point_of_interest|establishment,,,"C495+FWH, Ghata Gao, Ghatta Kanarpur, Sector 58, Gurugram, Ghata, Haryana 122011, India",,,CLOSED_TEMPORARILY,https://maps.google.com/?cid=1477310286438100754&g_mp=Cilnb29nbGUubWFwcy5wbGFjZXMudjEuUGxhY2VzLlNlYXJjaE5lYXJieRACGAQgAA,ChIJ4V33aAAhDTkREm8s3uB1gBQ
Sagar Numbardar ghata,apartment_building,apartment_building|point_of_interest|service|establishment,,,"C495+FW4, Ghata Gao, Ghatta Kanarpur, Sector 58, Gurugram, Ghata, Haryana 122011, India",,,OPERATIONAL,https://maps.google.com/?cid=5857346730288481124&g_mp=Cilnb29nbGUubWFwcy5wbGFjZXMudjEuUGxhY2VzLlNlYXJjaE5lYXJieRACGAQgAA,ChIJpZuTHgAhDTkRZAMkUdF5SVE
CHOUDHARY HARI SINGH HOUSE,service,point_of_interest|service|establishment,,,"C495+PW6, Ghatta Kanarpur, Sector 58, Ghata, Gurugram, Haryana 122011, India",,,OPERATIONAL,https://maps.google.com/?cid=17736534182458715624&g_mp=Cilnb29nbGUubWFwcy5wbGFjZXMudjEuUGxhY2VzLlNlYXJjaE5lYXJieRACGAQgAA,ChIJYwdeegAhDTkR6G0G5N3TJPY
BHOLA BABA DHABA,restaurant,restaurant|food|point_of_interest|establishment,,,"Ghatta Kanarpur, Banjara market, Ghata, Gurugram, Haryana 122011, India",5,7,CLOSED_TEMPORARILY,https://maps.google.com/?cid=8583962876307091454&g_mp=Cilnb29nbGUubWFwcy5wbGFjZXMudjEuUGxhY2VzLlNlYXJjaE5lYXJieRACGAQgAA,ChIJX0GPjgAhDTkR_q9sl8FcIHc
Side Laminates,furniture_store,furniture_store|home_improvement_store|home_goods_store|store|point_of_interest|establishment,096505 68078,,"Shop No. 5, Gaon Market, Ghatta Kanarpur, Sector 58, Ghata, Gurugram, Haryana 122011, India",5,1,CLOSED_TEMPORARILY,https://maps.google.com/?cid=1911147726109610929&g_mp=Cilnb29nbGUubWFwcy5wbGFjZXMudjEuUGxhY2VzLlNlYXJjaE5lYXJieRACGAQgAA,ChIJA0qMHZchDTkRsRMPMLvChRo
Shree Shyam Enterprises,supplier,supplier|point_of_interest|service|establishment,087662 39564,https://sites.google.com/view/shree-shyam-ro-service/services/annual-maintenance-contractchargesamc?authuser=0,"near shamshan Ghat, opposite dharmveer aparltment, Ghatta Kanarpur, Sector 55, Ghata, Gurugram, Haryana 122002, India",4.4,28,OPERATIONAL,https://maps.google.com/?cid=3977813306565315794&g_mp=Cilnb29nbGUubWFwcy5wbGFjZXMudjEuUGxhY2VzLlNlYXJjaE5lYXJieRACGAQgAA,ChIJz5meEYIhDTkR0sylgCAINDc
RO HI RO water purifier sales service,supplier,supplier|point_of_interest|establishment,070800 08599,,"Village Ghata, opp. dharamveer apartment, Ghatta Kanarpur, Sector 55, Gurugram, Haryana 122011, India",5,7,OPERATIONAL,https://maps.google.com/?cid=13641741528680214670&g_mp=Cilnb29nbGUubWFwcy5wbGFjZXMudjEuUGxhY2VzLlNlYXJjaE5lYXJieRACGAQgAA,ChIJ6535SwohDTkRjrCtrqQzUb0
Bike and Car wash,car_wash,car_wash|point_of_interest|service|establishment,,,"C495+6HC, Ghatta Kanarpur, Sector 58, Ghata, Gurugram, Haryana 122011, India",,,OPERATIONAL,https://maps.google.com/?cid=3214583411898681651&g_mp=Cilnb29nbGUubWFwcy5wbGFjZXMudjEuUGxhY2VzLlNlYXJjaE5lYXJieRACGAQgAA,ChIJb6pmVQAhDTkRM4kV35R-nCw
Salman Auto Mechanic,car_repair,car_repair|point_of_interest|service|establishment,098910 93263,,"C495+8J3, Ghatta Kanarpur, Sector 58, Gurugram, Ghata, Haryana 122011, India",4.9,10,OPERATIONAL,https://maps.google.com/?cid=12334471996648862257&g_mp=Cilnb29nbGUubWFwcy5wbGFjZXMudjEuUGxhY2VzLlNlYXJjaE5lYXJieRACGAQgAA,ChIJ79D_ZQAhDTkRMTJCHO7YLKs
"The Knowledge Habitat School (Senior High School), Gurugram",school,school|educational_institution|point_of_interest|establishment,0124 490 3700,https://theknowledgehabitat.com/?utm_source=google&utm_medium=organic&utm_campaign=gmb,"H.No, The M2k White House Flat-7d, THE M2K WHITE HOUSE, 3553, Block C, Sushant Lok III, Sector 57, Gurugram, Haryana 122011, India",,,OPERATIONAL,https://maps.google.com/?cid=15246214355792372656&g_mp=Cilnb29nbGUubWFwcy5wbGFjZXMudjEuUGxhY2VzLlNlYXJjaE5lYXJieRACGAQgAA,ChIJoaqqWnMiDTkRsCN3vi1vldM
Pappu,hostel,hostel|lodging|point_of_interest|establishment,,,"THE HDFC SCHOOL, Block C, Sushant Lok III, Sector 57, Gurugram, Haryana 122011, India",,,OPERATIONAL,https://maps.google.com/?cid=10229964918779701696&g_mp=Cilnb29nbGUubWFwcy5wbGFjZXMudjEuUGxhY2VzLlNlYXJjaE5lYXJieRACGAQgAA,ChIJiTWEaAAjDTkRwGmSmOQi-I0
Hcbc,service,point_of_interest|service|establishment,,,"THE HDFC SCHOOL, Block C, Sushant Lok III, Sector 57, Gurugram, Haryana 122011, India",,,OPERATIONAL,https://maps.google.com/?cid=14038570028210758881&g_mp=Cilnb29nbGUubWFwcy5wbGFjZXMudjEuUGxhY2VzLlNlYXJjaE5lYXJieRACGAQgAA,ChIJibnZcAAjDTkR4aTypQ8F08I
Dr. Jagriti Singh-Consult With Best Dentist Doctor Near Me | Bruxism | Cavities | Swollen Gums | 13+ Yrs. of Exp.,doctor,dentist|doctor|hospital|health|point_of_interest|service|establishment,080 4482 6027,https://www.apollo247.com/doctors/dr-jagriti-singh-1c8ac8fe-26ee-4fda-a0b1-f29367af446a?utm_source=gmb_docverse&utm_medium=clinics&utm_campaign=doctors,"House No 191( Upper Ground Floor, HDFC SCHOOL, near Boom Plaza, Block-E &, Sushant Lok III Extension, Sector 57, Gurugram, Haryana 122011, India",,,OPERATIONAL,https://maps.google.com/?cid=243445217511984148&g_mp=Cilnb29nbGUubWFwcy5wbGFjZXMudjEuUGxhY2VzLlNlYXJjaE5lYXJieRACGAQgAA,ChIJO718Q6ojDTkRFMwRsCLkYAM
ArtCradle Gallery,art_gallery,art_gallery|point_of_interest|establishment,098187 72792,https://www.galleryartcradle.com/,"D4, The Legend, Apartments, opposite THE HDFC SCHOOL, Block C, Sushant Lok III, Sector 57, Gurugram, Haryana 122011, India",4.8,19,OPERATIONAL,https://maps.google.com/?cid=5356450980030011191&g_mp=Cilnb29nbGUubWFwcy5wbGFjZXMudjEuUGxhY2VzLlNlYXJjaE5lYXJieRACGAQgAA,ChIJf2j4QdsjDTkRN1d7YcnvVUo
Charu Tuition Classes,educational_institution,educational_institution|point_of_interest|establishment,,,"F-15 Ground Floor, Rail Vihar, near THE HDFC SCHOOL, Block C, Sushant Lok III, Sector 57, Gurugram, Haryana 122011, India",4.9,7,OPERATIONAL,https://maps.google.com/?cid=5132704185380383222&g_mp=Cilnb29nbGUubWFwcy5wbGFjZXMudjEuUGxhY2VzLlNlYXJjaE5lYXJieRACGAQgAA,ChIJm7jfgLwjDTkR9inCKkMHO0c
VR ENTERTAINMENTS & EVENTS,,point_of_interest|establishment,099102 01509,,"3201, near THE HDFC SCHOOL, Block C, Sushant Lok III, Sector 57, Gurugram, Haryana 122011, India",5,3,OPERATIONAL,https://maps.google.com/?cid=9600009790764973856&g_mp=Cilnb29nbGUubWFwcy5wbGFjZXMudjEuUGxhY2VzLlNlYXJjaE5lYXJieRACGAQgAA,ChIJJQkHh1gjDTkRIH_RqgoWOoU
CA Aman Garg (GST Consultant),consultant,accounting|consultant|finance|point_of_interest|service|establishment,078373 23835,,"near THE HDFC SCHOOL, Block C, Sushant Lok III, Sector 57, Gurugram, Haryana 122011, India",5,4,OPERATIONAL,https://maps.google.com/?cid=13604507181249399625&g_mp=Cilnb29nbGUubWFwcy5wbGFjZXMudjEuUGxhY2VzLlNlYXJjaE5lYXJieRACGAQgAA,ChIJi2AZXlgjDTkRSQufmjPrzLw
M3M Atrium 57,general_contractor,point_of_interest|general_contractor|service|establishment,1800 123 3333,https://m3mindia.com/retail/m3m-atrium57,"Sushant Lok Phase 3, III, Sector 57, Gurugram, Haryana 122011, India",4.2,136,OPERATIONAL,https://maps.google.com/?cid=8072550962279384617&g_mp=Cilnb29nbGUubWFwcy5wbGFjZXMudjEuUGxhY2VzLlNlYXJjaE5lYXJieRACGAQgAA,ChIJaRbZjnAjDTkRKYbmeVR2B3A
Balaji timber (tampu servic),transportation_service,transportation_service|point_of_interest|establishment,,,"3548, Block C, Sushant Lok III, Sector 57, Gurugram, Haryana 122011, India",,,OPERATIONAL,https://maps.google.com/?cid=9811480628078393672&g_mp=Cilnb29nbGUubWFwcy5wbGFjZXMudjEuUGxhY2VzLlNlYXJjaE5lYXJieRACGAQgAA,ChIJLVbsVeojDTkRSDk91aVhKYg
Music And Dance Palazzo,educational_institution,art_studio|sports_school|school|educational_institution|association_or_organization|point_of_interest|store|service|establishment,083683 46991,https://sites.google.com/view/musicanddancepalazzo/home,"House No. 3548, near THE HDFC SCHOOL, Block C, Sushant Lok III, Sector 57, Gurugram, Haryana 122011, India",4.9,28,OPERATIONAL,https://maps.google.com/?cid=11768888792791245799&g_mp=Cilnb29nbGUubWFwcy5wbGFjZXMudjEuUGxhY2VzLlNlYXJjaE5lYXJieRACGAQgAA,ChIJuwuoOwAZDTkR5-NltwB-U6M
Kailash Kunj,housing_complex,housing_complex|point_of_interest|service|establishment,,,"C3CG+GQF, Block C, Sushant Lok III, Sector 57, Gurugram, Haryana 122011, India",5,1,OPERATIONAL,https://maps.google.com/?cid=6193494607424525346&g_mp=Cilnb29nbGUubWFwcy5wbGFjZXMudjEuUGxhY2VzLlNlYXJjaE5lYXJieRACGAQgAA,ChIJldaiVtMjDTkRIhTW6Ye281U
ISHIKA WELLNESS CENTER,wellness_center,wellness_center|health|point_of_interest|establishment,079768 97754,,"H.No 1591,Sector 52 Wazirabad, Near Mahindra Work Shop,Next to Ardee City, Gate No. 2, Block C, Sushant Lok III, Sector 57, Gurugram, Haryana 122011, India",5,1,OPERATIONAL,https://maps.google.com/?cid=8147253338592142598&g_mp=Cilnb29nbGUubWFwcy5wbGFjZXMudjEuUGxhY2VzLlNlYXJjaE5lYXJieRACGAQgAA,ChIJIyCL4nwjDTkRBmXm1b7bEHE
Saroj kumar plumber & Water proof,store,store|point_of_interest|establishment,,,"Plot-C.99, 3, Block C, Sushant Lok III, Sector 57, Gurugram, Haryana 122011, India",2.5,2,CLOSED_TEMPORARILY,https://maps.google.com/?cid=3336183449085619909&g_mp=Cilnb29nbGUubWFwcy5wbGFjZXMudjEuUGxhY2VzLlNlYXJjaE5lYXJieRACGAQgAA,ChIJ624WuFgjDTkRxS5JzCuBTC4
Modernism,jewelry_store,jewelry_store|point_of_interest|store|establishment,,,"H.No. 3545J, Block C, Sushant Lok III, Sector 57, Gurugram, Haryana 122011, India",5,28,OPERATIONAL,https://maps.google.com/?cid=9224887272101234826&g_mp=Cilnb29nbGUubWFwcy5wbGFjZXMudjEuUGxhY2VzLlNlYXJjaE5lYXJieRACGAQgAA,ChIJZeLTLIojDTkRisidMhliBYA
RIO,apartment_building,apartment_building|point_of_interest|service|establishment,,,"Block C, Sushant Lok III, Sector 57, Block C, Sushant Lok III, Sector 57, Gurugram, Haryana 122011, India",4.6,9,OPERATIONAL,https://maps.google.com/?cid=1110148853169084928&g_mp=Cilnb29nbGUubWFwcy5wbGFjZXMudjEuUGxhY2VzLlNlYXJjaE5lYXJieRACGAQgAA,ChIJm5GohXQiDTkRAFrzCIAKaA8
Park,park,park|point_of_interest|establishment,,,"E62, Sushant Lok III Extension, Sector 57, Gurugram, Haryana 122011, India",,,OPERATIONAL,https://maps.google.com/?cid=9670273320287526312&g_mp=Cilnb29nbGUubWFwcy5wbGFjZXMudjEuUGxhY2VzLlNlYXJjaE5lYXJieRACGAQgAA,ChIJPwjffQAjDTkRqN2seFm2M4Y
OkeyandPrime,apartment_building,apartment_building|point_of_interest|service|establishment,,,"3545K, Dharm Marg, Block C, Sushant Lok III, Sector 57, Gurugram, Haryana 122011, India",5,1,OPERATIONAL,https://maps.google.com/?cid=11540177465735742520&g_mp=Cilnb29nbGUubWFwcy5wbGFjZXMudjEuUGxhY2VzLlNlYXJjaE5lYXJieRACGAQgAA,ChIJxeWeMeQjDTkROIQlOkPyJqA
Gitalaya,hindu_temple,hindu_temple|place_of_worship|association_or_organization|point_of_interest|establishment,,,"3553, Block C, Sushant Lok III, Sector 57, Gurugram, Haryana 122011, India",5,4,OPERATIONAL,https://maps.google.com/?cid=9109179828894585715&g_mp=Cilnb29nbGUubWFwcy5wbGFjZXMudjEuUGxhY2VzLlNlYXJjaE5lYXJieRACGAQgAA,ChIJZWhFNTAjDTkRc1NquMpOan4
First Dance Classes,sports_school,sports_school|point_of_interest|establishment,088260 26517,https://firstdance.in/,"3611, First Floor, IPA, Sushant Lol, Block C, Phase -III, Sector 57, Gurugram, Haryana 122011, India",4.9,140,OPERATIONAL,https://maps.google.com/?cid=14341736606348638559&g_mp=Cilnb29nbGUubWFwcy5wbGFjZXMudjEuUGxhY2VzLlNlYXJjaE5lYXJieRACGAQgAA,ChIJa_HOJW8ZDTkRX3mgK3UVCMc
Narinder Dhawan,apartment_building,apartment_building|service|point_of_interest|establishment,,,"The Nest, Shiv Shakti Mandir, B 79, near Gurugram, Block B, Sushant Lok III, Sector 57, Gurugram, Haryana 122011, India",,,OPERATIONAL,https://maps.google.com/?cid=17387953752265911744&g_mp=Cilnb29nbGUubWFwcy5wbGFjZXMudjEuUGxhY2VzLlNlYXJjaE5lYXJieRACGAQgAA,ChIJkY8JfgAjDTkRwO269s9rTvE
Shivani Bansal,apartment_building,apartment_building|service|point_of_interest|establishment,,,"83a, Sector 57 Rd, Block C, Sushant Lok III Extension, Sector 57, Gurugram, Haryana 122011, India",5,1,OPERATIONAL,https://maps.google.com/?cid=11098555077023300474&g_mp=Cilnb29nbGUubWFwcy5wbGFjZXMudjEuUGxhY2VzLlNlYXJjaE5lYXJieRACGAQgAA,ChIJ6zrobwAjDTkRevsUNgr9BZo
B77,apartment_building,apartment_building|service|point_of_interest|establishment,,,"The Nest, Shiv Shakti Mandir, B 79, near Gurugram, Block C, Sushant Lok III Extension, Sector 57, Gurugram, Haryana 122011, India",5,1,OPERATIONAL,https://maps.google.com/?cid=5279243739899580961&g_mp=Cilnb29nbGUubWFwcy5wbGFjZXMudjEuUGxhY2VzLlNlYXJjaE5lYXJieRACGAQgAA,ChIJN_pRGwAjDTkRIVJr9zWkQ0k
Vohra's Villa,association_or_organization,service|association_or_organization|point_of_interest|establishment,,,"B77, Block B Rd, Block C, Sushant Lok III, Sector 57, Gurugram, Haryana 122011, India",5,1,OPERATIONAL,https://maps.google.com/?cid=7219867910905462226&g_mp=Cilnb29nbGUubWFwcy5wbGFjZXMudjEuUGxhY2VzLlNlYXJjaE5lYXJieRACGAQgAA,ChIJZem6q3AjDTkR0v3CypwfMmQ
INTERIOR WORLD,general_contractor,general_contractor|service|point_of_interest|establishment,078279 75336,http://www.interiorworldcompany.in/,"B62, Block B, Sushant Lok III, Sector 57, Gurugram, Haryana 122011, India",5,2,OPERATIONAL,https://maps.google.com/?cid=11259183552319084019&g_mp=Cilnb29nbGUubWFwcy5wbGFjZXMudjEuUGxhY2VzLlNlYXJjaE5lYXJieRACGAQgAA,ChIJ8ZgWitAjDTkR81XmgMmnQJw
"Sector 57 Park,",park,park|point_of_interest|establishment,,,"C3CH+RWF, Block B, Sushant Lok III, Sector 57, Gurugram, Haryana 122011, India",4.2,52,OPERATIONAL,https://maps.google.com/?cid=11980443882051399623&g_mp=Cilnb29nbGUubWFwcy5wbGFjZXMudjEuUGxhY2VzLlNlYXJjaE5lYXJieRACGAQgAA,ChIJ-xTuzgkjDTkRx-8sUTwWQ6Y
Ankita kheterpal,apartment_building,apartment_building|service|point_of_interest|establishment,,,"B/83, Block B, Sushant Lok III, Sector 57, Gurugram, Haryana 122011, India",,,OPERATIONAL,https://maps.google.com/?cid=1169940892648876526&g_mp=Cilnb29nbGUubWFwcy5wbGFjZXMudjEuUGxhY2VzLlNlYXJjaE5lYXJieRACGAQgAA,ChIJNSQrKwAjDTkR7imKEgt3PBA
Stylin By Shikha,general_contractor,general_contractor|service|point_of_interest|establishment,088603 17658,https://stylinbyshikha.com/,"third floor, H 11, B 82, Block B, Sushant Lok III, Sector 57, Gurugram, Haryana 122011, India",5,3,OPERATIONAL,https://maps.google.com/?cid=16627573603783192593&g_mp=Cilnb29nbGUubWFwcy5wbGFjZXMudjEuUGxhY2VzLlNlYXJjaE5lYXJieRACGAQgAA,ChIJAR5KaGMjDTkREbAokhgCweY
B-82,apartment_building,apartment_building|service|point_of_interest|establishment,,,"82, Block B, Sushant Lok III, Sector 57, Gurugram, Haryana 122011, India",,,OPERATIONAL,https://maps.google.com/?cid=15578138304886978668&g_mp=Cilnb29nbGUubWFwcy5wbGFjZXMudjEuUGxhY2VzLlNlYXJjaE5lYXJieRACGAQgAA,ChIJNYih-LUjDTkRbLixdECqMNg
HappyPets (Dogs & Cat) Boarding,pet_boarding_service,pet_boarding_service|pet_care|point_of_interest|establishment,088798 91642,https://instagram.com/happypets_homeboarding?utm_medium=copy_link,"B block, H 11, Block B, Sushant Lok III, Sector 57, Gurugram, Haryana 122011, India",4.7,64,OPERATIONAL,https://maps.google.com/?cid=14786912081758409883&g_mp=Cilnb29nbGUubWFwcy5wbGFjZXMudjEuUGxhY2VzLlNlYXJjaE5lYXJieRACGAQgAA,ChIJkXb_baQjDTkRm1QkpjGqNc0
Yogesh’s Residence (B-75),service,service|point_of_interest|establishment,,,"C3CH+RVV, Block C, Sushant Lok III, Sector 57, Gurugram, Haryana 122011, India",,,OPERATIONAL,https://maps.google.com/?cid=1335142700817194304&g_mp=Cilnb29nbGUubWFwcy5wbGFjZXMudjEuUGxhY2VzLlNlYXJjaE5lYXJieRACGAQgAA,ChIJIVPraQAjDTkRQB2qZjZhhxI
Yogi Ghar,housing_complex,housing_complex|service|point_of_interest|establishment,,,"B75, Block B, Sushant Lok III, Sector 57, Gurugram, Haryana 122011, India",5,1,OPERATIONAL,https://maps.google.com/?cid=7208781193004445837&g_mp=Cilnb29nbGUubWFwcy5wbGFjZXMudjEuUGxhY2VzLlNlYXJjaE5lYXJieRACGAQgAA,ChIJyw-cEgAjDTkRjfCLIE28CmQ
Learn and Play,medical_clinic,medical_clinic|health|service|point_of_interest|establishment,092051 98873,http://learnandplay.co.in/,"B-Block, Block B, Sushant Lok III, Sector 57, Gurugram, Haryana 122011, India",5,1,OPERATIONAL,https://maps.google.com/?cid=11755614446238744891&g_mp=Cilnb29nbGUubWFwcy5wbGFjZXMudjEuUGxhY2VzLlNlYXJjaE5lYXJieRACGAQgAA,ChIJt0pRIxIZDTkRO8GCEA5VJKM
Lok residency 1,apartment_building,apartment_building|service|point_of_interest|establishment,098118 51720,,"B76 A, Block B, Sushant Lok III Extension, Sector 57, Gurugram, Haryana 122011, India",3,3,OPERATIONAL,https://maps.google.com/?cid=11980198168748254276&g_mp=Cilnb29nbGUubWFwcy5wbGFjZXMudjEuUGxhY2VzLlNlYXJjaE5lYXJieRACGAQgAA,ChIJeZXPsnQiDTkRRGQGu8I2QqY
"Dr Sanjeev Srivastava, Brain and Spine Surgeon",doctor,doctor|health|point_of_interest|establishment,099713 60274,http://sanjeevsrivastavaneuro.clinic.icareheal.com/,"3F, B Block, H 11, B-160, near Rail Vihar, Block C, Sushant Lok III, Sector 57, Gurugram, Haryana 122011, India",5,12,OPERATIONAL,https://maps.google.com/?cid=17082475906338928836&g_mp=Cilnb29nbGUubWFwcy5wbGFjZXMudjEuUGxhY2VzLlNlYXJjaE5lYXJieRACGAQgAA,ChIJ_QTae94jDTkRxDiAeVQlEe0
Ziya Dacor wooden floors,apartment_building,apartment_building|service|point_of_interest|establishment,,,"C3CH+JPP, Block C, Sushant Lok III, Sector 57, Gurugram, Haryana 122011, India",,,OPERATIONAL,https://maps.google.com/?cid=18137689805812767570&g_mp=Cilnb29nbGUubWFwcy5wbGFjZXMudjEuUGxhY2VzLlNlYXJjaE5lYXJieRACGAQgAA,ChIJd1lJQgAjDTkRUpux4ccEtvs
"Comfort Residency contact for PG,Hotel or Co-Living in sector 57, 46, 52 gurgaon",hotel,hotel|guest_house|lodging|service|point_of_interest|establishment,,,"Plot no 1801 Block, b1, Block C, Sushant Lok III, Sector 57, Gurugram, Haryana 122011, India",5,10,OPERATIONAL,https://maps.google.com/?cid=7753036378849969175&g_mp=Cilnb29nbGUubWFwcy5wbGFjZXMudjEuUGxhY2VzLlNlYXJjaE5lYXJieRACGAQgAA,ChIJzwXGRWkjDTkRF4QIXIJRmGs
The Kaimalgarh Villa,lodging,lodging|point_of_interest|establishment,,,"C3CH+VQG, Block B, Sushant Lok III, Sector 57, Gurugram, Haryana 122011, India",4.8,15,OPERATIONAL,https://maps.google.com/?cid=13345154832869668160&g_mp=Cilnb29nbGUubWFwcy5wbGFjZXMudjEuUGxhY2VzLlNlYXJjaE5lYXJieRACGAQgAA,ChIJq6qqhgwiDTkRQLXIZZ2DM7k
Chaturvedi Niwas,apartment_building,apartment_building|service|point_of_interest|establishment,,,"House number 793, Block C, Sushant Lok III, Sector 57, Gurugram, Haryana 122011, India",5,1,OPERATIONAL,https://maps.google.com/?cid=15515144851863393451&g_mp=Cilnb29nbGUubWFwcy5wbGFjZXMudjEuUGxhY2VzLlNlYXJjaE5lYXJieRACGAQgAA,ChIJUYRYbQAjDTkRq1QMPgreUNc
"3197 A, Sector 57, Gurugram",apartment_building,apartment_building|service|point_of_interest|establishment,,,"House No. 3197 A, Block C, Sushant Lok III, Sector 57, Gurugram, Haryana 122011, India",,,OPERATIONAL,https://maps.google.com/?cid=15145117346003610058&g_mp=Cilnb29nbGUubWFwcy5wbGFjZXMudjEuUGxhY2VzLlNlYXJjaE5lYXJieRACGAQgAA,ChIJD8y0I48jDTkRyukm4vtDLtI
Preetam Tent House and Catering,non_profit_organization,non_profit_organization|association_or_organization|point_of_interest|establishment,,,"C3CM+M6Q, Sushant Lok Phase 3, Sushant Lok 2, Sector 57, Gurugram, Haryana 122011, India",4,4,OPERATIONAL,https://maps.google.com/?cid=6236333524346536908&g_mp=Cilnb29nbGUubWFwcy5wbGFjZXMudjEuUGxhY2VzLlNlYXJjaE5lYXJieRACGAQgAA,ChIJTRS67E4jDTkRzAOJg0zoi1Y
2908 Casa Bonita,apartment_building,apartment_building|service|point_of_interest|establishment,,,"2908, Sushant Lok Phase 3, Sushant Lok 2, Sector 57, Gurugram, Haryana 122011, India",,,OPERATIONAL,https://maps.google.com/?cid=9160037218208942774&g_mp=Cilnb29nbGUubWFwcy5wbGFjZXMudjEuUGxhY2VzLlNlYXJjaE5lYXJieRACGAQgAA,ChIJv31SbAAjDTkRtoqzaFH9Hn8
Physiotherapy at Home By Professional Doctors,medical_clinic,medical_clinic|health|point_of_interest|establishment,099586 37975,,"1141A, Sushant Lok Phase 3, Sushant Lok 2, Sector 57, Gurugram, Haryana 122011, India",1,1,OPERATIONAL,https://maps.google.com/?cid=3055152994978053516&g_mp=Cilnb29nbGUubWFwcy5wbGFjZXMudjEuUGxhY2VzLlNlYXJjaE5lYXJieRACGAQgAA,ChIJb4zkYi4jDTkRjD0jSHYVZio
Anshul Apartment,apartment_building,apartment_building|service|point_of_interest|establishment,,,"2931, Sushant Lok Phase 3, Sushant Lok III Extension, Sector 57, Gurugram, Haryana 122011, India",,,OPERATIONAL,https://maps.google.com/?cid=2365441610681156091&g_mp=Cilnb29nbGUubWFwcy5wbGFjZXMudjEuUGxhY2VzLlNlYXJjaE5lYXJieRACGAQgAA,ChIJs1CdAjMjDTkR-wGUvZy80yA
RitHit Home,association_or_organization,association_or_organization|service|point_of_interest|establishment,,,"2927, Sushant Lok Phase 3, Sushant Lok 2, Sector 57, Gurugram, Haryana 122011, India",5,6,OPERATIONAL,https://maps.google.com/?cid=8089101820113030271&g_mp=Cilnb29nbGUubWFwcy5wbGFjZXMudjEuUGxhY2VzLlNlYXJjaE5lYXJieRACGAQgAA,ChIJ9XQp33UZDTkRf4zNWz9DQnA
WALIA’S,housing_complex,housing_complex|service|point_of_interest|establishment,,,"2905, Sector 57 Rd, Block G, Block B1, Sector 57, Gurugram, Haryana 122011, India",,,OPERATIONAL,https://maps.google.com/?cid=1484663687703343681&g_mp=Cilnb29nbGUubWFwcy5wbGFjZXMudjEuUGxhY2VzLlNlYXJjaE5lYXJieRACGAQgAA,ChIJKyfWLQAjDTkRQbJ6BMKVmhQ
SugarSprinklesbySangeeta&Aakriti,bakery,bakery|food_store|store|point_of_interest|food|establishment,,,"2937, Sector 57 Rd, Sushant Lok Phase 3, Sushant Lok III, Extension, Gurugram, Haryana 122011, India",5,4,OPERATIONAL,https://maps.google.com/?cid=10256869429373837590&g_mp=Cilnb29nbGUubWFwcy5wbGFjZXMudjEuUGxhY2VzLlNlYXJjaE5lYXJieRACGAQgAA,ChIJbxsKCzIjDTkRFiFkHWe4V44
Home 2925,apartment_building,apartment_building|service|point_of_interest|establishment,,,"2925, Sushant Lok Phase 3, Sushant Lok 2, Sector 57, Gurugram, Haryana 122011, India",,,OPERATIONAL,https://maps.google.com/?cid=16758930712431880781&g_mp=Cilnb29nbGUubWFwcy5wbGFjZXMudjEuUGxhY2VzLlNlYXJjaE5lYXJieRACGAQgAA,ChIJU7cLUAAjDTkRTeriubCuk-g
K D Super Mart,general_store,general_store|food_store|store|point_of_interest|food|establishment,084268 42001,,"near Harmony Chowk, Block B, Sushant Lok III, Sector 57, Gurugram, Haryana 122011, India",,,OPERATIONAL,https://maps.google.com/?cid=7110766150102940636&g_mp=Cilnb29nbGUubWFwcy5wbGFjZXMudjEuUGxhY2VzLlNlYXJjaE5lYXJieRACGAQgAA,ChIJ0_1DZ9EjDTkR3PvBmSOErmI
2936,apartment_building,apartment_building|service|point_of_interest|establishment,,,"2936, Shanti Marg, Sushant Lok Phase 3, Sushant Lok 2, Sector 57, Gurugram, Haryana 122011, India",,,OPERATIONAL,https://maps.google.com/?cid=12799217714492770840&g_mp=Cilnb29nbGUubWFwcy5wbGFjZXMudjEuUGxhY2VzLlNlYXJjaE5lYXJieRACGAQgAA,ChIJ-cLDPQAjDTkRGIo6u7L0n7E
OYO 73573 Candlewood Suites,hotel,hotel|cottage|motel|inn|guest_house|lodging|service|point_of_interest|establishment,0124 620 1166,https://www.oyorooms.com/103363/,"1141A, Sushant Lok Phase 3, Sushant Lok 2, Sector 57, Gurugram, Haryana 122011, India",3,2,OPERATIONAL,https://maps.google.com/?cid=17998100900767464688&g_mp=Cilnb29nbGUubWFwcy5wbGFjZXMudjEuUGxhY2VzLlNlYXJjaE5lYXJieRACGAQgAA,ChIJRQIRYzojDTkR8PzhRWkZxvk
Aarogyam Physio Dr. Juhi Saxena,medical_clinic,medical_clinic|doctor|service|health|point_of_interest|establishment,099586 37975,,"Sushant Lok 3 Main Rd, Block B, Sushant Lok III, Sector 57, Gurugram, Haryana 122011, India",4.9,195,OPERATIONAL,https://maps.google.com/?cid=6092055818004029151&g_mp=Cilnb29nbGUubWFwcy5wbGFjZXMudjEuUGxhY2VzLlNlYXJjaE5lYXJieRACGAQgAA,ChIJg7Mz2gAiDTkR3177R31Ui1Q
Shubh Lakshmi Real Estate,finance,finance|service|point_of_interest|establishment,099300 39202,https://slrestate.in/,"2914, Sushant Lok Phase 3, Sushant Lok 2, Sector 57, Gurugram, Haryana 122011, India",5,6,OPERATIONAL,https://maps.google.com/?cid=15228091168442488214&g_mp=Cilnb29nbGUubWFwcy5wbGFjZXMudjEuUGxhY2VzLlNlYXJjaE5lYXJieRACGAQgAA,ChIJSdo39AIjDTkRlhVHXjwMVdM
Madan’s,apartment_building,apartment_building|service|point_of_interest|establishment,,,"C3CM+F9G, Block B, Sushant Lok III, Sector 57, Gurugram, Haryana 122011, India",5,1,OPERATIONAL,https://maps.google.com/?cid=12501829576539625588&g_mp=Cilnb29nbGUubWFwcy5wbGFjZXMudjEuUGxhY2VzLlNlYXJjaE5lYXJieRACGAQgAA,ChIJW8GteDUjDTkRdNgdKMNrf60
Rise Real Estates,consultant,real_estate_agency|consultant|service|point_of_interest|establishment,098731 48875,,"B-197A,Ground Floor,Sushant Lok III,Sector 57, 18 mtr main road, Block B, Sushant Lok III, Sector 57, Gurugram, Haryana 122011, India",4.4,23,OPERATIONAL,https://maps.google.com/?cid=14867543597224869865&g_mp=Cilnb29nbGUubWFwcy5wbGFjZXMudjEuUGxhY2VzLlNlYXJjaE5lYXJieRACGAQgAA,ChIJibRshwsiDTkR6b84SyEgVM4
Zirafah Office,coffee_shop,coffee_shop|cafe|food_store|store|restaurant|point_of_interest|food|establishment,,,"Third Floor, 2912, Rail Vihar Road, Block B, Sushant Lok III, Sector 57, Gurugram, Haryana 122011, India",4.2,5,OPERATIONAL,https://maps.google.com/?cid=15232059188332343154&g_mp=Cilnb29nbGUubWFwcy5wbGFjZXMudjEuUGxhY2VzLlNlYXJjaE5lYXJieRACGAQgAA,ChIJT-CoLMEjDTkRci9G_iAlY9M
"3091, Sector 57",apartment_building,apartment_building|service|point_of_interest|establishment,,,"3091, Sector 57 Rd, Sushant Lok Phase 3, Sushant Lok 2, Sector 57, Gurugram, Haryana 122011, India",,,OPERATIONAL,https://maps.google.com/?cid=3081362517432744357&g_mp=Cilnb29nbGUubWFwcy5wbGFjZXMudjEuUGxhY2VzLlNlYXJjaE5lYXJieRACGAQgAA,ChIJ4ZwYg0UjDTkRpTnIQ-Iywyo
Blessing,service,service|point_of_interest|establishment,,,"1st Floor, Plot No 2915, Sushant Lok Phase 3, Sushant Lok 2, Sector 57, Gurugram, Haryana 122011, India",,,OPERATIONAL,https://maps.google.com/?cid=14414139490187268284&g_mp=Cilnb29nbGUubWFwcy5wbGFjZXMudjEuUGxhY2VzLlNlYXJjaE5lYXJieRACGAQgAA,ChIJLei2NQAjDTkRvNCKN39PCcg
B 196,apartment_building,apartment_building|service|point_of_interest|establishment,,,"C3CM+J2H, Block B, Sushant Lok III, Sector 57, Gurugram, Haryana 122011, India",3,2,OPERATIONAL,https://maps.google.com/?cid=9109312313367578109&g_mp=Cilnb29nbGUubWFwcy5wbGFjZXMudjEuUGxhY2VzLlNlYXJjaE5lYXJieRACGAQgAA,ChIJR926fNgjDTkR_cVdKknHan4
Kartikeyan,private_guest_room,private_guest_room|lodging|point_of_interest|establishment,088267 02999,,"1st Floor, Plot No 2915, Sushant Lok Phase 3, Sushant Lok 2, Sector 57, Gurugram, Haryana 122011, India",5,1,OPERATIONAL,https://maps.google.com/?cid=12957571580662722637&g_mp=Cilnb29nbGUubWFwcy5wbGFjZXMudjEuUGxhY2VzLlNlYXJjaE5lYXJieRACGAQgAA,ChIJe7lqHSojDTkRTTAZUbOK0rM
Prakash Car Repair Sco Workshop,car_repair,car_repair|service|point_of_interest|establishment,,,"G Block Ln, opposite Harit. Park, Block G, Sushant Lok 2, Sector 57, Gurugram, Haryana 122011, India",4.2,17,OPERATIONAL,https://maps.google.com/?cid=15590524086989479188&g_mp=Cilnb29nbGUubWFwcy5wbGFjZXMudjEuUGxhY2VzLlNlYXJjaE5lYXJieRACGAQgAA,ChIJEUSqoe0jDTkRFN0tEw6rXNg
Nitesh water supplier,service,service|point_of_interest|establishment,092174 51109,https://nitesh_water_tanker_supplier.com/,"Sector 57 Rd, Block G, Sushant Lok 2, Sector 57, Gurugram, Haryana 122003, India",5,1,OPERATIONAL,https://maps.google.com/?cid=16817855021877312608&g_mp=Cilnb29nbGUubWFwcy5wbGFjZXMudjEuUGxhY2VzLlNlYXJjaE5lYXJieRACGAQgAA,ChIJFSd6Pq0jDTkRYDwEnwkGZek
"G230, Sushant Lok 2, Sector 57",housing_complex,housing_complex|service|point_of_interest|establishment,,,"G230, near Sri Radha Krishna Shani Mandir, Block G, Rail Vihar, Sector 57, Gurugram, Haryana 122011, India",5,1,OPERATIONAL,https://maps.google.com/?cid=12858159988946695279&g_mp=Cilnb29nbGUubWFwcy5wbGFjZXMudjEuUGxhY2VzLlNlYXJjaE5lYXJieRACGAQgAA,ChIJPRA3IAAjDTkRb_RObmJccbI
LUV KUSH INFRACITY PVT LTD,consultant,real_estate_agency|consultant|service|point_of_interest|establishment,087559 10771,,"Ground Floor, G-241, Block G, Sushant Lok 2, Sector 57, Gurugram, Haryana 122011, India",5,1,OPERATIONAL,https://maps.google.com/?cid=12419572174919113398&g_mp=Cilnb29nbGUubWFwcy5wbGFjZXMudjEuUGxhY2VzLlNlYXJjaE5lYXJieRACGAQgAA,ChIJ0Y46-ccjDTkRthphZBcvW6w
Audiology & Speech Clinic,health,health|point_of_interest|establishment,,,"C3CP+JP7, Block G, Sushant Lok Phase I, Sector 43, Gurugram, Haryana 122011, India",5,2,OPERATIONAL,https://maps.google.com/?cid=18163010741363351675&g_mp=Cilnb29nbGUubWFwcy5wbGFjZXMudjEuUGxhY2VzLlNlYXJjaE5lYXJieRACGAQgAA,ChIJeRkuPwwjDTkReyCRmgn6D_w
Injury Experts (Dr Pooja Budhwar),medical_clinic,medical_clinic|health|point_of_interest|establishment,084482 44065,,"G-228, near Hong Kong Bazaar, Block G, Sushant Lok 2, Sector 57, Gurugram, Haryana 122011, India",4.7,37,OPERATIONAL,https://maps.google.com/?cid=15215858347555530229&g_mp=Cilnb29nbGUubWFwcy5wbGFjZXMudjEuUGxhY2VzLlNlYXJjaE5lYXJieRACGAQgAA,ChIJ_QcQ-FshDTkR9aW1zoyWKdM
Gagan's place,apartment_building,apartment_building|service|point_of_interest|establishment,,,"C3CP+QCW, Block G, Sushant Lok 2, Sector 57, Gurugram, Haryana 122011, India",,,OPERATIONAL,https://maps.google.com/?cid=3359871845732732867&g_mp=Cilnb29nbGUubWFwcy5wbGFjZXMudjEuUGxhY2VzLlNlYXJjaE5lYXJieRACGAQgAA,ChIJRVbGTAAjDTkRw0-8b6SpoC4
Kuzaolin,health,skin_care_clinic|hair_care|beauty_salon|medical_clinic|health|service|point_of_interest|establishment,099710 77550,http://kuzaolin.in/,"G-239, near Hong Kong Bazaar, Block G, Sushant Lok 2, Sector 57, Gurugram, Haryana 122011, India",4.9,39,OPERATIONAL,https://maps.google.com/?cid=16291799135947988841&g_mp=Cilnb29nbGUubWFwcy5wbGFjZXMudjEuUGxhY2VzLlNlYXJjaE5lYXJieRACGAQgAA,ChIJRXc6Q50jDTkRaR8yGv8YGOI
Casper zara Home,housing_complex,housing_complex|service|point_of_interest|establishment,,,"C3CP+QQ3, Block G, Sushant Lok 2, Sector 57, Gurugram, Haryana 122011, India",5,1,OPERATIONAL,https://maps.google.com/?cid=2187793407377260360&g_mp=Cilnb29nbGUubWFwcy5wbGFjZXMudjEuUGxhY2VzLlNlYXJjaE5lYXJieRACGAQgAA,ChIJmXdyG0QjDTkRSL-pOIOaXB4
Xo Studio Unisex Salon,beauty_salon,beauty_salon|makeup_artist|beautician|hair_salon|massage_spa|hair_care|nail_salon|spa|massage|service|point_of_interest|establishment,0124 449 1800,https://www.instagram.com/xostudiosalon,"Hong Kong Bazaar, F56, Block G, Sushant Lok 2, Sector 57, Gurugram, Haryana 122011, India",4.6,451,OPERATIONAL,https://maps.google.com/?cid=15471028651509266469&g_mp=Cilnb29nbGUubWFwcy5wbGFjZXMudjEuUGxhY2VzLlNlYXJjaE5lYXJieRACGAQgAA,ChIJqfwi8G4xuqARJbgZ65YitNY
Satvik Homez,general_contractor,general_contractor|real_estate_agency|consultant|service|point_of_interest|establishment,098189 38833,,"F-56, 1st floor, Sushant Lok, Block G, 2 Extension, Sector 57, Gurugram, Haryana 122011, India",4.7,6,OPERATIONAL,https://maps.google.com/?cid=6048501332192133037&g_mp=Cilnb29nbGUubWFwcy5wbGFjZXMudjEuUGxhY2VzLlNlYXJjaE5lYXJieRACGAQgAA,ChIJdcYG3jwZDTkRrf_JUOqX8FM
FT GYM,gym,gym|fitness_center|wellness_center|sports_activity_location|health|service|point_of_interest|establishment,093551 78785,,"3rd Floor, F-56, above XO Salon, Block G, Sushant Lok 2, Sector 57, Gurugram, Haryana 122001, India",5,145,OPERATIONAL,https://maps.google.com/?cid=15277372986316677972&g_mp=Cilnb29nbGUubWFwcy5wbGFjZXMudjEuUGxhY2VzLlNlYXJjaE5lYXJieRACGAQgAA,ChIJJ6OkM98jDTkRVOONvskhBNQ
DR ANISH GUPTA,doctor,doctor|health|point_of_interest|establishment,098993 34733,https://3sensesclinics.com/,"Hong Kong Bazaar, G- 240, Phase 2, Sushant Lok 2, Sector 57, Gurugram, Haryana 122006, India",4.9,824,OPERATIONAL,https://maps.google.com/?cid=3032302482884780980&g_mp=Cilnb29nbGUubWFwcy5wbGFjZXMudjEuUGxhY2VzLlNlYXJjaE5lYXJieRACGAQgAA,ChIJJyVghzEYDTkRtOPh1wrnFCo
PILLARS TO HOME,service,service|point_of_interest|establishment,,https://www.pillarstohome.com/,"3039p, Sector 57 Road, G Block Rd, Block G, Sushant Lok 2, Sector 57, Gurugram, Haryana 122011, India",4.5,17,OPERATIONAL,https://maps.google.com/?cid=16026816836400808928&g_mp=Cilnb29nbGUubWFwcy5wbGFjZXMudjEuUGxhY2VzLlNlYXJjaE5lYXJieRACGAQgAA,ChIJv-KxD9ojDTkR4IPrvf-wat4
3 Senses ENT & Dental Clinic,doctor,dental_clinic|doctor|medical_clinic|health|point_of_interest|establishment,0124 425 3899,https://3sensesclinics.com/,"G-240, G Block Rd, near Hong Kong Bazaar Road, Sushant Lok-II, Block G, Sushant Lok 2, Sector 57, Gurugram, Haryana 122006, India",4.9,531,OPERATIONAL,https://maps.google.com/?cid=17375291138692228634&g_mp=Cilnb29nbGUubWFwcy5wbGFjZXMudjEuUGxhY2VzLlNlYXJjaE5lYXJieRACGAQgAA,ChIJe_wAjm0jDTkRGia-fjtvIfE
Dr Priya Gupta,dentist,dentist|dental_clinic|doctor|medical_clinic|health|point_of_interest|establishment,085888 38826,https://doctorpriyagupta.wixsite.com/gurgaon,"3, Senses ENT & Dental Clinic, G-240, Hong Kong Bazaar Rd, Sushant Lok-II, Block G, Sushant Lok 2, Sector 57, Gurugram, Haryana 122011, India",5,72,OPERATIONAL,https://maps.google.com/?cid=11727267218344718138&g_mp=Cilnb29nbGUubWFwcy5wbGFjZXMudjEuUGxhY2VzLlNlYXJjaE5lYXJieRACGAQgAA,ChIJo9VPvj4YDTkROi-Fv2afv6I
Jindal Buildwell,general_contractor,general_contractor|service|point_of_interest|establishment,098997 69975,,"F-56, Block G, Sushant Lok 2, Sector 57, Gurugram, Haryana 122002, India",5,3,OPERATIONAL,https://maps.google.com/?cid=7778131669130282465&g_mp=Cilnb29nbGUubWFwcy5wbGFjZXMudjEuUGxhY2VzLlNlYXJjaE5lYXJieRACGAQgAA,ChIJm37xO5wjDTkR4QW68op58Ws
"Dr. Sandeep Singhal, Orthopedic Surgeon",medical_clinic,doctor|medical_clinic|health|point_of_interest|establishment,083681 47761,https://sites.google.com/view/drsandeeporthopedic/bio,"Florence Residency, G-225, Block G, Sushant Lok 2, Sector 57, Gurugram, Haryana 122011, India",5,6,OPERATIONAL,https://maps.google.com/?cid=14690676456086196772&g_mp=Cilnb29nbGUubWFwcy5wbGFjZXMudjEuUGxhY2VzLlNlYXJjaE5lYXJieRACGAQgAA,ChIJ0UGQJkEjDTkRJFI2-2bE38s
KHUCH NHI?,indian_restaurant,indian_restaurant|restaurant|food|point_of_interest|establishment,084480 10360,,"3048, Block G, Sushant Lok 2, Sector 57, Gurugram, Haryana 122011, India",4.3,28,OPERATIONAL,https://maps.google.com/?cid=16852273323159814689&g_mp=Cilnb29nbGUubWFwcy5wbGFjZXMudjEuUGxhY2VzLlNlYXJjaE5lYXJieRACGAQgAA,ChIJ-1xIcXUjDTkRIYK73ExN3-k
BALAJI CAR WASH & REPAIR STATION,car_repair,car_repair|service|point_of_interest|establishment,097735 54677,,"P, 3049, Sector 57 Rd, Block G, G Block, Sector 57, Gurugram, Haryana 122011, India",,,OPERATIONAL,https://maps.google.com/?cid=8415272298104377225&g_mp=Cilnb29nbGUubWFwcy5wbGFjZXMudjEuUGxhY2VzLlNlYXJjaE5lYXJieRACGAQgAA,ChIJL4MlpJ0ZDTkRiU-ysJENyXQ
Handas,association_or_organization,service|association_or_organization|point_of_interest|establishment,,,"G 62, 4th floor, Block G, Sushant Lok 2, Sector 57, Gurugram, Haryana 122011, India",,,OPERATIONAL,https://maps.google.com/?cid=587783118733558025&g_mp=Cilnb29nbGUubWFwcy5wbGFjZXMudjEuUGxhY2VzLlNlYXJjaE5lYXJieRACGAQgAA,ChIJ36bCZkYjDTkRCcEV3aE5KAg
NehaPulkit - G62,association_or_organization,service|association_or_organization|point_of_interest|establishment,,,"52, Block G, Rail Vihar, Sector 57, Gurugram, Haryana 122011, India",5,3,OPERATIONAL,https://maps.google.com/?cid=3434003945446866100&g_mp=Cilnb29nbGUubWFwcy5wbGFjZXMudjEuUGxhY2VzLlNlYXJjaE5lYXJieRACGAQgAA,ChIJx9a83vEjDTkRtHym7WQIqC8
"G-62, Sushant Lok 2, Sector 57",apartment_building,apartment_building|service|point_of_interest|establishment,,,"62, G Block Rd, Block G, Sushant Lok 2, Sector 57, Gurugram, Haryana 122011, India",1,1,OPERATIONAL,https://maps.google.com/?cid=8676774068109917953&g_mp=Cilnb29nbGUubWFwcy5wbGFjZXMudjEuUGxhY2VzLlNlYXJjaE5lYXJieRACGAQgAA,ChIJJ7nSTMQjDTkRAT8DHgsYang
Blossom Stayz,private_guest_room,private_guest_room|lodging|point_of_interest|establishment,095990 23788,http://blossomstayz.com/,"Plot No. G18, Block G, Sushant Lok 2, Sector 57, Gurugram, Haryana 122011, India",2.9,31,OPERATIONAL,https://maps.google.com/?cid=5681737161379899776&g_mp=Cilnb29nbGUubWFwcy5wbGFjZXMudjEuUGxhY2VzLlNlYXJjaE5lYXJieRACGAQgAA,ChIJ323ceAAjDTkRgGkvW9iV2U4
AM Home,point_of_interest,point_of_interest|establishment,,,"G-51, Block G, Sushant Lok 2, Sector 57, Gurugram, Haryana 122011, India",,,OPERATIONAL,https://maps.google.com/?cid=13612827124258469759&g_mp=Cilnb29nbGUubWFwcy5wbGFjZXMudjEuUGxhY2VzLlNlYXJjaE5lYXJieRACGAQgAA,ChIJnVy4WgAjDTkRf3c6SiV66rw
Advanced Hair Studio,medical_clinic,hair_care|medical_clinic|health|point_of_interest|establishment,1800 103 1191,https://www.advancedhairstudioindia.com/hair-transplant-clinic-in-gurgaon,"G-16, opp. Hong Kong Bazaar Road, Sushant Lok, Block G, Extension 2, Sector 57, Gurugram, Haryana 122011, India",4.6,137,OPERATIONAL,https://maps.google.com/?cid=6133949907489957575&g_mp=Cilnb29nbGUubWFwcy5wbGFjZXMudjEuUGxhY2VzLlNlYXJjaE5lYXJieRACGAQgAA,ChIJeVgguwkiDTkRx6b6GfEqIFU
AM house,service,service|point_of_interest|establishment,,,"C3CQ+PPG, Block G, Sushant Lok 2, Sector 57, Gurugram, Haryana 122011, India",,,OPERATIONAL,https://maps.google.com/?cid=3103182862257358011&g_mp=Cilnb29nbGUubWFwcy5wbGFjZXMudjEuUGxhY2VzLlNlYXJjaE5lYXJieRACGAQgAA,ChIJ7ZWYXgAjDTkRuwTuMV-4ECs
The Growth Self,shopping_mall,shopping_mall|point_of_interest|establishment,,,"G 52, near Hong Kong Bazaar, Block G, Sushant Lok 2, Sector 57, Gurugram, Haryana 122003, India",,,OPERATIONAL,https://maps.google.com/?cid=16263700424593394547&g_mp=Cilnb29nbGUubWFwcy5wbGFjZXMudjEuUGxhY2VzLlNlYXJjaE5lYXJieRACGAQgAA,ChIJMTPb6UwjDTkRc0tCDV5FtOE
MAX logistic packers movers gurgaon sector 56,manufacturer,storage|shipping_service|moving_company|transportation_service|manufacturer|service|point_of_interest|establishment,085880 65025,https://www.maxlogisticpackers.com/,"Shop no.F-27,Ground Floor, Hong Kong Bazaar, Harmony Homes F-Block, Block G, Sushant Lok III, Sector 57, Gurugram, Haryana 122011, India",5,34,OPERATIONAL,https://maps.google.com/?cid=6109248635830358082&g_mp=Cilnb29nbGUubWFwcy5wbGFjZXMudjEuUGxhY2VzLlNlYXJjaE5lYXJieRACGAQgAA,ChIJHS_tVCEjDTkRQlA1H0RpyFQ
ICONIQUE By Dr BK Garg,doctor,doctor|medical_clinic|health|point_of_interest|establishment,098181 52059,https://www.iconiquebydrbkgarg.com/,"G 16, near Hong Kong Bazaar, Block G, Sushant Lok 2, Sector 57, Gurugram, Haryana 122011, India",4.6,21,OPERATIONAL,https://maps.google.com/?cid=13138705768033643174&g_mp=Cilnb29nbGUubWFwcy5wbGFjZXMudjEuUGxhY2VzLlNlYXJjaE5lYXJieRACGAQgAA,ChIJTd1jneUZDTkRpmoFwEgPVrY
JJ HOME FURNISHINGS,home_improvement_store,home_improvement_store|home_goods_store|store|point_of_interest|establishment,082853 00001,,"PLOT NO. G 18, 19, Block F, Sushant Lok 2, Sector 57, Gurugram, Haryana 122011, India",3.9,79,OPERATIONAL,https://maps.google.com/?cid=446447679487685803&g_mp=Cilnb29nbGUubWFwcy5wbGFjZXMudjEuUGxhY2VzLlNlYXJjaE5lYXJieRACGAQgAA,ChIJ00gweowjDTkRqzSpkswZMgY
Collection O 76123 Surya Kiran Inn Delux,hotel,hotel|guest_house|inn|cottage|motel|lodging|service|point_of_interest|establishment,0124 620 1166,https://www.oyorooms.com/106879/,"714-A, B, Block Sushant Lok, 1, Block G, Sushant Lok 2, Sector 57, Gurugram, Haryana 122011, India",2.6,5,OPERATIONAL,https://maps.google.com/?cid=7518475058256016442&g_mp=Cilnb29nbGUubWFwcy5wbGFjZXMudjEuUGxhY2VzLlNlYXJjaE5lYXJieRACGAQgAA,ChIJb8Jr2UEZDTkROvT7Gzv9Vmg
Self Defence Training with Veena Gupta,sports_school,sports_school|sports_activity_location|health|service|point_of_interest|establishment,095400 95341,https://www.seamrisksolutions.com/women-safety.php,"G-25, FF, near Hong Kong Bazaar Road, Sushant Lok-II, Block G, Sushant Lok 2, Sector 57, Gurugram, Haryana 122011, India",5,5,OPERATIONAL,https://maps.google.com/?cid=13425447062606662420&g_mp=Cilnb29nbGUubWFwcy5wbGFjZXMudjEuUGxhY2VzLlNlYXJjaE5lYXJieRACGAQgAA,ChIJTzHvdAwiDTkRFEt77fjEULo
thyrocare labs,doctor,doctor|health|point_of_interest|establishment,022 3090 0000,http://www.thyrocare.com/,"G 21, sector 57 Near hong Kong bazaar gurgaon, Gurugram, Haryana 122002, Block F, Sushant Lok 2, Sector 57, Gurugram, Haryana 122011, India",3.7,3,OPERATIONAL,https://maps.google.com/?cid=3045382255710838084&g_mp=Cilnb29nbGUubWFwcy5wbGFjZXMudjEuUGxhY2VzLlNlYXJjaE5lYXJieRACGAQgAA,ChIJG06REAYjDTkRRB3sxAZfQyo
Pre loved cars,market,market|point_of_interest|establishment,,,"G-20, near Hong Kong Bazaar, Block F, Sushant Lok 2, Sector 57, Gurugram, Haryana 122011, India",5,2,OPERATIONAL,https://maps.google.com/?cid=10415309221570579004&g_mp=Cilnb29nbGUubWFwcy5wbGFjZXMudjEuUGxhY2VzLlNlYXJjaE5lYXJieRACGAQgAA,ChIJ4ZOLZmwjDTkRPIqQ6Y2cipA
Om Properties,real_estate_agency,real_estate_agency|service|point_of_interest|establishment,098716 00200,,"G-22, Phase 2, Sushant Lok 2, Sector 57, Gurugram, Haryana 122011, India",4.4,34,OPERATIONAL,https://maps.google.com/?cid=17554255727851489262&g_mp=Cilnb29nbGUubWFwcy5wbGFjZXMudjEuUGxhY2VzLlNlYXJjaE5lYXJieRACGAQgAA,ChIJYygDKVUjDTkR7kf0-pM-nfM
IndusInd Bank ATM,atm,atm|bank|finance|service|point_of_interest|establishment,1860 267 7777,https://www.indusind.bank.in/in/en/personal/locate-us.html?utm_source=Google_Organic_Search&utm_medium=Organic&utm_campaign=Local+Listings,"Ground Floor( Shop No G-5), Upper Ground Floor,( Shop No Ug-5), Bestech Central Square, Block-G, Sector-57, Sushant Lok-II, Block G, Sushant Lok 2, Sector 57, Gurugram, Haryana 122011, India",3,2,OPERATIONAL,https://maps.google.com/?cid=10965511032609794738&g_mp=Cilnb29nbGUubWFwcy5wbGFjZXMudjEuUGxhY2VzLlNlYXJjaE5lYXJieRACGAQgAA,ChIJNRCAUg8iDTkRsmpVty9SLZg
Pain Free Dental,dentist,dentist|dental_clinic|doctor|medical_clinic|health|point_of_interest|establishment,097173 00288,,"G 21, near Hong Kong Bazaar, Phase 2, Sushant Lok 2, Sector 57, Gurugram, Haryana 122011, India",4.7,423,OPERATIONAL,https://maps.google.com/?cid=12987003265473885318&g_mp=Cilnb29nbGUubWFwcy5wbGFjZXMudjEuUGxhY2VzLlNlYXJjaE5lYXJieRACGAQgAA,ChIJcx18mgYiDTkRhrRob6kaO7Q
Sudhakar Mishra G-65 2nd Floor,apartment_complex,apartment_complex|service|point_of_interest|establishment,,,"G-65, 2nd floor, Block G, Sushant Lok 2, Sector 57, Gurugram, Haryana 122011, India",,,OPERATIONAL,https://maps.google.com/?cid=9362923404706615318&g_mp=Cilnb29nbGUubWFwcy5wbGFjZXMudjEuUGxhY2VzLlNlYXJjaE5lYXJieRACGAQgAA,ChIJCaRnkwAjDTkRFpC6zDrJ74E
Stanza Living Tortosa House - PG in Sec 57 Gurgaon | Coliving PG | Unisex PG,service,service|point_of_interest|establishment,080 4762 2222,https://www.stanzaliving.com/gurgaon/pg-in-golf-course-extension/male/tortosa-house?utm_source=gmb&utm_medium=website,"Oyo Collection Hongkong Bazar, Golf Course Ext Rd, G-15, Sushant Lok 2, Sector 57, Gurugram, Haryana 122002, India",4.5,119,OPERATIONAL,https://maps.google.com/?cid=5418144077388434153&g_mp=Cilnb29nbGUubWFwcy5wbGFjZXMudjEuUGxhY2VzLlNlYXJjaE5lYXJieRACGAQgAA,ChIJVVgkL7UjDTkR6cqf8lQdMUs
Fabunic,clothing_store,clothing_store|store|point_of_interest|establishment,,,"Kendriya Vihar, Sector 56, Gurugram, Haryana 122011, India",4.9,15,OPERATIONAL,https://maps.google.com/?cid=6478061063013043662&g_mp=Cilnb29nbGUubWFwcy5wbGFjZXMudjEuUGxhY2VzLlNlYXJjaE5lYXJieRACGAQgAA,ChIJW3hJuSsjDTkRzo0u7jay5lk
"C 335, 2nd floor, Kendriya Vihar",apartment_building,apartment_building|service|point_of_interest|establishment,,,"335, C Block Rd, Kendriya Vihar, Sector 56, Gurugram, Haryana 122011, India",5,1,OPERATIONAL,https://maps.google.com/?cid=6129290509242057053&g_mp=Cilnb29nbGUubWFwcy5wbGFjZXMudjEuUGxhY2VzLlNlYXJjaE5lYXJieRACGAQgAA,ChIJO_NGTwAjDTkRXcGLaD6dD1U
Viraj House,association_or_organization,association_or_organization|point_of_interest|establishment,,,"271, C Block Rd, Kendriya Vihar, Sector 56, Gurugram, Haryana 122011, India",4.7,3,OPERATIONAL,https://maps.google.com/?cid=10331149712064375002&g_mp=Cilnb29nbGUubWFwcy5wbGFjZXMudjEuUGxhY2VzLlNlYXJjaE5lYXJieRACGAQgAA,ChIJecAevEwjDTkR2uj5JO2dX48
C 345 Kendriya Vihar,apartment_building,apartment_building|service|point_of_interest|establishment,,,"345, C Block Rd, Kendriya Vihar, Sector 56, Gurugram, Haryana 122011, India",,,OPERATIONAL,https://maps.google.com/?cid=5263656823673105423&g_mp=Cilnb29nbGUubWFwcy5wbGFjZXMudjEuUGxhY2VzLlNlYXJjaE5lYXJieRACGAQgAA,ChIJA4bUYRYjDTkRD6yYOv5DDEk
"S D Sharma, C-294, Kendriya Vihar",apartment_building,apartment_building|service|point_of_interest|establishment,,,"C3CV+M93, Kendriya Vihar, Sector 56, Gurugram, Haryana 122011, India",,,OPERATIONAL,https://maps.google.com/?cid=13324497408256345135&g_mp=Cilnb29nbGUubWFwcy5wbGFjZXMudjEuUGxhY2VzLlNlYXJjaE5lYXJieRACGAQgAA,ChIJTcaccAAjDTkRL4S77csf6rg
257 C Block,association_or_organization,service|association_or_organization|point_of_interest|establishment,,,"257, C Block Rd, Kendriya Vihar, Sector 56, Gurugram, Haryana 122011, India",5,1,OPERATIONAL,https://maps.google.com/?cid=10285316265497019664&g_mp=Cilnb29nbGUubWFwcy5wbGFjZXMudjEuUGxhY2VzLlNlYXJjaE5lYXJieRACGAQgAA,ChIJaxwkAQAjDTkREEV_R6bIvI4
SBI ATM,atm,atm|finance|point_of_interest|establishment,1800 1234,https://bank.sbi/,"Hongkong Bazar, Kendriya Vihar, Sector 57, Gurugram, Haryana 122011, India",,,OPERATIONAL,https://maps.google.com/?cid=15314220383240936270&g_mp=Cilnb29nbGUubWFwcy5wbGFjZXMudjEuUGxhY2VzLlNlYXJjaE5lYXJieRACGAQgAA,ChIJY3b1DZkZDTkRTlsf40wKh9Q
Deepak Sinha's House,association_or_organization,service|association_or_organization|point_of_interest|establishment,,,"337, C Block Rd, Kendriya Vihar, Sector 56, Gurugram, Haryana 122011, India",,,OPERATIONAL,https://maps.google.com/?cid=16207196974144743285&g_mp=Cilnb29nbGUubWFwcy5wbGFjZXMudjEuUGxhY2VzLlNlYXJjaE5lYXJieRACGAQgAA,ChIJa3PWLgAjDTkRdeeuUMeH6-A
Upekkhā Psychological Care,medical_clinic,medical_clinic|health|service|point_of_interest|establishment,098703 63768,https://www.upekkhacare.com/,"C160, Kendriya Vihar, Sector 56, Gurugram, Haryana 122011, India",,,OPERATIONAL,https://maps.google.com/?cid=6402481570765291638&g_mp=Cilnb29nbGUubWFwcy5wbGFjZXMudjEuUGxhY2VzLlNlYXJjaE5lYXJieRACGAQgAA,ChIJW98SyIcjDTkRdkBzGhEv2lg
Home,apartment_building,apartment_building|service|point_of_interest|establishment,,,"C367, Kendriya Vihar, Sector 56, Gurugram, Haryana 122011, India",3,2,OPERATIONAL,https://maps.google.com/?cid=3479696971020576377&g_mp=Cilnb29nbGUubWFwcy5wbGFjZXMudjEuUGxhY2VzLlNlYXJjaE5lYXJieRACGAQgAA,ChIJxSuHO_UjDTkReSave_VdSjA
Anmol Reet,clothing_store,clothing_store|store|point_of_interest|establishment,082855 81414,,"C-224, Kendriya Vihar, Sector 56, Gurugram, Haryana 122011, India",,,OPERATIONAL,https://maps.google.com/?cid=9944872148875783852&g_mp=Cilnb29nbGUubWFwcy5wbGFjZXMudjEuUGxhY2VzLlNlYXJjaE5lYXJieRACGAQgAA,ChIJK-iTkGojDTkRrK5qeodIA4o
C-288,condominium_complex,condominium_complex|service|point_of_interest|establishment,,,"C-288, Kendriya Vihar, Sector 56, Gurugram, Haryana 122011, India",,,OPERATIONAL,https://maps.google.com/?cid=3136120214029384097&g_mp=Cilnb29nbGUubWFwcy5wbGFjZXMudjEuUGxhY2VzLlNlYXJjaE5lYXJieRACGAQgAA,ChIJ030seAAjDTkRobkkAri8hSs
Hachu spot,park,park|point_of_interest|establishment,,,"257, C Block Rd, Kendriya Vihar, Sector 56, Gurugram, Haryana 122011, India",,,OPERATIONAL,https://maps.google.com/?cid=11422891104869697057&g_mp=Cilnb29nbGUubWFwcy5wbGFjZXMudjEuUGxhY2VzLlNlYXJjaE5lYXJieRACGAQgAA,ChIJi2HyDQAjDTkRIUa6VfBChp4
Rajesh Dhuve,apartment_building,apartment_building|service|point_of_interest|establishment,,,"Rajesh Pilot Gurjar Chowk, C3CV+W86, Kendriya Vihar, Sector 61, Gurugram, Haryana 122011, India",,,OPERATIONAL,https://maps.google.com/?cid=7506945641987351792&g_mp=Cilnb29nbGUubWFwcy5wbGFjZXMudjEuUGxhY2VzLlNlYXJjaE5lYXJieRACGAQgAA,ChIJHQPyfWwjDTkR8KTSskkHLmg
Park C-28,park,park|point_of_interest|establishment,,,"C3CR+QWG, C Block Rd, Kendriya Vihar, Sector 56, Gurugram, Haryana 122011, India",4,4,OPERATIONAL,https://maps.google.com/?cid=5179194880905225108&g_mp=Cilnb29nbGUubWFwcy5wbGFjZXMudjEuUGxhY2VzLlNlYXJjaE5lYXJieRACGAQgAA,ChIJNY3VP5AjDTkRlKPguk0y4Ec
Physio The Healer,physiotherapist,physiotherapist|health|point_of_interest|establishment,087507 00794,https://physiothehealer.com/,"C Block Rd, Kendriya Vihar, Sector 56, Gurugram, Haryana 122011, India",5,18,OPERATIONAL,https://maps.google.com/?cid=7004922981928128313&g_mp=Cilnb29nbGUubWFwcy5wbGFjZXMudjEuUGxhY2VzLlNlYXJjaE5lYXJieRACGAQgAA,ChIJnU2YCtYjDTkROc_LoFZ8NmE
C 369 HOME,apartment_building,apartment_building|service|point_of_interest|establishment,,,"C3CV+W9Q, Kendriya Vihar, Sector 56, Gurugram, Haryana 122011, India",,,OPERATIONAL,https://maps.google.com/?cid=16110470904221505707&g_mp=Cilnb29nbGUubWFwcy5wbGFjZXMudjEuUGxhY2VzLlNlYXJjaE5lYXJieRACGAQgAA,ChIJyf2Zq64jDTkRq5hjMu7jk98
Ashok Vatika Kendriya Vihar,corporate_office,corporate_office|point_of_interest|establishment,,,"C3CV+X2H, Unnamed Road, Kendriya Vihar, Sector 56, Gurugram, Haryana 122011, India",4.8,6,OPERATIONAL,https://maps.google.com/?cid=16709616536195490153&g_mp=Cilnb29nbGUubWFwcy5wbGFjZXMudjEuUGxhY2VzLlNlYXJjaE5lYXJieRACGAQgAA,ChIJme2tMFYjDTkRaeHsVLV75Oc
Shubham & Raghvi,apartment_building,apartment_building|service|point_of_interest|establishment,,,"MS8, Kendriya Vihar, Sector 56, Gurugram, Haryana 122011, India",,,OPERATIONAL,https://maps.google.com/?cid=13176635645591171604&g_mp=Cilnb29nbGUubWFwcy5wbGFjZXMudjEuUGxhY2VzLlNlYXJjaE5lYXJieRACGAQgAA,ChIJv2VbEQAjDTkRFDI2jk7Q3LY
MS8,condominium_complex,condominium_complex|service|point_of_interest|establishment,,,"C3CV+JGP, Kendriya Vihar, Sector 56, Gurugram, Haryana 122011, India",4.2,40,OPERATIONAL,https://maps.google.com/?cid=6665562853993505925&g_mp=Cilnb29nbGUubWFwcy5wbGFjZXMudjEuUGxhY2VzLlNlYXJjaE5lYXJieRACGAQgAA,ChIJER630gUiDTkRhWRSnBnWgFw
Tara Jewels by Kushal Soni,manufacturer,manufacturer|point_of_interest|establishment,078381 72022,,"Kendriya Vihar, Sector 57, Gurugram, Haryana 122011, India",,,OPERATIONAL,https://maps.google.com/?cid=6953294522352921903&g_mp=Cilnb29nbGUubWFwcy5wbGFjZXMudjEuUGxhY2VzLlNlYXJjaE5lYXJieRACGAQgAA,ChIJw1A9VA4jDTkRL-2DJ4cQf2A
Studio Villasa,service,service|point_of_interest|establishment,088003 47970,https://www.studiovillasa.com/,"B283, Kendriya Vihar, Sector 56, Gurugram, Haryana 122011, India",5,33,OPERATIONAL,https://maps.google.com/?cid=955487202797562605&g_mp=Cilnb29nbGUubWFwcy5wbGFjZXMudjEuUGxhY2VzLlNlYXJjaE5lYXJieRACGAQgAA,ChIJ-YTeRUgjDTkR7SouboySQg0
Home,apartment_building,apartment_building|service|point_of_interest|establishment,,,"B-279, Kendriya Vihar, Sector 56, Gurugram, Haryana 122011, India",,,OPERATIONAL,https://maps.google.com/?cid=13956666751896187204&g_mp=Cilnb29nbGUubWFwcy5wbGFjZXMudjEuUGxhY2VzLlNlYXJjaE5lYXJieRACGAQgAA,ChIJeztkSgAjDTkRRPFGG3cKsME
AwareMind,health,health|point_of_interest|establishment,,http://www.awaremind.org/,"B-225, GAIL Society, Kendriya Vihar, Sector 56, Gurugram, Haryana 122011, India",5,4,CLOSED_TEMPORARILY,https://maps.google.com/?cid=1259672547080791066&g_mp=Cilnb29nbGUubWFwcy5wbGFjZXMudjEuUGxhY2VzLlNlYXJjaE5lYXJieRACGAQgAA,ChIJx7eFBwQiDTkRGuQP7oFBexE
Gail CGHS Society,association_or_organization,association_or_organization|service|point_of_interest|establishment,,,"C3CW+QQW GAIL Housing Society, GH-9, GAIL Society, Kendriya Vihar, Sector 56, Gurugram, Haryana 122011, India",4,12,OPERATIONAL,https://maps.google.com/?cid=2206364183766172970&g_mp=Cilnb29nbGUubWFwcy5wbGFjZXMudjEuUGxhY2VzLlNlYXJjaE5lYXJieRACGAQgAA,ChIJVz6Nvv8jDTkRKgWHComUnh4
B-293,apartment_building,apartment_building|service|point_of_interest|establishment,,,"C3CW+WC2, Kendriya Vihar, Sector 56, Gurugram, Haryana 122011, India",,,OPERATIONAL,https://maps.google.com/?cid=1731177382778190467&g_mp=Cilnb29nbGUubWFwcy5wbGFjZXMudjEuUGxhY2VzLlNlYXJjaE5lYXJieRACGAQgAA,ChIJBx8sUgAjDTkRgzqvT6hgBhg
Oberoi Homeopathy,health,health|point_of_interest|establishment,099904 50194,http://oberoihomeopathy.com/,"E- 175, A Sector 56, Sushant Lok 2, Sector 56, Gurugram, Haryana 122011, India",4.9,89,OPERATIONAL,https://maps.google.com/?cid=8211755668949705031&g_mp=Cilnb29nbGUubWFwcy5wbGFjZXMudjEuUGxhY2VzLlNlYXJjaE5lYXJieRACGAQgAA,ChIJNW4-2KkYDTkRRyEM7kUE9nE
Bhanu Residential Palace,apartment_building,apartment_building|service|point_of_interest|establishment,,,"B248, Kendriya Vihar, Sector 56, Gurugram, Haryana 122011, India",,,OPERATIONAL,https://maps.google.com/?cid=7075870097418884332&g_mp=Cilnb29nbGUubWFwcy5wbGFjZXMudjEuUGxhY2VzLlNlYXJjaE5lYXJieRACGAQgAA,ChIJqYfiYwAjDTkR7BR2MV2KMmI
B 254,apartment_complex,apartment_complex|service|point_of_interest|establishment,,,"B254, Kendriya Vihar, Sector 56, Gurugram, Haryana 122011, India",,,OPERATIONAL,https://maps.google.com/?cid=658267090260835993&g_mp=Cilnb29nbGUubWFwcy5wbGFjZXMudjEuUGxhY2VzLlNlYXJjaE5lYXJieRACGAQgAA,ChIJkx1ecgAjDTkRmb5TUm6iIgk
B-255,apartment_building,apartment_building|service|point_of_interest|establishment,,,"B-255, Kendriya Vihar, Sector 56, Gurugram, Haryana 122011, India",,,OPERATIONAL,https://maps.google.com/?cid=7223337891467209846&g_mp=Cilnb29nbGUubWFwcy5wbGFjZXMudjEuUGxhY2VzLlNlYXJjaE5lYXJieRACGAQgAA,ChIJWQYERgAjDTkRdqyFmYpzPmQ
Rashmi Bansal Vastu Expert and Numerologist in Gurgaon,consultant,astrologer|consultant|service|point_of_interest|establishment,097116 99950,https://vastublessings.in/,"B144, GAIL Society, Kendriya Vihar, Sector 56, Gurugram, Haryana 122011, India",5,7,OPERATIONAL,https://maps.google.com/?cid=3804136777384077683&g_mp=Cilnb29nbGUubWFwcy5wbGFjZXMudjEuUGxhY2VzLlNlYXJjaE5lYXJieRACGAQgAA,ChIJe9StJCIjDTkRcyn6bD4CyzQ
GAIL Society,association_or_organization,association_or_organization|service|point_of_interest|establishment,,,"C3CW+QQW, GAIL Society, Kendriya Vihar, Sector 56, Gurugram, Haryana 122011, India",,,OPERATIONAL,https://maps.google.com/?cid=13432243730323468814&g_mp=Cilnb29nbGUubWFwcy5wbGFjZXMudjEuUGxhY2VzLlNlYXJjaE5lYXJieRACGAQgAA,ChIJMxYoMAAjDTkRDvJlcoHqaLo
B block,apartment_building,apartment_building|service|point_of_interest|establishment,,,"GAIL Housing Society, GH-9, GAIL Society, Kendriya Vihar, Sector 56, Gurugram, Haryana 122011, India",,,OPERATIONAL,https://maps.google.com/?cid=9003625741841905212&g_mp=Cilnb29nbGUubWFwcy5wbGFjZXMudjEuUGxhY2VzLlNlYXJjaE5lYXJieRACGAQgAA,ChIJ0RMNCAAjDTkRPLYMsehN83w
Riwaaz The Designer Hub,home_goods_store,home_goods_store|store|point_of_interest|establishment,099998 59111,,"Gate No. 2, E175A, near Kendriya Vihar, Block E, Sector 56, Gurugram, Haryana 122011, India",5,7,OPERATIONAL,https://maps.google.com/?cid=5373226999424358501&g_mp=Cilnb29nbGUubWFwcy5wbGFjZXMudjEuUGxhY2VzLlNlYXJjaE5lYXJieRACGAQgAA,ChIJ05CnywUjDTkRZRg6xnyJkUo
B297,apartment_building,apartment_building|service|point_of_interest|establishment,,,"C3CW+XC3, Kendriya Vihar, Sector 56, Gurugram, Haryana 122011, India",,,OPERATIONAL,https://maps.google.com/?cid=2491073113799588490&g_mp=Cilnb29nbGUubWFwcy5wbGFjZXMudjEuUGxhY2VzLlNlYXJjaE5lYXJieRACGAQgAA,ChIJG3vYTAAjDTkRivqMecwRkiI
SAI GENERAL STORE,general_store,general_store|food_store|store|point_of_interest|food|establishment,,,"Block E, Sector 56, Gurugram, Haryana 122011, India",4.3,3,OPERATIONAL,https://maps.google.com/?cid=3437800937141819615&g_mp=Cilnb29nbGUubWFwcy5wbGFjZXMudjEuUGxhY2VzLlNlYXJjaE5lYXJieRACGAQgAA,ChIJexSjDAQiDTkR39jX8ryFtS8
Kashish Beauty Salon,beauty_salon,beauty_salon|makeup_artist|service|point_of_interest|establishment,098105 92988,,"E-175 A, Basement, Gate No 2, Kendriya Vihar, Sector 56, Beaide, Gurugram, Haryana 122002, India",4.7,460,OPERATIONAL,https://maps.google.com/?cid=5267759114263401342&g_mp=Cilnb29nbGUubWFwcy5wbGFjZXMudjEuUGxhY2VzLlNlYXJjaE5lYXJieRACGAQgAA,ChIJc9f6igMiDTkRfhP_LwHXGkk
Laundry Matic Gurgaon Sector 56,laundry,laundry|service|point_of_interest|establishment,,https://laundrymatic.in/best-dry-clean-laundry-service-in-sector-56-gurgaon.html,"Ground Floor, E - 171, Sushant Lok 2, Sector 56, Gurugram, Haryana 122001, India",5,3,OPERATIONAL,https://maps.google.com/?cid=12174734573988564021&g_mp=Cilnb29nbGUubWFwcy5wbGFjZXMudjEuUGxhY2VzLlNlYXJjaE5lYXJieRACGAQgAA,ChIJ9TGYMJAjDTkRNUxBLZdY9ag
Creative India Studio,sports_school,sports_school|point_of_interest|establishment,097183 82264,,"Gate No-2, E-1/72, near by Kendriya Vihar, Block E, Sector 56, Gurugram, Haryana 122011, India",5,14,OPERATIONAL,https://maps.google.com/?cid=4003645157038536983&g_mp=Cilnb29nbGUubWFwcy5wbGFjZXMudjEuUGxhY2VzLlNlYXJjaE5lYXJieRACGAQgAA,ChIJ8ZGuRIcjDTkRF7n-3w7Ojzc
B1 Hair Saloon,hair_salon,hair_salon|hair_care|service|point_of_interest|establishment,087430 64651,,"172, Block E, Sushant Lok 2, Sector 56, Gurugram, Haryana 122011, India",4.2,5,OPERATIONAL,https://maps.google.com/?cid=18421296948681736698&g_mp=Cilnb29nbGUubWFwcy5wbGFjZXMudjEuUGxhY2VzLlNlYXJjaE5lYXJieRACGAQgAA,ChIJ--V-Pd0jDTkR-oEpgPmXpf8
Daksh Creation's,womens_clothing_store,womens_clothing_store|clothing_store|store|point_of_interest|establishment,098998 60152,,"C 79, Sushant Lok 2, Sector 56, Gurugram, Haryana 122011, India",4.9,9,OPERATIONAL,https://maps.google.com/?cid=18061963482460150499&g_mp=Cilnb29nbGUubWFwcy5wbGFjZXMudjEuUGxhY2VzLlNlYXJjaE5lYXJieRACGAQgAA,ChIJacFrkkojDTkR41odRhf8qPo
C 77 rental house,apartment_building,apartment_building|service|point_of_interest|establishment,,,"C77, Vigyan Vihar, Sector 56, Gurugram, Haiderpur, Haryana 122011, India",,,OPERATIONAL,https://maps.google.com/?cid=10007356473735215419&g_mp=Cilnb29nbGUubWFwcy5wbGFjZXMudjEuUGxhY2VzLlNlYXJjaE5lYXJieRACGAQgAA,ChIJnajLHQAjDTkRO3mxDbFF4Yo
Nritya Sanskriti Dance Academy,sports_school,sports_school|point_of_interest|establishment,083348 47281,https://nrityasanskritidanceacademy.blogspot.com/2026/06/bharatanatyam-classes-in-gurgaon-nritya.html,"House No, Ground Floor, C77, Sector 56, Gurugram, Haryana 122011, India",,,OPERATIONAL,https://maps.google.com/?cid=1482686729544751623&g_mp=Cilnb29nbGUubWFwcy5wbGFjZXMudjEuUGxhY2VzLlNlYXJjaE5lYXJieRACGAQgAA,ChIJ3SgXtSIjDTkRB1qzk7mPkxQ
Nimble Minds Academy - Abacus and Vedic Mathematics,educational_institution,educational_institution|point_of_interest|establishment,089204 26323,,"C-79, Sushant Lok 2, Sector 56, Gurugram, Haryana 122011, India",4.5,24,OPERATIONAL,https://maps.google.com/?cid=7928946972235503630&g_mp=Cilnb29nbGUubWFwcy5wbGFjZXMudjEuUGxhY2VzLlNlYXJjaE5lYXJieRACGAQgAA,ChIJiQSFvDMjDTkRDpgBC0NHCW4
Bose Residency,apartment_complex,apartment_complex|service|point_of_interest|establishment,,,"Sushant Lok II, C3CX+PW6, Vigyan Vihar, Sector 56, Gurugram, Haiderpur, Haryana 122011, India",5,2,OPERATIONAL,https://maps.google.com/?cid=1976051973822051402&g_mp=Cilnb29nbGUubWFwcy5wbGFjZXMudjEuUGxhY2VzLlNlYXJjaE5lYXJieRACGAQgAA,ChIJtfPjKAAjDTkRSnRf9cxYbBs
C68 the nest,general_contractor,general_contractor|service|point_of_interest|establishment,078277 23517,http://www.thenestdevelopers.com/,"C3CX+PWR, C Block, Sushant Lok 2, Sector 56, Gurugram, Haryana 122011, India",4.7,7,OPERATIONAL,https://maps.google.com/?cid=13451265998403036420&g_mp=Cilnb29nbGUubWFwcy5wbGFjZXMudjEuUGxhY2VzLlNlYXJjaE5lYXJieRACGAQgAA,ChIJ2RK73PgjDTkRBGUaXih_rLo
"C-84, Sushant Lok 2",apartment_building,apartment_building|service|point_of_interest|establishment,,,"C83, Vigyan Vihar, Sector 56, Gurugram, Haryana 122011, India",5,1,OPERATIONAL,https://maps.google.com/?cid=4775591662927739687&g_mp=Cilnb29nbGUubWFwcy5wbGFjZXMudjEuUGxhY2VzLlNlYXJjaE5lYXJieRACGAQgAA,ChIJpfd-pmQjDTkRJ_sftVBPRkI
Himmalay GOAT,manufacturer,wholesaler|manufacturer|point_of_interest|establishment,,https://www.instagram.com/himmalaygoat?utm_source=qr&igsh=aGN5c3U4Yjlqd2t0,"House no. 100, C Block Road, Sushant Lok 2, Sector 56, Gurugram, Haryana 122001, India",4.8,5,OPERATIONAL,https://maps.google.com/?cid=16418865798866355222&g_mp=Cilnb29nbGUubWFwcy5wbGFjZXMudjEuUGxhY2VzLlNlYXJjaE5lYXJieRACGAQgAA,ChIJaUeatSsjDTkRFkQ9BHSH2-M
C101 Sushant lok,point_of_interest,point_of_interest|establishment,,,"c, 233, Sushant Lok Rd, C Block, Sushant Lok Phase I, Sector 43, Gurugram, Haryana 122011, India",,,CLOSED_TEMPORARILY,https://maps.google.com/?cid=11123643085841841859&g_mp=Cilnb29nbGUubWFwcy5wbGFjZXMudjEuUGxhY2VzLlNlYXJjaE5lYXJieRACGAQgAA,ChIJL0gcOAAjDTkRwz7Vc3MeX5o
C - 225 Sushant Lok 1,housing_complex,housing_complex|service|point_of_interest|establishment,,,"1, 225, C Block Road, C Block, Sushant Lok 2, Sector 56, Gurugram, Haryana 122011, India",,,OPERATIONAL,https://maps.google.com/?cid=13038459221167545249&g_mp=Cilnb29nbGUubWFwcy5wbGFjZXMudjEuUGxhY2VzLlNlYXJjaE5lYXJieRACGAQgAA,ChIJK_YWBQAjDTkRoZsbuJTp8bQ
Agro Pest Control,service,service|point_of_interest|establishment,097188 16118,https://agropestcontrol.in/,"Huda Market, Sector 56, Gurugram, Haryana 122011, India",5,53,OPERATIONAL,https://maps.google.com/?cid=1322980986306315960&g_mp=Cilnb29nbGUubWFwcy5wbGFjZXMudjEuUGxhY2VzLlNlYXJjaE5lYXJieRACGAQgAA,ChIJDdXAITEjDTkRuEZilTIsXBI
Pahari Junction,cafe,cafe|food|point_of_interest|establishment,,,"C-71, Sector 56, Gurugram, Haryana 122011, India",3.8,6,OPERATIONAL,https://maps.google.com/?cid=10045337849519304593&g_mp=Cilnb29nbGUubWFwcy5wbGFjZXMudjEuUGxhY2VzLlNlYXJjaE5lYXJieRACGAQgAA,ChIJAc6g3EojDTkRkW9iOY01aIs
Satya Villa,apartment_building,apartment_building|service|point_of_interest|establishment,,,"C3CX+PJQ, C Block Road, C Block, Kendriya Vihar, Sector 56, Gurugram, Haryana 122011, India",,,OPERATIONAL,https://maps.google.com/?cid=1703921562348455681&g_mp=Cilnb29nbGUubWFwcy5wbGFjZXMudjEuUGxhY2VzLlNlYXJjaE5lYXJieRACGAQgAA,ChIJefH3zgMiDTkRAYfoGKKLpRc
C-86,service,service|point_of_interest|establishment,,,"86, C Block Road, C Block, Sushant Lok 2, Sector 56, Gurugram, Haryana 122011, India",,,OPERATIONAL,https://maps.google.com/?cid=1940619059168416904&g_mp=Cilnb29nbGUubWFwcy5wbGFjZXMudjEuUGxhY2VzLlNlYXJjaE5lYXJieRACGAQgAA,ChIJ6RsiQrYjDTkRiBQWosB27ho
Classic Boys Pg In Sector 56,service,service|point_of_interest|establishment,098116 81146,,"C-71, Sushant Lok 2, Sector 56, Gurugram, Haryana 122011, India",3.3,144,OPERATIONAL,https://maps.google.com/?cid=8777877665244693763&g_mp=Cilnb29nbGUubWFwcy5wbGFjZXMudjEuUGxhY2VzLlNlYXJjaE5lYXJieRACGAQgAA,ChIJZwvwMgIiDTkRA8W-tjpJ0Xk
DAVA24 HEALTH CARE,consultant,consultant|health|service|point_of_interest|establishment,,,"C Block, 97, C Block Road, C Block, Sushant Lok 2, Sector 56, Gurugram, Haryana 122011, India",5,1,OPERATIONAL,https://maps.google.com/?cid=370040224323451601&g_mp=Cilnb29nbGUubWFwcy5wbGFjZXMudjEuUGxhY2VzLlNlYXJjaE5lYXJieRACGAQgAA,ChIJW8hUQN0jDTkR0bpnm5-lIgU
135 paradise place,association_or_organization,service|association_or_organization|point_of_interest|establishment,,,"135, C Block Road, Sector 56, Gurugram, Haryana 122011, India",5,3,OPERATIONAL,https://maps.google.com/?cid=10366119847298563321&g_mp=Cilnb29nbGUubWFwcy5wbGFjZXMudjEuUGxhY2VzLlNlYXJjaE5lYXJieRACGAQgAA,ChIJ7QzFAGojDTkR-XxbPRTb248
TAEDAS ACADEMY PVT. LTD.,sports_school,sports_complex|gym|sports_school|sports_activity_location|health|point_of_interest|establishment,088605 53257,,"107, C Block Road, GAIL Society, Sector 56, Gurugram, Haryana 122011, India",4.9,479,OPERATIONAL,https://maps.google.com/?cid=275195283650278255&g_mp=Cilnb29nbGUubWFwcy5wbGFjZXMudjEuUGxhY2VzLlNlYXJjaE5lYXJieRACGAQgAA,ChIJpfI5CjAjDTkRb3PWBaew0QM
Leslie Salon / Beauty Parlor,beauty_salon,beauty_salon|service|point_of_interest|establishment,070423 79796,,"C-108, Sushant Lok 2, Sector 56, Gurugram, Haryana 122011, India",4,4,OPERATIONAL,https://maps.google.com/?cid=4988385097894425650&g_mp=Cilnb29nbGUubWFwcy5wbGFjZXMudjEuUGxhY2VzLlNlYXJjaE5lYXJieRACGAQgAA,ChIJtyPyGAojDTkRMnTZItFNOkU
7daydrive,car_dealer,car_dealer|store|point_of_interest|establishment,095695 99428,,"C 106, Sector 56, Gurugram, Haryana 122011, India",4.9,8,OPERATIONAL,https://maps.google.com/?cid=12213661837444665786&g_mp=Cilnb29nbGUubWFwcy5wbGFjZXMudjEuUGxhY2VzLlNlYXJjaE5lYXJieRACGAQgAA,ChIJD-p16f0jDTkRulGi-7qkf6k
Perceptions - The OT Clinic (Occupational Therapy),service,health|service|point_of_interest|establishment,,,"D-154, Sushant Lok 2, Sector 56, Gurugram, Ghata, Haryana 122011, India",5,11,OPERATIONAL,https://maps.google.com/?cid=13570719734963661805&g_mp=Cilnb29nbGUubWFwcy5wbGFjZXMudjEuUGxhY2VzLlNlYXJjaE5lYXJieRACGAQgAA,ChIJo7iW1pshDTkR7WvkvLLhVLw
Dhruv's home,apartment_building,apartment_building|service|point_of_interest|establishment,,,"D-154, Sushant Lok 2, Sector 56, Gurugram, Haryana 122011, India",,,OPERATIONAL,https://maps.google.com/?cid=3466618702768790602&g_mp=Cilnb29nbGUubWFwcy5wbGFjZXMudjEuUGxhY2VzLlNlYXJjaE5lYXJieRACGAQgAA,ChIJW1GBmy0hDTkRSlxC3lfnGzA
The Wardrobe By Bosky Ghai,clothing_store,clothing_store|store|point_of_interest|establishment,099880 80402,,"Plot no. 137, D-BLOCK, near Sushant Towers, Sushant Lok 2, Sector 56, Gurugram, Haryana 122011, India",5,5,OPERATIONAL,https://maps.google.com/?cid=9677807608330216242&g_mp=Cilnb29nbGUubWFwcy5wbGFjZXMudjEuUGxhY2VzLlNlYXJjaE5lYXJieRACGAQgAA,ChIJOykz4bpbGjkRMmMYm756ToY
D-139 Sushant Lok 2,housing_complex,housing_complex|service|point_of_interest|establishment,,,"139, Block D, Sector 56, Gurugram, Haryana 122011, India",5,1,OPERATIONAL,https://maps.google.com/?cid=18224556074134312987&g_mp=Cilnb29nbGUubWFwcy5wbGFjZXMudjEuUGxhY2VzLlNlYXJjaE5lYXJieRACGAQgAA,ChIJ5w6hlzwhDTkRG5j2CzGh6vw
REGENTWAY,educational_institution,educational_institution|service|point_of_interest|establishment,080775 80369,,"1st floor, D-137, rodeo drive, Sector 56, Gurugram, Haryana 122001, India",,,OPERATIONAL,https://maps.google.com/?cid=3673825061160917079&g_mp=Cilnb29nbGUubWFwcy5wbGFjZXMudjEuUGxhY2VzLlNlYXJjaE5lYXJieRACGAQgAA,ChIJm-jFjAAhDTkRV5hsqW0M_DI
Gurgaon House,association_or_organization,service|association_or_organization|point_of_interest|establishment,,,"138, Block D, Sector 56, Gurugram, Ghata, Haryana 122011, India",,,OPERATIONAL,https://maps.google.com/?cid=5335289597588658049&g_mp=Cilnb29nbGUubWFwcy5wbGFjZXMudjEuUGxhY2VzLlNlYXJjaE5lYXJieRACGAQgAA,ChIJM-W9_QQhDTkRgdcbFp_BCko
H2m AYUSH Ventures Pvt Ltd,corporate_office,corporate_office|point_of_interest|establishment,,,"D-161, Sushant Lok 2, Sector 56, Gurugram, Haryana 122011, India",,,OPERATIONAL,https://maps.google.com/?cid=7664983568353992296&g_mp=Cilnb29nbGUubWFwcy5wbGFjZXMudjEuUGxhY2VzLlNlYXJjaE5lYXJieRACGAQgAA,ChIJyWMITjchDTkRaB7y0PF9X2o
"D-136, Sushant Lok 2",apartment_complex,apartment_complex|service|point_of_interest|establishment,,,"136, Block D, Sector 56, Gurugram, Ghata, Haryana 122011, India",5,1,OPERATIONAL,https://maps.google.com/?cid=6417555221353875830&g_mp=Cilnb29nbGUubWFwcy5wbGFjZXMudjEuUGxhY2VzLlNlYXJjaE5lYXJieRACGAQgAA,ChIJU5J8fgAhDTkRdklA33i8D1k
New Home,housing_complex,housing_complex|service|point_of_interest|establishment,,,"D134, Vigyan Vihar, Sector 56, Gurugram, Ghata, Haryana 122011, India",5,1,OPERATIONAL,https://maps.google.com/?cid=7870418002088839113&g_mp=Cilnb29nbGUubWFwcy5wbGFjZXMudjEuUGxhY2VzLlNlYXJjaE5lYXJieRACGAQgAA,ChIJP_BOUwAhDTkRyUdYQHlXOW0
Gammy's Kitchen,food_store,food_store|store|food|point_of_interest|establishment,,,"Second floor, D134, Sector 56, Gurugram, Haryana 122011, India",4.8,11,OPERATIONAL,https://maps.google.com/?cid=5197767270512706098&g_mp=Cilnb29nbGUubWFwcy5wbGFjZXMudjEuUGxhY2VzLlNlYXJjaE5lYXJieRACGAQgAA,ChIJQ5G6bUUhDTkRMsIPKMstIkg
"D-149, Sector 56",apartment_building,apartment_building|service|point_of_interest|establishment,,,"150, Vigyan Vihar, Sector 56, Gurugram, Haryana 122011, India",,,OPERATIONAL,https://maps.google.com/?cid=5922618334944596393&g_mp=Cilnb29nbGUubWFwcy5wbGFjZXMudjEuUGxhY2VzLlNlYXJjaE5lYXJieRACGAQgAA,ChIJyZR7aAAhDTkRqZGWCv9dMVI
Dr Niharika Kuntal Diabetologist & Lifestyle Medicine,doctor,doctor|health|point_of_interest|establishment,,https://profrea.com/doctor/dr-niharika-kuntal/,"Second Floor, OPD 2, Hno A1/231, Golf Course Rd, Sector 55, Gurugram, Haryana 122011, India",,,OPERATIONAL,https://maps.google.com/?cid=15486883945777076864&g_mp=Cilnb29nbGUubWFwcy5wbGFjZXMudjEuUGxhY2VzLlNlYXJjaE5lYXJieRACGAQgAA,ChIJU5_xCSghDTkRgBq-SeV27NY
Max Lab | Diagnostic Centre & Blood Test in Gurugram,medical_clinic,medical_lab|doctor|medical_clinic|health|point_of_interest|establishment,079821 00200,https://www.maxlab.co.in/,"Baani Corporate Suites Tower, Vigyan Vihar, Sector 56, Gurugram, Haryana 122011, India",5,23,CLOSED_TEMPORARILY,https://maps.google.com/?cid=2379003980158597765&g_mp=Cilnb29nbGUubWFwcy5wbGFjZXMudjEuUGxhY2VzLlNlYXJjaE5lYXJieRACGAQgAA,ChIJH89ObKYZDTkRhfqX9IPrAyE
Nair’s House,housing_complex,housing_complex|service|point_of_interest|establishment,,,"D-BLOCK, Sector 56, Gurugram, Haryana 122011, India",5,1,OPERATIONAL,https://maps.google.com/?cid=7462284591826402733&g_mp=Cilnb29nbGUubWFwcy5wbGFjZXMudjEuUGxhY2VzLlNlYXJjaE5lYXJieRACGAQgAA,ChIJAfS8OwAhDTkRrf2upExcj2c
"Girls PG sushant lok-2, sector-56 - XGGN0023",lodging,lodging|point_of_interest|establishment,079823 71776,https://www.xeniahub.com/Xenia0088.html,"D-88, Sector 56, Gurugram, Haryana 122011, India",4.2,19,OPERATIONAL,https://maps.google.com/?cid=16362140374615655842&g_mp=Cilnb29nbGUubWFwcy5wbGFjZXMudjEuUGxhY2VzLlNlYXJjaE5lYXJieRACGAQgAA,ChIJNfMffFkhDTkRogUL-vr_EeM
KRISHAN KIRANA STORE,general_store,general_store|food_store|store|food|point_of_interest|establishment,095604 23747,,"134, Rajesh Pilot Rd, nearby D Block Ramesh, Sector 56, Gurugram, Haryana 122011, India",,,OPERATIONAL,https://maps.google.com/?cid=4016371770745395452&g_mp=Cilnb29nbGUubWFwcy5wbGFjZXMudjEuUGxhY2VzLlNlYXJjaE5lYXJieRACGAQgAA,ChIJFWYhcC4hDTkR_JgvidgEvTc
CineMalt,,point_of_interest|establishment,,https://cinemalt.com/,"D91, Sector 56, Gurugram, Haryana 122011, India",,,OPERATIONAL,https://maps.google.com/?cid=8656356089288104085&g_mp=Cilnb29nbGUubWFwcy5wbGFjZXMudjEuUGxhY2VzLlNlYXJjaE5lYXJieRACGAQgAA,ChIJf7N3dnMhDTkRlZhO9_-NIXg
Dr Debangshu Dam,doctor,doctor|health|point_of_interest|establishment,098109 80856,,"D-166 Adharshila Homes, Sushant Lok Rd, Part 2, Sector 56, Gurugram, Haryana 122011, India",5,16,OPERATIONAL,https://maps.google.com/?cid=17078808582924797803&g_mp=Cilnb29nbGUubWFwcy5wbGFjZXMudjEuUGxhY2VzLlNlYXJjaE5lYXJieRACGAQgAA,ChIJoRKrcAIiDTkRawcgNOsdBO0
Home,apartment_complex,apartment_complex|service|point_of_interest|establishment,,,"D-91, Sushant Lok Rd, Sector 56, Gurugram, Ghata, Haryana 122011, India",,,OPERATIONAL,https://maps.google.com/?cid=12208728531368053608&g_mp=Cilnb29nbGUubWFwcy5wbGFjZXMudjEuUGxhY2VzLlNlYXJjaE5lYXJieRACGAQgAA,ChIJkf4QZQAhDTkRaIteJ-odbqk
My Art For Life,,art_studio|educational_institution|service|association_or_organization|point_of_interest|establishment,085956 61816,https://www.myartforlife.com/,"Theatre & Art Studio at Oxford Kids Preschool, Sector 56, Gurugram, Haryana 122011, India",,,OPERATIONAL,https://maps.google.com/?cid=17173625278067566973&g_mp=Cilnb29nbGUubWFwcy5wbGFjZXMudjEuUGxhY2VzLlNlYXJjaE5lYXJieRACGAQgAA,ChIJtUN7xNMjDTkRfeniXDP5VO4
Yashvi collection,jewelry_store,jewelry_store|store|point_of_interest|establishment,099999 19909,https://www.facebook.com/yashvico,"251 City cooperative housing society Plot no.-73, Huda Sector, Sushant Lok 2, Sector 55, Gurugram, Haryana 122011, India",4.9,39,OPERATIONAL,https://maps.google.com/?cid=3868828756283631444&g_mp=Cilnb29nbGUubWFwcy5wbGFjZXMudjEuUGxhY2VzLlNlYXJjaE5lYXJieRACGAQgAA,ChIJfS3p-s0ZDTkRVCcag0HXsDU
World Net Labs,,service|point_of_interest|establishment,095606 56699,http://worldnetlabs.com/,"B222A, Sector 57, Sushant Lok Phase 3, Huda Sector, Sushant Lok 2, Sector 55, Gurugram, Haryana 122011, India",5,2,OPERATIONAL,https://maps.google.com/?cid=9509526587378532295&g_mp=Cilnb29nbGUubWFwcy5wbGFjZXMudjEuUGxhY2VzLlNlYXJjaE5lYXJieRACGAQgAA,ChIJoeEnI_khDTkRx3_ULgyg-IM
City Cooperative Group Housing Society Limitd,association_or_organization,lodging|association_or_organization|service|point_of_interest|establishment,,,"GH 73, Huda Sector 55, Adjacent To Metro Station 55-56, Huda Sector, Sushant Lok 2, Sector 55, Gurugram, Haryana 122011, India",4.1,567,OPERATIONAL,https://maps.google.com/?cid=11885527136712676163&g_mp=Cilnb29nbGUubWFwcy5wbGFjZXMudjEuUGxhY2VzLlNlYXJjaE5lYXJieRACGAQgAA,ChIJk7h-IvkhDTkRQ1MGaPXf8aQ
Chandra Apartments - South Gate,service,service|point_of_interest|establishment,0124 421 8417,,"Shri Kirti Apartments, Plot No 64, Huda Sector, Sushant Lok 2, Sector 55, Gurugram, Haryana 122011, India",4.7,24,OPERATIONAL,https://maps.google.com/?cid=13830480501334090577&g_mp=Cilnb29nbGUubWFwcy5wbGFjZXMudjEuUGxhY2VzLlNlYXJjaE5lYXJieRACGAQgAA,ChIJuYO-MvkhDTkRUSP8Kr28778
Coke Office,corporate_office,corporate_office|point_of_interest|establishment,,,"C4C4+H5F, Golf Course Rd, Huda Sector, Sushant Lok 2, Sector 55, Gurugram, Haryana 122011, India",3.7,3,OPERATIONAL,https://maps.google.com/?cid=4368450449975326424&g_mp=Cilnb29nbGUubWFwcy5wbGFjZXMudjEuUGxhY2VzLlNlYXJjaE5lYXJieRACGAQgAA,ChIJsdXRTgghDTkR2LasCYranzw
Bolt.Earth EV Charging Station,electric_vehicle_charging_station,electric_vehicle_charging_station|transportation_service|point_of_interest|establishment,084477 46385,https://bolt.earth/,"Gurgaon Division, Huda Sector, Sushant Lok 2, Sector 55, DELHI, NCR, Haryana 122003, India",,,OPERATIONAL,https://maps.google.com/?cid=4249781238583921823&g_mp=Cilnb29nbGUubWFwcy5wbGFjZXMudjEuUGxhY2VzLlNlYXJjaE5lYXJieRACGAQgAA,ChIJD3gKhYghDTkRnwzqKoVB-jo
Tannu & priyanshu electrical works,service,service|point_of_interest|establishment,099992 80207,,"Surya apartment, Huda Sector, Sushant Lok 2, Sector 55, Gurugram, Haryana 122011, India",5,48,OPERATIONAL,https://maps.google.com/?cid=14148309501559161897&g_mp=Cilnb29nbGUubWFwcy5wbGFjZXMudjEuUGxhY2VzLlNlYXJjaE5lYXJieRACGAQgAA,ChIJJdfsRbQZDTkRKcS33IfkWMQ
OYO Rooms Golf Course Road,lodging,lodging|point_of_interest|establishment,,https://deals.vio.com/?sig=73aca13c7f952d2641c156f3e69125e1eb497c325f122828ee5aa8797168b9a12d32303331333438363233&turl=https%3A%2F%2Fwww.vio.com%2FHotel%2FSearch%3FhotelId%3D1932722%26utm_source%3Dgha-vr%26utm_campaign%3Dstatic%26openHotelDetails%3D1,"Huda Sector, Sushant Lok 2, Sector 55, Gurugram, Haryana 122011, India",,,OPERATIONAL,https://maps.google.com/?cid=8788864406692002723&g_mp=Cilnb29nbGUubWFwcy5wbGFjZXMudjEuUGxhY2VzLlNlYXJjaE5lYXJieRACGAQgAA,ChIJqxdB4PghDTkRo3vzy5xR-Hk
Waypham India Pvt. Ltd.,corporate_office,corporate_office|point_of_interest|establishment,0124 424 0157,http://www.waypham.com/,"Huda Sector, Sushant Lok 2, Sector 55, Gurugram, Haryana 122011, India",4.3,6,OPERATIONAL,https://maps.google.com/?cid=11955876052293968801&g_mp=Cilnb29nbGUubWFwcy5wbGFjZXMudjEuUGxhY2VzLlNlYXJjaE5lYXJieRACGAQgAA,ChIJOdpMMfkhDTkRoeOUs-zN66U
Leelger Dewta,hindu_temple,hindu_temple|place_of_worship|association_or_organization|point_of_interest|establishment,,,"C4C4+P33, Vigyan Vihar, Sector 56, Gurugram, Haryana 122011, India",2,2,OPERATIONAL,https://maps.google.com/?cid=11308241533798610465&g_mp=Cilnb29nbGUubWFwcy5wbGFjZXMudjEuUGxhY2VzLlNlYXJjaE5lYXJieRACGAQgAA,ChIJr-z24PghDTkRIXZi6MLx7pw
Ggn home,association_or_organization,association_or_organization|service|point_of_interest|establishment,,,"C4C4+W43, Golf Course Rd, near unicosmos, Huda Sector, Sushant Lok 2, Sector 55, Gurugram, Haryana 122011, India",,,OPERATIONAL,https://maps.google.com/?cid=4663945460088576087&g_mp=Cilnb29nbGUubWFwcy5wbGFjZXMudjEuUGxhY2VzLlNlYXJjaE5lYXJieRACGAQgAA,ChIJtbP5OQAhDTkRVxhgcK-puUA
DISCOVERY LIQUOR WAREHOUSE,point_of_interest,point_of_interest|establishment,,,"Huda Sector, Sushant Lok 2, Sector 55, Gurugram, Haryana 122011, India",,,OPERATIONAL,https://maps.google.com/?cid=3044012559619906456&g_mp=Cilnb29nbGUubWFwcy5wbGFjZXMudjEuUGxhY2VzLlNlYXJjaE5lYXJieRACGAQgAA,ChIJE7y7A_khDTkRmNv4i0uBPio
Meenu’s Studio the boutique,clothing_store,clothing_store|store|point_of_interest|establishment,099113 24415,https://www.facebook.com/Meenus-studio-56-855609871302573/?ti=as,"Near rapid metro station, 55-56, Golf Course Rd, opposite double tree hotel, Huda Sector, Sushant Lok 2, Sector 55, Gurugram, Haryana 122011, India",4.8,27,OPERATIONAL,https://maps.google.com/?cid=13898916004302956922&g_mp=Cilnb29nbGUubWFwcy5wbGFjZXMudjEuUGxhY2VzLlNlYXJjaE5lYXJieRACGAQgAA,ChIJLwwVXKsZDTkReil4X3fe4sA
"Vedam School of Technology, Gurugram Campus",educational_institution,educational_institution|point_of_interest|establishment,092010 10176,https://www.vedam.org/,"Sushant University, 1st Floor, A-BLOCK, Golf Course Rd, Huda, Huda Sector, Sushant Lok 2, Sector 55, Gurugram, Haryana 122001, India",5,30,OPERATIONAL,https://maps.google.com/?cid=3852287684564945588&g_mp=Cilnb29nbGUubWFwcy5wbGFjZXMudjEuUGxhY2VzLlNlYXJjaE5lYXJieRACGAQgAA,ChIJG-bjcOgfDTkRtAobIz0TdjU
Singhania & Co. - Gurugram,consultant,consultant|service|point_of_interest|establishment,0124 403 4760,http://www.singhania.com/,"502-503, The Address One by Baani 1, Vigyan Vihar B-Block, Sector 56, Gurugram, Haryana 122011, India",4.5,15,OPERATIONAL,https://maps.google.com/?cid=5901108166220685009&g_mp=Cilnb29nbGUubWFwcy5wbGFjZXMudjEuUGxhY2VzLlNlYXJjaE5lYXJieRACGAQgAA,ChIJE4EE5kMhDTkR0Z69nJzy5FE
Creator,association_or_organization,association_or_organization|service|point_of_interest|establishment,,,"AMBWATA CHOPAL, 56, Ghata Vlg Rd, Huda Sector, Sushant Lok 2, Sector 55, Gurugram, Haryana 122011, India",,,OPERATIONAL,https://maps.google.com/?cid=23979115237510415&g_mp=Cilnb29nbGUubWFwcy5wbGFjZXMudjEuUGxhY2VzLlNlYXJjaE5lYXJieRACGAQgAA,ChIJWVTygGAhDTkRD43C1eAwVQA
HealthAssure - Miracles Mediclinic | Diagnostic centre Gurgaon| Imaging And Diagnostics | Blood Tests & Ultrasound,medical_clinic,medical_clinic|health|point_of_interest|establishment,088002 25233,https://www.healthassure.in/,"SCO 68-69, 56, near More General Store, behind Jalvayu Tower, Huda Sector, Sushant Lok 2, Sector 55, Gurugram, Haryana 122011, India",,,OPERATIONAL,https://maps.google.com/?cid=12344020144270757871&g_mp=Cilnb29nbGUubWFwcy5wbGFjZXMudjEuUGxhY2VzLlNlYXJjaE5lYXJieRACGAQgAA,ChIJV7ztBXsjDTkR70-Gd-vETqs
Sec 56 theka,bar,bar|point_of_interest|establishment,,,"C4C4+86Q, Huda Sector, Sushant Lok 2, Sector 55, Ghata, Gurugram, Haryana 122011, India",5,2,OPERATIONAL,https://maps.google.com/?cid=2577553931311999804&g_mp=Cilnb29nbGUubWFwcy5wbGFjZXMudjEuUGxhY2VzLlNlYXJjaE5lYXJieRACGAQgAA,ChIJdyvygnQhDTkRPGtD4aRPxSM
A/108,apartment_building,apartment_building|service|point_of_interest|establishment,,,"108, Sushant Lok 2 Main Rd, Huda Sector, Sushant Lok 2, Sector 55, Gurugram, Haryana 122011, India",,,OPERATIONAL,https://maps.google.com/?cid=9456301025261357795&g_mp=Cilnb29nbGUubWFwcy5wbGFjZXMudjEuUGxhY2VzLlNlYXJjaE5lYXJieRACGAQgAA,ChIJN2MDPAAhDTkR44rdS66HO4M
Paarth Apartments Gate No. 2,apartment_building,apartment_building|service|point_of_interest|establishment,,,"Plot 66, Golf Course Ext Rd, Huda Sector, Sushant Lok 2, Sector 55, Gurugram, Haryana 122011, India",4.9,16,OPERATIONAL,https://maps.google.com/?cid=4848165012062734104&g_mp=Cilnb29nbGUubWFwcy5wbGFjZXMudjEuUGxhY2VzLlNlYXJjaE5lYXJieRACGAQgAA,ChIJNY_wRPkhDTkRGAd6TGQkSEM
Pritam Boot House,sportswear_store,sportswear_store|sporting_goods_store|clothing_store|store|point_of_interest|establishment,062013 61114,,"Shop No 8 Sector.55 Ghata, Gaon Market, Huda Sector, Sushant Lok 2, Sector 55, Gurugram, Haryana 122011, India",,,CLOSED_TEMPORARILY,https://maps.google.com/?cid=1885115831223611672&g_mp=Cilnb29nbGUubWFwcy5wbGFjZXMudjEuUGxhY2VzLlNlYXJjaE5lYXJieRACGAQgAA,ChIJwfhBpRwhDTkRGHGMWNxGKRo
Endrbhan Rajput Shop,grocery_store,grocery_store|food_store|store|food|point_of_interest|establishment,089588 52938,,"Endrbhan Rajput Shop, Ghata Gain, Sabji Mandi, Gurugram, Haryana 122011, India",,,CLOSED_TEMPORARILY,https://maps.google.com/?cid=490242560231545435&g_mp=Cilnb29nbGUubWFwcy5wbGFjZXMudjEuUGxhY2VzLlNlYXJjaE5lYXJieRACGAQgAA,ChIJ88CeOtwhDTkRWxph2AKxzQY
Alam Clinic,doctor,doctor|health|point_of_interest|establishment,094704 11235,,"Shop.No.37, Ghata Gao, Huda Sector, Market, Sector 55, Gurugram, Haryana 122011, India",,,OPERATIONAL,https://maps.google.com/?cid=15529222631989999792&g_mp=Cilnb29nbGUubWFwcy5wbGFjZXMudjEuUGxhY2VzLlNlYXJjaE5lYXJieRACGAQgAA,ChIJf0TOltIhDTkRsHi42bThgtc
Cambridge English Online Classes,educational_institution,educational_institution|point_of_interest|establishment,098187 77327,,"near Metro Station, Huda Sector, Sushant Lok 2, Sector 55, Gurugram, Haryana 122011, India",,,OPERATIONAL,https://maps.google.com/?cid=3603461653851039499&g_mp=Cilnb29nbGUubWFwcy5wbGFjZXMudjEuUGxhY2VzLlNlYXJjaE5lYXJieRACGAQgAA,ChIJnUWHGY8hDTkRC2eIP0gRAjI
Ghata Gurjar Chowk,community_center,community_center|event_venue|point_of_interest|service|establishment,,,"C4C5+PW6 VILLAGE GHATA, Sushant Lok 2, Sector 56, Gurugram, Haryana 122011, India",4.3,14,OPERATIONAL,https://maps.google.com/?cid=2718492385423538033&g_mp=Cilnb29nbGUubWFwcy5wbGFjZXMudjEuUGxhY2VzLlNlYXJjaE5lYXJieRACGAQgAA,ChIJ75ulGPchDTkRcTfG3WsGuiU
Rizwan interior design working,manufacturer,point_of_interest|service|manufacturer|establishment,,https://www.instagram.com/rizwan001_official?igsh=MTN6Z3dibHhwbTFyZQ==&utm_source=qr,"Ghatta Kanarpur, Sector 55, Gurugram, Haryana 122002, India",5,1,OPERATIONAL,https://maps.google.com/?cid=9363893682381011032&g_mp=Cilnb29nbGUubWFwcy5wbGFjZXMudjEuUGxhY2VzLlNlYXJjaE5lYXJieRACGAQgAA,ChIJK-sir6khDTkRWDjYLLE784E
MS WELDING WORKS,point_of_interest,point_of_interest|establishment,,,"Ghata Gao, Ghatta Kanarpur, Sector 58, Gurugram, Haryana 122011, India",,,OPERATIONAL,https://maps.google.com/?cid=1190584349631340361&g_mp=Cilnb29nbGUubWFwcy5wbGFjZXMudjEuUGxhY2VzLlNlYXJjaE5lYXJieRACGAQgAA,ChIJDU7IyfshDTkRSV_qcijOhRA
Js English Venture,educational_institution,educational_institution|point_of_interest|establishment,070489 33315,,"103, Sector Road, Ghata Gao, Ghatta Kanarpur, Daulatabad, Gurugram, Haryana 122011, India",,,CLOSED_TEMPORARILY,https://maps.google.com/?cid=12830374732352416573&g_mp=Cilnb29nbGUubWFwcy5wbGFjZXMudjEuUGxhY2VzLlNlYXJjaE5lYXJieRACGAQgAA,ChIJyQ68YwMhDTkRPWsDQdelDrI
Radha Krishna Temple,hindu_temple,hindu_temple|place_of_worship|association_or_organization|point_of_interest|establishment,,,"C4C5+VPM, Huda Sector, Sushant Lok 2, Sector 55, Gurugram, Haryana 122011, India",4.6,69,OPERATIONAL,https://maps.google.com/?cid=12211789877152779440&g_mp=Cilnb29nbGUubWFwcy5wbGFjZXMudjEuUGxhY2VzLlNlYXJjaE5lYXJieRACGAQgAA,ChIJO_wI6vshDTkRsAxnQzH-eKk
Shri Ram Pharmacy,pharmacy,pharmacy|drugstore|health|store|point_of_interest|establishment,080768 33638,,"Shop No.3, Dayma Market Ghata, Village, Ghata Gao, Ghatta Kanarpur, Sector 58, Gurugram, Haryana 122011, India",5,1,OPERATIONAL,https://maps.google.com/?cid=15824435405043613491&g_mp=Cilnb29nbGUubWFwcy5wbGFjZXMudjEuUGxhY2VzLlNlYXJjaE5lYXJieRACGAQgAA,ChIJbUnUyfshDTkRMz-90Ciwm9s
Nirbhay Electronic Electrician,service,point_of_interest|service|establishment,079915 07660,,"Shop No 03 Ghata, Gaon, Ghata Gao, Ghatta Kanarpur, Sector 58, Gurugram, Haryana 122011, India",,,CLOSED_TEMPORARILY,https://maps.google.com/?cid=13244401338112245828&g_mp=Cilnb29nbGUubWFwcy5wbGFjZXMudjEuUGxhY2VzLlNlYXJjaE5lYXJieRACGAQgAA,ChIJlbu1SFkhDTkRRIDjXNiQzbc
Amarisha Chiken Shop,grocery_store,grocery_store|food_store|store|food|point_of_interest|establishment,063981 79062,,"Amarisha Chiken Shop, Sabji Mandi, Ghata Gao, Ghata, Gaon, Gurugram, Haryana 122011, India",,,CLOSED_TEMPORARILY,https://maps.google.com/?cid=16234773894311865172&g_mp=Cilnb29nbGUubWFwcy5wbGFjZXMudjEuUGxhY2VzLlNlYXJjaE5lYXJieRACGAQgAA,ChIJufdkjfAhDTkRVGs-Y9eATeE
Good Will Communication,cell_phone_store,cell_phone_store|store|point_of_interest|establishment,090159 84560,,"Sector 55, Village Ghata, Ghata Gao, Ghatta Kanarpur, Sector 58, Gurugram, Haryana 122011, India",4.5,2,CLOSED_TEMPORARILY,https://maps.google.com/?cid=6866143836097428485&g_mp=Cilnb29nbGUubWFwcy5wbGFjZXMudjEuUGxhY2VzLlNlYXJjaE5lYXJieRACGAQgAA,ChIJFRect_shDTkRBTxTx3BxSV8
Adesh General Store,general_store,general_store|food_store|store|food|point_of_interest|establishment,092119 73200,,"Village Ghata, Sector 55, Ghata Gao, Ghatta Kanarpur, Sector 58, Gurugram, Haryana 122011, India",4.3,4,OPERATIONAL,https://maps.google.com/?cid=14554361749322680322&g_mp=Cilnb29nbGUubWFwcy5wbGFjZXMudjEuUGxhY2VzLlNlYXJjaE5lYXJieRACGAQgAA,ChIJH9mbyfshDTkRAkjpEOZ6-8k
Bhangar bala,,point_of_interest|establishment,099582 97503,,"Huda Sector, Sushant Lok 2, Sector 55, Ghata, Gurugram, Haryana 122011, India",4.9,8,OPERATIONAL,https://maps.google.com/?cid=9139206512236867841&g_mp=Cilnb29nbGUubWFwcy5wbGFjZXMudjEuUGxhY2VzLlNlYXJjaE5lYXJieRACGAQgAA,ChIJe3MtRAAhDTkRAbHQuub71H4
Deenbandhu Hair Salon,hair_salon,hair_salon|hair_care|point_of_interest|service|establishment,092052 20860,,"NEAR GYAN DEEP PUBLIC SCHOOL, VILLAGE GHATA, Ghata Gao, Ghatta Kanarpur, Sector 55, Gurugram, Haryana 122011, India",5,2,OPERATIONAL,https://maps.google.com/?cid=11044987731219875246&g_mp=Cilnb29nbGUubWFwcy5wbGFjZXMudjEuUGxhY2VzLlNlYXJjaE5lYXJieRACGAQgAA,ChIJnzSO9-shDTkRroXom9KtR5k
GHATA MANDi,shopping_mall,shopping_mall|point_of_interest|establishment,,,"C4C5+MGJ, Huda Sector, Sushant Lok 2, Sector 55, Ghata, Gurugram, Haryana 122011, India",3.4,9,OPERATIONAL,https://maps.google.com/?cid=4117115101263412165&g_mp=Cilnb29nbGUubWFwcy5wbGFjZXMudjEuUGxhY2VzLlNlYXJjaE5lYXJieRACGAQgAA,ChIJp1CYzpIhDTkRxbszBl_uIjk
NITISHA GIFT HOUSE,point_of_interest,point_of_interest|establishment,,,"Ghata Gao, Ghatta Kanarpur, Sector 58, Gurugram, Haryana 122011, India",,,OPERATIONAL,https://maps.google.com/?cid=13928450916498384336&g_mp=Cilnb29nbGUubWFwcy5wbGFjZXMudjEuUGxhY2VzLlNlYXJjaE5lYXJieRACGAQgAA,ChIJgbqvt_shDTkR0KVZ_U_MS8E
SMS Finance,consultant,finance|consultant|point_of_interest|service|establishment,097165 61597,,"Plot No 02 Rajesh Pilot Road Sushant Lok 2 Sector 55 Ghata, Gaon, Ghata Gao, Ghatta Kanarpur, Sector 58, Gurugram, Haryana 122011, India",,,CLOSED_TEMPORARILY,https://maps.google.com/?cid=9567110287816553306&g_mp=Cilnb29nbGUubWFwcy5wbGFjZXMudjEuUGxhY2VzLlNlYXJjaE5lYXJieRACGAQgAA,ChIJ6b1MhhkhDTkRWnNKOB40xYQ
Riya communication,electronics_store,electronics_store|store|point_of_interest|establishment,,,"goan market, Ghata Gao, Ghatta Kanarpur, Sector 55, Ghata, Gurugram, Haryana 122011, India",5,2,OPERATIONAL,https://maps.google.com/?cid=10953161608836580425&g_mp=Cilnb29nbGUubWFwcy5wbGFjZXMudjEuUGxhY2VzLlNlYXJjaE5lYXJieRACGAQgAA,ChIJH-BPKgAhDTkRSYQmbnNyAZg
Divine Blessings - English Tution,educational_institution,educational_institution|point_of_interest|establishment,083830 90124,,"B1/54, sector 57, Sushant Lok III Extension, Sector 57, Gurugram, Haryana 122011, India",,,OPERATIONAL,https://maps.google.com/?cid=2007777915024827959&g_mp=Cilnb29nbGUubWFwcy5wbGFjZXMudjEuUGxhY2VzLlNlYXJjaE5lYXJieRACGAQgAA,ChIJs2oZRcUjDTkRN-btRGAP3Rs
Toasty's Playhouse- Dog Home Boarding Services | Pet Boarding,pet_boarding_service,pet_boarding_service|pet_care|point_of_interest|establishment,087701 83781,https://www.facebook.com/profile.php?id=61574491334218,"House no. 53, Block B1, Sushant Lok III, Sector 57, Gurugram, Haryana 122011, India",5,17,CLOSED_TEMPORARILY,https://maps.google.com/?cid=15670208705244309284&g_mp=Cilnb29nbGUubWFwcy5wbGFjZXMudjEuUGxhY2VzLlNlYXJjaE5lYXJieRACGAQgAA,ChIJtcvQ_s8jDTkRJCdSCMvDd9k
"3270, Sector 57, Huda, Gurugram",apartment_building,apartment_building|service|point_of_interest|establishment,,,"Block B1, Block H, Sector 57, Gurugram, Haryana 122011, India",,,OPERATIONAL,https://maps.google.com/?cid=8298168935912104397&g_mp=Cilnb29nbGUubWFwcy5wbGFjZXMudjEuUGxhY2VzLlNlYXJjaE5lYXJieRACGAQgAA,ChIJQ-NgVgAjDTkRzeE4f64EKXM
"Huda Plots, Part- II, Sec-57",housing_complex,housing_complex|service|point_of_interest|establishment,,,"C3FH+RW2, Sector 57, Block C, Sushant Lok III, Sector 57, Gurugram, Haryana 122011, India",,,OPERATIONAL,https://maps.google.com/?cid=2752159779944408999&g_mp=Cilnb29nbGUubWFwcy5wbGFjZXMudjEuUGxhY2VzLlNlYXJjaE5lYXJieRACGAQgAA,ChIJnyg4-g0jDTkRpye0AL2iMSY
Abba and chics,apartment_building,apartment_building|service|point_of_interest|establishment,,,"First Floor, C3FH+WVF Rail Vihar, 3291-P, Unnamed Road, Block H, Sector 57, Gurugram, Haryana 122011, India",5,4,OPERATIONAL,https://maps.google.com/?cid=3587833197858176068&g_mp=Cilnb29nbGUubWFwcy5wbGFjZXMudjEuUGxhY2VzLlNlYXJjaE5lYXJieRACGAQgAA,ChIJhWRNLOsjDTkRRLywx0iLyjE
B1/10,apartment_building,apartment_building|service|point_of_interest|establishment,,,"B1/10, Sushant Lok III, Sector 57, Gurugram, Haryana 122011, India",5,2,OPERATIONAL,https://maps.google.com/?cid=2946075842894546202&g_mp=Cilnb29nbGUubWFwcy5wbGFjZXMudjEuUGxhY2VzLlNlYXJjaE5lYXJieRACGAQgAA,ChIJV2UrYbkjDTkRGsUWwV6Q4ig
"3269, Sector 57, Gurugram",point_of_interest,point_of_interest|establishment,,,"3270, Block H, Sector 57, Gurugram, Haryana 122011, India",,,OPERATIONAL,https://maps.google.com/?cid=16618246353252635905&g_mp=Cilnb29nbGUubWFwcy5wbGFjZXMudjEuUGxhY2VzLlNlYXJjaE5lYXJieRACGAQgAA,ChIJJVc9AAAjDTkRAdWN0wLfn-Y
House No 3292,apartment_complex,apartment_complex|service|point_of_interest|establishment,,,"3292, behind Rail Vihar, Block H, Sector 57, Gurugram, Haryana 122011, India",5,6,OPERATIONAL,https://maps.google.com/?cid=18095121073306672232&g_mp=Cilnb29nbGUubWFwcy5wbGFjZXMudjEuUGxhY2VzLlNlYXJjaE5lYXJieRACGAQgAA,ChIJheLujm0ZDTkRaBwhfr7IHvs
3271 sector 57,apartment_building,apartment_building|service|point_of_interest|establishment,,,"3271, near shiv shakti mandir, Block H, Sector 57, Gurugram, Haryana 122011, India",5,1,OPERATIONAL,https://maps.google.com/?cid=17944876797593894712&g_mp=Cilnb29nbGUubWFwcy5wbGFjZXMudjEuUGxhY2VzLlNlYXJjaE5lYXJieRACGAQgAA,ChIJe9TcGb8jDTkROL-7El8CCfk
"3296, Block B1, Sector 57, Gurugram",apartment_building,apartment_building|service|point_of_interest|establishment,,,"C3FH+XR3, Block H, Sector 57, Gurugram, Haryana 122011, India",5,1,OPERATIONAL,https://maps.google.com/?cid=3375660545293256117&g_mp=Cilnb29nbGUubWFwcy5wbGFjZXMudjEuUGxhY2VzLlNlYXJjaE5lYXJieRACGAQgAA,ChIJeawS7agjDTkRtYWBhGHB2C4
Block b1 101,apartment_building,apartment_building|service|point_of_interest|establishment,,,"CAWA Rail Vihar, 3, Sushant Lok III, Sector 57, Gurugram, Haryana 122011, India",,,OPERATIONAL,https://maps.google.com/?cid=4222414777539177564&g_mp=Cilnb29nbGUubWFwcy5wbGFjZXMudjEuUGxhY2VzLlNlYXJjaE5lYXJieRACGAQgAA,ChIJRSeRWgAjDTkRXCyVbd4HmTo
Garg Residence,apartment_building,apartment_building|service|point_of_interest|establishment,,,"BLOCK-B1, 3340P, Sushant Lok III, Sector 57, Gurugram, Haryana 122011, India",,,OPERATIONAL,https://maps.google.com/?cid=14345676703573280074&g_mp=Cilnb29nbGUubWFwcy5wbGFjZXMudjEuUGxhY2VzLlNlYXJjaE5lYXJieRACGAQgAA,ChIJdb99YQAjDTkRSgUVi_QUFsc
Som som,apartment_building,apartment_building|service|point_of_interest|establishment,,,"BLOCK-B1, 3340P, Sushant Lok III, Sector 57, Gurugram, Haryana 122011, India",,,OPERATIONAL,https://maps.google.com/?cid=18355378362562240808&g_mp=Cilnb29nbGUubWFwcy5wbGFjZXMudjEuUGxhY2VzLlNlYXJjaE5lYXJieRACGAQgAA,ChIJzxZyHgAjDTkRKOFpql5nu_4
"B1 / 28 2nd floor, Sushant Lok-3, Sector -57, Gurgaon",apartment_building,apartment_building|service|point_of_interest|establishment,,,"C3FJ+M47, Sushant Lok III, Sector 57, Gurugram, Haryana 122011, India",4.5,2,OPERATIONAL,https://maps.google.com/?cid=10049501478748081747&g_mp=Cilnb29nbGUubWFwcy5wbGFjZXMudjEuUGxhY2VzLlNlYXJjaE5lYXJieRACGAQgAA,ChIJfRYNTiEjDTkRU86KslkAd4s
The Jaiswal's...CA,apartment_building,apartment_building|service|point_of_interest|establishment,086045 67821,http://carohitjaiswal.blogspot.com/,"First floor, B1/58, Sushant Lok III, Sector 57, Gurugram, Haryana 122011, India",,,OPERATIONAL,https://maps.google.com/?cid=300587517010675938&g_mp=Cilnb29nbGUubWFwcy5wbGFjZXMudjEuUGxhY2VzLlNlYXJjaE5lYXJieRACGAQgAA,ChIJm1lCIgAjDTkR4ohWD8HmKwQ
Gnosh 'N' Niibbles,catering_service,catering_service|food_delivery|service|point_of_interest|food|establishment,098704 97137,https://www.instagram.com/gnosh_n_niibbles/,"3342, 4th floor, Block H, Sector 57, Gurugram, Haryana 122011, India",5,22,OPERATIONAL,https://maps.google.com/?cid=4319499723818763297&g_mp=Cilnb29nbGUubWFwcy5wbGFjZXMudjEuUGxhY2VzLlNlYXJjaE5lYXJieRACGAQgAA,ChIJG5Os-xEjDTkRIYSd9Rzy8Ts
Arto Designz,general_contractor,home_goods_store|general_contractor|service|store|point_of_interest|establishment,089500 06969,https://www.facebook.com/Artodesignz/,"3342 4th floor, Block H, Sector 57, Gurugram, Haryana 122003, India",5,2,OPERATIONAL,https://maps.google.com/?cid=14168246085245397261&g_mp=Cilnb29nbGUubWFwcy5wbGFjZXMudjEuUGxhY2VzLlNlYXJjaE5lYXJieRACGAQgAA,ChIJlR0cY-yAQK4RDeleeb-4n8Q
3268 O rail vihar Rathi’s house,condominium_complex,condominium_complex|service|point_of_interest|establishment,,,"C3FJ+P73, Block B1, Sector 57, Gurugram, Haryana 122011, India",,,CLOSED_TEMPORARILY,https://maps.google.com/?cid=16959516639706330193&g_mp=Cilnb29nbGUubWFwcy5wbGFjZXMudjEuUGxhY2VzLlNlYXJjaE5lYXJieRACGAQgAA,ChIJ8Q9hRgAjDTkRUbQFSIdOXOs
Laxmi niwas,apartment_building,apartment_building|service|point_of_interest|establishment,,,"3364, Block B, Block H, Sector 57, Gurugram, Haryana 122011, India",,,OPERATIONAL,https://maps.google.com/?cid=16996016780173117967&g_mp=Cilnb29nbGUubWFwcy5wbGFjZXMudjEuUGxhY2VzLlNlYXJjaE5lYXJieRACGAQgAA,ChIJN2Z0VgAjDTkRDwrMejb73es
"B1/59, Florence Villa",apartment_building,apartment_building|service|point_of_interest|establishment,,,"3357, behind Rail Vihar, Block H, Sector 57, Gurugram, Haryana 122011, India",5,1,OPERATIONAL,https://maps.google.com/?cid=13405303470592156625&g_mp=Cilnb29nbGUubWFwcy5wbGFjZXMudjEuUGxhY2VzLlNlYXJjaE5lYXJieRACGAQgAA,ChIJkdhhKHQjDTkR0eP0bns0Cbo
OYO Star Suites,hotel,hotel|guest_house|inn|cottage|motel|lodging|service|point_of_interest|establishment,0124 433 0575,https://www.oyorooms.com/43041/,"3206, 3206, Block G, part 2, Sector 57, Gurugram, Haryana 122011, India",4,130,OPERATIONAL,https://maps.google.com/?cid=8244041277910090408&g_mp=Cilnb29nbGUubWFwcy5wbGFjZXMudjEuUGxhY2VzLlNlYXJjaE5lYXJieRACGAQgAA,ChIJNVMACiUjDTkRqAJ9C923aHI
3183,apartment_building,apartment_building|service|point_of_interest|establishment,,,"Rail Vihar, 3183, Sushant Lok Phase 3, Block B1, Sector 57, Gurugram, Haryana 122011, India",,,OPERATIONAL,https://maps.google.com/?cid=1882794907639837478&g_mp=Cilnb29nbGUubWFwcy5wbGFjZXMudjEuUGxhY2VzLlNlYXJjaE5lYXJieRACGAQgAA,ChIJ9XXQRAAjDTkRJnPJNv4HIRo
SoulSurfer,health,medical_clinic|health|service|point_of_interest|establishment,084472 00379,http://soulsurfer.in/,"3068, MKM Market Rd, Sushant Lok Phase 3, Block B1, Sector 57, Gurugram, Haryana 122011, India",4.8,45,OPERATIONAL,https://maps.google.com/?cid=13729897012048727880&g_mp=Cilnb29nbGUubWFwcy5wbGFjZXMudjEuUGxhY2VzLlNlYXJjaE5lYXJieRACGAQgAA,ChIJE_M82wUjDTkRSI_cnZZkir4
3219 AP,apartment_building,apartment_building|service|point_of_interest|establishment,,,"3068, MKM Market Rd, Sushant Lok Phase 3, Block B1, Sector 57, Gurugram, Haryana 122011, India",,,OPERATIONAL,https://maps.google.com/?cid=1236824976737680301&g_mp=Cilnb29nbGUubWFwcy5wbGFjZXMudjEuUGxhY2VzLlNlYXJjaE5lYXJieRACGAQgAA,ChIJM1hIbAAjDTkRrbvHa8MVKhE
Nirvana Realtors,consultant,real_estate_agency|consultant|service|point_of_interest|establishment,093156 67777,,"Plot No: 3208 P, Sushant Lok Phase 3, Block B1, Sector 57, Gurugram, Haryana 122011, India",3.8,4,OPERATIONAL,https://maps.google.com/?cid=18419405411208230552&g_mp=Cilnb29nbGUubWFwcy5wbGFjZXMudjEuUGxhY2VzLlNlYXJjaE5lYXJieRACGAQgAA,ChIJt4vbQnEZDTkRmHb5nKHfnv8
Anand Bhawan,lodging,lodging|point_of_interest|establishment,,,"3186, Block G, part 2, Sushant Lok III, Sector 57, Gurugram, Haryana 122011, India",3.7,3,OPERATIONAL,https://maps.google.com/?cid=5687438748070847223&g_mp=Cilnb29nbGUubWFwcy5wbGFjZXMudjEuUGxhY2VzLlNlYXJjaE5lYXJieRACGAQgAA,ChIJr3Z8CiMjDTkR9yKOdGjX7U4
Sports Arena,wholesaler,wholesaler|point_of_interest|establishment,099588 50086,https://www.sportsarena.co.in/,"3068, MKM Market Rd, Sushant Lok Phase 3, Block B1, Sector 57, Gurugram, Haryana 122011, India",5,2,OPERATIONAL,https://maps.google.com/?cid=4928523821366873893&g_mp=Cilnb29nbGUubWFwcy5wbGFjZXMudjEuUGxhY2VzLlNlYXJjaE5lYXJieRACGAQgAA,ChIJp5v37aQjDTkRJY-fl02iZUQ
"3068, Paradiso",apartment_building,apartment_building|housing_complex|service|point_of_interest|establishment,,,"3068, G Block, Sushant Lok Phase 3, Block B1, Sector 57, Gurugram, Haryana 122011, India",4.1,8,OPERATIONAL,https://maps.google.com/?cid=14396855174482557138&g_mp=Cilnb29nbGUubWFwcy5wbGFjZXMudjEuUGxhY2VzLlNlYXJjaE5lYXJieRACGAQgAA,ChIJQw3GUL4jDTkR0vjG3YDny8c
AARK House,sports_club,sports_club|association_or_organization|point_of_interest|establishment,,,"3067, MKM Market Rd, Sushant Lok Phase 3, Block B1, Sector 57, Gurugram, Haryana 122011, India",3.8,5,OPERATIONAL,https://maps.google.com/?cid=576345222047405672&g_mp=Cilnb29nbGUubWFwcy5wbGFjZXMudjEuUGxhY2VzLlNlYXJjaE5lYXJieRACGAQgAA,ChIJF19ANAAjDTkRaBYhBO2W_wc
Roney,apartment_building,apartment_building|service|point_of_interest|establishment,,,"3184, G Block, Block B1, Sector 57, Gurugram, Haryana 122011, India",,,OPERATIONAL,https://maps.google.com/?cid=7278818135533135101&g_mp=Cilnb29nbGUubWFwcy5wbGFjZXMudjEuUGxhY2VzLlNlYXJjaE5lYXJieRACGAQgAA,ChIJ8bn1OQAjDTkR_aQfiYeOA2U
Shivam's Home,general_contractor,general_contractor|service|point_of_interest|establishment,,,"3203, Sector 57 Rd, Block G, Block B1, Sector 57, Gurugram, Haryana 122011, India",5,2,OPERATIONAL,https://maps.google.com/?cid=6549442448202317427&g_mp=Cilnb29nbGUubWFwcy5wbGFjZXMudjEuUGxhY2VzLlNlYXJjaE5lYXJieRACGAQgAA,ChIJ27eOSQAjDTkRc772yTRL5Fo
Ananda tower,lodging,lodging|point_of_interest|establishment,,,"3186,Block, G, part 2, Sector 57, Gurugram, Haryana 122011, India",5,15,OPERATIONAL,https://maps.google.com/?cid=16658301323379782790&g_mp=Cilnb29nbGUubWFwcy5wbGFjZXMudjEuUGxhY2VzLlNlYXJjaE5lYXJieRACGAQgAA,ChIJBbFvlaojDTkRhrR4TcssLuc
RK Estate,consultant,real_estate_agency|consultant|service|point_of_interest|establishment,098104 31740,https://rkestate.in/,"H.N 3210, 57 LGF, Sushant Lok III, Sector 57, Gurugram, Haryana 122011, India",5,48,OPERATIONAL,https://maps.google.com/?cid=809340150665635&g_mp=Cilnb29nbGUubWFwcy5wbGFjZXMudjEuUGxhY2VzLlNlYXJjaE5lYXJieRACGAQgAA,ChIJx2MYHG0jDTkRo9EuMBfgAgA
Swati Poddar Home,apartment_building,apartment_building|service|point_of_interest|establishment,,,"3203, Sushant Lok, Block G, Part 3, Sector 57, Gurugram, Haryana 122011, India",,,OPERATIONAL,https://maps.google.com/?cid=8565678058767807254&g_mp=Cilnb29nbGUubWFwcy5wbGFjZXMudjEuUGxhY2VzLlNlYXJjaE5lYXJieRACGAQgAA,ChIJY5ykKAAjDTkRFnM2wc9m33Y
Anshika Apartments,apartment_building,apartment_building|service|point_of_interest|establishment,,,"3203, Sushant Lok, Block G, Part 3, Sector 57, Gurugram, Haryana 122011, India",5,1,OPERATIONAL,https://maps.google.com/?cid=9010201115834453040&g_mp=Cilnb29nbGUubWFwcy5wbGFjZXMudjEuUGxhY2VzLlNlYXJjaE5lYXJieRACGAQgAA,ChIJbU3xElUjDTkRMAwkQC2qCn0
3067 Airbnb Homestay,private_guest_room,private_guest_room|lodging|point_of_interest|establishment,,,"3067, MKM Market Rd, Sushant Lok Phase 3, Block B1, Sector 57, Gurugram, Haryana 122011, India",,,OPERATIONAL,https://maps.google.com/?cid=5900267106580175041&g_mp=Cilnb29nbGUubWFwcy5wbGFjZXMudjEuUGxhY2VzLlNlYXJjaE5lYXJieRACGAQgAA,ChIJSe-rfQAjDTkRwRiiJ6z14VE
NJ Rockstars Projects NH3 Sector 57,housing_complex,housing_complex|service|point_of_interest|establishment,,http://www.rockstarprojects.com/,"C3GM+28M, Rail Vihar, 4, Block B1, Sector 57, Gurugram, Haryana 122011, India",5,2,OPERATIONAL,https://maps.google.com/?cid=2972519228555383008&g_mp=Cilnb29nbGUubWFwcy5wbGFjZXMudjEuUGxhY2VzLlNlYXJjaE5lYXJieRACGAQgAA,ChIJC337ZAAjDTkR4NAPQn2CQCk
Bhariz Wellness Pvt Ltd,hospital,hospital|health|service|point_of_interest|establishment,,,"NH3, Block B1, Sector 57, Gurugram, Haryana 122018, India",,,OPERATIONAL,https://maps.google.com/?cid=6299090046576589891&g_mp=Cilnb29nbGUubWFwcy5wbGFjZXMudjEuUGxhY2VzLlNlYXJjaE5lYXJieRACGAQgAA,ChIJZ_L8hU8jDTkRQ3xl-gXdalc
Valley of iLLuSioN,condominium_complex,condominium_complex|service|point_of_interest|establishment,,,"3066, G Block Rd, Sushant Lok Phase 3, Block B1, Sector 57, Gurugram, Haryana 122011, India",5,1,OPERATIONAL,https://maps.google.com/?cid=3177295464937513263&g_mp=Cilnb29nbGUubWFwcy5wbGFjZXMudjEuUGxhY2VzLlNlYXJjaE5lYXJieRACGAQgAA,ChIJDWv9BQAjDTkRL2EPLmQFGCw
Sandeep Haweli,apartment_building,apartment_building|service|point_of_interest|establishment,,,"3066, Sushant Lok Phase 3, Block B1, Sector 57, Gurugram, Haryana 122011, India",,,OPERATIONAL,https://maps.google.com/?cid=15953626143533692129&g_mp=Cilnb29nbGUubWFwcy5wbGFjZXMudjEuUGxhY2VzLlNlYXJjaE5lYXJieRACGAQgAA,ChIJ18TQOgAjDTkR4fS1nHOqZt0
Mindquest Well-being,medical_clinic,medical_clinic|health|point_of_interest|establishment,,,"Block G, Sushant Lok 2, Sector 57, Gurugram, Haryana 122011, India",5,2,OPERATIONAL,https://maps.google.com/?cid=17006862920010765436&g_mp=Cilnb29nbGUubWFwcy5wbGFjZXMudjEuUGxhY2VzLlNlYXJjaE5lYXJieRACGAQgAA,ChIJ0xQ_DAAjDTkRfBQBM7iDBOw
DR Phyzifit Dr Shivam Mittal,medical_clinic,medical_clinic|health|point_of_interest|establishment,097285 90601,http://www.drphyzifit.com/,"G 506, near MKM Market Road, Block G, Sushant Lok 2, Sector 57, Gurugram, Haryana 122011, India",4.9,81,OPERATIONAL,https://maps.google.com/?cid=10964639357972064559&g_mp=Cilnb29nbGUubWFwcy5wbGFjZXMudjEuUGxhY2VzLlNlYXJjaE5lYXJieRACGAQgAA,ChIJuztmarsZDTkRLykxJmc5Kpg
"Dr. Rohit Lamba | Bone Klinik - Best Orthopedic Surgeon in Gurgaon, Knee Replacement, Joint Replacement in Gurgaon",doctor,doctor|health|point_of_interest|establishment,098999 15126,https://drrohitlamba.com/,"G 506, near MKM Market Road, Block G, Sushant Lok 2, Sector 57, Gurugram, Haryana 122011, India",4.7,12,OPERATIONAL,https://maps.google.com/?cid=17815073729446268604&g_mp=Cilnb29nbGUubWFwcy5wbGFjZXMudjEuUGxhY2VzLlNlYXJjaE5lYXJieRACGAQgAA,ChIJ16gXYO4ZDTkRvM4JKyvbO_c
Trust Heal,medical_center,medical_center|medical_lab|medical_clinic|hospital|consultant|service|health|point_of_interest|establishment,098999 69878,http://www.trustheal.co.in/,"G506, Block G, Sushant Lok 2, Sector 57, Gurugram, Haryana 122018, India",5,17,OPERATIONAL,https://maps.google.com/?cid=1986110455456488297&g_mp=Cilnb29nbGUubWFwcy5wbGFjZXMudjEuUGxhY2VzLlNlYXJjaE5lYXJieRACGAQgAA,ChIJ7afmCA8jDTkRaVsstu8UkBs
Gorav Ac Repair Service Daikin AC repair service Voltas AC repair Hitachi AC repair service gurugram,store,store|point_of_interest|establishment,070278 15829,https://goravacrepair.website3.me/,"Shop No 3, Main, MKM Market Rd, Block G, Sushant Lok 2, Sector 57, Gurugram, Haryana 122011, India",4.6,10,OPERATIONAL,https://maps.google.com/?cid=2351980424789871605&g_mp=Cilnb29nbGUubWFwcy5wbGFjZXMudjEuUGxhY2VzLlNlYXJjaE5lYXJieRACGAQgAA,ChIJ9dVUnYcjDTkR9ctFKrzpoyA
NK FITNESS,gym,gym|sports_activity_location|health|point_of_interest|establishment,092669 52797,,"G-506, near RYDERS SPORTS ACADEMY, Block G, Sushant Lok 2, Sector 57, Gurugram, Haryana 122011, India",5,201,OPERATIONAL,https://maps.google.com/?cid=18089401944119414243&g_mp=Cilnb29nbGUubWFwcy5wbGFjZXMudjEuUGxhY2VzLlNlYXJjaE5lYXJieRACGAQgAA,ChIJCWc74HAjDTkR441_9jl3Cvs
BAINSLA CHOWK,housing_complex,housing_complex|service|point_of_interest|establishment,,,"413f, Block G Rd, Block G, Sushant Lok 2, Sector 57, Gurugram, Haryana 122011, India",5,1,OPERATIONAL,https://maps.google.com/?cid=6350948501365552741&g_mp=Cilnb29nbGUubWFwcy5wbGFjZXMudjEuUGxhY2VzLlNlYXJjaE5lYXJieRACGAQgAA,ChIJy1i0BAAjDTkRZXaxYgMaI1g
Always Fitness,gym,gym|sports_activity_location|health|point_of_interest|establishment,099918 92567,,"Always Fitness, Bainsla Housing, near MKM Market Road, Block G, Sushant Lok 2, Sector 57, Gurugram, Haryana 122003, India",5,26,OPERATIONAL,https://maps.google.com/?cid=12088015585535716032&g_mp=Cilnb29nbGUubWFwcy5wbGFjZXMudjEuUGxhY2VzLlNlYXJjaE5lYXJieRACGAQgAA,ChIJm2pWCgAjDTkRwOo9RyFCwac
Tandoori Masala,service,meal_takeaway|service|restaurant|point_of_interest|food|establishment,098113 55275,,"Shop no 25 Plot, no 1, MKM Market Rd, opp. Ryder sports Academy, Sect 57, Block G, Sushant Lok 2, Sector 57, Gurugram, Haryana 122011, India",4.3,13,OPERATIONAL,https://maps.google.com/?cid=8104450225110071072&g_mp=Cilnb29nbGUubWFwcy5wbGFjZXMudjEuUGxhY2VzLlNlYXJjaE5lYXJieRACGAQgAA,ChIJb-9-qQkiDTkRIDeFX4rKeHA
Vasishta’s,apartment_building,apartment_building|service|point_of_interest|establishment,,,"1705, Sector 57 Rd, Block G, Block B1, Sector 57, Gurugram, Haryana 122011, India",,,OPERATIONAL,https://maps.google.com/?cid=6568095922772814486&g_mp=Cilnb29nbGUubWFwcy5wbGFjZXMudjEuUGxhY2VzLlNlYXJjaE5lYXJieRACGAQgAA,ChIJQeejawAjDTkRlqqQR3GQJls
Khurana’s,apartment_building,apartment_building|service|point_of_interest|establishment,,,"1486c, Sector 57 Rd, Block G, Block B1, Sector 57, Gurugram, Haryana 122011, India",,,OPERATIONAL,https://maps.google.com/?cid=9821906081063855098&g_mp=Cilnb29nbGUubWFwcy5wbGFjZXMudjEuUGxhY2VzLlNlYXJjaE5lYXJieRACGAQgAA,ChIJeYN-PAAjDTkR-mMPw4prTog
hellostayz,restaurant,restaurant|point_of_interest|food|establishment,092118 94338,,"hellostayz hotel, 1580p, Sector 57 Rd, B1 Block, Block G, Sushant Lok 2, Sector 57, Gurugram, Haryana 122011, India",,,OPERATIONAL,https://maps.google.com/?cid=535994240874733109&g_mp=Cilnb29nbGUubWFwcy5wbGFjZXMudjEuUGxhY2VzLlNlYXJjaE5lYXJieRACGAQgAA,ChIJ7fHUJ9YjDTkRNV7-GOw7cAc
Smile'O dental and implant center,dental_clinic,dental_clinic|medical_clinic|health|point_of_interest|establishment,082952 24321,http://www.smileodental.in/,"G506, Ground floor, MKM market road Sushant Lok 2, Sector 57 Gurgaon, haryana, 122011, Block G, Sushant Lok 2, Sector 57, Gurugram, Haryana 122413, India",4.8,26,OPERATIONAL,https://maps.google.com/?cid=10831231094259707411&g_mp=Cilnb29nbGUubWFwcy5wbGFjZXMudjEuUGxhY2VzLlNlYXJjaE5lYXJieRACGAQgAA,ChIJeXBUnMwjDTkRE-6DPUtDUJY
BIGBOSS INFRA SOLUTION,real_estate_agency,real_estate_agency|service|point_of_interest|establishment,,,"Ground Floor, Corporate office @ Bainsla Chowk, G-413F, near MKM Market Road, Block G, Sushant Lok 2, Sector 57, Gurugram, Haryana 122011, India",5,1,OPERATIONAL,https://maps.google.com/?cid=8419342332366426334&g_mp=Cilnb29nbGUubWFwcy5wbGFjZXMudjEuUGxhY2VzLlNlYXJjaE5lYXJieRACGAQgAA,ChIJP4a-gyofDTkR3hAcYz6D13Q
Cary's Piano,educational_institution,educational_institution|service|point_of_interest|establishment,098112 26696,https://carypianorental.com/,"G-500, Basement Floor, Near Ryders Sports Academy, Block G, Sushant Lok 2, Sector 57, Gurugram, Haryana 122011, India",4.9,74,OPERATIONAL,https://maps.google.com/?cid=7505339212783224639&g_mp=Cilnb29nbGUubWFwcy5wbGFjZXMudjEuUGxhY2VzLlNlYXJjaE5lYXJieRACGAQgAA,ChIJ6-ekoQkiDTkRPwfBwD9SKGg
Manu Ritika,housing_complex,housing_complex|service|point_of_interest|establishment,,,"3143, Sector 57 Rd, Block G, Block B1, Sector 57, Gurugram, Haryana 122011, India",,,OPERATIONAL,https://maps.google.com/?cid=6113261853329606611&g_mp=Cilnb29nbGUubWFwcy5wbGFjZXMudjEuUGxhY2VzLlNlYXJjaE5lYXJieRACGAQgAA,ChIJ8z_uHAAjDTkR00eoIkSr1lQ
Kunal narula,apartment_building,apartment_building|service|point_of_interest|establishment,,,"3507c, Sector 57 Rd, Block G, Block B1, Sector 57, Gurugram, Haryana 122011, India",,,OPERATIONAL,https://maps.google.com/?cid=609926430540525399&g_mp=Cilnb29nbGUubWFwcy5wbGFjZXMudjEuUGxhY2VzLlNlYXJjaE5lYXJieRACGAQgAA,ChIJr43hBgAjDTkRV299Z9vkdgg
Raghav Infraventure,point_of_interest,point_of_interest|establishment,088003 85848,,"2556p, Sector 57 Rd, Sushant Lok Phase 3, Sushant Lok 2, Sector 57, Gurugram, Haryana 122011, India",,,CLOSED_TEMPORARILY,https://maps.google.com/?cid=8766818402888412653&g_mp=Cilnb29nbGUubWFwcy5wbGFjZXMudjEuUGxhY2VzLlNlYXJjaE5lYXJieRACGAQgAA,ChIJdVnB6wkiDTkR7W2FiuP-qXk
"3148A, sector 57, Gurgaon",apartment_building,apartment_building|service|point_of_interest|establishment,,,"3130, Sector 57 Rd, Block G, Sushant Lok 2, Sector 57, Gurugram, Haryana 122011, India",1,1,OPERATIONAL,https://maps.google.com/?cid=5661232113640842619&g_mp=Cilnb29nbGUubWFwcy5wbGFjZXMudjEuUGxhY2VzLlNlYXJjaE5lYXJieRACGAQgAA,ChIJJTdo6RUjDTkRe6WY5Jy8kE4
Udbhav Natural Health Centre,medical_center,medical_center|hospital|service|health|point_of_interest|establishment,,,"G-500, Basement Floor, near Ryders Sports Academy, Block G, Sushant Lok 2, Sector 57, Gurugram, Haryana 122011, India",5,8,OPERATIONAL,https://maps.google.com/?cid=17651134807912551702&g_mp=Cilnb29nbGUubWFwcy5wbGFjZXMudjEuUGxhY2VzLlNlYXJjaE5lYXJieRACGAQgAA,ChIJq60WkUsjDTkRFhUpjJZt9fQ
Kalangan Bharatanatyam dance classes,association_or_organization,association_or_organization|point_of_interest|establishment,098916 92567,,"Let’s Groove Studio 2581, near MKM Market Road, Block G, Sushant Lok 2, Sector 57, Gurugram, Haryana 122011, India",,,OPERATIONAL,https://maps.google.com/?cid=11753711598067761354&g_mp=Cilnb29nbGUubWFwcy5wbGFjZXMudjEuUGxhY2VzLlNlYXJjaE5lYXJieRACGAQgAA,ChIJzQSin44jDTkRysA3s2ySHaM
Dr. Chandrakanta Arya | Gynecologist,doctor,doctor|point_of_interest|health|establishment,098993 67058,https://clinikind.in/multispeciality-polyclinic-location-gurgaon,"Gyne OPD, 2578, Block G, Sushant Lok 2, Sector 57, Gurugram, Haryana 122011, India",5,1,OPERATIONAL,https://maps.google.com/?cid=18197806242972758843&g_mp=Cilnb29nbGUubWFwcy5wbGFjZXMudjEuUGxhY2VzLlNlYXJjaE5lYXJieRACGAQgAA,ChIJnQGA7qwjDTkRO_PGo1yYi_w
"2577, Sharma Ji",condominium_complex,condominium_complex|point_of_interest|service|establishment,,,"2577, Sector 57 Rd, Block G, Block B1, Sector 57, Gurugram, Haryana 122011, India",,,CLOSED_TEMPORARILY,https://maps.google.com/?cid=16738000037807160226&g_mp=Cilnb29nbGUubWFwcy5wbGFjZXMudjEuUGxhY2VzLlNlYXJjaE5lYXJieRACGAQgAA,ChIJy0xphm8jDTkRonv4R1pSSeg
2578 sector 57 part 2,apartment_building,apartment_building|point_of_interest|service|establishment,,,"C3FQ+VVJ, Block G, Sushant Lok 2, Sector 57, Gurugram, Haryana 122011, India",,,OPERATIONAL,https://maps.google.com/?cid=4692033714256358338&g_mp=Cilnb29nbGUubWFwcy5wbGFjZXMudjEuUGxhY2VzLlNlYXJjaE5lYXJieRACGAQgAA,ChIJuzta544jDTkRwitovM1zHUE
"Dr. Mandakini Sondhi-Best Physiotherapist in Sector 56, Home Physiotherapy, Pregnancy Yoga, Lactation Counsellor in Gurgaon",physiotherapist,physiotherapist|hospital|medical_clinic|doctor|point_of_interest|health|service|establishment,099532 49509,https://thewheelstowellness.com/,"H. No. 2578, Ground Floor, near Kabootar Chowk, Block G, Sushant Lok 2, Sector 57, Gurugram, Haryana 122003, India",4.8,44,OPERATIONAL,https://maps.google.com/?cid=1428555376274972033&g_mp=Cilnb29nbGUubWFwcy5wbGFjZXMudjEuUGxhY2VzLlNlYXJjaE5lYXJieRACGAQgAA,ChIJuWuHaAMiDTkRgR3YwIs_0xM
Akash electricians,electrician,electrician|point_of_interest|service|establishment,096253 50143,https://akash3122000.blogspot.com/,"Sector 56 Main Rd, near MKM Market Road, Block G, Sushant Lok 2, Sector 56, Gurugram, Haryana 122011, India",4.9,214,OPERATIONAL,https://maps.google.com/?cid=8635564104722532814&g_mp=Cilnb29nbGUubWFwcy5wbGFjZXMudjEuUGxhY2VzLlNlYXJjaE5lYXJieRACGAQgAA,ChIJoz3dvFgjDTkRzskZ0cyv13c
Milestones Best Child Development Center in Gurugram,medical_clinic,physiotherapist|medical_clinic|school|educational_institution|doctor|point_of_interest|health|service|establishment,098184 75778,http://milestonescdc.co.in/,"House no 2577, Landmark, MKM Market Rd, opposite Substation, Block G, Sushant Lok 2, Sector 57, Gurugram, Haryana 122011, India",5,46,OPERATIONAL,https://maps.google.com/?cid=1774885260533838461&g_mp=Cilnb29nbGUubWFwcy5wbGFjZXMudjEuUGxhY2VzLlNlYXJjaE5lYXJieRACGAQgAA,ChIJRY5aziAZDTkRfTIyn72ooRg
DenCiti studio,dentist,dentist|point_of_interest|health|establishment,098118 35368,https://clinikind.in/multispeciality-polyclinic-location-gurgaon,"2578, Ground Floor, near Kabootar Chowk, opposite Power Grid, Block G, Sushant Lok 2, Sector 57, Gurugram, Haryana 122011, India",5,38,OPERATIONAL,https://maps.google.com/?cid=13091672583839443298&g_mp=Cilnb29nbGUubWFwcy5wbGFjZXMudjEuUGxhY2VzLlNlYXJjaE5lYXJieRACGAQgAA,ChIJx2kAAgAjDTkRYml4M9r2rrU
"AI HEALTHCARE (AUTHENTIC & INSIGHTFUL HEALTHCARE PVT. LTD.) | ECG AT HOME, TMT , PATHOLOGY TESTS | (Powered by BeLife)",medical_clinic,medical_clinic|point_of_interest|health|establishment,096678 99166,,"2578 , BASEMENT, MKM Market Rd, opposite ELECTRIC SUBSTATION, Block G, Sushant Lok 2, Sector 57, Gurugram, Haryana 122011, India",4.9,238,OPERATIONAL,https://maps.google.com/?cid=9520857556385414896&g_mp=Cilnb29nbGUubWFwcy5wbGFjZXMudjEuUGxhY2VzLlNlYXJjaE5lYXJieRACGAQgAA,ChIJ76GtaKgjDTkR8D5y_YDhIIQ
Clinikind,medical_clinic,medical_clinic|point_of_interest|health|establishment,097738 87528,http://clinikind.in/,"Upper, Ground Floor, 2578, opposite Power Grid, Block G, Sushant Lok 2, Sector 57, Gurugram, Haryana 122011, India",5,12,OPERATIONAL,https://maps.google.com/?cid=7176950781940166599&g_mp=Cilnb29nbGUubWFwcy5wbGFjZXMudjEuUGxhY2VzLlNlYXJjaE5lYXJieRACGAQgAA,ChIJR3-jIrkdfW4Rx28BCLammWM
Dr. Siddharth Bansal,doctor,medical_clinic|doctor|point_of_interest|health|establishment,097738 87528,https://clinikind.in/multispeciality-polyclinic-location-gurgaon,"Ground Floor, OPD 2, 2578, opposite Power Grid, Block G, Sushant Lok 2, Sector 57, Gurugram, Haryana 122011, India",5,108,OPERATIONAL,https://maps.google.com/?cid=7338622884154301026&g_mp=Cilnb29nbGUubWFwcy5wbGFjZXMudjEuUGxhY2VzLlNlYXJjaE5lYXJieRACGAQgAA,ChIJ-TZpknsjDTkRYtqRpqEG2GU
Dr Surbhi Gupta Jain - Best IVF specialist in Sushant Lok | Best Gynecologist in Sushant Lok,medical_clinic,medical_clinic|doctor|point_of_interest|health|establishment,095822 79060,https://drsurbhiguptaivf.com/,"2578, MKM Market Rd, opposite Power Grid, Block G, Sushant Lok 2, Sector 57, Gurugram, Haryana 122011, India",5,98,OPERATIONAL,https://maps.google.com/?cid=3088035496026666936&g_mp=Cilnb29nbGUubWFwcy5wbGFjZXMudjEuUGxhY2VzLlNlYXJjaE5lYXJieRACGAQgAA,ChIJif73RhdeyG8RuHd3Kuzn2io
Inspired classes,,educational_institution|point_of_interest|service|establishment,078400 30971,https://inspired-classes.grexa.site/,"H.no 2579, opposite Devender Vihar Power House, Block G, Sushant Lok 2, Sector 57, Gurugram, Haryana 122011, India",4.8,22,OPERATIONAL,https://maps.google.com/?cid=13928504621330724094&g_mp=Cilnb29nbGUubWFwcy5wbGFjZXMudjEuUGxhY2VzLlNlYXJjaE5lYXJieRACGAQgAA,ChIJDdT4wj4ZDTkR_vTNHij9S8E
Dr Shubhi Singhal,doctor,medical_clinic|doctor|point_of_interest|health|establishment,097738 87528,https://clinikind.in/multispeciality-polyclinic-location-gurgaon,"OPD 1, 2578, Upper, Ground Floor, Block G, Sushant Lok 2, Sector 57, Gurugram, Haryana 122011, India",5,65,OPERATIONAL,https://maps.google.com/?cid=7518502607635922707&g_mp=Cilnb29nbGUubWFwcy5wbGFjZXMudjEuUGxhY2VzLlNlYXJjaE5lYXJieRACGAQgAA,ChIJT-FNTZwjDTkRE7_8ckkWV2g
G-2581,apartment_building,apartment_building|point_of_interest|service|establishment,,,"2581, G block, Block G, Sushant Lok 2, Sector 57, Gurugram, Haryana 122011, India",,,OPERATIONAL,https://maps.google.com/?cid=3734491270348684309&g_mp=Cilnb29nbGUubWFwcy5wbGFjZXMudjEuUGxhY2VzLlNlYXJjaE5lYXJieRACGAQgAA,ChIJswb_YgAjDTkRFTzuMQaU0zM
Arya's Dance Lab,sports_school,sports_school|point_of_interest|establishment,098705 01781,,"2581, Block G, Sushant Lok 2, Sector 57, Gurugram, Haryana 122003, India",5,5,OPERATIONAL,https://maps.google.com/?cid=2485454304176519167&g_mp=Cilnb29nbGUubWFwcy5wbGFjZXMudjEuUGxhY2VzLlNlYXJjaE5lYXJieRACGAQgAA,ChIJZ8DgiAgjDTkR_zfoaYUbfiI
Teacher S Wala,service,point_of_interest|service|establishment,083838 88569,http://teacherswala.com/home-tutor-in-gurugram.html,"2574, Block G Sushant Lok 2, Gurugram, NCR, Block G, Sushant Lok 2, Sector 57, Region, Gurugram, Haryana 122011, India",4.6,18,OPERATIONAL,https://maps.google.com/?cid=6533294687537519851&g_mp=Cilnb29nbGUubWFwcy5wbGFjZXMudjEuUGxhY2VzLlNlYXJjaE5lYXJieRACGAQgAA,ChIJnz5KiAgiDTkR69yeR-fsqlo
220 kV GIS Sub-Station HVPNL,,point_of_interest|establishment,,,"C3FQ+PRP, Phase 2, Sushant Lok III, Sector 57, Gurugram, Haryana 122011, India",5,1,OPERATIONAL,https://maps.google.com/?cid=837846902220124521&g_mp=Cilnb29nbGUubWFwcy5wbGFjZXMudjEuUGxhY2VzLlNlYXJjaE5lYXJieRACGAQgAA,ChIJQ3BXiwgiDTkRafH9hlGhoAs
Heartland Home,real_estate_agency,real_estate_agency|point_of_interest|service|establishment,085868 88811,,"2582, Block G, Sushant Lok 2, Sector 57, Gurugram, Haryana 122011, India",5,1,OPERATIONAL,https://maps.google.com/?cid=1775681985699098073&g_mp=Cilnb29nbGUubWFwcy5wbGFjZXMudjEuUGxhY2VzLlNlYXJjaE5lYXJieRACGAQgAA,ChIJmd8_fg8jDTkR2a2np1t9pBg
NAVMAN Child Therapy Centre,school,medical_clinic|school|educational_institution|point_of_interest|health|establishment,085868 01507,https://navman-child-therapy.grexa.site/,"Basement, Plot number 2574, MKM Market Rd, Block G, Sushant Lok 2, Sector 57, Gurugram, Haryana 122001, India",5,19,OPERATIONAL,https://maps.google.com/?cid=12935190330822277059&g_mp=Cilnb29nbGUubWFwcy5wbGFjZXMudjEuUGxhY2VzLlNlYXJjaE5lYXJieRACGAQgAA,ChIJKykM5PYjDTkRw7e6ghIHg7M
Joint Effort Physiotherapy Dr Khushboo Jha,medical_clinic,medical_clinic|health|point_of_interest|establishment,098118 51106,http://www.jointefforts.co.in/,"9P, Sector 56, Gurugram, Haryana 122011, India",5,39,OPERATIONAL,https://maps.google.com/?cid=13126529974151978780&g_mp=Cilnb29nbGUubWFwcy5wbGFjZXMudjEuUGxhY2VzLlNlYXJjaE5lYXJieRACGAQgAA,ChIJFTLPFjojDTkRHJ_Y0nbNKrY
ARD PET HOSPITAL,veterinary_care,veterinary_care|pet_store|pet_care|service|store|point_of_interest|establishment,0124 407 1719,,"H.N. 7P, near KIRTI HOSPITAL, Sector 56, Gurugram, Haryana 122011, India",4.4,231,OPERATIONAL,https://maps.google.com/?cid=17453478079078758499&g_mp=Cilnb29nbGUubWFwcy5wbGFjZXMudjEuUGxhY2VzLlNlYXJjaE5lYXJieRACGAQgAA,ChIJhcIOghsjDTkRY3iOJtc1N_I
The Tooth Care Dental Clinic,dental_clinic,dental_clinic|dentist|medical_clinic|doctor|service|health|point_of_interest|establishment,099911 12687,https://painless.thetoothcare.com/,"9P, Sector 56, Gurugram, Haryana 122011, India",4.8,319,OPERATIONAL,https://maps.google.com/?cid=11538948141330418847&g_mp=Cilnb29nbGUubWFwcy5wbGFjZXMudjEuUGxhY2VzLlNlYXJjaE5lYXJieRACGAQgAA,ChIJ53oDMj4jDTkRn0yn1TKUIqA
"DX 79, Kendriya Vihar",housing_complex,housing_complex|service|point_of_interest|establishment,,,"DX 79, Kendriya Vihar, Sector 56, Gurugram, Haryana 122011, India",,,OPERATIONAL,https://maps.google.com/?cid=9176914195090367695&g_mp=Cilnb29nbGUubWFwcy5wbGFjZXMudjEuUGxhY2VzLlNlYXJjaE5lYXJieRACGAQgAA,ChIJN7n1I-AjDTkRz-SZzNbyWn8
"DX 85, Kendriya Vihar, Gurgaon 122011",corporate_office,corporate_office|point_of_interest|establishment,,,"DX-106, Kendriya Vihar, Sector 56, Gurugram, Haryana 122011, India",4,1,OPERATIONAL,https://maps.google.com/?cid=12248505727202902877&g_mp=Cilnb29nbGUubWFwcy5wbGFjZXMudjEuUGxhY2VzLlNlYXJjaE5lYXJieRACGAQgAA,ChIJK5_6TYEjDTkRXUNEQxBv-6k
Blossom Stayz,private_guest_room,private_guest_room|lodging|point_of_interest|establishment,,,"12, Block A, near Kriti Hospital, Sector 56, Gurugram, Haryana 122011, India",3,4,OPERATIONAL,https://maps.google.com/?cid=4665977900655404699&g_mp=Cilnb29nbGUubWFwcy5wbGFjZXMudjEuUGxhY2VzLlNlYXJjaE5lYXJieRACGAQgAA,ChIJ88AGNwAjDTkRm2Zj4i3iwEA
Housr Co-living 56 II,lodging,lodging|point_of_interest|establishment,090909 08778,https://housr.in/gurgaon/coliving-in-sector-56/Housr-Coliving-56-II,"Plot no 10, Sector 56, Gurugram, Haryana 122011, India",4,1,OPERATIONAL,https://maps.google.com/?cid=6517083515019636255&g_mp=Cilnb29nbGUubWFwcy5wbGFjZXMudjEuUGxhY2VzLlNlYXJjaE5lYXJieRACGAQgAA,ChIJxfW8HvgjDTkRH65MjO1UcVo
DX 86,association_or_organization,association_or_organization|service|point_of_interest|establishment,,,"C3FV+P3Q, Kendriya Vihar, Sector 56, Gurugram, Haryana 122011, India",,,OPERATIONAL,https://maps.google.com/?cid=6063368353157386508&g_mp=Cilnb29nbGUubWFwcy5wbGFjZXMudjEuUGxhY2VzLlNlYXJjaE5lYXJieRACGAQgAA,ChIJ4d0IHQAjDTkRDJFKYGRpJVQ
C Block,apartment_building,apartment_building|service|point_of_interest|establishment,,,"C71, Kendriya Vihar, Sector 56, Gurugram, Haryana 122011, India",3,1,OPERATIONAL,https://maps.google.com/?cid=9069449631427400254&g_mp=Cilnb29nbGUubWFwcy5wbGFjZXMudjEuUGxhY2VzLlNlYXJjaE5lYXJieRACGAQgAA,ChIJMzuLL3wjDTkRPhKHRWMo3X0
DX-80,association_or_organization,association_or_organization|service|point_of_interest|establishment,,,"C3FV+M8V, Kendriya Vihar, Sector 56, Gurugram, Haryana 122011, India",,,OPERATIONAL,https://maps.google.com/?cid=8098752286419211564&g_mp=Cilnb29nbGUubWFwcy5wbGFjZXMudjEuUGxhY2VzLlNlYXJjaE5lYXJieRACGAQgAA,ChIJ2XBcjjwjDTkRLFXmo0uMZHA
Laxmi Maid Agency Gurgaon,employment_agency,employment_agency|service|point_of_interest|establishment,,,"NH 8, Block A, Sector 30, Gurugram, Haryana 122011, India",,,OPERATIONAL,https://maps.google.com/?cid=10317607687583975908&g_mp=Cilnb29nbGUubWFwcy5wbGFjZXMudjEuUGxhY2VzLlNlYXJjaE5lYXJieRACGAQgAA,ChIJcz_32W0jDTkR5ElI3oaBL48
DX 83,apartment_building,apartment_building|service|point_of_interest|establishment,,,"C3FV+J5X, Kendriya Vihar, Sector 56, Gurugram, Haryana 122011, India",,,OPERATIONAL,https://maps.google.com/?cid=2322676139346192581&g_mp=Cilnb29nbGUubWFwcy5wbGFjZXMudjEuUGxhY2VzLlNlYXJjaE5lYXJieRACGAQgAA,ChIJEdPbYo8jDTkRxWgBhqTNOyA
"Kendriya Vihar, block DX",apartment_building,apartment_building|service|point_of_interest|establishment,,,"DX-102, Kendriya Vihar, Sector 56, Gurugram, Haryana 122011, India",,,OPERATIONAL,https://maps.google.com/?cid=3715269473292104108&g_mp=Cilnb29nbGUubWFwcy5wbGFjZXMudjEuUGxhY2VzLlNlYXJjaE5lYXJieRACGAQgAA,ChIJOU5sXgAjDTkRrLFt0OZJjzM
DX 171,association_or_organization,association_or_organization|service|point_of_interest|establishment,,,"DX 172, Kendriya Vihar, Sector 56, Gurugram, Haryana 122011, India",5,1,OPERATIONAL,https://maps.google.com/?cid=9124863279437066015&g_mp=Cilnb29nbGUubWFwcy5wbGFjZXMudjEuUGxhY2VzLlNlYXJjaE5lYXJieRACGAQgAA,ChIJz10JUwAjDTkRHy_ams4Gon4
Global sai jobs,employment_agency,employment_agency|service|point_of_interest|establishment,088513 35629,http://www.globalsaijobs.in/,"DX-25, Kendriya Vihar, Sector 56, Gurugram, Haryana 122011, India",,,OPERATIONAL,https://maps.google.com/?cid=16025888794307186297&g_mp=Cilnb29nbGUubWFwcy5wbGFjZXMudjEuUGxhY2VzLlNlYXJjaE5lYXJieRACGAQgAA,ChIJw5hvxOYjDTkRec6XGvNkZ94
Kriti Hospital Physiotherapy Department,medical_clinic,medical_clinic|health|point_of_interest|establishment,084474 84111,,"Kriti Hospital, near, Sector 56 Main Rd, in front of kendriya vihar, Sector 56, Gurugram, Haryana 122011, India",,,OPERATIONAL,https://maps.google.com/?cid=18130678838865152225&g_mp=Cilnb29nbGUubWFwcy5wbGFjZXMudjEuUGxhY2VzLlNlYXJjaE5lYXJieRACGAQgAA,ChIJj4n8hbcjDTkR4cg_71ccnfs
Dr. Mohit Bhandari - Best Doctor for Weight Loss on Sector 56 | Bariatric Surgeon | Robotic Surgery | Endoscopic Surgery,health,medical_center|medical_clinic|hospital|doctor|consultant|service|health|point_of_interest|establishment,080 6510 5107,https://www.pristyncare.com/specialist/dr-mohit-bhandari-1gjabj9kjc/?utm_source=gmb&utm_medium=organic&utm_campaign=11729535596401777506&utm_term=PC_Assist&utm_content=websitelink,"Chamber No - 01, Plot No 13, KH Ara Marg, in front of Kendriya Vihar, Sector 56, Gurugram, Haryana 122011, India",4.5,76,OPERATIONAL,https://maps.google.com/?cid=3874912658173571978&g_mp=Cilnb29nbGUubWFwcy5wbGFjZXMudjEuUGxhY2VzLlNlYXJjaE5lYXJieRACGAQgAA,ChIJhZoXTB0jDTkRirMZToh0xjU
"Kendriya Vihar, sector-56, Gurugram",apartment_building,apartment_building|service|point_of_interest|establishment,,,"C3FW+G48, DX-102, Kendriya Vihar, Sector 56, Gurugram, Haryana 122011, India",,,OPERATIONAL,https://maps.google.com/?cid=9457690210181907671&g_mp=Cilnb29nbGUubWFwcy5wbGFjZXMudjEuUGxhY2VzLlNlYXJjaE5lYXJieRACGAQgAA,ChIJcwvVaAAjDTkR1wSVHSN3QIM
"Best Obstetrician-Gynecologist, Maternity & Women's specialist near Kendriya Vihar||High Risk Pregnancy||Normal Delivery",doctor,doctor|health|point_of_interest|establishment,011 4117 1985,https://ayu.health/ncr/doctors/gynecologists?utm_source=google&utm_medium=organic&utm_campaign=GMB_ncr_sector56_657,"Plot No 13, KH Ara Marg, in front of Kendriya Vihar, Sector 56, Gurugram, Haryana 122011, India",,,OPERATIONAL,https://maps.google.com/?cid=17870482552688009228&g_mp=Cilnb29nbGUubWFwcy5wbGFjZXMudjEuUGxhY2VzLlNlYXJjaE5lYXJieRACGAQgAA,ChIJyRc1DSEjDTkRDODIJTO1APg
Best Plastic & Cosmetic surgeon in Kendriya Vihar Sector56 ||Hair Transplant & Laser Treatment||Affordable Price Surgeries,doctor,doctor|health|point_of_interest|establishment,011 4117 1985,https://ayu.health/ncr/doctors/plastic-surgeons?utm_source=google&utm_medium=organic&utm_campaign=GMB_ncr_sector56_657,"Plot No 13, KH Ara Marg, in front of Kendriya Vihar, Sector 56, Gurugram, Haryana 122011, India",,,OPERATIONAL,https://maps.google.com/?cid=4075623014496070871&g_mp=Cilnb29nbGUubWFwcy5wbGFjZXMudjEuUGxhY2VzLlNlYXJjaE5lYXJieRACGAQgAA,ChIJtTc8e58jDTkR1-xxwYmFjzg
Thakur Electrician Services,electrician,electrician|service|point_of_interest|establishment,,,"Huda Market Rd, Block B, Sector 56, Gurugram, Haryana 122011, India",5,1,OPERATIONAL,https://maps.google.com/?cid=15666004916594917585&g_mp=Cilnb29nbGUubWFwcy5wbGFjZXMudjEuUGxhY2VzLlNlYXJjaE5lYXJieRACGAQgAA,ChIJn947pRgjDTkR0cApN3jUaNk
Noore Jewels,jewelry_store,jewelry_store|store|point_of_interest|establishment,092179 45235,,"House No 505, GANPATI APARTMENT, Block B, Sector 56, Gurugram, Haryana 122011, India",,,OPERATIONAL,https://maps.google.com/?cid=16091387326485292566&g_mp=Cilnb29nbGUubWFwcy5wbGFjZXMudjEuUGxhY2VzLlNlYXJjaE5lYXJieRACGAQgAA,ChIJu7xEvJIjDTkRFuZggoQXUN8
Ganpati Apartments Sector 56 Gurgaon,apartment_building,apartment_building|service|point_of_interest|establishment,,,"1D Gharonda Apartments, Huda Market Rd, Block B, Sector 56, Gurugram, Haryana 122011, India",4.2,14,OPERATIONAL,https://maps.google.com/?cid=14705260573729023931&g_mp=Cilnb29nbGUubWFwcy5wbGFjZXMudjEuUGxhY2VzLlNlYXJjaE5lYXJieRACGAQgAA,ChIJYZTZ0gYiDTkRu-esepSUE8w
Kikli,corporate_office,corporate_office|point_of_interest|establishment,,,"Gurugram Apartment, 28, near Huda Market Road, Block B, Sector 56, Gurugram, Haryana 122011, India",5,1,OPERATIONAL,https://maps.google.com/?cid=14742074409090659543&g_mp=Cilnb29nbGUubWFwcy5wbGFjZXMudjEuUGxhY2VzLlNlYXJjaE5lYXJieRACGAQgAA,ChIJ7c-iFAAjDTkR17Q5dpFelsw
Aayan,car_repair,car_repair|service|point_of_interest|establishment,,,"C3FW+R74, Kendriya Vihar, Sector 56, Gurugram, Haryana 122011, India",3,2,CLOSED_TEMPORARILY,https://maps.google.com/?cid=10455385575253275737&g_mp=Cilnb29nbGUubWFwcy5wbGFjZXMudjEuUGxhY2VzLlNlYXJjaE5lYXJieRACGAQgAA,ChIJvS8QFQAjDTkRWfS2Isn9GJE
Gurugram CGHS,apartment_building,apartment_building|service|point_of_interest|establishment,,,"C3FW+R7W cghs, Kendriya Vihar, Sector 56, Gurugram, Haryana 122011, India",4.6,11,OPERATIONAL,https://maps.google.com/?cid=6100486470909529686&g_mp=Cilnb29nbGUubWFwcy5wbGFjZXMudjEuUGxhY2VzLlNlYXJjaE5lYXJieRACGAQgAA,ChIJ9fyTLZ8jDTkRVo6jnx9IqVQ
Gaurav Satija house,association_or_organization,service|association_or_organization|point_of_interest|establishment,,,"202, B-BLOCK, SIDDHARTHA APARTMENT-2, Block B, Sector 56, Gurugram, Haryana 122011, India",5,3,OPERATIONAL,https://maps.google.com/?cid=17733050032574417739&g_mp=Cilnb29nbGUubWFwcy5wbGFjZXMudjEuUGxhY2VzLlNlYXJjaE5lYXJieRACGAQgAA,ChIJcb8xPOMjDTkRS8vTBw1zGPY
Pine Valley Holidays,tour_agency,tourist_information_center|taxi_service|tour_agency|travel_agency|transportation_service|service|point_of_interest|establishment,082957 04996,https://www.pinevalleyholidays.com/,"A 326, Sushant Lok 2, Sector 55, Gurugram, Haryana 122011, India",5,6,OPERATIONAL,https://maps.google.com/?cid=16715756591196116380&g_mp=Cilnb29nbGUubWFwcy5wbGFjZXMudjEuUGxhY2VzLlNlYXJjaE5lYXJieRACGAQgAA,ChIJd528CPLLnk4RnJUjSg5M-uc
Paul's Home,association_or_organization,service|association_or_organization|point_of_interest|establishment,,,"Flat No. 9A, PIB Gharonda Housing Society, Plot No. GH33, near Kendriya Vilar, Block B, Sector 56, Gurugram, Haryana 122011, India",,,OPERATIONAL,https://maps.google.com/?cid=17038199669584816168&g_mp=Cilnb29nbGUubWFwcy5wbGFjZXMudjEuUGxhY2VzLlNlYXJjaE5lYXJieRACGAQgAA,ChIJfdNeOM8jDTkRKOjHxVPYc-w
A 350,apartment_building,apartment_building|service|point_of_interest|establishment,,,"A 350, Kendriya Vihar, Sector 56, Gurugram, Haryana 122011, India",5,1,OPERATIONAL,https://maps.google.com/?cid=16772134669200195915&g_mp=Cilnb29nbGUubWFwcy5wbGFjZXMudjEuUGxhY2VzLlNlYXJjaE5lYXJieRACGAQgAA,ChIJW0-pJAAjDTkRSwGxep6Xwug
Mishra's,apartment_building,apartment_building|service|point_of_interest|establishment,,,"A 296, Kendriya Vihar, Sector 56, Gurugram, Haryana 122011, India",,,OPERATIONAL,https://maps.google.com/?cid=12295967250340941868&g_mp=Cilnb29nbGUubWFwcy5wbGFjZXMudjEuUGxhY2VzLlNlYXJjaE5lYXJieRACGAQgAA,ChIJlRFVMAAjDTkRLJBoPhENpKo
Bhoj,bar,bar|point_of_interest|establishment,098218 54571,,"C3FW+GMP, Kendriya Vihar, Sector 56, Gurugram, Haryana 122011, India",,,CLOSED_TEMPORARILY,https://maps.google.com/?cid=14981923132327365819&g_mp=Cilnb29nbGUubWFwcy5wbGFjZXMudjEuUGxhY2VzLlNlYXJjaE5lYXJieRACGAQgAA,ChIJubxOewAjDTkRu4yUErZ76s8
Poonam Nursery,farm,wholesaler|farm|service|point_of_interest|establishment,,,"Shop No, near CNG Filling Station, opp. Vision Tower, Kendriya Vihar, Sector 57, Gurugram, Haryana 122011, India",,,CLOSED_TEMPORARILY,https://maps.google.com/?cid=17441746691322373561&g_mp=Cilnb29nbGUubWFwcy5wbGFjZXMudjEuUGxhY2VzLlNlYXJjaE5lYXJieRACGAQgAA,ChIJNxKeuAYiDTkRuWWdljSIDfI
Prashansa Sethi,apartment_building,apartment_building|service|point_of_interest|establishment,,,"A258, Kendriya Vihar, Sector 56, Gurugram, Haryana 122011, India",,,OPERATIONAL,https://maps.google.com/?cid=5237476151925834309&g_mp=Cilnb29nbGUubWFwcy5wbGFjZXMudjEuUGxhY2VzLlNlYXJjaE5lYXJieRACGAQgAA,ChIJfTK2DwAjDTkRRYIek89Ar0g
Yogesh Curtain House,clothing_store,clothing_store|store|point_of_interest|establishment,,,"Bhargav Appartment, Hong Kong Bazaar, 24/65 A, Kendriya Vihar, Sector 57, Gurugram, Haryana 122011, India",,,CLOSED_TEMPORARILY,https://maps.google.com/?cid=16734490877635214199&g_mp=Cilnb29nbGUubWFwcy5wbGFjZXMudjEuUGxhY2VzLlNlYXJjaE5lYXJieRACGAQgAA,ChIJ-WRnxwYiDTkRdzt2QsraPOg
Celebration Sport & Toys,sporting_goods_store,sporting_goods_store|store|point_of_interest|establishment,,,"Shop No 9, Devinder Vihar, Sector 56, Gurugram, Haryana 122011, India",,,CLOSED_TEMPORARILY,https://maps.google.com/?cid=5713293307972393958&g_mp=Cilnb29nbGUubWFwcy5wbGFjZXMudjEuUGxhY2VzLlNlYXJjaE5lYXJieRACGAQgAA,ChIJa7ZYxwYiDTkR5ptPR_6xSU8
BD soccer academy / Exclusive sports academy,,point_of_interest|establishment,,,"C3FW+Q3H, Kendriya Vihar, Sector 56, Gurugram, Haryana 122011, India",5,3,CLOSED_TEMPORARILY,https://maps.google.com/?cid=2569614304558662935&g_mp=Cilnb29nbGUubWFwcy5wbGFjZXMudjEuUGxhY2VzLlNlYXJjaE5lYXJieRACGAQgAA,ChIJzdKzIQAjDTkRF0X7eJgaqSM
Star Florist,florist,florist|store|point_of_interest|establishment,,,"Shop No 12, near South Points, Kendriya Vihar, Sector 56, Gurugram, Haryana 122011, India",,,CLOSED_TEMPORARILY,https://maps.google.com/?cid=17418876549349288587&g_mp=Cilnb29nbGUubWFwcy5wbGFjZXMudjEuUGxhY2VzLlNlYXJjaE5lYXJieRACGAQgAA,ChIJ7RRcxwYiDTkRi6pYtu5HvPE
Ananta Vilasa,general_contractor,general_contractor|service|point_of_interest|establishment,,https://mnbbuildfab.com/ananta-vilasa,"GH26A, Block B, Sector 56, Gurugram, Haryana 122011, India",,,OPERATIONAL,https://maps.google.com/?cid=14795201122834010942&g_mp=Cilnb29nbGUubWFwcy5wbGFjZXMudjEuUGxhY2VzLlNlYXJjaE5lYXJieRACGAQgAA,ChIJHZYPFogjDTkRPlP7aggdU80
Sector 56,health,health|point_of_interest|establishment,,,"C3FW+V3R, C Block Rd, Block B, Sector 56, Gurugram, Haiderpur, Haryana 122011, India",,,OPERATIONAL,https://maps.google.com/?cid=14098760969248279649&g_mp=Cilnb29nbGUubWFwcy5wbGFjZXMudjEuUGxhY2VzLlNlYXJjaE5lYXJieRACGAQgAA,ChIJf88HXgAjDTkRYYwvMWfcqMM
Desi Champaran - Bihari Meat,butcher_shop,butcher_shop|manufacturer|point_of_interest|food_store|store|food|service|establishment,,,"C3FX+WQ9, Huda Market Rd, Block B, Sector 56, Gurugram, Haiderpur, Haryana 122011, India",4.3,4,OPERATIONAL,https://maps.google.com/?cid=13693310242310026089&g_mp=Cilnb29nbGUubWFwcy5wbGFjZXMudjEuUGxhY2VzLlNlYXJjaE5lYXJieRACGAQgAA,ChIJR9rxPwAjDTkRaXMbeB1pCL4
Master Touch Furniture Repair- Furniture Repair Gurgaon,service,building_materials_store|furniture_store|home_improvement_store|manufacturer|point_of_interest|wholesaler|home_goods_store|supplier|store|service|establishment,092177 58142,https://mastertouchfurniturerepair.co.in/,"Shop No. 27, Ground Floor, Sushant Tower, Block B, Sector 56, Gurugram, Haryana 122011, India",5,4,OPERATIONAL,https://maps.google.com/?cid=10544637219111443084&g_mp=Cilnb29nbGUubWFwcy5wbGFjZXMudjEuUGxhY2VzLlNlYXJjaE5lYXJieRACGAQgAA,ChIJi3sVSJpyAoQRjBqA0q4TVpI
Kamal associates,general_contractor,point_of_interest|general_contractor|service|establishment,,,"Green gold, new hudda market, 55 P, Sector 56, Gurugram, Haryana 122011, India",5,3,OPERATIONAL,https://maps.google.com/?cid=12438895863559329477&g_mp=Cilnb29nbGUubWFwcy5wbGFjZXMudjEuUGxhY2VzLlNlYXJjaE5lYXJieRACGAQgAA,ChIJ_28og4sjDTkRxZaHQeLVn6w
Dev Bhushan Fast Food,fast_food_restaurant,fast_food_restaurant|restaurant|point_of_interest|food|establishment,091186 51809,,"Huda Market Rd, Sector 56, Gurugram, Haryana 122011, India",,,CLOSED_TEMPORARILY,https://maps.google.com/?cid=4368213319198479800&g_mp=Cilnb29nbGUubWFwcy5wbGFjZXMudjEuUGxhY2VzLlNlYXJjaE5lYXJieRACGAQgAA,ChIJR5y2tvwjDTkRuJX0ud4Cnzw
Mukesh Shoes and Bag repairing,service,point_of_interest|store|service|establishment,095554 24358,,"Huda Market Rd, Sector 56, Gurugram, Haryana 122011, India",5,10,OPERATIONAL,https://maps.google.com/?cid=11700169235035489162&g_mp=Cilnb29nbGUubWFwcy5wbGFjZXMudjEuUGxhY2VzLlNlYXJjaE5lYXJieRACGAQgAA,ChIJjbiWt3sjDTkRioM-2u1ZX6I
Apple Mac Repair Centre,service,electronics_store|point_of_interest|store|service|establishment,093112 31093,http://applemacbookrepairservicecenter.in/,"Sco-9 Ground Floor, Block B, Sector 56, Gurugram, Haryana 122011, India",4.3,94,OPERATIONAL,https://maps.google.com/?cid=16631765630851486030&g_mp=Cilnb29nbGUubWFwcy5wbGFjZXMudjEuUGxhY2VzLlNlYXJjaE5lYXJieRACGAQgAA,ChIJ4TP5qlIjDTkRThF07rjmz-Y
Femus prayagraj panipuri shop,fast_food_restaurant,fast_food_restaurant|restaurant|point_of_interest|food|establishment,,,"C3FX+WQ9, Huda Market Rd, Block B, Sector 56, Gurugram, Haiderpur, Haryana 122011, India",5,1,OPERATIONAL,https://maps.google.com/?cid=10368825492644457555&g_mp=Cilnb29nbGUubWFwcy5wbGFjZXMudjEuUGxhY2VzLlNlYXJjaE5lYXJieRACGAQgAA,ChIJ33OiSQAjDTkRU2wWY9l35Y8
AV Solartech™,service,point_of_interest|service|establishment,090349 93598,https://www.avsolartech.com/,"Huda Shopping Complex, SCO-40, Sector 56, Gurugram, Haryana 122011, India",5,10,OPERATIONAL,https://maps.google.com/?cid=14037534860625608612&g_mp=Cilnb29nbGUubWFwcy5wbGFjZXMudjEuUGxhY2VzLlNlYXJjaE5lYXJieRACGAQgAA,ChIJjYyOu7MjDTkRpH_A6ZRXz8I
HUDA Staff Quarter Sector 56,service,point_of_interest|service|establishment,,,"01, HSVP STAFF QUARTER, Sector 56, Gurugram, Haryana 122011, India",5,3,OPERATIONAL,https://maps.google.com/?cid=11566242445100385158&g_mp=Cilnb29nbGUubWFwcy5wbGFjZXMudjEuUGxhY2VzLlNlYXJjaE5lYXJieRACGAQgAA,ChIJ_VmnCwEiDTkRhgNBJjmMg6A
DavaLink Sector 56,pharmacy,pharmacy|health|point_of_interest|store|establishment,093112 86835,,"Shop No. 109, Huda Market, Block B, Sector 56, Gurugram, Haryana 122011, India",4.3,7,OPERATIONAL,https://maps.google.com/?cid=16345765978516451411&g_mp=Cilnb29nbGUubWFwcy5wbGFjZXMudjEuUGxhY2VzLlNlYXJjaE5lYXJieRACGAQgAA,ChIJtaD2BQEiDTkRU3Ajy43T1-I
Singh Computerised Key Maker,locksmith,locksmith|point_of_interest|service|establishment,098100 74640,https://singh-computerised-key.grexa.site/,"Near Huda Market, bus stand, road, Kendriya Vihar, Sector 56, Gurugram, Haryana 122011, India",4.9,106,OPERATIONAL,https://maps.google.com/?cid=6529593221088369658&g_mp=Cilnb29nbGUubWFwcy5wbGFjZXMudjEuUGxhY2VzLlNlYXJjaE5lYXJieRACGAQgAA,ChIJq-TaV4YjDTkR-lvFdnDGnVo
Milan Flowers,florist,florist|point_of_interest|store|establishment,,,"Shop No. 7, Metro Mall Rd, Kendriya Vihar, Sector 56, Gurugram, Haryana 122011, India",,,CLOSED_TEMPORARILY,https://maps.google.com/?cid=15565859400201246201&g_mp=Cilnb29nbGUubWFwcy5wbGFjZXMudjEuUGxhY2VzLlNlYXJjaE5lYXJieRACGAQgAA,ChIJYwkgDAEiDTkR-ZWrLKcKBdg
SLIM & TRIM WEIGHT LOSS ZONE,health,health_food_store|medical_clinic|consultant|health|point_of_interest|food_store|store|food|service|establishment,080102 74703,,"g block, sector 57 c block near huda market sector 56, Sushant Lok 2, Sector 55, Gurugram, Haryana 122011, India",,,OPERATIONAL,https://maps.google.com/?cid=13883749414585184057&g_mp=Cilnb29nbGUubWFwcy5wbGFjZXMudjEuUGxhY2VzLlNlYXJjaE5lYXJieRACGAQgAA,ChIJpTfuzlIjDTkROS_jhoj8rMA
Vestar Service Centre,service,point_of_interest|general_contractor|service|establishment,072900 91829,https://atozservicecentre.com/service/vestar-service-center-gurgaon,"Shop No, 110A, Huda Market Rd, Block B, Sector 56, Gurugram, Haryana 122011, India",5,7,OPERATIONAL,https://maps.google.com/?cid=11777114112441158835&g_mp=Cilnb29nbGUubWFwcy5wbGFjZXMudjEuUGxhY2VzLlNlYXJjaE5lYXJieRACGAQgAA,ChIJ_T_1YcwjDTkRs4xLL-O2cKM
Interem Packers and Movers Pvt Ltd,manufacturer,manufacturer|point_of_interest|establishment,088828 15848,https://www.interempackersandmovers.com/,"Ipm, 110, Huda Market Rd, Sector 56, Gurugram, Haryana 122011, India",5,2,OPERATIONAL,https://maps.google.com/?cid=6287207648435181492&g_mp=Cilnb29nbGUubWFwcy5wbGFjZXMudjEuUGxhY2VzLlNlYXJjaE5lYXJieRACGAQgAA,ChIJoyQS_mQjDTkRtBcZkgumQFc
Gurugram wholesale Fish mandi,pet_store,pet_store|point_of_interest|store|establishment,089290 78898,,"Ghata Vlg Rd, Kendriya Vihar, Sector 56, Gurugram, Haryana 122011, India",4.5,8,OPERATIONAL,https://maps.google.com/?cid=4200502093425875344&g_mp=Cilnb29nbGUubWFwcy5wbGFjZXMudjEuUGxhY2VzLlNlYXJjaE5lYXJieRACGAQgAA,ChIJnXRfeWEjDTkRkBnvFGYuSzo
Nurture Maid Placement Agency,employment_agency,employment_agency|point_of_interest|service|establishment,,,"121, 1st Floor, Huda Market Rd, Block B, Sector 56, Gurugram, Haryana 122011, India",,,OPERATIONAL,https://maps.google.com/?cid=17480402738434608679&g_mp=Cilnb29nbGUubWFwcy5wbGFjZXMudjEuUGxhY2VzLlNlYXJjaE5lYXJieRACGAQgAA,ChIJMa3RA1cjDTkRJw4p66zdlvI
IDBI Bank ATM,atm,atm|finance|point_of_interest|establishment,,,"Shop No.107, Sector 56, Huda Market, Block B, Sector 56, Gurugram, Haryana 122011, India",2.9,15,OPERATIONAL,https://maps.google.com/?cid=9424378408850331774&g_mp=Cilnb29nbGUubWFwcy5wbGFjZXMudjEuUGxhY2VzLlNlYXJjaE5lYXJieRACGAQgAA,ChIJuRyKBQEiDTkRfphi-DoeyoI
Jhalak Infra,real_estate_agency,real_estate_agency|point_of_interest|service|establishment,,https://www.jhalakinfra.com/,"Shop no 105, Ground Floor, Huda Market, Block B, Sector 56, Gurugram, Haryana 122011, India",5,1,OPERATIONAL,https://maps.google.com/?cid=267711740890101070&g_mp=Cilnb29nbGUubWFwcy5wbGFjZXMudjEuUGxhY2VzLlNlYXJjaE5lYXJieRACGAQgAA,ChIJn2d0b-EjDTkRTrX08WgatwM
Avadhraj Ice Gola,ice_cream_shop,ice_cream_shop|dessert_shop|confectionery|point_of_interest|food_store|store|food|establishment,,,"Huda market, Block B, Sector 56, Gurugram, Haryana 122011, India",4,1,OPERATIONAL,https://maps.google.com/?cid=644947734529526851&g_mp=Cilnb29nbGUubWFwcy5wbGFjZXMudjEuUGxhY2VzLlNlYXJjaE5lYXJieRACGAQgAA,ChIJ435SNAAjDTkRQ0xTJ4xQ8wg
Pavan Tea Point,cafe,cafe|point_of_interest|food|establishment,,,"C4F3+V5F, Block B, Sector 56, Gurugram, Haryana 122011, India",5,12,OPERATIONAL,https://maps.google.com/?cid=3772576847977099890&g_mp=Cilnb29nbGUubWFwcy5wbGFjZXMudjEuUGxhY2VzLlNlYXJjaE5lYXJieRACGAQgAA,ChIJaewggOwhDTkRcrKJv6fiWjQ
Special Cyber Crime Unit Gurgaon sec 56,government_office,government_office|point_of_interest|establishment,,,"C4F3+V5F, Block B, Sector 56, Gurugram, Haiderpur, Haryana 122011, India",2.3,3,OPERATIONAL,https://maps.google.com/?cid=13486623997209385108&g_mp=Cilnb29nbGUubWFwcy5wbGFjZXMudjEuUGxhY2VzLlNlYXJjaE5lYXJieRACGAQgAA,ChIJNa4pWAAhDTkRlJjs_BEdKrs
Police line sector 56,government_office,government_office|point_of_interest|establishment,,,"C4F3+V5F, Block B, Sector 56, Gurugram, Haiderpur, Haryana 122011, India",,,OPERATIONAL,https://maps.google.com/?cid=10342897457229877184&g_mp=Cilnb29nbGUubWFwcy5wbGFjZXMudjEuUGxhY2VzLlNlYXJjaE5lYXJieRACGAQgAA,ChIJdZx0VAAhDTkRwE96NnBaiY8
Nirmal Multi Solution,,point_of_interest|establishment,,,"NMS Building, near Digital EMMAR, Block B, Sector 58, Gurugram, Haryana 122011, India",5,1,CLOSED_TEMPORARILY,https://maps.google.com/?cid=4916388963998045845&g_mp=Cilnb29nbGUubWFwcy5wbGFjZXMudjEuUGxhY2VzLlNlYXJjaE5lYXJieRACGAQgAA,ChIJl7V3ZP8hDTkRlRbB8LaFOkQ
State Crime Branch,government_office,police|government_office|service|point_of_interest|establishment,,http://haryanapoliceonline.gov.in/,"C4F3+X7J, Huda Market Rd, Block B, Sector 56, Gurugram, Haryana 122011, India",,,OPERATIONAL,https://maps.google.com/?cid=5227402613306485949&g_mp=Cilnb29nbGUubWFwcy5wbGFjZXMudjEuUGxhY2VzLlNlYXJjaE5lYXJieRACGAQgAA,ChIJW-UrtAEiDTkRvewUGPt2i0g
Punjab Da Chaska,restaurant,restaurant|point_of_interest|food|establishment,087439 86030,,"Sanskriti Engineers Apartments, Cart, Huda Market Rd, Sector 55, Gurugram, Haryana 122011, India",5,3,OPERATIONAL,https://maps.google.com/?cid=5702594051512772438&g_mp=Cilnb29nbGUubWFwcy5wbGFjZXMudjEuUGxhY2VzLlNlYXJjaE5lYXJieRACGAQgAA,ChIJPcFfV2chDTkRVqesghOvI08
Sanskriti Apartments,apartment_building,apartment_building|service|point_of_interest|establishment,0124 411 9460,,"GH 22, Sector 56, Gurugram, Haryana 122011, India",4.6,12,OPERATIONAL,https://maps.google.com/?cid=18076549736221545114&g_mp=Cilnb29nbGUubWFwcy5wbGFjZXMudjEuUGxhY2VzLlNlYXJjaE5lYXJieRACGAQgAA,ChIJ6QsxzQAiDTkRmpIqIDbO3Po
Cyber South Police Station,government_office,government_office|point_of_interest|establishment,,,"Cyber South Police Station, Sector 59, Sector 56, Gurugram, Haryana 122011, India",,,OPERATIONAL,https://maps.google.com/?cid=4240805566193355669&g_mp=Cilnb29nbGUubWFwcy5wbGFjZXMudjEuUGxhY2VzLlNlYXJjaE5lYXJieRACGAQgAA,ChIJtwLJVAAhDTkRlUt0ljFe2jo
Police Station,government_office,police|government_office|service|point_of_interest|establishment,099999 81823,http://gurgaon.haryanapolice.gov.in/,"Sec-56, Huda Market Rd, near Abash Society, Block B, Sector 56, Gurugram, Haryana 122011, India",,,OPERATIONAL,https://maps.google.com/?cid=9028858066761641344&g_mp=Cilnb29nbGUubWFwcy5wbGFjZXMudjEuUGxhY2VzLlNlYXJjaE5lYXJieRACGAQgAA,ChIJnbMz2gAiDTkRgG2_JJPyTH0
"Aabhas Apartment Sector 56, plot GH 16",apartment_complex,apartment_complex|service|point_of_interest|establishment,,,"C4F3+P95, Sector 56, Gurugram, Haryana 122011, India",4.2,33,OPERATIONAL,https://maps.google.com/?cid=1520125235829694889&g_mp=Cilnb29nbGUubWFwcy5wbGFjZXMudjEuUGxhY2VzLlNlYXJjaE5lYXJieRACGAQgAA,ChIJ8wiBCaQhDTkRqWG8F9mRGBU
Technical Paradise CGHS,association_or_organization,association_or_organization|service|point_of_interest|establishment,,,"Technical Paradise B-Block, Technical Paradise, 61, Block B, Sector 56, Gurugram, Haiderpur, Haryana 122011, India",3.9,39,OPERATIONAL,https://maps.google.com/?cid=7674006228542541607&g_mp=Cilnb29nbGUubWFwcy5wbGFjZXMudjEuUGxhY2VzLlNlYXJjaE5lYXJieRACGAQgAA,ChIJVfIRTvMhDTkRJ89pmAGMf2o
My Creative Club | Robotics & STEM Learning | Coding | Electronics | IoT | AI | Art n Craft,educational_institution,educational_institution|point_of_interest|establishment,079998 20633,,"A51, Technical Paradise, CGHS, Sector 56, Gurugram, Haryana 122011, India",,,OPERATIONAL,https://maps.google.com/?cid=17678588745041467164&g_mp=Cilnb29nbGUubWFwcy5wbGFjZXMudjEuUGxhY2VzLlNlYXJjaE5lYXJieRACGAQgAA,ChIJK3uFeU4hDTkRHFdqZsz2VvU
Ashoka CGHS sector 56,apartment_building,apartment_building|service|point_of_interest|establishment,,,"C4G3+426 Technical Paradise B-Block, Technical Paradise, 61, Block B, Sector 56, Gurugram, Haiderpur, Haryana 122011, India",5,1,OPERATIONAL,https://maps.google.com/?cid=6506686931035821827&g_mp=Cilnb29nbGUubWFwcy5wbGFjZXMudjEuUGxhY2VzLlNlYXJjaE5lYXJieRACGAQgAA,ChIJFQ97eu4hDTkRAxcRNUplTFo
Lakshman Civil Construction & Interior Work,general_contractor,electrician|general_contractor|service|point_of_interest|establishment,083052 22638,https://sites.google.com/view/lakshman-civil-construction/,"Block B, Sector 56, Gurugram, Haryana 122011, India",5,4,OPERATIONAL,https://maps.google.com/?cid=11472197853575089919&g_mp=Cilnb29nbGUubWFwcy5wbGFjZXMudjEuUGxhY2VzLlNlYXJjaE5lYXJieRACGAQgAA,ChIJK6b4tU8jDTkR_45XXypvNZ8
Dr. Asrar Ahmad,apartment_building,apartment_building|service|point_of_interest|establishment,,,"C4F3+F6W, Sector 56, Gurugram, Haryana 122011, India",5,1,OPERATIONAL,https://maps.google.com/?cid=102548325742136020&g_mp=Cilnb29nbGUubWFwcy5wbGFjZXMudjEuUGxhY2VzLlNlYXJjaE5lYXJieRACGAQgAA,ChIJnx_YcQAhDTkR1MorsChTbAE
DeepeshHome,apartment_building,apartment_building|service|point_of_interest|establishment,,,"C4F3+G9J, Vigyan Vihar, Sector 56, Gurugram, Ghata, Haryana 122011, India",,,OPERATIONAL,https://maps.google.com/?cid=16039391219733919827&g_mp=Cilnb29nbGUubWFwcy5wbGFjZXMudjEuUGxhY2VzLlNlYXJjaE5lYXJieRACGAQgAA,ChIJRcWNQgAhDTkRU3jCgVVdl94
Basketball Court,athletic_field,athletic_field|sports_activity_location|point_of_interest|establishment,,,"C4F2+JQR, Sector 56, Gurugram, Haryana 122011, India",,,OPERATIONAL,https://maps.google.com/?cid=15098611873076846110&g_mp=Cilnb29nbGUubWFwcy5wbGFjZXMudjEuUGxhY2VzLlNlYXJjaE5lYXJieRACGAQgAA,ChIJRaTAtRIjDTkRHp49sIALidE
spiritual life expert,place_of_worship,place_of_worship|association_or_organization|point_of_interest|establishment,099580 69419,,"p o b 5, Sector 56, Gurugram, Haryana 122011, India",1,1,CLOSED_TEMPORARILY,https://maps.google.com/?cid=6475149498093184125&g_mp=Cilnb29nbGUubWFwcy5wbGFjZXMudjEuUGxhY2VzLlNlYXJjaE5lYXJieRACGAQgAA,ChIJ472i5QEiDTkRfaRkZSla3Fk
Corner house b40,apartment_building,apartment_building|service|point_of_interest|establishment,,,"C4G3+4FX, Block B, Sector 56, Gurugram, Haryana 122011, India",,,OPERATIONAL,https://maps.google.com/?cid=12301515728154845096&g_mp=Cilnb29nbGUubWFwcy5wbGFjZXMudjEuUGxhY2VzLlNlYXJjaE5lYXJieRACGAQgAA,ChIJJytQSwAhDTkRqN-M52DDt6o
Mansi Biradar Foundation,association_or_organization,association_or_organization|point_of_interest|establishment,098990 49686,http://mansibiradarfoundation.org/,"Plot No. GH 61, Technical Paradise CGHS, B-23, Block B, Sector 56, Gurugram, Haryana 122011, India",4.6,5,CLOSED_TEMPORARILY,https://maps.google.com/?cid=14057773331981252610&g_mp=Cilnb29nbGUubWFwcy5wbGFjZXMudjEuUGxhY2VzLlNlYXJjaE5lYXJieRACGAQgAA,ChIJ7wsxzQAiDTkRArizOV0-F8M
GM STAYS,service,service|point_of_interest|establishment,,,"250, Sushant Lok 2, Sector 55, Gurugram, Haryana 122011, India",3.9,38,OPERATIONAL,https://maps.google.com/?cid=3426140417938868125&g_mp=Cilnb29nbGUubWFwcy5wbGFjZXMudjEuUGxhY2VzLlNlYXJjaE5lYXJieRACGAQgAA,ChIJv-VOSkUhDTkRncfawY4YjC8
VAULT By Virat Kohli (Gurugram Sector 55),fitness_center,fitness_center|gym|sports_activity_location|health|point_of_interest|establishment,092174 00835,https://vaultbyviratkohli.com/,"Huda Plots, 255, Golf Course Rd, Huda Sector, Sushant Lok 2, Sector 55, Gurugram, Haryana 122011, India",4.4,14,OPERATIONAL,https://maps.google.com/?cid=2939853728717919380&g_mp=Cilnb29nbGUubWFwcy5wbGFjZXMudjEuUGxhY2VzLlNlYXJjaE5lYXJieRACGAQgAA,ChIJhyi85WEhDTkRlNTW52N1zCg
Dr. Gunjan Sabherwal - Best Fertility Specialist in Golf Course Road | Cloudnine Hospitals,doctor,medical_clinic|doctor|health|point_of_interest|establishment,099728 99728,https://www.cloudninecare.com/doctors/dr-gunjan-sabherwal?utm_city=gurgaon&utm_source=gmb&utm_medium=organic&utm_campaign=gurgaon+golf-course-road+c9-doctor-gmb-website+dr-gunjan-sabherwal&utm_content=website-button,"No. 251, 252, Golf Course Rd, Sushant Lok 2, Sector 55, Gurugram, Haryana 122011, India",5,4,OPERATIONAL,https://maps.google.com/?cid=13094896637397004321&g_mp=Cilnb29nbGUubWFwcy5wbGFjZXMudjEuUGxhY2VzLlNlYXJjaE5lYXJieRACGAQgAA,ChIJ1aCymU0fDTkRIXCBqhxrurU
Dr. Sheetal Dhanda - Radiologist in Golf Course Road | Cloudnine Hospitals,doctor,doctor|health|point_of_interest|establishment,099728 99728,https://www.cloudninecare.com/doctors/dr-sheetal-dhanda?utm_city=gurugram&utm_source=gmb&utm_medium=organic&utm_campaign=gurugram+golf-course-road+c9-doctor-gmb-website+dr-sheetal-dhanda&utm_content=website-button,"Plot 251, Golf Course Ext Rd, Sushant Lok 2, Sector 55, Gurugram, Haryana 122011, India",4.7,26,OPERATIONAL,https://maps.google.com/?cid=359365602532354860&g_mp=Cilnb29nbGUubWFwcy5wbGFjZXMudjEuUGxhY2VzLlNlYXJjaE5lYXJieRACGAQgAA,ChIJexOdbOQhDTkRLGtvixy5_AQ
JMD ASSOCIATES,real_estate_agency,real_estate_agency|service|point_of_interest|establishment,,,"Sushant Lok 2, Sector 56, Gurugram, Haryana 122011, India",1,1,OPERATIONAL,https://maps.google.com/?cid=458926803778189421&g_mp=Cilnb29nbGUubWFwcy5wbGFjZXMudjEuUGxhY2VzLlNlYXJjaE5lYXJieRACGAQgAA,ChIJFdhl3v4hDTkRbbgaHX9vXgY
Dr. Neha Yadav - Best Fetal Doctor in Golf Course Road | Cloudnine Hospitals,doctor,doctor|hospital|service|health|point_of_interest|establishment,099728 99728,https://www.cloudninecare.com/doctors/dr-neha-yadav?utm_city=gurugram&utm_source=gmb&utm_medium=organic&utm_campaign=gurugram+golf-course-road+c9-doctor-gmb-website+dr-neha-yadav&utm_content=website-button,"387, Plot No. 251, OPD, Golf Course Rd, Sushant Lok 2, Sector 55, Gurugram, Haryana 122003, India",5,10,OPERATIONAL,https://maps.google.com/?cid=16496397638456924554&g_mp=Cilnb29nbGUubWFwcy5wbGFjZXMudjEuUGxhY2VzLlNlYXJjaE5lYXJieRACGAQgAA,ChIJZQ3qIUMhDTkRilnRIUD67uQ
"Cloudnine Pharmacy - Golf Course Road, Gurugram",pharmacy,pharmacy|drugstore|health|store|point_of_interest|establishment,099728 99728,https://www.cloudninecare.com/centre/golf-course-road?utm_city=gurgaon&utm_source=gmb&utm_medium=organic&utm_campaign=gurgaon+golf-course-road+c9-hospital-gmb-website+c9-hospital-golf-course-road&utm_content=website-button,"252, Plot No. 251, Golf Course Rd, Sushant Lok 2, Sector 55, Gurugram, Haryana 122011, India",5,3,OPERATIONAL,https://maps.google.com/?cid=8910304917833650882&g_mp=Cilnb29nbGUubWFwcy5wbGFjZXMudjEuUGxhY2VzLlNlYXJjaE5lYXJieRACGAQgAA,ChIJjV8GRMQhDTkRwhLkKx3Dp3s
Dr. Chandan Kachru - Best Obstetrician & Gynecologist in Golf Course Road | Cloudnine Hospitals,doctor,medical_clinic|hospital|doctor|service|health|point_of_interest|establishment,099728 99728,https://www.cloudninecare.com/doctors/dr-chandan-kachru?utm_city=gurgaon&utm_source=gmb&utm_medium=organic&utm_campaign=gurgaon+golf-course-road+c9-doctor-gmb-website+dr-chandan-kachru&utm_content=website-button,"Sector 55, Plot No. 251, 252, Golf Course Rd, Sushant Lok 2, Sector 56, Gurugram, Haryana 122011, India",,,OPERATIONAL,https://maps.google.com/?cid=14772501521421965698&g_mp=Cilnb29nbGUubWFwcy5wbGFjZXMudjEuUGxhY2VzLlNlYXJjaE5lYXJieRACGAQgAA,ChIJQ0FyPj0hDTkRghlGnN13As0
Dr. Pankaj Yadav - Best Pediatrician & Neonatologist in Golf Course Road | Cloudnine Hospitals,doctor,medical_clinic|hospital|doctor|service|health|point_of_interest|establishment,099728 99728,https://www.cloudninecare.com/doctors/dr-pankaj-yadav?utm_city=gurgaon&utm_source=gmb&utm_medium=organic&utm_campaign=gurgaon+golf-course-road+c9-doctor-gmb-website+dr-pankaj-yadav&utm_content=website-button,"Sector 55, Plot No. 251, 252, Golf Course Rd, Sushant Lok 2, Sector 56, Gurugram, Haryana 122011, India",5,8,OPERATIONAL,https://maps.google.com/?cid=9663339642411969623&g_mp=Cilnb29nbGUubWFwcy5wbGFjZXMudjEuUGxhY2VzLlNlYXJjaE5lYXJieRACGAQgAA,ChIJpVOOw3k9DTkRV2zqyTQUG4Y
Dr. Veenu Agarwal - Best Obstetrician & Gynecologist in Golf Course Road | Cloudnine Hospitals,doctor,medical_clinic|hospital|doctor|service|health|point_of_interest|establishment,099728 99728,https://www.cloudninecare.com/doctors/dr-veenu-agarwal?utm_city=gurgaon&utm_source=gmb&utm_medium=organic&utm_campaign=gurgaon+golf-course-road+c9-doctor-gmb-website+dr-veenu-agarwal&utm_content=website-button,"Cloudnine Hospital, Plot No: 251, Golf Course Rd, Sushant Lok 2, Sector 55, Gurugram, Haryana 122011, India",5,85,OPERATIONAL,https://maps.google.com/?cid=5079200873795794410&g_mp=Cilnb29nbGUubWFwcy5wbGFjZXMudjEuUGxhY2VzLlNlYXJjaE5lYXJieRACGAQgAA,ChIJz6nNP1MZDTkR6rVzsUjyfEY
Dr. Preeti Pahwa - Best Obstetrician & Gynecologist in Golf Cource Road | Cloudnine Hospitals,doctor,medical_clinic|hospital|doctor|service|health|point_of_interest|establishment,099728 99728,https://www.cloudninecare.com/doctors/dr-preeti-pahwa?utm_city=gurgaon&utm_source=gmb&utm_medium=organic&utm_campaign=gurgaon+golf-course-road+c9-doctor-gmb-website+dr-preeti-pahwa&utm_content=website-button,"Plot No: 251, 252, Golf Course Rd, Sushant Lok 2, Sector 55, Ghata, Gurugram, Haryana 122011, India",4.7,12,OPERATIONAL,https://maps.google.com/?cid=6675071304297504679&g_mp=Cilnb29nbGUubWFwcy5wbGFjZXMudjEuUGxhY2VzLlNlYXJjaE5lYXJieRACGAQgAA,ChIJU1PnO58ZDTkRp18ON_ydolw
A-153,apartment_building,apartment_building|service|point_of_interest|establishment,,,"C4F4+PF3, Huda Sector, Sushant Lok 2, Sector 55, Gurugram, Haryana 122011, India",5,2,OPERATIONAL,https://maps.google.com/?cid=11049636415408291338&g_mp=Cilnb29nbGUubWFwcy5wbGFjZXMudjEuUGxhY2VzLlNlYXJjaE5lYXJieRACGAQgAA,ChIJcwwZtRohDTkRCr6hvcYxWJk
Cloud nine golf course,apartment_building,apartment_building|service|point_of_interest|establishment,,,"Cloudnine Hospital, Golf Course Rd, Sushant Lok 2, Sector 56, Gurugram, Haryana 122011, India",4.7,3,OPERATIONAL,https://maps.google.com/?cid=10923935908707582480&g_mp=Cilnb29nbGUubWFwcy5wbGFjZXMudjEuUGxhY2VzLlNlYXJjaE5lYXJieRACGAQgAA,ChIJqa_wFQAhDTkREEKm29SdmZc
Dr. Rohit Arora - Best Pediatrician & Neonatologist in Golf Course Road | Cloudnine Hospitals,doctor,medical_clinic|hospital|doctor|service|health|point_of_interest|establishment,099728 99728,https://www.cloudninecare.com/doctors/dr-rohit-arora?utm_city=gurgaon&utm_source=gmb&utm_medium=organic&utm_campaign=gurgaon+golf-course-road+c9-doctor-gmb-website+dr-rohit-arora&utm_content=website-button,"Cloudnine Hospital, Plot No: 251, Golf Course Rd, Sushant Lok 2, Sector 55, Gurugram, Haryana 122011, India",4.8,76,OPERATIONAL,https://maps.google.com/?cid=17134390473455597828&g_mp=Cilnb29nbGUubWFwcy5wbGFjZXMudjEuUGxhY2VzLlNlYXJjaE5lYXJieRACGAQgAA,ChIJM0zslTMhDTkRBHkojVqVye0
Dr. Saguna Shukla - Best Obstetrician & Gynecologist in Golf Course Road | Cloudnine Hospitals,doctor,medical_clinic|hospital|doctor|service|health|point_of_interest|establishment,099728 99728,https://www.cloudninecare.com/doctors/dr-shaguna-shukla?utm_city=gurgaon&utm_source=gmb&utm_medium=organic&utm_campaign=gurgaon+golf-course-road+c9-doctor-gmb-website+dr-shaguna-shukla&utm_content=website-button,"Cloudnine Hospital, Plot No: 251, Golf Course Rd, Sushant Lok 2, Sector 55, Gurugram, Haryana 122011, India",5,26,OPERATIONAL,https://maps.google.com/?cid=1582414700031369502&g_mp=Cilnb29nbGUubWFwcy5wbGFjZXMudjEuUGxhY2VzLlNlYXJjaE5lYXJieRACGAQgAA,ChIJzxEZzqwhDTkRHuG5Isnd9RU
Dr. Priyanka Bansal - Best Obstetrician & Gynecologist in Golf Course Road | Cloudnine Hospitals,doctor,medical_clinic|hospital|doctor|service|health|point_of_interest|establishment,099728 99728,https://www.cloudninecare.com/doctors/dr-priyanka-bansal?utm_city=gurgaon&utm_source=gmb&utm_medium=organic&utm_campaign=gurgaon+golf-course-road+c9-doctor-gmb-website+dr-priyanka-bansal&utm_content=website-button,"Cloudnine Hospital, Plot No: 251, Golf Course Rd, Sushant Lok 2, Sector 55, Gurugram, Haryana 122011, India",4.5,15,OPERATIONAL,https://maps.google.com/?cid=18165105992164086956&g_mp=Cilnb29nbGUubWFwcy5wbGFjZXMudjEuUGxhY2VzLlNlYXJjaE5lYXJieRACGAQgAA,ChIJMYYngbkhDTkRrJRCMqhrF_w
Dr. Ritu Jangra (PT) | Cloudnine Hospitals,physiotherapist,physiotherapist|doctor|health|point_of_interest|establishment,099728 99728,https://www.cloudninecare.com/doctors/dr-ritu-jangra-pt?utm_city=gurugram&utm_source=gmb&utm_medium=organic&utm_campaign=gurugram+golf-course-road+c9-doctor-gmb-website+dr-ritu-jangra&utm_content=website-button,"301, Plot, OPD, 251, Golf Course Rd, Sushant Lok 2, Sector 55, Gurugram, Haryana 122003, India",5,1,OPERATIONAL,https://maps.google.com/?cid=4128530522341047069&g_mp=Cilnb29nbGUubWFwcy5wbGFjZXMudjEuUGxhY2VzLlNlYXJjaE5lYXJieRACGAQgAA,ChIJ-wWb1D4hDTkRHft-3KJ8Szk
Dr. Smriti Singhal - Best Obstetrician & Gynecologist in Golf Course Road | Cloudnine Hospitals,doctor,medical_clinic|hospital|doctor|service|health|point_of_interest|establishment,099728 99728,https://www.cloudninecare.com/doctors/dr-smriti-singhal?utm_city=gurugram&utm_source=gmb&utm_medium=organic&utm_campaign=gurugram+golf-course-road+c9-doctor-gmb-website+dr-smriti-singhal&utm_content=website-button,"280, Plot No. 251, OPD, Golf Course Rd, Sushant Lok 2, Sector 55, Gurugram, Haryana 122011, India",5,4,OPERATIONAL,https://maps.google.com/?cid=3015951791928770087&g_mp=Cilnb29nbGUubWFwcy5wbGFjZXMudjEuUGxhY2VzLlNlYXJjaE5lYXJieRACGAQgAA,ChIJaQAlq-IhDTkRJ_6d8SzQ2ik
Dr. Sapna Yadav - Best Obstetrician & Gynecologist in Golf Course Road | Cloudnine Hospitals,doctor,medical_clinic|hospital|doctor|service|health|point_of_interest|establishment,099728 99728,https://www.cloudninecare.com/doctors/dr-sapna-yadav?utm_city=gurugram&utm_source=gmb&utm_medium=organic&utm_campaign=gurugram+golf-course-road+c9-doctor-gmb-website+dr-sapna-yadav&utm_content=website-button,"272, Plot No. 251, OPD, Golf Course Rd, Sushant Lok 2, Sector 55, Gurugram, Haryana 122011, India",5,2,OPERATIONAL,https://maps.google.com/?cid=9405765799666618862&g_mp=Cilnb29nbGUubWFwcy5wbGFjZXMudjEuUGxhY2VzLlNlYXJjaE5lYXJieRACGAQgAA,ChIJM2OJcrghDTkR7pGlMSn-h4I
Dr. Juhi Saxena (PT) | Cloudnine Hospitals,physiotherapist,physiotherapist|medical_clinic|doctor|health|point_of_interest|establishment,099728 99728,https://www.cloudninecare.com/doctors/dr-juhi-saxena-pt?utm_city=gurugram&utm_source=gmb&utm_medium=organic&utm_campaign=gurugram+golf-course-road+c9-doctor-gmb-website+dr-juhi-saxena&utm_content=website-button,"213, Plot No. 251, OPD, Golf Course Rd, Sushant Lok 2, Sector 55, Gurugram, Haryana 122011, India",5,2,OPERATIONAL,https://maps.google.com/?cid=18229849347945259417&g_mp=Cilnb29nbGUubWFwcy5wbGFjZXMudjEuUGxhY2VzLlNlYXJjaE5lYXJieRACGAQgAA,ChIJt9yTOMEhDTkRmeEpZWVv_fw
Balaji Home,apartment_building,apartment_building|point_of_interest|service|establishment,,,"1770, Sector 57 Rd, Block G, Block B1, Sector 57, Gurugram, Haryana 122011, India",5,1,OPERATIONAL,https://maps.google.com/?cid=17627675232337520439&g_mp=Cilnb29nbGUubWFwcy5wbGFjZXMudjEuUGxhY2VzLlNlYXJjaE5lYXJieRACGAQgAA,ChIJm0JCEQAZDTkRN-dtdzoVovQ
Hunny’s Den,apartment_building,apartment_building|point_of_interest|service|establishment,,,"1770, Sector 57 Rd, Block G, Block B1, Sector 57, Gurugram, Haryana 122011, India",,,OPERATIONAL,https://maps.google.com/?cid=4871417976805215992&g_mp=Cilnb29nbGUubWFwcy5wbGFjZXMudjEuUGxhY2VzLlNlYXJjaE5lYXJieRACGAQgAA,ChIJP6rLFgAZDTkR-E7tC9fAmkM
OYO Alpha Guest House,hotel,hotel|lodging|point_of_interest|establishment,0124 620 1166,https://www.oyorooms.com/182737/,"House No. 639, Neat, Artemis Hospital Rd, Koyal Vihar, Sector 52, Gurugram, Haryana 122011, India",4.5,31,OPERATIONAL,https://maps.google.com/?cid=1552538489113198787&g_mp=Cilnb29nbGUubWFwcy5wbGFjZXMudjEuUGxhY2VzLlNlYXJjaE5lYXJieRACGAQgAA,ChIJp0GGu1MZDTkRw8C2t4e5ixU
SPOT ON 80533 Krishna residency,hotel,hotel|inn|cottage|guest_house|motel|lodging|point_of_interest|service|establishment,0124 433 0575,https://www.oyorooms.com/112192/,"Water Works, 1804, Block B1, Sector 57, Gurugram, Haryana 122011, India",,,OPERATIONAL,https://maps.google.com/?cid=11846738156744570160&g_mp=Cilnb29nbGUubWFwcy5wbGFjZXMudjEuUGxhY2VzLlNlYXJjaE5lYXJieRACGAQgAA,ChIJcUsX0k8ZDTkRMHXTO5YRaKQ
Dr. Nonita's Lactation and Breastfeeding Clinic,health,health|point_of_interest|service|establishment,,,"Jivika Gynae Clinic, 1804P, Block B1, Sector 57, Gurugram, Haryana 122011, India",5,3,OPERATIONAL,https://maps.google.com/?cid=12438520654273109871&g_mp=Cilnb29nbGUubWFwcy5wbGFjZXMudjEuUGxhY2VzLlNlYXJjaE5lYXJieRACGAQgAA,ChIJH0f9-ckZDTkRb99OCaKAnqw
Rawat Residence,apartment_building,apartment_building|point_of_interest|service|establishment,,,"1820, Block B1, Sector 57, Gurugram, Haryana 122011, India",5,12,OPERATIONAL,https://maps.google.com/?cid=2086351499166110040&g_mp=Cilnb29nbGUubWFwcy5wbGFjZXMudjEuUGxhY2VzLlNlYXJjaE5lYXJieRACGAQgAA,ChIJsdP6XQgZDTkRWFFmcKI19Bw
Capital O Ram Krishna residency near Artemis Hospital,hotel,hotel|inn|cottage|guest_house|motel|lodging|point_of_interest|service|establishment,0124 433 0575,https://www.oyorooms.com/195839/,"Gurgaon, Huda, Sector 38, Sagarmatha, Gurugram, Haryana 122011, India",2.9,20,OPERATIONAL,https://maps.google.com/?cid=13364841467483814423&g_mp=Cilnb29nbGUubWFwcy5wbGFjZXMudjEuUGxhY2VzLlNlYXJjaE5lYXJieRACGAQgAA,ChIJXQpinVwZDTkRF3rINIF0ebk
Jitin,association_or_organization,association_or_organization|point_of_interest|service|establishment,,,"3410 ground, 57, Sector Rd, Block B1, Sector 57, Gurugram, Haryana 122011, India",,,OPERATIONAL,https://maps.google.com/?cid=13969921594822041461&g_mp=Cilnb29nbGUubWFwcy5wbGFjZXMudjEuUGxhY2VzLlNlYXJjaE5lYXJieRACGAQgAA,ChIJO94IEwAZDTkRdR9tt6wh38E
Jivika Gynae Clinic - Gynaecologist in gurugram | Hysterectomy | Infertility |Fibroid | PCOS | Doctor | Treatment | Gurugram,doctor,doctor|medical_clinic|health|point_of_interest|service|establishment,093103 85329,https://jivikagynae.clinic/,"1804P, Block B1, Sector 57, Gurugram, Haryana 122011, India",5,81,OPERATIONAL,https://maps.google.com/?cid=4507078392786159588&g_mp=Cilnb29nbGUubWFwcy5wbGFjZXMudjEuUGxhY2VzLlNlYXJjaE5lYXJieRACGAQgAA,ChIJq_Qlbq4ZDTkR5IfbMOtbjD4
Hotel O by OYO Comfort Residency Near Artemis Hospital,hotel,hotel|inn|cottage|guest_house|motel|lodging|point_of_interest|service|establishment,0124 433 0575,https://www.oyorooms.com/104183/,"Water Works, 1801, Block B1, Sector 57, Gurugram, Haryana 122011, India",3.5,325,OPERATIONAL,https://maps.google.com/?cid=16541435149915680442&g_mp=Cilnb29nbGUubWFwcy5wbGFjZXMudjEuUGxhY2VzLlNlYXJjaE5lYXJieRACGAQgAA,ChIJxwS-HQIfDTkRum7i6aD7juU
"1730, Sector 57 Gurugram",apartment_building,apartment_building|point_of_interest|service|establishment,,,"1804P, Block B1, Sector 57, Gurugram, Haryana 122011, India",,,OPERATIONAL,https://maps.google.com/?cid=1100623889045871675&g_mp=Cilnb29nbGUubWFwcy5wbGFjZXMudjEuUGxhY2VzLlNlYXJjaE5lYXJieRACGAQgAA,ChIJQQ0XJwAZDTkRO1zjgZgzRg8
Ruma-H,apartment_building,apartment_building|point_of_interest|service|establishment,,,"Second Floor, 1812, Block B1, Sector 57, Gurugram, Haryana 122011, India",,,OPERATIONAL,https://maps.google.com/?cid=2782610160871066960&g_mp=Cilnb29nbGUubWFwcy5wbGFjZXMudjEuUGxhY2VzLlNlYXJjaE5lYXJieRACGAQgAA,ChIJbRVGYuAZDTkRUM0cyzLRnSY
Nephcare clinic - Sahil Bagai,doctor,doctor|health|point_of_interest|establishment,,,"1814, Block B1, Sector 57, Gurugram, Haryana 122011, India",5,1,OPERATIONAL,https://maps.google.com/?cid=12547791941817167599&g_mp=Cilnb29nbGUubWFwcy5wbGFjZXMudjEuUGxhY2VzLlNlYXJjaE5lYXJieRACGAQgAA,ChIJ95SLbQAZDTkR726FP0q2Iq4
Bansal Villa 1822,housing_complex,housing_complex|point_of_interest|service|establishment,,,"1822, Part 2, Sector 57, Gurugram, Haryana 122011, India",4.7,9,OPERATIONAL,https://maps.google.com/?cid=448426807473998081&g_mp=Cilnb29nbGUubWFwcy5wbGFjZXMudjEuUGxhY2VzLlNlYXJjaE5lYXJieRACGAQgAA,ChIJoVdRXdoZDTkRAQlAN84hOQY
"Lifespan Diabetes Clinics, Gurgaon",medical_clinic,medical_center|hospital|medical_clinic|health|point_of_interest|service|establishment,092898 34394,http://www.lifespanindia.com/,"1814P, Block B1, Sector 57, Gurugram, Haryana 122011, India",4.8,115,OPERATIONAL,https://maps.google.com/?cid=5841297672924332044&g_mp=Cilnb29nbGUubWFwcy5wbGFjZXMudjEuUGxhY2VzLlNlYXJjaE5lYXJieRACGAQgAA,ChIJmziLNzMYDTkRDID49Uh1EFE
"1824P, V&K's",apartment_building,apartment_building|point_of_interest|service|establishment,,,"Second Floor, 1824P, Block B1, Sector 57, Gurugram, Haryana 122011, India",,,OPERATIONAL,https://maps.google.com/?cid=2948580472896603147&g_mp=Cilnb29nbGUubWFwcy5wbGFjZXMudjEuUGxhY2VzLlNlYXJjaE5lYXJieRACGAQgAA,ChIJrcq7WAAZDTkRC8SnXlF26yg
Jaidwal House,apartment_building,apartment_building|point_of_interest|service|establishment,,,"1730, Block B1, Sector 57, Gurugram, Haryana 122011, India",,,OPERATIONAL,https://maps.google.com/?cid=867502467787949481&g_mp=Cilnb29nbGUubWFwcy5wbGFjZXMudjEuUGxhY2VzLlNlYXJjaE5lYXJieRACGAQgAA,ChIJnWwQRgAjDTkRqYVG8uX8CQw
Puri house ggn,apartment_building,apartment_building|point_of_interest|service|establishment,,,"1824, Sector 57 Rd, Block G, Block B1, Sector 57, Gurugram, Haryana 122011, India",,,OPERATIONAL,https://maps.google.com/?cid=1212413604438952743&g_mp=Cilnb29nbGUubWFwcy5wbGFjZXMudjEuUGxhY2VzLlNlYXJjaE5lYXJieRACGAQgAA,ChIJGZjPQgAZDTkRJ0tv5b9b0xA
"1770, Sector 57",apartment_building,apartment_building|point_of_interest|service|establishment,,,"181, Block B1, Sector 57, Gurugram, Haryana 122011, India",2,1,OPERATIONAL,https://maps.google.com/?cid=14004621936100205524&g_mp=Cilnb29nbGUubWFwcy5wbGFjZXMudjEuUGxhY2VzLlNlYXJjaE5lYXJieRACGAQgAA,ChIJXf3afMgZDTkR1GPlgnNpWsI
"1824, Sector 57",service,point_of_interest|service|establishment,,,"1824P, Part 2, Sector 57, Gurugram, Haryana 122011, India",,,OPERATIONAL,https://maps.google.com/?cid=5529325884846252538&g_mp=Cilnb29nbGUubWFwcy5wbGFjZXMudjEuUGxhY2VzLlNlYXJjaE5lYXJieRACGAQgAA,ChIJ24MoGQAZDTkR-iGivZgcvEw
SSRE Real Estate Pvt. Ltd.,consultant,real_estate_agency|consultant|finance|service|point_of_interest|establishment,080580 61818,https://ssrerealestate.com/,"Plot no. 2147, Block G, Sushant Lok 2, Sector 57, Gurugram, Haryana 122011, India",5,2,OPERATIONAL,https://maps.google.com/?cid=15460124284122804777&g_mp=Cilnb29nbGUubWFwcy5wbGFjZXMudjEuUGxhY2VzLlNlYXJjaE5lYXJieRACGAQgAA,ChIJraAZMlMZDTkRKbKHCiBljdY
Tupperware Distributors,building_materials_store,building_materials_store|furniture_store|home_improvement_store|home_goods_store|store|point_of_interest|establishment,098997 20205,https://www.shoptupperware.in/,"H No 2028, Basement, near Viaan Eye Centre, Phase 2, Sushant Lok 2, Sector 57, Gurugram, Haryana 122011, India",3.8,5,OPERATIONAL,https://maps.google.com/?cid=1722862299481852556&g_mp=Cilnb29nbGUubWFwcy5wbGFjZXMudjEuUGxhY2VzLlNlYXJjaE5lYXJieRACGAQgAA,ChIJvwPy8YgZDTkRjEqHHSLW6Bc
Trip Street Pvt Ltd,travel_agency,travel_agency|service|point_of_interest|establishment,099100 66940,https://tripstreet.in/,"Lower Basement, Plot No, 2147, Block G, Sushant Lok 2, Sector 57, Gurugram, Haryana 122011, India",5,1,OPERATIONAL,https://maps.google.com/?cid=7300797444123475540&g_mp=Cilnb29nbGUubWFwcy5wbGFjZXMudjEuUGxhY2VzLlNlYXJjaE5lYXJieRACGAQgAA,ChIJq7RDk4AZDTkRVD4PGpikUWU
City Dental Clinic & Implant Centre Dr Alok Jauhari,dentist,dentist|health|point_of_interest|establishment,,,"2147, Sector 57 Rd, Block G, Sushant Lok 2, Sector 57, Gurugram, Haryana 122011, India",5,5,OPERATIONAL,https://maps.google.com/?cid=699040167309237158&g_mp=Cilnb29nbGUubWFwcy5wbGFjZXMudjEuUGxhY2VzLlNlYXJjaE5lYXJieRACGAQgAA,ChIJETI5mKAZDTkRplsyGFR9swk
Turin Furniture,furniture_store,furniture_store|home_improvement_store|home_goods_store|store|point_of_interest|establishment,,,"2146P, Block G, Sushant Lok III, Sector 57, Gurugram, Haryana 122011, India",3.9,9,OPERATIONAL,https://maps.google.com/?cid=8974779848583866030&g_mp=Cilnb29nbGUubWFwcy5wbGFjZXMudjEuUGxhY2VzLlNlYXJjaE5lYXJieRACGAQgAA,ChIJsxojpdAhDTkRruYszLjSjHw
MANHATTAN the furniture people,furniture_store,furniture_store|home_improvement_store|home_goods_store|store|point_of_interest|establishment,092780 40955,,"2146P, Block G, Sushant Lok III, Sector 57, Gurugram, Haryana 122011, India",3.2,37,OPERATIONAL,https://maps.google.com/?cid=10642650974912020358&g_mp=Cilnb29nbGUubWFwcy5wbGFjZXMudjEuUGxhY2VzLlNlYXJjaE5lYXJieRACGAQgAA,ChIJiXEcgWMhDTkRhn8YrKxKspM
Teeth And Smile Dental Clinic & Implant Centre,dental_clinic,dental_clinic|medical_clinic|health|point_of_interest|establishment,070159 37576,,"2025, Basement, Block G, Sushant Lok 2, Sector 57, Gurugram, Haryana 122011, India",5,193,OPERATIONAL,https://maps.google.com/?cid=7915220640446660594&g_mp=Cilnb29nbGUubWFwcy5wbGFjZXMudjEuUGxhY2VzLlNlYXJjaE5lYXJieRACGAQgAA,ChIJzZkbAOkZDTkR8r-pYDyD2G0
Anjil Rehabilitation Center | Occupational Therapy in Gurgaon | Speech Therapy Gurgaon | ABA Therapy |,service,school|educational_institution|health|service|point_of_interest|establishment,099995 95177,https://anjilrehabfoundation.co.in/,"2025, Basement, Block-G, Block G, Sushant Lok 2, Sector 57, Gurugram, Haryana 122011, India",4.9,29,OPERATIONAL,https://maps.google.com/?cid=2708279599219810436&g_mp=Cilnb29nbGUubWFwcy5wbGFjZXMudjEuUGxhY2VzLlNlYXJjaE5lYXJieRACGAQgAA,ChIJ63CqzUwjDTkRhCDvR_K9lSU
Dr Komal’s Ultrasound Clinic,doctor,doctor|health|point_of_interest|establishment,,,"2026, Block G, Sushant Lok 2, Sector 57, Gurugram, Haryana 122011, India",,,OPERATIONAL,https://maps.google.com/?cid=13609184552952283935&g_mp=Cilnb29nbGUubWFwcy5wbGFjZXMudjEuUGxhY2VzLlNlYXJjaE5lYXJieRACGAQgAA,ChIJgYhWL_kZDTkRH0N0ET-J3bw
Asha Rani charitable dental clinic,dental_clinic,dental_clinic|medical_clinic|health|point_of_interest|establishment,099997 25098,,"2025, Block G, Sushant Lok 2, Sector 57, Gurugram, Haryana 122011, India",5,7,OPERATIONAL,https://maps.google.com/?cid=12593213042758845278&g_mp=Cilnb29nbGUubWFwcy5wbGFjZXMudjEuUGxhY2VzLlNlYXJjaE5lYXJieRACGAQgAA,ChIJEccQau8ZDTkRXgN1aooUxK4
SPEECH AND LANGUAGE THERAPIST Anju Sharma | Gurgaon,service,health|service|point_of_interest|establishment,099995 95177,https://speechandlanguagetherapistanjusharma.ashg.co.in/,"Basement, 2025, Block G, Sushant Lok 2, Sector 57, Gurugram, Haryana 122011, India",,,OPERATIONAL,https://maps.google.com/?cid=11663394053286983496&g_mp=Cilnb29nbGUubWFwcy5wbGFjZXMudjEuUGxhY2VzLlNlYXJjaE5lYXJieRACGAQgAA,ChIJfYN9p4oZDTkRSPeSnRiz3KE
Aggarwals House,association_or_organization,service|association_or_organization|point_of_interest|establishment,,,"2146, Sector 57 Rd, Block G, Wazirabad, Sector 52, Gurugram, Haryana 122011, India",,,OPERATIONAL,https://maps.google.com/?cid=4140314298995584285&g_mp=Cilnb29nbGUubWFwcy5wbGFjZXMudjEuUGxhY2VzLlNlYXJjaE5lYXJieRACGAQgAA,ChIJSbte-ZoZDTkRHS0aKutZdTk
jai shree shyam,association_or_organization,service|association_or_organization|point_of_interest|establishment,,,"C3GP+WJ8, Block G, Sushant Lok 2, Sector 57, Gurugram, Haryana 122011, India",,,OPERATIONAL,https://maps.google.com/?cid=17266511396482551407&g_mp=Cilnb29nbGUubWFwcy5wbGFjZXMudjEuUGxhY2VzLlNlYXJjaE5lYXJieRACGAQgAA,ChIJETXozZUZDTkRb46TGaL4nu8
Ashika's home,association_or_organization,service|association_or_organization|point_of_interest|establishment,,,"1928, Sector 57 Rd, Block G, Sushant Lok 2, Sector 57, Gurugram, Haryana 122011, India",,,OPERATIONAL,https://maps.google.com/?cid=10407008058088802883&g_mp=Cilnb29nbGUubWFwcy5wbGFjZXMudjEuUGxhY2VzLlNlYXJjaE5lYXJieRACGAQgAA,ChIJiUCAbQAZDTkRQ8oCrbAebZA
Siddiqui’s,apartment_building,apartment_building|service|point_of_interest|establishment,,,"1536, Sector 57 Rd, Block G, Block B1, Sector 57, Gurugram, Haryana 122011, India",,,OPERATIONAL,https://maps.google.com/?cid=4368709791962571443&g_mp=Cilnb29nbGUubWFwcy5wbGFjZXMudjEuUGxhY2VzLlNlYXJjaE5lYXJieRACGAQgAA,ChIJT-t5JREZDTkRsyKzzGjGoDw
Bera’s,apartment_building,apartment_building|service|point_of_interest|establishment,,,"1374, Sector 57 Rd, Block G, Block H, Sector 57, Gurugram, Haryana 122011, India",,,OPERATIONAL,https://maps.google.com/?cid=7514462426653564428&g_mp=Cilnb29nbGUubWFwcy5wbGFjZXMudjEuUGxhY2VzLlNlYXJjaE5lYXJieRACGAQgAA,ChIJY5lxN-gZDTkRDJ60gsO7SGg
PVTV,apartment_building,apartment_building|service|point_of_interest|establishment,,,"Block B1, 2006A, Sector 57 Rd, Block G, Sushant Lok 2, Sector 57, Gurugram, Haryana 122011, India",,,OPERATIONAL,https://maps.google.com/?cid=2885705071114840180&g_mp=Cilnb29nbGUubWFwcy5wbGFjZXMudjEuUGxhY2VzLlNlYXJjaE5lYXJieRACGAQgAA,ChIJo9FFB2wZDTkRdOhXGnkVDCg
Aahna,apartment_building,apartment_building|service|point_of_interest|establishment,,,"1910, Sector 57 Rd, Block G, Block B1, Sector 57, Gurugram, Haryana 122011, India",5,1,OPERATIONAL,https://maps.google.com/?cid=11554334418364595605&g_mp=Cilnb29nbGUubWFwcy5wbGFjZXMudjEuUGxhY2VzLlNlYXJjaE5lYXJieRACGAQgAA,ChIJhfidMwAZDTkRlf2wnu89WaA
City Home Property,consultant,real_estate_agency|consultant|service|point_of_interest|establishment,,,"Sector 57 Rd, Block G, Sushant Lok 2, Sector 57, Gurugram, Haryana 122003, India",,,CLOSED_TEMPORARILY,https://maps.google.com/?cid=15163426725940853989&g_mp=Cilnb29nbGUubWFwcy5wbGFjZXMudjEuUGxhY2VzLlNlYXJjaE5lYXJieRACGAQgAA,ChIJXc8DcqgjDTkR5XxemURQb9I
Kiga,private_guest_room,private_guest_room|lodging|point_of_interest|establishment,,,"1973, Sector 57 Rd, Block G, Sushant Lok 2, Sector 57, Gurugram, Haryana 122011, India",,,OPERATIONAL,https://maps.google.com/?cid=12920740822389062761&g_mp=Cilnb29nbGUubWFwcy5wbGFjZXMudjEuUGxhY2VzLlNlYXJjaE5lYXJieRACGAQgAA,ChIJZ2rIAgAjDTkRaXxjKVKxT7M
"CAD ARCH | Architecture, Interior & Construction",service,point_of_interest|service|establishment,098735 64535,https://cadarch.in/,"Plot No. 2338, near SCOTTISH HIGH INTERNATIONAL SCHOOL, Block G, Sushant Lok 2, Sector 57, Gurugram, Haryana 122011, India",5,152,OPERATIONAL,https://maps.google.com/?cid=5838801477759871775&g_mp=Cilnb29nbGUubWFwcy5wbGFjZXMudjEuUGxhY2VzLlNlYXJjaE5lYXJieRACGAQgAA,ChIJ48bKRE4jDTkRHyvnOwKXB1E
4th floor 2359 (3BHK FLAT),apartment_building,apartment_building|point_of_interest|service|establishment,,,"2359, G Block Ln, Block G, Sushant Lok 2, Sector 57, Gurugram, Haryana 122011, India",,,OPERATIONAL,https://maps.google.com/?cid=11162390312595761950&g_mp=Cilnb29nbGUubWFwcy5wbGFjZXMudjEuUGxhY2VzLlNlYXJjaE5lYXJieRACGAQgAA,ChIJ3Xc_UQAjDTkRHiuIMtnG6Jo
Krishna Cottage,apartment_building,apartment_building|point_of_interest|service|establishment,,,"2359, Block G, Rail Vihar, Sector 57, Gurugram, Haryana 122011, India",5,2,OPERATIONAL,https://maps.google.com/?cid=3437805260395256521&g_mp=Cilnb29nbGUubWFwcy5wbGFjZXMudjEuUGxhY2VzLlNlYXJjaE5lYXJieRACGAQgAA,ChIJOQgoZwAjDTkRyRrUiKuJtS8
Aroras' 2357,housing_complex,housing_complex|point_of_interest|service|establishment,,,"C3HQ+3W4, near Scottish High School, Block G, Sushant Lok 2, Sector 57, Gurugram, Haryana 122011, India",,,OPERATIONAL,https://maps.google.com/?cid=6533132612605332519&g_mp=Cilnb29nbGUubWFwcy5wbGFjZXMudjEuUGxhY2VzLlNlYXJjaE5lYXJieRACGAQgAA,ChIJzW2US-IZDTkRJ0zcRH9Zqlo
FreQuip - Rent Furniture & Appliances Online in Gurgaon,service,furniture_store|home_improvement_store|point_of_interest|home_goods_store|supplier|store|service|establishment,093117 09584,https://frequip.com/,"2360, near SCOTTISH HIGH INTERNATIONAL SCHOOL, Block G, Sushant Lok 2, Sector 57, Gurugram, Haryana 122011, India",4.6,176,OPERATIONAL,https://maps.google.com/?cid=15539198694054860065&g_mp=Cilnb29nbGUubWFwcy5wbGFjZXMudjEuUGxhY2VzLlNlYXJjaE5lYXJieRACGAQgAA,ChIJJQ3_SmUZDTkRIZVazeFSptc
Neeraj Gakhar’s Home,apartment_building,apartment_building|point_of_interest|service|establishment,,,"H.No, 2361, Block G, Sushant Lok 2, Sector 57, Gurugram, Haryana 122011, India",5,2,OPERATIONAL,https://maps.google.com/?cid=15468171773531144296&g_mp=Cilnb29nbGUubWFwcy5wbGFjZXMudjEuUGxhY2VzLlNlYXJjaE5lYXJieRACGAQgAA,ChIJ8WXFIQAjDTkRaEAMLkb8qdY
BubbleInkk,service,point_of_interest|service|establishment,099999 74553,http://www.bubbleinkk.com/,"2361, Block G, Sushant Lok 2, Sector 57, Gurugram, Haryana 122011, India",3,1,CLOSED_TEMPORARILY,https://maps.google.com/?cid=16838190286124455044&g_mp=Cilnb29nbGUubWFwcy5wbGFjZXMudjEuUGxhY2VzLlNlYXJjaE5lYXJieRACGAQgAA,ChIJiX7QLCcjDTkRhJThSNpErek
"House #2337, Pokhar Kunj",apartment_building,apartment_building|point_of_interest|service|establishment,,,"House #2337, Pokhar Kunj, Block G, Sushant Lok 2, Sector 57, Gurugram, Haryana 122011, India",,,OPERATIONAL,https://maps.google.com/?cid=2817995226335604314&g_mp=Cilnb29nbGUubWFwcy5wbGFjZXMudjEuUGxhY2VzLlNlYXJjaE5lYXJieRACGAQgAA,ChIJne8lKQAjDTkRWu56XLqHGyc
Shiftly Now,real_estate_agency,real_estate_agency|consultant|point_of_interest|service|establishment,,https://shiftlynow.com/,"2360, near SCOTTISH HIGH INTERNATIONAL SCHOOL, Block G, Sushant Lok 2, Sector 57, Gurugram, Haryana 122011, India",,,OPERATIONAL,https://maps.google.com/?cid=4525518244001497759&g_mp=Cilnb29nbGUubWFwcy5wbGFjZXMudjEuUGxhY2VzLlNlYXJjaE5lYXJieRACGAQgAA,ChIJ3wmzLIgjDTkRn0JCnt3ezT4
Seconde Casa,housing_complex,housing_complex|point_of_interest|service|establishment,,,"C3GQ+WV5, 2360, Sector 57 Rd, G Block, Block G, Sushant Lok 2, Sector 57, Gurugram, Haryana 122011, India",,,OPERATIONAL,https://maps.google.com/?cid=7029913205031644368&g_mp=Cilnb29nbGUubWFwcy5wbGFjZXMudjEuUGxhY2VzLlNlYXJjaE5lYXJieRACGAQgAA,ChIJ2VRRVt4jDTkR0Cy9W9BEj2E
2361/57,apartment_building,apartment_building|point_of_interest|service|establishment,,,"C3GQ+WV5, Sector 57 Rd, Block G, Sushant Lok 2, Sector 57, Gurugram, Haryana 122011, India",,,OPERATIONAL,https://maps.google.com/?cid=17309748236918604559&g_mp=Cilnb29nbGUubWFwcy5wbGFjZXMudjEuUGxhY2VzLlNlYXJjaE5lYXJieRACGAQgAA,ChIJ1-jvfAAjDTkRD0P6fE-UOPA
Neerja Dubey,health,health|point_of_interest|service|establishment,,,"C3GQ+WV5, Sector 57 Rd, Block G, Sushant Lok 2, Sector 57, Gurugram, Haryana 122011, India",,,OPERATIONAL,https://maps.google.com/?cid=18036827711876573038&g_mp=Cilnb29nbGUubWFwcy5wbGFjZXMudjEuUGxhY2VzLlNlYXJjaE5lYXJieRACGAQgAA,ChIJPcgk6OEjDTkRbidToT2vT_o
Rameshwar Dayal Yadav,housing_complex,housing_complex|point_of_interest|service|establishment,,,"House Number 2371, Block G, Sushant Lok 2, Sector 57, Gurugram, Haryana 122011, India",5,2,OPERATIONAL,https://maps.google.com/?cid=13752480456421036214&g_mp=Cilnb29nbGUubWFwcy5wbGFjZXMudjEuUGxhY2VzLlNlYXJjaE5lYXJieRACGAQgAA,ChIJXYKBsUgZDTkRtlB6gRyg2r4
2361/57,apartment_complex,apartment_complex|point_of_interest|service|establishment,,,"Rail Vihar, 2362, Block G, Sushant Lok 2, Sector 57, Gurugram, Haryana 122011, India",,,OPERATIONAL,https://maps.google.com/?cid=12436875005216502968&g_mp=Cilnb29nbGUubWFwcy5wbGFjZXMudjEuUGxhY2VzLlNlYXJjaE5lYXJieRACGAQgAA,ChIJz87qewAjDTkRuDTdgeynmKw
Koul House,apartment_building,apartment_building|point_of_interest|service|establishment,,,"Block G, Sushant Lok 2, Sector 57, Gurugram, Haryana 122011, India",,,OPERATIONAL,https://maps.google.com/?cid=17238718818536142699&g_mp=Cilnb29nbGUubWFwcy5wbGFjZXMudjEuUGxhY2VzLlNlYXJjaE5lYXJieRACGAQgAA,ChIJGbCQe1QjDTkRazewSW47PO8
Eltec Designs,general_contractor,point_of_interest|general_contractor|service|establishment,081302 82781,,"2389, Block G, Sushant Lok 2, Sector 57, Gurugram, Haryana 122011, India",5,6,OPERATIONAL,https://maps.google.com/?cid=16770095336540132336&g_mp=Cilnb29nbGUubWFwcy5wbGFjZXMudjEuUGxhY2VzLlNlYXJjaE5lYXJieRACGAQgAA,ChIJ5aeNMKMjDTkR8NPoV9tYu-g
Saini Auto Electric Works,car_repair,car_repair|point_of_interest|service|establishment,,,"Rajendra Park Road, Old Rajender Nagar, Block H, New Palam Vihar, Phase 1, Sector 110, Block G, Sushant Lok 2, Sector 57, Gurugram, Haryana 122011, India",5,1,OPERATIONAL,https://maps.google.com/?cid=7964536131926890843&g_mp=Cilnb29nbGUubWFwcy5wbGFjZXMudjEuUGxhY2VzLlNlYXJjaE5lYXJieRACGAQgAA,ChIJTX5h7KcYDTkRWxlEAGq3h24
Tehlan's,apartment_building,apartment_building|point_of_interest|service|establishment,,,"2387, Sector 57, Extension, Block G, Sushant Lok III, Sector 57, Gurugram, Haryana 122011, India",,,OPERATIONAL,https://maps.google.com/?cid=13361060047230468928&g_mp=Cilnb29nbGUubWFwcy5wbGFjZXMudjEuUGxhY2VzLlNlYXJjaE5lYXJieRACGAQgAA,ChIJF2YC6dQjDTkRQAPWsVIFbLk
happy homes,apartment_building,apartment_building|point_of_interest|service|establishment,,,"2341, Block G, Sushant Lok 2, Sector 57, Gurugram, Haryana 122011, India",,,OPERATIONAL,https://maps.google.com/?cid=7598564859239176116&g_mp=Cilnb29nbGUubWFwcy5wbGFjZXMudjEuUGxhY2VzLlNlYXJjaE5lYXJieRACGAQgAA,ChIJhYXcKgAZDTkRtJe3BXuGc2k
2438,apartment_building,apartment_building|point_of_interest|service|establishment,,,"2438, Block G, Sushant Lok 2, Sector 57, Gurugram, Haryana 122011, India",5,3,OPERATIONAL,https://maps.google.com/?cid=12531193164052603794&g_mp=Cilnb29nbGUubWFwcy5wbGFjZXMudjEuUGxhY2VzLlNlYXJjaE5lYXJieRACGAQgAA,ChIJn4e7i_AjDTkRkqMoI8q9560
"DR R K LOHIYA- Occupational Therapy in Sector 56, Special Education/Cerebral Palsy Center/Autism/Speech Therapy Gurgaon",service,physiotherapist|school|educational_institution|health|service|point_of_interest|establishment,097179 90130,https://www.kitecenter.co.in/,"Kite- Early Intervention Therapeutic Pvt Ltd House No.128, Block A, in front of Davinder Vihar, Sector 56, Gurugram, Haryana 122011, India",4.8,116,OPERATIONAL,https://maps.google.com/?cid=95987124326621257&g_mp=Cilnb29nbGUubWFwcy5wbGFjZXMudjEuUGxhY2VzLlNlYXJjaE5lYXJieRACGAQgAA,ChIJAQAATKt6DjkRSeB_8McDVQE
"Speech Therapy|Occupational Therapy|Autism Therapy|Therapeutic Services In Gurgaon,Haryana|Speech Therapy Center From Gurgaon",health,health|point_of_interest|establishment,097171 88136,http://speech-therapy-center-from-gurgaon.weblogindia.com/,"plot no. 128, society, opposite devender vihar, near Huda Market Road, Sector 56, Gurugram, Haryana 122011, India",5,1,OPERATIONAL,https://maps.google.com/?cid=10656770204493953361&g_mp=Cilnb29nbGUubWFwcy5wbGFjZXMudjEuUGxhY2VzLlNlYXJjaE5lYXJieRACGAQgAA,ChIJe-SZPTQjDTkRUTnU-wl05JM
Max Lab | Diagnostic Centre & Blood Test in Gurugram,medical_clinic,medical_lab|doctor|medical_clinic|health|point_of_interest|establishment,070656 12009,https://www.maxlab.co.in/,"Plot No 130, Society, opposite Devinder Vihar, Sector 56, Gurugram, Haryana 122011, India",4.9,28,OPERATIONAL,https://maps.google.com/?cid=7087454340727929403&g_mp=Cilnb29nbGUubWFwcy5wbGFjZXMudjEuUGxhY2VzLlNlYXJjaE5lYXJieRACGAQgAA,ChIJcbctj0MZDTkRO3rjBCyyW2I
Trademark Dukan,association_or_organization,local_government_office|government_office|association_or_organization|point_of_interest|establishment,,,"Plot no. 130, Sector 56, Gurugram, Haryana 122011, India",5,1,CLOSED_TEMPORARILY,https://maps.google.com/?cid=14237115158672613796&g_mp=Cilnb29nbGUubWFwcy5wbGFjZXMudjEuUGxhY2VzLlNlYXJjaE5lYXJieRACGAQgAA,ChIJleAF8okjDTkRpKECK85klMU
Advance diagnostic & research centre,medical_clinic,medical_clinic|health|point_of_interest|establishment,,,"Plat, C3GV+W2Q, opp. devinder vihar, Sector 56, Gurugram, Haryana 122011, India",,,OPERATIONAL,https://maps.google.com/?cid=1795702295952368113&g_mp=Cilnb29nbGUubWFwcy5wbGFjZXMudjEuUGxhY2VzLlNlYXJjaE5lYXJieRACGAQgAA,ChIJPfgXVwAjDTkR8SGYYLmd6xg
Advance Diagnostic & Research Centre,medical_clinic,medical_clinic|health|point_of_interest|establishment,096430 00430,,"Plot No.125/56, opp. Devinder Vihar Road, Devinder Vihar, Sector 56, Gurugram, Haryana 122011, India",4.6,30,OPERATIONAL,https://maps.google.com/?cid=11221712560611006130&g_mp=Cilnb29nbGUubWFwcy5wbGFjZXMudjEuUGxhY2VzLlNlYXJjaE5lYXJieRACGAQgAA,ChIJr4T-v1IjDTkRshbCYh6Iu5s
Anand Villa,private_guest_room,private_guest_room|lodging|point_of_interest|establishment,,,"120, Devinder Vihar Rd, Devinder Vihar, Sector 56, Gurugram, Haryana 122011, India",,,OPERATIONAL,https://maps.google.com/?cid=550036519969565356&g_mp=Cilnb29nbGUubWFwcy5wbGFjZXMudjEuUGxhY2VzLlNlYXJjaE5lYXJieRACGAQgAA,ChIJUYlOVQAjDTkRrCpH-kwfogc
Geeli Mitti Foundation,corporate_office,corporate_office|point_of_interest|establishment,,http://www.geelimitti.in/,"117, HUDA Plot, Sector 56, Gurugram, Haryana 122011, India",5,3,OPERATIONAL,https://maps.google.com/?cid=14186126774761011746&g_mp=Cilnb29nbGUubWFwcy5wbGFjZXMudjEuUGxhY2VzLlNlYXJjaE5lYXJieRACGAQgAA,ChIJOSzu3lAjDTkRIrpJ7CM_38Q
Hotel O Lotus Stay,hotel,hotel|lodging|point_of_interest|establishment,0124 433 0575,https://www.oyorooms.com/295121/,"131, Golf Course Ext Rd, Sector 56, Gurugram, Haryana 122011, India",2.7,3,OPERATIONAL,https://maps.google.com/?cid=304567700236751410&g_mp=Cilnb29nbGUubWFwcy5wbGFjZXMudjEuUGxhY2VzLlNlYXJjaE5lYXJieRACGAQgAA,ChIJ5fm8Q4cjDTkRMlKrrrUKOgQ
Lotus INN - Family Room with Private Bathroom,lodging,lodging|point_of_interest|establishment,,https://www.bluepillow.com/search/6949a14d5c042e01bacd20d3/1443187702?dest=bkng&cat=House&lat=28.42737&lng=77.09341&language=en,"Sector 56, Gurugram, Haryana 122011, India",,,OPERATIONAL,https://maps.google.com/?cid=12033194748982062753&g_mp=Cilnb29nbGUubWFwcy5wbGFjZXMudjEuUGxhY2VzLlNlYXJjaE5lYXJieRACGAQgAA,ChIJK7b0hAciDTkRoe4rnt5-_qY
Lotus INN - Deluxe Double Room (2 Adults + 1 Child),lodging,lodging|point_of_interest|establishment,,https://www.bluepillow.com/search/6949a14d5c042e01bacd20d3?dest=bkng&cat=House&lat=28.42737&lng=77.09341&language=en,"Sector 56, Gurugram, Haryana 122011, India",,,OPERATIONAL,https://maps.google.com/?cid=1079682510707013052&g_mp=Cilnb29nbGUubWFwcy5wbGFjZXMudjEuUGxhY2VzLlNlYXJjaE5lYXJieRACGAQgAA,ChIJK7b0hAciDTkRvLXk6IXN-w4
Tulip Residency,bed_and_breakfast,bed_and_breakfast|lodging|point_of_interest|establishment,094669 73261,,"C3GV+W9V, Sector 55, Gurugram, Haryana 122003, India",3,2,OPERATIONAL,https://maps.google.com/?cid=18308862075279377088&g_mp=Cilnb29nbGUubWFwcy5wbGFjZXMudjEuUGxhY2VzLlNlYXJjaE5lYXJieRACGAQgAA,ChIJR72LhAciDTkRwAKmjg0lFv4
Hotel O Lotus - Classic Triple Room,lodging,lodging|point_of_interest|establishment,,https://www.bluepillow.com/search/695e98b4ac408a6eb70b9a81?dest=bkng&cat=&lat=28.42743&lng=77.09345&language=en,"Sector 56, Gurugram, Haryana 122011, India",,,OPERATIONAL,https://maps.google.com/?cid=1305996419077050594&g_mp=Cilnb29nbGUubWFwcy5wbGFjZXMudjEuUGxhY2VzLlNlYXJjaE5lYXJieRACGAQgAA,ChIJBzRlhAciDTkR4hAF3dLUHxI
Play is Survival - Kanica Kharbanda,medical_clinic,medical_clinic|health|service|point_of_interest|establishment,088004 56944,,"House no, 124, main gate, opposite Devinder Vihar, Sector 56, Gurugram, Haryana 122011, India",5,35,OPERATIONAL,https://maps.google.com/?cid=17442570710909353570&g_mp=Cilnb29nbGUubWFwcy5wbGFjZXMudjEuUGxhY2VzLlNlYXJjaE5lYXJieRACGAQgAA,ChIJRUset1YjDTkRYn5imaV1EPI
"118 HUDA Plot, Sector 56",housing_complex,housing_complex|service|point_of_interest|establishment,,,"118, Sector 56, Gurugram, Haryana 122011, India",,,OPERATIONAL,https://maps.google.com/?cid=14986651135979168149&g_mp=Cilnb29nbGUubWFwcy5wbGFjZXMudjEuUGxhY2VzLlNlYXJjaE5lYXJieRACGAQgAA,ChIJq3DNMwAjDTkRlSG-NM5H-88
Makeup Journey by Iyushi,makeup_artist,makeup_artist|point_of_interest|establishment,088603 37444,,"House Number 119, Sector 56, Gurugram, Haryana 122011, India",4.8,13,OPERATIONAL,https://maps.google.com/?cid=5921262258003845597&g_mp=Cilnb29nbGUubWFwcy5wbGFjZXMudjEuUGxhY2VzLlNlYXJjaE5lYXJieRACGAQgAA,ChIJX8QkFTcjDTkR3SE_xqaMLFI
Anand Jha Residence,condominium_complex,condominium_complex|service|point_of_interest|establishment,,,"120, Sector 56, Gurugram, Haryana 122011, India",4.3,3,OPERATIONAL,https://maps.google.com/?cid=3657226795150879774&g_mp=Cilnb29nbGUubWFwcy5wbGFjZXMudjEuUGxhY2VzLlNlYXJjaE5lYXJieRACGAQgAA,ChIJvV2JAAAjDTkRHiwCtGQUwTI
"Dt Monika Badhwar, Best Dietician in Gurgaon, Best Nutritionist in Gurgaon, Diet Clinic, Weight Loss Expert in Gurugram",consultant,consultant|health|service|point_of_interest|establishment,099589 19866,https://dietitianmonikabadhwar.com/,"Plot No. 132, Huda Plot, opposite Devender Vihar, Sector 56, Gurugram, Haryana 122011, India",4.7,71,OPERATIONAL,https://maps.google.com/?cid=2586573136110168401&g_mp=Cilnb29nbGUubWFwcy5wbGFjZXMudjEuUGxhY2VzLlNlYXJjaE5lYXJieRACGAQgAA,ChIJ7bv2WHMjDTkRUSlqI5Ba5SM
SEET MULTISPECIALITY CLINIC & PATH LAB,medical_clinic,medical_clinic|health|point_of_interest|establishment,084487 27009,,"Plot No. 132, Huda Plot, huda plots, Plot No. 132, opposite DEVENDER VIHAR, Sector 56, Gurugram, Haryana 122011, India",4.7,44,OPERATIONAL,https://maps.google.com/?cid=2296802781379430055&g_mp=Cilnb29nbGUubWFwcy5wbGFjZXMudjEuUGxhY2VzLlNlYXJjaE5lYXJieRACGAQgAA,ChIJ____v6DkDDkRpwZA7_Xh3x8
Dr Shubham Joshi,doctor,doctor|health|point_of_interest|establishment,082228 83030,https://drshubhamjoshi.wixsite.com/india,"Plot No. 132, Huda Plot, opposite DEVENDER VIHAR, Sector 56, Gurugram, Haryana 122011, India",4.6,89,OPERATIONAL,https://maps.google.com/?cid=6846466155614856122&g_mp=Cilnb29nbGUubWFwcy5wbGFjZXMudjEuUGxhY2VzLlNlYXJjaE5lYXJieRACGAQgAA,ChIJCZ-NOtsYDTkRumMoxLGIA18
Quick Health 4 U,health,health|point_of_interest|establishment,088514 12642,,"Plot No 2033 Sector 46 Near, Huda Market Rd, Block B, Sector 56, Gurugram, Haryana 122011, India",5,1,OPERATIONAL,https://maps.google.com/?cid=7101778168051936426&g_mp=Cilnb29nbGUubWFwcy5wbGFjZXMudjEuUGxhY2VzLlNlYXJjaE5lYXJieRACGAQgAA,ChIJtS1mRy8ZDTkRqixc9J2VjmI
Priyadarshani Vihar,service,service|point_of_interest|establishment,,,"C3GW+WF8, Block B, Sector 56, Gurugram, Haryana 122011, India",,,OPERATIONAL,https://maps.google.com/?cid=4079303250750395559&g_mp=Cilnb29nbGUubWFwcy5wbGFjZXMudjEuUGxhY2VzLlNlYXJjaE5lYXJieRACGAQgAA,ChIJ____TgciDTkRp9QSiLGYnDg
KIANCRAFT,jewelry_store,jewelry_store|store|point_of_interest|establishment,,,"ground Floor, Plot No 414, near Alpine School, Huda Plot, Sector 56, Gurugram, Haryana 122011, India",5,28,OPERATIONAL,https://maps.google.com/?cid=438788788167997328&g_mp=Cilnb29nbGUubWFwcy5wbGFjZXMudjEuUGxhY2VzLlNlYXJjaE5lYXJieRACGAQgAA,ChIJEfCuqGEjDTkRkHct-hPkFgY
Lorent office,corporate_office,corporate_office|point_of_interest|establishment,,,"390, Block B, Sector 56, Gurugram, Haryana 122011, India",,,OPERATIONAL,https://maps.google.com/?cid=12281814142318518573&g_mp=Cilnb29nbGUubWFwcy5wbGFjZXMudjEuUGxhY2VzLlNlYXJjaE5lYXJieRACGAQgAA,ChIJw7OQOgAjDTkRLaFD_uPEcao
Svasthify Yoga,yoga_studio,yoga_studio|fitness_center|sports_school|sports_complex|gym|sports_activity_location|health|point_of_interest|establishment,087007 45048,http://www.svasthify.com/,"417, near More market, Block B, Sector 56, Gurugram, Haryana 122011, India",4.9,337,OPERATIONAL,https://maps.google.com/?cid=10000521880228976413&g_mp=Cilnb29nbGUubWFwcy5wbGFjZXMudjEuUGxhY2VzLlNlYXJjaE5lYXJieRACGAQgAA,ChIJzUM1_y0jDTkRHdeRP6r9yIo
Alfa Pack And Move,transportation_service,transportation_service|point_of_interest|establishment,,,"412, Block B, Sector 56, Gurugram, Haryana 122011, India",,,OPERATIONAL,https://maps.google.com/?cid=7985451302490983884&g_mp=Cilnb29nbGUubWFwcy5wbGFjZXMudjEuUGxhY2VzLlNlYXJjaE5lYXJieRACGAQgAA,ChIJW66ZVOgjDTkRzM0noKYF0m4
Bhai Mukesh kumar,service,service|point_of_interest|establishment,,,"374, Block B, Sector 56, Gurugram, Haryana 122011, India",,,CLOSED_TEMPORARILY,https://maps.google.com/?cid=8007516536952698443&g_mp=Cilnb29nbGUubWFwcy5wbGFjZXMudjEuUGxhY2VzLlNlYXJjaE5lYXJieRACGAQgAA,ChIJUXRY86kjDTkRS7YhXt1pIG8
"Mesorise World Academy - Best CLAT, CUET, LNAT, LSAT, SAT/ACT, GMAT, GRE COACHING IN GURUGRAM",educational_institution,educational_institution|point_of_interest|establishment,080768 37768,https://mesorise.com/,"Huda Plot, 341 P, near Amazon Public School, Block B, Sector 56, Gurugram, Haryana 122011, India",5,25,OPERATIONAL,https://maps.google.com/?cid=12537388114336068643&g_mp=Cilnb29nbGUubWFwcy5wbGFjZXMudjEuUGxhY2VzLlNlYXJjaE5lYXJieRACGAQgAA,ChIJg7Mz2gAiDTkRI7Q0ZhDA_a0
Vaibhav Bhangra,association_or_organization,association_or_organization|service|point_of_interest|establishment,,,"C3HW+493, Block B, Sector 56, Gurugram, Haryana 122011, India",5,1,OPERATIONAL,https://maps.google.com/?cid=1118124633079929473&g_mp=Cilnb29nbGUubWFwcy5wbGFjZXMudjEuUGxhY2VzLlNlYXJjaE5lYXJieRACGAQgAA,ChIJtW_E0GgjDTkRgdpXAW5ghA8
Hno 361,home_goods_store,home_goods_store|store|point_of_interest|establishment,,,"361, Block B, Sector 56, Gurugram, Haryana 122011, India",,,CLOSED_TEMPORARILY,https://maps.google.com/?cid=16733042210893962785&g_mp=Cilnb29nbGUubWFwcy5wbGFjZXMudjEuUGxhY2VzLlNlYXJjaE5lYXJieRACGAQgAA,ChIJ4edn2lcjDTkRIZ7zPzy1N-g
DxToys,store,store|point_of_interest|establishment,093190 70862,https://youtube.com/@dxtoys?si=HQKLcul8EsegegXp,"huda plots, 359, Block B, Sector 56, Gurugram, Haryana 122011, India",5,25,OPERATIONAL,https://maps.google.com/?cid=18441061789087215084&g_mp=Cilnb29nbGUubWFwcy5wbGFjZXMudjEuUGxhY2VzLlNlYXJjaE5lYXJieRACGAQgAA,ChIJpZrtG0ojDTkR7K2SA_7P6_8
Excellent Services,supplier,point_of_interest|supplier|establishment,,,"H.No 357, Ground floor, Block B, Sector 56, Gurugram, Haryana 122011, India",4.3,6,OPERATIONAL,https://maps.google.com/?cid=4108671951546020827&g_mp=Cilnb29nbGUubWFwcy5wbGFjZXMudjEuUGxhY2VzLlNlYXJjaE5lYXJieRACGAQgAA,ChIJMwLyze0jDTkR2_OCCl_vBDk
IKNOOR ENTERPRISES,building_materials_store,building_materials_store|clothing_store|home_goods_store|store|point_of_interest|establishment,,,"HOUSE NO. 345, 1ST FLOOR, Block B, Sector 56, Gurugram, Haryana 122011, India",5,2,OPERATIONAL,https://maps.google.com/?cid=5906594900838830134&g_mp=Cilnb29nbGUubWFwcy5wbGFjZXMudjEuUGxhY2VzLlNlYXJjaE5lYXJieRACGAQgAA,ChIJ3wtrS1UjDTkRNtChkMRw-FE
New Kalra villa sector 56,association_or_organization,association_or_organization|service|point_of_interest|establishment,,,"343, Block B, Sector 56, Gurugram, Haryana 122011, India",,,OPERATIONAL,https://maps.google.com/?cid=13408155300709520030&g_mp=Cilnb29nbGUubWFwcy5wbGFjZXMudjEuUGxhY2VzLlNlYXJjaE5lYXJieRACGAQgAA,ChIJlxms0XgjDTkRntIP4DRWE7o
Yadav home,apartment_building,apartment_building|service|point_of_interest|establishment,,,"364, Block B, Sector 56, Gurugram, Haryana 122011, India",5,2,OPERATIONAL,https://maps.google.com/?cid=393834619870664932&g_mp=Cilnb29nbGUubWFwcy5wbGFjZXMudjEuUGxhY2VzLlNlYXJjaE5lYXJieRACGAQgAA,ChIJNwn-TXYjDTkR5FikCYAudwU
Cosy Lookout Studio Apartments,condominium_complex,condominium_complex|service|point_of_interest|establishment,,,"340, Block B, Sector 56, Gurugram, Haryana 122011, India",,,OPERATIONAL,https://maps.google.com/?cid=17723560558160235217&g_mp=Cilnb29nbGUubWFwcy5wbGFjZXMudjEuUGxhY2VzLlNlYXJjaE5lYXJieRACGAQgAA,ChIJGzxZawAjDTkR0cpDmGy89vU
Kalra family 338,service,service|point_of_interest|establishment,,,"339, Block A, Sector 56, Gurugram, Haryana 122011, India",,,OPERATIONAL,https://maps.google.com/?cid=919174968998793283&g_mp=Cilnb29nbGUubWFwcy5wbGFjZXMudjEuUGxhY2VzLlNlYXJjaE5lYXJieRACGAQgAA,ChIJDRcUYVIjDTkRQ5CaqcOQwQw
Sarita's Home,apartment_building,apartment_building|service|point_of_interest|establishment,,,"C3HW+2Q2, Block B, Sector 56, Gurugram, Haryana 122011, India",1,1,OPERATIONAL,https://maps.google.com/?cid=8891906026292840888&g_mp=Cilnb29nbGUubWFwcy5wbGFjZXMudjEuUGxhY2VzLlNlYXJjaE5lYXJieRACGAQgAA,ChIJHRBdOWQjDTkRuAlXaWtlZns
Rajesh Yadav House,apartment_building,apartment_building|service|point_of_interest|establishment,,,"Block A, Block B, Sector 56, Gurugram, Ghata, Haryana 122011, India",,,OPERATIONAL,https://maps.google.com/?cid=10199548841188701371&g_mp=Cilnb29nbGUubWFwcy5wbGFjZXMudjEuUGxhY2VzLlNlYXJjaE5lYXJieRACGAQgAA,ChIJ_-46dAAjDTkRu7RMrKETjI0
"HUDA Park 2, Sector 56, Gurugram",park,park|point_of_interest|establishment,,,"444, Block A, Block B, Sector 56, Gurugram, Haryana 122011, India",3.5,2,OPERATIONAL,https://maps.google.com/?cid=8338139457509615718&g_mp=Cilnb29nbGUubWFwcy5wbGFjZXMudjEuUGxhY2VzLlNlYXJjaE5lYXJieRACGAQgAA,ChIJiXwV2bMjDTkRZmiHxKgFt3M
"Aura Flower Decor ,Florist Gurgoun Florist Near Gurgoun Near Delhi Decoration",florist,florist|store|point_of_interest|establishment,,,"street no 2 sector 56, B-BLOCK, Huda Market Rd, near by harish bekary, Block B, Sector 56, Gurugram, Haryana 122011, India",,,OPERATIONAL,https://maps.google.com/?cid=5263046110296773565&g_mp=Cilnb29nbGUubWFwcy5wbGFjZXMudjEuUGxhY2VzLlNlYXJjaE5lYXJieRACGAQgAA,ChIJOeXcf4IjDTkRvZO9cI0YCkk
Sri Laxmi Transport,,point_of_interest|establishment,,https://www.srilaxmipm.in/,"32, near Harish Bakery, Block B, Sector 56, Gurugram, Haryana 122011, India",,,OPERATIONAL,https://maps.google.com/?cid=917558923224473304&g_mp=Cilnb29nbGUubWFwcy5wbGFjZXMudjEuUGxhY2VzLlNlYXJjaE5lYXJieRACGAQgAA,ChIJr6B8_VQZDTkR2N5Ir_rSuww
"Biryani By Kilo- Sector 56, Gurgaon",restaurant,restaurant|food|point_of_interest|establishment,,https://biryanibykilo.com/,"NO. 61 2nd Floor, SCO, Huda Market Rd, Block B, Sector 56, Gurugram, Haryana 122011, India",3.1,33,OPERATIONAL,https://maps.google.com/?cid=993115578069484661&g_mp=Cilnb29nbGUubWFwcy5wbGFjZXMudjEuUGxhY2VzLlNlYXJjaE5lYXJieRACGAQgAA,ChIJ0QM7UpQZDTkRdQS9Q1tByA0
Oberst Strength- Sector 56 Gurugram,gym,gym|fitness_center|sports_club|sports_activity_location|health|service|association_or_organization|point_of_interest|establishment,092054 60889,https://oberst-strength-sector.grexa.site/,"1st & 2nd Floor, SCO 18-19, near Harish Bakery, Block B, Sector 56, Gurugram, Haryana 122011, India",4.9,168,OPERATIONAL,https://maps.google.com/?cid=14957042691369133097&g_mp=Cilnb29nbGUubWFwcy5wbGFjZXMudjEuUGxhY2VzLlNlYXJjaE5lYXJieRACGAQgAA,ChIJ78Mewd8jDTkRKeRo_RQXks8
Curl Fitness Gym,gym,gym|fitness_center|sports_activity_location|health|point_of_interest|establishment,099535 59947,,"SCO 18-19, 1st & 2nd Floor, near Harish Bakery, Block B, Sector 56, Gurugram, Haryana 122011, India",4.6,287,OPERATIONAL,https://maps.google.com/?cid=12386057212258782578&g_mp=Cilnb29nbGUubWFwcy5wbGFjZXMudjEuUGxhY2VzLlNlYXJjaE5lYXJieRACGAQgAA,ChIJ_VaKHGcjDTkRco1ZEGkd5Ks
Tata Play Fiber - Sector 56,service,service|point_of_interest|establishment,0612 415 7490,http://tataplayfiber.com/,"Huda Market Rd, nearby New Age Apparels Clothing Shop, Block B, Sector 56, Gurugram, Haryana 122011, India",5,8,OPERATIONAL,https://maps.google.com/?cid=17718973374737083521&g_mp=Cilnb29nbGUubWFwcy5wbGFjZXMudjEuUGxhY2VzLlNlYXJjaE5lYXJieRACGAQgAA,ChIJkSAKsbYjDTkRgezOuWdw5vU
New AGE APPARELS,clothing_store,clothing_store|store|point_of_interest|establishment,093198 55773,,"Ground Floor , First Floor & Basement, SCO-32, Huda Market Rd, Block B, Sector 56, Gurugram, Haryana 122011, India",4.9,167,OPERATIONAL,https://maps.google.com/?cid=7576629640512580883&g_mp=Cilnb29nbGUubWFwcy5wbGFjZXMudjEuUGxhY2VzLlNlYXJjaE5lYXJieRACGAQgAA,ChIJ36-3V2IjDTkRE61y7YOYJWk
MAAC Gurgaon - Sector 56,,educational_institution|point_of_interest|establishment,096507 07357,https://www.maacgurgaon.com/,"SCO-33 SF, Huda Market Rd, next to Harish Bakery, Block B, Sector 56, Gurugram, Haryana 122001, India",4.9,37,OPERATIONAL,https://maps.google.com/?cid=4657042155901956906&g_mp=Cilnb29nbGUubWFwcy5wbGFjZXMudjEuUGxhY2VzLlNlYXJjaE5lYXJieRACGAQgAA,ChIJKY8IQmEjDTkRKjOOriojoUA
Kaanta,educational_institution,educational_institution|point_of_interest|establishment,0124 655 5748,,"32, Block B, 122011, 32, near Harish Bakery, Block B, Sector 56, Gurugram, Haryana 122011, India",5,1,OPERATIONAL,https://maps.google.com/?cid=4576205951657287398&g_mp=Cilnb29nbGUubWFwcy5wbGFjZXMudjEuUGxhY2VzLlNlYXJjaE5lYXJieRACGAQgAA,ChIJp62ufQAiDTkR5p6PNxHzgT8
Dilli Darbar,indian_restaurant,indian_restaurant|pakistani_restaurant|north_indian_restaurant|restaurant|food|point_of_interest|establishment,,,"SCO 17, Block B, Sector 56, Gurugram, Haryana 122011, India",4.3,9,CLOSED_TEMPORARILY,https://maps.google.com/?cid=8118788480332490509&g_mp=Cilnb29nbGUubWFwcy5wbGFjZXMudjEuUGxhY2VzLlNlYXJjaE5lYXJieRACGAQgAA,ChIJJXIP23MjDTkRDWfAkBu7q3A
Firstcry Store Gurgaon Sector 56,child_care_agency,gift_shop|toy_store|child_care_agency|clothing_store|supplier|store|manufacturer|service|point_of_interest|establishment,099963 54433,http://www.firstcry.com/,"First Floor, HUDA Market, S.C.O # 20, near Harish Bakery, Block B, Sector 56, Gurugram, Haryana 122011, India",4.6,761,OPERATIONAL,https://maps.google.com/?cid=18106698671402944687&g_mp=Cilnb29nbGUubWFwcy5wbGFjZXMudjEuUGxhY2VzLlNlYXJjaE5lYXJieRACGAQgAA,ChIJE04R8BIZDTkRr4gCHILqR_s
Shivani Apartments,apartment_building,apartment_building|service|point_of_interest|establishment,,,"GH51, Block B, Sector 56, Gurugram, Haryana 122011, India",5,2,OPERATIONAL,https://maps.google.com/?cid=2802556796705941135&g_mp=Cilnb29nbGUubWFwcy5wbGFjZXMudjEuUGxhY2VzLlNlYXJjaE5lYXJieRACGAQgAA,ChIJPcYsdz0jDTkRj6aD2o6u5CY
AMPM STORE SECTOR-56 GURUGRAM,convenience_store,convenience_store|gift_shop|drugstore|food_delivery|fast_food_restaurant|confectionery|bakery|food_store|store|health|service|restaurant|food|point_of_interest|establishment,088139 88130,http://www.ampmstore.in/,"SCO-19, B-Block, Huda Market Rd, Block B, Sector 56, Gurugram, Haryana 122011, India",4.1,28,OPERATIONAL,https://maps.google.com/?cid=18344067461370536441&g_mp=Cilnb29nbGUubWFwcy5wbGFjZXMudjEuUGxhY2VzLlNlYXJjaE5lYXJieRACGAQgAA,ChIJ96WRPLAjDTkR-eHKQio4k_4
Karim's Sector 56,north_indian_restaurant,north_indian_restaurant|indian_restaurant|restaurant|food|point_of_interest|establishment,0124 446 5423,,"SCO 33, First Floor, next to Harish Bakery, Block B, Sector 56, Gurugram, Haryana 122011, India",2.5,50,OPERATIONAL,https://maps.google.com/?cid=13582266033750049872&g_mp=Cilnb29nbGUubWFwcy5wbGFjZXMudjEuUGxhY2VzLlNlYXJjaE5lYXJieRACGAQgAA,ChIJPdIjElMjDTkRUISG6v7mfbw
Harish Bakery,bakery,bakery|food_store|store|food|point_of_interest|establishment,095606 08422,http://www.harishbakery.com/,"33, Block B, Sector 56, Gurugram, Haryana 122011, India",4.1,3882,OPERATIONAL,https://maps.google.com/?cid=10578439782580378993&g_mp=Cilnb29nbGUubWFwcy5wbGFjZXMudjEuUGxhY2VzLlNlYXJjaE5lYXJieRACGAQgAA,ChIJg7AOUNgjDTkRcV2Qbu8qzpI
Ivory Room Salon Sec56,beauty_salon,beauty_salon|service|point_of_interest|establishment,096250 28724,http://www.ivoryroomsalon.com/,"SCO 19 , Ground Floor, Huda Market, near Harish Bakery, Block B, Sector 56, Gurugram, Haryana 122011, India",4.6,322,OPERATIONAL,https://maps.google.com/?cid=10330516142341886392&g_mp=Cilnb29nbGUubWFwcy5wbGFjZXMudjEuUGxhY2VzLlNlYXJjaE5lYXJieRACGAQgAA,ChIJiRbuWOcjDTkRuBG6srJdXY8
"Starving Panda Cafe, Gurgaon",chinese_restaurant,chinese_restaurant|food_court|cafe|restaurant|food|point_of_interest|establishment,,http://www.starvingpanda.in/,"SCO No. 38, 1st Floor, near Huda Market, Block B, Sector 56, Gurugram, Haryana 122011, India",4.8,39,CLOSED_TEMPORARILY,https://maps.google.com/?cid=17616759282959744912&g_mp=Cilnb29nbGUubWFwcy5wbGFjZXMudjEuUGxhY2VzLlNlYXJjaE5lYXJieRACGAQgAA,ChIJlXyENf0jDTkRkH9h8jpNe_Q
Kropp Salon,beauty_salon,beauty_salon|makeup_artist|service|point_of_interest|establishment,098109 40042,,"SCO-39, District Shopping Complex, 1st Floor, above HDFC Bank, Block B, Sector 56, Gurugram, Haryana 122011, India",3.6,80,CLOSED_TEMPORARILY,https://maps.google.com/?cid=14818898828053154846&g_mp=Cilnb29nbGUubWFwcy5wbGFjZXMudjEuUGxhY2VzLlNlYXJjaE5lYXJieRACGAQgAA,ChIJH1lWgAAiDTkRHoyPYPhNp80
Subway Sector 56 Gurgaon,fast_food_restaurant,fast_food_restaurant|salad_shop|sandwich_shop|restaurant|food|point_of_interest|establishment,099718 13195,https://subway.in/,"District commercial centre, Sco 18, Huda Market Rd, near Harish Bakery, Block B, Sector 56, Gurugram, Haryana 122011, India",4.1,322,OPERATIONAL,https://maps.google.com/?cid=5234342181656349910&g_mp=Cilnb29nbGUubWFwcy5wbGFjZXMudjEuUGxhY2VzLlNlYXJjaE5lYXJieRACGAQgAA,ChIJFdX4gAAiDTkR1kx4QnsepEg
Vinay,store,store|point_of_interest|establishment,087578 70194,,"SCO18, Huda Market Rd, Block B, Sector 56, Gurugram, Haryana 122011, India",,,CLOSED_TEMPORARILY,https://maps.google.com/?cid=6843935249160732672&g_mp=Cilnb29nbGUubWFwcy5wbGFjZXMudjEuUGxhY2VzLlNlYXJjaE5lYXJieRACGAQgAA,ChIJR-U2ewAiDTkRAAAAMNmK-l4
Shrishti Apartment,apartment_building,apartment_building|point_of_interest|service|establishment,,,"Plot 56, Block B, Sector 56, Gurugram, Haryana 122011, India",4.2,24,OPERATIONAL,https://maps.google.com/?cid=6601526486712224122&g_mp=Cilnb29nbGUubWFwcy5wbGFjZXMudjEuUGxhY2VzLlNlYXJjaE5lYXJieRACGAQgAA,ChIJwfu7jP8hDTkReonQ_1xVnVs
Shree Banke Bihari Apartments,apartment_building,apartment_building|point_of_interest|service|establishment,,,"A-Block, SHRI BANKE BIHARI, GH55, Block B, Sector 56, Gurugram, Haiderpur, Haryana 122011, India",,,OPERATIONAL,https://maps.google.com/?cid=2462804134795577294&g_mp=Cilnb29nbGUubWFwcy5wbGFjZXMudjEuUGxhY2VzLlNlYXJjaE5lYXJieRACGAQgAA,ChIJTRy-fAAhDTkRzofa5U-jLSI
HUDA Park,park,park|point_of_interest|establishment,,,"C4H3+669, AIT Chowk, Block B, Sector 56, Gurugram, Haryana 122011, India",3.9,31,OPERATIONAL,https://maps.google.com/?cid=6710350366856777157&g_mp=Cilnb29nbGUubWFwcy5wbGFjZXMudjEuUGxhY2VzLlNlYXJjaE5lYXJieRACGAQgAA,ChIJee1PfFUfDTkRxQ3pDhv0H10
Jwahar Apartments,apartment_building,apartment_building|point_of_interest|service|establishment,,,"GH - 54, Block B, Sector 56, Gurugram, Haryana 122011, India",5,4,OPERATIONAL,https://maps.google.com/?cid=17445857141634955921&g_mp=Cilnb29nbGUubWFwcy5wbGFjZXMudjEuUGxhY2VzLlNlYXJjaE5lYXJieRACGAQgAA,ChIJTxP5lP8hDTkRkfpcYaMiHPI
Home 2,apartment_building,apartment_building|point_of_interest|service|establishment,,,"54, Block B, Sector 56, Gurugram, Haryana 122011, India",,,OPERATIONAL,https://maps.google.com/?cid=7338434280926502422&g_mp=Cilnb29nbGUubWFwcy5wbGFjZXMudjEuUGxhY2VzLlNlYXJjaE5lYXJieRACGAQgAA,ChIJ7zCLmMchDTkRFl4sChlb12U
Fernweh India Events & Holidays,,point_of_interest|establishment,,,"OFFICE, JAWAHAR APARTMENT-1, 172/52, Block B, Sector 56, Gurugram, Haryana 122011, India",4.8,26,CLOSED_TEMPORARILY,https://maps.google.com/?cid=47872036451567044&g_mp=Cilnb29nbGUubWFwcy5wbGFjZXMudjEuUGxhY2VzLlNlYXJjaE5lYXJieRACGAQgAA,ChIJWRIuv_sZDTkRxMVeD10TqgA
"21shots, Sector 56, Gurgaon",bar,bar|point_of_interest|establishment,,,"Meditech Apartments, Police Station, Plot GH-59, behind Sector 56 Road, Block B, Sector 56, Gurugram, Haiderpur, Haryana 122011, India",,,CLOSED_TEMPORARILY,https://maps.google.com/?cid=3519187820368078988&g_mp=Cilnb29nbGUubWFwcy5wbGFjZXMudjEuUGxhY2VzLlNlYXJjaE5lYXJieRACGAQgAA,ChIJ45OxOQAjDTkRjKjrWq2q1jA
Tennis court 2,tennis_court,tennis_court|athletic_field|sports_activity_location|point_of_interest|establishment,,,"310, Tower 3, Hewo Apartments Part 1, Block B, Sector 56, Gurugram, Haryana 122011, India",,,OPERATIONAL,https://maps.google.com/?cid=3537905758501966302&g_mp=Cilnb29nbGUubWFwcy5wbGFjZXMudjEuUGxhY2VzLlNlYXJjaE5lYXJieRACGAQgAA,ChIJMW1gg8YjDTkR3pFR8IoqGTE
Jaivee Tent,supplier,supplier|point_of_interest|service|establishment,092055 91693,,"Shop No-15, Huda Market Rd, Block B, Sector 56, Gurugram, Haryana 122011, India",5,1,OPERATIONAL,https://maps.google.com/?cid=2456236032059650989&g_mp=Cilnb29nbGUubWFwcy5wbGFjZXMudjEuUGxhY2VzLlNlYXJjaE5lYXJieRACGAQgAA,ChIJyxTuVQohDTkRrTNuT6hNFiI
Regal Dry Cleaners | Sofa & Carpet Cleaning Services,laundry,laundry|point_of_interest|service|establishment,093199 71001,,"101, Meditech Building Plot No - 59, Block B, Sector 56, Gurugram, Haryana 122011, India",4.6,85,OPERATIONAL,https://maps.google.com/?cid=14547390402533225862&g_mp=Cilnb29nbGUubWFwcy5wbGFjZXMudjEuUGxhY2VzLlNlYXJjaE5lYXJieRACGAQgAA,ChIJP2EWbSUZDTkRhnXr53624sk
Sahyog Apartments,apartment_building,apartment_building|point_of_interest|service|establishment,,,"Sahyog Apartment 2, Block B, Sector 56, Gurugram, Haiderpur, Haryana 122011, India",3.8,28,OPERATIONAL,https://maps.google.com/?cid=13754648592099825934&g_mp=Cilnb29nbGUubWFwcy5wbGFjZXMudjEuUGxhY2VzLlNlYXJjaE5lYXJieRACGAQgAA,ChIJcWPPxv8hDTkRDtlv7gRU4r4
Intelligentsia Housing Society,association_or_organization,association_or_organization|point_of_interest|service|establishment,0124 257 3720,,"Plot No GH 60, Plot No - GH 60, Block B, Sector 56, Gurugram, Haryana 122011, India",4.1,73,CLOSED_TEMPORARILY,https://maps.google.com/?cid=16587350343097588428&g_mp=Cilnb29nbGUubWFwcy5wbGFjZXMudjEuUGxhY2VzLlNlYXJjaE5lYXJieRACGAQgAA,ChIJ7WALg_8hDTkRzBpJ5UAbMuY
The New Shivani CGHS Ltd,association_or_organization,association_or_organization|point_of_interest|service|establishment,,,"C4H2+6H9, Unnamed Road, Block B, Sector 56, Gurugram, Haryana 122011, India",3,6,OPERATIONAL,https://maps.google.com/?cid=1838731877638582&g_mp=Cilnb29nbGUubWFwcy5wbGFjZXMudjEuUGxhY2VzLlNlYXJjaE5lYXJieRACGAQgAA,ChIJhZQI5ScjDTkRtmFnIFGIBgA
opulent estate,real_estate_agency,real_estate_agency|point_of_interest|service|establishment,,,"2919, Ground floor, G-BLOCK, Sushant Lok II, Block B, Sector 56, Gurugram, Haryana 122011, India",,,CLOSED_TEMPORARILY,https://maps.google.com/?cid=5727432648562942135&g_mp=Cilnb29nbGUubWFwcy5wbGFjZXMudjEuUGxhY2VzLlNlYXJjaE5lYXJieRACGAQgAA,ChIJm6aJzTIjDTkRt6CRDKbte08
Meditech Apartments,condominium_complex,condominium_complex|point_of_interest|service|establishment,,,"Meditech Apartments, Plot Number GH 59, Block B, Sector 56, Gurugram, Haryana 122011, India",4.2,81,OPERATIONAL,https://maps.google.com/?cid=10593495431509946305&g_mp=Cilnb29nbGUubWFwcy5wbGFjZXMudjEuUGxhY2VzLlNlYXJjaE5lYXJieRACGAQgAA,ChIJxa4WKgAiDTkRwa_f3PenA5M
DJ Sound Vision Event & Entertainment,service,point_of_interest|service|establishment,,,"Khasra No 2313, Block B, Sector 45, Gurugram, Haryana 122011, India",,,CLOSED_TEMPORARILY,https://maps.google.com/?cid=9067987942081324077&g_mp=Cilnb29nbGUubWFwcy5wbGFjZXMudjEuUGxhY2VzLlNlYXJjaE5lYXJieRACGAQgAA,ChIJuZO2LgAiDTkRLWRIM_32130
Sarah flower decoration,florist,florist|point_of_interest|store|establishment,,https://sarah-flower-decoration.grexa.site/,"Huda market, Block B, Sector 56, Gurugram, Haryana 122011, India",4.9,19,OPERATIONAL,https://maps.google.com/?cid=16687074991085012770&g_mp=Cilnb29nbGUubWFwcy5wbGFjZXMudjEuUGxhY2VzLlNlYXJjaE5lYXJieRACGAQgAA,ChIJE7aT2oIjDTkRIkft30pmlOc
Design Technofy,service,point_of_interest|service|establishment,,https://www.designtechnofy.com/,"Medinova Apartments, Block B, Sector 56, Gurugram, Haryana 122011, India",5,14,OPERATIONAL,https://maps.google.com/?cid=17070352713574566218&g_mp=Cilnb29nbGUubWFwcy5wbGFjZXMudjEuUGxhY2VzLlNlYXJjaE5lYXJieRACGAQgAA,ChIJLeBTa_IjDTkRSsk8s1kT5uw
Dr.Sameer Kakar,doctor,doctor|health|point_of_interest|establishment,098107 73803,https://www.eka.care/doctor/dr-sameer-kakar-orthopaedics-gurgaon?utm_source=gmb&utm_medium=website&utm_campaign=032023,"B-8 SUSHANT LOK, Golf Course Rd, behind Sector 56 Main Road, near JAWAHAR APARTMENTS, PHASE II, Sector 56, Gurugram, Haryana 122011, India",4.8,42,OPERATIONAL,https://maps.google.com/?cid=18412428303746757680&g_mp=Cilnb29nbGUubWFwcy5wbGFjZXMudjEuUGxhY2VzLlNlYXJjaE5lYXJieRACGAQgAA,ChIJ-5LWmP0ZDTkRMHQsMf0Vhv8
"Injection Services at Home, Hospital bed on rent",health,association_or_organization|health|point_of_interest|service|establishment,098993 04466,https://wa.link/da8nau,"Flat No - 422, HEWO Apartment, Tower-6, near Rail Vihar, Block B, Sector 56, Gurugram, Haryana 122011, India",5,56,OPERATIONAL,https://maps.google.com/?cid=3612767847605976142&g_mp=Cilnb29nbGUubWFwcy5wbGFjZXMudjEuUGxhY2VzLlNlYXJjaE5lYXJieRACGAQgAA,ChIJY1jN6dYhDTkRTryBVDchIzI
Drycleanmate,laundry,laundry|service|point_of_interest|establishment,,,"H 124, near post office, Wazirabad, Sector 52, Gurugram, Haryana 122003, India",5,2,OPERATIONAL,https://maps.google.com/?cid=9305225065959563415&g_mp=Cilnb29nbGUubWFwcy5wbGFjZXMudjEuUGxhY2VzLlNlYXJjaE5lYXJieRACGAQgAA,ChIJk3bAawAZDTkRl6CUc-XMIoE
SHIFA INTERIOR & FEBRICATOR,point_of_interest,point_of_interest|establishment,,,"Wazirabad, Sector 52, Gurugram, Haryana 122003, India",,,OPERATIONAL,https://maps.google.com/?cid=2552368699546276086&g_mp=Cilnb29nbGUubWFwcy5wbGFjZXMudjEuUGxhY2VzLlNlYXJjaE5lYXJieRACGAQgAA,ChIJq1PF36YYDTkR9hBIKM_VayM
INDIAN HOME FABRICATOR,manufacturer,manufacturer|point_of_interest|establishment,063963 38832,,"Shop no 4, indian oil petrol pump, near mla house society, Wazirabad, Sector 52, Gurugram, Haryana 122003, India",4.5,32,OPERATIONAL,https://maps.google.com/?cid=8098879373245044037&g_mp=Cilnb29nbGUubWFwcy5wbGFjZXMudjEuUGxhY2VzLlNlYXJjaE5lYXJieRACGAQgAA,ChIJBx0FeqcZDTkRRVUCWeH_ZHA
ADNAN ENTERPRISES,point_of_interest,point_of_interest|establishment,,,"Wazirabad, Sector 52, Gurugram, Haryana 122003, India",,,OPERATIONAL,https://maps.google.com/?cid=10698188992339008991&g_mp=Cilnb29nbGUubWFwcy5wbGFjZXMudjEuUGxhY2VzLlNlYXJjaE5lYXJieRACGAQgAA,ChIJuZR24KYYDTkR311cBDWad5Q
Sharik Sofa Repair,service,furniture_store|home_improvement_store|home_goods_store|store|service|point_of_interest|establishment,070110 18425,https://www.facebook.com/SofaRepairServices/,"Wazirabad, market, Rod, near, Sector 57 Rd, Wazirabad, Sector 52, Gurugram, Haryana 122003, India",4.7,83,OPERATIONAL,https://maps.google.com/?cid=16560488263574560890&g_mp=Cilnb29nbGUubWFwcy5wbGFjZXMudjEuUGxhY2VzLlNlYXJjaE5lYXJieRACGAQgAA,ChIJ3VFp-34ZDTkReiBjoVWs0uU
Bharat Glass & Aluminium,supermarket,supermarket|grocery_store|food_store|store|food|point_of_interest|establishment,063862 65657,,"Shop No 1, main market, near MLA Housing society, Wazirabad, Sector 52, Gurugram, Haryana 122001, India",5,3,OPERATIONAL,https://maps.google.com/?cid=6020725170995111196&g_mp=Cilnb29nbGUubWFwcy5wbGFjZXMudjEuUGxhY2VzLlNlYXJjaE5lYXJieRACGAQgAA,ChIJ5Z9sUGIZDTkRHKVq06TpjVM
Shadab Steel Fabricator & Welding,manufacturer,manufacturer|point_of_interest|establishment,098911 18035,,"near Mla House, Wazirabad, Sector 52, Gurugram, Haryana 122003, India",5,7,OPERATIONAL,https://maps.google.com/?cid=4082776297914547907&g_mp=Cilnb29nbGUubWFwcy5wbGFjZXMudjEuUGxhY2VzLlNlYXJjaE5lYXJieRACGAQgAA,ChIJ836T4KYYDTkRw76UVmnvqDg
Lohar Aluminium,,point_of_interest|establishment,,,"C3JP+5M9, near Mla House, Wazirabad, Sector 52, Gurugram, Haryana 122003, India",5,1,OPERATIONAL,https://maps.google.com/?cid=10673984633188767875&g_mp=Cilnb29nbGUubWFwcy5wbGFjZXMudjEuUGxhY2VzLlNlYXJjaE5lYXJieRACGAQgAA,ChIJ5xiNJwAZDTkRg9gxf3icIZQ
Sultan singh apartment,hotel,hotel|lodging|point_of_interest|establishment,098103 57851,,"Sajid sofa repair raclainar repair center, Wazirabad, Sector 52, Gurugram, Haryana 122003, India",4.7,11,OPERATIONAL,https://maps.google.com/?cid=13226294608928760746&g_mp=Cilnb29nbGUubWFwcy5wbGFjZXMudjEuUGxhY2VzLlNlYXJjaE5lYXJieRACGAQgAA,ChIJ41-pcS0ZDTkRquPc8948jbc
Shiv Aluminium works,building_materials_store,building_materials_store|store|point_of_interest|establishment,099583 43006,https://shiv-aluminium-works.grexa.site/,"Main market, opp. r k plaza, near mla house, Wazirabad, Sector 52, Gurugram, Haryana 122003, India",5,37,OPERATIONAL,https://maps.google.com/?cid=3840086566240906632&g_mp=Cilnb29nbGUubWFwcy5wbGFjZXMudjEuUGxhY2VzLlNlYXJjaE5lYXJieRACGAQgAA,ChIJxaNBzLwjDTkRiO2J52K6SjU
Golden Furniture and Interior Designs,manufacturer,general_contractor|manufacturer|service|point_of_interest|establishment,097606 09850,https://goldenfurniture.co.in/,"Gali No. 2, near Child Glow Clinic, Wazirabad, Sector 52, Gurugram, Haryana 122003, India",5,10,OPERATIONAL,https://maps.google.com/?cid=2264557780396223345&g_mp=Cilnb29nbGUubWFwcy5wbGFjZXMudjEuUGxhY2VzLlNlYXJjaE5lYXJieRACGAQgAA,ChIJCU5y4zkZDTkRcSvdmU1TbR8
Danish Fabricator,service,service|point_of_interest|establishment,070558 89014,,"Wazirabad, Sector 52, Gurugram, Haryana 122003, India",5,9,OPERATIONAL,https://maps.google.com/?cid=6139260781514746994&g_mp=Cilnb29nbGUubWFwcy5wbGFjZXMudjEuUGxhY2VzLlNlYXJjaE5lYXJieRACGAQgAA,ChIJq9bS5BQZDTkRcmysUScJM1U
Shri BalaJi General Store,general_store,general_store|food_store|store|food|point_of_interest|establishment,087697 77286,,"near by Shivam Aluminium, Wazirabad, Sector 52, Gurugram, Haryana 122003, India",,,OPERATIONAL,https://maps.google.com/?cid=9505854060256241761&g_mp=Cilnb29nbGUubWFwcy5wbGFjZXMudjEuUGxhY2VzLlNlYXJjaE5lYXJieRACGAQgAA,ChIJB9FBCLoZDTkRYShHVOeT64M
Massage at home,wellness_center,wellness_center|health|point_of_interest|establishment,,,"Wazirabad 128, Wazirabad, Sector 56, Gurugram, Haryana 122003, India",,,OPERATIONAL,https://maps.google.com/?cid=18308808313890306946&g_mp=Cilnb29nbGUubWFwcy5wbGFjZXMudjEuUGxhY2VzLlNlYXJjaE5lYXJieRACGAQgAA,ChIJBZQbUJkZDTkRgnsmQij0Ff4
Homelystay VII,apartment_building,apartment_building|service|point_of_interest|establishment,,,"HOMELY STAY, HNO:- 1345/6/2, near MLA HOUSES, Wazirabad, Sector 52, Gurugram, Haryana 122001, India",4.5,2,OPERATIONAL,https://maps.google.com/?cid=11480053055325320696&g_mp=Cilnb29nbGUubWFwcy5wbGFjZXMudjEuUGxhY2VzLlNlYXJjaE5lYXJieRACGAQgAA,ChIJgzP2NXgZDTkR-LVNDW5XUZ8
CHILD GLOW CLINIC,medical_clinic,medical_clinic|health|point_of_interest|establishment,072909 11744,,"C3JP+9P5 Child glow clinic, near jawahar MLA cghs flats, Wazirabad, Sector 52, Gurugram, Haryana 122003, India",5,56,OPERATIONAL,https://maps.google.com/?cid=2445028954021228605&g_mp=Cilnb29nbGUubWFwcy5wbGFjZXMudjEuUGxhY2VzLlNlYXJjaE5lYXJieRACGAQgAA,ChIJg6QyOc0ZDTkRPfD6HeF87iE
Steel Fabrication Gurgaon,manufacturer,supplier|store|manufacturer|service|point_of_interest|establishment,084458 40095,https://steelfabricationandweldingwork.in/,"near MLA house, Wazirabad, Sector 52, Gurugram, Haryana 122003, India",5,110,OPERATIONAL,https://maps.google.com/?cid=1118814355388005299&g_mp=Cilnb29nbGUubWFwcy5wbGFjZXMudjEuUGxhY2VzLlNlYXJjaE5lYXJieRACGAQgAA,ChIJNWu6LlYZDTkRs3uCfrrThg8
Azhar Glass,,point_of_interest|establishment,,,"Azhar, 5street, Light, Wazirabad, Sector 57, Gurugram, Haryana 122003, India",,,CLOSED_TEMPORARILY,https://maps.google.com/?cid=15629209300213877213&g_mp=Cilnb29nbGUubWFwcy5wbGFjZXMudjEuUGxhY2VzLlNlYXJjaE5lYXJieRACGAQgAA,ChIJcW7P4aYYDTkR3cl6Kw0b5tg
Danish Fabricator-Steel Fabricator in Gurgaon/Railing/Shutter/Steel Door/Welding Work,store,supplier|store|manufacturer|service|point_of_interest|establishment,070558 89014,,"Near, mla house, Wazirabad, Sector 52, Gurugram, Haryana 122003, India",5,2,OPERATIONAL,https://maps.google.com/?cid=15609136792058409411&g_mp=Cilnb29nbGUubWFwcy5wbGFjZXMudjEuUGxhY2VzLlNlYXJjaE5lYXJieRACGAQgAA,ChIJZ_x6I0AZDTkRwzEfLTbLntg
Tanishq Furniture House,manufacturer,manufacturer|service|point_of_interest|establishment,,,"C3JP+8J6, near Aata Chakki, Wazirabad, Sector 52, Gurugram, Haryana 122003, India",,,CLOSED_TEMPORARILY,https://maps.google.com/?cid=12385777636925284843&g_mp=Cilnb29nbGUubWFwcy5wbGFjZXMudjEuUGxhY2VzLlNlYXJjaE5lYXJieRACGAQgAA,ChIJt9U63aYYDTkR66HoWyMf46s
MAHADEV CAR ACCESSORIES,auto_parts_store,auto_parts_store|car_repair|store|service|point_of_interest|establishment,093540 37941,,"C3JQ+5V8, Wazirabad, Sector 52, Gurugram, Haryana 122003, India",4,2,OPERATIONAL,https://maps.google.com/?cid=9861721528642851929&g_mp=Cilnb29nbGUubWFwcy5wbGFjZXMudjEuUGxhY2VzLlNlYXJjaE5lYXJieRACGAQgAA,ChIJAyUxNaYYDTkRWVSUDHvf24g
KALRA MOTORS-CAR AUTO PARTS-CAR WORKSHOP 🚗,auto_parts_store,auto_parts_store|car_repair|store|service|point_of_interest|establishment,099105 61996,,"Near wazirabad subzi mandi, Wazirabad, Sector 52, Gurugram, Haryana 122003, India",4.2,556,OPERATIONAL,https://maps.google.com/?cid=2508318891896327548&g_mp=Cilnb29nbGUubWFwcy5wbGFjZXMudjEuUGxhY2VzLlNlYXJjaE5lYXJieRACGAQgAA,ChIJI4NTx8MZDTkRfM3hFr5WzyI
Rajendra Chick Maker,furniture_store,furniture_store|home_improvement_store|home_goods_store|store|point_of_interest|establishment,,,"kalra motors, near sabji mandi, Wazirabad, Sector 52, Gurugram, Haryana 122003, India",,,OPERATIONAL,https://maps.google.com/?cid=13538869578267648171&g_mp=Cilnb29nbGUubWFwcy5wbGFjZXMudjEuUGxhY2VzLlNlYXJjaE5lYXJieRACGAQgAA,ChIJqxewmdgZDTkRq2D8QCa647s
Jitendar Car Ac Works,hardware_store,hardware_store|chauffeur_service|building_materials_store|store|transportation_service|point_of_interest|establishment,095550 37533,,"Jitendar Car Ac Works Saving Mandi, Wazirabad, Sector 52, Gurugram, Haryana 122003, India",4.1,29,OPERATIONAL,https://maps.google.com/?cid=2272545702233432613&g_mp=Cilnb29nbGUubWFwcy5wbGFjZXMudjEuUGxhY2VzLlNlYXJjaE5lYXJieRACGAQgAA,ChIJ_wLVHIYZDTkRJeJ2lUa0iR8
Shri Balaji Prints,manufacturer,store|manufacturer|service|point_of_interest|establishment,098999 77613,,"Shop No. 122, near Kalra Motors, Wazirabad, Sector 52, Gurugram, Haryana 122003, India",4.5,26,OPERATIONAL,https://maps.google.com/?cid=7089964068997212602&g_mp=Cilnb29nbGUubWFwcy5wbGFjZXMudjEuUGxhY2VzLlNlYXJjaE5lYXJieRACGAQgAA,ChIJV91PcNcZDTkRuqncqsGcZGI
Noor Automobile,chauffeur_service,chauffeur_service|transportation_service|point_of_interest|establishment,079835 52760,,"Noor Automobile Sabji Mandi, Wazirabad, Sector 52, Gurugram, Haryana 122003, India",,,OPERATIONAL,https://maps.google.com/?cid=2320391993304229747&g_mp=Cilnb29nbGUubWFwcy5wbGFjZXMudjEuUGxhY2VzLlNlYXJjaE5lYXJieRACGAQgAA,ChIJg8VgalMZDTkRcyePVDmwMyA
Sameer Dhaba,food_court,food_court|food|point_of_interest|establishment,093100 79346,,"Sector Gurgaon, Sector 52, Gurugram, Haryana 122003, India",,,OPERATIONAL,https://maps.google.com/?cid=15098818465624276741&g_mp=Cilnb29nbGUubWFwcy5wbGFjZXMudjEuUGxhY2VzLlNlYXJjaE5lYXJieRACGAQgAA,ChIJt_qzIhYZDTkRBb-kw2XHidE
Shell Helix Car Care - Guru Nanak Motor Work Shop,car_repair,car_repair|service|point_of_interest|establishment,098734 31732,https://www.shell.com/?utm_source=locator&utm_medium=googleplaces,"Ground Floor, near Subji Mandi, Wazirabad, Sector 52, Gurugram, Haryana 122003, India",,,OPERATIONAL,https://maps.google.com/?cid=3410191556694848452&g_mp=Cilnb29nbGUubWFwcy5wbGFjZXMudjEuUGxhY2VzLlNlYXJjaE5lYXJieRACGAQgAA,ChIJ4X7JUBMZDTkRxDPVICdvUy8
Indian Automobiles and Electricals,car_repair,car_repair|service|point_of_interest|establishment,097174 04892,,"Near Subzi Mandi, Wazirabad, Sector 52, Gurugram, Haryana 122003, India",4.8,18,OPERATIONAL,https://maps.google.com/?cid=12620305265736141204&g_mp=Cilnb29nbGUubWFwcy5wbGFjZXMudjEuUGxhY2VzLlNlYXJjaE5lYXJieRACGAQgAA,ChIJt5Mk6QAZDTkRlMkxIcZUJK8
Alva auto spares Pvt ltd,car_repair,car_repair|service|point_of_interest|establishment,099908 99870,,"Car market, behind Mandi, Wazirabad, Sector 52, Gurugram, Haryana 122003, India",2,7,OPERATIONAL,https://maps.google.com/?cid=14314295812352985247&g_mp=Cilnb29nbGUubWFwcy5wbGFjZXMudjEuUGxhY2VzLlNlYXJjaE5lYXJieRACGAQgAA,ChIJHz0qxJoZDTkRn0gpcTOYpsY
Khan Engineering,car_repair,car_repair|service|point_of_interest|establishment,098912 22363,,"422 Wazirabad Sector 52 Gurugram, C3Jr+422, Wazirabad, Sector 52, Gurugram, Wazirabad, Sector 52, Delhi NCR, Gurugram, Haryana 122003, India",5,1,OPERATIONAL,https://maps.google.com/?cid=13996428917977454006&g_mp=Cilnb29nbGUubWFwcy5wbGFjZXMudjEuUGxhY2VzLlNlYXJjaE5lYXJieRACGAQgAA,ChIJibn-zKcYDTkRthUN1PFNPcI
GURUNANAK AUTOMOBILES,car_repair,car_repair|service|point_of_interest|establishment,081309 97486,,"near subzi mandi, Wazirabad, Sector 52, Gurugram, Haryana 122003, India",5,1,OPERATIONAL,https://maps.google.com/?cid=8811722542362502662&g_mp=Cilnb29nbGUubWFwcy5wbGFjZXMudjEuUGxhY2VzLlNlYXJjaE5lYXJieRACGAQgAA,ChIJ0dRKL-kZDTkRBqbRPPeGSXo
Raja Ram Denting Painting Shop,car_repair,car_repair|service|point_of_interest|establishment,,,"C3JQ+6Q4, Wazirabad, Sector 52, Gurugram, Haryana 122003, India",,,OPERATIONAL,https://maps.google.com/?cid=12990062323753010848&g_mp=Cilnb29nbGUubWFwcy5wbGFjZXMudjEuUGxhY2VzLlNlYXJjaE5lYXJieRACGAQgAA,ChIJVepOTgAZDTkRoMZ78dv4RbQ
Naiem Malik,candy_store,candy_store|confectionery|food_store|store|transportation_service|food|point_of_interest|establishment,098181 65945,,"C3JQ+2WM Naiem Malik, Wazirabad, Sabji Mandi, Gurugram, Haryana 122003, India",,,OPERATIONAL,https://maps.google.com/?cid=17287711498501345196&g_mp=Cilnb29nbGUubWFwcy5wbGFjZXMudjEuUGxhY2VzLlNlYXJjaE5lYXJieRACGAQgAA,ChIJoSrv1RsZDTkRrM-bfwNK6u8
Rajasthan motor garage,car_repair,car_repair|service|point_of_interest|establishment,099111 18550,,"Wazirabad, Sector 52, Gurugram, Haryana 122003, India",4.7,13,OPERATIONAL,https://maps.google.com/?cid=10052715918172217152&g_mp=Cilnb29nbGUubWFwcy5wbGFjZXMudjEuUGxhY2VzLlNlYXJjaE5lYXJieRACGAQgAA,ChIJ2dzRLeoZDTkRQN-Rst1rgos
Gulf Carstop - Indian Automobiles & Electrical,car_repair,car_repair|service|point_of_interest|establishment,088791 41243,https://carstop.india.gulfoilltd.com/gulf-carstop-indian-automobiles-electrical-car-service-station-sector-52-gurugram-314145/Home?utm_source=locator&utm_medium=googleplaces,"Ground Floor, Subzi Mandi, Road, near Artimis Hospital, Wazirabad, Sector 52, Gurugram, Haryana 122003, India",,,OPERATIONAL,https://maps.google.com/?cid=13511023485978868165&g_mp=Cilnb29nbGUubWFwcy5wbGFjZXMudjEuUGxhY2VzLlNlYXJjaE5lYXJieRACGAQgAA,ChIJP6byuA0ZDTkRxfm6qUbMgLs
Monu fruits,food_store,food_store|store|food|point_of_interest|establishment,,,"5, Mandi, Wazirabad, Sector 52, Gurugram, Haryana 122003, India",,,OPERATIONAL,https://maps.google.com/?cid=8282659253988537207&g_mp=Cilnb29nbGUubWFwcy5wbGFjZXMudjEuUGxhY2VzLlNlYXJjaE5lYXJieRACGAQgAA,ChIJQaOCLAAZDTkRd7OWRbXq8XI
MONU GARMENTS,clothing_store,clothing_store|store|point_of_interest|establishment,078273 20048,,"5, Mandi, Wazirabad, Sector 52, Gurugram, Haryana 122003, India",4,1,OPERATIONAL,https://maps.google.com/?cid=11166382543126842409&g_mp=Cilnb29nbGUubWFwcy5wbGFjZXMudjEuUGxhY2VzLlNlYXJjaE5lYXJieRACGAQgAA,ChIJBxPCFW4ZDTkRKcwyzcL19po
Yadav MOTORS,point_of_interest,point_of_interest|establishment,,,"Wazirabad, Sector 52, Gurugram, Haryana 122003, India",,,OPERATIONAL,https://maps.google.com/?cid=3973898707861113191&g_mp=Cilnb29nbGUubWFwcy5wbGFjZXMudjEuUGxhY2VzLlNlYXJjaE5lYXJieRACGAQgAA,ChIJP7rRtacYDTkRZwly99EfJjc
The Dry Splash l Dry Clean l laundry service gurgaon,laundry,laundry|service|point_of_interest|establishment,096503 04513,https://thedrysplashdryclean.in/,"near Kalra Motors & Sabzi Mandi, Wazirabad, Sector 52, Gurugram, Haryana 122003, India",5,36,OPERATIONAL,https://maps.google.com/?cid=18273923684009592193&g_mp=Cilnb29nbGUubWFwcy5wbGFjZXMudjEuUGxhY2VzLlNlYXJjaE5lYXJieRACGAQgAA,ChIJRfm4TLsZDTkRgUX9bcUEmv0
Aggarwal's,service,service|point_of_interest|establishment,,,"93p, Sector 56 Rd, Devinder Vihar, Sector 56, Gurugram, Haryana 122011, India",,,OPERATIONAL,https://maps.google.com/?cid=7125455723483258484&g_mp=Cilnb29nbGUubWFwcy5wbGFjZXMudjEuUGxhY2VzLlNlYXJjaE5lYXJieRACGAQgAA,ChIJA4FJfQAZDTkRdF7-bDq04mI
Gold mohar,apartment_building,apartment_building|service|point_of_interest|establishment,,,"93p, Sector 56 Rd, Devinder Vihar, Sector 56, Gurugram, Haryana 122011, India",,,OPERATIONAL,https://maps.google.com/?cid=18412958328919757903&g_mp=Cilnb29nbGUubWFwcy5wbGFjZXMudjEuUGxhY2VzLlNlYXJjaE5lYXJieRACGAQgAA,ChIJVR1cbwAZDTkRTxRVSwv4h_8
Naya ghar,housing_complex,housing_complex|service|point_of_interest|establishment,,,"block c, 135a, Sector 56 Rd, Devinder Vihar, Sector 56, Gurugram, Haryana 122011, India",,,OPERATIONAL,https://maps.google.com/?cid=17079077360789871824&g_mp=Cilnb29nbGUubWFwcy5wbGFjZXMudjEuUGxhY2VzLlNlYXJjaE5lYXJieRACGAQgAA,ChIJSyBBWgAZDTkR0NxL7V4SBe0
YES BANK ATM,bank,bank|finance|point_of_interest|establishment,1800 1200,https://www.yesbank.in/,"Ground Floor & Basement, SCO-80P, Sector 56 Rd, Urban Estate, II, Gurugram, Haryana 122011, India",5,2,OPERATIONAL,https://maps.google.com/?cid=5589998286150308109&g_mp=Cilnb29nbGUubWFwcy5wbGFjZXMudjEuUGxhY2VzLlNlYXJjaE5lYXJieRACGAQgAA,ChIJPXMYh0gZDTkRDREI_dKpk00
Ahffi,store,store|point_of_interest|establishment,096541 93121,,"Sector 56, Gurugram, Haryana 122011, India",5,1,OPERATIONAL,https://maps.google.com/?cid=7563159217016180067&g_mp=Cilnb29nbGUubWFwcy5wbGFjZXMudjEuUGxhY2VzLlNlYXJjaE5lYXJieRACGAQgAA,ChIJkTBLfVwZDTkRY434jTy99Wg
SB FITNESS,health,health|service|point_of_interest|establishment,099997 27242,,"olive heights society, Sector 56, Gurugram, Haryana 122011, India",5,71,OPERATIONAL,https://maps.google.com/?cid=549030038867116683&g_mp=Cilnb29nbGUubWFwcy5wbGFjZXMudjEuUGxhY2VzLlNlYXJjaE5lYXJieRACGAQgAA,ChIJxfG5UOoZDTkRi4KxVemLngc
"Parkview Apartments, sector 56, gurgaon",apartment_building,apartment_building|service|point_of_interest|establishment,,,"Parkview Apartment, Plot 36C, Sector 56, Gurugram, Haryana 122011, India",3.5,6,OPERATIONAL,https://maps.google.com/?cid=934214048544818242&g_mp=Cilnb29nbGUubWFwcy5wbGFjZXMudjEuUGxhY2VzLlNlYXJjaE5lYXJieRACGAQgAA,ChIJBRD_SQ8ZDTkRQoSxO7r-9gw
The Castle CGHS,association_or_organization,service|association_or_organization|point_of_interest|establishment,,,"A, 36, Sector 56, Gurugram, Haryana 122011, India",4.2,77,OPERATIONAL,https://maps.google.com/?cid=7982778586532215965&g_mp=Cilnb29nbGUubWFwcy5wbGFjZXMudjEuUGxhY2VzLlNlYXJjaE5lYXJieRACGAQgAA,ChIJq6qaQ6gYDTkRnfzYctSGyG4
Park View Society,finance,finance|service|point_of_interest|establishment,088609 32851,,"A-104, Sector 56, Gurugram, Haryana 122011, India",4.5,2,OPERATIONAL,https://maps.google.com/?cid=15059525244967688983&g_mp=Cilnb29nbGUubWFwcy5wbGFjZXMudjEuUGxhY2VzLlNlYXJjaE5lYXJieRACGAQgAA,ChIJnZJvUqgYDTkRF5tT6Gsu_tA
The Lions,point_of_interest,point_of_interest|establishment,,,"C3JV+35P, 36B, Dr Bhim Rao Ambedkar Marg, Sector 56, Gurugram, Haryana 122011, India",,,OPERATIONAL,https://maps.google.com/?cid=13864297273867080427&g_mp=Cilnb29nbGUubWFwcy5wbGFjZXMudjEuUGxhY2VzLlNlYXJjaE5lYXJieRACGAQgAA,ChIJobQ6PwAZDTkR65JDFergZ8A
Aleem Communication,,point_of_interest|establishment,070886 03945,,"1, Market, Wazirabad, Sector 52, Gurugram, Haryana 122011, India",,,OPERATIONAL,https://maps.google.com/?cid=10611096646393779504&g_mp=Cilnb29nbGUubWFwcy5wbGFjZXMudjEuUGxhY2VzLlNlYXJjaE5lYXJieRACGAQgAA,ChIJpdJ_7KUZDTkRMNWjDS4wQpM
Anands,apartment_building,apartment_building|service|point_of_interest|establishment,,,"Khara road, Sector 56, Gurugram, Haryana 122011, India",,,OPERATIONAL,https://maps.google.com/?cid=16820159276794827497&g_mp=Cilnb29nbGUubWFwcy5wbGFjZXMudjEuUGxhY2VzLlNlYXJjaE5lYXJieRACGAQgAA,ChIJaXKVMqoZDTkR6dLYxr41bek
Zeal Gym,gym,gym|sports_activity_location|health|point_of_interest|establishment,099997 27242,,"36B, Olive Height Society, Near Jalvayu Tower, Sector 56, Gurugram, Haryana 122011, India",3.9,24,OPERATIONAL,https://maps.google.com/?cid=16158895011040452268&g_mp=Cilnb29nbGUubWFwcy5wbGFjZXMudjEuUGxhY2VzLlNlYXJjaE5lYXJieRACGAQgAA,ChIJ622PTagYDTkRrN7lJ2btP-A
Bhagat ji general store,general_store,general_store|food_store|store|food|point_of_interest|establishment,070330 08800,,"Olive Heights, Plot no.36 B, Sector 56, Gurugram, Haryana 122011, India",5,5,OPERATIONAL,https://maps.google.com/?cid=577936031877670186&g_mp=Cilnb29nbGUubWFwcy5wbGFjZXMudjEuUGxhY2VzLlNlYXJjaE5lYXJieRACGAQgAA,ChIJc4lxKwAZDTkRKqX3SsI9BQg
Parwej,apartment_building,apartment_building|service|point_of_interest|establishment,,,"C3JR+3X6, Devinder Vihar, Sector 56, Gurugram, Haryana 122011, India",,,OPERATIONAL,https://maps.google.com/?cid=15584217222315699688&g_mp=Cilnb29nbGUubWFwcy5wbGFjZXMudjEuUGxhY2VzLlNlYXJjaE5lYXJieRACGAQgAA,ChIJUVrJJAMZDTkR6O2mtv5CRtg
Kritika car transport,transportation_service,transportation_service|point_of_interest|establishment,,,"36, Sector 56, Gurugram, Haryana 122011, India",,,OPERATIONAL,https://maps.google.com/?cid=4539508960588306849&g_mp=Cilnb29nbGUubWFwcy5wbGFjZXMudjEuUGxhY2VzLlNlYXJjaE5lYXJieRACGAQgAA,ChIJ97oEPnUZDTkRoZmRKlmT_z4
Laxman Singh General (Ironing and Pressing),laundry,laundry|service|point_of_interest|establishment,098719 85191,,"C3JV+5CX, Opp- Parkview, Sector 56, Gurugram, Haryana 122011, India",4.6,20,OPERATIONAL,https://maps.google.com/?cid=10759583889200698846&g_mp=Cilnb29nbGUubWFwcy5wbGFjZXMudjEuUGxhY2VzLlNlYXJjaE5lYXJieRACGAQgAA,ChIJzUjzrw0ZDTkR3tXSXoq4UZU
C4 Solutions,service,service|point_of_interest|establishment,098309 06951,https://www.c4solutions.in/,"C-702, Olive Heights, Plot No. 36-B, Sector 56, Gurugram, Haryana 122011, India",4.9,25,OPERATIONAL,https://maps.google.com/?cid=14103244983639161762&g_mp=Cilnb29nbGUubWFwcy5wbGFjZXMudjEuUGxhY2VzLlNlYXJjaE5lYXJieRACGAQgAA,ChIJG3njQqgYDTkRojsfJpfKuMM
Aman painter,painter,painter|service|point_of_interest|establishment,099197 55108,,"Block-F, Plot no 7-8, Sushant Lok III, Sector 57, Gurugram, Haryana 122011, India",5,5,OPERATIONAL,https://maps.google.com/?cid=10795098817738400130&g_mp=Cilnb29nbGUubWFwcy5wbGFjZXMudjEuUGxhY2VzLlNlYXJjaE5lYXJieRACGAQgAA,ChIJbekWZwAZDTkRgmGJCi7lz5U
RNR Global Jobs,employment_agency,employment_agency|service|point_of_interest|establishment,097171 58157,,"E-5031, Devinder Vihar, Sector 56, Gurugram, Haryana 122011, India",5,1,OPERATIONAL,https://maps.google.com/?cid=12572472733193519096&g_mp=Cilnb29nbGUubWFwcy5wbGFjZXMudjEuUGxhY2VzLlNlYXJjaE5lYXJieRACGAQgAA,ChIJc9nUFqgYDTkR-L9IylZleq4
Warrior's combat MMA,sports_school,sports_school|sports_activity_location|health|point_of_interest|establishment,098187 17739,,"H43/33, Jalvayu Towers, Sector 56, Gurugram, Haryana 122011, India",5,5,OPERATIONAL,https://maps.google.com/?cid=17043031704591753061&g_mp=Cilnb29nbGUubWFwcy5wbGFjZXMudjEuUGxhY2VzLlNlYXJjaE5lYXJieRACGAQgAA,ChIJp2mOF5kZDTkRZV_plwkDhew
Papa Software Labs,,point_of_interest|establishment,,,"D-313, Jalvayu Towers, Sector 56, Gurugram, Haryana 122011, India",,,OPERATIONAL,https://maps.google.com/?cid=18170501244065354742&g_mp=Cilnb29nbGUubWFwcy5wbGFjZXMudjEuUGxhY2VzLlNlYXJjaE5lYXJieRACGAQgAA,ChIJf0BdkJwZDTkR9hNPK5yWKvw
painter,painter,painter|service|point_of_interest|establishment,,,"NearJalvayu tower, Jalvayu Towers, Sector 56, Gurugram, Haryana 122003, India",,,OPERATIONAL,https://maps.google.com/?cid=13672646822733143128&g_mp=Cilnb29nbGUubWFwcy5wbGFjZXMudjEuUGxhY2VzLlNlYXJjaE5lYXJieRACGAQgAA,ChIJ5YnRkb0ZDTkRWNxhMNj_vr0
M Block Jalvayu,condominium_complex,condominium_complex|service|point_of_interest|establishment,,,"Jalvayu Towers, Sector 56, Gurugram, Haryana 122011, India",5,1,CLOSED_TEMPORARILY,https://maps.google.com/?cid=7860772731025097950&g_mp=Cilnb29nbGUubWFwcy5wbGFjZXMudjEuUGxhY2VzLlNlYXJjaE5lYXJieRACGAQgAA,ChIJ1cNbZgAZDTkR3gTUlCYTF20
"I - 412, Jalvayu Towers",association_or_organization,service|association_or_organization|point_of_interest|establishment,,,"I - 412, Jalvayu Towers, Sector 56, Gurugram, Haryana 122011, India",5,1,OPERATIONAL,https://maps.google.com/?cid=3566468327418073547&g_mp=Cilnb29nbGUubWFwcy5wbGFjZXMudjEuUGxhY2VzLlNlYXJjaE5lYXJieRACGAQgAA,ChIJh9YUGAAZDTkRy5FvPgykfjE
French Classes by Shelly,educational_institution,educational_institution|point_of_interest|establishment,098182 09753,,"Jalvayu Towers, Sector 56, Gurugram, Haryana 122011, India",5,53,OPERATIONAL,https://maps.google.com/?cid=392094323426968573&g_mp=Cilnb29nbGUubWFwcy5wbGFjZXMudjEuUGxhY2VzLlNlYXJjaE5lYXJieRACGAQgAA,ChIJoxCCoh8ZDTkR_cNPsrX_cAU
My House,apartment_building,apartment_building|service|point_of_interest|establishment,,,"F-412, Jalvayu Towers, Sector 56, Gurugram, Haryana 122011, India",,,OPERATIONAL,https://maps.google.com/?cid=8315604975140669852&g_mp=Cilnb29nbGUubWFwcy5wbGFjZXMudjEuUGxhY2VzLlNlYXJjaE5lYXJieRACGAQgAA,ChIJSyVbBgAZDTkRnAm7u6r2ZnM
Pankh-Freedom to be,health,health|service|point_of_interest|establishment,,,"D 514, Jalvayu Towers, Sector 56, Gurugram, Haryana 122011, India",,,CLOSED_TEMPORARILY,https://maps.google.com/?cid=17413195428148663320&g_mp=Cilnb29nbGUubWFwcy5wbGFjZXMudjEuUGxhY2VzLlNlYXJjaE5lYXJieRACGAQgAA,ChIJD3l3ftkZDTkRGNRBm_sYqPE
Palak,hotel,hotel|lodging|point_of_interest|establishment,,,"C3JW+4CJ, Jalvayu Towers, Sector 56, Gurugram, Haryana 122011, India",,,OPERATIONAL,https://maps.google.com/?cid=13489111363921786930&g_mp=Cilnb29nbGUubWFwcy5wbGFjZXMudjEuUGxhY2VzLlNlYXJjaE5lYXJieRACGAQgAA,ChIJf0cWWQAZDTkRMjg-LlHzMrs
SilverZen - The Finance School,educational_institution,educational_institution|point_of_interest|establishment,098995 75824,,"F 515, Jalvayu Towers, Sector 56, Gurugram, Haryana 122011, India",,,OPERATIONAL,https://maps.google.com/?cid=13360313607681436456&g_mp=Cilnb29nbGUubWFwcy5wbGFjZXMudjEuUGxhY2VzLlNlYXJjaE5lYXJieRACGAQgAA,ChIJ215EslwZDTkRKGursXBeabk
Radiant Spice,,manufacturer|point_of_interest|establishment,098113 73802,http://radiantspice.com/,"G-514, Jalvayu Towers, Sector 56, Gurugram, Haryana 122011, India",,,CLOSED_TEMPORARILY,https://maps.google.com/?cid=16507362002354855638&g_mp=Cilnb29nbGUubWFwcy5wbGFjZXMudjEuUGxhY2VzLlNlYXJjaE5lYXJieRACGAQgAA,ChIJAQAAkKkYDTkR1l4kCUjuFeU
VHK & CO,consultant,consultant|accounting|finance|service|point_of_interest|establishment,093156 51884,,"H NO 247, HUDA PLOTS, behind JALVAYU TOWERS, Jalvayu Towers, Sector 56, Gurugram, Haryana 122011, India",,,CLOSED_TEMPORARILY,https://maps.google.com/?cid=5416674906452664559&g_mp=Cilnb29nbGUubWFwcy5wbGFjZXMudjEuUGxhY2VzLlNlYXJjaE5lYXJieRACGAQgAA,ChIJucH0NSEZDTkR7yDi7iDlK0s
TAAZA ESSENTIALS Atta Chakki,manufacturer,manufacturer|food|point_of_interest|establishment,085889 13238,,"Shop no 8, Jalvayu Towers, Sector 56, Gurugram, Haryana 122011, India",4.9,17,OPERATIONAL,https://maps.google.com/?cid=12823886664084257924&g_mp=Cilnb29nbGUubWFwcy5wbGFjZXMudjEuUGxhY2VzLlNlYXJjaE5lYXJieRACGAQgAA,ChIJibl5a7AZDTkRhHycJPqY97E
Shrey bhaiya home,apartment_complex,apartment_complex|service|point_of_interest|establishment,,,"C3JW+4CJ, Jalvayu Towers, Sector 56, Gurugram, Haryana 122011, India",,,CLOSED_TEMPORARILY,https://maps.google.com/?cid=11101687365292900452&g_mp=Cilnb29nbGUubWFwcy5wbGFjZXMudjEuUGxhY2VzLlNlYXJjaE5lYXJieRACGAQgAA,ChIJPSliIwAZDTkRZMC559YdEZo
Noor sk,park,park|point_of_interest|establishment,,,"C3JW+4CJ, Jalvayu Towers, Sector 56, Gurugram, Haryana 122011, India",,,OPERATIONAL,https://maps.google.com/?cid=1703457879664358829&g_mp=Cilnb29nbGUubWFwcy5wbGFjZXMudjEuUGxhY2VzLlNlYXJjaE5lYXJieRACGAQgAA,ChIJeWE4QGEZDTkRrfU7j-rloxc
Rann Singh Atta Chakki,manufacturer,manufacturer|food|point_of_interest|establishment,,,"Shop No - 8, Main Market, Jalvayu Towers, Sector 56, Gurugram, Haryana 122011, India",5,7,CLOSED_TEMPORARILY,https://maps.google.com/?cid=17622721836248087307&g_mp=Cilnb29nbGUubWFwcy5wbGFjZXMudjEuUGxhY2VzLlNlYXJjaE5lYXJieRACGAQgAA,ChIJDeoJgjsZDTkRCzsWESR8kPQ
My GRAMART,service,gift_shop|supplier|store|manufacturer|service|point_of_interest|establishment,099114 09040,https://www.indiamart.com/gramart/,"Jalvayu Towers, Sector 56, Gurugram, Haryana 122011, India",5,8,OPERATIONAL,https://maps.google.com/?cid=2673189109369104296&g_mp=Cilnb29nbGUubWFwcy5wbGFjZXMudjEuUGxhY2VzLlNlYXJjaE5lYXJieRACGAQgAA,ChIJ0yr1N_4jDTkRqGdj8VQTGSU
MindSpring,health,health|service|point_of_interest|establishment,098186 66594,http://the-mind-spring.com/,"A513, Jalvayu Towers, Sector 56, Gurugram, Haryana 122011, India",4.9,66,OPERATIONAL,https://maps.google.com/?cid=1216172199854101626&g_mp=Cilnb29nbGUubWFwcy5wbGFjZXMudjEuUGxhY2VzLlNlYXJjaE5lYXJieRACGAQgAA,ChIJq6qqWnMiDTkRelQCFiy24BA
Divorce lawyer in Gurgaon Ritesh Sharma Advocate,consultant,consultant|service|point_of_interest|establishment,099111 57775,https://g.co/kgs/WBHgfKd,"F- 512, Jalvayu Towers, Sector 56, Gurugram, Haryana 122011, India",4.5,8,OPERATIONAL,https://maps.google.com/?cid=17658493178245239468&g_mp=Cilnb29nbGUubWFwcy5wbGFjZXMudjEuUGxhY2VzLlNlYXJjaE5lYXJieRACGAQgAA,ChIJwwm3HdrbDDkRrFL3pfyRD_U
Jalvayu Towers Play Ground,playground,playground|point_of_interest|establishment,,,"C3JW+39W, KH Ara Marg, Jalvayu Towers, Sector 56, Gurugram, Haryana 122011, India",5,1,OPERATIONAL,https://maps.google.com/?cid=1763183682129168773&g_mp=Cilnb29nbGUubWFwcy5wbGFjZXMudjEuUGxhY2VzLlNlYXJjaE5lYXJieRACGAQgAA,ChIJMyy5ZFAZDTkRhQkTlzcWeBg
NA,hospital,hospital|health|service|point_of_interest|establishment,,,"Jalvayu Towers, Sector 56, Gurugram, Haryana 122011, India",2.7,3,OPERATIONAL,https://maps.google.com/?cid=6061183329449079043&g_mp=Cilnb29nbGUubWFwcy5wbGFjZXMudjEuUGxhY2VzLlNlYXJjaE5lYXJieRACGAQgAA,ChIJzR5MfgAZDTkRA_FU5h-mHVQ
Sanjal Speech Clinic,health,health|point_of_interest|establishment,095992 56033,https://sanjalspeech.com/,"Jalvayu Towers, Sector 56, Gurugram, Haryana 122011, India",,,OPERATIONAL,https://maps.google.com/?cid=12426918707255372752&g_mp=Cilnb29nbGUubWFwcy5wbGFjZXMudjEuUGxhY2VzLlNlYXJjaE5lYXJieRACGAQgAA,ChIJJdFtpP8ZDTkR0OucPrlIdaw
Max hospital sector 56 gurugram,general_hospital,general_hospital|hospital|health|service|point_of_interest|establishment,,,"C3JX+7VR, Sector 56, Gurugram, Haryana 122011, India",,,OPERATIONAL,https://maps.google.com/?cid=13874628926221108910&g_mp=Cilnb29nbGUubWFwcy5wbGFjZXMudjEuUGxhY2VzLlNlYXJjaE5lYXJieRACGAQgAA,ChIJYT2bVgAZDTkRrsbEWX-VjMA
Gaurav Pathak R 214 Jalvayu Towers Gurugram,apartment_complex,apartment_complex|service|point_of_interest|establishment,,,"C3JX+6JX, Jalvayu Towers, Sector 56, Gurugram, Haryana 122011, India",,,OPERATIONAL,https://maps.google.com/?cid=17933583128461755879&g_mp=Cilnb29nbGUubWFwcy5wbGFjZXMudjEuUGxhY2VzLlNlYXJjaE5lYXJieRACGAQgAA,ChIJYd96AwAZDTkR58Xm0dbi4Pg
R Block,apartment_building,apartment_building|service|point_of_interest|establishment,,,"Jalvayu Tower 1 Tower-7, Jalvayu Towers, Sector 56, Gurugram, Haryana 122011, India",3,2,OPERATIONAL,https://maps.google.com/?cid=739966634217766014&g_mp=Cilnb29nbGUubWFwcy5wbGFjZXMudjEuUGxhY2VzLlNlYXJjaE5lYXJieRACGAQgAA,ChIJubbuWqoYDTkRfvwwurvjRAo
Riba Beauty and Style (Only for ladies),beauty_salon,beauty_salon|service|point_of_interest|establishment,,,"Shop No.15, Phase - 3, Mini Market, Jalvayu Towers, Sector 56, Gurugram, Haryana 122011, India",5,6,OPERATIONAL,https://maps.google.com/?cid=5414416251404263109&g_mp=Cilnb29nbGUubWFwcy5wbGFjZXMudjEuUGxhY2VzLlNlYXJjaE5lYXJieRACGAQgAA,ChIJSwCThuUZDTkRxZ4N0-TeI0s
Kapasiaestate,consultant,consultant|service|point_of_interest|establishment,,,"Jalvayu Towers, Sector 56, Gurugram, Haryana 122011, India",,,OPERATIONAL,https://maps.google.com/?cid=939033732220187078&g_mp=Cilnb29nbGUubWFwcy5wbGFjZXMudjEuUGxhY2VzLlNlYXJjaE5lYXJieRACGAQgAA,ChIJAbVs0U8ZDTkRxvEXSTQeCA0
Humaira Flower Decoration,florist,florist|store|point_of_interest|establishment,,https://humaira-flower.grexa.site/,"Huda market, Block B, Sector 56, Gurugram, Haryana 122011, India",4.9,44,OPERATIONAL,https://maps.google.com/?cid=4110597412791746098&g_mp=Cilnb29nbGUubWFwcy5wbGFjZXMudjEuUGxhY2VzLlNlYXJjaE5lYXJieRACGAQgAA,ChIJzSNaouQjDTkRMn4XbJHGCzk
Bloom Flower Decoration,florist,florist|store|point_of_interest|establishment,063864 91705,,"Huda market, Sector 56 Rd, Block B, Sector 56, Gurugram, Haryana 122011, India",5,6,OPERATIONAL,https://maps.google.com/?cid=17567850914350420757&g_mp=Cilnb29nbGUubWFwcy5wbGFjZXMudjEuUGxhY2VzLlNlYXJjaE5lYXJieRACGAQgAA,ChIJ-wYKPMoZDTkRFdPgAFSLzfM
New generation cricket acadmy sec 14,sports_club,sports_club|association_or_organization|point_of_interest|establishment,097494 35152,,"Sec 14 major dhyanchand ground back side of, NearPayalCinema, hall, Sector 56, Gurugram, Haryana 122001, India",,,OPERATIONAL,https://maps.google.com/?cid=2700710761202757993&g_mp=Cilnb29nbGUubWFwcy5wbGFjZXMudjEuUGxhY2VzLlNlYXJjaE5lYXJieRACGAQgAA,ChIJ4y5dJzoZDTkRabGQ2iDaeiU
Pappu Paratha,fast_food_restaurant,fast_food_restaurant|restaurant|food|point_of_interest|establishment,,,"Shop No. 65, Harish Bakery, Huda मार्केट मार्ग, सेक्टर ५६, गुरुग्राम, हरियाणा 122011, India",5,2,OPERATIONAL,https://maps.google.com/?cid=4805950358316180681&g_mp=Cilnb29nbGUubWFwcy5wbGFjZXMudjEuUGxhY2VzLlNlYXJjaE5lYXJieRACGAQgAA,ChIJm6ekqgojDTkRyeSYS2MqskI
MaxAtHome Japa Maid Service | Mother and Child Care at Home,,health|service|point_of_interest|establishment,092402 99623,https://www.maxathome.in/service/female-nurse/?utm_source=Google&utm_medium=GMB,"Sector 56, Gurugram, Haryana 122011, India",5,2,OPERATIONAL,https://maps.google.com/?cid=13576839243034196588&g_mp=Cilnb29nbGUubWFwcy5wbGFjZXMudjEuUGxhY2VzLlNlYXJjaE5lYXJieRACGAQgAA,ChIJD-gjG-gZDTkRbPqivVufarw
Vipin Bhai house,apartment_building,apartment_building|service|point_of_interest|establishment,,,"C4J2+56W, Rail Vihar, Sector 56, Gurugram, Haryana 122011, India",5,3,OPERATIONAL,https://maps.google.com/?cid=11188637016829811514&g_mp=Cilnb29nbGUubWFwcy5wbGFjZXMudjEuUGxhY2VzLlNlYXJjaE5lYXJieRACGAQgAA,ChIJnRHcdQAZDTkROlvtPBYGRps
Family Health Centre,doctor,doctor|health|point_of_interest|establishment,097179 54290,,"C3JX+2C7, Jal Vayu Towers Rd, Sector 56, Gurugram, Haryana 122011, India",,,OPERATIONAL,https://maps.google.com/?cid=306924918488724974&g_mp=Cilnb29nbGUubWFwcy5wbGFjZXMudjEuUGxhY2VzLlNlYXJjaE5lYXJieRACGAQgAA,ChIJAQDwQ6oYDTkR7nU8U5ZqQgQ
MaxAtHome Allergy Test at Home | Allergy Profile Test | Food Allergy Testing,doctor,doctor|medical_clinic|health|service|point_of_interest|establishment,092402 99623,https://www.maxathome.in/services/pathology/tests/allergy-12-panel-drug-panel-m/delhi,"Sector 56, Gurugram, Haryana 122011, India",,,OPERATIONAL,https://maps.google.com/?cid=2032097336547537493&g_mp=Cilnb29nbGUubWFwcy5wbGFjZXMudjEuUGxhY2VzLlNlYXJjaE5lYXJieRACGAQgAA,ChIJE69OReoZDTkRVfLu1cJ1Mxw
"Max Super Speciality Hospital, Sector 56, Gurugram",doctor,doctor|health|point_of_interest|establishment,,https://www.maxhealthcare.in/,"Sector 56, Gurugram, Haryana 122011, India",,,OPERATIONAL,https://maps.google.com/?cid=9109799722845032844&g_mp=Cilnb29nbGUubWFwcy5wbGFjZXMudjEuUGxhY2VzLlNlYXJjaE5lYXJieRACGAQgAA,ChIJIQQUez8ZDTkRjFEhB5WCbH4
N Block,apartment_building,apartment_building|service|point_of_interest|establishment,,,"122011, Jalvayu Towers, Sector 56, Gurugram, Haryana 122011, India",5,1,OPERATIONAL,https://maps.google.com/?cid=9199743911886278680&g_mp=Cilnb29nbGUubWFwcy5wbGFjZXMudjEuUGxhY2VzLlNlYXJjaE5lYXJieRACGAQgAA,ChIJgcDMRqoYDTkRGFCLdFgOrH8
Medical equipments supplier,health,health|point_of_interest|establishment,,,"PLOT NO 31, Sector 56, Gurugram, Haryana 122011, India",,,OPERATIONAL,https://maps.google.com/?cid=18347267322560385689&g_mp=Cilnb29nbGUubWFwcy5wbGFjZXMudjEuUGxhY2VzLlNlYXJjaE5lYXJieRACGAQgAA,ChIJJ7qPLOYZDTkRmRJYAGyWnv4
Kamal Gupta Chai Wala,meal_takeaway,meal_takeaway|restaurant|food|point_of_interest|establishment,072507 45717,,"Shop No. 65, Harish Bakery, Huda Market Rd, Sector 56, Gurugram, Haryana 122011, India",2.6,5,OPERATIONAL,https://maps.google.com/?cid=6947288718354112266&g_mp=Cilnb29nbGUubWFwcy5wbGFjZXMudjEuUGxhY2VzLlNlYXJjaE5lYXJieRACGAQgAA,ChIJ46VJ_KoYDTkRCl-T8Ue6aWA
AC repair & Service Sector 56 | Globalwave,service,service|point_of_interest|establishment,,https://globalwave.in/location/ac-service-in-sector-56-gurgaon,"75, Sector 56 Rd, Block B, Sector 56, Gurugram, Haryana 122011, India",,,OPERATIONAL,https://maps.google.com/?cid=15206200140530207863&g_mp=Cilnb29nbGUubWFwcy5wbGFjZXMudjEuUGxhY2VzLlNlYXJjaE5lYXJieRACGAQgAA,ChIJ7XQjLAAZDTkRd0zMP3ZGB9M