name,primary_type,all_types,phone,website,address,rating,reviews,status,maps_url,place_id
Rachit Babbar’s,apartment_building,apartment_building|service|point_of_interest|establishment,,,"Ansal Versalia, Sector 67, Gurugram, Haryana 122101, India",5,1,OPERATIONAL,https://maps.google.com/?cid=12755217496882337495&g_mp=Cilnb29nbGUubWFwcy5wbGFjZXMudjEuUGxhY2VzLlNlYXJjaE5lYXJieRACGAQgAA,ChIJ3SEAb2kjDTkR19aEvruiA7E
3138 Ansal Versalia,apartment_building,apartment_building|service|point_of_interest|establishment,,,"G block, Ansal Versalia, Sector 67, Gurugram, Haryana 122101, India",4,1,OPERATIONAL,https://maps.google.com/?cid=320460263976545308&g_mp=Cilnb29nbGUubWFwcy5wbGFjZXMudjEuUGxhY2VzLlNlYXJjaE5lYXJieRACGAQgAA,ChIJpRNIot4jDTkRHCzzhumAcgQ
Nandan Van,apartment_building,apartment_building|service|point_of_interest|establishment,,,"G block, Ansal Versalia, 3138, Golf course extension road, Sector 67, Gurugram, Haryana 122101, India",,,OPERATIONAL,https://maps.google.com/?cid=15932327373659321491&g_mp=Cilnb29nbGUubWFwcy5wbGFjZXMudjEuUGxhY2VzLlNlYXJjaE5lYXJieRACGAQgAA,ChIJLUhmxX0jDTkRkzQyUFX_Gt0
Malik’s Home,apartment_complex,apartment_complex|service|point_of_interest|establishment,,,"G Block, 3137, Ansal Esencia Society Rd, Sector 67, Gurugram, Haryana 122101, India",5,5,OPERATIONAL,https://maps.google.com/?cid=12041978078426987378&g_mp=Cilnb29nbGUubWFwcy5wbGFjZXMudjEuUGxhY2VzLlNlYXJjaE5lYXJieRACGAQgAA,ChIJ2V0qrq4jDTkRcnuu3UKzHac
Pamposh,apartment_building,apartment_building|service|point_of_interest|establishment,,,"93J6+552, Sector 67, Gurugram, Haryana 122101, India",,,OPERATIONAL,https://maps.google.com/?cid=14221274705728995295&g_mp=Cilnb29nbGUubWFwcy5wbGFjZXMudjEuUGxhY2VzLlNlYXJjaE5lYXJieRACGAQgAA,ChIJsdiBxhcjDTkR3385UP8dXMU
3126 Vats,association_or_organization,service|association_or_organization|point_of_interest|establishment,,,"Ansal Versalia, Sector 67A, Gurugram, Haryana 122101, India",4,1,OPERATIONAL,https://maps.google.com/?cid=2888357626446992878&g_mp=Cilnb29nbGUubWFwcy5wbGFjZXMudjEuUGxhY2VzLlNlYXJjaE5lYXJieRACGAQgAA,ChIJ7Wr7NQAjDTkR7tWpRPWBFSg
Rituraj 3139,association_or_organization,service|association_or_organization|point_of_interest|establishment,,,"Ansal Versalia, G Block, Sector 67, Gurugram, Haryana 122101, India",5,1,OPERATIONAL,https://maps.google.com/?cid=8090626923430908420&g_mp=Cilnb29nbGUubWFwcy5wbGFjZXMudjEuUGxhY2VzLlNlYXJjaE5lYXJieRACGAQgAA,ChIJ_TsT_GIjDTkRBJJPJVKuR3A
The Shekhawati House,housing_complex,housing_complex|service|point_of_interest|establishment,,,"3128, 4th Floor, Sector 67, Gurugram, Haryana 122101, India",5,1,OPERATIONAL,https://maps.google.com/?cid=16486867596528599234&g_mp=Cilnb29nbGUubWFwcy5wbGFjZXMudjEuUGxhY2VzLlNlYXJjaE5lYXJieRACGAQgAA,ChIJSZpmHFIjDTkRwkD8VboezeQ
Khatter Residence,apartment_building,apartment_building|service|point_of_interest|establishment,,,"3193, Sector 67, Gurugram, Haryana 122101, India",,,OPERATIONAL,https://maps.google.com/?cid=1563957366533981148&g_mp=Cilnb29nbGUubWFwcy5wbGFjZXMudjEuUGxhY2VzLlNlYXJjaE5lYXJieRACGAQgAA,ChIJy9ucQAAjDTkR3AMdTPBKtBU
Neil's House,apartment_building,apartment_building|service|point_of_interest|establishment,,,"93J6+863, Sector 67, Gurugram, Haryana 122101, India",,,OPERATIONAL,https://maps.google.com/?cid=4077883013867127216&g_mp=Cilnb29nbGUubWFwcy5wbGFjZXMudjEuUGxhY2VzLlNlYXJjaE5lYXJieRACGAQgAA,ChIJ-Q6Vl3QjDTkRsEEm3f6Mlzg
G-3135 Ansal Versalia Sector 67 Gurgaon,apartment_complex,apartment_complex|service|point_of_interest|establishment,,,"93J6+664, Sector 67, Gurugram, Haryana 122101, India",,,OPERATIONAL,https://maps.google.com/?cid=8974450295892767291&g_mp=Cilnb29nbGUubWFwcy5wbGFjZXMudjEuUGxhY2VzLlNlYXJjaE5lYXJieRACGAQgAA,ChIJsf6ceAAjDTkRO3IW1f6mi3w
Chopra's Home Sector 67,association_or_organization,association_or_organization|point_of_interest|establishment,,,"Ground Floor, Ansal Esencia, C-1141, Sector 67, Gurugram, Haryana 122001, India",5,1,OPERATIONAL,https://maps.google.com/?cid=9133971168419586142&g_mp=Cilnb29nbGUubWFwcy5wbGFjZXMudjEuUGxhY2VzLlNlYXJjaE5lYXJieRACGAQgAA,ChIJO26--b8jDTkRXiBPQmJiwn4
Sahnis' Residence,association_or_organization,service|association_or_organization|point_of_interest|establishment,,,"3132 Aradhya Homes, Sector 67A, Gurugram, Haryana 122101, India",1,1,OPERATIONAL,https://maps.google.com/?cid=4927634296277747827&g_mp=Cilnb29nbGUubWFwcy5wbGFjZXMudjEuUGxhY2VzLlNlYXJjaE5lYXJieRACGAQgAA,ChIJDf9aWjwjDTkRc8iq5Eh5YkQ
"3136, Ansal Versalia",apartment_building,apartment_building|service|point_of_interest|establishment,,,"3136, Ansal Versalia, Sector67a, Gurugram, Haryana 122101, India",5,1,OPERATIONAL,https://maps.google.com/?cid=8863236468103173397&g_mp=Cilnb29nbGUubWFwcy5wbGFjZXMudjEuUGxhY2VzLlNlYXJjaE5lYXJieRACGAQgAA,ChIJV7LS_lojDTkRFdWTuZuKAHs
Somesh home,housing_complex,housing_complex|service|point_of_interest|establishment,,,"1119, Ansal Esencia C Block Rd, Sector 67, Gurugram, Haryana 122101, India",,,OPERATIONAL,https://maps.google.com/?cid=14253069025029832559&g_mp=Cilnb29nbGUubWFwcy5wbGFjZXMudjEuUGxhY2VzLlNlYXJjaE5lYXJieRACGAQgAA,ChIJt1f6eAAjDTkRb78GJMMSzcU
"3134, G Block, Ansal Versalia, Sector 67",apartment_building,apartment_building|service|point_of_interest|establishment,,,"3216, Ansal Esencia Society Rd, G Block, Sector 67, Gurugram, Haryana 122101, India",4,1,OPERATIONAL,https://maps.google.com/?cid=9406288481052100094&g_mp=Cilnb29nbGUubWFwcy5wbGFjZXMudjEuUGxhY2VzLlNlYXJjaE5lYXJieRACGAQgAA,ChIJtTZSvhojDTkR_oX1b4nZiYI
"G-Block, Aradhya Homes, Ansal Versalia",apartment_building,apartment_building|service|point_of_interest|establishment,,,"Aradhya Homes, 3124, Sector 67A, Gurugram, Haryana 122101, India",5,1,OPERATIONAL,https://maps.google.com/?cid=17740036705636064144&g_mp=Cilnb29nbGUubWFwcy5wbGFjZXMudjEuUGxhY2VzLlNlYXJjaE5lYXJieRACGAQgAA,ChIJ-6Fd52kjDTkRkBvUnWRFMfY
LALWANI SADAN,association_or_organization,service|association_or_organization|point_of_interest|establishment,,,"Ansal Versalia, Sector 67, Gurugram, Haryana 122101, India",,,OPERATIONAL,https://maps.google.com/?cid=3444979253641261825&g_mp=Cilnb29nbGUubWFwcy5wbGFjZXMudjEuUGxhY2VzLlNlYXJjaE5lYXJieRACGAQgAA,ChIJ5XaObwAjDTkRAbPg_2AGzy8
Jain's Residence,apartment_building,apartment_building|service|point_of_interest|establishment,,,"3142, 3rd Floor, Block G, Ansal Versalia, Sector 67A, Gurugram, Haryana 122101, India",,,OPERATIONAL,https://maps.google.com/?cid=9483298558243019241&g_mp=Cilnb29nbGUubWFwcy5wbGFjZXMudjEuUGxhY2VzLlNlYXJjaE5lYXJieRACGAQgAA,ChIJGe4mJ-EjDTkR6ZkMR8txm4M
Neermanu,apartment_building,apartment_building|service|point_of_interest|establishment,,,"Ansal Versalia, Sector 67A, Gurugram, Haryana 122101, India",4,1,OPERATIONAL,https://maps.google.com/?cid=16558983508947718559&g_mp=Cilnb29nbGUubWFwcy5wbGFjZXMudjEuUGxhY2VzLlNlYXJjaE5lYXJieRACGAQgAA,ChIJd8nhcAAjDTkRn1FhpMRTzeU
Rajat and Prachi,condominium_complex,condominium_complex|point_of_interest|service|establishment,,,"4185, 4th Floor, H Block, Ansal Versalia, Sector 67A, Gurugram, Haryana 122101, India",4.6,11,OPERATIONAL,https://maps.google.com/?cid=9021578321694802942&g_mp=Cilnb29nbGUubWFwcy5wbGFjZXMudjEuUGxhY2VzLlNlYXJjaE5lYXJieRACGAQgAA,ChIJaeQqZE4jDTkR_sP7aa8VM30
Rajans,housing_complex,housing_complex|point_of_interest|service|establishment,,,"Aradhya Homes, Ansal Versalia, 4184(2nd Floor, Sector 67A, Gurugram, Haryana 122101, India",5,1,OPERATIONAL,https://maps.google.com/?cid=954458288019745231&g_mp=Cilnb29nbGUubWFwcy5wbGFjZXMudjEuUGxhY2VzLlNlYXJjaE5lYXJieRACGAQgAA,ChIJN6YS0jQjDTkRzylYisHqPg0
Saurabh & Divya,apartment_building,apartment_building|point_of_interest|service|establishment,,,"93J7+69M, Sector 67, Gurugram, Haryana 122101, India",5,1,OPERATIONAL,https://maps.google.com/?cid=10885842444229112412&g_mp=Cilnb29nbGUubWFwcy5wbGFjZXMudjEuUGxhY2VzLlNlYXJjaE5lYXJieRACGAQgAA,ChIJA0ppVAAjDTkRXHIlAQdIEpc
Nirmal Integrated Consultancy (Team-NIC),consultant,consultant|point_of_interest|service|establishment,099908 38376,http://www.team-nic.com/,"Ansal Versalia, Sector 67, Gurugram, Haryana 122101, India",4.9,92,OPERATIONAL,https://maps.google.com/?cid=5020656367196007880&g_mp=Cilnb29nbGUubWFwcy5wbGFjZXMudjEuUGxhY2VzLlNlYXJjaE5lYXJieRACGAQgAA,ChIJNUQ_dI78DDkRyG0Fil30rEU
Ansal versalia,apartment_building,apartment_building|point_of_interest|service|establishment,,,"Ansal Versalia, Sector 67, Gurugram, Haryana 122101, India",3,2,OPERATIONAL,https://maps.google.com/?cid=10358911828365186202&g_mp=Cilnb29nbGUubWFwcy5wbGFjZXMudjEuUGxhY2VzLlNlYXJjaE5lYXJieRACGAQgAA,ChIJRxN7bgAjDTkRmpRMjWw_wo8
4160 Ansal Versalia,apartment_building,apartment_building|point_of_interest|service|establishment,,,"4160, Ansal Versalia, Sector 67, Gurugram, Haryana 122101, India",5,1,OPERATIONAL,https://maps.google.com/?cid=8294576162843426352&g_mp=Cilnb29nbGUubWFwcy5wbGFjZXMudjEuUGxhY2VzLlNlYXJjaE5lYXJieRACGAQgAA,ChIJeTGcX-4jDTkRMH601BJBHHM
Amishi and shubham’s abode,apartment_building,apartment_building|point_of_interest|service|establishment,,,"Ansal Versalia, Sector 67, Gurugram, Haryana 122101, India",,,OPERATIONAL,https://maps.google.com/?cid=18213344209789584962&g_mp=Cilnb29nbGUubWFwcy5wbGFjZXMudjEuUGxhY2VzLlNlYXJjaE5lYXJieRACGAQgAA,ChIJOTbfJqYjDTkRQgZtdA_Mwvw
Beni,apartment_building,apartment_building|point_of_interest|service|establishment,,,"4159, Ansal Versalia, Sector 67A, Sector 67, Gurugram, Haryana 122101, India",,,OPERATIONAL,https://maps.google.com/?cid=1863756283226397180&g_mp=Cilnb29nbGUubWFwcy5wbGFjZXMudjEuUGxhY2VzLlNlYXJjaE5lYXJieRACGAQgAA,ChIJsYftW2ojDTkR_JmcCXdk3Rk
Ankit and Geetika Home,apartment_complex,apartment_complex|point_of_interest|service|establishment,,,"Ansal Versalia, Sector 67A, Gurugram, Haryana 122101, India",5,1,OPERATIONAL,https://maps.google.com/?cid=13486855637745329265&g_mp=Cilnb29nbGUubWFwcy5wbGFjZXMudjEuUGxhY2VzLlNlYXJjaE5lYXJieRACGAQgAA,ChIJrXcqvAcjDTkRceTIAL_vKrs
3126 3rd floor G Block,apartment_building,apartment_building|point_of_interest|service|establishment,,,"Ansal Versalia, 4184, Sector 67A, Gurugram, Haryana 122101, India",,,OPERATIONAL,https://maps.google.com/?cid=6529736665332538274&g_mp=Cilnb29nbGUubWFwcy5wbGFjZXMudjEuUGxhY2VzLlNlYXJjaE5lYXJieRACGAQgAA,ChIJi3jJ62kjDTkRolv9reZInlo
4186 - Dureja’s,apartment_building,apartment_building|point_of_interest|service|establishment,,,"Ansal Versalia, Sector 67A, Gurugram, Haryana 122101, India",,,OPERATIONAL,https://maps.google.com/?cid=8678419899678179723&g_mp=Cilnb29nbGUubWFwcy5wbGFjZXMudjEuUGxhY2VzLlNlYXJjaE5lYXJieRACGAQgAA,ChIJqf3c2SwjDTkRi8H_I-vwb3g
Jatin & Nidhi home,apartment_building,apartment_building|point_of_interest|service|establishment,,,"4185, 3rd floor, Sector 67A, Gurugram, Haryana 122101, India",,,OPERATIONAL,https://maps.google.com/?cid=545448409071339360&g_mp=Cilnb29nbGUubWFwcy5wbGFjZXMudjEuUGxhY2VzLlNlYXJjaE5lYXJieRACGAQgAA,ChIJh4bazZ0jDTkRYMf_KXDSkQc
"4182, Aradhya Homes Ansal Versalia",condominium_complex,condominium_complex|point_of_interest|service|establishment,,,"4182, Sector 67, Gurugram, Haryana 122101, India",3,1,CLOSED_TEMPORARILY,https://maps.google.com/?cid=15623495976167028954&g_mp=Cilnb29nbGUubWFwcy5wbGFjZXMudjEuUGxhY2VzLlNlYXJjaE5lYXJieRACGAQgAA,ChIJN_q5XQAjDTkR2jguQdDO0dg
Shanti Niwas,apartment_building,apartment_building|point_of_interest|service|establishment,,,"4096, Sector 67, Gurugram, Haryana 122101, India",5,1,OPERATIONAL,https://maps.google.com/?cid=4409638408389797470&g_mp=Cilnb29nbGUubWFwcy5wbGFjZXMudjEuUGxhY2VzLlNlYXJjaE5lYXJieRACGAQgAA,ChIJpUHDQQAjDTkRXib-58QuMj0
CA Varinder Jain,consultant,accounting|finance|consultant|point_of_interest|service|establishment,,,"4184-3F, H Block, Ansal Versalia, Sector 67A, Gurugram, Haryana 122101, India",,,OPERATIONAL,https://maps.google.com/?cid=15622369872777471475&g_mp=Cilnb29nbGUubWFwcy5wbGFjZXMudjEuUGxhY2VzLlNlYXJjaE5lYXJieRACGAQgAA,ChIJJVYDdvsjDTkR82Wq4KDOzdg
"4136, Aradhya Homes",association_or_organization,point_of_interest|association_or_organization|establishment,072177 76112,,"93J7+38P, Sector 67A, Gurugram, Haryana 122101, India",5,3,OPERATIONAL,https://maps.google.com/?cid=2338135635058706074&g_mp=Cilnb29nbGUubWFwcy5wbGFjZXMudjEuUGxhY2VzLlNlYXJjaE5lYXJieRACGAQgAA,ChIJb9u-ZgAjDTkRmkZb3Pi5ciA
Amara Floors,association_or_organization,point_of_interest|association_or_organization|service|establishment,,https://akvmrealty.com/property/amara-floors-sector-67A,"4096, Sector 67, Gurugram, Haryana 122101, India",,,OPERATIONAL,https://maps.google.com/?cid=7750943069983118578&g_mp=Cilnb29nbGUubWFwcy5wbGFjZXMudjEuUGxhY2VzLlNlYXJjaE5lYXJieRACGAQgAA,ChIJZdmOGwAjDTkR8pSe6KfhkGs
7th Cloud,,point_of_interest|establishment,,,"4157, Ansal Versalia, Sector 67A, Gurugram, Haryana 122101, India",,,CLOSED_TEMPORARILY,https://maps.google.com/?cid=17354660287826342414&g_mp=Cilnb29nbGUubWFwcy5wbGFjZXMudjEuUGxhY2VzLlNlYXJjaE5lYXJieRACGAQgAA,ChIJn4-3e0cjDTkRDrJ3NZUj2PA
Raahi Global,apartment_building,apartment_building|point_of_interest|service|establishment,,,"Ansal Versalia, H- 4181, Sector 67A, Gurugram, Haryana 122101, India",5,1,OPERATIONAL,https://maps.google.com/?cid=15072402123019607237&g_mp=Cilnb29nbGUubWFwcy5wbGFjZXMudjEuUGxhY2VzLlNlYXJjaE5lYXJieRACGAQgAA,ChIJEwvqmP8jDTkRxVxttt_tK9E
Renu and Rakesh Sood’s Residence,housing_complex,housing_complex|point_of_interest|service|establishment,,,"H-4179, 3rd floor, Aradhya Homes, Sector-67a, Gurugram, Haryana 122101, India",,,OPERATIONAL,https://maps.google.com/?cid=11885636594526192708&g_mp=Cilnb29nbGUubWFwcy5wbGFjZXMudjEuUGxhY2VzLlNlYXJjaE5lYXJieRACGAQgAA,ChIJF6mTam0jDTkRRAQeioJD8qQ
Athletic Field,athletic_field,athletic_field|sports_activity_location|point_of_interest|establishment,,,"Haryana 122101, India",,,OPERATIONAL,https://maps.google.com/?cid=7849928556374414078&g_mp=Cilnb29nbGUubWFwcy5wbGFjZXMudjEuUGxhY2VzLlNlYXJjaE5lYXJieRACGAQgAA,ChIJq6rqwVIiDTkR_lLkam6M8Gw
Chandna’s villa,housing_complex,housing_complex|service|point_of_interest|establishment,,,"67A, Sector 67A, Gurugram, Haryana 122101, India",,,OPERATIONAL,https://maps.google.com/?cid=15821786624840914672&g_mp=Cilnb29nbGUubWFwcy5wbGFjZXMudjEuUGxhY2VzLlNlYXJjaE5lYXJieRACGAQgAA,ChIJx4o9bgAjDTkR8FarnRtHkts
Athletic Field,athletic_field,athletic_field|sports_activity_location|point_of_interest|establishment,,,"Haryana 122101, India",,,OPERATIONAL,https://maps.google.com/?cid=7679963230338890945&g_mp=Cilnb29nbGUubWFwcy5wbGFjZXMudjEuUGxhY2VzLlNlYXJjaE5lYXJieRACGAQgAA,ChIJAQCQxVIiDTkRwTxpKN61lGo
Super Kings Academy by Push Sports,sports_club,sports_club|association_or_organization|point_of_interest|establishment,095824 76727,https://pushsports.in/,"HS - 2, Plot no, Ansal Esencia C Block Rd, inside Delhi Public School, Sector 67A, Gurugram, Haryana 122101, India",5,6,OPERATIONAL,https://maps.google.com/?cid=16732928569838439126&g_mp=Cilnb29nbGUubWFwcy5wbGFjZXMudjEuUGxhY2VzLlNlYXJjaE5lYXJieRACGAQgAA,ChIJv372EIgjDTkR1oo0IeFNN-g
Delhi Public School Gurugram Sector 67A,educational_institution,educational_institution|point_of_interest|establishment,092891 25601,https://dpsgurugram.com/,"Plot no, HS - 2, Sector 67A, Ansal Esencia C Block Rd, Gurugram, Haryana 122101, India",4.7,131,OPERATIONAL,https://maps.google.com/?cid=14868349289166654565&g_mp=Cilnb29nbGUubWFwcy5wbGFjZXMudjEuUGxhY2VzLlNlYXJjaE5lYXJieRACGAQgAA,ChIJRVI-ZewjDTkRZcw1Eef8Vs4
Madhu’s Home,housing_complex,housing_complex|service|point_of_interest|establishment,,,"4123, H, Ansal Versalia, Sector 67, Gurugram, Haryana 122101, India",3,1,OPERATIONAL,https://maps.google.com/?cid=2296467988373870684&g_mp=Cilnb29nbGUubWFwcy5wbGFjZXMudjEuUGxhY2VzLlNlYXJjaE5lYXJieRACGAQgAA,ChIJh0-iBAAjDTkRXJgU3Xex3h8
4119 Ansal Versalia,apartment_building,apartment_building|service|point_of_interest|establishment,,,"4119, H Block, Ansal Versalia, Badshahpur, Sector 67A, Gurugram, Haryana 122101, India",,,OPERATIONAL,https://maps.google.com/?cid=17222817873575240473&g_mp=Cilnb29nbGUubWFwcy5wbGFjZXMudjEuUGxhY2VzLlNlYXJjaE5lYXJieRACGAQgAA,ChIJP7W7lHgjDTkRGWOzCZu9A-8
Coco Pet Hostel and Day care,pet_boarding_service,pet_boarding_service|pet_care|point_of_interest|establishment,,,"Pyramid Urban, Sector 67A, Gurugram, Haryana 122102, India",,,OPERATIONAL,https://maps.google.com/?cid=5852396883186753761&g_mp=Cilnb29nbGUubWFwcy5wbGFjZXMudjEuUGxhY2VzLlNlYXJjaE5lYXJieRACGAQgAA,ChIJ0fgKDrUjDTkR4SDzOvXjN1E
Rudra Enterprises(Earthing Solution Provider),service,service|point_of_interest|establishment,079820 43472,https://rudrainterprises.com/,"Street Number 14, Plot Number 33, Sector 67A, Gurugram, Haryana 122102, India",5,2,OPERATIONAL,https://maps.google.com/?cid=11449811417413029966&g_mp=Cilnb29nbGUubWFwcy5wbGFjZXMudjEuUGxhY2VzLlNlYXJjaE5lYXJieRACGAQgAA,ChIJ_fYnwQsjDTkRTpAdCNLm5Z4
Aradhya homes,apartment_building,apartment_building|service|point_of_interest|establishment,,,"4135, Aradhya homes, Sector 67A, Gurugram, Haryana 122101, India",,,OPERATIONAL,https://maps.google.com/?cid=1929231130251197845&g_mp=Cilnb29nbGUubWFwcy5wbGFjZXMudjEuUGxhY2VzLlNlYXJjaE5lYXJieRACGAQgAA,ChIJfc2GXwAjDTkRlX0_0H0Bxho
Therapy with Preksha,medical_clinic,medical_clinic|health|point_of_interest|establishment,096503 80800,,"Sector 67A, Gurugram, Haryana 122101, India",,,OPERATIONAL,https://maps.google.com/?cid=5025427713305233676&g_mp=Cilnb29nbGUubWFwcy5wbGFjZXMudjEuUGxhY2VzLlNlYXJjaE5lYXJieRACGAQgAA,ChIJFcT7Kt4jDTkRDEn2H-HnvUU
Essence2Expression,,point_of_interest|establishment,,,"3136, 4th Floor, Sector 67A, Gurugram, Haryana 122101, India",,,CLOSED_TEMPORARILY,https://maps.google.com/?cid=4752693501147719252&g_mp=Cilnb29nbGUubWFwcy5wbGFjZXMudjEuUGxhY2VzLlNlYXJjaE5lYXJieRACGAQgAA,ChIJU1605D4jDTkRVKY39o719EE
thetafsir,association_or_organization,association_or_organization|point_of_interest|establishment,079861 22969,https://thetafsir.com/,"Sector 67A, Gurugram, Haryana 122101, India",,,OPERATIONAL,https://maps.google.com/?cid=632786292455254162&g_mp=Cilnb29nbGUubWFwcy5wbGFjZXMudjEuUGxhY2VzLlNlYXJjaE5lYXJieRACGAQgAA,ChIJST3CJjQjDTkRkiiIxMcbyAg
Tiny Feets,pet_boarding_service,pet_boarding_service|pet_care|point_of_interest|establishment,096257 67922,https://www.petbacker.in/india/boarding/haryana/gurugram/tinyfeets-home-based-pet-hotel,"Pyramid urban 67a, Sector 67A, Gurugram, Haryana 122101, India",5,11,OPERATIONAL,https://maps.google.com/?cid=7867986122612178422&g_mp=Cilnb29nbGUubWFwcy5wbGFjZXMudjEuUGxhY2VzLlNlYXJjaE5lYXJieRACGAQgAA,ChIJhbYVi1AjDTkR9n0AMLGzMG0
Shree Raghunath,medical_clinic,medical_clinic|health|point_of_interest|establishment,,,"Shop No.61, Ground floor, Pyramid Square, near ISKCON temple, Sector 67A, Gurugram, Haryana 122101, India",,,OPERATIONAL,https://maps.google.com/?cid=8991545432327733158&g_mp=Cilnb29nbGUubWFwcy5wbGFjZXMudjEuUGxhY2VzLlNlYXJjaE5lYXJieRACGAQgAA,ChIJL5bwp5kjDTkRpj-uc-5iyHw
Mutreja's House,association_or_organization,service|association_or_organization|point_of_interest|establishment,,,"4138, Shree Vardhman Mantra Block-H, Aaradhya Homes, Sector 67A, Gurugram, Haryana 122101, India",,,OPERATIONAL,https://maps.google.com/?cid=7033894858775632231&g_mp=Cilnb29nbGUubWFwcy5wbGFjZXMudjEuUGxhY2VzLlNlYXJjaE5lYXJieRACGAQgAA,ChIJT2zkIPsjDTkRZ5nEXBtqnWE
Zen&Viet sushi,restaurant,restaurant|food|point_of_interest|establishment,098101 79228,,"Sector 67A, Gurugram, Haryana 122001, India",4,4,OPERATIONAL,https://maps.google.com/?cid=6819463757145625355&g_mp=Cilnb29nbGUubWFwcy5wbGFjZXMudjEuUGxhY2VzLlNlYXJjaE5lYXJieRACGAQgAA,ChIJH5BkezwjDTkRC9NQ8yeao14
4115 Ansal Versalia,apartment_complex,apartment_complex|service|point_of_interest|establishment,,,"Ansal Versalia, Sector 67, Gurugram, Haryana 122101, India",5,2,OPERATIONAL,https://maps.google.com/?cid=6545251581465776148&g_mp=Cilnb29nbGUubWFwcy5wbGFjZXMudjEuUGxhY2VzLlNlYXJjaE5lYXJieRACGAQgAA,ChIJUzlFDQAjDTkRFNDUlqJn1Vo
TheEventSaga,gift_shop,gift_shop|store|point_of_interest|establishment,,,"Shop Number 18, Pyramid Square, Sector 67A, Gurugram, Haryana 122101, India",,,CLOSED_TEMPORARILY,https://maps.google.com/?cid=10913332082825598449&g_mp=Cilnb29nbGUubWFwcy5wbGFjZXMudjEuUGxhY2VzLlNlYXJjaE5lYXJieRACGAQgAA,ChIJX3YZBIgjDTkR8ZWxQLXxc5c
THE STUDIO salon,barber_shop,barber_shop|hair_care|health|service|point_of_interest|establishment,099993 61772,,"Shop No.2, IREO The Corridors, Sector 67A, Gurugram, Haryana 122101, India",5,1,OPERATIONAL,https://maps.google.com/?cid=17528566140040453401&g_mp=Cilnb29nbGUubWFwcy5wbGFjZXMudjEuUGxhY2VzLlNlYXJjaE5lYXJieRACGAQgAA,ChIJL8vDaiEjDTkRGR0Ntwj6QfM
Ellen Building Construction Company,consultant,consultant|point_of_interest|service|establishment,,,"222,Vipul Trade Centre, Sec. 48, Sohna Road, Dhumaspur, Gurugram, Haryana 122101, India",3.8,8,CLOSED_TEMPORARILY,https://maps.google.com/?cid=4180599206571748771&g_mp=Cilnb29nbGUubWFwcy5wbGFjZXMudjEuUGxhY2VzLlNlYXJjaE5lYXJieRACGAQgAA,ChIJVVVVebvhDDkRoy39H9R4BDo
Narayan Niwas,association_or_organization,association_or_organization|point_of_interest|service|establishment,,,"93H9+QP, Dhumaspur, Gurugram, Haryana 122101, India",,,OPERATIONAL,https://maps.google.com/?cid=4361825920678024976&g_mp=Cilnb29nbGUubWFwcy5wbGFjZXMudjEuUGxhY2VzLlNlYXJjaE5lYXJieRACGAQgAA,ChIJ7eP_NQAjDTkRENcanpBRiDw
Raghav Residence Dhumaspur,association_or_organization,association_or_organization|point_of_interest|service|establishment,,,"93H9+QP, Dhumaspur, Gurugram, Haryana 122101, India",5,1,OPERATIONAL,https://maps.google.com/?cid=2278999640917847784&g_mp=Cilnb29nbGUubWFwcy5wbGFjZXMudjEuUGxhY2VzLlNlYXJjaE5lYXJieRACGAQgAA,ChIJeSHrfAAjDTkR6K4mSBmioB8
Vishnu Fufaji House,association_or_organization,association_or_organization|point_of_interest|service|establishment,,,"93H9+QP, Dhumaspur, Gurugram, Haryana 122101, India",1,1,OPERATIONAL,https://maps.google.com/?cid=8715312308843426861&g_mp=Cilnb29nbGUubWFwcy5wbGFjZXMudjEuUGxhY2VzLlNlYXJjaE5lYXJieRACGAQgAA,ChIJ8ywzUAAjDTkRLbQzg14C83g
BK Enclave Dhumaspur,association_or_organization,association_or_organization|point_of_interest|service|establishment,,,"93H9+QP, Dhumaspur, Gurugram, Haryana 122101, India",4.5,2,OPERATIONAL,https://maps.google.com/?cid=503614231974479149&g_mp=Cilnb29nbGUubWFwcy5wbGFjZXMudjEuUGxhY2VzLlNlYXJjaE5lYXJieRACGAQgAA,ChIJv5ubLQAjDTkRLYWryHky_QY
Anand Kutir,association_or_organization,association_or_organization|point_of_interest|service|establishment,,,"93HC+M8C, Dhumaspur, Haryana 122101, India",,,OPERATIONAL,https://maps.google.com/?cid=15908052498633561667&g_mp=Cilnb29nbGUubWFwcy5wbGFjZXMudjEuUGxhY2VzLlNlYXJjaE5lYXJieRACGAQgAA,ChIJ73tsUgAjDTkRQ5ZRiXbBxNw
WES building,apartment_building,apartment_building|point_of_interest|service|establishment,,,"Tower-A6, Cluster_gurgaon 17, Haryana 122101, India",,,OPERATIONAL,https://maps.google.com/?cid=15845122484016785564&g_mp=Cilnb29nbGUubWFwcy5wbGFjZXMudjEuUGxhY2VzLlNlYXJjaE5lYXJieRACGAQgAA,ChIJ6QLleAAjDTkRnChguvIu5ds
BTG Travels,book_store,book_store|store|point_of_interest|establishment,097959 66241,,"A2-803 Flat, IREO CORRIDORS TOWER - B1, Gurugram, Haryana 122101, India",,,OPERATIONAL,https://maps.google.com/?cid=5574921669998449196&g_mp=Cilnb29nbGUubWFwcy5wbGFjZXMudjEuUGxhY2VzLlNlYXJjaE5lYXJieRACGAQgAA,ChIJIaevB3gjDTkRLJLivrgZXk0
Matera Modular,general_contractor,general_contractor|point_of_interest|service|establishment,,https://materamodular.com/,"B.K. Enclave, Plot No 6, Dhumaspur, Sector 67A, Gurugram, Haryana 122101, India",,,OPERATIONAL,https://maps.google.com/?cid=1347663649721595079&g_mp=Cilnb29nbGUubWFwcy5wbGFjZXMudjEuUGxhY2VzLlNlYXJjaE5lYXJieRACGAQgAA,ChIJJSXhqLkjDTkRx7Rc_vLcsxI
Treding tag line,apartment_building,apartment_building|point_of_interest|service|establishment,,,"67, Sector 22 Road, Sector 22B, Sector 22A, Sector 22, Gurugram, Haryana 122101, India",,,OPERATIONAL,https://maps.google.com/?cid=13591894863995467532&g_mp=Cilnb29nbGUubWFwcy5wbGFjZXMudjEuUGxhY2VzLlNlYXJjaE5lYXJieRACGAQgAA,ChIJ5RStOAAjDTkRDPfnqF0coLw
Shree Balaji agencies,storage,storage|point_of_interest|establishment,,,"B.K. Enclave, Plot No 6, Dhumaspur Rd, Dhumaspur, Sector 67A, Gurugram, Haryana 122101, India",5,1,OPERATIONAL,https://maps.google.com/?cid=8391853743855686657&g_mp=Cilnb29nbGUubWFwcy5wbGFjZXMudjEuUGxhY2VzLlNlYXJjaE5lYXJieRACGAQgAA,ChIJzx5TCgAjDTkRAdSMoYTadXQ
Sharma home,private_guest_room,private_guest_room|lodging|point_of_interest|establishment,,,"93HC+GM6, Dhumaspur, Gurugram, Haryana 122101, India",,,OPERATIONAL,https://maps.google.com/?cid=7877385949275471845&g_mp=Cilnb29nbGUubWFwcy5wbGFjZXMudjEuUGxhY2VzLlNlYXJjaE5lYXJieRACGAQgAA,ChIJU1WiEwAjDTkR5b834cgYUm0
Sharma home,private_guest_room,private_guest_room|lodging|point_of_interest|establishment,,,"93HC+GM6, Dhumaspur, Gurugram, Haryana 122101, India",,,OPERATIONAL,https://maps.google.com/?cid=17502562083591255563&g_mp=Cilnb29nbGUubWFwcy5wbGFjZXMudjEuUGxhY2VzLlNlYXJjaE5lYXJieRACGAQgAA,ChIJQx0zQAAjDTkRC3atg3uX5fI
Nihira Jewels,jewelry_store,jewelry_store|store|point_of_interest|establishment,095824 07181,,"4056, 2nd floor, Aaradhya homes, Sector 67A, Gurugram, Haryana 122101, India",4.8,33,OPERATIONAL,https://maps.google.com/?cid=3490672332607608317&g_mp=Cilnb29nbGUubWFwcy5wbGFjZXMudjEuUGxhY2VzLlNlYXJjaE5lYXJieRACGAQgAA,ChIJTXKc-9wjDTkR_VVc_P1bcTA
Digital Marketeria,service,point_of_interest|service|establishment,099909 07449,https://digitalmarketeria.com/,"Pyramid Urban, Sector 67A, Gurugram, Haryana 122101, India",5,23,OPERATIONAL,https://maps.google.com/?cid=8024663257125042189&g_mp=Cilnb29nbGUubWFwcy5wbGFjZXMudjEuUGxhY2VzLlNlYXJjaE5lYXJieRACGAQgAA,ChIJlY14S1EjDTkRDTgRQ7dUXW8
The Bakers Zone,bakery,bakery|food_store|store|food|point_of_interest|establishment,090733 63058,https://www.instagram.com/thebakerszone?igsh=MWliNHR5Y2dpcGFmNw==,"17, IREO CORRIDORS, Sector 67A, Gurugram, Haryana 122101, India",5,40,CLOSED_TEMPORARILY,https://maps.google.com/?cid=974752498282250389&g_mp=Cilnb29nbGUubWFwcy5wbGFjZXMudjEuUGxhY2VzLlNlYXJjaE5lYXJieRACGAQgAA,ChIJTdaHfvcjDTkRlcAJlDsEhw0
Power moves electrical,service,point_of_interest|service|establishment,086839 97458,,"Iron the corridor, Sector 67A, Gurugram, Haryana 122101, India",4.8,19,OPERATIONAL,https://maps.google.com/?cid=7507713989409384165&g_mp=Cilnb29nbGUubWFwcy5wbGFjZXMudjEuUGxhY2VzLlNlYXJjaE5lYXJieRACGAQgAA,ChIJmfaCQ1IjDTkR5Sb6hRjCMGg
S.R.Enterprises,wholesaler,clothing_store|wholesaler|store|point_of_interest|establishment,,,"1st floor, H-4063, near DPS, Sector 67A, Gurugram, Haryana 122101, India",5,1,OPERATIONAL,https://maps.google.com/?cid=5581761444380819338&g_mp=Cilnb29nbGUubWFwcy5wbGFjZXMudjEuUGxhY2VzLlNlYXJjaE5lYXJieRACGAQgAA,ChIJB6lJPqr9YjkRij9K0XVmdk0
Gaudugdham farm Fresh Milk,food_store,food_store|store|food|point_of_interest|establishment,,,"Dhumaspur, Gurugram, Haryana 122101, India",5,2,OPERATIONAL,https://maps.google.com/?cid=14183723503840329676&g_mp=Cilnb29nbGUubWFwcy5wbGFjZXMudjEuUGxhY2VzLlNlYXJjaE5lYXJieRACGAQgAA,ChIJg72A5qUjDTkRzP_CzmC11sQ
Guruji Organic Dairy Farm,ranch,ranch|farm|service|point_of_interest|establishment,088603 03406,,"near M3M Urbana, Dhumaspur, Sector 67, Gurugram, Haryana 122101, India",4.7,7,OPERATIONAL,https://maps.google.com/?cid=17394079047320095633&g_mp=Cilnb29nbGUubWFwcy5wbGFjZXMudjEuUGxhY2VzLlNlYXJjaE5lYXJieRACGAQgAA,ChIJ5zwoUS4jDTkRkUuUWrwuZPE
Pinewood Studio,manufacturer,manufacturer|point_of_interest|establishment,,http://www.pinewoodstudios.in/,"Dhumaspur Village, Unnamed Road, Dhumaspur, Gurugram, Haryana 122101, India",4.5,31,OPERATIONAL,https://maps.google.com/?cid=2316375554192027561&g_mp=Cilnb29nbGUubWFwcy5wbGFjZXMudjEuUGxhY2VzLlNlYXJjaE5lYXJieRACGAQgAA,ChIJZWU3GzAjDTkRqa8DOktrJSA
Kashish's place,apartment_building,apartment_building|service|point_of_interest|establishment,,,"C26A, Ardee City, Sector 52, Dhumaspur, Gurugram, Haryana 122101, India",5,1,OPERATIONAL,https://maps.google.com/?cid=7081136111770629365&g_mp=Cilnb29nbGUubWFwcy5wbGFjZXMudjEuUGxhY2VzLlNlYXJjaE5lYXJieRACGAQgAA,ChIJJTUBfSAjDTkR9XRHtMY_RWI
Suhani,service,service|point_of_interest|establishment,,,"93JF+29J, Dhumaspur, Gurugram, Haryana 122101, India",,,OPERATIONAL,https://maps.google.com/?cid=16665329994032512304&g_mp=Cilnb29nbGUubWFwcy5wbGFjZXMudjEuUGxhY2VzLlNlYXJjaE5lYXJieRACGAQgAA,ChIJp5JTZAAjDTkRMH34NlUlR-c
Satcura Pet Service,veterinary_care,veterinary_care|pet_care|health|service|point_of_interest|establishment,,https://satcurapet.com/,"Dhumaspur, Sector 67, Gurugram, Haryana 122101, India",5,6,OPERATIONAL,https://maps.google.com/?cid=18215657703740326117&g_mp=Cilnb29nbGUubWFwcy5wbGFjZXMudjEuUGxhY2VzLlNlYXJjaE5lYXJieRACGAQgAA,ChIJFZW_qEQjDTkR5cCMvSsEy_w
Vedram Tanwar farm,storage,storage|point_of_interest|establishment,,,"93JF+579, Dhumaspur, Gurugram, Haryana 122101, India",5,3,OPERATIONAL,https://maps.google.com/?cid=6753714032071800026&g_mp=Cilnb29nbGUubWFwcy5wbGFjZXMudjEuUGxhY2VzLlNlYXJjaE5lYXJieRACGAQgAA,ChIJnc7bDwAjDTkR2vQ1JCEDul0
Gugafix Construction Chemicals,manufacturer,manufacturer|point_of_interest|establishment,098710 09115,https://www.gugafix.com/,"Plot No. 57/46, Khasra No. 10/7, Badshahpur, Dhumaspur Rd, near DD Dairy Farm, Dhumaspur, Gurugram, Haryana 122101, India",5,6,OPERATIONAL,https://maps.google.com/?cid=1605957474699078827&g_mp=Cilnb29nbGUubWFwcy5wbGFjZXMudjEuUGxhY2VzLlNlYXJjaE5lYXJieRACGAQgAA,ChIJmdAHDpcjDTkRq2zSg9CBSRY
Serengeti,park,park|point_of_interest|establishment,,http://serengeti.in/,"Dhumaspur Rd, Dhumaspur, Sector 67, Gurugram, Haryana 122103, India",4.5,8,OPERATIONAL,https://maps.google.com/?cid=4360155182368457718&g_mp=Cilnb29nbGUubWFwcy5wbGFjZXMudjEuUGxhY2VzLlNlYXJjaE5lYXJieRACGAQgAA,ChIJv12RWQAjDTkR9oOmigligjw
Cloud Stay,farmstay,farmstay|lodging|point_of_interest|establishment,,,"Cloud Stay, Dhumaspur, Gurugram, Haryana 122101, India",5,1,OPERATIONAL,https://maps.google.com/?cid=16521978172418362198&g_mp=Cilnb29nbGUubWFwcy5wbGFjZXMudjEuUGxhY2VzLlNlYXJjaE5lYXJieRACGAQgAA,ChIJ50e7bN8jDTkRVgvBUZzbSeU
Rohtash Tanwar Farm,farm,farm|service|point_of_interest|establishment,,,"93JF+4M4, Dhumaspur, Gurugram, Haryana 122101, India",5,1,CLOSED_TEMPORARILY,https://maps.google.com/?cid=13202873534521655687&g_mp=Cilnb29nbGUubWFwcy5wbGFjZXMudjEuUGxhY2VzLlNlYXJjaE5lYXJieRACGAQgAA,ChIJX5dFegAjDTkRh8GRH4cHOrc
Cloud Nine Cottages,housing_complex,housing_complex|service|point_of_interest|establishment,,,"Sohna Rd, Dhumaspur, Badshahpur, Sector 67A, Gurugram, Haryana 122101, India",4.3,50,OPERATIONAL,https://maps.google.com/?cid=8430050775244593447&g_mp=Cilnb29nbGUubWFwcy5wbGFjZXMudjEuUGxhY2VzLlNlYXJjaE5lYXJieRACGAQgAA,ChIJ8RG_qbQjDTkRJ9n1CISO_XQ
Strawberry Villas,service,bed_and_breakfast|private_guest_room|farm|lodging|service|point_of_interest|establishment,098112 71823,https://strawberryvillas.in/,"Cloud Nine Cottages Dhumuspur, B-3, Dhumaspur, Sector 67A, Gurugram, Haryana 122101, India",4.9,24,OPERATIONAL,https://maps.google.com/?cid=5017894990394908863&g_mp=Cilnb29nbGUubWFwcy5wbGFjZXMudjEuUGxhY2VzLlNlYXJjaE5lYXJieRACGAQgAA,ChIJjxs_8IAjDTkRv2CzZugko0U
Star SkySea Services Pvt Ltd,transportation_service,transportation_service|point_of_interest|establishment,,http://www.starskysea.com/,"93HF+P29, Dhumaspur, Gurugram, Haryana 122101, India",,,OPERATIONAL,https://maps.google.com/?cid=13017518851127145905&g_mp=Cilnb29nbGUubWFwcy5wbGFjZXMudjEuUGxhY2VzLlNlYXJjaE5lYXJieRACGAQgAA,ChIJl4LoAgAjDTkRsXVi4myEp7Q
DAWAL ARODA,general_contractor,general_contractor|service|point_of_interest|establishment,,,"93HC+GM6, Dhumaspur, Gurugram, Haryana 122101, India",5,1,CLOSED_TEMPORARILY,https://maps.google.com/?cid=7983246533120095784&g_mp=Cilnb29nbGUubWFwcy5wbGFjZXMudjEuUGxhY2VzLlNlYXJjaE5lYXJieRACGAQgAA,ChIJIYkyGgAjDTkRKPb9wGwwym4
Mangla farmhouse,service,service|point_of_interest|establishment,,,"A2, Dhumaspur, Gurugram, Haryana 122101, India",,,OPERATIONAL,https://maps.google.com/?cid=4363055486327779504&g_mp=Cilnb29nbGUubWFwcy5wbGFjZXMudjEuUGxhY2VzLlNlYXJjaE5lYXJieRACGAQgAA,ChIJWaOKRAAjDTkRsPDiLdmvjDw
DD GROUP AND COMPANY DD DAIRY FARM,ranch,ranch|farm|service|point_of_interest|establishment,098108 08283,,"Village, Dhumaspur, Badshahpur, Gurugram, Haryana 122101, India",4,29,OPERATIONAL,https://maps.google.com/?cid=6355996444783480190&g_mp=Cilnb29nbGUubWFwcy5wbGFjZXMudjEuUGxhY2VzLlNlYXJjaE5lYXJieRACGAQgAA,ChIJc0ks_k0jDTkRfg33TBcJNVg
FRYUP Studio,service,service|point_of_interest|establishment,,https://fryupstudio.in/,"Plot Number 7, Dhumaspur, Sector 67A, Gurugram, Haryana 122101, India",,,CLOSED_TEMPORARILY,https://maps.google.com/?cid=8101444396045388546&g_mp=Cilnb29nbGUubWFwcy5wbGFjZXMudjEuUGxhY2VzLlNlYXJjaE5lYXJieRACGAQgAA,ChIJM5aa8nUjDTkRAkvdQcEcbnA
Apart vision private limited,,point_of_interest|establishment,095829 30693,https://apartvision.com/,"Plot Number 7, Dhumaspur Rd, Dhumaspur, Sector 67A, Gurugram, Haryana 122101, India",4.5,8,OPERATIONAL,https://maps.google.com/?cid=4216940778284251340&g_mp=Cilnb29nbGUubWFwcy5wbGFjZXMudjEuUGxhY2VzLlNlYXJjaE5lYXJieRACGAQgAA,ChIJWx4jNo0hDTkRzPh9qEuVhTo
Inaaya Doors and Furniture | Best furnitue and Interior Company,manufacturer,manufacturer|point_of_interest|establishment,099991 17631,,"Plot No 6, Dhumaspur Rd, Dhumaspur, Sector 67A, Gurugram, Haryana 122101, India",4.2,5,OPERATIONAL,https://maps.google.com/?cid=9964383819700493797&g_mp=Cilnb29nbGUubWFwcy5wbGFjZXMudjEuUGxhY2VzLlNlYXJjaE5lYXJieRACGAQgAA,ChIJdVcy5hQjDTkR5d3lWkqaSIo
"B666, Trehan Luxury floors, Ansal Esencia",apartment_building,apartment_building|point_of_interest|service|establishment,,,"Block-B, Sector 67, Gurugram, Haryana 122101, India",,,OPERATIONAL,https://maps.google.com/?cid=15440627962031773976&g_mp=Cilnb29nbGUubWFwcy5wbGFjZXMudjEuUGxhY2VzLlNlYXJjaE5lYXJieRACGAQgAA,ChIJRS7kQAAjDTkRGBne0VIhSNY
Navgreh Dhaam,astrologer,astrologer|point_of_interest|establishment,098992 52525,http://www.navgreh.com/,"also at Pitam Pura, Dwarka, Ansal Esencia, B 665, Sector 67, Gurugram, Haryana 122101, India",5,2,OPERATIONAL,https://maps.google.com/?cid=757380699224093115&g_mp=Cilnb29nbGUubWFwcy5wbGFjZXMudjEuUGxhY2VzLlNlYXJjaE5lYXJieRACGAQgAA,ChIJ67owH6MjDTkRuzH9sLvBggo
Dodz,apartment_building,apartment_building|point_of_interest|service|establishment,,,"93M4+CRJ, Sector 67, Gurugram, Haryana 122101, India",,,OPERATIONAL,https://maps.google.com/?cid=15404567405394601315&g_mp=Cilnb29nbGUubWFwcy5wbGFjZXMudjEuUGxhY2VzLlNlYXJjaE5lYXJieRACGAQgAA,ChIJz6zfVwAjDTkRYyUbNXAEyNU
663S ansal esencia B block gurgaon,apartment_building,apartment_building|point_of_interest|service|establishment,,,"663s, Ansal Esencia C Block Rd, C Block, Sector 67, Gurugram, Haryana 122101, India",5,6,OPERATIONAL,https://maps.google.com/?cid=13070014008283053103&g_mp=Cilnb29nbGUubWFwcy5wbGFjZXMudjEuUGxhY2VzLlNlYXJjaE5lYXJieRACGAQgAA,ChIJKR5aBRcjDTkRLzwXHX4EYrU
Agarwal Residence (Sector 67),apartment_building,apartment_building|point_of_interest|service|establishment,,,"Shree Vardhman Mantra Block-B, 663-L, Sector 67, Gurugram, Haryana 122101, India",5,1,OPERATIONAL,https://maps.google.com/?cid=10097825568254250309&g_mp=Cilnb29nbGUubWFwcy5wbGFjZXMudjEuUGxhY2VzLlNlYXJjaE5lYXJieRACGAQgAA,ChIJFXbVrJYjDTkRRc2mj9quIow
Trehan Luxury Floors Sec 67,apartment_building,apartment_building|point_of_interest|service|establishment,,https://www.trehanhomes.net/,"Trehan Luxury Floors, B Block, Plot 663 Main Gate, Ansal Esencia, Sector 67, Ansal Esencia, B-635, near HYDE PARK, Sector 67, Gurugram, Haryana 122101, India",4.4,32,OPERATIONAL,https://maps.google.com/?cid=7135356351606415719&g_mp=Cilnb29nbGUubWFwcy5wbGFjZXMudjEuUGxhY2VzLlNlYXJjaE5lYXJieRACGAQgAA,ChIJ21YgeeUjDTkRZ-FTC8zgBWM
Savitri Logistics,courier_service,courier_service|shipping_service|point_of_interest|service|establishment,096676 35660,https://savitrilogistic.com/,"Tower A, IREO CORRIDORS TOWER - B1, 7, 602, a, Sector 67, Gurugram, Haryana 122102, India",5,2,OPERATIONAL,https://maps.google.com/?cid=404576687057598101&g_mp=Cilnb29nbGUubWFwcy5wbGFjZXMudjEuUGxhY2VzLlNlYXJjaE5lYXJieRACGAQgAA,ChIJNXw2TYUjDTkRlfZ4dFpYnQU
Luxury Unlocked | International Travel Agency in Gurgaon,travel_agency,travel_agency|tour_agency|point_of_interest|service|establishment,070601 52229,https://luxuryunlocked.in/international-travel-agency-in-gurgaon,"B663 Tower H, First Floor, Ansal Esencia, Sector 67, Gurugram, Haryana 122101, India",5,15,OPERATIONAL,https://maps.google.com/?cid=11014779966247157835&g_mp=Cilnb29nbGUubWFwcy5wbGFjZXMudjEuUGxhY2VzLlNlYXJjaE5lYXJieRACGAQgAA,ChIJzZN_0v0jDTkRS0BAPwVc3Jg
663D Ansal Esencia Block B,apartment_building,apartment_building|point_of_interest|service|establishment,,,"Ansal Esencia, 663-D, Block B, Sector 67, Gurugram, Haryana 122101, India",5,1,OPERATIONAL,https://maps.google.com/?cid=5367779617833452023&g_mp=Cilnb29nbGUubWFwcy5wbGFjZXMudjEuUGxhY2VzLlNlYXJjaE5lYXJieRACGAQgAA,ChIJ-_Or6gAjDTkR94GLaR8vfko
B663 Tower A,apartment_building,apartment_building|point_of_interest|service|establishment,,,"TOWER-A, Sector 67, Gurugram, Haryana 122101, India",,,OPERATIONAL,https://maps.google.com/?cid=3956594967495724397&g_mp=Cilnb29nbGUubWFwcy5wbGFjZXMudjEuUGxhY2VzLlNlYXJjaE5lYXJieRACGAQgAA,ChIJM9uROQAjDTkRbU2u9Sim6DY
663E Ansal Esencia B Block Sector 67,apartment_building,apartment_building|point_of_interest|service|establishment,,,"Ansal Esencia, Sector 67, Gurugram, Haryana 122101, India",5,1,OPERATIONAL,https://maps.google.com/?cid=12952139003815433336&g_mp=Cilnb29nbGUubWFwcy5wbGFjZXMudjEuUGxhY2VzLlNlYXJjaE5lYXJieRACGAQgAA,ChIJbWWaD2gjDTkReJTm88w9v7M
Metrofine Design Studio,general_contractor,point_of_interest|home_goods_store|store|general_contractor|service|establishment,098112 64752,,"6th Floor, Jmd Suburbio 67, CW618, Badshahpur Sohna Rd, Sector 67, Gurugram, Haryana 122101, India",4.8,5,OPERATIONAL,https://maps.google.com/?cid=1004631216483715982&g_mp=Cilnb29nbGUubWFwcy5wbGFjZXMudjEuUGxhY2VzLlNlYXJjaE5lYXJieRACGAQgAA,ChIJ72DggvAjDTkRjsvHxMQq8Q0
Building Design Center,service,point_of_interest|service|establishment,094315 82984,,"93M4+76M CW20, Jmd Suburbio, Sector 67, Gurugram, Haryana 122101, India",5,2,OPERATIONAL,https://maps.google.com/?cid=8706749299892891846&g_mp=Cilnb29nbGUubWFwcy5wbGFjZXMudjEuUGxhY2VzLlNlYXJjaE5lYXJieRACGAQgAA,ChIJ6dcAX6sjDTkRxjB_oFuW1Hg
"B - 615 Ansal Esencia, Sector 67 Gurugram, Haryana",apartment_building,apartment_building|point_of_interest|service|establishment,,,"93M4+JXC, Sector 67, Gurugram, Haryana 122101, India",4.6,5,OPERATIONAL,https://maps.google.com/?cid=13373747549929504928&g_mp=Cilnb29nbGUubWFwcy5wbGFjZXMudjEuUGxhY2VzLlNlYXJjaE5lYXJieRACGAQgAA,ChIJzcU_UcYjDTkRoIBMHYoYmbk
coco’s mansion,apartment_building,apartment_building|point_of_interest|service|establishment,,,"663d, Ansal Esencia Society Rd, C Block, Sector 67, Gurugram, Haryana 122101, India",,,OPERATIONAL,https://maps.google.com/?cid=9470608680572770430&g_mp=Cilnb29nbGUubWFwcy5wbGFjZXMudjEuUGxhY2VzLlNlYXJjaE5lYXJieRACGAQgAA,ChIJqwRYPwAjDTkRflhF5GpcboM
B661 ansal esencia,apartment_building,apartment_building|point_of_interest|service|establishment,,,"Block-B, Ansal Esencia-2, Sector 67, Gurugram, Haryana 122101, India",,,OPERATIONAL,https://maps.google.com/?cid=12027801120594724054&g_mp=Cilnb29nbGUubWFwcy5wbGFjZXMudjEuUGxhY2VzLlNlYXJjaE5lYXJieRACGAQgAA,ChIJ6dtH6UQjDTkR1gQYpmRV66Y
B669,apartment_building,apartment_building|point_of_interest|service|establishment,,,"669, B Block, 93M5+44C Ansal Esencia, Sector 67, Gurugram, Haryana 122101, India",3.5,2,OPERATIONAL,https://maps.google.com/?cid=14419292497399330556&g_mp=Cilnb29nbGUubWFwcy5wbGFjZXMudjEuUGxhY2VzLlNlYXJjaE5lYXJieRACGAQgAA,ChIJ8xUqTBQjDTkR_DbxMyGeG8g
Deals Ka Pitara,womens_clothing_store,womens_clothing_store|clothing_store|point_of_interest|store|establishment,091607 81115,,"Ansal Esencia, B3, Sector 67, Gurugram, Haryana 122101, India",,,OPERATIONAL,https://maps.google.com/?cid=17614849639810212392&g_mp=Cilnb29nbGUubWFwcy5wbGFjZXMudjEuUGxhY2VzLlNlYXJjaE5lYXJieRACGAQgAA,ChIJy5qGKlAjDTkRKCLOgGuEdPQ
Interra Decors,store,building_materials_store|furniture_store|home_improvement_store|point_of_interest|home_goods_store|store|service|establishment,099534 93794,,"Shop No. 129, 1st Floor, Jmd Suburbio, 67, Badshahpur Sohna Rd, Sector 67, Gurugram, Haryana 122101, India",5,24,OPERATIONAL,https://maps.google.com/?cid=16285586508423205602&g_mp=Cilnb29nbGUubWFwcy5wbGFjZXMudjEuUGxhY2VzLlNlYXJjaE5lYXJieRACGAQgAA,ChIJAwbSJIQjDTkR4pJ1CaUGAuI
663 B3 Trehan Luxury Floors,apartment_building,apartment_building|point_of_interest|service|establishment,,,"Ansal Esencia, Sector 67, Gurugram, Haryana 122101, India",,,OPERATIONAL,https://maps.google.com/?cid=6461286286769555580&g_mp=Cilnb29nbGUubWFwcy5wbGFjZXMudjEuUGxhY2VzLlNlYXJjaE5lYXJieRACGAQgAA,ChIJiaKsPwAjDTkRfIgA-6QZq1k
Saubhagya Home,housing_complex,housing_complex|service|point_of_interest|establishment,,,"2nd floor, 1080, Ansal Esencia C Block Rd, C Block, Sector 67, Gurugram, Haryana 122101, India",5,1,OPERATIONAL,https://maps.google.com/?cid=15480280313987650236&g_mp=Cilnb29nbGUubWFwcy5wbGFjZXMudjEuUGxhY2VzLlNlYXJjaE5lYXJieRACGAQgAA,ChIJK3BebgAjDTkRvNK0cu0A1dY
C1078,apartment_building,apartment_building|service|point_of_interest|establishment,,,"Block-C, Ansal Esencia C Block Rd, Ansal Esencia, Sector 67, Gurugram, Haryana 122101, India",3.7,3,OPERATIONAL,https://maps.google.com/?cid=13729107885854513332&g_mp=Cilnb29nbGUubWFwcy5wbGFjZXMudjEuUGxhY2VzLlNlYXJjaE5lYXJieRACGAQgAA,ChIJCzw2DQAjDTkRtFhf2-GWh74
Sanjay Arora Associates,consultant,real_estate_agency|consultant|service|point_of_interest|establishment,099101 98101,http://sanjayaroraasso.com/,"Ansal Esencia, C 1068, Sector 67, Gurugram, Haryana 122101, India",4.5,2,OPERATIONAL,https://maps.google.com/?cid=5955320224103353752&g_mp=Cilnb29nbGUubWFwcy5wbGFjZXMudjEuUGxhY2VzLlNlYXJjaE5lYXJieRACGAQgAA,ChIJ46wEXnIYDTkRmE1h8TCMpVI
SRL Pathology lab,medical_clinic,medical_clinic|health|point_of_interest|establishment,,,"Ansal Esencia, Sector 67, Gurugram, Haryana 122101, India",,,OPERATIONAL,https://maps.google.com/?cid=8049454036403128200&g_mp=Cilnb29nbGUubWFwcy5wbGFjZXMudjEuUGxhY2VzLlNlYXJjaE5lYXJieRACGAQgAA,ChIJD__-dgAjDTkRiIekW8xntW8
Jasma House,apartment_building,apartment_building|service|point_of_interest|establishment,,,"1083, Ansal Esencia C Block Rd, C Block, Sector 67, Gurugram, Haryana 122101, India",5,1,OPERATIONAL,https://maps.google.com/?cid=15253659582271826514&g_mp=Cilnb29nbGUubWFwcy5wbGFjZXMudjEuUGxhY2VzLlNlYXJjaE5lYXJieRACGAQgAA,ChIJsTJeBmIjDTkRUqoLnpLir9M
"C1154 Ansal esencia, sector 67, Gurugram",apartment_building,apartment_building|service|point_of_interest|establishment,,,"Ansal Esencia, C Block, Sector 67, Gurugram, Haryana 122101, India",,,OPERATIONAL,https://maps.google.com/?cid=4993621516014483074&g_mp=Cilnb29nbGUubWFwcy5wbGFjZXMudjEuUGxhY2VzLlNlYXJjaE5lYXJieRACGAQgAA,ChIJG5dDKwAjDTkRgnbKvE_oTEU
Avnish House,apartment_building,apartment_building|service|point_of_interest|establishment,,,"Second Floor, Ansal Esencia, 1084, Ansal Esencia C Block Rd, C Block, Sector 67, Gurugram, Haryana 122101, India",,,OPERATIONAL,https://maps.google.com/?cid=8273374150211860973&g_mp=Cilnb29nbGUubWFwcy5wbGFjZXMudjEuUGxhY2VzLlNlYXJjaE5lYXJieRACGAQgAA,ChIJ9QRATAAjDTkR7flGlfTt0HI
Chhabra’s House,apartment_building,apartment_building|service|point_of_interest|establishment,,,"Second Floor, 1084, Ansal Esencia Society Rd, C Block, Sector 67, Gurugram, Haryana 122101, India",,,OPERATIONAL,https://maps.google.com/?cid=7270525077570851761&g_mp=Cilnb29nbGUubWFwcy5wbGFjZXMudjEuUGxhY2VzLlNlYXJjaE5lYXJieRACGAQgAA,ChIJ28DxDAAjDTkRsRMugwkY5mQ
C-1084 Second Floor Ansal Esencia,apartment_building,apartment_building|service|point_of_interest|establishment,,,"Ansal Esencia, Sector 67, Gurugram, Haryana 122101, India",,,OPERATIONAL,https://maps.google.com/?cid=9682493404748155476&g_mp=Cilnb29nbGUubWFwcy5wbGFjZXMudjEuUGxhY2VzLlNlYXJjaE5lYXJieRACGAQgAA,ChIJJYoRcwAjDTkRVIoTmnMgX4Y
Agilus diagnostic,health,medical_lab|health|point_of_interest|establishment,098702 27410,,"f block, market road, near all india pharmacy, Sector 67, Gurugram, Haryana 122101, India",,,OPERATIONAL,https://maps.google.com/?cid=1443534295970572681&g_mp=Cilnb29nbGUubWFwcy5wbGFjZXMudjEuUGxhY2VzLlNlYXJjaE5lYXJieRACGAQgAA,ChIJFxthSx0jDTkRiWlrRMt2CBQ
C1076 Ansal Esencia,housing_complex,housing_complex|service|point_of_interest|establishment,,,"93M5+HW5, 1077, Ansal Esencia C Block Rd, C Block, Sector 67, Gurugram, Haryana 122101, India",,,OPERATIONAL,https://maps.google.com/?cid=9895934255848351031&g_mp=Cilnb29nbGUubWFwcy5wbGFjZXMudjEuUGxhY2VzLlNlYXJjaE5lYXJieRACGAQgAA,ChIJaxFZegAjDTkRN-V1WMZrVYk
My house,association_or_organization,service|association_or_organization|point_of_interest|establishment,,,"93M6+745, Ansal Esencia Society Rd, C Block, Sector 67, Gurugram, Haryana 122101, India",4,4,OPERATIONAL,https://maps.google.com/?cid=2703769273164227818&g_mp=Cilnb29nbGUubWFwcy5wbGFjZXMudjEuUGxhY2VzLlNlYXJjaE5lYXJieRACGAQgAA,ChIJh5Em5o8jDTkR6uSRKdS3hSU
"Abhshek Vats Photography | Food, Product & Interior Photographer in Delhi NCR",service,service|point_of_interest|establishment,098182 07073,http://www.abvclicks.com/,"Ansal Esencia Society Rd, D Block, Sector 67, Gurugram, Haryana 122101, India",5,1,OPERATIONAL,https://maps.google.com/?cid=2137739754476890615&g_mp=Cilnb29nbGUubWFwcy5wbGFjZXMudjEuUGxhY2VzLlNlYXJjaE5lYXJieRACGAQgAA,ChIJOXM_c0HxDDkR92nT__rGqh0
C-1084 4th Floor,housing_complex,housing_complex|service|point_of_interest|establishment,,,"1084, Sector 67, Gurugram, Haryana 122101, India",,,OPERATIONAL,https://maps.google.com/?cid=1272137254235548406&g_mp=Cilnb29nbGUubWFwcy5wbGFjZXMudjEuUGxhY2VzLlNlYXJjaE5lYXJieRACGAQgAA,ChIJe7kBOwAjDTkR9ipAuBeKpxE
Yadav’s Home,apartment_building,apartment_building|service|point_of_interest|establishment,,,"1084, C Block Rd 3, C Block, Sector 67, Gurugram, Haryana 122101, India",5,1,OPERATIONAL,https://maps.google.com/?cid=3927317882478276534&g_mp=Cilnb29nbGUubWFwcy5wbGFjZXMudjEuUGxhY2VzLlNlYXJjaE5lYXJieRACGAQgAA,ChIJBwnZRwAjDTkRti8oac6igDY
C-1084 4th floor,business_center,business_center|point_of_interest|establishment,,,"1084, Sector 67, Gurugram, Haryana 122101, India",,,OPERATIONAL,https://maps.google.com/?cid=10094633522694499561&g_mp=Cilnb29nbGUubWFwcy5wbGFjZXMudjEuUGxhY2VzLlNlYXJjaE5lYXJieRACGAQgAA,ChIJz0EAXgAjDTkR6az0ibRXF4w
ReArch Developers Pvt. Ltd.,service,service|point_of_interest|establishment,096549 55449,http://rearchdevelopers.com/,"Ansal Esencia, C- 1068, Sector 67, Gurugram, Haryana 122101, India",4.7,30,OPERATIONAL,https://maps.google.com/?cid=6745169411329062350&g_mp=Cilnb29nbGUubWFwcy5wbGFjZXMudjEuUGxhY2VzLlNlYXJjaE5lYXJieRACGAQgAA,ChIJt3MOHA8jDTkRznUZmNenm10
Mannat,apartment_building,apartment_building|service|point_of_interest|establishment,099101 98101,,"C-1068 Ansal Esencia, Sector 67, Gurugram, Haryana 122101, India",5,1,CLOSED_TEMPORARILY,https://maps.google.com/?cid=5852256784752340533&g_mp=Cilnb29nbGUubWFwcy5wbGFjZXMudjEuUGxhY2VzLlNlYXJjaE5lYXJieRACGAQgAA,ChIJG3-0ircjDTkRNW6IBYpkN1E
Mehak and Nikhil’s home,apartment_building,apartment_building|service|point_of_interest|establishment,,,"Ansal Esencia, Sector 67, Gurugram, Haryana 122101, India",,,OPERATIONAL,https://maps.google.com/?cid=1948703134296747580&g_mp=Cilnb29nbGUubWFwcy5wbGFjZXMudjEuUGxhY2VzLlNlYXJjaE5lYXJieRACGAQgAA,ChIJV6PYOpMjDTkRPK5yDC0vCxs
Polka Dot Celebrations,service,service|point_of_interest|establishment,088002 06186,https://www.polkadotcelebrations.com/,"Ansal Esencia C Block Rd, Sector 67, Gurugram, Haryana 122101, India",5,23,OPERATIONAL,https://maps.google.com/?cid=7409846368589402214&g_mp=Cilnb29nbGUubWFwcy5wbGFjZXMudjEuUGxhY2VzLlNlYXJjaE5lYXJieRACGAQgAA,ChIJ7xr9PIQjDTkRZlD9XwMQ1WY
"Gurudwara Guru Nanak Darbar, Ansal Esencia sec 67",place_of_worship,place_of_worship|association_or_organization|point_of_interest|establishment,098690 40802,,"2534, Ansal Esencia Society Rd, F Block, Sector 67, Gurugram, Haryana 122101, India",4.7,66,OPERATIONAL,https://maps.google.com/?cid=1133029763449953988&g_mp=Cilnb29nbGUubWFwcy5wbGFjZXMudjEuUGxhY2VzLlNlYXJjaE5lYXJieRACGAQgAA,ChIJ1ywRiPYjDTkRxB5hGpFUuQ8
Bhagat Villa,housing_complex,housing_complex|service|point_of_interest|establishment,,,"F Block, 2535, Ansal Esencia Society Rd, Sector 67, Gurugram, Haryana 122101, India",,,OPERATIONAL,https://maps.google.com/?cid=2338266533736992311&g_mp=Cilnb29nbGUubWFwcy5wbGFjZXMudjEuUGxhY2VzLlNlYXJjaE5lYXJieRACGAQgAA,ChIJ3aeNdwAjDTkRN86TFQYxcyA
AKSHIKA HOMES,service,service|point_of_interest|establishment,,https://www.akshikahomes.com/,"Ansal Esencia, F2558, Block F, Sector 67, Gurugram, Haryana 122101, India",5,1,CLOSED_TEMPORARILY,https://maps.google.com/?cid=6620626321970950542&g_mp=Cilnb29nbGUubWFwcy5wbGFjZXMudjEuUGxhY2VzLlNlYXJjaE5lYXJieRACGAQgAA,ChIJmQbHoygUv0gRjvGt748w4Vs
MALIK’s 2557,association_or_organization,service|association_or_organization|point_of_interest|establishment,,,"F Block, 2557, Ansal Esencia Society Rd, Sector 67, Gurugram, Haryana 122101, India",4.7,3,OPERATIONAL,https://maps.google.com/?cid=14314667105774600209&g_mp=Cilnb29nbGUubWFwcy5wbGFjZXMudjEuUGxhY2VzLlNlYXJjaE5lYXJieRACGAQgAA,ChIJBz8eSgAjDTkREQCq7ePpp8Y
E-2181,apartment_building,apartment_building|service|point_of_interest|establishment,,,"Ansal Esencia, E1-2181, Sector 67, Gurugram, Haryana 122101, India",,,OPERATIONAL,https://maps.google.com/?cid=4509431229459961574&g_mp=Cilnb29nbGUubWFwcy5wbGFjZXMudjEuUGxhY2VzLlNlYXJjaE5lYXJieRACGAQgAA,ChIJ9S0uPQAjDTkR5pYDq8-3lD4
Ansal Esencia E-block 11A flat no 201,physiotherapist,physiotherapist|health|point_of_interest|establishment,,,"93M7+FF7, E Block Ave, Sector 67, Gurugram, Haryana 122101, India",5,1,OPERATIONAL,https://maps.google.com/?cid=13794512569093706540&g_mp=Cilnb29nbGUubWFwcy5wbGFjZXMudjEuUGxhY2VzLlNlYXJjaE5lYXJieRACGAQgAA,ChIJMf6MJwAjDTkRLNN9Whj0b78
Dharmendra Kumar,association_or_organization,service|association_or_organization|point_of_interest|establishment,,,"Second Floor, C 1188, Sector 67, Gurugram, Haryana 122101, India",5,1,OPERATIONAL,https://maps.google.com/?cid=2696486721483318332&g_mp=Cilnb29nbGUubWFwcy5wbGFjZXMudjEuUGxhY2VzLlNlYXJjaE5lYXJieRACGAQgAA,ChIJrU7FcgAjDTkRPCSS92LYayU
Home,apartment_building,apartment_building|service|point_of_interest|establishment,,,"2508, Block F, Ansal Esencia, Sector 67, Gurugram, Haryana 122101, India",,,OPERATIONAL,https://maps.google.com/?cid=12868094282521260918&g_mp=Cilnb29nbGUubWFwcy5wbGFjZXMudjEuUGxhY2VzLlNlYXJjaE5lYXJieRACGAQgAA,ChIJVTaEBAAjDTkRdjPqZZKnlLI
Yadav Residence,association_or_organization,service|association_or_organization|point_of_interest|establishment,,,"Ground floor, C-1128, Sector 67, Gurugram, Haryana 122101, India",,,OPERATIONAL,https://maps.google.com/?cid=16449701124885497729&g_mp=Cilnb29nbGUubWFwcy5wbGFjZXMudjEuUGxhY2VzLlNlYXJjaE5lYXJieRACGAQgAA,ChIJQ1d5DwAjDTkRgcck0gQUSeQ
ARORA’s RESIDENCE,service,service|point_of_interest|establishment,,,"Sector 67, Gurugram, Haryana 122101, India",5,1,OPERATIONAL,https://maps.google.com/?cid=14220010954469256966&g_mp=Cilnb29nbGUubWFwcy5wbGFjZXMudjEuUGxhY2VzLlNlYXJjaE5lYXJieRACGAQgAA,ChIJHze8WAAjDTkRBq9NS5-gV8U
# Ador Unisex Salon & Makeup Studio (Ansal),tanning_studio,tanning_studio|service|point_of_interest|establishment,082107 02594,,"Shop no 13 & 14, Sector 67, Gurugram, Haryana 122101, India",5,4,OPERATIONAL,https://maps.google.com/?cid=16830235919693860791&g_mp=Cilnb29nbGUubWFwcy5wbGFjZXMudjEuUGxhY2VzLlNlYXJjaE5lYXJieRACGAQgAA,ChIJ07OkDUQjDTkRt09fB2YCkek
B-547 Ansal Esencia,apartment_building,apartment_building|service|point_of_interest|establishment,,,"93M7+FF7, Sector 67, Gurugram, Haryana 122101, India",4,1,OPERATIONAL,https://maps.google.com/?cid=7461269199429606238&g_mp=Cilnb29nbGUubWFwcy5wbGFjZXMudjEuUGxhY2VzLlNlYXJjaE5lYXJieRACGAQgAA,ChIJMyjWdwAjDTkRXpuQLc7Ai2c
E2175,apartment_building,apartment_building|service|point_of_interest|establishment,,,"Ansal Esencia, E 2175, Sector 67, Gurugram, Haryana 122101, India",,,OPERATIONAL,https://maps.google.com/?cid=16822590694300116231&g_mp=Cilnb29nbGUubWFwcy5wbGFjZXMudjEuUGxhY2VzLlNlYXJjaE5lYXJieRACGAQgAA,ChIJHR7IBIwjDTkRB-WMRxvZdek
TAROT READER RIYA,psychic,psychic|astrologer|consultant|service|point_of_interest|establishment,098991 00344,https://tarotreaderriya.com/,"2522, 2ND FLOOR F BLOCK, Ansal Esencia, Sector 67, Gurugram, Haryana 122101, India",5,20,OPERATIONAL,https://maps.google.com/?cid=15241127839081365767&g_mp=Cilnb29nbGUubWFwcy5wbGFjZXMudjEuUGxhY2VzLlNlYXJjaE5lYXJieRACGAQgAA,ChIJ_-IrG8IZDTkRBwHDyARdg9M
Deepika Rao Makeup,makeup_artist,makeup_artist|point_of_interest|establishment,099589 39993,,"Sector 67, Gurugram, Haryana 122101, India",,,CLOSED_TEMPORARILY,https://maps.google.com/?cid=6228613972744294410&g_mp=Cilnb29nbGUubWFwcy5wbGFjZXMudjEuUGxhY2VzLlNlYXJjaE5lYXJieRACGAQgAA,ChIJAcEVqX4jDTkRClB1WGh7cFY
health care clinic,doctor,doctor|health|point_of_interest|establishment,,,"golden arcade, complex, Ansal Esencia, Sector 67, Gurugram, Haryana 122101, India",5,1,OPERATIONAL,https://maps.google.com/?cid=14518852944486845058&g_mp=Cilnb29nbGUubWFwcy5wbGFjZXMudjEuUGxhY2VzLlNlYXJjaE5lYXJieRACGAQgAA,ChIJiU3G0eIjDTkRgspFLtRTfck
Shinysleep Mattress Gurgaon - Outlet Gurugram,furniture_store,furniture_store|home_improvement_store|home_goods_store|store|point_of_interest|establishment,099900 79597,http://www.shinysleep.com/,"Shop No A9 Golden arcade, Ansal Esencia, Sector 67, Gurugram, Haryana 122101, India",4.4,25,OPERATIONAL,https://maps.google.com/?cid=16129349177406109930&g_mp=Cilnb29nbGUubWFwcy5wbGFjZXMudjEuUGxhY2VzLlNlYXJjaE5lYXJieRACGAQgAA,ChIJ86Yo-ewjDTkR6riHsZ711t8
Singhal's House,apartment_building,apartment_building|service|point_of_interest|establishment,,,"93M7+FF7, Sector 67, Gurugram, Haryana 122101, India",5,1,OPERATIONAL,https://maps.google.com/?cid=14421240184039406267&g_mp=Cilnb29nbGUubWFwcy5wbGFjZXMudjEuUGxhY2VzLlNlYXJjaE5lYXJieRACGAQgAA,ChIJL2cnPgAjDTkRu_pBVoqJIsg
Chawla’s,association_or_organization,service|association_or_organization|point_of_interest|establishment,,,"D1526A, Sector 67, Gurugram, Haryana 122101, India",,,OPERATIONAL,https://maps.google.com/?cid=17197871929045462525&g_mp=Cilnb29nbGUubWFwcy5wbGFjZXMudjEuUGxhY2VzLlNlYXJjaE5lYXJieRACGAQgAA,ChIJe1P5nwwjDTkR_a1qt2Ydq-4
Dr Yoginder Paul,apartment_building,apartment_building|service|point_of_interest|establishment,098101 56050,,"Sector 67, Gurugram, Haryana 122101, India",,,OPERATIONAL,https://maps.google.com/?cid=9592811468830673494&g_mp=Cilnb29nbGUubWFwcy5wbGFjZXMudjEuUGxhY2VzLlNlYXJjaE5lYXJieRACGAQgAA,ChIJza6-oRsjDTkRVgryvDSDIIU
Krishna Mandir Near Star Clinic,hindu_temple,hindu_temple|place_of_worship|association_or_organization|point_of_interest|establishment,,,"93M8+CP5, Sector 67, Gurugram, Haryana 122101, India",5,1,OPERATIONAL,https://maps.google.com/?cid=6241895981054322722&g_mp=Cilnb29nbGUubWFwcy5wbGFjZXMudjEuUGxhY2VzLlNlYXJjaE5lYXJieRACGAQgAA,ChIJj_LV3TcjDTkRImiu41Krn1Y
The Studios Sector 67 - Comfortable Serviced Rooms,apartment_building,apartment_building|service|point_of_interest|establishment,,,"F2736, Block F, Ansal Esencia, Golf Course Ext Rd, Sector 67, Gurugram, Haryana 122101, India",4,25,OPERATIONAL,https://maps.google.com/?cid=8546945756198862438&g_mp=Cilnb29nbGUubWFwcy5wbGFjZXMudjEuUGxhY2VzLlNlYXJjaE5lYXJieRACGAQgAA,ChIJ05UFklwjDTkRZv7DsOHZnHY
Compy,private_guest_room,private_guest_room|lodging|point_of_interest|establishment,,,"2776, Sector 67, Gurugram, Haryana 122101, India",,,OPERATIONAL,https://maps.google.com/?cid=12737491662164698489&g_mp=Cilnb29nbGUubWFwcy5wbGFjZXMudjEuUGxhY2VzLlNlYXJjaE5lYXJieRACGAQgAA,ChIJw8pzUAAjDTkReaXTPC6pxLA
Batra Residency,lodging,lodging|service|point_of_interest|establishment,,,"Block F 2726, Ansal Esencia, Sector 67, Gurugram, Haryana 122102, India",,,OPERATIONAL,https://maps.google.com/?cid=12117034271651483029&g_mp=Cilnb29nbGUubWFwcy5wbGFjZXMudjEuUGxhY2VzLlNlYXJjaE5lYXJieRACGAQgAA,ChIJ2WicbbYjDTkRlU0FpXhaKKg
ALBUS REALTY LLP,consultant,real_estate_agency|consultant|service|point_of_interest|establishment,,https://www.albusrealty.com/,"Shop No- SHP-B1-12, GF, IREO CORRIDORS TOWER - B1, Golf Course Extension Road, Sector 67A, Gurugram, Haryana 122102, India",5,1,OPERATIONAL,https://maps.google.com/?cid=9512228056965805977&g_mp=Cilnb29nbGUubWFwcy5wbGFjZXMudjEuUGxhY2VzLlNlYXJjaE5lYXJieRACGAQgAA,ChIJNXFfMR4jDTkRmXfzFQU5AoQ
Ireo corridors tower A9,association_or_organization,association_or_organization|service|point_of_interest|establishment,,,"93M8+2M6, A 10, Gurugram, Haryana 122101, India",,,OPERATIONAL,https://maps.google.com/?cid=717177326421655475&g_mp=Cilnb29nbGUubWFwcy5wbGFjZXMudjEuUGxhY2VzLlNlYXJjaE5lYXJieRACGAQgAA,ChIJX29eZgAjDTkRs79Thvrs8wk
Manicka's Crib,condominium_complex,condominium_complex|service|point_of_interest|establishment,,,"IREO CORRIDORS TOWER - B1, Sector 67, Gurugram, Haryana 122101, India",5,3,OPERATIONAL,https://maps.google.com/?cid=16530446600421943118&g_mp=Cilnb29nbGUubWFwcy5wbGFjZXMudjEuUGxhY2VzLlNlYXJjaE5lYXJieRACGAQgAA,ChIJqT2gDwAjDTkRTqe23JnxZ-U
Tower A10,apartment_building,apartment_building|service|point_of_interest|establishment,,,"93M8+2M6, A 10, Gurugram, Haryana 122101, India",,,OPERATIONAL,https://maps.google.com/?cid=15189357059592865588&g_mp=Cilnb29nbGUubWFwcy5wbGFjZXMudjEuUGxhY2VzLlNlYXJjaE5lYXJieRACGAQgAA,ChIJP3N1WQAjDTkRNMea38Rvy9I
Thea Living,association_or_organization,association_or_organization|service|point_of_interest|establishment,,http://thealiving.in/,"Ground Floor, Ansal Esencia, F-2704/A, Sector 67, Gurugram, Haryana 122101, India",5,1,OPERATIONAL,https://maps.google.com/?cid=15867032899577984767&g_mp=Cilnb29nbGUubWFwcy5wbGFjZXMudjEuUGxhY2VzLlNlYXJjaE5lYXJieRACGAQgAA,ChIJ6z6XUWIjDTkR_zbI4loGM9w
KOTA ZAIKA,meal_delivery,meal_delivery|food_delivery|point_of_interest|food|establishment,,,"Sector 67 , Ansal Esencia, E Block Ave, Sector 67, Gurugram, Haryana 122102, India",5,1,OPERATIONAL,https://maps.google.com/?cid=9333158740264366491&g_mp=Cilnb29nbGUubWFwcy5wbGFjZXMudjEuUGxhY2VzLlNlYXJjaE5lYXJieRACGAQgAA,ChIJeZ0vT4kjDTkRmzHK0WwKhoE
Aayansh Dev Homes,service,service|point_of_interest|establishment,,,"Ansal Esencia, Sector 67, Haryana 122101, India",1,1,OPERATIONAL,https://maps.google.com/?cid=8666870527290242026&g_mp=Cilnb29nbGUubWFwcy5wbGFjZXMudjEuUGxhY2VzLlNlYXJjaE5lYXJieRACGAQgAA,ChIJIzdsMwAjDTkR6vNvVdPoRng
ASC Ansal Essentia 2721,housing_complex,housing_complex|service|point_of_interest|establishment,,,"2724, Ansal Esencia, Sector 67, Gurugram, Haryana 122101, India",,,OPERATIONAL,https://maps.google.com/?cid=16087572962009229864&g_mp=Cilnb29nbGUubWFwcy5wbGFjZXMudjEuUGxhY2VzLlNlYXJjaE5lYXJieRACGAQgAA,ChIJC4lqOgAjDTkRKCq9kl-KQt8
"KRISHNA HOMES,Ansals Essencia,Sector 67,Gurgaon",lodging,lodging|point_of_interest|establishment,,,"KRISHNA Homes, E Block, Ansal Essencia, 93M8+R74, Sector 67, Gurugram, Haryana 122101, India",4.4,68,OPERATIONAL,https://maps.google.com/?cid=14633150734326238259&g_mp=Cilnb29nbGUubWFwcy5wbGFjZXMudjEuUGxhY2VzLlNlYXJjaE5lYXJieRACGAQgAA,ChIJm0WmENojDTkRMwxDKBBlE8s
KPS Floors,association_or_organization,association_or_organization|service|point_of_interest|establishment,,,"93M8+W97 Block E, Sector 67, Gurugram, Haryana 122101, India",,,OPERATIONAL,https://maps.google.com/?cid=11992290631548335453&g_mp=Cilnb29nbGUubWFwcy5wbGFjZXMudjEuUGxhY2VzLlNlYXJjaE5lYXJieRACGAQgAA,ChIJUaJr-msjDTkRXfWuoMosbaY
M.B.T. tuition Classes,educational_institution,educational_institution|point_of_interest|establishment,,,"202,E 10, E block, Ansal Esencia, Sector 67, Gurugram, Haryana 122101, India",5,27,OPERATIONAL,https://maps.google.com/?cid=8677284080168415094&g_mp=Cilnb29nbGUubWFwcy5wbGFjZXMudjEuUGxhY2VzLlNlYXJjaE5lYXJieRACGAQgAA,ChIJCY_W7I4jDTkRdi-XjeXna3g
E11- A,apartment_building,apartment_building|service|point_of_interest|establishment,,,"Ansal Esencia, Sector 67, Gurugram, Haryana 122101, India",5,2,OPERATIONAL,https://maps.google.com/?cid=7864565165397263102&g_mp=Cilnb29nbGUubWFwcy5wbGFjZXMudjEuUGxhY2VzLlNlYXJjaE5lYXJieRACGAQgAA,ChIJsWi_OAAjDTkR_kJqhFmMJG0
Ireo Ansal essencia entrance,apartment_building,apartment_building|service|point_of_interest|establishment,,,"93J8+RGH, Gurugram, Haryana 122101, India",5,1,OPERATIONAL,https://maps.google.com/?cid=8061951876886857592&g_mp=Cilnb29nbGUubWFwcy5wbGFjZXMudjEuUGxhY2VzLlNlYXJjaE5lYXJieRACGAQgAA,ChIJi0jEVAAjDTkReIcimoTO4W8
LOST PHOTOGRAPHER STUDIOZ,service,service|point_of_interest|establishment,,https://www.instagram.com/lost_photographer___/profilecard/?igsh=MXFtMWtiOGR6d2pk,"E-5 ,3rd FLOOR, Sector 67, Gurugram, Haryana 122101, India",3.9,8,OPERATIONAL,https://maps.google.com/?cid=10765261609310260802&g_mp=Cilnb29nbGUubWFwcy5wbGFjZXMudjEuUGxhY2VzLlNlYXJjaE5lYXJieRACGAQgAA,ChIJPehFnOYjDTkRQo4WmWXkZZU
"4030, Aradhya Homes",apartment_building,apartment_building|service|point_of_interest|establishment,,,"Ansal Versalia, 4S, Sector 67A, Gurugram, Haryana 122101, India",,,OPERATIONAL,https://maps.google.com/?cid=12712771641982218811&g_mp=Cilnb29nbGUubWFwcy5wbGFjZXMudjEuUGxhY2VzLlNlYXJjaE5lYXJieRACGAQgAA,ChIJXSapPgAjDTkRO3ICB3TWbLA
"4031, Aradhaya Homes, Ansal Versalia",apartment_building,apartment_building|service|point_of_interest|establishment,,,"4031, Sector 67A, Gurugram, Haryana 122101, India",,,OPERATIONAL,https://maps.google.com/?cid=17349517724705390261&g_mp=Cilnb29nbGUubWFwcy5wbGFjZXMudjEuUGxhY2VzLlNlYXJjaE5lYXJieRACGAQgAA,ChIJUR7uUQAjDTkRtX5o7XLexfA
Ireo The Corridors Block B,association_or_organization,association_or_organization|point_of_interest|service|establishment,,https://thecorridors.in/,"IREO CORRIDORS TOWER - B1, Sector 67, Gurugram, Haryana 122101, India",4.3,24,OPERATIONAL,https://maps.google.com/?cid=6518991764714141319&g_mp=Cilnb29nbGUubWFwcy5wbGFjZXMudjEuUGxhY2VzLlNlYXJjaE5lYXJieRACGAQgAA,ChIJf8n4QRYjDTkRh7Z7jXgceFo
GLS Lansdowne,housing_complex,housing_complex|point_of_interest|service|establishment,,https://www.glsinfra.in/,"Dhumaspur, Sector 67A, Gurugram, Haryana 122101, India",,,OPERATIONAL,https://maps.google.com/?cid=17228654847001354330&g_mp=Cilnb29nbGUubWFwcy5wbGFjZXMudjEuUGxhY2VzLlNlYXJjaE5lYXJieRACGAQgAA,ChIJ57sbnXIjDTkRWuBTUU16GO8
zero,restaurant,restaurant|food|point_of_interest|establishment,,,"IREO CORRIDORS TOWER - B1, Gurugram, Haryana 122001, India",,,OPERATIONAL,https://maps.google.com/?cid=13570500569396107052&g_mp=Cilnb29nbGUubWFwcy5wbGFjZXMudjEuUGxhY2VzLlNlYXJjaE5lYXJieRACGAQgAA,ChIJWaDA6cMjDTkRLFcXR14aVLw
Ritu Vyas,bakery,bakery|food_store|food|point_of_interest|store|establishment,,,"IREO CORRIDORS TOWER - B1, Gurugram, Haryana 122101, India",5,1,CLOSED_TEMPORARILY,https://maps.google.com/?cid=8944668108653648209&g_mp=Cilnb29nbGUubWFwcy5wbGFjZXMudjEuUGxhY2VzLlNlYXJjaE5lYXJieRACGAQgAA,ChIJK7t4BQAjDTkRUdkQAkHYIXw
Vihaan vyas,bakery,bakery|food_store|food|point_of_interest|store|establishment,,,"IREO CORRIDORS TOWER - B1, Gurugram, Haryana 122101, India",,,CLOSED_TEMPORARILY,https://maps.google.com/?cid=2853821155842967679&g_mp=Cilnb29nbGUubWFwcy5wbGFjZXMudjEuUGxhY2VzLlNlYXJjaE5lYXJieRACGAQgAA,ChIJzVfpKwAjDTkRf8iDljjPmic
IREO THE CORRIDORS - Tower C3,apartment_building,apartment_building|point_of_interest|service|establishment,,,"93P9+8Q4, Ramgarh, Sector 67, Gurugram, Haryana 122101, India",,,OPERATIONAL,https://maps.google.com/?cid=16620245287148918679&g_mp=Cilnb29nbGUubWFwcy5wbGFjZXMudjEuUGxhY2VzLlNlYXJjaE5lYXJieRACGAQgAA,ChIJgWeYegAjDTkRlxdf5Af5puY
Ireo the corridors tower c3,apartment_building,apartment_building|point_of_interest|service|establishment,,,"93P9+8Q4, Ramgarh, Sector 67, Gurugram, Haryana 122101, India",,,OPERATIONAL,https://maps.google.com/?cid=2118005761157409269&g_mp=Cilnb29nbGUubWFwcy5wbGFjZXMudjEuUGxhY2VzLlNlYXJjaE5lYXJieRACGAQgAA,ChIJX31SKAAjDTkR9akEogSrZB0
Haryali,farm,wholesaler|farm|point_of_interest|service|establishment,097755 44812,http://haryali.co.in/,"Dhumaspur Rd, Sector 67, Gurugram, Haryana 122101, India",4.6,28,OPERATIONAL,https://maps.google.com/?cid=2283521458054375869&g_mp=Cilnb29nbGUubWFwcy5wbGFjZXMudjEuUGxhY2VzLlNlYXJjaE5lYXJieRACGAQgAA,ChIJ2eRgzx4jDTkRvSlQ4KqysB8
BMW Destination Charging Station,electric_vehicle_charging_station,electric_vehicle_charging_station|point_of_interest|transportation_service|establishment,080707 43743,https://www.bmw.de/de/index.html,"Sector 67, Gurugram, Haryana 122101, India",1,1,OPERATIONAL,https://maps.google.com/?cid=12051729768994045847&g_mp=Cilnb29nbGUubWFwcy5wbGFjZXMudjEuUGxhY2VzLlNlYXJjaE5lYXJieRACGAQgAA,ChIJS5_H400iDTkRl__jQV9YQKc
IREO THE CORRIDORS - TOWER C4,apartment_building,apartment_building|point_of_interest|service|establishment,,,"93PC+J79, Samrat Mihir Bhoj Rd, Ramgarh, Gurugram, Haryana 122101, India",1,1,OPERATIONAL,https://maps.google.com/?cid=8954655519958640950&g_mp=Cilnb29nbGUubWFwcy5wbGFjZXMudjEuUGxhY2VzLlNlYXJjaE5lYXJieRACGAQgAA,ChIJH9mcawAjDTkRNikgacBTRXw
Ireo The Corridors Block A,condominium_complex,condominium_complex|point_of_interest|service|establishment,,https://thecorridors.in/,"93M8+2M6, Gurugram, Haryana 122101, India",3.9,45,OPERATIONAL,https://maps.google.com/?cid=14759144236909854356&g_mp=Cilnb29nbGUubWFwcy5wbGFjZXMudjEuUGxhY2VzLlNlYXJjaE5lYXJieRACGAQgAA,ChIJF3BIuFQjDTkRlP7DdXwD08w
मन्सा क्लीनिक,point_of_interest,point_of_interest|establishment,,,"Dhumaspur, Haryana 122101, India",4.5,2,CLOSED_TEMPORARILY,https://maps.google.com/?cid=8801404861593207718&g_mp=Cilnb29nbGUubWFwcy5wbGFjZXMudjEuUGxhY2VzLlNlYXJjaE5lYXJieRACGAQgAA,ChIJWZiqYEwiDTkRpsOo-xbfJHo
Saffron Wedding Co.,service,point_of_interest|service|establishment,,https://thesaffrontouch.in/,"Ireo Corridors, A5-401, Sector 67, Gurugram, Haryana 122101, India",3.7,23,OPERATIONAL,https://maps.google.com/?cid=6976137936174610915&g_mp=Cilnb29nbGUubWFwcy5wbGFjZXMudjEuUGxhY2VzLlNlYXJjaE5lYXJieRACGAQgAA,ChIJeeHZTK0jDTkR43nQ5X040GA
Ireo Corridors Block C,apartment_building,apartment_building|point_of_interest|service|establishment,,https://thecorridors.in/,"93P9+8Q4, Ramgarh, Sector 67, Gurugram, Haryana 122101, India",4.5,11,OPERATIONAL,https://maps.google.com/?cid=1065291658567514038&g_mp=Cilnb29nbGUubWFwcy5wbGFjZXMudjEuUGxhY2VzLlNlYXJjaE5lYXJieRACGAQgAA,ChIJabr0BBIjDTkRtncaix6tyA4
Satish chand,apartment_building,apartment_building|point_of_interest|service|establishment,,,"93P9+8Q4, Ramgarh, Sector 67, Gurugram, Haryana 122101, India",5,1,OPERATIONAL,https://maps.google.com/?cid=8006278510702131896&g_mp=Cilnb29nbGUubWFwcy5wbGFjZXMudjEuUGxhY2VzLlNlYXJjaE5lYXJieRACGAQgAA,ChIJc-4AiTQjDTkRuHo-6-IDHG8
Darshan Nursery,wholesaler,wholesaler|point_of_interest|establishment,096540 40354,,"opp. Farmus farm, Dhumaspur, Sector 67, Gurugram, Haryana 122101, India",5,2,OPERATIONAL,https://maps.google.com/?cid=15186927147018397066&g_mp=Cilnb29nbGUubWFwcy5wbGFjZXMudjEuUGxhY2VzLlNlYXJjaE5lYXJieRACGAQgAA,ChIJh2v9g9wjDTkRiqXEw8bNwtI
Baghel,association_or_organization,service|association_or_organization|point_of_interest|establishment,,,"93MF+H65, Dhumaspur, Gurugram, Haryana 122101, India",5,1,OPERATIONAL,https://maps.google.com/?cid=10968306847958910784&g_mp=Cilnb29nbGUubWFwcy5wbGFjZXMudjEuUGxhY2VzLlNlYXJjaE5lYXJieRACGAQgAA,ChIJ1fNINAAjDTkRQEcTNPdAN5g
Parking,coffee_shop,coffee_shop|cafe|food_store|store|food|point_of_interest|establishment,,,"93MF+H65, Dhumaspur, Gurugram, Haryana 122101, India",5,1,OPERATIONAL,https://maps.google.com/?cid=4906778031072828582&g_mp=Cilnb29nbGUubWFwcy5wbGFjZXMudjEuUGxhY2VzLlNlYXJjaE5lYXJieRACGAQgAA,ChIJnfzDBgAjDTkRplzJPZ9gGEQ
Farmus Farms,farm,cafe|farm|service|food|point_of_interest|establishment,099900 84885,https://farmus.in/homepage/farm-visit-packages/,"near Ramgarh, Dhumaspur, Gurugram, Haryana 122101, India",4.3,281,OPERATIONAL,https://maps.google.com/?cid=3395021181912936793&g_mp=Cilnb29nbGUubWFwcy5wbGFjZXMudjEuUGxhY2VzLlNlYXJjaE5lYXJieRACGAQgAA,ChIJ94KITvcjDTkRWfHYAMeJHS8
Nazim old iron scrap,,point_of_interest|establishment,095362 14131,,"93MF+G3X, Dhumaspur, Gurugram, Haryana 122101, India",5,3,OPERATIONAL,https://maps.google.com/?cid=17680520422737120957&g_mp=Cilnb29nbGUubWFwcy5wbGFjZXMudjEuUGxhY2VzLlNlYXJjaE5lYXJieRACGAQgAA,ChIJIVWqfAAjDTkRvQ5JKabTXfU
Grass Supplier,park,park|point_of_interest|establishment,098112 75676,https://balajinursery.org/,"93MF+H3, Dhumaspur, Gurugram, Haryana 122101, India",5,1,OPERATIONAL,https://maps.google.com/?cid=8115242572775605935&g_mp=Cilnb29nbGUubWFwcy5wbGFjZXMudjEuUGxhY2VzLlNlYXJjaE5lYXJieRACGAQgAA,ChIJybOygBMjDTkRr8ZqoB8in3A
Aman nursary hole sale,garden,garden|point_of_interest|establishment,083686 26996,,"93MF+X4, Gurugram, Haryana 122101, India",5,2,OPERATIONAL,https://maps.google.com/?cid=17766141449927291844&g_mp=Cilnb29nbGUubWFwcy5wbGFjZXMudjEuUGxhY2VzLlNlYXJjaE5lYXJieRACGAQgAA,ChIJRw4_4dgjDTkRxHNCCIUDjvY
Vishal associates,corporate_office,corporate_office|point_of_interest|establishment,,,"93MF+VJ4, Dhumaspur, Gurugram, Haryana 122101, India",,,OPERATIONAL,https://maps.google.com/?cid=15197449966995412968&g_mp=Cilnb29nbGUubWFwcy5wbGFjZXMudjEuUGxhY2VzLlNlYXJjaE5lYXJieRACGAQgAA,ChIJ54Fwt_4jDTkR6JeItjkw6NI
URV Warehouse,farm,wholesaler|farm|service|point_of_interest|establishment,,,"93MC+XQ4, Badshahpur St, Palda Dhaani, Haryana 122101, India",,,CLOSED_TEMPORARILY,https://maps.google.com/?cid=1517918244279783966&g_mp=Cilnb29nbGUubWFwcy5wbGFjZXMudjEuUGxhY2VzLlNlYXJjaE5lYXJieRACGAQgAA,ChIJw6d2OwAjDTkRHpJh1Jm6EBU
Humans & Doggos,pet_boarding_service,pet_boarding_service|pet_care|point_of_interest|establishment,098339 56021,,"Dhumaspur, Gurugram, Haryana 122101, India",5,16,OPERATIONAL,https://maps.google.com/?cid=5789692158753895688&g_mp=Cilnb29nbGUubWFwcy5wbGFjZXMudjEuUGxhY2VzLlNlYXJjaE5lYXJieRACGAQgAA,ChIJ2fUHCx8jDTkRCPVj4VceWVA
Numberdar Palace Dhumaspur,corporate_office,corporate_office|point_of_interest|establishment,,,"93PC+5WJ, Samrat Mihir Bhoj Rd, Ramgarh, Haryana 122101, India",5,3,OPERATIONAL,https://maps.google.com/?cid=10210279919666844512&g_mp=Cilnb29nbGUubWFwcy5wbGFjZXMudjEuUGxhY2VzLlNlYXJjaE5lYXJieRACGAQgAA,ChIJLfYIiuYjDTkRYNMLlX0zso0
Lotus Sports Academy,sports_club,sports_club|association_or_organization|point_of_interest|establishment,,,"93PF+6F6, Badshahpur, Sector 66, Gurugram, Haryana 122101, India",4.3,127,OPERATIONAL,https://maps.google.com/?cid=18056750813108353289&g_mp=Cilnb29nbGUubWFwcy5wbGFjZXMudjEuUGxhY2VzLlNlYXJjaE5lYXJieRACGAQgAA,ChIJ_y3rk1siDTkRCbkRHTJ3lvo
The Cricket Heritage Academy,sports_club,sports_club|association_or_organization|point_of_interest|establishment,087910 87864,,"The Cricket Heritage Academy, Sector 64, Gurugram, Haryana 122101, India",5,15,OPERATIONAL,https://maps.google.com/?cid=16240693176711568462&g_mp=Cilnb29nbGUubWFwcy5wbGFjZXMudjEuUGxhY2VzLlNlYXJjaE5lYXJieRACGAQgAA,ChIJg5u1-NwjDTkRTtwAuGWIYuE
The royal swimming pool,swimming_pool,swimming_pool|sports_activity_location|point_of_interest|establishment,,,"gurgaon, near M3M Urbana Premium, Sector 67, Gurugram, Haryana 122101, India",4.3,28,OPERATIONAL,https://maps.google.com/?cid=10284389527048389384&g_mp=Cilnb29nbGUubWFwcy5wbGFjZXMudjEuUGxhY2VzLlNlYXJjaE5lYXJieRACGAQgAA,ChIJF185DS0jDTkRCIN3K8l9uY4
Accelerate Tennis,tennis_court,tennis_court|sports_coaching|athletic_field|sports_club|school|educational_institution|sports_activity_location|health|association_or_organization|point_of_interest|establishment,094092 84075,http://acceleratetennis.in/,"Lotus Sports academy, Sector 66, Gurugram, Haryana 122022, India",4.9,9,OPERATIONAL,https://maps.google.com/?cid=9833840316039819914&g_mp=Cilnb29nbGUubWFwcy5wbGFjZXMudjEuUGxhY2VzLlNlYXJjaE5lYXJieRACGAQgAA,ChIJmwqpiv8jDTkRivJ3X6rReIg
The soulyard farmstay,private_guest_room,private_guest_room|lodging|point_of_interest|establishment,087004 72833,https://thesoulyardfarmstay.com/,"The soulyard farmstay, Sector 67, Gurugram, Haryana 122101, India",4.8,47,OPERATIONAL,https://maps.google.com/?cid=2690607762034616684&g_mp=Cilnb29nbGUubWFwcy5wbGFjZXMudjEuUGxhY2VzLlNlYXJjaE5lYXJieRACGAQgAA,ChIJKU_NKQAjDTkRbGn7DYH1ViU
Sagar dj,service,service|point_of_interest|establishment,,,"93MG+VR7, Dhumaspur, Sector 64, Gurugram, Haryana 122101, India",5,1,OPERATIONAL,https://maps.google.com/?cid=15575535043479642656&g_mp=Cilnb29nbGUubWFwcy5wbGFjZXMudjEuUGxhY2VzLlNlYXJjaE5lYXJieRACGAQgAA,ChIJB9WcYwAjDTkRIKJAbZlqJ9g
The Showjumpers Club,sports_complex,sports_complex|sports_activity_location|point_of_interest|establishment,093123 55555,,"93MG+VR7, Sector 64, Gurugram, Haryana 122101, India",5,4,CLOSED_TEMPORARILY,https://maps.google.com/?cid=4683408991242940422&g_mp=Cilnb29nbGUubWFwcy5wbGFjZXMudjEuUGxhY2VzLlNlYXJjaE5lYXJieRACGAQgAA,ChIJnZi1dgAjDTkRBvDn7KnP_kA
CRIC TOWN,athletic_field,athletic_field|sports_activity_location|point_of_interest|establishment,,,"Ramgarh, Sector 67, Gurugram, Haryana 122101, India",4.7,128,OPERATIONAL,https://maps.google.com/?cid=18385270736513734334&g_mp=Cilnb29nbGUubWFwcy5wbGFjZXMudjEuUGxhY2VzLlNlYXJjaE5lYXJieRACGAQgAA,ChIJx7Hx4hAjDTkRvhZJVVOaJf8
Shandilya Bhawan,housing_complex,housing_complex|service|point_of_interest|establishment,,,"93JG+M9X, Dhumaspur, Gurugram, Haryana 122101, India",5,1,OPERATIONAL,https://maps.google.com/?cid=4749123282889178495&g_mp=Cilnb29nbGUubWFwcy5wbGFjZXMudjEuUGxhY2VzLlNlYXJjaE5lYXJieRACGAQgAA,ChIJw-N9GwAjDTkRf30lv3ZG6EE
Ch. Deshraj Sarpanch House,association_or_organization,service|association_or_organization|point_of_interest|establishment,,,"93MH+M9J, Kadarpur, Haryana 122101, India",,,OPERATIONAL,https://maps.google.com/?cid=10675632397380589480&g_mp=Cilnb29nbGUubWFwcy5wbGFjZXMudjEuUGxhY2VzLlNlYXJjaE5lYXJieRACGAQgAA,ChIJD_SgbwAjDTkRqJeFfhp3J5Q
Advocate Amit Adhana,association_or_organization,service|association_or_organization|point_of_interest|establishment,,,"93MH+M9, Gurugram, Haryana 122101, India",5,2,OPERATIONAL,https://maps.google.com/?cid=2033148570518617118&g_mp=Cilnb29nbGUubWFwcy5wbGFjZXMudjEuUGxhY2VzLlNlYXJjaE5lYXJieRACGAQgAA,ChIJpzxXSQAjDTkRHvxaUdoxNxw
SCOOBY ISLAND,pet_boarding_service,pet_boarding_service|pet_care|lodging|point_of_interest|establishment,,,"93PH+427, Golf Course Ext Rd, near M3M Urbana, Ramgarh, Sector 64, Gurugram, Haryana 122101, India",4.8,25,OPERATIONAL,https://maps.google.com/?cid=10020220791286085323&g_mp=Cilnb29nbGUubWFwcy5wbGFjZXMudjEuUGxhY2VzLlNlYXJjaE5lYXJieRACGAQgAA,ChIJd4TRZIkjDTkRyzaXY7j5Dos
JAKHAR FARM,housing_complex,housing_complex|service|point_of_interest|establishment,,,"93PG+CXG, Sector 64, Gurugram, Haryana 122101, India",5,3,OPERATIONAL,https://maps.google.com/?cid=1869343265442130577&g_mp=Cilnb29nbGUubWFwcy5wbGFjZXMudjEuUGxhY2VzLlNlYXJjaE5lYXJieRACGAQgAA,ChIJNVtPIwAjDTkRkWrys8s98Rk
Goverment High School Badshahpur Gurugram,school,school|educational_institution|point_of_interest|establishment,,,"Government Boys Sr. Sec.School Badshahpur, 232TY, Esencia Ansal, Badshahpur, Sector 67, Gurugram, Haryana 122101, India",,,OPERATIONAL,https://maps.google.com/?cid=5060993258523729704&g_mp=Cilnb29nbGUubWFwcy5wbGFjZXMudjEuUGxhY2VzLlNlYXJjaE5lYXJieRACGAQgAA,ChIJSScOB_kiDTkRKB_06I1CPEY
Yadav Rented Homes,guest_house,guest_house|lodging|point_of_interest|establishment,,,"s.c 67, Badshahpur Rd, Sector 67, Gurugram, Haryana 122101, India",5,3,OPERATIONAL,https://maps.google.com/?cid=11394940776471470285&g_mp=Cilnb29nbGUubWFwcy5wbGFjZXMudjEuUGxhY2VzLlNlYXJjaE5lYXJieRACGAQgAA,ChIJO03QAJ0jDTkRzSAyYkP2Ip4
Mukesh Auto Electric and batteries,auto_parts_store,auto_parts_store|car_repair|service|store|point_of_interest|establishment,098114 47093,https://www.facebook.com/Mukesh-Electric-Works-2169053100019765/,"pillar no. 98, Badshahpur Sohna Rd, near govt boys high school, Badshahpur, Sector 67, Gurugram, Haryana 122101, India",4,2,OPERATIONAL,https://maps.google.com/?cid=12896126772026062300&g_mp=Cilnb29nbGUubWFwcy5wbGFjZXMudjEuUGxhY2VzLlNlYXJjaE5lYXJieRACGAQgAA,ChIJYcsjyfsjDTkR3LUE-fg--LI
THE 12 TAILS,pet_store,pet_store|store|point_of_interest|establishment,,,"The 12 Tails, Badshahpur, Sector 67, Gurugram, Haryana 122101, India",5,2,OPERATIONAL,https://maps.google.com/?cid=428678321285527133&g_mp=Cilnb29nbGUubWFwcy5wbGFjZXMudjEuUGxhY2VzLlNlYXJjaE5lYXJieRACGAQgAA,ChIJx3Wxw00jDTkRXXYid6n48gU
Dharm singh,housing_complex,housing_complex|service|point_of_interest|establishment,,,"93P3+MMM, Sector 67, Gurugram, Haryana 122101, India",,,OPERATIONAL,https://maps.google.com/?cid=15863275065793836132&g_mp=Cilnb29nbGUubWFwcy5wbGFjZXMudjEuUGxhY2VzLlNlYXJjaE5lYXJieRACGAQgAA,ChIJZ9ACDwAjDTkRZPTzBqCsJdw
Raju hair cutting,nail_salon,nail_salon|beauty_salon|service|point_of_interest|establishment,,,"93P3+RF, 556G, Esencia Ansal, Sector 67, Gurugram, Haryana 122101, India",,,CLOSED_TEMPORARILY,https://maps.google.com/?cid=5929524094937831172&g_mp=Cilnb29nbGUubWFwcy5wbGFjZXMudjEuUGxhY2VzLlNlYXJjaE5lYXJieRACGAQgAA,ChIJ4c0lZCAjDTkRBJfjlb_mSVI
Home,internet_cafe,internet_cafe|service|point_of_interest|establishment,,,"93P3+RJF, RR colony, Sector 67, Gurugram, Haryana 122101, India",,,CLOSED_TEMPORARILY,https://maps.google.com/?cid=3204021878372706355&g_mp=Cilnb29nbGUubWFwcy5wbGFjZXMudjEuUGxhY2VzLlNlYXJjaE5lYXJieRACGAQgAA,ChIJdeugLgAjDTkRMyj8OOz4diw
Prithvi singh house,housing_complex,housing_complex|service|point_of_interest|establishment,,,"s.c 67, Badshahpur Rd, Sector 67, Gurugram, Haryana 122101, India",,,OPERATIONAL,https://maps.google.com/?cid=3838792421688608840&g_mp=Cilnb29nbGUubWFwcy5wbGFjZXMudjEuUGxhY2VzLlNlYXJjaE5lYXJieRACGAQgAA,ChIJJ3jnpyMjDTkRSAg2ZV4hRjU
Anuj nagar home,health,service|health|point_of_interest|establishment,,,"behind govt girls school, R. R. Colony, Sector 67, Gurugram, Haryana 122101, India",5,2,OPERATIONAL,https://maps.google.com/?cid=931266859166547894&g_mp=Cilnb29nbGUubWFwcy5wbGFjZXMudjEuUGxhY2VzLlNlYXJjaE5lYXJieRACGAQgAA,ChIJGXg7LTAjDTkRtj-3O0aG7Aw
Cake me Cafe,bakery,bakery|food_store|store|point_of_interest|food|establishment,082927 24880,,"987D, Esencia Ansal, Sector 67, Gurugram, Haryana 122101, India",4.9,14,OPERATIONAL,https://maps.google.com/?cid=15931504666266959708&g_mp=Cilnb29nbGUubWFwcy5wbGFjZXMudjEuUGxhY2VzLlNlYXJjaE5lYXJieRACGAQgAA,ChIJ3citYAAjDTkRXP9R0hUTGN0
Aahi Homes PG,apartment_building,apartment_building|service|point_of_interest|establishment,,,"Aahi Homes PG, Sector 67, Gurugram, Haryana 122101, India",4.8,10,OPERATIONAL,https://maps.google.com/?cid=17452699623232695980&g_mp=Cilnb29nbGUubWFwcy5wbGFjZXMudjEuUGxhY2VzLlNlYXJjaE5lYXJieRACGAQgAA,ChIJESWY-98jDTkRrO5gxtZxNPI
Joxy home,condominium_complex,condominium_complex|service|point_of_interest|establishment,,,"Q123, Esencia Ansal, RR colony, Sector 67, Gurugram, Haryana 122101, India",,,CLOSED_TEMPORARILY,https://maps.google.com/?cid=4939096127740611806&g_mp=Cilnb29nbGUubWFwcy5wbGFjZXMudjEuUGxhY2VzLlNlYXJjaE5lYXJieRACGAQgAA,ChIJv_JMawAjDTkR3ox8fcIxi0Q
TKS Home Gali No. 2,association_or_organization,association_or_organization|service|point_of_interest|establishment,,,"93P3+W9V, RR colony, Sector 67, Gurugram, Haryana 122101, India",,,OPERATIONAL,https://maps.google.com/?cid=11274288454353460947&g_mp=Cilnb29nbGUubWFwcy5wbGFjZXMudjEuUGxhY2VzLlNlYXJjaE5lYXJieRACGAQgAA,ChIJHctFfQAjDTkR054GkZ1Rdpw
TERRA VITA ORGANIX,service,service|point_of_interest|establishment,,,"RR colony, Badshahpur, Sector 67, Gurugram, Haryana 122101, India",,,CLOSED_TEMPORARILY,https://maps.google.com/?cid=10219688403510241300&g_mp=Cilnb29nbGUubWFwcy5wbGFjZXMudjEuUGxhY2VzLlNlYXJjaE5lYXJieRACGAQgAA,ChIJOSuk4PgjDTkRFCho7nSg040
Ashwani Kumar,cafe,cafe|point_of_interest|food|establishment,096436 08878,,"Badshapur Badshapur, Sector 67, Gurugram, Haryana 122101, India",,,CLOSED_TEMPORARILY,https://maps.google.com/?cid=8157508328050664571&g_mp=Cilnb29nbGUubWFwcy5wbGFjZXMudjEuUGxhY2VzLlNlYXJjaE5lYXJieRACGAQgAA,ChIJ5ZnerLcjDTkReyTAoZpKNXE
Aahi Apartments,apartment_building,apartment_building|service|point_of_interest|establishment,,,"Aahi Apartments, Badshahpur Main Rd, RR colony, Sector 67, Gurugram, Haryana 122101, India",,,OPERATIONAL,https://maps.google.com/?cid=9462376818884515145&g_mp=Cilnb29nbGUubWFwcy5wbGFjZXMudjEuUGxhY2VzLlNlYXJjaE5lYXJieRACGAQgAA,ChIJpYQYhUsjDTkRSZWAPJUdUYM
MOTO24 | Two Wheeler Service Centre | Badshahpur,car_repair,car_repair|service|point_of_interest|establishment,,https://moto24.in/,"Shop no.1, Pillar no, 104, opposite AIRIA MALL, Sector 67, Gurugram, Haryana 122101, India",,,OPERATIONAL,https://maps.google.com/?cid=2681015514206165848&g_mp=Cilnb29nbGUubWFwcy5wbGFjZXMudjEuUGxhY2VzLlNlYXJjaE5lYXJieRACGAQgAA,ChIJRxi20J0jDTkRWNuR0WfhNCU
Floor 2 - Atithi Homes,lodging,lodging|point_of_interest|establishment,,,"Atithi homes, 93P3+GVV Akash pg, sec 67, RR colony, Badshahpur, Sector 67, Gurugram, Haryana 122101, India",,,OPERATIONAL,https://maps.google.com/?cid=5088741601917561989&g_mp=Cilnb29nbGUubWFwcy5wbGFjZXMudjEuUGxhY2VzLlNlYXJjaE5lYXJieRACGAQgAA,ChIJxyjVXwAjDTkRhWwMkIbXnkY
Akash pg,apartment_building,apartment_building|service|point_of_interest|establishment,,http://akashpg.com/,"Akash pg, Sector 67, Gurugram, Haryana 122101, India",4.9,33,OPERATIONAL,https://maps.google.com/?cid=14348406247836614703&g_mp=Cilnb29nbGUubWFwcy5wbGFjZXMudjEuUGxhY2VzLlNlYXJjaE5lYXJieRACGAQgAA,ChIJMyS8ZQAjDTkRLwBMF3bHH8c
Vicky Hindu,university,university|educational_institution|point_of_interest|establishment,,,"93P3+WJ9, Sector 67, Gurugram, Haryana 122101, India",5,1,OPERATIONAL,https://maps.google.com/?cid=4470497079108208730&g_mp=Cilnb29nbGUubWFwcy5wbGFjZXMudjEuUGxhY2VzLlNlYXJjaE5lYXJieRACGAQgAA,ChIJS_z4AE8jDTkRWoiqYWhlCj4
Ansal Esencia - B542 Trehan Luxury Floor Corner Plot,apartment_building,apartment_building|service|point_of_interest|establishment,,,"93P4+GQR, Sector 67, Gurugram, Haryana 122101, India",4.3,3,OPERATIONAL,https://maps.google.com/?cid=16605067480571511877&g_mp=Cilnb29nbGUubWFwcy5wbGFjZXMudjEuUGxhY2VzLlNlYXJjaE5lYXJieRACGAQgAA,ChIJCRxg4AcjDTkRRQTbauUMceY
THE VEGGIE VIBE,food_court,food_court|food|point_of_interest|establishment,,,"107, Pyramid shoping plaza, Rajpur 13, Gurugram, Haryana 122101, India",5,1,CLOSED_TEMPORARILY,https://maps.google.com/?cid=8456836159801245694&g_mp=Cilnb29nbGUubWFwcy5wbGFjZXMudjEuUGxhY2VzLlNlYXJjaE5lYXJieRACGAQgAA,ChIJAZmpnY8jDTkR_r-hXK63XHU
Mairal’s,housing_complex,housing_complex|service|point_of_interest|establishment,,,"B-544, near Cassia Zone, Sector 67, Gurugram, Haryana 122101, India",5,1,OPERATIONAL,https://maps.google.com/?cid=14299566046140395835&g_mp=Cilnb29nbGUubWFwcy5wbGFjZXMudjEuUGxhY2VzLlNlYXJjaE5lYXJieRACGAQgAA,ChIJ55iXOwAjDTkRO3Fvfo5DcsY
Trehan Floors - B544,apartment_building,apartment_building|service|point_of_interest|establishment,,,"Cassia Zone, B-544, Sector 67, Gurugram, Haryana 122101, India",,,OPERATIONAL,https://maps.google.com/?cid=9785467640363823246&g_mp=Cilnb29nbGUubWFwcy5wbGFjZXMudjEuUGxhY2VzLlNlYXJjaE5lYXJieRACGAQgAA,ChIJpQILSAAjDTkRjjD3KPn2zIc
Shivam’s Place,apartment_building,apartment_building|service|point_of_interest|establishment,,,"Ansal Esencia, Sector 67, Gurugram, Haryana 122101, India",,,OPERATIONAL,https://maps.google.com/?cid=1517903551332545671&g_mp=Cilnb29nbGUubWFwcy5wbGFjZXMudjEuUGxhY2VzLlNlYXJjaE5lYXJieRACGAQgAA,ChIJ-e0NFgAjDTkRh_R63DytEBU
B-545 B Block Ansal Versalia,apartment_building,apartment_building|service|point_of_interest|establishment,,,"Ansal Versalia, Sector 67, Gurugram, Haryana 122101, India",,,OPERATIONAL,https://maps.google.com/?cid=8468672332083810175&g_mp=Cilnb29nbGUubWFwcy5wbGFjZXMudjEuUGxhY2VzLlNlYXJjaE5lYXJieRACGAQgAA,ChIJBRUCbQAjDTkRf88I-Z3EhnU
Recreational rea,garden,garden|point_of_interest|establishment,,,"93P4+PGP, Sector 67, Gurugram, Haryana 122101, India",,,CLOSED_TEMPORARILY,https://maps.google.com/?cid=17987334386142629861&g_mp=Cilnb29nbGUubWFwcy5wbGFjZXMudjEuUGxhY2VzLlNlYXJjaE5lYXJieRACGAQgAA,ChIJx564H7MjDTkR5U8zvlLZn_k
"B549D, Ansal Esencia",association_or_organization,service|association_or_organization|point_of_interest|establishment,,,"Block-B, B549D, Ansal Esencia C Block Rd, Sector 67, Gurugram, Haryana 122102, India",5,1,OPERATIONAL,https://maps.google.com/?cid=11393001599141278911&g_mp=Cilnb29nbGUubWFwcy5wbGFjZXMudjEuUGxhY2VzLlNlYXJjaE5lYXJieRACGAQgAA,ChIJ3UqBZXojDTkRv_RFepcSHJ4
Col. Nandal,apartment_building,apartment_building|service|point_of_interest|establishment,,,"Ansal Esencia, B-534, Sector 67, Gurugram, Haryana 122101, India",,,OPERATIONAL,https://maps.google.com/?cid=12633585024312849115&g_mp=Cilnb29nbGUubWFwcy5wbGFjZXMudjEuUGxhY2VzLlNlYXJjaE5lYXJieRACGAQgAA,ChIJF3nupOQjDTkR27Lc3aSCU68
"552C, Block B, Ansal Esencia, Sector 67, Gurgaon",apartment_building,apartment_building|service|point_of_interest|establishment,,,"93P4+9G2, Sector 67, Gurugram, Haryana 122101, India",4.8,4,OPERATIONAL,https://maps.google.com/?cid=16788003297541013795&g_mp=Cilnb29nbGUubWFwcy5wbGFjZXMudjEuUGxhY2VzLlNlYXJjaE5lYXJieRACGAQgAA,ChIJXRgTIQAjDTkRI8EEbg34-ug
Verma residency,apartment_complex,apartment_complex|service|point_of_interest|establishment,,,"B-525, Ansal Esencia C Block Rd, B Block, Sector 67, Gurugram, Haryana 122101, India",,,CLOSED_TEMPORARILY,https://maps.google.com/?cid=16575287923847885671&g_mp=Cilnb29nbGUubWFwcy5wbGFjZXMudjEuUGxhY2VzLlNlYXJjaE5lYXJieRACGAQgAA,ChIJoZoKKQAjDTkRZ3PGDoxAB-Y
"Rehab Hub Physio Center, Physiotherapy Clinic Sector 67, Physiotherapist in Gurgaon",medical_clinic,physiotherapist|medical_clinic|health|point_of_interest|establishment,092171 95269,https://rehab-hub-physio.physiotherapy-home.in/physio-clinic,"GF, Golden Arcade, Ansal Essentia, B -9, Sector 67, Gurugram, Haryana 122102, India",4.9,109,OPERATIONAL,https://maps.google.com/?cid=2579545370562827677&g_mp=Cilnb29nbGUubWFwcy5wbGFjZXMudjEuUGxhY2VzLlNlYXJjaE5lYXJieRACGAQgAA,ChIJw4gg9YwjDTkRnZVm9thizCM
home esencia,apartment_building,apartment_building|service|point_of_interest|establishment,,,"B-525, Ansal Esencia C Block Rd, B Block, Sector 67, Gurugram, Haryana 122101, India",5,1,OPERATIONAL,https://maps.google.com/?cid=6242071053309634863&g_mp=Cilnb29nbGUubWFwcy5wbGFjZXMudjEuUGxhY2VzLlNlYXJjaE5lYXJieRACGAQgAA,ChIJ_RzoA3QjDTkRL-lEE41KoFY
rent4 ac,service,service|point_of_interest|establishment,088603 57724,,"Shop No 22, Golden Arcade, Sector 67, Gurugram, Haryana 122101, India",,,OPERATIONAL,https://maps.google.com/?cid=5558093129181162320&g_mp=Cilnb29nbGUubWFwcy5wbGFjZXMudjEuUGxhY2VzLlNlYXJjaE5lYXJieRACGAQgAA,ChIJhQMeGb8jDTkRUOthwUBQIk0
Sunrise 🌅 beauty salon,beauty_salon,beauty_salon|service|point_of_interest|establishment,099716 45675,,"Golden Arcade, ansal ensesia, Sector 67, Gurugram, Haryana 122101, India",5,31,OPERATIONAL,https://maps.google.com/?cid=13110796594903593777&g_mp=Cilnb29nbGUubWFwcy5wbGFjZXMudjEuUGxhY2VzLlNlYXJjaE5lYXJieRACGAQgAA,ChIJq7NgABYjDTkRMTOhAQro8rU
Proper-T-Street,real_estate_agency,real_estate_agency|service|point_of_interest|establishment,,,"E-2, Ground Floor, Golden Arcade, Ansal Esencia, Sector 67, Gurugram, Haryana 122101, India",5,7,CLOSED_TEMPORARILY,https://maps.google.com/?cid=1552720577594721739&g_mp=Cilnb29nbGUubWFwcy5wbGFjZXMudjEuUGxhY2VzLlNlYXJjaE5lYXJieRACGAQgAA,ChIJrSivax1mGiERywX5fiNfjBU
Rajsi Poshak - Designer Women's Clothing & Accessories in Gurgaon,womens_clothing_store,womens_clothing_store|jewelry_store|clothing_store|wholesaler|store|point_of_interest|establishment,099999 70790,http://www.rajsiposhak.com/,"Ansal Esencia, Golden Arcade, Mall, Sector 67, Gurugram, Haryana 122101, India",4.5,286,OPERATIONAL,https://maps.google.com/?cid=16022946448877234065&g_mp=Cilnb29nbGUubWFwcy5wbGFjZXMudjEuUGxhY2VzLlNlYXJjaE5lYXJieRACGAQgAA,ChIJz0QCK0QjDTkRkSdv7ObwXN4
Aarogyam Diagnostic,medical_clinic,medical_clinic|health|point_of_interest|establishment,098733 13297,,"Shop No D3 & D4, First Floor, Golden Arcade Complex, Sector 67, Gurugram, Haryana 122101, India",3.7,6,OPERATIONAL,https://maps.google.com/?cid=12473804965235271064&g_mp=Cilnb29nbGUubWFwcy5wbGFjZXMudjEuUGxhY2VzLlNlYXJjaE5lYXJieRACGAQgAA,ChIJvVVDvLMjDTkRmCVa3obbG60
"""Vardaan, The Western"" B-556 Ansal Esencia",service,service|point_of_interest|establishment,,,"93P4+8C2, Sector 67, Gurugram, Haryana 122101, India",,,OPERATIONAL,https://maps.google.com/?cid=17988009866644676969&g_mp=Cilnb29nbGUubWFwcy5wbGFjZXMudjEuUGxhY2VzLlNlYXJjaE5lYXJieRACGAQgAA,ChIJQevBFCUjDTkRaeGTTas_ovk
FairDeal Realtors,general_contractor,general_contractor|real_estate_agency|service|point_of_interest|establishment,099999 52827,,"Grond floor-07 Golden Arcade Market, Ansal Esencia, Sector 67, Gurugram, Haryana 122101, India",,,CLOSED_TEMPORARILY,https://maps.google.com/?cid=3789576988124092783&g_mp=Cilnb29nbGUubWFwcy5wbGFjZXMudjEuUGxhY2VzLlNlYXJjaE5lYXJieRACGAQgAA,ChIJhfWMSwAjDTkRb5khUjFIlzQ
Ankita Marble Polishing Services,,point_of_interest|establishment,,,"93P6+G2Q, Sohna - Gurgaon Rd, near Radha Krishna Mandir, Badshahpur, Sector 67, Gurugram, Haryana 122101, India",,,CLOSED_TEMPORARILY,https://maps.google.com/?cid=2546159948354490350&g_mp=Cilnb29nbGUubWFwcy5wbGFjZXMudjEuUGxhY2VzLlNlYXJjaE5lYXJieRACGAQgAA,ChIJ1-jh7VYiDTkR7g__nvvGVSM
B Fit With Aanand,fitness_center,fitness_center|gym|health|sports_activity_location|point_of_interest|establishment,,,"near AIRIA MALL, Ramgarh, Sector 67, Gurugram, Haryana 122101, India",,,CLOSED_TEMPORARILY,https://maps.google.com/?cid=17938461449472318260&g_mp=Cilnb29nbGUubWFwcy5wbGFjZXMudjEuUGxhY2VzLlNlYXJjaE5lYXJieRACGAQgAA,ChIJ1-jh7VYiDTkRNBvWcKU38vg
Deepak Real Estate,real_estate_agency,real_estate_agency|point_of_interest|service|establishment,,,"Housing Realty, Emerald Hills Rd, near Prgayanam School, Ramgarh, Sector 65, Gurugram, Haryana 122101, India",,,CLOSED_TEMPORARILY,https://maps.google.com/?cid=3215967309377427313&g_mp=Cilnb29nbGUubWFwcy5wbGFjZXMudjEuUGxhY2VzLlNlYXJjaE5lYXJieRACGAQgAA,ChIJ1-jh7VYiDTkRcde1nDppoSw
Nursing Home - NH-2 - M/s Medrina Healthcare Private Limited,health,health|point_of_interest|establishment,,,"Ansal Esencia, Ramgarh, Sector 67, Gurugram, Haryana 122101, India",,,OPERATIONAL,https://maps.google.com/?cid=9043939233222421118&g_mp=Cilnb29nbGUubWFwcy5wbGFjZXMudjEuUGxhY2VzLlNlYXJjaE5lYXJieRACGAQgAA,ChIJZbuDAzkjDTkRfupw1tCGgn0
Academic 360,consultant,consultant|point_of_interest|service|establishment,,https://www.academic360.club/,"Ansal Esencia, D1514-A, Block D, Sector 67, Gurugram, Haryana 122101, India",5,1,CLOSED_TEMPORARILY,https://maps.google.com/?cid=10621555338301691466&g_mp=Cilnb29nbGUubWFwcy5wbGFjZXMudjEuUGxhY2VzLlNlYXJjaE5lYXJieRACGAQgAA,ChIJEwQuS_8jDTkRSlagBU5YZ5M
"Euro International School, Sector 67",secondary_school,secondary_school|school|educational_institution|point_of_interest|establishment,074969 71511,,"Ansal esencia, Ramgarh, Sector 67d, Gurugram, Haryana 122101, India",,,OPERATIONAL,https://maps.google.com/?cid=18403157265200614872&g_mp=Cilnb29nbGUubWFwcy5wbGFjZXMudjEuUGxhY2VzLlNlYXJjaE5lYXJieRACGAQgAA,ChIJZWk0Z1slDTkR2I3uUQcmZf8
Esencia tank,service,point_of_interest|service|establishment,,,"E block tank road , esencia, 93P5+GQ9, Sector 67, Gurugram, Haryana 122101, India",4.5,2,OPERATIONAL,https://maps.google.com/?cid=1405661014038514651&g_mp=Cilnb29nbGUubWFwcy5wbGFjZXMudjEuUGxhY2VzLlNlYXJjaE5lYXJieRACGAQgAA,ChIJ_UGo4s0jDTkR24thqD7pgRM
PALM FLOOR,apartment_complex,apartment_complex|point_of_interest|service|establishment,,,"93P5+9X7, Sector 67, Gurugram, Haryana 122101, India",,,CLOSED_TEMPORARILY,https://maps.google.com/?cid=6815818672832164977&g_mp=Cilnb29nbGUubWFwcy5wbGFjZXMudjEuUGxhY2VzLlNlYXJjaE5lYXJieRACGAQgAA,ChIJYefeWQAjDTkRcbSin_imll4
1532A D block Ansal esencia,apartment_building,apartment_building|point_of_interest|service|establishment,,,"Orion Rd, Ramgarh, Sector 67, Gurugram, Haryana 122101, India",5,2,OPERATIONAL,https://maps.google.com/?cid=14246719807396060085&g_mp=Cilnb29nbGUubWFwcy5wbGFjZXMudjEuUGxhY2VzLlNlYXJjaE5lYXJieRACGAQgAA,ChIJ3zkuDzsjDTkRtRtdti6EtsU
V2 Chaudhary tour and travels agency,travel_agency,travel_agency|point_of_interest|service|establishment,087918 42120,,"Ramgarh, Sector 67, Gurugram, Haryana 122101, India",4.6,14,OPERATIONAL,https://maps.google.com/?cid=18249738468095732333&g_mp=Cilnb29nbGUubWFwcy5wbGFjZXMudjEuUGxhY2VzLlNlYXJjaE5lYXJieRACGAQgAA,ChIJdedkhm4jDTkRbaqgCnIYRP0
The Flying Dutchman 1521A,apartment_building,apartment_building|point_of_interest|service|establishment,,,"Ansal Esencia, D Block Rd, Ramgarh, Sector 67, Gurugram, Haryana 122101, India",,,OPERATIONAL,https://maps.google.com/?cid=8157483212926626932&g_mp=Cilnb29nbGUubWFwcy5wbGFjZXMudjEuUGxhY2VzLlNlYXJjaE5lYXJieRACGAQgAA,ChIJ2S0VJwAjDTkRdCy0D8MzNXE
Badshapur,condominium_complex,condominium_complex|point_of_interest|service|establishment,,,"93P6+V4C, Ramgarh, Sector 67, Gurugram, Haryana 122101, India",5,3,OPERATIONAL,https://maps.google.com/?cid=2270658974862714699&g_mp=Cilnb29nbGUubWFwcy5wbGFjZXMudjEuUGxhY2VzLlNlYXJjaE5lYXJieRACGAQgAA,ChIJV2dPkjEjDTkRS6e-ok4Agx8
The First Step Pre-School and Day Care,preschool,preschool|child_care_agency|school|educational_institution|point_of_interest|service|establishment,084473 37178,,"E Block, Ansal Esencia, Ramgarh, Sector 67, Gurugram, Haryana 122101, India",,,OPERATIONAL,https://maps.google.com/?cid=17308654052015675873&g_mp=Cilnb29nbGUubWFwcy5wbGFjZXMudjEuUGxhY2VzLlNlYXJjaE5lYXJieRACGAQgAA,ChIJEzO2E58jDTkR4RmFtiexNPA
Dr radhika yadav home,doctor,doctor|health|point_of_interest|establishment,,,"93P6+F82, Ramgarh, Sector 67, Gurugram, Haryana 122101, India",,,OPERATIONAL,https://maps.google.com/?cid=4328974962801332485&g_mp=Cilnb29nbGUubWFwcy5wbGFjZXMudjEuUGxhY2VzLlNlYXJjaE5lYXJieRACGAQgAA,ChIJTZQGiZsjDTkRBVFV88qbEzw
Lifelong Creations,clothing_store,clothing_store|point_of_interest|store|establishment,096436 09319,https://chat.whatsapp.com/KnPPDDsPiuo0o8LjtPLbo8,"House Number 1531-A, D Block, 3rd Floor Ansal Esencia, Ramgarh, Sector 67, Gurugram, Haryana 122101, India",4.9,60,OPERATIONAL,https://maps.google.com/?cid=12542954094040559491&g_mp=Cilnb29nbGUubWFwcy5wbGFjZXMudjEuUGxhY2VzLlNlYXJjaE5lYXJieRACGAQgAA,ChIJJ6_Vv1YiDTkRg69RCUuGEa4
Devnadi,sports_activity_location,sports_activity_location|point_of_interest|establishment,,,"Ansal API B Block Asencia, Ramgarh, Sector 67, Gurugram, Haryana 122101, India",,,OPERATIONAL,https://maps.google.com/?cid=18084083603402444859&g_mp=Cilnb29nbGUubWFwcy5wbGFjZXMudjEuUGxhY2VzLlNlYXJjaE5lYXJieRACGAQgAA,ChIJmxBBnuIjDTkRO9BERTmS9_o
Radiance Properties,general_contractor,point_of_interest|general_contractor|service|establishment,098705 95111,,"Ansal Esencia, C-1004, Sector 67, Gurugram, Haryana 122001, India",5,2,OPERATIONAL,https://maps.google.com/?cid=715913346105218672&g_mp=Cilnb29nbGUubWFwcy5wbGFjZXMudjEuUGxhY2VzLlNlYXJjaE5lYXJieRACGAQgAA,ChIJZ3zJ9kcjDTkRcBaQLGVv7wk
The ORION,housing_complex,housing_complex|point_of_interest|service|establishment,,,"93P6+V4C, Ramgarh, Sector 67, Gurugram, Haryana 122101, India",4.6,15,OPERATIONAL,https://maps.google.com/?cid=8470375626937529332&g_mp=Cilnb29nbGUubWFwcy5wbGFjZXMudjEuUGxhY2VzLlNlYXJjaE5lYXJieRACGAQgAA,ChIJg_uMOl4jDTkR9PO8NcHRjHU
Bachelor House,private_guest_room,private_guest_room|lodging|point_of_interest|establishment,,,"93P6+V4C, Ramgarh, Sector 67, Gurugram, Haryana 122101, India",,,OPERATIONAL,https://maps.google.com/?cid=5842348475266869421&g_mp=Cilnb29nbGUubWFwcy5wbGFjZXMudjEuUGxhY2VzLlNlYXJjaE5lYXJieRACGAQgAA,ChIJM1q9RgAjDTkRrahT8vswFFE
Malhotra's,apartment_building,apartment_building|point_of_interest|service|establishment,,,"93P6+V4C, Ramgarh, Sector 67, Gurugram, Haryana 122101, India",,,OPERATIONAL,https://maps.google.com/?cid=2873454774919670156&g_mp=Cilnb29nbGUubWFwcy5wbGFjZXMudjEuUGxhY2VzLlNlYXJjaE5lYXJieRACGAQgAA,ChIJ2U7BXhMjDTkRjKk8weSP4Cc
E 2039,housing_complex,housing_complex|service|point_of_interest|establishment,,,"Ansal Esencia, E-2038, Ramgarh, Sector 67, Gurugram, Haryana 122101, India",,,OPERATIONAL,https://maps.google.com/?cid=967651227246266880&g_mp=Cilnb29nbGUubWFwcy5wbGFjZXMudjEuUGxhY2VzLlNlYXJjaE5lYXJieRACGAQgAA,ChIJIxGRbgAjDTkRAAp8EqrJbQ0
SNS’s Home,apartment_building,apartment_building|service|point_of_interest|establishment,,,"2052, E Block Ave, Ramgarh, Sector 67, Gurugram, Haryana 122101, India",,,OPERATIONAL,https://maps.google.com/?cid=12091156886002950337&g_mp=Cilnb29nbGUubWFwcy5wbGFjZXMudjEuUGxhY2VzLlNlYXJjaE5lYXJieRACGAQgAA,ChIJC4QfawAjDTkRwWC5SSBrzKc
"Dr. Omprabha Upmanyu [BPT, MPT Orthopaedic]",physiotherapist,physiotherapist|health|point_of_interest|establishment,,https://instagram.com/physio_health_plus_?igshid=OGQ5ZDc2ODk2ZA==,"93P7+P59, Ramgarh, Sector 67, Gurugram, Haryana 122101, India",5,38,OPERATIONAL,https://maps.google.com/?cid=11658361223775197631&g_mp=Cilnb29nbGUubWFwcy5wbGFjZXMudjEuUGxhY2VzLlNlYXJjaE5lYXJieRACGAQgAA,ChIJc_8okUcjDTkRvxlPrsPRyqE
Irvin Skin Hair Dental Clinc,skin_care_clinic,skin_care_clinic|medical_clinic|health|point_of_interest|establishment,082878 38564,https://www.irvinclinic.com/,"2029, E Block Ave, Ramgarh, Sector 67, Gurugram, Haryana 122101, India",5,14,OPERATIONAL,https://maps.google.com/?cid=1103592183485871967&g_mp=Cilnb29nbGUubWFwcy5wbGFjZXMudjEuUGxhY2VzLlNlYXJjaE5lYXJieRACGAQgAA,ChIJ-1UIwUAjDTkRX7eSaT6_UA8
Shobhansh,apartment_building,apartment_building|service|point_of_interest|establishment,,,"2027, E Block Ave, Ramgarh, Sector 67, Gurugram, Haryana 122101, India",,,OPERATIONAL,https://maps.google.com/?cid=11731243229880220220&g_mp=Cilnb29nbGUubWFwcy5wbGFjZXMudjEuUGxhY2VzLlNlYXJjaE5lYXJieRACGAQgAA,ChIJ3ZxVbpkjDTkRPHq3EpC_zaI
Ravi Chaurasiya,juice_shop,juice_shop|food|point_of_interest|establishment,081787 57383,,"Ansal Esencia, E 2042, E Block Ave, Ramgarh, Sector 67, Ansa, Gurugram, Haryana 122101, India",5,1,OPERATIONAL,https://maps.google.com/?cid=11473319899816808908&g_mp=Cilnb29nbGUubWFwcy5wbGFjZXMudjEuUGxhY2VzLlNlYXJjaE5lYXJieRACGAQgAA,ChIJIY03nQ0jDTkRzFEAH6lrOZ8
Asta realty,real_estate_agency,real_estate_agency|service|point_of_interest|establishment,099993 15656,http://www.astarealty.com/,"Unnamed Road, Ramgarh, Sector 67, Gurugram, Haryana 122101, India",4.7,121,OPERATIONAL,https://maps.google.com/?cid=15848934638081214051&g_mp=Cilnb29nbGUubWFwcy5wbGFjZXMudjEuUGxhY2VzLlNlYXJjaE5lYXJieRACGAQgAA,ChIJz10UWl4fDTkRYwY3AxW68ts
Shini Place,apartment_building,apartment_building|service|point_of_interest|establishment,,,"Block E, Ramgarh, Sector 67, Gurugram, Haryana 122101, India",5,1,OPERATIONAL,https://maps.google.com/?cid=16521049641885233880&g_mp=Cilnb29nbGUubWFwcy5wbGFjZXMudjEuUGxhY2VzLlNlYXJjaE5lYXJieRACGAQgAA,ChIJ-w7pSQAjDTkR2PIp9R2PRuU
Brown curry,indian_restaurant,indian_restaurant|restaurant|food|point_of_interest|establishment,096504 07922,,"Shop no 3, Ramgarh, Sector 67, Gurugram, Haryana 122101, India",4.8,32,OPERATIONAL,https://maps.google.com/?cid=10105822092922044200&g_mp=Cilnb29nbGUubWFwcy5wbGFjZXMudjEuUGxhY2VzLlNlYXJjaE5lYXJieRACGAQgAA,ChIJy7edAAAjDTkRKL_pi6YXP4w
Ram yogi,yoga_studio,yoga_studio|fitness_center|sports_complex|gym|sports_school|sports_activity_location|health|point_of_interest|establishment,074950 96325,https://ramyogi0327.blogspot.com/2025/03/nahin-hoti-hai-usko-koi-bimari-jo.html,"Basement E, 2029, Ansal Esencia, Block E Rd, Badshahpur, Sector 67, Gurugram, Haryana 122102, India",5,49,OPERATIONAL,https://maps.google.com/?cid=11353275817541302805&g_mp=Cilnb29nbGUubWFwcy5wbGFjZXMudjEuUGxhY2VzLlNlYXJjaE5lYXJieRACGAQgAA,ChIJh1WzMQAjDTkRFfqULTTwjp0
K.S Play & Learn,toy_store,toy_store|gift_shop|store|point_of_interest|establishment,093106 80094,,"Shop no. 4, Govardhan market, Outside, Shree Vardhman, Matra socitey, near SHREE VARDHMAN MANTRA, Ramgarh, Sector 67, Gurugram, Haryana 122102, India",5,1,OPERATIONAL,https://maps.google.com/?cid=3519300235286828107&g_mp=Cilnb29nbGUubWFwcy5wbGFjZXMudjEuUGxhY2VzLlNlYXJjaE5lYXJieRACGAQgAA,ChIJc7BcSgAjDTkRS1Q4_uoQ1zA
SASH GEARS,auto_parts_store,auto_parts_store|car_repair|store|service|point_of_interest|establishment,,https://sashgears.com/,"2067, 3rd Floor, Ansal Esencia, Ramgarh, Sector 67, Gurugram, Haryana 122101, India",5,5,OPERATIONAL,https://maps.google.com/?cid=4140276794434330045&g_mp=Cilnb29nbGUubWFwcy5wbGFjZXMudjEuUGxhY2VzLlNlYXJjaE5lYXJieRACGAQgAA,ChIJJV9acr4jDTkRvR0N9M43dTk
Shree Shyam properties,real_estate_agency,real_estate_agency|service|point_of_interest|establishment,,,"Ansal Esencia, E Block Ave, Ramgarh, Sector 67, Gurugram, Haryana 122101, India",,,OPERATIONAL,https://maps.google.com/?cid=5422008708662847871&g_mp=Cilnb29nbGUubWFwcy5wbGFjZXMudjEuUGxhY2VzLlNlYXJjaE5lYXJieRACGAQgAA,ChIJFx3qbwAjDTkRf2nsiDHYPks
Ravi Chaurasia Tea Shop,breakfast_restaurant,breakfast_restaurant|restaurant|food|point_of_interest|establishment,,,"Ansal Esencia, E 2042, E Block Ave, Ramgarh, Sector 67, Gurugram, Haryana 122101, India",1,1,CLOSED_TEMPORARILY,https://maps.google.com/?cid=12110164494674355638&g_mp=Cilnb29nbGUubWFwcy5wbGFjZXMudjEuUGxhY2VzLlNlYXJjaE5lYXJieRACGAQgAA,ChIJcxOtDgAjDTkRtuWcDHLyD6g
Pearl,hair_salon,hair_salon|hair_care|service|point_of_interest|establishment,098736 80504,,"06, Ansal Esencia, SHREE VARDHMAN MANTRA, Ramgarh, Sector 67, Gurugram, Haryana 122101, India",,,OPERATIONAL,https://maps.google.com/?cid=4818443395326116821&g_mp=Cilnb29nbGUubWFwcy5wbGFjZXMudjEuUGxhY2VzLlNlYXJjaE5lYXJieRACGAQgAA,ChIJLUJhMVEiDTkR1YO9JL2M3kI
Bell Pepper Food & Services,service,service|point_of_interest|establishment,092209 46685,,"Ansal Esencia, near SHREE VARDHMAN MANTRA, Ramgarh, Sector 67, Gurugram, Haryana 122101, India",4.1,20,CLOSED_TEMPORARILY,https://maps.google.com/?cid=6999078020133932674&g_mp=Cilnb29nbGUubWFwcy5wbGFjZXMudjEuUGxhY2VzLlNlYXJjaE5lYXJieRACGAQgAA,ChIJ6a6minsjDTkRgs5TaWC4IWE
Sehaj Ghar,apartment_building,apartment_building|service|point_of_interest|establishment,,,"Ansal Esencia, E-2066, E Block Ave, Ramgarh, Sector 67, Gurugram, Haryana 122101, India",5,3,OPERATIONAL,https://maps.google.com/?cid=2949219007053917245&g_mp=Cilnb29nbGUubWFwcy5wbGFjZXMudjEuUGxhY2VzLlNlYXJjaE5lYXJieRACGAQgAA,ChIJ2XUrOAAjDTkRPWxHsA-77Sg
Bhasin,housing_complex,housing_complex|service|point_of_interest|establishment,,,"Ansal Esencia, E 2069, King's Park St, Ramgarh, Sector 67, Gurugram, Haryana 122101, India",5,1,OPERATIONAL,https://maps.google.com/?cid=10194438092924593374&g_mp=Cilnb29nbGUubWFwcy5wbGFjZXMudjEuUGxhY2VzLlNlYXJjaE5lYXJieRACGAQgAA,ChIJm0ooJQAjDTkR3iR73W7reY0
Arunabh Jain,service,service|point_of_interest|establishment,,,"Ansal Esencia, E Block Ave, Ramgarh, Sector 67, Gurugram, Haryana 122101, India",,,OPERATIONAL,https://maps.google.com/?cid=1995915315355990306&g_mp=Cilnb29nbGUubWFwcy5wbGFjZXMudjEuUGxhY2VzLlNlYXJjaE5lYXJieRACGAQgAA,ChIJ37BtBAAjDTkRIjmOjWfqshs
Home nursing care,health,health|service|point_of_interest|establishment,,,"Ramgarh, Sector 67, Gurugram, Haryana 122102, India",,,OPERATIONAL,https://maps.google.com/?cid=7444314409391842936&g_mp=Cilnb29nbGUubWFwcy5wbGFjZXMudjEuUGxhY2VzLlNlYXJjaE5lYXJieRACGAQgAA,ChIJr0hAbA0jDTkReGYfgIOET2c
E-2177,association_or_organization,association_or_organization|point_of_interest|service|establishment,,,"E-2127, Ansal Esencia C Block Rd, C Block, Ramgarh, Sector 67, Gurugram, Haryana 122101, India",,,OPERATIONAL,https://maps.google.com/?cid=8209044601164870751&g_mp=Cilnb29nbGUubWFwcy5wbGFjZXMudjEuUGxhY2VzLlNlYXJjaE5lYXJieRACGAQgAA,ChIJU7p7XRgjDTkRXzTFRZJi7HE
Govind verma home,apartment_building,apartment_building|point_of_interest|service|establishment,,,"56, Ramgarh, Sector 67, Gurugram, Haryana 122101, India",,,OPERATIONAL,https://maps.google.com/?cid=9549644496526514792&g_mp=Cilnb29nbGUubWFwcy5wbGFjZXMudjEuUGxhY2VzLlNlYXJjaE5lYXJieRACGAQgAA,ChIJwYiLPgAjDTkRaBq6yhInh4Q
Home,service,point_of_interest|service|establishment,,,"82, Ramgarh, Sector 67, Gurugram, Haryana 122101, India",,,OPERATIONAL,https://maps.google.com/?cid=397289462824301092&g_mp=Cilnb29nbGUubWFwcy5wbGFjZXMudjEuUGxhY2VzLlNlYXJjaE5lYXJieRACGAQgAA,ChIJ3RqoKAAjDTkRJPKlWKl0gwU
Home Payal Pankaj,apartment_building,apartment_building|point_of_interest|service|establishment,,,"E Block, E-2176, Ansal Esencia C Block Rd, Ramgarh, Sector 67, Gurugram, Haryana 122101, India",,,OPERATIONAL,https://maps.google.com/?cid=16121875715969753766&g_mp=Cilnb29nbGUubWFwcy5wbGFjZXMudjEuUGxhY2VzLlNlYXJjaE5lYXJieRACGAQgAA,ChIJtw4nVQAjDTkRpqJf24tovN8
Ghanghal Kirana store,store,store|point_of_interest|establishment,085290 90937,,"S Ramgarh Rd, Ramgarh, Sector 67, Gurugram, Haryana 122101, India",,,CLOSED_TEMPORARILY,https://maps.google.com/?cid=15285499721662942612&g_mp=Cilnb29nbGUubWFwcy5wbGFjZXMudjEuUGxhY2VzLlNlYXJjaE5lYXJieRACGAQgAA,ChIJn7QIozgjDTkRlE0NxAIBIdQ
OM NARAYANA PROPERTY,service,point_of_interest|service|establishment,,,"Block E, Ramgarh, Sector 67, Gurugram, Haryana 122101, India",5,2,OPERATIONAL,https://maps.google.com/?cid=1484553980779081268&g_mp=Cilnb29nbGUubWFwcy5wbGFjZXMudjEuUGxhY2VzLlNlYXJjaE5lYXJieRACGAQgAA,ChIJn93yOSYjDTkRNK464voxmhQ
Koko Gurjar house,apartment_building,apartment_building|point_of_interest|service|establishment,,,"313455, Ramgarh, Sector 67, Gurugram, Haryana 122101, India",5,1,OPERATIONAL,https://maps.google.com/?cid=16683068388747101733&g_mp=Cilnb29nbGUubWFwcy5wbGFjZXMudjEuUGxhY2VzLlNlYXJjaE5lYXJieRACGAQgAA,ChIJTeoJEwAjDTkRJcbREk8qhuc
E 2197 Ansal esencia sector 67 Gurugram,apartment_complex,apartment_complex|point_of_interest|service|establishment,,,"E-2192, E Block Ave, Ramgarh, Sector 67, Gurugram, Haryana 122101, India",,,CLOSED_TEMPORARILY,https://maps.google.com/?cid=7418107366673300093&g_mp=Cilnb29nbGUubWFwcy5wbGFjZXMudjEuUGxhY2VzLlNlYXJjaE5lYXJieRACGAQgAA,ChIJvdeyXAAjDTkRfTpF4Fhp8mY
Koko Gurjar house,condominium_complex,condominium_complex|point_of_interest|service|establishment,,,"313455, S Ramgarh Rd, Ramgarh, Sector 67, Gurugram, Haryana 122101, India",,,OPERATIONAL,https://maps.google.com/?cid=8138087692480521462&g_mp=Cilnb29nbGUubWFwcy5wbGFjZXMudjEuUGxhY2VzLlNlYXJjaE5lYXJieRACGAQgAA,ChIJjfQVVgAjDTkR9qRHjaNL8HA
Miraj Roy,apartment_building,apartment_building|point_of_interest|service|establishment,,,"93P8+W96, 5672, S Ramgarh Rd, Ramgarh, Sector 67, Gurugram, Haryana 122101, India",,,OPERATIONAL,https://maps.google.com/?cid=15631505778532633365&g_mp=Cilnb29nbGUubWFwcy5wbGFjZXMudjEuUGxhY2VzLlNlYXJjaE5lYXJieRACGAQgAA,ChIJQ4HZ0xIjDTkRFUvnsa9D7tg
Vinay tanwar home,store,store|point_of_interest|establishment,,,"41345, Ramgarh, Sector 67, Gurugram, Haryana 122101, India",,,CLOSED_TEMPORARILY,https://maps.google.com/?cid=6086357118239803612&g_mp=Cilnb29nbGUubWFwcy5wbGFjZXMudjEuUGxhY2VzLlNlYXJjaE5lYXJieRACGAQgAA,ChIJv8JjHwAjDTkR3IjaWI0Vd1Q
ROHTASH GURJAR HOUSE,apartment_complex,apartment_complex|point_of_interest|service|establishment,,,"93P8+Q5W, Ramgarh, Sector 67, Gurugram, Haryana 122101, India",5,1,OPERATIONAL,https://maps.google.com/?cid=11220969939290639778&g_mp=Cilnb29nbGUubWFwcy5wbGFjZXMudjEuUGxhY2VzLlNlYXJjaE5lYXJieRACGAQgAA,ChIJy7AuFAAjDTkRok3BYrXkuJs
E-2196,apartment_building,apartment_building|point_of_interest|service|establishment,,,"Ansal API Esencia, E2196, Ramgarh, Sector 67, Gurugram, Haryana 122101, India",,,OPERATIONAL,https://maps.google.com/?cid=6236620604272140066&g_mp=Cilnb29nbGUubWFwcy5wbGFjZXMudjEuUGxhY2VzLlNlYXJjaE5lYXJieRACGAQgAA,ChIJIY0oA_sjDTkRIt-FhGXtjFY
Ansal 2190,apartment_building,apartment_building|point_of_interest|service|establishment,,,"Ground Floor, E-Block, 2190, Ansal Esencia C Block Rd, Ramgarh, Sector 67, Gurugram, Haryana 122101, India",,,OPERATIONAL,https://maps.google.com/?cid=1721270235219651539&g_mp=Cilnb29nbGUubWFwcy5wbGFjZXMudjEuUGxhY2VzLlNlYXJjaE5lYXJieRACGAQgAA,ChIJY2x2cwAjDTkR02u4xCgu4xc
Boomerang stays bnb,lodging,lodging|point_of_interest|service|establishment,083930 65642,,"Ramgarh, Sector 67, Gurugram, Haryana 121001, India",5,8,OPERATIONAL,https://maps.google.com/?cid=17349341546796557959&g_mp=Cilnb29nbGUubWFwcy5wbGFjZXMudjEuUGxhY2VzLlNlYXJjaE5lYXJieRACGAQgAA,ChIJbQFBrp0jDTkRhya8Tzc-xfA
Deepak Gurjar,secondary_school,secondary_school|school|educational_institution|point_of_interest|establishment,096438 45007,,"689, S Ramgarh Rd, Ramgarh, Sector 67, Gurugram, Haryana 122101, India",,,OPERATIONAL,https://maps.google.com/?cid=10773176932476383482&g_mp=Cilnb29nbGUubWFwcy5wbGFjZXMudjEuUGxhY2VzLlNlYXJjaE5lYXJieRACGAQgAA,ChIJC14L_U4jDTkR-vCvYlcDgpU
Chanchal Kaushik 2197 GF,apartment_building,apartment_building|point_of_interest|service|establishment,,,"Ansal Esencia, E-2197 GF, E Block Ave, Ramgarh, Sector 67, Gurugram, Haryana 122101, India",,,OPERATIONAL,https://maps.google.com/?cid=6799854647921000104&g_mp=Cilnb29nbGUubWFwcy5wbGFjZXMudjEuUGxhY2VzLlNlYXJjaE5lYXJieRACGAQgAA,ChIJqcpgNAAjDTkRqL6ebcbvXV4
Chauhan physio and neuro rehabilitation clinic,physiotherapist,physiotherapist|health|point_of_interest|establishment,085349 08415,https://chauhanphysio.com/,"House number 2183, Ansal Esencia, E Block Ave, Ramgarh, Sector 67, Gurugram, Haryana 122101, India",5,164,OPERATIONAL,https://maps.google.com/?cid=143999915105862326&g_mp=Cilnb29nbGUubWFwcy5wbGFjZXMudjEuUGxhY2VzLlNlYXJjaE5lYXJieRACGAQgAA,ChIJz-iMuuQXDTkRtkKS6yiX_wE
Maxury,,point_of_interest|establishment,,http://maxuryglobal.com/,"2199, SF, Block E, Ansal Esencia, Ramgarh, Sector 67, Gurugram, Haryana 122101, India",5,1,CLOSED_TEMPORARILY,https://maps.google.com/?cid=5857250195819332111&g_mp=Cilnb29nbGUubWFwcy5wbGFjZXMudjEuUGxhY2VzLlNlYXJjaE5lYXJieRACGAQgAA,ChIJzRv_xEcjDTkRDwJmIgUiSVE
Medicore Diagnostic and Healthcare Center,medical_clinic,medical_clinic|health|point_of_interest|establishment,,,"Basement E 2197, Ansal Esencia, E Block Ave, Ramgarh, Sector 67, Gurugram, Haryana 122101, India",5,6,OPERATIONAL,https://maps.google.com/?cid=8603777351431247224&g_mp=Cilnb29nbGUubWFwcy5wbGFjZXMudjEuUGxhY2VzLlNlYXJjaE5lYXJieRACGAQgAA,ChIJeS77xCYjDTkReFWclurBZnc
Vaishno Grocery,food_delivery,food_delivery|food|point_of_interest|establishment,,,"Shop no.1, Ireo Corridor Market, Ramgarh, Sector 67, Gurugram, Haryana 122101, India",3.7,3,OPERATIONAL,https://maps.google.com/?cid=16817919279702326377&g_mp=Cilnb29nbGUubWFwcy5wbGFjZXMudjEuUGxhY2VzLlNlYXJjaE5lYXJieRACGAQgAA,ChIJEZ8-DwAjDTkRabzZz3pAZek
Nafees,corporate_office,corporate_office|point_of_interest|establishment,,,"93P9+GWP, Samrat Mihir Bhoj Rd, Ramgarh, Sector 67, Gurugram, Haryana 122101, India",5,1,OPERATIONAL,https://maps.google.com/?cid=10937858598402302169&g_mp=Cilnb29nbGUubWFwcy5wbGFjZXMudjEuUGxhY2VzLlNlYXJjaE5lYXJieRACGAQgAA,ChIJw_9_TDAjDTkR2aA4qXEUy5c
Arv Security Solutions,service,service|point_of_interest|establishment,081024 92838,,"near Ireo Corridors, Ramgarh, Sector 67A, Gurugram, Haryana 122101, India",4.9,65,OPERATIONAL,https://maps.google.com/?cid=15637285084839695162&g_mp=Cilnb29nbGUubWFwcy5wbGFjZXMudjEuUGxhY2VzLlNlYXJjaE5lYXJieRACGAQgAA,ChIJ-UvXF48ZDTkROlNiTe_LAtk
Mk Tailors,clothing_store,clothing_store|store|point_of_interest|establishment,,,"Shop No 07, Ireo Corridor, Ramgarh, Sector 67, Gurugram, Haryana 122101, India",,,CLOSED_TEMPORARILY,https://maps.google.com/?cid=8042101618506025838&g_mp=Cilnb29nbGUubWFwcy5wbGFjZXMudjEuUGxhY2VzLlNlYXJjaE5lYXJieRACGAQgAA,ChIJPX-1cU4iDTkRbkulKtBIm28
Sanchi Vaid Official,manufacturer,wholesaler|manufacturer|point_of_interest|establishment,,,"IREO THE CORRIDORS, A6 904, Ramgarh, Sector 67, Gurugram, Haryana 122102, India",,,OPERATIONAL,https://maps.google.com/?cid=16146707055869163037&g_mp=Cilnb29nbGUubWFwcy5wbGFjZXMudjEuUGxhY2VzLlNlYXJjaE5lYXJieRACGAQgAA,ChIJV2TeVW4jDTkRHfZftYSgFOA
Fabsnatch,clothing_store,clothing_store|store|point_of_interest|establishment,092207 14025,,"near Ireo Corridor, Ramgarh, Sector 67, Gurugram, Haryana 122001, Ramgarh, Sector 67, Gurugram, Haryana 122101, India",5,2,OPERATIONAL,https://maps.google.com/?cid=10787935879023477532&g_mp=Cilnb29nbGUubWFwcy5wbGFjZXMudjEuUGxhY2VzLlNlYXJjaE5lYXJieRACGAQgAA,ChIJ1QeBEscjDTkRHMPiaIZytpU
JAY AMBEY GENERAL STORE,general_store,general_store|food_store|store|food|point_of_interest|establishment,096607 59413,,"Near, Ireo corridor, near M3M Urbana Premium, Ramgarh, Sector 67, Premium, Gurugram, Haryana 122101, India",4,4,OPERATIONAL,https://maps.google.com/?cid=17659013431944521653&g_mp=Cilnb29nbGUubWFwcy5wbGFjZXMudjEuUGxhY2VzLlNlYXJjaE5lYXJieRACGAQgAA,ChIJrYHM-ywjDTkRtafnpidrEfU
The Startup Gig | Corporate law firms in Delhi,consultant,consultant|service|point_of_interest|establishment,091528 70314,https://thestartupgig.com/,"Ireo Corridors, C7-803, Golf Course Extension, Ramgarh, Sector 67, Gurugram, Haryana 122101, India",5,4,OPERATIONAL,https://maps.google.com/?cid=17549052232097763783&g_mp=Cilnb29nbGUubWFwcy5wbGFjZXMudjEuUGxhY2VzLlNlYXJjaE5lYXJieRACGAQgAA,ChIJWRhFjQcjDTkRx5H2tgbCivM
HerSafar - Travandyz (Opc) Pvt Ltd,travel_agency,travel_agency|service|point_of_interest|establishment,,http://www.facebook.com/travandyz,"Ramgarh, Sector 67A, Gurugram, Haryana 122101, India",4.9,38,OPERATIONAL,https://maps.google.com/?cid=5052198355938483816&g_mp=Cilnb29nbGUubWFwcy5wbGFjZXMudjEuUGxhY2VzLlNlYXJjaE5lYXJieRACGAQgAA,ChIJHwMoO3ojDTkRaJ6GFKMDHUY
Singh Enterprises,hardware_store,hardware_store|building_materials_store|store|point_of_interest|establishment,098913 28249,,"near Ireo Corridor, Ramgarh, Sector 67, Gurugram, Haryana 122101, India",5,1,OPERATIONAL,https://maps.google.com/?cid=15338322341796172092&g_mp=Cilnb29nbGUubWFwcy5wbGFjZXMudjEuUGxhY2VzLlNlYXJjaE5lYXJieRACGAQgAA,ChIJbcGdb8YjDTkRPNEyaeeq3NQ
Sofiya Boutique,service,service|point_of_interest|establishment,074829 86774,,"Ramgarh, Sector 67, Gurugram, Haryana 122101, India",5,1,OPERATIONAL,https://maps.google.com/?cid=544419477563323836&g_mp=Cilnb29nbGUubWFwcy5wbGFjZXMudjEuUGxhY2VzLlNlYXJjaE5lYXJieRACGAQgAA,ChIJbaUvOVEjDTkRvDX3YKEqjgc
Captain Colony,association_or_organization,service|association_or_organization|point_of_interest|establishment,,,"C-5, Captain Amir Chand Marg, behind IREO CORRIDORS TOWER - B1, Ramgarh, Sector 67, Gurugram, Haryana 122101, India",5,4,OPERATIONAL,https://maps.google.com/?cid=9459669564518226322&g_mp=Cilnb29nbGUubWFwcy5wbGFjZXMudjEuUGxhY2VzLlNlYXJjaE5lYXJieRACGAQgAA,ChIJ3ZgILAAjDTkRktmudVl_R4M
Fresh Morning,wholesaler,juice_shop|wholesaler|food|point_of_interest|establishment,088517 43498,,"near Ireo The Corridors, Gate, Sector 67A, Gurugram, Haryana 122102, India",,,OPERATIONAL,https://maps.google.com/?cid=14047908171844089396&g_mp=Cilnb29nbGUubWFwcy5wbGFjZXMudjEuUGxhY2VzLlNlYXJjaE5lYXJieRACGAQgAA,ChIJiaYHLeojDTkRNPYSpA0y9MI
Durga General Store,general_store,general_store|food_store|store|food|point_of_interest|establishment,063775 96883,,"Shop 4 Ramgarh, near Ireo Corridor, near Dc Dream Cafe, Ramgarh, Sector 67, Gurugram, Haryana 122101, India",5,4,OPERATIONAL,https://maps.google.com/?cid=7707307106463976674&g_mp=Cilnb29nbGUubWFwcy5wbGFjZXMudjEuUGxhY2VzLlNlYXJjaE5lYXJieRACGAQgAA,ChIJGf0NUb8jDTkR4gyhb_ra9Wo
Medical Store,pharmacy,pharmacy|store|health|point_of_interest|establishment,,,"Shop 1, Dc Dream Cafe, near Ireo Corridor, Ramgarh, Sector 67, Gurugram, Haryana 122101, India",5,2,OPERATIONAL,https://maps.google.com/?cid=13730788190621685708&g_mp=Cilnb29nbGUubWFwcy5wbGFjZXMudjEuUGxhY2VzLlNlYXJjaE5lYXJieRACGAQgAA,ChIJ7cof5h8jDTkRzFciTByPjb4
Sharma pharmacy and cosmetics,pharmacy,pharmacy|store|health|point_of_interest|establishment,084494 79877,,"Ireo corridor Road, near Prachin Shri Ram Mandir, Badshahpur, Sector 67, RAMGARH, Gurugram, Haryana 122101, India",5,10,OPERATIONAL,https://maps.google.com/?cid=3775948613508260836&g_mp=Cilnb29nbGUubWFwcy5wbGFjZXMudjEuUGxhY2VzLlNlYXJjaE5lYXJieRACGAQgAA,ChIJ99EOsGkjDTkR5ONJFkLdZjQ
Prachin Shri Ram Mandir Ramgarh,hindu_temple,hindu_temple|place_of_worship|association_or_organization|point_of_interest|establishment,,https://sites.google.com/view/parvgurjar,"Kadarpur Road, Off, Golf Course Ext Rd, Ramgarh, Sector 67, Gurugram, Haryana 122101, India",4.7,14,OPERATIONAL,https://maps.google.com/?cid=14724906456365815180&g_mp=Cilnb29nbGUubWFwcy5wbGFjZXMudjEuUGxhY2VzLlNlYXJjaE5lYXJieRACGAQgAA,ChIJw0v_aU4iDTkRjFWK-mdgWcw
Nitara Medicose,pharmacy,pharmacy|store|health|point_of_interest|establishment,083075 75122,,"Shop 1, near Dc Dream Cafe, near Ireo Corridor, Ramgarh, Sector 67, Gurugram, Haryana 122101, India",5,2,OPERATIONAL,https://maps.google.com/?cid=16640975101840764942&g_mp=Cilnb29nbGUubWFwcy5wbGFjZXMudjEuUGxhY2VzLlNlYXJjaE5lYXJieRACGAQgAA,ChIJ1U_zytQjDTkRDrBW_a-e8OY
Alam Mattress,furniture_store,furniture_store|home_improvement_store|home_goods_store|store|point_of_interest|establishment,,,"Shop No, near Oreo Society, Sector 67, Gurugram, Haryana 122101, India",,,CLOSED_TEMPORARILY,https://maps.google.com/?cid=5753116516397237082&g_mp=Cilnb29nbGUubWFwcy5wbGFjZXMudjEuUGxhY2VzLlNlYXJjaE5lYXJieRACGAQgAA,ChIJj9YucU4iDTkRWkNKh_0s108
Ireo The Corridors,condominium_complex,condominium_complex|service|point_of_interest|establishment,,https://thecorridors.in/,"Ramgarh, Sector 67A, Gurugram, Haryana 122101, India",4.5,180,OPERATIONAL,https://maps.google.com/?cid=4591372045839192827&g_mp=Cilnb29nbGUubWFwcy5wbGFjZXMudjEuUGxhY2VzLlNlYXJjaE5lYXJieRACGAQgAA,ChIJr7NbZQAjDTkR-1Lnr4zUtz8
SR Nursery,wholesaler,wholesaler|point_of_interest|establishment,098119 90030,,"near Power Play Sports Academy, Gurugram, Haryana 122101, India",,,OPERATIONAL,https://maps.google.com/?cid=7611546186837580763&g_mp=Cilnb29nbGUubWFwcy5wbGFjZXMudjEuUGxhY2VzLlNlYXJjaE5lYXJieRACGAQgAA,ChIJATM3cqojDTkR29vu4e2koWk
झडास गांव सेक्टर 32,hindu_temple,hindu_temple|place_of_worship|association_or_organization|point_of_interest|establishment,,,"93PF+P5G, Sector 64, Gurugram, Haryana 122101, India",5,1,OPERATIONAL,https://maps.google.com/?cid=2482604684265192766&g_mp=Cilnb29nbGUubWFwcy5wbGFjZXMudjEuUGxhY2VzLlNlYXJjaE5lYXJieRACGAQgAA,ChIJP9x0NdwjDTkRPv1Yk877cyI
Titu khatana farm house,service,service|point_of_interest|establishment,,,"93PF+822, Dhumaspur Rd, Dhumaspur, Badshahpur, Sector 67, Gurugram, Haryana 122101, India",,,OPERATIONAL,https://maps.google.com/?cid=4039876178824984026&g_mp=Cilnb29nbGUubWFwcy5wbGFjZXMudjEuUGxhY2VzLlNlYXJjaE5lYXJieRACGAQgAA,ChIJ3yLeMQAjDTkR2vVs__qFEDg
WattaFarm,farm,farm|service|point_of_interest|establishment,099713 34181,http://www.wattafarm.in/,"Medawas Village Rd, Medawas, Sector 64, Gurugram, Haryana 122102, India",5,8,OPERATIONAL,https://maps.google.com/?cid=14241388859770885271&g_mp=Cilnb29nbGUubWFwcy5wbGFjZXMudjEuUGxhY2VzLlNlYXJjaE5lYXJieRACGAQgAA,ChIJ4UetNgAjDTkRl1TZvraTo8U
The Pitçh,sports_club,sports_club|association_or_organization|point_of_interest|establishment,098980 01337,http://swingandspin.in/,"Power Play campus, beside Power Play sports academy, near M3M Urbana Premium, Sector 64, Gurugram, Haryana 122101, India",5,286,OPERATIONAL,https://maps.google.com/?cid=3759606093853948231&g_mp=Cilnb29nbGUubWFwcy5wbGFjZXMudjEuUGxhY2VzLlNlYXJjaE5lYXJieRACGAQgAA,ChIJFwwZn4MZDTkRR_mOt9LNLDQ
Drona Sports Village,playground,playground|point_of_interest|establishment,,,"Sector 64, Gurugram, Haryana 122101, India",4.4,318,CLOSED_TEMPORARILY,https://maps.google.com/?cid=6925547323091121221&g_mp=Cilnb29nbGUubWFwcy5wbGFjZXMudjEuUGxhY2VzLlNlYXJjaE5lYXJieRACGAQgAA,ChIJ4UTjyE4iDTkRRfQA5Jh8HGA
SAR SPORTZ Arena,sports_complex,sports_complex|sports_activity_location|point_of_interest|establishment,098714 34350,https://www.sarsportz.com/,"Powerplay Sports Academy, Sector 64, behind Sri Ram Millennium School, Sec - 64, Gurugram, Haryana 122101, India",4.5,10,OPERATIONAL,https://maps.google.com/?cid=1723525679086413238&g_mp=Cilnb29nbGUubWFwcy5wbGFjZXMudjEuUGxhY2VzLlNlYXJjaE5lYXJieRACGAQgAA,ChIJ6wGhjTUjDTkRtqU1N3kx6xc
Power Play Sports Academy,playground,playground|point_of_interest|establishment,098103 01388,,"Sector 64, Gurugram, Haryana 122101, India",4.4,145,OPERATIONAL,https://maps.google.com/?cid=10488415350855677651&g_mp=Cilnb29nbGUubWFwcy5wbGFjZXMudjEuUGxhY2VzLlNlYXJjaE5lYXJieRACGAQgAA,ChIJu6EhkeAjDTkR07aBDDFWjpE
The Soulyard Farmstay - Entire Place,lodging,lodging|point_of_interest|establishment,,https://www.booking.com/hotel/in/the-soulyard-farmstay.en-gb.html?aid=2068758&utm_source=seogooglelocal&utm_medium=description&utm_term=hotel-15170335&utm_campaign=en-gb&label=seogooglelocal-link-imagesaow-hotel-15170335_grp-3_gendate-20260615,"Sector 64, Gurugram, Haryana 122101, India",,,OPERATIONAL,https://maps.google.com/?cid=15846437914784891839&g_mp=Cilnb29nbGUubWFwcy5wbGFjZXMudjEuUGxhY2VzLlNlYXJjaE5lYXJieRACGAQgAA,ChIJ1W41wk4iDTkRvwMJUlPb6ds
Nazim Saifi interior,service,service|point_of_interest|establishment,097604 70915,,"do number, Mandir wali Gali, Badshahpur, Sector 64, Gurugram, Haryana 122101, India",,,OPERATIONAL,https://maps.google.com/?cid=8384362987783003235&g_mp=Cilnb29nbGUubWFwcy5wbGFjZXMudjEuUGxhY2VzLlNlYXJjaE5lYXJieRACGAQgAA,ChIJW9vf0TkjDTkRYxy9Erc9W3Q
H&Y Equestrian Academy,sports_club,sports_club|association_or_organization|point_of_interest|establishment,,,"behind Orana convention centre, Sector 64, Gurugram, Haryana 122101, India",4.8,4,OPERATIONAL,https://maps.google.com/?cid=9202716970032075034&g_mp=Cilnb29nbGUubWFwcy5wbGFjZXMudjEuUGxhY2VzLlNlYXJjaE5lYXJieRACGAQgAA,ChIJRXeMjUUjDTkRGpE4f1Oetn8
Shyam Mud House,private_guest_room,private_guest_room|lodging|point_of_interest|establishment,,,"93PG+F6, Sector 64, Gurugram, Haryana 122101, India",4.9,32,OPERATIONAL,https://maps.google.com/?cid=1617035374704568267&g_mp=Cilnb29nbGUubWFwcy5wbGFjZXMudjEuUGxhY2VzLlNlYXJjaE5lYXJieRACGAQgAA,ChIJZwUtIQAjDTkRy6eBGhvdcBY
Basanti Da dhaba,restaurant,restaurant|food|point_of_interest|establishment,,,"Unnamed Road, 93PG+9XJ, Sector 64, Gurugram, Haryana 122101, India",3,4,OPERATIONAL,https://maps.google.com/?cid=6946766865438050864&g_mp=Cilnb29nbGUubWFwcy5wbGFjZXMudjEuUGxhY2VzLlNlYXJjaE5lYXJieRACGAQgAA,ChIJx22HJDIjDTkRMIrjl6jfZ2A
AARamgarh,farm,farm|swimming_pool|sports_activity_location|service|restaurant|food|point_of_interest|establishment,096500 62865,,"Nr M3M Urbana, Unnamed Road, Sector 64, Gurugram, Haryana 122101, India",4.4,391,OPERATIONAL,https://maps.google.com/?cid=2663409513232984570&g_mp=Cilnb29nbGUubWFwcy5wbGFjZXMudjEuUGxhY2VzLlNlYXJjaE5lYXJieRACGAQgAA,ChIJFTAKhvEjDTkR-umlR9dU9iQ
Trullo Farm House,event_venue,event_venue|point_of_interest|establishment,,,"Killa no.7 and 13, Village Maidawas, near shiv mandir, Sector 64, Gurugram, Haryana 122102, India",,,OPERATIONAL,https://maps.google.com/?cid=4570884418481975519&g_mp=Cilnb29nbGUubWFwcy5wbGFjZXMudjEuUGxhY2VzLlNlYXJjaE5lYXJieRACGAQgAA,ChIJ22cmOSUjDTkR33D8OCkLbz8
Gurvani Farms,farm,farm|service|point_of_interest|establishment,091701 16611,https://gurvaninaturals.com/,"Gurvani naturals Farm, near H&Y Equestrian Academy, Sector 64, Gurugram, Haryana 122101, India",5,144,OPERATIONAL,https://maps.google.com/?cid=5319141481298583392&g_mp=Cilnb29nbGUubWFwcy5wbGFjZXMudjEuUGxhY2VzLlNlYXJjaE5lYXJieRACGAQgAA,ChIJ69Zk4IIhDTkRYN_Yxv5i0Uk
Talent Research Cricket Centre ( Academy + Ground),athletic_field,athletic_field|sports_activity_location|point_of_interest|establishment,,,"93PH+CQ3, Sector 64, Gurugram, Haryana 122101, India",5,4,OPERATIONAL,https://maps.google.com/?cid=3657900957394345869&g_mp=Cilnb29nbGUubWFwcy5wbGFjZXMudjEuUGxhY2VzLlNlYXJjaE5lYXJieRACGAQgAA,ChIJA1x6ZlUjDTkRjR8NVYp5wzI
Prabhudayal Academy and Cricket Ground,athletic_field,athletic_field|sports_activity_location|point_of_interest|establishment,,,"93PH+9QV, Unnamed Road, Sector 64, Gurugram, Haryana 122101, India",4.8,11,OPERATIONAL,https://maps.google.com/?cid=2953887228562823722&g_mp=Cilnb29nbGUubWFwcy5wbGFjZXMudjEuUGxhY2VzLlNlYXJjaE5lYXJieRACGAQgAA,ChIJlfD8KxojDTkRKtoMtchQ_ig
Nirvana cricket club,sports_club,sports_club|association_or_organization|point_of_interest|establishment,,,"sports club, Nirvana Country, Sector 64, Gurugram, Haryana 122101, India",5,22,OPERATIONAL,https://maps.google.com/?cid=13771052780615046407&g_mp=Cilnb29nbGUubWFwcy5wbGFjZXMudjEuUGxhY2VzLlNlYXJjaE5lYXJieRACGAQgAA,ChIJEWPSoVcjDTkRBxW3s4qbHL8
Nischay Cricket Academy,athletic_field,athletic_field|sports_activity_location|point_of_interest|establishment,099535 05325,,"Nischay cricket academy, Sector 64, Gurugram, Haryana 122101, India",4.3,264,OPERATIONAL,https://maps.google.com/?cid=1721975530138891419&g_mp=Cilnb29nbGUubWFwcy5wbGFjZXMudjEuUGxhY2VzLlNlYXJjaE5lYXJieRACGAQgAA,ChIJ8y_K6DEiDTkRm_TXCZ-v5Rc
GREENLAND CRICKET GROUND,athletic_field,athletic_field|sports_activity_location|point_of_interest|establishment,,,"Kadarpur Rd, Gurugram, Haryana 122101, India",4.2,67,OPERATIONAL,https://maps.google.com/?cid=14744369264059624401&g_mp=Cilnb29nbGUubWFwcy5wbGFjZXMudjEuUGxhY2VzLlNlYXJjaE5lYXJieRACGAQgAA,ChIJZfH05HsjDTkR0St2BbqFnsw
Shivam Dairy,ranch,ranch|farm|point_of_interest|service|establishment,,,"93PJ+WJ9, Sector 64, Gurugram, Haryana 122101, India",4.5,2,OPERATIONAL,https://maps.google.com/?cid=777482183874947338&g_mp=Cilnb29nbGUubWFwcy5wbGFjZXMudjEuUGxhY2VzLlNlYXJjaE5lYXJieRACGAQgAA,ChIJqZdIV9ojDTkRCqkPTe0rygo
Mayank Flex Printing,service,service|point_of_interest|establishment,,https://www.mayankpainter.com/,"Piller No. 91-92, Main, Badshahpur Sohna Rd, near Bank of Baroda, Sector 68, Gurugram, Haryana 122101, India",5,5,OPERATIONAL,https://maps.google.com/?cid=15099404944884046560&g_mp=Cilnb29nbGUubWFwcy5wbGFjZXMudjEuUGxhY2VzLlNlYXJjaE5lYXJieRACGAQgAA,ChIJufH8EJojDTkR4BqXG8zci9E
PRAGYA ELECTRONIC AND FURNITURE,electronics_store,electronics_store|store|point_of_interest|establishment,,,"Shop No 23-24, Amar Plaza, Main Road, near Bank Of Baroda, Badshahpur, Sector 68, Gurugram, Haryana 122101, India",5,6,OPERATIONAL,https://maps.google.com/?cid=2143884559203620336&g_mp=Cilnb29nbGUubWFwcy5wbGFjZXMudjEuUGxhY2VzLlNlYXJjaE5lYXJieRACGAQgAA,ChIJL7b5174jDTkR8NXG1qWbwB0
Dr. Shilpa Jamwal,doctor,doctor|health|point_of_interest|establishment,083687 63662,https://herhealthcaregynae.com/,"First Floor, Centre for Digestive Care, RSC Tower, Badshahpur Sohna Rd, Badshahpur, Sector 66, Gurugram, Haryana 122101, India",4.9,40,OPERATIONAL,https://maps.google.com/?cid=1353591023702794418&g_mp=Cilnb29nbGUubWFwcy5wbGFjZXMudjEuUGxhY2VzLlNlYXJjaE5lYXJieRACGAQgAA,ChIJL6SFPSMjDTkRsmD2St3ryBI
CHAND PLAZA Complex,corporate_office,corporate_office|point_of_interest|establishment,,,"Kadarpur, roadsector 66, Darbaripur Rd, near Badshapur, BadshahpurGurugram, Gurugram, Haryana 122101, India",,,OPERATIONAL,https://maps.google.com/?cid=13949343152228946512&g_mp=Cilnb29nbGUubWFwcy5wbGFjZXMudjEuUGxhY2VzLlNlYXJjaE5lYXJieRACGAQgAA,ChIJn-2MDQAjDTkRUFKirrAFlsE
Centre for Digestive Care Gastroenterologist in Gurgaon | Endoscopy Centre | Liver Specialist | Best Gastro Doctor,doctor,doctor|health|point_of_interest|establishment,088518 43906,https://www.centrefordigestivecare.com/,"First Floor, RSC Tower, Badshahpur Sohna Rd, Badshahpur, Sector 66, Gurugram, Haryana 122018, India",4.8,163,OPERATIONAL,https://maps.google.com/?cid=4713846509000332667&g_mp=Cilnb29nbGUubWFwcy5wbGFjZXMudjEuUGxhY2VzLlNlYXJjaE5lYXJieRACGAQgAA,ChIJ87LKwQIjDTkRexWuxmzyakE
Cholamandalam Investment and Finance Company Limited,finance,consultant|finance|service|point_of_interest|establishment,080 4869 5592,https://www.cholamandalam.com/branch/sector-68,"2nd Floor, RSC Tower, Badshahpur Sohna Rd, near Samrat Bakery, Badshahpur, Sector 68, Gurugram, Haryana 122101, India",4.3,6,OPERATIONAL,https://maps.google.com/?cid=12922639065413641215&g_mp=Cilnb29nbGUubWFwcy5wbGFjZXMudjEuUGxhY2VzLlNlYXJjaE5lYXJieRACGAQgAA,ChIJl8_hcsAjDTkR_-OQTsNvVrM
Hello Bharat Water Ionizers,,point_of_interest|establishment,099911 53600,https://www.hellobharat.co.in/,"RSC Tower, Badshahpur Sohna Rd, Badshahpur, Sector 68, Gurugram, Haryana 122101, India",5,6,OPERATIONAL,https://maps.google.com/?cid=18103910376411206322&g_mp=Cilnb29nbGUubWFwcy5wbGFjZXMudjEuUGxhY2VzLlNlYXJjaE5lYXJieRACGAQgAA,ChIJtdtDtXAjDTkRspJ_l5ECPvs
Medwin Healthcare Centre,hospital,hospital|health|service|point_of_interest|establishment,098996 94492,,"Sector 68, Gurugram, Haryana 122101, India",4.8,5,OPERATIONAL,https://maps.google.com/?cid=16720771473025643579&g_mp=Cilnb29nbGUubWFwcy5wbGFjZXMudjEuUGxhY2VzLlNlYXJjaE5lYXJieRACGAQgAA,ChIJeZg8FPwjDTkRO7QtdBAdDOg
Ramkumar Pharmacy,pharmacy,pharmacy|store|health|point_of_interest|establishment,098702 08092,http://www.ytmonline.in/,"Shop no 2, dk building, pillar no 91, Badshahpur Sohna Rd, Badshahpur, Sector 38, Gurugram, Haryana 122101, India",4.6,7,OPERATIONAL,https://maps.google.com/?cid=4701214200007762312&g_mp=Cilnb29nbGUubWFwcy5wbGFjZXMudjEuUGxhY2VzLlNlYXJjaE5lYXJieRACGAQgAA,ChIJz3rfersjDTkRiCF8JGgRPkE
RSC Tower,corporate_office,corporate_office|point_of_interest|establishment,0124 236 1939,http://rscrealtors.com/,"Badshahpur Sohna Rd, Badshahpur, Sector 66, Gurugram, Haryana 122101, India",4,7,OPERATIONAL,https://maps.google.com/?cid=798518065412876684&g_mp=Cilnb29nbGUubWFwcy5wbGFjZXMudjEuUGxhY2VzLlNlYXJjaE5lYXJieRACGAQgAA,ChIJ83KBIfIiDTkRjKmqI_PnFAs
Salman crane service,service,service|point_of_interest|establishment,,,"Shop no 27 khasra no 3278, Badshahpur Main Rd, Badshahpur, Sector 67, Gurugram, Haryana 122101, India",3,2,OPERATIONAL,https://maps.google.com/?cid=16688646599883416894&g_mp=Cilnb29nbGUubWFwcy5wbGFjZXMudjEuUGxhY2VzLlNlYXJjaE5lYXJieRACGAQgAA,ChIJPQi0yugjDTkRPuUUkKn7mec
Jibondas,service,service|point_of_interest|establishment,,,"2, Badshahpur, Sector 66, Gurugram, Haryana 122101, India",,,OPERATIONAL,https://maps.google.com/?cid=3765765377972730523&g_mp=Cilnb29nbGUubWFwcy5wbGFjZXMudjEuUGxhY2VzLlNlYXJjaE5lYXJieRACGAQgAA,ChIJWTjJUQAjDTkRm3qHzaivQjQ
MD ADIL,ice_cream_shop,ice_cream_shop|dessert_shop|confectionery|food_store|store|food|point_of_interest|establishment,080977 10953,,"2, Badshahpur, Sector 66, Gurugram, Haryana 122101, India",,,CLOSED_TEMPORARILY,https://maps.google.com/?cid=1547398867163209872&g_mp=Cilnb29nbGUubWFwcy5wbGFjZXMudjEuUGxhY2VzLlNlYXJjaE5lYXJieRACGAQgAA,ChIJv8JhHwojDTkRkOAaOxJ3eRU
Yadav Electronics,electronics_store,electronics_store|store|point_of_interest|establishment,098116 02117,,"Kamal Hospital, 92QX+PWX, Badshahpur Sohna Rd, Badshahpur, Sector 68, Gurugram, Haryana 122001, India",,,CLOSED_TEMPORARILY,https://maps.google.com/?cid=9282166409112800556&g_mp=Cilnb29nbGUubWFwcy5wbGFjZXMudjEuUGxhY2VzLlNlYXJjaE5lYXJieRACGAQgAA,ChIJddaTp_AiDTkRLE07iSvh0IA
Dr R K Baksi,medical_clinic,medical_clinic|health|point_of_interest|establishment,098683 41884,,"Shop No 32, Main Sohna Road, Near Shiv Mandir, Gurugram, NCR, Sector 68, Region, Gurugram, Haryana 122101, India",3,3,OPERATIONAL,https://maps.google.com/?cid=1782124182529358141&g_mp=Cilnb29nbGUubWFwcy5wbGFjZXMudjEuUGxhY2VzLlNlYXJjaE5lYXJieRACGAQgAA,ChIJ6eaJBvoiDTkRPblLfYBguxg
New Sainy Hotel & Restaurant,restaurant,restaurant|food|point_of_interest|establishment,085270 00855,,"93Q2+H4J, Badshahpur Sohna Rd, Sector 68, Gurugram, Haryana 122103, India",,,CLOSED_TEMPORARILY,https://maps.google.com/?cid=10946880540365286090&g_mp=Cilnb29nbGUubWFwcy5wbGFjZXMudjEuUGxhY2VzLlNlYXJjaE5lYXJieRACGAQgAA,ChIJfXUlBPoiDTkRyuobN9oh65c
Axis Bank Branch,bank,bank|finance|point_of_interest|establishment,1860 500 5555,https://branch.axisbank.com/axis-bank-badshahpur-banks-badshahpur-gurugram-40275/Home?utm_source=locator&utm_medium=googleplaces,"GF & Basement Khewat No -423, Khatouni No 468, MD Tower, Main, Badshahpur Sohna Rd, Badshahpur, Sector 38, Gurugram, Haryana 122101, India",3,12,OPERATIONAL,https://maps.google.com/?cid=6121539163099273800&g_mp=Cilnb29nbGUubWFwcy5wbGFjZXMudjEuUGxhY2VzLlNlYXJjaE5lYXJieRACGAQgAA,ChIJ5Y45_fQiDTkRSJosf28T9FQ
Shastri Dental Clinic,point_of_interest,point_of_interest|establishment,,,"Badshahpur Sohna Rd, opp. Pillar no.91, Badshahpur, Sector 68, Gurugram, Haryana 122101, India",5,1,OPERATIONAL,https://maps.google.com/?cid=17240897716668713344&g_mp=Cilnb29nbGUubWFwcy5wbGFjZXMudjEuUGxhY2VzLlNlYXJjaE5lYXJieRACGAQgAA,ChIJayAtfgAjDTkRgMnhiiD5Q-8
Shastri Dental Clinic (Dr Garima Yadav),dentist,dentist|health|point_of_interest|establishment,098108 81554,https://shastridentalclinic.vercel.app/,"Badshahpur Sohna Rd, opp. Pillar no.91, Badshahpur, Sector 68, Gurugram, Haryana 122101, India",4.8,175,OPERATIONAL,https://maps.google.com/?cid=3900885590878651851&g_mp=Cilnb29nbGUubWFwcy5wbGFjZXMudjEuUGxhY2VzLlNlYXJjaE5lYXJieRACGAQgAA,ChIJAzuAkI8jDTkRywXD8ca6IjY
Shree Bikaner Wala,confectionery,fast_food_restaurant|family_restaurant|breakfast_restaurant|confectionery|food_store|store|restaurant|food|point_of_interest|establishment,082901 53338,,"80 Meter Rd, Badshahpur, Sector 66, Gurugram, Haryana 122101, India",3.9,161,OPERATIONAL,https://maps.google.com/?cid=13819681594464312858&g_mp=Cilnb29nbGUubWFwcy5wbGFjZXMudjEuUGxhY2VzLlNlYXJjaE5lYXJieRACGAQgAA,ChIJbYlEwPAiDTkRGp4MuzBfyb8
Haider,clothing_store,clothing_store|store|point_of_interest|establishment,,,"Sector 67, Gurugram, Haryana 122101, India",,,CLOSED_TEMPORARILY,https://maps.google.com/?cid=16155883508879204041&g_mp=Cilnb29nbGUubWFwcy5wbGFjZXMudjEuUGxhY2VzLlNlYXJjaE5lYXJieRACGAQgAA,ChIJjyrZQY0jDTkRyR5WK3Q6NeA
BEGRAJ YADAV FARMHOUSE,housing_complex,housing_complex|point_of_interest|service|establishment,,,"93Q3+H9H, Sector 67, Gurugram, Haryana 122101, India",5,1,OPERATIONAL,https://maps.google.com/?cid=16190977861073588451&g_mp=Cilnb29nbGUubWFwcy5wbGFjZXMudjEuUGxhY2VzLlNlYXJjaE5lYXJieRACGAQgAA,ChIJzQaR4lYjDTkR41CBx5ToseA
Darshan Kumar,fast_food_restaurant,fast_food_restaurant|restaurant|food|point_of_interest|establishment,072407 55070,,"Shop No 87, Sector 67, Gurugram, Haryana 122101, India",,,OPERATIONAL,https://maps.google.com/?cid=5530790141206873686&g_mp=Cilnb29nbGUubWFwcy5wbGFjZXMudjEuUGxhY2VzLlNlYXJjaE5lYXJieRACGAQgAA,ChIJ95FtKoEjDTkRVkbefVRQwUw
Ayan Automobiles,car_repair,car_repair|point_of_interest|service|establishment,096430 77193,,"Shop No.-1, near BESTECH PARK VIEW SPA NEXT, Sector 67, Gurugram, Haryana 122101, India",4.7,15,OPERATIONAL,https://maps.google.com/?cid=15257315292855961837&g_mp=Cilnb29nbGUubWFwcy5wbGFjZXMudjEuUGxhY2VzLlNlYXJjaE5lYXJieRACGAQgAA,ChIJvbXWRdQjDTkR7YjQEGzfvNM
Carcaine customs,car_repair,car_repair|point_of_interest|service|establishment,,,"93Q3+Q4C, Sector 67, Gurugram, Haryana 122101, India",5,4,OPERATIONAL,https://maps.google.com/?cid=16818052334851830102&g_mp=Cilnb29nbGUubWFwcy5wbGFjZXMudjEuUGxhY2VzLlNlYXJjaE5lYXJieRACGAQgAA,ChIJhyzzXAAjDTkRVrHFIH65Zek
Daksh Bhawan,housing_complex,housing_complex|point_of_interest|service|establishment,,,"Bestech Park View Spa Next Ews-2, BESTECH PARK VIEW SPA NEXT, Sector 67, Gurugram, Haryana 122101, India",,,OPERATIONAL,https://maps.google.com/?cid=6180198797749544530&g_mp=Cilnb29nbGUubWFwcy5wbGFjZXMudjEuUGxhY2VzLlNlYXJjaE5lYXJieRACGAQgAA,ChIJz9o8mbQjDTkRUmYo_Q96xFU
Anuj Auto Care,car_repair,car_repair|point_of_interest|service|establishment,,,"93Q3+Q4C, Sector 67, Gurugram, Haryana 122101, India",5,2,OPERATIONAL,https://maps.google.com/?cid=8988408060852684181&g_mp=Cilnb29nbGUubWFwcy5wbGFjZXMudjEuUGxhY2VzLlNlYXJjaE5lYXJieRACGAQgAA,ChIJK0l3XgAjDTkRlcVhO4I9vXw
R malik interior home solution,manufacturer,point_of_interest|service|manufacturer|establishment,079066 82707,,"Badshahpur, Sector 66, Gurugram, Haryana 122101, India",4.9,8,OPERATIONAL,https://maps.google.com/?cid=8017174367506195151&g_mp=Cilnb29nbGUubWFwcy5wbGFjZXMudjEuUGxhY2VzLlNlYXJjaE5lYXJieRACGAQgAA,ChIJpzmj9FUjDTkRz-KSRZy5Qm8
Mohd Nisar Flat Patkhori,lodging,lodging|point_of_interest|service|establishment,,,"BESTECH PARK VIEW SPA NEXT, Sector 67, Gurugram, Haryana 122101, India",4.7,3,OPERATIONAL,https://maps.google.com/?cid=82362601133450824&g_mp=Cilnb29nbGUubWFwcy5wbGFjZXMudjEuUGxhY2VzLlNlYXJjaE5lYXJieRACGAQgAA,ChIJc2frV2IjDTkRSCZWb1mcJAE
yaaran da dhaba by STY,indian_restaurant,indian_restaurant|restaurant|food|point_of_interest|establishment,,,"Government Girls Senior Secondary School, Prajapati Rd, Badshahpur, Sector 67, Gurugram, Haryana 122101, India",,,OPERATIONAL,https://maps.google.com/?cid=5362378860699559550&g_mp=Cilnb29nbGUubWFwcy5wbGFjZXMudjEuUGxhY2VzLlNlYXJjaE5lYXJieRACGAQgAA,ChIJBx5-TQAjDTkRfqYPpyn_ako
Vr Interiors,general_contractor,general_contractor|point_of_interest|service|establishment,,,"Eros City Square Mall, near Alpine Convent School, Sector 67, Gurugram, Haryana 122101, India",,,CLOSED_TEMPORARILY,https://maps.google.com/?cid=3955087013931626972&g_mp=Cilnb29nbGUubWFwcy5wbGFjZXMudjEuUGxhY2VzLlNlYXJjaE5lYXJieRACGAQgAA,ChIJf6TjKfgiDTkR3LEnKa9K4zY
Chirag Garg Bhawan,apartment_building,apartment_building|point_of_interest|service|establishment,,,"1027, Gali No.1, behind girls govt school, RR colony, Sector 67, Gurugram, Haryana 122101, India",5,1,OPERATIONAL,https://maps.google.com/?cid=6692525070454175594&g_mp=Cilnb29nbGUubWFwcy5wbGFjZXMudjEuUGxhY2VzLlNlYXJjaE5lYXJieRACGAQgAA,ChIJof-JXQAjDTkRajfR0heg4Fw
A TO Z SCRAP 786 KADARPUR ROAD,,point_of_interest|establishment,,,"93Q3+Q4C, Sector 67, Gurugram, Haryana 122101, India",3.5,2,OPERATIONAL,https://maps.google.com/?cid=14410736607728597577&g_mp=Cilnb29nbGUubWFwcy5wbGFjZXMudjEuUGxhY2VzLlNlYXJjaE5lYXJieRACGAQgAA,ChIJnVAkKgAjDTkRSXph55c4_cc
SHRI GANESH TRADERS,general_store,general_store|food_store|store|food|point_of_interest|establishment,098733 02514,,"shop no 02, Sector 66, Gurugram, Haryana 122101, India",5,2,OPERATIONAL,https://maps.google.com/?cid=12815992519839813662&g_mp=Cilnb29nbGUubWFwcy5wbGFjZXMudjEuUGxhY2VzLlNlYXJjaE5lYXJieRACGAQgAA,ChIJqXKczk0jDTkRHpAddUuN27E
Jaat Bhawan,apartment_building,apartment_building|point_of_interest|service|establishment,,,"1023, Esencia Ansal, RR colony, Sector 67, Gurugram, Haryana 122101, India",,,OPERATIONAL,https://maps.google.com/?cid=1018329723078239210&g_mp=Cilnb29nbGUubWFwcy5wbGFjZXMudjEuUGxhY2VzLlNlYXJjaE5lYXJieRACGAQgAA,ChIJRUqCNAAjDTkR6uNM4HzVIQ4
"EWS Apartment, Near Bestech Park View Spa Next",apartment_building,apartment_building|point_of_interest|service|establishment,,,"BESTECH PARK VIEW SPA NEXT, Sector 67, Gurugram, Haryana 122101, India",,,OPERATIONAL,https://maps.google.com/?cid=15686951709006059077&g_mp=Cilnb29nbGUubWFwcy5wbGFjZXMudjEuUGxhY2VzLlNlYXJjaE5lYXJieRACGAQgAA,ChIJfddJdQAjDTkRRVYDYHc_s9k
Alpine Convent School,school,secondary_school|primary_school|preschool|child_care_agency|school|educational_institution|point_of_interest|service|establishment,099997 00157,https://www.alpineconventschool.com/,"Bestech Park View Spa Next,Sector 67, Sector 67, Gurugram, Haryana 122101, India",,,OPERATIONAL,https://maps.google.com/?cid=12054817119706774015&g_mp=Cilnb29nbGUubWFwcy5wbGFjZXMudjEuUGxhY2VzLlNlYXJjaE5lYXJieRACGAQgAA,ChIJRRmqLvgiDTkR_3lrHE1QS6c
Urban Creation Interior,general_contractor,general_contractor|point_of_interest|service|establishment,070114 26241,,"Plot No-1041, Badshahpur, Sector 67, Gurugram, Haryana 122101, India",4.9,9,OPERATIONAL,https://maps.google.com/?cid=8333411736566436377&g_mp=Cilnb29nbGUubWFwcy5wbGFjZXMudjEuUGxhY2VzLlNlYXJjaE5lYXJieRACGAQgAA,ChIJKWHA8vojDTkRGRIdddI5pnM
Care2Cure physiotherapy clinic/Apollo clinic /Dr Guddi kumari -Best Physiotherapist/Physiotherapy at home/Cupping therapy,medical_clinic,physiotherapist|chiropractor|doctor|massage|medical_clinic|health|point_of_interest|service|establishment,,https://www.care2curephysiotherapyclinic.com/,"Bestech Park View Spa Next Tower-D, BESTECH PARK VIEW SPA NEXT, Sector 67, Gurugram, Haryana 122101, India",,,OPERATIONAL,https://maps.google.com/?cid=13313833117097503040&g_mp=Cilnb29nbGUubWFwcy5wbGFjZXMudjEuUGxhY2VzLlNlYXJjaE5lYXJieRACGAQgAA,ChIJvVtGUt0jDTkRQKltJ648xLg
Happy Years Day Care & Activity Centre,child_care_agency,child_care_agency|point_of_interest|service|establishment,,,"93Q3+QP5, Sector 67, Gurugram, Haryana 122101, India",1,1,OPERATIONAL,https://maps.google.com/?cid=660136366657203097&g_mp=Cilnb29nbGUubWFwcy5wbGFjZXMudjEuUGxhY2VzLlNlYXJjaE5lYXJieRACGAQgAA,ChIJl0ZVL_giDTkRmWvrJYdGKQk
V-SHRAM Consultancy Services,corporate_office,corporate_office|point_of_interest|establishment,078384 81366,,"H-1002, BESTECH PARK VIEW SPA NEXT, Sector 67, Gurugram, Haryana 122101, India",5,2,OPERATIONAL,https://maps.google.com/?cid=12827251551667391022&g_mp=Cilnb29nbGUubWFwcy5wbGFjZXMudjEuUGxhY2VzLlNlYXJjaE5lYXJieRACGAQgAA,ChIJ5eQcCfgiDTkRLoq2FVONA7I
Keshav pharmacy Bestech park view spa next sec 67,pharmacy,pharmacy|store|health|point_of_interest|establishment,099532 60171,,"122102, Badshahpur, Sector 66, 67Gurugram, Gurugram, Haryana 122101, India",4.6,66,OPERATIONAL,https://maps.google.com/?cid=14149185104865802282&g_mp=Cilnb29nbGUubWFwcy5wbGFjZXMudjEuUGxhY2VzLlNlYXJjaE5lYXJieRACGAQgAA,ChIJnc-o7_ciDTkRKjjGJOMAXMQ
Kunal Store,asian_grocery_store,food_delivery|market|asian_grocery_store|grocery_store|food_store|store|food|point_of_interest|establishment,,,"Shop No 3, BESTECH PARK VIEW SPA NEXT, Sector 67, Gurugram, Haryana 122101, India",5,1,OPERATIONAL,https://maps.google.com/?cid=11147963917842178401&g_mp=Cilnb29nbGUubWFwcy5wbGFjZXMudjEuUGxhY2VzLlNlYXJjaE5lYXJieRACGAQgAA,ChIJ72A5Z4cjDTkRYeHaax6GtZo
Black and brown brownies,bakery,bakery|food_store|store|food|point_of_interest|establishment,070424 56422,https://whatsapp.com/channel/0029VaJ6lJAAYlUAcNyJBX37,"BESTECH PARK VIEW SPA NEXT, shop, Street No. 2, Sector 67, Gurugram, Haryana 122101, India",,,CLOSED_TEMPORARILY,https://maps.google.com/?cid=7403806993604010411&g_mp=Cilnb29nbGUubWFwcy5wbGFjZXMudjEuUGxhY2VzLlNlYXJjaE5lYXJieRACGAQgAA,ChIJA_iDNX4jDTkRq-FRzzubv2Y
Original Beach Colors,store,store|point_of_interest|establishment,087003 88529,https://originalbeachcolors.com/,"H.No 1, Gali No. 1, and, near Raj Pal Tower, behind BESTECH PARK VIEW SPA NEXT, RR colony, Badshahpur, Apartment, Gurugram, Haryana 122101, India",4,1,OPERATIONAL,https://maps.google.com/?cid=13294902368096034175&g_mp=Cilnb29nbGUubWFwcy5wbGFjZXMudjEuUGxhY2VzLlNlYXJjaE5lYXJieRACGAQgAA,ChIJdxrUifMjDTkRfx3drUP7gLg
Samyak New SCO Plot,corporate_office,corporate_office|point_of_interest|establishment,,,"25, Esencia Ansal, Sector 67, Gurugram, Haryana 122101, India",4.3,4,OPERATIONAL,https://maps.google.com/?cid=7108353397795826247&g_mp=Cilnb29nbGUubWFwcy5wbGFjZXMudjEuUGxhY2VzLlNlYXJjaE5lYXJieRACGAQgAA,ChIJQb1QRgAjDTkRR6qP7cDxpWI
Mukesh,apartment_building,apartment_building|service|point_of_interest|establishment,,,"93Q4+9HG, RR colony, Sector 67, Gurugram, Haryana 122101, India",,,OPERATIONAL,https://maps.google.com/?cid=7001646866140739237&g_mp=Cilnb29nbGUubWFwcy5wbGFjZXMudjEuUGxhY2VzLlNlYXJjaE5lYXJieRACGAQgAA,ChIJzUXyJgAjDTkRpbYLe7rYKmE
R R colony,apartment_building,apartment_building|service|point_of_interest|establishment,,,"House no 1, 93P3+VR7, street no 1, RR colony, Sector 67, Gurugram, Haryana 122101, India",5,1,OPERATIONAL,https://maps.google.com/?cid=16716370008623524462&g_mp=Cilnb29nbGUubWFwcy5wbGFjZXMudjEuUGxhY2VzLlNlYXJjaE5lYXJieRACGAQgAA,ChIJS-jaZgAjDTkRbqr_qfR5_Oc
Navika Security Service Private Limited,service,service|point_of_interest|establishment,,https://www.navikasecurity.com/,"Plot No. 823A, near Govt. Girls School, RR colony, Badshahpur, Sector 67, Gurugram, Haryana 122101, India",4.8,22,OPERATIONAL,https://maps.google.com/?cid=14955748196523541491&g_mp=Cilnb29nbGUubWFwcy5wbGFjZXMudjEuUGxhY2VzLlNlYXJjaE5lYXJieRACGAQgAA,ChIJaaNVQwAjDTkR84P56759jc8
KAILASH GLASS AND ALUMINIUM WORKS,,building_materials_store|supplier|store|manufacturer|point_of_interest|establishment,088514 64775,,"Anasal, Glass shop, Sector 67, Ghamroj, Gurugram, Haryana 122102, India",4.9,57,OPERATIONAL,https://maps.google.com/?cid=9251340648617670371&g_mp=Cilnb29nbGUubWFwcy5wbGFjZXMudjEuUGxhY2VzLlNlYXJjaE5lYXJieRACGAQgAA,ChIJxf5aUgAjDTkR4_b84E1dY4A
Raj Pal Tower,housing_complex,housing_complex|service|point_of_interest|establishment,,,"Badshahpur, Sector 66, Gurugram, Haryana 122101, India",5,2,OPERATIONAL,https://maps.google.com/?cid=1838482332235068966&g_mp=Cilnb29nbGUubWFwcy5wbGFjZXMudjEuUGxhY2VzLlNlYXJjaE5lYXJieRACGAQgAA,ChIJjYuMf1AjDTkRJvazwvCZgxk
Rajput niwas,apartment_building,apartment_building|service|point_of_interest|establishment,,,"93Q4+9CC, Badshahpur Sohna Rd, Sector 67, Gurugram, Haryana 122101, India",,,OPERATIONAL,https://maps.google.com/?cid=2760200970753477917&g_mp=Cilnb29nbGUubWFwcy5wbGFjZXMudjEuUGxhY2VzLlNlYXJjaE5lYXJieRACGAQgAA,ChIJX46vUgAjDTkRHQ1zoig0TiY
Rajender property,real_estate_agency,real_estate_agency|service|point_of_interest|establishment,,,"93R4+4WF, 223, Esencia Ansal, Sector 67, Gurugram, Haryana 122101, India",,,OPERATIONAL,https://maps.google.com/?cid=10253765549416231187&g_mp=Cilnb29nbGUubWFwcy5wbGFjZXMudjEuUGxhY2VzLlNlYXJjaE5lYXJieRACGAQgAA,ChIJ9TlqTgAjDTkRE7EXv3CxTI4
Manoj house,association_or_organization,service|association_or_organization|point_of_interest|establishment,,,"behind Government Girls Senior Secondary School, R. R. Colony, Badshahpur, Sector 67, Gurugram, Haryana 122101, India",5,3,OPERATIONAL,https://maps.google.com/?cid=14971737629968562267&g_mp=Cilnb29nbGUubWFwcy5wbGFjZXMudjEuUGxhY2VzLlNlYXJjaE5lYXJieRACGAQgAA,ChIJV9HUcl0jDTkRW_ifAA1Mxs8
"Aman raza , 1786",association_or_organization,service|association_or_organization|point_of_interest|establishment,,,"Aman raza 1786, Badshahpur, Sector 66, Gurugram, Haryana 122101, India",5,5,OPERATIONAL,https://maps.google.com/?cid=3427508957590249461&g_mp=Cilnb29nbGUubWFwcy5wbGFjZXMudjEuUGxhY2VzLlNlYXJjaE5lYXJieRACGAQgAA,ChIJTfFt15QjDTkR9d-iuTz1kC8
Arogyam Spa,spa,spa|point_of_interest|establishment,,,"DSS-3, FIRST FLOOR, Huda Market, near Mr Diy, Huda Colony, Sector 46, Gurugram, Haryana 122101, India",5,3,OPERATIONAL,https://maps.google.com/?cid=10804391885456199238&g_mp=Cilnb29nbGUubWFwcy5wbGFjZXMudjEuUGxhY2VzLlNlYXJjaE5lYXJieRACGAQgAA,ChIJG-q2HfgiDTkRRs66-izp8JU
Mera Ghar,association_or_organization,service|association_or_organization|point_of_interest|establishment,,,"93Q4+C69, Badshahpur, Sector 66, Gurugram, Haryana 122101, India",,,OPERATIONAL,https://maps.google.com/?cid=696426933198386506&g_mp=Cilnb29nbGUubWFwcy5wbGFjZXMudjEuUGxhY2VzLlNlYXJjaE5lYXJieRACGAQgAA,ChIJkQ00JwAjDTkRSvVNHZs0qgk
Bidhudi shop,store,store|point_of_interest|establishment,,,"93R4+4WF, Sector 67, Gurugram, Haryana 122101, India",,,OPERATIONAL,https://maps.google.com/?cid=2602362490270387179&g_mp=Cilnb29nbGUubWFwcy5wbGFjZXMudjEuUGxhY2VzLlNlYXJjaE5lYXJieRACGAQgAA,ChIJ_6XWbQAjDTkR6wteoeVyHSQ
Coloney Ranjan,apartment_building,apartment_building|service|point_of_interest|establishment,,,"93Q4+C69, Badshahpur, Sector 66, Gurugram, Haryana 122101, India",,,OPERATIONAL,https://maps.google.com/?cid=754454360748653032&g_mp=Cilnb29nbGUubWFwcy5wbGFjZXMudjEuUGxhY2VzLlNlYXJjaE5lYXJieRACGAQgAA,ChIJl6OEcQAjDTkR6Pmqaz5ceAo
Devinder Raghav,association_or_organization,service|association_or_organization|point_of_interest|establishment,,,"1786, Sector 67, Gurugram, Haryana 122101, India",,,OPERATIONAL,https://maps.google.com/?cid=793403131632941529&g_mp=Cilnb29nbGUubWFwcy5wbGFjZXMudjEuUGxhY2VzLlNlYXJjaE5lYXJieRACGAQgAA,ChIJ_9jCYgAjDTkR2fmp0PG7Ags
M3M Opus,apartment_building,apartment_building|service|point_of_interest|establishment,093553 02055,https://www.m3mrealty.com/residential/m3m-opus-merlin-sector-67-gurgaon/,"93Q5+MV7, Sector 67, Gurugram, Haryana 122101, India",1,4,OPERATIONAL,https://maps.google.com/?cid=12204754399783335178&g_mp=Cilnb29nbGUubWFwcy5wbGFjZXMudjEuUGxhY2VzLlNlYXJjaE5lYXJieRACGAQgAA,ChIJV4SFUAAjDTkRCrX4iXb_X6k
Iconic luxe salon,beauty_salon,beauty_salon|service|point_of_interest|establishment,070118 24875,,"Shop Number (6, Sector 67, Gurugram, Haryana 122101, India",5,4,OPERATIONAL,https://maps.google.com/?cid=8319324676546076321&g_mp=Cilnb29nbGUubWFwcy5wbGFjZXMudjEuUGxhY2VzLlNlYXJjaE5lYXJieRACGAQgAA,ChIJiYCwcwAjDTkRoZ6rNLctdHM
Gloss Armour,car_wash,car_wash|service|point_of_interest|establishment,,https://glossarmour.com/,"Sector 67, Gurugram, Haryana 122101, India",5,3,CLOSED_TEMPORARILY,https://maps.google.com/?cid=5159954925496391413&g_mp=Cilnb29nbGUubWFwcy5wbGFjZXMudjEuUGxhY2VzLlNlYXJjaE5lYXJieRACGAQgAA,ChIJKa8BjQ4jDTkR9VY9h6rXm0c
Darshan nursery,wholesaler,wholesaler|point_of_interest|establishment,096540 40354,,"Sector 67, Gurugram, Haryana 122101, India",5,1,OPERATIONAL,https://maps.google.com/?cid=10471578164629113349&g_mp=Cilnb29nbGUubWFwcy5wbGFjZXMudjEuUGxhY2VzLlNlYXJjaE5lYXJieRACGAQgAA,ChIJR15_KAA9DTkRBYp0JNyEUpE
Dev Healings,,point_of_interest|establishment,093198 04222,,"Sector 67, Gurugram, Haryana 122101, India",,,OPERATIONAL,https://maps.google.com/?cid=9662333932927893984&g_mp=Cilnb29nbGUubWFwcy5wbGFjZXMudjEuUGxhY2VzLlNlYXJjaE5lYXJieRACGAQgAA,ChIJuVxo8IYjDTkR4MFezYSBF4Y
"Doodhvale Farms - Dairy Milk Delivery, Fresh A2 Cow And Buffalo MIlk In Gurugram, Haryana",food_store,food_store|store|point_of_interest|food|establishment,095259 52508,https://www.doodhvalefarms.com/,"Shop No 4a, Society, Sector 67, Gurugram, Haryana 122101, India",2,4,OPERATIONAL,https://maps.google.com/?cid=9916873305731983076&g_mp=Cilnb29nbGUubWFwcy5wbGFjZXMudjEuUGxhY2VzLlNlYXJjaE5lYXJieRACGAQgAA,ChIJX9ot0YEjDTkR5Ga1zrrPn4k
Sahid Alam,taxi_service,taxi_service|service|transportation_service|point_of_interest|establishment,,,"Landmark, Ramgarh Rd, Badshahpur, Sector 67, Gurugram, Haryana 122101, India",,,OPERATIONAL,https://maps.google.com/?cid=5980991893792257733&g_mp=Cilnb29nbGUubWFwcy5wbGFjZXMudjEuUGxhY2VzLlNlYXJjaE5lYXJieRACGAQgAA,ChIJyxCRCcAjDTkRxXb6UXDAAFM
Snip’N’ Style unisex salon,beauty_salon,beauty_salon|service|point_of_interest|establishment,074559 57509,https://www.instagram.com/snip_n_style_unisex_salon/profilecard/?igsh=MTM2NDhvNWJ3Z2IzYg==,"M3M Merlin shop no. 1 sector 67 Between the Aravalli hills and the skyline of Gurugram, Sector 67, Gurugram, Haryana 122101, India",3.3,12,OPERATIONAL,https://maps.google.com/?cid=11448819792321382365&g_mp=Cilnb29nbGUubWFwcy5wbGFjZXMudjEuUGxhY2VzLlNlYXJjaE5lYXJieRACGAQgAA,ChIJT8r6cgAjDTkR3QfHUvFg4p4
Flamboyant Technologies Pvt. Ltd,,point_of_interest|establishment,096251 87541,http://fbts.in/,"M3m Merlin Tower 7, 2603, Golf Course Extension Road, Sector 67, Gurugram, Haryana 122101, India",5,4,OPERATIONAL,https://maps.google.com/?cid=14245426732673466254&g_mp=Cilnb29nbGUubWFwcy5wbGFjZXMudjEuUGxhY2VzLlNlYXJjaE5lYXJieRACGAQgAA,ChIJ____c1ciDTkRjv_aSiPsscU
Cine Grand Office,corporate_office,corporate_office|point_of_interest|establishment,,http://www.cinegrand.bg/,"93Q5+MV4, Sector 67, Gurugram, Haryana 122101, India",,,OPERATIONAL,https://maps.google.com/?cid=11072183439053415431&g_mp=Cilnb29nbGUubWFwcy5wbGFjZXMudjEuUGxhY2VzLlNlYXJjaE5lYXJieRACGAQgAA,ChIJhcv7NwAjDTkRB-S9xCxMqJk
Badal Chick Maker Gurgaon,general_contractor,general_contractor|service|point_of_interest|establishment,093197 53957,https://sites.google.com/view/badal-chick-maker-gurgaon/home,"Sector 67, Gurugram, Haryana 122101, India",,,OPERATIONAL,https://maps.google.com/?cid=6945072719176683133&g_mp=Cilnb29nbGUubWFwcy5wbGFjZXMudjEuUGxhY2VzLlNlYXJjaE5lYXJieRACGAQgAA,ChIJ77aoS3IjDTkRfU7IbdfaYWA
Urban Trendi,jewelry_store,jewelry_store|clothing_store|store|point_of_interest|establishment,095822 07104,http://facebook.com/urbantrendi,"Sector 67, Gurugram, Haryana 122101, India",4.8,11,OPERATIONAL,https://maps.google.com/?cid=1491479593748521906&g_mp=Cilnb29nbGUubWFwcy5wbGFjZXMudjEuUGxhY2VzLlNlYXJjaE5lYXJieRACGAQgAA,ChIJB0U5jMAYDTkRsuMfz8nMshQ
TNVZ MAKEOVER STUDIO,beauty_salon,beauty_salon|service|point_of_interest|establishment,,,"Gujjar Rd, Sector 67, Gurugram, Haryana 122101, India",,,CLOSED_TEMPORARILY,https://maps.google.com/?cid=3771448336228196020&g_mp=Cilnb29nbGUubWFwcy5wbGFjZXMudjEuUGxhY2VzLlNlYXJjaE5lYXJieRACGAQgAA,ChIJ3c7mRCUjDTkRtJ6eoUfgVjQ
Honey Hoop Jewellery,jewelry_store,jewelry_store|store|point_of_interest|establishment,093117 75776,https://honeyhoop.in/,"1502, M3m Merlin Tower 7, Sector 67, Gurugram, Haryana 122101, India",5,6,OPERATIONAL,https://maps.google.com/?cid=619785817800767620&g_mp=Cilnb29nbGUubWFwcy5wbGFjZXMudjEuUGxhY2VzLlNlYXJjaE5lYXJieRACGAQgAA,ChIJ97wpx5EjDTkRhPjW4urrmQg
The Nature's Pantry,grocery_store,grocery_store|food_store|store|point_of_interest|food|establishment,092891 85815,https://www.thenaturespantry.in/,"M3m Merlin Tower 7, 2603, Golf Course Extension Road, Sector 67, Gurugram, Haryana 122101, India",4.9,14,OPERATIONAL,https://maps.google.com/?cid=15472621828150389610&g_mp=Cilnb29nbGUubWFwcy5wbGFjZXMudjEuUGxhY2VzLlNlYXJjaE5lYXJieRACGAQgAA,ChIJNVb4mAcjDTkRauvbQpPLudY
Aravali Hikes,,point_of_interest|establishment,,https://www.instagram.com/aravali.hikes,"Sector 67, Gurugram, Haryana 122018, India",,,OPERATIONAL,https://maps.google.com/?cid=18010834288280507522&g_mp=Cilnb29nbGUubWFwcy5wbGFjZXMudjEuUGxhY2VzLlNlYXJjaE5lYXJieRACGAQgAA,ChIJAToGDY0jDTkRgpRiFVxW8_k
Better Eats ( Vegan and Healthy Desserts),dessert_shop,dessert_shop|confectionery|food_store|store|point_of_interest|food|establishment,096506 65542,https://www.bettereats.in/,"M3M Merlin, Victory Valley Tower C, Sector 67, Gurugram, Haryana 122102, India",5,4,OPERATIONAL,https://maps.google.com/?cid=17838953167178627070&g_mp=Cilnb29nbGUubWFwcy5wbGFjZXMudjEuUGxhY2VzLlNlYXJjaE5lYXJieRACGAQgAA,ChIJDd175kojDTkR_veCBmSxkPc
Vats Jyotish Kandra,astrologer,astrologer|point_of_interest|establishment,,,"Flat No 207, 93Q7+J47 Tower-6, Pyramid Urban Home, Ramgarh, Sector 67, Gurugram, Haryana 122101, India",,,OPERATIONAL,https://maps.google.com/?cid=12756588608207735979&g_mp=Cilnb29nbGUubWFwcy5wbGFjZXMudjEuUGxhY2VzLlNlYXJjaE5lYXJieRACGAQgAA,ChIJ030mm5IjDTkRq0wEesCBCLE
Smart Needs,grocery_store,grocery_store|food_store|store|point_of_interest|food|establishment,098717 82963,,"Near, Golf Course Ext Rd, Sector 67, Gurugram, Haryana 122101, India",4.5,8,OPERATIONAL,https://maps.google.com/?cid=11401306389520460976&g_mp=Cilnb29nbGUubWFwcy5wbGFjZXMudjEuUGxhY2VzLlNlYXJjaE5lYXJieRACGAQgAA,ChIJLdaydFciDTkRsCzCKsGTOZ4
10X Realty,service,service|point_of_interest|establishment,097988 86120,http://www.10xrealty.in/,"Level One, Plus Office, Landmark Cyberpark, Sector 67, Gurugram, Haryana 122101, India",5,33,OPERATIONAL,https://maps.google.com/?cid=13362427836389521737&g_mp=Cilnb29nbGUubWFwcy5wbGFjZXMudjEuUGxhY2VzLlNlYXJjaE5lYXJieRACGAQgAA,ChIJ7-tPMKIjDTkRSfnJ7FHhcLk
Ramgor wotar tank,association_or_organization,service|association_or_organization|point_of_interest|establishment,,,"93Q7+M74, Ramgarh Rd, Ramgarh, Sector 67, Gurugram, Haryana 122101, India",5,1,OPERATIONAL,https://maps.google.com/?cid=7300303782731978341&g_mp=Cilnb29nbGUubWFwcy5wbGFjZXMudjEuUGxhY2VzLlNlYXJjaE5lYXJieRACGAQgAA,ChIJ_fPEOycjDTkRZRYumpzjT2U
Rusa bengali clinic,doctor,doctor|health|point_of_interest|establishment,,,"93Q7+M6M, Ramgarh, Sector 67, Gurugram, Haryana 122101, India",5,2,OPERATIONAL,https://maps.google.com/?cid=17955846531357810905&g_mp=Cilnb29nbGUubWFwcy5wbGFjZXMudjEuUGxhY2VzLlNlYXJjaE5lYXJieRACGAQgAA,ChIJd1EXYgAjDTkR2SADP0n7L_k
Durga Mandir,hindu_temple,hindu_temple|place_of_worship|association_or_organization|point_of_interest|establishment,099909 74501,https://www.facebook.com/parmod.pandit.71465572?mibextid=ZbWKwL,"Ramgarh, Sector 67, Gurugram, Haryana 122101, India",4.7,13,OPERATIONAL,https://maps.google.com/?cid=9278242861201340620&g_mp=Cilnb29nbGUubWFwcy5wbGFjZXMudjEuUGxhY2VzLlNlYXJjaE5lYXJieRACGAQgAA,ChIJ_Ys7wVAiDTkRzLi1WbnwwoA
Ratanlal tanwar,association_or_organization,service|association_or_organization|point_of_interest|establishment,,,"Ramgarh, Sector 67, Gurugram, Haryana 122101, India",,,OPERATIONAL,https://maps.google.com/?cid=8949602757865694114&g_mp=Cilnb29nbGUubWFwcy5wbGFjZXMudjEuUGxhY2VzLlNlYXJjaE5lYXJieRACGAQgAA,ChIJyevjHgAjDTkRouNwj0pgM3w
KHUSHI ZAYAN CONTRACTOR,general_contractor,general_contractor|service|point_of_interest|establishment,,,"Tower-6, Ramgarh Rd, Ramgarh, Sector 67, Gurugram, Haryana 122101, India",5,6,OPERATIONAL,https://maps.google.com/?cid=11533224092460539934&g_mp=Cilnb29nbGUubWFwcy5wbGFjZXMudjEuUGxhY2VzLlNlYXJjaE5lYXJieRACGAQgAA,ChIJhR7rXgAjDTkRHmAW2jQ-DqA
home,association_or_organization,service|association_or_organization|point_of_interest|establishment,,,"93Q7+MCQ, Ramgarh, Sector 67, Gurugram, Haryana 122101, India",5,1,OPERATIONAL,https://maps.google.com/?cid=11781258209882775468&g_mp=Cilnb29nbGUubWFwcy5wbGFjZXMudjEuUGxhY2VzLlNlYXJjaE5lYXJieRACGAQgAA,ChIJHXCRNwAjDTkRrJ83D-xvf6M
(Sk)💇🏻[Scissorr king]💇🏻‍♀️Salon,hair_salon,hair_salon|hair_care|service|point_of_interest|establishment,,,"Ramgarh, Sector 67, Gurugram, Haryana 122101, India",5,155,OPERATIONAL,https://maps.google.com/?cid=12560905604301410708&g_mp=Cilnb29nbGUubWFwcy5wbGFjZXMudjEuUGxhY2VzLlNlYXJjaE5lYXJieRACGAQgAA,ChIJ2dalxFsjDTkRlFGZuRhNUa4
Balram canteen fast food,fast_food_restaurant,fast_food_restaurant|restaurant|food|point_of_interest|establishment,,,"Tower-6, Ramgarh, Sector 67, Gurugram, Haryana 122101, India",,,CLOSED_TEMPORARILY,https://maps.google.com/?cid=15858641742398681327&g_mp=Cilnb29nbGUubWFwcy5wbGFjZXMudjEuUGxhY2VzLlNlYXJjaE5lYXJieRACGAQgAA,ChIJ1cngXQAjDTkR7_DaW6Q2Fdw
Ch Prem Singh Tanwar (CPS)👑👑,service,service|point_of_interest|establishment,,,"93Q7+J47, Ramgarh, Sector 67, Gurugram, Haryana 122101, India",5,2,OPERATIONAL,https://maps.google.com/?cid=12416260291336130169&g_mp=Cilnb29nbGUubWFwcy5wbGFjZXMudjEuUGxhY2VzLlNlYXJjaE5lYXJieRACGAQgAA,ChIJn_alfgAjDTkRec7gZ_NqT6w
Jitesh mobiles & money transfer,electronics_store,electronics_store|store|point_of_interest|establishment,,,"93Q7+MFW, Ramgarh Rd, Ramgarh, Sector 67, Gurugram, Haryana 122101, India",5,3,CLOSED_TEMPORARILY,https://maps.google.com/?cid=6540308936347537828&g_mp=Cilnb29nbGUubWFwcy5wbGFjZXMudjEuUGxhY2VzLlNlYXJjaE5lYXJieRACGAQgAA,ChIJSatLp7kjDTkRpNFOWFPYw1o
Auto Driver,car_repair,car_repair|service|point_of_interest|establishment,083770 67083,,"Ramgarh Rd, Ramgarh, Gao, Gurugram, Haryana 122101, India",5,1,OPERATIONAL,https://maps.google.com/?cid=3879452222726504808&g_mp=Cilnb29nbGUubWFwcy5wbGFjZXMudjEuUGxhY2VzLlNlYXJjaE5lYXJieRACGAQgAA,ChIJ8xXMekQjDTkRaIG2Cj6V1jU
Krishna Kumar,association_or_organization,service|association_or_organization|point_of_interest|establishment,,,"93Q7+W82, Ramgarh, Sector 67, Gurugram, Haryana 122101, India",,,OPERATIONAL,https://maps.google.com/?cid=13188095223556572087&g_mp=Cilnb29nbGUubWFwcy5wbGFjZXMudjEuUGxhY2VzLlNlYXJjaE5lYXJieRACGAQgAA,ChIJo1BQNwAjDTkRt4MdeLuGBbc
CH.Goverdhan Tanwar Farm,garden,garden|point_of_interest|establishment,,,"93Q7+MCQ, Ramgarh, Sector 67, Gurugram, Haryana 122101, India",5,2,CLOSED_TEMPORARILY,https://maps.google.com/?cid=215139417534858108&g_mp=Cilnb29nbGUubWFwcy5wbGFjZXMudjEuUGxhY2VzLlNlYXJjaE5lYXJieRACGAQgAA,ChIJBc2Uq3gjDTkRfINZDylU_AI
Majed Ali Enterprises,child_care_agency,child_care_agency|clothing_store|store|service|point_of_interest|establishment,086704 90056,,"near Shiv Mandir Ramgarh DVR, Ramgarh, Sector 67, Gurugram, Haryana 122101, India",4,1,OPERATIONAL,https://maps.google.com/?cid=6082479182548813101&g_mp=Cilnb29nbGUubWFwcy5wbGFjZXMudjEuUGxhY2VzLlNlYXJjaE5lYXJieRACGAQgAA,ChIJD27gO1ojDTkRLcWHFZdOaVQ
Aryan genral store,general_store,general_store|food_store|store|food|point_of_interest|establishment,,,"93Q7+MHV, Ramgarh Rd, Ramgarh, Sector 67, Gurugram, Haryana 122101, India",5,1,OPERATIONAL,https://maps.google.com/?cid=7565317487337827676&g_mp=Cilnb29nbGUubWFwcy5wbGFjZXMudjEuUGxhY2VzLlNlYXJjaE5lYXJieRACGAQgAA,ChIJVWS-eQAjDTkRXG3SBSxo_Wg
RIYA CLINIC,doctor,doctor|health|point_of_interest|establishment,099580 82731,,"93Q8+59G, near MLA Kothi, Ramgarh, Sector 67, Gurugram, Haryana 122101, India",,,OPERATIONAL,https://maps.google.com/?cid=14923126635431985572&g_mp=Cilnb29nbGUubWFwcy5wbGFjZXMudjEuUGxhY2VzLlNlYXJjaE5lYXJieRACGAQgAA,ChIJc8CxE3cjDTkRpAEY25uYGc8
Nur Cycles Shop & Repair Home services,bicycle_store,bicycle_store|sporting_goods_store|store|manufacturer|point_of_interest|establishment,082856 35092,,"Ramgarh, Sector 67, Gurugram, Haryana 122101, India",4.3,6,OPERATIONAL,https://maps.google.com/?cid=17209697735152451494&g_mp=Cilnb29nbGUubWFwcy5wbGFjZXMudjEuUGxhY2VzLlNlYXJjaE5lYXJieRACGAQgAA,ChIJvTtPdF4jDTkRpj-bw-gg1e4
"D2, Ireo Victory Valley",apartment_building,apartment_building|service|point_of_interest|establishment,,,"93Q7+X3P, Ramgarh, Sector 67, Gurugram, Haryana 122101, India",5,1,OPERATIONAL,https://maps.google.com/?cid=5485284563755256406&g_mp=Cilnb29nbGUubWFwcy5wbGFjZXMudjEuUGxhY2VzLlNlYXJjaE5lYXJieRACGAQgAA,ChIJH3BNrlAiDTkRVsqQmj-lH0w
Aktraul Core Cutting Service | Best Core Cutting Services In Gurugram,general_contractor,general_contractor|service|point_of_interest|establishment,,https://weblifeinfo.co/demo/users/AktraulCore/,"Office No, Ground Floor, A987/4, near Durga Mandir, Ramgarh, Sector 67, Gurugram, Haryana 122101, India",5,3,CLOSED_TEMPORARILY,https://maps.google.com/?cid=7506323556910656749&g_mp=Cilnb29nbGUubWFwcy5wbGFjZXMudjEuUGxhY2VzLlNlYXJjaE5lYXJieRACGAQgAA,ChIJQ81WE3sjDTkR7WzOOoHRK2g
"D3, Ireo Victory Valley",apartment_building,apartment_building|service|point_of_interest|establishment,,,"Victory Valley Block D-3, 6-1, Ireo Victory Valley Rd, Ramgarh, Sector 67, Gurugram, Haryana 122101, India",5,2,OPERATIONAL,https://maps.google.com/?cid=14696799519376000351&g_mp=Cilnb29nbGUubWFwcy5wbGFjZXMudjEuUGxhY2VzLlNlYXJjaE5lYXJieRACGAQgAA,ChIJzyQms1AiDTkRX8WJv0uF9cs
Om kirana store Sector 67 village Ramgarh,bakery,bakery|food_store|store|food|point_of_interest|establishment,,,"Ramgarh, Sector 67, Gurugram, Haryana 122005, India",3.7,3,OPERATIONAL,https://maps.google.com/?cid=3449929608437061353&g_mp=Cilnb29nbGUubWFwcy5wbGFjZXMudjEuUGxhY2VzLlNlYXJjaE5lYXJieRACGAQgAA,ChIJNd7XfjEjDTkR6Vb-SrOc4C8
G20 SPA,spa,spa|massage_spa|massage|store|health|service|point_of_interest|establishment,0124 406 0476,,"R8/105, M3M Urbana Premium, near Bikaner sweets, Ramgarh, Sector 67, Gurugram, Haryana 122101, India",4.8,38,OPERATIONAL,https://maps.google.com/?cid=7139435469579197357&g_mp=Cilnb29nbGUubWFwcy5wbGFjZXMudjEuUGxhY2VzLlNlYXJjaE5lYXJieRACGAQgAA,ChIJYfzCnSUjDTkRrZsXtbteFGM
Masters Union Hostel: (Cohort 3),university,university|educational_institution|point_of_interest|establishment,,,"M3m Urbana Tower-2, Golf Course Ext Rd, Ramgarh, Sector 67, Gurugram, Haryana 122101, India",,,OPERATIONAL,https://maps.google.com/?cid=2752151979961151876&g_mp=Cilnb29nbGUubWFwcy5wbGFjZXMudjEuUGxhY2VzLlNlYXJjaE5lYXJieRACGAQgAA,ChIJ3ZUQY9QjDTkRhPF47aSbMSY
The Quite Corner - Entire Place,lodging,lodging|point_of_interest|establishment,,https://www.booking.com/hotel/in/the-quite-corner.en-gb.html?aid=2068758&utm_source=seogooglelocal&utm_medium=description&utm_term=hotel-16551597&utm_campaign=en-gb&label=seogooglelocal-link-imagesaow-hotel-16551597_grp-1_gendate-20260615,"Ramgarh, Sector 67, Gurugram, Haryana 122101, India",,,OPERATIONAL,https://maps.google.com/?cid=13713016418930425355&g_mp=Cilnb29nbGUubWFwcy5wbGFjZXMudjEuUGxhY2VzLlNlYXJjaE5lYXJieRACGAQgAA,ChIJ1YoXPlAiDTkRC35yQcdrTr4
M3M MyDen,condominium_complex,condominium_complex|service|point_of_interest|establishment,,,"Golf Course Ext Rd, Ramgarh, Sector 67, Gurugram, Haryana 122101, India",4.9,7,OPERATIONAL,https://maps.google.com/?cid=4539037989879677768&g_mp=Cilnb29nbGUubWFwcy5wbGFjZXMudjEuUGxhY2VzLlNlYXJjaE5lYXJieRACGAQgAA,ChIJq4dqYQAjDTkRSAPIwADn_T4
Sikander Pradhan house,housing_complex,housing_complex|service|point_of_interest|establishment,,,"102Y, Ramgarh, Sector 67, Gurugram, Haryana 122101, India",5,2,OPERATIONAL,https://maps.google.com/?cid=12403206745864199224&g_mp=Cilnb29nbGUubWFwcy5wbGFjZXMudjEuUGxhY2VzLlNlYXJjaE5lYXJieRACGAQgAA,ChIJizYFNgAjDTkRONz2AtIKIaw
Bhura Gujjar,condominium_complex,condominium_complex|service|point_of_interest|establishment,,,"93Q8+GJJ, Ramgarh, Sector 67, Gurugram, Haryana 122101, India",5,2,CLOSED_TEMPORARILY,https://maps.google.com/?cid=6940726750713433038&g_mp=Cilnb29nbGUubWFwcy5wbGFjZXMudjEuUGxhY2VzLlNlYXJjaE5lYXJieRACGAQgAA,ChIJYVk8QwAjDTkRzktTyzRqUmA
M3m,real_estate_agency,real_estate_agency|service|point_of_interest|establishment,095400 45999,https://m3mfreedomsale.in/,"6, Fodd, Ramgarh, Gurgaon Rural, Gurugram, Haryana 122101, India",4.7,16,OPERATIONAL,https://maps.google.com/?cid=11751031421232289062&g_mp=Cilnb29nbGUubWFwcy5wbGFjZXMudjEuUGxhY2VzLlNlYXJjaE5lYXJieRACGAQgAA,ChIJUVS8FVAiDTkRJhUBZ9EMFKM
Tanwar house,housing_complex,housing_complex|service|point_of_interest|establishment,097114 00034,,"93Q8+GJJ, Ramgarh, Sector 67, Gurugram, Haryana 122101, India",5,4,OPERATIONAL,https://maps.google.com/?cid=7530850321335632828&g_mp=Cilnb29nbGUubWFwcy5wbGFjZXMudjEuUGxhY2VzLlNlYXJjaE5lYXJieRACGAQgAA,ChIJqyMdx5YjDTkRvMPYk3f0gmg
Sky-High Infinity Pool & Luxurious bedroom suite - Entire Place,lodging,lodging|point_of_interest|establishment,,https://www.booking.com/hotel/in/sky-high-infinity-pool-amp-luxurious-bedroom-suite.en-gb.html?aid=2068758&utm_source=seogooglelocal&utm_medium=description&utm_term=hotel-16239289&utm_campaign=en-gb&label=seogooglelocal-link-imagesaow-hotel-16239289_grp-1_gendate-20260615,"Ramgarh, Sector 67, Gurugram, Haryana 122101, India",,,OPERATIONAL,https://maps.google.com/?cid=3366804827841547909&g_mp=Cilnb29nbGUubWFwcy5wbGFjZXMudjEuUGxhY2VzLlNlYXJjaE5lYXJieRACGAQgAA,ChIJVy6jPVAiDTkRhc6QHydLuS4
Advait Stays By AGH,hotel,hotel|lodging|point_of_interest|establishment,089204 08990,https://advaithotels.com/,"M3M, Golf Course Ext Rd, Ramgarh, Sector 67, Gurugram, Haryana 122101, India",4.9,8,OPERATIONAL,https://maps.google.com/?cid=11780816358640960105&g_mp=Cilnb29nbGUubWFwcy5wbGFjZXMudjEuUGxhY2VzLlNlYXJjaE5lYXJieRACGAQgAA,ChIJ04XFCwMjDTkRacLnjA_efaM
The luxury apartments in gurgaon,lodging,lodging|service|point_of_interest|establishment,,,"M3M one key resiment, Golf Course Ext Rd, Ramgarh, Sector 67, Gurugram, Haryana 122101, India",4,8,OPERATIONAL,https://maps.google.com/?cid=10281392492756969095&g_mp=Cilnb29nbGUubWFwcy5wbGFjZXMudjEuUGxhY2VzLlNlYXJjaE5lYXJieRACGAQgAA,ChIJQQ4jMgAjDTkRh6Ylv__Xro4
Rajpal Tanwar Rental Room Ramgarh,association_or_organization,service|association_or_organization|point_of_interest|establishment,088600 49505,,"93Q8+P9G, Ramgarh, Sector 67, Gurugram, Haryana 122101, India",,,OPERATIONAL,https://maps.google.com/?cid=17494855264114378474&g_mp=Cilnb29nbGUubWFwcy5wbGFjZXMudjEuUGxhY2VzLlNlYXJjaE5lYXJieRACGAQgAA,ChIJV9C_FgAjDTkR6gZpxis2yvI
The luxury apartments,lodging,lodging|point_of_interest|establishment,,,"Ramgarh, Sector 67, Gurugram, Haryana 122101, India",,,OPERATIONAL,https://maps.google.com/?cid=17429181150770807693&g_mp=Cilnb29nbGUubWFwcy5wbGFjZXMudjEuUGxhY2VzLlNlYXJjaE5lYXJieRACGAQgAA,ChIJB4KJPVAiDTkRjcOgsenj4PE
Luxe 2 BHK with Stunning Views - Entire Place,lodging,lodging|point_of_interest|establishment,,https://www.booking.com/hotel/in/luxe-2-bhk-with-stunning-views.en-gb.html?aid=2068758&utm_source=seogooglelocal&utm_medium=description&utm_term=hotel-13256549&utm_campaign=en-gb&label=seogooglelocal-link-imagesaow-hotel-13256549_grp-1_gendate-20260615,"Ramgarh, Sector 67, Gurugram, Haryana 122101, India",,,OPERATIONAL,https://maps.google.com/?cid=3527955788923562041&g_mp=Cilnb29nbGUubWFwcy5wbGFjZXMudjEuUGxhY2VzLlNlYXJjaE5lYXJieRACGAQgAA,ChIJ-T-PPVAiDTkROWgSHhnR9TA
Luxe heaven Heights 15th Patio - Entire Place,lodging,lodging|point_of_interest|establishment,,https://www.booking.com/hotel/in/luxe-heaven-heights-15th-patio.en-gb.html?aid=2068758&utm_source=seogooglelocal&utm_medium=description&utm_term=hotel-14210163&utm_campaign=en-gb&label=seogooglelocal-link-imagesaow-hotel-14210163_grp-3_gendate-20260615,"Ramgarh, Sector 67, Gurugram, Haryana 122101, India",,,OPERATIONAL,https://maps.google.com/?cid=2536180860213773035&g_mp=Cilnb29nbGUubWFwcy5wbGFjZXMudjEuUGxhY2VzLlNlYXJjaE5lYXJieRACGAQgAA,ChIJ-T-PPVAiDTkR68IvGw5TMiM
Couple Friendly High Rise With Rooftop Pool - Entire Place,lodging,lodging|point_of_interest|establishment,,https://www.booking.com/hotel/in/couple-friendly-high-rise-with-rooftop-pool.en-gb.html?aid=2068758&utm_source=seogooglelocal&utm_medium=description&utm_term=hotel-16221814&utm_campaign=en-gb&label=seogooglelocal-link-imagesaow-hotel-16221814_grp-2_gendate-20260615,"Ramgarh, Sector 67, Gurugram, Haryana 122101, India",,,OPERATIONAL,https://maps.google.com/?cid=360427278771536712&g_mp=Cilnb29nbGUubWFwcy5wbGFjZXMudjEuUGxhY2VzLlNlYXJjaE5lYXJieRACGAQgAA,ChIJ-T-PPVAiDTkRSMOJTrN-AAU
Sakura Loft by Amisum - Entire Place,lodging,lodging|point_of_interest|establishment,,https://www.booking.com/hotel/in/sakura-loft-by-amisum.en-gb.html?aid=2068758&utm_source=seogooglelocal&utm_medium=description&utm_term=hotel-15620455&utm_campaign=en-gb&label=seogooglelocal-link-imagesaow-hotel-15620455_grp-3_gendate-20260615,"Ramgarh, Sector 67, Gurugram, Haryana 122101, India",,,OPERATIONAL,https://maps.google.com/?cid=10825299946940837584&g_mp=Cilnb29nbGUubWFwcy5wbGFjZXMudjEuUGxhY2VzLlNlYXJjaE5lYXJieRACGAQgAA,ChIJ-T-PPVAiDTkR0K52ZPIwO5Y
The Bubble and Bliss by AGH - Entire Place,lodging,lodging|point_of_interest|establishment,,https://www.booking.com/hotel/in/the-bubble-and-bliss-by-agh.en-gb.html?aid=2068758&utm_source=seogooglelocal&utm_medium=description&utm_term=hotel-14315417&utm_campaign=en-gb&label=seogooglelocal-link-imagesaow-hotel-14315417_grp-1_gendate-20260615,"Ramgarh, Sector 67, Gurugram, Haryana 122101, India",,,OPERATIONAL,https://maps.google.com/?cid=14557026965611076392&g_mp=Cilnb29nbGUubWFwcy5wbGFjZXMudjEuUGxhY2VzLlNlYXJjaE5lYXJieRACGAQgAA,ChIJ-T-PPVAiDTkRKNsHF-byBMo
High-rise apartment - One-Bedroom Apartment,lodging,lodging|point_of_interest|establishment,,https://www.bluepillow.com/search/681240ac5250632c59550e5c?dest=bkng&cat=House&lat=28.38949&lng=77.06701&language=en,"Ramgarh, Sector 67, Gurugram, Haryana 122101, India",,,OPERATIONAL,https://maps.google.com/?cid=12219890882150382186&g_mp=Cilnb29nbGUubWFwcy5wbGFjZXMudjEuUGxhY2VzLlNlYXJjaE5lYXJieRACGAQgAA,ChIJ-T-PPVAiDTkRarqbeAPGlak
Real Madrid Football Program - Gurgaon Sector 64 | Gurgaon's Leading Football Development Program,sports_club,sports_club|sports_school|association_or_organization|point_of_interest|establishment,088600 07341,https://frmindia.com/,"The Beacon School, near M3M Urbana Premium, Ramgarh, Sector 64, Gurugram, Haryana 122101, India",,,OPERATIONAL,https://maps.google.com/?cid=6989845188275296780&g_mp=Cilnb29nbGUubWFwcy5wbGFjZXMudjEuUGxhY2VzLlNlYXJjaE5lYXJieRACGAQgAA,ChIJgUKdnl8jDTkRDFofOirrAGE
The Beacon School,school,school|educational_institution|point_of_interest|establishment,084482 82561,https://thebeaconschool.in/,"near M3M Urbana Premium, Ramgarh, Sector 64, Gurugram, Haryana 122101, India",,,OPERATIONAL,https://maps.google.com/?cid=14404391779181868615&g_mp=Cilnb29nbGUubWFwcy5wbGFjZXMudjEuUGxhY2VzLlNlYXJjaE5lYXJieRACGAQgAA,ChIJ1z3X-sYjDTkRRzaxYwGu5sc
Dr. Sameer Guliani | Tulasi Healthcare | Child and Adolescent Psychiatrist,doctor,doctor|medical_clinic|health|point_of_interest|establishment,088000 00255,https://www.tulasihealthcare.com/team/dr-sameer-guliani/,"OPD 7, Tulasi Healthcare, near Shriran Millennium School, Sector 64, Gurugram, Haryana 122102, India",4.8,12,OPERATIONAL,https://maps.google.com/?cid=13312688076500497537&g_mp=Cilnb29nbGUubWFwcy5wbGFjZXMudjEuUGxhY2VzLlNlYXJjaE5lYXJieRACGAQgAA,ChIJ42vuPE4jDTkRgfRjnUUrwLg
Syam Sweets,fast_food_restaurant,fast_food_restaurant|restaurant|food|point_of_interest|establishment,082735 67672,,"Ramgarh, Sector 64, Gurugram, Haryana 122101, India",5,1,OPERATIONAL,https://maps.google.com/?cid=8261212272192968758&g_mp=Cilnb29nbGUubWFwcy5wbGFjZXMudjEuUGxhY2VzLlNlYXJjaE5lYXJieRACGAQgAA,ChIJC6im6OAjDTkRNtgossq4pXI
Live Again India,medical_clinic,medical_clinic|health|point_of_interest|establishment,099712 07507,http://liveagainindia.com/,"Golf Course Extension Road, opposite M3M Urbana Premium, Ramgarh, Sector 64, Gurugram, Haryana 122101, India",5,2,OPERATIONAL,https://maps.google.com/?cid=16908317086459226000&g_mp=Cilnb29nbGUubWFwcy5wbGFjZXMudjEuUGxhY2VzLlNlYXJjaE5lYXJieRACGAQgAA,ChIJh1k5yxojDTkRkOcRWM5opuo
Tulasi Healthcare - Best Mental Hospital In Gurgaon | Rehabilitation & Deaddiction Centre in Gurgaon,hospital,doctor|hospital|medical_clinic|health|service|point_of_interest|establishment,088000 00255,https://www.tulasihealthcare.com/mental-hospital-in-gurgaon/,"Golf Course Extension Road, opposite M3M Urbana Premium, next to Shriram millennium school, Sector 64, Gurugram, Haryana 122102, India",4.7,327,OPERATIONAL,https://maps.google.com/?cid=14669903171733814852&g_mp=Cilnb29nbGUubWFwcy5wbGFjZXMudjEuUGxhY2VzLlNlYXJjaE5lYXJieRACGAQgAA,ChIJveHH4v0jDTkRRP6R0DX3lcs
Dr. Ichpreet Singh | Tulasi Healthcare,doctor,doctor|medical_clinic|health|point_of_interest|establishment,088000 00255,https://www.tulasihealthcare.com/team/dr-ichpreet-singh/,"OPD 6, Tulasi Healthcare, Samrat Mihir Bhoj Rd, near Shriram Millennium School, Sector 64, Gurugram, Haryana 122102, India",5,17,OPERATIONAL,https://maps.google.com/?cid=14967538895977682764&g_mp=Cilnb29nbGUubWFwcy5wbGFjZXMudjEuUGxhY2VzLlNlYXJjaE5lYXJieRACGAQgAA,ChIJzwK9h4cjDTkRTJeXEFNht88
Shri Bala Ji Pharmacy,pharmacy,pharmacy|store|health|point_of_interest|establishment,,,"M3M URBANA, Ramgarh, Sector 67, Gurugram, Haryana 122101, India",,,OPERATIONAL,https://maps.google.com/?cid=16831299226420849983&g_mp=Cilnb29nbGUubWFwcy5wbGFjZXMudjEuUGxhY2VzLlNlYXJjaE5lYXJieRACGAQgAA,ChIJ2e5tRwAjDTkRPy0fa3jJlOk
S b bike repair shop gurugram 67,car_repair,car_repair|service|point_of_interest|establishment,089300 15672,https://sbbikerepairshop.com/,"Arbana chock, Ramgarh, Sector 67, Gurugram, Haryana 122102, India",5,2,OPERATIONAL,https://maps.google.com/?cid=8126910380435570778&g_mp=Cilnb29nbGUubWFwcy5wbGFjZXMudjEuUGxhY2VzLlNlYXJjaE5lYXJieRACGAQgAA,ChIJowdsSJcjDTkRWgBMy-6VyHA
Tulasi Healthcare- Old Age Problem Treatment | Dementia Care Home | Alzheimer | Assisted Care |Geriatric Clinic,health,doctor|health|service|point_of_interest|establishment,088000 00255,https://www.tulasihealthcare.com/,"India Culture & Convention Center, golf course extn. road, Sector 64, Gurugram, Haryana 122101, India",4.9,52,OPERATIONAL,https://maps.google.com/?cid=15325043869552757891&g_mp=Cilnb29nbGUubWFwcy5wbGFjZXMudjEuUGxhY2VzLlNlYXJjaE5lYXJieRACGAQgAA,ChIJ9WmUEREjDTkRg0z4KzR-rdQ
GenZ Stay with BnBBuddy Hosting for 5 Yr Gurgaon. - One-Bedroom Apartment,lodging,lodging|point_of_interest|establishment,,,"Ramgarh, Sector 64, Gurugram, Haryana 122101, India",,,OPERATIONAL,https://maps.google.com/?cid=2226175309068475612&g_mp=Cilnb29nbGUubWFwcy5wbGFjZXMudjEuUGxhY2VzLlNlYXJjaE5lYXJieRACGAQgAA,ChIJd6aYPEAiDTkR3JzFGKb25B4
C.H PRINTERS,manufacturer,store|manufacturer|service|point_of_interest|establishment,098110 20034,,"93Q8+59G, N Ramgarh Rd, near by M3M Urbana Premium, Ramgarh, Sector 67, Gurugram, Haryana 122101, India",4.7,44,OPERATIONAL,https://maps.google.com/?cid=14794585199831586803&g_mp=Cilnb29nbGUubWFwcy5wbGFjZXMudjEuUGxhY2VzLlNlYXJjaE5lYXJieRACGAQgAA,ChIJpbVsTAAjDTkR85c2q9rsUM0
SB bike repair shop,car_repair,car_repair|service|point_of_interest|establishment,,,"93Q9+GGC, Sector 48, Sector 67, Gurugram, Haryana 122101, India",5,1,OPERATIONAL,https://maps.google.com/?cid=5400874048333758351&g_mp=Cilnb29nbGUubWFwcy5wbGFjZXMudjEuUGxhY2VzLlNlYXJjaE5lYXJieRACGAQgAA,ChIJLyX2aQAjDTkRjz-P91TC80o
STAR GYMNASTICS ACADEMY,gym,sports_complex|gym|sports_school|sports_activity_location|health|association_or_organization|point_of_interest|establishment,078385 77724,http://www.stargymnasticsacademy.com/,"MALL, near M3M Urbana Premium, Ramgarh, Sector 64, Gurugram, Haryana 122101, India",4.7,40,OPERATIONAL,https://maps.google.com/?cid=12612739172495531725&g_mp=Cilnb29nbGUubWFwcy5wbGFjZXMudjEuUGxhY2VzLlNlYXJjaE5lYXJieRACGAQgAA,ChIJhfIyXlkjDTkRzR5AxXNzCa8
Dr. Gorav Gupta | Best Psychiatrist in Gurgaon,doctor,doctor|hospital|consultant|medical_clinic|health|service|point_of_interest|establishment,088000 00255,https://www.goravgupta.com/psychiatrist-in-gurgaon/,"Samrat Mihir Bhoj Rd, near Shriram Millennium School, Sector 64, Gurugram, Haryana 122101, India",4.8,46,OPERATIONAL,https://maps.google.com/?cid=17947427960478980325&g_mp=Cilnb29nbGUubWFwcy5wbGFjZXMudjEuUGxhY2VzLlNlYXJjaE5lYXJieRACGAQgAA,ChIJJx-RufUjDTkR5VhD-KMSEvk
Wallpaper Wala,service,service|point_of_interest|establishment,093115 41550,http://www.wallpaperwala.co/,"67, Gaon, near M3M Urbana Premium, Ramgarh, Sector 67, Gurugram, Haryana 122101, India",4.4,310,OPERATIONAL,https://maps.google.com/?cid=12717957712575181978&g_mp=Cilnb29nbGUubWFwcy5wbGFjZXMudjEuUGxhY2VzLlNlYXJjaE5lYXJieRACGAQgAA,ChIJjUbHYAEjDTkRmrR7LihDf7A
CH GROUP REALESTATE,general_contractor,general_contractor|service|point_of_interest|establishment,097114 00034,,"Shop no. 4 ,North Ramgarh, Ireo Corridor, society Road, near M3M Urbana Premium, Ramgarh, Sector 67A, Gurugram, Haryana 122101, India",4.8,5,OPERATIONAL,https://maps.google.com/?cid=12765919470412150972&g_mp=Cilnb29nbGUubWFwcy5wbGFjZXMudjEuUGxhY2VzLlNlYXJjaE5lYXJieRACGAQgAA,ChIJMbC8GS0jDTkRvLgoIR-oKbE
Model Hair Style,hair_salon,hair_salon|hair_care|service|point_of_interest|establishment,,,"93Q9+MCG, near Urbana, Ramgarh, Sector 67, Gurugram, Haryana 122101, India",,,CLOSED_TEMPORARILY,https://maps.google.com/?cid=6880487999832677764&g_mp=Cilnb29nbGUubWFwcy5wbGFjZXMudjEuUGxhY2VzLlNlYXJjaE5lYXJieRACGAQgAA,ChIJP-w_208iDTkRhF1dp2FnfF8
New Shiv Om Shakti Restaurant And Cafe,restaurant,restaurant|food|point_of_interest|establishment,091066 73917,,"New, Gate No.4, Shiv Om Shakti Restaurant And Cafe, M3M Urbana Premium, Ramgarh, Sector 67, Gurugram, Haryana 122101, India",5,5,OPERATIONAL,https://maps.google.com/?cid=226685836491528952&g_mp=Cilnb29nbGUubWFwcy5wbGFjZXMudjEuUGxhY2VzLlNlYXJjaE5lYXJieRACGAQgAA,ChIJ6zi7uBMjDTkR-JqwN5FZJQM
Abdul Samim,car_wash,car_wash|service|point_of_interest|establishment,,,"Urbana, Ramgarh, Sector 67, Gurugram, Haryana 122101, India",,,OPERATIONAL,https://maps.google.com/?cid=9425156208969263676&g_mp=Cilnb29nbGUubWFwcy5wbGFjZXMudjEuUGxhY2VzLlNlYXJjaE5lYXJieRACGAQgAA,ChIJnwndDcojDTkRPCourKLhzII
Basketball Court,athletic_field,athletic_field|sports_activity_location|point_of_interest|establishment,,,"opposite M3M Urbana Premium, adjacent to Orana Conventions, Sector 64, Gurugram, Haryana 122101, India",1,1,OPERATIONAL,https://maps.google.com/?cid=6801658859773247483&g_mp=Cilnb29nbGUubWFwcy5wbGFjZXMudjEuUGxhY2VzLlNlYXJjaE5lYXJieRACGAQgAA,ChIJA-6h40EjDTkR-z8sPLJYZF4
"The Shriram Millennium School, Gurgaon - Best CBSE School in Gurgaon - CBSE Affiliated School in Gurugram",school,school|educational_institution|point_of_interest|establishment,084470 00281,https://www.tsms.org.in/gurugram/,"Sector - 64, Opposite M3M Urbana, adjacent to Orana Conventions, Sector 64, Gurugram, Haryana 122101, India",,,OPERATIONAL,https://maps.google.com/?cid=7711217214416926538&g_mp=Cilnb29nbGUubWFwcy5wbGFjZXMudjEuUGxhY2VzLlNlYXJjaE5lYXJieRACGAQgAA,ChIJq6qq6kgiDTkRSrcyYzO_A2s
"Aanan Manpower Services for Pantry Boys, House Keeping, Cook, Waiters, Drivers",employment_agency,employment_agency|point_of_interest|service|establishment,,,"Sector - 64, Opposite M3M Urbana, adjacent to Orana Conventions, Sector 64, Gurugram, Haryana 122101, India",,,OPERATIONAL,https://maps.google.com/?cid=18340660661006108615&g_mp=Cilnb29nbGUubWFwcy5wbGFjZXMudjEuUGxhY2VzLlNlYXJjaE5lYXJieRACGAQgAA,ChIJaRwxPHkjDTkRxwdAvbIdh_4
Baba valet parking,parking,parking|transportation_service|point_of_interest|establishment,,,"93QF+7VV, Sector 64, Gurugram, Haryana 122101, India",,,OPERATIONAL,https://maps.google.com/?cid=6573207990319135593&g_mp=Cilnb29nbGUubWFwcy5wbGFjZXMudjEuUGxhY2VzLlNlYXJjaE5lYXJieRACGAQgAA,ChIJX-ibBQAjDTkRaTu7Qde5OFs
DLF,apartment_building,apartment_building|point_of_interest|service|establishment,076695 08700,https://www.dlf.in/,"Plot no.12, Sector 64, Gurugram, Haryana 122101, India",5,1,OPERATIONAL,https://maps.google.com/?cid=7401884467025004743&g_mp=Cilnb29nbGUubWFwcy5wbGFjZXMudjEuUGxhY2VzLlNlYXJjaE5lYXJieRACGAQgAA,ChIJq6qq6kgiDTkRx8iBtbTGuGY
DIRECT CARS | Gurgaon,car_dealer,car_dealer|point_of_interest|store|establishment,085888 05508,,"Survey No 53 9/1, opposite M3M Urbana Mall, Sector 64, Gurugram, Haryana 122101, India",4.2,54,OPERATIONAL,https://maps.google.com/?cid=9189008685689258129&g_mp=Cilnb29nbGUubWFwcy5wbGFjZXMudjEuUGxhY2VzLlNlYXJjaE5lYXJieRACGAQgAA,ChIJrSBd27oYDTkRkcB81LbqhX8
Cricket personal trainer,sports_club,sports_club|association_or_organization|point_of_interest|establishment,094586 04109,,"Medabas road, iwca, Sector 64, Gurugram, Haryana 122101, India",5,9,OPERATIONAL,https://maps.google.com/?cid=18440864182691247081&g_mp=Cilnb29nbGUubWFwcy5wbGFjZXMudjEuUGxhY2VzLlNlYXJjaE5lYXJieRACGAQgAA,ChIJb8MgWekjDTkR6TOJMEUc6_8
Shyam sunder jana,housing_complex,housing_complex|point_of_interest|service|establishment,,,"93RG+43C, Sector 64, Gurugram, Haryana 122101, India",,,OPERATIONAL,https://maps.google.com/?cid=16423392461158825584&g_mp=Cilnb29nbGUubWFwcy5wbGFjZXMudjEuUGxhY2VzLlNlYXJjaE5lYXJieRACGAQgAA,ChIJMz3dKQAjDTkRcD4ztm2c6-M
Ch.Satbir dayma farm house.,private_guest_room,private_guest_room|lodging|point_of_interest|establishment,,,"93QG+HHP, Sector 64, Gurugram, Haryana 122101, India",,,OPERATIONAL,https://maps.google.com/?cid=10872570204484938683&g_mp=Cilnb29nbGUubWFwcy5wbGFjZXMudjEuUGxhY2VzLlNlYXJjaE5lYXJieRACGAQgAA,ChIJX9uabAAjDTkRuyvS4f4g45Y
Singer Ankit Shastri,store,store|point_of_interest|establishment,092679 18483,http://singerankitshastri.com/,"near Bharat Petrol Pump, Sector 64, Gurugram, Haryana 122101, India",4.7,13,OPERATIONAL,https://maps.google.com/?cid=161256951134511914&g_mp=Cilnb29nbGUubWFwcy5wbGFjZXMudjEuUGxhY2VzLlNlYXJjaE5lYXJieRACGAQgAA,ChIJ_2XQEPZWgaQRKmPvuVfmPAI
Ch. Fattan Dayma Farm House,playground,playground|point_of_interest|establishment,,,"93QH+C4, Sector 64, Gurugram, Haryana 122101, India",5,2,OPERATIONAL,https://maps.google.com/?cid=12115384733349474624&g_mp=Cilnb29nbGUubWFwcy5wbGFjZXMudjEuUGxhY2VzLlNlYXJjaE5lYXJieRACGAQgAA,ChIJ85NOJh0jDTkRQHF8lDl-Iqg
Rakibul,parking_lot,parking_lot|parking|transportation_service|service|point_of_interest|establishment,,,"93RG+43C, Sector 64, Gurugram, Haryana 122101, India",5,1,OPERATIONAL,https://maps.google.com/?cid=13348974127839237376&g_mp=Cilnb29nbGUubWFwcy5wbGFjZXMudjEuUGxhY2VzLlNlYXJjaE5lYXJieRACGAQgAA,ChIJ9d1ycgAjDTkRANW8TT4VQbk
Kiann Sports,playground,playground|point_of_interest|establishment,,,"Powerplay Sports Academy, behind Sri Ram Millennium School, Medawas, Sector 64, Gurugram, Haryana 122101, India",,,OPERATIONAL,https://maps.google.com/?cid=6092544542159369824&g_mp=Cilnb29nbGUubWFwcy5wbGFjZXMudjEuUGxhY2VzLlNlYXJjaE5lYXJieRACGAQgAA,ChIJqTJ7XIwjDTkRYHanPfsQjVQ
Rahul Singh,camping_cabin,camping_cabin|lodging|point_of_interest|establishment,,,"93RG+43C, Sector 64, Gurugram, Haryana 122101, India",,,OPERATIONAL,https://maps.google.com/?cid=4455666267384218777&g_mp=Cilnb29nbGUubWFwcy5wbGFjZXMudjEuUGxhY2VzLlNlYXJjaE5lYXJieRACGAQgAA,ChIJyX7rLgAjDTkRmYQg8dy01T0
नरबीर,place_of_worship,place_of_worship|association_or_organization|point_of_interest|establishment,,,"93RG+43C, Sector 64, Gurugram, Haryana 122101, India",,,OPERATIONAL,https://maps.google.com/?cid=10037757224791209222&g_mp=Cilnb29nbGUubWFwcy5wbGFjZXMudjEuUGxhY2VzLlNlYXJjaE5lYXJieRACGAQgAA,ChIJI7We1r0jDTkRBnVKfQNHTYs
M3m,store,store|point_of_interest|establishment,,,"93RG+43C, Sector 64, Gurugram, Haryana 122101, India",5,2,OPERATIONAL,https://maps.google.com/?cid=5469861024689076699&g_mp=Cilnb29nbGUubWFwcy5wbGFjZXMudjEuUGxhY2VzLlNlYXJjaE5lYXJieRACGAQgAA,ChIJEb1J19wjDTkR27lYE5_Z6Es
Maa Annpurna Vedic Rasoi,restaurant,restaurant|food|point_of_interest|establishment,,,"Gurvani Narurals Farm, Sector 64, Gurugram, Haryana 122001, India",,,OPERATIONAL,https://maps.google.com/?cid=441305608279926378&g_mp=Cilnb29nbGUubWFwcy5wbGFjZXMudjEuUGxhY2VzLlNlYXJjaE5lYXJieRACGAQgAA,ChIJ8WMi-1YjDTkRaqbp0hzVHwY
JAY SHREE SHYAM PLASTIC,doctor,doctor|health|point_of_interest|establishment,096677 40517,,"Buapur, Sector 64, Gurugram, Haryana 122102, India",5,1,OPERATIONAL,https://maps.google.com/?cid=5630534744400347290&g_mp=Cilnb29nbGUubWFwcy5wbGFjZXMudjEuUGxhY2VzLlNlYXJjaE5lYXJieRACGAQgAA,ChIJMdJlaekjDTkRmkB6p4StI04
Rime Interio Pvt Ltd,general_contractor,general_contractor|service|point_of_interest|establishment,088609 80695,http://www.rimeinterio.com/,"Sector 64, Gurugram, Haryana 122101, India",4.8,6,CLOSED_TEMPORARILY,https://maps.google.com/?cid=16897630107461795530&g_mp=Cilnb29nbGUubWFwcy5wbGFjZXMudjEuUGxhY2VzLlNlYXJjaE5lYXJieRACGAQgAA,ChIJ3ygRxDIjDTkRyr40JQ5xgOo
CSD House,service,service|point_of_interest|establishment,,,"93RG+FV2, Medawas, Sector 64, Gurugram, Haryana 122101, India",,,OPERATIONAL,https://maps.google.com/?cid=5651516252236977914&g_mp=Cilnb29nbGUubWFwcy5wbGFjZXMudjEuUGxhY2VzLlNlYXJjaE5lYXJieRACGAQgAA,ChIJZ015QgAjDTkR-pbuoBY4bk4
Adhana farm house,park,park|point_of_interest|establishment,,,"93QJ+J5H, Medawas, Sector 64, Gurugram, Haryana 122101, India",5,1,OPERATIONAL,https://maps.google.com/?cid=10374310835535391545&g_mp=Cilnb29nbGUubWFwcy5wbGFjZXMudjEuUGxhY2VzLlNlYXJjaE5lYXJieRACGAQgAA,ChIJnZ91YAAjDTkROauSTb30-I8
VehicleCare - RED WHEELS,car_repair,car_wash|electronics_store|auto_parts_store|car_repair|point_of_interest|store|service|establishment,093553 02514,https://vehiclecare.in/landing?utm_source=gmb&utm_medium=red_wheels&utm_campaign=gurugram_gmb,"Sector 64, Gurugram, Haryana 122101, India",4.5,8,OPERATIONAL,https://maps.google.com/?cid=12704617425556653650&g_mp=Cilnb29nbGUubWFwcy5wbGFjZXMudjEuUGxhY2VzLlNlYXJjaE5lYXJieRACGAQgAA,ChIJw8uPGYEjDTkRUsaKkTzeT7A
Adhhana Farm,farm,farm|point_of_interest|service|establishment,,,"370, Prajapati Rd, Sector 64, Gurugram, Haryana 122101, India",5,3,CLOSED_TEMPORARILY,https://maps.google.com/?cid=14037996434288838440&g_mp=Cilnb29nbGUubWFwcy5wbGFjZXMudjEuUGxhY2VzLlNlYXJjaE5lYXJieRACGAQgAA,ChIJI5jlVgAjDTkRKIf8Z2H70MI
Ch Ratiram Dayma farm,farm,farm|point_of_interest|service|establishment,,,"93RJ+2FC, Sector 64, Kadarpur, Gurugram, Haryana 122101, India",5,2,CLOSED_TEMPORARILY,https://maps.google.com/?cid=4111247691211209448&g_mp=Cilnb29nbGUubWFwcy5wbGFjZXMudjEuUGxhY2VzLlNlYXJjaE5lYXJieRACGAQgAA,ChIJMTSfPwAjDTkR6PpJKv4VDjk
Balli dayma farm house,farm,farm|point_of_interest|service|establishment,,,"93QJ+MX, Sector 64, Gurugram, Haryana 122101, India",5,1,CLOSED_TEMPORARILY,https://maps.google.com/?cid=14502569004952111816&g_mp=Cilnb29nbGUubWFwcy5wbGFjZXMudjEuUGxhY2VzLlNlYXJjaE5lYXJieRACGAQgAA,ChIJuywBdwAjDTkRyMrCDqx5Q8k
Almaul Sk,apartment_building,apartment_building|point_of_interest|service|establishment,,,"93RM+F8, Sector 64, Gurugram, Haryana 122098, India",1,1,OPERATIONAL,https://maps.google.com/?cid=17378479649717311984&g_mp=Cilnb29nbGUubWFwcy5wbGFjZXMudjEuUGxhY2VzLlNlYXJjaE5lYXJieRACGAQgAA,ChIJGdBHSwAjDTkR8FnBkSrDLPE
LIBAS,clothing_store,clothing_store|store|point_of_interest|establishment,098183 14497,,"Shop No.1, near Jain Mandir Main Market, Badshahpur, Sector 66, Gurugram, Haryana 122101, India",5,1,CLOSED_TEMPORARILY,https://maps.google.com/?cid=16200650777123840432&g_mp=Cilnb29nbGUubWFwcy5wbGFjZXMudjEuUGxhY2VzLlNlYXJjaE5lYXJieRACGAQgAA,ChIJ15ivIl8jDTkRsGGfDAxG1OA
Verma Dental Clinic,dental_clinic,dental_clinic|medical_clinic|health|point_of_interest|establishment,,,"93R2+V2F, Badshahpur, Sector 38, Gurugram, Haryana 122101, India",,,OPERATIONAL,https://maps.google.com/?cid=3343522701072321013&g_mp=Cilnb29nbGUubWFwcy5wbGFjZXMudjEuUGxhY2VzLlNlYXJjaE5lYXJieRACGAQgAA,ChIJkaT81_AiDTkR9cnejy6UZi4
PREETI DRY CLEANERS BADSHAHPUR,laundry,laundry|service|point_of_interest|establishment,098117 04004,,"Main Bazar, near Jain Dharamsala, Badshahpur, Sector 38, Gurugram, Haryana 122101, India",5,5,OPERATIONAL,https://maps.google.com/?cid=1517893247913531356&g_mp=Cilnb29nbGUubWFwcy5wbGFjZXMudjEuUGxhY2VzLlNlYXJjaE5lYXJieRACGAQgAA,ChIJP5dqKPEiDTkR3JfZ6N2jEBU
KANHA PHOTO STUDIO,electronics_store,home_goods_store|electronics_store|store|service|point_of_interest|establishment,088608 53030,,"Badshahpur, Sector 66, Gurugram, Haryana 122101, India",5,2,OPERATIONAL,https://maps.google.com/?cid=15443506805908169254&g_mp=Cilnb29nbGUubWFwcy5wbGFjZXMudjEuUGxhY2VzLlNlYXJjaE5lYXJieRACGAQgAA,ChIJoXmtjfkjDTkRJuJ75J1bUtY
Sharma Electricals,service,store|service|point_of_interest|establishment,098991 34644,,"92RX+RXP, Badshahpur, Sector 66, Gurugram, Haryana 122101, India",5,2,CLOSED_TEMPORARILY,https://maps.google.com/?cid=12545163032682835255&g_mp=Cilnb29nbGUubWFwcy5wbGFjZXMudjEuUGxhY2VzLlNlYXJjaE5lYXJieRACGAQgAA,ChIJJ7NVJ_EiDTkRNy1spE9fGa4
Apna Gaurav Store,convenience_store,convenience_store|food_store|store|food|point_of_interest|establishment,,,"Badshahpur, Sector 66, Gurugram, Haryana 122101, India",4,1,OPERATIONAL,https://maps.google.com/?cid=10912188103485641385&g_mp=Cilnb29nbGUubWFwcy5wbGFjZXMudjEuUGxhY2VzLlNlYXJjaE5lYXJieRACGAQgAA,ChIJGcAFls0jDTkRqVKBzkPhb5c
Tayal Clinic,medical_clinic,medical_clinic|health|point_of_interest|establishment,098997 15840,,"Badshahpur, Sector 66, Gurugram, Haryana 122101, India",,,OPERATIONAL,https://maps.google.com/?cid=16570015296902602290&g_mp=Cilnb29nbGUubWFwcy5wbGFjZXMudjEuUGxhY2VzLlNlYXJjaE5lYXJieRACGAQgAA,ChIJwd0d2PAiDTkRMh6r7h6F9OU
Shree 1008 Parshwanath Digambar Jain Mandir,place_of_worship,place_of_worship|association_or_organization|point_of_interest|establishment,,https://www.jainsthal.com/badshahpur-prachin-jain-mandir,"Badshahpur, Sector 66, Gurugram, Haryana 122101, India",4.6,136,OPERATIONAL,https://maps.google.com/?cid=14505034524428443007&g_mp=Cilnb29nbGUubWFwcy5wbGFjZXMudjEuUGxhY2VzLlNlYXJjaE5lYXJieRACGAQgAA,ChIJmTU10fAiDTkRf51Viww8TMk
Dudeja Clinic,medical_clinic,medical_clinic|health|point_of_interest|establishment,098734 76405,,"701, Abc, Badshahpur, Sector 38, Gurugram, Haryana 122101, India",,,OPERATIONAL,https://maps.google.com/?cid=15489224734302900928&g_mp=Cilnb29nbGUubWFwcy5wbGFjZXMudjEuUGxhY2VzLlNlYXJjaE5lYXJieRACGAQgAA,ChIJ7SKYKfEiDTkRwJJRltTH9NY
Sonu Mittal Garments,clothing_store,clothing_store|store|point_of_interest|establishment,098116 35060,,"Badshahpur Sohna Rd, Badshahpur, Sector 66, Gurugram, Haryana 122101, India",5,2,OPERATIONAL,https://maps.google.com/?cid=8643999991929542525&g_mp=Cilnb29nbGUubWFwcy5wbGFjZXMudjEuUGxhY2VzLlNlYXJjaE5lYXJieRACGAQgAA,ChIJgQ4o1PAiDTkRfZdw3TGo9Xc
Parmod Photo Frame,service,service|point_of_interest|establishment,090150 72095,,"main sohna road, near jain mandir , Sector 68, Badshahpur, Sector 38, Gurugram, Haryana 122101, India",4.8,11,OPERATIONAL,https://maps.google.com/?cid=13106797265991624802&g_mp=Cilnb29nbGUubWFwcy5wbGFjZXMudjEuUGxhY2VzLlNlYXJjaE5lYXJieRACGAQgAA,ChIJ3T_K0_AiDTkRYuh9rquy5LU
Jama Masjid Badshahpur,mosque,mosque|place_of_worship|association_or_organization|point_of_interest|establishment,,,"93R2+V53, Badshahpur Sohna Rd, Badshahpur, Sector 38, Gurugram, Haryana 122101, India",4.8,32,OPERATIONAL,https://maps.google.com/?cid=10871818612739112608&g_mp=Cilnb29nbGUubWFwcy5wbGFjZXMudjEuUGxhY2VzLlNlYXJjaE5lYXJieRACGAQgAA,ChIJ51sPGPIjDTkRoH7LSm114JY
Nandu Tea Shop,restaurant,restaurant|food|point_of_interest|establishment,099535 66155,,"Shop No 7, Main Bazar, Badshahpur, Sector 38, Gurugram, Haryana 122101, India",5,2,OPERATIONAL,https://maps.google.com/?cid=10639832297806171260&g_mp=Cilnb29nbGUubWFwcy5wbGFjZXMudjEuUGxhY2VzLlNlYXJjaE5lYXJieRACGAQgAA,ChIJybp5UV8jDTkRfAx3RBpHqJM
Pahwa sales centre,general_store,general_store|food_store|store|food|point_of_interest|establishment,060318 12432,,"655, Badshahpur, Sector 66, Gurugram, Haryana 122101, India",5,1,OPERATIONAL,https://maps.google.com/?cid=12386971209887556238&g_mp=Cilnb29nbGUubWFwcy5wbGFjZXMudjEuUGxhY2VzLlNlYXJjaE5lYXJieRACGAQgAA,ChIJ8yJDsp4jDTkRjqJWuK9c56s
Kavita Artificial Jewellery,jewelry_store,jewelry_store|store|point_of_interest|establishment,,,"Kavita Artificial Jewellery,Near Jain Mandir, Bada Bazaar, Badshahpur, Sector 66, Gurugram, Haryana 122101, India",5,3,OPERATIONAL,https://maps.google.com/?cid=14392379167584245634&g_mp=Cilnb29nbGUubWFwcy5wbGFjZXMudjEuUGxhY2VzLlNlYXJjaE5lYXJieRACGAQgAA,ChIJjUaAAbojDTkRgleXTJkAvMc
Jain Dental Clinic,dental_clinic,dental_clinic|medical_clinic|health|point_of_interest|establishment,,,"93R2+P3W, Badshahpur, Sector 38, Gurugram, Haryana 122101, India",5,1,OPERATIONAL,https://maps.google.com/?cid=2235605952308504290&g_mp=Cilnb29nbGUubWFwcy5wbGFjZXMudjEuUGxhY2VzLlNlYXJjaE5lYXJieRACGAQgAA,ChIJdW_N1vAiDTkR4uYY1cR3Bh8
Farhan lover,,point_of_interest|establishment,099113 12924,,"69, Tulip Wite, Badshahpur, Sector 38, Gurugram, Haryana 122101, India",,,CLOSED_TEMPORARILY,https://maps.google.com/?cid=14079221766794667509&g_mp=Cilnb29nbGUubWFwcy5wbGFjZXMudjEuUGxhY2VzLlNlYXJjaE5lYXJieRACGAQgAA,ChIJEwBy_00jDTkR9WW-G5pxY8M
Pachaury Electricals,electrician,electrician|service|point_of_interest|establishment,,,"House No - 1/68, Kakdu Colony, Badshahpur, Sector 38, Gurugram, Haryana 122101, India",,,CLOSED_TEMPORARILY,https://maps.google.com/?cid=10077957909830357387&g_mp=Cilnb29nbGUubWFwcy5wbGFjZXMudjEuUGxhY2VzLlNlYXJjaE5lYXJieRACGAQgAA,ChIJ-2wZKfEiDTkRi9HG3FIZ3Is
Hunny Saluja Photography,service,service|point_of_interest|establishment,093240 22207,http://www.instagram.com/hunny.jpeg/,"near, Tulip Chowk, Tulip Violet Society, Badshahpur, Sector 38, Gurugram, Haryana 122101, India",5,27,OPERATIONAL,https://maps.google.com/?cid=11926009862162769002&g_mp=Cilnb29nbGUubWFwcy5wbGFjZXMudjEuUGxhY2VzLlNlYXJjaE5lYXJieRACGAQgAA,ChIJ-2wZKfEiDTkRamQEbsiygaU
United Colors of Benetton,clothing_store,clothing_store|store|point_of_interest|establishment,,,"93R2+X3M, Badshahpur, Sector 68, Gurugram, Delhi 122101, India",,,CLOSED_TEMPORARILY,https://maps.google.com/?cid=3775662362976049334&g_mp=Cilnb29nbGUubWFwcy5wbGFjZXMudjEuUGxhY2VzLlNlYXJjaE5lYXJieRACGAQgAA,ChIJ-2wZKfEiDTkRttj_MOrYZTQ
Corals Spring's Play School & Daycare,preschool,preschool|child_care_agency|school|educational_institution|service|point_of_interest|establishment,,,"93R3+RF2, Prajapati Rd, Badshahpur, Sector 66, Gurugram, Haryana 122101, India",5,2,OPERATIONAL,https://maps.google.com/?cid=5526233949213949600&g_mp=Cilnb29nbGUubWFwcy5wbGFjZXMudjEuUGxhY2VzLlNlYXJjaE5lYXJieRACGAQgAA,ChIJOTdnqPciDTkRoP6ZYH8gsUw
KUKU BHAWAN,apartment_building,apartment_building|service|point_of_interest|establishment,,,"93R3+Q82, Prajapati Rd, Badshahpur, Sector 66, Gurugram, Haryana 122101, India",5,2,OPERATIONAL,https://maps.google.com/?cid=11679343446239454905&g_mp=Cilnb29nbGUubWFwcy5wbGFjZXMudjEuUGxhY2VzLlNlYXJjaE5lYXJieRACGAQgAA,ChIJIU_iFAAjDTkRuabjCvxcFaI
AC Repair & Service Sector 66 - GlobalWave,service,service|point_of_interest|establishment,,https://www.globalwave.in/location/ac-service-in-sector-66-gurgaon,"93R3+Q82, Prajapati Rd, Badshahpur, Sector 66, Gurugram, Haryana 122101, India",,,OPERATIONAL,https://maps.google.com/?cid=8506811139486755033&g_mp=Cilnb29nbGUubWFwcy5wbGFjZXMudjEuUGxhY2VzLlNlYXJjaE5lYXJieRACGAQgAA,ChIJPWtVCQAjDTkR2ahxDKlDDnY
Saladspoint | Gurgaon Sector 66,salad_shop,salad_shop|restaurant|food|point_of_interest|establishment,085888 82992,https://www.saladspoint.com/,"House No. 1333, Ground Floor, Block 6, Badshahpur, Sector 66, Gurugram, Haryana 122101, India",3,2,OPERATIONAL,https://maps.google.com/?cid=10794552239621543123&g_mp=Cilnb29nbGUubWFwcy5wbGFjZXMudjEuUGxhY2VzLlNlYXJjaE5lYXJieRACGAQgAA,ChIJJyOa60gjDTkR0xQK6BH0zZU
Yadav Traders,wholesaler,wholesaler|food|point_of_interest|establishment,099108 62066,,"Badshahpur, Sector 38, Gurugram, Haryana 122101, India",4.5,19,OPERATIONAL,https://maps.google.com/?cid=546138070382325678&g_mp=Cilnb29nbGUubWFwcy5wbGFjZXMudjEuUGxhY2VzLlNlYXJjaE5lYXJieRACGAQgAA,ChIJ-SE7vFojDTkRrq90c65FlAc
KK services,service,service|point_of_interest|establishment,080743 19925,,"279, Prajapati Rd, near Badshahpur Sohna Road, Ramgarh, Sector 66, Gurugram, Haryana 122101, India",5,5,OPERATIONAL,https://maps.google.com/?cid=4253770922440981995&g_mp=Cilnb29nbGUubWFwcy5wbGFjZXMudjEuUGxhY2VzLlNlYXJjaE5lYXJieRACGAQgAA,ChIJk5w2FlgjDTkR6_360x1uCDs
MIND WOOD WORK,manufacturer,manufacturer|point_of_interest|establishment,099539 51996,https://mindwoodwork.com/,"93R3+PFC, Prajapati Rd, Badshahpur, Sector 66, Gurugram, Haryana 122101, India",1,1,OPERATIONAL,https://maps.google.com/?cid=13785438774010787131&g_mp=Cilnb29nbGUubWFwcy5wbGFjZXMudjEuUGxhY2VzLlNlYXJjaE5lYXJieRACGAQgAA,ChIJPQ_cb2IjDTkROzXPzYa3T78
Caterspoint | Gurgaon Sector 66,restaurant,restaurant|food|point_of_interest|establishment,085888 82992,https://www.caterspoint.com/,"House No. 1333, Ground Floor, Block 6, Badshahpur, Sector 66, Gurugram, Haryana 122101, India",2.3,3,OPERATIONAL,https://maps.google.com/?cid=9505736305063115523&g_mp=Cilnb29nbGUubWFwcy5wbGFjZXMudjEuUGxhY2VzLlNlYXJjaE5lYXJieRACGAQgAA,ChIJYddofk0jDTkRAzvST84o64M
Narendra Hair Saloon,hair_salon,hair_salon|hair_care|service|point_of_interest|establishment,095403 64522,,"Badshahpur, Sector 68 Kumharwara, near Prajapati Dharamshala, Badshahpur, Sector 38, Gurugram, Haryana 122101, India",,,OPERATIONAL,https://maps.google.com/?cid=12683152722601446454&g_mp=Cilnb29nbGUubWFwcy5wbGFjZXMudjEuUGxhY2VzLlNlYXJjaE5lYXJieRACGAQgAA,ChIJe6vmoGMjDTkRNgyw9jOcA7A
Kadarpur road,apartment_complex,apartment_complex|service|point_of_interest|establishment,,,"93R3+PFC, Prajapati Rd, Badshahpur, Sector 66, Gurugram, Haryana 122101, India",4.2,6,OPERATIONAL,https://maps.google.com/?cid=8218421173114305010&g_mp=Cilnb29nbGUubWFwcy5wbGFjZXMudjEuUGxhY2VzLlNlYXJjaE5lYXJieRACGAQgAA,ChIJT1dffXMjDTkR8vkGjoOyDXI
JP Gujjar plot,housing_complex,housing_complex|service|point_of_interest|establishment,,,"93R3+M8F, Prajapati Rd, Badshahpur, Sector 68, Gurugram, Haryana 122101, India",5,1,OPERATIONAL,https://maps.google.com/?cid=18361577270896552967&g_mp=Cilnb29nbGUubWFwcy5wbGFjZXMudjEuUGxhY2VzLlNlYXJjaE5lYXJieRACGAQgAA,ChIJZ5JiUgAjDTkRB-ysez5t0f4
Zoplar Warehouse,storage,storage|point_of_interest|establishment,,,"279, Prajapati Rd, Ramgarh, Sector 66, Gurugram, Haryana 122101, India",4.8,4,OPERATIONAL,https://maps.google.com/?cid=654948199722527512&g_mp=Cilnb29nbGUubWFwcy5wbGFjZXMudjEuUGxhY2VzLlNlYXJjaE5lYXJieRACGAQgAA,ChIJY4cbUQAjDTkRGCu-5urXFgk
Seventh Heaven Best PG and 1RK,service,service|point_of_interest|establishment,070426 63242,https://seventh-heaven.in/,"Prajapati Rd, Badshahpur, Sector 66, Gurugram, Haryana 122101, India",4,145,OPERATIONAL,https://maps.google.com/?cid=13159944042016457297&g_mp=Cilnb29nbGUubWFwcy5wbGFjZXMudjEuUGxhY2VzLlNlYXJjaE5lYXJieRACGAQgAA,ChIJ7-v6KQAjDTkRUcJowGGDobY
Ansh PG,condominium_complex,condominium_complex|service|point_of_interest|establishment,,,"93R3+VJJ, Q131, Prajapati Rd, Badshahpur, Sector 66, Gurugram, Haryana 122101, India",,,OPERATIONAL,https://maps.google.com/?cid=12639137009674845405&g_mp=Cilnb29nbGUubWFwcy5wbGFjZXMudjEuUGxhY2VzLlNlYXJjaE5lYXJieRACGAQgAA,ChIJSStAEQAjDTkR3XwpMSU8Z68
Four Heaven EG,housing_complex,housing_complex|service|point_of_interest|establishment,,,"Q131, Prajapati Rd, Badshahpur, Sector 66, Gurugram, Haryana 122101, India",,,OPERATIONAL,https://maps.google.com/?cid=2617839647313853389&g_mp=Cilnb29nbGUubWFwcy5wbGFjZXMudjEuUGxhY2VzLlNlYXJjaE5lYXJieRACGAQgAA,ChIJ632DRgAjDTkRzXsTEUpvVCQ
Seventh vila,service,service|point_of_interest|establishment,,,"93R3+VJ6, Badshahpur, Sector 66, Gurugram, Haryana 122101, India",,,OPERATIONAL,https://maps.google.com/?cid=16922873544116350437&g_mp=Cilnb29nbGUubWFwcy5wbGFjZXMudjEuUGxhY2VzLlNlYXJjaE5lYXJieRACGAQgAA,ChIJG3nxOAAjDTkR5S3pv9Mf2uo
KHIMAIWAL PALACE,housing_complex,housing_complex|service|point_of_interest|establishment,,,"Badshahpur, Sector 66, Gurugram, Haryana 122101, India",,,OPERATIONAL,https://maps.google.com/?cid=3482746603137941210&g_mp=Cilnb29nbGUubWFwcy5wbGFjZXMudjEuUGxhY2VzLlNlYXJjaE5lYXJieRACGAQgAA,ChIJLXuNaN0jDTkR2j68SpUzVTA
Nishant Health Clinic,medical_clinic,medical_clinic|health|point_of_interest|establishment,,,"412, Ramgarh, Sector 66, Gurugram, Haryana 122101, India",5,1,OPERATIONAL,https://maps.google.com/?cid=1521736613203779862&g_mp=Cilnb29nbGUubWFwcy5wbGFjZXMudjEuUGxhY2VzLlNlYXJjaE5lYXJieRACGAQgAA,ChIJmaz8LgAjDTkRFqG3H2NLHhU
Roni,association_or_organization,service|association_or_organization|point_of_interest|establishment,,,"412, Ramgarh, Sector 66, Gurugram, Haryana 122101, India",,,OPERATIONAL,https://maps.google.com/?cid=10757476707133520308&g_mp=Cilnb29nbGUubWFwcy5wbGFjZXMudjEuUGxhY2VzLlNlYXJjaE5lYXJieRACGAQgAA,ChIJnz9bqYUjDTkRtHk70BE8SpU
Live With Subarna,consultant,wellness_center|consultant|health|service|point_of_interest|establishment,093115 46900,https://www.livewithsubarna.com/,"Badshahpur, Sector 66, Gurugram, Haryana 122101, India",5,3,OPERATIONAL,https://maps.google.com/?cid=6191626149690267384&g_mp=Cilnb29nbGUubWFwcy5wbGFjZXMudjEuUGxhY2VzLlNlYXJjaE5lYXJieRACGAQgAA,ChIJAbnR738jDTkR-NZOsi0T7VU
8287502088,lodging,lodging|point_of_interest|establishment,,,"Badshahpur, Sector 66, Gurugram, Haryana 122101, India",,,OPERATIONAL,https://maps.google.com/?cid=13509162024113497538&g_mp=Cilnb29nbGUubWFwcy5wbGFjZXMudjEuUGxhY2VzLlNlYXJjaE5lYXJieRACGAQgAA,ChIJp3oce1giDTkRwmV7TEkvers
Richa,makeup_artist,makeup_artist|point_of_interest|establishment,098910 16653,,"Emaar- The Enclave, Q 101, Badshahpur, Sector 66, Gurugram, Haryana 122101, India",5,23,OPERATIONAL,https://maps.google.com/?cid=1702475538231017464&g_mp=Cilnb29nbGUubWFwcy5wbGFjZXMudjEuUGxhY2VzLlNlYXJjaE5lYXJieRACGAQgAA,ChIJAQAA8AYZDTkR-D8NX3tooBc
Batta Farm,storage,storage|point_of_interest|establishment,,,"Rect No. 97-1/2, Badshahpur, Sector 66, Gurugram, Haryana 122101, India",3.3,3,OPERATIONAL,https://maps.google.com/?cid=16177224320978508363&g_mp=Cilnb29nbGUubWFwcy5wbGFjZXMudjEuUGxhY2VzLlNlYXJjaE5lYXJieRACGAQgAA,ChIJszSbMfsjDTkRS9q7L88LgeA
Driver Service On Rent,local_government_office,local_government_office|government_office|point_of_interest|establishment,087001 63005,,"Badshahpur, Sector 66, Gurugram, Haryana 122101, India",3.9,7,OPERATIONAL,https://maps.google.com/?cid=12491595564274410859&g_mp=Cilnb29nbGUubWFwcy5wbGFjZXMudjEuUGxhY2VzLlNlYXJjaE5lYXJieRACGAQgAA,ChIJIfQSReAjDTkRa-VrfvsPW60
Blinkit Store(Dark Store),storage,storage|point_of_interest|establishment,,,"93R4+FH7, Badshahpur, Sector 66, Gurugram, Haryana 122101, India",3.8,28,OPERATIONAL,https://maps.google.com/?cid=17958300703799295278&g_mp=Cilnb29nbGUubWFwcy5wbGFjZXMudjEuUGxhY2VzLlNlYXJjaE5lYXJieRACGAQgAA,ChIJ6Q0f75YjDTkRLr2ay1ezOPk
SVHN Computers,service,point_of_interest|service|establishment,,,"93R4+X64, Prajapati Rd, RR colony, Badshahpur, Sector 67, Gurugram, Haryana 122101, India",5,1,OPERATIONAL,https://maps.google.com/?cid=17073078413208550004&g_mp=Cilnb29nbGUubWFwcy5wbGFjZXMudjEuUGxhY2VzLlNlYXJjaE5lYXJieRACGAQgAA,ChIJ492CGAAjDTkRdHqvGVzC7-w
SCHOLARS ACADEMY FOR MANAGEMENT & SCIENCE,association_or_organization,association_or_organization|educational_institution|point_of_interest|establishment,097115 57945,,"93V5+23H, Prajapati Rd, Badshahpur, Sector 66, Gurugram, Haryana 122101, India",4,1,OPERATIONAL,https://maps.google.com/?cid=7459050540726166500&g_mp=Cilnb29nbGUubWFwcy5wbGFjZXMudjEuUGxhY2VzLlNlYXJjaE5lYXJieRACGAQgAA,ChIJHZktZ1giDTkR5COrcfLeg2c
Jai Bajrang bali dry cleaners,service,point_of_interest|service|establishment,093102 71275,https://jai-bajrang-bali.grexa.site/,"near Hanuman ji Temple, Badshahpur, Sector 66, Gurugram, Haryana 122001, India",5,5,OPERATIONAL,https://maps.google.com/?cid=15779406845874543835&g_mp=Cilnb29nbGUubWFwcy5wbGFjZXMudjEuUGxhY2VzLlNlYXJjaE5lYXJieRACGAQgAA,ChIJfT09XRIjDTkR2xy4Zuy2-9o
New Shree Krishna Pharmacy,pharmacy,pharmacy|health|store|point_of_interest|establishment,098997 78055,,"Shop # 1, Om Complex, Sector 66 Main Rd, Badshahpur, Sector 38, Gurugram, Haryana 122101, India",4.6,22,OPERATIONAL,https://maps.google.com/?cid=17884040320104704055&g_mp=Cilnb29nbGUubWFwcy5wbGFjZXMudjEuUGxhY2VzLlNlYXJjaE5lYXJieRACGAQgAA,ChIJC41WM3ojDTkRN6ia3OrfMPg
Heritage Learning School,,point_of_interest|establishment,,http://heritagexperiential.org/about-us/school-profile/,"93V5+335, Prajapati Rd, Badshahpur, Sector 38, Gurugram, Haryana 122101, India",,,OPERATIONAL,https://maps.google.com/?cid=11758878309657708846&g_mp=Cilnb29nbGUubWFwcy5wbGFjZXMudjEuUGxhY2VzLlNlYXJjaE5lYXJieRACGAQgAA,ChIJHZktZ1giDTkRLokxfIXtL6M
american dental clinic,dental_clinic,dental_clinic|medical_clinic|health|point_of_interest|establishment,098730 94198,,"opp. kaderpur road, Badshahpur, Sector 66, Gurugram, Haryana 122101, India",5,2,OPERATIONAL,https://maps.google.com/?cid=9013845220333029811&g_mp=Cilnb29nbGUubWFwcy5wbGFjZXMudjEuUGxhY2VzLlNlYXJjaE5lYXJieRACGAQgAA,ChIJDZktZ1giDTkRs4lNcnicF30
Dilhi,bakery,bakery|food_store|store|food|point_of_interest|establishment,,,"5875, Badshahpur, Sector 66, Gurugram, Haryana 122101, India",5,1,OPERATIONAL,https://maps.google.com/?cid=320368206141420875&g_mp=Cilnb29nbGUubWFwcy5wbGFjZXMudjEuUGxhY2VzLlNlYXJjaE5lYXJieRACGAQgAA,ChIJFRjRSAAjDTkRS3VjpC8tcgQ
"Campana Kids Retail Store, Gurgaon Sector 66",store,store|point_of_interest|establishment,,,"93R4+CJP, Ullawas Dhani Road, Sector 62, Sector 38, Gurugram, Haryana 122101, India",,,OPERATIONAL,https://maps.google.com/?cid=1901914758896110614&g_mp=Cilnb29nbGUubWFwcy5wbGFjZXMudjEuUGxhY2VzLlNlYXJjaE5lYXJieRACGAQgAA,ChIJN2MPCgAjDTkRFkwTfWX1ZBo
Instamart Dark Store,warehouse_store,warehouse_store|store|point_of_interest|establishment,,,"66, Badshahpur, Sector 66, Gurugram, Haryana 122101, India",3.7,18,OPERATIONAL,https://maps.google.com/?cid=17927756939047109655&g_mp=Cilnb29nbGUubWFwcy5wbGFjZXMudjEuUGxhY2VzLlNlYXJjaE5lYXJieRACGAQgAA,ChIJl0M2jUIjDTkRF4RyY_MvzPg
Happy Homez India Pvt. Ltd.,general_contractor,general_contractor|point_of_interest|service|establishment,,https://www.happy-homez.com/,"MUSTIL NO 97 KILLA NO 8, 66 MALL, 2/1/2/1, adjoining TO HUB, Badshahpur, Sector 67, Gurugram, Haryana 122101, India",5,5,OPERATIONAL,https://maps.google.com/?cid=15743765257803025237&g_mp=Cilnb29nbGUubWFwcy5wbGFjZXMudjEuUGxhY2VzLlNlYXJjaE5lYXJieRACGAQgAA,ChIJS1kE81YjDTkRVUt8ghYXfdo
Subrat,apartment_building,apartment_building|point_of_interest|service|establishment,,,"Rect No. 97, 1/2, Badshahpur, Sector 66, Gurugram, Haryana 122101, India",4,4,OPERATIONAL,https://maps.google.com/?cid=8889641777296425453&g_mp=Cilnb29nbGUubWFwcy5wbGFjZXMudjEuUGxhY2VzLlNlYXJjaE5lYXJieRACGAQgAA,ChIJd9-F9kUjDTkR7cE53BhaXns
Chandan Kumar,apartment_building,apartment_building|point_of_interest|service|establishment,,,"93R4+G7V, Badshahpur, Sector 38, Gurugram, Haryana 122101, India",1,1,OPERATIONAL,https://maps.google.com/?cid=14189168616976078697&g_mp=Cilnb29nbGUubWFwcy5wbGFjZXMudjEuUGxhY2VzLlNlYXJjaE5lYXJieRACGAQgAA,ChIJhRweWgAjDTkRadf6AK4N6sQ
D'Decor Store Gurgaon / Decor India Furnishings,store,furniture_store|home_improvement_store|general_contractor|home_goods_store|store|point_of_interest|service|establishment,099117 23130,https://www.decorindiafurnishings.com/,"Hub 66, Main, Prajapati Rd, opp. Ansal Esencia C Block Road, Badshahpur, Sector 66, Gurugram, Haryana 122018, India",4.7,164,OPERATIONAL,https://maps.google.com/?cid=12650325539277553886&g_mp=Cilnb29nbGUubWFwcy5wbGFjZXMudjEuUGxhY2VzLlNlYXJjaE5lYXJieRACGAQgAA,ChIJD36gDBEjDTkR3sCwvQ38jq8
CP Vet Sector 66,veterinary_care,veterinary_care|point_of_interest|pet_care|establishment,096256 46104,https://www.cpvet.in/,"Shop no. 4, Ground Floor, HUB 66 Mall, Badshahpur, Sector 66, Gurugram, Haryana 122009, India",5,18,OPERATIONAL,https://maps.google.com/?cid=14205490782242970024&g_mp=Cilnb29nbGUubWFwcy5wbGFjZXMudjEuUGxhY2VzLlNlYXJjaE5lYXJieRACGAQgAA,ChIJj9pyXLojDTkRqJmtP5oKJMU
F.p,hindu_temple,hindu_temple|place_of_worship|association_or_organization|point_of_interest|establishment,,,"93R4+G7V, Badshahpur, Sector 38, Gurugram, Haryana 122101, India",4.4,5,OPERATIONAL,https://maps.google.com/?cid=4538526640661580211&g_mp=Cilnb29nbGUubWFwcy5wbGFjZXMudjEuUGxhY2VzLlNlYXJjaE5lYXJieRACGAQgAA,ChIJw65LdwAjDTkRs8lH_O4V_D4
"Zigly - Pet Hospital, Pet Grooming & Pet Products | AIPL, Sector-66, Gurgaon",veterinary_care,veterinary_care|pet_store|doctor|pet_care|service|health|store|point_of_interest|establishment,08071 912 468,https://zigly.com/pages/appointment-form,"Unit no 113, Ground Floor, AIPL JOY STREET, Badshahpur, Sector 66, Gurugram, Haryana 122018, India",4.7,345,OPERATIONAL,https://maps.google.com/?cid=8414840031144899787&g_mp=Cilnb29nbGUubWFwcy5wbGFjZXMudjEuUGxhY2VzLlNlYXJjaE5lYXJieRACGAQgAA,ChIJI51jiAMjDTkRy_QgsmyEx3Q
EMORI,jewelry_store,jewelry_store|store|point_of_interest|establishment,096672 17998,https://www.emori.in/,"Mall, Ground floor, AIPL JOY STREET, Shop 128-129, Badshahpur, Sector 66, Gurugram, Haryana 122101, India",4.8,535,OPERATIONAL,https://maps.google.com/?cid=5330737602051515322&g_mp=Cilnb29nbGUubWFwcy5wbGFjZXMudjEuUGxhY2VzLlNlYXJjaE5lYXJieRACGAQgAA,ChIJt69JQdlZmWQRuiMZCZuV-kk
EyeMyEye - Eyecare & Opticals Shop at Sector 66 Gurgaon,store,service|wholesaler|health|store|point_of_interest|establishment,,https://www.eyemyeye.com/,"Unit No 128 & 129 Ground Floor, AIPL JOY STREET, Badshahpur, Sector 66, Gurugram, Haryana 122101, India",4.9,41,CLOSED_TEMPORARILY,https://maps.google.com/?cid=7379257439121366694&g_mp=Cilnb29nbGUubWFwcy5wbGFjZXMudjEuUGxhY2VzLlNlYXJjaE5lYXJieRACGAQgAA,ChIJVXzjd9AjDTkRpt78PItjaGY
Meenakshi Hair Divine,hair_salon,nail_salon|hair_salon|beauty_salon|hair_care|service|point_of_interest|establishment,098215 34141,http://www.meenakshihairdivine.com/,"shop 112, Gf, Aipl Joystreet, Golf Extension Road, Badshahpur, Sector 66, Gurugram, Haryana 122101, India",5,86,OPERATIONAL,https://maps.google.com/?cid=2080688819304030435&g_mp=Cilnb29nbGUubWFwcy5wbGFjZXMudjEuUGxhY2VzLlNlYXJjaE5lYXJieRACGAQgAA,ChIJ-5uUVdsjDTkR42C-CnUX4Bw
Raheja Farms Badshahpur,farm,farm|service|point_of_interest|establishment,,,"93V6+39F, Badshahpur, Sector 66, Gurugram, Haryana 122101, India",4.3,10,OPERATIONAL,https://maps.google.com/?cid=14692506819061220860&g_mp=Cilnb29nbGUubWFwcy5wbGFjZXMudjEuUGxhY2VzLlNlYXJjaE5lYXJieRACGAQgAA,ChIJx1dTgMojDTkR_AUmkhtF5ss
GIVA Silver & Gold Jewellery | AIPL Joy Street | Lab Grown Diamonds,jewelry_store,jewelry_store|manufacturer|service|wholesaler|store|point_of_interest|establishment,091089 62608,https://www.giva.co/?utm_source=Google&utm_medium=GMB,"Unit no. GF 118, AIPL JOY STREET, 119, Sector 66U, Badshahpur, Sector 66, Gurugram, Haryana 122101, India",4.9,437,OPERATIONAL,https://maps.google.com/?cid=4139490939244599161&g_mp=Cilnb29nbGUubWFwcy5wbGFjZXMudjEuUGxhY2VzLlNlYXJjaE5lYXJieRACGAQgAA,ChIJWxtWX5YjDTkReVefyBNtcjk
jüSTa Residences-AIPL Joy Street Gurgaon,hotel,hotel|lodging|point_of_interest|establishment,0124 411 6647,https://www.justahotels.com/justa-residences-aipl-joy-street/,"Badshahpur Sohna Rd, Badshahpur, Sector 66, Gurugram, Haryana 122101, India",4.3,42,OPERATIONAL,https://maps.google.com/?cid=13421821085727478443&g_mp=Cilnb29nbGUubWFwcy5wbGFjZXMudjEuUGxhY2VzLlNlYXJjaE5lYXJieRACGAQgAA,ChIJC2ZvtFkiDTkRq1KiZSrjQ7o
"CaratLane Jewellery AIPL, Gurugram",jewelry_store,jewelry_store|wholesaler|store|point_of_interest|establishment,080 6925 1485,https://www.caratlane.com/stores/stores/aipl-joy-street-gurugram-319/catalog?utm_source=Google_GMB&utm_medium=GMB_Organic&utm_campaign=GMB,"Shop 116, Ground Floor, AIPL JOY STREET, 117, Gujjar Rd, Badshahpur, Sector 66, Gurugram, Haryana 122101, India",5,1535,OPERATIONAL,https://maps.google.com/?cid=13369640038668077724&g_mp=Cilnb29nbGUubWFwcy5wbGFjZXMudjEuUGxhY2VzLlNlYXJjaE5lYXJieRACGAQgAA,ChIJPehyiyEjDTkRnIqmn8eAirk
Eesha’s Salon,beauty_salon,beauty_salon|nail_salon|service|point_of_interest|establishment,096679 86396,https://theeeshabrand.com/,"Eesha’s Salon Salon address, ground floor shop number 105/122, AIPL JOY STREET, Badshahpur, Sector 66, Gurugram, Haryana 122018, India",5,123,OPERATIONAL,https://maps.google.com/?cid=1864512023852845823&g_mp=Cilnb29nbGUubWFwcy5wbGFjZXMudjEuUGxhY2VzLlNlYXJjaE5lYXJieRACGAQgAA,ChIJuUQyxlrxjGUR_4oxnc4T4Bk
Gatsby Studios,lodging,lodging|service|point_of_interest|establishment,082879 93252,,"AIPL JOYSTREET, Badshahpur, Sector 66, Gurugram, Haryana 122101, India",3.7,26,OPERATIONAL,https://maps.google.com/?cid=18104547282023804009&g_mp=Cilnb29nbGUubWFwcy5wbGFjZXMudjEuUGxhY2VzLlNlYXJjaE5lYXJieRACGAQgAA,ChIJi9L8tkMjDTkRaexKvNRFQPs
Cafe Joy,restaurant,restaurant|point_of_interest|food|establishment,063974 10036,,"Shop No 12, Badshahpur, Sector 65, Gurugram, Haryana 122101, India",4,4,OPERATIONAL,https://maps.google.com/?cid=16435290736042907586&g_mp=Cilnb29nbGUubWFwcy5wbGFjZXMudjEuUGxhY2VzLlNlYXJjaE5lYXJieRACGAQgAA,ChIJpeYd8z4jDTkRwhcbttjhFeQ
Luxury Apartment by IOI Serenity Suites,lodging,lodging|point_of_interest|establishment,,https://www.bluepillow.com/search/67a2411b905c444f2d0a9a6e?dest=ago&cat=Vacation+rental+(other)&lat=28.39173&lng=77.05989&language=en,"Sector 67, Gurugram, Haryana 122101, India",,,OPERATIONAL,https://maps.google.com/?cid=13244658448921736569&g_mp=Cilnb29nbGUubWFwcy5wbGFjZXMudjEuUGxhY2VzLlNlYXJjaE5lYXJieRACGAQgAA,ChIJ90XRt1kiDTkReTVbo696zrc
Luxury Apartment In Gurgaon - One-Bedroom Apartment,lodging,lodging|point_of_interest|establishment,,https://www.bluepillow.com/search/66263e3b4338d48a8fc6e24b?dest=bkng&cat=Apartment&lat=28.39245&lng=77.05961&language=en,"Badshahpur, Sector 66, Gurugram, Haryana 122101, India",,,OPERATIONAL,https://maps.google.com/?cid=5783222094569981717&g_mp=Cilnb29nbGUubWFwcy5wbGFjZXMudjEuUGxhY2VzLlNlYXJjaE5lYXJieRACGAQgAA,ChIJ4VHsrVkiDTkRFccIrNohQlA
Sojourn Stays- Oasis of Luxury - One-Bedroom Apartment,lodging,lodging|point_of_interest|establishment,,,"Badshahpur, Sector 66, Gurugram, Haryana 122101, India",,,OPERATIONAL,https://maps.google.com/?cid=7584497856559803614&g_mp=Cilnb29nbGUubWFwcy5wbGFjZXMudjEuUGxhY2VzLlNlYXJjaE5lYXJieRACGAQgAA,ChIJj4ZgtFkiDTkR3mz1u52MQWk
SUN N LITE DRY CLEANERS,laundry,laundry|service|point_of_interest|establishment,098113 83085,https://www.sunnlitedrycleaners.com/,"Shop No . 25A, AIPL JOY STREET, Mall, Badshahpur, Sector 67, Gurugram, Haryana 122101, India",5,6,OPERATIONAL,https://maps.google.com/?cid=761321150214262613&g_mp=Cilnb29nbGUubWFwcy5wbGFjZXMudjEuUGxhY2VzLlNlYXJjaE5lYXJieRACGAQgAA,ChIJzf8erTEjDTkRVU-Dbo3BkAo
Balaji Hair Solutions,medical_clinic,medical_clinic|hair_care|health|store|point_of_interest|supplier|establishment,080 6548 9585,http://balajihairsolutions.in/,"Ground floor, near AIPL tower, Badshahpur, Sector 65, Gurugram, Haryana 122102, India",5,6,OPERATIONAL,https://maps.google.com/?cid=915136373343933867&g_mp=Cilnb29nbGUubWFwcy5wbGFjZXMudjEuUGxhY2VzLlNlYXJjaE5lYXJieRACGAQgAA,ChIJKSLYcIUjDTkRq1U01q43sww
Silver World® | AIPL Joy Street | Exquisite Silver Jewelry and Gifts,jewelry_store,jewelry_store|store|point_of_interest|establishment,095997 35409,https://www.silverworld.co/,"AIPL JOY STREET #96, Ground Floor, Badshahpur, Sector 66, Gurugram, Haryana 122101, India",5,12,OPERATIONAL,https://maps.google.com/?cid=5486347951873069317&g_mp=Cilnb29nbGUubWFwcy5wbGFjZXMudjEuUGxhY2VzLlNlYXJjaE5lYXJieRACGAQgAA,ChIJs36DOYAjDTkRBRGW8WRsI0w
Blue Tokai Coffee Roasters | AIPL Joy Street,coffee_shop,coffee_shop|cafe|coffee_roastery|food_store|store|point_of_interest|food|establishment,092897 44469,https://stores.bluetokaicoffee.com/blue-tokai-coffee-roasters-aipl-joy-street-cafe-sector-66-gurugram-436753/Home?utm_source=locator&utm_medium=googleplaces,"Shop No, Ground Floor, AIPL JOY STREET, 97 & 98, Gujjar Rd, Badshahpur, Sector 66, Gurugram, Haryana 122101, India",4.4,177,OPERATIONAL,https://maps.google.com/?cid=1045318598870669217&g_mp=Cilnb29nbGUubWFwcy5wbGFjZXMudjEuUGxhY2VzLlNlYXJjaE5lYXJieRACGAQgAA,ChIJbQ6SnVAjDTkRoZfLMrq3gQ4
Suchali's Artisan Bakehouse - AIPL Joy Street,bakery,bakery|food_store|store|point_of_interest|food|establishment,092897 44469,https://cafe.suchalisartisanbakehouse.com/sector-66-gurugram-37686/home?utm_source=GBP,"Shop No 97-98, Ground Floor, AIPL JOY STREET, Badshahpur, Sector 66, Gurugram, Haryana 122101, India",3.2,5,OPERATIONAL,https://maps.google.com/?cid=5026545062778182502&g_mp=Cilnb29nbGUubWFwcy5wbGFjZXMudjEuUGxhY2VzLlNlYXJjaE5lYXJieRACGAQgAA,ChIJf-pFobgjDTkRZhtjUhrgwUU
"BlueStone Jewellery Aipl Joy Street, Gurugram",jewelry_store,jewelry_store|manufacturer|service|wholesaler|store|point_of_interest|establishment,080972 87760,https://www.bluestone.com/,"GF, 53 & 54, B, AIPL JOY STREET, Badshahpur, Sector 66, Gurugram, Haryana 122101, India",5,520,OPERATIONAL,https://maps.google.com/?cid=8067806435996964962&g_mp=Cilnb29nbGUubWFwcy5wbGFjZXMudjEuUGxhY2VzLlNlYXJjaE5lYXJieRACGAQgAA,ChIJc_DqHvojDTkRYpg1XjWb9m8
MOHEET TRADERS,building_materials_store,building_materials_store|store|point_of_interest|establishment,,,"Sector 67, Gurugram, Haryana 122101, India",5,1,OPERATIONAL,https://maps.google.com/?cid=11388861601845998956&g_mp=Cilnb29nbGUubWFwcy5wbGFjZXMudjEuUGxhY2VzLlNlYXJjaE5lYXJieRACGAQgAA,ChIJp1vrRAAjDTkRbPUdPkldDZ4
Sariful islaam,tailor,tailor|service|point_of_interest|establishment,076786 98924,,"Prajapati Rd, Taler Badshapur, Sector 67, Gurugram, Haryana 122101, India",,,CLOSED_TEMPORARILY,https://maps.google.com/?cid=4058518352285168283&g_mp=Cilnb29nbGUubWFwcy5wbGFjZXMudjEuUGxhY2VzLlNlYXJjaE5lYXJieRACGAQgAA,ChIJE2yjqlIjDTkRm3JcPvDAUjg
Rajesh Battery - Amaron Car Battery Dealer / Luminous Inverter Battery Dealer In Gurugram,,auto_parts_store|car_repair|store|service|point_of_interest|establishment,092110 45116,https://rajesh-battery.grexa.site/,"Shop no.4 victory valley club , ireo victory valley, Prajapati Rd, Sector 67, Gurugram, Haryana 122001, India",5,13,OPERATIONAL,https://maps.google.com/?cid=4228415763012338519&g_mp=Cilnb29nbGUubWFwcy5wbGFjZXMudjEuUGxhY2VzLlNlYXJjaE5lYXJieRACGAQgAA,ChIJB0wlUMojDTkRV0MDvbtZrjo
समरजीत फ्लावर्स डेकोरेशन एचपी पेट्रोल पंप के सामने,gift_shop,gift_shop|store|point_of_interest|establishment,,,"93R7+W3V Prajapati Road Badshahpur, Taler, Sector 67, Gurugram, Haryana 122101, India",,,OPERATIONAL,https://maps.google.com/?cid=8956800772369263172&g_mp=Cilnb29nbGUubWFwcy5wbGFjZXMudjEuUGxhY2VzLlNlYXJjaE5lYXJieRACGAQgAA,ChIJNX7rbgAjDTkRRKoD6djyTHw
समरजीत फॉलोवर्स,association_or_organization,service|association_or_organization|point_of_interest|establishment,,,"93R7+Q3C, Sector 67, Gurugram, Haryana 122101, India",,,OPERATIONAL,https://maps.google.com/?cid=13687623757343109566&g_mp=Cilnb29nbGUubWFwcy5wbGFjZXMudjEuUGxhY2VzLlNlYXJjaE5lYXJieRACGAQgAA,ChIJB986cgAjDTkRvjGig0k19L0
"D9, Ireo Victory Valley",apartment_building,apartment_building|service|point_of_interest|establishment,,,"Sector 67, Gurugram, Haryana 122101, India",5,1,OPERATIONAL,https://maps.google.com/?cid=8287211326580526421&g_mp=Cilnb29nbGUubWFwcy5wbGFjZXMudjEuUGxhY2VzLlNlYXJjaE5lYXJieRACGAQgAA,ChIJzR4EFFoiDTkRVQ1tQ8sWAnM
Fresh Juice Shop,juice_shop,juice_shop|food|point_of_interest|establishment,088530 51371,,"Shop No. 11, Sector 67, Gurugram, Haryana 122101, India",3,4,OPERATIONAL,https://maps.google.com/?cid=4625908135499982057&g_mp=Cilnb29nbGUubWFwcy5wbGFjZXMudjEuUGxhY2VzLlNlYXJjaE5lYXJieRACGAQgAA,ChIJfWFpiMojDTkR6eQQrPCGMkA
Somari Surin,apartment_building,apartment_building|service|point_of_interest|establishment,,,"93R7+QG2, Ireo Victory Valley Rd, Sector 67, Gurugram, Haryana 122101, India",,,OPERATIONAL,https://maps.google.com/?cid=7604591877864898485&g_mp=Cilnb29nbGUubWFwcy5wbGFjZXMudjEuUGxhY2VzLlNlYXJjaE5lYXJieRACGAQgAA,ChIJudbqWAAjDTkRtT_1pQXwiGk
Parveen Singla,apartment_building,apartment_building|service|point_of_interest|establishment,,,"a, 504, Ireo Victory Valley Rd, Sector 67, Gurugram, Haryana 122101, India",,,OPERATIONAL,https://maps.google.com/?cid=16783158783347643188&g_mp=Cilnb29nbGUubWFwcy5wbGFjZXMudjEuUGxhY2VzLlNlYXJjaE5lYXJieRACGAQgAA,ChIJK7RBSgAjDTkRNNNpEv7B6eg
Pearliya by Anaya,apartment_complex,apartment_complex|service|point_of_interest|establishment,098100 75764,https://pearliya.my.canva.site/,"Ireo Victory Valley Rd, Sector 67, Gurugram, Haryana 122101, India",,,OPERATIONAL,https://maps.google.com/?cid=7339906071581616469&g_mp=Cilnb29nbGUubWFwcy5wbGFjZXMudjEuUGxhY2VzLlNlYXJjaE5lYXJieRACGAQgAA,ChIJWfYE0JEjDTkRVelaAa-V3GU
"Victory valley, Sector 67, Gurgaon",apartment_building,apartment_building|service|point_of_interest|establishment,,,"D25, Ireo Victory Valley Rd, Sector 67, Gurugram, Haryana 122101, India",,,OPERATIONAL,https://maps.google.com/?cid=9389133702279282037&g_mp=Cilnb29nbGUubWFwcy5wbGFjZXMudjEuUGxhY2VzLlNlYXJjaE5lYXJieRACGAQgAA,ChIJYQlFWgAjDTkRdT0BQVvnTII
Sheelraj Dry Cleaners,laundry,laundry|service|point_of_interest|establishment,099905 88839,,"shop no.15, Ireo, Sector 67, Gurugram, Haryana 122101, India",5,35,OPERATIONAL,https://maps.google.com/?cid=5837138571961796523&g_mp=Cilnb29nbGUubWFwcy5wbGFjZXMudjEuUGxhY2VzLlNlYXJjaE5lYXJieRACGAQgAA,ChIJmeVzshojDTkRq4eDzpquAVE
Pro Sofa Repair Gurgaon,service,service|point_of_interest|establishment,095576 55621,https://prosofarepairgurgaon.in/,"Shop No 18 & 19, CCS Market, Gujjar Chowk, opposite Ireo Victory Valley Road, Sector 66, Gurugram, Haryana 122101, India",4.9,54,OPERATIONAL,https://maps.google.com/?cid=17718506847286425295&g_mp=Cilnb29nbGUubWFwcy5wbGFjZXMudjEuUGxhY2VzLlNlYXJjaE5lYXJieRACGAQgAA,ChIJcxteZ7EjDTkRz3bV1hnI5PU
Gaji koloni,association_or_organization,service|association_or_organization|point_of_interest|establishment,,,"93R7+Q3C, Sector 67, Gurugram, Haryana 122101, India",,,OPERATIONAL,https://maps.google.com/?cid=8457091246503052439&g_mp=Cilnb29nbGUubWFwcy5wbGFjZXMudjEuUGxhY2VzLlNlYXJjaE5lYXJieRACGAQgAA,ChIJL9nSHgAjDTkRl0ThXK6fXXU
Minal Karim,car_repair,car_repair|service|point_of_interest|establishment,082503 41548,,"Ny Patrol Pam, Badshahpur Main Rd, Sector 67, Gurugram, Haryana 122101, India",,,OPERATIONAL,https://maps.google.com/?cid=2625749345557511402&g_mp=Cilnb29nbGUubWFwcy5wbGFjZXMudjEuUGxhY2VzLlNlYXJjaE5lYXJieRACGAQgAA,ChIJByg1VmMjDTkR6nwrMx6JcCQ
Tasmin Mobile,auto_parts_store,auto_parts_store|car_repair|store|service|point_of_interest|establishment,070291 66371,,"shop No 9, Prajapati Rd, near metrbali, Sector 67, Gurugram, Haryana 122101, India",,,CLOSED_TEMPORARILY,https://maps.google.com/?cid=9015230642529587483&g_mp=Cilnb29nbGUubWFwcy5wbGFjZXMudjEuUGxhY2VzLlNlYXJjaE5lYXJieRACGAQgAA,ChIJsUIRhxUjDTkRG1ExMIGIHH0
Sector 52 gurgaon,massage,massage|service|point_of_interest|establishment,,,"93V7+225, Sector 67, Gurugram, Haryana 122101, India",4.5,15,OPERATIONAL,https://maps.google.com/?cid=11301192017207132642&g_mp=Cilnb29nbGUubWFwcy5wbGFjZXMudjEuUGxhY2VzLlNlYXJjaE5lYXJieRACGAQgAA,ChIJATTSXAAjDTkR4oEcbEPm1Zw
Najirul,child_care_agency,child_care_agency|clothing_store|store|service|point_of_interest|establishment,076790 75481,,"Ireo, VICTORY VALLEY, Sector 67, Ireo, Gurugram, Haryana 122101, India",,,OPERATIONAL,https://maps.google.com/?cid=15435078213427053466&g_mp=Cilnb29nbGUubWFwcy5wbGFjZXMudjEuUGxhY2VzLlNlYXJjaE5lYXJieRACGAQgAA,ChIJ_7N5_tYjDTkRmsOwR9tpNNY
ImanAli home,butcher_shop,butcher_shop|food_store|store|manufacturer|service|food|point_of_interest|establishment,,,"93R6+WXC, Badshahpur, Sector 66, Gurugram, Haryana 122101, India",,,OPERATIONAL,https://maps.google.com/?cid=7652720451944959470&g_mp=Cilnb29nbGUubWFwcy5wbGFjZXMudjEuUGxhY2VzLlNlYXJjaE5lYXJieRACGAQgAA,ChIJ4WRuXQAjDTkR7s2Lh7TsM2o
Najim Ali,car_repair,car_repair|service|point_of_interest|establishment,088601 36336,,"Victory Valley Block, VICTORY VALLEY, Prajapati Rd, Badshahpur, Sector 67, Gurugram, Haryana 122101, India",5,2,OPERATIONAL,https://maps.google.com/?cid=11196733424731577289&g_mp=Cilnb29nbGUubWFwcy5wbGFjZXMudjEuUGxhY2VzLlNlYXJjaE5lYXJieRACGAQgAA,ChIJFZa2tZUjDTkRyVveGbrJYps
Funbytes M3M Urbana Premium,fast_food_restaurant,fast_food_restaurant|restaurant|food|point_of_interest|establishment,,https://www.funbytes.in/,"Shop no 12, M3M Urbana Premium, premium, Golf course extension road, Sector 67, Gurugram, Haryana 122101, India",3.2,9,OPERATIONAL,https://maps.google.com/?cid=13080677646843011235&g_mp=Cilnb29nbGUubWFwcy5wbGFjZXMudjEuUGxhY2VzLlNlYXJjaE5lYXJieRACGAQgAA,ChIJ8SHpbdcjDTkRo2B48QPnh7U
Doctor home visit by Indrashila Hospital,doctor,doctor|health|point_of_interest|establishment,,http://doctorathome.in/,"93R8+RJH, Sector 67, Gurugram, Haryana 122101, India",3,2,OPERATIONAL,https://maps.google.com/?cid=7603620240263391337&g_mp=Cilnb29nbGUubWFwcy5wbGFjZXMudjEuUGxhY2VzLlNlYXJjaE5lYXJieRACGAQgAA,ChIJc52FCAAjDTkRaajeo1J8hWk
"Cars24 - Buy, Sell, Finance Used Cars in M3M Urbana, Gurgaon",car_dealer,car_dealer|store|finance|point_of_interest|establishment,089297 59586,https://www.cars24.com/buy-used-cars-gurgaon/?source=locationSelector&utm_source=gmb_buy&utm_medium=gurgaon_gmb&utm_campaign=gmb_786,"Shop No. 14, M3M URBANA, beside Head Master Salon Premium, Sector 67, Gurugram, Haryana 122002, India",4.8,1711,OPERATIONAL,https://maps.google.com/?cid=8359025408555048472&g_mp=Cilnb29nbGUubWFwcy5wbGFjZXMudjEuUGxhY2VzLlNlYXJjaE5lYXJieRACGAQgAA,ChIJJ-SuYakjDTkRGF5jMVI5AXQ
Luxury Studios Key 6 - One-Bedroom Apartment,lodging,lodging|point_of_interest|establishment,,,"Sector 67, Gurugram, Haryana 122101, India",,,OPERATIONAL,https://maps.google.com/?cid=8674844404764743822&g_mp=Cilnb29nbGUubWFwcy5wbGFjZXMudjEuUGxhY2VzLlNlYXJjaE5lYXJieRACGAQgAA,ChIJMSHdlFoiDTkRjpjJWwY9Y3g
Luxury Studios Key 6 - Entire Place,lodging,lodging|point_of_interest|establishment,,https://www.booking.com/hotel/in/luxury-studios-key-6.en-gb.html?aid=2068758&utm_source=seogooglelocal&utm_medium=description&utm_term=hotel-11351200&utm_campaign=en-gb&label=seogooglelocal-link-imagesaow-hotel-11351200_grp-0_gendate-20260615,"Sector 67, Gurugram, Haryana 122101, India",,,OPERATIONAL,https://maps.google.com/?cid=1349974882610294958&g_mp=Cilnb29nbGUubWFwcy5wbGFjZXMudjEuUGxhY2VzLlNlYXJjaE5lYXJieRACGAQgAA,ChIJMSHdlFoiDTkRrrCv1QATvBI
LIGHTPILLAR,finance,finance|point_of_interest|establishment,093117 79659,http://www.lightpillar.in/,"6th Floor, M3M Urbana Premium, 608A, Golf Course Ext Rd, सेक्टर ६७, गुरुग्राम, हरियाणा 122101, India",,,OPERATIONAL,https://maps.google.com/?cid=15713151956261958044&g_mp=Cilnb29nbGUubWFwcy5wbGFjZXMudjEuUGxhY2VzLlNlYXJjaE5lYXJieRACGAQgAA,ChIJ4-YePM0jDTkRnHG6znNUENo
The Glutton Cafe,north_indian_restaurant,north_indian_restaurant|indian_restaurant|restaurant|food|point_of_interest|establishment,093199 32119,,"Shop no. 19,20, Ground Floor, M3M Urbana Premium, Premium, Badshahpur, Sector 67, Gurugram, Haryana 122101, India",4.7,44,OPERATIONAL,https://maps.google.com/?cid=6413979732832550127&g_mp=Cilnb29nbGUubWFwcy5wbGFjZXMudjEuUGxhY2VzLlNlYXJjaE5lYXJieRACGAQgAA,ChIJu9NulRcjDTkR7_wJlJUIA1k
Dtdc courier - Alka International Service,courier_service,courier_service|shipping_service|service|point_of_interest|establishment,096250 55595,https://dtdc-courier-alka.grexa.site/,"1st Floor, M3M URBANA, R1. 120, near Axis Bank, Market, Sector 67, Gurugram, Haryana 122101, India",4.2,10,OPERATIONAL,https://maps.google.com/?cid=8695026830637387411&g_mp=Cilnb29nbGUubWFwcy5wbGFjZXMudjEuUGxhY2VzLlNlYXJjaE5lYXJieRACGAQgAA,ChIJY8W9YtMjDTkRk86hkNXwqng
Wave Cinemas,movie_theater,movie_theater|point_of_interest|establishment,,http://www.wavecinemas.com/,"M3M Urbana Premium, Premium, Sector 67, Gurugram, Haryana 122101, India",4.4,958,OPERATIONAL,https://maps.google.com/?cid=2259865339942707059&g_mp=Cilnb29nbGUubWFwcy5wbGFjZXMudjEuUGxhY2VzLlNlYXJjaE5lYXJieRACGAQgAA,ChIJw1vYw6MjDTkRc5-Aq42nXB8
Tichch | Furniture & Home Interiors,furniture_store,furniture_store|home_improvement_store|home_goods_store|store|point_of_interest|establishment,,https://tichch.com/,"First Floor, Urbana Premium, Unit No. 18, Sector 67, Gurugram, Haryana 122101, India",5,1,OPERATIONAL,https://maps.google.com/?cid=6175970083377298077&g_mp=Cilnb29nbGUubWFwcy5wbGFjZXMudjEuUGxhY2VzLlNlYXJjaE5lYXJieRACGAQgAA,ChIJFYA2lncjDTkRnboksxF0tVU
Luxury Studios Key 7 - One-Bedroom Apartment,lodging,lodging|point_of_interest|establishment,,https://www.freecancellations.com/search/F2olE1UAHiFXWVIHXFsFRloMWE1hQVIW?lat=28.39232&lng=77.0663&language=en,"Sector 67, Gurugram, Haryana 122101, India",,,OPERATIONAL,https://maps.google.com/?cid=9800530856606702490&g_mp=Cilnb29nbGUubWFwcy5wbGFjZXMudjEuUGxhY2VzLlNlYXJjaE5lYXJieRACGAQgAA,ChIJD7TSlFoiDTkRmhtMfuN6Aog
Luxury Studios Key 7 - One-Bedroom Apartment,lodging,lodging|point_of_interest|establishment,,https://www.bluepillow.com/search/65ca0e0b671b07d23c6c047d?dest=bkng&cat=Apartment&lat=28.39232&lng=77.0663&language=en,"Sector 67, Gurugram, Haryana 122101, India",,,OPERATIONAL,https://maps.google.com/?cid=15464157757667373005&g_mp=Cilnb29nbGUubWFwcy5wbGFjZXMudjEuUGxhY2VzLlNlYXJjaE5lYXJieRACGAQgAA,ChIJg0st61oiDTkRzW9dSIy5m9Y
DHABA HR 26,restaurant,restaurant|food|point_of_interest|establishment,072900 12626,,"M3M Urbana Premium, near Hanuman Mandir, Sector 67, Gurugram, Haryana 122101, India",4.1,105,CLOSED_TEMPORARILY,https://maps.google.com/?cid=16784818601118204340&g_mp=Cilnb29nbGUubWFwcy5wbGFjZXMudjEuUGxhY2VzLlNlYXJjaE5lYXJieRACGAQgAA,ChIJtxgd4vMjDTkRtAEFg5an7-g
The Basics Atta Chakki,asian_grocery_store,asian_grocery_store|grocery_store|food_store|store|manufacturer|food|point_of_interest|establishment,098838 38394,,"M3M Urbana Premium, premium, near Hanuman mandir, Sector 67, Gurugram, Haryana 122101, India",5,6,OPERATIONAL,https://maps.google.com/?cid=6976827387610848138&g_mp=Cilnb29nbGUubWFwcy5wbGFjZXMudjEuUGxhY2VzLlNlYXJjaE5lYXJieRACGAQgAA,ChIJ0QSISwUjDTkRitvCUYur0mA
Gupta's Food Corner,fast_food_restaurant,fast_food_restaurant|restaurant|food|point_of_interest|establishment,,,"Gujjar road, society, near VICTORY VALLEY, Sector 67, Gurugram, Haryana 122101, India",3.8,13,OPERATIONAL,https://maps.google.com/?cid=104038544650001410&g_mp=Cilnb29nbGUubWFwcy5wbGFjZXMudjEuUGxhY2VzLlNlYXJjaE5lYXJieRACGAQgAA,ChIJ89BO6KsjDTkRAtzPUIGecQE
Studio A2Z ( Interior | Renovation | Turnkey | Construction ),general_contractor,general_contractor|manufacturer|service|point_of_interest|establishment,096677 17714,http://www.studioa2z.in/,"First Floor, Entry 2, M3M Urbana Premium, 018, Golf Course Extension Road, Sector 67, Gurugram, Haryana 122102, India",4.5,179,OPERATIONAL,https://maps.google.com/?cid=14163173778856414202&g_mp=Cilnb29nbGUubWFwcy5wbGFjZXMudjEuUGxhY2VzLlNlYXJjaE5lYXJieRACGAQgAA,ChIJ4aJWamUfDTkR-gvdHIOzjcQ
SOLUTION SPECIALISTS,real_estate_agency,real_estate_agency|service|point_of_interest|establishment,081307 75389,http://www.solutionspecialists.in/,"415, Fourth Floor, Block C M3M Urbana, Sector 67, Gurugram, Haryana 122101, India",4.9,116,OPERATIONAL,https://maps.google.com/?cid=17034262169579705829&g_mp=Cilnb29nbGUubWFwcy5wbGFjZXMudjEuUGxhY2VzLlNlYXJjaE5lYXJieRACGAQgAA,ChIJT5T4BVAiDTkR5VWsHDHbZew
Krishna Outlet,clothing_store,clothing_store|store|point_of_interest|establishment,,,"M3M Urbana Premium, Golf Course Ext Rd, Sector 67, Gurugram, Haryana 122101, India",5,2,OPERATIONAL,https://maps.google.com/?cid=18046845604068104074&g_mp=Cilnb29nbGUubWFwcy5wbGFjZXMudjEuUGxhY2VzLlNlYXJjaE5lYXJieRACGAQgAA,ChIJ8R05IwAjDTkRipfM6nVGc_o
Chao Chao,restaurant,restaurant|food|point_of_interest|establishment,099106 60485,https://chaochao.in/,"Shop No R1-102, Chao Chao, First Floor, M3M Urbana Premium, Golf Course Ext Rd, Sector 67, Gurugram, Haryana 122101, India",5,10,OPERATIONAL,https://maps.google.com/?cid=13139172364729260061&g_mp=Cilnb29nbGUubWFwcy5wbGFjZXMudjEuUGxhY2VzLlNlYXJjaE5lYXJieRACGAQgAA,ChIJM-Je9JIjDTkRHRhRwqa3V7Y
Windy Street,accounting,accounting|finance|service|point_of_interest|establishment,,http://thewindystreet.com/,"17th Floor, M3M Urbana Premium Business Park, Samrat Mihir Bhoj Rd, Sector 67 Gurjar, Sector 67, Gurugram, Haryana 122102, India",4.4,11,OPERATIONAL,https://maps.google.com/?cid=8076900246623911237&g_mp=Cilnb29nbGUubWFwcy5wbGFjZXMudjEuUGxhY2VzLlNlYXJjaE5lYXJieRACGAQgAA,ChIJ6Qat2uAZDTkRRX1IJvvpFnA
"Heritage Xperiential Learning School, Sector 64",school,primary_school|secondary_school|preschool|school|educational_institution|child_care_agency|point_of_interest|service|establishment,092891 20340,https://www.heritagexperiential.org/,"5, Prajapati Rd, Sector 64, Gurugram, Haryana 122005, India",,,OPERATIONAL,https://maps.google.com/?cid=16442003615421196140&g_mp=Cilnb29nbGUubWFwcy5wbGFjZXMudjEuUGxhY2VzLlNlYXJjaE5lYXJieRACGAQgAA,ChIJXT2aJc0jDTkRbGfevCy7LeQ
Heritage Experiential 64 Sector - Drop Point,point_of_interest,point_of_interest|establishment,,,"93R9+CPR, Sector 64, Gurugram, Haryana 122101, India",,,OPERATIONAL,https://maps.google.com/?cid=12947951207665401090&g_mp=Cilnb29nbGUubWFwcy5wbGFjZXMudjEuUGxhY2VzLlNlYXJjaE5lYXJieRACGAQgAA,ChIJFY9KSwAjDTkRAn38rQVdsLM
Proposed Tulasi Clinic,hospital,hospital|medical_clinic|point_of_interest|health|service|establishment,,,"93R9+CPR, Sector 64, Gurugram, Haryana 122101, India",3.2,5,OPERATIONAL,https://maps.google.com/?cid=634526760747578119&g_mp=Cilnb29nbGUubWFwcy5wbGFjZXMudjEuUGxhY2VzLlNlYXJjaE5lYXJieRACGAQgAA,ChIJdfdw9U8iDTkRB7PWHrpKzgg
Detroit,manufacturer,manufacturer|point_of_interest|establishment,,,"93R9+R88, Sector 64, Gurugram, Haryana 122101, India",5,1,CLOSED_TEMPORARILY,https://maps.google.com/?cid=5905595439768642104&g_mp=Cilnb29nbGUubWFwcy5wbGFjZXMudjEuUGxhY2VzLlNlYXJjaE5lYXJieRACGAQgAA,ChIJ2WN4bQAjDTkROKKTZsPj9FE
Vinay valet parking,parking_lot,parking_lot|parking|point_of_interest|transportation_service|service|establishment,,,"93R9+C8V, Sector 64, Gurugram, Haryana 122101, India",5,1,OPERATIONAL,https://maps.google.com/?cid=735985854400268630&g_mp=Cilnb29nbGUubWFwcy5wbGFjZXMudjEuUGxhY2VzLlNlYXJjaE5lYXJieRACGAQgAA,ChIJIeAir8UjDTkRVok9Mzy_Ngo
ISB&M Gurgaon,educational_institution,educational_institution|point_of_interest|establishment,099111 68573,,"93V9+89P, Sector 64, Gurugram, Haryana 122101, India",5,1,CLOSED_TEMPORARILY,https://maps.google.com/?cid=11802060632265234907&g_mp=Cilnb29nbGUubWFwcy5wbGFjZXMudjEuUGxhY2VzLlNlYXJjaE5lYXJieRACGAQgAA,ChIJY3q1hXUjDTkR25nKc51XyaM
Deuce Sports - Badminton Arena (BWF approved surface and High quality lighting),sports_club,sports_club|association_or_organization|point_of_interest|establishment,074286 82277,http://www.deucesports.in/,"Sector 64, Gurugram, Haryana 122101, India",4.6,390,OPERATIONAL,https://maps.google.com/?cid=15664041455639090585&g_mp=Cilnb29nbGUubWFwcy5wbGFjZXMudjEuUGxhY2VzLlNlYXJjaE5lYXJieRACGAQgAA,ChIJORmcg_sjDTkRmVVcVrbaYdk
Awasthi Cab service,taxi_service,taxi_service|point_of_interest|transportation_service|service|establishment,098719 54688,,"Sector 64, Gurugram, Haryana 122101, India",4.9,12,OPERATIONAL,https://maps.google.com/?cid=15103234562186089888&g_mp=Cilnb29nbGUubWFwcy5wbGFjZXMudjEuUGxhY2VzLlNlYXJjaE5lYXJieRACGAQgAA,ChIJXbh_bScjDTkRoBWBXtB3mdE
Santosh Yadav crane services,service,point_of_interest|service|establishment,098706 91913,,"Prajapati Rd, Badshahpur, Sector 65, Gurugram, Haryana 122102, India",,,OPERATIONAL,https://maps.google.com/?cid=3935636519383324834&g_mp=Cilnb29nbGUubWFwcy5wbGFjZXMudjEuUGxhY2VzLlNlYXJjaE5lYXJieRACGAQgAA,ChIJOc7SgXMjDTkRotjl_o8wnjY
100 keys realty,general_contractor,general_contractor|real_estate_agency|point_of_interest|service|establishment,083840 63783,http://www.100keysrealty.com/,"Sector 64, Gurugram, Haryana 122101, India",4.8,8,OPERATIONAL,https://maps.google.com/?cid=5460990281543203950&g_mp=Cilnb29nbGUubWFwcy5wbGFjZXMudjEuUGxhY2VzLlNlYXJjaE5lYXJieRACGAQgAA,ChIJ____C1AiDTkRbjw-PbpVyUs
Orana Conventions,convention_center,convention_center|banquet_hall|event_venue|point_of_interest|service|establishment,085888 83826,https://oranagroup.in/orana-gurugram.php,"Ramgarh, Sector 64, Golf Course Extension Road, Mall, opposite M3M Urbana Premium, Sector 64, Gurugram, Haryana 122101, India",4.4,3505,OPERATIONAL,https://maps.google.com/?cid=17562741707434717463&g_mp=Cilnb29nbGUubWFwcy5wbGFjZXMudjEuUGxhY2VzLlNlYXJjaE5lYXJieRACGAQgAA,ChIJHUet8U8iDTkRF3GVEYhku_M
Naman building materials,building_materials_store,building_materials_store|point_of_interest|store|establishment,074610 01893,,"Opp.m3m urbana gate no 1sec 64, Sector 64, Gurugram, Haryana 122101, India",4.5,4,OPERATIONAL,https://maps.google.com/?cid=16834595522278886763&g_mp=Cilnb29nbGUubWFwcy5wbGFjZXMudjEuUGxhY2VzLlNlYXJjaE5lYXJieRACGAQgAA,ChIJQXDEhjkjDTkRa43QGm9_oOk
Kidzee - Sector 64,preschool,preschool|school|educational_institution|child_care_agency|point_of_interest|service|establishment,072910 52163,https://www.kidzee.com/,"opposite M3M URBANA, beside Orana Convention, Sector 64, Gurugram, Haryana 122001, India",4.9,39,OPERATIONAL,https://maps.google.com/?cid=11601506049400347608&g_mp=Cilnb29nbGUubWFwcy5wbGFjZXMudjEuUGxhY2VzLlNlYXJjaE5lYXJieRACGAQgAA,ChIJWWIeFUIjDTkR2JsN1kjUAKE
Khataná palace,apartment_building,apartment_building|point_of_interest|service|establishment,099352 87926,,"6, Yhvhh, Sector 64, Gurugram, Haryana 122101, India",3,2,OPERATIONAL,https://maps.google.com/?cid=5516859527812389016&g_mp=Cilnb29nbGUubWFwcy5wbGFjZXMudjEuUGxhY2VzLlNlYXJjaE5lYXJieRACGAQgAA,ChIJs35cPO4jDTkRmJj8zoLSj0w
Renting room,housing_complex,housing_complex|point_of_interest|service|establishment,,,"93R9+Q3F, Sector 64, Gurugram, Haryana 122101, India",,,OPERATIONAL,https://maps.google.com/?cid=707830894564492755&g_mp=Cilnb29nbGUubWFwcy5wbGFjZXMudjEuUGxhY2VzLlNlYXJjaE5lYXJieRACGAQgAA,ChIJ805qIQAjDTkR00WQx3K40gk
Redcliffe Labs - Collection Centre,medical_clinic,medical_lab|medical_clinic|doctor|point_of_interest|health|establishment,079 6912 2968,https://redcliffelabs.com/centre/redcliffe-labs-in-haryana-gurugram-sector-64-54912,"Shoop No-1, Mall, near Drama Convention, opp. M3M Urbana Premium, Sector 64, Gurugram, Haryana 122101, India",5,6,OPERATIONAL,https://maps.google.com/?cid=194298514394152397&g_mp=Cilnb29nbGUubWFwcy5wbGFjZXMudjEuUGxhY2VzLlNlYXJjaE5lYXJieRACGAQgAA,ChIJ-cSEwxAjDTkRzX3ZKnhJsgI
Sports Essentials,sporting_goods_store,sporting_goods_store|point_of_interest|store|establishment,088004 69622,,"opposite M3M Urbana Premium, Sector 64, Gurugram, Haryana 122101, India",4.5,2,OPERATIONAL,https://maps.google.com/?cid=15000378884133564054&g_mp=Cilnb29nbGUubWFwcy5wbGFjZXMudjEuUGxhY2VzLlNlYXJjaE5lYXJieRACGAQgAA,ChIJU-J_0hkjDTkRli4NpR4NLNA
Dr. Neha Singhal,dentist,dentist|point_of_interest|health|establishment,095600 31546,https://drnehasdentalcare.com/,"Elitecare Clinics, opp. M3M Urbana Premium, near Orana Conventions, Sector 64, Gurugram, Haryana 122101, India",5,50,OPERATIONAL,https://maps.google.com/?cid=9137307379625377776&g_mp=Cilnb29nbGUubWFwcy5wbGFjZXMudjEuUGxhY2VzLlNlYXJjaE5lYXJieRACGAQgAA,ChIJrZIh50YjDTkR8D8gdqY8zn4
Digital Payment One Time,fast_food_restaurant,fast_food_restaurant|restaurant|food|point_of_interest|establishment,099111 44761,,"Maidawas Rd, near Ram Mohan Mandir, Medawas, Sector 64, Bhuyapur, Gurugram, Haryana 122101, India",,,OPERATIONAL,https://maps.google.com/?cid=7544407847332982803&g_mp=Cilnb29nbGUubWFwcy5wbGFjZXMudjEuUGxhY2VzLlNlYXJjaE5lYXJieRACGAQgAA,ChIJD9xu8RMjDTkRE7DzFPces2g
DR.JITENDER Orthopedic,doctor,doctor|point_of_interest|health|establishment,,,"Oppo, M3M Urbana Premium, near orana Convention, Sector 64, Gurugram, Haryana 122101, India",5,1,OPERATIONAL,https://maps.google.com/?cid=3856588942638837656&g_mp=Cilnb29nbGUubWFwcy5wbGFjZXMudjEuUGxhY2VzLlNlYXJjaE5lYXJieRACGAQgAA,ChIJj56oxtgjDTkRmO-v0jVbhTU
Sabir mobaile riperig shop,apartment_building,apartment_building|service|point_of_interest|establishment,,,"93VC+6M5, Sector 64, Gurugram, Haryana 122101, India",,,OPERATIONAL,https://maps.google.com/?cid=13397969591775349945&g_mp=Cilnb29nbGUubWFwcy5wbGFjZXMudjEuUGxhY2VzLlNlYXJjaE5lYXJieRACGAQgAA,ChIJlxJpYQAjDTkRuUxBtVsm77k
LavisHomes,real_estate_agency,real_estate_agency|service|point_of_interest|establishment,,https://lavishomes.in/,"Paras Trinity, Sector 62, Gurugram, Haryana 122011, India",5,6,CLOSED_TEMPORARILY,https://maps.google.com/?cid=872561144903983607&g_mp=Cilnb29nbGUubWFwcy5wbGFjZXMudjEuUGxhY2VzLlNlYXJjaE5lYXJieRACGAQgAA,ChIJtyiUIm6zuqwR92HP_rz1Gww
Sahil Dayma,housing_complex,housing_complex|service|point_of_interest|establishment,,,"93RG+PPC, Sector 64, Gurugram, Haryana 122101, India",,,OPERATIONAL,https://maps.google.com/?cid=4329309620894483989&g_mp=Cilnb29nbGUubWFwcy5wbGFjZXMudjEuUGxhY2VzLlNlYXJjaE5lYXJieRACGAQgAA,ChIJOxaVe5EjDTkRFcYYnCnMFDw
Good air and heater,storage,storage|point_of_interest|establishment,,,"93RG+QH9, Sector 64, Gurugram, Haryana 122101, India",5,2,OPERATIONAL,https://maps.google.com/?cid=7629662676999209663&g_mp=Cilnb29nbGUubWFwcy5wbGFjZXMudjEuUGxhY2VzLlNlYXJjaE5lYXJieRACGAQgAA,ChIJa27TDQAjDTkRvwKY8scB4mk
Shiv Mandir,hindu_temple,hindu_temple|place_of_worship|association_or_organization|point_of_interest|establishment,,,"Sector 64, Gurugram, Haryana 122101, India",4.7,12,OPERATIONAL,https://maps.google.com/?cid=8493656283705930413&g_mp=Cilnb29nbGUubWFwcy5wbGFjZXMudjEuUGxhY2VzLlNlYXJjaE5lYXJieRACGAQgAA,ChIJ587GKkYiDTkRrXKOgmOH33U
Ch. Hazari Lal Dayma (H.L.D GROUP),association_or_organization,association_or_organization|point_of_interest|establishment,,,"Sector 64, Gurugram, Haryana 122005, India",4.7,3,OPERATIONAL,https://maps.google.com/?cid=13544039839479485450&g_mp=Cilnb29nbGUubWFwcy5wbGFjZXMudjEuUGxhY2VzLlNlYXJjaE5lYXJieRACGAQgAA,ChIJxfTmvBwjDTkRCtTpf3kY9rs
Choudhary Sunhari Dayma ji,association_or_organization,service|association_or_organization|point_of_interest|establishment,,,"93RG+PPC, Sector 64, Gurugram, Haryana 122101, India",,,OPERATIONAL,https://maps.google.com/?cid=4475521064268498730&g_mp=Cilnb29nbGUubWFwcy5wbGFjZXMudjEuUGxhY2VzLlNlYXJjaE5lYXJieRACGAQgAA,ChIJmcB9zX8jDTkRKoeAFLI-HD4
Robin Dayma Niwas,apartment_building,apartment_building|service|point_of_interest|establishment,,,"Sector 64, Gurugram, Haryana 122101, India",,,OPERATIONAL,https://maps.google.com/?cid=18437320301860560026&g_mp=Cilnb29nbGUubWFwcy5wbGFjZXMudjEuUGxhY2VzLlNlYXJjaE5lYXJieRACGAQgAA,ChIJ5bZwKgAjDTkRmhx_IiGF3v8
Home,housing_complex,housing_complex|service|point_of_interest|establishment,,,"93RG+PPC, Sector 64, Gurugram, Haryana 122101, India",3,2,OPERATIONAL,https://maps.google.com/?cid=1250070025121988518&g_mp=Cilnb29nbGUubWFwcy5wbGFjZXMudjEuUGxhY2VzLlNlYXJjaE5lYXJieRACGAQgAA,ChIJyx5elg4jDTkRpn_CjxAkWRE
Pioneer Sports park sector 64,sports_club,sports_club|association_or_organization|point_of_interest|establishment,097117 23017,,"Pioneer sports park, Sector 64, Gurugram, Haryana 122001, India",4.5,219,OPERATIONAL,https://maps.google.com/?cid=14924245032746306477&g_mp=Cilnb29nbGUubWFwcy5wbGFjZXMudjEuUGxhY2VzLlNlYXJjaE5lYXJieRACGAQgAA,ChIJrWvELRcjDTkRrUu7BcmRHc8
GTS,breakfast_restaurant,breakfast_restaurant|restaurant|food|point_of_interest|establishment,,,"Sani Mandir road, Medawas, Sector 64, Gurugram, Haryana 122101, India",5,1,CLOSED_TEMPORARILY,https://maps.google.com/?cid=11407492290242958269&g_mp=Cilnb29nbGUubWFwcy5wbGFjZXMudjEuUGxhY2VzLlNlYXJjaE5lYXJieRACGAQgAA,ChIJJT9tiwgjDTkRvVPwacyNT54
IWCA (Indian Warriors Cricket Academy ),sports_club,athletic_field|sports_club|sports_activity_location|association_or_organization|point_of_interest|establishment,094675 09870,,"Pioneer Sports Park, opposite World Mark, Sector 64, Gurugram, Haryana 122101, India",5,247,OPERATIONAL,https://maps.google.com/?cid=4787749491825742033&g_mp=Cilnb29nbGUubWFwcy5wbGFjZXMudjEuUGxhY2VzLlNlYXJjaE5lYXJieRACGAQgAA,ChIJ-d9_GGcjDTkR0ZDU1cuAcUI
Dharamraj Dayma 🏠,association_or_organization,service|association_or_organization|point_of_interest|establishment,,,"93RG+HVR, Medawas, Sector 64, Gurugram, Haryana 122101, India",5,1,OPERATIONAL,https://maps.google.com/?cid=11281603343766395338&g_mp=Cilnb29nbGUubWFwcy5wbGFjZXMudjEuUGxhY2VzLlNlYXJjaE5lYXJieRACGAQgAA,ChIJ_y5jFaYjDTkRyhkO-ndOkJw
L&T Labour Colony,campground,campground|lodging|point_of_interest|establishment,,,"93VG+56R, Sector 64, Gurugram, Haryana 122101, India",3.9,19,OPERATIONAL,https://maps.google.com/?cid=15827226385622103480&g_mp=Cilnb29nbGUubWFwcy5wbGFjZXMudjEuUGxhY2VzLlNlYXJjaE5lYXJieRACGAQgAA,ChIJF2PxAgAjDTkRuPWxnoqapds
Cafe 100 Not Out,restaurant,restaurant|food|point_of_interest|establishment,,,"Pioneer Sports Park, Maidawas Rd, Sector 64, Gurugram, Haryana 122101, India",5,5,OPERATIONAL,https://maps.google.com/?cid=6669032614405411617&g_mp=Cilnb29nbGUubWFwcy5wbGFjZXMudjEuUGxhY2VzLlNlYXJjaE5lYXJieRACGAQgAA,ChIJ9wfLr3cZDTkRIRMhKdQpjVw
Shivshakti steel,service,service|point_of_interest|establishment,099999 94912,,"Prajapati Rd, near shani mandir, Sector 64, Gurugram, Haryana 122101, India",,,OPERATIONAL,https://maps.google.com/?cid=6105993712058910936&g_mp=Cilnb29nbGUubWFwcy5wbGFjZXMudjEuUGxhY2VzLlNlYXJjaE5lYXJieRACGAQgAA,ChIJO9cL4LcjDTkR2EgKIO7YvFQ
Lt labour colony,tea_house,tea_house|point_of_interest|establishment,,,"93VG+FJ6, Medawas, Sector 64, Gurugram, Haryana 122101, India",,,CLOSED_TEMPORARILY,https://maps.google.com/?cid=6737138629074201979&g_mp=Cilnb29nbGUubWFwcy5wbGFjZXMudjEuUGxhY2VzLlNlYXJjaE5lYXJieRACGAQgAA,ChIJXV10RQAjDTkRe62HZOMff10
Daisy Scaffoldings,finance,finance|point_of_interest|establishment,099999 74089,,"85, Medawas, Sector 64, Gurugram, Haryana 122101, India",,,OPERATIONAL,https://maps.google.com/?cid=16139088849884279883&g_mp=Cilnb29nbGUubWFwcy5wbGFjZXMudjEuUGxhY2VzLlNlYXJjaE5lYXJieRACGAQgAA,ChIJDYlv5YAjDTkRS_TR58yP-d8
Sanaya General Store,general_store,general_store|food_store|store|food|point_of_interest|establishment,,,"Medawas, Sector 64, Gurugram, Haryana 122101, India",5,1,OPERATIONAL,https://maps.google.com/?cid=9722091855102402753&g_mp=Cilnb29nbGUubWFwcy5wbGFjZXMudjEuUGxhY2VzLlNlYXJjaE5lYXJieRACGAQgAA,ChIJXRjqXAAjDTkRweAYSQjP64Y
Express Packers And Movers,transportation_service,transportation_service|point_of_interest|establishment,087965 70072,,"Shop No.11, Prajapati Rd, Medawas, Sector 64, Gurugram, Haryana 122101, India",,,OPERATIONAL,https://maps.google.com/?cid=17436372040228014056&g_mp=Cilnb29nbGUubWFwcy5wbGFjZXMudjEuUGxhY2VzLlNlYXJjaE5lYXJieRACGAQgAA,ChIJKxXUnCkjDTkR6AdYHf1v-vE
Fairdeal Fulfillment Centre (FFC),storage,storage|point_of_interest|establishment,097999 99375,https://www.fairdeal.market/,"03, Kadarpur Rd, near Shani Mandir, Medawas, Sector 64, Gurugram, Haryana 122101, India",5,5,OPERATIONAL,https://maps.google.com/?cid=310561111136696855&g_mp=Cilnb29nbGUubWFwcy5wbGFjZXMudjEuUGxhY2VzLlNlYXJjaE5lYXJieRACGAQgAA,ChIJ-VkkYgAjDTkRF3paZq9VTwQ
"Vijay vila, Kadarpur road, Sector 64, Village Buapur, near shani mandir, Gurugram, Haryana",park,park|point_of_interest|establishment,,,"Buapur village, Sector 64, Gurugram, Haryana 122101, India",4.7,3,OPERATIONAL,https://maps.google.com/?cid=3913009500312514653&g_mp=Cilnb29nbGUubWFwcy5wbGFjZXMudjEuUGxhY2VzLlNlYXJjaE5lYXJieRACGAQgAA,ChIJB2QQRtsjDTkRXTDblGjNTTY
Singh godown kadarpur road,housing_complex,housing_complex|service|point_of_interest|establishment,,,"93VH+JM3, Sector 64, Gurugram, Haryana 122101, India",3.3,4,OPERATIONAL,https://maps.google.com/?cid=388677695001929598&g_mp=Cilnb29nbGUubWFwcy5wbGFjZXMudjEuUGxhY2VzLlNlYXJjaE5lYXJieRACGAQgAA,ChIJ0wIqWsMjDTkRfie15k3cZAU
SBJ RMC INDIA PVT LTD,general_contractor,general_contractor|service|point_of_interest|establishment,,,"93VH+JM3, Sector 64, Gurugram, Haryana 122101, India",4.8,4,OPERATIONAL,https://maps.google.com/?cid=17420429435217236449&g_mp=Cilnb29nbGUubWFwcy5wbGFjZXMudjEuUGxhY2VzLlNlYXJjaE5lYXJieRACGAQgAA,ChIJSXZTAQAjDTkR4dHhIEbMwfE
Packers And Movers Gurgaon,transportation_service,transportation_service|storage|shipping_service|moving_company|store|manufacturer|service|point_of_interest|establishment,090530 55487,,"Shope No 21, Kadarpur Rd, Medawas, Sector 64, Gurugram, Haryana 122101, India",5,4,OPERATIONAL,https://maps.google.com/?cid=2583201933455919917&g_mp=Cilnb29nbGUubWFwcy5wbGFjZXMudjEuUGxhY2VzLlNlYXJjaE5lYXJieRACGAQgAA,ChIJzYVI41YjDTkRLQu-2nhg2SM
Ajay communication,cell_phone_store,cell_phone_store|store|point_of_interest|establishment,095824 77171,,"Old, Prajapati Rd, opp. k.s nursing home ke samne. Ajay communication, sector 67, Sector 64, Gurugram, Haryana 122001, India",5,1,OPERATIONAL,https://maps.google.com/?cid=4502560326650265707&g_mp=Cilnb29nbGUubWFwcy5wbGFjZXMudjEuUGxhY2VzLlNlYXJjaE5lYXJieRACGAQgAA,ChIJyRMfbwAjDTkRa4DB8cJOfD4
Chairman farm,farm,farm|point_of_interest|service|establishment,096435 17178,,"Sector 64, Gurugram, Haryana 122098, India",4,7,OPERATIONAL,https://maps.google.com/?cid=13090904782741142845&g_mp=Cilnb29nbGUubWFwcy5wbGFjZXMudjEuUGxhY2VzLlNlYXJjaE5lYXJieRACGAQgAA,ChIJFcLvMfwjDTkRPX2_k4o8rLU
Manish Dayma House,service,point_of_interest|service|establishment,,,"Kashmere House, Sector 64, Gurugram, Haryana 122098, India",5,13,OPERATIONAL,https://maps.google.com/?cid=1499797219846646016&g_mp=Cilnb29nbGUubWFwcy5wbGFjZXMudjEuUGxhY2VzLlNlYXJjaE5lYXJieRACGAQgAA,ChIJAdP1ThcjDTkRAOkTDKBZ0BQ
NSN QUMAX READY MIX CONCRETE PLANT,manufacturer,general_contractor|point_of_interest|service|manufacturer|establishment,093108 02707,,"VILL. Maidawas, Kadarpur Rd, Sector 64, Gurugram, Haryana 122098, India",4,17,OPERATIONAL,https://maps.google.com/?cid=8234121058859466903&g_mp=Cilnb29nbGUubWFwcy5wbGFjZXMudjEuUGxhY2VzLlNlYXJjaE5lYXJieRACGAQgAA,ChIJiSjQckkjDTkRl8DhDnp5RXI
Lux tour & travels,,point_of_interest|establishment,098994 85697,,"Chairman farm, Sector 64, Gurugram, Haryana 122098, India",4.8,47,OPERATIONAL,https://maps.google.com/?cid=5083322902093610342&g_mp=Cilnb29nbGUubWFwcy5wbGFjZXMudjEuUGxhY2VzLlNlYXJjaE5lYXJieRACGAQgAA,ChIJ-0LHrfYjDTkRZr3lMT-Xi0Y
Rakesh plastic,corporate_office,corporate_office|point_of_interest|establishment,,,"93VJ+CMF, Kadarpur Rd, Sector 63, Gurugram, Haryana 122101, India",5,1,OPERATIONAL,https://maps.google.com/?cid=2358424499662854431&g_mp=Cilnb29nbGUubWFwcy5wbGFjZXMudjEuUGxhY2VzLlNlYXJjaE5lYXJieRACGAQgAA,ChIJpzQ-0tAjDTkRH5n7Q5bOuiA
Rise Eleven ReadyMix Pvt. Ltd.,manufacturer,general_contractor|point_of_interest|service|manufacturer|establishment,,,"Sector 64, Gurugram, Haryana 122098, India",4.5,44,OPERATIONAL,https://maps.google.com/?cid=10772704346501921588&g_mp=Cilnb29nbGUubWFwcy5wbGFjZXMudjEuUGxhY2VzLlNlYXJjaE5lYXJieRACGAQgAA,ChIJGczQyjkiDTkRNLuN44ZVgJU
TARC Ishva,condominium_complex,condominium_complex|point_of_interest|service|establishment,078271 78271,https://www.tarc.in/tarc-ishva-landingpage/,"Sector 63, Gurugram, Haryana 122098, India",3.9,73,OPERATIONAL,https://maps.google.com/?cid=12435027802876330998&g_mp=Cilnb29nbGUubWFwcy5wbGFjZXMudjEuUGxhY2VzLlNlYXJjaE5lYXJieRACGAQgAA,ChIJiV04wQsjDTkR9sOMMucXkqw
"J144 B ,Adani Samsara Vilasa",apartment_building,apartment_building|point_of_interest|service|establishment,,,"Adani Samsara Vilasa, Sector 63, Gurugram, Haryana 122098, India",5,1,OPERATIONAL,https://maps.google.com/?cid=3361590517678227380&g_mp=Cilnb29nbGUubWFwcy5wbGFjZXMudjEuUGxhY2VzLlNlYXJjaE5lYXJieRACGAQgAA,ChIJX9p-DAAjDTkRtD-I7sPEpi4
Gurgaon project,service,point_of_interest|service|establishment,,,"93VM+FX5, Sector 63, Gurugram, Haryana 122098, India",5,1,OPERATIONAL,https://maps.google.com/?cid=15478795258135753342&g_mp=Cilnb29nbGUubWFwcy5wbGFjZXMudjEuUGxhY2VzLlNlYXJjaE5lYXJieRACGAQgAA,ChIJn5CQQwAjDTkRfrIu8Ea6z9Y
Goyal143,condominium_complex,condominium_complex|point_of_interest|service|establishment,,,"Adani Samsara Vilasa, Sector 63, Gurugram, Haryana 122098, India",,,OPERATIONAL,https://maps.google.com/?cid=18228835982916689600&g_mp=Cilnb29nbGUubWFwcy5wbGFjZXMudjEuUGxhY2VzLlNlYXJjaE5lYXJieRACGAQgAA,ChIJi-wYBAAjDTkRwJ6b9r7V-fw
Baba Mohan Ram Darbar,place_of_worship,place_of_worship|association_or_organization|point_of_interest|establishment,,,"92VX+XXW, Badshahpur, Sector 66, Gurugram, Haryana 122101, India",,,OPERATIONAL,https://maps.google.com/?cid=10601150438186654082&g_mp=Cilnb29nbGUubWFwcy5wbGFjZXMudjEuUGxhY2VzLlNlYXJjaE5lYXJieRACGAQgAA,ChIJ5y0mLgAjDTkRgpmX_ifaHpM
Atmakalyankendra,place_of_worship,place_of_worship|association_or_organization|point_of_interest|establishment,093341 35496,http://www.atmakalyankendra.com/,"93V2+X62, Badshahpur, Sector 66, Gurugram, Haryana 122101, India",5,5,OPERATIONAL,https://maps.google.com/?cid=4156097170315878040&g_mp=Cilnb29nbGUubWFwcy5wbGFjZXMudjEuUGxhY2VzLlNlYXJjaE5lYXJieRACGAQgAA,ChIJXeyxVfEiDTkRmB6vQFtsrTk
Chaupad,,point_of_interest|establishment,,,"Valmiki chaupad, Badshahpur, Sector 66, Gurugram, Haryana 122101, India",4.7,3,OPERATIONAL,https://maps.google.com/?cid=980324133899937091&g_mp=Cilnb29nbGUubWFwcy5wbGFjZXMudjEuUGxhY2VzLlNlYXJjaE5lYXJieRACGAQgAA,ChIJFQM2vawjDTkRQyXZFZvPmg0
Aim Fast Food,food_court,food_court|fast_food_restaurant|restaurant|food|point_of_interest|establishment,098160 53740,,"Main Bazar, near Sardana Sweet, Badshahpur, Sector 66, Gurugram, Haryana 122101, India",,,CLOSED_TEMPORARILY,https://maps.google.com/?cid=9120680391351001789&g_mp=Cilnb29nbGUubWFwcy5wbGFjZXMudjEuUGxhY2VzLlNlYXJjaE5lYXJieRACGAQgAA,ChIJfyoQT6ojDTkRveJYFH4qk34
Krsnanand,food_store,food_store|store|food|point_of_interest|establishment,088602 91585,,"93V2+P64, Badshahpur, Sector 66, Gurugram, Haryana 122101, India",5,3,CLOSED_TEMPORARILY,https://maps.google.com/?cid=2050999660403342140&g_mp=Cilnb29nbGUubWFwcy5wbGFjZXMudjEuUGxhY2VzLlNlYXJjaE5lYXJieRACGAQgAA,ChIJUZkXTfEiDTkRPLvJEFOddhw
Rove With Rohit Travelers (RWRT),taxi_service,taxi_service|car_rental|transportation_service|service|point_of_interest|establishment,,,"P - 2844, VPO, Badshahpur, Sector 66, Gurugram, Haryana 122101, India",5,3,OPERATIONAL,https://maps.google.com/?cid=17629122346787013197&g_mp=Cilnb29nbGUubWFwcy5wbGFjZXMudjEuUGxhY2VzLlNlYXJjaE5lYXJieRACGAQgAA,ChIJp9xRhYMjDTkRTQIkDl85p_Q
Saraswati public school,school,school|educational_institution|point_of_interest|establishment,,,"93V2+J3X, Mohalla tyagiwada, Badshahpur, Sector 66, Gurugram, Haryana 122101, India",,,OPERATIONAL,https://maps.google.com/?cid=9132325313265628521&g_mp=Cilnb29nbGUubWFwcy5wbGFjZXMudjEuUGxhY2VzLlNlYXJjaE5lYXJieRACGAQgAA,ChIJo-YPGAAjDTkRaXWBvnyJvH4
Dr S P Arya,doctor,doctor|health|point_of_interest|establishment,0124 325 8543,,"Badshapur, 2233, Badshahpur, Sector 66, Gurugram, Haryana 122101, India",,,CLOSED_TEMPORARILY,https://maps.google.com/?cid=3763536271266007724&g_mp=Cilnb29nbGUubWFwcy5wbGFjZXMudjEuUGxhY2VzLlNlYXJjaE5lYXJieRACGAQgAA,ChIJCUmiTvEiDTkRrMobdEzEOjQ
Dr Vijaykumar Panchal,doctor,doctor|health|point_of_interest|establishment,0124 230 0649,,"Chand Plaza Building, Dk Market, Badshahpur, Badshahpur, 2233, Badshahpur, Sector 66, Gurugram, Haryana 122101, India",2,1,OPERATIONAL,https://maps.google.com/?cid=3125014112586368356&g_mp=Cilnb29nbGUubWFwcy5wbGFjZXMudjEuUGxhY2VzLlNlYXJjaE5lYXJieRACGAQgAA,ChIJCUmiTvEiDTkRZAXLQsdHXis
Senior Sub Station Engineers,,point_of_interest|establishment,0124 236 1240,,"220, K V Grd Sub Station, Badshahpur, Badshahpur, Sector 66, Gurugram, Haryana 122101, India",,,CLOSED_TEMPORARILY,https://maps.google.com/?cid=486099272648991181&g_mp=Cilnb29nbGUubWFwcy5wbGFjZXMudjEuUGxhY2VzLlNlYXJjaE5lYXJieRACGAQgAA,ChIJCUmiTvEiDTkRzaHRh7b4vgY
Anuj Yadav taxi group,taxi_service,taxi_service|transportation_service|service|point_of_interest|establishment,,,"378A, Badshahpur, Sector 66, Gurugram, Haryana 122101, India",5,2,OPERATIONAL,https://maps.google.com/?cid=9203584709308243060&g_mp=Cilnb29nbGUubWFwcy5wbGFjZXMudjEuUGxhY2VzLlNlYXJjaE5lYXJieRACGAQgAA,ChIJXc1qbwAjDTkRdNyIyoezuX8
Happy electrical contractors(house wiring Services),electrician,electrician|service|point_of_interest|establishment,099119 75482,,"Tyagiwari badshahpur, Badshahpur, Sector 66, delhi, Gurugram, Haryana 122101, India",3.8,10,OPERATIONAL,https://maps.google.com/?cid=105094813661200652&g_mp=Cilnb29nbGUubWFwcy5wbGFjZXMudjEuUGxhY2VzLlNlYXJjaE5lYXJieRACGAQgAA,ChIJhZfZX1EjDTkRDAEDHC1fdQE
रौनक त्यागी s अमित त्यागी,housing_complex,housing_complex|service|point_of_interest|establishment,,,"1099/D, Badshahpur, Sector 66, Gurugram, Haryana 122101, India",1,1,OPERATIONAL,https://maps.google.com/?cid=10560991940853010558&g_mp=Cilnb29nbGUubWFwcy5wbGFjZXMudjEuUGxhY2VzLlNlYXJjaE5lYXJieRACGAQgAA,ChIJR684WgAjDTkRfpBONjcukJI
AJAY RATHORE REPORTER HOUSE,association_or_organization,association_or_organization|point_of_interest|establishment,,,"H.NO.3111, Badshahpur, Sector 66, Gurugram, Haryana 122101, India",,,CLOSED_TEMPORARILY,https://maps.google.com/?cid=3233923423380878913&g_mp=Cilnb29nbGUubWFwcy5wbGFjZXMudjEuUGxhY2VzLlNlYXJjaE5lYXJieRACGAQgAA,ChIJCcl3agAjDTkRQbZuMTg04Sw
Anita Ladies Tailor (matching & stitching centre),tailor,tailor|service|point_of_interest|establishment,,,"Tyagi mohalla, near masjid, Badshahpur, Sector 66, Gurugram, Haryana 122101, India",5,1,OPERATIONAL,https://maps.google.com/?cid=5550989904128032931&g_mp=Cilnb29nbGUubWFwcy5wbGFjZXMudjEuUGxhY2VzLlNlYXJjaE5lYXJieRACGAQgAA,ChIJtWWFZzYjDTkRo8BUS-gTCU0
Ravidas mandir Badshahpur,hindu_temple,hindu_temple|place_of_worship|association_or_organization|point_of_interest|establishment,,,"1418, Ramgarh, Sector 66, Gurugram, Haryana 122101, India",4.1,12,OPERATIONAL,https://maps.google.com/?cid=9003870276168159211&g_mp=Cilnb29nbGUubWFwcy5wbGFjZXMudjEuUGxhY2VzLlNlYXJjaE5lYXJieRACGAQgAA,ChIJpU534HYjDTkR64-zxk8s9Hw
Lakhan House,association_or_organization,service|association_or_organization|point_of_interest|establishment,,,"736, Badshahpur, Sector 66, Gurugram, Haryana 122101, India",,,OPERATIONAL,https://maps.google.com/?cid=6775305767113740335&g_mp=Cilnb29nbGUubWFwcy5wbGFjZXMudjEuUGxhY2VzLlNlYXJjaE5lYXJieRACGAQgAA,ChIJ3xI-mKsjDTkRL1B4tbK4Bl4
श्री राम सिंह त्यागी किराया घर,apartment_building,apartment_building|service|point_of_interest|establishment,,,"P28, Darbaripur Rd, Ramgarh, Sector 66, Gurugram, Haryana 122101, India",1,1,OPERATIONAL,https://maps.google.com/?cid=16976290916751424912&g_mp=Cilnb29nbGUubWFwcy5wbGFjZXMudjEuUGxhY2VzLlNlYXJjaE5lYXJieRACGAQgAA,ChIJi6SqUtgjDTkRkL2oAKXml-s
Deepak Badshahpuriya jagran party,service,service|point_of_interest|establishment,,,"970/4, Badshahpur, Sector 66, Gurugram, Haryana 122101, India",5,3,OPERATIONAL,https://maps.google.com/?cid=18349593627008662284&g_mp=Cilnb29nbGUubWFwcy5wbGFjZXMudjEuUGxhY2VzLlNlYXJjaE5lYXJieRACGAQgAA,ChIJdfj6LQAjDTkRDHuf9i7apv4
TYAGIWARA,association_or_organization,service|association_or_organization|point_of_interest|establishment,,,"H001, Badshahpur, Sector 66, Gurugram, Haryana 122101, India",,,OPERATIONAL,https://maps.google.com/?cid=9450004507684342680&g_mp=Cilnb29nbGUubWFwcy5wbGFjZXMudjEuUGxhY2VzLlNlYXJjaE5lYXJieRACGAQgAA,ChIJ48aDXAAjDTkRmItdDggpJYM
Tyagi Village Badshahpur,historical_landmark,historical_landmark|historical_place|point_of_interest|establishment,,,"102/66, Badshahpur, Sector 66, Gurugram, Haryana 122101, India",,,CLOSED_TEMPORARILY,https://maps.google.com/?cid=3199722213881147674&g_mp=Cilnb29nbGUubWFwcy5wbGFjZXMudjEuUGxhY2VzLlNlYXJjaE5lYXJieRACGAQgAA,ChIJ50URJgAjDTkRGvFPkmayZyw
"Tatvam Health, Dr Aseemita Debata",medical_clinic,medical_clinic|health|point_of_interest|establishment,,,"Shop no 4, Shop No.4, The PTS, Emaar Palm Terraces Select, Badshahpur, Sector 66, Gurugram, Haryana 122101, India",,,OPERATIONAL,https://maps.google.com/?cid=16826972096160050454&g_mp=Cilnb29nbGUubWFwcy5wbGFjZXMudjEuUGxhY2VzLlNlYXJjaE5lYXJieRACGAQgAA,ChIJEeiEawAjDTkRFq0H5fdphek
Boutique Hand Work,store,store|point_of_interest|establishment,099988 00447,,"Shop No 2, Badshahpur, Sector 67, Gurugram, Haryana 122101, India",5,2,OPERATIONAL,https://maps.google.com/?cid=10680774593027154728&g_mp=Cilnb29nbGUubWFwcy5wbGFjZXMudjEuUGxhY2VzLlNlYXJjaE5lYXJieRACGAQgAA,ChIJGZBykKIjDTkRKKNmN-e7OZQ
Movelixx Packers And Movers,transportation_service,transportation_service|point_of_interest|establishment,087963 38790,,"Shop, No 81A, Badshahpur, Sector 66, Gurugram, Haryana 122101, India",5,1,OPERATIONAL,https://maps.google.com/?cid=2947073054618915476&g_mp=Cilnb29nbGUubWFwcy5wbGFjZXMudjEuUGxhY2VzLlNlYXJjaE5lYXJieRACGAQgAA,ChIJo5pKsTIjDTkRlJKvM1Qb5ig
Jija g house,association_or_organization,service|association_or_organization|point_of_interest|establishment,,,"93W3+65G, Badshahpur, Sector 66, Gurugram, Haryana 122101, India",,,OPERATIONAL,https://maps.google.com/?cid=2462202248059468274&g_mp=Cilnb29nbGUubWFwcy5wbGFjZXMudjEuUGxhY2VzLlNlYXJjaE5lYXJieRACGAQgAA,ChIJG4glOwAjDTkR8rnAOOZ_KyI
Ac On Rent A One air conditioning,service,general_contractor|store|manufacturer|service|point_of_interest|establishment,084480 50740,https://www.aoneaconrent.com/,"Shop No.6, Osal, EMAAR MGF THE PALM DRIVE, Shat Road, near Hanuman Temple, Badshahpur, Sector 66, Gurugram, Haryana 122101, India",4.8,104,OPERATIONAL,https://maps.google.com/?cid=10974122080684835677&g_mp=Cilnb29nbGUubWFwcy5wbGFjZXMudjEuUGxhY2VzLlNlYXJjaE5lYXJieRACGAQgAA,ChIJwyEGzYsjDTkRXYP9lOPpS5g
Arpit GYM,sports_club,sports_club|association_or_organization|point_of_interest|establishment,,,"Steet No-103, Hpose, No- 107, 107AA, Badshahpur, Sector 66, Gurugram, Haryana 122101, India",,,CLOSED_TEMPORARILY,https://maps.google.com/?cid=10606990943754382174&g_mp=Cilnb29nbGUubWFwcy5wbGFjZXMudjEuUGxhY2VzLlNlYXJjaE5lYXJieRACGAQgAA,ChIJbf51DdkjDTkRXutDqhCaM5M
Gourav Saroeya,car_dealer,car_dealer|auto_parts_store|car_repair|building_materials_store|wholesaler|store|service|point_of_interest|establishment,097119 80266,,"Gourav, Badshahpur, Sector 38, Gurugram, Haryana 122101, India",5,1,OPERATIONAL,https://maps.google.com/?cid=4631140515760040229&g_mp=Cilnb29nbGUubWFwcy5wbGFjZXMudjEuUGxhY2VzLlNlYXJjaE5lYXJieRACGAQgAA,ChIJB2FnBvoiDTkRJenLIsMdRUA
Balaji General Store (mr.raja )sop and Badshah pur,general_store,general_store|food_store|store|food|point_of_interest|establishment,,,"11/B, Badshahpur, Sector 66, Gurugram, Haryana 122101, India",5,2,OPERATIONAL,https://maps.google.com/?cid=8000430063931738965&g_mp=Cilnb29nbGUubWFwcy5wbGFjZXMudjEuUGxhY2VzLlNlYXJjaE5lYXJieRACGAQgAA,ChIJDwS7IQAjDTkRVcsBS8E8B28
Mr Govind general Store,store,store|point_of_interest|establishment,,,"11/B, Badshahpur, Sector 66, Gurugram, Haryana 122101, India",5,2,CLOSED_TEMPORARILY,https://maps.google.com/?cid=1419241347707742&g_mp=Cilnb29nbGUubWFwcy5wbGFjZXMudjEuUGxhY2VzLlNlYXJjaE5lYXJieRACGAQgAA,ChIJhRqMcwAjDTkRXnNh4MoKBQA
DLF Safe Packers And Movers Sector 66,transportation_service,transportation_service|point_of_interest|establishment,087963 70492,http://www.dlfsafepackers.in/,"Shop No.58, Badshahpur, Sector 66, Gurugram, Haryana 122101, India",5,13,OPERATIONAL,https://maps.google.com/?cid=11164901507714616428&g_mp=Cilnb29nbGUubWFwcy5wbGFjZXMudjEuUGxhY2VzLlNlYXJjaE5lYXJieRACGAQgAA,ChIJEyW9Zt8jDTkRbIyNX8Sy8Zo
Philips Light Plus Lite,home_improvement_store,home_improvement_store|home_goods_store|store|point_of_interest|establishment,,https://www.philipslighting-stores.in//haryana/gurugram/near-vatika-hospital-72118328?utm_source=GMBlisting&utm_medium=organic,"near Vatika Hospital, Badshahpur, Sector 38, Gurugram, Haryana 122101, India",,,OPERATIONAL,https://maps.google.com/?cid=7196378849441391856&g_mp=Cilnb29nbGUubWFwcy5wbGFjZXMudjEuUGxhY2VzLlNlYXJjaE5lYXJieRACGAQgAA,ChIJl-LNgkMjDTkR8KQWfm-s3mM
Pyasa cosmetics,manufacturer,manufacturer|point_of_interest|establishment,,,"2, Sector 38, Main Rd, Ramgarh, Sector 66, Gurugram, Haryana 122101, India",5,2,CLOSED_TEMPORARILY,https://maps.google.com/?cid=2157932763594322823&g_mp=Cilnb29nbGUubWFwcy5wbGFjZXMudjEuUGxhY2VzLlNlYXJjaE5lYXJieRACGAQgAA,ChIJC6cuFAAjDTkRh3M3T2qE8h0
Jamidar Bij Bhandar,supplier,grocery_store|food_store|supplier|store|food|point_of_interest|establishment,0124 329 1092,,"Kadarpur Road, Badshahpur, Badshahpur, Sector 38, Gurugram, Haryana 122001, India",3.8,12,CLOSED_TEMPORARILY,https://maps.google.com/?cid=12927239310642593808&g_mp=Cilnb29nbGUubWFwcy5wbGFjZXMudjEuUGxhY2VzLlNlYXJjaE5lYXJieRACGAQgAA,ChIJqTEidfciDTkREEBRXanHZrM
Sunny Tyagi,apartment_building,apartment_building|service|point_of_interest|establishment,,,"93V3+H5V, Badshahpur, Sector 66, Gurugram, Haryana 122101, India",1,1,OPERATIONAL,https://maps.google.com/?cid=1078291673400782865&g_mp=Cilnb29nbGUubWFwcy5wbGFjZXMudjEuUGxhY2VzLlNlYXJjaE5lYXJieRACGAQgAA,ChIJWQK0OAAjDTkREbBQXZDc9g4
Ramesth realtors,apartment_building,apartment_building|service|point_of_interest|establishment,,,"93W3+94X, Badshahpur, Sector 66, Gurugram, Haryana 122101, India",,,OPERATIONAL,https://maps.google.com/?cid=9715303719818934557&g_mp=Cilnb29nbGUubWFwcy5wbGFjZXMudjEuUGxhY2VzLlNlYXJjaE5lYXJieRACGAQgAA,ChIJ4wabLwAjDTkRHbnWYEKx04Y
Laxman vihar 3 number,apartment_building,apartment_building|service|point_of_interest|establishment,,,"93V2+PX4, Badshahpur, Sector 66, Gurugram, Haryana 122101, India",,,OPERATIONAL,https://maps.google.com/?cid=14458036650307042508&g_mp=Cilnb29nbGUubWFwcy5wbGFjZXMudjEuUGxhY2VzLlNlYXJjaE5lYXJieRACGAQgAA,ChIJL60-VQAjDTkRzDwhQ7tDpcg
K S Infra,employment_agency,employment_agency|service|point_of_interest|establishment,,,"Shop No-11, Plot No. - 6, Badshahpur, Sector 38, Gurugram, Haryana 122101, India",5,1,OPERATIONAL,https://maps.google.com/?cid=14700197003458918598&g_mp=Cilnb29nbGUubWFwcy5wbGFjZXMudjEuUGxhY2VzLlNlYXJjaE5lYXJieRACGAQgAA,ChIJnVssMPQiDTkRxjhuJ0qXAcw
AC for rent by Engal Home Appliances,service,store|service|point_of_interest|establishment,098966 98120,https://engalaconrent.in/,"Shop No.6, Osal, Shat Road, near Hanuman Mandir, near EMAAR MGF THE PALM DRIVE, Badshahpur, Sector 66, Gurugram, Haryana 122102, India",4.9,38,OPERATIONAL,https://maps.google.com/?cid=3474325476041246225&g_mp=Cilnb29nbGUubWFwcy5wbGFjZXMudjEuUGxhY2VzLlNlYXJjaE5lYXJieRACGAQgAA,ChIJbzvYmr4jDTkREUaH2ZxINzA
Amazon,,point_of_interest|establishment,,,"Badshahpur Main Rd, Badshahpur, Sector 67A, Gurugram, Haryana 122101, India",5,2,OPERATIONAL,https://maps.google.com/?cid=14771388949332446895&g_mp=Cilnb29nbGUubWFwcy5wbGFjZXMudjEuUGxhY2VzLlNlYXJjaE5lYXJieRACGAQgAA,ChIJ6xUwqbYjDTkRr04XvPyD_sw
SPORTS BOX 2.0 (Box Cricket Pickleball Corporate Events Birthday Parties Football),sports_club,cafe|athletic_field|sports_complex|sports_activity_location|event_venue|sports_club|association_or_organization|point_of_interest|food|establishment,074288 16477,https://sunrisersboxsports.com/,"Pratap Singh Tyagi Farm, next to Ireo Uptown, Badshahpur, Sector 66, Gurugram, Haryana 122001, India",4.9,191,OPERATIONAL,https://maps.google.com/?cid=16027659787649569593&g_mp=Cilnb29nbGUubWFwcy5wbGFjZXMudjEuUGxhY2VzLlNlYXJjaE5lYXJieRACGAQgAA,ChIJsyMvZgEjDTkROVOqn6ivbd4
Vikas Tyagi’s Farmhouse,farm,farm|service|point_of_interest|establishment,095116 76829,,"93W4+2XP, Badshahpur, Sector 66, Gurugram, Haryana 122101, India",5,5,OPERATIONAL,https://maps.google.com/?cid=8467334554290004362&g_mp=Cilnb29nbGUubWFwcy5wbGFjZXMudjEuUGxhY2VzLlNlYXJjaE5lYXJieRACGAQgAA,ChIJq8oxRgAjDTkRiqHYTuoDgnU
"23 Belleza, Emaar Marbella Villas",apartment_building,apartment_building|service|point_of_interest|establishment,,,"93W4+2XP, Badshahpur, Sector 66, Gurugram, Haryana 122101, India",,,OPERATIONAL,https://maps.google.com/?cid=96559181211148490&g_mp=Cilnb29nbGUubWFwcy5wbGFjZXMudjEuUGxhY2VzLlNlYXJjaE5lYXJieRACGAQgAA,ChIJlzG5IAAjDTkRyqDkTxAMVwE
Dr B Kalra Heart Clinic,doctor,doctor|health|point_of_interest|establishment,098102 97102,https://drkalraheart.clinic/,"21 Belleza, Emaar Marbella, Badshahpur, Sector 66, Gurugram, Haryana 122101, India",4.4,30,OPERATIONAL,https://maps.google.com/?cid=8812796383797586242&g_mp=Cilnb29nbGUubWFwcy5wbGFjZXMudjEuUGxhY2VzLlNlYXJjaE5lYXJieRACGAQgAA,ChIJN9ArOCcZDTkRQikabp5XTXo
Krishan Electricals,electrician,electrician|electronics_store|service|store|point_of_interest|establishment,098914 85264,,"Jain Mandir, Badshahpur, Sector 66, Gurugram, Haryana 122101, India",5,4,OPERATIONAL,https://maps.google.com/?cid=16590430619104563584&g_mp=Cilnb29nbGUubWFwcy5wbGFjZXMudjEuUGxhY2VzLlNlYXJjaE5lYXJieRACGAQgAA,ChIJBzGinPAiDTkRgNF9ir8MPeY
Govind Nambardar lane,condominium_complex,condominium_complex|service|point_of_interest|establishment,,,"Marbella Villas, Badshahpur, Sector 66, Gurugram, Haryana 122101, India",,,CLOSED_TEMPORARILY,https://maps.google.com/?cid=13622992231289176987&g_mp=Cilnb29nbGUubWFwcy5wbGFjZXMudjEuUGxhY2VzLlNlYXJjaE5lYXJieRACGAQgAA,ChIJuQ6ndAAjDTkRm8Pls0GXDr0
ADVOCATE SUMIT VERMA,lawyer,lawyer|consultant|service|point_of_interest|establishment,,,"Villa 1, Badshahpur, Sector 66, Gurugram, Haryana 122101, India",,,CLOSED_TEMPORARILY,https://maps.google.com/?cid=3371784975792699109&g_mp=Cilnb29nbGUubWFwcy5wbGFjZXMudjEuUGxhY2VzLlNlYXJjaE5lYXJieRACGAQgAA,ChIJOUOSJDsjDTkR5XYfLZL8yi4
17 Belleza,housing_complex,housing_complex|service|point_of_interest|establishment,,,"Emaar Marbella Villas, Sector 66, Golf Estate Road, Golf Course Ext Rd, Badshahpur, Sector 66, Gurugram, Haryana 122101, India",,,OPERATIONAL,https://maps.google.com/?cid=16351938603761148230&g_mp=Cilnb29nbGUubWFwcy5wbGFjZXMudjEuUGxhY2VzLlNlYXJjaE5lYXJieRACGAQgAA,ChIJx8mBegAjDTkRRiEuGobB7eI
"Anega Bawa - baby, maternity & newborn photography",service,electronics_store|home_goods_store|service|store|point_of_interest|establishment,098101 32036,https://anegabawa.com/,"Sector 66, Golf Estate Road, Golf Course Ext Rd, Badshahpur, Sector 66, Gurugram, Haryana 122101, India",4.8,95,OPERATIONAL,https://maps.google.com/?cid=6002458953161905139&g_mp=Cilnb29nbGUubWFwcy5wbGFjZXMudjEuUGxhY2VzLlNlYXJjaE5lYXJieRACGAQgAA,ChIJe4314FIfDTkR8xMUkp0ETVM
Pari Digital Services,service,service|point_of_interest|establishment,,,"Vatikakunj, B-Block, Part Two, Sector 66, Gurugram, Haryana 122101, India",,,CLOSED_TEMPORARILY,https://maps.google.com/?cid=13070013642953400827&g_mp=Cilnb29nbGUubWFwcy5wbGFjZXMudjEuUGxhY2VzLlNlYXJjaE5lYXJieRACGAQgAA,ChIJGT6c28gjDTkR-yG_DSkEYrU
Sunidhi makeup artist,makeup_artist,makeup_artist|beauty_salon|clothing_store|service|store|point_of_interest|establishment,099539 30006,,"ub-29, B-Block, nkv colony, Sector 66, Gurugram, Haryana 122101, India",5,12,OPERATIONAL,https://maps.google.com/?cid=10001927132453842530&g_mp=Cilnb29nbGUubWFwcy5wbGFjZXMudjEuUGxhY2VzLlNlYXJjaE5lYXJieRACGAQgAA,ChIJk9ylDG4jDTkRYq5AB7z7zYo
"3rd Floor, B-666 Ansal Esencia",apartment_building,apartment_building|service|point_of_interest|establishment,,,"3rd Floor, B-Block, B-666, Badshahpur, Sector 67, Gurugram, Haryana 122101, India",,,OPERATIONAL,https://maps.google.com/?cid=6728568791083056182&g_mp=Cilnb29nbGUubWFwcy5wbGFjZXMudjEuUGxhY2VzLlNlYXJjaE5lYXJieRACGAQgAA,ChIJbZaBVwAjDTkRNvxIf6qtYF0
Aryan’s house,housing_complex,housing_complex|service|point_of_interest|establishment,,,"Belleza 14, Emaar Mgf Marbella, Golf Estate Rd, near M3M, Badshahpur, Sector 66, Gurugram, Haryana 122101, India",,,OPERATIONAL,https://maps.google.com/?cid=14964287795278440354&g_mp=Cilnb29nbGUubWFwcy5wbGFjZXMudjEuUGxhY2VzLlNlYXJjaE5lYXJieRACGAQgAA,ChIJP_N1eisjDTkRoudIMnfUq88
Om Villa,service,service|point_of_interest|establishment,,,"93W4+2XP, Badshahpur, Sector 66, Gurugram, Haryana 122101, India",5,1,OPERATIONAL,https://maps.google.com/?cid=9118224181084447390&g_mp=Cilnb29nbGUubWFwcy5wbGFjZXMudjEuUGxhY2VzLlNlYXJjaE5lYXJieRACGAQgAA,ChIJ358tZwAjDTkRnmLqD5Vwin4
"Belleza 26, Emaar Marbella",private_guest_room,private_guest_room|lodging|point_of_interest|establishment,,,"93W5+929, Badshahpur, Sector 66, Gurugram, Haryana 122101, India",4.5,2,OPERATIONAL,https://maps.google.com/?cid=12520743937659339154&g_mp=Cilnb29nbGUubWFwcy5wbGFjZXMudjEuUGxhY2VzLlNlYXJjaE5lYXJieRACGAQgAA,ChIJ60V6fQAjDTkRkoHPB0aewq0
Aarika's Home,housing_complex,housing_complex|service|point_of_interest|establishment,,,"Marbella Villas, Badshahpur, Sector 66, Gurugram, Haryana 122101, India",4.5,2,OPERATIONAL,https://maps.google.com/?cid=3773126937027658434&g_mp=Cilnb29nbGUubWFwcy5wbGFjZXMudjEuUGxhY2VzLlNlYXJjaE5lYXJieRACGAQgAA,ChIJB5ZmeAAjDTkRwsL9VfXWXDQ
Tyagi’s home,association_or_organization,association_or_organization|service|point_of_interest|establishment,,,"028A, Belleza, Marbella, Badshahpur, Sector 66, Gurugram, Haryana 122101, India",,,OPERATIONAL,https://maps.google.com/?cid=11432063133666386468&g_mp=Cilnb29nbGUubWFwcy5wbGFjZXMudjEuUGxhY2VzLlNlYXJjaE5lYXJieRACGAQgAA,ChIJ1zVbG6YjDTkRJCIGtNnYpp4
Bawejas,housing_complex,housing_complex|service|point_of_interest|establishment,,,"93W5+929, Badshahpur, Sector 66, Gurugram, Haryana 122101, India",,,OPERATIONAL,https://maps.google.com/?cid=5542391024339486602&g_mp=Cilnb29nbGUubWFwcy5wbGFjZXMudjEuUGxhY2VzLlNlYXJjaE5lYXJieRACGAQgAA,ChIJT5smZAAjDTkRiocRlEWH6kw
BPTP Downtown | Sector 66,business_center,business_center|corporate_office|point_of_interest|establishment,08071 500 128,https://www.bptp.com/projects/downtown-66,"Sector 66, Golf Course Ext Rd, Badshahpur, Sector 66, Gurugram, Haryana 122009, India",4.7,3,OPERATIONAL,https://maps.google.com/?cid=3337112858608604246&g_mp=Cilnb29nbGUubWFwcy5wbGFjZXMudjEuUGxhY2VzLlNlYXJjaE5lYXJieRACGAQgAA,ChIJIZe-KrwZDTkRVhTB0HbOTy4
Belleza 18,housing_complex,housing_complex|service|point_of_interest|establishment,,,"18, Belleza, Marbella, Badshahpur, Sector 66, Gurugram, Haryana 122101, India",2,2,OPERATIONAL,https://maps.google.com/?cid=11264293733116552631&g_mp=Cilnb29nbGUubWFwcy5wbGFjZXMudjEuUGxhY2VzLlNlYXJjaE5lYXJieRACGAQgAA,ChIJA1uWDgAjDTkRtyUSMHjPUpw
Tennis court 1,tennis_court,tennis_court|athletic_field|sports_activity_location|point_of_interest|establishment,,,"1901, IREO Uptown Connectivity Rd, Badshahpur, Sector 66, Gurugram, Haryana 122101, India",1,1,OPERATIONAL,https://maps.google.com/?cid=4826504901688836008&g_mp=Cilnb29nbGUubWFwcy5wbGFjZXMudjEuUGxhY2VzLlNlYXJjaE5lYXJieRACGAQgAA,ChIJiwVMyh0jDTkRqD_Y26Iw-0I
Mehta Homeo clinic: Homeopathy Doctor in Gurgaon,medical_clinic,medical_clinic|pharmacy|drugstore|point_of_interest|health|store|establishment,,,"Prajapati Rd, Badshahpur, Sector 66, Gurugram, Haryana 122101, India",3.9,7,CLOSED_TEMPORARILY,https://maps.google.com/?cid=6431803713268721499&g_mp=Cilnb29nbGUubWFwcy5wbGFjZXMudjEuUGxhY2VzLlNlYXJjaE5lYXJieRACGAQgAA,ChIJ-0aECVkiDTkRW6dramZbQlk
Tennis court 2,tennis_court,tennis_court|athletic_field|sports_activity_location|point_of_interest|establishment,,,"93V5+WXF, Badshahpur, Sector 66, Gurugram, Haryana 122101, India",,,OPERATIONAL,https://maps.google.com/?cid=6169697894206117844&g_mp=Cilnb29nbGUubWFwcy5wbGFjZXMudjEuUGxhY2VzLlNlYXJjaE5lYXJieRACGAQgAA,ChIJ9Tp3dpojDTkR1Jeh24srn1U
DAKSH & ASSOCIATES,consultant,accounting|consultant|finance|point_of_interest|service|establishment,095829 39294,https://universalca.com/,"Bptp Park Prime, F 301, Badshahpur, Sector 66, Gurugram, Haryana 122101, India",5,24,OPERATIONAL,https://maps.google.com/?cid=14356871106362048638&g_mp=Cilnb29nbGUubWFwcy5wbGFjZXMudjEuUGxhY2VzLlNlYXJjaE5lYXJieRACGAQgAA,ChIJa-jZf80jDTkRfoDHjDTaPcc
RKade Cricket Academy,sports_school,sports_school|point_of_interest|establishment,095608 89486,http://www.rkadeacademy.com/,"opp. Ireo Uptown, Badshahpur, Sector 66, Gurugram, Haryana 122101, India",4.9,7,OPERATIONAL,https://maps.google.com/?cid=5271944054101621134&g_mp=Cilnb29nbGUubWFwcy5wbGFjZXMudjEuUGxhY2VzLlNlYXJjaE5lYXJieRACGAQgAA,ChIJZwsAqtgjDTkRjrl1bC-1KUk
F-701,apartment_building,apartment_building|point_of_interest|service|establishment,,,"Bptp Park Prime, Badshahpur, Sector 66, Gurugram, Haryana 122101, India",,,OPERATIONAL,https://maps.google.com/?cid=9373158153639727746&g_mp=Cilnb29nbGUubWFwcy5wbGFjZXMudjEuUGxhY2VzLlNlYXJjaE5lYXJieRACGAQgAA,ChIJr7_1UgAjDTkRgpJA-60lFII
Tennis court 3,tennis_court,tennis_court|athletic_field|sports_activity_location|point_of_interest|establishment,,,"MA3, Badshahpur, Sector 66, Gurugram, Haryana 122101, India",,,OPERATIONAL,https://maps.google.com/?cid=14419013051280614536&g_mp=Cilnb29nbGUubWFwcy5wbGFjZXMudjEuUGxhY2VzLlNlYXJjaE5lYXJieRACGAQgAA,ChIJMQFyOaUjDTkRiGRNlfmfGsg
Creative Sports,tennis_court,tennis_court|sports_complex|sports_coaching|athletic_field|school|educational_institution|sports_activity_location|point_of_interest|health|establishment,097906 30350,,"Creative Sports, opposite to Ireo Uptown, Badshahpur, Sector 66, Gurugram, Haryana 122101, India",4.8,12,OPERATIONAL,https://maps.google.com/?cid=2189664958848986134&g_mp=Cilnb29nbGUubWFwcy5wbGFjZXMudjEuUGxhY2VzLlNlYXJjaE5lYXJieRACGAQgAA,ChIJb43IRtUjDTkRFmxQwa1AYx4
WeNet Global,service,corporate_office|point_of_interest|service|establishment,,,"IREO Uptown Connectivity Rd, Badshahpur, Sector 66, Gurugram, Haryana 122101, India",4.4,7,OPERATIONAL,https://maps.google.com/?cid=16835701836620542683&g_mp=Cilnb29nbGUubWFwcy5wbGFjZXMudjEuUGxhY2VzLlNlYXJjaE5lYXJieRACGAQgAA,ChIJj1G1MO8jDTkR27Io_J5tpOk
The Fertilis Academy,,point_of_interest|establishment,098990 09497,https://www.thefertilisacademy.com/,"IREO Uptown Connectivity Rd, Badshahpur, Sector 66, Gurugram, Haryana 122101, India",4.9,29,OPERATIONAL,https://maps.google.com/?cid=5422447625505554614&g_mp=Cilnb29nbGUubWFwcy5wbGFjZXMudjEuUGxhY2VzLlNlYXJjaE5lYXJieRACGAQgAA,ChIJYz0ML1kiDTkRtkBr02JnQEs
BPTP Downtown 66,apartment_complex,apartment_complex|point_of_interest|service|establishment,,https://www.triversehomes.com/bptp-downtown-66-sector-66-gurgaon/,"93W5+5XC, Badshahpur, Sector 66, Gurugram, Haryana 122101, India",3.3,3,OPERATIONAL,https://maps.google.com/?cid=2736267803997610769&g_mp=Cilnb29nbGUubWFwcy5wbGFjZXMudjEuUGxhY2VzLlNlYXJjaE5lYXJieRACGAQgAA,ChIJfV7VWgAjDTkREaOdAxIt-SU
Tower F & G,apartment_building,apartment_building|point_of_interest|service|establishment,,,"93V6+R3X, Badshahpur, Sector 66, Gurugram, Haryana 122101, India",,,OPERATIONAL,https://maps.google.com/?cid=16663294419245075782&g_mp=Cilnb29nbGUubWFwcy5wbGFjZXMudjEuUGxhY2VzLlNlYXJjaE5lYXJieRACGAQgAA,ChIJIXQiSMkjDTkRRg3aBv3pP-c
F1503 BPTP PARK PRIME,apartment_building,apartment_building|point_of_interest|service|establishment,,,"Bptp Park Prime, Badshahpur, Sector 66, Gurugram, Haryana 122101, India",,,OPERATIONAL,https://maps.google.com/?cid=10094392535394789840&g_mp=Cilnb29nbGUubWFwcy5wbGFjZXMudjEuUGxhY2VzLlNlYXJjaE5lYXJieRACGAQgAA,ChIJYYz9MwAjDTkR0KmPT4d8Fow
Tennis court 4,tennis_court,tennis_court|athletic_field|sports_activity_location|point_of_interest|establishment,,,"MA3, Badshahpur, Sector 66, Gurugram, Haryana 122101, India",,,OPERATIONAL,https://maps.google.com/?cid=12030757829096662289&g_mp=Cilnb29nbGUubWFwcy5wbGFjZXMudjEuUGxhY2VzLlNlYXJjaE5lYXJieRACGAQgAA,ChIJ8TAjwxIjDTkREWUO_oDW9aY
Luxe heaven Heights 15th Patio,lodging,lodging|point_of_interest|establishment,,https://www.us.despegar.com/hotels/h-6693058,"Badshahpur, Sector 66, Gurugram, Haryana 122101, India",,,OPERATIONAL,https://maps.google.com/?cid=12086466177135580937&g_mp=Cilnb29nbGUubWFwcy5wbGFjZXMudjEuUGxhY2VzLlNlYXJjaE5lYXJieRACGAQgAA,ChIJHQstKlkiDTkRCZfwhfPAu6c
Bhawna jindal & Associates,consultant,accounting|consultant|finance|point_of_interest|service|establishment,099903 37778,,"IREO Uptown Connectivity Rd, Badshahpur, Sector 66, Gurugram, Haryana 122101, India",5,1,OPERATIONAL,https://maps.google.com/?cid=1847119347493663560&g_mp=Cilnb29nbGUubWFwcy5wbGFjZXMudjEuUGxhY2VzLlNlYXJjaE5lYXJieRACGAQgAA,ChIJAQAAQGUiDTkRSHMclUJJohk
"Tower C, Ireo Uptown",apartment_building,apartment_building|point_of_interest|service|establishment,,,"C-Block, Ireo Uptown, Badshahpur, Sector 66, Gurugram, Haryana 122101, India",5,2,OPERATIONAL,https://maps.google.com/?cid=13615343637284479094&g_mp=Cilnb29nbGUubWFwcy5wbGFjZXMudjEuUGxhY2VzLlNlYXJjaE5lYXJieRACGAQgAA,ChIJ1xo3OAAjDTkRdmA3o-Zq87w
House of craft,,wholesaler|point_of_interest|store|establishment,089696 82007,https://www.instagram.com/houseofcraft.in/,"Ireo Uptown, Golf Course Ext Rd, Badshahpur, Sector 66, Gurugram, Haryana 122101, India",5,79,OPERATIONAL,https://maps.google.com/?cid=9164740554069077678&g_mp=Cilnb29nbGUubWFwcy5wbGFjZXMudjEuUGxhY2VzLlNlYXJjaE5lYXJieRACGAQgAA,ChIJFZ4TqyXxDDkRrm7nH_qyL38
Munna bhai ka ghar,apartment_building,apartment_building|point_of_interest|service|establishment,,,"93W5+9P5, Ireo Uptown Internal Rd, Badshahpur, Sector 66, Gurugram, Haryana 122101, India",,,OPERATIONAL,https://maps.google.com/?cid=4992617492690794194&g_mp=Cilnb29nbGUubWFwcy5wbGFjZXMudjEuUGxhY2VzLlNlYXJjaE5lYXJieRACGAQgAA,ChIJKdByfAAjDTkR0nY8VyhXSUU
National Cargo Packers and Movers,transportation_service,transportation_service|shipping_service|storage|point_of_interest|moving_company|manufacturer|service|establishment,095400 33419,https://nationalcargopackers.in/,"Shop No 15, Ccs Market Golf Estate Road Near M3M Urban M3M Urban Chowk Sector 56 Gurgaon Haryana 122001, Badshahpur, Sector 66, Gurugram, Haryana 122101, India",5,1,OPERATIONAL,https://maps.google.com/?cid=8064867864978905041&g_mp=Cilnb29nbGUubWFwcy5wbGFjZXMudjEuUGxhY2VzLlNlYXJjaE5lYXJieRACGAQgAA,ChIJ4Wvo1K0jDTkR0deH_Jcq7G8
Tanya Nursery,farm,farm|point_of_interest|wholesaler|service|establishment,,,"Ireo Uptown, near Ario Victor Belly, near M3m Goal Up Course, Badshahpur, Sector 66, Gurugram, Haryana 122101, India",5,2,OPERATIONAL,https://maps.google.com/?cid=7004089108752674512&g_mp=Cilnb29nbGUubWFwcy5wbGFjZXMudjEuUGxhY2VzLlNlYXJjaE5lYXJieRACGAQgAA,ChIJ7WrG61siDTkR0K5iZu-FM2E
Farm House,sports_club,sports_club|point_of_interest|association_or_organization|establishment,,,"93W7+5H3, Badshahpur, Sector 66, Gurugram, Haryana 122101, India",,,OPERATIONAL,https://maps.google.com/?cid=16603076554443062707&g_mp=Cilnb29nbGUubWFwcy5wbGFjZXMudjEuUGxhY2VzLlNlYXJjaE5lYXJieRACGAQgAA,ChIJJzMQRgAjDTkRs_0xzij6aeY
Muddy Paws Dog Park & Cafe,pet_boarding_service,pet_boarding_service|dog_park|dog_cafe|park|pet_care|point_of_interest|service|establishment,083739 17949,,"Landmark - Lotus Sports Academy, near Ireo Uptown, Badshahpur, Sector 66, Gurugram, Haryana 122101, India",4.6,79,OPERATIONAL,https://maps.google.com/?cid=14520529903041853747&g_mp=Cilnb29nbGUubWFwcy5wbGFjZXMudjEuUGxhY2VzLlNlYXJjaE5lYXJieRACGAQgAA,ChIJd2ZRAWYjDTkRMzk_hQNJg8k
\nBook Premium Luxury Suite In Gurgaon,lodging,lodging|point_of_interest|establishment,,,"Badshahpur, Sector 66, Gurugram, Haryana 122101, India",,,OPERATIONAL,https://maps.google.com/?cid=3311016750547744935&g_mp=Cilnb29nbGUubWFwcy5wbGFjZXMudjEuUGxhY2VzLlNlYXJjaE5lYXJieRACGAQgAA,ChIJ75BovlsiDTkRpzjELTEY8y0
MAJID KHAN,fast_food_restaurant,fast_food_restaurant|restaurant|point_of_interest|food|establishment,,,"3, Samrat Mihir Bhoj Rd, near M3M The Point, Badshahpur, Sector 65, Golf Estate Rd, Badshahpur, Sector 66, Gurugram, Haryana 122101, India",,,OPERATIONAL,https://maps.google.com/?cid=196447978309346253&g_mp=Cilnb29nbGUubWFwcy5wbGFjZXMudjEuUGxhY2VzLlNlYXJjaE5lYXJieRACGAQgAA,ChIJayOf0WUjDTkRzeP4O2XsuQI
Ola,garden,garden|point_of_interest|establishment,,,"93W7+FJC, Badshahpur, Sector 66, Gurugram, Haryana 122101, India",3,2,CLOSED_TEMPORARILY,https://maps.google.com/?cid=9509204033486058337&g_mp=Cilnb29nbGUubWFwcy5wbGFjZXMudjEuUGxhY2VzLlNlYXJjaE5lYXJieRACGAQgAA,ChIJfxewCwAjDTkRYfOlwK9694M
IRFAN 2985,travel_agency,travel_agency|point_of_interest|service|establishment,,,"93W7+5RX, Badshahpur, Sector 66, Gurugram, Haryana 122101, India",4.9,7,OPERATIONAL,https://maps.google.com/?cid=10602210573759410548&g_mp=Cilnb29nbGUubWFwcy5wbGFjZXMudjEuUGxhY2VzLlNlYXJjaE5lYXJieRACGAQgAA,ChIJewCjHXMjDTkRdPHRClieIpM
Car repair & car service,car_repair,car_repair|point_of_interest|service|establishment,,,"93W7+5RX, Badshahpur, Sector 66, Gurugram, Haryana 122101, India",,,OPERATIONAL,https://maps.google.com/?cid=3132028866408030289&g_mp=Cilnb29nbGUubWFwcy5wbGFjZXMudjEuUGxhY2VzLlNlYXJjaE5lYXJieRACGAQgAA,ChIJYYpDWAAjDTkRUSCF6Kgzdys
Taxi ola uber,tour_agency,tour_agency|travel_agency|point_of_interest|service|establishment,,,"93W7+5RX, Badshahpur, Sector 66, Gurugram, Haryana 122101, India",5,3,OPERATIONAL,https://maps.google.com/?cid=15534034847211891614&g_mp=Cilnb29nbGUubWFwcy5wbGFjZXMudjEuUGxhY2VzLlNlYXJjaE5lYXJieRACGAQgAA,ChIJ732eZ3QjDTkRnquaBGT6k9c
Fatti tundlaka,taxi_service,taxi_service|transportation_service|point_of_interest|service|establishment,,,"Badshahpur, Sector 66, Gurugram, Haryana 122101, India",4.5,2,OPERATIONAL,https://maps.google.com/?cid=6025647545257352000&g_mp=Cilnb29nbGUubWFwcy5wbGFjZXMudjEuUGxhY2VzLlNlYXJjaE5lYXJieRACGAQgAA,ChIJEUj8s-IjDTkRQNvEZIRmn1M
Multi Brand Car Workshop,car_repair,car_repair|point_of_interest|service|establishment,098131 63258,,"Multi Brand Car Workshop, Prachin Shri Hanuman Mandir, Golf Estate Rd, Badshahpur, Sector 66, Gurugram, Haryana 122103, India",5,8,OPERATIONAL,https://maps.google.com/?cid=17721046974758220649&g_mp=Cilnb29nbGUubWFwcy5wbGFjZXMudjEuUGxhY2VzLlNlYXJjaE5lYXJieRACGAQgAA,ChIJZcBQRqAjDTkRaXN5WlXO7fU
Raju Car Care,car_repair,car_repair|point_of_interest|service|establishment,099904 58100,,"Raju Car Care (24×7, Badshahpur, Sector 66, Gurugram, Haryana 122018, India",4.8,25,OPERATIONAL,https://maps.google.com/?cid=17040527153679717900&g_mp=Cilnb29nbGUubWFwcy5wbGFjZXMudjEuUGxhY2VzLlNlYXJjaE5lYXJieRACGAQgAA,ChIJkTe12-cjDTkRDFZ6ZCkdfOw
Sedul,store,store|point_of_interest|establishment,,,"93W7+CMQ, Badshahpur, Sector 66, Gurugram, Haryana 122101, India",5,1,CLOSED_TEMPORARILY,https://maps.google.com/?cid=12188082373427328570&g_mp=Cilnb29nbGUubWFwcy5wbGFjZXMudjEuUGxhY2VzLlNlYXJjaE5lYXJieRACGAQgAA,ChIJzzobZQAjDTkROvZV6VfEJKk
S R electricals,electronics_store,electronics_store|point_of_interest|store|establishment,088510 82022,https://s-r-electricals.grexa.site/,"Shop no. 2, CCS market, Sector 66, Ireo Victory Valley Rd, opposite erio, Badshahpur, Sector 66, Gurugram, Haryana 122101, India",3.7,15,OPERATIONAL,https://maps.google.com/?cid=17585252622381148077&g_mp=Cilnb29nbGUubWFwcy5wbGFjZXMudjEuUGxhY2VzLlNlYXJjaE5lYXJieRACGAQgAA,ChIJ3bF4aAAjDTkRreeI4hZeC_Q
Ramis Health Pvt. Ltd. - Ayurveda Clinic,medical_clinic,medical_clinic|health|point_of_interest|establishment,,http://www.ramishealth.com/,"G-1502, Bptp Park Prime, Badshahpur, Sector 66, Gurugram, Haryana 122101, India",4,4,OPERATIONAL,https://maps.google.com/?cid=7207044453294748328&g_mp=Cilnb29nbGUubWFwcy5wbGFjZXMudjEuUGxhY2VzLlNlYXJjaE5lYXJieRACGAQgAA,ChIJ6VyaqTojDTkRqDIV576QBGQ
Tent wala,store,point_of_interest|store|establishment,098994 56622,,"Ramgarh Rd, Badshahpur, Sector 66, Gurugram, Haryana 122101, India",,,CLOSED_TEMPORARILY,https://maps.google.com/?cid=4956441141148530367&g_mp=Cilnb29nbGUubWFwcy5wbGFjZXMudjEuUGxhY2VzLlNlYXJjaE5lYXJieRACGAQgAA,ChIJo5Fqf94jDTkRvzZKIPXQyEQ
Route 66,association_or_organization,association_or_organization|point_of_interest|establishment,099998 88854,https://www.hmctravels.com/,"Badshahpur, Sector 66, Gurugram, Haryana 122101, India",,,OPERATIONAL,https://maps.google.com/?cid=12594780052681642639&g_mp=Cilnb29nbGUubWFwcy5wbGFjZXMudjEuUGxhY2VzLlNlYXJjaE5lYXJieRACGAQgAA,ChIJoXMvRJUjDTkRj9JDWLqlya4
RV Stationery Mart,store,point_of_interest|store|establishment,098701 33263,,"Om Plaza, B-3, Prajapati Rd, near Bala Ji Communicatioon, Badshahpur, Sector 66, Gurugram, Haryana 122101, India",,,OPERATIONAL,https://maps.google.com/?cid=14881245805536201039&g_mp=Cilnb29nbGUubWFwcy5wbGFjZXMudjEuUGxhY2VzLlNlYXJjaE5lYXJieRACGAQgAA,ChIJCVavidAjDTkRT8lBRjfOhM4
KADAPUR,hostel,hostel|lodging|point_of_interest|establishment,,,"93V7+988, Prajapati Rd, Badshahpur, Sector 66, Gurugram, Haryana 122101, India",4,2,OPERATIONAL,https://maps.google.com/?cid=11356544844985381&g_mp=Cilnb29nbGUubWFwcy5wbGFjZXMudjEuUGxhY2VzLlNlYXJjaE5lYXJieRACGAQgAA,ChIJod3QfgAjDTkRJXRcpbdYKAA
Mangeram Bhagat ji mandir,hindu_temple,hindu_temple|place_of_worship|point_of_interest|association_or_organization|establishment,,,"house no 185, Prajapati Rd, Badshahpur, Sector 66, Gurugram, Haryana 122101, India",,,OPERATIONAL,https://maps.google.com/?cid=2801362818712988417&g_mp=Cilnb29nbGUubWFwcy5wbGFjZXMudjEuUGxhY2VzLlNlYXJjaE5lYXJieRACGAQgAA,ChIJuWetGAAjDTkRAetfMKRw4CY
Wellness pharmacy,pharmacy,pharmacy|health|store|point_of_interest|establishment,096502 14756,,"Shop no. 5, opposite M3M Urbana, Sector 64, Gurugram, Haryana 122101, India",4.3,6,OPERATIONAL,https://maps.google.com/?cid=864318950879044560&g_mp=Cilnb29nbGUubWFwcy5wbGFjZXMudjEuUGxhY2VzLlNlYXJjaE5lYXJieRACGAQgAA,ChIJG7Z_HXYjDTkR0KPIp4Gt_gs
"Evas Properties | Best Property Dealer in Sector 65, Gurgaon",service,real_estate_agency|service|point_of_interest|establishment,099991 45949,https://evasproperties.com/?utm_source=Google&utm_medium=GMB,"Sector 65, Gurugram, Haryana 122101, India",3.8,4,OPERATIONAL,https://maps.google.com/?cid=17950145483744534712&g_mp=Cilnb29nbGUubWFwcy5wbGFjZXMudjEuUGxhY2VzLlNlYXJjaE5lYXJieRACGAQgAA,ChIJ8_sBoPAjDTkRuOAsqTa6G_k
K K SCRAP BUYER,service,service|point_of_interest|establishment,096436 75766,http://www.kkscrapbuyers.in/,"Gurjar chowk, near M3M Tea point, Sector 65, Gurugram, Haryana 122101, India",5,34,OPERATIONAL,https://maps.google.com/?cid=10529986272285734017&g_mp=Cilnb29nbGUubWFwcy5wbGFjZXMudjEuUGxhY2VzLlNlYXJjaE5lYXJieRACGAQgAA,ChIJ44lzOmkjDTkRgbRUcbkGIpI
Mukesh Dhaba,fast_food_restaurant,fast_food_restaurant|restaurant|point_of_interest|food|establishment,077395 40272,,"Shop 5, Sona Road, Sector 65, Gurugram, Haryana 122101, India",,,CLOSED_TEMPORARILY,https://maps.google.com/?cid=5733362357121290652&g_mp=Cilnb29nbGUubWFwcy5wbGFjZXMudjEuUGxhY2VzLlNlYXJjaE5lYXJieRACGAQgAA,ChIJZ_LjvPQjDTkRnJHP6K_-kE8
NAMAN CHARITABLE TRUST HEATH CARE CENTER,hospital,hospital|service|health|point_of_interest|establishment,095606 82067,,"SHOPE NO 3, GALI NO 2, near SMRAT SWEETS, KADIPUR, Gurugram, Haryana 122101, India",5,1,OPERATIONAL,https://maps.google.com/?cid=9831192026986948835&g_mp=Cilnb29nbGUubWFwcy5wbGFjZXMudjEuUGxhY2VzLlNlYXJjaE5lYXJieRACGAQgAA,ChIJr3RlrHQjDTkR46g1hw9pb4g
Elite auto service | Luxury car repair workshop | Premium car workshop near me | luxury car service.,car_repair,car_repair|service|point_of_interest|establishment,098212 72614,https://eliteautoservice.co.in/,"Shop number. 10, Golf Estate Rd, near T point, Sector 65, Gurugram, Haryana 122101, India",5,6,OPERATIONAL,https://maps.google.com/?cid=4395028469223278709&g_mp=Cilnb29nbGUubWFwcy5wbGFjZXMudjEuUGxhY2VzLlNlYXJjaE5lYXJieRACGAQgAA,ChIJ9dNxw1UjDTkRdUjIXRtH_jw
Chant Gilori House,apartment_building,apartment_building|service|point_of_interest|establishment,,,"28, 1 to Gate 2, Vigyan Lok Gate, Vigyan Lok, Anand Vihar, Gurugram, Delhi 122101, India",,,OPERATIONAL,https://maps.google.com/?cid=5448365035606695122&g_mp=Cilnb29nbGUubWFwcy5wbGFjZXMudjEuUGxhY2VzLlNlYXJjaE5lYXJieRACGAQgAA,ChIJyf7HCgAjDTkR0tz-GSJ7nEs
Sameer flower and buqet shop,,point_of_interest|establishment,,,"93V8+R6R, Samrat Mihir Bhoj Rd, Sector 65, Gurugram, Haryana 122101, India",,,CLOSED_TEMPORARILY,https://maps.google.com/?cid=7507390420299197152&g_mp=Cilnb29nbGUubWFwcy5wbGFjZXMudjEuUGxhY2VzLlNlYXJjaE5lYXJieRACGAQgAA,ChIJYepnLUcjDTkR4KoauM-bL2g
Ruuh Wellness Spa,spa,spa|point_of_interest|establishment,090344 50226,https://ruuhwellnessspa.in/,"Sector 64, Urbana Worldmark Mall, opposite Gujjar Chowk, Sector 64, Gurugram, Haryana 122102, India",5,32,OPERATIONAL,https://maps.google.com/?cid=17821534695358147193&g_mp=Cilnb29nbGUubWFwcy5wbGFjZXMudjEuUGxhY2VzLlNlYXJjaE5lYXJieRACGAQgAA,ChIJZ9KUnAQjDTkReSofBWLPUvc
Levi's Exclusive Store,clothing_store,clothing_store|store|point_of_interest|establishment,092113 48091,https://stores.levi.in/levi-s-exclusive-store-clothing-shop-sector-67-gurugram-412160/Home?utm_source=locator&utm_medium=googleplaces,"Ki Dhani, No 162, Birbal Colony Darbaripur, near M3M Company, Ramgarh, Sector 67, Gurugram, Haryana 122101, India",,,OPERATIONAL,https://maps.google.com/?cid=5045521057798357577&g_mp=Cilnb29nbGUubWFwcy5wbGFjZXMudjEuUGxhY2VzLlNlYXJjaE5lYXJieRACGAQgAA,ChIJ614mqP0jDTkRSQLTdKtKBUY
Bajel Store,manufacturer,manufacturer|point_of_interest|establishment,,,"Gurjar chowk, Sector 65, Gurugram, Haryana 122101, India",,,OPERATIONAL,https://maps.google.com/?cid=4329639281322744736&g_mp=Cilnb29nbGUubWFwcy5wbGFjZXMudjEuUGxhY2VzLlNlYXJjaE5lYXJieRACGAQgAA,ChIJnWkblusjDTkRoNvRqPz3FTw
REDTAPE - HARYANA - GURUGRAM - OPP. WORLDMARK (ONLINE),shopping_mall,shopping_mall|point_of_interest|establishment,070426 66198,https://www.redtape.com/,"Walk 64 Market, Gurjar Chowk, Sector 64, Gurugram, Haryana 122101, India",4.2,25,OPERATIONAL,https://maps.google.com/?cid=7868947318269063553&g_mp=Cilnb29nbGUubWFwcy5wbGFjZXMudjEuUGxhY2VzLlNlYXJjaE5lYXJieRACGAQgAA,ChIJfadHkMEjDTkRgbGw_eQdNG0
CURTAINS WAALA,store,service|store|point_of_interest|establishment,078274 21954,https://www.instagram.com/curtainswaala?igsh=bXFrczNqN2I1MTk3,"CurtainsWaala, gujjar chowk, Mall, opposite M3M Urbana Premium, next to real wood furniture, redlight, Sector 64, Gurugram, Haryana 122101, India",5,11,OPERATIONAL,https://maps.google.com/?cid=15572859089177036168&g_mp=Cilnb29nbGUubWFwcy5wbGFjZXMudjEuUGxhY2VzLlNlYXJjaE5lYXJieRACGAQgAA,ChIJS9zOA0kjDTkRiEWcQ9XoHdg
Sanjay Mochi Cobbler,service,service|point_of_interest|establishment,,,"M3M Urbana Premium, Golf Course Ext Rd, Sector 67, Gurugram, Haryana 122101, India",5,1,OPERATIONAL,https://maps.google.com/?cid=12341680274511652561&g_mp=Cilnb29nbGUubWFwcy5wbGFjZXMudjEuUGxhY2VzLlNlYXJjaE5lYXJieRACGAQgAA,ChIJR2xtegAjDTkR0Wa2FdJ0Rqs
Anubhav Battery,auto_parts_store,auto_parts_store|car_repair|service|wholesaler|store|point_of_interest|supplier|establishment,099587 30028,https://anubhavbattery.in/,"Shop No 2, Gujjar Chowk, M3M Road, near World Mark Tower 3, Sector 64, Gurugram, Haryana 122101, India",5,192,OPERATIONAL,https://maps.google.com/?cid=11846667987045780823&g_mp=Cilnb29nbGUubWFwcy5wbGFjZXMudjEuUGxhY2VzLlNlYXJjaE5lYXJieRACGAQgAA,ChIJu2J-zWsjDTkRVw3bk8TRZ6Q
Real Wood Furniture pvt ltd,furniture_store,furniture_store|manufacturer|home_improvement_store|home_goods_store|general_contractor|service|wholesaler|store|point_of_interest|establishment,095402 08011,,"Kshatriya samrat mibir bhoj chowk, Sector 64 Near by M3M Urbana Mall L N TChowk, Badshahpur, Sector 64, Gurugram, Haryana 122101, India",4.8,93,OPERATIONAL,https://maps.google.com/?cid=8367190497490914610&g_mp=Cilnb29nbGUubWFwcy5wbGFjZXMudjEuUGxhY2VzLlNlYXJjaE5lYXJieRACGAQgAA,ChIJr-Q4B1YjDTkRMk34Gm07HnQ
Shubhvastu Interior Design Studio,general_contractor,home_goods_store|general_contractor|service|store|point_of_interest|establishment,074500 49001,https://shubhvastudesign.com/,"Gujjar chowk, Maidawas Rd, Sector 64, Gurugram, Haryana 122101, India",4.9,91,OPERATIONAL,https://maps.google.com/?cid=4063343104214746177&g_mp=Cilnb29nbGUubWFwcy5wbGFjZXMudjEuUGxhY2VzLlNlYXJjaE5lYXJieRACGAQgAA,ChIJjXWQNgAjDTkRQcRAVwblYzg
Kanhaiya Hotel,indian_restaurant,indian_restaurant|restaurant|point_of_interest|food|establishment,099582 95484,,"3, Samrat Mihir Bhoj Rd, near M3M The Point, Badshahpur, Sector 65, Gurugram, Haryana 122101, India",5,5,CLOSED_TEMPORARILY,https://maps.google.com/?cid=4898048774036972625&g_mp=Cilnb29nbGUubWFwcy5wbGFjZXMudjEuUGxhY2VzLlNlYXJjaE5lYXJieRACGAQgAA,ChIJy0sbCVsiDTkRUeQCtWhd-UM
"Ozone India | Hardware Houzz | Ashwini Bazaar, Udaipur",hardware_store,hardware_store|building_materials_store|furniture_store|home_improvement_store|home_goods_store|general_contractor|service|store|point_of_interest|supplier|establishment,094629 01468,https://stores.ozone.in/ozone-india-hardware-houzz-ashwini-bazaar-bhopal-OZDLR01619?utm_source=Googlemaps&utm_medium=GMB,"47, 47B, Ashwini Bazaar Rd, near Minda Furniture, Ashwini Bazaar, Basti Ram Jiki Badi, Udaipur, Gurugram, Rajasthan 122101, India",,,OPERATIONAL,https://maps.google.com/?cid=3850946642427714782&g_mp=Cilnb29nbGUubWFwcy5wbGFjZXMudjEuUGxhY2VzLlNlYXJjaE5lYXJieRACGAQgAA,ChIJMW8H-RkjDTkR3hzjbpFPcTU
Jain Shikanji,restaurant,restaurant|point_of_interest|food|establishment,,,"Gujjar chowk, 170, Maidawas Rd, beside Shubh vastu interiors, Sector 64, Gurugram, Haryana 122101, India",4.8,23,OPERATIONAL,https://maps.google.com/?cid=1922137193767857906&g_mp=Cilnb29nbGUubWFwcy5wbGFjZXMudjEuUGxhY2VzLlNlYXJjaE5lYXJieRACGAQgAA,ChIJi_F5KwAjDTkR8m4ZBJjNrBo
Bidyut Paan Shop,store,point_of_interest|store|establishment,074950 30132,,"near Wine Shop, Badshahpur, Sector 62, Gurugram, Haryana 122101, India",4.8,9,OPERATIONAL,https://maps.google.com/?cid=15642500879270955291&g_mp=Cilnb29nbGUubWFwcy5wbGFjZXMudjEuUGxhY2VzLlNlYXJjaE5lYXJieRACGAQgAA,ChIJre703y4jDTkRG0muE6xTFdk
KFC Franchises,employment_agency,employment_agency|point_of_interest|service|establishment,,http://kfcfranchiseservices.in/,"2nd floor, world mark TOWER, 5, Maidawas Rd, Sector 18, Gurugram, Haryana 122101, India",,,OPERATIONAL,https://maps.google.com/?cid=9204723183007571089&g_mp=Cilnb29nbGUubWFwcy5wbGFjZXMudjEuUGxhY2VzLlNlYXJjaE5lYXJieRACGAQgAA,ChIJ58ST6kQiDTkRkRz4Wve-vX8
Shri Balaji Trading ( Pepsi ),storage,storage|point_of_interest|establishment,,,"93VC+V89, Sector 64, Gurugram, Haryana 122101, India",,,OPERATIONAL,https://maps.google.com/?cid=14778793948881503616&g_mp=Cilnb29nbGUubWFwcy5wbGFjZXMudjEuUGxhY2VzLlNlYXJjaE5lYXJieRACGAQgAA,ChIJr6P0XAAjDTkRgEXGi8vSGM0
Raj,barbecue_area,barbecue_area|point_of_interest|establishment,,,"93V9+VF5, Sector 64, Gurugram, Haryana 122101, India",,,CLOSED_TEMPORARILY,https://maps.google.com/?cid=6569111082326156899&g_mp=Cilnb29nbGUubWFwcy5wbGFjZXMudjEuUGxhY2VzLlNlYXJjaE5lYXJieRACGAQgAA,ChIJP4VMLgAjDTkRY-YhiLkrKls
Starcrest proposed site 1 near worldmark,parking_lot,parking_lot|parking|transportation_service|point_of_interest|service|establishment,,,"5, Sector 48, Gurugram, Haryana 122101, India",3,1,OPERATIONAL,https://maps.google.com/?cid=10914153521472785019&g_mp=Cilnb29nbGUubWFwcy5wbGFjZXMudjEuUGxhY2VzLlNlYXJjaE5lYXJieRACGAQgAA,ChIJR3AacG4jDTkRe8p2V83cdpc
Innovate auto care,car_repair,car_wash|car_repair|point_of_interest|service|establishment,063979 94297,https://innovateautocare.com/,"M3m St. Andrews Power House, Maidawas Rd, nearby gujjar chowk, opp. the liquor fort, Sector 65, Gurugram, Haryana 122001, India",5,39,OPERATIONAL,https://maps.google.com/?cid=12611674610572954192&g_mp=Cilnb29nbGUubWFwcy5wbGFjZXMudjEuUGxhY2VzLlNlYXJjaE5lYXJieRACGAQgAA,ChIJMXROV6nKhaMRUIoDIj2rBa8
Golden Glass Solutions,,point_of_interest|establishment,087007 33298,https://golden-glass-solutions.grexa.site/,"M3m St. Andrews Power House, Maidawas Rd, nearby gujjar chowk, opp. the liquor fort, Sector 65, Gurugram, Haryana 122001, India",5,123,OPERATIONAL,https://maps.google.com/?cid=13242376377841083540&g_mp=Cilnb29nbGUubWFwcy5wbGFjZXMudjEuUGxhY2VzLlNlYXJjaE5lYXJieRACGAQgAA,ChIJv2a4JwAjDTkRlOQ9jydfxrc
Armaan fabricator and SS welding,manufacturer,manufacturer|point_of_interest|establishment,,,"Power House, Maidawas Rd, nearby Gurjar chowk, opposite golden glass solution, Sector 65, Gurugram, Haryana 122001, India",5,2,OPERATIONAL,https://maps.google.com/?cid=11732965941161536379&g_mp=Cilnb29nbGUubWFwcy5wbGFjZXMudjEuUGxhY2VzLlNlYXJjaE5lYXJieRACGAQgAA,ChIJgX2ijeIjDTkRe6uwDFze06I
Royal Sofa & Furniture | Best Sofa Repair in Sector 65 Gurgaon | Best New Sofa in Sector 65 Gurgaon,manufacturer,manufacturer|point_of_interest|establishment,092057 72729,https://royalsofagurgaon.com/,"near M3M URBANA, opp. M3m St. Andrews Power House, Sector 65, Gurugram, Haryana 122101, India",4.9,28,OPERATIONAL,https://maps.google.com/?cid=3014439869318326893&g_mp=Cilnb29nbGUubWFwcy5wbGFjZXMudjEuUGxhY2VzLlNlYXJjaE5lYXJieRACGAQgAA,ChIJSVivBNsjDTkRbWp-Bxdx1Sk
Cyclocraze,bicycle_store,bicycle_store|manufacturer|point_of_interest|sporting_goods_store|store|service|establishment,095179 00060,https://cyclocraze.com/,"Rect 41, Killa 13, opposite WorldMark, Sector 64, Gurugram, Haryana 122018, India",4.9,69,OPERATIONAL,https://maps.google.com/?cid=13251686991971961253&g_mp=Cilnb29nbGUubWFwcy5wbGFjZXMudjEuUGxhY2VzLlNlYXJjaE5lYXJieRACGAQgAA,ChIJMZZP_gIAu4ERpUkn1xtz57c
Apollo Tyres - Tyre Arena,tire_shop,tire_shop|auto_parts_store|car_repair|point_of_interest|store|service|establishment,080 4595 0830,https://store.apollotyres.com/apollo-tyres-tyre-arena-tyre-shop-sector-64-gurugram-372455/Home,"Maidawas Rd, near Kosmos, opposite World Mark Tower 3, Sector 64, Gurugram, Haryana 122101, India",3.7,10,OPERATIONAL,https://maps.google.com/?cid=9574691848785496658&g_mp=Cilnb29nbGUubWFwcy5wbGFjZXMudjEuUGxhY2VzLlNlYXJjaE5lYXJieRACGAQgAA,ChIJu7ia4I4jDTkRUgqw8IEj4IQ
Atanu (grocery shop),point_of_interest,point_of_interest|establishment,,,"93VC+V89, Sector 64, Gurugram, Haryana 122101, India",5,2,CLOSED_TEMPORARILY,https://maps.google.com/?cid=16956359888332815227&g_mp=Cilnb29nbGUubWFwcy5wbGFjZXMudjEuUGxhY2VzLlNlYXJjaE5lYXJieRACGAQgAA,ChIJO6kHJAAjDTkRe3vC03oXUes
Kadarpur Rd Bengali Colony Sector 64 কাদারপুর রোড বাঙালি কলোনি সেক্টর 64,association_or_organization,point_of_interest|association_or_organization|service|establishment,,,"Maidawas Village Road, behind World Mark, Medawas, Sector 64, Gurugram, Haryana 122101, India",5,1,OPERATIONAL,https://maps.google.com/?cid=16634282478252932886&g_mp=Cilnb29nbGUubWFwcy5wbGFjZXMudjEuUGxhY2VzLlNlYXJjaE5lYXJieRACGAQgAA,ChIJbzuEHwAjDTkRFj_FIcjX2OY
Sofiya,housing_complex,housing_complex|point_of_interest|service|establishment,,,"93VC+XC7, Sector 64, Gurugram, Haryana 122101, India",,,OPERATIONAL,https://maps.google.com/?cid=5258959079107122959&g_mp=Cilnb29nbGUubWFwcy5wbGFjZXMudjEuUGxhY2VzLlNlYXJjaE5lYXJieRACGAQgAA,ChIJIaVRSgAjDTkRD9d-VmuT-0g
VODKA PRIVATE FARM HOUSE,lodging,lodging|point_of_interest|establishment,,,"Sector 64, Gurugram, Haryana 122101, India",,,OPERATIONAL,https://maps.google.com/?cid=7186453553115176892&g_mp=Cilnb29nbGUubWFwcy5wbGFjZXMudjEuUGxhY2VzLlNlYXJjaE5lYXJieRACGAQgAA,ChIJbQzQWUQiDTkRvB9GXG5pu2M
Baba valet parking,parking,parking|transportation_service|point_of_interest|establishment,,,"93WC+97G, Maidawas Rd, Sector 65, Gurugram, Haryana 122101, India",,,OPERATIONAL,https://maps.google.com/?cid=1981676225187515636&g_mp=Cilnb29nbGUubWFwcy5wbGFjZXMudjEuUGxhY2VzLlNlYXJjaE5lYXJieRACGAQgAA,ChIJ8T8fRwAjDTkR9IwjBgdUgBs
Kósmos,banquet_hall,banquet_hall|event_venue|point_of_interest|establishment,091009 20079,https://www.kosmosconvention.com/,"opposite Worldmark, Sector 64, Gurugram, Haryana 122101, India",4.4,169,OPERATIONAL,https://maps.google.com/?cid=820763762927818082&g_mp=Cilnb29nbGUubWFwcy5wbGFjZXMudjEuUGxhY2VzLlNlYXJjaE5lYXJieRACGAQgAA,ChIJBXzFSwAjDTkRYlXTNUvwYws
Raju sarpanch,storage,storage|point_of_interest|establishment,,,"93V9+R7W, Maidawas Rd, Sector 64, Gurugram, Haryana 122101, India",,,OPERATIONAL,https://maps.google.com/?cid=10621093954635448297&g_mp=Cilnb29nbGUubWFwcy5wbGFjZXMudjEuUGxhY2VzLlNlYXJjaE5lYXJieRACGAQgAA,ChIJuQg9LgAjDTkR6T8YxK20ZZM
Ankan clinic,doctor,doctor|health|point_of_interest|establishment,,,"93WF+28W, Sector 64, Gurugram, Haryana 122101, India",5,1,OPERATIONAL,https://maps.google.com/?cid=6260419395320423221&g_mp=Cilnb29nbGUubWFwcy5wbGFjZXMudjEuUGxhY2VzLlNlYXJjaE5lYXJieRACGAQgAA,ChIJIfd4awAjDTkRNSMKW0V64VY
Max Lab | Diagnostic Centre & Blood Test in Gurugram,medical_clinic,medical_lab|medical_clinic|doctor|health|point_of_interest|establishment,090159 92005,https://www.maxlab.co.in/,"Shop No 3, Y1 Tee Point Tyagi Market, Medawas, Sector 64, Gurugram, Haryana 122101, India",5,31,OPERATIONAL,https://maps.google.com/?cid=12095584097975682661&g_mp=Cilnb29nbGUubWFwcy5wbGFjZXMudjEuUGxhY2VzLlNlYXJjaE5lYXJieRACGAQgAA,ChIJFYdts48jDTkRZUa05qYl3Kc
Bhavik buildtech pvt ltd,corporate_office,corporate_office|point_of_interest|establishment,,,"93WF+58W, 13 Bhupur, Sector 64, Gurugram, Haryana 122101, India",,,OPERATIONAL,https://maps.google.com/?cid=6171695172299822979&g_mp=Cilnb29nbGUubWFwcy5wbGFjZXMudjEuUGxhY2VzLlNlYXJjaE5lYXJieRACGAQgAA,ChIJKyESZQAjDTkRg5fsZg9EplU
Siddik Ali,corporate_office,corporate_office|point_of_interest|establishment,,,"93VF+V9H, Prajapati Rd, Sector 64, Gurugram, Haryana 122101, India",,,OPERATIONAL,https://maps.google.com/?cid=5062394806574827597&g_mp=Cilnb29nbGUubWFwcy5wbGFjZXMudjEuUGxhY2VzLlNlYXJjaE5lYXJieRACGAQgAA,ChIJUwzARAAjDTkRTcisPkE9QUY
Samsr Ali,auto_parts_store,auto_parts_store|car_repair|point_of_interest|store|service|establishment,,,"93VF+V9H, Prajapati Rd, Sector 64, Gurugram, Haryana 122101, India",,,CLOSED_TEMPORARILY,https://maps.google.com/?cid=6378652000652621388&g_mp=Cilnb29nbGUubWFwcy5wbGFjZXMudjEuUGxhY2VzLlNlYXJjaE5lYXJieRACGAQgAA,ChIJbccdIQAjDTkRTPa79DKGhVg
Imran,store,store|point_of_interest|establishment,,,"93VF+V9H, Prajapati Rd, Sector 64, Gurugram, Haryana 122101, India",5,1,OPERATIONAL,https://maps.google.com/?cid=1480417555848180087&g_mp=Cilnb29nbGUubWFwcy5wbGFjZXMudjEuUGxhY2VzLlNlYXJjaE5lYXJieRACGAQgAA,ChIJiQg-egAjDTkRdzGVZ-x_ixQ
Aditya Clinic,medical_clinic,medical_clinic|health|point_of_interest|establishment,099530 87070,,"Shop No 08, Medawas Village Rd, near Emmar Estate, Medawas, Sector 65, Gurugram, Haryana 122101, India",,,CLOSED_TEMPORARILY,https://maps.google.com/?cid=11474233800913528187&g_mp=Cilnb29nbGUubWFwcy5wbGFjZXMudjEuUGxhY2VzLlNlYXJjaE5lYXJieRACGAQgAA,ChIJRYz5KUQiDTkReyU7TdmqPJ8
KEC LABOUR CAMP,association_or_organization,association_or_organization|point_of_interest|service|establishment,,,"93VF+V9H, Prajapati Rd, Sector 64, Gurugram, Haryana 122101, India",5,1,OPERATIONAL,https://maps.google.com/?cid=18261795643407798159&g_mp=Cilnb29nbGUubWFwcy5wbGFjZXMudjEuUGxhY2VzLlNlYXJjaE5lYXJieRACGAQgAA,ChIJdVHXNwAjDTkRjw8Z7mHubv0
Tyagi garments,,point_of_interest|establishment,088262 69342,,"Medawas, Bhuapuar, Gurugram, Haryana 122011, India",5,1,OPERATIONAL,https://maps.google.com/?cid=16121419552368395161&g_mp=Cilnb29nbGUubWFwcy5wbGFjZXMudjEuUGxhY2VzLlNlYXJjaE5lYXJieRACGAQgAA,ChIJ5V_ySnIjDTkRmYP0_arJut8
Nakul tyagi,apartment_building,apartment_building|point_of_interest|service|establishment,,,"64, Sector Rd, IOC Colony, Sector 10A, Gurugram, Haryana 122101, India",3.8,5,OPERATIONAL,https://maps.google.com/?cid=12589863634565167753&g_mp=Cilnb29nbGUubWFwcy5wbGFjZXMudjEuUGxhY2VzLlNlYXJjaE5lYXJieRACGAQgAA,ChIJC-LgZc0jDTkRiXrdjEUuuK4
Zepto store sec 64,post_office,post_office|association_or_organization|finance|government_office|point_of_interest|service|establishment,,,"93VF+Q7P, Prajapati Rd, Sector 64, Gurugram, Haryana 122101, India",,,OPERATIONAL,https://maps.google.com/?cid=11207776149501473545&g_mp=Cilnb29nbGUubWFwcy5wbGFjZXMudjEuUGxhY2VzLlNlYXJjaE5lYXJieRACGAQgAA,ChIJQUwVWwAjDTkRCXMh0QYFips
Deepak Communion,cell_phone_store,cell_phone_store|point_of_interest|store|establishment,,,"13 Bhupur, Sector 64, Gurugram, Haryana 122101, India",,,OPERATIONAL,https://maps.google.com/?cid=13319703637543327517&g_mp=Cilnb29nbGUubWFwcy5wbGFjZXMudjEuUGxhY2VzLlNlYXJjaE5lYXJieRACGAQgAA,ChIJhdMnn0YjDTkRHZc_NeMX2bg
Mahi Bhojnalaya,indian_restaurant,indian_restaurant|restaurant|food|point_of_interest|establishment,,,"93VF+Q8P, Prajapati Rd, Sector 64, Gurugram, Haryana 122101, India",5,1,OPERATIONAL,https://maps.google.com/?cid=9779561030811992846&g_mp=Cilnb29nbGUubWFwcy5wbGFjZXMudjEuUGxhY2VzLlNlYXJjaE5lYXJieRACGAQgAA,ChIJV5IeXQAjDTkRDkPNdPH6t4c
y1 school,educational_institution,educational_institution|point_of_interest|establishment,098739 87777,,"Prajapati Rd, Sector 64, Gurugram, Haryana 122101, India",1,1,CLOSED_TEMPORARILY,https://maps.google.com/?cid=9222871189036761638&g_mp=Cilnb29nbGUubWFwcy5wbGFjZXMudjEuUGxhY2VzLlNlYXJjaE5lYXJieRACGAQgAA,ChIJQzVnNEQiDTkRJoK4R3s4_n8
Welding workshop,,point_of_interest|establishment,,https://abdulgate-grill.000webhostapp.com/,"Medawas Village Rd, Medawas, Sector 64, Gurugram, Haryana 122101, India",5,1,OPERATIONAL,https://maps.google.com/?cid=5628847093298513589&g_mp=Cilnb29nbGUubWFwcy5wbGFjZXMudjEuUGxhY2VzLlNlYXJjaE5lYXJieRACGAQgAA,ChIJX7k-JVMjDTkRtUYMw5uuHU4
Parvesh Scrap Work,,point_of_interest|establishment,,,"Shop No 1, Buapur Road, Medawas, Sector 67, Gurugram, Haryana 122101, India",5,1,CLOSED_TEMPORARILY,https://maps.google.com/?cid=9735444771224931526&g_mp=Cilnb29nbGUubWFwcy5wbGFjZXMudjEuUGxhY2VzLlNlYXJjaE5lYXJieRACGAQgAA,ChIJ87v_gUYiDTkRxsxLV3A_G4c
Jay Bala ji disposal store and bartan sto,store,point_of_interest|store|establishment,098972 00213,,"shop no 4, ss market, tyagi market, Medawas, Sector 64, Gurugram, Haryana 122101, India",4.9,13,OPERATIONAL,https://maps.google.com/?cid=5496952795514604444&g_mp=Cilnb29nbGUubWFwcy5wbGFjZXMudjEuUGxhY2VzLlNlYXJjaE5lYXJieRACGAQgAA,ChIJ43FdxfsjDTkRnAu9g3EZSUw
INDIAN MEDICAL STORE,pharmacy,pharmacy|health|point_of_interest|store|establishment,070884 54314,,"NearTyagi Office, Shop No 3, Tyagi Market Bhuapur, Medawas, Sector 64, Gurugram, Haryana 122101, India",5,1,OPERATIONAL,https://maps.google.com/?cid=1549563521294486476&g_mp=Cilnb29nbGUubWFwcy5wbGFjZXMudjEuUGxhY2VzLlNlYXJjaE5lYXJieRACGAQgAA,ChIJuaFM4VEjDTkRzEupC9AngRU
As Balaji Computer Center,electronics_store,electronics_store|point_of_interest|store|establishment,,,"Shop No 02, opp. Baba Mohan Ram Temple, Medawas, Sector 64, Gurugram, Haryana 122101, India",,,CLOSED_TEMPORARILY,https://maps.google.com/?cid=16542576482266840297&g_mp=Cilnb29nbGUubWFwcy5wbGFjZXMudjEuUGxhY2VzLlNlYXJjaE5lYXJieRACGAQgAA,ChIJ_w5mnUYiDTkR6fw-D6oJk-U
Lakshya mobile repair,,point_of_interest|establishment,099906 05516,https://lakshya-mobile-repair.grexa.site/,"Medawas, Sector 64, Gurugram, Haryana 122101, India",5,7,OPERATIONAL,https://maps.google.com/?cid=11667747495890115578&g_mp=Cilnb29nbGUubWFwcy5wbGFjZXMudjEuUGxhY2VzLlNlYXJjaE5lYXJieRACGAQgAA,ChIJzxuCfQAjDTkR-tt7dYcq7KE
Maidawas,tailor,tailor|service|point_of_interest|establishment,,,"93VG+XJF, Medawas, Sector 64, Gurugram, Haryana 122101, India",3.5,2,OPERATIONAL,https://maps.google.com/?cid=12838528145156476713&g_mp=Cilnb29nbGUubWFwcy5wbGFjZXMudjEuUGxhY2VzLlNlYXJjaE5lYXJieRACGAQgAA,ChIJcdJIJwAjDTkRKQ_omlOdK7I
R D Tyagi Homes,apartment_building,apartment_building|service|point_of_interest|establishment,,,"Street No 1, Near Shani dev Mandir Village Medawas, Prajapati Rd, Gururgam, Sector 64, Gurugram, Haryana 122101, India",4.7,3,OPERATIONAL,https://maps.google.com/?cid=4159099114834296193&g_mp=Cilnb29nbGUubWFwcy5wbGFjZXMudjEuUGxhY2VzLlNlYXJjaE5lYXJieRACGAQgAA,ChIJsTgg6VwjDTkRgf1W7ZsWuDk
Balraj Tyagi's apartments,apartment_complex,apartment_complex|service|point_of_interest|establishment,,,"93VG+XJF, Medawas, Sector 64, Gurugram, Haryana 122101, India",4.8,5,OPERATIONAL,https://maps.google.com/?cid=14070388240697307545&g_mp=Cilnb29nbGUubWFwcy5wbGFjZXMudjEuUGxhY2VzLlNlYXJjaE5lYXJieRACGAQgAA,ChIJW7gRGQAjDTkRmbGYio4PRMM
त्यागी नंबरदार परिवार,association_or_organization,service|association_or_organization|point_of_interest|establishment,,,"93VG+XC7, Prajapati Rd, Medawas, Sector 64, Gurugram, Haryana 122101, India",5,2,OPERATIONAL,https://maps.google.com/?cid=16832490832725357608&g_mp=Cilnb29nbGUubWFwcy5wbGFjZXMudjEuUGxhY2VzLlNlYXJjaE5lYXJieRACGAQgAA,ChIJcUURWagjDTkRKDSd4ToFmek
Poonam makeover studio,beauty_salon,beauty_salon|beautician|service|point_of_interest|establishment,088510 26457,https://www.instagram.com/poonammakeoverstudio?igsh=eGFtc3lnamI1aG0w&utm_source=qr,"Sector 64, Prajapati Rd, near Shani mandir, Medawas, Sector 64, Gurugram, Haryana 122102, India",5,5,OPERATIONAL,https://maps.google.com/?cid=13764568386143310452&g_mp=Cilnb29nbGUubWFwcy5wbGFjZXMudjEuUGxhY2VzLlNlYXJjaE5lYXJieRACGAQgAA,ChIJycTqbj4jDTkRdNKk9gSSBb8
Ghilotia Home Decor,store,store|service|point_of_interest|establishment,072910 76080,,"Kadarpur Rd, near by shani mandir, Medawas, Sector 64, Gurugram, Haryana 122101, India",,,OPERATIONAL,https://maps.google.com/?cid=5234510770989051400&g_mp=Cilnb29nbGUubWFwcy5wbGFjZXMudjEuUGxhY2VzLlNlYXJjaE5lYXJieRACGAQgAA,ChIJQZopKyUhDTkRCC7CBdC3pEg
Neeru chawda,apartment_building,apartment_building|service|point_of_interest|establishment,,,"2A, 2nd Floor, Medawas, Sector 64, Gurugram, Haryana 122101, India",,,OPERATIONAL,https://maps.google.com/?cid=16339241907820450600&g_mp=Cilnb29nbGUubWFwcy5wbGFjZXMudjEuUGxhY2VzLlNlYXJjaE5lYXJieRACGAQgAA,ChIJD8tP3b8jDTkRKFPQNvKlwOI
Manoj Salon 65,hair_salon,hair_salon|hair_care|service|point_of_interest|establishment,,,"Sector 65/64, road, Medawas, Sector 64, Bhuapur, Gurugram, Haryana 122101, India",1,1,OPERATIONAL,https://maps.google.com/?cid=9009841402088095842&g_mp=Cilnb29nbGUubWFwcy5wbGFjZXMudjEuUGxhY2VzLlNlYXJjaE5lYXJieRACGAQgAA,ChIJDdy6qZEjDTkRYoAR3gRjCX0
CHAUDHARY HARICHAND RAWAT,housing_complex,housing_complex|service|point_of_interest|establishment,,,"93VG+RHV, Prajapati Rd, Medawas, Sector 64, Gurugram, Haryana 122101, India",5,1,OPERATIONAL,https://maps.google.com/?cid=10937887191663571452&g_mp=Cilnb29nbGUubWFwcy5wbGFjZXMudjEuUGxhY2VzLlNlYXJjaE5lYXJieRACGAQgAA,ChIJPY_cOQAjDTkR_PFmDHMuy5c
home decor Sofa repair gurgaon,furniture_store,furniture_store|home_improvement_store|home_goods_store|store|manufacturer|service|point_of_interest|establishment,098708 72402,https://homedecorsofarepairs.shop/,"Prajapati Rd, Medawas, Sector 64, Gurugram, Haryana 122101, India",4.9,114,OPERATIONAL,https://maps.google.com/?cid=16576249522489252951&g_mp=Cilnb29nbGUubWFwcy5wbGFjZXMudjEuUGxhY2VzLlNlYXJjaE5lYXJieRACGAQgAA,ChIJ8xQNLkYZDTkRV9w1sB2rCuY
Hukka ki dukaan,general_store,general_store|food_store|store|food|point_of_interest|establishment,,,"93WG+5CP, Medawas, Sector 64, Gurugram, Haryana 122101, India",,,OPERATIONAL,https://maps.google.com/?cid=3015192424997412043&g_mp=Cilnb29nbGUubWFwcy5wbGFjZXMudjEuUGxhY2VzLlNlYXJjaE5lYXJieRACGAQgAA,ChIJPYO9CgAjDTkRy1xrDYkd2Ck
Singer Rakesh Tyagi,night_club,night_club|point_of_interest|establishment,,,"shanidev mandir, Medawas, Sector 64, Gurugram, Haryana 122101, India",4.6,5,OPERATIONAL,https://maps.google.com/?cid=4120214842419410834&g_mp=Cilnb29nbGUubWFwcy5wbGFjZXMudjEuUGxhY2VzLlNlYXJjaE5lYXJieRACGAQgAA,ChIJ5fvr_dEjDTkRknezwJHxLTk
Best Packers And Movers,moving_company,storage|shipping_service|moving_company|transportation_service|service|point_of_interest|establishment,090792 83848,,"Shop no.19, Maidawas Rd, Medawas, Sector 64, Gurugram, Haryana 122101, India",5,9,OPERATIONAL,https://maps.google.com/?cid=14494705019668204055&g_mp=Cilnb29nbGUubWFwcy5wbGFjZXMudjEuUGxhY2VzLlNlYXJjaE5lYXJieRACGAQgAA,ChIJHeIJFQ0jDTkRFwplTWuJJ8k
Gudiya Ki Dukaan,shopping_mall,shopping_mall|point_of_interest|establishment,,,"93WG+5CP, Medawas, Sector 64, Gurugram, Haryana 122101, India",4,4,OPERATIONAL,https://maps.google.com/?cid=1931227261469442106&g_mp=Cilnb29nbGUubWFwcy5wbGFjZXMudjEuUGxhY2VzLlNlYXJjaE5lYXJieRACGAQgAA,ChIJuUqDZzIjDTkROsBvVPYYzRo
Balaji Homes,condominium_complex,condominium_complex|service|point_of_interest|establishment,,,"93WG+4Q5, Medawas, Sector 64, Gurugram, Haryana 122101, India",5,5,OPERATIONAL,https://maps.google.com/?cid=11741661840587536707&g_mp=Cilnb29nbGUubWFwcy5wbGFjZXMudjEuUGxhY2VzLlNlYXJjaE5lYXJieRACGAQgAA,ChIJrTnpGAAjDTkRQ7n66DvD8qI
Bhim singh Shop,general_store,general_store|food_store|store|food|point_of_interest|establishment,,,"Village, Plot No. - 3, Maidawas Rd, near World Mark, opp. Shani Mandir, Medawas, Sector 64, Gurugram, Haryana 122101, India",5,1,OPERATIONAL,https://maps.google.com/?cid=12879411432933009168&g_mp=Cilnb29nbGUubWFwcy5wbGFjZXMudjEuUGxhY2VzLlNlYXJjaE5lYXJieRACGAQgAA,ChIJjc3cAAAjDTkREKcT0HXcvLI
Vats Niwas,apartment_building,apartment_building|service|point_of_interest|establishment,,,"93WG+6PH, Medawas, Sector 64, Gurugram, Haryana 122101, India",5,1,OPERATIONAL,https://maps.google.com/?cid=189364463624650113&g_mp=Cilnb29nbGUubWFwcy5wbGFjZXMudjEuUGxhY2VzLlNlYXJjaE5lYXJieRACGAQgAA,ChIJt2Rh6nYjDTkRgf1t8_nBoAI
Creative Spaces Interiors and Wardrobes,general_contractor,general_contractor|home_goods_store|store|manufacturer|service|point_of_interest|establishment,095995 37936,https://creativespacesinteriors.in/,"Plot No. - 3, Maidawas Rd, near World Mark, opp. Shani Mandir, Village, Sector 64, Gurugram, Haryana 122018, India",4.9,16,OPERATIONAL,https://maps.google.com/?cid=16875615080373196735&g_mp=Cilnb29nbGUubWFwcy5wbGFjZXMudjEuUGxhY2VzLlNlYXJjaE5lYXJieRACGAQgAA,ChIJQ48_qkYiDTkRv5feN4E6Muo
Amiksha,hindu_temple,hindu_temple|place_of_worship|association_or_organization|point_of_interest|establishment,,,"93WG+8C8, Medawas, Sector 64, Gurugram, Haryana 122101, India",3,1,OPERATIONAL,https://maps.google.com/?cid=15515381015041820768&g_mp=Cilnb29nbGUubWFwcy5wbGFjZXMudjEuUGxhY2VzLlNlYXJjaE5lYXJieRACGAQgAA,ChIJr4IZt1wjDTkRYEhoRNS0Udc
Madawas,car_repair,car_repair|service|point_of_interest|establishment,,,"3, Medawas Village Rd, Medawas, Sector 64, Gurugram, Haryana 122101, India",,,CLOSED_TEMPORARILY,https://maps.google.com/?cid=664251403838968511&g_mp=Cilnb29nbGUubWFwcy5wbGFjZXMudjEuUGxhY2VzLlNlYXJjaE5lYXJieRACGAQgAA,ChIJT6GOZAAjDTkRv1Jg5yHlNwk
Kohli And Sons,storage,storage|point_of_interest|establishment,,,"Killa no 45, Medawas, Sector 64, Gurugram, Haryana 122101, India",4.2,34,OPERATIONAL,https://maps.google.com/?cid=4179315574531183884&g_mp=Cilnb29nbGUubWFwcy5wbGFjZXMudjEuUGxhY2VzLlNlYXJjaE5lYXJieRACGAQgAA,ChIJ____D0ciDTkRDFUwQF_p_zk
PP drycleaners,laundry,laundry|service|point_of_interest|establishment,081789 98823,https://sites.google.com/view/ppdycleaners-in/home,"Medawas, Sector 64, Gurugram, Haryana 122101, India",5,1,OPERATIONAL,https://maps.google.com/?cid=17426252608097609350&g_mp=Cilnb29nbGUubWFwcy5wbGFjZXMudjEuUGxhY2VzLlNlYXJjaE5lYXJieRACGAQgAA,ChIJyyc20ApG3qMRhubhN2t81vE
Dharam kanta,transportation_service,transportation_service|point_of_interest|establishment,,,"93WJ+4G8, Sector 64, Gurugram, Haryana 122101, India",3.2,5,OPERATIONAL,https://maps.google.com/?cid=3887210835950365293&g_mp=Cilnb29nbGUubWFwcy5wbGFjZXMudjEuUGxhY2VzLlNlYXJjaE5lYXJieRACGAQgAA,ChIJswrre5cjDTkRbere86gl8jU
Aaina Adventure X farm,wedding_venue,wedding_venue|event_venue|service|point_of_interest|establishment,085878 88858,http://aainaevents.com/,"Kadarpur Rd, Medawas, Sector 64, Gurugram, Haryana 122101, India",4.3,60,OPERATIONAL,https://maps.google.com/?cid=7256516099816218851&g_mp=Cilnb29nbGUubWFwcy5wbGFjZXMudjEuUGxhY2VzLlNlYXJjaE5lYXJieRACGAQgAA,ChIJJaE5PtohDTkR4-ByNPJStGQ
Jiya Communication,service,service|point_of_interest|establishment,,,"Sector 64, Gurugram, Haryana 122098, India",4.3,6,OPERATIONAL,https://maps.google.com/?cid=5608336970395032494&g_mp=Cilnb29nbGUubWFwcy5wbGFjZXMudjEuUGxhY2VzLlNlYXJjaE5lYXJieRACGAQgAA,ChIJAUpfKwAjDTkRrhsWpcLQ1E0
SRD Enterprises,,service|point_of_interest|establishment,,https://www.srdenterprises.co/,"Plot Number 2, Sector 64, medawas near, near ultratech cement store, Sector 64, Gurugram, Haryana 122101, India",5,3,OPERATIONAL,https://maps.google.com/?cid=4591703629102010827&g_mp=Cilnb29nbGUubWFwcy5wbGFjZXMudjEuUGxhY2VzLlNlYXJjaE5lYXJieRACGAQgAA,ChIJDw3_8jAjDTkRy1F_bh8CuT8
ASHOK WATER SUPPLIER,store,supplier|store|point_of_interest|establishment,098719 19809,,"opposite DLF ARBOUR, near by WorldMark, Sector 64, Gurugram, Haryana 122101, India",4,4,OPERATIONAL,https://maps.google.com/?cid=9670754453571330794&g_mp=Cilnb29nbGUubWFwcy5wbGFjZXMudjEuUGxhY2VzLlNlYXJjaE5lYXJieRACGAQgAA,ChIJc0FNsGYjDTkR6mIlC_BrNYY
Hindustan Petroleum Corporation Limited,gas_station,gas_station|service|point_of_interest|establishment,093130 00079,https://petrolpump.hpretail.in/hindustan-petroleum-corporation-limited-snu-fuels-petrol-pump-sector-63-64-gurugram-482556/Home?utm_source=locator&utm_medium=googleplaces,"Ground Floor Medawas, & 64, Sector 63, Gurugram, Haryana 122102, India",4.8,38,OPERATIONAL,https://maps.google.com/?cid=1405817164122016516&g_mp=Cilnb29nbGUubWFwcy5wbGFjZXMudjEuUGxhY2VzLlNlYXJjaE5lYXJieRACGAQgAA,ChIJLwL0HwAjDTkRBMujLkN3ghM
myTVS Car Garage | Sector 64,car_repair,parking_garage|parking_lot|parking|car_repair|transportation_service|service|point_of_interest|establishment,073582 02225,https://mytvs.in/services,"Khasra No 292/304, Min, opp. DLF, Medawas, Sector 64, Gurugram, Haryana 122101, India",5,24,OPERATIONAL,https://maps.google.com/?cid=3755654254265327387&g_mp=Cilnb29nbGUubWFwcy5wbGFjZXMudjEuUGxhY2VzLlNlYXJjaE5lYXJieRACGAQgAA,ChIJvfmPqtMjDTkRG1-rXKXDHjQ
SHYAMSUNDAR,housing_complex,housing_complex|service|point_of_interest|establishment,,,"93WH+F6X, Medawas, Sector 64, Gurugram, Haryana 122101, India",,,OPERATIONAL,https://maps.google.com/?cid=15604111013011387006&g_mp=Cilnb29nbGUubWFwcy5wbGFjZXMudjEuUGxhY2VzLlNlYXJjaE5lYXJieRACGAQgAA,ChIJb6kybQAjDTkRfvJNzkrwjNg
KHATANA ENTERPRISES,transportation_service,transportation_service|point_of_interest|establishment,,,"Arbour plant, Sector 63, Gurugram, Haryana 122098, India",,,OPERATIONAL,https://maps.google.com/?cid=8484104472638939602&g_mp=Cilnb29nbGUubWFwcy5wbGFjZXMudjEuUGxhY2VzLlNlYXJjaE5lYXJieRACGAQgAA,ChIJz6m_LAAjDTkR0mHyMBGYvXU
Sarjeet deha house,association_or_organization,service|association_or_organization|point_of_interest|establishment,,,"93WH+MC9, Medawas, Sector 64, Gurugram, Haryana 122101, India",,,OPERATIONAL,https://maps.google.com/?cid=825437307293115267&g_mp=Cilnb29nbGUubWFwcy5wbGFjZXMudjEuUGxhY2VzLlNlYXJjaE5lYXJieRACGAQgAA,ChIJPx9qfwAjDTkRg6OPjduKdAs
Luv Kush Apartment,apartment_building,apartment_building|service|point_of_interest|establishment,,,"luv Kush building, Medawas, Sector 64, Gurugram, Haryana 122101, India",5,10,OPERATIONAL,https://maps.google.com/?cid=64215148248470566&g_mp=Cilnb29nbGUubWFwcy5wbGFjZXMudjEuUGxhY2VzLlNlYXJjaE5lYXJieRACGAQgAA,ChIJewUiQQAjDTkRJpSMTFYj5AA
AMBUJA CEMENT WAREHOUSE,warehouse_store,warehouse_store|store|point_of_interest|establishment,,,"Maidawas Rd, Medawas, Sector 64, Gurugram, Haryana 122101, India",4.1,7,CLOSED_TEMPORARILY,https://maps.google.com/?cid=18409480197023999661&g_mp=Cilnb29nbGUubWFwcy5wbGFjZXMudjEuUGxhY2VzLlNlYXJjaE5lYXJieRACGAQgAA,ChIJ5U8qa60jDTkRrSY0m7Oce_8
Monu,store,store|point_of_interest|establishment,,,"93WH+MC9, Medawas, Sector 64, Gurugram, Haryana 122101, India",,,CLOSED_TEMPORARILY,https://maps.google.com/?cid=13834870601590502744&g_mp=Cilnb29nbGUubWFwcy5wbGFjZXMudjEuUGxhY2VzLlNlYXJjaE5lYXJieRACGAQgAA,ChIJg4_JXAAjDTkRWPVLCYNV_78
HCG CNG Gas ⛽,gas_station,gas_station|service|point_of_interest|establishment,093130 00079,,"93VJ+WVX, Sector 64, Gurugram, Haryana 122098, India",4.7,15,OPERATIONAL,https://maps.google.com/?cid=940551275680735487&g_mp=Cilnb29nbGUubWFwcy5wbGFjZXMudjEuUGxhY2VzLlNlYXJjaE5lYXJieRACGAQgAA,ChIJv8C7fwAjDTkR_6D952aCDQ0
F I Steel Fabricator office,manufacturer,manufacturer|point_of_interest|establishment,,,"Adani Samsara, Sector 63, Gurugram, Haryana 122098, India",,,CLOSED_TEMPORARILY,https://maps.google.com/?cid=10240708939649325855&g_mp=Cilnb29nbGUubWFwcy5wbGFjZXMudjEuUGxhY2VzLlNlYXJjaE5lYXJieRACGAQgAA,ChIJWRRIVgAjDTkRHxv344VOHo4
J110,apartment_building,apartment_building|service|point_of_interest|establishment,,,"Adani Samsara Vilasa, Sector 63, Gurugram, Haryana 122098, India",5,1,OPERATIONAL,https://maps.google.com/?cid=6108669536212172441&g_mp=Cilnb29nbGUubWFwcy5wbGFjZXMudjEuUGxhY2VzLlNlYXJjaE5lYXJieRACGAQgAA,ChIJ-bJ_YwAjDTkRmT4t_JNaxlQ
パン教室,playground,playground|point_of_interest|establishment,,,"J109A, Adani Samsara Vilasa, Sector 63, Gurugram, Haryana 122098, India",3,2,OPERATIONAL,https://maps.google.com/?cid=10259893090540477589&g_mp=Cilnb29nbGUubWFwcy5wbGFjZXMudjEuUGxhY2VzLlNlYXJjaE5lYXJieRACGAQgAA,ChIJIfks27wjDTkRlVwmF2h2Yo4
J109 Adani Samsara Vilasa,apartment_building,apartment_building|service|point_of_interest|establishment,,,"93VM+XGQ, Sector 63, Gurugram, Haryana 122098, India",3,2,OPERATIONAL,https://maps.google.com/?cid=12306624933722274224&g_mp=Cilnb29nbGUubWFwcy5wbGFjZXMudjEuUGxhY2VzLlNlYXJjaE5lYXJieRACGAQgAA,ChIJ3dAKIQAjDTkRsDl7hizqyao
J108 Adani Samsara Vilasa,apartment_building,apartment_building|service|point_of_interest|establishment,,,"Samsara Vilasa, J-108, Sector 63, Gurugram, Haryana 122098, India",,,OPERATIONAL,https://maps.google.com/?cid=16964935559956711203&g_mp=Cilnb29nbGUubWFwcy5wbGFjZXMudjEuUGxhY2VzLlNlYXJjaE5lYXJieRACGAQgAA,ChIJF98MawAjDTkRI8ec-AGPb-s
Blk site,association_or_organization,association_or_organization|service|point_of_interest|establishment,,,"J-111, Samsara Vilasa, Sector 63, Gurugram, Haryana 122098, India",5,2,OPERATIONAL,https://maps.google.com/?cid=16233445044833401020&g_mp=Cilnb29nbGUubWFwcy5wbGFjZXMudjEuUGxhY2VzLlNlYXJjaE5lYXJieRACGAQgAA,ChIJb80RFgAjDTkRvLgegkLISOE
Akitols second home,condominium_complex,condominium_complex|service|point_of_interest|establishment,,,"Adani Samsara Vilasa, Sector 63, Gurugram, Haryana 122098, India",,,OPERATIONAL,https://maps.google.com/?cid=6063916449602018585&g_mp=Cilnb29nbGUubWFwcy5wbGFjZXMudjEuUGxhY2VzLlNlYXJjaE5lYXJieRACGAQgAA,ChIJR41KMgAjDTkRGR0tBuJbJ1Q
J105 Samsara Vilasa,association_or_organization,association_or_organization|service|point_of_interest|establishment,,,"J105, Samsara Vilasa, Sector 63, Gurugram, Haryana 122098, India",,,OPERATIONAL,https://maps.google.com/?cid=13554658411286807941&g_mp=Cilnb29nbGUubWFwcy5wbGFjZXMudjEuUGxhY2VzLlNlYXJjaE5lYXJieRACGAQgAA,ChIJ_3NBZAAjDTkRhcWCaALSG7w
Colab Studio,art_studio,art_studio|point_of_interest|establishment,,,"Adani Samsara Vilasa, Sector 63, Gurugram, Haryana 122098, India",5,14,OPERATIONAL,https://maps.google.com/?cid=15129409214176660327&g_mp=Cilnb29nbGUubWFwcy5wbGFjZXMudjEuUGxhY2VzLlNlYXJjaE5lYXJieRACGAQgAA,ChIJ-V1UcwAjDTkRZ4uFcIV19tE
Shanks,housing_complex,housing_complex|service|point_of_interest|establishment,,,"J 128, Adani Samsara Vilasa, Sector 63, Gurugram, Haryana 122098, India",5,2,OPERATIONAL,https://maps.google.com/?cid=310950861958454955&g_mp=Cilnb29nbGUubWFwcy5wbGFjZXMudjEuUGxhY2VzLlNlYXJjaE5lYXJieRACGAQgAA,ChIJ90ryMQAjDTkRq56iVSm4UAQ
Basketball Sports Academy,school,sports_coaching|school|educational_institution|point_of_interest|establishment,063777 07155,,"Adani Samsara Vilasa, Sector 63, Gurugram, Haryana 122098, India",,,OPERATIONAL,https://maps.google.com/?cid=14328700881625082893&g_mp=Cilnb29nbGUubWFwcy5wbGFjZXMudjEuUGxhY2VzLlNlYXJjaE5lYXJieRACGAQgAA,ChIJo9jrVeQjDTkRDewW_ojF2cY
JK BHAI 66,association_or_organization,service|association_or_organization|point_of_interest|establishment,,,"867696, Badshahpur, Sector 66, Gurugram, Haryana 122101, India",5,1,OPERATIONAL,https://maps.google.com/?cid=7306065883464718898&g_mp=Cilnb29nbGUubWFwcy5wbGFjZXMudjEuUGxhY2VzLlNlYXJjaE5lYXJieRACGAQgAA,ChIJg1_2IwAjDTkRMtqDOTZcZGU
Md nabiz,car_rental,car_rental|service|point_of_interest|establishment,,,"93W2+W32, Badshahpur, Sector 66, Gurugram, Haryana 122101, India",,,OPERATIONAL,https://maps.google.com/?cid=11051373816972760755&g_mp=Cilnb29nbGUubWFwcy5wbGFjZXMudjEuUGxhY2VzLlNlYXJjaE5lYXJieRACGAQgAA,ChIJ3ZWxEwAjDTkRs9a2EO9dXpk
SOHEL TATKAL TICKET AGENT,travel_agency,travel_agency|transportation_service|service|point_of_interest|establishment,,,"92XX+6PH, Guga Colony, Badshahpur, Sector 66, Gurugram, Haryana 122101, India",,,OPERATIONAL,https://maps.google.com/?cid=6097163790537962768&g_mp=Cilnb29nbGUubWFwcy5wbGFjZXMudjEuUGxhY2VzLlNlYXJjaE5lYXJieRACGAQgAA,ChIJS20XaAAjDTkRELVj0Cl6nVQ
Khandani Desi Dawakhana,pharmacy,pharmacy|store|health|point_of_interest|establishment,096949 76216,,"66, Gurugram, 93W2+W8W, Badshahpur, Sector 66, Delhi NCR, Gurugram, Haryana 122101, India",,,OPERATIONAL,https://maps.google.com/?cid=6488268527926510800&g_mp=Cilnb29nbGUubWFwcy5wbGFjZXMudjEuUGxhY2VzLlNlYXJjaE5lYXJieRACGAQgAA,ChIJZSwkePQiDTkR0ARojtn1Clo
Gurugram room,service,service|point_of_interest|establishment,,,"93X2+89X, Badshahpur, Sector 66, Gurugram, Haryana 122101, India",,,OPERATIONAL,https://maps.google.com/?cid=13079046093052801330&g_mp=Cilnb29nbGUubWFwcy5wbGFjZXMudjEuUGxhY2VzLlNlYXJjaE5lYXJieRACGAQgAA,ChIJnRfcagAjDTkRMnFfOSAbgrU
"Tower S8, The Palm Drive",apartment_building,apartment_building|service|point_of_interest|establishment,,,"93X2+C8J, Palm Dr, Badshahpur, Sector 66, Gurugram, Haryana 122101, India",4.4,5,OPERATIONAL,https://maps.google.com/?cid=6891358179665306494&g_mp=Cilnb29nbGUubWFwcy5wbGFjZXMudjEuUGxhY2VzLlNlYXJjaE5lYXJieRACGAQgAA,ChIJW2JQFKUjDTkRfuPunsAFo18
Deepak Kumar,association_or_organization,service|association_or_organization|point_of_interest|establishment,,,"92WX+WPQ, Badshahpur, Sector 66, Gurugram, Haryana 122101, India",,,OPERATIONAL,https://maps.google.com/?cid=16646497525602162469&g_mp=Cilnb29nbGUubWFwcy5wbGFjZXMudjEuUGxhY2VzLlNlYXJjaE5lYXJieRACGAQgAA,ChIJ7YQ_CwAjDTkRJZfvd009BOc
Commando House,apartment_building,apartment_building|service|point_of_interest|establishment,,,"18, Sector 66 Main Rd, Ramgarh, Sector 66, Gurugram, Haryana 122101, India",4.2,5,OPERATIONAL,https://maps.google.com/?cid=18322018203001662731&g_mp=Cilnb29nbGUubWFwcy5wbGFjZXMudjEuUGxhY2VzLlNlYXJjaE5lYXJieRACGAQgAA,ChIJj0kphUojDTkRC60nPnviRP4
Md Suleman,apartment_building,apartment_building|service|point_of_interest|establishment,,,"92XX+7MJ, Badshahpur, Sector 66, Gurugram, Haryana 122101, India",5,1,OPERATIONAL,https://maps.google.com/?cid=3250601574798734714&g_mp=Cilnb29nbGUubWFwcy5wbGFjZXMudjEuUGxhY2VzLlNlYXJjaE5lYXJieRACGAQgAA,ChIJ_2JfQAAjDTkRejU07Oh0HC0
Gujjar Tent House,supplier,supplier|service|point_of_interest|establishment,097116 94006,https://gujjartenthouse.wordpress.com/2026/05/12/hello-world/,"Shop no 60, sector 65 Meat, Badshahpur, Sector 66, Gurugram, Haryana 122001, India",5,1,OPERATIONAL,https://maps.google.com/?cid=798902492200448568&g_mp=Cilnb29nbGUubWFwcy5wbGFjZXMudjEuUGxhY2VzLlNlYXJjaE5lYXJieRACGAQgAA,ChIJJUUYtU0jDTkRODLIeZVFFgs
Mohammad meet shop,restaurant,restaurant|food|point_of_interest|establishment,097117 78398,,"Guga Colony, Badshahpur, Sector 66, Gurugram, Haryana 122101, India",,,OPERATIONAL,https://maps.google.com/?cid=11487747651215717589&g_mp=Cilnb29nbGUubWFwcy5wbGFjZXMudjEuUGxhY2VzLlNlYXJjaE5lYXJieRACGAQgAA,ChIJ467VJqgjDTkR1XQKxJ-tbJ8
Garden Terraces At The Palm Drive,apartment_building,apartment_building|service|point_of_interest|establishment,,,"93X2+F89, Badshahpur, Sector 66, Gurugram, Haryana 122101, India",5,1,OPERATIONAL,https://maps.google.com/?cid=2111870800871237151&g_mp=Cilnb29nbGUubWFwcy5wbGFjZXMudjEuUGxhY2VzLlNlYXJjaE5lYXJieRACGAQgAA,ChIJcUctg_QiDTkRHyZz4U3fTh0
ANAND NIWAS,hostel,hostel|lodging|point_of_interest|establishment,,,"Guga Colony, Badshahpur, Sector 66, Gurugram, Haryana 122001, India",5,1,OPERATIONAL,https://maps.google.com/?cid=5493322839706690828&g_mp=Cilnb29nbGUubWFwcy5wbGFjZXMudjEuUGxhY2VzLlNlYXJjaE5lYXJieRACGAQgAA,ChIJqwwysFcjDTkRDOVBkQQ0PEw
Greyfort Projects India Private Limited,,point_of_interest|establishment,,,"Khasra No 369 Village, Killa, Badshahpur, Sector 66, Palra, Gurugram, Haryana 122101, India",,,CLOSED_TEMPORARILY,https://maps.google.com/?cid=1305100588211392978&g_mp=Cilnb29nbGUubWFwcy5wbGFjZXMudjEuUGxhY2VzLlNlYXJjaE5lYXJieRACGAQgAA,ChIJ0WzQo_MiDTkR0lF-_BGmHBI
Mohammad Arefin,taxi_service,taxi_service|transportation_service|service|point_of_interest|establishment,080756 06044,,"Goga Colony, Badshahpur, Sector 66, Gurugram, Haryana 122101, India",,,CLOSED_TEMPORARILY,https://maps.google.com/?cid=11314224664977571702&g_mp=Cilnb29nbGUubWFwcy5wbGFjZXMudjEuUGxhY2VzLlNlYXJjaE5lYXJieRACGAQgAA,ChIJMZ-sFowjDTkRdn_zMGMzBJ0
Singinn Software Pvt Ltd,,point_of_interest|establishment,,https://www.singinn.co.in/,"A1, Badshahpur, Sector 66, Gurugram, Haryana 122101, India",5,1,OPERATIONAL,https://maps.google.com/?cid=7125449091328503670&g_mp=Cilnb29nbGUubWFwcy5wbGFjZXMudjEuUGxhY2VzLlNlYXJjaE5lYXJieRACGAQgAA,ChIJz5fxAFsjDTkRdu_DQTKu4mI
Electric Vehicle Charging Station,electric_vehicle_charging_station,electric_vehicle_charging_station|transportation_service|point_of_interest|establishment,,,"92XX+3H7, Badshahpur, Sector 66, Gurugram, Haryana 122101, India",3.7,3,OPERATIONAL,https://maps.google.com/?cid=11945607870557149658&g_mp=Cilnb29nbGUubWFwcy5wbGFjZXMudjEuUGxhY2VzLlNlYXJjaE5lYXJieRACGAQgAA,ChIJVQJ2AwAjDTkR2lmrVhFTx6U
K.C. HOMES 2.O,service,service|point_of_interest|establishment,,,"K.C. HOMES, 2.O, Guga Colony, behind AURUM CONVENTION AND CHINAR DHABA, Badshahpur, Sector 66, Gurugram, Haryana 122101, India",5,1,OPERATIONAL,https://maps.google.com/?cid=16053563724409438171&g_mp=Cilnb29nbGUubWFwcy5wbGFjZXMudjEuUGxhY2VzLlNlYXJjaE5lYXJieRACGAQgAA,ChIJv-IdiKUjDTkR23-F5Ca3yd4
S9 Palm Drive,condominium_complex,condominium_complex|service|point_of_interest|establishment,,,"Emaar Mgf The Palm Drive Tower-S9, EMAAR MGF THE PALM DRIVE, S9, Badshahpur, Sector 66, Gurugram, Haryana 122101, India",4.4,8,OPERATIONAL,https://maps.google.com/?cid=6182849430406877603&g_mp=Cilnb29nbGUubWFwcy5wbGFjZXMudjEuUGxhY2VzLlNlYXJjaE5lYXJieRACGAQgAA,ChIJKyEJJHQjDTkRo9Egf8zkzVU
Saini Samshan Bhoomi,pharmacy,pharmacy|store|health|point_of_interest|establishment,,,"92XX+PWH, Badshahpur, Sector 66, Gurugram, Haryana 122101, India",5,1,OPERATIONAL,https://maps.google.com/?cid=17693458466296846155&g_mp=Cilnb29nbGUubWFwcy5wbGFjZXMudjEuUGxhY2VzLlNlYXJjaE5lYXJieRACGAQgAA,ChIJG8j4EWEjDTkRS1fAK7vKi_U
Nivaan Cricket Club,athletic_field,athletic_field|sports_activity_location|point_of_interest|establishment,,,"Nivaan Sports club, Badshahpur, Sector 66, Gurugram, Haryana 122101, India",4.2,90,OPERATIONAL,https://maps.google.com/?cid=12251144494347650452&g_mp=Cilnb29nbGUubWFwcy5wbGFjZXMudjEuUGxhY2VzLlNlYXJjaE5lYXJieRACGAQgAA,ChIJa6ZlrPgjDTkRlAWTHQLPBKo
Adhunik vastralaya,clothing_store,clothing_store|store|point_of_interest|establishment,098111 05369,,"Main Market, near lovely jewellers & jain mandir, Badshahpur, Sector 66, Gurugram, Haryana 122101, India",3,2,OPERATIONAL,https://maps.google.com/?cid=873978554441656696&g_mp=Cilnb29nbGUubWFwcy5wbGFjZXMudjEuUGxhY2VzLlNlYXJjaE5lYXJieRACGAQgAA,ChIJm9v6NDcjDTkReOnNXt3-IAw
Strike And Smash Cricket Ground,athletic_field,athletic_field|sports_activity_location|point_of_interest|establishment,081780 67322,https://strikeandsmash.com/,"Strike The Ball Cricket Ground, Badshahpur, Sector 66, Gurugram, Haryana 122017, India",4.5,17,OPERATIONAL,https://maps.google.com/?cid=6910948057407241837&g_mp=Cilnb29nbGUubWFwcy5wbGFjZXMudjEuUGxhY2VzLlNlYXJjaE5lYXJieRACGAQgAA,ChIJQfh7QoQjDTkRbT7vdqSe6F8
Sona Enterprises - Ro Service and Repairing,,point_of_interest|establishment,087505 86125,https://sonaenterprisesrorepair.in/,"Shop no.12, opp. Post office, Badshahpur, Sector 66, Gurugram, Haryana 122001, India",4.7,21,OPERATIONAL,https://maps.google.com/?cid=969756016182133418&g_mp=Cilnb29nbGUubWFwcy5wbGFjZXMudjEuUGxhY2VzLlNlYXJjaE5lYXJieRACGAQgAA,ChIJqSCHZeYjDTkRqoJVb_VDdQ0
Baba valet parking,parking,parking|transportation_service|point_of_interest|establishment,,,"93X3+8C2, Badshahpur, Sector 66, Gurugram, Haryana 122101, India",,,OPERATIONAL,https://maps.google.com/?cid=1075562072242705569&g_mp=Cilnb29nbGUubWFwcy5wbGFjZXMudjEuUGxhY2VzLlNlYXJjaE5lYXJieRACGAQgAA,ChIJZdTXQQAjDTkRodTokQEq7Q4
krishna Nutrition,consultant,consultant|health|service|point_of_interest|establishment,072919 79495,,"Teeldi, Road, near celebration garden, Badshahpur, Sector 66, Gurugram, Haryana 122101, India",5,1,OPERATIONAL,https://maps.google.com/?cid=8373139715967826254&g_mp=Cilnb29nbGUubWFwcy5wbGFjZXMudjEuUGxhY2VzLlNlYXJjaE5lYXJieRACGAQgAA,ChIJRzEnUUUjDTkRTjn6eDVeM3Q
Home Zoned Farm House with Swimming pool - Deluxe King Room,lodging,lodging|point_of_interest|establishment,,https://www.bluepillow.com/search/69496a8f0c60a53fb7d065c7?dest=nuit&cat=Farm+stay&lat=28.39826&lng=77.05358&language=en,"Badshahpur, Sector 66, Gurugram, Haryana 122101, India",,,OPERATIONAL,https://maps.google.com/?cid=14984860702259128379&g_mp=Cilnb29nbGUubWFwcy5wbGFjZXMudjEuUGxhY2VzLlNlYXJjaE5lYXJieRACGAQgAA,ChIJT6yrqvUiDTkRO6jdXmrr9M8
Gurgaon farmhouse @9813055868 - Double Room,lodging,lodging|point_of_interest|establishment,,https://www.bluepillow.com/search/662649bf4338d48a8fca3a9c?dest=bkng&cat=House&lat=28.39827&lng=77.05356&language=en,"Badshahpur, Sector 66, Gurugram, Haryana 122101, India",,,OPERATIONAL,https://maps.google.com/?cid=15585017632082317803&g_mp=Cilnb29nbGUubWFwcy5wbGFjZXMudjEuUGxhY2VzLlNlYXJjaE5lYXJieRACGAQgAA,ChIJ531VVfQiDTkR61F3ovYaSdg
BnBBuddy 2 BHK Aravalli Hills view in Gurugram - Two-Bedroom Villa,lodging,lodging|point_of_interest|establishment,,,"Badshahpur, Sector 66, Gurugram, Haryana 122101, India",,,OPERATIONAL,https://maps.google.com/?cid=15515133148300222236&g_mp=Cilnb29nbGUubWFwcy5wbGFjZXMudjEuUGxhY2VzLlNlYXJjaE5lYXJieRACGAQgAA,ChIJ531VVfQiDTkRHJ9SS2XTUNc
The Tiffin Chef’s,food_store,food_store|store|food|point_of_interest|establishment,,,"Flat no 305, nk apartment, Badshahpur, Sector 66, Gurugram, Haryana 122101, India",1,1,CLOSED_TEMPORARILY,https://maps.google.com/?cid=13235480053176895116&g_mp=Cilnb29nbGUubWFwcy5wbGFjZXMudjEuUGxhY2VzLlNlYXJjaE5lYXJieRACGAQgAA,ChIJ1UADH_EjDTkRjIZg2fverbc
Ram mehendi artist,,point_of_interest|establishment,,https://www.instagram.com/ram_mehendi_artist?igsh=NnNpeXl1am12c2xs,"Badshahpur, Sector 66, Gurugram, Haryana 122101, India",,,OPERATIONAL,https://maps.google.com/?cid=9390688443068153239&g_mp=Cilnb29nbGUubWFwcy5wbGFjZXMudjEuUGxhY2VzLlNlYXJjaE5lYXJieRACGAQgAA,ChIJoXchhtAjDTkRl31xjWJtUoI
Rishad Communication,telecommunications_service_provider,telecommunications_service_provider|point_of_interest|establishment,,,"Badshahpur, Sector 66, Gurugram, Haryana 122101, India",,,OPERATIONAL,https://maps.google.com/?cid=4146657929683793250&g_mp=Cilnb29nbGUubWFwcy5wbGFjZXMudjEuUGxhY2VzLlNlYXJjaE5lYXJieRACGAQgAA,ChIJ10_OMaMjDTkRYvXbx2rjizk
Castlebuildinfra,,point_of_interest|establishment,093114 52637,https://castlebuildinfra.in/,"Badshahpur, Sector 66, Kadarpur, Gurugram, Haryana 122098, India",,,OPERATIONAL,https://maps.google.com/?cid=6723716411133782337&g_mp=Cilnb29nbGUubWFwcy5wbGFjZXMudjEuUGxhY2VzLlNlYXJjaE5lYXJieRACGAQgAA,ChIJ5RJg928jDTkRQekXwHNwT10
Deepa,hostel,hostel|lodging|point_of_interest|establishment,,,"93X3+8C4, Badshahpur, Sector 66, Gurugram, Haryana 122101, India",,,OPERATIONAL,https://maps.google.com/?cid=18179668130106051233&g_mp=Cilnb29nbGUubWFwcy5wbGFjZXMudjEuUGxhY2VzLlNlYXJjaE5lYXJieRACGAQgAA,ChIJi7NzewAjDTkRoQp2JdgnS_w
Naresh kumar,apartment_building,apartment_building|service|point_of_interest|establishment,,,"1035, RR colony, Badshahpur, Sector 66, Gurugram, Haryana 122101, India",5,1,OPERATIONAL,https://maps.google.com/?cid=2789485340401132760&g_mp=Cilnb29nbGUubWFwcy5wbGFjZXMudjEuUGxhY2VzLlNlYXJjaE5lYXJieRACGAQgAA,ChIJ3aTlLwAjDTkR2OTERCM-tiY
Mangoj Media,service,service|point_of_interest|establishment,062396 98952,https://mangojmedia.com/,"Office No - 1156, Badshahpur, Sector 66, Gurugram, Haryana 122101, India",5,5,OPERATIONAL,https://maps.google.com/?cid=4900934000677858518&g_mp=Cilnb29nbGUubWFwcy5wbGFjZXMudjEuUGxhY2VzLlNlYXJjaE5lYXJieRACGAQgAA,ChIJ8xvUfU4jDTkR1qwJ4oGdA0Q
srishti interiors,general_contractor,general_contractor|service|point_of_interest|establishment,,,"near Laxmi Narayan mandir, Badshahpur, Sector 66, Gurugram, Haryana 122001, India",,,OPERATIONAL,https://maps.google.com/?cid=11008127601826200532&g_mp=Cilnb29nbGUubWFwcy5wbGFjZXMudjEuUGxhY2VzLlNlYXJjaE5lYXJieRACGAQgAA,ChIJD8aLFqEjDTkR1PsF9bq5xJg
Serta exclusive showroom,furniture_store,furniture_store|home_improvement_store|home_goods_store|store|point_of_interest|establishment,,,"Kshatriya samrat mibir bhoj, Sector 64, chowk, L N TChowk, near by M3M Urbana Mall, Badshahpur, Sector 66, Gurugram, Haryana 122101, India",,,OPERATIONAL,https://maps.google.com/?cid=8144514862326156351&g_mp=Cilnb29nbGUubWFwcy5wbGFjZXMudjEuUGxhY2VzLlNlYXJjaE5lYXJieRACGAQgAA,ChIJiw3ieQAjDTkRPwzXpB0hB3E
DreamSpace Interiors,general_contractor,general_contractor|service|point_of_interest|establishment,,,"Badshahpur, Sector 66, Gurugram, Haryana 122102, India",,,OPERATIONAL,https://maps.google.com/?cid=9146063106449031045&g_mp=Cilnb29nbGUubWFwcy5wbGFjZXMudjEuUGxhY2VzLlNlYXJjaE5lYXJieRACGAQgAA,ChIJI8Tn6LojDTkRhT8z-e9X7X4
P-Y garments Badshahpur,clothing_store,clothing_store|store|point_of_interest|establishment,084476 50875,,"near Bharat jewellers, opposite Ram mandir, Badshahpur, Sector 66, Gurugram, Haryana 122101, India",,,OPERATIONAL,https://maps.google.com/?cid=2491591948670439259&g_mp=Cilnb29nbGUubWFwcy5wbGFjZXMudjEuUGxhY2VzLlNlYXJjaE5lYXJieRACGAQgAA,ChIJ7fN7PEUjDTkRW4-5Ia3pkyI
RAJASTHAN GENERAL STOR BEHIND EMAAR PALM DRIVE,general_store,general_store|point_of_interest|food_store|store|food|establishment,,,"93X4+9QJ, Badshahpur, Sector 66, Gurugram, Haryana 122101, India",5,1,OPERATIONAL,https://maps.google.com/?cid=3937262737888040702&g_mp=Cilnb29nbGUubWFwcy5wbGFjZXMudjEuUGxhY2VzLlNlYXJjaE5lYXJieRACGAQgAA,ChIJcRwOD_sjDTkR_tYyf5n3ozY
Belleza 89,housing_complex,housing_complex|point_of_interest|service|establishment,,,"Emaar Mgf Marbella, 90, Badshahpur, Sector 66, Gurugram, Haryana 122101, India",,,OPERATIONAL,https://maps.google.com/?cid=11439121441674737972&g_mp=Cilnb29nbGUubWFwcy5wbGFjZXMudjEuUGxhY2VzLlNlYXJjaE5lYXJieRACGAQgAA,ChIJC6fDBwAjDTkRNLmTGVjsv54
Belleza 91,association_or_organization,point_of_interest|association_or_organization|service|establishment,,,"Emaar Mgf Marbella, Marbella Villas, 92, Badshahpur, Sector 66, Gurugram, Haryana 122101, India",,,OPERATIONAL,https://maps.google.com/?cid=16065716249224326025&g_mp=Cilnb29nbGUubWFwcy5wbGFjZXMudjEuUGxhY2VzLlNlYXJjaE5lYXJieRACGAQgAA,ChIJU34XPQAjDTkRias8Ec_j9N4
Emaar Marbella Belleza 100,apartment_building,apartment_building|point_of_interest|service|establishment,,,"93W6+RP2 Emaar Mgf Marbella, Badshahpur, Sector 66, Gurugram, Haryana 122101, India",,,OPERATIONAL,https://maps.google.com/?cid=15093475195242153095&g_mp=Cilnb29nbGUubWFwcy5wbGFjZXMudjEuUGxhY2VzLlNlYXJjaE5lYXJieRACGAQgAA,ChIJ-TCvNwAjDTkRhwSUrrjLdtE
Belleza 110,apartment_building,apartment_building|point_of_interest|service|establishment,,,"Emaar Mgf Marbella, Belleza 110, Badshahpur, Sector 66, Gurugram, Haryana 122101, India",5,1,OPERATIONAL,https://maps.google.com/?cid=12849107968786890098&g_mp=Cilnb29nbGUubWFwcy5wbGFjZXMudjEuUGxhY2VzLlNlYXJjaE5lYXJieRACGAQgAA,ChIJTYxsbwAjDTkRcv0uwJ4zUbI
ARYAN AUTO SPARE PARTS,auto_parts_store,auto_parts_store|car_repair|point_of_interest|store|service|establishment,092573 79199,,"144, nearby Marbella Villas, Badshahpur, Sector 66, Gurugram, Haryana 122101, India",,,OPERATIONAL,https://maps.google.com/?cid=7289400478714186675&g_mp=Cilnb29nbGUubWFwcy5wbGFjZXMudjEuUGxhY2VzLlNlYXJjaE5lYXJieRACGAQgAA,ChIJIVsKbN4jDTkRs0tSTx0nKWU
Marbella Villas,housing_complex,housing_complex|point_of_interest|service|establishment,,,"60 Belleza, Marbella Villas, Badshahpur, Sector 66, Gurugram, Haryana 122101, India",4.4,5,OPERATIONAL,https://maps.google.com/?cid=6220432109630777255&g_mp=Cilnb29nbGUubWFwcy5wbGFjZXMudjEuUGxhY2VzLlNlYXJjaE5lYXJieRACGAQgAA,ChIJl4mNh_YjDTkRp-f54wtqU1Y
Belleza 84,housing_complex,housing_complex|point_of_interest|service|establishment,,,"93W5+Q6W, Badshahpur, Sector 66, Gurugram, Haryana 122101, India",5,1,OPERATIONAL,https://maps.google.com/?cid=4314556015344281992&g_mp=Cilnb29nbGUubWFwcy5wbGFjZXMudjEuUGxhY2VzLlNlYXJjaE5lYXJieRACGAQgAA,ChIJ4_Ommv4jDTkRiOkeItZh4Ds
"47 Belleza, Emmar Marbella Villas",housing_complex,housing_complex|point_of_interest|service|establishment,,,"93W4+MGH Marbella Villas, Badshahpur, Sector 66, Gurugram, Haryana 122101, India",4.9,8,OPERATIONAL,https://maps.google.com/?cid=1823287085268662482&g_mp=Cilnb29nbGUubWFwcy5wbGFjZXMudjEuUGxhY2VzLlNlYXJjaE5lYXJieRACGAQgAA,ChIJVzkl9wgjDTkR0vj-oPGdTRk
Nirmala Kamra Home,housing_complex,housing_complex|point_of_interest|service|establishment,,,"Emaar Mgf Marbella, 76, Badshahpur, Sector 66, Gurugram, Haryana 122101, India",,,OPERATIONAL,https://maps.google.com/?cid=3736726670998804992&g_mp=Cilnb29nbGUubWFwcy5wbGFjZXMudjEuUGxhY2VzLlNlYXJjaE5lYXJieRACGAQgAA,ChIJvwuaNwAjDTkRAJqc9xuF2zM
Abhishek kumar,apartment_complex,apartment_complex|point_of_interest|service|establishment,,,"93X4+542, Badshahpur, Sector 66, Gurugram, Haryana 122101, India",5,2,OPERATIONAL,https://maps.google.com/?cid=16547623146251627395&g_mp=Cilnb29nbGUubWFwcy5wbGFjZXMudjEuUGxhY2VzLlNlYXJjaE5lYXJieRACGAQgAA,ChIJDUaAJgAjDTkRgytcFZT3pOU
Asy badminton academy,sports_club,sports_club|athletic_field|sports_activity_location|point_of_interest|association_or_organization|establishment,088102 94728,,"Sector 66, Main Rd, Badshahpur, Sector 66, Gurugram, Haryana 122101, India",5,42,OPERATIONAL,https://maps.google.com/?cid=6852067394721532018&g_mp=Cilnb29nbGUubWFwcy5wbGFjZXMudjEuUGxhY2VzLlNlYXJjaE5lYXJieRACGAQgAA,ChIJwWZAqHgZDTkRcshp3_1uF18
80 Belleza,housing_complex,housing_complex|point_of_interest|service|establishment,,,"Marbella Villas, Badshahpur, Sector 66, Gurugram, Haryana 122101, India",,,OPERATIONAL,https://maps.google.com/?cid=5054383314499665135&g_mp=Cilnb29nbGUubWFwcy5wbGFjZXMudjEuUGxhY2VzLlNlYXJjaE5lYXJieRACGAQgAA,ChIJlU3zMQAjDTkR7_xpY9jGJEY
"51 Belleza, Emaar Marbella Villas",apartment_building,apartment_building|point_of_interest|service|establishment,,,"Marbella Villas, Badshahpur, Sector 66, Gurugram, Haryana 122101, India",5,2,OPERATIONAL,https://maps.google.com/?cid=17243130386464882634&g_mp=Cilnb29nbGUubWFwcy5wbGFjZXMudjEuUGxhY2VzLlNlYXJjaE5lYXJieRACGAQgAA,ChIJ-77XXgAjDTkRyr_7fLrnS-8
Anu Dhawan,housing_complex,housing_complex|point_of_interest|service|establishment,,,"Villa -031, Belleza, Emaar Marbella, Badshahpur, Sector 66, Gurugram, Haryana 122101, India",5,2,OPERATIONAL,https://maps.google.com/?cid=16166848981894435892&g_mp=Cilnb29nbGUubWFwcy5wbGFjZXMudjEuUGxhY2VzLlNlYXJjaE5lYXJieRACGAQgAA,ChIJNf3EPwgjDTkRNBQ0T34vXOA
42 Monada,association_or_organization,point_of_interest|association_or_organization|service|establishment,,,"Marbella Villas, Badshahpur, Sector 66, Gurugram, Haryana 122101, India",,,OPERATIONAL,https://maps.google.com/?cid=6845071600461762077&g_mp=Cilnb29nbGUubWFwcy5wbGFjZXMudjEuUGxhY2VzLlNlYXJjaE5lYXJieRACGAQgAA,ChIJlVEtXAAjDTkRHU6jl1qU_l4
Asy Sports Academy,sports_club,tennis_court|sports_club|american_restaurant|athletic_field|sports_activity_location|restaurant|point_of_interest|association_or_organization|food|establishment,088102 94728,,"The Sports Planet Academy, Subdivision, Badshahpur, Sector 66, Gurugram, Haryana 122101, India",4,4,OPERATIONAL,https://maps.google.com/?cid=17091301374383654102&g_mp=Cilnb29nbGUubWFwcy5wbGFjZXMudjEuUGxhY2VzLlNlYXJjaE5lYXJieRACGAQgAA,ChIJ3TWn9-kjDTkR1oRI4QuAMO0
Prayag Bansal. Belleza 79,association_or_organization,point_of_interest|association_or_organization|service|establishment,,,"Emaar Mgf Marbella, Marbella Villas, 79, Badshahpur, Sector 66, Gurugram, Haryana 122101, India",,,OPERATIONAL,https://maps.google.com/?cid=8453926875721972385&g_mp=Cilnb29nbGUubWFwcy5wbGFjZXMudjEuUGxhY2VzLlNlYXJjaE5lYXJieRACGAQgAA,ChIJW99aUyQjDTkRoTqJ4LNhUnU
"55 Belleza, Emaar Marbella Villas, Sector 66",housing_complex,housing_complex|point_of_interest|service|establishment,,,"Marbella Villas, Badshahpur, Sector 66, Gurugram, Haryana 122101, India",5,3,OPERATIONAL,https://maps.google.com/?cid=3471095786920113254&g_mp=Cilnb29nbGUubWFwcy5wbGFjZXMudjEuUGxhY2VzLlNlYXJjaE5lYXJieRACGAQgAA,ChIJ1yDkkuEjDTkRZnS6QDrPKzA
Belinda 66,association_or_organization,service|association_or_organization|point_of_interest|establishment,,,"93X6+87F, Badshahpur, Sector 66, Gurugram, Haryana 122101, India",4.5,2,OPERATIONAL,https://maps.google.com/?cid=3160512736552511988&g_mp=Cilnb29nbGUubWFwcy5wbGFjZXMudjEuUGxhY2VzLlNlYXJjaE5lYXJieRACGAQgAA,ChIJpe-kF54jDTkR9GlPupZl3Cs
Emaar Marbella Belleza,apartment_complex,apartment_complex|service|point_of_interest|establishment,,,"Emaar Mgf Marbella, 1A, Badshahpur, Sector 66, Gurugram, Haryana 122101, India",,,OPERATIONAL,https://maps.google.com/?cid=17422547321301307654&g_mp=Cilnb29nbGUubWFwcy5wbGFjZXMudjEuUGxhY2VzLlNlYXJjaE5lYXJieRACGAQgAA,ChIJDeJHTAAjDTkRBhGZ6HpSyfE
Luxe Jacuzzi Heaven Heights 12th Patio 2,lodging,lodging|point_of_interest|establishment,,,"Badshahpur, Sector 66, Gurugram, Haryana 122101, India",,,OPERATIONAL,https://maps.google.com/?cid=18426813400876152554&g_mp=Cilnb29nbGUubWFwcy5wbGFjZXMudjEuUGxhY2VzLlNlYXJjaE5lYXJieRACGAQgAA,ChIJF3e9Hl8iDTkR6nahnSgxuf8
Luxe heaven Heights 15th Patio,lodging,lodging|point_of_interest|establishment,,https://www.vrbo.com/pdp/lo/116786885?MDPCID=VRBO-META.HPA.WEB-ORGANIC.VR,"Badshahpur, Sector 66, Gurugram, Haryana 122101, India",,,OPERATIONAL,https://maps.google.com/?cid=17773696925634216650&g_mp=Cilnb29nbGUubWFwcy5wbGFjZXMudjEuUGxhY2VzLlNlYXJjaE5lYXJieRACGAQgAA,ChIJ71N6v14iDTkRykLhTS_bqPY
trigged,apartment_building,apartment_building|service|point_of_interest|establishment,,,"93X6+6C3, Badshahpur, Sector 66, Gurugram, Haryana 122101, India",5,1,OPERATIONAL,https://maps.google.com/?cid=7023495673275922733&g_mp=Cilnb29nbGUubWFwcy5wbGFjZXMudjEuUGxhY2VzLlNlYXJjaE5lYXJieRACGAQgAA,ChIJpfrpOwAjDTkRLbkaTxp4eGE
Malhan brothers,association_or_organization,service|association_or_organization|point_of_interest|establishment,,,"93X6+6C3, Badshahpur, Sector 66, Gurugram, Haryana 122101, India",,,OPERATIONAL,https://maps.google.com/?cid=4801830059884701637&g_mp=Cilnb29nbGUubWFwcy5wbGFjZXMudjEuUGxhY2VzLlNlYXJjaE5lYXJieRACGAQgAA,ChIJn8bObgAjDTkRxWc4j_-Go0I
malhan mension,association_or_organization,service|association_or_organization|point_of_interest|establishment,093044 31865,,"Marbella Villas, Badshahpur, Sector 66, Gurugram, Haryana 122101, India",4.5,18,OPERATIONAL,https://maps.google.com/?cid=7432627945198822202&g_mp=Cilnb29nbGUubWFwcy5wbGFjZXMudjEuUGxhY2VzLlNlYXJjaE5lYXJieRACGAQgAA,ChIJfwWZHwAjDTkROqM3hbz_JWc
38 Belinda | Emaar Marbella Villas,housing_complex,housing_complex|service|point_of_interest|establishment,,,"Marbella Villas, Badshahpur, Sector 66, Gurugram, Haryana 122101, India",4.8,9,OPERATIONAL,https://maps.google.com/?cid=6875294915746315734&g_mp=Cilnb29nbGUubWFwcy5wbGFjZXMudjEuUGxhY2VzLlNlYXJjaE5lYXJieRACGAQgAA,ChIJ09KM7IkjDTkR1r0bi0z0aV8
Sikindra pur,coffee_shop,coffee_shop|cafe|food_store|store|food|point_of_interest|establishment,,,"Marbella Villas, Badshahpur, Sector 66, Gurugram, Haryana 122101, India",,,OPERATIONAL,https://maps.google.com/?cid=11739964814844736703&g_mp=Cilnb29nbGUubWFwcy5wbGFjZXMudjEuUGxhY2VzLlNlYXJjaE5lYXJieRACGAQgAA,ChIJnb1QAwAjDTkRv7RnUMy77KI
"Belinda 39,",association_or_organization,service|association_or_organization|point_of_interest|establishment,,,"Belinda 39, Marbella Villas, Badshahpur, Sector 66, Gurugram, Haryana 122101, India",,,OPERATIONAL,https://maps.google.com/?cid=14146484446155656403&g_mp=Cilnb29nbGUubWFwcy5wbGFjZXMudjEuUGxhY2VzLlNlYXJjaE5lYXJieRACGAQgAA,ChIJy7VqXwAjDTkR00yyCadoUsQ
Belinda 19,association_or_organization,service|association_or_organization|point_of_interest|establishment,,,"Marbella Villas, Badshahpur, Sector 66, Gurugram, Haryana 122101, India",,,OPERATIONAL,https://maps.google.com/?cid=5075880890995594720&g_mp=Cilnb29nbGUubWFwcy5wbGFjZXMudjEuUGxhY2VzLlNlYXJjaE5lYXJieRACGAQgAA,ChIJp2LuZwAjDTkR4FX89cYmcUY
"45, Belinda",housing_complex,housing_complex|service|point_of_interest|establishment,,,"Marbella Villas, Badshahpur, Sector 66, Gurugram, Haryana 122101, India",,,OPERATIONAL,https://maps.google.com/?cid=13174789104828721725&g_mp=Cilnb29nbGUubWFwcy5wbGFjZXMudjEuUGxhY2VzLlNlYXJjaE5lYXJieRACGAQgAA,ChIJE8YbCAAjDTkRPaoASONA1rY
29 monada emaar marbella villas,association_or_organization,service|association_or_organization|point_of_interest|establishment,,,"Marbella Villas, Badshahpur, Sector 66, Gurugram, Haryana 122101, India",,,OPERATIONAL,https://maps.google.com/?cid=6063603104622481875&g_mp=Cilnb29nbGUubWFwcy5wbGFjZXMudjEuUGxhY2VzLlNlYXJjaE5lYXJieRACGAQgAA,ChIJHzQtYwAjDTkR05H6teU-JlQ
Tennis court,tennis_court,tennis_court|athletic_field|sports_activity_location|point_of_interest|establishment,,,"93W5+JWV, Badshahpur, Sector 66, Gurugram, Haryana 122101, India",,,OPERATIONAL,https://maps.google.com/?cid=4990739809160113892&g_mp=Cilnb29nbGUubWFwcy5wbGFjZXMudjEuUGxhY2VzLlNlYXJjaE5lYXJieRACGAQgAA,ChIJ_xFj1L4jDTkR5K5jE2qrQkU
Moving Box Packers And Movers Gurgaon,moving_company,moving_company|transportation_service|service|point_of_interest|establishment,087969 95413,https://sites.google.com/view/movingboxsector66/home,"Shop No 29/B, Badshahpur, Sector 66, Gurugram, Haryana 122101, India",5,5,OPERATIONAL,https://maps.google.com/?cid=7408975972533845042&g_mp=Cilnb29nbGUubWFwcy5wbGFjZXMudjEuUGxhY2VzLlNlYXJjaE5lYXJieRACGAQgAA,ChIJ23yAiEEjDTkRMrxIgGT40WY
Trendzz villa by priyanka,jewelry_store,jewelry_store|store|point_of_interest|establishment,,,"43Monada, Marbella Villas, Badshahpur, Sector 66, Gurugram, Haryana 122102, India",,,OPERATIONAL,https://maps.google.com/?cid=13747833949132560842&g_mp=Cilnb29nbGUubWFwcy5wbGFjZXMudjEuUGxhY2VzLlNlYXJjaE5lYXJieRACGAQgAA,ChIJp1Ih7HkjDTkRyhkaOSMeyr4
32 belleza emmar Marbella,association_or_organization,service|association_or_organization|point_of_interest|establishment,,,"Marbella Villas, Badshahpur, Sector 66, Gurugram, Haryana 122101, India",,,OPERATIONAL,https://maps.google.com/?cid=6473657037061167537&g_mp=Cilnb29nbGUubWFwcy5wbGFjZXMudjEuUGxhY2VzLlNlYXJjaE5lYXJieRACGAQgAA,ChIJEzz7OgAjDTkRsRm9u8YM11k
Ralph,association_or_organization,association_or_organization|point_of_interest|establishment,,,"Marbella Villas, Badshahpur, Sector 66, Gurugram, Haryana 122101, India",,,OPERATIONAL,https://maps.google.com/?cid=3673323336962356702&g_mp=Cilnb29nbGUubWFwcy5wbGFjZXMudjEuUGxhY2VzLlNlYXJjaE5lYXJieRACGAQgAA,ChIJUx-ZK9MjDTkR3jXL5BxE-jI
Kamra’s,housing_complex,housing_complex|service|point_of_interest|establishment,,,"Villa -43 Belleza, Emaar Mgf Marbella, Badshahpur, Sector 66, Gurugram, Haryana 122101, India",4.7,3,OPERATIONAL,https://maps.google.com/?cid=5206481809233720132&g_mp=Cilnb29nbGUubWFwcy5wbGFjZXMudjEuUGxhY2VzLlNlYXJjaE5lYXJieRACGAQgAA,ChIJfa0yVyIjDTkRRLPo0J4jQUg
Marbella home,association_or_organization,service|association_or_organization|point_of_interest|establishment,,,"Villa -028A, Belleza, Emaar Mgf Marbella, Badshahpur, Sector 66, Gurugram, Haryana 122101, India",,,OPERATIONAL,https://maps.google.com/?cid=13145730838141448778&g_mp=Cilnb29nbGUubWFwcy5wbGFjZXMudjEuUGxhY2VzLlNlYXJjaE5lYXJieRACGAQgAA,ChIJpd6EJgAjDTkRSrJRWIwEb7Y
AIPL Autograph Sec 66| Corporate office Space Gurugram | Professional Business Center Gurgaon,general_contractor,business_center|corporate_office|real_estate_agency|general_contractor|service|point_of_interest|establishment,092111 60000,https://aipl.com/project/aipl-autograph/,"Badshahpur, Sector 66, Gurugram, Haryana 122101, India",4.1,21,OPERATIONAL,https://maps.google.com/?cid=10224154680712025664&g_mp=Cilnb29nbGUubWFwcy5wbGFjZXMudjEuUGxhY2VzLlNlYXJjaE5lYXJieRACGAQgAA,ChIJO2UqCbgjDTkRQNZ8IIN-440
Axis Bank ATM,atm,atm|bank|finance|point_of_interest|establishment,1860 500 5555,https://branch.axisbank.com/axis-bank-atm-gurugram-E5DEL550700/Home?utm_source=locator&utm_medium=googleplaces,"Ground Floor, Shop No. 02,03& 23, M3M Tee Point, Golf Estate Rd, Badshahpur, Sector 65, Gurugram, Haryana 122101, India",3,2,OPERATIONAL,https://maps.google.com/?cid=9277338024730054848&g_mp=Cilnb29nbGUubWFwcy5wbGFjZXMudjEuUGxhY2VzLlNlYXJjaE5lYXJieRACGAQgAA,ChIJaZduvBUjDTkRwFBCsce5v4A
SBI Branch Sector 65 Gurugram,bank,bank|finance|point_of_interest|establishment,1800 1234,https://bank.sbi/,"Mtp/R/Gl/02/20 Mtp/R/Gl/02/22, Tower-2, M3M Tee Point, 02/03, Mtp/R/Gl, Sector 65, Gurugram, Haryana 122102, India",3.7,6,OPERATIONAL,https://maps.google.com/?cid=16315632824351316262&g_mp=Cilnb29nbGUubWFwcy5wbGFjZXMudjEuUGxhY2VzLlNlYXJjaE5lYXJieRACGAQgAA,ChIJbzWaszAjDTkRJtkpHZzFbOI
MaxAtHome Blood Test Lab | Full Body Health Checkup | Urgent Blood Test,health,service|health|point_of_interest|establishment,092402 99623,https://www.maxathome.in/service/pathology?utm_source=Google&utm_medium=GMB,"Sector 65, Gurugram, Haryana 122101, India",5,40,OPERATIONAL,https://maps.google.com/?cid=1547946369695304712&g_mp=Cilnb29nbGUubWFwcy5wbGFjZXMudjEuUGxhY2VzLlNlYXJjaE5lYXJieRACGAQgAA,ChIJ34gJzjchDTkRCEwLmQVpexU
Smart Scrap Solutions Gurgaon,,point_of_interest|establishment,,https://smartscrap.co.in/,"Shop No. 13, 93X7+5M Emerald Premier Floors, MTP/R/GL, Sector 65, Gurugram, Haryana 122101, India",,,OPERATIONAL,https://maps.google.com/?cid=12401802553609352253&g_mp=Cilnb29nbGUubWFwcy5wbGFjZXMudjEuUGxhY2VzLlNlYXJjaE5lYXJieRACGAQgAA,ChIJwU0_KHIjDTkRPfRqBrcNHKw
Kotak Mahindra Bank ATM,atm,atm|finance|point_of_interest|establishment,1800 4100,https://www.kotak.bank.in/en/reach-us.html?utm_source=google&utm_medium=gmb,"Ground Floor Shop No. MTP/R/GL/02/021 (Commercial Unit, Tower-2, M3M Tee Point, Sector 65, Gurugram, Haryana 122102, India",,,OPERATIONAL,https://maps.google.com/?cid=6633221248350787631&g_mp=Cilnb29nbGUubWFwcy5wbGFjZXMudjEuUGxhY2VzLlNlYXJjaE5lYXJieRACGAQgAA,ChIJ5bM8Lz8jDTkRL5iFwJTvDVw
Kotak Mahindra Bank,bank,bank|insurance_agency|finance|service|point_of_interest|establishment,1800 4100,https://www.kotak.bank.in/en/reach-us.html?utm_source=google&utm_medium=gmb,"MTP/R/GL/02/021 (Commercial Unit, Tower-2, M3M Tee Point, Sector 65, Gurugram, Haryana 122101, India",4.6,21,OPERATIONAL,https://maps.google.com/?cid=14499847297008319641&g_mp=Cilnb29nbGUubWFwcy5wbGFjZXMudjEuUGxhY2VzLlNlYXJjaE5lYXJieRACGAQgAA,ChIJc3FBHRcjDTkRmbyWC0vOOck
Chai Cutting,cafe,cafe|fast_food_restaurant|tea_store|food_store|store|restaurant|point_of_interest|food|establishment,092276 60000,https://www.chaicutting.in/,"Shop No. 9, M3M Tee Point, North Block, Sector 65, Gurugram, Haryana 122101, India",5,7,OPERATIONAL,https://maps.google.com/?cid=3349558616306846061&g_mp=Cilnb29nbGUubWFwcy5wbGFjZXMudjEuUGxhY2VzLlNlYXJjaE5lYXJieRACGAQgAA,ChIJ73-S-zQjDTkRbYlRl9AFfC4
Hapliv Dental Clinic,dentist,dentist|dental_clinic|medical_clinic|doctor|health|point_of_interest|establishment,098104 71255,https://haplivdentalclinic.com/,"Shop 27, First Floor, North Block M3M Tee Point, Golf Course Ext Rd, Sector 65, Gurugram, Haryana 122018, India",5,106,OPERATIONAL,https://maps.google.com/?cid=11429403213814020517&g_mp=Cilnb29nbGUubWFwcy5wbGFjZXMudjEuUGxhY2VzLlNlYXJjaE5lYXJieRACGAQgAA,ChIJM3ZqdoAZDTkRpbkX2qplnZ4
Sumit Da Dhaba,indian_restaurant,indian_restaurant|restaurant|point_of_interest|food|establishment,098102 27968,,"8, Abc, Badshahpur, Sector 66, Gurugram, Haryana 122101, India",5,1,CLOSED_TEMPORARILY,https://maps.google.com/?cid=7014616766788400028&g_mp=Cilnb29nbGUubWFwcy5wbGFjZXMudjEuUGxhY2VzLlNlYXJjaE5lYXJieRACGAQgAA,ChIJ_5PzMVwiDTkRnPPry8jsWGE
Maxx Aesthetics,skin_care_clinic,skin_care_clinic|medical_clinic|health|point_of_interest|establishment,085959 58791,https://maxxaesthetics.in/,"Maxx Clinics, Shop number 123, M3M Tee Point, Golf Estate Rd, Sector 65, Gurugram, Haryana 122101, India",4.6,24,OPERATIONAL,https://maps.google.com/?cid=5057344614486338749&g_mp=Cilnb29nbGUubWFwcy5wbGFjZXMudjEuUGxhY2VzLlNlYXJjaE5lYXJieRACGAQgAA,ChIJwUyEpeEjDTkRvWwxxSFML0Y
Salad Days I Sector 65 Gurugram,salad_shop,salad_shop|restaurant|point_of_interest|food|establishment,096438 00901,https://saladdays.co/,"Shop No. 25, M3M Tee Point, Block 2, Sector 65, Gurugram, Haryana 122101, India",4.3,123,OPERATIONAL,https://maps.google.com/?cid=13119536818339157965&g_mp=Cilnb29nbGUubWFwcy5wbGFjZXMudjEuUGxhY2VzLlNlYXJjaE5lYXJieRACGAQgAA,ChIJm1vxSckjDTkRzZfD2jn1EbY
Ultimate Dental Hub,dental_clinic,dental_clinic|dentist|medical_clinic|service|health|point_of_interest|establishment,082218 85665,https://www.practo.com/gurgaon/clinic/ultimate-dental-hub-gurgaon-sector-65/overview,"M3M Tee Point R-007, 1st Floor, North Block, Golf Course Ext Rd, Sector 65, Gurugram, Haryana 122101, India",5,22,OPERATIONAL,https://maps.google.com/?cid=8652738354632384525&g_mp=Cilnb29nbGUubWFwcy5wbGFjZXMudjEuUGxhY2VzLlNlYXJjaE5lYXJieRACGAQgAA,ChIJS6ooSkMjDTkRDeBCerCzFHg
Mittal Medical Shop,pharmacy,pharmacy|health|store|point_of_interest|establishment,099101 31966,https://www.mmplus.in/,"Shop No.18, Block-2, GF, M3M Tee Point Market, Sector 65, Gurugram, Haryana 122101, India",4.6,26,OPERATIONAL,https://maps.google.com/?cid=13858948207367196131&g_mp=Cilnb29nbGUubWFwcy5wbGFjZXMudjEuUGxhY2VzLlNlYXJjaE5lYXJieRACGAQgAA,ChIJUTzCaHIjDTkR442ofPffVMA
Kanjivaraam,restaurant,restaurant|south_indian_restaurant|indian_restaurant|point_of_interest|food|establishment,092052 93222,https://kanjivaraam.com/,"First Floor - Khasra No. 18, 22/2/1/2, Main Road, Sector 65, Gurugram, Haryana 122102, India",4.7,3312,OPERATIONAL,https://maps.google.com/?cid=2019533214840723067&g_mp=Cilnb29nbGUubWFwcy5wbGFjZXMudjEuUGxhY2VzLlNlYXJjaE5lYXJieRACGAQgAA,ChIJHS8LVAAjDTkRexavSsLSBhw
Fred & Morty's Kids City,video_arcade,video_arcade|point_of_interest|establishment,092052 91222,http://www.fredandmortys.com/,"Khasra No. 18, Main Road, 22/2/1/2, Maidawas Rd, adjacent to M3M Tee Point, Sector 65, Gurugram, Haryana 122102, India",4.1,44,OPERATIONAL,https://maps.google.com/?cid=10915203277023159204&g_mp=Cilnb29nbGUubWFwcy5wbGFjZXMudjEuUGxhY2VzLlNlYXJjaE5lYXJieRACGAQgAA,ChIJk_wUskkjDTkRpCMlmoyXepc
Dr. Naren Prakash- Alovia Skin Clinic,doctor,skin_care_clinic|beauty_salon|medical_clinic|hair_care|doctor|service|health|point_of_interest|establishment,098735 23266,http://www.aloviaskinclinic.com/,"124, Tower II, M3M Tee point, Sector 65, Gurugram, Haryana 122101, India",4.4,8,OPERATIONAL,https://maps.google.com/?cid=10515758254308441148&g_mp=Cilnb29nbGUubWFwcy5wbGFjZXMudjEuUGxhY2VzLlNlYXJjaE5lYXJieRACGAQgAA,ChIJeUh2Q2cjDTkRPLzv22p675E
Sundae Brew,ice_cream_shop,ice_cream_shop|coffee_shop|tea_store|cafe|dessert_shop|bakery|confectionery|korean_restaurant|food_store|store|restaurant|point_of_interest|food|establishment,074287 43442,https://www.instagram.com/sundaebrew,"GF, M3M Tee Point, Sector 65, Gurugram, Haryana 122101, India",4.7,102,OPERATIONAL,https://maps.google.com/?cid=14713901344802595427&g_mp=Cilnb29nbGUubWFwcy5wbGFjZXMudjEuUGxhY2VzLlNlYXJjaE5lYXJieRACGAQgAA,ChIJu06JFgAjDTkRY-IZxVBHMsw
AIPL 33KV SWITCHING STATION,,point_of_interest|establishment,,,"93W7+J55, Badshahpur, Sector 66, Gurugram, Haryana 122101, India",5,1,OPERATIONAL,https://maps.google.com/?cid=6518749189905780315&g_mp=Cilnb29nbGUubWFwcy5wbGFjZXMudjEuUGxhY2VzLlNlYXJjaE5lYXJieRACGAQgAA,ChIJ0wN7-OAjDTkRWw4ztNk_d1o
HDFC Bank,bank,bank|atm|finance|service|point_of_interest|establishment,1800 1601,https://www.hdfc.bank.in/branch-locator/haryana/gurugram/hdfcbank-branch-m3mteepointsector65,"Unit No R04 & R05, Ground Floor, M3M Tee Point, Badshahpur, Sector 65, Gurugram, Haryana 122101, India",2.8,6,OPERATIONAL,https://maps.google.com/?cid=15517654349472041785&g_mp=Cilnb29nbGUubWFwcy5wbGFjZXMudjEuUGxhY2VzLlNlYXJjaE5lYXJieRACGAQgAA,ChIJd03kG2giDTkROYuTL2rIWdc
NJ Rockstars Projects 14 Marbella2,condominium_complex,condominium_complex|point_of_interest|service|establishment,,,"14, Marbella 2, Sector 65, Gurugram, Haryana 122101, India",1,1,OPERATIONAL,https://maps.google.com/?cid=7415459316397386074&g_mp=Cilnb29nbGUubWFwcy5wbGFjZXMudjEuUGxhY2VzLlNlYXJjaE5lYXJieRACGAQgAA,ChIJ4fQvKQAjDTkRWik6oPUA6WY
MGF The NEST 65,service,point_of_interest|service|establishment,,,"93X7+4V5, Sector 65, Gurugram, Haryana 122101, India",,,OPERATIONAL,https://maps.google.com/?cid=15060935185067352140&g_mp=Cilnb29nbGUubWFwcy5wbGFjZXMudjEuUGxhY2VzLlNlYXJjaE5lYXJieRACGAQgAA,ChIJNyVwyYAjDTkRTCAfK8EwA9E
Kakkar's Mansion,apartment_building,apartment_building|point_of_interest|service|establishment,,,"93X8+9JW, Sector 65, Gurugram, Haryana 122101, India",,,OPERATIONAL,https://maps.google.com/?cid=15586031557493970726&g_mp=Cilnb29nbGUubWFwcy5wbGFjZXMudjEuUGxhY2VzLlNlYXJjaE5lYXJieRACGAQgAA,ChIJVecqKwAjDTkRJtd0ih-1TNg
Jahagir dukan,association_or_organization,association_or_organization|point_of_interest|establishment,,,"93W8+WPF, Sector 65, Gurugram, Haryana 122101, India",3,2,CLOSED_TEMPORARILY,https://maps.google.com/?cid=15887438607143277978&g_mp=Cilnb29nbGUubWFwcy5wbGFjZXMudjEuUGxhY2VzLlNlYXJjaE5lYXJieRACGAQgAA,ChIJu6u6FAAjDTkRmhWa6TyFe9w
Samim juggi,association_or_organization,association_or_organization|point_of_interest|service|establishment,,,"93W8+QMG, Sector 65, Gurugram, Haryana 122101, India",5,3,OPERATIONAL,https://maps.google.com/?cid=14529867385201035005&g_mp=Cilnb29nbGUubWFwcy5wbGFjZXMudjEuUGxhY2VzLlNlYXJjaE5lYXJieRACGAQgAA,ChIJoeqvItQjDTkR_QZxgGd1pMk
Muslim Miah,general_store,general_store|food_store|food|point_of_interest|store|establishment,097180 58290,,"A55, Sector 65, Gurugram, Haryana 122101, India",5,1,OPERATIONAL,https://maps.google.com/?cid=2815595828164059735&g_mp=Cilnb29nbGUubWFwcy5wbGFjZXMudjEuUGxhY2VzLlNlYXJjaE5lYXJieRACGAQgAA,ChIJZ4BpAaQjDTkRV2LK8HwBEyc
Selim,apartment_building,apartment_building|point_of_interest|service|establishment,,,"93X9+53Q Emerald Premier Floors, Sector 65, Gurugram, Haryana 122101, India",5,4,OPERATIONAL,https://maps.google.com/?cid=16964003224727897683&g_mp=Cilnb29nbGUubWFwcy5wbGFjZXMudjEuUGxhY2VzLlNlYXJjaE5lYXJieRACGAQgAA,ChIJd-7IE2EjDTkRU8Z8wg0_bOs
Emaar Emerald Floors Premier Tower 48,apartment_building,apartment_building|point_of_interest|service|establishment,,,"93X9+53Q Block-D, Emerald Premier Floors, EF46, Unnamed Road, Sector 65, Gurugram, Haryana 122101, India",5,2,OPERATIONAL,https://maps.google.com/?cid=7325016397691370863&g_mp=Cilnb29nbGUubWFwcy5wbGFjZXMudjEuUGxhY2VzLlNlYXJjaE5lYXJieRACGAQgAA,ChIJIYMdONYjDTkRbz1Oppqvp2U
Tower 51 Emaar Emerald Floors Premier,condominium_complex,condominium_complex|point_of_interest|service|establishment,,,"Emerald Premier Floors, Sector 65, Gurugram, Haryana 122101, India",4,1,OPERATIONAL,https://maps.google.com/?cid=12743362595541662106&g_mp=Cilnb29nbGUubWFwcy5wbGFjZXMudjEuUGxhY2VzLlNlYXJjaE5lYXJieRACGAQgAA,ChIJbzWPn4gjDTkRmrlCb8OE2bA
Hasan online Seva Kendra,service,point_of_interest|service|establishment,,,"93W8+WPF, Sector 65, Gurugram, Haryana 122101, India",1,1,OPERATIONAL,https://maps.google.com/?cid=4340395406990194949&g_mp=Cilnb29nbGUubWFwcy5wbGFjZXMudjEuUGxhY2VzLlNlYXJjaE5lYXJieRACGAQgAA,ChIJOYbSeAAjDTkRBTljUqAuPDw
Dr Rinkesh Kumar bansal,medical_center,medical_center|hospital|health|point_of_interest|service|establishment,098104 17010,http://www.dishiclinic.com/,"Shop No 19, Ground floor, tower 1 ( south, wing) M3M Tee point, Sector 65, Gurugram, Haryana 122101, India",4.7,126,OPERATIONAL,https://maps.google.com/?cid=7895826673185606722&g_mp=Cilnb29nbGUubWFwcy5wbGFjZXMudjEuUGxhY2VzLlNlYXJjaE5lYXJieRACGAQgAA,ChIJq6qq2pQYDTkRQkxIf4ack20
Emaar Marbella Phase 2,service,point_of_interest|service|establishment,,,"93W8+Q4M, Sector 65, Gurugram, Haryana 122101, India",4.9,10,OPERATIONAL,https://maps.google.com/?cid=6373295076035365934&g_mp=Cilnb29nbGUubWFwcy5wbGFjZXMudjEuUGxhY2VzLlNlYXJjaE5lYXJieRACGAQgAA,ChIJ45hVZIojDTkRLozVvxp-clg
Efp tower 12,apartment_building,apartment_building|point_of_interest|service|establishment,,,"Tower 12, Emerald Emaar Floors Premier, Sector 65, Gurugram, Haryana 122101, India",5,2,OPERATIONAL,https://maps.google.com/?cid=2200687602041347165&g_mp=Cilnb29nbGUubWFwcy5wbGFjZXMudjEuUGxhY2VzLlNlYXJjaE5lYXJieRACGAQgAA,ChIJP9d_UgAjDTkRXdxH3bZpih4
EFP Tower 12A,apartment_building,apartment_building|point_of_interest|service|establishment,,,"Tower 12-A, Emerald Emaar Floors Premier, Sector 65, Gurugram, Haryana 122101, India",5,2,OPERATIONAL,https://maps.google.com/?cid=11455254528117348557&g_mp=Cilnb29nbGUubWFwcy5wbGFjZXMudjEuUGxhY2VzLlNlYXJjaE5lYXJieRACGAQgAA,ChIJeWxKq2AjDTkRzZgeAE09-Z4
Tower 10 Emerald Premier Floors,apartment_building,apartment_building|point_of_interest|service|establishment,,,"Tower 10, Emerald Premier Floors, Sector 65, Gurugram, Haryana 122101, India",3.7,3,OPERATIONAL,https://maps.google.com/?cid=15703710213389534797&g_mp=Cilnb29nbGUubWFwcy5wbGFjZXMudjEuUGxhY2VzLlNlYXJjaE5lYXJieRACGAQgAA,ChIJ07yVc6sjDTkRTcbBvDzJ7tk
Dr vineet kaul - Epione Medicare,doctor,doctor|health|point_of_interest|establishment,098102 02043,https://epionemedicare.com/,"First Floor 29-31, Epione Medicare, M3M TEE POINT, Golf Course Ext Rd, Sector 65, Gurugram, Haryana 122101, India",,,OPERATIONAL,https://maps.google.com/?cid=14137767576959529334&g_mp=Cilnb29nbGUubWFwcy5wbGFjZXMudjEuUGxhY2VzLlNlYXJjaE5lYXJieRACGAQgAA,ChIJvVWjFU8jDTkRdjG1xbRwM8Q
"Tower 47, Emerald Premier Floors",apartment_building,apartment_building|point_of_interest|service|establishment,,,"EF9, Sector 65, Gurugram, Haryana 122101, India",,,OPERATIONAL,https://maps.google.com/?cid=6418835271550882827&g_mp=Cilnb29nbGUubWFwcy5wbGFjZXMudjEuUGxhY2VzLlNlYXJjaE5lYXJieRACGAQgAA,ChIJP95YRgAjDTkRC9SJyKtIFFk
DiShi Dental & Gastro - Liver Clinic,medical_clinic,medical_clinic|dental_clinic|dentist|doctor|consultant|health|point_of_interest|service|establishment,098701 70676,https://www.dishiclinic.com/,"Shop No. 19, Ground Floor, M3MTee Point, Tower 1, Sector-65, Sector 65, Gurugram, Haryana 122102, India",5,109,OPERATIONAL,https://maps.google.com/?cid=14062197090033762075&g_mp=Cilnb29nbGUubWFwcy5wbGFjZXMudjEuUGxhY2VzLlNlYXJjaE5lYXJieRACGAQgAA,ChIJSfM7XHQjDTkRG3_-qL_1JsM
EFP Tower 14,apartment_building,apartment_building|point_of_interest|service|establishment,,,"Emerald Premier Floors, Sector 65, Gurugram, Haryana 122101, India",,,OPERATIONAL,https://maps.google.com/?cid=10624811899944728836&g_mp=Cilnb29nbGUubWFwcy5wbGFjZXMudjEuUGxhY2VzLlNlYXJjaE5lYXJieRACGAQgAA,ChIJA2cWGQAjDTkRBHmMXSHqcpM
JRS Professional Consultants,service,point_of_interest|service|establishment,098104 26794,,"M3M TEE POINT, Golf Course Ext Rd, Sector 65, Gurugram, Haryana 122101, India",,,OPERATIONAL,https://maps.google.com/?cid=662825285634862384&g_mp=Cilnb29nbGUubWFwcy5wbGFjZXMudjEuUGxhY2VzLlNlYXJjaE5lYXJieRACGAQgAA,ChIJIbciyTcjDTkRMK1p4hXUMgk
SK Malik,service,point_of_interest|service|establishment,,,"Shop 3, Maidawas Rd, Sector 64, Gurugram, Haryana 122101, India",,,OPERATIONAL,https://maps.google.com/?cid=3676240834215662786&g_mp=Cilnb29nbGUubWFwcy5wbGFjZXMudjEuUGxhY2VzLlNlYXJjaE5lYXJieRACGAQgAA,ChIJgarljsQjDTkRwtQ1qI-hBDM
TOWER 23 EFP,apartment_building,apartment_building|point_of_interest|service|establishment,,,"Tower 23, EMERALD FLOOR, Premier, Sector 65, Gurugram, Haryana 122101, India",,,OPERATIONAL,https://maps.google.com/?cid=14370918520953751388&g_mp=Cilnb29nbGUubWFwcy5wbGFjZXMudjEuUGxhY2VzLlNlYXJjaE5lYXJieRACGAQgAA,ChIJV63M9FwjDTkRXMeHIUHCb8c
Tower 22 flat 401,apartment_building,apartment_building|point_of_interest|service|establishment,,,"Emaar premier floors, Sector 65, Gurugram, Haryana 122101, India",,,OPERATIONAL,https://maps.google.com/?cid=4040314519972130608&g_mp=Cilnb29nbGUubWFwcy5wbGFjZXMudjEuUGxhY2VzLlNlYXJjaE5lYXJieRACGAQgAA,ChIJQTZYHQAjDTkRMK_KP6YUEjg
Vaishali Sikka & Company - Chartered Accountant,consultant,accounting|finance|consultant|point_of_interest|service|establishment,,,"Emaar Floors Premier, T 30-201, Sector 65, Gurugram, Haryana 122101, India",5,5,OPERATIONAL,https://maps.google.com/?cid=10049949511504058980&g_mp=Cilnb29nbGUubWFwcy5wbGFjZXMudjEuUGxhY2VzLlNlYXJjaE5lYXJieRACGAQgAA,ChIJs09wVmojDTkRZFrPc9WXeIs
"T 195, Emaar Emerald Hills",apartment_building,apartment_building|point_of_interest|service|establishment,,,"Emaar Mgf, EMERALD HILLS, EF55, Sector 65, Gurugram, Haryana 122101, India",,,OPERATIONAL,https://maps.google.com/?cid=12719239898172656057&g_mp=Cilnb29nbGUubWFwcy5wbGFjZXMudjEuUGxhY2VzLlNlYXJjaE5lYXJieRACGAQgAA,ChIJg0KIQAAjDTkRuYmOR0zRg7A
Amber 125,apartment_building,apartment_building|point_of_interest|service|establishment,,,"Amber 125, Third, EMERALD HILLS, Sector 65, Gurugram, Nangli Umarpur, Haryana 122101, India",,,OPERATIONAL,https://maps.google.com/?cid=6478040730188650489&g_mp=Cilnb29nbGUubWFwcy5wbGFjZXMudjEuUGxhY2VzLlNlYXJjaE5lYXJieRACGAQgAA,ChIJqcFyLAAjDTkR-Rdo07if5lk
Tower 35,apartment_building,apartment_building|point_of_interest|service|establishment,,,"93XC+354, Sector 65, Gurugram, Haryana 122101, India",,,OPERATIONAL,https://maps.google.com/?cid=9794483652488543453&g_mp=Cilnb29nbGUubWFwcy5wbGFjZXMudjEuUGxhY2VzLlNlYXJjaE5lYXJieRACGAQgAA,ChIJA_crC8AjDTkR3TzzEP3-7Ic
Malik’s Residence,apartment_building,apartment_building|point_of_interest|service|establishment,,,"Emaar Mgf, Emerald Premier Floors, Sector 65, Gurugram, Haryana 122101, India",,,OPERATIONAL,https://maps.google.com/?cid=3422697804322942419&g_mp=Cilnb29nbGUubWFwcy5wbGFjZXMudjEuUGxhY2VzLlNlYXJjaE5lYXJieRACGAQgAA,ChIJfUvyRAAjDTkR060t0ITdfy8
Amber 105,apartment_building,apartment_building|point_of_interest|service|establishment,,,"EMERALD HILLS, Sector 65, Gurugram, Haryana 122101, India",2,1,OPERATIONAL,https://maps.google.com/?cid=15924007730816224900&g_mp=Cilnb29nbGUubWFwcy5wbGFjZXMudjEuUGxhY2VzLlNlYXJjaE5lYXJieRACGAQgAA,ChIJT1PoKAAjDTkRhA7gg6lw_dw
Emaar India - Emerald Hills Plots,apartment_building,apartment_building|point_of_interest|service|establishment,080 4697 1758,https://in.emaar.com/en/properties/emerald-hills/,"EMERALD HILLS, Plots, Sector 65, Gurugram, Haryana 122101, India",,,OPERATIONAL,https://maps.google.com/?cid=3236368377653590485&g_mp=Cilnb29nbGUubWFwcy5wbGFjZXMudjEuUGxhY2VzLlNlYXJjaE5lYXJieRACGAQgAA,ChIJCyAAwGkiDTkR1XlZeOTj6Sw
"GNV Hospitality ,Gurgaon",,point_of_interest|establishment,098999 40825,,"GNV Hospitality Club House, Emaar Emerald Floors Premier, Sector 65, Gurugram, Haryana 122102, India",5,1,OPERATIONAL,https://maps.google.com/?cid=7936167724944878795&g_mp=Cilnb29nbGUubWFwcy5wbGFjZXMudjEuUGxhY2VzLlNlYXJjaE5lYXJieRACGAQgAA,ChIJJd7G5MojDTkRy2xCi3_uIm4
Paul’s,apartment_building,apartment_building|point_of_interest|service|establishment,,,"93XC+354, Sector 65, Gurugram, Haryana 122101, India",,,OPERATIONAL,https://maps.google.com/?cid=6442404562130077267&g_mp=Cilnb29nbGUubWFwcy5wbGFjZXMudjEuUGxhY2VzLlNlYXJjaE5lYXJieRACGAQgAA,ChIJH3kfbgAjDTkRU4Ye4dAEaFk
GNV Hospitality,catering_service,catering_service|food_delivery|consultant|manufacturer|point_of_interest|wholesaler|supplier|food|service|establishment,097735 47005,https://www.gnvhospitality.com/,"GNV Hospitality Club House, Emaar Emerald Floors Premier, WorldMark, Sector 65, Gurugram, Haryana 122102, India",5,10,OPERATIONAL,https://maps.google.com/?cid=4685051399015249647&g_mp=Cilnb29nbGUubWFwcy5wbGFjZXMudjEuUGxhY2VzLlNlYXJjaE5lYXJieRACGAQgAA,ChIJ2cgwOj4XTY8R7zbAyGylBEE
"Tower 36, Emaar Premier Floors",association_or_organization,point_of_interest|association_or_organization|service|establishment,,,"93XC+35J, Sector 65, Gurugram, Haryana 122101, India",,,OPERATIONAL,https://maps.google.com/?cid=7884013217540981644&g_mp=Cilnb29nbGUubWFwcy5wbGFjZXMudjEuUGxhY2VzLlNlYXJjaE5lYXJieRACGAQgAA,ChIJFRsXOgAjDTkRjMMDBECkaW0
Emaar Emerald Floors Premier Tower 41,apartment_building,apartment_building|point_of_interest|service|establishment,,,"Tower 14, Emerald Premier Floors, Sector 65, Gurugram, Haryana 122101, India",,,OPERATIONAL,https://maps.google.com/?cid=260475043143024362&g_mp=Cilnb29nbGUubWFwcy5wbGFjZXMudjEuUGxhY2VzLlNlYXJjaE5lYXJieRACGAQgAA,ChIJ86UoMYQjDTkR6v5k86tknQM
Emerald Floor Premier,apartment_building,apartment_building|point_of_interest|service|establishment,,,"Emerald Premier Floors, Sector 65, Gurugram, Haryana 122101, India",5,2,OPERATIONAL,https://maps.google.com/?cid=11259171056448441149&g_mp=Cilnb29nbGUubWFwcy5wbGFjZXMudjEuUGxhY2VzLlNlYXJjaE5lYXJieRACGAQgAA,ChIJx1s_zCIjDTkRPQv4FGycQJw
GNG,apartment_building,apartment_building|point_of_interest|service|establishment,,,"93XC+353, Sector 65, Gurugram, Haryana 122101, India",5,1,OPERATIONAL,https://maps.google.com/?cid=12892978426943772880&g_mp=Cilnb29nbGUubWFwcy5wbGFjZXMudjEuUGxhY2VzLlNlYXJjaE5lYXJieRACGAQgAA,ChIJxeODPNUjDTkR0BjCwpEP7bI
T76,association_or_organization,point_of_interest|association_or_organization|service|establishment,,,"EMERALD HILLS, Sector 65, Gurugram, Haryana 122101, India",5,1,OPERATIONAL,https://maps.google.com/?cid=18350002562444863302&g_mp=Cilnb29nbGUubWFwcy5wbGFjZXMudjEuUGxhY2VzLlNlYXJjaE5lYXJieRACGAQgAA,ChIJPd7OGgAjDTkRRqcIqhtOqP4
Love centre,garden,garden|point_of_interest|establishment,,,"93X9+53Q Emerald Premier Floors, Sector 65, Gurugram, Haryana 122101, India",5,2,CLOSED_TEMPORARILY,https://maps.google.com/?cid=3061160833964845220&g_mp=Cilnb29nbGUubWFwcy5wbGFjZXMudjEuUGxhY2VzLlNlYXJjaE5lYXJieRACGAQgAA,ChIJg_c-Cx4jDTkRpCjQTI9teyo
M3M Golf Estate Fairway west tower 18,apartment_building,apartment_building|point_of_interest|service|establishment,,,"Tower 18, Fairway west, M3M, Golf Estate Rd, Sector 65, Gurugram, Haryana 122101, India",,,OPERATIONAL,https://maps.google.com/?cid=11750809127092406434&g_mp=Cilnb29nbGUubWFwcy5wbGFjZXMudjEuUGxhY2VzLlNlYXJjaE5lYXJieRACGAQgAA,ChIJ-3NCIw8jDTkRosjCg6RCE6M
Deepak k,store,store|point_of_interest|establishment,,,"93XF+35Q, Sector 65, Gurugram, Haryana 122101, India",,,OPERATIONAL,https://maps.google.com/?cid=16747376277153961064&g_mp=Cilnb29nbGUubWFwcy5wbGFjZXMudjEuUGxhY2VzLlNlYXJjaE5lYXJieRACGAQgAA,ChIJl8u8VAAjDTkRaNSQH_6haug
Vietnom restaurant,restaurant,restaurant|point_of_interest|food|establishment,097118 25625,,"93XF+53V, Sector 65, Gurugram, Haryana 122101, India",4.3,3,OPERATIONAL,https://maps.google.com/?cid=5855848214504185384&g_mp=Cilnb29nbGUubWFwcy5wbGFjZXMudjEuUGxhY2VzLlNlYXJjaE5lYXJieRACGAQgAA,ChIJ55znIAAjDTkRKJ4g7OwmRFE
Karigari WorldMark,north_indian_restaurant,north_indian_restaurant|indian_restaurant|restaurant|point_of_interest|food|establishment,093192 67185,https://karigariindia.com/,"GR-05, GF, WorldMark, Maidawas Rd, below Inox, Sector 65, Gurugram, Haryana 122101, India",4.4,1917,OPERATIONAL,https://maps.google.com/?cid=10599980209088200003&g_mp=Cilnb29nbGUubWFwcy5wbGFjZXMudjEuUGxhY2VzLlNlYXJjaE5lYXJieRACGAQgAA,ChIJp9_Y88IjDTkRQ33fzNaxGpM
Inox,movie_theater,movie_theater|point_of_interest|establishment,,https://www.inoxmovies.com/,"Sector 65, Gurugram, Haryana 122101, India",4.4,2338,OPERATIONAL,https://maps.google.com/?cid=7116621351424952531&g_mp=Cilnb29nbGUubWFwcy5wbGFjZXMudjEuUGxhY2VzLlNlYXJjaE5lYXJieRACGAQgAA,ChIJsYIXJEUjDTkR0wil5GlRw2I
Emaar Emerald Estate,apartment_building,apartment_building|service|point_of_interest|establishment,,,"Maidawas Rd, Sector 65, Gurugram, Haryana 122101, India",3.7,155,OPERATIONAL,https://maps.google.com/?cid=5022643944315322936&g_mp=Cilnb29nbGUubWFwcy5wbGFjZXMudjEuUGxhY2VzLlNlYXJjaE5lYXJieRACGAQgAA,ChIJkRHy-UMiDTkROIIuZg4EtEU
YouMee Worldmark,restaurant,malaysian_restaurant|vietnamese_restaurant|thai_restaurant|japanese_restaurant|indonesian_restaurant|chinese_restaurant|korean_restaurant|restaurant|point_of_interest|food|establishment,081306 04932,https://stores.lbf.co.in/store-pages/youmee-worldmark-gurgaon-gurugram/,"Located in- WorldMark Gurgaon, Shop No GR-02, Ground Floor, Maidawas Rd, Sector 65, Gurugram, Haryana 122101, India",4.4,510,OPERATIONAL,https://maps.google.com/?cid=481758743723495433&g_mp=Cilnb29nbGUubWFwcy5wbGFjZXMudjEuUGxhY2VzLlNlYXJjaE5lYXJieRACGAQgAA,ChIJ7aVK-ZsjDTkRCdATYwaNrwY
Punjab Grill WorldMark Gurgaon,north_indian_restaurant,barbecue_restaurant|family_restaurant|fast_food_restaurant|pakistani_restaurant|fine_dining_restaurant|north_indian_restaurant|indian_restaurant|restaurant|point_of_interest|food|establishment,081306 05399,https://www.zomato.com/ncr/barbecue-by-punjab-grill-1-golf-course-extension-gurgaon/menu,"Located in -WorldMark Gurgaon, GR-05, GF, Maidawas Rd, Sector 65, Gurugram, Haryana 122101, India",4.4,563,OPERATIONAL,https://maps.google.com/?cid=11651304460433192697&g_mp=Cilnb29nbGUubWFwcy5wbGFjZXMudjEuUGxhY2VzLlNlYXJjaE5lYXJieRACGAQgAA,ChIJn55cvTMjDTkR-XYL7qy_saE
CKPK Headquarters,housing_complex,housing_complex|service|point_of_interest|establishment,,,"Emaar Emerald Estate Tower-B, Sector 65, Gurugram, Haryana 122101, India",4.9,16,OPERATIONAL,https://maps.google.com/?cid=18234857680610538537&g_mp=Cilnb29nbGUubWFwcy5wbGFjZXMudjEuUGxhY2VzLlNlYXJjaE5lYXJieRACGAQgAA,ChIJN-apdwAhDTkRKTSYtnI6D_0
Infinity Education (Miles Ahead),consultant,consultant|service|point_of_interest|establishment,079825 02917,http://careerchuno.in/,"411 A, 412, 4th Floor, Tower A, Suncity, Success Tower, Sector 65, Gurugram, Haryana 122018, India",4.8,8,OPERATIONAL,https://maps.google.com/?cid=729331552770284693&g_mp=Cilnb29nbGUubWFwcy5wbGFjZXMudjEuUGxhY2VzLlNlYXJjaE5lYXJieRACGAQgAA,ChIJrfu8NNgjDTkRlVxb3i4bHwo
Central Park Emaar Emerald Estate,park,park|point_of_interest|establishment,,,"93XC+C53 Tower - H, EMAAR EMERALD ESTATE, Maidawas Rd, Sector 65, Gurugram, Haryana 122101, India",5,1,OPERATIONAL,https://maps.google.com/?cid=2666647481256048032&g_mp=Cilnb29nbGUubWFwcy5wbGFjZXMudjEuUGxhY2VzLlNlYXJjaE5lYXJieRACGAQgAA,ChIJc3eJYwAjDTkRoPV0dcHVASU
Prateek's Avenue Estate,apartment_building,apartment_building|service|point_of_interest|establishment,,,"Emerald Estate Sector 65 Gurgaon, Sector 65, Gurugram, Haryana 122101, India",5,1,OPERATIONAL,https://maps.google.com/?cid=11894061100457105038&g_mp=Cilnb29nbGUubWFwcy5wbGFjZXMudjEuUGxhY2VzLlNlYXJjaE5lYXJieRACGAQgAA,ChIJNT6aDAAjDTkRjpaJrY0xEKU
RoyalResidencies.com,general_contractor,general_contractor|service|point_of_interest|establishment,,https://royalresidencies.com/,"Tower - A, EMAAR EMERALD ESTATE, Sector 65, Gurugram, Haryana 122101, India",5,28,OPERATIONAL,https://maps.google.com/?cid=1194410913144675893&g_mp=Cilnb29nbGUubWFwcy5wbGFjZXMudjEuUGxhY2VzLlNlYXJjaE5lYXJieRACGAQgAA,ChIJs2MpOr8jDTkRNZ7WsWVmkxA
The Tyre puncture,tire_shop,tire_shop|auto_parts_store|car_repair|service|store|point_of_interest|establishment,,,"Sector 103, Sector 65, Gurugram, Haryana 122101, India",4.5,22,OPERATIONAL,https://maps.google.com/?cid=10696584929838888349&g_mp=Cilnb29nbGUubWFwcy5wbGFjZXMudjEuUGxhY2VzLlNlYXJjaE5lYXJieRACGAQgAA,ChIJ4Vs8uHkjDTkRnfXXHFLncZQ
Badminton Court,playground,playground|point_of_interest|establishment,,,"EMAAR EMERALD ESTATE, Sector 65, Gurugram, Haryana 122101, India",4,2,OPERATIONAL,https://maps.google.com/?cid=3573920372053037192&g_mp=Cilnb29nbGUubWFwcy5wbGFjZXMudjEuUGxhY2VzLlNlYXJjaE5lYXJieRACGAQgAA,ChIJicg6ASsjDTkRiNDAl6QdmTE
Tickled Pink Gurgaon,restaurant,restaurant|point_of_interest|food|establishment,,,"93XF+626, Sector 65, Gurugram, Haryana 122101, India",5,2,OPERATIONAL,https://maps.google.com/?cid=10799296028613413821&g_mp=Cilnb29nbGUubWFwcy5wbGFjZXMudjEuUGxhY2VzLlNlYXJjaE5lYXJieRACGAQgAA,ChIJ0Xi8U5ojDTkRvQvKWYXO3pU
Chopda farm,night_club,night_club|point_of_interest|establishment,,,"93WF+W5J, Sector 65, Gurugram, Haryana 122101, India",,,CLOSED_TEMPORARILY,https://maps.google.com/?cid=10275864028526732147&g_mp=Cilnb29nbGUubWFwcy5wbGFjZXMudjEuUGxhY2VzLlNlYXJjaE5lYXJieRACGAQgAA,ChIJq-1GLgAjDTkRc-OM3OMzm44
Arushi Sealing Solutions,hardware_store,hardware_store|building_materials_store|store|point_of_interest|establishment,099532 88319,,"Shop No 20 Tyagi Market, near Emaar, Sector 65, Gurugram, Haryana 122101, India",3.8,6,OPERATIONAL,https://maps.google.com/?cid=7928523304289866754&g_mp=Cilnb29nbGUubWFwcy5wbGFjZXMudjEuUGxhY2VzLlNlYXJjaE5lYXJieRACGAQgAA,ChIJyU-Ns3kjDTkRApSaKfDFB24
VN automobile & car washing,car_repair,car_repair|service|point_of_interest|establishment,,,"opposite emaar society, Sector 65, Gurugram, Haryana 122102, India",5,2,OPERATIONAL,https://maps.google.com/?cid=2249030481901416571&g_mp=Cilnb29nbGUubWFwcy5wbGFjZXMudjEuUGxhY2VzLlNlYXJjaE5lYXJieRACGAQgAA,ChIJsz2yiIAjDTkRe3DCsk4pNh8
Nihal Singh Stall,general_store,general_store|food_store|store|point_of_interest|food|establishment,089549 10903,,"near Worldmark Tower, Badshahpur, Sector 65, Gurugram, Haryana 122101, India",,,OPERATIONAL,https://maps.google.com/?cid=147467815611083744&g_mp=Cilnb29nbGUubWFwcy5wbGFjZXMudjEuUGxhY2VzLlNlYXJjaE5lYXJieRACGAQgAA,ChIJGzFwpDQjDTkR4CtNbTLpCwI
Emaar Emerald Estate Main Entrance,condominium_complex,condominium_complex|service|point_of_interest|establishment,,,"93XC+C53 Tower - H, EMAAR EMERALD ESTATE, Maidawas Rd, Sector 65, Gurugram, Haryana 122101, India",,,OPERATIONAL,https://maps.google.com/?cid=17870775702998799828&g_mp=Cilnb29nbGUubWFwcy5wbGFjZXMudjEuUGxhY2VzLlNlYXJjaE5lYXJieRACGAQgAA,ChIJId2-MQAjDTkR1NXshdG_Afg
Dr. Hitesh Grewal: FreeFlow Physiotherapy Clinic,physiotherapist,physiotherapist|massage|doctor|medical_clinic|health|service|point_of_interest|establishment,088140 68141,https://www.freeflowphysiotherapy.com/,"Dharam Towers, Main, Maidawas Rd, Sector 64, Gurugram, Haryana 122101, India",5,48,OPERATIONAL,https://maps.google.com/?cid=7977225752457572159&g_mp=Cilnb29nbGUubWFwcy5wbGFjZXMudjEuUGxhY2VzLlNlYXJjaE5lYXJieRACGAQgAA,ChIJQfHdcYw9DTkRP-9UhI7MtG4
Currynova,meal_takeaway,meal_takeaway|restaurant|food|point_of_interest|establishment,,https://www.tmdigi.co/digimenu/1897,"Shop No. 2, Dharam towers, Medawas, Sector 64, Gurugram, Haryana 122101, India",4.8,10,CLOSED_TEMPORARILY,https://maps.google.com/?cid=10743448081378056936&g_mp=Cilnb29nbGUubWFwcy5wbGFjZXMudjEuUGxhY2VzLlNlYXJjaE5lYXJieRACGAQgAA,ChIJ8QEg3IAfDTkR6Bpk2RtlGJU
GANAPATI MOTORS - Used Car Dealer in Gurgaon | Medawas,car_dealer,car_dealer|store|point_of_interest|establishment,080 6246 3161,http://ganapatimotors.in/,"VPO, main road, opposite worldmark, Medawas, Sector 64, Gurugram, Haryana 122101, India",5,3,OPERATIONAL,https://maps.google.com/?cid=5749575512042293195&g_mp=Cilnb29nbGUubWFwcy5wbGFjZXMudjEuUGxhY2VzLlNlYXJjaE5lYXJieRACGAQgAA,ChIJARS5K_AjDTkRy8eQNHeYyk8
Bhuapur / Medawas Sector-64,bus_stop,bus_stop|transit_stop|transit_station|transportation_service|point_of_interest|establishment,,,"Sector 64, Gurugram, Haryana 122101, India",3.3,4,OPERATIONAL,https://maps.google.com/?cid=11403929884187351999&g_mp=Cilnb29nbGUubWFwcy5wbGFjZXMudjEuUGxhY2VzLlNlYXJjaE5lYXJieRACGAQgAA,ChIJUcbwKEEiDTkRv9tyHs_lQp4
Shagoon boutique by Nisha,clothing_store,clothing_store|store|point_of_interest|establishment,098990 72196,,"17 BD Tyagi Market, Sector 65, Gurugram, Haryana 122101, India",4.9,22,OPERATIONAL,https://maps.google.com/?cid=3198223461233475471&g_mp=Cilnb29nbGUubWFwcy5wbGFjZXMudjEuUGxhY2VzLlNlYXJjaE5lYXJieRACGAQgAA,ChIJhaqC5lMjDTkRjz8kB0tfYiw
Avenue 64,lodging,lodging|point_of_interest|establishment,,https://deals.vio.com/?sig=73aca13c7f952d2641c156f3e69125e1eb497c325f122828ee5aa8797168b9a12d32303331333438363233&turl=https%3A%2F%2Fwww.vio.com%2FHotel%2FSearch%3FhotelId%3D54865539%26utm_source%3Dgha-vr%26utm_campaign%3Dstatic%26openHotelDetails%3D1,"Medawas, Sector 64, Gurugram, Haryana 122101, India",,,OPERATIONAL,https://maps.google.com/?cid=3746783944104091886&g_mp=Cilnb29nbGUubWFwcy5wbGFjZXMudjEuUGxhY2VzLlNlYXJjaE5lYXJieRACGAQgAA,ChIJZzNZ00YiDTkR7iB2ViVA_zM
SSD enterprises,general_contractor,general_contractor|service|point_of_interest|establishment,098508 82315,https://www.ssdenterprises.org/,"Plot no. 196, Sector 64, Gurugram, Haryana 122101, India",5,2,OPERATIONAL,https://maps.google.com/?cid=8436404680672362949&g_mp=Cilnb29nbGUubWFwcy5wbGFjZXMudjEuUGxhY2VzLlNlYXJjaE5lYXJieRACGAQgAA,ChIJm_loF7YjDTkRxUHr7FshFHU
Jk- Amba steel,store,store|point_of_interest|establishment,098108 67603,https://www.jkcement.com/grey-cement,"Medawas, Sector 64, Gurugram, Haryana 122101, India",,,OPERATIONAL,https://maps.google.com/?cid=6134890283925451130&g_mp=Cilnb29nbGUubWFwcy5wbGFjZXMudjEuUGxhY2VzLlNlYXJjaE5lYXJieRACGAQgAA,ChIJafqA_xsjDTkRejFfjTWCI1U
MotorFox - Premium Luxury Car Workshop | Luxury car service | Car service near me | Best Car workshop near me,car_repair,car_repair|service|point_of_interest|establishment,092052 28056,https://www.motorfox.in/,"MAIN, Plot No. 2, Prajapati Rd, near DHARAM TOWER, BHUAPUR, Medawas, Sector 64, Gurugram, Haryana 122101, India",,,OPERATIONAL,https://maps.google.com/?cid=13931664214775472358&g_mp=Cilnb29nbGUubWFwcy5wbGFjZXMudjEuUGxhY2VzLlNlYXJjaE5lYXJieRACGAQgAA,ChIJs4zTr2EjDTkR5qC2S8o2V8E
Top Gear Automobiles,car_repair,car_repair|service|point_of_interest|establishment,087081 28879,,"Sector 64, Gurugram, Haryana 122101, India",5,8,OPERATIONAL,https://maps.google.com/?cid=12772240762225413999&g_mp=Cilnb29nbGUubWFwcy5wbGFjZXMudjEuUGxhY2VzLlNlYXJjaE5lYXJieRACGAQgAA,ChIJRSXzVwAjDTkRb881kk0dQLE
Bhuapur / Medawas Sector-64,bus_stop,bus_stop|transit_stop|transit_station|transportation_service|point_of_interest|establishment,,,"Sector 65, Gurugram, Haryana 122101, India",4,2,OPERATIONAL,https://maps.google.com/?cid=15304696278239660552&g_mp=Cilnb29nbGUubWFwcy5wbGFjZXMudjEuUGxhY2VzLlNlYXJjaE5lYXJieRACGAQgAA,ChIJm7FwJUEiDTkRCMq3Yy00ZdQ
Being Chef | Global Vegetarian Dining | Rooted in Vasudhaiva Kutumbakam Theme,restaurant,restaurant|pizza_restaurant|fine_dining_restaurant|south_indian_restaurant|meal_delivery|food_delivery|chinese_restaurant|indian_restaurant|meal_takeaway|food|point_of_interest|establishment,095605 00345,https://beingchef.com/,"First Floor, Dharam Tower, Medawas Road, Golf Course Ext. Road, opp. M3M Route 65, Sector 64, Gurugram, Haryana 122101, India",4.9,93,OPERATIONAL,https://maps.google.com/?cid=7025389467825449925&g_mp=Cilnb29nbGUubWFwcy5wbGFjZXMudjEuUGxhY2VzLlNlYXJjaE5lYXJieRACGAQgAA,ChIJZ-tk7n0jDTkRxauBtn8yf2E
Interio Crystal Glass,manufacturer,manufacturer|point_of_interest|establishment,,,"Shop no 13, Maidawas Rd, near Aipl Business Club, Sector 63, Gurugram, Haryana 122098, India",,,OPERATIONAL,https://maps.google.com/?cid=4875313472466706157&g_mp=Cilnb29nbGUubWFwcy5wbGFjZXMudjEuUGxhY2VzLlNlYXJjaE5lYXJieRACGAQgAA,ChIJ-SMKnvIjDTkR7d4Nz8WXqEM
"Delhi Car Accessories, 10 Midawas Road, Sectir 65, Gurgaon",,point_of_interest|establishment,093129 39164,,"10, Maidawas Rd, Sector 65, Gurugram, Haryana 122102, India",5,6,OPERATIONAL,https://maps.google.com/?cid=5917416719706740691&g_mp=Cilnb29nbGUubWFwcy5wbGFjZXMudjEuUGxhY2VzLlNlYXJjaE5lYXJieRACGAQgAA,ChIJKfZrjwUjDTkR09cTnifjHlI
NS AutoHub,car_repair,car_repair|service|point_of_interest|establishment,091179 09555,,"Sector 64, Gurugram, Haryana 122101, India",5,49,OPERATIONAL,https://maps.google.com/?cid=5075972094631932826&g_mp=Cilnb29nbGUubWFwcy5wbGFjZXMudjEuUGxhY2VzLlNlYXJjaE5lYXJieRACGAQgAA,ChIJV-Rhp9kjDTkRmvNU9rl5cUY
SGR GROUP,general_contractor,general_contractor|service|point_of_interest|establishment,088512 48451,http://www.thesggroup.in/,"Unit No. 02 Ground Floor, Dharam Tower, Golf Course Ext Rd, Sector-64, The Close South, Sector 50, Gurugram, Haryana 122101, India",5,5,OPERATIONAL,https://maps.google.com/?cid=1510912092614564625&g_mp=Cilnb29nbGUubWFwcy5wbGFjZXMudjEuUGxhY2VzLlNlYXJjaE5lYXJieRACGAQgAA,ChIJcbjhnqEjDTkRERsiB4vW9xQ
Red Wheels - Car Repair Service | Car Mechanical Works | Denting | Painting | Car Breakdown,car_repair,car_repair|service|point_of_interest|establishment,087500 01794,https://autoshopworld.com/,"Ree Wheels, Four wheeler services near by Emar Tower, Medawas, Sector 64 Gurugram, Haryana 122001, Sector 64, Gurugram, Haryana 122101, India",5,4,OPERATIONAL,https://maps.google.com/?cid=674036377776861713&g_mp=Cilnb29nbGUubWFwcy5wbGFjZXMudjEuUGxhY2VzLlNlYXJjaE5lYXJieRACGAQgAA,ChIJC62MlXYjDTkREbIUr4OoWgk
BIRYANI QUEEN,restaurant,restaurant|food|point_of_interest|establishment,099105 34190,http://www.biryaniqueen.in/,"Shop# 9, GF, Dharam Tower, Medawas, Sector 64, Gurugram, Haryana 122102, India",4.2,6,OPERATIONAL,https://maps.google.com/?cid=8628748305131497871&g_mp=Cilnb29nbGUubWFwcy5wbGFjZXMudjEuUGxhY2VzLlNlYXJjaE5lYXJieRACGAQgAA,ChIJ6zPsSxAjDTkRj-mdz914v3c
Caross Detailing Studio | Gurgaon,car_repair,car_wash|auto_parts_store|car_repair|car_dealer|electronics_store|store|service|point_of_interest|establishment,089292 27077,https://caross.in/,"Shop No 8 & 9, Plot No 25/1/1/1, opposite Dharam Tower, Sector 65, Gurugram, Haryana 122101, India",4.9,159,OPERATIONAL,https://maps.google.com/?cid=4614375469651502656&g_mp=Cilnb29nbGUubWFwcy5wbGFjZXMudjEuUGxhY2VzLlNlYXJjaE5lYXJieRACGAQgAA,ChIJl4cVN4cjDTkRQKbaqAqOCUA
Monika Suryan,consultant,consultant|service|point_of_interest|establishment,099102 25703,,"Flat 105, County Homes, Medawas, Sector 64, Gurugram, Haryana 122018, India",,,OPERATIONAL,https://maps.google.com/?cid=6624739075108578640&g_mp=Cilnb29nbGUubWFwcy5wbGFjZXMudjEuUGxhY2VzLlNlYXJjaE5lYXJieRACGAQgAA,ChIJDe-t68EjDTkRUCV_5RbN71s
KTC (India) Ltd - Gurugram,car_rental,car_rental|service|point_of_interest|establishment,011 4258 8888,https://www.ktcindia.com/luxury-car-rental-gurugram.php,"Plot No.357/433, near Aipl Business Club, Medawas, Sector 64, Gurugram, Haryana 122101, India",4.5,62,OPERATIONAL,https://maps.google.com/?cid=13767845426779199689&g_mp=Cilnb29nbGUubWFwcy5wbGFjZXMudjEuUGxhY2VzLlNlYXJjaE5lYXJieRACGAQgAA,ChIJgVHsC8kjDTkRyRipcXg2Eb8
Tenex Automobiles,car_repair,car_repair|service|point_of_interest|establishment,078387 78384,https://autoshopworld.com/,"TENEX AUTOMOBILE, Maidawas Rd, VILL, Sector 64, Gurugram, Haryana 122101, India",4.5,190,OPERATIONAL,https://maps.google.com/?cid=3031781958772844182&g_mp=Cilnb29nbGUubWFwcy5wbGFjZXMudjEuUGxhY2VzLlNlYXJjaE5lYXJieRACGAQgAA,ChIJS_uu4PAjDTkRluYX4aANEyo
KIAS KING,association_or_organization,association_or_organization|point_of_interest|establishment,,,"93WH+WXP, Maidawas Rd, Sector 63, Gurugram, Haryana 122101, India",,,OPERATIONAL,https://maps.google.com/?cid=17319027561647543652&g_mp=Cilnb29nbGUubWFwcy5wbGFjZXMudjEuUGxhY2VzLlNlYXJjaE5lYXJieRACGAQgAA,ChIJf91DawAjDTkRZJUzo86LWfA
Rajat seth sahukar group,general_store,general_store|food_store|store|food|point_of_interest|establishment,093763 57165,,"Badshahpur, Sector 64, Gurugram, Haryana 122002, India",,,OPERATIONAL,https://maps.google.com/?cid=9355921828861006718&g_mp=Cilnb29nbGUubWFwcy5wbGFjZXMudjEuUGxhY2VzLlNlYXJjaE5lYXJieRACGAQgAA,ChIJozw8p24jDTkRflOVY1Xp1oE
Furry Ranch Private Limited,pet_boarding_service,pet_boarding_service|pet_care|point_of_interest|establishment,,,"93XH+CQW, Sector 64, Gurugram, Haryana 122101, India",4.5,12,OPERATIONAL,https://maps.google.com/?cid=15225681338797199620&g_mp=Cilnb29nbGUubWFwcy5wbGFjZXMudjEuUGxhY2VzLlNlYXJjaE5lYXJieRACGAQgAA,ChIJK6UGElUjDTkRBBFNLoJ8TNM
Dharam & sons,general_contractor,general_contractor|service|point_of_interest|establishment,092115 21888,https://dharamsons.com/,"Close to, DLF ARBOUR, Main, Maidawas Rd, Sector 64, Gurugram, Haryana 122102, India",3.7,3,OPERATIONAL,https://maps.google.com/?cid=4795570578829816436&g_mp=Cilnb29nbGUubWFwcy5wbGFjZXMudjEuUGxhY2VzLlNlYXJjaE5lYXJieRACGAQgAA,ChIJ-YPExoUjDTkRdDJ3jghKjUI
Elite Auto Detailing : Car Detailing | Car ppf | Ceramic Coating | Car Wrapping | Golf Course Extension Road,car_wash,car_wash|service|point_of_interest|establishment,093194 33455,,"Medawas, Sector 64, Gurugram, Haryana 122101, India",4.9,91,OPERATIONAL,https://maps.google.com/?cid=15139707626848086856&g_mp=Cilnb29nbGUubWFwcy5wbGFjZXMudjEuUGxhY2VzLlNlYXJjaE5lYXJieRACGAQgAA,ChIJRz0FNvgZDTkRSGuNfd8LG9I
Tripmover,transportation_service,transportation_service|point_of_interest|establishment,011 4306 0493,,"CF-034, First Floor, Promenade Square BAANI CITY CENTER, Road, opposite AIPL Business Club, Medawas, Sector 63, Gurugram, Haryana 122101, India",,,OPERATIONAL,https://maps.google.com/?cid=8631948330829398755&g_mp=Cilnb29nbGUubWFwcy5wbGFjZXMudjEuUGxhY2VzLlNlYXJjaE5lYXJieRACGAQgAA,ChIJ2Vjio0AiDTkR48Kc2kXXync
AstroU,astrologer,astrologer|point_of_interest|establishment,,https://m.facebook.com/100934245831384/,"EMAAR EMERALD ESTATE, Maidawas Rd, Sector 65, Gurugram, Haryana 122101, India",,,OPERATIONAL,https://maps.google.com/?cid=17096676916104191646&g_mp=Cilnb29nbGUubWFwcy5wbGFjZXMudjEuUGxhY2VzLlNlYXJjaE5lYXJieRACGAQgAA,ChIJ781fG5EjDTkRnt4CuBKZQ-0
Green Ro Services,supplier,supplier|point_of_interest|establishment,072066 15894,,"dada hari singh Market, Maidawas Rd, Sector 63, Gurugram, Haryana 122098, India",5,17,OPERATIONAL,https://maps.google.com/?cid=9299028235712539231&g_mp=Cilnb29nbGUubWFwcy5wbGFjZXMudjEuUGxhY2VzLlNlYXJjaE5lYXJieRACGAQgAA,ChIJxT-yxXkjDTkRXyr5eenIDIE
HDFC ERGO Insurance Agent: Balesh,insurance_agency,insurance_agency|health|service|point_of_interest|establishment,080 3768 1302,https://agent.hdfcergo.com/hdfc-ergo-insurance-agent-balesh-insurance-broker-maidawas-gurugram-443413/Home?utm_source=locator&utm_medium=googleplaces,"H No 53, Maidawas Rd, Sector 64, Gurugram, Haryana 122101, India",,,OPERATIONAL,https://maps.google.com/?cid=17424524681272372342&g_mp=Cilnb29nbGUubWFwcy5wbGFjZXMudjEuUGxhY2VzLlNlYXJjaE5lYXJieRACGAQgAA,ChIJmzSQ45IjDTkRdixE5-BY0PE
Manveer yadav crane service,,point_of_interest|establishment,087501 87570,https://www.instagram.com/manveer_yadav_crane_service,"Maidawas Rd, opp. aipl buisness tower, Sector 63a, Sector 64, Gurugram, Haryana 122101, India",5,4,OPERATIONAL,https://maps.google.com/?cid=12487988413184552251&g_mp=Cilnb29nbGUubWFwcy5wbGFjZXMudjEuUGxhY2VzLlNlYXJjaE5lYXJieRACGAQgAA,ChIJh8frPyIjDTkROy0PL0w_Tq0
arihaan travels,travel_agency,travel_agency|service|point_of_interest|establishment,099999 16458,http://arihaantravels.com/,"10th Floor, Paras Trinity, Maidawas Rd, Sector 63, Gurugram, Haryana 122101, India",5,1,CLOSED_TEMPORARILY,https://maps.google.com/?cid=17401106757096611193&g_mp=Cilnb29nbGUubWFwcy5wbGFjZXMudjEuUGxhY2VzLlNlYXJjaE5lYXJieRACGAQgAA,ChIJxS5goUAiDTkReZ1ki2YmffE
Surendra old furniture,furniture_store,furniture_store|home_improvement_store|home_goods_store|store|point_of_interest|establishment,,,"Shop no 3, Maidawas Rd, Medawas, Sector 64, Gurugram, Haryana 122101, India",,,CLOSED_TEMPORARILY,https://maps.google.com/?cid=16477845977299076323&g_mp=Cilnb29nbGUubWFwcy5wbGFjZXMudjEuUGxhY2VzLlNlYXJjaE5lYXJieRACGAQgAA,ChIJn1KNB-MjDTkR48SC7JwRreQ
"Dr. Kumar Gaurav MBBS, MD~General Physician",doctor,doctor|health|point_of_interest|establishment,,https://calendly.com/dr-kumargaurav1991/dr-kumar-gaurav,"M # 9821727803, Shop number 149,1st floor, paras Trinity, Sector 64, Gurugram, Haryana 122011, India",5,87,OPERATIONAL,https://maps.google.com/?cid=17377247997419729933&g_mp=Cilnb29nbGUubWFwcy5wbGFjZXMudjEuUGxhY2VzLlNlYXJjaE5lYXJieRACGAQgAA,ChIJp8J_cGMjDTkRDTQSLPxiKPE
DEDHA.PLACE,hindu_temple,hindu_temple|place_of_worship|association_or_organization|point_of_interest|establishment,,,"93XH+75G, Medawas, Sector 64, Gurugram, Haryana 122101, India",,,OPERATIONAL,https://maps.google.com/?cid=7361294420783649710&g_mp=Cilnb29nbGUubWFwcy5wbGFjZXMudjEuUGxhY2VzLlNlYXJjaE5lYXJieRACGAQgAA,ChIJTStiCQAjDTkRrtPfHUaSKGY
Rajmal Dedha Home,hindu_temple,hindu_temple|place_of_worship|association_or_organization|point_of_interest|establishment,,,"93XH+75G, Medawas, Sector 64, Gurugram, Haryana 122101, India",5,1,OPERATIONAL,https://maps.google.com/?cid=8155298634214551913&g_mp=Cilnb29nbGUubWFwcy5wbGFjZXMudjEuUGxhY2VzLlNlYXJjaE5lYXJieRACGAQgAA,ChIJA9WIcgAjDTkRaTGWMeZwLXE
Major Asharam Tyagi Chowk,general_contractor,general_contractor|transportation_service|service|point_of_interest|establishment,,,"93XJ+M4R, Maidawas Rd, Sector 64, Gurugram, Haryana 122101, India",5,2,OPERATIONAL,https://maps.google.com/?cid=1541938205282884828&g_mp=Cilnb29nbGUubWFwcy5wbGFjZXMudjEuUGxhY2VzLlNlYXJjaE5lYXJieRACGAQgAA,ChIJyTx3oVcjDTkR3Fx9z6AQZhU
The Arbour,apartment_building,apartment_building|service|point_of_interest|establishment,,https://www.dlf.in/homes/luxury/thearbour/,"Sector 63, Gurugram, Haryana 122098, India",,,OPERATIONAL,https://maps.google.com/?cid=1463169598744920389&g_mp=Cilnb29nbGUubWFwcy5wbGFjZXMudjEuUGxhY2VzLlNlYXJjaE5lYXJieRACGAQgAA,ChIJzU3t6KsjDTkRRYFXc_84ThQ
Classready Technologies Pvt Ltd,corporate_office,corporate_office|point_of_interest|establishment,,,"Times R F, 1104, Sector 63, Gurugram, Haryana 122098, India",5,1,OPERATIONAL,https://maps.google.com/?cid=17324428826110817088&g_mp=Cilnb29nbGUubWFwcy5wbGFjZXMudjEuUGxhY2VzLlNlYXJjaE5lYXJieRACGAQgAA,ChIJAQAAwDsiDTkRQHPfhDq8bPA
Jaibir Enterprise,association_or_organization,association_or_organization|point_of_interest|establishment,,,"Hari Singh Market, near DLF Arboor, Sector 63, Gurugram, Haryana 122098, India",5,3,CLOSED_TEMPORARILY,https://maps.google.com/?cid=11818465350606686943&g_mp=Cilnb29nbGUubWFwcy5wbGFjZXMudjEuUGxhY2VzLlNlYXJjaE5lYXJieRACGAQgAA,ChIJ1bdLEAAjDTkR34oslZ6fA6Q
DLF Arbour Senior Living | Sales Office,corporate_office,corporate_office|point_of_interest|establishment,08071 500 128,https://www.dlf.in/customer-Support,"Sector 63, Gurugram, Haryana 122098, India",4.5,108,OPERATIONAL,https://maps.google.com/?cid=13017607703840480278&g_mp=Cilnb29nbGUubWFwcy5wbGFjZXMudjEuUGxhY2VzLlNlYXJjaE5lYXJieRACGAQgAA,ChIJMYxIv3YjDTkRFtzMhDzVp7Q
Ahluwalia Contracts Project Site,general_contractor,general_contractor|service|point_of_interest|establishment,,,"93WM+JFX, Sector 63, Gurugram, Haryana 122098, India",4.8,6,OPERATIONAL,https://maps.google.com/?cid=18317801327756020043&g_mp=Cilnb29nbGUubWFwcy5wbGFjZXMudjEuUGxhY2VzLlNlYXJjaE5lYXJieRACGAQgAA,ChIJx2lmJwAjDTkRS4kTd0HnNf4
Pritam paints,building_materials_store,building_materials_store|home_goods_store|store|point_of_interest|establishment,,,"dada Hari Singh market, Maidawas Rd, Sector 63, Gurugram, Haryana 122098, India",,,CLOSED_TEMPORARILY,https://maps.google.com/?cid=10728739071757152970&g_mp=Cilnb29nbGUubWFwcy5wbGFjZXMudjEuUGxhY2VzLlNlYXJjaE5lYXJieRACGAQgAA,ChIJQRMNYngjDTkRynLwq1cj5JQ
Gallery by Gopal Singh & Sons,service,service|point_of_interest|establishment,099994 78476,https://www.instagram.com/gallery_by_gss?igsh=MTI4aGdjaXNibXZqdg==,"Shop no. 6, 7, Maidawas Rd, next to DLF ARBOUR, Sector-63A, Sector 63, Gurugram, Haryana 122098, India",3.3,41,OPERATIONAL,https://maps.google.com/?cid=8407112440563548832&g_mp=Cilnb29nbGUubWFwcy5wbGFjZXMudjEuUGxhY2VzLlNlYXJjaE5lYXJieRACGAQgAA,ChIJXQnQegcjDTkRoMKOzjgQrHQ
MB ANTIQUE FURNITURE,manufacturer,furniture_store|home_improvement_store|home_goods_store|wholesaler|supplier|store|manufacturer|service|point_of_interest|establishment,081782 47076,,"Shop no 3, dada harisingh market, Maidawas Rd, near bharat petrol pump, Sector-63A, Sector 63, Gurugram, Haryana 122098, India",4.9,27,OPERATIONAL,https://maps.google.com/?cid=16878076929012281739&g_mp=Cilnb29nbGUubWFwcy5wbGFjZXMudjEuUGxhY2VzLlNlYXJjaE5lYXJieRACGAQgAA,ChIJf1d-YTojDTkRizF-BYv5Ouo
OSR Support Services Pvt Ltd.,real_estate_agency,real_estate_agency|service|point_of_interest|establishment,,,"Shop 09, Baburam market, opp. DLf, Sector 63, Gurugram, Haryana 122098, India",,,CLOSED_TEMPORARILY,https://maps.google.com/?cid=7542354168841894192&g_mp=Cilnb29nbGUubWFwcy5wbGFjZXMudjEuUGxhY2VzLlNlYXJjaE5lYXJieRACGAQgAA,ChIJZQJDAD0jDTkRMPkBzCfTq2g
Dj’s speedcrafts,car_wash,car_wash|service|point_of_interest|establishment,,https://www.instagram.com/djs_speedcrafts04?igsh=eHd4a256OW13cGl5&utm_source=qr,"Shop no.20,21, hari singh market, Medawas, Sector 63, Gurugram, Haryana 122001, India",5,1,OPERATIONAL,https://maps.google.com/?cid=2938139167547740210&g_mp=Cilnb29nbGUubWFwcy5wbGFjZXMudjEuUGxhY2VzLlNlYXJjaE5lYXJieRACGAQgAA,ChIJJT37nLIjDTkRMlBYhgFexig
SHIVAM INTERIORS,service,service|point_of_interest|establishment,099583 36378,,"Shop number 8, Dada, hari singh market, Maidawas Rd, near by IPL welding, Sector 63, Gurugram, Haryana 122102, India",5,6,OPERATIONAL,https://maps.google.com/?cid=15942874615279897285&g_mp=Cilnb29nbGUubWFwcy5wbGFjZXMudjEuUGxhY2VzLlNlYXJjaE5lYXJieRACGAQgAA,ChIJ9323SYsjDTkRxcpZXv53QN0
Dityan Services Private Limited,,point_of_interest|establishment,098997 03013,,"S.No-22-23, hari singh market, Maidawas Rd, Sector 63, Gurugram, Haryana 122002, India",5,4,OPERATIONAL,https://maps.google.com/?cid=9026587715443110993&g_mp=Cilnb29nbGUubWFwcy5wbGFjZXMudjEuUGxhY2VzLlNlYXJjaE5lYXJieRACGAQgAA,ChIJmfof4rojDTkRUTTkyLPhRH0
Resty Besty Glass Changer,car_repair,car_repair|service|point_of_interest|establishment,099912 34808,,"Shop no. 03 , Dada, hari singh market, Road, Medawas, Sector 63, Gurugram, Haryana 122102, India",4.8,4,OPERATIONAL,https://maps.google.com/?cid=4908260072463928843&g_mp=Cilnb29nbGUubWFwcy5wbGFjZXMudjEuUGxhY2VzLlNlYXJjaE5lYXJieRACGAQgAA,ChIJD8qmvwAjDTkRCw5y5IekHUQ
Shree Balaji Automobiles,car_repair,car_repair|service|point_of_interest|establishment,,,"93XJ+PQ9, Sector 63, Gurugram, Haryana 122098, India",5,1,OPERATIONAL,https://maps.google.com/?cid=8275458609799650031&g_mp=Cilnb29nbGUubWFwcy5wbGFjZXMudjEuUGxhY2VzLlNlYXJjaE5lYXJieRACGAQgAA,ChIJIQ9hTwAjDTkR71qOpsJV2HI
Vivi Decors,car_repair,car_repair|home_improvement_store|home_goods_store|store|service|point_of_interest|establishment,092665 56337,https://www.vividecors.com/sector-63-gurugram/,"Shop No. 3, Dada Hari Singh Market, Maidawas Rd, near AIPL Business Club, Sector 63, Gurugram, Haryana 122101, India",5,9,OPERATIONAL,https://maps.google.com/?cid=1447136601397427716&g_mp=Cilnb29nbGUubWFwcy5wbGFjZXMudjEuUGxhY2VzLlNlYXJjaE5lYXJieRACGAQgAA,ChIJMWfjY_ojDTkRBH7CWxJDFRQ
Sanowar glass & aluminium,building_materials_store,building_materials_store|store|point_of_interest|establishment,099905 80764,,"Dada hari singh market, maidawas road, park, near Aipl Business Club, Sector 63, Gurugram, Haryana 122098, India",5,11,OPERATIONAL,https://maps.google.com/?cid=1106926511483072453&g_mp=Cilnb29nbGUubWFwcy5wbGFjZXMudjEuUGxhY2VzLlNlYXJjaE5lYXJieRACGAQgAA,ChIJt3tq7H8jDTkRxS9pJcyXXA8
DLF Arbour Senior Citizen Wing | Sales Office,general_contractor,general_contractor|service|point_of_interest|establishment,,https://dlfarbour.in/,"Sector 63, Gurugram, Haryana 122098, India",5,1,OPERATIONAL,https://maps.google.com/?cid=4645551404987050067&g_mp=Cilnb29nbGUubWFwcy5wbGFjZXMudjEuUGxhY2VzLlNlYXJjaE5lYXJieRACGAQgAA,ChIJ-Wv0ViMjDTkRU-gRwGNQeEA
Shai electrical,service,store|service|point_of_interest|establishment,,,"93XJ+QXC, Maidawas Rd, Sector 63, Gurugram, Delhi 122098, India",,,CLOSED_TEMPORARILY,https://maps.google.com/?cid=13390111794661824781&g_mp=Cilnb29nbGUubWFwcy5wbGFjZXMudjEuUGxhY2VzLlNlYXJjaE5lYXJieRACGAQgAA,ChIJhdOC3z4iDTkRDRmWv7s707k
auto car studio accessories shop,store,car_repair|store|service|point_of_interest|establishment,,,"shop no 8, hari singh market, Maidawas Rd, Sector 63, Gurugram, Haryana 122001, India",5,9,OPERATIONAL,https://maps.google.com/?cid=16844454086297654969&g_mp=Cilnb29nbGUubWFwcy5wbGFjZXMudjEuUGxhY2VzLlNlYXJjaE5lYXJieRACGAQgAA,ChIJHdmMUAAjDTkRuRYm6b6Fw-k
BALAJI BATTERY HUB,,auto_parts_store|car_repair|wholesaler|store|service|point_of_interest|establishment,099999 16274,https://balajibatteries.in/,"Shop no 7, Maidawas Rd, near Aipl Business Club, Sector 63, Gurugram, Haryana 122098, India",5,3,OPERATIONAL,https://maps.google.com/?cid=12651120905116109573&g_mp=Cilnb29nbGUubWFwcy5wbGFjZXMudjEuUGxhY2VzLlNlYXJjaE5lYXJieRACGAQgAA,ChIJ3S_0fPMjDTkRBcv2R2_Pka8
"mTPHOTOGRAPHY by TRIBHUVAN SETHI -Kids, Maternity &Weddings",service,service|point_of_interest|establishment,099900 00189,https://www.instagram.com/mtphotographyandfilms?igsh=MW05azg0cHRxbDNkdA%3D%3D&utm_source=qr,"B Tower 502, EMAAR MGF THE PALM DRIVE, Badshahpur, Sector 66, Gurugram, Haryana 122101, India",4.9,67,OPERATIONAL,https://maps.google.com/?cid=2862685517006475090&g_mp=Cilnb29nbGUubWFwcy5wbGFjZXMudjEuUGxhY2VzLlNlYXJjaE5lYXJieRACGAQgAA,ChIJ3cuBFHcYDTkRUo_TgE9Nuic
AMOD,store,store|point_of_interest|establishment,,,"A/21, Badshahpur, Sector 66, Gurugram, Haryana 122101, India",,,OPERATIONAL,https://maps.google.com/?cid=2576942916834071958&g_mp=Cilnb29nbGUubWFwcy5wbGFjZXMudjEuUGxhY2VzLlNlYXJjaE5lYXJieRACGAQgAA,ChIJrTCuEwAjDTkRlpVa_O0jwyM
Srishti and Brian's Home,apartment_building,apartment_building|service|point_of_interest|establishment,,,"C322+G6J, Palm Dr, Badshahpur, Sector 66, Gurugram, Haryana 122101, India",,,OPERATIONAL,https://maps.google.com/?cid=8673104461182543621&g_mp=Cilnb29nbGUubWFwcy5wbGFjZXMudjEuUGxhY2VzLlNlYXJjaE5lYXJieRACGAQgAA,ChIJl6OcawAjDTkRBSekLI4OXXg
AlpanaSheel,apartment_building,apartment_building|service|point_of_interest|establishment,,,"C322+H6F, Palm Dr, Badshahpur, Sector 66, Gurugram, Haryana 122101, India",,,OPERATIONAL,https://maps.google.com/?cid=944943304503366716&g_mp=Cilnb29nbGUubWFwcy5wbGFjZXMudjEuUGxhY2VzLlNlYXJjaE5lYXJieRACGAQgAA,ChIJR5RTMAAjDTkRPJTOze0cHQ0
LEGACY DEALS,general_contractor,general_contractor|real_estate_agency|consultant|finance|service|point_of_interest|establishment,,https://www.instagram.com/legacydeals_?igsh=ZXF0M285dWF1eG10,"Golf Course Ext Rd, Badshahpur, Sector 66, Gurugram, Haryana 122101, India",,,CLOSED_TEMPORARILY,https://maps.google.com/?cid=2456001266332358660&g_mp=Cilnb29nbGUubWFwcy5wbGFjZXMudjEuUGxhY2VzLlNlYXJjaE5lYXJieRACGAQgAA,ChIJj-m5HOojDTkRBFimpyN4FSI
"Jsb Bajaj, Sector 38, Gurugram",store,store|point_of_interest|establishment,088799 87829,,"khasra 407, Ground Floor, mc Complex, Village Islampur Sector-38, Badshahpur Sohna Rd, Badshahpur, Sector 66, Gurugram, Haryana 122018, India",5,4,OPERATIONAL,https://maps.google.com/?cid=15274248161383281969&g_mp=Cilnb29nbGUubWFwcy5wbGFjZXMudjEuUGxhY2VzLlNlYXJjaE5lYXJieRACGAQgAA,ChIJZQicfR0jDTkRMfVpvsYH-dM
S3 Palm Drive,apartment_building,apartment_building|service|point_of_interest|establishment,,,"Tower-S3, EMAAR MGF THE PALM DRIVE, Badshahpur, Sector 66, Gurugram, Haryana 122101, India",5,1,OPERATIONAL,https://maps.google.com/?cid=10150781443318779496&g_mp=Cilnb29nbGUubWFwcy5wbGFjZXMudjEuUGxhY2VzLlNlYXJjaE5lYXJieRACGAQgAA,ChIJKU0HAgAjDTkRaI6kCfHR3ow
AMINUR,apartment_building,apartment_building|service|point_of_interest|establishment,,,"Tower-S1c, EMAAR MGF THE PALM DRIVE, Palm Dr, Badshahpur, Sector 66, Gurugram, Haryana 122101, India",,,OPERATIONAL,https://maps.google.com/?cid=16809454197205330005&g_mp=Cilnb29nbGUubWFwcy5wbGFjZXMudjEuUGxhY2VzLlNlYXJjaE5lYXJieRACGAQgAA,ChIJlfDxMgAjDTkRVWifNIgtR-k
"Tower-S4, EMAAR MGF THE PALM DRIVE, Badshahpur, Sector 66, Gurgaon",apartment_building,apartment_building|service|point_of_interest|establishment,,,"Emaar Mgf The Palm Drive Tower-S4, EMAAR MGF THE PALM DRIVE, Badshahpur, Sector 66, Gurugram, Haryana 122101, India",5,2,OPERATIONAL,https://maps.google.com/?cid=6737789892390784998&g_mp=Cilnb29nbGUubWFwcy5wbGFjZXMudjEuUGxhY2VzLlNlYXJjaE5lYXJieRACGAQgAA,ChIJIRV7VgAjDTkR5o8rczVwgV0
Röhlig Logistics,,point_of_interest|establishment,0124 289 3000,https://www.rohlig.com/offices/asia/india?utm_source=uberall&utm_medium=profile,"Emaar Mgf The Palm Drive Vatika Professional Point, Golf Course Ext Rd, Badshahpur, Sector 66, Gurugram, Haryana 122002, India",,,OPERATIONAL,https://maps.google.com/?cid=6608447332450895379&g_mp=Cilnb29nbGUubWFwcy5wbGFjZXMudjEuUGxhY2VzLlNlYXJjaE5lYXJieRACGAQgAA,ChIJLSXkl0EjDTkREwad99XrtVs
Cloudone Systems Pvt Ltd,corporate_office,corporate_office|point_of_interest|establishment,,https://cloudonesystem.com/,"4th, Emaar Mgf The Palm Drive Vatika Professional Point, 401, Golf Course Ext Rd, Badshahpur, Sector 66, Gurugram, Haryana 122101, India",5,1,OPERATIONAL,https://maps.google.com/?cid=8768666829652784758&g_mp=Cilnb29nbGUubWFwcy5wbGFjZXMudjEuUGxhY2VzLlNlYXJjaE5lYXJieRACGAQgAA,ChIJWcjdlwQjDTkRdnY07wWQsHk
Jasbaa From Biryani By Kilo,catering_service,catering_service|corporate_office|food_delivery|service|food|point_of_interest|establishment,,,"8th Level, Emaar Mgf The Palm Drive Vatika Professional Point, Badshahpur, Sector 66, Gurugram, Haryana 122101, India",4.2,10,OPERATIONAL,https://maps.google.com/?cid=13369194814398866182&g_mp=Cilnb29nbGUubWFwcy5wbGFjZXMudjEuUGxhY2VzLlNlYXJjaE5lYXJieRACGAQgAA,ChIJkZFfCYQjDTkRBiM9xdnriLk
ADM Agro Industries India Private Limited,corporate_office,corporate_office|point_of_interest|establishment,0124 493 7800,http://www.adm.com/,"Vatika Professional Point, Golf Course Ext Rd, Badshahpur, Sector 66, Gurugram, Haryana 122101, India",4.3,6,OPERATIONAL,https://maps.google.com/?cid=4245562239452342138&g_mp=Cilnb29nbGUubWFwcy5wbGFjZXMudjEuUGxhY2VzLlNlYXJjaE5lYXJieRACGAQgAA,ChIJSclvODL9DDkRemde4lxE6zo
Groz-Beckert Asia Pvt Ltd,corporate_office,corporate_office|point_of_interest|establishment,0124 472 1800,,"Emaar Mgf The Palm Drive Vatika Professional Point, 2nd, Golf Course Ext Rd, Badshahpur, Sector 66, Gurugram, Haryana 122002, India",4.5,13,OPERATIONAL,https://maps.google.com/?cid=15786977387934019601&g_mp=Cilnb29nbGUubWFwcy5wbGFjZXMudjEuUGxhY2VzLlNlYXJjaE5lYXJieRACGAQgAA,ChIJ_cZrdDc8DTkREXDulEqcFts
Asort,,point_of_interest|establishment,0124 411 3302,http://www.asort.com/,"Unit No. 901 – 906, 9th Floor Vatika Professional Point, Golf Course Ext Rd, Badshahpur, Sector 66, Gurugram, Haryana 122101, India",4.8,365,OPERATIONAL,https://maps.google.com/?cid=1899568374921789573&g_mp=Cilnb29nbGUubWFwcy5wbGFjZXMudjEuUGxhY2VzLlNlYXJjaE5lYXJieRACGAQgAA,ChIJMcNbTT8jDTkRhYDHZV-fXBo
PharmSight Research & Analytics Pvt Ltd,consultant,consultant|service|point_of_interest|establishment,,http://www.pharmsight.com/,"Vatika Professional Point, Golf Course Ext Rd, Badshahpur, Sector 66, Gurugram, Haryana 122101, India",4,8,OPERATIONAL,https://maps.google.com/?cid=75920307273801934&g_mp=Cilnb29nbGUubWFwcy5wbGFjZXMudjEuUGxhY2VzLlNlYXJjaE5lYXJieRACGAQgAA,ChIJBTZ6YAAjDTkRziBLAh65DQE
KAINOS AVIATION,corporate_office,corporate_office|point_of_interest|establishment,,,"805,8th Floor, Vatika Professional Point, Badshahpur, Sector 66, Gurugram, Haryana 122101, India",5,5,OPERATIONAL,https://maps.google.com/?cid=17166514974133658041&g_mp=Cilnb29nbGUubWFwcy5wbGFjZXMudjEuUGxhY2VzLlNlYXJjaE5lYXJieRACGAQgAA,ChIJHW269iIjDTkRuSGpuGq2O-4
Quo Vadis Travel,travel_agency,travel_agency|tour_agency|service|point_of_interest|establishment,098104 25252,http://www.quovadisindia.com/?utm_source=google&utm_medium=wix_google_business_profile&utm_campaign=6107596812006943411,"1101, Vatika Professional Point, Golf Course Ext Rd, Badshahpur, Sector 66, Gurugram, Haryana 122101, India",4.8,29,OPERATIONAL,https://maps.google.com/?cid=16795377796968469044&g_mp=Cilnb29nbGUubWFwcy5wbGFjZXMudjEuUGxhY2VzLlNlYXJjaE5lYXJieRACGAQgAA,ChIJ-8t9L_khDTkRNNLJ4B4rFek
Travel & Destinations,travel_agency,travel_agency|service|point_of_interest|establishment,0124 485 4800,https://tnd-core.com/,"10th Floor, Unit 8, Emaar Palm Square, Sector 66, Gurugram, Haryana 122101, India",4.7,13,OPERATIONAL,https://maps.google.com/?cid=12886441614653843782&g_mp=Cilnb29nbGUubWFwcy5wbGFjZXMudjEuUGxhY2VzLlNlYXJjaE5lYXJieRACGAQgAA,ChIJ_yzwjteRAmARRulAjF_W1bI
Dilo India Pvt Ltd,corporate_office,corporate_office|point_of_interest|establishment,,http://www.dilo.de/,"Vatika Professional Point, Badshahpur, Sector 66, Gurugram, Haryana 122101, India",,,OPERATIONAL,https://maps.google.com/?cid=15873433103644506479&g_mp=Cilnb29nbGUubWFwcy5wbGFjZXMudjEuUGxhY2VzLlNlYXJjaE5lYXJieRACGAQgAA,ChIJVaf_9KAjDTkRbzmohE7DSdw
GROWTH NARRATIVE LLP,,point_of_interest|establishment,072768 03700,http://thegrowthnarrative.com/,"G601, Palm Dr, Badshahpur, Sector 66, Gurugram, Haryana 122101, India",,,OPERATIONAL,https://maps.google.com/?cid=10545490771292113277&g_mp=Cilnb29nbGUubWFwcy5wbGFjZXMudjEuUGxhY2VzLlNlYXJjaE5lYXJieRACGAQgAA,ChIJH5vhT4siDTkRfckG7fsbWZI
Eastman Dealer - Cool Home,,wholesaler|supplier|point_of_interest|service|establishment,098118 82276,https://eastmanbattery.in/,"Shop No 2, Teekli Road, Badshahpur, Sector 66, Gurugram, Haryana 122101, India",,,OPERATIONAL,https://maps.google.com/?cid=7630410098844082056&g_mp=Cilnb29nbGUubWFwcy5wbGFjZXMudjEuUGxhY2VzLlNlYXJjaE5lYXJieRACGAQgAA,ChIJ-cKQ-QkjDTkRiJ8nqI6p5Gk
Mahima Setia's Health and nutrition consultancy,consultant,medical_clinic|health|consultant|point_of_interest|service|establishment,074287 87125,http://www.mahimasetia.com/,"TOWER-G, EMAAR MGF THE PALM DRIVE, Palm Dr, Badshahpur, Sector 66, Gurugram, Haryana 122101, India",5,35,OPERATIONAL,https://maps.google.com/?cid=14836578020940931710&g_mp=Cilnb29nbGUubWFwcy5wbGFjZXMudjEuUGxhY2VzLlNlYXJjaE5lYXJieRACGAQgAA,ChIJN7ZUYKMTrjsRfmKNPBod5s0
Maison Arandano,clothing_store,clothing_store|store|point_of_interest|establishment,099101 73009,https://maisonarandano.com/,"Palm Dr Rd, Badshahpur, Sector 66, Gurugram, Haryana 122018, India",5,3,OPERATIONAL,https://maps.google.com/?cid=15838764118595577134&g_mp=Cilnb29nbGUubWFwcy5wbGFjZXMudjEuUGxhY2VzLlNlYXJjaE5lYXJieRACGAQgAA,ChIJ21CCFCgjDTkRLqUXagyYzts
Stallion Battery Point,,auto_parts_store|car_repair|store|point_of_interest|service|establishment,086071 28471,https://stallionbattery.in/,"EMAAR MGF THE PALM DRIVE, G-804, Palm Dr, Badshahpur, Sector 66, Gurugram, Haryana 122101, India",,,OPERATIONAL,https://maps.google.com/?cid=17808344466935063660&g_mp=Cilnb29nbGUubWFwcy5wbGFjZXMudjEuUGxhY2VzLlNlYXJjaE5lYXJieRACGAQgAA,ChIJu3zoQJojDTkRbCR1pfDyI_c
"The Palm Drive, Tower F",apartment_building,apartment_building|point_of_interest|service|establishment,,,"C323+5FM, Palm Terraces Rd, Badshahpur, Sector 66, Gurugram, Haryana 122101, India",4.9,7,OPERATIONAL,https://maps.google.com/?cid=14039438793274323789&g_mp=Cilnb29nbGUubWFwcy5wbGFjZXMudjEuUGxhY2VzLlNlYXJjaE5lYXJieRACGAQgAA,ChIJ2RJR3t4jDTkRTXP0xjIb1sI
Batra’s home E401,association_or_organization,association_or_organization|point_of_interest|service|establishment,,,"Tower-E, EMAAR MGF THE PALM DRIVE, Badshahpur, Sector 66, Gurugram, Haryana 122101, India",,,OPERATIONAL,https://maps.google.com/?cid=16363666774678200477&g_mp=Cilnb29nbGUubWFwcy5wbGFjZXMudjEuUGxhY2VzLlNlYXJjaE5lYXJieRACGAQgAA,ChIJtXGeCQAjDTkRnWCOrztsF-M
Rujhan’s home,apartment_building,apartment_building|point_of_interest|service|establishment,,,"C323+FCP, Palm Dr, Badshahpur, Sector 66, Gurugram, Haryana 122101, India",,,OPERATIONAL,https://maps.google.com/?cid=17616983179615572557&g_mp=Cilnb29nbGUubWFwcy5wbGFjZXMudjEuUGxhY2VzLlNlYXJjaE5lYXJieRACGAQgAA,ChIJI9HZKgAjDTkRTZIE89wYfPQ
Vipin kumar,employment_agency,employment_agency|point_of_interest|service|establishment,,,"C323+G8C, Badshahpur, Sector 66, Gurugram, Haryana 122101, India",5,1,OPERATIONAL,https://maps.google.com/?cid=4281849669178902247&g_mp=Cilnb29nbGUubWFwcy5wbGFjZXMudjEuUGxhY2VzLlNlYXJjaE5lYXJieRACGAQgAA,ChIJFRLzTAAjDTkR50YIgZYvbDs
"The Palm Drive, Tower H",apartment_building,apartment_building|point_of_interest|service|establishment,,,"EMAAR MGF THE PALM DRIVE, Badshahpur, Sector 66, Gurugram, Haryana 122101, India",4,4,OPERATIONAL,https://maps.google.com/?cid=10736198144069644896&g_mp=Cilnb29nbGUubWFwcy5wbGFjZXMudjEuUGxhY2VzLlNlYXJjaE5lYXJieRACGAQgAA,ChIJpaY4d0AjDTkRYLJ6R1Sj_pQ
"H 4089, Ansal Versalia",apartment_building,apartment_building|point_of_interest|service|establishment,,,"H 4089, Badshahpur, Sector 67A, Gurugram, Haryana 122101, India",,,OPERATIONAL,https://maps.google.com/?cid=7739110491984875757&g_mp=Cilnb29nbGUubWFwcy5wbGFjZXMudjEuUGxhY2VzLlNlYXJjaE5lYXJieRACGAQgAA,ChIJI0dEGwAjDTkR7dBBKP3XZms
Boses Residence,apartment_building,apartment_building|point_of_interest|service|establishment,,,"Tower-S19, EMAAR MGF THE PALM DRIVE, S19, Badshahpur, Sector 66, Gurugram, Haryana 122101, India",,,OPERATIONAL,https://maps.google.com/?cid=17342246381791634358&g_mp=Cilnb29nbGUubWFwcy5wbGFjZXMudjEuUGxhY2VzLlNlYXJjaE5lYXJieRACGAQgAA,ChIJddgcMwcjDTkRtmP-eTMJrPA
HYSYS,manufacturer,point_of_interest|manufacturer|establishment,095600 12140,https://hysysav.com/,"Emaar, Gate, 07, The Palm Drive, Badshahpur, Sector 66, Gurugram, Haryana 122101, India",,,CLOSED_TEMPORARILY,https://maps.google.com/?cid=10303783893506775273&g_mp=Cilnb29nbGUubWFwcy5wbGFjZXMudjEuUGxhY2VzLlNlYXJjaE5lYXJieRACGAQgAA,ChIJ55FLOzQraE0R6djc_ttk_o4
"Tower S 19, Emaar Palm Drive",apartment_building,apartment_building|point_of_interest|service|establishment,,,"Tower-S19, EMAAR MGF THE PALM DRIVE, S19, Badshahpur, Sector 66, Gurugram, Haryana 122101, India",,,OPERATIONAL,https://maps.google.com/?cid=17024788420204405203&g_mp=Cilnb29nbGUubWFwcy5wbGFjZXMudjEuUGxhY2VzLlNlYXJjaE5lYXJieRACGAQgAA,ChIJM5JdQPAjDTkR06F38t0yROw
Impressions,preschool,preschool|child_care_agency|school|educational_institution|point_of_interest|service|establishment,097735 75444,https://impressionsschools.com/pre-school-daycare-palm-drive-sector-66.php,"Emaar, Gate-7, EMAAR MGF THE PALM DRIVE, Badshahpur, Sector 66, Gurugram, Haryana 122018, India",5,18,OPERATIONAL,https://maps.google.com/?cid=8896113012114914551&g_mp=Cilnb29nbGUubWFwcy5wbGFjZXMudjEuUGxhY2VzLlNlYXJjaE5lYXJieRACGAQgAA,ChIJR5qg4wMjDTkR9_zWoKZXdXs
"Fruits 365, EMAAR PALM DRIVE",grocery_store,grocery_store|market|food_store|store|food|point_of_interest|establishment,095604 09974,https://www.fruits365.shop/,"Shop No. 24, Palm Dr Rd, Badshahpur, Sector 66, Gurugram, Haryana 122101, India",3.6,5,OPERATIONAL,https://maps.google.com/?cid=17873437147527984255&g_mp=Cilnb29nbGUubWFwcy5wbGFjZXMudjEuUGxhY2VzLlNlYXJjaE5lYXJieRACGAQgAA,ChIJ8YbwecYjDTkRfzStXWM0C_g
Daily needs discount store,food_delivery,food_delivery|food|point_of_interest|establishment,,,"Shop no 1, 2-3-4, Emaar Palm Dr, Badshahpur, Sector 66, Gurugram, Haryana 122101, India",5,1,OPERATIONAL,https://maps.google.com/?cid=8979928146439631802&g_mp=Cilnb29nbGUubWFwcy5wbGFjZXMudjEuUGxhY2VzLlNlYXJjaE5lYXJieRACGAQgAA,ChIJe50KdKMjDTkRuvMQTRIdn3w
PATHAKS D1601,apartment_building,apartment_building|point_of_interest|service|establishment,,,"D1601, Palm Dr Rd, Badshahpur, Sector 66, Gurugram, Haryana 122101, India",,,OPERATIONAL,https://maps.google.com/?cid=11943302577669486879&g_mp=Cilnb29nbGUubWFwcy5wbGFjZXMudjEuUGxhY2VzLlNlYXJjaE5lYXJieRACGAQgAA,ChIJ5-RkeX8jDTkRHzn_gmoiv6U
Aurelia Hospitality by Big Bear Foods,,point_of_interest|establishment,,,"CLub 1, Palm Dr Rd, Badshahpur, Sector 66, Gurugram, Haryana 122102, India",5,29,OPERATIONAL,https://maps.google.com/?cid=12677359181108092223&g_mp=Cilnb29nbGUubWFwcy5wbGFjZXMudjEuUGxhY2VzLlNlYXJjaE5lYXJieRACGAQgAA,ChIJubXCT0QjDTkRPx389wEH768
md irshad,food,food|point_of_interest|service|establishment,,,"93X3+WFW, Badshahpur, Sector 66, Gurugram, Haryana 122101, India",3.7,3,OPERATIONAL,https://maps.google.com/?cid=13142194568417755061&g_mp=Cilnb29nbGUubWFwcy5wbGFjZXMudjEuUGxhY2VzLlNlYXJjaE5lYXJieRACGAQgAA,ChIJeVTyKgAjDTkRtb-bY1R0YrY
GoMechanic Luxe,car_repair,car_repair|service|point_of_interest|establishment,083989 70970,https://srd1.onelink.me/7EYj/GMB,"Badshahpur, Sector 66, Gurugram, Haryana 122101, India",4.3,6,OPERATIONAL,https://maps.google.com/?cid=7311946984401672078&g_mp=Cilnb29nbGUubWFwcy5wbGFjZXMudjEuUGxhY2VzLlNlYXJjaE5lYXJieRACGAQgAA,ChIJvcZYpiUjDTkRjhfAvQpBeWU
girraj kiran store,home_goods_store,home_goods_store|store|point_of_interest|establishment,096504 94604,,"A/2, Badshahpur, Sector 66, Gurugram, Haryana 122101, India",3.5,4,OPERATIONAL,https://maps.google.com/?cid=4672700838615003100&g_mp=Cilnb29nbGUubWFwcy5wbGFjZXMudjEuUGxhY2VzLlNlYXJjaE5lYXJieRACGAQgAA,ChIJCW-m_18iDTkR3C9R26fE2EA
Shiv Pooja Anushthan kendra,,point_of_interest|establishment,,,"Behind Emaar palm Terraces Select, near shani mandir, Badshahpur, Sector 66, Gurugram, Haryana 122101, India",,,OPERATIONAL,https://maps.google.com/?cid=16727024192793059599&g_mp=Cilnb29nbGUubWFwcy5wbGFjZXMudjEuUGxhY2VzLlNlYXJjaE5lYXJieRACGAQgAA,ChIJ0fCrnqwjDTkRD6HLOOFTIug
Raj Documents Badshahpur,place_of_worship,place_of_worship|association_or_organization|point_of_interest|establishment,080059 99300,,"C324+89, Badshahpur, Sector 66, Gurugram, Haryana 122101, India",5,1,OPERATIONAL,https://maps.google.com/?cid=6973820857031785748&g_mp=Cilnb29nbGUubWFwcy5wbGFjZXMudjEuUGxhY2VzLlNlYXJjaE5lYXJieRACGAQgAA,ChIJ1UkWCfIjDTkRFP2W3h79x2A
Dr. Vikas sani mandir samim,medical_clinic,medical_clinic|health|point_of_interest|establishment,,,"C324+GGH, Badshahpur, Sector 66, Gurugram, Haryana 122101, India",5,2,OPERATIONAL,https://maps.google.com/?cid=4629298201588376948&g_mp=Cilnb29nbGUubWFwcy5wbGFjZXMudjEuUGxhY2VzLlNlYXJjaE5lYXJieRACGAQgAA,ChIJ198HBgAjDTkRdKUH8S-SPkA
Giriraj Gernal Store,general_store,general_store|food_store|store|food|point_of_interest|establishment,098736 13938,,"Giriraj Gernal Store, near Sani Dev Mandir, Badshahpur, Sector 66, Gurugram, Haryana 122101, India",,,OPERATIONAL,https://maps.google.com/?cid=18239952901146447392&g_mp=Cilnb29nbGUubWFwcy5wbGFjZXMudjEuUGxhY2VzLlNlYXJjaE5lYXJieRACGAQgAA,ChIJO4yOmyEjDTkRII6wMIZUIf0
Prateek Communication,,point_of_interest|establishment,098732 34044,,"shop No 02, Badshahpur, Sector 66, Gurugram, Haryana 122101, India",,,CLOSED_TEMPORARILY,https://maps.google.com/?cid=8690549499711895573&g_mp=Cilnb29nbGUubWFwcy5wbGFjZXMudjEuUGxhY2VzLlNlYXJjaE5lYXJieRACGAQgAA,ChIJr14EIJUjDTkRFbhGubkIm3g
Shiv Kumar Bartan Stores,grocery_store,grocery_store|food_store|store|food|point_of_interest|establishment,070828 54763,,"Sani Mandir, Badshahpur, Sector 66, Gurugram, Haryana 122101, India",,,OPERATIONAL,https://maps.google.com/?cid=6297562665317475416&g_mp=Cilnb29nbGUubWFwcy5wbGFjZXMudjEuUGxhY2VzLlNlYXJjaE5lYXJieRACGAQgAA,ChIJ56HUXggjDTkRWKQC0eBvZVc
Poddar Communication,store,store|point_of_interest|establishment,088027 12893,,"Shop no 1Badshahpur, Badshahpur, Sector 66, Gurugram, Haryana 122101, India",4.5,11,OPERATIONAL,https://maps.google.com/?cid=11490173730891709082&g_mp=Cilnb29nbGUubWFwcy5wbGFjZXMudjEuUGxhY2VzLlNlYXJjaE5lYXJieRACGAQgAA,ChIJrSNWVPUiDTkRmjpTdSFMdZ8
DTDC DHL Express Worldwide Booking Counter,courier_service,courier_service|shipping_service|service|point_of_interest|establishment,098716 20193,,"Shop no 4 GF, near IFC SOCIAL, behind Emaar Palm Terraces Select, SOCIETY, Sector 66, Gurugram, Haryana 122018, India",4.8,150,OPERATIONAL,https://maps.google.com/?cid=13271532401115715293&g_mp=Cilnb29nbGUubWFwcy5wbGFjZXMudjEuUGxhY2VzLlNlYXJjaE5lYXJieRACGAQgAA,ChIJJbWCIbgjDTkR3daWOWf0Lbg
Khalnayak house,housing_complex,housing_complex|service|point_of_interest|establishment,,,"C324+MJ9, Badshahpur, Sector 66, Gurugram, Haryana 122101, India",5,2,OPERATIONAL,https://maps.google.com/?cid=9357708908636075283&g_mp=Cilnb29nbGUubWFwcy5wbGFjZXMudjEuUGxhY2VzLlNlYXJjaE5lYXJieRACGAQgAA,ChIJIWJNsw0jDTkRE_XCUqxC3YE
Dtdc Courier Booking,courier_service,courier_service|shipping_service|service|point_of_interest|establishment,074284 93146,,"Shop No -5, Vatica Business Park Vatica Chowk, Sohna - Gurgaon Rd, Badshahpur, Sector 66, Gurugram, Haryana 122018, India",4.9,779,OPERATIONAL,https://maps.google.com/?cid=7672170037349831838&g_mp=Cilnb29nbGUubWFwcy5wbGFjZXMudjEuUGxhY2VzLlNlYXJjaE5lYXJieRACGAQgAA,ChIJTwDTE7gjDTkRntShBAAGeWo
Land hawk real estate & consultancy & Deed Documents writers,service,real_estate_agency|lawyer|consultant|local_government_office|government_office|finance|service|association_or_organization|point_of_interest|establishment,096508 43992,,"NEAR BADSHAHPUR TEHSIL, NEW, Badshahpur, Sector 66, Gurugram, Haryana 122101, India",5,33,OPERATIONAL,https://maps.google.com/?cid=14161848253932925618&g_mp=Cilnb29nbGUubWFwcy5wbGFjZXMudjEuUGxhY2VzLlNlYXJjaE5lYXJieRACGAQgAA,ChIJJ7YxawMjDTkRsnKoSvT9iMQ
Prince Singh Koluaa Chowk,historical_landmark,historical_landmark|historical_place|point_of_interest|establishment,,,"C324+44M, Badshahpur, Sector 66, Gurugram, Haryana 122101, India",3.9,7,OPERATIONAL,https://maps.google.com/?cid=14238154527997526128&g_mp=Cilnb29nbGUubWFwcy5wbGFjZXMudjEuUGxhY2VzLlNlYXJjaE5lYXJieRACGAQgAA,ChIJe3KAOQAjDTkRcIBpMhsWmMU
Munish Malik Advocate,lawyer,lawyer|consultant|service|point_of_interest|establishment,098718 27766,,"Palm Terraces, Road, Badshahpur, Sector 66, Gurugram, Haryana 122101, India",5,2,CLOSED_TEMPORARILY,https://maps.google.com/?cid=17248034164666522493&g_mp=Cilnb29nbGUubWFwcy5wbGFjZXMudjEuUGxhY2VzLlNlYXJjaE5lYXJieRACGAQgAA,ChIJ9WfwEGQjDTkRfdu_UrBTXe8
Choti chai wala,tea_store,tea_store|food_store|store|food|point_of_interest|establishment,,,"C324+44M, Badshahpur, Sector 66, Gurugram, Haryana 122101, India",4.2,5,OPERATIONAL,https://maps.google.com/?cid=6467901322629807956&g_mp=Cilnb29nbGUubWFwcy5wbGFjZXMudjEuUGxhY2VzLlNlYXJjaE5lYXJieRACGAQgAA,ChIJrfGJnrwjDTkRVP-gCfyZwlk
Master Avantika,health,health|service|point_of_interest|establishment,092209 52666,https://www.masteravantika.com/,"Emaar Palm Terraces Select, Badshahpur, Sector 66, Gurugram, Haryana 122018, India",,,OPERATIONAL,https://maps.google.com/?cid=10832663490961615914&g_mp=Cilnb29nbGUubWFwcy5wbGFjZXMudjEuUGxhY2VzLlNlYXJjaE5lYXJieRACGAQgAA,ChIJbYp-Om4jDTkRKiwcFg1aVZY
"Tower 10, Emaar Palm Terrances Select (PTS)",condominium_complex,condominium_complex|service|point_of_interest|establishment,,,"Tower 10, Emaar Palm Terraces Select, Palm Dr, Badshahpur, Sector 66, Gurugram, Haryana 122101, India",5,1,OPERATIONAL,https://maps.google.com/?cid=17934260449323536272&g_mp=Cilnb29nbGUubWFwcy5wbGFjZXMudjEuUGxhY2VzLlNlYXJjaE5lYXJieRACGAQgAA,ChIJFe6dCQAjDTkRkE9E39tK4_g
DROP-OFF DRY CLEANERS,laundry,laundry|service|point_of_interest|establishment,,,"Emaar Palm Terraces Select, Badshahpur, Sector 66, Gurugram, Haryana 122101, India",5,5,OPERATIONAL,https://maps.google.com/?cid=6795003895451234737&g_mp=Cilnb29nbGUubWFwcy5wbGFjZXMudjEuUGxhY2VzLlNlYXJjaE5lYXJieRACGAQgAA,ChIJtTlgdQAjDTkRsTHEmwq0TF4
Ready to move in Property's - Golf course extension Road,real_estate_agency,real_estate_agency|service|point_of_interest|establishment,,,"Emaar Palm Terraces Select, Badshahpur, Sector 66, Gurugram, Haryana 122101, India",,,CLOSED_TEMPORARILY,https://maps.google.com/?cid=4767305422264596703&g_mp=Cilnb29nbGUubWFwcy5wbGFjZXMudjEuUGxhY2VzLlNlYXJjaE5lYXJieRACGAQgAA,ChIJef1T8NkjDTkR3_jf9QXfKEI
Boxlab Workout,gym,gym|health|sports_activity_location|point_of_interest|establishment,088009 04630,https://www.boxlabworkout.com/,"204, Second Floor, M3M Cosmopolitan R2, Golf Course Ext Rd, Badshahpur, Sector 66, Gurugram, Haryana 122101, India",4.4,83,OPERATIONAL,https://maps.google.com/?cid=8357373558155376296&g_mp=Cilnb29nbGUubWFwcy5wbGFjZXMudjEuUGxhY2VzLlNlYXJjaE5lYXJieRACGAQgAA,ChIJSzZpRLgjDTkRqPYXzfha-3M
Athina Global Healthcare,hospital,hospital|health|consultant|point_of_interest|service|establishment,099991 26030,,"Belinda 68, Emaar Marbella, Badshahpur, Sector 66, Gurugram, Haryana 122101, India",5,1,OPERATIONAL,https://maps.google.com/?cid=10199178560839678897&g_mp=Cilnb29nbGUubWFwcy5wbGFjZXMudjEuUGxhY2VzLlNlYXJjaE5lYXJieRACGAQgAA,ChIJJf6WriQjDTkRsfugD93Cio0
Mannat Physio Care,medical_clinic,medical_clinic|health|point_of_interest|establishment,0124 407 9414,http://www.physiomannat.com/,"R 2/134, first floor, M3M cosmopolitan Mall, Badshahpur, Sector 66, Gurugram, Haryana 122101, India",4.9,249,OPERATIONAL,https://maps.google.com/?cid=2641969017991743090&g_mp=Cilnb29nbGUubWFwcy5wbGFjZXMudjEuUGxhY2VzLlNlYXJjaE5lYXJieRACGAQgAA,ChIJcRLjC2cjDTkRckb8-NIoqiQ
Design Nine,service,point_of_interest|service|establishment,,,"Cos R 1L, First Floor, M3M Cosmopolitan, BLK 2 49, Badshahpur, Sector 66, Gurugram, Haryana 122101, India",,,CLOSED_TEMPORARILY,https://maps.google.com/?cid=13463546123900422627&g_mp=Cilnb29nbGUubWFwcy5wbGFjZXMudjEuUGxhY2VzLlNlYXJjaE5lYXJieRACGAQgAA,ChIJ1fhDpkMjDTkR4wks5N0f2Lo
Commercial Property Gurgaon,service,point_of_interest|service|establishment,074774 70026,https://www.commercialpropertygurgaon.co.in/,"R - 2, M3M Cosmopolitan, 122, Gurgqon, Sector 66, Gurugram, Haryana 122011, India",4.9,59,OPERATIONAL,https://maps.google.com/?cid=18162851563339327859&g_mp=Cilnb29nbGUubWFwcy5wbGFjZXMudjEuUGxhY2VzLlNlYXJjaE5lYXJieRACGAQgAA,ChIJmRTCHe8jDTkRcyn9FERpD_w
Nxtutors Edtech - Home Tutors,service,consultant|point_of_interest|service|establishment,078360 34313,https://www.nxtutors.com/,"NXTUTORS EDTECH PVT LTD,COS/R/1L, BLK-2/49, M3M Cosmopolitan, off Golf Course Extension Road, Badshahpur, Sector 66, Gurugram, Haryana 122101, India",5,24,OPERATIONAL,https://maps.google.com/?cid=7038509689876296523&g_mp=Cilnb29nbGUubWFwcy5wbGFjZXMudjEuUGxhY2VzLlNlYXJjaE5lYXJieRACGAQgAA,ChIJOY_UmRwjDTkRS7M4dUXPrWE
RDS PROACTIVE SOLUTIONS,consultant,consultant|point_of_interest|service|establishment,097174 69494,http://www.rdssolutions.in/,"COS/R/1L, BLK-2/49, M3M Cosmopolitan, near DLRSR Integrated Management Services, Badshahpur, Sector 66, Gurugram, Haryana 122101, India",5,1,OPERATIONAL,https://maps.google.com/?cid=8553053472443690192&g_mp=Cilnb29nbGUubWFwcy5wbGFjZXMudjEuUGxhY2VzLlNlYXJjaE5lYXJieRACGAQgAA,ChIJu8AZZiUjDTkR0GztMdGMsnY
DLRSR Integrated Management Services,service,health|supplier|consultant|point_of_interest|service|manufacturer|establishment,099100 40967,http://www.dlrsrmanagement.com/,"First Floor, M3M Cosmopolitan, R/2-150, Badshahpur, Sector 66, Gurugram, Haryana 122101, India",5,21,OPERATIONAL,https://maps.google.com/?cid=8589498316437908728&g_mp=Cilnb29nbGUubWFwcy5wbGFjZXMudjEuUGxhY2VzLlNlYXJjaE5lYXJieRACGAQgAA,ChIJe9vWLQAjDTkR-OwYrjUHNHc
SweetTart Artisan Bakehouse,bakery,bakery|food_store|store|food|point_of_interest|establishment,099587 37587,https://www.sweettart.in/,"M3M Cosmopolitan, Golf Course Ext Rd, Badshahpur, Sector 66, Gurugram, Haryana 122101, India",4.9,57,CLOSED_TEMPORARILY,https://maps.google.com/?cid=14852443251562530416&g_mp=Cilnb29nbGUubWFwcy5wbGFjZXMudjEuUGxhY2VzLlNlYXJjaE5lYXJieRACGAQgAA,ChIJha7qrXEjDTkRcEYIGHJ6Hs4
Tattoo Studio Gurgaon - Inkcredible Art,body_art_service,body_art_service|store|point_of_interest|service|establishment,079821 01090,https://www.inkcredibleart.com/,"Shop No. R2 132, M3M Cosmopolitan Mall, Golf Course Ext Rd, Badshahpur, Sector 66, Gurugram, Haryana 122102, India",4.9,564,OPERATIONAL,https://maps.google.com/?cid=8291817121113328050&g_mp=Cilnb29nbGUubWFwcy5wbGFjZXMudjEuUGxhY2VzLlNlYXJjaE5lYXJieRACGAQgAA,ChIJLQTKJJ8jDTkRskl2Xr1zEnM
Zane Academy,educational_institution,educational_institution|point_of_interest|establishment,099900 84040,https://www.zaneartworld.com/,"Shop no-R2, M3M Cosmopoltian Mall, 110, Golf Course Ext Rd, Badshahpur, Sector 66, Gurugram, Haryana 122101, India",5,6,OPERATIONAL,https://maps.google.com/?cid=15340909712531655509&g_mp=Cilnb29nbGUubWFwcy5wbGFjZXMudjEuUGxhY2VzLlNlYXJjaE5lYXJieRACGAQgAA,ChIJaR3RsSEjDTkRVQvKmhrc5dQ
Yash Builders : Builders in Gurgaon,general_contractor,general_contractor|point_of_interest|service|establishment,098999 99722,https://www.yashbuilder.com/,"M3M Cosmopolitan, R - 2 / 122, Gurgqon, Sector 66, Gurugram, Haryana 122011, India",5,141,OPERATIONAL,https://maps.google.com/?cid=8072841307770102846&g_mp=Cilnb29nbGUubWFwcy5wbGFjZXMudjEuUGxhY2VzLlNlYXJjaE5lYXJieRACGAQgAA,ChIJvZyfcHUhDTkRPqS8zWV-CHA
Baketards,bakery,bakery|food_store|store|food|point_of_interest|establishment,098210 12253,https://www.baketards.com/,"006, Ground Floor, M3M Cosmopolitan R2, Golf Estate Rd, opposite M3M, Badshahpur, Sector 66, Gurugram, Haryana 122101, India",4.7,82,OPERATIONAL,https://maps.google.com/?cid=5552044980767051306&g_mp=Cilnb29nbGUubWFwcy5wbGFjZXMudjEuUGxhY2VzLlNlYXJjaE5lYXJieRACGAQgAA,ChIJPWqINUcZDTkRKk6cd37TDE0
REIAS INDIA REAL ESTATE PVT LTD : Real Estate Consultant in Gurgaon | Residential & Commercial Property In Gurgaon,consultant,real_estate_agency|finance|consultant|point_of_interest|service|establishment,099999 64462,https://www.reiasindia.com/,"First Floor, M3M Cosmopolitan, R-2131, Badshahpur, Sector 66, Gurugram, Haryana 122018, India",4.8,42,OPERATIONAL,https://maps.google.com/?cid=10610911435658851837&g_mp=Cilnb29nbGUubWFwcy5wbGFjZXMudjEuUGxhY2VzLlNlYXJjaE5lYXJieRACGAQgAA,ChIJo2cN01AfDTkR_XWTUbuHQZM
Music High Sky,service,point_of_interest|service|establishment,,,"First Floor, M3M Cosmopolitan, R/2-149, Badshahpur, Sector 66, Gurugram, Haryana 122101, India",5,1,OPERATIONAL,https://maps.google.com/?cid=12115338022591433189&g_mp=Cilnb29nbGUubWFwcy5wbGFjZXMudjEuUGxhY2VzLlNlYXJjaE5lYXJieRACGAQgAA,ChIJwTzQrOQjDTkR5YlY4r1TIqg
Doctors Test Path Lab -Best Pathology Lab in Gurgaon/Blood test Near me/ Pathology Lab in Gurugram.,doctor,doctor|health|point_of_interest|establishment,098210 30905,http://dtplabs.in/,"R2/130, M3M Cosmopolitan, Golf Course Ext Rd, Badshahpur, Sector 66, Gurugram, Haryana 122101, India",4.9,61,OPERATIONAL,https://maps.google.com/?cid=18235656576192725681&g_mp=Cilnb29nbGUubWFwcy5wbGFjZXMudjEuUGxhY2VzLlNlYXJjaE5lYXJieRACGAQgAA,ChIJkQgn3jojDTkRscL7FQoREv0
Vistaar Homz,consultant,real_estate_agency|consultant|point_of_interest|service|establishment,,http://www.vistaarhomz.com/,"Office No, FIRST FLOOR, M3M COSMOPOLITAN, R2-141, Badshahpur, Sector 66, Gurugram, Haryana 122101, India",5,3,OPERATIONAL,https://maps.google.com/?cid=11848161613660224870&g_mp=Cilnb29nbGUubWFwcy5wbGFjZXMudjEuUGxhY2VzLlNlYXJjaE5lYXJieRACGAQgAA,ChIJlRvK6Z1WOWQRZv2inzYgbaQ
48 Belleza,association_or_organization,association_or_organization|point_of_interest|service|establishment,,,"Marbella Villas, Badshahpur, Sector 66, Gurugram, Haryana 122101, India",,,OPERATIONAL,https://maps.google.com/?cid=8878399460303138006&g_mp=Cilnb29nbGUubWFwcy5wbGFjZXMudjEuUGxhY2VzLlNlYXJjaE5lYXJieRACGAQgAA,ChIJe48VOAAjDTkR1mxj9URpNns
Gnome,clothing_store,clothing_store|store|point_of_interest|establishment,098114 09275,https://www.thegnomeclothing.com/,"67, Belinda, Emaar, Marbella Villas, Badshahpur, Sector 66, Gurugram, Haryana 122101, India",,,OPERATIONAL,https://maps.google.com/?cid=1949156198943630190&g_mp=Cilnb29nbGUubWFwcy5wbGFjZXMudjEuUGxhY2VzLlNlYXJjaE5lYXJieRACGAQgAA,ChIJ1dZPsuAjDTkRbiPJYTzLDBs
Breath Within,health,medical_clinic|health|consultant|point_of_interest|service|establishment,098185 18621,http://www.breathwithin.in/,"Emaar, Marbella Villas, Badshahpur, Sector 66, Gurugram, Haryana 122101, India",,,OPERATIONAL,https://maps.google.com/?cid=50587373727965353&g_mp=Cilnb29nbGUubWFwcy5wbGFjZXMudjEuUGxhY2VzLlNlYXJjaE5lYXJieRACGAQgAA,ChIJQbNJlmUjDTkRqeAsyfK4swA
Numerologist Pooja Agarwal,,point_of_interest|establishment,,,"M3M, Golf Estate Rd, Sector 65, Gurugram, Haryana 122101, India",5,1,OPERATIONAL,https://maps.google.com/?cid=14394545769458185430&g_mp=Cilnb29nbGUubWFwcy5wbGFjZXMudjEuUGxhY2VzLlNlYXJjaE5lYXJieRACGAQgAA,ChIJOVpG2oQjDTkR1jSomxyzw8c
Wright Shore Technologies Pvt Ltd,,point_of_interest|establishment,088269 98069,https://www.wrightshore.com/,"Tower 9, M3M, Golf Estate Rd, Sector 65, Gurugram, Haryana 122018, India",,,OPERATIONAL,https://maps.google.com/?cid=15159406693120304122&g_mp=Cilnb29nbGUubWFwcy5wbGFjZXMudjEuUGxhY2VzLlNlYXJjaE5lYXJieRACGAQgAA,ChIJHyo-3XMjDTkR-mMdxREIYdI
M3M ST. Andrews,association_or_organization,apartment_building|service|association_or_organization|point_of_interest|establishment,1800 123 3333,https://m3mindia.com/residential/m3m-st-andrews,"at M3M Golfestate, Sector 65, Gurugram, Haryana 122101, India",4,7,OPERATIONAL,https://maps.google.com/?cid=6382958138705580683&g_mp=Cilnb29nbGUubWFwcy5wbGFjZXMudjEuUGxhY2VzLlNlYXJjaE5lYXJieRACGAQgAA,ChIJ8cKpQm0iDTkRixK82ZvSlFg
Dr. Sanjay Sethi - Best Astrologer In Gurugram,astrologer,astrologer|jewelry_store|consultant|store|service|point_of_interest|establishment,093150 22606,https://sanjaysethi.org/,"Tower 4 Apartment 14 A, Fairway East, M3M Golf Estate, Golf Course Ext Rd, Sector 65, Gurugram, Haryana 122102, India",4.3,45,OPERATIONAL,https://maps.google.com/?cid=16105241086807948559&g_mp=Cilnb29nbGUubWFwcy5wbGFjZXMudjEuUGxhY2VzLlNlYXJjaE5lYXJieRACGAQgAA,ChIJG1dJpAQDDTkRD702cXBPgd8
Gloss Armour,car_wash,car_wash|insurance_agency|car_repair|car_dealer|store|service|association_or_organization|point_of_interest|establishment,075200 20074,https://glossarmour.com/,"M3M, Golf Estate Rd, Sector 65, Gurugram, Haryana 122101, India",1,1,OPERATIONAL,https://maps.google.com/?cid=4358752755999598296&g_mp=Cilnb29nbGUubWFwcy5wbGFjZXMudjEuUGxhY2VzLlNlYXJjaE5lYXJieRACGAQgAA,ChIJ2Q0JDsIjDTkR2GYctYlmfTw
M3M Golfestate main gate,condominium_complex,condominium_complex|service|point_of_interest|establishment,,,"M3M, Golf Estate Rd, Sector 65, Gurugram, Haryana 122101, India",5,3,OPERATIONAL,https://maps.google.com/?cid=3131617243968199762&g_mp=Cilnb29nbGUubWFwcy5wbGFjZXMudjEuUGxhY2VzLlNlYXJjaE5lYXJieRACGAQgAA,ChIJIRznDwAjDTkRUlw2l0q9dSs
Vedain CRM,,point_of_interest|establishment,,,"M3M Latitude, Golf Course Ext Rd, Sector 65, Gurugram, Haryana 122002, India",,,OPERATIONAL,https://maps.google.com/?cid=6970961154669692603&g_mp=Cilnb29nbGUubWFwcy5wbGFjZXMudjEuUGxhY2VzLlNlYXJjaE5lYXJieRACGAQgAA,ChIJ1Q_Gzw8jDTkRu0YihzzUvWA
.,medical_clinic,medical_clinic|health|point_of_interest|establishment,,,"M3M, Golf Estate Rd, Sector 65, Gurugram, Haryana 122101, India",,,OPERATIONAL,https://maps.google.com/?cid=2289385088215272910&g_mp=Cilnb29nbGUubWFwcy5wbGFjZXMudjEuUGxhY2VzLlNlYXJjaE5lYXJieRACGAQgAA,ChIJAU57sX0jDTkRzs0lqZuHxR8
hp laptop service center,service,service|point_of_interest|establishment,,https://www.hplaptopservicecentergurgaon.com/hp-laptop-service-center-badshahpur.html,"M3M Cosmopolitan 29, Golf Estate Rd, Badshahpur, Sector 66, Gurugram, Haryana 122101, India",5,5,OPERATIONAL,https://maps.google.com/?cid=10630952302924635389&g_mp=Cilnb29nbGUubWFwcy5wbGFjZXMudjEuUGxhY2VzLlNlYXJjaE5lYXJieRACGAQgAA,ChIJS6nhEvYjDTkR_ZzxV8u6iJM
Utsav Ayurkriya,health,health|point_of_interest|establishment,088829 71386,http://www.ayurkriya.com/,"Second Floor, M3M Cosmopolitan, 202, Golf Estate Rd, Mall, Sector 65, Gurugram, Haryana 122002, India",5,15,OPERATIONAL,https://maps.google.com/?cid=11636079890989747921&g_mp=Cilnb29nbGUubWFwcy5wbGFjZXMudjEuUGxhY2VzLlNlYXJjaE5lYXJieRACGAQgAA,ChIJqeQTjZMjDTkR0Y6CoAKpe6E
Clueless,clothing_store,clothing_store|store|point_of_interest|establishment,,,"Golf Estate Rd, Sector 65, Gurugram, Haryana 122101, India",,,CLOSED_TEMPORARILY,https://maps.google.com/?cid=15217446805617902991&g_mp=Cilnb29nbGUubWFwcy5wbGFjZXMudjEuUGxhY2VzLlNlYXJjaE5lYXJieRACGAQgAA,ChIJ_QpzSI4jDTkRjwVChT47L9M
House,association_or_organization,service|association_or_organization|point_of_interest|establishment,,,"kshatriya, Samrat Mihir Bhoj Rd, Chowk, Sector 65, Gurugram, Haryana 122101, India",2.7,3,OPERATIONAL,https://maps.google.com/?cid=1695522986045561256&g_mp=Cilnb29nbGUubWFwcy5wbGFjZXMudjEuUGxhY2VzLlNlYXJjaE5lYXJieRACGAQgAA,ChIJ8TYdBQAjDTkRqFnBKyy1hxc
SECTOR-65 POLICE STATION,police,police|service|point_of_interest|establishment,,,"C327+H3X, Sector 65, Gurugram, Haryana 122101, India",,,OPERATIONAL,https://maps.google.com/?cid=5438803612582990334&g_mp=Cilnb29nbGUubWFwcy5wbGFjZXMudjEuUGxhY2VzLlNlYXJjaE5lYXJieRACGAQgAA,ChIJwWQcwr0hDTkR_tEe0xGDeks
Affinity Salon M3M Golfestate,beauty_salon,beauty_salon|service|point_of_interest|establishment,,https://www.affinity.salon/,"Golf Course Ext Rd, Sector 65, Gurugram, Haryana 122101, India",3.6,5,OPERATIONAL,https://maps.google.com/?cid=10213837911890047462&g_mp=Cilnb29nbGUubWFwcy5wbGFjZXMudjEuUGxhY2VzLlNlYXJjaE5lYXJieRACGAQgAA,ChIJfShSCEgjDTkR5rGfM3fXvo0
Police Station Ireo City,police,police|service|point_of_interest|establishment,,,"C327+H2V, Archview Dr, Alahawas, Sector 58, Gurugram, Haryana 122101, India",,,OPERATIONAL,https://maps.google.com/?cid=6771198809753888265&g_mp=Cilnb29nbGUubWFwcy5wbGFjZXMudjEuUGxhY2VzLlNlYXJjaE5lYXJieRACGAQgAA,ChIJeU56M_IhDTkRCabtLnEh-F0
M3M Latitude,apartment_building,apartment_building|service|point_of_interest|establishment,,https://m3mindia.com/residential/m3m-latitude,"Sector 65, Gurugram, Haryana 122101, India",4.5,181,OPERATIONAL,https://maps.google.com/?cid=9622499350376960492&g_mp=Cilnb29nbGUubWFwcy5wbGFjZXMudjEuUGxhY2VzLlNlYXJjaE5lYXJieRACGAQgAA,ChIJ3zuwqhQjDTkR7FGlTi38iYU
Memli,,point_of_interest|establishment,094680 42431,https://memli.com/,"901, m3m latitude, Sector 65, Gurugram, Haryana 122101, India",5,4,OPERATIONAL,https://maps.google.com/?cid=16972969102126503460&g_mp=Cilnb29nbGUubWFwcy5wbGFjZXMudjEuUGxhY2VzLlNlYXJjaE5lYXJieRACGAQgAA,ChIJmRap9mAjDTkRJFbuw3gZjOs
Najim khan,place_of_worship,place_of_worship|association_or_organization|point_of_interest|establishment,,,"C326+5RF, Badshahpur, Sector 66, Gurugram, Haryana 122101, India",,,OPERATIONAL,https://maps.google.com/?cid=12158729286213420293&g_mp=Cilnb29nbGUubWFwcy5wbGFjZXMudjEuUGxhY2VzLlNlYXJjaE5lYXJieRACGAQgAA,ChIJlSP7bgAjDTkRBcXjuN17vKg
Mohd. Enterprises,manufacturer,general_contractor|manufacturer|service|point_of_interest|establishment,099903 00959,https://www.mohdenterprises.in/,"Shop no.1, near emaar Marbella, Badshahpur, Sector 66, Gurugram, Haryana 122101, India",5,31,OPERATIONAL,https://maps.google.com/?cid=3755592320236856884&g_mp=Cilnb29nbGUubWFwcy5wbGFjZXMudjEuUGxhY2VzLlNlYXJjaE5lYXJieRACGAQgAA,ChIJ4fYjxGYjDTkRNCbnOFGLHjQ
Elan Empire,business_center,business_center|real_estate_agency|service|point_of_interest|establishment,0124 410 1100,https://www.elanlimited.com/elan-empire.php,"Elan Empire, Badshahpur, Sector 66, Gurugram, Haryana 122101, India",5,6,OPERATIONAL,https://maps.google.com/?cid=9202950269152413535&g_mp=Cilnb29nbGUubWFwcy5wbGFjZXMudjEuUGxhY2VzLlNlYXJjaE5lYXJieRACGAQgAA,ChIJp0fbbh8jDTkRX0dqroJyt38
Old Sofa Repairing,service,point_of_interest|service|establishment,091490 78591,,"M3m St. Andrews Power House, near M3M Urbana Premium, St. Andrews, Sector 65, Gurugram, Haryana 122101, India",5,2,OPERATIONAL,https://maps.google.com/?cid=8625755920121619294&g_mp=Cilnb29nbGUubWFwcy5wbGFjZXMudjEuUGxhY2VzLlNlYXJjaE5lYXJieRACGAQgAA,ChIJrbkAFikjDTkRXmMS4k7XtHc
M3M golf estate Gate 5,condominium_complex,condominium_complex|point_of_interest|service|establishment,,,"M3m St. Andrews Power House, near M3M Urbana Premium, St. Andrews, Sector 65, Gurugram, Haryana 122101, India",4.3,7,OPERATIONAL,https://maps.google.com/?cid=165900654200558263&g_mp=Cilnb29nbGUubWFwcy5wbGFjZXMudjEuUGxhY2VzLlNlYXJjaE5lYXJieRACGAQgAA,ChIJNbPRYAAjDTkRtxKhGcRlTQI
Club Elevate,general_contractor,point_of_interest|general_contractor|service|establishment,1800 123 3333,https://m3mindia.com/,"M3M Golfestate, Sector 65, Gurugram, Haryana 122101, India",4.6,107,OPERATIONAL,https://maps.google.com/?cid=17461316603371603230&g_mp=Cilnb29nbGUubWFwcy5wbGFjZXMudjEuUGxhY2VzLlNlYXJjaE5lYXJieRACGAQgAA,ChIJL3UBAZcjDTkRHkWYzu8OU_I
M3M Skysuites,apartment_building,apartment_building|point_of_interest|service|establishment,1800 123 3333,https://m3mindia.com/residential/m3m-skysuites,"Golf Course Ext Rd, Sector 65, Gurugram, Haryana 122101, India",,,OPERATIONAL,https://maps.google.com/?cid=7482838845345975236&g_mp=Cilnb29nbGUubWFwcy5wbGFjZXMudjEuUGxhY2VzLlNlYXJjaE5lYXJieRACGAQgAA,ChIJK8n79YwjDTkRxEtXuEhi2Gc
Agrawal House,apartment_complex,apartment_complex|point_of_interest|service|establishment,,,"M3M, Golf Estate Rd, Sector 65, Gurugram, Haryana 122101, India",5,1,OPERATIONAL,https://maps.google.com/?cid=2074344269126625019&g_mp=Cilnb29nbGUubWFwcy5wbGFjZXMudjEuUGxhY2VzLlNlYXJjaE5lYXJieRACGAQgAA,ChIJxXzGdAAjDTkR--YoVx-NyRw
ArtBySehgal,,point_of_interest|establishment,,https://artbysehgal.com/,"M3M, Golf Estate Rd, Sector 65, Gurugram, Haryana 122102, India",,,OPERATIONAL,https://maps.google.com/?cid=5163395253465771223&g_mp=Cilnb29nbGUubWFwcy5wbGFjZXMudjEuUGxhY2VzLlNlYXJjaE5lYXJieRACGAQgAA,ChIJr5xM32YjDTkR1-zDTaAQqEc
Gurgaon home,apartment_complex,apartment_complex|point_of_interest|service|establishment,,,"M3M, Golf Estate Rd, Sector 65, Gurugram, Haryana 122101, India",5,1,OPERATIONAL,https://maps.google.com/?cid=6808927930350222835&g_mp=Cilnb29nbGUubWFwcy5wbGFjZXMudjEuUGxhY2VzLlNlYXJjaE5lYXJieRACGAQgAA,ChIJW9qNdLMZDTkR873CneArfl4
Ahara,consultant,consultant|health|point_of_interest|service|establishment,,https://ahara-web.vercel.app/,"Tower 1, Flat 7, Fairway West, 107A, Golf Estate Rd, Sector 65, Gurugram, Haryana 122102, India",,,OPERATIONAL,https://maps.google.com/?cid=12731177405917773894&g_mp=Cilnb29nbGUubWFwcy5wbGFjZXMudjEuUGxhY2VzLlNlYXJjaE5lYXJieRACGAQgAA,ChIJsaKdyBkjDTkRRkA15GU6rrA
Summit Deepti Goyal | Kiaan Jewels,jewelry_store,jewelry_store|point_of_interest|store|establishment,,,"1714C, M3M Golfestate Fairway West Tower 16, Sector 65, Gurugram, Haryana 122101, India",5,2,OPERATIONAL,https://maps.google.com/?cid=1898737146437433427&g_mp=Cilnb29nbGUubWFwcy5wbGFjZXMudjEuUGxhY2VzLlNlYXJjaE5lYXJieRACGAQgAA,ChIJVVueuu0jDTkRU_g971-rWRo
Zone Spa Gurgaon-Massage Center In Sector 49 Gurgaon | Luxury Spa In Sec 49 Gurgaon,spa,massage_spa|massage|spa|point_of_interest|service|establishment,093117 44949,http://zonewellnessbody.blogspot.com/,"Plot No.211, Office Number, 1st Main Road, near Cosmopolitan Mall, Sector 49, Gurugram, Haryana 122101, India",4.8,30,OPERATIONAL,https://maps.google.com/?cid=12310070774661393576&g_mp=Cilnb29nbGUubWFwcy5wbGFjZXMudjEuUGxhY2VzLlNlYXJjaE5lYXJieRACGAQgAA,ChIJUWL-AbYjDTkRqCyc4yUo1qo
Ila Sagar Photography,service,point_of_interest|service|establishment,080763 70019,,"M3M Golf Estate, FE-06 12 B, Golf Course Ext Rd, Sector 65, Gurugram, Haryana 122101, India",5,25,OPERATIONAL,https://maps.google.com/?cid=14019446089838861390&g_mp=Cilnb29nbGUubWFwcy5wbGFjZXMudjEuUGxhY2VzLlNlYXJjaE5lYXJieRACGAQgAA,ChIJlVA9s-4jDTkRTpyVxPATj8I
Chadha residence,apartment_building,apartment_building|point_of_interest|service|establishment,,,"M3M Golf Estate, Golf Estate Rd, Sector 65, Gurugram, Haryana 122101, India",,,OPERATIONAL,https://maps.google.com/?cid=13513907806235865383&g_mp=Cilnb29nbGUubWFwcy5wbGFjZXMudjEuUGxhY2VzLlNlYXJjaE5lYXJieRACGAQgAA,ChIJJSt7G_QjDTkRJzERzowLi7s
Surbhi Gupta,consultant,consultant|health|point_of_interest|service|establishment,098114 66788,http://surbhigupta.co.in/,"M3M Golfestate, Sector 65, Gurugram, Haryana 122101, India",5,4,OPERATIONAL,https://maps.google.com/?cid=10938292270356524195&g_mp=Cilnb29nbGUubWFwcy5wbGFjZXMudjEuUGxhY2VzLlNlYXJjaE5lYXJieRACGAQgAA,ChIJJY4RJRTiDDkRo2wAyN2ezJc
M Café,coffee_shop,coffee_shop|cafe|point_of_interest|food_store|store|food|establishment,,,"FW16 M3M GolfEstate, Sector 65, Gurugram, Haryana 122101, India",5,32,OPERATIONAL,https://maps.google.com/?cid=12040267727905299653&g_mp=Cilnb29nbGUubWFwcy5wbGFjZXMudjEuUGxhY2VzLlNlYXJjaE5lYXJieRACGAQgAA,ChIJmQv3MTIjDTkRxRxl2rSfF6c
LONDON SLUSH,restaurant,restaurant|point_of_interest|food|establishment,075057 24429,,"M3M Golf Estate, Golf Course Ext Rd, Sector 65, Gurugram, Haryana 122101, India",1,1,CLOSED_TEMPORARILY,https://maps.google.com/?cid=6911551481356911323&g_mp=Cilnb29nbGUubWFwcy5wbGFjZXMudjEuUGxhY2VzLlNlYXJjaE5lYXJieRACGAQgAA,ChIJ8f788-ojDTkR24IaDXTD6l8
Amritaa,astrologer,astrologer|health|point_of_interest|establishment,,,"M3m, Golf Estate Rd, Sector 65, Gurugram, Haryana 122001, India",,,CLOSED_TEMPORARILY,https://maps.google.com/?cid=3391673874986267178&g_mp=Cilnb29nbGUubWFwcy5wbGFjZXMudjEuUGxhY2VzLlNlYXJjaE5lYXJieRACGAQgAA,ChIJl7yUMxUjDTkRKnKHYGulES8
Home,condominium_complex,condominium_complex|point_of_interest|service|establishment,,,"M3M Heights, Sector 65, Golf, Gurugram, Haryana 122101, India",,,OPERATIONAL,https://maps.google.com/?cid=3870264503365870836&g_mp=Cilnb29nbGUubWFwcy5wbGFjZXMudjEuUGxhY2VzLlNlYXJjaE5lYXJieRACGAQgAA,ChIJy3okZwAjDTkR9CTtbQ_xtTU
IndusInd Bank ATM,atm,atm|bank|finance|point_of_interest|service|establishment,1860 267 7777,https://www.indusind.bank.in/in/en/personal/locate-us.html?utm_source=Google_Organic_Search&utm_medium=Organic&utm_campaign=Local+Listings,"M3M GOLF ESTATE, Sector 65, Gurugram, Haryana 122101, India",3,2,OPERATIONAL,https://maps.google.com/?cid=17335816357793937290&g_mp=Cilnb29nbGUubWFwcy5wbGFjZXMudjEuUGxhY2VzLlNlYXJjaE5lYXJieRACGAQgAA,ChIJWY0JFCYjDTkRire22SAxlfA
"Tower no 19, M 3 M Golf Estate,",apartment_building,apartment_building|point_of_interest|service|establishment,,,"M3m St. Andrews Block-19, Sector 65, Gurugram, Haryana 122101, India",5,2,OPERATIONAL,https://maps.google.com/?cid=12518511516074426996&g_mp=Cilnb29nbGUubWFwcy5wbGFjZXMudjEuUGxhY2VzLlNlYXJjaE5lYXJieRACGAQgAA,ChIJx30dB4IjDTkRdMJA4OWvuq0
"Tower FW-20, M3M Golf Estate",apartment_building,apartment_building|point_of_interest|service|establishment,,,"C328+85H, Sector 65, Gurugram, Haryana 122101, India",,,OPERATIONAL,https://maps.google.com/?cid=5277514171125338585&g_mp=Cilnb29nbGUubWFwcy5wbGFjZXMudjEuUGxhY2VzLlNlYXJjaE5lYXJieRACGAQgAA,ChIJYyVrCQAjDTkR2REEWy1_PUk
Tower 8,apartment_building,apartment_building|service|point_of_interest|establishment,,,"FE Tower 8, M3m Golf Estate, Sector 65, Gurugram, Haryana 122101, India",,,OPERATIONAL,https://maps.google.com/?cid=12290487946801979000&g_mp=Cilnb29nbGUubWFwcy5wbGFjZXMudjEuUGxhY2VzLlNlYXJjaE5lYXJieRACGAQgAA,ChIJwWhod04jDTkReB5aeauVkKo
The Polo Lounge M3M,cafe,cafe|food|point_of_interest|establishment,,https://instagram.com/thepololounge_?utm_medium=copy_link,"M3M Polo Suites, M3M, Golf Estate Rd, Sector 65, Gurugram, Haryana 122101, India",4.8,10,OPERATIONAL,https://maps.google.com/?cid=17267477866606275248&g_mp=Cilnb29nbGUubWFwcy5wbGFjZXMudjEuUGxhY2VzLlNlYXJjaE5lYXJieRACGAQgAA,ChIJKaCoVkwjDTkRsKr89aFnou8
Fruzone,food_store,food_store|store|food|point_of_interest|establishment,,https://www.instagram.com/fruzonem3m?igsh=ZjBjdjM1M2YwbXp1,"M3M, Golf Estate Rd, Sector 65, Gurugram, Haryana 122101, India",5,3,OPERATIONAL,https://maps.google.com/?cid=15746164267223753605&g_mp=Cilnb29nbGUubWFwcy5wbGFjZXMudjEuUGxhY2VzLlNlYXJjaE5lYXJieRACGAQgAA,ChIJd-JQegAjDTkRhSPSavmchdo
The Barking Babies,store,pet_care|store|point_of_interest|establishment,095602 02814,https://www.thebarkingbabies.com/,"Shop no 14, Phase -2 FAIRWAY EAST, M3m Golf Estate, Sector 65, Gurugram, Haryana 122101, India",4.3,45,OPERATIONAL,https://maps.google.com/?cid=17332002820368234227&g_mp=Cilnb29nbGUubWFwcy5wbGFjZXMudjEuUGxhY2VzLlNlYXJjaE5lYXJieRACGAQgAA,ChIJidVi2vsjDTkR8_Yderykh_A
"Unsaathi- Divorce lawyer in Delhi, Gurgaon, Noida",corporate_office,corporate_office|point_of_interest|establishment,092668 77791,https://www.unsaathi.com/,"Emaar Colonande, 412, Golf Course Ext Rd, Sector 66, Gurugram, Haryana 122018, India",,,OPERATIONAL,https://maps.google.com/?cid=16286550989935602034&g_mp=Cilnb29nbGUubWFwcy5wbGFjZXMudjEuUGxhY2VzLlNlYXJjaE5lYXJieRACGAQgAA,ChIJvZnjO7MjDTkRcull49VzBeI
Tower 6,golf_course,golf_course|athletic_field|sports_activity_location|point_of_interest|establishment,,,"M3m St. Andrews Block-6, Sector 65, Gurugram, Haryana 122101, India",2.8,5,OPERATIONAL,https://maps.google.com/?cid=12758701689857527389&g_mp=Cilnb29nbGUubWFwcy5wbGFjZXMudjEuUGxhY2VzLlNlYXJjaE5lYXJieRACGAQgAA,ChIJKVuDCAAjDTkRXU4io5YDELE
Ivory 78,apartment_building,apartment_building|service|point_of_interest|establishment,,,"IVORY, 78, Emaar, EMERALD HILLS, Sector 65, Gurugram, Haryana 122101, India",,,OPERATIONAL,https://maps.google.com/?cid=52214325160089600&g_mp=Cilnb29nbGUubWFwcy5wbGFjZXMudjEuUGxhY2VzLlNlYXJjaE5lYXJieRACGAQgAA,ChIJHxwCIgAjDTkRAJha76aAuQA
cliff,condominium_complex,condominium_complex|service|point_of_interest|establishment,,,"34-B, Tower 1, Fairway west, M3M, Golf Estate Rd, Sector 65, Gurugram, Haryana 122101, India",,,OPERATIONAL,https://maps.google.com/?cid=18323451803278403169&g_mp=Cilnb29nbGUubWFwcy5wbGFjZXMudjEuUGxhY2VzLlNlYXJjaE5lYXJieRACGAQgAA,ChIJTXIEEAAjDTkRYWZmUVX6Sf4
M3M Polo Suites,apartment_complex,apartment_complex|apartment_building|service|point_of_interest|establishment,,https://m3mindia.com/residential/m3m-polo-suites,"M3M, Golf Estate Rd, Sector 65, Gurugram, Haryana 122101, India",4.3,28,OPERATIONAL,https://maps.google.com/?cid=7901911522244576096&g_mp=Cilnb29nbGUubWFwcy5wbGFjZXMudjEuUGxhY2VzLlNlYXJjaE5lYXJieRACGAQgAA,ChIJkYCakv0jDTkRYEP00ak6qW0
TILESCcntractor TlLESThekedar and,building_materials_store,building_materials_store|home_goods_store|store|point_of_interest|establishment,,,"Sector 65, Gurugram, Haryana 122102, India",5,1,OPERATIONAL,https://maps.google.com/?cid=13339983675126558678&g_mp=Cilnb29nbGUubWFwcy5wbGFjZXMudjEuUGxhY2VzLlNlYXJjaE5lYXJieRACGAQgAA,ChIJIbE1qtAjDTkR1q9taXkkIbk
Ivory-77 Emaar Emerald Hills,apartment_building,apartment_building|service|point_of_interest|establishment,,,"IVORY, 77, Emerald Hills Rd, Sector 65, Gurugram, Haryana 122101, India",,,OPERATIONAL,https://maps.google.com/?cid=7809020401966262885&g_mp=Cilnb29nbGUubWFwcy5wbGFjZXMudjEuUGxhY2VzLlNlYXJjaE5lYXJieRACGAQgAA,ChIJfWjkWQAjDTkRZSr6fq42X2w
"I-74, Ivory Block",apartment_building,apartment_building|service|point_of_interest|establishment,099990 63322,,"I-72, Ivory Block, Emaar Emerald Hills Floors, Sector 65, Gurugram, Haryana 122101, India",,,OPERATIONAL,https://maps.google.com/?cid=4417798436492428293&g_mp=Cilnb29nbGUubWFwcy5wbGFjZXMudjEuUGxhY2VzLlNlYXJjaE5lYXJieRACGAQgAA,ChIJDT-4B0IjDTkRBURogEUsTz0
"I 74 FF, Emaar Emerald Hills",association_or_organization,service|association_or_organization|point_of_interest|establishment,,,"BLOCK I-74, IVORY, Sector 65, Gurugram, Haryana 122101, India",4.5,2,OPERATIONAL,https://maps.google.com/?cid=991786550693674035&g_mp=Cilnb29nbGUubWFwcy5wbGFjZXMudjEuUGxhY2VzLlNlYXJjaE5lYXJieRACGAQgAA,ChIJ53_PbLgjDTkRMzwb95yIww0
Bhatia’s,association_or_organization,service|association_or_organization|point_of_interest|establishment,,,"Ground Floor, IVORY BLOCK, EMERALD HILLS, I73, Sector 65, Gurugram, Haryana 122101, India",,,OPERATIONAL,https://maps.google.com/?cid=8927643290103827880&g_mp=Cilnb29nbGUubWFwcy5wbGFjZXMudjEuUGxhY2VzLlNlYXJjaE5lYXJieRACGAQgAA,ChIJhVfXewAjDTkRqM0JjEVc5Xs
R k Bike repair Shop sector 65,car_repair,car_repair|service|point_of_interest|establishment,,,"R k Bike repair Shop, Sector 65, Gurugram, Haryana 122102, India",5,1,OPERATIONAL,https://maps.google.com/?cid=16583968226548890107&g_mp=Cilnb29nbGUubWFwcy5wbGFjZXMudjEuUGxhY2VzLlNlYXJjaE5lYXJieRACGAQgAA,ChIJJ9TeOO8jDTkR-7nPhTwXJuY
Suman Kohli,astrologer,astrologer|point_of_interest|establishment,098184 80901,https://www.sumankohli.com/,"Tower1106B, Fairway East, M3M, Golf Estate Rd, Sector 65, Gurugram, Haryana 122101, India",4.8,5,OPERATIONAL,https://maps.google.com/?cid=912631695385504989&g_mp=Cilnb29nbGUubWFwcy5wbGFjZXMudjEuUGxhY2VzLlNlYXJjaE5lYXJieRACGAQgAA,ChIJj-gXN1IjDTkR3Sw3DrFRqgw
Ruhaan Raghav,apartment_complex,apartment_complex|service|point_of_interest|establishment,,,"BLOCK I-69, IVORY, Sector 65, Gurugram, Haryana 122101, India",,,OPERATIONAL,https://maps.google.com/?cid=2335142737741021668&g_mp=Cilnb29nbGUubWFwcy5wbGFjZXMudjEuUGxhY2VzLlNlYXJjaE5lYXJieRACGAQgAA,ChIJjTYNKgAjDTkR5AHjpvIXaCA
Miracle Garden,service,service|point_of_interest|establishment,,,"93XC+P5X, Sector 65, Gurugram, Haryana 122101, India",3,2,OPERATIONAL,https://maps.google.com/?cid=14308791880190052462&g_mp=Cilnb29nbGUubWFwcy5wbGFjZXMudjEuUGxhY2VzLlNlYXJjaE5lYXJieRACGAQgAA,ChIJm7o4W5cjDTkRbsi4X2cKk8Y
M3M SITE OFFICE GATE NO.3,corporate_office,corporate_office|point_of_interest|establishment,,,"93XC+P5V, Sector 65, Gurugram, Haryana 122101, India",4,120,OPERATIONAL,https://maps.google.com/?cid=1453328764484905709&g_mp=Cilnb29nbGUubWFwcy5wbGFjZXMudjEuUGxhY2VzLlNlYXJjaE5lYXJieRACGAQgAA,ChIJmzkrBEMiDTkR7er6rM9CKxQ
Vipul ward sector 44 gurgaon haryana,point_of_interest,point_of_interest|establishment,,,"93XC+P5H, Sector 65, Gurugram, Haryana 122101, India",,,CLOSED_TEMPORARILY,https://maps.google.com/?cid=13196716726646835996&g_mp=Cilnb29nbGUubWFwcy5wbGFjZXMudjEuUGxhY2VzLlNlYXJjaE5lYXJieRACGAQgAA,ChIJH9RlFwAjDTkRHIs9lfEnJLc
Ivory 114,apartment_building,apartment_building|point_of_interest|service|establishment,,,"Ivory, Sector 65, Gurugram, Haryana 122101, India",,,OPERATIONAL,https://maps.google.com/?cid=6432074518209297165&g_mp=Cilnb29nbGUubWFwcy5wbGFjZXMudjEuUGxhY2VzLlNlYXJjaE5lYXJieRACGAQgAA,ChIJb9VcMwAjDTkRDfu0GrJRQ1k
Sporbit | Sports Academy in Gurgaon,sports_club,sports_club|sports_school|association_or_organization|point_of_interest|establishment,,https://sporbit.in/,"EMERALD HILLS, society, opposite Ivory, inside Emaar Mgf, Sector 65, Gurugram, Haryana 122018, India",4.3,185,OPERATIONAL,https://maps.google.com/?cid=8858552474127381193&g_mp=Cilnb29nbGUubWFwcy5wbGFjZXMudjEuUGxhY2VzLlNlYXJjaE5lYXJieRACGAQgAA,ChIJq1X36mgiDTkRyTKFZIrm73o
"Block I - 166 Ivory, Sector 65, Gurugram",condominium_complex,condominium_complex|point_of_interest|service|establishment,,,"BLOCK I-166, IVORY, Sector 65, Gurugram, Haryana 122101, India",5,1,OPERATIONAL,https://maps.google.com/?cid=794901343745194722&g_mp=Cilnb29nbGUubWFwcy5wbGFjZXMudjEuUGxhY2VzLlNlYXJjaE5lYXJieRACGAQgAA,ChIJJWabAAAjDTkR4rppgY8OCAs
Emaar Project office,general_contractor,general_contractor|point_of_interest|service|establishment,,,"Ivory Block, I-171, Sector 65, Gurugram, Haryana 122101, India",5,8,OPERATIONAL,https://maps.google.com/?cid=1447490464208484375&g_mp=Cilnb29nbGUubWFwcy5wbGFjZXMudjEuUGxhY2VzLlNlYXJjaE5lYXJieRACGAQgAA,ChIJ9UiiZ6AjDTkRF3jpduiEFhQ
"163, Ivory, Emerald Hills",apartment_building,apartment_building|point_of_interest|service|establishment,,,"IVORY, Sector 65, Gurugram, Haryana 122101, India",,,OPERATIONAL,https://maps.google.com/?cid=14628795554490079829&g_mp=Cilnb29nbGUubWFwcy5wbGFjZXMudjEuUGxhY2VzLlNlYXJjaE5lYXJieRACGAQgAA,ChIJZ6zvcAAjDTkRVdox1QzsA8s
"Taxi Stand, Emerald Hills",parking_lot,parking_lot|parking|transportation_service|point_of_interest|service|establishment,,,"C32F+6CR, Sector 65, Gurugram, Haryana 122101, India",,,OPERATIONAL,https://maps.google.com/?cid=4142944859537841100&g_mp=Cilnb29nbGUubWFwcy5wbGFjZXMudjEuUGxhY2VzLlNlYXJjaE5lYXJieRACGAQgAA,ChIJR3ChDgAjDTkRzJvIRGayfjk
Proposed Primary School,primary_school,primary_school|school|educational_institution|point_of_interest|establishment,099361 35651,,"C32F+43H, Sector 65, Gurugram, Haryana 122101, India",,,OPERATIONAL,https://maps.google.com/?cid=4367948932277505234&g_mp=Cilnb29nbGUubWFwcy5wbGFjZXMudjEuUGxhY2VzLlNlYXJjaE5lYXJieRACGAQgAA,ChIJRZmhM0IiDTkR0oxyWWkSnjw
Ashok Fast Food,fast_food_restaurant,fast_food_restaurant|restaurant|food|point_of_interest|establishment,093104 56013,,"44, Ullawas Dhani Rd, Sector 62, Gurugram, Haryana 122101, India",3,5,CLOSED_TEMPORARILY,https://maps.google.com/?cid=12632583851070118542&g_mp=Cilnb29nbGUubWFwcy5wbGFjZXMudjEuUGxhY2VzLlNlYXJjaE5lYXJieRACGAQgAA,ChIJnRPwn0sjDTkRjtpeDhX0T68
Trump Towers Delhi NCR,apartment_building,apartment_building|point_of_interest|service|establishment,,,"C32F+43H, Sector 65, Gurugram, Haryana 122101, India",5,1,OPERATIONAL,https://maps.google.com/?cid=6414903652233527377&g_mp=Cilnb29nbGUubWFwcy5wbGFjZXMudjEuUGxhY2VzLlNlYXJjaE5lYXJieRACGAQgAA,ChIJ1S2zfAAjDTkRUUC8U-JQBlk
I90 Srivastava,apartment_building,apartment_building|point_of_interest|service|establishment,,,"Ivory 90, Unnamed Road, Sector 65, Gurugram, Haryana 122101, India",5,1,OPERATIONAL,https://maps.google.com/?cid=7353235756870621014&g_mp=Cilnb29nbGUubWFwcy5wbGFjZXMudjEuUGxhY2VzLlNlYXJjaE5lYXJieRACGAQgAA,ChIJ7WHe_9wjDTkRVlf5NfbwC2Y
Nagi’s Ivory Emaar Emerald Hills,association_or_organization,association_or_organization|point_of_interest|service|establishment,,,"160 IVORY, Emaar Emerald Hills, Sector 65, Gurugram, Haryana 122101, India",,,OPERATIONAL,https://maps.google.com/?cid=765795497397249061&g_mp=Cilnb29nbGUubWFwcy5wbGFjZXMudjEuUGxhY2VzLlNlYXJjaE5lYXJieRACGAQgAA,ChIJx7j0kTwjDTkRJeT0kPKmoAo
Factory,general_contractor,general_contractor|point_of_interest|service|establishment,,,"i, 173, DSIIDC Industrial Area, Sector 5, Bawana, Gurugram, Delhi 122101, India",,,OPERATIONAL,https://maps.google.com/?cid=938410900616510914&g_mp=Cilnb29nbGUubWFwcy5wbGFjZXMudjEuUGxhY2VzLlNlYXJjaE5lYXJieRACGAQgAA,ChIJ-2SmIAAjDTkRwv2ZAL7nBQ0
Mittal Residence,association_or_organization,association_or_organization|point_of_interest|service|establishment,,,"BLOCK I-92, IVORY, Sector 65, Gurugram, Haryana 122101, India",,,OPERATIONAL,https://maps.google.com/?cid=1380918604346090219&g_mp=Cilnb29nbGUubWFwcy5wbGFjZXMudjEuUGxhY2VzLlNlYXJjaE5lYXJieRACGAQgAA,ChIJNcIVMAAjDTkR6-LGeycCKhM
Ivory-174 Ground floor,condominium_complex,condominium_complex|point_of_interest|service|establishment,,,"EMERALD HILLS, Sector 65, Gurugram, Haryana 122101, India",5,1,OPERATIONAL,https://maps.google.com/?cid=10313217308019204485&g_mp=Cilnb29nbGUubWFwcy5wbGFjZXMudjEuUGxhY2VzLlNlYXJjaE5lYXJieRACGAQgAA,ChIJI1XFGgAjDTkRhSHl93_oH48
Narang's,association_or_organization,association_or_organization|point_of_interest|service|establishment,,,"Ivory Block, IVORY, Sector 65, Gurugram, Haryana 122101, India",,,OPERATIONAL,https://maps.google.com/?cid=11739335846800829224&g_mp=Cilnb29nbGUubWFwcy5wbGFjZXMudjEuUGxhY2VzLlNlYXJjaE5lYXJieRACGAQgAA,ChIJxyfMPwAjDTkRKKuSR8F_6qI
Dhan Bai,food_store,food_store|store|food|point_of_interest|establishment,081788 99762,,"Shop No 01 Bhuyapur, Maidawas Rd, Sector 64, Gurugram, Haryana 122101, India",,,OPERATIONAL,https://maps.google.com/?cid=11412860481937184133&g_mp=Cilnb29nbGUubWFwcy5wbGFjZXMudjEuUGxhY2VzLlNlYXJjaE5lYXJieRACGAQgAA,ChIJF7XH1SEjDTkRhZX18COgYp4
Trump Tower 2 Gurgaon,service,point_of_interest|service|establishment,095600 28078,https://trumptower2gurgaon.com/,"Sector 69, Gurugram, Haryana 122101, India",4.8,13,OPERATIONAL,https://maps.google.com/?cid=5400040944197609436&g_mp=Cilnb29nbGUubWFwcy5wbGFjZXMudjEuUGxhY2VzLlNlYXJjaE5lYXJieRACGAQgAA,ChIJbxPKIwYjDTkR3Kd2y6DM8Eo
Anil Gupta residence,association_or_organization,association_or_organization|point_of_interest|service|establishment,,,"IVORY, BLOCK I-93, IVORY, Sector 65, Gurugram, Haryana 122101, India",,,OPERATIONAL,https://maps.google.com/?cid=15270014043307013341&g_mp=Cilnb29nbGUubWFwcy5wbGFjZXMudjEuUGxhY2VzLlNlYXJjaE5lYXJieRACGAQgAA,ChIJ_f3_X8IjDTkR3XSKTt786dM
M3M Trump Towers,apartment_building,apartment_building|point_of_interest|service|establishment,,,"Unnamed Road, Sector 65, Gurugram, Haryana 122101, India",4.3,27,OPERATIONAL,https://maps.google.com/?cid=14905094495456750316&g_mp=Cilnb29nbGUubWFwcy5wbGFjZXMudjEuUGxhY2VzLlNlYXJjaE5lYXJieRACGAQgAA,ChIJRT4SD6IjDTkR7GpUGXmI2c4
Ivory 175 Second Floor,association_or_organization,association_or_organization|point_of_interest|service|establishment,,,"Ivory Block, EMERALD HILLS, Sector 65, Gurugram, Haryana 122101, India",,,OPERATIONAL,https://maps.google.com/?cid=11120442666790926085&g_mp=Cilnb29nbGUubWFwcy5wbGFjZXMudjEuUGxhY2VzLlNlYXJjaE5lYXJieRACGAQgAA,ChIJg98FYgAjDTkRBbcr06-_U5o
"Stay with BnBBuddy Hosting for 5 Yr Gurugram with WiFi, AC",lodging,lodging|point_of_interest|establishment,,https://www.vrbo.com/pdp/lo/103044513?MDPCID=VRBO-META.HPA.WEB-ORGANIC.VR,"Sector 65, Gurugram, Haryana 122101, India",,,OPERATIONAL,https://maps.google.com/?cid=13440621355194406173&g_mp=Cilnb29nbGUubWFwcy5wbGFjZXMudjEuUGxhY2VzLlNlYXJjaE5lYXJieRACGAQgAA,ChIJpaFBqEEiDTkRHVXkPOmthro
"Skylux Heights : your perfect vrbo getaway Privacy, convenience & luxury awaits",lodging,lodging|point_of_interest|establishment,,https://www.vrbo.com/pdp/lo/103196336?MDPCID=VRBO-META.HPA.WEB-ORGANIC.VR,"Sector 65, Gurugram, Haryana 122101, India",,,OPERATIONAL,https://maps.google.com/?cid=11784378295973862698&g_mp=Cilnb29nbGUubWFwcy5wbGFjZXMudjEuUGxhY2VzLlNlYXJjaE5lYXJieRACGAQgAA,ChIJpaFBqEEiDTkRKl1Ytp-FiqM
Shresth’s House,apartment_building,apartment_building|point_of_interest|service|establishment,,,"3rd Floor, A, Block Adani Samsara, A-59, Sector 65, Gurugram, Haryana 122101, India",,,OPERATIONAL,https://maps.google.com/?cid=4362370874632185627&g_mp=Cilnb29nbGUubWFwcy5wbGFjZXMudjEuUGxhY2VzLlNlYXJjaE5lYXJieRACGAQgAA,ChIJ2X9gUwAjDTkRGyf2mDJBijw
"Bhatnagar's House- A 59, Second Floor",association_or_organization,association_or_organization|point_of_interest|service|establishment,,,"C32G+FC3, Sector 65, Gurugram, Haryana 122101, India",,,OPERATIONAL,https://maps.google.com/?cid=3417324222631107747&g_mp=Cilnb29nbGUubWFwcy5wbGFjZXMudjEuUGxhY2VzLlNlYXJjaE5lYXJieRACGAQgAA,ChIJFUzBMAAjDTkRo9xDVEbGbC8
Adani Samsara A-Block Sector-65 Gate no.2,association_or_organization,association_or_organization|point_of_interest|service|establishment,,,"C32G+FC, Sector 65, Gurugram, Haryana 122101, India",4.8,6,CLOSED_TEMPORARILY,https://maps.google.com/?cid=4763876486899051167&g_mp=Cilnb29nbGUubWFwcy5wbGFjZXMudjEuUGxhY2VzLlNlYXJjaE5lYXJieRACGAQgAA,ChIJrWiMcwAjDTkRnyp0u2ywHEI
"Block-B,Adani Brahma City",service,point_of_interest|service|establishment,,,"C32G+752, Sector 65, Gurugram, Haryana 122101, India",,,OPERATIONAL,https://maps.google.com/?cid=3281255033700757491&g_mp=Cilnb29nbGUubWFwcy5wbGFjZXMudjEuUGxhY2VzLlNlYXJjaE5lYXJieRACGAQgAA,ChIJW5v1KwAjDTkR8y8yfRFciS0
AdiDav Nivas,apartment_building,apartment_building|point_of_interest|service|establishment,,,"Block-A, Sector 65, Gurugram, Haryana 122101, India",,,OPERATIONAL,https://maps.google.com/?cid=17943575372675523390&g_mp=Cilnb29nbGUubWFwcy5wbGFjZXMudjEuUGxhY2VzLlNlYXJjaE5lYXJieRACGAQgAA,ChIJnXUhPgAjDTkRPqPFeLtiBPk
Base 37,service,point_of_interest|service|establishment,,,"C32G+MF4, Sector 65, Gurugram, Haryana 122101, India",5,2,OPERATIONAL,https://maps.google.com/?cid=17747488979090913320&g_mp=Cilnb29nbGUubWFwcy5wbGFjZXMudjEuUGxhY2VzLlNlYXJjaE5lYXJieRACGAQgAA,ChIJwc70dAAjDTkRKLjfPTK_S_Y
Kailasa - Sodhi’s Residence,condominium_complex,condominium_complex|point_of_interest|service|establishment,,,"3rd Floor, Adani Samsara, Block-A, A-42, Sector 65, Gurugram, Haryana 122101, India",,,OPERATIONAL,https://maps.google.com/?cid=6587558496524586665&g_mp=Cilnb29nbGUubWFwcy5wbGFjZXMudjEuUGxhY2VzLlNlYXJjaE5lYXJieRACGAQgAA,ChIJdXUbGAAjDTkRqU502oy1a1s
A 42 Adani Samsara A Block,apartment_building,apartment_building|point_of_interest|service|establishment,,,"C32G+FC, Sector 65, Gurugram, Haryana 122101, India",,,OPERATIONAL,https://maps.google.com/?cid=9459182947335666128&g_mp=Cilnb29nbGUubWFwcy5wbGFjZXMudjEuUGxhY2VzLlNlYXJjaE5lYXJieRACGAQgAA,ChIJaw4eHwAjDTkR0PlfEcbERYM
Gamnani Residence,apartment_complex,apartment_complex|point_of_interest|service|establishment,,,"C32G+M75, Sector 65, Gurugram, Haryana 122101, India",,,OPERATIONAL,https://maps.google.com/?cid=17085568547673105166&g_mp=Cilnb29nbGUubWFwcy5wbGFjZXMudjEuUGxhY2VzLlNlYXJjaE5lYXJieRACGAQgAA,ChIJ7ea0ewAjDTkRDmOkJRIiHO0
Luxury Studios Key,lodging,lodging|point_of_interest|establishment,,https://www.vrbo.com/pdp/lo/100375758?MDPCID=VRBO-META.HPA.WEB-ORGANIC.VR,"Sector 65, Gurugram, Haryana 122101, India",,,OPERATIONAL,https://maps.google.com/?cid=1073821705589588844&g_mp=Cilnb29nbGUubWFwcy5wbGFjZXMudjEuUGxhY2VzLlNlYXJjaE5lYXJieRACGAQgAA,ChIJUeUouEEiDTkRbIPF4Sb75g4
Adani Samsara A-Block PARK,association_or_organization,association_or_organization|point_of_interest|service|establishment,,,"C32G+P9X, Sector 65, Gurugram, Haryana 122101, India",4.5,4,OPERATIONAL,https://maps.google.com/?cid=18162835243970053615&g_mp=Cilnb29nbGUubWFwcy5wbGFjZXMudjEuUGxhY2VzLlNlYXJjaE5lYXJieRACGAQgAA,ChIJoSEcGAAjDTkR78XHbmxaD_w
Hemant Electronics,service,point_of_interest|service|establishment,,,"C-8, Sector 65, Gurugram, Haryana 122001, India",,,OPERATIONAL,https://maps.google.com/?cid=16065615137116408856&g_mp=Cilnb29nbGUubWFwcy5wbGFjZXMudjEuUGxhY2VzLlNlYXJjaE5lYXJieRACGAQgAA,ChIJ8cGY7KYjDTkRGEz2EdmH9N4
Adani Samsara A-Block Sector 65,association_or_organization,association_or_organization|point_of_interest|service|establishment,,,"C32F+CQM, Sector 65, Gurugram, Haryana 122101, India",4.9,12,OPERATIONAL,https://maps.google.com/?cid=12037328645020934123&g_mp=Cilnb29nbGUubWFwcy5wbGFjZXMudjEuUGxhY2VzLlNlYXJjaE5lYXJieRACGAQgAA,ChIJiamoZgAjDTkR618bS6AuDac
Coral 10,condominium_complex,condominium_complex|point_of_interest|service|establishment,,,"CORAL BLOCK EMERALD HILLS, 10, Sector 65, Gurugram, Haryana 122101, India",,,OPERATIONAL,https://maps.google.com/?cid=9298372687426774725&g_mp=Cilnb29nbGUubWFwcy5wbGFjZXMudjEuUGxhY2VzLlNlYXJjaE5lYXJieRACGAQgAA,ChIJDw48WwAjDTkRxWZEv7F0CoE
C28 GF coral,apartment_building,apartment_building|point_of_interest|service|establishment,,,"Emaar Mgf, EMERALD HILLS, C14, Sector 65, Gurugram, Haryana 122101, India",,,OPERATIONAL,https://maps.google.com/?cid=4527383444345109860&g_mp=Cilnb29nbGUubWFwcy5wbGFjZXMudjEuUGxhY2VzLlNlYXJjaE5lYXJieRACGAQgAA,ChIJ0Sy5SgAjDTkRZL0sakF_1D4
"C-11, Coral Block, Emerald Hills",apartment_building,apartment_building|point_of_interest|service|establishment,,,"CORAL BLOCK EMERALD HILLS, Sector 65, Gurugram, Haryana 122101, India",5,1,OPERATIONAL,https://maps.google.com/?cid=10339368988856373874&g_mp=Cilnb29nbGUubWFwcy5wbGFjZXMudjEuUGxhY2VzLlNlYXJjaE5lYXJieRACGAQgAA,ChIJOz3RFgAjDTkRclJ5plDRfI8
K2M 1RK Studio Appartmrnt PG,private_guest_room,private_guest_room|lodging|point_of_interest|establishment,,,"C-16, Sector 69, Sector 65, Gurugram, Haryana 122101, India",,,OPERATIONAL,https://maps.google.com/?cid=14317036014757708770&g_mp=Cilnb29nbGUubWFwcy5wbGFjZXMudjEuUGxhY2VzLlNlYXJjaE5lYXJieRACGAQgAA,ChIJeZtSKAAjDTkR4oMbiGZUsMY
Coral unit no 10,apartment_building,apartment_building|point_of_interest|service|establishment,,,"C32F+VW5, Unnamed Road, Sector 65, Gurugram, Haryana 122101, India",,,OPERATIONAL,https://maps.google.com/?cid=4566036159913049237&g_mp=Cilnb29nbGUubWFwcy5wbGFjZXMudjEuUGxhY2VzLlNlYXJjaE5lYXJieRACGAQgAA,ChIJ9fXHEBwjDTkRlbw0D7LRXT8
Sector 62 kabadi shop,store,store|point_of_interest|establishment,,,"C32H+PWQ, Sector 62, Gurugram, Haryana 122098, India",5,1,OPERATIONAL,https://maps.google.com/?cid=10793817418996759958&g_mp=Cilnb29nbGUubWFwcy5wbGFjZXMudjEuUGxhY2VzLlNlYXJjaE5lYXJieRACGAQgAA,ChIJ_TkATR8jDTkRlr25JcFXy5U
Atul nursery,wholesaler,wholesaler|point_of_interest|establishment,078300 14564,,"Badshahpur, Sector 60, Gurugram, Haryana 122101, India",3,2,OPERATIONAL,https://maps.google.com/?cid=2032043825014872629&g_mp=Cilnb29nbGUubWFwcy5wbGFjZXMudjEuUGxhY2VzLlNlYXJjaE5lYXJieRACGAQgAA,ChIJf2Dk00IjDTkRNZoJthdFMxw
"Block C, Brahma City",housing_complex,housing_complex|service|point_of_interest|establishment,,,"93XH+CQW, Sector 64, Gurugram, Haryana 122101, India",5,1,OPERATIONAL,https://maps.google.com/?cid=11528296123283885287&g_mp=Cilnb29nbGUubWFwcy5wbGFjZXMudjEuUGxhY2VzLlNlYXJjaE5lYXJieRACGAQgAA,ChIJ2QrM7SkjDTkR50zZnT68_J8
Royal Interior Design,general_contractor,general_contractor|service|point_of_interest|establishment,099990 02011,https://royalinteriordesign.in/,"Shop No 1, Ullawas Dhani Rd, Sector 62, Gurugram, Haryana 122102, India",5,9,OPERATIONAL,https://maps.google.com/?cid=6054201373554319462&g_mp=Cilnb29nbGUubWFwcy5wbGFjZXMudjEuUGxhY2VzLlNlYXJjaE5lYXJieRACGAQgAA,ChIJgRvBCH4jDTkRZiBjnRLYBFQ
AK Traders,,point_of_interest|establishment,,,"C32J+2C4, Prajapati Rd, Sector 67, Gurugram, Haryana 122098, India",,,CLOSED_TEMPORARILY,https://maps.google.com/?cid=11783838639165473938&g_mp=Cilnb29nbGUubWFwcy5wbGFjZXMudjEuUGxhY2VzLlNlYXJjaE5lYXJieRACGAQgAA,ChIJw-P_Ej8iDTkRkgT7Ec-aiKM
New Car Washing Centre,car_wash,car_wash|service|point_of_interest|establishment,088265 58189,,"New, Annapurna Hotel, Aipl Joy square, Sector 62, Gurugram, Haryana 122098, India",,,OPERATIONAL,https://maps.google.com/?cid=3451040345329763093&g_mp=Cilnb29nbGUubWFwcy5wbGFjZXMudjEuUGxhY2VzLlNlYXJjaE5lYXJieRACGAQgAA,ChIJmSNuMZ4jDTkRFQPs4OiO5C8
Anant Material Supplier,wholesaler,wholesaler|point_of_interest|establishment,098134 49955,,"C33J+62W, Sector 62, Nangli Umarpur, Gurugram, Haryana 122098, India",5,5,OPERATIONAL,https://maps.google.com/?cid=1363802982360789869&g_mp=Cilnb29nbGUubWFwcy5wbGFjZXMudjEuUGxhY2VzLlNlYXJjaE5lYXJieRACGAQgAA,ChIJOQQzFwAjDTkRbbM7M5Yz7RI
Nova Drive Auto,car_dealer,car_dealer|store|point_of_interest|establishment,,,"93XJ+J8H, Kadarpur Rd, Sector 63, Gurugram, Haryana 122098, India",,,OPERATIONAL,https://maps.google.com/?cid=16418984308122514901&g_mp=Cilnb29nbGUubWFwcy5wbGFjZXMudjEuUGxhY2VzLlNlYXJjaE5lYXJieRACGAQgAA,ChIJ-RFLTwAjDTkR1fVamjzz2-M
Quick & spick car spa,car_wash,car_wash|car_repair|laundry|service|point_of_interest|establishment,088006 16133,https://quick-spick-car-spa.grexa.site/,"near DLF, opp. annpurna dhaba, Sector 63, Gurugram, Haryana 122098, India",4.8,101,OPERATIONAL,https://maps.google.com/?cid=14039468114248923630&g_mp=Cilnb29nbGUubWFwcy5wbGFjZXMudjEuUGxhY2VzLlNlYXJjaE5lYXJieRACGAQgAA,ChIJ1yNMQ7gjDTkR7vk6md011sI
MD Maruf,association_or_organization,association_or_organization|point_of_interest|service|establishment,,,"62, Vatika Road, Sector 83, Sector 62, Gurugram, Haryana 122098, India",,,OPERATIONAL,https://maps.google.com/?cid=16782035010728855992&g_mp=Cilnb29nbGUubWFwcy5wbGFjZXMudjEuUGxhY2VzLlNlYXJjaE5lYXJieRACGAQgAA,ChIJI9AyPAAjDTkRuImpXu3D5eg
RAWAT MARKET,real_estate_agency,real_estate_agency|point_of_interest|service|establishment,098119 81717,,"Sector 62, Gurugram, Haryana 122101, India",,,OPERATIONAL,https://maps.google.com/?cid=18370868926196321675&g_mp=Cilnb29nbGUubWFwcy5wbGFjZXMudjEuUGxhY2VzLlNlYXJjaE5lYXJieRACGAQgAA,ChIJkZ1H41sjDTkRi40xkfRv8v4
Lila,association_or_organization,association_or_organization|point_of_interest|service|establishment,,,"C32J+3W, Sector 62, Gurugram, Haryana 122098, India",,,OPERATIONAL,https://maps.google.com/?cid=17724914199808567703&g_mp=Cilnb29nbGUubWFwcy5wbGFjZXMudjEuUGxhY2VzLlNlYXJjaE5lYXJieRACGAQgAA,ChIJLZrjZQAjDTkRl-nd2Y2L-_U
Shree Shyam pharma,drugstore,drugstore|health|point_of_interest|store|establishment,083840 38137,,"Near, Rawat market, near Aipl Business Club, Sector 62, Gurugram, Haryana 122098, India",5,9,OPERATIONAL,https://maps.google.com/?cid=4330919499256716924&g_mp=Cilnb29nbGUubWFwcy5wbGFjZXMudjEuUGxhY2VzLlNlYXJjaE5lYXJieRACGAQgAA,ChIJUdSTKwAjDTkRfF4CoFaEGjw
Fresh Terra,store,store|point_of_interest|establishment,,,"C32M+48W, Maidawas Rd, Sector 62, Gurugram, Haryana 122098, India",,,OPERATIONAL,https://maps.google.com/?cid=9600087614047297895&g_mp=Cilnb29nbGUubWFwcy5wbGFjZXMudjEuUGxhY2VzLlNlYXJjaE5lYXJieRACGAQgAA,ChIJcSylZwAjDTkRZ6HqT9JcOoU
HR26 Autocare ! Premium car wash! Ceramic coating! PPF& Detailing,car_wash,car_wash|point_of_interest|service|establishment,079841 68899,,"Shop No. 1, Rawat Market, Aipl Business Club, near Bharat nursery, Tower, Sector 62, Gurugram, Haryana 122098, India",5,74,OPERATIONAL,https://maps.google.com/?cid=11375006271005714686&g_mp=Cilnb29nbGUubWFwcy5wbGFjZXMudjEuUGxhY2VzLlNlYXJjaE5lYXJieRACGAQgAA,ChIJy1JFDSEjDTkR_ugipe8j3J0
Bhaarat Vatika,farm,farm|wholesaler|point_of_interest|service|establishment,,,"Medawas, road, opposite kake da dhaba, near Aipl Business Club, tower, Sector 62, Gurugram, Haryana 122098, India",5,5,OPERATIONAL,https://maps.google.com/?cid=1225758406062000887&g_mp=Cilnb29nbGUubWFwcy5wbGFjZXMudjEuUGxhY2VzLlNlYXJjaE5lYXJieRACGAQgAA,ChIJK8SIAZ8jDTkR90rGpcbEAhE
Singh Key Maker,locksmith,locksmith|point_of_interest|service|establishment,,http://singhkeymakers.co.in/,"Shop No.2, Ullawas Dhani Rd, Village, HBR Chowk, Gurugram, Haryana 122001, India",4.7,25,OPERATIONAL,https://maps.google.com/?cid=18430887961282994411&g_mp=Cilnb29nbGUubWFwcy5wbGFjZXMudjEuUGxhY2VzLlNlYXJjaE5lYXJieRACGAQgAA,ChIJsY888JjTDDkR6-BLI_Oqx_8
Febricetion work shop,store,point_of_interest|store|establishment,,,"C32J+3W, Sector 62, Gurugram, Haryana 122098, India",,,OPERATIONAL,https://maps.google.com/?cid=2010865414972953906&g_mp=Cilnb29nbGUubWFwcy5wbGFjZXMudjEuUGxhY2VzLlNlYXJjaE5lYXJieRACGAQgAA,ChIJt3lMGQAjDTkRMtWU3nAH6Bs
Idealengineeringenterprises,general_contractor,point_of_interest|general_contractor|service|establishment,097630 79234,https://home-builder-haryana-122098-160934.grexa.site/,"Buapur ullawas road, near Aipl Business Club, Sector 62, Gurugram, Haryana 122098, India",5,3,OPERATIONAL,https://maps.google.com/?cid=11505207954678304791&g_mp=Cilnb29nbGUubWFwcy5wbGFjZXMudjEuUGxhY2VzLlNlYXJjaE5lYXJieRACGAQgAA,ChIJF9XlBj0jDTkRF1CZda21qp8
JAI SHREE SHYAM SCRAP,service,point_of_interest|service|establishment,089509 60040,,"near DLE, Bhuapur, Sector 62, Gurugram, Haryana 122102, India",4.7,34,OPERATIONAL,https://maps.google.com/?cid=5365995514269900854&g_mp=Cilnb29nbGUubWFwcy5wbGFjZXMudjEuUGxhY2VzLlNlYXJjaE5lYXJieRACGAQgAA,ChIJ_eVtm-YjDTkRNqBlbn3Yd0o
Hr26 pakiza hotel Mewati dhaba,butcher_shop,butcher_shop|food_store|manufacturer|food|point_of_interest|store|service|establishment,,,"C32J+2VJ, Sector 63, Gurugram, Haryana 122098, India",,,OPERATIONAL,https://maps.google.com/?cid=4019438095280565343&g_mp=Cilnb29nbGUubWFwcy5wbGFjZXMudjEuUGxhY2VzLlNlYXJjaE5lYXJieRACGAQgAA,ChIJswVkfgAjDTkRX-ze2abpxzc
Shree shyam electrical and lights,service,electrician|point_of_interest|store|service|establishment,,,"Shop no 9, Maidawas Rd, Sector 63, Gurugram, Haryana 122098, India",5,4,OPERATIONAL,https://maps.google.com/?cid=464283982463438447&g_mp=Cilnb29nbGUubWFwcy5wbGFjZXMudjEuUGxhY2VzLlNlYXJjaE5lYXJieRACGAQgAA,ChIJJeXR3WYjDTkRbw6jedJ3cQY
Ritu Green Nursery,farm,farm|wholesaler|point_of_interest|service|establishment,099993 21547,,"Maidawas Rd, nearby Aipl Business Club, Sector 63, Gurugram, Haryana 122098, India",4,5,OPERATIONAL,https://maps.google.com/?cid=523252542382767459&g_mp=Cilnb29nbGUubWFwcy5wbGFjZXMudjEuUGxhY2VzLlNlYXJjaE5lYXJieRACGAQgAA,ChIJ3eA3qT8jDTkRY32LPGr3Qgc
Aradhya Furnishing Gurgaon. Curtains shop.,store,home_improvement_store|home_goods_store|building_materials_store|point_of_interest|store|general_contractor|service|establishment,094859 08525,https://aradhyafurnishinggurgaon.com/,"Shop no. 5, Maidawas Rd, near Aipl Business Club, Sector 63, Gurugram, Haryana 122002, India",5,274,OPERATIONAL,https://maps.google.com/?cid=13393911858618532268&g_mp=Cilnb29nbGUubWFwcy5wbGFjZXMudjEuUGxhY2VzLlNlYXJjaE5lYXJieRACGAQgAA,ChIJhwI5FB0jDTkRrIHZFd-74Lk
Unique interiors,general_contractor,furniture_store|home_improvement_store|home_goods_store|manufacturer|point_of_interest|store|general_contractor|service|establishment,085459 03441,,"Shop no 1, maidawas road, park, near Aipl Business Club, Sector 63, Gurugram, Haryana 122098, India",5,6,OPERATIONAL,https://maps.google.com/?cid=17633422606149416881&g_mp=Cilnb29nbGUubWFwcy5wbGFjZXMudjEuUGxhY2VzLlNlYXJjaE5lYXJieRACGAQgAA,ChIJKcuSXh0jDTkRsffgNW-AtvQ
GOLDEN PARK,building_materials_store,building_materials_store|home_goods_store|store|point_of_interest|establishment,074283 30330,http://meffierluxuryfloors.com/,"Meffier Luxury Floors, Near, Golf Course Ext Rd, Badshahpur, Sector 66, Gurugram, Haryana 122101, India",5,1,OPERATIONAL,https://maps.google.com/?cid=11714214769383334100&g_mp=Cilnb29nbGUubWFwcy5wbGFjZXMudjEuUGxhY2VzLlNlYXJjaE5lYXJieRACGAQgAA,ChIJtx_gq4siDTkR1GC6p0RAkaI
GOOD EARTH DYSTRICT,corporate_office,corporate_office|point_of_interest|establishment,,https://www.goodearthgroup.in/,"Golf Course Ext Rd, Badshahpur, Sector 66, Gurugram, Haryana 122101, India",,,OPERATIONAL,https://maps.google.com/?cid=8026230235118153401&g_mp=Cilnb29nbGUubWFwcy5wbGFjZXMudjEuUGxhY2VzLlNlYXJjaE5lYXJieRACGAQgAA,ChIJwYQg-xAjDTkRua63wd_lYm8
HDFC Bank ATM,atm,atm|finance|point_of_interest|establishment,1800 1601,https://near-me.hdfcbank.com/branch-atm-locator/hdfc-bank-atm-sector-66-atm-sector-66-gurugram-21566/Home?utm_source=locator&utm_medium=googleplaces,"Ground Floor, No 2 & 3, Golf Course Ext Rd, Badshahpur, Sector 66, Gurugram, Haryana 122018, India",4,3,OPERATIONAL,https://maps.google.com/?cid=222308181209639031&g_mp=Cilnb29nbGUubWFwcy5wbGFjZXMudjEuUGxhY2VzLlNlYXJjaE5lYXJieRACGAQgAA,ChIJ2eGslIwiDTkRd-ip6xzMFQM
Smartworld The Edition,consultant,general_contractor|real_estate_agency|consultant|service|point_of_interest|establishment,,https://smartworld-properties.com/residential/gurgaon/smartworld-the-edition-sector-66/,"Golf Course Ext Rd, Rosewood City, Ghasola, Sector 66, Gurugram, Haryana 122102, India",5,1,OPERATIONAL,https://maps.google.com/?cid=16920779817380585102&g_mp=Cilnb29nbGUubWFwcy5wbGFjZXMudjEuUGxhY2VzLlNlYXJjaE5lYXJieRACGAQgAA,ChIJfyK1YwAjDTkRjp6RAZiv0uo
Smartworld The Edition,point_of_interest,point_of_interest|establishment,,https://smartworld-properties.com/residential/gurgaon/smartworld-the-edition-sector-66/,"Golf Course Ext Rd, Rosewood City, Ghasola, Sector 66, Gurugram, Haryana 122102, India",4.5,46,OPERATIONAL,https://maps.google.com/?cid=4809908547620713731&g_mp=Cilnb29nbGUubWFwcy5wbGFjZXMudjEuUGxhY2VzLlNlYXJjaE5lYXJieRACGAQgAA,ChIJwTbn3xojDTkRAzUMD1c6wEI
SUTRAM Handmade Macrame,,gift_shop|wholesaler|store|service|point_of_interest|establishment,063836 74744,https://sutramhandmade.com/,"Golf Course Ext Rd, Badshahpur, Sector 66, Gurugram, Haryana 122101, India",5,8,OPERATIONAL,https://maps.google.com/?cid=1081645151404586415&g_mp=Cilnb29nbGUubWFwcy5wbGFjZXMudjEuUGxhY2VzLlNlYXJjaE5lYXJieRACGAQgAA,ChIJdRc2qa8jDTkRr3V-zojGAg8
Smart Salon Corner,hair_salon,hair_salon|hair_care|service|point_of_interest|establishment,086178 62859,,"Shop No 4, Badshahpur, Sector 66, Gurugram, Haryana 122101, India",,,OPERATIONAL,https://maps.google.com/?cid=10014889063188804238&g_mp=Cilnb29nbGUubWFwcy5wbGFjZXMudjEuUGxhY2VzLlNlYXJjaE5lYXJieRACGAQgAA,ChIJN3bO-lwjDTkRjjJQtIoI_Io
Xxf,association_or_organization,service|association_or_organization|point_of_interest|establishment,,,"C333+43W, Badshahpur, Sector 66, Gurugram, Haryana 122101, India",,,OPERATIONAL,https://maps.google.com/?cid=9705755556643847934&g_mp=Cilnb29nbGUubWFwcy5wbGFjZXMudjEuUGxhY2VzLlNlYXJjaE5lYXJieRACGAQgAA,ChIJt7jZKAAjDTkR_r6HZkHFsYY
RS Group Roshan,market,market|point_of_interest|establishment,,,"IFS Roshan, Palm Dr, Badshahpur, Sector 66, Gurugram, Haryana 122101, India",,,CLOSED_TEMPORARILY,https://maps.google.com/?cid=5725254911869770542&g_mp=Cilnb29nbGUubWFwcy5wbGFjZXMudjEuUGxhY2VzLlNlYXJjaE5lYXJieRACGAQgAA,ChIJ75zZ9wIjDTkRLtuONgIxdE8
Chemist And Drugest,pharmacy,pharmacy|store|health|point_of_interest|establishment,,,"C332+JWP, D Block, Rosewood City, Ghasola, Sector 49, Gurugram, Haryana 122018, India",1,1,OPERATIONAL,https://maps.google.com/?cid=3805617613049629398&g_mp=Cilnb29nbGUubWFwcy5wbGFjZXMudjEuUGxhY2VzLlNlYXJjaE5lYXJieRACGAQgAA,ChIJV_O1VekjDTkR1grLWA5F0DQ
Adda,bar,bar|point_of_interest|establishment,,,"Ha Cha, Golf Course Ext Rd, adjacent to Vintage Wines, opposite Palm Drive Road, Rosewood City, Ghasola, Sector 49, Gurugram, Haryana 122018, India",1,1,OPERATIONAL,https://maps.google.com/?cid=5912472064965203758&g_mp=Cilnb29nbGUubWFwcy5wbGFjZXMudjEuUGxhY2VzLlNlYXJjaE5lYXJieRACGAQgAA,ChIJ49pPCwAjDTkRLtereARSDVI
Laxmi Nursury,farm,wholesaler|farm|service|point_of_interest|establishment,,,"C333+R39, opposite Pam Square, near Shamshan Ghat, Rosewood City, Ghasola, Sector 49, Gurugram, Haryana 122018, India",,,CLOSED_TEMPORARILY,https://maps.google.com/?cid=12945958588265870326&g_mp=Cilnb29nbGUubWFwcy5wbGFjZXMudjEuUGxhY2VzLlNlYXJjaE5lYXJieRACGAQgAA,ChIJOzURpYsiDTkR9jOB0r5IqbM
Ashok Flower Pots,store,store|point_of_interest|establishment,,,"Golf Course Ext Rd, Rosewood City, Ghasola, Sector 49, Gurugram, Haryana 122018, India",4.8,4,OPERATIONAL,https://maps.google.com/?cid=12581527113769388387&g_mp=Cilnb29nbGUubWFwcy5wbGFjZXMudjEuUGxhY2VzLlNlYXJjaE5lYXJieRACGAQgAA,ChIJOZBGEMYjDTkRY4krDECQmq4
Ha Cha,bar,bar|point_of_interest|establishment,099921 76969,https://instagram.com/hachagurgaon?igshid=MTNiYzNiMzkwZA==,"Ha Cha, Golf Course Ext Rd, adjacent to Vintage Wines, opposite Emaar Palm Drive, Rosewood City, Ghasola, Sector 49, Gurugram, Haryana 122018, India",3.8,1837,OPERATIONAL,https://maps.google.com/?cid=1228675261871473373&g_mp=Cilnb29nbGUubWFwcy5wbGFjZXMudjEuUGxhY2VzLlNlYXJjaE5lYXJieRACGAQgAA,ChIJkTLShyYjDTkR3cIoEKQhDRE
Birla Parvaah Sector 71 SPR Road Gurgaon,general_contractor,general_contractor|service|point_of_interest|establishment,,https://birlahomes.co.in/birla-parvaah-sector71-gurgaon/,"Birla Estates, Southern Peripheral Rd, Badshahpur, Sector 71, Gurugram, Haryana 122003, India",5,3,OPERATIONAL,https://maps.google.com/?cid=12894100617828752793&g_mp=Cilnb29nbGUubWFwcy5wbGFjZXMudjEuUGxhY2VzLlNlYXJjaE5lYXJieRACGAQgAA,ChIJUbc5hVEjDTkRmd3TLzIM8bI
Emaar palm drive clubhouse,association_or_organization,association_or_organization|point_of_interest|establishment,,,"C323+X24, Palm Dr, Badshahpur, Sector 66, Gurugram, Haryana 122101, India",4.5,185,OPERATIONAL,https://maps.google.com/?cid=14547816038023785960&g_mp=Cilnb29nbGUubWFwcy5wbGFjZXMudjEuUGxhY2VzLlNlYXJjaE5lYXJieRACGAQgAA,ChIJNRNhndMjDTkR6G0j5Js55Mk
Sharva Yoga Sadhana,,point_of_interest|establishment,099200 76975,https://shiktayoga.indeayoga.com/,"Emaar Palm Drive, Golf Course Ext Rd, Badshahpur, Sector 66, Gurugram, Haryana 122101, India",5,20,OPERATIONAL,https://maps.google.com/?cid=7309442560577239735&g_mp=Cilnb29nbGUubWFwcy5wbGFjZXMudjEuUGxhY2VzLlNlYXJjaE5lYXJieRACGAQgAA,ChIJmyGl950jDTkRt_pTIUhbcGU
Banjara Ceramic Pots,wholesaler,wholesaler|point_of_interest|establishment,,,"578/67, Rosewood City, Ghasola, Sector 49, Gurugram, Haryana 122018, India",,,OPERATIONAL,https://maps.google.com/?cid=790626840959450051&g_mp=Cilnb29nbGUubWFwcy5wbGFjZXMudjEuUGxhY2VzLlNlYXJjaE5lYXJieRACGAQgAA,ChIJHcZ6dwAjDTkRw_tGReze-Ao
Gurugram,apartment_building,apartment_building|service|point_of_interest|establishment,,,"C332+CMF, Palm Dr Rd, D Block, Block W, Badshahpur, Sector 49, Gurugram, Haryana 122101, India",5,1,OPERATIONAL,https://maps.google.com/?cid=746395756155950424&g_mp=Cilnb29nbGUubWFwcy5wbGFjZXMudjEuUGxhY2VzLlNlYXJjaE5lYXJieRACGAQgAA,ChIJGRzPDwAjDTkRWNWIU_y6Wwo
Harendar Chat Bhandar,food_court,food_court|food|point_of_interest|establishment,093892 88372,,"Shop No 9, Badshahpur, Sector 66, Gurugram, Haryana 122101, India",5,2,OPERATIONAL,https://maps.google.com/?cid=13988796664097103853&g_mp=Cilnb29nbGUubWFwcy5wbGFjZXMudjEuUGxhY2VzLlNlYXJjaE5lYXJieRACGAQgAA,ChIJY77djpEjDTkR7V-tPnMwIsI
"Rareism, Sector 66",clothing_store,clothing_store|store|point_of_interest|establishment,080660 85236,https://stores.rareism.com/sis/rareism-sector-66-ssl-city-scape-ggn-rsm-clothing-shop-sector-66-gurugram-367687/Home,"Shoppers Stop, Capital Cityscape Bhondsi, Golf Course Ext Rd, Badshahpur, Sector 66, Gurugram, Haryana 122101, India",,,OPERATIONAL,https://maps.google.com/?cid=8788743679716482512&g_mp=Cilnb29nbGUubWFwcy5wbGFjZXMudjEuUGxhY2VzLlNlYXJjaE5lYXJieRACGAQgAA,ChIJNTDehIIjDTkR0N1128_j93k
"Rare Rabbit, Sector 66",clothing_store,clothing_store|store|point_of_interest|establishment,080660 85236,https://stores-rarerabbit.thehouseofrare.com/SIS/rare-rabbit-sector-66-ssl-city-scape-rr-men-s-clothes-shop-sector-66-gurugram-367615/Home,"Shoppers Stop, Capital The Cityscape, Golf Course Ext Rd, Badshahpur, Sector 66, Gurugram, Haryana 122101, India",3.2,5,OPERATIONAL,https://maps.google.com/?cid=9912886192638859080&g_mp=Cilnb29nbGUubWFwcy5wbGFjZXMudjEuUGxhY2VzLlNlYXJjaE5lYXJieRACGAQgAA,ChIJ6VtuIe0jDTkRSBcds3ilkYk
Khushal sadh baba,hindu_temple,hindu_temple|place_of_worship|association_or_organization|point_of_interest|establishment,,,"C334+7V3, Unnamed Road, Badshahpur, Sector 66, Gurugram, Haryana 122101, India",5,7,OPERATIONAL,https://maps.google.com/?cid=5787166272004521213&g_mp=Cilnb29nbGUubWFwcy5wbGFjZXMudjEuUGxhY2VzLlNlYXJjaE5lYXJieRACGAQgAA,ChIJfer2Bc0jDTkR_XzzChAlUFA
Think Reality,consultant,real_estate_agency|consultant|service|point_of_interest|establishment,092205 04032,https://www.thinkreality.co.in/,"10th floor, EMAAR COLONNADE, Unit 1001, Golf Course Ext Rd, Badshahpur, Sector 66, Gurugram, Haryana 122018, India",4.8,23,OPERATIONAL,https://maps.google.com/?cid=7104999540499919683&g_mp=Cilnb29nbGUubWFwcy5wbGFjZXMudjEuUGxhY2VzLlNlYXJjaE5lYXJieRACGAQgAA,ChIJszspsiQ9DTkRQ7PPLHAHmmI
Manu's Cafe,corporate_office,corporate_office|point_of_interest|establishment,098992 94940,https://www.instagram.com/manuscafe2025,"Shop no. 037, Emaar MGF Colonnade, Golf Course Ext Rd, Badshahpur, Sector 66, Gurugram, Haryana 122101, India",5,1,OPERATIONAL,https://maps.google.com/?cid=18132826860598461021&g_mp=Cilnb29nbGUubWFwcy5wbGFjZXMudjEuUGxhY2VzLlNlYXJjaE5lYXJieRACGAQgAA,ChIJTfbU1xQjDTkRXQKiN_W9pPs
Ania World,insurance_agency,insurance_agency|consultant|service|point_of_interest|establishment,099922 99976,https://www.aniaworld.com/,"4th Floor, EMAAR COLONNADE, Unit No. 419, Golf Course Ext Rd, Badshahpur, Sector 66, Gurugram, Haryana 122101, India",5,1,OPERATIONAL,https://maps.google.com/?cid=12818549001650336663&g_mp=Cilnb29nbGUubWFwcy5wbGFjZXMudjEuUGxhY2VzLlNlYXJjaE5lYXJieRACGAQgAA,ChIJL23BFFMjDTkRl3NOw2ai5LE
Sell Your Property,consultant,real_estate_agency|consultant|service|point_of_interest|establishment,,https://sellyourproperty.in/,"1002, EMAAR COLONNADE, Badshahpur, Sector 66, Gurugram, Haryana 122101, India",,,CLOSED_TEMPORARILY,https://maps.google.com/?cid=16804524927852408371&g_mp=Cilnb29nbGUubWFwcy5wbGFjZXMudjEuUGxhY2VzLlNlYXJjaE5lYXJieRACGAQgAA,ChIJJQSS1Z0jDTkRM-7WP2OqNek
Cog Culture - Digital Marketing Agency in Gurgaon,service,service|point_of_interest|establishment,085888 81455,https://www.cogculture.agency/,"18th Floor, EMAAR COLONNADE, Golf Course Ext Rd, Badshahpur, Sector 66, Gurugram, Haryana 122018, India",3.7,95,OPERATIONAL,https://maps.google.com/?cid=1781738291269073266&g_mp=Cilnb29nbGUubWFwcy5wbGFjZXMudjEuUGxhY2VzLlNlYXJjaE5lYXJieRACGAQgAA,ChIJ2fdEQBYbDTkRcvnNLYkBuhg
Sariful Hussain Fast Food,food_court,food_court|food|point_of_interest|establishment,092051 72920,,"Shop No.15 Sector.66 Saini Maindir Kusal, Badshahpur, Sector 66, Gurugram, Haryana 122101, India",5,3,OPERATIONAL,https://maps.google.com/?cid=5473712189418430448&g_mp=Cilnb29nbGUubWFwcy5wbGFjZXMudjEuUGxhY2VzLlNlYXJjaE5lYXJieRACGAQgAA,ChIJBZd7iu8jDTkR8N8CPTyI9ks
Edoofa,association_or_organization,association_or_organization|consultant|service|point_of_interest|establishment,072920 66328,http://www.edoofa.com/,"901 - Edoofa, Emaar Colonnade, Badshahpur, Sector 66, Gurugram, Haryana 122101, India",4.6,744,OPERATIONAL,https://maps.google.com/?cid=1440829143486413586&g_mp=Cilnb29nbGUubWFwcy5wbGFjZXMudjEuUGxhY2VzLlNlYXJjaE5lYXJieRACGAQgAA,ChIJMYXYzscEDTkREruJ33ja_hM
Motoring 65,car_repair,auto_parts_store|car_repair|store|service|point_of_interest|establishment,074490 00065,http://motoring65.com/,"Khushal Sadh Baba Marg, behind IFC Social, opp. Shani Mandir, Badshahpur, Sector 66, Gurugram, Haryana 122101, India",4.6,327,OPERATIONAL,https://maps.google.com/?cid=3535587246377702897&g_mp=Cilnb29nbGUubWFwcy5wbGFjZXMudjEuUGxhY2VzLlNlYXJjaE5lYXJieRACGAQgAA,ChIJX3lFCLQjDTkR8ZW-RN7tEDE
Priynka,tailor,tailor|service|point_of_interest|establishment,,,"R67, Badshahpur, Sector 66, Gurugram, Haryana 122101, India",5,2,OPERATIONAL,https://maps.google.com/?cid=8280592082575680018&g_mp=Cilnb29nbGUubWFwcy5wbGFjZXMudjEuUGxhY2VzLlNlYXJjaE5lYXJieRACGAQgAA,ChIJHaMCPAAjDTkREuLVa6CS6nI
Skolo Birkenstock,shoe_store,shoe_store|store|point_of_interest|establishment,092204 06068,http://www.sko-lo.com/,"C334+MXG, Badshahpur, Sector 66, Gurugram, Haryana 122101, India",5,7,OPERATIONAL,https://maps.google.com/?cid=12943087959973984292&g_mp=Cilnb29nbGUubWFwcy5wbGFjZXMudjEuUGxhY2VzLlNlYXJjaE5lYXJieRACGAQgAA,ChIJKwAVVQAjDTkRJHjiluwVn7M
CHINTAMANI PHARMA,store,store|health|point_of_interest|establishment,081818 11746,,"Khushal Sadh Baba Marg, near new tehsil office, Badshahpur, Sector 66, Gurugram, Haryana 122101, India",5,4,OPERATIONAL,https://maps.google.com/?cid=4633916533905460165&g_mp=Cilnb29nbGUubWFwcy5wbGFjZXMudjEuUGxhY2VzLlNlYXJjaE5lYXJieRACGAQgAA,ChIJabR4WMUjDTkRxYs-Oon6TkA
Dileep Kumar,place_of_worship,place_of_worship|association_or_organization|point_of_interest|establishment,,,"C334+5XV, Badshahpur, Sector 66, Gurugram, Haryana 122101, India",,,OPERATIONAL,https://maps.google.com/?cid=657188519068522110&g_mp=Cilnb29nbGUubWFwcy5wbGFjZXMudjEuUGxhY2VzLlNlYXJjaE5lYXJieRACGAQgAA,ChIJjz6oYjwjDTkRflaL5XnNHgk
MD SARIFE SHAKE CYCLE WORKS,service,service|point_of_interest|establishment,097188 08248,,"C335+83F, Badshahpur, Sector 66, Adampur, Gurugram, Haryana 122018, India",4.8,4,OPERATIONAL,https://maps.google.com/?cid=11342780374841557051&g_mp=Cilnb29nbGUubWFwcy5wbGFjZXMudjEuUGxhY2VzLlNlYXJjaE5lYXJieRACGAQgAA,ChIJO5v8oociDTkROwC0f6emaZ0
PIAAH,store,store|point_of_interest|establishment,,http://piaah.com/,"Piaah, Ground floor , AIPL Joy Gallery |, Golf Course Ext Rd, near ifc Tower, Badshahpur, Sector 66, Gurugram, Haryana 122001, India",5,1,OPERATIONAL,https://maps.google.com/?cid=15852159011841258115&g_mp=Cilnb29nbGUubWFwcy5wbGFjZXMudjEuUGxhY2VzLlNlYXJjaE5lYXJieRACGAQgAA,ChIJcxlTzTMjDTkRgzLOB6Iu_ts
Elora unisex salon,makeup_artist,makeup_artist|tanning_studio|nail_salon|beauty_salon|service|point_of_interest|establishment,070148 34939,https://elora-unisex-salon.grexa.site/,"Khushal Sadh Baba Marg, opposite shani mandir, Badshahpur, Sector 66, Gurugram, Haryana 122001, India",4.9,34,OPERATIONAL,https://maps.google.com/?cid=2404297308029462394&g_mp=Cilnb29nbGUubWFwcy5wbGFjZXMudjEuUGxhY2VzLlNlYXJjaE5lYXJieRACGAQgAA,ChIJ5VkNlscjDTkReieGw6nHXSE
Bhajjo m bhajjo m,hotel,hotel|lodging|point_of_interest|establishment,,,"68, Sector Rd, IOC Colony, Sector 10A, Gurugram, Haryana 122101, India",,,OPERATIONAL,https://maps.google.com/?cid=3366912271628570547&g_mp=Cilnb29nbGUubWFwcy5wbGFjZXMudjEuUGxhY2VzLlNlYXJjaE5lYXJieRACGAQgAA,ChIJWSTgqH0jDTkRsw9TVN-suS4
MYZA Diamonds,jewelry_store,jewelry_store|manufacturer|point_of_interest|wholesaler|store|service|establishment,090710 22222,https://myza.com/,"02, Ground Floor, Capital The Cityscape, next to Shoppers Stop, Badshahpur, Sector 66, Gurugram, Haryana 122101, India",4.8,49,OPERATIONAL,https://maps.google.com/?cid=14401718525085340299&g_mp=Cilnb29nbGUubWFwcy5wbGFjZXMudjEuUGxhY2VzLlNlYXJjaE5lYXJieRACGAQgAA,ChIJg2HL0ycjDTkRi9Lf6rEu3cc
"SSBeauty by Shoppers Stop - Capital City, Gurugram",,point_of_interest|establishment,079 6972 7779,https://store.ssbeauty.in/ssbeauty-by-shoppers-stop-capital-city-gurugram-beauty-product-supplier-sector-66-gurugram-433885/Home,"Capital The Cityscape, Badshahpur, Sector 66, Gurugram, Haryana 122101, India",,,OPERATIONAL,https://maps.google.com/?cid=17769095774566925097&g_mp=Cilnb29nbGUubWFwcy5wbGFjZXMudjEuUGxhY2VzLlNlYXJjaE5lYXJieRACGAQgAA,ChIJ_TafE2EjDTkRKcP0VnaCmPY
Unipro Education,service,point_of_interest|service|establishment,088005 58887,http://www.unipro.co.in/,"6th floor The, Capital The Cityscape, Badshahpur, Sector 66, Gurugram, Haryana 122101, India",4.7,12,OPERATIONAL,https://maps.google.com/?cid=9218218312191937306&g_mp=Cilnb29nbGUubWFwcy5wbGFjZXMudjEuUGxhY2VzLlNlYXJjaE5lYXJieRACGAQgAA,ChIJu01UOOcYDTkRGosz-Law7X8
CollegeDekho,corporate_office,corporate_office|point_of_interest|establishment,080 4418 7303,https://www.collegedekho.com/,"CollegeDekho, 6th and 7th Floor, Capital The Cityscape, Badshahpur, Sector 66, Gurugram, Haryana 122101, India",4.1,711,OPERATIONAL,https://maps.google.com/?cid=8297876350608135670&g_mp=Cilnb29nbGUubWFwcy5wbGFjZXMudjEuUGxhY2VzLlNlYXJjaE5lYXJieRACGAQgAA,ChIJl6KitCoZDTkR9tUcrJP6J3M
getbeatxp,corporate_office,corporate_office|point_of_interest|establishment,,https://www.beatxp.com/,"4th Floor, C335+CV B-Wing, Badshahpur, Sector 66, Gurugram, Haryana 122101, India",4.5,2,OPERATIONAL,https://maps.google.com/?cid=1000677352787039007&g_mp=Cilnb29nbGUubWFwcy5wbGFjZXMudjEuUGxhY2VzLlNlYXJjaE5lYXJieRACGAQgAA,ChIJJRgIb1gjDTkRH1OmI8Ae4w0
Asgar Metariyal Shop,educational_institution,educational_institution|point_of_interest|establishment,097180 05122,,"Shop No 1, M3m Tawar, near Shiv Mandir, Badshahpur, Sector 9, Gurugram, Haryana 122101, India",,,OPERATIONAL,https://maps.google.com/?cid=11962450868598256315&g_mp=Cilnb29nbGUubWFwcy5wbGFjZXMudjEuUGxhY2VzLlNlYXJjaE5lYXJieRACGAQgAA,ChIJVc4WcR4jDTkRu7Lcaa8pA6Y
Munna sakeel ahmad khan office 🏬,government_office,government_office|point_of_interest|establishment,,,"C336+H5, Badshahpur, Sector 66, Gurugram, Haryana 122101, India",,,OPERATIONAL,https://maps.google.com/?cid=15441474697385874910&g_mp=Cilnb29nbGUubWFwcy5wbGFjZXMudjEuUGxhY2VzLlNlYXJjaE5lYXJieRACGAQgAA,ChIJA_FnDAAjDTkR3hXewWwjS9Y
Dinesh Juice Corner,juice_shop,juice_shop|point_of_interest|food|establishment,098704 51023,,"Golf Course Ext Rd, near AIPL Joy Central, Badshahpur, Sector 65, Gurugram, Haryana 122101, India",5,5,OPERATIONAL,https://maps.google.com/?cid=18214621331250217242&g_mp=Cilnb29nbGUubWFwcy5wbGFjZXMudjEuUGxhY2VzLlNlYXJjaE5lYXJieRACGAQgAA,ChIJjaqwwnwjDTkRGgFsd5hVx_w
shop,,point_of_interest|establishment,084347 45820,,"Badshahpur, Sector 66, Gurugram, Haryana 122101, India",5,2,OPERATIONAL,https://maps.google.com/?cid=8648954437701102385&g_mp=Cilnb29nbGUubWFwcy5wbGFjZXMudjEuUGxhY2VzLlNlYXJjaE5lYXJieRACGAQgAA,ChIJF3DsoqEjDTkRMWu2qTxCB3g
Hmp Realtors And Developers,corporate_office,corporate_office|point_of_interest|establishment,097189 91116,,"C335+PG6, Badshahpur, Sector 66, Gurugram, Haryana 122101, India",5,1,OPERATIONAL,https://maps.google.com/?cid=7014249599716345016&g_mp=Cilnb29nbGUubWFwcy5wbGFjZXMudjEuUGxhY2VzLlNlYXJjaE5lYXJieRACGAQgAA,ChIJr7-GPcsjDTkRuMQEDdmeV2E
Epic Prop Ventures,real_estate_agency,real_estate_agency|point_of_interest|service|establishment,099990 45000,https://www.epicpropventures.in/,"Unit No. 107 First Floor, TOWER-B, Spaze Business Park, Badshahpur, Sector 66, Gurugram, Haryana 122101, India",5,5,OPERATIONAL,https://maps.google.com/?cid=8131990940432566037&g_mp=Cilnb29nbGUubWFwcy5wbGFjZXMudjEuUGxhY2VzLlNlYXJjaE5lYXJieRACGAQgAA,ChIJfTw8ex8jDTkRFYct2ayi2nA
Vivek Building Material Suppliers,building_materials_store,building_materials_store|point_of_interest|store|establishment,096509 46173,,"Golf Course Ext Rd, near Spaze Business Park, Badshahpur, Sector 66, Gurugram, Haryana 122101, India",5,9,OPERATIONAL,https://maps.google.com/?cid=13458755911196048317&g_mp=Cilnb29nbGUubWFwcy5wbGFjZXMudjEuUGxhY2VzLlNlYXJjaE5lYXJieRACGAQgAA,ChIJqUo22VMjDTkRvXuHlTEbx7o
GRPL-HR (UWS),transportation_service,transportation_service|point_of_interest|establishment,,,"C336+647, Badshahpur, Sector 66, Gurugram, Haryana 122101, India",5,2,OPERATIONAL,https://maps.google.com/?cid=7254361861188216401&g_mp=Cilnb29nbGUubWFwcy5wbGFjZXMudjEuUGxhY2VzLlNlYXJjaE5lYXJieRACGAQgAA,ChIJbdL_fAAjDTkRUeZDcK2rrGQ
Divyanshi Realty,consultant,consultant|point_of_interest|service|establishment,075628 29712,http://www.divyanshrealty.co.in/,"Badshahpur, Sector 66, Gurugram, Haryana 122101, India",,,OPERATIONAL,https://maps.google.com/?cid=9004461144842438163&g_mp=Cilnb29nbGUubWFwcy5wbGFjZXMudjEuUGxhY2VzLlNlYXJjaE5lYXJieRACGAQgAA,ChIJPSDGsQIjDTkREwYkHLRF9nw
"OffheMan - Office Products & Solutions (Chairs, Desks, Repairs, Installation & Ready Workspaces)",furniture_store,coworking_space|corporate_office|furniture_store|home_improvement_store|point_of_interest|wholesaler|home_goods_store|supplier|store|service|establishment,092174 60742,https://www.offheman.com/,"1st Floor, Tower-C, Spaze Business Park, C-124, Badshahpur, Sector 66, Gurugram, Haryana 122101, India",5,7,OPERATIONAL,https://maps.google.com/?cid=4268488330829009723&g_mp=Cilnb29nbGUubWFwcy5wbGFjZXMudjEuUGxhY2VzLlNlYXJjaE5lYXJieRACGAQgAA,ChIJh5tBLVgjDTkRO5P2foW3PDs
ASSK & ASSOCIATES LLP,consultant,accounting|finance|consultant|point_of_interest|service|establishment,,http://assk-associates.com/,"304, Tower-B, spaze business park, Badshahpur, Sector 66, Gurugram, Haryana 122101, India",5,2,OPERATIONAL,https://maps.google.com/?cid=13831320020723693584&g_mp=Cilnb29nbGUubWFwcy5wbGFjZXMudjEuUGxhY2VzLlNlYXJjaE5lYXJieRACGAQgAA,ChIJFbCdEAAjDTkREPj7AUe48r8
Globe Teleservices | GTS,telecommunications_service_provider,telecommunications_service_provider|point_of_interest|establishment,,https://globeteleservices.com/,"2nd Floor, Tower-B, Spaze Business Park, 201-207, Badshahpur, Sector 66, Gurugram, Haryana 122018, India",,,OPERATIONAL,https://maps.google.com/?cid=13732013138246682525&g_mp=Cilnb29nbGUubWFwcy5wbGFjZXMudjEuUGxhY2VzLlNlYXJjaE5lYXJieRACGAQgAA,ChIJ3W-ja1cjDTkRnccwpDHpkb4
RAQS BAR,bar,bar|point_of_interest|establishment,088824 32206,,"6th Floor, Spaze Business Park, B-601, Golf Course Ext Rd, Badshahpur, Sector 65, Gurugram, Haryana 122101, India",4.1,291,OPERATIONAL,https://maps.google.com/?cid=7626787756255570280&g_mp=Cilnb29nbGUubWFwcy5wbGFjZXMudjEuUGxhY2VzLlNlYXJjaE5lYXJieRACGAQgAA,ChIJcQFhlJMjDTkRaGnpTA7L12k
The Guitar School (by Rahul Sharma),school,school|educational_institution|point_of_interest|service|establishment,098735 73748,,"Emaar Marbella, Badshahpur, Sector 66, Gurugram, Haryana 122018, India",5,17,OPERATIONAL,https://maps.google.com/?cid=3926742233928324072&g_mp=Cilnb29nbGUubWFwcy5wbGFjZXMudjEuUGxhY2VzLlNlYXJjaE5lYXJieRACGAQgAA,ChIJ-xT3-LglDTkR6FPSyUGXfjY
Chai Sutta Bar Cafe,cafe,cafe|point_of_interest|food|establishment,080533 07084,,"Shop No - G-49, Spaze Business Park, Badshahpur, Sector 66, Gurugram, Haryana 122101, India",4.8,118,OPERATIONAL,https://maps.google.com/?cid=4883872049363530342&g_mp=Cilnb29nbGUubWFwcy5wbGFjZXMudjEuUGxhY2VzLlNlYXJjaE5lYXJieRACGAQgAA,ChIJhzZuMjwjDTkRZrLFxsD_xkM
RAJASWANI JEWELS,jewelry_store,jewelry_store|point_of_interest|store|establishment,098736 08141,,"AIPL JOY CENTRAL, Sector 65, Gurugram, Haryana 122101, India",5,4,OPERATIONAL,https://maps.google.com/?cid=3161796042024154892&g_mp=Cilnb29nbGUubWFwcy5wbGFjZXMudjEuUGxhY2VzLlNlYXJjaE5lYXJieRACGAQgAA,ChIJgY7QTb8jDTkRDPcVkb_04Cs
BBC cricket ground,sports_complex,sports_complex|sports_activity_location|point_of_interest|establishment,,,"C337+2HH, Sector 65, Gurugram, Haryana 122101, India",,,CLOSED_TEMPORARILY,https://maps.google.com/?cid=14482526606748966901&g_mp=Cilnb29nbGUubWFwcy5wbGFjZXMudjEuUGxhY2VzLlNlYXJjaE5lYXJieRACGAQgAA,ChIJI7lQMgAjDTkR9V9qlTdF_Mg
Basketball Court,athletic_field,athletic_field|sports_activity_location|point_of_interest|establishment,,,"C337+2HH, Sector 65, Gurugram, Haryana 122101, India",,,OPERATIONAL,https://maps.google.com/?cid=13334336248803960693&g_mp=Cilnb29nbGUubWFwcy5wbGFjZXMudjEuUGxhY2VzLlNlYXJjaE5lYXJieRACGAQgAA,ChIJJXzptzsjDTkRdSeTgSsUDbk
Propzillow,general_contractor,point_of_interest|general_contractor|service|establishment,,https://propzillow.com/,"Fourth Floor, Emerald Plaza, 437, Golf Course Ext Rd, Sector 65, Gurugram, Haryana 122101, India",,,OPERATIONAL,https://maps.google.com/?cid=16629433252757841848&g_mp=Cilnb29nbGUubWFwcy5wbGFjZXMudjEuUGxhY2VzLlNlYXJjaE5lYXJieRACGAQgAA,ChIJ_c_pVOYjDTkRuCez1m-dx-Y
M3M Golf Estate FW Sports Arena,sports_club,sports_club|association_or_organization|point_of_interest|establishment,,,"C337+2MF, Sector 65, Gurugram, Haryana 122101, India",5,2,OPERATIONAL,https://maps.google.com/?cid=13370017337645172281&g_mp=Cilnb29nbGUubWFwcy5wbGFjZXMudjEuUGxhY2VzLlNlYXJjaE5lYXJieRACGAQgAA,ChIJST4W6fAjDTkROYYnY-7Xi7k
Shruti Home Tuitions,educational_institution,educational_institution|point_of_interest|establishment,,,"M3M Heights, TOWER-4, Sector 65, Gurugram, Haryana 122101, India",5,1,OPERATIONAL,https://maps.google.com/?cid=2232767095314573615&g_mp=Cilnb29nbGUubWFwcy5wbGFjZXMudjEuUGxhY2VzLlNlYXJjaE5lYXJieRACGAQgAA,ChIJCdSVdOwjDTkRL-ln7tdh_B4
MGF The Residency 65,service,point_of_interest|service|establishment,,,"C336+3MQ, Sector 65, Gurugram, Haryana 122101, India",5,1,OPERATIONAL,https://maps.google.com/?cid=12466274213724284397&g_mp=Cilnb29nbGUubWFwcy5wbGFjZXMudjEuUGxhY2VzLlNlYXJjaE5lYXJieRACGAQgAA,ChIJz0OebgAjDTkR7eWlJVkaAa0
"Fitness First Sector 65 | Best gym in Sector 65, Gurugram",gym,gym|fitness_center|school|educational_institution|health|sports_activity_location|point_of_interest|service|establishment,098103 70082,https://www.fitnessfirst.net.in/fitness-first-sector-65-gurugram,"First Floor, M3M 65th Avenue, R6/101-122, Sector 65, Gurugram, Haryana 122101, India",4.7,245,OPERATIONAL,https://maps.google.com/?cid=3131140995680237306&g_mp=Cilnb29nbGUubWFwcy5wbGFjZXMudjEuUGxhY2VzLlNlYXJjaE5lYXJieRACGAQgAA,ChIJRxYmiIsjDTkR-vYuZSUMdCs
"M3M Heights, Tower 6",apartment_building,apartment_building|point_of_interest|service|establishment,,,"TOWER-6, M3M Heights, M3M 65th AVenue, above M3M Heights, Sector 65, Gurugram, Haryana 122101, India",4.1,38,OPERATIONAL,https://maps.google.com/?cid=15601620421173752015&g_mp=Cilnb29nbGUubWFwcy5wbGFjZXMudjEuUGxhY2VzLlNlYXJjaE5lYXJieRACGAQgAA,ChIJCwBUMgAjDTkRz7CKtBwXhNg
Babble house,family_restaurant,family_restaurant|restaurant|food|point_of_interest|establishment,083838 26647,,"R-6, LG-24.25.26 M3M Heights, 24, Sector 65, Gurugram, Haryana 122101, India",4.9,32,OPERATIONAL,https://maps.google.com/?cid=16546597774155906030&g_mp=Cilnb29nbGUubWFwcy5wbGFjZXMudjEuUGxhY2VzLlNlYXJjaE5lYXJieRACGAQgAA,ChIJK4EVQgAjDTkR7vvUCQJToeU
"M3M Height, Tower 5",association_or_organization,association_or_organization|point_of_interest|service|establishment,,,"TOWER-5, M3M Heights, Sector 65, Gurugram, Haryana 122101, India",3.9,7,OPERATIONAL,https://maps.google.com/?cid=7186284116259224946&g_mp=Cilnb29nbGUubWFwcy5wbGFjZXMudjEuUGxhY2VzLlNlYXJjaE5lYXJieRACGAQgAA,ChIJ-2r5MgAjDTkRcr2pRFTPumM
The Placement Drive,service,point_of_interest|service|establishment,,https://www.theplacementdrive.com/,"M3M 65th Avenue, T6 1805, Golf Course Ext Rd, Sector 65, Gurugram, Haryana 122101, India",4.9,73,OPERATIONAL,https://maps.google.com/?cid=4176892948881699396&g_mp=Cilnb29nbGUubWFwcy5wbGFjZXMudjEuUGxhY2VzLlNlYXJjaE5lYXJieRACGAQgAA,ChIJU3gIWzkjDTkRRHLtwgFO9zk
Swadesi,restaurant,restaurant|food|point_of_interest|establishment,,,"Ground Floor, M3M 65th Avenue, R6 24/25/26, Sector 65, Gurugram, Haryana 122101, India",4.8,6,OPERATIONAL,https://maps.google.com/?cid=3800341962391970355&g_mp=Cilnb29nbGUubWFwcy5wbGFjZXMudjEuUGxhY2VzLlNlYXJjaE5lYXJieRACGAQgAA,ChIJ51BppdkjDTkRM2JiNeGGvTQ
Bellini Bliss Cafe & Bar,restaurant,restaurant|fine_dining_restaurant|family_restaurant|snack_bar|fusion_restaurant|meal_takeaway|food|point_of_interest|establishment,092208 48585,,"R4 LG-31,32, LG-38,39, 33 & R7, 65th Avenue, M3M, Sector 65, Gurugram, Haryana 122101, India",4.6,129,OPERATIONAL,https://maps.google.com/?cid=11341038555112827690&g_mp=Cilnb29nbGUubWFwcy5wbGFjZXMudjEuUGxhY2VzLlNlYXJjaE5lYXJieRACGAQgAA,ChIJt09vMAAjDTkRKmuCfXp2Y50
Bikanervala | M3M Sector 65,family_restaurant,family_restaurant|breakfast_restaurant|fast_food_restaurant|south_indian_restaurant|vegetarian_restaurant|candy_store|north_indian_restaurant|indian_restaurant|confectionery|food_store|chinese_restaurant|restaurant|food|point_of_interest|store|establishment,092205 23865,https://bikanervala.com/pages/sector-65-gurugram,"Unit No.5, Ground Floor, M3M 65th Avenue, Golf Course Ext Rd, Sector 65, Gurugram, Haryana 122101, India",4.6,356,OPERATIONAL,https://maps.google.com/?cid=334232436534594846&g_mp=Cilnb29nbGUubWFwcy5wbGFjZXMudjEuUGxhY2VzLlNlYXJjaE5lYXJieRACGAQgAA,ChIJy7Va2hMjDTkRHs0OVKFuowQ
Dr. Nisha Yadav | Best Physiotherapist Near Me | 5 Years Exp. | Gurugram,physiotherapist,physiotherapist|medical_clinic|doctor|hospital|health|point_of_interest|service|establishment,096955 30028,,"M3M 65th Avenue, R3-125, Sector 65, Gurugram, Haryana 122018, India",5,1,OPERATIONAL,https://maps.google.com/?cid=1471395179593553228&g_mp=Cilnb29nbGUubWFwcy5wbGFjZXMudjEuUGxhY2VzLlNlYXJjaE5lYXJieRACGAQgAA,ChIJUzR6qWciDTkRTFXlux5yaxQ
Sanjha Chulha,restaurant,restaurant|family_restaurant|food|point_of_interest|establishment,088600 03297,,"R4, UG 14, M3M 65th Avenue, Sector 65, Gurugram, Haryana 122101, India",4.8,22,OPERATIONAL,https://maps.google.com/?cid=15787765562280562263&g_mp=Cilnb29nbGUubWFwcy5wbGFjZXMudjEuUGxhY2VzLlNlYXJjaE5lYXJieRACGAQgAA,ChIJJWdNJgAjDTkRV87guCFpGds
"M3M Heights, T 4 & 5",apartment_building,apartment_building|point_of_interest|service|establishment,,,"C338+M3C, Sector 65, Gurugram, Haryana 122101, India",2.3,6,OPERATIONAL,https://maps.google.com/?cid=13971886625418670512&g_mp=Cilnb29nbGUubWFwcy5wbGFjZXMudjEuUGxhY2VzLlNlYXJjaE5lYXJieRACGAQgAA,ChIJ-SQMXAAjDTkRsHEcDtwc5sE
Tattva Wellness Spa,spa,spa|wellness_center|beauty_salon|massage_spa|massage|health|point_of_interest|service|establishment,073530 26699,https://tattvaspa.com/locations/day-spa-in-gurgaon/tattva-wellness-spa-m3m-65th-avenue-sector-65-gurugram/,"Shop No UG7, M3M 65th Avenue, 33/35, Golf Course Ext Rd, Sector 65, Gurugram, Haryana 122101, India",4.9,286,OPERATIONAL,https://maps.google.com/?cid=3232438165753242611&g_mp=Cilnb29nbGUubWFwcy5wbGFjZXMudjEuUGxhY2VzLlNlYXJjaE5lYXJieRACGAQgAA,ChIJNTXKQh0jDTkR8yMjtGLt2yw
Kitchen of Narwal,restaurant,restaurant|fine_dining_restaurant|vegan_restaurant|family_restaurant|vegetarian_restaurant|food|point_of_interest|establishment,099906 60673,http://konkitchen.com/,"1st Floor, M3M 65th Avenue, R4 115, Mall, Sector 65, Gurugram, Haryana 122101, India",4.9,588,OPERATIONAL,https://maps.google.com/?cid=15940713469376768033&g_mp=Cilnb29nbGUubWFwcy5wbGFjZXMudjEuUGxhY2VzLlNlYXJjaE5lYXJieRACGAQgAA,ChIJC9bcVAAjDTkRIah8YHHKON0
Jemma 18,lodging,lodging|point_of_interest|establishment,,,"Emaar, EMERALD HILLS, Golf Course Ext Rd, Sector 65, Gurugram, Haryana 122101, India",4.7,23,OPERATIONAL,https://maps.google.com/?cid=5675717671275151443&g_mp=Cilnb29nbGUubWFwcy5wbGFjZXMudjEuUGxhY2VzLlNlYXJjaE5lYXJieRACGAQgAA,ChIJNd9cjlsjDTkRU0DDmSYzxE4
"Jemma 64, Jemma, Emerald Hills",apartment_building,apartment_building|service|point_of_interest|establishment,,,"J-64, EMERALD HILLS, Sector 65, Gurugram, Haryana 122101, India",,,OPERATIONAL,https://maps.google.com/?cid=2977019064120825613&g_mp=Cilnb29nbGUubWFwcy5wbGFjZXMudjEuUGxhY2VzLlNlYXJjaE5lYXJieRACGAQgAA,ChIJq9ymKwAjDTkRDdd83hB_UCk
Jemma 21,apartment_building,apartment_building|service|point_of_interest|establishment,,,"EMERALD HILLS, Sector 65, Gurugram, Haryana 122101, India",5,1,OPERATIONAL,https://maps.google.com/?cid=838055279600939804&g_mp=Cilnb29nbGUubWFwcy5wbGFjZXMudjEuUGxhY2VzLlNlYXJjaE5lYXJieRACGAQgAA,ChIJUc4icgAjDTkRHDPBKtZeoQs
Golu,corporate_office,corporate_office|point_of_interest|establishment,,,"J-63, Sector 65, Gurugram, Haryana 122101, India",,,OPERATIONAL,https://maps.google.com/?cid=9428309979018373628&g_mp=Cilnb29nbGUubWFwcy5wbGFjZXMudjEuUGxhY2VzLlNlYXJjaE5lYXJieRACGAQgAA,ChIJecArSgAjDTkR_Cmp-_gV2II
Advocate Vijender parmar Law firm,lawyer,lawyer|consultant|service|point_of_interest|establishment,097183 22444,https://parmarandparmar.in/,"Ground Floor, J-26, EMERALD HILLS, Sector 65, Gurugram, Haryana 122101, India",4.9,9,OPERATIONAL,https://maps.google.com/?cid=6186635972341434415&g_mp=Cilnb29nbGUubWFwcy5wbGFjZXMudjEuUGxhY2VzLlNlYXJjaE5lYXJieRACGAQgAA,ChIJeRoPaIgYDTkRL4gQfqNY21U
"Emerald Floor, Gurugram, Haryana",association_or_organization,service|association_or_organization|point_of_interest|establishment,,,"J-26, EMERALD FLOOR, Jemma Road, 122102, Sector 65, Gurugram, Haryana 122101, India",4.4,65,OPERATIONAL,https://maps.google.com/?cid=2491002099200826752&g_mp=Cilnb29nbGUubWFwcy5wbGFjZXMudjEuUGxhY2VzLlNlYXJjaE5lYXJieRACGAQgAA,ChIJI9wM6mciDTkRgB2eGTbRkSI
"Decor Sofa Repair & Upholstery (best sofa repair in sector 65, recliner sofa repair near me, sofa upholestery shop)",furniture_store,furniture_store|home_improvement_store|home_goods_store|store|manufacturer|service|point_of_interest|establishment,070427 90092,https://decorsofarepair.com/,"J-18, EMERALD HILLS, Golf Course Ext Rd, near Emaar, Sector 65, Gurugram, Haryana 122101, India",5,126,OPERATIONAL,https://maps.google.com/?cid=9119092324065401426&g_mp=Cilnb29nbGUubWFwcy5wbGFjZXMudjEuUGxhY2VzLlNlYXJjaE5lYXJieRACGAQgAA,ChIJUQiLNZojDTkRUtroWSeGjX4
Skybruc Retail Private Limited,toy_store,toy_store|store|point_of_interest|establishment,099714 56081,https://www.baebe-shop.com/,"EMERALD HILLS, J 27 1F, Sector 65, Gurugram, Haryana 122101, India",5,120,OPERATIONAL,https://maps.google.com/?cid=7862953050435883455&g_mp=Cilnb29nbGUubWFwcy5wbGFjZXMudjEuUGxhY2VzLlNlYXJjaE5lYXJieRACGAQgAA,ChIJNdqbm9IjDTkRvxHOwCPSHm0
WheelzClub,store,store|point_of_interest|establishment,099714 56081,http://www.wheelzclub.com/,"J 27 1F, Emerald Hills Rd, Sector 65, Gurugram, Haryana 122101, India",5,2,OPERATIONAL,https://maps.google.com/?cid=11610904494035634713&g_mp=Cilnb29nbGUubWFwcy5wbGFjZXMudjEuUGxhY2VzLlNlYXJjaE5lYXJieRACGAQgAA,ChIJlS838YUjDTkRGQr7vx44IqE
TruePrefab,general_contractor,general_contractor|service|point_of_interest|establishment,,https://www.trueprefabhomes.com/,"Ground Floor, J-16, EMERALD HILLS, Floors, Sector 65, Gurugram, Haryana 122101, India",3,1,CLOSED_TEMPORARILY,https://maps.google.com/?cid=4166769903778644821&g_mp=Cilnb29nbGUubWFwcy5wbGFjZXMudjEuUGxhY2VzLlNlYXJjaE5lYXJieRACGAQgAA,ChIJo3nfZpMjDTkRVcODpyZX0zk
Jemma 17,association_or_organization,service|association_or_organization|point_of_interest|establishment,,,"JEMMA - 17, SECOND FLOOR, EMAAR EMERALD HILLS FLOOR, Sector 65, Gurugram, Haryana 122101, India",,,OPERATIONAL,https://maps.google.com/?cid=12228450057359363302&g_mp=Cilnb29nbGUubWFwcy5wbGFjZXMudjEuUGxhY2VzLlNlYXJjaE5lYXJieRACGAQgAA,ChIJeznqfH4jDTkR5oyCvokutKk
"J46, Adani Samsara",apartment_building,apartment_building|service|point_of_interest|establishment,,,"J-46, Sector 63, Gurugram, Haryana 122101, India",,,OPERATIONAL,https://maps.google.com/?cid=17378230437590180958&g_mp=Cilnb29nbGUubWFwcy5wbGFjZXMudjEuUGxhY2VzLlNlYXJjaE5lYXJieRACGAQgAA,ChIJWaCFTgAjDTkRXqRxWYLgK_E
Jemma 16,lodging,lodging|point_of_interest|establishment,,,"Jemma J16 GF, Emerald Hills Road, Golf Course Ext Rd, Sector 65, Gurugram, Haryana 122101, India",5,5,OPERATIONAL,https://maps.google.com/?cid=13440591349571725789&g_mp=Cilnb29nbGUubWFwcy5wbGFjZXMudjEuUGxhY2VzLlNlYXJjaE5lYXJieRACGAQgAA,ChIJH-8LhDgjDTkR3SlpAp-Shro
Jemma 50 first floor,apartment_complex,apartment_complex|service|point_of_interest|establishment,,,"EMERALD HILLS, Sector 65, Gurugram, Haryana 122101, India",,,OPERATIONAL,https://maps.google.com/?cid=9299981001499530842&g_mp=Cilnb29nbGUubWFwcy5wbGFjZXMudjEuUGxhY2VzLlNlYXJjaE5lYXJieRACGAQgAA,ChIJtytlVQAjDTkRWtZCjHIrEIE
Jemma 15,association_or_organization,service|association_or_organization|point_of_interest|establishment,,,"Emaar Mgf, EMERALD HILLS, J14, Sector 65, Gurugram, Haryana 122101, India",,,OPERATIONAL,https://maps.google.com/?cid=5957105034334608224&g_mp=Cilnb29nbGUubWFwcy5wbGFjZXMudjEuUGxhY2VzLlNlYXJjaE5lYXJieRACGAQgAA,ChIJD3f4UgAjDTkRYJs0dXfjq1I
Jemma 25,housing_complex,housing_complex|service|point_of_interest|establishment,,,"J-26, EMERALD FLOOR, J25, Sector 65, Gurugram, Haryana 122101, India",,,OPERATIONAL,https://maps.google.com/?cid=9518113489829980125&g_mp=Cilnb29nbGUubWFwcy5wbGFjZXMudjEuUGxhY2VzLlNlYXJjaE5lYXJieRACGAQgAA,ChIJRUGBDoEjDTkR3WcrNcohF4Q
OneContentFactory,corporate_office,corporate_office|point_of_interest|establishment,,http://hemantkohli.in/,"J42, IInd Floor, Emerald Hills Rd, Sector 65, Gurugram, Haryana 122101, India",,,OPERATIONAL,https://maps.google.com/?cid=17160021933006926701&g_mp=Cilnb29nbGUubWFwcy5wbGFjZXMudjEuUGxhY2VzLlNlYXJjaE5lYXJieRACGAQgAA,ChIJAQAUvGciDTkRbTPKxgelJO4
Aditya Rathore,apartment_building,apartment_building|service|point_of_interest|establishment,,,"Jemma block, behind M3M 65th Avenue, Sector 65, Gurugram, Haryana 122101, India",,,OPERATIONAL,https://maps.google.com/?cid=3528486319835528202&g_mp=Cilnb29nbGUubWFwcy5wbGFjZXMudjEuUGxhY2VzLlNlYXJjaE5lYXJieRACGAQgAA,ChIJu-zrXgAjDTkRCjyf-Jyz9zA
Palm Terraces Select Club House,association_or_organization,association_or_organization|point_of_interest|establishment,,,"Jemma block, EMERALD HILLS, behind M3M 65th Avenue, Sector 65, Gurugram, Haryana 122101, India",4.3,35,OPERATIONAL,https://maps.google.com/?cid=3897187667736783543&g_mp=Cilnb29nbGUubWFwcy5wbGFjZXMudjEuUGxhY2VzLlNlYXJjaE5lYXJieRACGAQgAA,ChIJ90HfG50jDTkRt-p7HomXFTY
Jemma Block Last Lane,association_or_organization,service|association_or_organization|point_of_interest|establishment,,,"C338+F8W, Sector 65, Gurugram, Haryana 122101, India",4.8,11,OPERATIONAL,https://maps.google.com/?cid=11036674206645362655&g_mp=Cilnb29nbGUubWFwcy5wbGFjZXMudjEuUGxhY2VzLlNlYXJjaE5lYXJieRACGAQgAA,ChIJmRtanKsjDTkR3x_QVLckKpk
Topaz 166 Emaar Emerald Hills,housing_complex,housing_complex|point_of_interest|service|establishment,,http://www.nitaragroup.com/,"C339+GVJ, Sector 65, Gurugram, Haryana 122101, India",,,OPERATIONAL,https://maps.google.com/?cid=15929379806304944561&g_mp=Cilnb29nbGUubWFwcy5wbGFjZXMudjEuUGxhY2VzLlNlYXJjaE5lYXJieRACGAQgAA,ChIJ5-OvcsEjDTkRsUEWT4mGEN0
delli delicacies,catering_service,catering_service|food_delivery|food|point_of_interest|service|establishment,098109 20085,https://dellidelicacies.com/,"Emaar Club Beryl, Sector 65, Gurugram, Haryana 122101, India",5,43,OPERATIONAL,https://maps.google.com/?cid=7109699875334011964&g_mp=Cilnb29nbGUubWFwcy5wbGFjZXMudjEuUGxhY2VzLlNlYXJjaE5lYXJieRACGAQgAA,ChIJRRmHHLIRjy4RPDzsKF66qmI
Guruji Tutoring Services,,point_of_interest|establishment,098713 12511,https://gurujitutoring.in/,"Sector 65, Gurugram, Haryana 122101, India",4.5,2,OPERATIONAL,https://maps.google.com/?cid=4197816996005158401&g_mp=Cilnb29nbGUubWFwcy5wbGFjZXMudjEuUGxhY2VzLlNlYXJjaE5lYXJieRACGAQgAA,ChIJAS-HmL5mXiYRAR78HlGkQTo
"Ivory 25, Emaar Emerald Hills",apartment_building,apartment_building|point_of_interest|service|establishment,,,"IVORY, BLOCK I-25, IVORY, Sector 65, Gurugram, Haryana 122101, India",5,1,OPERATIONAL,https://maps.google.com/?cid=2321207928073889508&g_mp=Cilnb29nbGUubWFwcy5wbGFjZXMudjEuUGxhY2VzLlNlYXJjaE5lYXJieRACGAQgAA,ChIJBejBsYgjDTkR5Caq8k-WNiA
Ivory 29 FF,apartment_building,apartment_building|point_of_interest|service|establishment,,,"C339+6W5, Emerald Hills Rd, Sector 65, Gurugram, Haryana 122101, India",5,1,OPERATIONAL,https://maps.google.com/?cid=1391087720831900009&g_mp=Cilnb29nbGUubWFwcy5wbGFjZXMudjEuUGxhY2VzLlNlYXJjaE5lYXJieRACGAQgAA,ChIJo0DQNAAjDTkRadmXa-kiThM
Jagbir Tewatia Fitness,gym,gym|health|sports_activity_location|point_of_interest|establishment,099716 68492,,"Seven pillars club berryl, Sector 65, Gurugram, Haryana 122101, India",5,20,OPERATIONAL,https://maps.google.com/?cid=11219083225953574298&g_mp=Cilnb29nbGUubWFwcy5wbGFjZXMudjEuUGxhY2VzLlNlYXJjaE5lYXJieRACGAQgAA,ChIJ2QzpS_IjDTkRmp2BtMAwsps
Zest Banquets,banquet_hall,banquet_hall|wedding_venue|event_venue|point_of_interest|service|establishment,080 4804 5500,https://weddingz.in/gurugram/emaar-club-beryl-sector-65/,"Club Beryl Zest, EMAAR Emerald Hills, Golf Course Ext Rd, Sector 65, Gurugram, Haryana 122101, India",4.4,287,OPERATIONAL,https://maps.google.com/?cid=12883920415743416431&g_mp=Cilnb29nbGUubWFwcy5wbGFjZXMudjEuUGxhY2VzLlNlYXJjaE5lYXJieRACGAQgAA,ChIJK6AljwIjDTkRbxjKLlvhzLI
Goalpost - Club Beryl,restaurant,restaurant|food|point_of_interest|establishment,,,"Club Beryl - Emaar, EMERALD HILLS, Sector 65, Gurugram, Haryana 122101, India",4.4,8,OPERATIONAL,https://maps.google.com/?cid=8677735932787001792&g_mp=Cilnb29nbGUubWFwcy5wbGFjZXMudjEuUGxhY2VzLlNlYXJjaE5lYXJieRACGAQgAA,ChIJEVtSMbEjDTkRwIlpsNqCbXg
T-164 ELante Floor,apartment_building,apartment_building|point_of_interest|service|establishment,,,"C339+MVW, Emerald Hills Rd, Sector 65, Gurugram, Nangli Umarpur, Haryana 122101, India",,,OPERATIONAL,https://maps.google.com/?cid=17649091456325096431&g_mp=Cilnb29nbGUubWFwcy5wbGFjZXMudjEuUGxhY2VzLlNlYXJjaE5lYXJieRACGAQgAA,ChIJNWmprhQjDTkR75Ojrisr7vQ
TOPAZ 164,service,point_of_interest|service|establishment,,,"EMERALD HILLS, Sector 65, Gurugram, Haryana 122101, India",,,OPERATIONAL,https://maps.google.com/?cid=4441405663978825930&g_mp=Cilnb29nbGUubWFwcy5wbGFjZXMudjEuUGxhY2VzLlNlYXJjaE5lYXJieRACGAQgAA,ChIJD2yoDwAjDTkRyqjdeOsKoz0
"29, Ivory",apartment_building,apartment_building|point_of_interest|service|establishment,,,"EMERALD HILLS, I-29, Sector 65, Gurugram, Haryana 122101, India",,,OPERATIONAL,https://maps.google.com/?cid=15159905884492211293&g_mp=Cilnb29nbGUubWFwcy5wbGFjZXMudjEuUGxhY2VzLlNlYXJjaE5lYXJieRACGAQgAA,ChIJv4HDRQAjDTkRXSSD0RTOYtI
T142 Emaar Emerald Hills,apartment_building,apartment_building|point_of_interest|service|establishment,,,"BLOCK-T142, EMERALD HILLS, Sector 65, Gurugram, Haryana 122101, India",,,OPERATIONAL,https://maps.google.com/?cid=558641902754001524&g_mp=Cilnb29nbGUubWFwcy5wbGFjZXMudjEuUGxhY2VzLlNlYXJjaE5lYXJieRACGAQgAA,ChIJH8tksi8jDTkRdPJMytmxwAc
Seven Pillars Fitness,gym,gym|fitness_center|health|sports_activity_location|point_of_interest|establishment,095404 65009,,"Emaar Club Beryl, Community Centre, EMERALD HILLS, Township, Sector 65-66, Sector 65, Gurugram, Haryana 122018, India",4.7,146,OPERATIONAL,https://maps.google.com/?cid=8326864200991906710&g_mp=Cilnb29nbGUubWFwcy5wbGFjZXMudjEuUGxhY2VzLlNlYXJjaE5lYXJieRACGAQgAA,ChIJ0_FhnC8jDTkRlhsKid_2jnM
Ivory 24,apartment_building,apartment_building|point_of_interest|service|establishment,,,"BLOCK I-24, IVORY, Sector 65, Gurugram, Haryana 122101, India",,,OPERATIONAL,https://maps.google.com/?cid=5179373719401923727&g_mp=Cilnb29nbGUubWFwcy5wbGFjZXMudjEuUGxhY2VzLlNlYXJjaE5lYXJieRACGAQgAA,ChIJsRlXI4EjDTkRjwTyz_TU4Ec
Art classes in Gurgaon - Learn Art and Craft - Artshaala,educational_institution,educational_institution|point_of_interest|service|establishment,089238 11751,https://artshaala.com/,"Emaar Club Beryl, EMERALD HILLS, Golf Course Ext Rd, Sector 65, Gurugram, Haryana 122018, India",4.6,13,OPERATIONAL,https://maps.google.com/?cid=14466067168258041315&g_mp=Cilnb29nbGUubWFwcy5wbGFjZXMudjEuUGxhY2VzLlNlYXJjaE5lYXJieRACGAQgAA,ChIJlx8HtV0jDTkR4yX27HHLwcg
EMAAR Club Beryl,association_or_organization,association_or_organization|point_of_interest|establishment,098182 14877,http://in.emaar.com/,"EMAAR Emerald Hills, Golf Course Ext Rd, Sector 65, Gurugram, Haryana 122101, India",4.4,927,OPERATIONAL,https://maps.google.com/?cid=16722543138977810759&g_mp=Cilnb29nbGUubWFwcy5wbGFjZXMudjEuUGxhY2VzLlNlYXJjaE5lYXJieRACGAQgAA,ChIJ4VKkE7gjDTkRRwnrk2JoEug
"Topaz 136, Emerald Hills",condominium_complex,condominium_complex|point_of_interest|service|establishment,,,"C33C+G6Q, Emerald Hills Rd, Sector 65, Gurugram, Haryana 122101, India",4.8,6,OPERATIONAL,https://maps.google.com/?cid=7435279451048411586&g_mp=Cilnb29nbGUubWFwcy5wbGFjZXMudjEuUGxhY2VzLlNlYXJjaE5lYXJieRACGAQgAA,ChIJObis11EjDTkRwoGAVURrL2c
MakeoversByArzoo,makeup_artist,makeup_artist|point_of_interest|establishment,099966 42716,https://instagram.com/makeoversbyarzoo,"Sector 65, Gurugram, Haryana 122101, India",5,53,OPERATIONAL,https://maps.google.com/?cid=16643881192615054002&g_mp=Cilnb29nbGUubWFwcy5wbGFjZXMudjEuUGxhY2VzLlNlYXJjaE5lYXJieRACGAQgAA,ChIJG5Y1S3EZDTkRsgqg-cLx-uY
"Ivory 23, Emaar Emerald Hills",apartment_building,apartment_building|point_of_interest|service|establishment,,,"IVORY, BLOCK I-22, IVORY, Sector 65, Gurugram, Haryana 122101, India",,,OPERATIONAL,https://maps.google.com/?cid=1628713296290310461&g_mp=Cilnb29nbGUubWFwcy5wbGFjZXMudjEuUGxhY2VzLlNlYXJjaE5lYXJieRACGAQgAA,ChIJ1_x1s4AjDTkRPelWGh1amhY
I-31 Bhardwaj’s,apartment_building,apartment_building|point_of_interest|service|establishment,,,"Ivory Block Club House, I-31, Emerald Hills Rd, Sector 65, Gurugram, Haryana 122101, India",,,OPERATIONAL,https://maps.google.com/?cid=2175484663345927356&g_mp=Cilnb29nbGUubWFwcy5wbGFjZXMudjEuUGxhY2VzLlNlYXJjaE5lYXJieRACGAQgAA,ChIJy8YQNwAjDTkRvFQLbcbfMB4
"Ivory 31, Emerald hills",apartment_building,apartment_building|point_of_interest|service|establishment,,,"Emaar Mgf, IVORY, Block, 04, Emerald Hills Rd, Sector 65, Gurugram, Haryana 122101, India",5,1,OPERATIONAL,https://maps.google.com/?cid=103762190409224832&g_mp=Cilnb29nbGUubWFwcy5wbGFjZXMudjEuUGxhY2VzLlNlYXJjaE5lYXJieRACGAQgAA,ChIJ0zznLwAjDTkRgFJ1lCmjcAE
Nitara I04 Emaar Emerald Hills,apartment_building,apartment_building|point_of_interest|service|establishment,,http://www.nitaragroup.com/,"Ivory 53, Emerald Hills Rd, Sector 65, Gurugram, Haryana 122101, India",,,OPERATIONAL,https://maps.google.com/?cid=6283429657692517603&g_mp=Cilnb29nbGUubWFwcy5wbGFjZXMudjEuUGxhY2VzLlNlYXJjaE5lYXJieRACGAQgAA,ChIJhQsJb-EjDTkR47Tqjfs5M1c
Shukrana,apartment_building,apartment_building|point_of_interest|service|establishment,,,"Ivory 53, Emerald Hills Rd, Sector 65, Gurugram, Haryana 122101, India",5,1,OPERATIONAL,https://maps.google.com/?cid=9093819602278851511&g_mp=Cilnb29nbGUubWFwcy5wbGFjZXMudjEuUGxhY2VzLlNlYXJjaE5lYXJieRACGAQgAA,ChIJuckC2kcjDTkRt6NQRb-8M34
Saksham Pharmacy,pharmacy,pharmacy|health|point_of_interest|store|service|establishment,,,"Shop No 3, Bedi Complex, Emerald Hills Rd, Sector 65, Gurugram, Haryana 122101, India",5,27,OPERATIONAL,https://maps.google.com/?cid=3815797105863173353&g_mp=Cilnb29nbGUubWFwcy5wbGFjZXMudjEuUGxhY2VzLlNlYXJjaE5lYXJieRACGAQgAA,ChIJiSMYYQojDTkR6STwNUBv9DQ
"Stay with BnBBuddy Hosting for 5 Yr Gurugram with WiFi, AC",lodging,lodging|point_of_interest|establishment,,,"Sector 65, Gurugram, Haryana 122101, India",,,OPERATIONAL,https://maps.google.com/?cid=4009964260624195332&g_mp=Cilnb29nbGUubWFwcy5wbGFjZXMudjEuUGxhY2VzLlNlYXJjaE5lYXJieRACGAQgAA,ChIJ5ZMm-WkiDTkRBF-E1D9Bpjc
"Footprints: Play School & Day Care, Preschool in Emerald Hills Road, Sector 65",preschool,preschool|child_care_agency|school|educational_institution|point_of_interest|service|establishment,074062 22118,https://www.footprintseducation.in/pre-school-daycare-sector65-emerald-hills-road-gurgaon?utm_campaign=sector65-emerald-hills-road-gurgaon&utm_source=Google_Business_Listings&source=Google_Business_Listings&utm_medium=GBL,"Emerald Hills Rd, Sector 65, Gurugram, Haryana 122101, India",4.8,49,OPERATIONAL,https://maps.google.com/?cid=9923477927182826367&g_mp=Cilnb29nbGUubWFwcy5wbGFjZXMudjEuUGxhY2VzLlNlYXJjaE5lYXJieRACGAQgAA,ChIJ35vaZ9AjDTkRf3spEplGt4k
Agarwal’s Third Floor,apartment_building,apartment_building|point_of_interest|service|establishment,,,"I-05, Third Floor, EMAAR, Ivory Block, EMERALD HILLS, Sector 65, Gurugram, Haryana 122101, India",,,OPERATIONAL,https://maps.google.com/?cid=11474001251801678658&g_mp=Cilnb29nbGUubWFwcy5wbGFjZXMudjEuUGxhY2VzLlNlYXJjaE5lYXJieRACGAQgAA,ChIJWxoHmbUjDTkRQsMGvljXO58
Sportyzo Swimming Center,swimming_pool,swimming_pool|sports_activity_location|point_of_interest|establishment,098213 41381,http://www.sportyzo.com/,"Pragyanam School, EMERALD HILLS, Emerald Hills Rd, inside Emaar, opposite IVORY, Sector 65, Gurugram, Haryana 122101, India",3.4,13,OPERATIONAL,https://maps.google.com/?cid=2819475243501288809&g_mp=Cilnb29nbGUubWFwcy5wbGFjZXMudjEuUGxhY2VzLlNlYXJjaE5lYXJieRACGAQgAA,ChIJTSzORj4jDTkRaf3mtcvJICc
Pragyanam School- Sector 65 | Best CBSE-Affiliated School in Gurugram,school,secondary_school|primary_school|preschool|child_care_agency|school|educational_institution|point_of_interest|service|establishment,093110 42850,https://www.pragyanam.school/?utm_source=Google_Map_Listing&source=Google_Map_Listing&campaign=Google_Map_Listing&utm_medium=Google_Map_Listing,"Emerald Hills Rd, Sector 65, Gurugram, Haryana 122101, India",,,OPERATIONAL,https://maps.google.com/?cid=12652345455792827846&g_mp=Cilnb29nbGUubWFwcy5wbGFjZXMudjEuUGxhY2VzLlNlYXJjaE5lYXJieRACGAQgAA,ChIJWagVSK8jDTkRxi0PNCgplq8
Ivory-7,housing_complex,housing_complex|point_of_interest|service|establishment,,,"IVORY-7, Emaar Mgf, EMERALD HILLS, Sector 65, Gurugram, Haryana 122101, India",5,3,OPERATIONAL,https://maps.google.com/?cid=12223027536771457429&g_mp=Cilnb29nbGUubWFwcy5wbGFjZXMudjEuUGxhY2VzLlNlYXJjaE5lYXJieRACGAQgAA,ChIJ0fj5YlMjDTkRlaEUycjqoKk
Ivory 49,association_or_organization,point_of_interest|association_or_organization|service|establishment,,,"C33F+G2W IVORY, Emerald Hills Rd, Sector 65, Gurugram, Haryana 122101, India",,,OPERATIONAL,https://maps.google.com/?cid=18270014295502065245&g_mp=Cilnb29nbGUubWFwcy5wbGFjZXMudjEuUGxhY2VzLlNlYXJjaE5lYXJieRACGAQgAA,ChIJmRT6L2sjDTkRXY61_DMhjP0
"Sportyzo Sports Academy – Tennis, Badminton, Football, Basketball & Box Cricket in Sector 65, Gurgaon",sports_club,sports_club|tennis_court|athletic_field|sports_activity_location|point_of_interest|association_or_organization|establishment,088027 13066,https://sportyzo.com/,"Sportyzo Sports Academy, Inside Emaar , Emerald Hills Rd, Golf Course Ext Rd, inside Pragyanam School, opposite Ivory Block, Sector 65, Gurugram, Haryana 122018, India",4.7,349,OPERATIONAL,https://maps.google.com/?cid=5439379774868749801&g_mp=Cilnb29nbGUubWFwcy5wbGFjZXMudjEuUGxhY2VzLlNlYXJjaE5lYXJieRACGAQgAA,ChIJ1waqDyojDTkR6f1-DxaPfEs
Ivory 52,apartment_building,apartment_building|point_of_interest|service|establishment,,,"Ivory-52, EMERALD HILLS, Sector 65, Gurugram, Haryana 122101, India",,,OPERATIONAL,https://maps.google.com/?cid=1969609840939413905&g_mp=Cilnb29nbGUubWFwcy5wbGFjZXMudjEuUGxhY2VzLlNlYXJjaE5lYXJieRACGAQgAA,ChIJ1yaRMwAjDTkRkbFOA7d1VRs
Vita Dairy Hi! Market,grocery_store,grocery_store|point_of_interest|food_store|store|food|establishment,,,"Sector 65, Gurugram, Haryana 122101, India",4.8,75,OPERATIONAL,https://maps.google.com/?cid=7904537521660225701&g_mp=Cilnb29nbGUubWFwcy5wbGFjZXMudjEuUGxhY2VzLlNlYXJjaE5lYXJieRACGAQgAA,ChIJs6AYpMgjDTkRpehN9P6Osm0
Studio Ivory - Entire Place,lodging,lodging|point_of_interest|establishment,,https://www.booking.com/hotel/in/studio-ivory.en-gb.html?aid=2068758&utm_source=seogooglelocal&utm_medium=description&utm_term=hotel-15685622&utm_campaign=en-gb&label=seogooglelocal-link-imagesaow-hotel-15685622_grp-2_gendate-20260615,"Sector 65, Gurugram, Haryana 122101, India",,,OPERATIONAL,https://maps.google.com/?cid=5400141300147323772&g_mp=Cilnb29nbGUubWFwcy5wbGFjZXMudjEuUGxhY2VzLlNlYXJjaE5lYXJieRACGAQgAA,ChIJb7hl6WkiDTkRfIMyvOYn8Uo
Turning Point LLP,medical_clinic,medical_clinic|health|point_of_interest|establishment,097161 40635,http://www.turningpoint.net.in/,"Ivory 55, EMAAR Emerald Hills, Golf Course Ext Rd, Sector 65, Gurugram, Haryana 122101, India",5,15,OPERATIONAL,https://maps.google.com/?cid=17444916972116638726&g_mp=Cilnb29nbGUubWFwcy5wbGFjZXMudjEuUGxhY2VzLlNlYXJjaE5lYXJieRACGAQgAA,ChIJT-9WbNAjDTkRBvwxG4_LGPI
CFM OFFICE Emerald Hills,community_center,community_center|event_venue|point_of_interest|service|establishment,,,"C33F+P69, Sector 65, Gurugram, Haryana 122101, India",4.7,6,OPERATIONAL,https://maps.google.com/?cid=8654997009373797952&g_mp=Cilnb29nbGUubWFwcy5wbGFjZXMudjEuUGxhY2VzLlNlYXJjaE5lYXJieRACGAQgAA,ChIJt_utNHYjDTkRQB7Lg-y5HHg
Swasthya Saarthi Ortho & Sports Injury care | Ortho doctors & Physiotherapists | Gurgaon,medical_clinic,medical_clinic|health|point_of_interest|establishment,088260 32433,https://www.swasthyasaarthi.com/physio-appointment,"Breathe Gym, inside Sporbit Sports Academy, Sector 65, Gurugram, Haryana 122413, Sector 65, Gurugram, Haryana 122101, India",5,3,OPERATIONAL,https://maps.google.com/?cid=9150761872439933759&g_mp=Cilnb29nbGUubWFwcy5wbGFjZXMudjEuUGxhY2VzLlNlYXJjaE5lYXJieRACGAQgAA,ChIJheBroqIjDTkRP3v4rnAJ_n4
DOMINIC SPORTS PRIVATE LIMITED,sports_club,sports_club|point_of_interest|association_or_organization|establishment,,,"Dairy, EMERALD HILLS, Vita, next to CFM office, Sector 65, Gurugram, Haryana 122101, India",4.1,12,OPERATIONAL,https://maps.google.com/?cid=4035921199903898091&g_mp=Cilnb29nbGUubWFwcy5wbGFjZXMudjEuUGxhY2VzLlNlYXJjaE5lYXJieRACGAQgAA,ChIJSWajRt0jDTkR63m9tfJ4Ajg
Yash Grocery Store,grocery_store,grocery_store|general_store|point_of_interest|food_store|store|food|establishment,098103 05453,,"Shop No 1 Befi Complex, Sector 65, Gurugram, Haryana 122101, India",5,2,OPERATIONAL,https://maps.google.com/?cid=200066170368296704&g_mp=Cilnb29nbGUubWFwcy5wbGFjZXMudjEuUGxhY2VzLlNlYXJjaE5lYXJieRACGAQgAA,ChIJF9FbPygjDTkRAAdgOB_HxgI
Kartik d,housing_complex,housing_complex|point_of_interest|service|establishment,,,"105, gairathi farms, Sector 65, Gurugram, Nangli Umarpur, Haryana 122101, India",,,OPERATIONAL,https://maps.google.com/?cid=14913533553993976724&g_mp=Cilnb29nbGUubWFwcy5wbGFjZXMudjEuUGxhY2VzLlNlYXJjaE5lYXJieRACGAQgAA,ChIJL3QORAAjDTkRlAuuh8CD984
01 Amber Block,apartment_building,apartment_building|point_of_interest|service|establishment,,,"Amber Block, Sector 65, Gurugram, Haryana 122101, India",,,OPERATIONAL,https://maps.google.com/?cid=13037737820954924329&g_mp=Cilnb29nbGUubWFwcy5wbGFjZXMudjEuUGxhY2VzLlNlYXJjaE5lYXJieRACGAQgAA,ChIJw0uYNgAjDTkRKZWxpHhZ77Q
Amber 2 EHF,apartment_building,apartment_building|point_of_interest|service|establishment,,,"Emaar, EMERALD HILLS, Sector 65, Gurugram, Haryana 122101, India",,,OPERATIONAL,https://maps.google.com/?cid=16425321095626184258&g_mp=Cilnb29nbGUubWFwcy5wbGFjZXMudjEuUGxhY2VzLlNlYXJjaE5lYXJieRACGAQgAA,ChIJNdxxdlcjDTkRQlaH6oJ28uM
Amber 04,lodging,lodging|point_of_interest|establishment,,,"Amber 04, Emaar Emerald Heights, Sector 65, Gurugram, Haryana 122101, India",5,3,OPERATIONAL,https://maps.google.com/?cid=4254765685233240542&g_mp=Cilnb29nbGUubWFwcy5wbGFjZXMudjEuUGxhY2VzLlNlYXJjaE5lYXJieRACGAQgAA,ChIJ8evJ51cjDTkR3knZFtn2Czs
A-04 Emerald Hills,apartment_building,apartment_building|point_of_interest|service|establishment,,,"Emaar, EMERALD HILLS, Sector 65, Gurugram, Haryana 122101, India",5,1,OPERATIONAL,https://maps.google.com/?cid=1597643555917953752&g_mp=Cilnb29nbGUubWFwcy5wbGFjZXMudjEuUGxhY2VzLlNlYXJjaE5lYXJieRACGAQgAA,ChIJBVwOZPUjDTkR2HoudFn4KxY
Amber 116,condominium_complex,condominium_complex|point_of_interest|service|establishment,,,"A116 - GF, Sector 65, Gurugram, Nangli Umarpur, Haryana 122101, India",,,OPERATIONAL,https://maps.google.com/?cid=6624990565822843118&g_mp=Cilnb29nbGUubWFwcy5wbGFjZXMudjEuUGxhY2VzLlNlYXJjaE5lYXJieRACGAQgAA,ChIJu931CgAjDTkR7kgvpNGx8Fs
Prakash Choudhary & Associates,service,general_contractor|finance|point_of_interest|service|establishment,,,"C-18, Second Floor, Omaxe City Center, Sohna Road, above Reliance Smart Bazaar, Sector 49, Sector 65, Gurugram, Haryana 122018, India",5,3,CLOSED_TEMPORARILY,https://maps.google.com/?cid=2919912419622382787&g_mp=Cilnb29nbGUubWFwcy5wbGFjZXMudjEuUGxhY2VzLlNlYXJjaE5lYXJieRACGAQgAA,ChIJpUq536UZDTkRw-zXEuCchSg
A115 SF,association_or_organization,association_or_organization|point_of_interest|service|establishment,,,"EMERALD HILLS, Amber, Gurugram, Haryana 122101, India",,,OPERATIONAL,https://maps.google.com/?cid=1534273082847369449&g_mp=Cilnb29nbGUubWFwcy5wbGFjZXMudjEuUGxhY2VzLlNlYXJjaE5lYXJieRACGAQgAA,ChIJi3bTLAAjDTkR6ZiPaz3VShU
Amber 05,condominium_complex,condominium_complex|point_of_interest|service|establishment,,,"Amber 05, EMERALD HILLS, Sector 65, Gurugram, Haryana 122101, India",1,1,OPERATIONAL,https://maps.google.com/?cid=12162777832647475413&g_mp=Cilnb29nbGUubWFwcy5wbGFjZXMudjEuUGxhY2VzLlNlYXJjaE5lYXJieRACGAQgAA,ChIJ40DfYWEjDTkR1cDyZP_dyqg
"A-114 Amber, Emerald Hills",housing_complex,housing_complex|point_of_interest|service|establishment,,,"Block-A114, EMERALD HILLS, Sector 65, Nangli Umarpur, Gurugram, Haryana 122101, India",4.5,2,OPERATIONAL,https://maps.google.com/?cid=7042199245692446452&g_mp=Cilnb29nbGUubWFwcy5wbGFjZXMudjEuUGxhY2VzLlNlYXJjaE5lYXJieRACGAQgAA,ChIJ0VSJa9YjDTkR9KYFHefqumE
EVP-B-C-74,service,point_of_interest|service|establishment,,,"C33G+RHH, Sector 65, Nangli Umarpur, Gurugram, Haryana 122101, India",,,OPERATIONAL,https://maps.google.com/?cid=1825632643712024142&g_mp=Cilnb29nbGUubWFwcy5wbGFjZXMudjEuUGxhY2VzLlNlYXJjaE5lYXJieRACGAQgAA,ChIJWbXJCwAjDTkRTv7PgjfzVRk
C74 Emerald Hills,service,point_of_interest|service|establishment,,,"EMERALD HILLS, Sector 65, Gurugram, Nangli Umarpur, Haryana 122101, India",,,OPERATIONAL,https://maps.google.com/?cid=1954187218609780462&g_mp=Cilnb29nbGUubWFwcy5wbGFjZXMudjEuUGxhY2VzLlNlYXJjaE5lYXJieRACGAQgAA,ChIJQRMPJQAjDTkR7jbY7euqHhs
C73 Emerald Hills,service,point_of_interest|service|establishment,,,"EMERALD HILLS, Sector 65, Gurugram, Haryana 122101, India",,,OPERATIONAL,https://maps.google.com/?cid=17404308036223948717&g_mp=Cilnb29nbGUubWFwcy5wbGFjZXMudjEuUGxhY2VzLlNlYXJjaE5lYXJieRACGAQgAA,ChIJU9hDCgAjDTkRrdeabPKFiPE
POONIA INDUSTRIES,manufacturer,point_of_interest|manufacturer|establishment,095408 20060,,"217,Second Floor,Emmar MGF, Emerald Plaza, Sector 65, Gurugram, Haryana 122101, India",5,17,OPERATIONAL,https://maps.google.com/?cid=12228338703463426504&g_mp=Cilnb29nbGUubWFwcy5wbGFjZXMudjEuUGxhY2VzLlNlYXJjaE5lYXJieRACGAQgAA,ChIJfeyM6UAjDTkRyCkZJUPJs6k
Hi-Flyers Gymnastics,gym,sports_school|gym|health|sports_complex|sports_activity_location|point_of_interest|establishment,,,"Plot 2, Golf Course Ext Rd, next to Senate Court, Sector 62, Gurugram, Haryana 122098, India",5,111,OPERATIONAL,https://maps.google.com/?cid=8392331854062444144&g_mp=Cilnb29nbGUubWFwcy5wbGFjZXMudjEuUGxhY2VzLlNlYXJjaE5lYXJieRACGAQgAA,ChIJVUFZaxYjDTkRcF6WVluNd3Q
MGF Group,service,point_of_interest|service|establishment,,https://mgfgroup.in/,"C-25, CORAL BLOCK EMERALD HILLS, Sector 65, Gurugram, Haryana 122101, India",,,OPERATIONAL,https://maps.google.com/?cid=11690466381713593197&g_mp=Cilnb29nbGUubWFwcy5wbGFjZXMudjEuUGxhY2VzLlNlYXJjaE5lYXJieRACGAQgAA,ChIJcxi5RQAjDTkRbVOvRDzhPKI
Amber 112 Emerald Hills,apartment_building,apartment_building|point_of_interest|service|establishment,,,"C33G+R65, Unnamed Road, Sector 65, Gurugram, Haryana 122101, India",5,1,OPERATIONAL,https://maps.google.com/?cid=941177709388410253&g_mp=Cilnb29nbGUubWFwcy5wbGFjZXMudjEuUGxhY2VzLlNlYXJjaE5lYXJieRACGAQgAA,ChIJXQsimkkjDTkRja2c3iO8Dw0
Online furniture factory,manufacturer,point_of_interest|manufacturer|establishment,,,"C33G+6WQ, Sector 65, Nangli Umarpur, Gurugram, Haryana 122101, India",5,1,CLOSED_TEMPORARILY,https://maps.google.com/?cid=8549242821591705728&g_mp=Cilnb29nbGUubWFwcy5wbGFjZXMudjEuUGxhY2VzLlNlYXJjaE5lYXJieRACGAQgAA,ChIJAUfXLQAjDTkRgCiI5wwDpXY
C72 Emerald Hills,service,point_of_interest|service|establishment,,,"C33G+VP2, Sector 65, Nangli Umarpur, Gurugram, Haryana 122101, India",,,OPERATIONAL,https://maps.google.com/?cid=9712376164765110136&g_mp=Cilnb29nbGUubWFwcy5wbGFjZXMudjEuUGxhY2VzLlNlYXJjaE5lYXJieRACGAQgAA,ChIJOdq7YQAjDTkReI_L2alKyYY
Amber 113,apartment_building,apartment_building|point_of_interest|service|establishment,,,"A-111, Sector 65, Gurugram, Nangli Umarpur, Haryana 122101, India",,,OPERATIONAL,https://maps.google.com/?cid=3406602962444727062&g_mp=Cilnb29nbGUubWFwcy5wbGFjZXMudjEuUGxhY2VzLlNlYXJjaE5lYXJieRACGAQgAA,ChIJlYVMcwQjDTkRFrNPa1ivRi8
Abhimanu nursery,farm,farm|service|wholesaler|point_of_interest|establishment,093153 92247,,"Golf Course Ext Rd, Sector 62, Nangli Umarpur, Gurugram, Haryana 122098, India",4.6,16,OPERATIONAL,https://maps.google.com/?cid=6967552244850669228&g_mp=Cilnb29nbGUubWFwcy5wbGFjZXMudjEuUGxhY2VzLlNlYXJjaE5lYXJieRACGAQgAA,ChIJ0ax35wQjDTkRrLZM3Nm3sWA
Morya Home Goods Store,home_goods_store,home_goods_store|store|point_of_interest|establishment,079885 89044,,"Shop No 83 Banjara Market, near Jmd Empire, Sector 62, Gurugram, Haryana 122098, India",,,CLOSED_TEMPORARILY,https://maps.google.com/?cid=12233808679920023111&g_mp=Cilnb29nbGUubWFwcy5wbGFjZXMudjEuUGxhY2VzLlNlYXJjaE5lYXJieRACGAQgAA,ChIJESl3OwwjDTkRRza5SC04x6k
Suraj Home Decor,home_goods_store,home_goods_store|store|point_of_interest|establishment,070420 35979,,"Shop No 125, Banjara Market, Sec62, Sector 62, Gurugram, Haryana 122098, India",5,2,OPERATIONAL,https://maps.google.com/?cid=2497768552474311954&g_mp=Cilnb29nbGUubWFwcy5wbGFjZXMudjEuUGxhY2VzLlNlYXJjaE5lYXJieRACGAQgAA,ChIJ9dYf4usjDTkREn1fxUPbqSI
Yadav crane,transportation_service,transportation_service|point_of_interest|establishment,,,"C33J+54C, Sector 62, Nangli Umarpur, Gurugram, Haryana 122098, India",5,1,OPERATIONAL,https://maps.google.com/?cid=15820855998266154890&g_mp=Cilnb29nbGUubWFwcy5wbGFjZXMudjEuUGxhY2VzLlNlYXJjaE5lYXJieRACGAQgAA,ChIJZ0SReQAjDTkRih9DO7X4jts
Sanny Home Decor,home_goods_store,home_goods_store|store|point_of_interest|establishment,085880 18494,,"Shop No 84 Banjara Market, Sec62, Sector 62, Gurugram, Haryana 122098, India",5,3,OPERATIONAL,https://maps.google.com/?cid=13357858372948000654&g_mp=Cilnb29nbGUubWFwcy5wbGFjZXMudjEuUGxhY2VzLlNlYXJjaE5lYXJieRACGAQgAA,ChIJR_3MdiAjDTkRjv-Kz2qlYLk
Mausam Home Decor,home_goods_store,home_goods_store|store|point_of_interest|establishment,089208 30209,,"Shop No 27 Banjara Market, Sec62, Sector 62, Gurugram, Haryana 122098, India",5,2,OPERATIONAL,https://maps.google.com/?cid=10974318934572473045&g_mp=Cilnb29nbGUubWFwcy5wbGFjZXMudjEuUGxhY2VzLlNlYXJjaE5lYXJieRACGAQgAA,ChIJ2ZaguSMjDTkR1RoJM-2cTJg
VIKRAM YOGI,general_store,general_store|food_store|store|point_of_interest|food|establishment,097189 07035,,"DLF Sec.54, Faridabad Road, Sector 62, Gurugram, Haryana 122098, India",,,OPERATIONAL,https://maps.google.com/?cid=2929973987580198480&g_mp=Cilnb29nbGUubWFwcy5wbGFjZXMudjEuUGxhY2VzLlNlYXJjaE5lYXJieRACGAQgAA,ChIJvU_n_oYjDTkRUD7aatFbqSg
jasvant,community_center,community_center|event_venue|service|point_of_interest|establishment,,,"C33H+VG4, Sector 62, Nangli Umarpur, Gurugram, Haryana 122098, India",5,1,OPERATIONAL,https://maps.google.com/?cid=935072039739089462&g_mp=Cilnb29nbGUubWFwcy5wbGFjZXMudjEuUGxhY2VzLlNlYXJjaE5lYXJieRACGAQgAA,ChIJ49vgGAAjDTkRNmIM4BAL-gw
Padel Rushh,sports_activity_location,indoor_playground|playground|athletic_field|sports_complex|sports_activity_location|sports_club|association_or_organization|point_of_interest|establishment,083739 91155,https://padelrushh.com/?fbclid=IwY2xjawFGQudleHRuA2FlbQIxMAABHQubs2sh2dUizjk9uqpP3Cz1gV2nllHuUsFfOwiMPW95Y0-A1wOCEqDhsA_aem_d9nYzSOVXdJ2ueQJQKjOZA,"C33H+467, Sector 65, Nangli Umarpur, Gurugram, Haryana 122101, India",4.9,106,OPERATIONAL,https://maps.google.com/?cid=11167065017542792575&g_mp=Cilnb29nbGUubWFwcy5wbGFjZXMudjEuUGxhY2VzLlNlYXJjaE5lYXJieRACGAQgAA,ChIJWQLf-AUjDTkRf1VUwndi-Zo
N.k Properties,real_estate_agency,real_estate_agency|service|point_of_interest|establishment,,,"Sector 65, Nangli Umarpur, Gurugram, Haryana 122102, India",5,1,OPERATIONAL,https://maps.google.com/?cid=3553227277951026157&g_mp=Cilnb29nbGUubWFwcy5wbGFjZXMudjEuUGxhY2VzLlNlYXJjaE5lYXJieRACGAQgAA,ChIJ6Xbq6PMjDTkR7cN_LGKZTzE
Jai Jagdambe Furniture House,furniture_store,furniture_store|home_improvement_store|home_goods_store|store|point_of_interest|establishment,093547 06302,,"Shop No Banjara Market, Sector 62, Gurugram, Haryana 122098, India",4,4,CLOSED_TEMPORARILY,https://maps.google.com/?cid=17191254469675451469&g_mp=Cilnb29nbGUubWFwcy5wbGFjZXMudjEuUGxhY2VzLlNlYXJjaE5lYXJieRACGAQgAA,ChIJnXBH6pEjDTkRTQRaZNuak-4
Samar welding works,store,store|point_of_interest|establishment,,,"Jmd Empire, Sector 65, Gurugram, Haryana 122101, India",,,OPERATIONAL,https://maps.google.com/?cid=10045068328019184743&g_mp=Cilnb29nbGUubWFwcy5wbGFjZXMudjEuUGxhY2VzLlNlYXJjaE5lYXJieRACGAQgAA,ChIJQUiaqm0jDTkRZ0wcXGxAZ4s
EON7 site NBC,general_contractor,general_contractor|service|point_of_interest|establishment,,,"C33J+W9G, Sector 62, Nangli Umarpur, Gurugram, Haryana 122098, India",5,2,OPERATIONAL,https://maps.google.com/?cid=7877629986469122593&g_mp=Cilnb29nbGUubWFwcy5wbGFjZXMudjEuUGxhY2VzLlNlYXJjaE5lYXJieRACGAQgAA,ChIJ6w9yNAAjDTkRIRJ1N7z2Um0
Vertex decor system,,point_of_interest|establishment,,,"Ullawas Dhani Rd, Sector 62, Gurugram, Haryana 122008, India",5,2,OPERATIONAL,https://maps.google.com/?cid=11395049376953289145&g_mp=Cilnb29nbGUubWFwcy5wbGFjZXMudjEuUGxhY2VzLlNlYXJjaE5lYXJieRACGAQgAA,ChIJg8ti7Y8jDTkRuUlW5whZI54
EON 7 Builder floors in Emmar Hills sec 62,association_or_organization,association_or_organization|service|point_of_interest|establishment,,http://buygurgaonproperty.com/,"C33J+W9G, Sector 62, Nangli Umarpur, Gurugram, Haryana 122098, India",5,3,OPERATIONAL,https://maps.google.com/?cid=8490636650107118780&g_mp=Cilnb29nbGUubWFwcy5wbGFjZXMudjEuUGxhY2VzLlNlYXJjaE5lYXJieRACGAQgAA,ChIJSa_3bwAjDTkRvCSMRgzN1HU
"MaxAtHome Diagnostic Centre | Holter Monitor, Ambulatory Blood Pressure Monitoring (ABPM) Test, ECG, XRAY",medical_clinic,medical_clinic|consultant|service|health|point_of_interest|establishment,092402 99623,https://www.maxathome.in/service/holter/?utm_source=Google&utm_medium=GMB,"Sector 65, Gurugram, Haryana 122101, India",4.6,15,OPERATIONAL,https://maps.google.com/?cid=435818271130696637&g_mp=Cilnb29nbGUubWFwcy5wbGFjZXMudjEuUGxhY2VzLlNlYXJjaE5lYXJieRACGAQgAA,ChIJC5XyiXshDTkRvbtelWhWDAY
EON7 sales gallery,service,service|point_of_interest|establishment,,,"C33J+X9R, Sector 62, Gurugram, Nangli Umarpur, Haryana 122098, India",5,1,OPERATIONAL,https://maps.google.com/?cid=15391869010278635335&g_mp=Cilnb29nbGUubWFwcy5wbGFjZXMudjEuUGxhY2VzLlNlYXJjaE5lYXJieRACGAQgAA,ChIJJUpDKgAjDTkRR1cAs1DnmtU
EON 7 Sales Gallery,service,service|point_of_interest|establishment,,,"C33J+X9R, Sector 62, Gurugram, Haryana 122098, India",4.7,59,OPERATIONAL,https://maps.google.com/?cid=10450115387580178773&g_mp=Cilnb29nbGUubWFwcy5wbGFjZXMudjEuUGxhY2VzLlNlYXJjaE5lYXJieRACGAQgAA,ChIJm6euPwAjDTkRVWGP8pNEBpE
AIHP One,real_estate_agency,real_estate_agency|service|point_of_interest|establishment,,https://aihp.in/,"50, Golf Course Ext Rd, Rosewood City, Ghasola, Sector 49, Gurugram, Haryana 122018, India",5,1,OPERATIONAL,https://maps.google.com/?cid=5764998152232181719&g_mp=Cilnb29nbGUubWFwcy5wbGFjZXMudjEuUGxhY2VzLlNlYXJjaE5lYXJieRACGAQgAA,ChIJZT5yS1IjDTkR1x-VckZjAVA
Sukhmaa Office,corporate_office,corporate_office|point_of_interest|establishment,,,"50, Golf Course Ext Rd, Rosewood City, Ghasola, Sector 49, Gurugram, Haryana 122018, India",5,2,OPERATIONAL,https://maps.google.com/?cid=10711013784101020473&g_mp=Cilnb29nbGUubWFwcy5wbGFjZXMudjEuUGxhY2VzLlNlYXJjaE5lYXJieRACGAQgAA,ChIJDXSWUJYjDTkROWOniUkqpZQ
Astrojourney by Ananya Sen,astrologer,astrologer|point_of_interest|establishment,,https://astrojourney.in/,"Tower 2, Golf Course Ext Rd, Rosewood City, Ghasola, Sector 50, Gurugram, Haryana 122018, India",5,23,OPERATIONAL,https://maps.google.com/?cid=1448062600438429793&g_mp=Cilnb29nbGUubWFwcy5wbGFjZXMudjEuUGxhY2VzLlNlYXJjaE5lYXJieRACGAQgAA,ChIJJa1zLUkjDTkRYTipT0ONGBQ
Shivaay Tour and Travels,taxi_service,taxi_service|transportation_service|service|point_of_interest|establishment,,,"50, Golf Course Ext Rd, Rosewood City, Ghasola, Sector 49, Gurugram, Haryana 122018, India",,,OPERATIONAL,https://maps.google.com/?cid=4702943155563195367&g_mp=Cilnb29nbGUubWFwcy5wbGFjZXMudjEuUGxhY2VzLlNlYXJjaE5lYXJieRACGAQgAA,ChIJY8hUHPgjDTkR5-sy-uE1REE
A-90 : Batra,apartment_building,apartment_building|service|point_of_interest|establishment,,,"Block A, A-90, Rosewood City Rd, Rosewood City, Ghasola, Sector 49, Gurugram, Haryana 122018, India",5,2,OPERATIONAL,https://maps.google.com/?cid=10830802078639958809&g_mp=Cilnb29nbGUubWFwcy5wbGFjZXMudjEuUGxhY2VzLlNlYXJjaE5lYXJieRACGAQgAA,ChIJiQl8cgAjDTkRGavlQRu9TpY
Global Hospitality Solutions,corporate_office,corporate_office|point_of_interest|establishment,080767 14701,,"7th Floor, Silverton Tower Golf Course, Extention Road Sec-50, Rosewood City, Ghasola, Sector 49, Gurugram, Haryana 122018, India",,,OPERATIONAL,https://maps.google.com/?cid=5779280282378023495&g_mp=Cilnb29nbGUubWFwcy5wbGFjZXMudjEuUGxhY2VzLlNlYXJjaE5lYXJieRACGAQgAA,ChIJdWlB52EiDTkRR7KPAMwgNFA
Champions Aquatics Academy,sports_activity_location,sports_activity_location|point_of_interest|establishment,098103 63606,https://www.championsaquatics.com/,"St, St. Xavier's High School, Rosewood City, Ghasola, Sector 49, Gurugram, Haryana 122018, India",4.7,16,OPERATIONAL,https://maps.google.com/?cid=17922576678840552729&g_mp=Cilnb29nbGUubWFwcy5wbGFjZXMudjEuUGxhY2VzLlNlYXJjaE5lYXJieRACGAQgAA,ChIJ6QjuQH8jDTkRGc39EYjIufg
Legalite Corporate Solutions | Accounting | Taxation | CA Firm in Gurgaon,consultant,consultant|accounting|finance|service|point_of_interest|establishment,074287 64445,https://legalite.in/,"EMAAR COLLONADE 904, Golf Course Ext Rd, Badshahpur, Sector 66, Gurugram, Haryana 122018, India",4.7,86,OPERATIONAL,https://maps.google.com/?cid=6405063380679463581&g_mp=Cilnb29nbGUubWFwcy5wbGFjZXMudjEuUGxhY2VzLlNlYXJjaE5lYXJieRACGAQgAA,ChIJJbUI5b8fDTkRnRJDkTVb41g
Kanishka Nursury Gurgaon Sector 70 A,farm,wholesaler|farm|service|point_of_interest|establishment,083769 95392,,"Rosewood City, Ghasola, Sector 70A, Gurugram, Haryana 122018, India",5,45,OPERATIONAL,https://maps.google.com/?cid=4588748934376172631&g_mp=Cilnb29nbGUubWFwcy5wbGFjZXMudjEuUGxhY2VzLlNlYXJjaE5lYXJieRACGAQgAA,ChIJ6w4e63kjDTkRV6zx9NeCrj8
Pansen Engineering India Pvt. Ltd.,consultant,consultant|service|point_of_interest|establishment,0124 448 8392,http://pansen.co.in/,"M3M International Financial Centre (IFC), Tower-1, Unit No-801, 802A, 802B, Golf Course Ext Rd, Badshahpur, Sector 66, Gurugram, Haryana 122002, India",4.7,11,OPERATIONAL,https://maps.google.com/?cid=2118244910402327947&g_mp=Cilnb29nbGUubWFwcy5wbGFjZXMudjEuUGxhY2VzLlNlYXJjaE5lYXJieRACGAQgAA,ChIJB68YfjEZDTkRi1XP54WEZR0
All Tails,pet_care,pet_care|service|point_of_interest|establishment,,https://alltails.in/,"512, Golf Course Ext Rd, Badshahpur, Sector 66, Gurugram, Haryana 122018, India",4.9,288,OPERATIONAL,https://maps.google.com/?cid=9255924043459480880&g_mp=Cilnb29nbGUubWFwcy5wbGFjZXMudjEuUGxhY2VzLlNlYXJjaE5lYXJieRACGAQgAA,ChIJ9cBWq7UjDTkRME1mpuClc4A
Elite Realtors,service,general_contractor|real_estate_agency|service|point_of_interest|establishment,088968 02802,https://eliterealators.com/,"609, Golf Course Ext Rd, Badshahpur, Sector 66, Gurugram, Haryana 122018, India",5,1,OPERATIONAL,https://maps.google.com/?cid=659575442808765430&g_mp=Cilnb29nbGUubWFwcy5wbGFjZXMudjEuUGxhY2VzLlNlYXJjaE5lYXJieRACGAQgAA,ChIJ8QM_XgC5DDkR9vsv415IJwk
Guru Nanak Pharmacy,pharmacy,pharmacy|drugstore|store|health|point_of_interest|establishment,,https://gurunanak0120.blogspot.com/,"shop no. 23 F, block market, Rosewood City, South City II, Sector 49, Gurugram, Haryana 122018, India",4.8,5,OPERATIONAL,https://maps.google.com/?cid=11393013782211995182&g_mp=Cilnb29nbGUubWFwcy5wbGFjZXMudjEuUGxhY2VzLlNlYXJjaE5lYXJieRACGAQgAA,ChIJBwp9C1IjDTkRLibgEawdHJ4
Manksa Security Services,service,service|point_of_interest|establishment,099713 13335,https://www.manksa.in/,"F 404, Tower F, IREO Grand Arch., Sector 58, Golf Course Extension Road, Rosewood City, Ghasola, Sector 49, Gurugram, Haryana 122018, India",3.4,5,OPERATIONAL,https://maps.google.com/?cid=591860363863731522&g_mp=Cilnb29nbGUubWFwcy5wbGFjZXMudjEuUGxhY2VzLlNlYXJjaE5lYXJieRACGAQgAA,ChIJE3F8c4oiDTkRQi27eN21Ngg
Celio AIPL Joy Gallery,clothing_store,clothing_store|store|point_of_interest|establishment,0124 418 1485,https://celio.in/,"Unit No : GF 0002, 0003, Ground floor, AIPL Joy Gallery, 0004, Badshahpur, Sector 66, Gurugram, Haryana 122101, India",3.3,3,OPERATIONAL,https://maps.google.com/?cid=18073491587858275594&g_mp=Cilnb29nbGUubWFwcy5wbGFjZXMudjEuUGxhY2VzLlNlYXJjaE5lYXJieRACGAQgAA,ChIJPSXy6JEjDTkRCp1Nedfw0fo
GFN Talent Academy,educational_institution,educational_institution|point_of_interest|establishment,,,"C344+5G5, Badshahpur, Sector 66, Gurugram, Haryana 122101, India",,,OPERATIONAL,https://maps.google.com/?cid=13110817899300237221&g_mp=Cilnb29nbGUubWFwcy5wbGFjZXMudjEuUGxhY2VzLlNlYXJjaE5lYXJieRACGAQgAA,ChIJF4hhUwAjDTkRpa-fUmr78rU
Baba Alam Chand General Store,store,store|point_of_interest|establishment,077348 41579,,"01, Palm Dr, behind Badshahpur Main Road, Badshahpur, Sector 66, Gurugram, Haryana 122101, India",,,CLOSED_TEMPORARILY,https://maps.google.com/?cid=5698904130933476971&g_mp=Cilnb29nbGUubWFwcy5wbGFjZXMudjEuUGxhY2VzLlNlYXJjaE5lYXJieRACGAQgAA,ChIJ51q3kuAjDTkRa85L7RyTFk8
HOMEPRO REALTORS PVT LTD,consultant,real_estate_agency|consultant|service|point_of_interest|establishment,089296 92986,http://www.homeprorealtors.in/,"EMAAR COLONNADE, Golf Course Ext Rd, Badshahpur, Sector 66, Gurugram, Haryana 122018, India",5,23,OPERATIONAL,https://maps.google.com/?cid=17103517939910453608&g_mp=Cilnb29nbGUubWFwcy5wbGFjZXMudjEuUGxhY2VzLlNlYXJjaE5lYXJieRACGAQgAA,ChIJbbO4hbAjDTkRaCnisfLmW-0
Fantablous Technologies,service,service|point_of_interest|establishment,,,"410,411, EMAAR COLONNADE, Badshahpur, Sector 66, Gurugram, Haryana 122101, India",,,CLOSED_TEMPORARILY,https://maps.google.com/?cid=13810606027173511143&g_mp=Cilnb29nbGUubWFwcy5wbGFjZXMudjEuUGxhY2VzLlNlYXJjaE5lYXJieRACGAQgAA,ChIJuy1FPAAjDTkR57-LjgIhqb8
SFMC Pvt. Ltd.,manufacturer,manufacturer|point_of_interest|establishment,093122 72766,http://www.sfmc-india.com/,"417, 4th Floor, Emaar Colonnade, Golf Course Ext Rd, Badshahpur, Sector 66, Gurugram, Haryana 122101, India",4.9,74,OPERATIONAL,https://maps.google.com/?cid=16942226062655539931&g_mp=Cilnb29nbGUubWFwcy5wbGFjZXMudjEuUGxhY2VzLlNlYXJjaE5lYXJieRACGAQgAA,ChIJJz8jWecjDTkR28ryGNfgHus
Xavier's Carnival Parking,parking_lot,parking_lot|parking|transportation_service|service|point_of_interest|establishment,,,"C346+G5R, Sector 65, Gurugram, Haryana 122101, India",3,1,OPERATIONAL,https://maps.google.com/?cid=6598936826717141129&g_mp=Cilnb29nbGUubWFwcy5wbGFjZXMudjEuUGxhY2VzLlNlYXJjaE5lYXJieRACGAQgAA,ChIJg8qJLgAjDTkRifi3yxQilFs
S K Traders,,point_of_interest|establishment,,,"C346+P2W SK Traders, Golf Course Ext Rd, Sector 65, Gurugram, Haryana 122018, India",5,2,CLOSED_TEMPORARILY,https://maps.google.com/?cid=10195795570972303700&g_mp=Cilnb29nbGUubWFwcy5wbGFjZXMudjEuUGxhY2VzLlNlYXJjaE5lYXJieRACGAQgAA,ChIJK-hIZWEiDTkRVCFOWg2-fo0
Anaya inverter battery,auto_parts_store,auto_parts_store|car_repair|store|service|point_of_interest|establishment,,,"Shop 4, ifc social Near Escape, Nirvana Country, Sector 50, Gurugram, Haryana 122018, India",5,3,OPERATIONAL,https://maps.google.com/?cid=15323004603929874213&g_mp=Cilnb29nbGUubWFwcy5wbGFjZXMudjEuUGxhY2VzLlNlYXJjaE5lYXJieRACGAQgAA,ChIJF5uooL8jDTkRJU_qpIA_ptQ
Blinkit Dark Store,warehouse_store,warehouse_store|store|point_of_interest|establishment,,,"C345+HP4, Sector 65, Gurugram, Haryana 122101, India",,,OPERATIONAL,https://maps.google.com/?cid=7408944147119887059&g_mp=Cilnb29nbGUubWFwcy5wbGFjZXMudjEuUGxhY2VzLlNlYXJjaE5lYXJieRACGAQgAA,ChIJSXoxqRkjDTkR01LKkXLb0WY
Mrignandini,clothing_store,womens_clothing_store|tailor|clothing_store|store|service|point_of_interest|establishment,092661 02277,,"GF-112, AIPL Joy Central Mall, Sector 65, Gurugram, Haryana 122101, India",5,6,OPERATIONAL,https://maps.google.com/?cid=12551740785670324098&g_mp=Cilnb29nbGUubWFwcy5wbGFjZXMudjEuUGxhY2VzLlNlYXJjaE5lYXJieRACGAQgAA,ChIJ054Y9sMbDTkRgn-pGr69MK4
Gedget arena By Kishori solution,electronics_store,electronics_store|store|point_of_interest|establishment,,https://www.instagram.com/kishorisolution?igsh=ems5amxwODN5bnlh,"Shop no 12A, Sector 65, Gurugram, Haryana 122018, India",,,OPERATIONAL,https://maps.google.com/?cid=5612073712638958919&g_mp=Cilnb29nbGUubWFwcy5wbGFjZXMudjEuUGxhY2VzLlNlYXJjaE5lYXJieRACGAQgAA,ChIJm9Eft8IjDTkRRx0nv04X4k0
Looks Salon AIPL Joy Central,hair_salon,makeup_artist|hair_salon|hair_care|nail_salon|beauty_salon|service|point_of_interest|establishment,076698 80100,http://www.lookssalon.in/,"Ground Floor, Shop No. 62-68, AIPL Joy Central, Sector 65, Gurugram, Haryana 122018, India",4.4,399,OPERATIONAL,https://maps.google.com/?cid=9043857693512254481&g_mp=Cilnb29nbGUubWFwcy5wbGFjZXMudjEuUGxhY2VzLlNlYXJjaE5lYXJieRACGAQgAA,ChIJY2X5pnsjDTkREUT75Kc8gn0
TRAFFIC POLICE STATION,police,police|service|point_of_interest|establishment,,,"C346+V38, Golf Course Ext Rd, Badshahpur, Sector 66, Gurugram, Haryana 122018, India",2.7,3,OPERATIONAL,https://maps.google.com/?cid=7494063291279969160&g_mp=Cilnb29nbGUubWFwcy5wbGFjZXMudjEuUGxhY2VzLlNlYXJjaE5lYXJieRACGAQgAA,ChIJ-yn7KTMjDTkRiIsJsdtCAGg
Sector 65,corporate_office,corporate_office|point_of_interest|establishment,,,"C345+HP4, Sector 65, Gurugram, Haryana 122101, India",5,2,OPERATIONAL,https://maps.google.com/?cid=4221372481824125924&g_mp=Cilnb29nbGUubWFwcy5wbGFjZXMudjEuUGxhY2VzLlNlYXJjaE5lYXJieRACGAQgAA,ChIJj2n1cAAjDTkR5HO8C-hTlTo
Somveer Special Chaat Bhandar,fast_food_restaurant,fast_food_restaurant|restaurant|food|point_of_interest|establishment,094568 60716,,"C345+QMQ, Sector 50, Gurugram, Haryana 122018, India",5,3,OPERATIONAL,https://maps.google.com/?cid=13889271375757591138&g_mp=Cilnb29nbGUubWFwcy5wbGFjZXMudjEuUGxhY2VzLlNlYXJjaE5lYXJieRACGAQgAA,ChIJtSEuJQAjDTkRYkIITbqawMA
Samrat Jaibhatt Gurjar Chowk,historical_landmark,historical_landmark|historical_place|point_of_interest|establishment,,,"C345+HJV, Golf Course Ext Rd, Block W, Badshahpur, Sector 66, Gurugram, Haryana 122018, India",5,2,CLOSED_TEMPORARILY,https://maps.google.com/?cid=1312986709250114420&g_mp=Cilnb29nbGUubWFwcy5wbGFjZXMudjEuUGxhY2VzLlNlYXJjaE5lYXJieRACGAQgAA,ChIJ1TMEYAAjDTkRdIOpn3SqOBI
Noor Essenciia,store,store|point_of_interest|establishment,096507 11644,,"Golf Course Ext Rd, Badshahpur, Sector 66, Gurugram, Haryana 122018, India",5,14,CLOSED_TEMPORARILY,https://maps.google.com/?cid=7261296264538699687&g_mp=Cilnb29nbGUubWFwcy5wbGFjZXMudjEuUGxhY2VzLlNlYXJjaE5lYXJieRACGAQgAA,ChIJ6UbOpQojDTkRpzezCHtOxWQ
AskAshmit Technologies,service,service|point_of_interest|establishment,085888 55673,,"1503, Tower 2 , , Nirvana Country, Sector 50, Gurugram, Haryana 122018, India",,,OPERATIONAL,https://maps.google.com/?cid=2459956487355570689&g_mp=Cilnb29nbGUubWFwcy5wbGFjZXMudjEuUGxhY2VzLlNlYXJjaE5lYXJieRACGAQgAA,ChIJv1lZX2IiDTkRARq_T2SFIyI
CD Motors,car_dealer,car_dealer|store|point_of_interest|establishment,,,"Badshahpur, Sector 66, Gurugram, Haryana 122101, India",,,OPERATIONAL,https://maps.google.com/?cid=3937299043146232286&g_mp=Cilnb29nbGUubWFwcy5wbGFjZXMudjEuUGxhY2VzLlNlYXJjaE5lYXJieRACGAQgAA,ChIJF1zhF9UjDTkR3nE3eZ4YpDY
St. Xaviers School,bus_stop,bus_stop|transit_stop|transit_station|transportation_service|point_of_interest|establishment,,,"Badshahpur, Sector 66, Gurugram, Haryana 122101, India",4,2,OPERATIONAL,https://maps.google.com/?cid=5793374677378379894&g_mp=Cilnb29nbGUubWFwcy5wbGFjZXMudjEuUGxhY2VzLlNlYXJjaE5lYXJieRACGAQgAA,ChIJ_Q3fm2EiDTkRdrDhD5MzZlA
Khan Workshop,car_repair,car_repair|service|point_of_interest|establishment,096506 28612,,"Shop No.2, Main Sector Rd, Rosewood City, Ghasola, Sector 50, Gurugram, Haryana 122018, India",4,3,OPERATIONAL,https://maps.google.com/?cid=11510315432076551600&g_mp=Cilnb29nbGUubWFwcy5wbGFjZXMudjEuUGxhY2VzLlNlYXJjaE5lYXJieRACGAQgAA,ChIJj6eIJWIiDTkRsKWetebavJ8
DR SWATI,doctor,doctor|health|point_of_interest|establishment,,https://swati5818.wixsite.com/mysite,"C356+23M, Unnamed Road, Rosewood City, Nirvana Country, Sector 49, Gurugram, Haryana 122018, India",1,1,OPERATIONAL,https://maps.google.com/?cid=7215719076622207353&g_mp=Cilnb29nbGUubWFwcy5wbGFjZXMudjEuUGxhY2VzLlNlYXJjaE5lYXJieRACGAQgAA,ChIJTZ52u-kjDTkReYkTCUViI2Q
St. Xaviers School,bus_stop,bus_stop|transit_stop|transit_station|transportation_service|point_of_interest|establishment,,,"Rosewood City, Ghasola, Sector 49, Gurugram, Haryana 122018, India",5,1,OPERATIONAL,https://maps.google.com/?cid=9331760161412296310&g_mp=Cilnb29nbGUubWFwcy5wbGFjZXMudjEuUGxhY2VzLlNlYXJjaE5lYXJieRACGAQgAA,ChIJeyvHmmEiDTkRdi4fzmwSgYE
Mount Aravali Hills,lodging,lodging|point_of_interest|establishment,,,"Sector 65, Gurugram, Haryana 122101, India",,,OPERATIONAL,https://maps.google.com/?cid=14128174664243585428&g_mp=Cilnb29nbGUubWFwcy5wbGFjZXMudjEuUGxhY2VzLlNlYXJjaE5lYXJieRACGAQgAA,ChIJSVa7F2EiDTkRlKHpugBcEcQ
DECORTE - Handmade with Love,service,service|point_of_interest|establishment,088601 00030,https://www.decortewithlove.com/,"Sector 50, Golf Course Ext Rd, Sector 50, Gurugram, Haryana 122108, India",,,CLOSED_TEMPORARILY,https://maps.google.com/?cid=2236807908231565849&g_mp=Cilnb29nbGUubWFwcy5wbGFjZXMudjEuUGxhY2VzLlNlYXJjaE5lYXJieRACGAQgAA,ChIJwzc6HswjDTkRGVLtAPG8Ch8
Macexpert,wholesaler,wholesaler|point_of_interest|establishment,098917 12754,https://macexpert.in/,"sixth floor, EMERALD PLAZA, Unit no 601-602, Sector 65, Haryana, Gurugram, Haryana 122101, India",5,7,OPERATIONAL,https://maps.google.com/?cid=5000607633147836545&g_mp=Cilnb29nbGUubWFwcy5wbGFjZXMudjEuUGxhY2VzLlNlYXJjaE5lYXJieRACGAQgAA,ChIJrXOL9hYjDTkRgTji4iW6ZUU
"Night Stay Farm House in Gurgaon, For Pool Parties",lodging,lodging|point_of_interest|establishment,,,"Sector 65, Gurugram, Haryana 122101, India",,,OPERATIONAL,https://maps.google.com/?cid=2456641046106422834&g_mp=Cilnb29nbGUubWFwcy5wbGFjZXMudjEuUGxhY2VzLlNlYXJjaE5lYXJieRACGAQgAA,ChIJPzpd6WYiDTkRMj7R_QO-FyI
Saurabh Bridal Mehandi Artist,,body_art_service|point_of_interest|establishment,,https://www.saurabhbridalmehandi.site/,"Shop No, 228 Ground, M3m St. Andrews Block-9, SEC 65th Avenue, Mall Address:, Sector 65, Gurugram, Haryana 122101, India",5,1,OPERATIONAL,https://maps.google.com/?cid=14644687706559163628&g_mp=Cilnb29nbGUubWFwcy5wbGFjZXMudjEuUGxhY2VzLlNlYXJjaE5lYXJieRACGAQgAA,ChIJE4Cilx8jDTkR7Cz90-BhPMs
Manish,barber_shop,barber_shop|hair_care|point_of_interest|health|service|establishment,095602 40486,,"Magic 9999, R28, Sector 65, Gurugram, Haryana 122101, India",,,OPERATIONAL,https://maps.google.com/?cid=8127948184607664600&g_mp=Cilnb29nbGUubWFwcy5wbGFjZXMudjEuUGxhY2VzLlNlYXJjaE5lYXJieRACGAQgAA,ChIJjyonUEQjDTkR2ClSaM9FzHA
Shree Govind Stock,general_contractor,general_contractor|point_of_interest|service|establishment,088244 23893,,"Aurum Corporate Hub, Golf Course Ext Rd, Sector 65, Gurugram, Haryana 122101, India",5,2,OPERATIONAL,https://maps.google.com/?cid=2348794670569180088&g_mp=Cilnb29nbGUubWFwcy5wbGFjZXMudjEuUGxhY2VzLlNlYXJjaE5lYXJieRACGAQgAA,ChIJUd2xJAAjDTkRuEub9U6YmCA
"Domino's pizza | Sector 65, Gurugram",pizza_restaurant,pizza_restaurant|pizza_delivery|meal_delivery|food_delivery|meal_takeaway|italian_restaurant|restaurant|food|point_of_interest|establishment,1800 208 1234,https://dominos.co.in/,"Ground Floor, R8 G30 & R8G31, M3M 65th Avenue, Sector 65, Gurugram, Haryana 122101, India",2.3,60,OPERATIONAL,https://maps.google.com/?cid=8749566838983320178&g_mp=Cilnb29nbGUubWFwcy5wbGFjZXMudjEuUGxhY2VzLlNlYXJjaE5lYXJieRACGAQgAA,ChIJFZvNTb8jDTkRcmIj0K60bHk
Smile Destination Dental & Esthetics Clinic,dental_clinic,dental_clinic|dentist|medical_clinic|doctor|point_of_interest|health|service|establishment,093129 90089,,"R8-117, FIRST FLOOR, M3M 65TH AVENUE, opposite DPS INTERNATIONAL SCHOOL, Sector 65, Gurugram, Haryana 122101, India",5,33,OPERATIONAL,https://maps.google.com/?cid=484803242587691173&g_mp=Cilnb29nbGUubWFwcy5wbGFjZXMudjEuUGxhY2VzLlNlYXJjaE5lYXJieRACGAQgAA,ChIJUSfrVzkjDTkRpZhlBPtdugY
Spacify Experience Center,general_contractor,general_contractor|point_of_interest|service|establishment,096547 88000,,"1st floor, R8 139 & R8 140, 65th Avenue, Sector 65, Gurugram, Haryana 122101, India",4.3,6,OPERATIONAL,https://maps.google.com/?cid=16162171522188700057&g_mp=Cilnb29nbGUubWFwcy5wbGFjZXMudjEuUGxhY2VzLlNlYXJjaE5lYXJieRACGAQgAA,ChIJd03kG2giDTkRmen9Wl6RS-A
DASH SKIN Laser Clinic,skin_care_clinic,skin_care_clinic|medical_clinic|point_of_interest|health|establishment,098996 18642,,"UG 22, M3M 65th Avenue Mall, Sector 65, Gurugram, Haryana 122101, India",3.3,3,OPERATIONAL,https://maps.google.com/?cid=4199406653495758399&g_mp=Cilnb29nbGUubWFwcy5wbGFjZXMudjEuUGxhY2VzLlNlYXJjaE5lYXJieRACGAQgAA,ChIJ6Uo8sAAjDTkRP84GGRpKRzo
Magic 9999 (M3M 65th Avenue),beauty_salon,beauty_salon|point_of_interest|service|establishment,098182 63005,https://magicsalons.in/,"R8 ground floor, M3M 65th, 20-21, opposite DPS, near Golf Course Extension Road, Sector 65, Gurugram, Haryana 122101, India",4.8,68,OPERATIONAL,https://maps.google.com/?cid=3672846131466458930&g_mp=Cilnb29nbGUubWFwcy5wbGFjZXMudjEuUGxhY2VzLlNlYXJjaE5lYXJieRACGAQgAA,ChIJ_wZeGwojDTkRMte51BiS-DI
Brow & Beauty By Megha,body_art_service,body_art_service|point_of_interest|establishment,073034 30700,http://browandbeautybymegha.com/,"R8, LG - 25, M3M 65 Avenue, Sector 65, Gurugram, Haryana 122101, India",5,95,OPERATIONAL,https://maps.google.com/?cid=6334779006295766930&g_mp=Cilnb29nbGUubWFwcy5wbGFjZXMudjEuUGxhY2VzLlNlYXJjaE5lYXJieRACGAQgAA,ChIJfbaz8yojDTkRknfccPGn6Vc
"Toni&Guy Hairdressing , Beauty , Make-up , Nail Bar",beauty_salon,beauty_salon|point_of_interest|service|establishment,096670 50057,https://www.instagram.com/toniandguym3m65avenue?igsh=MXJ3cWExNmJsMzYzcQ==,"R7/LG 27-28, M3M 65 Avenue, Sector 65, Gurugram, Haryana 122101, India",4.9,486,OPERATIONAL,https://maps.google.com/?cid=3336937509635198188&g_mp=Cilnb29nbGUubWFwcy5wbGFjZXMudjEuUGxhY2VzLlNlYXJjaE5lYXJieRACGAQgAA,ChIJuXxLPyIjDTkR7Ix7M_wuTy4
Mr. Crust bakers,bakery,bakery|food_store|food|point_of_interest|store|establishment,097110 71071,https://www.mrcrust.co/,"Ground Floor, M3M 65thAvenue, R8 G19, Sector 65, Gurugram, Haryana 122101, India",3.5,59,OPERATIONAL,https://maps.google.com/?cid=13994495887555881038&g_mp=Cilnb29nbGUubWFwcy5wbGFjZXMudjEuUGxhY2VzLlNlYXJjaE5lYXJieRACGAQgAA,ChIJLfJyczMjDTkRTuhuHN1vNsI
Kaya House,restaurant,restaurant|food|point_of_interest|establishment,099588 87953,,"Sector 65, Gurugram, Haryana 122101, India",4.7,65,OPERATIONAL,https://maps.google.com/?cid=13678010012837724530&g_mp=Cilnb29nbGUubWFwcy5wbGFjZXMudjEuUGxhY2VzLlNlYXJjaE5lYXJieRACGAQgAA,ChIJv6VtPAAjDTkRcsFtMaMN0r0
"The Flaaunt Salon, M3M 65th Avenue, Sector 65 ,Best Salon in Gurgaon",beauty_salon,beauty_salon|makeup_artist|barber_shop|nail_salon|beautician|massage_spa|massage|hair_salon|hair_care|spa|point_of_interest|health|service|establishment,075009 20010,,"Shop No. R7, Lower Ground, 29 & 30, M3M 65th Avenue, Sector 65, Gurugram, Haryana 122101, India",4.8,77,OPERATIONAL,https://maps.google.com/?cid=7366539239363523687&g_mp=Cilnb29nbGUubWFwcy5wbGFjZXMudjEuUGxhY2VzLlNlYXJjaE5lYXJieRACGAQgAA,ChIJ1XHBFH4jDTkRZzQ9mmg0O2Y
Tata Play Fiber - Prop Winz India Private Ltd,service,point_of_interest|service|establishment,080 6290 6831,https://wifi-connections.tataplayfiber.com/tata-play-fiber/gurugram/Sector-65/tata-play-fiber-prop-winz-india-private-ltd-in-Sector-65-gurugram--7AhwcS/home,"Shop No 8A, Rajguru Marg, nearby Fitness First Gym, Sector 65, Gurugram, Haryana 122101, India",5,5,OPERATIONAL,https://maps.google.com/?cid=15384393669033458741&g_mp=Cilnb29nbGUubWFwcy5wbGFjZXMudjEuUGxhY2VzLlNlYXJjaE5lYXJieRACGAQgAA,ChIJ9w5l7NkjDTkRNfyBL4hYgNU
Cafe Rue Spice,cafe,cafe|food|point_of_interest|establishment,,,"R7 LG17, M3M 65th Avenue, Golf Course Ext Rd, Sector 65, Gurugram, Haryana 122101, India",4.9,57,OPERATIONAL,https://maps.google.com/?cid=4924683746752273288&g_mp=Cilnb29nbGUubWFwcy5wbGFjZXMudjEuUGxhY2VzLlNlYXJjaE5lYXJieRACGAQgAA,ChIJmU3lk-QjDTkRiBtPjMb9V0Q
Bean Brew & Beyond.,cafe,cafe|food|point_of_interest|establishment,095605 44166,https://beanbrewbeyond.com/,"M3M 65th Avenue, G18 R8, Sector 65, Gurugram, Haryana 122101, India",4.6,574,OPERATIONAL,https://maps.google.com/?cid=13490353054635471602&g_mp=Cilnb29nbGUubWFwcy5wbGFjZXMudjEuUGxhY2VzLlNlYXJjaE5lYXJieRACGAQgAA,ChIJwdM7NUMjDTkR8jIn1KBcN7s
DOWNTOWN 65,shopping_mall,shopping_mall|point_of_interest|establishment,,,"Downtown 65, Golf Course Ext Rd, Sector 65, Gurugram, Haryana 122101, India",5,8,OPERATIONAL,https://maps.google.com/?cid=4541144738817419797&g_mp=Cilnb29nbGUubWFwcy5wbGFjZXMudjEuUGxhY2VzLlNlYXJjaE5lYXJieRACGAQgAA,ChIJUQDZcQAjDTkRFarYdhRjBT8
"Zudio - Urban Estate, Gurugram",clothing_store,clothing_store|store|point_of_interest|establishment,076780 80054,https://www.zudio.com/,"Plot No. 1, opposite M3M 65th Avenue, Sector 65, Gurugram, Haryana 122101, India",3.6,55,OPERATIONAL,https://maps.google.com/?cid=15121548572885222272&g_mp=Cilnb29nbGUubWFwcy5wbGFjZXMudjEuUGxhY2VzLlNlYXJjaE5lYXJieRACGAQgAA,ChIJexNVeAAjDTkRgIOjRE-I2tE
Nadora Studio,general_contractor,general_contractor|point_of_interest|service|establishment,,https://nadorahomes.in/,"M3M 65th Avenue, Sector 65, Gurugram, Haryana 122101, India",5,19,OPERATIONAL,https://maps.google.com/?cid=328107609889090247&g_mp=Cilnb29nbGUubWFwcy5wbGFjZXMudjEuUGxhY2VzLlNlYXJjaE5lYXJieRACGAQgAA,ChIJl2RVUPMjDTkRx6qK_yGsjQQ
BP SABINA,catering_service,catering_service|food_delivery|food|point_of_interest|service|establishment,070045 67261,,"Sector 65, Gurugram, Haryana 122101, India",5,1,OPERATIONAL,https://maps.google.com/?cid=18378401587592181130&g_mp=Cilnb29nbGUubWFwcy5wbGFjZXMudjEuUGxhY2VzLlNlYXJjaE5lYXJieRACGAQgAA,ChIJ72HXQ0sjDTkRijXo994yDf8
Rubra Spezio,general_contractor,general_contractor|point_of_interest|service|establishment,060091 60041,https://rubraspezio.com/,"M3M HEIGHTS, Main, Golf Course Ext Rd, Sector 65, Gurugram, Haryana 122101, India",4,21,OPERATIONAL,https://maps.google.com/?cid=263610811818179473&g_mp=Cilnb29nbGUubWFwcy5wbGFjZXMudjEuUGxhY2VzLlNlYXJjaE5lYXJieRACGAQgAA,ChIJJUnlKOcjDTkRkftf_aKIqAM
Climb Central Gurugram,sports_activity_location,sports_activity_location|point_of_interest|establishment,095607 81870,https://www.climbcentral.in/,"R1G30, M3M 65th Avenue, Sector 65, Gurugram, Haryana 122101, India",4.8,62,OPERATIONAL,https://maps.google.com/?cid=14715555869267002299&g_mp=Cilnb29nbGUubWFwcy5wbGFjZXMudjEuUGxhY2VzLlNlYXJjaE5lYXJieRACGAQgAA,ChIJs9jZ3Q0jDTkRuwMTxBgoOMw
La Vie Douce - Cafe And Bakery,cafe,cafe|food|point_of_interest|establishment,099108 36657,,"R1G28, M3M, 65th Avenue, Sector 65, Gurugram, Haryana 122101, India",4.6,455,OPERATIONAL,https://maps.google.com/?cid=11043168987369318016&g_mp=Cilnb29nbGUubWFwcy5wbGFjZXMudjEuUGxhY2VzLlNlYXJjaE5lYXJieRACGAQgAA,ChIJfcpVcSQjDTkRgCbCTq83QZk
Weave and Design,building_materials_store,building_materials_store|home_goods_store|store|point_of_interest|manufacturer|establishment,082912 92225,https://weaveanddesign.com/?fbclid=PAQ0xDSwLmvQlleHRuA2FlbQIxMQABp5BfJ1rqmikZpfD0bE_Sd_Q8YTO9X09B-08OnaizkDhgfGapkh1zpMyH7TpI_aem_Xd3ELuaSlsLZ86hEvmCtFw,"65th avenue, Sector 65, Gurugram, Haryana 122102, India",5,26,OPERATIONAL,https://maps.google.com/?cid=6380309237572920610&g_mp=Cilnb29nbGUubWFwcy5wbGFjZXMudjEuUGxhY2VzLlNlYXJjaE5lYXJieRACGAQgAA,ChIJC1VbkHYjDTkRImWtfnJpi1g
Yadram Ashok Shop,store,store|point_of_interest|establishment,090247 52980,,"Shop No 1, Sector 66, Gurugram, Haryana 122101, India",5,2,OPERATIONAL,https://maps.google.com/?cid=2965256751290784107&g_mp=Cilnb29nbGUubWFwcy5wbGFjZXMudjEuUGxhY2VzLlNlYXJjaE5lYXJieRACGAQgAA,ChIJB0dODAIjDTkRaxmEAE61Jik
Halcyon Wellness & Spa | Best Spa in Sector 65 Avenue Gurgaon,wellness_center,wellness_center|massage_spa|spa|massage|beauty_salon|health|point_of_interest|service|establishment,099116 76764,https://halcyonwellness.in/,"R3, Shop # 24, M3M 65th Avenue, Sector 65, Gurugram, Haryana 122101, India",4.6,24,OPERATIONAL,https://maps.google.com/?cid=7515725656392246781&g_mp=Cilnb29nbGUubWFwcy5wbGFjZXMudjEuUGxhY2VzLlNlYXJjaE5lYXJieRACGAQgAA,ChIJqwLXTwojDTkR_aWMGqo4TWg
Cafe Delhi Heights,cafe,cafe|fine_dining_restaurant|coffee_shop|family_restaurant|snack_bar|meal_takeaway|italian_restaurant|fast_food_restaurant|food_store|restaurant|store|food|point_of_interest|establishment,096435 54033,https://stores.cafedelhiheights.com/store-pages/cafe-delhi-heights-neighbours-gurgaon/,"Shop No. R-1 G-20, 21, UG 05, M3M, 65th Avenue, Sector 65, Gurugram, Haryana 122101, India",3.8,59,OPERATIONAL,https://maps.google.com/?cid=18339813130071860305&g_mp=Cilnb29nbGUubWFwcy5wbGFjZXMudjEuUGxhY2VzLlNlYXJjaE5lYXJieRACGAQgAA,ChIJw7dHGv4jDTkRUWT6kN8ahP4
Haute Cuisinez,catering_service,catering_service|food_delivery|food|point_of_interest|service|establishment,089760 00722,https://hautecuisinez.com/,"M3M 65th Avenue, Golf Course Ext Rd, Sector 65, Gurugram, Haryana 122101, India",5,80,OPERATIONAL,https://maps.google.com/?cid=3526875814831291810&g_mp=Cilnb29nbGUubWFwcy5wbGFjZXMudjEuUGxhY2VzLlNlYXJjaE5lYXJieRACGAQgAA,ChIJ5Tv3s2jiQWURon3vDd768TA
"Cut & Style Salon, M3M 65th Avenue, Gurugram",beauty_salon,beauty_salon|makeup_artist|barber_shop|nail_salon|hair_salon|hair_care|health|point_of_interest|service|establishment,070421 01930,https://salons.cutandstyle.in/sector-65-gurugram-37350/home?utm_source=gmb,"Shop No. R1-G15, Ground Floor, M3M 65th Avenue Mall, Sector 65, Gurugram, Haryana 122101, India",4.8,386,OPERATIONAL,https://maps.google.com/?cid=17732262210412875704&g_mp=Cilnb29nbGUubWFwcy5wbGFjZXMudjEuUGxhY2VzLlNlYXJjaE5lYXJieRACGAQgAA,ChIJQ4pUYAcjDTkRuA--44emFfY
EDIT 5,cafe,cafe|coffee_shop|cafeteria|dessert_shop|confectionery|food_store|store|food|point_of_interest|establishment,093109 86954,https://edit5space.com/,"R1G17, M3M 65th Avenue, Sector 65, Gurugram, Haryana 122101, India",4.9,52,OPERATIONAL,https://maps.google.com/?cid=331360825952147035&g_mp=Cilnb29nbGUubWFwcy5wbGFjZXMudjEuUGxhY2VzLlNlYXJjaE5lYXJieRACGAQgAA,ChIJq1daaosjDTkRW5ZbY-o6mQQ
TailorTrek,tailor,tailor|point_of_interest|service|establishment,087005 91971,http://www.tailortrek.in/,"HUDA SCO Complex M3M 65th Avenue Mall Rajguru Marg, Golf Course Ext Rd, Sector 65, Gurugram, Haryana 122002, India",5,1,OPERATIONAL,https://maps.google.com/?cid=16490094729074985750&g_mp=Cilnb29nbGUubWFwcy5wbGFjZXMudjEuUGxhY2VzLlNlYXJjaE5lYXJieRACGAQgAA,ChIJORYPAF4jDTkRFksOr8mV2OQ
FREE OPEN PARKING SECTOR 65,parking_lot,parking_lot|parking|transportation_service|point_of_interest|service|establishment,,,"C348+RJX, Sector 65, Gurugram, Haryana 122101, India",,,OPERATIONAL,https://maps.google.com/?cid=13627979185793832463&g_mp=Cilnb29nbGUubWFwcy5wbGFjZXMudjEuUGxhY2VzLlNlYXJjaE5lYXJieRACGAQgAA,ChIJg7HQVwAjDTkRD5aoh91OIL0
Gradsure Coaching Institute – Coaching Academy in Gurgaon,educational_institution,educational_institution|point_of_interest|establishment,092205 03495,https://gradsure.in/,"GradSure, PLOT No. 1, Basement, opposite M3M 65th Avenue Mall, Sector 65, Gurugram, Haryana 122101, India",4.9,36,OPERATIONAL,https://maps.google.com/?cid=7914575499007619334&g_mp=Cilnb29nbGUubWFwcy5wbGFjZXMudjEuUGxhY2VzLlNlYXJjaE5lYXJieRACGAQgAA,ChIJLQMM9_4jDTkRBvFbrns41m0
Safaed,laundry,laundry|point_of_interest|service|establishment,074041 11282,https://www.safaed.com/,"M3M 65th Avenue, R5-101, Sector 65, Gurugram, Haryana 122101, India",5,15,OPERATIONAL,https://maps.google.com/?cid=14847337596569176403&g_mp=Cilnb29nbGUubWFwcy5wbGFjZXMudjEuUGxhY2VzLlNlYXJjaE5lYXJieRACGAQgAA,ChIJX8pazHkjDTkRU8nOJ-FWDM4
Apollo Pharmacy M3M 65th Avenue Sector 65,pharmacy,pharmacy|health|store|point_of_interest|establishment,098211 05428,https://www.apollopharmacy.in/?utm_source=gmb&utm_medium=organic&utm_campaign=sulekhapromanage-apollo-pharmacy,"Shop No.R1, Ground Floor, Block-1, M3M 65th Avenue, G-22, Sector 65, Gurugram, Haryana 122002, India",3.7,6,OPERATIONAL,https://maps.google.com/?cid=10537990006384380268&g_mp=Cilnb29nbGUubWFwcy5wbGFjZXMudjEuUGxhY2VzLlNlYXJjaE5lYXJieRACGAQgAA,ChIJIcnSxs0jDTkRbEkoARR2PpI
Cosmic Sutra,astrologer,astrologer|point_of_interest|establishment,092057 26969,https://www.cosmicsutra.org/,"M3M Heights, 65th Avenue, Sector 65, Gurugram, Haryana 122018, India",,,OPERATIONAL,https://maps.google.com/?cid=17342149438497764601&g_mp=Cilnb29nbGUubWFwcy5wbGFjZXMudjEuUGxhY2VzLlNlYXJjaE5lYXJieRACGAQgAA,ChIJ6YSBPUQjDTkR-TRmGwixq_A
WISE Parent Coaching,,point_of_interest|establishment,,,"tower 4/7a, Sector 65, Gurugram, Haryana 122101, India",5,1,CLOSED_TEMPORARILY,https://maps.google.com/?cid=1532589865964358032&g_mp=Cilnb29nbGUubWFwcy5wbGFjZXMudjEuUGxhY2VzLlNlYXJjaE5lYXJieRACGAQgAA,ChIJ__uI7rsjDTkRkEkr81zaRBU
Topaz 4,association_or_organization,service|association_or_organization|point_of_interest|establishment,,,"EMERALD HILLS, Sector 65, Gurugram, Haryana 122101, India",,,OPERATIONAL,https://maps.google.com/?cid=4983551538061249343&g_mp=Cilnb29nbGUubWFwcy5wbGFjZXMudjEuUGxhY2VzLlNlYXJjaE5lYXJieRACGAQgAA,ChIJ22ebo50jDTkRPwv-SbghKUU
T-152,apartment_building,apartment_building|service|point_of_interest|establishment,,,"C349+9RX, Sector 65, Gurugram, Haryana 122101, India",5,2,OPERATIONAL,https://maps.google.com/?cid=17109632972164308093&g_mp=Cilnb29nbGUubWFwcy5wbGFjZXMudjEuUGxhY2VzLlNlYXJjaE5lYXJieRACGAQgAA,ChIJjw8TJgAjDTkRfRwql4mgce0
Topaz 125 sf,apartment_building,apartment_building|service|point_of_interest|establishment,,,"131, Topaz Emerald Hill Rd, Sector 65, Gurugram, Haryana 122101, India",5,1,OPERATIONAL,https://maps.google.com/?cid=8462346947270084289&g_mp=Cilnb29nbGUubWFwcy5wbGFjZXMudjEuUGxhY2VzLlNlYXJjaE5lYXJieRACGAQgAA,ChIJ0faWWAAjDTkRwQYljrZLcHU
Fengsui Interiors Pvt Ltd,general_contractor,general_contractor|service|point_of_interest|establishment,,http://www.fengsuiinteriors.in/,"Shop No 10/25, Golf Course Ext Rd, opp. Dharam Tower, Sector 65, Gurugram, Haryana 122101, India",,,OPERATIONAL,https://maps.google.com/?cid=12447742722997272033&g_mp=Cilnb29nbGUubWFwcy5wbGFjZXMudjEuUGxhY2VzLlNlYXJjaE5lYXJieRACGAQgAA,ChIJHTce-mgiDTkR4b20Ow5Ev6w
Anavya Collection,clothing_store,clothing_store|store|point_of_interest|establishment,,,"Ivory-105, Gf, Emaar, Suncity Success Tower, EMERALD HILLS, Golf Course Ext Rd, Sector 65, Gurugram, Haryana 122101, India",,,CLOSED_TEMPORARILY,https://maps.google.com/?cid=13486918487034728715&g_mp=Cilnb29nbGUubWFwcy5wbGFjZXMudjEuUGxhY2VzLlNlYXJjaE5lYXJieRACGAQgAA,ChIJHTce-mgiDTkRC5FaPugoK7s
"Emaar Emerald Hills, Main Gate",lodging,lodging|point_of_interest|establishment,,,"C349+VWR, Emerald Hills Rd, Floors, Sector 65, Gurugram, Haryana 122101, India",3.6,9,OPERATIONAL,https://maps.google.com/?cid=9891746383749840447&g_mp=Cilnb29nbGUubWFwcy5wbGFjZXMudjEuUGxhY2VzLlNlYXJjaE5lYXJieRACGAQgAA,ChIJ604ccK4jDTkRP_6pY-2KRok
Emerald Hills,apartment_complex,apartment_complex|service|point_of_interest|establishment,1800 103 3643,,"Sector 65, Gurugram, Haryana 122101, India",4.3,659,OPERATIONAL,https://maps.google.com/?cid=2473603908214714125&g_mp=Cilnb29nbGUubWFwcy5wbGFjZXMudjEuUGxhY2VzLlNlYXJjaE5lYXJieRACGAQgAA,ChIJpy9BwWgiDTkRDe8nGKYBVCI
DIFC Commercial,corporate_office,corporate_office|point_of_interest|establishment,,,"DIFC Commercial sector 56, Sector 65, Gurugram, Haryana 122101, India",5,2,OPERATIONAL,https://maps.google.com/?cid=9210285426154722153&g_mp=Cilnb29nbGUubWFwcy5wbGFjZXMudjEuUGxhY2VzLlNlYXJjaE5lYXJieRACGAQgAA,ChIJWapRHQAjDTkRadPoAcyB0X8
Vastu By Nitara,consultant,consultant|service|point_of_interest|establishment,,,"Emaar Mgf, EMERALD HILLS, Plot No. 145, Sector 65, Gurugram, Haryana 122101, India",5,3,OPERATIONAL,https://maps.google.com/?cid=16897390945823791351&g_mp=Cilnb29nbGUubWFwcy5wbGFjZXMudjEuUGxhY2VzLlNlYXJjaE5lYXJieRACGAQgAA,ChIJz4s67T4jDTkR95i6_ImXf-o
Hills Home,corporate_office,corporate_office|point_of_interest|establishment,,,"69, Amber, Emaar emerald hills, Sector 65, Gurugram, Haryana 122101, India",5,1,OPERATIONAL,https://maps.google.com/?cid=14196490375571993069&g_mp=Cilnb29nbGUubWFwcy5wbGFjZXMudjEuUGxhY2VzLlNlYXJjaE5lYXJieRACGAQgAA,ChIJlTRmCz4jDTkR7XE4xccQBMU
Great The dry cleaners,laundry,laundry|service|point_of_interest|establishment,095993 53544,https://greatthedrycleaners.com/,"EMAAR, EMERALD PLAZA, FF-39A, Sector 65, Gurugram, Haryana 122101, India",5,11,OPERATIONAL,https://maps.google.com/?cid=3486305026881574865&g_mp=Cilnb29nbGUubWFwcy5wbGFjZXMudjEuUGxhY2VzLlNlYXJjaE5lYXJieRACGAQgAA,ChIJ_cP_ugEjDTkR0VfvYfPXYTA
ClayThings,store,store|manufacturer|point_of_interest|establishment,,https://claythings.in/,"Topaz 96, SF, Emaar, EMERALD HILLS, Sector 65, Gurugram, Haryana 122101, India",,,OPERATIONAL,https://maps.google.com/?cid=1793980333549420128&g_mp=Cilnb29nbGUubWFwcy5wbGFjZXMudjEuUGxhY2VzLlNlYXJjaE5lYXJieRACGAQgAA,ChIJ88Wpx98jDTkRYP4_w5t_5Rg
Finesse Industrial Laundry ( Corp HQ ),laundry,laundry|service|point_of_interest|establishment,070426 49955,https://finesselaundry.in/,"4th floor, Magnum towers, 2, Golf Course Ext Rd, Sector 58, Gurugram, Haryana 122101, India",5,1,OPERATIONAL,https://maps.google.com/?cid=14186870121029417878&g_mp=Cilnb29nbGUubWFwcy5wbGFjZXMudjEuUGxhY2VzLlNlYXJjaE5lYXJieRACGAQgAA,ChIJBRuA390jDTkRlruPtjXj4cQ
Golfklik,corporate_office,corporate_office|point_of_interest|establishment,1800 123 4109,http://golfklik.com/,"Fifth, World Mark Tower 2 501, Tower-2, Sector 65, Gurugram, Haryana 122101, India",,,OPERATIONAL,https://maps.google.com/?cid=14594518971956413889&g_mp=Cilnb29nbGUubWFwcy5wbGFjZXMudjEuUGxhY2VzLlNlYXJjaE5lYXJieRACGAQgAA,ChIJAQDAm2giDTkRwUUpD64liso
Great gurugram Physiotherapy clinic,physiotherapist,physiotherapist|health|point_of_interest|establishment,,,"Plot no-2, Golf Course Ext Rd, Sector 68, Gurugram, Nurpur Jharsa, Haryana 122101, India",4.9,17,OPERATIONAL,https://maps.google.com/?cid=9576454317715453142&g_mp=Cilnb29nbGUubWFwcy5wbGFjZXMudjEuUGxhY2VzLlNlYXJjaE5lYXJieRACGAQgAA,ChIJz2elrI4jDTkR1nQvt3Zm5oQ
Nutrabay,corporate_office,corporate_office|point_of_interest|establishment,,,"11th Floor, Tower-2, Magnum Global Park, Golf Course Ext Rd, Sector 58, Gurugram, Haryana 122011, India",,,OPERATIONAL,https://maps.google.com/?cid=2125688994845325526&g_mp=Cilnb29nbGUubWFwcy5wbGFjZXMudjEuUGxhY2VzLlNlYXJjaE5lYXJieRACGAQgAA,ChIJs0KOPAAhDTkR1ni24OD2fx0
Dr. Jasmin Bawa Chadha,doctor,skin_care_clinic|hair_care|doctor|beauty_salon|medical_clinic|health|service|point_of_interest|establishment,093546 45742,https://clinic-arc.in/,"126, First Floor, Tower-2, M3M Tee Point, Sector 65, Gurugram, Haryana 122101, India",5,1,OPERATIONAL,https://maps.google.com/?cid=7875010936169526177&g_mp=Cilnb29nbGUubWFwcy5wbGFjZXMudjEuUGxhY2VzLlNlYXJjaE5lYXJieRACGAQgAA,ChIJ7bPLYCwjDTkRoXOzDLmoSW0
Brahmakumaris,health,health|point_of_interest|establishment,099536 58779,http://www.brahmakumaris.com/,"Topaz 106 g.f.emaar emerald hills, Sector 65, Gurugram, Haryana 122101, India",,,OPERATIONAL,https://maps.google.com/?cid=10661265877347762292&g_mp=Cilnb29nbGUubWFwcy5wbGFjZXMudjEuUGxhY2VzLlNlYXJjaE5lYXJieRACGAQgAA,ChIJJ7MJKZgjDTkRdIBOY9Rs9JM
Thyrocare Aarogyam center gurgain,doctor,doctor|health|point_of_interest|establishment,022 3090 0000,http://www.thyrocare.com/,"Ireo Uptown, T-98, T-92, Sector 65, Gurugram, Haryana 122101, India",1,1,OPERATIONAL,https://maps.google.com/?cid=13659400576732597567&g_mp=Cilnb29nbGUubWFwcy5wbGFjZXMudjEuUGxhY2VzLlNlYXJjaE5lYXJieRACGAQgAA,ChIJK5pd6Z4jDTkRP43pNHTwj70
Amber 53,apartment_building,apartment_building|service|point_of_interest|establishment,,,"C34F+G6P, Emerald Hills Rd, Sector 65, Gurugram, Nangli Umarpur, Haryana 122101, India",4.3,4,OPERATIONAL,https://maps.google.com/?cid=911792435067766090&g_mp=Cilnb29nbGUubWFwcy5wbGFjZXMudjEuUGxhY2VzLlNlYXJjaE5lYXJieRACGAQgAA,ChIJez2QitUjDTkRSkUaiWNWpww
Amber 057,housing_complex,housing_complex|service|point_of_interest|establishment,,,"Emaar Mgf, EMERALD HILLS, Sector 65, Gurugram, Haryana 122101, India",,,OPERATIONAL,https://maps.google.com/?cid=11292712895142551395&g_mp=Cilnb29nbGUubWFwcy5wbGFjZXMudjEuUGxhY2VzLlNlYXJjaE5lYXJieRACGAQgAA,ChIJkWIRRwAjDTkRY99x-YvGt5w
Ramjilal Ambulance Service,service,health|service|point_of_interest|establishment,096541 02102,,"plot no. 07, behind yaduvanshi school, Sector 33, Sector 65, Gurugram, Haryana 122101, India",4.8,39,OPERATIONAL,https://maps.google.com/?cid=12301986091353992520&g_mp=Cilnb29nbGUubWFwcy5wbGFjZXMudjEuUGxhY2VzLlNlYXJjaE5lYXJieRACGAQgAA,ChIJs4FaeXoYDTkRSG3z3itvuao
Amber-55,association_or_organization,service|association_or_organization|point_of_interest|establishment,,,"EMERALD HILLS, A 54, Amber, Gurugram, Haryana 122101, India",5,1,OPERATIONAL,https://maps.google.com/?cid=5142967826471444427&g_mp=Cilnb29nbGUubWFwcy5wbGFjZXMudjEuUGxhY2VzLlNlYXJjaE5lYXJieRACGAQgAA,ChIJh8r8CgAjDTkRy98XVP19X0c
Sachdev Residence,condominium_complex,condominium_complex|service|point_of_interest|establishment,,,"ground floor, Amber 64, Emerald Hills Rd, Sector 65, Gurugram, Haryana 122101, India",5,2,OPERATIONAL,https://maps.google.com/?cid=17082323675857875990&g_mp=Cilnb29nbGUubWFwcy5wbGFjZXMudjEuUGxhY2VzLlNlYXJjaE5lYXJieRACGAQgAA,ChIJyZ9BOQAjDTkRFvTAjeCaEO0
EFP-54 Emerald Floors Premier,association_or_organization,service|association_or_organization|point_of_interest|establishment,,,"T-54, Sector 65, Gurugram, Haryana 122101, India",,,OPERATIONAL,https://maps.google.com/?cid=1058661659756906702&g_mp=Cilnb29nbGUubWFwcy5wbGFjZXMudjEuUGxhY2VzLlNlYXJjaE5lYXJieRACGAQgAA,ChIJXV_iLgAjDTkRzsgipysfsQ4
Sukoon Villa By VV,apartment_building,apartment_building|service|point_of_interest|establishment,,,"Amber 62, Emerald Hills Rd, Sector 65, Gurugram, Haryana 122101, India",5,1,OPERATIONAL,https://maps.google.com/?cid=4987333798404950697&g_mp=Cilnb29nbGUubWFwcy5wbGFjZXMudjEuUGxhY2VzLlNlYXJjaE5lYXJieRACGAQgAA,ChIJ90VMCQAjDTkRqQo6ZqqRNkU
Sukoon Villa,association_or_organization,service|association_or_organization|point_of_interest|establishment,,,"Amber 62, Emerald Hills Rd, Sector 65, Gurugram, Haryana 122101, India",,,OPERATIONAL,https://maps.google.com/?cid=2151300120916985358&g_mp=Cilnb29nbGUubWFwcy5wbGFjZXMudjEuUGxhY2VzLlNlYXJjaE5lYXJieRACGAQgAA,ChIJJVqXTAAjDTkRDgaD2A_02h0
PRAMOD,association_or_organization,service|association_or_organization|point_of_interest|establishment,,,"C34F+M2P, Sector 65, Gurugram, Haryana 122101, India",2,1,OPERATIONAL,https://maps.google.com/?cid=8266507965993642946&g_mp=Cilnb29nbGUubWFwcy5wbGFjZXMudjEuUGxhY2VzLlNlYXJjaE5lYXJieRACGAQgAA,ChIJ72T-McQjDTkRwuv8fTKJuHI
T-69,apartment_building,apartment_building|service|point_of_interest|establishment,,,"Block-A63, EMERALD HILLS, Sector 65, Gurugram, Haryana 122101, India",5,1,OPERATIONAL,https://maps.google.com/?cid=16157994947066233449&g_mp=Cilnb29nbGUubWFwcy5wbGFjZXMudjEuUGxhY2VzLlNlYXJjaE5lYXJieRACGAQgAA,ChIJ9_OUlIYjDTkRaYJwrsu6POA
Elante Tudor Residency (T-53),apartment_building,apartment_building|service|point_of_interest|establishment,,,"T-53, Sector 65, Gurugram, Haryana 122101, India",,,OPERATIONAL,https://maps.google.com/?cid=464894443035061382&g_mp=Cilnb29nbGUubWFwcy5wbGFjZXMudjEuUGxhY2VzLlNlYXJjaE5lYXJieRACGAQgAA,ChIJ-4u3aAAjDTkRhmwoZwijcwY
Amber 51,corporate_office,corporate_office|point_of_interest|establishment,,,"C34F+GFJ, Unnamed Road, Sector 65, Gurugram, Haryana 122101, India",,,OPERATIONAL,https://maps.google.com/?cid=9089205585412151595&g_mp=Cilnb29nbGUubWFwcy5wbGFjZXMudjEuUGxhY2VzLlNlYXJjaE5lYXJieRACGAQgAA,ChIJzRrfPbkjDTkRK9n8wFJYI34
Topaz 55,association_or_organization,service|association_or_organization|point_of_interest|establishment,,,"55, Emaar, Topaz, EMERALD HILLS, Sector 65, Gurugram, Haryana 122101, India",5,1,OPERATIONAL,https://maps.google.com/?cid=6685012588981680978&g_mp=Cilnb29nbGUubWFwcy5wbGFjZXMudjEuUGxhY2VzLlNlYXJjaE5lYXJieRACGAQgAA,ChIJqZ4IXQAjDTkRUntE7YfvxVw
SUPREM (T-54),apartment_building,apartment_building|service|point_of_interest|establishment,,,"Emaar Mgf, EMERALD HILLS, Sector 65, Gurugram, Haryana 122101, India",5,1,OPERATIONAL,https://maps.google.com/?cid=15965265954856132790&g_mp=Cilnb29nbGUubWFwcy5wbGFjZXMudjEuUGxhY2VzLlNlYXJjaE5lYXJieRACGAQgAA,ChIJDZIQHAAjDTkRtmDWX8wEkN0
Amber 65. Emerald Hills. Sector 65,association_or_organization,service|association_or_organization|point_of_interest|establishment,,,"Amber 65, Emerald Hills Rd, Sector 65, Gurugram, Nangli Umarpur, Haryana 122101, India",5,1,OPERATIONAL,https://maps.google.com/?cid=12269931539142237493&g_mp=Cilnb29nbGUubWFwcy5wbGFjZXMudjEuUGxhY2VzLlNlYXJjaE5lYXJieRACGAQgAA,ChIJ27gWAwAjDTkRNV3v2LmNR6o
Vastu MahaShakti,consultant,astrologer|general_contractor|consultant|service|point_of_interest|establishment,098444 05128,,"emaar emerald hills, A-63, Golf Course Ext Rd, Sector 65, Gurugram, Haryana 122101, India",5,15,OPERATIONAL,https://maps.google.com/?cid=2486747094473657545&g_mp=Cilnb29nbGUubWFwcy5wbGFjZXMudjEuUGxhY2VzLlNlYXJjaE5lYXJieRACGAQgAA,ChIJlfHasMkjDTkRyUxWnE6zgiI
Nitara T51,apartment_building,apartment_building|service|point_of_interest|establishment,,http://www.nitaragroup.com/,"C34F+M2P, Sector 65, Gurugram, Haryana 122101, India",,,OPERATIONAL,https://maps.google.com/?cid=6785412264782631471&g_mp=Cilnb29nbGUubWFwcy5wbGFjZXMudjEuUGxhY2VzLlNlYXJjaE5lYXJieRACGAQgAA,ChIJJeDX41UjDTkRL5LyEIGgKl4
"A65, Emerald Hills. Sector 65 Gurgaon",association_or_organization,service|association_or_organization|point_of_interest|establishment,,,"52, Emerald Hills Rd, Sector 65, Gurugram, Haryana 122101, India",,,OPERATIONAL,https://maps.google.com/?cid=8215129756864496045&g_mp=Cilnb29nbGUubWFwcy5wbGFjZXMudjEuUGxhY2VzLlNlYXJjaE5lYXJieRACGAQgAA,ChIJG_uKTQAjDTkRrUGm_fwAAnI
Bindeshwar Paan Shop,store,store|point_of_interest|establishment,087663 56326,,"Bangali Market, near Emaar Society, Sector 65, Gurugram, Haryana 122101, India",5,4,CLOSED_TEMPORARILY,https://maps.google.com/?cid=4705332464324467980&g_mp=Cilnb29nbGUubWFwcy5wbGFjZXMudjEuUGxhY2VzLlNlYXJjaE5lYXJieRACGAQgAA,ChIJCbrLM4IjDTkRDF0sRvKyTEE
Vaastu shakti sthaan,consultant,consultant|service|point_of_interest|establishment,098444 05128,,"3rd floor, EMERALD HILLS, A-63, Golf Course Ext Rd, Sector 65, Gurugram, Haryana 122101, India",5,1,OPERATIONAL,https://maps.google.com/?cid=11384112039111145752&g_mp=Cilnb29nbGUubWFwcy5wbGFjZXMudjEuUGxhY2VzLlNlYXJjaE5lYXJieRACGAQgAA,ChIJu1Kmo8kjDTkRGLl3fpV9_J0
Battwheelz Charging Hub,storage,storage|point_of_interest|establishment,,http://www.battwheelz.com/,"C34G+HH9, Sector 65, Nangli Umarpur, Gurugram, Haryana 122101, India",5,1,OPERATIONAL,https://maps.google.com/?cid=18402001558203926198&g_mp=Cilnb29nbGUubWFwcy5wbGFjZXMudjEuUGxhY2VzLlNlYXJjaE5lYXJieRACGAQgAA,ChIJ_QVVNOcjDTkRtgbuUOsKYf8
VEGGIES VILLAGE INDIA PVT LTD GURUGRAM,wholesaler,wholesaler|point_of_interest|establishment,099996 79758,,"Emaar MGF, Amber Block 16, EMERALD FLOOR, Sector 65, Gurugram, Haryana 122101, India",,,OPERATIONAL,https://maps.google.com/?cid=18214044256850104126&g_mp=Cilnb29nbGUubWFwcy5wbGFjZXMudjEuUGxhY2VzLlNlYXJjaE5lYXJieRACGAQgAA,ChIJdyj9YdwjDTkRPk_L3L9Ixfw
Atcost Werehouse,home_goods_store,home_goods_store|store|point_of_interest|establishment,,,"Unnamed Road, Sector 65, Gurugram, Haryana 122101, India",3.3,11,CLOSED_TEMPORARILY,https://maps.google.com/?cid=1393732163426625079&g_mp=Cilnb29nbGUubWFwcy5wbGFjZXMudjEuUGxhY2VzLlNlYXJjaE5lYXJieRACGAQgAA,ChIJTfwTrs0jDTkRN6YUsQSIVxM
Insfire sports,school,sports_complex|sports_coaching|athletic_field|school|educational_institution|sports_activity_location|point_of_interest|establishment,098114 19220,http://www.insfiresports.com/,"Insfire sports Sector 62, near Jmd Empire, off Golf Course Extension Road, Umarpur, Nangli, Gurugram, Haryana 122101, India",4.8,119,OPERATIONAL,https://maps.google.com/?cid=13412369948210519178&g_mp=Cilnb29nbGUubWFwcy5wbGFjZXMudjEuUGxhY2VzLlNlYXJjaE5lYXJieRACGAQgAA,ChIJ33aDFrMjDTkRilw292dPIro
Green eagle's soccer academy,sports_club,sports_club|association_or_organization|point_of_interest|establishment,,,"Golf Course Ext Rd, near Jmd Empire, Sector 62, Gurugram, Haryana 122101, India",5,7,OPERATIONAL,https://maps.google.com/?cid=8521198130452471076&g_mp=Cilnb29nbGUubWFwcy5wbGFjZXMudjEuUGxhY2VzLlNlYXJjaE5lYXJieRACGAQgAA,ChIJjeKZvWUjDTkRJJ1Xao1gQXY
Three Twenty Vibes,association_or_organization,service|association_or_organization|point_of_interest|establishment,,,"C34G+997, Emerald Hills Rd, Sector 65, Gurugram, Nangli Umarpur, Haryana 122101, India",,,OPERATIONAL,https://maps.google.com/?cid=13344423142138260870&g_mp=Cilnb29nbGUubWFwcy5wbGFjZXMudjEuUGxhY2VzLlNlYXJjaE5lYXJieRACGAQgAA,ChIJK1B1iJcjDTkRhi2nXyXqMLk
Muskan air con,store,home_goods_store|store|service|point_of_interest|establishment,092057 05067,,"Shop No 1, Lilu, Nambardar Market, Sector 62, Gurugram, Haryana 122101, India",4.4,18,OPERATIONAL,https://maps.google.com/?cid=14098564687544915930&g_mp=Cilnb29nbGUubWFwcy5wbGFjZXMudjEuUGxhY2VzLlNlYXJjaE5lYXJieRACGAQgAA,ChIJm-z3_iwZDTkR2hf7y-IpqMM
Home,apartment_building,apartment_building|service|point_of_interest|establishment,,,"Emerald Hills Amber, 017, Sector 65, Gurugram, Nangli Umarpur, Haryana 122101, India",,,OPERATIONAL,https://maps.google.com/?cid=18215339081457462534&g_mp=Cilnb29nbGUubWFwcy5wbGFjZXMudjEuUGxhY2VzLlNlYXJjaE5lYXJieRACGAQgAA,ChIJlwoHELYjDTkRBu2PtWLiyfw
BootCamp YELLOW PERFORMANCE HUB,health,health|point_of_interest|establishment,,http://www.bootcampyellow.com/,"PLOT #13, BUILDING, behind Jmd Empire, adjacent to Emerald Hills Road, Sector 60, Gurugram, Haryana 122101, India",5,194,OPERATIONAL,https://maps.google.com/?cid=4009764012992310733&g_mp=Cilnb29nbGUubWFwcy5wbGFjZXMudjEuUGxhY2VzLlNlYXJjaE5lYXJieRACGAQgAA,ChIJAR1pKrAjDTkRzS2NCyCLpTc
Amber 20,apartment_building,apartment_building|service|point_of_interest|establishment,,,"A/20, Emerald Hills Rd, Sector 65, Gurugram, Haryana 122101, India",5,1,OPERATIONAL,https://maps.google.com/?cid=17921230959633131438&g_mp=Cilnb29nbGUubWFwcy5wbGFjZXMudjEuUGxhY2VzLlNlYXJjaE5lYXJieRACGAQgAA,ChIJi1S3cQAjDTkRrmeqZpsAtfg
Amber 94,condominium_complex,condominium_complex|service|point_of_interest|establishment,,,"Amber Block, EMERALD HILLS, Sector 65, Gurugram, Nangli Umarpur, Haryana 122101, India",5,2,OPERATIONAL,https://maps.google.com/?cid=13963013978769885246&g_mp=Cilnb29nbGUubWFwcy5wbGFjZXMudjEuUGxhY2VzLlNlYXJjaE5lYXJieRACGAQgAA,ChIJ1Vv6ZAAjDTkRPohkBjyXxsE
MaxAtHome Doctor Visit & Consultation at Home | Emergency Doctor Visit at Home,doctor,doctor|consultant|health|service|point_of_interest|establishment,092402 99623,https://www.maxathome.in/service/doctor-visit-at-home/?utm_source=Google&utm_medium=GMB,"Sector 65, Gurugram, Haryana 122101, India",5,3,OPERATIONAL,https://maps.google.com/?cid=13155399869246457729&g_mp=Cilnb29nbGUubWFwcy5wbGFjZXMudjEuUGxhY2VzLlNlYXJjaE5lYXJieRACGAQgAA,ChIJO9hSmKwhDTkRgcenFHtekbY
Shree shyam General store,grocery_store,grocery_store|food_store|store|food|point_of_interest|establishment,,,"38, near Brahma Kumaris, Sector 65, Gurugram, Nangli Umarpur, Haryana 122101, India",,,OPERATIONAL,https://maps.google.com/?cid=13215520772453708479&g_mp=Cilnb29nbGUubWFwcy5wbGFjZXMudjEuUGxhY2VzLlNlYXJjaE5lYXJieRACGAQgAA,ChIJDbNJHwAjDTkRvzLmqx_2Zrc
Amber 37 Ground Floor Emaar Emerald Hills,association_or_organization,service|association_or_organization|point_of_interest|establishment,,,"Ground Floor, Emaar, Amber 37, EMERALD HILLS, Sector 65, Gurugram, Haryana 122101, India",3.6,5,OPERATIONAL,https://maps.google.com/?cid=14080065489368890143&g_mp=Cilnb29nbGUubWFwcy5wbGFjZXMudjEuUGxhY2VzLlNlYXJjaE5lYXJieRACGAQgAA,ChIJh5y_LwAjDTkRH7sRlPZwZsM
Ak fabrication and steel workshop,service,service|point_of_interest|establishment,098134 21654,https://www.akfebrication.com/,"near by jmd office, Sector 65, Gurugram, Haryana 122102, India",5,5,OPERATIONAL,https://maps.google.com/?cid=5843906927965769535&g_mp=Cilnb29nbGUubWFwcy5wbGFjZXMudjEuUGxhY2VzLlNlYXJjaE5lYXJieRACGAQgAA,ChIJiyEqLEYjDTkRPw_YfWO6GVE
Amber 17 Emerald Hills Sector -65,lodging,lodging|point_of_interest|establishment,,,"Amber Block 17, Emaar MGF Emerald Floors, Sector 65, Gurugram, Haryana 122101, India",4.5,22,OPERATIONAL,https://maps.google.com/?cid=2079304797924463061&g_mp=Cilnb29nbGUubWFwcy5wbGFjZXMudjEuUGxhY2VzLlNlYXJjaE5lYXJieRACGAQgAA,ChIJ-W2nHBAjDTkR1ZENdLIs2xw
Best Packers Movers Gurgaon,transportation_service,transportation_service|point_of_interest|establishment,096674 97500,,"No.65H/65, First Floor, Main Market, Sector 65, Gurugram, Haryana 122101, India",5,11,OPERATIONAL,https://maps.google.com/?cid=14240549925998968472&g_mp=Cilnb29nbGUubWFwcy5wbGFjZXMudjEuUGxhY2VzLlNlYXJjaE5lYXJieRACGAQgAA,ChIJqT5UbLkjDTkRmD5iQbWYoMU
Basketball court 2,athletic_field,athletic_field|sports_activity_location|point_of_interest|establishment,,,"Amber Block 16, Emaar MGF Emerald Floors, Sector 65, Gurugram, Haryana 122101, India",,,OPERATIONAL,https://maps.google.com/?cid=8541683132375224723&g_mp=Cilnb29nbGUubWFwcy5wbGFjZXMudjEuUGxhY2VzLlNlYXJjaE5lYXJieRACGAQgAA,ChIJr4BDtNwjDTkRk9ErmY0ninY
Anisur Rahman,place_of_worship,place_of_worship|association_or_organization|point_of_interest|establishment,,,"C35G+2C, Sector 65, Gurugram, Nangli Umarpur, Haryana 122101, India",1,1,OPERATIONAL,https://maps.google.com/?cid=1386998491154098507&g_mp=Cilnb29nbGUubWFwcy5wbGFjZXMudjEuUGxhY2VzLlNlYXJjaE5lYXJieRACGAQgAA,ChIJ_YigQQAjDTkRSyk-ccebPxM
Basketball court 1,athletic_field,athletic_field|sports_activity_location|point_of_interest|establishment,,,"Amber Block 16, Emaar MGF Emerald Floors, Sector 65, Gurugram, Haryana 122101, India",5,2,OPERATIONAL,https://maps.google.com/?cid=1273562632055371827&g_mp=Cilnb29nbGUubWFwcy5wbGFjZXMudjEuUGxhY2VzLlNlYXJjaE5lYXJieRACGAQgAA,ChIJ6x_w7RkjDTkRMzjfWnearBE
Home woodstock,apartment_complex,apartment_complex|service|point_of_interest|establishment,,,"103, Woodstock Ave, Nirvana Country, Sector 50, Gurugram, Haryana 122018, India",,,OPERATIONAL,https://maps.google.com/?cid=7186367279922563430&g_mp=Cilnb29nbGUubWFwcy5wbGFjZXMudjEuUGxhY2VzLlNlYXJjaE5lYXJieRACGAQgAA,ChIJobzaAwAjDTkRZklGUfcau2M
"Woodstock, 102",housing_complex,housing_complex|service|point_of_interest|establishment,,,"Woodstock Floors, WS 102, Nirvana Country, Sector 50, Gurugram, Haryana 122018, India",,,OPERATIONAL,https://maps.google.com/?cid=18248145000898353832&g_mp=Cilnb29nbGUubWFwcy5wbGFjZXMudjEuUGxhY2VzLlNlYXJjaE5lYXJieRACGAQgAA,ChIJsWhHFgAjDTkRqNpdDDJvPv0
133 Woodstock floors,apartment_complex,apartment_complex|service|point_of_interest|establishment,,,"133, Woodstock Floors, Nirvana Country, Sector 50, Gurugram, Haryana 122018, India",5,1,OPERATIONAL,https://maps.google.com/?cid=1194001659399322641&g_mp=Cilnb29nbGUubWFwcy5wbGFjZXMudjEuUGxhY2VzLlNlYXJjaE5lYXJieRACGAQgAA,ChIJc6-AYwAjDTkRETy54S7ykRA
Vedant ka gurgaon vala ghar,housing_complex,housing_complex|service|point_of_interest|establishment,,,"Woodstock Floors, 96, Nirvana Country, Sector 50, Gurugram, Haryana 122018, India",1,1,OPERATIONAL,https://maps.google.com/?cid=3918645199291181222&g_mp=Cilnb29nbGUubWFwcy5wbGFjZXMudjEuUGxhY2VzLlNlYXJjaE5lYXJieRACGAQgAA,ChIJhQ-BFQAjDTkRpmiKAAzTYTY
145 Woodstock floors,lodging,lodging|point_of_interest|establishment,,,"145,woodstock floor, Nirvana Country, Sector 50, Gurugram, Haryana 122018, India",4.8,16,OPERATIONAL,https://maps.google.com/?cid=16855774910729274995&g_mp=Cilnb29nbGUubWFwcy5wbGFjZXMudjEuUGxhY2VzLlNlYXJjaE5lYXJieRACGAQgAA,ChIJhSbxB9AjDTkRc8b1v_m96-k
"146, Woodstock Floors, Nirwana Country, Gurgaon",association_or_organization,service|association_or_organization|point_of_interest|establishment,,,"Woodstock Floors, Nirvana Country, Sector 50, Gurugram, Haryana 122018, India",5,1,OPERATIONAL,https://maps.google.com/?cid=17959964087496945809&g_mp=Cilnb29nbGUubWFwcy5wbGFjZXMudjEuUGxhY2VzLlNlYXJjaE5lYXJieRACGAQgAA,ChIJ-WUCfQAjDTkRkTAHfi6cPvk
Pioneer Project,apartment_building,apartment_building|service|point_of_interest|establishment,,,"C356+V77, Sector 50, Gurugram, Haryana 122018, India",2.3,3,OPERATIONAL,https://maps.google.com/?cid=2920981752586059319&g_mp=Cilnb29nbGUubWFwcy5wbGFjZXMudjEuUGxhY2VzLlNlYXJjaE5lYXJieRACGAQgAA,ChIJF42m6FEjDTkRNz5Kjm1piSg
"149, Woodstock",apartment_building,apartment_building|service|point_of_interest|establishment,,,"146, Woodstock Ave, Nirvana Country, Sector 50, Gurugram, Haryana 122018, India",,,OPERATIONAL,https://maps.google.com/?cid=11997703763288765353&g_mp=Cilnb29nbGUubWFwcy5wbGFjZXMudjEuUGxhY2VzLlNlYXJjaE5lYXJieRACGAQgAA,ChIJry91BAAjDTkRqbMxkwFogKY
Manish Aspen House,association_or_organization,service|association_or_organization|point_of_interest|establishment,,,"121, Nirvana Country, Sector 50, Gurugram, Haryana 122018, India",,,OPERATIONAL,https://maps.google.com/?cid=2972181266580597386&g_mp=Cilnb29nbGUubWFwcy5wbGFjZXMudjEuUGxhY2VzLlNlYXJjaE5lYXJieRACGAQgAA,ChIJFer3SAAjDTkRimqbWh1PPyk
"Tower 6, Unitech Escape",association_or_organization,service|association_or_organization|point_of_interest|establishment,,,"C356+F58, Sector 50, Gurugram, Haryana 122018, India",4.2,6,OPERATIONAL,https://maps.google.com/?cid=11640061243516288110&g_mp=Cilnb29nbGUubWFwcy5wbGFjZXMudjEuUGxhY2VzLlNlYXJjaE5lYXJieRACGAQgAA,ChIJF8ZPwWMiDTkRbnyUfwfOiaE
122 woodstock floors,apartment_building,apartment_building|service|point_of_interest|establishment,,,"C355+HMC, Woodstock Blvd, Nirvana Country, Sector 50, Gurugram, Haryana 122018, India",,,OPERATIONAL,https://maps.google.com/?cid=5535030148560612649&g_mp=Cilnb29nbGUubWFwcy5wbGFjZXMudjEuUGxhY2VzLlNlYXJjaE5lYXJieRACGAQgAA,ChIJ5SHEVgAjDTkRKW0IIphg0Ew
"Abacus, Vedic Maths, maths olympiad and drawing classes",educational_institution,educational_institution|point_of_interest|establishment,095744 50777,,"Nirvana Escape, T6-1003, Sector 50, Gurugram, Haryana 122018, India",5,9,OPERATIONAL,https://maps.google.com/?cid=2523783816920235818&g_mp=Cilnb29nbGUubWFwcy5wbGFjZXMudjEuUGxhY2VzLlNlYXJjaE5lYXJieRACGAQgAA,ChIJV0wz2IcjDTkRKv9oiQJIBiM
Work,association_or_organization,association_or_organization|point_of_interest|establishment,,,"C356+72R, Sector 50, Gurugram, Haryana 122018, India",,,CLOSED_TEMPORARILY,https://maps.google.com/?cid=14293776825709133281&g_mp=Cilnb29nbGUubWFwcy5wbGFjZXMudjEuUGxhY2VzLlNlYXJjaE5lYXJieRACGAQgAA,ChIJgyv4EwAjDTkR4X0ak0qyXcY
National Generator Works,store,store|point_of_interest|establishment,098105 37518,https://nationalgeneratorworks.com/,"1st floor, 110, woodstock floors, Nirvana Country, Sector 50, Gurugram, Haryana 122018, India",4.9,21,OPERATIONAL,https://maps.google.com/?cid=11647589370381628767&g_mp=Cilnb29nbGUubWFwcy5wbGFjZXMudjEuUGxhY2VzLlNlYXJjaE5lYXJieRACGAQgAA,ChIJAYXLGuYjDTkRX3U2H9KMpKE
"WS 90, Woodstock Floors",apartment_complex,apartment_complex|service|point_of_interest|establishment,,,"C355+XHJ, Nirvana Country, Sector 50, Gurugram, Haryana 122018, India",5,2,OPERATIONAL,https://maps.google.com/?cid=13349563793940352394&g_mp=Cilnb29nbGUubWFwcy5wbGFjZXMudjEuUGxhY2VzLlNlYXJjaE5lYXJieRACGAQgAA,ChIJPYYpYsIjDTkRig07pIotQ7k
Mehtas,apartment_building,apartment_building|service|point_of_interest|establishment,,,"T3, UNITECH ESCAPE, Sector 50, Gurugram, Haryana 122018, India",,,OPERATIONAL,https://maps.google.com/?cid=5716932116257512403&g_mp=Cilnb29nbGUubWFwcy5wbGFjZXMudjEuUGxhY2VzLlNlYXJjaE5lYXJieRACGAQgAA,ChIJHVmBcwAjDTkR0xuNWnifVk8
Escape,apartment_complex,apartment_complex|service|point_of_interest|establishment,,,"UNITECH ESCAPE, Nirvana Country, Sector 50, Gurugram, Haryana 122018, India",4.1,786,OPERATIONAL,https://maps.google.com/?cid=14299987709959428544&g_mp=Cilnb29nbGUubWFwcy5wbGFjZXMudjEuUGxhY2VzLlNlYXJjaE5lYXJieRACGAQgAA,ChIJmebz3mMiDTkRwFmVwA7Dc8Y
Joint Venture,apartment_building,apartment_building|service|point_of_interest|establishment,,,"98, Woodstock Floors, Nirvana Country, Sector 50, Gurugram, Haryana 122018, India",,,OPERATIONAL,https://maps.google.com/?cid=14208896320714892720&g_mp=Cilnb29nbGUubWFwcy5wbGFjZXMudjEuUGxhY2VzLlNlYXJjaE5lYXJieRACGAQgAA,ChIJjZeqDQAjDTkRsOWQ9usjMMU
Havells Water Purifier Sales & Service Centre in Gurgaon,,point_of_interest|establishment,,https://pahujaaquaservice.com/public/havells-water-purifier/,"Address - 111, Nirvana Country, Sector 50, Gurugram, Haryana 122018, India",5,3,OPERATIONAL,https://maps.google.com/?cid=13482324186019982010&g_mp=Cilnb29nbGUubWFwcy5wbGFjZXMudjEuUGxhY2VzLlNlYXJjaE5lYXJieRACGAQgAA,ChIJ5VPhEYEjDTkRuupgLmrWGrs
Nihon India Services,corporate_office,corporate_office|point_of_interest|establishment,,https://www.thenihon.net/,"Unit No. 210, 2nd Floor, Magnum PIN Code, Tower 1, Golf Course Ext Rd, Nirvana Country, Sector 58, Gurugram, Haryana 122018, India",,,OPERATIONAL,https://maps.google.com/?cid=4066536009513642094&g_mp=Cilnb29nbGUubWFwcy5wbGFjZXMudjEuUGxhY2VzLlNlYXJjaE5lYXJieRACGAQgAA,ChIJ__-bX2IiDTkRbihlifQ8bzg
ALL Car CSD & CPC,car_dealer,car_dealer|store|point_of_interest|establishment,098106 59058,,"Silverton Towers, Golf Course Ext Rd, Nirvana Country, Sector 50, Gurugram, Haryana 122018, India",4.9,8,OPERATIONAL,https://maps.google.com/?cid=6136921049320742773&g_mp=Cilnb29nbGUubWFwcy5wbGFjZXMudjEuUGxhY2VzLlNlYXJjaE5lYXJieRACGAQgAA,ChIJTbHwAXriDDkRdV9h9y25KlU
Guru Dronacharya Cricket Academy,athletic_field,athletic_field|sports_activity_location|point_of_interest|establishment,,,"DPS International School, Golf Course Ext Rd, South City II, Sector 50, Gurugram, Haryana 122001, India",5,9,OPERATIONAL,https://maps.google.com/?cid=8353212043365233798&g_mp=Cilnb29nbGUubWFwcy5wbGFjZXMudjEuUGxhY2VzLlNlYXJjaE5lYXJieRACGAQgAA,ChIJ8TBfaC0jDTkRhrRMohiS7HM
"DJSA Heated Swimming Pool, DPS International School, Gurgaon",swimming_pool,swimming_pool|sports_activity_location|point_of_interest|establishment,095824 76727,https://pushsports.in/sports-arena/push-multi-sports-academy-dpsi/,"Block W, JUNIOR WING, DPS International School HS, 01, Golf Course Ext Rd, South City II, Sector 50, Gurugram, Haryana 122018, India",4.3,13,OPERATIONAL,https://maps.google.com/?cid=4495795246254359242&g_mp=Cilnb29nbGUubWFwcy5wbGFjZXMudjEuUGxhY2VzLlNlYXJjaE5lYXJieRACGAQgAA,ChIJn6ksVMsjDTkRyoLh6_RFZD4
DPS International,school,secondary_school|primary_school|preschool|child_care_agency|school|educational_institution|service|point_of_interest|establishment,0124 710 0080,https://dpsiedge.edu.in/?utm_source=google&utm_medium=organic&utm_campaign=gbp_listing,"HS-01, Golf Course Ext Rd, Block W, South City II, Sector 50, Gurugram, Haryana 122018, India",,,OPERATIONAL,https://maps.google.com/?cid=7491901682610741553&g_mp=Cilnb29nbGUubWFwcy5wbGFjZXMudjEuUGxhY2VzLlNlYXJjaE5lYXJieRACGAQgAA,ChIJ-ZFlCGQiDTkRMSEq9OKU-Gc
Basketball Court,athletic_field,athletic_field|sports_activity_location|point_of_interest|establishment,,,"C357+J38, Nirvana Country, Sector 50, Gurugram, Haryana 122018, India",,,OPERATIONAL,https://maps.google.com/?cid=9237159740109290109&g_mp=Cilnb29nbGUubWFwcy5wbGFjZXMudjEuUGxhY2VzLlNlYXJjaE5lYXJieRACGAQgAA,ChIJ9VZ_KscjDTkRffrA0tf7MIA
The Crest Park,park,park|point_of_interest|establishment,,,"C357+X97, Sector 50, Gurugram, Haryana 122018, India",,,OPERATIONAL,https://maps.google.com/?cid=8237078331295246619&g_mp=Cilnb29nbGUubWFwcy5wbGFjZXMudjEuUGxhY2VzLlNlYXJjaE5lYXJieRACGAQgAA,ChIJFT_BVAAjDTkRG6nrsxn7T3I
Taxi And Ambulance Sales,store,store|point_of_interest|establishment,,,"Silverton Towers, Golf Course Ext Rd, Nirvana Country, Sector 50, Gurugram, Haryana 122018, India",,,CLOSED_TEMPORARILY,https://maps.google.com/?cid=17893852282097376296&g_mp=Cilnb29nbGUubWFwcy5wbGFjZXMudjEuUGxhY2VzLlNlYXJjaE5lYXJieRACGAQgAA,ChIJr42dEWQiDTkRKBy6Sdi7U_g
The Crest,association_or_organization,association_or_organization|service|point_of_interest|establishment,,,"C357+VGH, Sector 50, Gurugram, Haryana 122018, India",,,OPERATIONAL,https://maps.google.com/?cid=1287065844178583764&g_mp=Cilnb29nbGUubWFwcy5wbGFjZXMudjEuUGxhY2VzLlNlYXJjaE5lYXJieRACGAQgAA,ChIJDepVEgAjDTkR1IDN7JCT3BE
Elite Elevators Gurgaon,manufacturer,manufacturer|service|point_of_interest|establishment,093616 13131,https://www.eliteelevators.com/home-elevators-in-gurgaon/,"Shop no. R9, M3M Urbana Premium 009, Golf Course Ext Rd, Sector 67, Sector 50, Gurugram, Haryana 122002, India",4.7,15,OPERATIONAL,https://maps.google.com/?cid=12800293582920565647&g_mp=Cilnb29nbGUubWFwcy5wbGFjZXMudjEuUGxhY2VzLlNlYXJjaE5lYXJieRACGAQgAA,ChIJwZi_6ikjDTkRj0Ox3jHHo7E
411 SECTOR 50 GURGAON,service,service|point_of_interest|establishment,,,"C357+RHG, Sector 50, Gurugram, Haryana 122018, India",5,2,OPERATIONAL,https://maps.google.com/?cid=8832234855213705287&g_mp=Cilnb29nbGUubWFwcy5wbGFjZXMudjEuUGxhY2VzLlNlYXJjaE5lYXJieRACGAQgAA,ChIJ9wqYaAAjDTkRRyjWPc5mkno
Kunal Tea shop,tea_store,tea_store|food_store|store|point_of_interest|food|establishment,081302 99390,,"Secto 65, Avenue M3m, near D P S International School, Badshahpur, Sector 66, Gurugram, Haryana 122018, India",5,6,OPERATIONAL,https://maps.google.com/?cid=2919651932561402815&g_mp=Cilnb29nbGUubWFwcy5wbGFjZXMudjEuUGxhY2VzLlNlYXJjaE5lYXJieRACGAQgAA,ChIJaQlbKBYjDTkRv-satPavhCg
Silverton sector 50,grocery_store,grocery_store|food_store|store|point_of_interest|food|establishment,,,"Shop No.-07, Main, Badshahpur Sohna Rd Hwy, opposite Malibu Towne, Sector 48, Gurugram, Haryana 122018, India",4.8,20,OPERATIONAL,https://maps.google.com/?cid=1087617368785463280&g_mp=Cilnb29nbGUubWFwcy5wbGFjZXMudjEuUGxhY2VzLlNlYXJjaE5lYXJieRACGAQgAA,ChIJmcrX3RYjDTkR8KcABjz-Fw8
HashTAGit,service,marketing_consultant|consultant|service|point_of_interest|establishment,098119 13041,https://hashtagit.in/,"Unit No. 502, 5th Floor, Core B, Silverton Towers, Golf Course Ext Rd, Sector 50, Gurugram, Haryana 122018, India",4.5,8,OPERATIONAL,https://maps.google.com/?cid=4805995630172585127&g_mp=Cilnb29nbGUubWFwcy5wbGFjZXMudjEuUGxhY2VzLlNlYXJjaE5lYXJieRACGAQgAA,ChIJnRcHp5siDTkRpzyE-I9TskI
Deep Cleaning Expert,service,service|point_of_interest|establishment,,,"234, Nirvana Country, Sector 50, Gurugram, Haryana 122018, India",,,OPERATIONAL,https://maps.google.com/?cid=15240151402693554588&g_mp=Cilnb29nbGUubWFwcy5wbGFjZXMudjEuUGxhY2VzLlNlYXJjaE5lYXJieRACGAQgAA,ChIJdUp75yYjDTkRnHG4ePTkf9M
The Breathe Swimming Academy,swimming_pool,swimming_pool|sports_activity_location|sports_club|association_or_organization|school|educational_institution|health|point_of_interest|establishment,080599 46194,,"DPS International School HS, Golf Course Ext Rd, Vatika City, Block W, South City II, Sector 50, Gurugram, Haryana 122018, India",4.7,102,OPERATIONAL,https://maps.google.com/?cid=10916193868909730285&g_mp=Cilnb29nbGUubWFwcy5wbGFjZXMudjEuUGxhY2VzLlNlYXJjaE5lYXJieRACGAQgAA,ChIJYTuSmXkhDTkR7Vmpv3wcfpc
"Sector 50, Pocket A, HSVP",service,service|point_of_interest|establishment,,,"C367+223, Sector 50, Gurugram, Haryana 122018, India",1,1,OPERATIONAL,https://maps.google.com/?cid=11995602444866786060&g_mp=Cilnb29nbGUubWFwcy5wbGFjZXMudjEuUGxhY2VzLlNlYXJjaE5lYXJieRACGAQgAA,ChIJbWmY8HgjDTkRDJMXQd7weKY
Paras Dews Gurgaon,real_estate_agency,real_estate_agency|service|point_of_interest|establishment,078382 66607,,"5th Floor, Silverton Towers, Golf Course Ext Rd, Sector 50, Gurugram, Haryana 122009, India",3.7,9,OPERATIONAL,https://maps.google.com/?cid=14998193486020115754&g_mp=Cilnb29nbGUubWFwcy5wbGFjZXMudjEuUGxhY2VzLlNlYXJjaE5lYXJieRACGAQgAA,ChIJBXI9CWQiDTkRKn3O_oJJJNA
R S TRADERS,transportation_service,transportation_service|point_of_interest|establishment,063963 08094,,"Golf Course Ext Rd, opp. DPS School, Sector 65, Gurugram, Haryana 122018, India",5,2,OPERATIONAL,https://maps.google.com/?cid=9592290212250729524&g_mp=Cilnb29nbGUubWFwcy5wbGFjZXMudjEuUGxhY2VzLlNlYXJjaE5lYXJieRACGAQgAA,ChIJ2dB8ngcjDTkRNDypOyCpHoU
Arcistic Design,service,service|point_of_interest|establishment,,https://www.instagram.com/arcistic_design/profilecard/?igsh=MWY3cml0Z2hnYWpmYQ==,"5th floor, Silverton Towers, 524, Golf Course Ext Rd, Sector 50, Gurugram, Haryana 122018, India",5,7,OPERATIONAL,https://maps.google.com/?cid=8258520741199666684&g_mp=Cilnb29nbGUubWFwcy5wbGFjZXMudjEuUGxhY2VzLlNlYXJjaE5lYXJieRACGAQgAA,ChIJC3Nsy54jDTkR_N1mzdsonHI
Pt Sociolla Bella Indonesia,,point_of_interest|establishment,,,"Core B, Unit 203A - 203E, 2nd floor, Silverton tower, Golf Course Ext Rd, Nirvana Country, Sector 50, Gurugram, Haryana 122018, India",5,3,CLOSED_TEMPORARILY,https://maps.google.com/?cid=4280571526185030980&g_mp=Cilnb29nbGUubWFwcy5wbGFjZXMudjEuUGxhY2VzLlNlYXJjaE5lYXJieRACGAQgAA,ChIJHQZxfwAjDTkRRBXppR-lZzs
Blueprint Modeller Scale Model Maker,service,service|point_of_interest|establishment,088540 71607,,"Golf Course Ext Rd, Sector 50, Gurugram, Haryana 122018, India",,,OPERATIONAL,https://maps.google.com/?cid=9508764083356605156&g_mp=Cilnb29nbGUubWFwcy5wbGFjZXMudjEuUGxhY2VzLlNlYXJjaE5lYXJieRACGAQgAA,ChIJr-LAHUAjDTkR5Jp24Y3q9YM
Dinesh Nursery,farm,farm|service|wholesaler|point_of_interest|establishment,,,"Shop No Nera, Indian Oil Petrol Pump, opp. Nirvana Country, near Nirwana Country, Sector 65, Gurugram, Haryana 122101, India",,,CLOSED_TEMPORARILY,https://maps.google.com/?cid=8013833941788526086&g_mp=Cilnb29nbGUubWFwcy5wbGFjZXMudjEuUGxhY2VzLlNlYXJjaE5lYXJieRACGAQgAA,ChIJs2fi6WUiDTkRBgZGzYLbNm8
Ansh Car Modification Pvt Ltd,car_repair,car_wash|car_repair|service|store|point_of_interest|establishment,,,"24, Seven Filling Station, Indian Oil Petrol Pump, Golf Course Ext Rd, opposite Nirvana Country, Sector 65, Gurugram, Haryana 122101, India",4.8,132,OPERATIONAL,https://maps.google.com/?cid=10953507024222870217&g_mp=Cilnb29nbGUubWFwcy5wbGFjZXMudjEuUGxhY2VzLlNlYXJjaE5lYXJieRACGAQgAA,ChIJhwQ54YUjDTkRydqMt5qsApg
BHAWANI NURSERY 2,farm,farm|service|wholesaler|point_of_interest|establishment,099580 49631,,"Sector 65 Avenue, M3M Market, near Emmar Plaza, Sector 65, Gurugram, Haryana 122101, India",5,1,OPERATIONAL,https://maps.google.com/?cid=10669688425211652562&g_mp=Cilnb29nbGUubWFwcy5wbGFjZXMudjEuUGxhY2VzLlNlYXJjaE5lYXJieRACGAQgAA,ChIJHQHborkjDTkR0mnWoBdZEpQ
Panap Nursery,shopping_mall,shopping_mall|farm|service|wholesaler|point_of_interest|establishment,,,"C358+RQF, Golf Course Ext Rd, Sector 65, Gurugram, Haryana 122018, India",3,2,CLOSED_TEMPORARILY,https://maps.google.com/?cid=14359470667367047188&g_mp=Cilnb29nbGUubWFwcy5wbGFjZXMudjEuUGxhY2VzLlNlYXJjaE5lYXJieRACGAQgAA,ChIJH0pw8MYjDTkRFOANA34WR8c
Apollo Tyres - New Century Tyres private limited,tire_shop,tire_shop|auto_parts_store|car_repair|service|store|point_of_interest|establishment,,https://store.apollotyres.com/apollo-tyres-new-century-tyres-batteries-tyre-shop-sector-62-gurugram-78013/Home?utm_source=locator&utm_medium=googleplaces,"Ground Floor, Golf Course Ext Rd, near CNG Pump, Sector 62, Gurugram, Haryana 122101, India",3.7,37,OPERATIONAL,https://maps.google.com/?cid=14872482422504565641&g_mp=Cilnb29nbGUubWFwcy5wbGFjZXMudjEuUGxhY2VzLlNlYXJjaE5lYXJieRACGAQgAA,ChIJyxqw1Q8iDTkRiSugKferZc4
IndianOil,gas_station,gas_station|service|point_of_interest|establishment,092123 76006,https://locator.iocl.com/indianoil-24-seven-filling-station-petrol-pump-badshahpur-gurugram-196277/Home?utm_source=locator&utm_medium=googleplaces,"Golf Course Ext Rd, Opp Nirvana Country Spa, Badshahpur, Sector 65, Gurugram, Haryana 122101, India",3.9,358,OPERATIONAL,https://maps.google.com/?cid=6198110126752585516&g_mp=Cilnb29nbGUubWFwcy5wbGFjZXMudjEuUGxhY2VzLlNlYXJjaE5lYXJieRACGAQgAA,ChIJZ8tR3WUiDTkRLNfWP1IcBFY
Gallaxy Cotton Shop,tailor,tailor|service|point_of_interest|establishment,098109 14367,,"Golf Course Ext Rd, Nirvana Country, Sector 50, Gurugram, Haryana 122018, India",,,CLOSED_TEMPORARILY,https://maps.google.com/?cid=4922135116357794214&g_mp=Cilnb29nbGUubWFwcy5wbGFjZXMudjEuUGxhY2VzLlNlYXJjaE5lYXJieRACGAQgAA,ChIJx6FUKa0jDTkRpnn7Ss_vTkQ
Tata Power Charging Station,electric_vehicle_charging_station,electric_vehicle_charging_station|transportation_service|point_of_interest|establishment,1800 833 2233,https://www.tatapower.com/,"C358+GMM, Golf Course Ext Rd, opp. Nirvana country, Badshahpur, SPR, Gurugram, Haryana 122001, India",1,1,OPERATIONAL,https://maps.google.com/?cid=2901062928761885475&g_mp=Cilnb29nbGUubWFwcy5wbGFjZXMudjEuUGxhY2VzLlNlYXJjaE5lYXJieRACGAQgAA,ChIJifNw6GUiDTkRIxPo-1ylQig
Nature Lover Nursery,farm,farm|service|wholesaler|point_of_interest|establishment,098996 73456,,"Plot-47, Opposite North Close Nivrana Country, near Indian Oil Pump, Sector 65, Gurugram, Haryana 122101, India",5,7,OPERATIONAL,https://maps.google.com/?cid=13374166314145878688&g_mp=Cilnb29nbGUubWFwcy5wbGFjZXMudjEuUGxhY2VzLlNlYXJjaE5lYXJieRACGAQgAA,ChIJudxwZU0jDTkRoBKpQWeVmrk
F1 Tyre And Battery,tire_shop,tire_shop|auto_parts_store|car_repair|service|store|point_of_interest|establishment,098210 09551,https://stores.bridgestone.co.in/bridgestone-select-f1-tyre-and-battery-badshahpur-gurugram-1721/overview,"Plot No 6, Kila, No 22/2/1, 1, Golf Course Ext Rd, near Indian Oil Petrol Pump, Badshahpur, Sector 65, Gurugram, Haryana 122101, India",4.5,30,OPERATIONAL,https://maps.google.com/?cid=18350870603044014194&g_mp=Cilnb29nbGUubWFwcy5wbGFjZXMudjEuUGxhY2VzLlNlYXJjaE5lYXJieRACGAQgAA,ChIJpeEGnNojDTkRcsiYHZZjq_4
Vredestein Tyres - New Century Pvt Ltd,tire_shop,tire_shop|auto_parts_store|manufacturer|car_repair|service|store|point_of_interest|establishment,098107 17369,https://store.vredestein.co.in/vredestein-tyres-new-century-pvt-ltd-tyre-shop-sector-65-gurugram-472319/Home?utm_source=locator&utm_medium=googleplaces,"Ground Floor, Golf Course Ext Rd, opposite DPS International School, Sector 65, Gurugram, Haryana 122002, India",5,1,OPERATIONAL,https://maps.google.com/?cid=9159355378653773596&g_mp=Cilnb29nbGUubWFwcy5wbGFjZXMudjEuUGxhY2VzLlNlYXJjaE5lYXJieRACGAQgAA,ChIJI78KDAcjDTkRHL84RDCRHH8
Detailing Daddy,car_wash,car_wash|service|point_of_interest|establishment,096435 83905,https://www.detailingdaddy.com/,"opposite DPS International School, adjacent to Indian Oil Petrol Pump, Sector 65, Gurugram, Haryana 122101, India",4.8,136,OPERATIONAL,https://maps.google.com/?cid=16647683920837348025&g_mp=Cilnb29nbGUubWFwcy5wbGFjZXMudjEuUGxhY2VzLlNlYXJjaE5lYXJieRACGAQgAA,ChIJ7QT9SmAjDTkRuQp-olJ0COc
Strokes,body_art_service,body_art_service|point_of_interest|establishment,,,"C368+2C7 Strokes PMU Studio, Sector 65, Gurugram, Haryana 122102, India",,,OPERATIONAL,https://maps.google.com/?cid=11911369822254772513&g_mp=Cilnb29nbGUubWFwcy5wbGFjZXMudjEuUGxhY2VzLlNlYXJjaE5lYXJieRACGAQgAA,ChIJhXcMkDQjDTkRIbHNg76vTaU
Baba mohan ram dairy,transportation_service,transportation_service|point_of_interest|establishment,,,"C358+CMP, Sector 65, Gurugram, Haryana 122101, India",5,1,OPERATIONAL,https://maps.google.com/?cid=2310465054419922227&g_mp=Cilnb29nbGUubWFwcy5wbGFjZXMudjEuUGxhY2VzLlNlYXJjaE5lYXJieRACGAQgAA,ChIJjUwfTAAjDTkRMy2nwrlrECA
Master Miller,manufacturer,manufacturer|point_of_interest|establishment,084040 02000,http://www.mastermillerstore.com/,"Shop No. 2&3, Master Miller, Golf Course Ext Rd, near Indian Oil Petrol Pump, Sector 65, Gurugram, Haryana 122102, India",4.5,15,OPERATIONAL,https://maps.google.com/?cid=6417740268767812350&g_mp=Cilnb29nbGUubWFwcy5wbGFjZXMudjEuUGxhY2VzLlNlYXJjaE5lYXJieRACGAQgAA,ChIJn2mOjlMjDTkR_hqglMVkEFk
Tackle Detective Agency in Gurgaon,service,service|point_of_interest|establishment,097113 31701,https://www.tackledetective.com/detective-agency-in-gurgaon.html,"E-604, Tower E, Grand Arch, Golf Course Ext Rd, Sector 58, Gurugram, Haryana 122018, India",5,4,OPERATIONAL,https://maps.google.com/?cid=17616374547084204950&g_mp=Cilnb29nbGUubWFwcy5wbGFjZXMudjEuUGxhY2VzLlNlYXJjaE5lYXJieRACGAQgAA,ChIJ6yj0ohojDTkRltsvpVDvefQ
Istar crane service,,point_of_interest|establishment,,,"Nirvana Country, Sector 65, Gurugram, Haryana 122001, India",5,3,OPERATIONAL,https://maps.google.com/?cid=14360729695622839853&g_mp=Cilnb29nbGUubWFwcy5wbGFjZXMudjEuUGxhY2VzLlNlYXJjaE5lYXJieRACGAQgAA,ChIJnXDg-WMjDTkRLb4AX5KPS8c
Jyoti Nursery,farm,florist|farm|service|wholesaler|store|point_of_interest|establishment,099997 24558,,"Southern Peripheral Rd, Badshahpur, Sector 65, Gurugram, Haryana 122101, India",4.3,7,OPERATIONAL,https://maps.google.com/?cid=13269538209042648347&g_mp=Cilnb29nbGUubWFwcy5wbGFjZXMudjEuUGxhY2VzLlNlYXJjaE5lYXJieRACGAQgAA,ChIJhwKoXA8jDTkRG811M7LeJrg
Amethyst landbase,general_contractor,general_contractor|service|point_of_interest|establishment,0124 436 0060,http://amethystlandbase.com/,"318, 3rd floor, Suncity Sucess tower, Golf Course Ext Rd, Sector 65, Gurugram, Haryana 122101, India",5,11,OPERATIONAL,https://maps.google.com/?cid=15489275703955185861&g_mp=Cilnb29nbGUubWFwcy5wbGFjZXMudjEuUGxhY2VzLlNlYXJjaE5lYXJieRACGAQgAA,ChIJ70Werl8jDTkRxWBW4i_29NY
ARC - Advanced Eye and Retina Centre,medical_clinic,medical_clinic|consultant|health|point_of_interest|service|establishment,093111 42877,https://www.arceyecentre.com/,"4th floor, B5, EBD-65, Golf Course Ext Rd, Sector 65, Gurugram, Haryana 122101, India",5,29,OPERATIONAL,https://maps.google.com/?cid=18115805133912224212&g_mp=Cilnb29nbGUubWFwcy5wbGFjZXMudjEuUGxhY2VzLlNlYXJjaE5lYXJieRACGAQgAA,ChIJ0b-vdBOQe6MR1DEJo8lEaPs
"House of Aetheria - Best Dermatologist & Plastic Surgeon, Skin, Hair & Laser Clinic in Sec 65 Gurgaon",skin_care_clinic,skin_care_clinic|wellness_center|beauty_salon|hair_care|medical_clinic|doctor|health|point_of_interest|service|establishment,092899 93790,https://houseofaetheria.com/,"B5, EBD 65, Golf Course Ext Rd, Sector 65, Gurugram, Haryana 122101, India",5,121,OPERATIONAL,https://maps.google.com/?cid=8605787166105360070&g_mp=Cilnb29nbGUubWFwcy5wbGFjZXMudjEuUGxhY2VzLlNlYXJjaE5lYXJieRACGAQgAA,ChIJCW36EBCOjYMRxlZTCNXlbXc
Aurix Automations,manufacturer,home_improvement_store|wholesaler|home_goods_store|manufacturer|point_of_interest|store|service|establishment,,,"SCO-B16, Emaar Business District, 65 EBD 65, Golf Course Ext Rd, Sector 65, Gurugram, Haryana 122101, India",4.5,13,OPERATIONAL,https://maps.google.com/?cid=17762335602739148151&g_mp=Cilnb29nbGUubWFwcy5wbGFjZXMudjEuUGxhY2VzLlNlYXJjaE5lYXJieRACGAQgAA,ChIJnfKS0iMZDTkRd3WKLh9-gPY
India's No.1 Dietary and Natural Supplements : Rooted Active Naturals,store,health|point_of_interest|store|establishment,099100 22095,https://www.rootedactives.com/,"306 A, Success Tower, Golf Course Ext Rd, Sector 65, Gurugram, Haryana 122101, India",3.7,15,OPERATIONAL,https://maps.google.com/?cid=10919175971584754578&g_mp=Cilnb29nbGUubWFwcy5wbGFjZXMudjEuUGxhY2VzLlNlYXJjaE5lYXJieRACGAQgAA,ChIJ0QpIqkojDTkRkkNKorG0iJc
Al Safar Travel,travel_agency,travel_agency|point_of_interest|service|establishment,097183 78395,,"Al Safar Travel, Ebd 65, Sector 65, Gurugram, Haryana 122101, India",,,OPERATIONAL,https://maps.google.com/?cid=17597256139232975399&g_mp=Cilnb29nbGUubWFwcy5wbGFjZXMudjEuUGxhY2VzLlNlYXJjaE5lYXJieRACGAQgAA,ChIJKw0NdQEjDTkRJxqLcDkDNvQ
"Dr. Vartika Vishwani, Breast & Gynaecologic Oncosurgeon, Everhope Cancer Centre, Gurugram",doctor,doctor|health|point_of_interest|establishment,,https://everhope.care/our-doctors/dr-vartika-vishwani,"B5 - EBD 65, Golf Course Ext Rd, Sector 65, Gurugram, Haryana 122101, India",5,23,OPERATIONAL,https://maps.google.com/?cid=65112443861977241&g_mp=Cilnb29nbGUubWFwcy5wbGFjZXMudjEuUGxhY2VzLlNlYXJjaE5lYXJieRACGAQgAA,ChIJ7yZ_Q98jDTkRmcjZNmxT5wA
"Dr. Manjari Chandra, Functional Nutritionist - Everhope Cancer Centre, Gurugram",consultant,medical_clinic|consultant|health|point_of_interest|service|establishment,077950 60087,https://everhope.care/,"Everhope Oncology, Golf Course Ext Rd, Sector 65, Gurugram, Haryana 122102, India",5,26,OPERATIONAL,https://maps.google.com/?cid=1999951584139217676&g_mp=Cilnb29nbGUubWFwcy5wbGFjZXMudjEuUGxhY2VzLlNlYXJjaE5lYXJieRACGAQgAA,ChIJw1Rg48MjDTkRDAuZnF5BwRs
Emaar India - EBD 65,general_contractor,point_of_interest|general_contractor|service|establishment,1800 103 3643,https://in.emaar.com/en/properties/ebd65/,"Golf Course Ext Rd, Sector 65, Gurugram, Haryana 122101, India",4.5,21,OPERATIONAL,https://maps.google.com/?cid=4915602997906093548&g_mp=Cilnb29nbGUubWFwcy5wbGFjZXMudjEuUGxhY2VzLlNlYXJjaE5lYXJieRACGAQgAA,ChIJg1VK2J8jDTkR7LUJ8-G6N0Q
Everhope Cancer Centre - Sector 65 Gurugram,doctor,doctor|health|point_of_interest|establishment,077950 48160,https://everhope.care/,"B5-EBD, Golf Course Ext Rd, Sector 65, Gurugram, Haryana 122101, India",4.9,150,OPERATIONAL,https://maps.google.com/?cid=5446134142089024677&g_mp=Cilnb29nbGUubWFwcy5wbGFjZXMudjEuUGxhY2VzLlNlYXJjaE5lYXJieRACGAQgAA,ChIJVe--OQEjDTkRpdRXuiWOlEs
Sunny Deol Actor in Bollywood,point_of_interest,point_of_interest|establishment,,,"B5-EBD, Golf Course Ext Rd, Sector 65, Gurugram, Haryana 122101, India",,,OPERATIONAL,https://maps.google.com/?cid=15305185601714052870&g_mp=Cilnb29nbGUubWFwcy5wbGFjZXMudjEuUGxhY2VzLlNlYXJjaE5lYXJieRACGAQgAA,ChIJPxUVBAAjDTkRBt-W4zbxZtQ
Dr Sunny Garg,doctor,medical_clinic|doctor|health|point_of_interest|establishment,,https://everhope.care/our-doctors/dr-sunny-garg,"B5-EBD, Golf Course Ext Rd, Sector 65, Gurugram, Haryana 122102, India",4.9,63,OPERATIONAL,https://maps.google.com/?cid=190636854282160466&g_mp=Cilnb29nbGUubWFwcy5wbGFjZXMudjEuUGxhY2VzLlNlYXJjaE5lYXJieRACGAQgAA,ChIJ87TAqB0bDTkRUgmWfDVHpQI
"Dr sanyyam shorey Best injectables, wrinkles treatment & face lift",skin_care_clinic,skin_care_clinic|medical_clinic|health|point_of_interest|establishment,084480 78795,,"B5, Ebd 65, Golf Course Ext Rd, Sector 65, Gurugram, Haryana 122101, India",5,6,OPERATIONAL,https://maps.google.com/?cid=934776099654758627&g_mp=Cilnb29nbGUubWFwcy5wbGFjZXMudjEuUGxhY2VzLlNlYXJjaE5lYXJieRACGAQgAA,ChIJN38_YfYjDTkR43By9Oj9-Aw
"Dr Suneel Kumar Eye & Retina Surgeon (AIIMS New Delhi), Best Eye Surgeon in Gurgaon",medical_clinic,medical_clinic|health|point_of_interest|establishment,,,"4th floor, EBD-65, Golf Course Ext Rd, Sector 65, Gurugram, Haryana 122101, India",5,2,OPERATIONAL,https://maps.google.com/?cid=4337288145160367171&g_mp=Cilnb29nbGUubWFwcy5wbGFjZXMudjEuUGxhY2VzLlNlYXJjaE5lYXJieRACGAQgAA,ChIJhdrQVTeJ5aQRQ-zLjJYkMTw
Invoke Electricals,wholesaler,wholesaler|point_of_interest|establishment,085953 99568,,"EBD 65, Emaar Business District 65, SCO-B16, Golf Course Ext Rd, Sector 65, Gurugram, Haryana 122101, India",5,1,OPERATIONAL,https://maps.google.com/?cid=3896568480598795407&g_mp=Cilnb29nbGUubWFwcy5wbGFjZXMudjEuUGxhY2VzLlNlYXJjaE5lYXJieRACGAQgAA,ChIJdflWr1sjDTkRjyQTYWNkEzY
"Yashi Shukla – Career Counsellor & College Admissions Consultant, Gurugram",educational_institution,educational_institution|point_of_interest|establishment,085955 54266,https://globalcounselling.career-education.yashishukla.com/yashi-shukla/gurugram/sector-/yashi-shukla-career-counsellor-college-admissions-consultant-in-sector-65-gurugram--14im9Z/home,"Unit No 42 & 43, Suncity Success Tower, Golf Course Ext Rd, Sector 65, Gurugram, Haryana 122101, India",4.3,6,OPERATIONAL,https://maps.google.com/?cid=15809306542013356520&g_mp=Cilnb29nbGUubWFwcy5wbGFjZXMudjEuUGxhY2VzLlNlYXJjaE5lYXJieRACGAQgAA,ChIJr7Pqck8fDTkR6Bn35YnwZds
SVOD ADVISORY,consultant,accounting|consultant|finance|point_of_interest|service|establishment,099535 37025,http://www.svodadvisory.com/,"Unit No. 322, 3rd Floor, Sector - 65 Suncity Success Tower, Golf Course Ext Rd, Sector 65, Gurugram, Haryana 122101, India",4.5,14,OPERATIONAL,https://maps.google.com/?cid=9387206509987352367&g_mp=Cilnb29nbGUubWFwcy5wbGFjZXMudjEuUGxhY2VzLlNlYXJjaE5lYXJieRACGAQgAA,ChIJh2h3_xUjDTkRL88H1ZUORoI
Surabh General Store,general_store,general_store|food_store|food|point_of_interest|store|establishment,087001 50873,,"Bihari Market, Success Tower, near Suncity, Sector 65, Gurugram, Haryana 122101, India",3.4,5,OPERATIONAL,https://maps.google.com/?cid=15812512564356514887&g_mp=Cilnb29nbGUubWFwcy5wbGFjZXMudjEuUGxhY2VzLlNlYXJjaE5lYXJieRACGAQgAA,ChIJh-fd70kjDTkRRwTfJGZUcds
MakRads International,doctor,corporate_office|doctor|health|point_of_interest|establishment,095608 50066,,"323, Suncity Success Tower, Golf Course Ext Rd, Sector 65, Gurugram, Haryana 122101, India",4,2,OPERATIONAL,https://maps.google.com/?cid=12783136985251972886&g_mp=Cilnb29nbGUubWFwcy5wbGFjZXMudjEuUGxhY2VzLlNlYXJjaE5lYXJieRACGAQgAA,ChIJ2TEg0mgiDTkRFgcaMVzTZrE
IPL Infaprime Logistics Tegnologisc PvtLed,liquor_store,liquor_store|point_of_interest|store|establishment,,,"C35C+V69, Sector 65, Gurugram, Haryana 122101, India",3.5,2,CLOSED_TEMPORARILY,https://maps.google.com/?cid=6130339112355136750&g_mp=Cilnb29nbGUubWFwcy5wbGFjZXMudjEuUGxhY2VzLlNlYXJjaE5lYXJieRACGAQgAA,ChIJ4Rf49XcjDTkR7oScWPFWE1U
Vefa LifeScience,store,pharmacy|wholesaler|manufacturer|consultant|health|point_of_interest|store|service|establishment,,https://vefalife.com/,"Suncity Success Tower, Sector 65, Gurugram, Haryana 122018, India",5,2,OPERATIONAL,https://maps.google.com/?cid=18213469713842493911&g_mp=Cilnb29nbGUubWFwcy5wbGFjZXMudjEuUGxhY2VzLlNlYXJjaE5lYXJieRACGAQgAA,ChIJY3dRZhlZiqYR19nqpDQ-w_w
Vinod Pan Shop,store,store|point_of_interest|establishment,093122 36076,,"Suncity Success Tower, Sector 65, Gurugram, Haryana 122101, India",5,1,OPERATIONAL,https://maps.google.com/?cid=2948775880250343450&g_mp=Cilnb29nbGUubWFwcy5wbGFjZXMudjEuUGxhY2VzLlNlYXJjaE5lYXJieRACGAQgAA,ChIJXfP7gucjDTkRGsCPMAoo7Cg
Realestate with Ankit Swamy,real_estate_agency,real_estate_agency|service|point_of_interest|establishment,,,"NQS;JCHLE, Sector 65, Gurugram, Haryana 122001, India",,,OPERATIONAL,https://maps.google.com/?cid=3087769448953998742&g_mp=Cilnb29nbGUubWFwcy5wbGFjZXMudjEuUGxhY2VzLlNlYXJjaE5lYXJieRACGAQgAA,ChIJdarMLIUjDTkRlu00QfT12So
S.R.S.R FASHIONS,,point_of_interest|establishment,,,"back site home 10, Splendor Tower, Sector 65, Gurugram, Haryana 122101, India",,,CLOSED_TEMPORARILY,https://maps.google.com/?cid=12950195932306726908&g_mp=Cilnb29nbGUubWFwcy5wbGFjZXMudjEuUGxhY2VzLlNlYXJjaE5lYXJieRACGAQgAA,ChIJiYMDowsjDTkR_N_ZXJZWuLM
Saawariya Car Workshop,car_repair,car_wash|car_repair|service|point_of_interest|establishment,097186 80909,,"Shop no 1, near Emaar Hills, Sector 65, Gurugram, Haryana 122101, India",5,9,OPERATIONAL,https://maps.google.com/?cid=17908783377663373971&g_mp=Cilnb29nbGUubWFwcy5wbGFjZXMudjEuUGxhY2VzLlNlYXJjaE5lYXJieRACGAQgAA,ChIJw2Z-cd0jDTkRk7IL4ZjHiPg
SR COMMUNICATION,electronics_store,electronics_store|store|point_of_interest|establishment,081010 68981,,"Sector 65, Gurugram, Haryana 122101, India",5,3,OPERATIONAL,https://maps.google.com/?cid=15555969955326315442&g_mp=Cilnb29nbGUubWFwcy5wbGFjZXMudjEuUGxhY2VzLlNlYXJjaE5lYXJieRACGAQgAA,ChIJT86OXaQjDTkRssvfW0Ho4dc
Ritu Telecom,bakery,bakery|food_store|store|food|point_of_interest|establishment,099908 18814,,"Sector 65, Gurugram, Haryana 122101, India",,,OPERATIONAL,https://maps.google.com/?cid=5389475920768030636&g_mp=Cilnb29nbGUubWFwcy5wbGFjZXMudjEuUGxhY2VzLlNlYXJjaE5lYXJieRACGAQgAA,ChIJGUSD4l4jDTkRrFfmlstDy0o
Radhe Hardwork,hardware_store,hardware_store|building_materials_store|store|point_of_interest|establishment,093542 36618,,"Sector 65, Gurugram, Haryana 122101, India",,,OPERATIONAL,https://maps.google.com/?cid=2827003145261328062&g_mp=Cilnb29nbGUubWFwcy5wbGFjZXMudjEuUGxhY2VzLlNlYXJjaE5lYXJieRACGAQgAA,ChIJ9-JgWI8jDTkRvqY27GGIOyc
Motiur Rahaman,bakery,bakery|food_store|store|food|point_of_interest|establishment,085109 87853,,"Sector 65, Gurugram, Haryana 122101, India",,,OPERATIONAL,https://maps.google.com/?cid=8495541288228842170&g_mp=Cilnb29nbGUubWFwcy5wbGFjZXMudjEuUGxhY2VzLlNlYXJjaE5lYXJieRACGAQgAA,ChIJfw8cHTIjDTkRumqLU8o55nU
Saba Khan Meat Shop,restaurant,butcher_shop|food_store|store|manufacturer|service|restaurant|food|point_of_interest|establishment,099110 67247,,"EMERALD HILLS, near Suncity Success Tower, Sector 65, Gurugram, Haryana 122101, India",4,4,CLOSED_TEMPORARILY,https://maps.google.com/?cid=7217179964879412339&g_mp=Cilnb29nbGUubWFwcy5wbGFjZXMudjEuUGxhY2VzLlNlYXJjaE5lYXJieRACGAQgAA,ChIJU0uHBEIjDTkRcxy0lvCSKGQ
Sajan,car_repair,car_repair|service|point_of_interest|establishment,088253 30813,,"Sushant Lok III Extension, Sector 57, Sector 65, Gurugram, Haryana 122101, India",3,2,OPERATIONAL,https://maps.google.com/?cid=493860034172746275&g_mp=Cilnb29nbGUubWFwcy5wbGFjZXMudjEuUGxhY2VzLlNlYXJjaE5lYXJieRACGAQgAA,ChIJhWFlAs8jDTkRI_qgoRWL2gY
ConnectHub & Repair Centre,,point_of_interest|establishment,,,"Emerald Hills Rd, near Suncity Success Tower, Sector 65, Gurugram, Haryana 122101, India",5,2,OPERATIONAL,https://maps.google.com/?cid=2982126347717642067&g_mp=Cilnb29nbGUubWFwcy5wbGFjZXMudjEuUGxhY2VzLlNlYXJjaE5lYXJieRACGAQgAA,ChIJCWJS1TQjDTkRUwcL_xykYik
Taj hotel,butcher_shop,butcher_shop|food_store|store|manufacturer|service|food|point_of_interest|establishment,,,"Suncity Success Tower, Sector 65, Gurugram, Haryana 122101, India",4.2,5,OPERATIONAL,https://maps.google.com/?cid=12464764460016859356&g_mp=Cilnb29nbGUubWFwcy5wbGFjZXMudjEuUGxhY2VzLlNlYXJjaE5lYXJieRACGAQgAA,ChIJ28_NDwAjDTkR3Pg3ODy9-6w
Dog park emerald hills,dog_park,dog_park|park|point_of_interest|establishment,,,"C35F+MH9, Emerald Hills Rd, Sector 65, Gurugram, Nangli Umarpur, Haryana 122101, India",5,2,OPERATIONAL,https://maps.google.com/?cid=11073624364297805200&g_mp=Cilnb29nbGUubWFwcy5wbGFjZXMudjEuUGxhY2VzLlNlYXJjaE5lYXJieRACGAQgAA,ChIJ5U3hZQAjDTkRkN0UUrBqrZk
Aman’s Place,apartment_building,apartment_building|service|point_of_interest|establishment,,,"123, Emerald Hills Rd, Sector 65, Gurugram, Nangli Umarpur, Haryana 122101, India",,,OPERATIONAL,https://maps.google.com/?cid=1907837661762981115&g_mp=Cilnb29nbGUubWFwcy5wbGFjZXMudjEuUGxhY2VzLlNlYXJjaE5lYXJieRACGAQgAA,ChIJZT4-SwAjDTkR-4x-xj4Aeho
Sec43,point_of_interest,point_of_interest|establishment,,,"Suncity Success Tower, Sector 65, Gurugram, Haryana 122101, India",3,2,CLOSED_TEMPORARILY,https://maps.google.com/?cid=14789189123592363363&g_mp=Cilnb29nbGUubWFwcy5wbGFjZXMudjEuUGxhY2VzLlNlYXJjaE5lYXJieRACGAQgAA,ChIJPRDmIgAjDTkRYx3LwybBPc0
Abdul Rakib Sekh,bakery,bakery|food_store|store|food|point_of_interest|establishment,097172 98694,,"Sector 65, Gurugram, Haryana 122101, India",,,OPERATIONAL,https://maps.google.com/?cid=12725572862095376680&g_mp=Cilnb29nbGUubWFwcy5wbGFjZXMudjEuUGxhY2VzLlNlYXJjaE5lYXJieRACGAQgAA,ChIJBfFHs2ojDTkRKMGLWBhRmrA
Md Shakil Alam T Shop,store,store|point_of_interest|establishment,078358 74489,,"Emrald Hills, Jhuggi, Sector 65, Gurugram, Haryana 122101, India",,,CLOSED_TEMPORARILY,https://maps.google.com/?cid=12321351235971793602&g_mp=Cilnb29nbGUubWFwcy5wbGFjZXMudjEuUGxhY2VzLlNlYXJjaE5lYXJieRACGAQgAA,ChIJo3QoztMjDTkRwkLr9Ko7_qo
RSIS International,,point_of_interest|establishment,0124 450 6063,http://rsisinternational.org/,"Tower B, Suncity Success Tower, Golf Course Ext Rd, Sector 65, Gurugram, Haryana 122101, India",5,6,OPERATIONAL,https://maps.google.com/?cid=12952217875636722780&g_mp=Cilnb29nbGUubWFwcy5wbGFjZXMudjEuUGxhY2VzLlNlYXJjaE5lYXJieRACGAQgAA,ChIJzVGYu5oiDTkRXJzKuoiFv7M
Big Builder Private Limited,,point_of_interest|establishment,098713 25777,,"Sector 65, Gurugram, Haryana 122101, India",5,5,OPERATIONAL,https://maps.google.com/?cid=12020908277074413408&g_mp=Cilnb29nbGUubWFwcy5wbGFjZXMudjEuUGxhY2VzLlNlYXJjaE5lYXJieRACGAQgAA,ChIJ6zRk54YjDTkRYMeSdGPY0qY
Splendor Trade Tower,corporate_office,corporate_office|point_of_interest|establishment,095827 95258,https://splendorgroup.net/splendor-trade-tower.html,"C36F+786, Golf Course Ext Rd, Sector 65, Gurugram, Haryana 122101, India",4.1,624,OPERATIONAL,https://maps.google.com/?cid=14948000298559328841&g_mp=Cilnb29nbGUubWFwcy5wbGFjZXMudjEuUGxhY2VzLlNlYXJjaE5lYXJieRACGAQgAA,ChIJFRRciG4iDTkRSdIP2hL3cc8