name,primary_type,all_types,phone,website,address,rating,reviews,status,maps_url,place_id
Digital Payment One Time,fast_food_restaurant,fast_food_restaurant|restaurant|point_of_interest|food|establishment,099111 44761,,"Maidawas Rd, near Ram Mohan Mandir, Medawas, Sector 64, Bhuyapur, Gurugram, Haryana 122101, India",,,OPERATIONAL,https://maps.google.com/?cid=7544407847332982803&g_mp=Cilnb29nbGUubWFwcy5wbGFjZXMudjEuUGxhY2VzLlNlYXJjaE5lYXJieRACGAQgAA,ChIJD9xu8RMjDTkRE7DzFPces2g
LavisHomes,real_estate_agency,real_estate_agency|service|point_of_interest|establishment,,https://lavishomes.in/,"Paras Trinity, Sector 62, Gurugram, Haryana 122011, India",5,6,CLOSED_TEMPORARILY,https://maps.google.com/?cid=872561144903983607&g_mp=Cilnb29nbGUubWFwcy5wbGFjZXMudjEuUGxhY2VzLlNlYXJjaE5lYXJieRACGAQgAA,ChIJtyiUIm6zuqwR92HP_rz1Gww
Santosh Yadav crane services,service,service|point_of_interest|establishment,098706 91913,,"Prajapati Rd, Badshahpur, Sector 65, Gurugram, Haryana 122102, India",,,OPERATIONAL,https://maps.google.com/?cid=3935636519383324834&g_mp=Cilnb29nbGUubWFwcy5wbGFjZXMudjEuUGxhY2VzLlNlYXJjaE5lYXJieRACGAQgAA,ChIJOc7SgXMjDTkRotjl_o8wnjY
Sabir mobaile riperig shop,apartment_building,apartment_building|service|point_of_interest|establishment,,,"93VC+6M5, Sector 64, Gurugram, Haryana 122101, India",,,OPERATIONAL,https://maps.google.com/?cid=13397969591775349945&g_mp=Cilnb29nbGUubWFwcy5wbGFjZXMudjEuUGxhY2VzLlNlYXJjaE5lYXJieRACGAQgAA,ChIJlxJpYQAjDTkRuUxBtVsm77k
"Heritage Xperiential Learning School, Sector 64",school,secondary_school|primary_school|preschool|child_care_agency|school|educational_institution|service|point_of_interest|establishment,092891 20340,https://www.heritagexperiential.org/,"5, Prajapati Rd, Sector 64, Gurugram, Haryana 122005, India",,,OPERATIONAL,https://maps.google.com/?cid=16442003615421196140&g_mp=Cilnb29nbGUubWFwcy5wbGFjZXMudjEuUGxhY2VzLlNlYXJjaE5lYXJieRACGAQgAA,ChIJXT2aJc0jDTkRbGfevCy7LeQ
Starcrest proposed site 1 near worldmark,parking_lot,parking_lot|parking|service|transportation_service|point_of_interest|establishment,,,"5, Sector 48, Gurugram, Haryana 122101, India",3,1,OPERATIONAL,https://maps.google.com/?cid=10914153521472785019&g_mp=Cilnb29nbGUubWFwcy5wbGFjZXMudjEuUGxhY2VzLlNlYXJjaE5lYXJieRACGAQgAA,ChIJR3AacG4jDTkRe8p2V83cdpc
Kadarpur Rd Bengali Colony Sector 64 কাদারপুর রোড বাঙালি কলোনি সেক্টর 64,association_or_organization,association_or_organization|service|point_of_interest|establishment,,,"Maidawas Village Road, behind World Mark, Medawas, Sector 64, Gurugram, Haryana 122101, India",5,1,OPERATIONAL,https://maps.google.com/?cid=16634282478252932886&g_mp=Cilnb29nbGUubWFwcy5wbGFjZXMudjEuUGxhY2VzLlNlYXJjaE5lYXJieRACGAQgAA,ChIJbzuEHwAjDTkRFj_FIcjX2OY
Atanu (grocery shop),point_of_interest,point_of_interest|establishment,,,"93VC+V89, Sector 64, Gurugram, Haryana 122101, India",5,2,CLOSED_TEMPORARILY,https://maps.google.com/?cid=16956359888332815227&g_mp=Cilnb29nbGUubWFwcy5wbGFjZXMudjEuUGxhY2VzLlNlYXJjaE5lYXJieRACGAQgAA,ChIJO6kHJAAjDTkRe3vC03oXUes
Shri Balaji Trading ( Pepsi ),storage,storage|point_of_interest|establishment,,,"93VC+V89, Sector 64, Gurugram, Haryana 122101, India",,,OPERATIONAL,https://maps.google.com/?cid=14778793948881503616&g_mp=Cilnb29nbGUubWFwcy5wbGFjZXMudjEuUGxhY2VzLlNlYXJjaE5lYXJieRACGAQgAA,ChIJr6P0XAAjDTkRgEXGi8vSGM0
Awasthi Cab service,taxi_service,taxi_service|service|transportation_service|point_of_interest|establishment,098719 54688,,"Sector 64, Gurugram, Haryana 122101, India",4.9,12,OPERATIONAL,https://maps.google.com/?cid=15103234562186089888&g_mp=Cilnb29nbGUubWFwcy5wbGFjZXMudjEuUGxhY2VzLlNlYXJjaE5lYXJieRACGAQgAA,ChIJXbh_bScjDTkRoBWBXtB3mdE
Black Orange Talent Pvt. Ltd.,educational_institution,educational_institution|point_of_interest|establishment,,,"INTERNATIONAL SCHOOL OF BUSINESS & MEDIA ISB&M School of Technology, Road, Sector 64, Gurugram, Haryana 122101, India",,,OPERATIONAL,https://maps.google.com/?cid=12379067258019330064&g_mp=Cilnb29nbGUubWFwcy5wbGFjZXMudjEuUGxhY2VzLlNlYXJjaE5lYXJieRACGAQgAA,ChIJx5kGP-kjDTkREDjphBVIy6s
Riddhi service station,car_wash,car_wash|service|point_of_interest|establishment,088004 42191,,"Sector 64 Village, Maidawas Rd, Sector 64, Gurugram, Haryana 122101, India",3.9,20,OPERATIONAL,https://maps.google.com/?cid=1995783520933729550&g_mp=Cilnb29nbGUubWFwcy5wbGFjZXMudjEuUGxhY2VzLlNlYXJjaE5lYXJieRACGAQgAA,ChIJ0-CX0kUiDTkRDlXVxYlyshs
ISB&M Gurgaon,educational_institution,educational_institution|point_of_interest|establishment,099111 68573,,"93V9+89P, Sector 64, Gurugram, Haryana 122101, India",5,1,CLOSED_TEMPORARILY,https://maps.google.com/?cid=11802060632265234907&g_mp=Cilnb29nbGUubWFwcy5wbGFjZXMudjEuUGxhY2VzLlNlYXJjaE5lYXJieRACGAQgAA,ChIJY3q1hXUjDTkR25nKc51XyaM
Sofiya,housing_complex,housing_complex|service|point_of_interest|establishment,,,"93VC+XC7, Sector 64, Gurugram, Haryana 122101, India",,,OPERATIONAL,https://maps.google.com/?cid=5258959079107122959&g_mp=Cilnb29nbGUubWFwcy5wbGFjZXMudjEuUGxhY2VzLlNlYXJjaE5lYXJieRACGAQgAA,ChIJIaVRSgAjDTkRD9d-VmuT-0g
VODKA PRIVATE FARM HOUSE,lodging,lodging|point_of_interest|establishment,,,"Sector 64, Gurugram, Haryana 122101, India",,,OPERATIONAL,https://maps.google.com/?cid=7186453553115176892&g_mp=Cilnb29nbGUubWFwcy5wbGFjZXMudjEuUGxhY2VzLlNlYXJjaE5lYXJieRACGAQgAA,ChIJbQzQWUQiDTkRvB9GXG5pu2M
Raj,barbecue_area,barbecue_area|point_of_interest|establishment,,,"93V9+VF5, Sector 64, Gurugram, Haryana 122101, India",,,CLOSED_TEMPORARILY,https://maps.google.com/?cid=6569111082326156899&g_mp=Cilnb29nbGUubWFwcy5wbGFjZXMudjEuUGxhY2VzLlNlYXJjaE5lYXJieRACGAQgAA,ChIJP4VMLgAjDTkRY-YhiLkrKls
Heritage Experiential 64 Sector - Drop Point,point_of_interest,point_of_interest|establishment,,,"93R9+CPR, Sector 64, Gurugram, Haryana 122101, India",,,OPERATIONAL,https://maps.google.com/?cid=12947951207665401090&g_mp=Cilnb29nbGUubWFwcy5wbGFjZXMudjEuUGxhY2VzLlNlYXJjaE5lYXJieRACGAQgAA,ChIJFY9KSwAjDTkRAn38rQVdsLM
Bidyut Paan Shop,store,store|point_of_interest|establishment,074950 30132,,"near Wine Shop, Badshahpur, Sector 62, Gurugram, Haryana 122101, India",4.8,9,OPERATIONAL,https://maps.google.com/?cid=15642500879270955291&g_mp=Cilnb29nbGUubWFwcy5wbGFjZXMudjEuUGxhY2VzLlNlYXJjaE5lYXJieRACGAQgAA,ChIJre703y4jDTkRG0muE6xTFdk
Detroit,manufacturer,manufacturer|point_of_interest|establishment,,,"93R9+R88, Sector 64, Gurugram, Haryana 122101, India",5,1,CLOSED_TEMPORARILY,https://maps.google.com/?cid=5905595439768642104&g_mp=Cilnb29nbGUubWFwcy5wbGFjZXMudjEuUGxhY2VzLlNlYXJjaE5lYXJieRACGAQgAA,ChIJ2WN4bQAjDTkROKKTZsPj9FE
KHATANA ROOMS,bed_and_breakfast,bed_and_breakfast|lodging|point_of_interest|establishment,,,"93V8+6RF, Sector 64, Gurugram, Haryana 122101, India",,,OPERATIONAL,https://maps.google.com/?cid=14143086971555219544&g_mp=Cilnb29nbGUubWFwcy5wbGFjZXMudjEuUGxhY2VzLlNlYXJjaE5lYXJieRACGAQgAA,ChIJOex4OgAjDTkRWAgB16pWRsQ
ModPro Solution,service,point_of_interest|service|establishment,088519 98277,,"RS Tyagi House, near मोहन बाबा मंदिर, Medawas, Sector 64, Gurugram, Haryana 122101, India",4.8,4,OPERATIONAL,https://maps.google.com/?cid=679735425758064418&g_mp=Cilnb29nbGUubWFwcy5wbGFjZXMudjEuUGxhY2VzLlNlYXJjaE5lYXJieRACGAQgAA,ChIJ____C1AiDTkRIu-OscTnbgk
Sparrow Shopfits,supplier,supplier|point_of_interest|establishment,,,"Tyagi house, 17, Kadarpur Rd, Medawas, Sector 64, Gurugram, Haryana 122101, India",4.5,4,OPERATIONAL,https://maps.google.com/?cid=5323336573070363487&g_mp=Cilnb29nbGUubWFwcy5wbGFjZXMudjEuUGxhY2VzLlNlYXJjaE5lYXJieRACGAQgAA,ChIJCVZrWQAjDTkRX0u0sWhK4Ek
RS TYAGI HOUSE,housing_complex,housing_complex|point_of_interest|service|establishment,,,"Sector 64, Gurugram, Haryana 122101, India",4.7,10,OPERATIONAL,https://maps.google.com/?cid=4098362257494585813&g_mp=Cilnb29nbGUubWFwcy5wbGFjZXMudjEuUGxhY2VzLlNlYXJjaE5lYXJieRACGAQgAA,ChIJO7oh3vQjDTkR1THVVsJO4Dg
P G guest house,housing_complex,housing_complex|point_of_interest|service|establishment,093107 88298,,"93VF+QMC, Unnamed Road, Sector 64, Gurugram, Haryana 122101, India",4.5,2,OPERATIONAL,https://maps.google.com/?cid=10919632585858534295&g_mp=Cilnb29nbGUubWFwcy5wbGFjZXMudjEuUGxhY2VzLlNlYXJjaE5lYXJieRACGAQgAA,ChIJUU6I468jDTkRl8vgbftTipc
Indianite Exports Private Limited,manufacturer,manufacturer|point_of_interest|establishment,087459 78451,http://indianiteexports.co.in/,"93VF+QJJ, Sector 64, Gurugram, Haryana 122101, India",4.5,2,OPERATIONAL,https://maps.google.com/?cid=14663632155786702631&g_mp=Cilnb29nbGUubWFwcy5wbGFjZXMudjEuUGxhY2VzLlNlYXJjaE5lYXJieRACGAQgAA,ChIJq6qq6kgiDTkRJ2-pIsGvf8s
Mahi Bhojnalaya,indian_restaurant,indian_restaurant|restaurant|food|point_of_interest|establishment,,,"93VF+Q8P, Prajapati Rd, Sector 64, Gurugram, Haryana 122101, India",5,1,OPERATIONAL,https://maps.google.com/?cid=9779561030811992846&g_mp=Cilnb29nbGUubWFwcy5wbGFjZXMudjEuUGxhY2VzLlNlYXJjaE5lYXJieRACGAQgAA,ChIJV5IeXQAjDTkRDkPNdPH6t4c
Zepto store sec 64,post_office,post_office|association_or_organization|finance|government_office|point_of_interest|service|establishment,,,"93VF+Q7P, Prajapati Rd, Sector 64, Gurugram, Haryana 122101, India",,,OPERATIONAL,https://maps.google.com/?cid=11207776149501473545&g_mp=Cilnb29nbGUubWFwcy5wbGFjZXMudjEuUGxhY2VzLlNlYXJjaE5lYXJieRACGAQgAA,ChIJQUwVWwAjDTkRCXMh0QYFips
Ajay Kumar Thakur,market,market|point_of_interest|establishment,,,"93VF+JXW, Sector 64, Gurugram, Haryana 122101, India",,,OPERATIONAL,https://maps.google.com/?cid=18049245792473675271&g_mp=Cilnb29nbGUubWFwcy5wbGFjZXMudjEuUGxhY2VzLlNlYXJjaE5lYXJieRACGAQgAA,ChIJQ7HaBAAjDTkRB3YbVGvNe_o
Ajay Kumar Thakur,shoe_store,shoe_store|point_of_interest|store|establishment,,,"93VF+JXW, Sector 64, Gurugram, Haryana 122101, India",,,OPERATIONAL,https://maps.google.com/?cid=16623551841121677676&g_mp=Cilnb29nbGUubWFwcy5wbGFjZXMudjEuUGxhY2VzLlNlYXJjaE5lYXJieRACGAQgAA,ChIJM5bxRgAjDTkRbDFZ-1K4suY
INDIAN MEDICAL STORE,pharmacy,pharmacy|health|point_of_interest|store|establishment,070884 54314,,"NearTyagi Office, Shop No 3, Tyagi Market Bhuapur, Medawas, Sector 64, Gurugram, Haryana 122101, India",5,1,OPERATIONAL,https://maps.google.com/?cid=1549563521294486476&g_mp=Cilnb29nbGUubWFwcy5wbGFjZXMudjEuUGxhY2VzLlNlYXJjaE5lYXJieRACGAQgAA,ChIJuaFM4VEjDTkRzEupC9AngRU
Harsh Health Care,medical_clinic,medical_clinic|health|point_of_interest|establishment,089011 42188,,"Maidawas, Gurugram Delhi, 93VF+VM4, Sector 64, Gurugram, Haryana 122101, India",4,1,OPERATIONAL,https://maps.google.com/?cid=13008059869541955369&g_mp=Cilnb29nbGUubWFwcy5wbGFjZXMudjEuUGxhY2VzLlNlYXJjaE5lYXJieRACGAQgAA,ChIJX25Ah0YiDTkRKfcPHYjphbQ
KEC LABOUR CAMP,association_or_organization,association_or_organization|point_of_interest|service|establishment,,,"93VF+V9H, Prajapati Rd, Sector 64, Gurugram, Haryana 122101, India",5,1,OPERATIONAL,https://maps.google.com/?cid=18261795643407798159&g_mp=Cilnb29nbGUubWFwcy5wbGFjZXMudjEuUGxhY2VzLlNlYXJjaE5lYXJieRACGAQgAA,ChIJdVHXNwAjDTkRjw8Z7mHubv0
L&T Labour Colony,campground,campground|lodging|point_of_interest|establishment,,,"93VG+56R, Sector 64, Gurugram, Haryana 122101, India",3.9,19,OPERATIONAL,https://maps.google.com/?cid=15827226385622103480&g_mp=Cilnb29nbGUubWFwcy5wbGFjZXMudjEuUGxhY2VzLlNlYXJjaE5lYXJieRACGAQgAA,ChIJF2PxAgAjDTkRuPWxnoqapds
Siddik Ali,corporate_office,corporate_office|point_of_interest|establishment,,,"93VF+V9H, Prajapati Rd, Sector 64, Gurugram, Haryana 122101, India",,,OPERATIONAL,https://maps.google.com/?cid=5062394806574827597&g_mp=Cilnb29nbGUubWFwcy5wbGFjZXMudjEuUGxhY2VzLlNlYXJjaE5lYXJieRACGAQgAA,ChIJUwzARAAjDTkRTcisPkE9QUY
Samsr Ali,auto_parts_store,auto_parts_store|car_repair|point_of_interest|store|service|establishment,,,"93VF+V9H, Prajapati Rd, Sector 64, Gurugram, Haryana 122101, India",,,CLOSED_TEMPORARILY,https://maps.google.com/?cid=6378652000652621388&g_mp=Cilnb29nbGUubWFwcy5wbGFjZXMudjEuUGxhY2VzLlNlYXJjaE5lYXJieRACGAQgAA,ChIJbccdIQAjDTkRTPa79DKGhVg
Imran,store,store|point_of_interest|establishment,,,"93VF+V9H, Prajapati Rd, Sector 64, Gurugram, Haryana 122101, India",5,1,OPERATIONAL,https://maps.google.com/?cid=1480417555848180087&g_mp=Cilnb29nbGUubWFwcy5wbGFjZXMudjEuUGxhY2VzLlNlYXJjaE5lYXJieRACGAQgAA,ChIJiQg-egAjDTkRdzGVZ-x_ixQ
Sanaya General Store,general_store,general_store|food_store|food|point_of_interest|store|establishment,,,"Medawas, Sector 64, Gurugram, Haryana 122101, India",5,1,OPERATIONAL,https://maps.google.com/?cid=9722091855102402753&g_mp=Cilnb29nbGUubWFwcy5wbGFjZXMudjEuUGxhY2VzLlNlYXJjaE5lYXJieRACGAQgAA,ChIJXRjqXAAjDTkRweAYSQjP64Y
Welding workshop,,point_of_interest|establishment,,https://abdulgate-grill.000webhostapp.com/,"Medawas Village Rd, Medawas, Sector 64, Gurugram, Haryana 122101, India",5,1,OPERATIONAL,https://maps.google.com/?cid=5628847093298513589&g_mp=Cilnb29nbGUubWFwcy5wbGFjZXMudjEuUGxhY2VzLlNlYXJjaE5lYXJieRACGAQgAA,ChIJX7k-JVMjDTkRtUYMw5uuHU4
RK tyagi farm house,housing_complex,housing_complex|point_of_interest|service|establishment,,,"93VF+QWP, Sector 64, Gurugram, Haryana 122101, India",5,1,OPERATIONAL,https://maps.google.com/?cid=16333877386440999079&g_mp=Cilnb29nbGUubWFwcy5wbGFjZXMudjEuUGxhY2VzLlNlYXJjaE5lYXJieRACGAQgAA,ChIJZ2goZwAjDTkRpwCaP_GWreI
Nakul tyagi,apartment_building,apartment_building|point_of_interest|service|establishment,,,"64, Sector Rd, IOC Colony, Sector 10A, Gurugram, Haryana 122101, India",3.8,5,OPERATIONAL,https://maps.google.com/?cid=12589863634565167753&g_mp=Cilnb29nbGUubWFwcy5wbGFjZXMudjEuUGxhY2VzLlNlYXJjaE5lYXJieRACGAQgAA,ChIJC-LgZc0jDTkRiXrdjEUuuK4
Shivshakti steel,service,point_of_interest|service|establishment,099999 94912,,"Prajapati Rd, near shani mandir, Sector 64, Gurugram, Haryana 122101, India",,,OPERATIONAL,https://maps.google.com/?cid=6105993712058910936&g_mp=Cilnb29nbGUubWFwcy5wbGFjZXMudjEuUGxhY2VzLlNlYXJjaE5lYXJieRACGAQgAA,ChIJO9cL4LcjDTkR2EgKIO7YvFQ
Daisy Scaffoldings,finance,finance|point_of_interest|establishment,099999 74089,,"85, Medawas, Sector 64, Gurugram, Haryana 122101, India",,,OPERATIONAL,https://maps.google.com/?cid=16139088849884279883&g_mp=Cilnb29nbGUubWFwcy5wbGFjZXMudjEuUGxhY2VzLlNlYXJjaE5lYXJieRACGAQgAA,ChIJDYlv5YAjDTkRS_TR58yP-d8
WoodHaus - Modular Kitchen and Wardrobes,manufacturer,point_of_interest|manufacturer|establishment,,https://www.woodhaus.in/,"Old, Plot 4A, Kadarpur Rd, Medawas, Sector 64, Gurugram, Haryana 122001, India",5,7,OPERATIONAL,https://maps.google.com/?cid=16406925966142412402&g_mp=Cilnb29nbGUubWFwcy5wbGFjZXMudjEuUGxhY2VzLlNlYXJjaE5lYXJieRACGAQgAA,ChIJS3480YMjDTkRchYNFD0cseM
Fairdeal Fulfillment Centre (FFC),storage,storage|point_of_interest|establishment,097999 99375,https://www.fairdeal.market/,"03, Kadarpur Rd, near Shani Mandir, Medawas, Sector 64, Gurugram, Haryana 122101, India",5,5,OPERATIONAL,https://maps.google.com/?cid=310561111136696855&g_mp=Cilnb29nbGUubWFwcy5wbGFjZXMudjEuUGxhY2VzLlNlYXJjaE5lYXJieRACGAQgAA,ChIJ-VkkYgAjDTkRF3paZq9VTwQ
Express Packers And Movers,transportation_service,transportation_service|point_of_interest|establishment,087965 70072,,"Shop No.11, Prajapati Rd, Medawas, Sector 64, Gurugram, Haryana 122101, India",,,OPERATIONAL,https://maps.google.com/?cid=17436372040228014056&g_mp=Cilnb29nbGUubWFwcy5wbGFjZXMudjEuUGxhY2VzLlNlYXJjaE5lYXJieRACGAQgAA,ChIJKxXUnCkjDTkR6AdYHf1v-vE
Professional Sofa Repair in Gurgaon(Reclinar Sofa Repair Sofa Cover Sofa Upholstery shop Gurugram,furniture_store,furniture_store|home_improvement_store|home_goods_store|point_of_interest|store|manufacturer|service|establishment,079837 90070,https://professionalsofarepair.com/,"Shop No 12, Prajapati Rd, Medawas, Sector 64, Gurugram, Haryana 122101, India",4.9,59,OPERATIONAL,https://maps.google.com/?cid=17573767068503809179&g_mp=Cilnb29nbGUubWFwcy5wbGFjZXMudjEuUGxhY2VzLlNlYXJjaE5lYXJieRACGAQgAA,ChIJywzAPkUjDTkRm5yg-wmQ4vM
Lt labour colony,tea_house,tea_house|point_of_interest|establishment,,,"93VG+FJ6, Medawas, Sector 64, Gurugram, Haryana 122101, India",,,CLOSED_TEMPORARILY,https://maps.google.com/?cid=6737138629074201979&g_mp=Cilnb29nbGUubWFwcy5wbGFjZXMudjEuUGxhY2VzLlNlYXJjaE5lYXJieRACGAQgAA,ChIJXV10RQAjDTkRe62HZOMff10
Shani Dev Mandir,hindu_temple,hindu_temple|place_of_worship|association_or_organization|point_of_interest|establishment,,,"93VG+FJ6, Medawas, Sector 64, Gurugram, Haryana 122101, India",5,11,OPERATIONAL,https://maps.google.com/?cid=7718842775093280441&g_mp=Cilnb29nbGUubWFwcy5wbGFjZXMudjEuUGxhY2VzLlNlYXJjaE5lYXJieRACGAQgAA,ChIJ-0nR2XIjDTkRuX6GlpvWHms
VTPL/Nextel,corporate_office,corporate_office|point_of_interest|establishment,,,"Plot No -4, Sector -64, Gurugram, Haryana 122101, India",2.1,57,OPERATIONAL,https://maps.google.com/?cid=17917635239473891598&g_mp=Cilnb29nbGUubWFwcy5wbGFjZXMudjEuUGxhY2VzLlNlYXJjaE5lYXJieRACGAQgAA,ChIJh84gBYwjDTkRDsncj1E6qPg
Self business of property,hindu_temple,hindu_temple|place_of_worship|association_or_organization|point_of_interest|establishment,,,"Kadarpur Rd, Badshahpur, Sector 64, Gurugram, Haryana 122101, India",5,8,OPERATIONAL,https://maps.google.com/?cid=9700949232797979830&g_mp=Cilnb29nbGUubWFwcy5wbGFjZXMudjEuUGxhY2VzLlNlYXJjaE5lYXJieRACGAQgAA,ChIJnbNyTEYiDTkRtpQF7e2xoIY
Eventz4u Warehouse,,point_of_interest|establishment,,http://www.eventz4u.com/,"Street No. 2, Village, Maidawas Rd, near Shani Mandir, Medawas, Sector 64, Gurugram, Haryana 122101, India",,,OPERATIONAL,https://maps.google.com/?cid=3761596511467932020&g_mp=Cilnb29nbGUubWFwcy5wbGFjZXMudjEuUGxhY2VzLlNlYXJjaE5lYXJieRACGAQgAA,ChIJl0OVT8wjDTkRdAll7hjgMzQ
TC Modular,manufacturer,point_of_interest|manufacturer|service|establishment,099118 65369,http://tcmodular.in/,"Plot-3, opp. Shani Mandir, near Shiv Mandir, Medawas, Sector 64, Gurugram, Haryana 122101, India",4.4,32,OPERATIONAL,https://maps.google.com/?cid=10036335043543338044&g_mp=Cilnb29nbGUubWFwcy5wbGFjZXMudjEuUGxhY2VzLlNlYXJjaE5lYXJieRACGAQgAA,ChIJsRACQBEjDTkRPIw0HYw5SIs
Ajay communication,cell_phone_store,cell_phone_store|point_of_interest|store|establishment,095824 77171,,"Old, Prajapati Rd, opp. k.s nursing home ke samne. Ajay communication, sector 67, Sector 64, Gurugram, Haryana 122001, India",5,1,OPERATIONAL,https://maps.google.com/?cid=4502560326650265707&g_mp=Cilnb29nbGUubWFwcy5wbGFjZXMudjEuUGxhY2VzLlNlYXJjaE5lYXJieRACGAQgAA,ChIJyRMfbwAjDTkRa4DB8cJOfD4
BD Tyagi Homes,apartment_complex,apartment_complex|point_of_interest|service|establishment,099992 64553,,"93VG+MJR, Medawas, Sector 64, Gurugram, Haryana 122101, India",4.9,16,OPERATIONAL,https://maps.google.com/?cid=11425077500157250795&g_mp=Cilnb29nbGUubWFwcy5wbGFjZXMudjEuUGxhY2VzLlNlYXJjaE5lYXJieRACGAQgAA,ChIJ8X8ykIMjDTkR60wuKHQHjp4
BHARAT SOFA REPAIR,furniture_store,furniture_store|home_improvement_store|home_goods_store|point_of_interest|store|establishment,078190 52742,https://www.bharatsofarepair.shop/,"Prajapati Rd, near shani Mandir, village mehdawas, Sector 64, Gurugram, Haryana 122101, India",4.5,11,OPERATIONAL,https://maps.google.com/?cid=16761247303764319252&g_mp=Cilnb29nbGUubWFwcy5wbGFjZXMudjEuUGxhY2VzLlNlYXJjaE5lYXJieRACGAQgAA,ChIJ9YeMNpYjDTkRFJxYLZ7pm-g
Madawas,car_repair,car_repair|point_of_interest|service|establishment,,,"3, Medawas Village Rd, Medawas, Sector 64, Gurugram, Haryana 122101, India",,,CLOSED_TEMPORARILY,https://maps.google.com/?cid=664251403838968511&g_mp=Cilnb29nbGUubWFwcy5wbGFjZXMudjEuUGxhY2VzLlNlYXJjaE5lYXJieRACGAQgAA,ChIJT6GOZAAjDTkRv1Jg5yHlNwk
Amayra modular kitchen and wadrobe,furniture_store,furniture_store|home_improvement_store|home_goods_store|point_of_interest|store|establishment,080767 05114,,"Medawas, Sector 64, Gurugram, Haryana 122101, India",5,2,CLOSED_TEMPORARILY,https://maps.google.com/?cid=10318801640743704051&g_mp=Cilnb29nbGUubWFwcy5wbGFjZXMudjEuUGxhY2VzLlNlYXJjaE5lYXJieRACGAQgAA,ChIJUcBo2W4jDTkR8xU_wGu_M48
Creative Spaces Interiors and Wardrobes,general_contractor,general_contractor|home_goods_store|point_of_interest|store|manufacturer|service|establishment,095995 37936,https://creativespacesinteriors.in/,"Plot No. - 3, Maidawas Rd, near World Mark, opp. Shani Mandir, Village, Sector 64, Gurugram, Haryana 122018, India",4.9,16,OPERATIONAL,https://maps.google.com/?cid=16875615080373196735&g_mp=Cilnb29nbGUubWFwcy5wbGFjZXMudjEuUGxhY2VzLlNlYXJjaE5lYXJieRACGAQgAA,ChIJQ48_qkYiDTkRv5feN4E6Muo
Pioneer Sports park sector 64,sports_club,sports_club|association_or_organization|point_of_interest|establishment,097117 23017,,"Pioneer sports park, Sector 64, Gurugram, Haryana 122001, India",4.5,219,OPERATIONAL,https://maps.google.com/?cid=14924245032746306477&g_mp=Cilnb29nbGUubWFwcy5wbGFjZXMudjEuUGxhY2VzLlNlYXJjaE5lYXJieRACGAQgAA,ChIJrWvELRcjDTkRrUu7BcmRHc8
Shiv Mandir,hindu_temple,hindu_temple|place_of_worship|association_or_organization|point_of_interest|establishment,,,"Sector 64, Gurugram, Haryana 122101, India",4.7,12,OPERATIONAL,https://maps.google.com/?cid=8493656283705930413&g_mp=Cilnb29nbGUubWFwcy5wbGFjZXMudjEuUGxhY2VzLlNlYXJjaE5lYXJieRACGAQgAA,ChIJ587GKkYiDTkRrXKOgmOH33U
"Vijay vila, Kadarpur road, Sector 64, Village Buapur, near shani mandir, Gurugram, Haryana",park,park|point_of_interest|establishment,,,"Buapur village, Sector 64, Gurugram, Haryana 122101, India",4.7,3,OPERATIONAL,https://maps.google.com/?cid=3913009500312514653&g_mp=Cilnb29nbGUubWFwcy5wbGFjZXMudjEuUGxhY2VzLlNlYXJjaE5lYXJieRACGAQgAA,ChIJB2QQRtsjDTkRXTDblGjNTTY
Singh godown kadarpur road,housing_complex,housing_complex|service|point_of_interest|establishment,,,"93VH+JM3, Sector 64, Gurugram, Haryana 122101, India",3.3,4,OPERATIONAL,https://maps.google.com/?cid=388677695001929598&g_mp=Cilnb29nbGUubWFwcy5wbGFjZXMudjEuUGxhY2VzLlNlYXJjaE5lYXJieRACGAQgAA,ChIJ0wIqWsMjDTkRfie15k3cZAU
Rakesh plastic,corporate_office,corporate_office|point_of_interest|establishment,,,"93VJ+CMF, Kadarpur Rd, Sector 63, Gurugram, Haryana 122101, India",5,1,OPERATIONAL,https://maps.google.com/?cid=2358424499662854431&g_mp=Cilnb29nbGUubWFwcy5wbGFjZXMudjEuUGxhY2VzLlNlYXJjaE5lYXJieRACGAQgAA,ChIJpzQ-0tAjDTkRH5n7Q5bOuiA
Packers And Movers Gurgaon,transportation_service,transportation_service|storage|shipping_service|moving_company|store|manufacturer|service|point_of_interest|establishment,090530 55487,,"Shope No 21, Kadarpur Rd, Medawas, Sector 64, Gurugram, Haryana 122101, India",5,4,OPERATIONAL,https://maps.google.com/?cid=2583201933455919917&g_mp=Cilnb29nbGUubWFwcy5wbGFjZXMudjEuUGxhY2VzLlNlYXJjaE5lYXJieRACGAQgAA,ChIJzYVI41YjDTkRLQu-2nhg2SM
SBJ RMC INDIA PVT LTD,general_contractor,general_contractor|service|point_of_interest|establishment,,,"93VH+JM3, Sector 64, Gurugram, Haryana 122101, India",4.8,4,OPERATIONAL,https://maps.google.com/?cid=17420429435217236449&g_mp=Cilnb29nbGUubWFwcy5wbGFjZXMudjEuUGxhY2VzLlNlYXJjaE5lYXJieRACGAQgAA,ChIJSXZTAQAjDTkR4dHhIEbMwfE
Chairman farm,farm,farm|service|point_of_interest|establishment,096435 17178,,"Sector 64, Gurugram, Haryana 122098, India",4,7,OPERATIONAL,https://maps.google.com/?cid=13090904782741142845&g_mp=Cilnb29nbGUubWFwcy5wbGFjZXMudjEuUGxhY2VzLlNlYXJjaE5lYXJieRACGAQgAA,ChIJFcLvMfwjDTkRPX2_k4o8rLU
Kohli And Sons,storage,storage|point_of_interest|establishment,,,"Killa no 45, Medawas, Sector 64, Gurugram, Haryana 122101, India",4.2,34,OPERATIONAL,https://maps.google.com/?cid=4179315574531183884&g_mp=Cilnb29nbGUubWFwcy5wbGFjZXMudjEuUGxhY2VzLlNlYXJjaE5lYXJieRACGAQgAA,ChIJ____D0ciDTkRDFUwQF_p_zk
Rise Eleven ReadyMix Pvt. Ltd.,manufacturer,general_contractor|manufacturer|service|point_of_interest|establishment,,,"Sector 64, Gurugram, Haryana 122098, India",4.5,44,OPERATIONAL,https://maps.google.com/?cid=10772704346501921588&g_mp=Cilnb29nbGUubWFwcy5wbGFjZXMudjEuUGxhY2VzLlNlYXJjaE5lYXJieRACGAQgAA,ChIJGczQyjkiDTkRNLuN44ZVgJU
NSN QUMAX READY MIX CONCRETE PLANT,manufacturer,general_contractor|manufacturer|service|point_of_interest|establishment,093108 02707,,"VILL. Maidawas, Kadarpur Rd, Sector 64, Gurugram, Haryana 122098, India",4,17,OPERATIONAL,https://maps.google.com/?cid=8234121058859466903&g_mp=Cilnb29nbGUubWFwcy5wbGFjZXMudjEuUGxhY2VzLlNlYXJjaE5lYXJieRACGAQgAA,ChIJiSjQckkjDTkRl8DhDnp5RXI
Lux tour & travels,,point_of_interest|establishment,098994 85697,,"Chairman farm, Sector 64, Gurugram, Haryana 122098, India",4.8,47,OPERATIONAL,https://maps.google.com/?cid=5083322902093610342&g_mp=Cilnb29nbGUubWFwcy5wbGFjZXMudjEuUGxhY2VzLlNlYXJjaE5lYXJieRACGAQgAA,ChIJ-0LHrfYjDTkRZr3lMT-Xi0Y
PP drycleaners,laundry,laundry|service|point_of_interest|establishment,081789 98823,https://sites.google.com/view/ppdycleaners-in/home,"Medawas, Sector 64, Gurugram, Haryana 122101, India",5,1,OPERATIONAL,https://maps.google.com/?cid=17426252608097609350&g_mp=Cilnb29nbGUubWFwcy5wbGFjZXMudjEuUGxhY2VzLlNlYXJjaE5lYXJieRACGAQgAA,ChIJyyc20ApG3qMRhubhN2t81vE
Hindustan Petroleum Corporation Limited,gas_station,gas_station|service|point_of_interest|establishment,093130 00079,https://petrolpump.hpretail.in/hindustan-petroleum-corporation-limited-snu-fuels-petrol-pump-sector-63-64-gurugram-482556/Home?utm_source=locator&utm_medium=googleplaces,"Ground Floor Medawas, & 64, Sector 63, Gurugram, Haryana 122102, India",4.8,38,OPERATIONAL,https://maps.google.com/?cid=1405817164122016516&g_mp=Cilnb29nbGUubWFwcy5wbGFjZXMudjEuUGxhY2VzLlNlYXJjaE5lYXJieRACGAQgAA,ChIJLwL0HwAjDTkRBMujLkN3ghM
Aaina Adventure X farm,wedding_venue,wedding_venue|event_venue|service|point_of_interest|establishment,085878 88858,http://aainaevents.com/,"Kadarpur Rd, Medawas, Sector 64, Gurugram, Haryana 122101, India",4.3,60,OPERATIONAL,https://maps.google.com/?cid=7256516099816218851&g_mp=Cilnb29nbGUubWFwcy5wbGFjZXMudjEuUGxhY2VzLlNlYXJjaE5lYXJieRACGAQgAA,ChIJJaE5PtohDTkR4-ByNPJStGQ
Manish Dayma House,service,service|point_of_interest|establishment,,,"Kashmere House, Sector 64, Gurugram, Haryana 122098, India",5,13,OPERATIONAL,https://maps.google.com/?cid=1499797219846646016&g_mp=Cilnb29nbGUubWFwcy5wbGFjZXMudjEuUGxhY2VzLlNlYXJjaE5lYXJieRACGAQgAA,ChIJAdP1ThcjDTkRAOkTDKBZ0BQ
TARC Ishva,condominium_complex,condominium_complex|service|point_of_interest|establishment,078271 78271,https://www.tarc.in/tarc-ishva-landingpage/,"Sector 63, Gurugram, Haryana 122098, India",3.9,73,OPERATIONAL,https://maps.google.com/?cid=12435027802876330998&g_mp=Cilnb29nbGUubWFwcy5wbGFjZXMudjEuUGxhY2VzLlNlYXJjaE5lYXJieRACGAQgAA,ChIJiV04wQsjDTkR9sOMMucXkqw
"J144 B ,Adani Samsara Vilasa",apartment_building,apartment_building|service|point_of_interest|establishment,,,"Adani Samsara Vilasa, Sector 63, Gurugram, Haryana 122098, India",5,1,OPERATIONAL,https://maps.google.com/?cid=3361590517678227380&g_mp=Cilnb29nbGUubWFwcy5wbGFjZXMudjEuUGxhY2VzLlNlYXJjaE5lYXJieRACGAQgAA,ChIJX9p-DAAjDTkRtD-I7sPEpi4
Gurgaon project,service,service|point_of_interest|establishment,,,"93VM+FX5, Sector 63, Gurugram, Haryana 122098, India",5,1,OPERATIONAL,https://maps.google.com/?cid=15478795258135753342&g_mp=Cilnb29nbGUubWFwcy5wbGFjZXMudjEuUGxhY2VzLlNlYXJjaE5lYXJieRACGAQgAA,ChIJn5CQQwAjDTkRfrIu8Ea6z9Y
Goyal143,condominium_complex,condominium_complex|service|point_of_interest|establishment,,,"Adani Samsara Vilasa, Sector 63, Gurugram, Haryana 122098, India",,,OPERATIONAL,https://maps.google.com/?cid=18228835982916689600&g_mp=Cilnb29nbGUubWFwcy5wbGFjZXMudjEuUGxhY2VzLlNlYXJjaE5lYXJieRACGAQgAA,ChIJi-wYBAAjDTkRwJ6b9r7V-fw
Basketball Sports Academy,school,sports_coaching|school|educational_institution|point_of_interest|establishment,063777 07155,,"Adani Samsara Vilasa, Sector 63, Gurugram, Haryana 122098, India",,,OPERATIONAL,https://maps.google.com/?cid=14328700881625082893&g_mp=Cilnb29nbGUubWFwcy5wbGFjZXMudjEuUGxhY2VzLlNlYXJjaE5lYXJieRACGAQgAA,ChIJo9jrVeQjDTkRDewW_ojF2cY
J-141 Adani Samsara Vilasa,association_or_organization,association_or_organization|service|point_of_interest|establishment,,,"93VM+FX5, Sector 63, Gurugram, Haryana 122098, India",4,4,OPERATIONAL,https://maps.google.com/?cid=13142451601509915014&g_mp=Cilnb29nbGUubWFwcy5wbGFjZXMudjEuUGxhY2VzLlNlYXJjaE5lYXJieRACGAQgAA,ChIJ8T2jWAAjDTkRhhnDkRleY7Y
"J 128 C, Adani Samsara Vilasa, Sector 63",apartment_complex,apartment_complex|service|point_of_interest|establishment,,,"Adani Samsara, J 128 C, Vilasa, Sector 63, Gurugram, Haryana 122098, India",5,1,OPERATIONAL,https://maps.google.com/?cid=18052985848584833395&g_mp=Cilnb29nbGUubWFwcy5wbGFjZXMudjEuUGxhY2VzLlNlYXJjaE5lYXJieRACGAQgAA,ChIJY3fNAAAjDTkRc4kNAPsWifo
J 136,apartment_building,apartment_building|service|point_of_interest|establishment,,,"93VP+M28, Sector 63, Gurugram, Haryana 122098, India",,,OPERATIONAL,https://maps.google.com/?cid=4681941639407086786&g_mp=Cilnb29nbGUubWFwcy5wbGFjZXMudjEuUGxhY2VzLlNlYXJjaE5lYXJieRACGAQgAA,ChIJNR_HPAAjDTkRwiz4cx2Z-UA
J131A Adani Samsara Vilasa,apartment_complex,apartment_complex|service|point_of_interest|establishment,,,"93VM+QW2, Sector 63, Gurugram, Haryana 122098, India",5,10,OPERATIONAL,https://maps.google.com/?cid=5309899132449826723&g_mp=Cilnb29nbGUubWFwcy5wbGFjZXMudjEuUGxhY2VzLlNlYXJjaE5lYXJieRACGAQgAA,ChIJK_XONgAjDTkRo6fTviCNsEk
J 130 C Adani Samsara Vilasa Floors,housing_complex,housing_complex|service|point_of_interest|establishment,,,"93VM+QW2, Sector 63, Gurugram, Haryana 122098, India",,,OPERATIONAL,https://maps.google.com/?cid=18376066496822567313&g_mp=Cilnb29nbGUubWFwcy5wbGFjZXMudjEuUGxhY2VzLlNlYXJjaE5lYXJieRACGAQgAA,ChIJDU5vCAAjDTkRkeEQSB7nBP8
Ground Wave Creative,service,service|point_of_interest|establishment,,,"Adani Samsara Vilasa, Sector 63, Gurugram, Haryana 122098, India",5,1,CLOSED_TEMPORARILY,https://maps.google.com/?cid=18230913928691754180&g_mp=Cilnb29nbGUubWFwcy5wbGFjZXMudjEuUGxhY2VzLlNlYXJjaE5lYXJieRACGAQgAA,ChIJpU3bHgAjDTkRxKRkaqA3Af0
Avighnam,apartment_complex,apartment_complex|service|point_of_interest|establishment,,,"93VP+M28, Sector 63, Gurugram, Haryana 122098, India",5,2,OPERATIONAL,https://maps.google.com/?cid=5737910620357807&g_mp=Cilnb29nbGUubWFwcy5wbGFjZXMudjEuUGxhY2VzLlNlYXJjaE5lYXJieRACGAQgAA,ChIJveK2NwAjDTkRr4RHbJliFAA
Bhatia’s house,apartment_building,apartment_building|service|point_of_interest|establishment,,,"Adani Samsara Vilasa, J-135C, Sector 63, Gurugram, Haryana 122098, India",,,OPERATIONAL,https://maps.google.com/?cid=8924861174864614022&g_mp=Cilnb29nbGUubWFwcy5wbGFjZXMudjEuUGxhY2VzLlNlYXJjaE5lYXJieRACGAQgAA,ChIJvw1zJgAjDTkRhhJ73fN523s
パン教室,playground,playground|point_of_interest|establishment,,,"J109A, Adani Samsara Vilasa, Sector 63, Gurugram, Haryana 122098, India",3,2,OPERATIONAL,https://maps.google.com/?cid=10259893090540477589&g_mp=Cilnb29nbGUubWFwcy5wbGFjZXMudjEuUGxhY2VzLlNlYXJjaE5lYXJieRACGAQgAA,ChIJIfks27wjDTkRlVwmF2h2Yo4
Hasan online Seva Kendra,service,service|point_of_interest|establishment,,,"93W8+WPF, Sector 65, Gurugram, Haryana 122101, India",1,1,OPERATIONAL,https://maps.google.com/?cid=4340395406990194949&g_mp=Cilnb29nbGUubWFwcy5wbGFjZXMudjEuUGxhY2VzLlNlYXJjaE5lYXJieRACGAQgAA,ChIJOYbSeAAjDTkRBTljUqAuPDw
HVPNL GIS Substation,,point_of_interest|establishment,,,"93W9+888, Sector 65, Gurugram, Haryana 122101, India",,,OPERATIONAL,https://maps.google.com/?cid=18014263758518405955&g_mp=Cilnb29nbGUubWFwcy5wbGFjZXMudjEuUGxhY2VzLlNlYXJjaE5lYXJieRACGAQgAA,ChIJde1luUQiDTkRQ8uu2HGF__k
Selim,apartment_building,apartment_building|service|point_of_interest|establishment,,,"93X9+53Q Emerald Premier Floors, Sector 65, Gurugram, Haryana 122101, India",5,4,OPERATIONAL,https://maps.google.com/?cid=16964003224727897683&g_mp=Cilnb29nbGUubWFwcy5wbGFjZXMudjEuUGxhY2VzLlNlYXJjaE5lYXJieRACGAQgAA,ChIJd-7IE2EjDTkRU8Z8wg0_bOs
Samim juggi,association_or_organization,association_or_organization|service|point_of_interest|establishment,,,"93W8+QMG, Sector 65, Gurugram, Haryana 122101, India",5,3,OPERATIONAL,https://maps.google.com/?cid=14529867385201035005&g_mp=Cilnb29nbGUubWFwcy5wbGFjZXMudjEuUGxhY2VzLlNlYXJjaE5lYXJieRACGAQgAA,ChIJoeqvItQjDTkR_QZxgGd1pMk
Muslim Miah,general_store,general_store|food_store|store|point_of_interest|food|establishment,097180 58290,,"A55, Sector 65, Gurugram, Haryana 122101, India",5,1,OPERATIONAL,https://maps.google.com/?cid=2815595828164059735&g_mp=Cilnb29nbGUubWFwcy5wbGFjZXMudjEuUGxhY2VzLlNlYXJjaE5lYXJieRACGAQgAA,ChIJZ4BpAaQjDTkRV2LK8HwBEyc
Bajel Store,manufacturer,manufacturer|point_of_interest|establishment,,,"Gurjar chowk, Sector 65, Gurugram, Haryana 122101, India",,,OPERATIONAL,https://maps.google.com/?cid=4329639281322744736&g_mp=Cilnb29nbGUubWFwcy5wbGFjZXMudjEuUGxhY2VzLlNlYXJjaE5lYXJieRACGAQgAA,ChIJnWkblusjDTkRoNvRqPz3FTw
Jai shri balaji building materials,wholesaler,wholesaler|point_of_interest|establishment,,,"Maidawas Rd, Sector 65, Gurugram, Haryana 122101, India",5,2,OPERATIONAL,https://maps.google.com/?cid=2755187991998703726&g_mp=Cilnb29nbGUubWFwcy5wbGFjZXMudjEuUGxhY2VzLlNlYXJjaE5lYXJieRACGAQgAA,ChIJZcc-WwAjDTkRbiiBkOFkPCY
Mobil Car Care - MOTORING 65,car_repair,car_repair|service|point_of_interest|establishment,093100 00333,https://www.mobil.co.in/en-in,"ROAD PARALLEL, TO, Golf Course Ext Rd, near SECTOR 65, WORLDMARK, Gurugram, Haryana 122101, India",5,1,OPERATIONAL,https://maps.google.com/?cid=2007799987263695286&g_mp=Cilnb29nbGUubWFwcy5wbGFjZXMudjEuUGxhY2VzLlNlYXJjaE5lYXJieRACGAQgAA,ChIJPUgOUkgjDTkRtuniXHMj3Rs
Wellness pharmacy,pharmacy,pharmacy|health|store|point_of_interest|establishment,096502 14756,,"Shop no. 5, opposite M3M Urbana, Sector 64, Gurugram, Haryana 122101, India",4.3,6,OPERATIONAL,https://maps.google.com/?cid=864318950879044560&g_mp=Cilnb29nbGUubWFwcy5wbGFjZXMudjEuUGxhY2VzLlNlYXJjaE5lYXJieRACGAQgAA,ChIJG7Z_HXYjDTkR0KPIp4Gt_gs
Jahagir dukan,association_or_organization,association_or_organization|point_of_interest|establishment,,,"93W8+WPF, Sector 65, Gurugram, Haryana 122101, India",3,2,CLOSED_TEMPORARILY,https://maps.google.com/?cid=15887438607143277978&g_mp=Cilnb29nbGUubWFwcy5wbGFjZXMudjEuUGxhY2VzLlNlYXJjaE5lYXJieRACGAQgAA,ChIJu6u6FAAjDTkRmhWa6TyFe9w
Emaar Emerald Floors Premier Tower 48,apartment_building,apartment_building|service|point_of_interest|establishment,,,"93X9+53Q Block-D, Emerald Premier Floors, EF46, Unnamed Road, Sector 65, Gurugram, Haryana 122101, India",5,2,OPERATIONAL,https://maps.google.com/?cid=7325016397691370863&g_mp=Cilnb29nbGUubWFwcy5wbGFjZXMudjEuUGxhY2VzLlNlYXJjaE5lYXJieRACGAQgAA,ChIJIYMdONYjDTkRbz1Oppqvp2U
"flat 301,tower 45",apartment_building,apartment_building|service|point_of_interest|establishment,,,"EF44, Sector 65, Gurugram, Haryana 122101, India",,,OPERATIONAL,https://maps.google.com/?cid=5356653250741736752&g_mp=Cilnb29nbGUubWFwcy5wbGFjZXMudjEuUGxhY2VzLlNlYXJjaE5lYXJieRACGAQgAA,ChIJ-3_QfgAjDTkRMBVnM8CnVko
"Tower 47, Emerald Premier Floors",apartment_building,apartment_building|service|point_of_interest|establishment,,,"EF9, Sector 65, Gurugram, Haryana 122101, India",,,OPERATIONAL,https://maps.google.com/?cid=6418835271550882827&g_mp=Cilnb29nbGUubWFwcy5wbGFjZXMudjEuUGxhY2VzLlNlYXJjaE5lYXJieRACGAQgAA,ChIJP95YRgAjDTkRC9SJyKtIFFk
Mukesh Dhaba,fast_food_restaurant,fast_food_restaurant|restaurant|point_of_interest|food|establishment,077395 40272,,"Shop 5, Sona Road, Sector 65, Gurugram, Haryana 122101, India",,,CLOSED_TEMPORARILY,https://maps.google.com/?cid=5733362357121290652&g_mp=Cilnb29nbGUubWFwcy5wbGFjZXMudjEuUGxhY2VzLlNlYXJjaE5lYXJieRACGAQgAA,ChIJZ_LjvPQjDTkRnJHP6K_-kE8
Neha Kansal- Life Coach,health,service|health|point_of_interest|establishment,,http://www.sad2glad.in/,"EMERALD FLOOR, Premier, Sector 65, Gurugram, Haryana 122102, India",5,2,OPERATIONAL,https://maps.google.com/?cid=12334501223307449888&g_mp=Cilnb29nbGUubWFwcy5wbGFjZXMudjEuUGxhY2VzLlNlYXJjaE5lYXJieRACGAQgAA,ChIJT0C_tmwjDTkRIJbc-ILzLKs
Raju sarpanch,storage,storage|point_of_interest|establishment,,,"93V9+R7W, Maidawas Rd, Sector 64, Gurugram, Haryana 122101, India",,,OPERATIONAL,https://maps.google.com/?cid=10621093954635448297&g_mp=Cilnb29nbGUubWFwcy5wbGFjZXMudjEuUGxhY2VzLlNlYXJjaE5lYXJieRACGAQgAA,ChIJuQg9LgAjDTkR6T8YxK20ZZM
REDTAPE - HARYANA - GURUGRAM - OPP. WORLDMARK (ONLINE),shopping_mall,shopping_mall|point_of_interest|establishment,070426 66198,https://www.redtape.com/,"Walk 64 Market, Gurjar Chowk, Sector 64, Gurugram, Haryana 122101, India",4.2,25,OPERATIONAL,https://maps.google.com/?cid=7868947318269063553&g_mp=Cilnb29nbGUubWFwcy5wbGFjZXMudjEuUGxhY2VzLlNlYXJjaE5lYXJieRACGAQgAA,ChIJfadHkMEjDTkRgbGw_eQdNG0
Armaan fabricator and SS welding,manufacturer,manufacturer|point_of_interest|establishment,,,"Power House, Maidawas Rd, nearby Gurjar chowk, opposite golden glass solution, Sector 65, Gurugram, Haryana 122001, India",5,2,OPERATIONAL,https://maps.google.com/?cid=11732965941161536379&g_mp=Cilnb29nbGUubWFwcy5wbGFjZXMudjEuUGxhY2VzLlNlYXJjaE5lYXJieRACGAQgAA,ChIJgX2ijeIjDTkRe6uwDFze06I
"Evas Properties | Best Property Dealer in Sector 65, Gurgaon",service,real_estate_agency|service|point_of_interest|establishment,099991 45949,https://evasproperties.com/?utm_source=Google&utm_medium=GMB,"Sector 65, Gurugram, Haryana 122101, India",3.8,4,OPERATIONAL,https://maps.google.com/?cid=17950145483744534712&g_mp=Cilnb29nbGUubWFwcy5wbGFjZXMudjEuUGxhY2VzLlNlYXJjaE5lYXJieRACGAQgAA,ChIJ8_sBoPAjDTkRuOAsqTa6G_k
Golden Glass Solutions,,point_of_interest|establishment,087007 33298,https://golden-glass-solutions.grexa.site/,"M3m St. Andrews Power House, Maidawas Rd, nearby gujjar chowk, opp. the liquor fort, Sector 65, Gurugram, Haryana 122001, India",5,123,OPERATIONAL,https://maps.google.com/?cid=13242376377841083540&g_mp=Cilnb29nbGUubWFwcy5wbGFjZXMudjEuUGxhY2VzLlNlYXJjaE5lYXJieRACGAQgAA,ChIJv2a4JwAjDTkRlOQ9jydfxrc
Baba valet parking,parking,parking|transportation_service|point_of_interest|establishment,,,"93WC+97G, Maidawas Rd, Sector 65, Gurugram, Haryana 122101, India",,,OPERATIONAL,https://maps.google.com/?cid=1981676225187515636&g_mp=Cilnb29nbGUubWFwcy5wbGFjZXMudjEuUGxhY2VzLlNlYXJjaE5lYXJieRACGAQgAA,ChIJ8T8fRwAjDTkR9IwjBgdUgBs
The Hive Cafe,cafe,cafe|food|point_of_interest|establishment,,http://thehivecafe.in/,"Maidawas Rd, next to Worldmark Mall, Sector 65, Gurugram, Haryana 122101, India",4.4,206,CLOSED_TEMPORARILY,https://maps.google.com/?cid=1270455379140238745&g_mp=Cilnb29nbGUubWFwcy5wbGFjZXMudjEuUGxhY2VzLlNlYXJjaE5lYXJieRACGAQgAA,ChIJd03kG2giDTkRmV2jqG-QoRE
Cosmopolitan Wheels - Tyre Shop | Wheel Alignment | MRF | Continental | Bridgestone and More,tire_shop,tire_shop|auto_parts_store|car_repair|point_of_interest|store|service|establishment,098116 96911,https://www.cosmopolitanwheel.com/,"Shop no.1, 2 & 3, Main Road, adjacent to WorldMark, Sector 65, Gurugram, Haryana 122101, India",,,OPERATIONAL,https://maps.google.com/?cid=3611422502100683833&g_mp=Cilnb29nbGUubWFwcy5wbGFjZXMudjEuUGxhY2VzLlNlYXJjaE5lYXJieRACGAQgAA,ChIJb1a2VigjDTkROUyQq6FZHjI
"CarHeroZ | Best Car Detailing in Gurgaon, Car Wash, Car Deep Clean, Car Spa, Ceramic Coating, Paint Protection Film (PPF)",car_wash,car_wash|point_of_interest|service|establishment,083769 79797,https://carheroz.com/,"STORE NO.3, next to WorldMark, Sector 65, Gurugram, Haryana 122102, India",5,1138,OPERATIONAL,https://maps.google.com/?cid=3976309667900874174&g_mp=Cilnb29nbGUubWFwcy5wbGFjZXMudjEuUGxhY2VzLlNlYXJjaE5lYXJieRACGAQgAA,ChIJh0NvKCx4cE0Rvt0uWJOwLjc
Steam and Shine Pvt Ltd.,chauffeur_service,chauffeur_service|transportation_service|point_of_interest|establishment,,,"93WC+H84, Sector 65, Gurugram, Haryana 122101, India",4.9,34,OPERATIONAL,https://maps.google.com/?cid=652417837915465901&g_mp=Cilnb29nbGUubWFwcy5wbGFjZXMudjEuUGxhY2VzLlNlYXJjaE5lYXJieRACGAQgAA,ChIJFYm6LwgjDTkRrWgUIpHaDQk
Apollo Tyres - Tyre Arena,tire_shop,tire_shop|auto_parts_store|car_repair|point_of_interest|store|service|establishment,080 4595 0830,https://store.apollotyres.com/apollo-tyres-tyre-arena-tyre-shop-sector-64-gurugram-372455/Home,"Maidawas Rd, near Kosmos, opposite World Mark Tower 3, Sector 64, Gurugram, Haryana 122101, India",3.7,10,OPERATIONAL,https://maps.google.com/?cid=9574691848785496658&g_mp=Cilnb29nbGUubWFwcy5wbGFjZXMudjEuUGxhY2VzLlNlYXJjaE5lYXJieRACGAQgAA,ChIJu7ia4I4jDTkRUgqw8IEj4IQ
Auto Nexus,car_repair,car_wash|car_repair|point_of_interest|service|establishment,099995 55927,http://www.autonexus.in/,"Sector 65, Gurugram, Haryana 122101, India",4.9,217,OPERATIONAL,https://maps.google.com/?cid=7639288830706649995&g_mp=Cilnb29nbGUubWFwcy5wbGFjZXMudjEuUGxhY2VzLlNlYXJjaE5lYXJieRACGAQgAA,ChIJ6X0Uzx0jDTkRiwvhgrc0BGo
BATRA CAR CARE / CAR ACCESSORIES,wholesaler,electronics_store|auto_parts_store|wholesaler|car_repair|point_of_interest|store|service|establishment,080 6548 6754,https://www.batracarcare.in/,"near WorldMark, opp. cosmos, Sector 65, Gurugram, Haryana 122102, India",4.6,19,OPERATIONAL,https://maps.google.com/?cid=5005795613900252678&g_mp=Cilnb29nbGUubWFwcy5wbGFjZXMudjEuUGxhY2VzLlNlYXJjaE5lYXJieRACGAQgAA,ChIJ5zJIPxcjDTkRBqa7yJYoeEU
Zulu Club,shopping_mall,shopping_mall|point_of_interest|establishment,,https://app.zulu.club/,"93WC+H9F, Maidawas Rd, Sector 65, Gurugram, Haryana 122101, India",5,5,OPERATIONAL,https://maps.google.com/?cid=11845808890600222191&g_mp=Cilnb29nbGUubWFwcy5wbGFjZXMudjEuUGxhY2VzLlNlYXJjaE5lYXJieRACGAQgAA,ChIJwVC84nwjDTkR7-1jmWzEZKQ
Investor Bridge,corporate_office,corporate_office|point_of_interest|establishment,022 2687 3003,,"93WC+H9V, Sector 65, Gurugram, Haryana 122101, India",5,1,CLOSED_TEMPORARILY,https://maps.google.com/?cid=6812927298261763875&g_mp=Cilnb29nbGUubWFwcy5wbGFjZXMudjEuUGxhY2VzLlNlYXJjaE5lYXJieRACGAQgAA,ChIJQZ93OYgjDTkRI0d0BUhhjF4
Kósmos,banquet_hall,banquet_hall|event_venue|point_of_interest|establishment,091009 20079,https://www.kosmosconvention.com/,"opposite Worldmark, Sector 64, Gurugram, Haryana 122101, India",4.4,169,OPERATIONAL,https://maps.google.com/?cid=820763762927818082&g_mp=Cilnb29nbGUubWFwcy5wbGFjZXMudjEuUGxhY2VzLlNlYXJjaE5lYXJieRACGAQgAA,ChIJBXzFSwAjDTkRYlXTNUvwYws
S. K. Bike Repair,car_repair,car_repair|point_of_interest|service|establishment,,,"93WC+HCM, Sector 65, Gurugram, Haryana 122101, India",5,1,OPERATIONAL,https://maps.google.com/?cid=10894455700420173625&g_mp=Cilnb29nbGUubWFwcy5wbGFjZXMudjEuUGxhY2VzLlNlYXJjaE5lYXJieRACGAQgAA,ChIJ-aRUfwAjDTkROR_G_LzhMJc
Medihub Pharmacy,pharmacy,pharmacy|health|point_of_interest|store|establishment,099113 21234,,"Shop No.10, Emerald Premier Floors, Sector 65, Gurugram, Haryana 122101, India",5,12,OPERATIONAL,https://maps.google.com/?cid=6766299204323003885&g_mp=Cilnb29nbGUubWFwcy5wbGFjZXMudjEuUGxhY2VzLlNlYXJjaE5lYXJieRACGAQgAA,ChIJVebCXQAjDTkR7U2u5Ua55l0
GURU KRIPA AUTOMOBILE,car_repair,car_repair|point_of_interest|service|establishment,,https://gurukripaautomobile.site/,"no.3, exit gate, WorldMark, bhuapur road, worldmark, Sector 65, Gurugram, Haryana 122102, India",4.9,114,OPERATIONAL,https://maps.google.com/?cid=16921370894533218722&g_mp=Cilnb29nbGUubWFwcy5wbGFjZXMudjEuUGxhY2VzLlNlYXJjaE5lYXJieRACGAQgAA,ChIJMxcdE6cjDTkRolFJ4SzJ1Oo
Chai Sutta Shop,coffee_shop,coffee_shop|food_store|cafe|food|point_of_interest|store|establishment,,,"93WC+JFJ, Sector 65, Gurugram, Haryana 122101, India",5,3,OPERATIONAL,https://maps.google.com/?cid=1493169908706538749&g_mp=Cilnb29nbGUubWFwcy5wbGFjZXMudjEuUGxhY2VzLlNlYXJjaE5lYXJieRACGAQgAA,ChIJRfVLBAAjDTkR_XTB7R7OuBQ
Shree shyam ji super mart,grocery_store,grocery_store|food_store|food|point_of_interest|store|establishment,,,"Tower 33, EMERALD FLOOR, premier, Sector 65, Gurugram, Haryana 122101, India",4,3,OPERATIONAL,https://maps.google.com/?cid=13971196486085971601&g_mp=Cilnb29nbGUubWFwcy5wbGFjZXMudjEuUGxhY2VzLlNlYXJjaE5lYXJieRACGAQgAA,ChIJ-9oHClMjDTkRkQ5XeC6p48E
Khurshid tailors,tailor,tailor|point_of_interest|service|establishment,093049 18385,,"near World Mark Tower 2, Sector 65, Gurugram, Haryana 122101, India",5,2,OPERATIONAL,https://maps.google.com/?cid=13795368075739629824&g_mp=Cilnb29nbGUubWFwcy5wbGFjZXMudjEuUGxhY2VzLlNlYXJjaE5lYXJieRACGAQgAA,ChIJVQEHUtUjDTkRAIk5hCz-cr8
Al Bek Chicken Corner,restaurant,restaurant|food|point_of_interest|establishment,081786 52247,,"6, Ueueeuiwwiiw, Sector 65, Gurugram, Haryana 122101, India",,,CLOSED_TEMPORARILY,https://maps.google.com/?cid=291665712554168298&g_mp=Cilnb29nbGUubWFwcy5wbGFjZXMudjEuUGxhY2VzLlNlYXJjaE5lYXJieRACGAQgAA,ChIJZ4enfkQiDTkR6s_zlWs0DAQ
Aayan Sofa Interior,furniture_store,furniture_store|home_improvement_store|home_goods_store|manufacturer|point_of_interest|store|service|establishment,099107 27241,https://aayansofainterior.com/,"Just, opposite World Mark Tower 2, Sector 65, Gurugram, Haryana 122101, India",4.5,30,OPERATIONAL,https://maps.google.com/?cid=6761848140782032760&g_mp=Cilnb29nbGUubWFwcy5wbGFjZXMudjEuUGxhY2VzLlNlYXJjaE5lYXJieRACGAQgAA,ChIJh1WZHZgYDTkReNdy6A7p1l0
STYLO MAFFIA UNISEX SALON,beauty_salon,beauty_salon|point_of_interest|service|establishment,076781 03269,,"Emerald Premier Floors, Sector 65, Gurugram, Haryana 122102, India",4.9,79,OPERATIONAL,https://maps.google.com/?cid=13939369007854257249&g_mp=Cilnb29nbGUubWFwcy5wbGFjZXMudjEuUGxhY2VzLlNlYXJjaE5lYXJieRACGAQgAA,ChIJB9hEAQUjDTkRYQQ-OkKWcsE
Anil Communication,cell_phone_store,cell_phone_store|store|point_of_interest|establishment,,,"93WF+PF5, Medawas Village Rd, Medawas, Sector 64, Gurugram, Haryana 122101, India",,,OPERATIONAL,https://maps.google.com/?cid=12298607832500081795&g_mp=Cilnb29nbGUubWFwcy5wbGFjZXMudjEuUGxhY2VzLlNlYXJjaE5lYXJieRACGAQgAA,ChIJVRKWCwAjDTkRgxQBsKlurao
Anil Communication,cell_phone_store,cell_phone_store|store|point_of_interest|establishment,,,"93WF+PF5, Medawas Village Rd, Medawas, Sector 64, Gurugram, Haryana 122101, India",,,OPERATIONAL,https://maps.google.com/?cid=17216865227066383151&g_mp=Cilnb29nbGUubWFwcy5wbGFjZXMudjEuUGxhY2VzLlNlYXJjaE5lYXJieRACGAQgAA,ChIJL2stMAAjDTkRLxsRhbSX7u4
Swejal makeover,beauty_salon,beauty_salon|service|point_of_interest|establishment,092502 15840,,"Medawas Village Rd, Medawas, Sector 64, Gurugram, Haryana 122101, India",4.8,13,OPERATIONAL,https://maps.google.com/?cid=17783566760996316918&g_mp=Cilnb29nbGUubWFwcy5wbGFjZXMudjEuUGxhY2VzLlNlYXJjaE5lYXJieRACGAQgAA,ChIJzThp7vciDTkR9iahbL_ry_Y
Rajsthani hotal,fast_food_restaurant,fast_food_restaurant|restaurant|food|point_of_interest|establishment,074669 88675,,"93WF+9HV, Maidawas Rd, Medawas, Sector 64, Gurugram, Haryana 122101, India",3,5,OPERATIONAL,https://maps.google.com/?cid=6825441190150748097&g_mp=Cilnb29nbGUubWFwcy5wbGFjZXMudjEuUGxhY2VzLlNlYXJjaE5lYXJieRACGAQgAA,ChIJb6dzx7IjDTkRwTdBhpnWuF4
Vashu Communication,finance,finance|point_of_interest|establishment,099994 02098,,"Shop No. 4, Medawas Village Rd, near Petrol Pump, Medawas, Sector 64, Gurugram, Haryana 122101, India",,,CLOSED_TEMPORARILY,https://maps.google.com/?cid=18189988550760154772&g_mp=Cilnb29nbGUubWFwcy5wbGFjZXMudjEuUGxhY2VzLlNlYXJjaE5lYXJieRACGAQgAA,ChIJyQUzoEYiDTkRlEZ7VDbSb_w
Khusi Medical,pharmacy,pharmacy|store|health|point_of_interest|establishment,098128 21736,,"Shop No. 2, Medawas Village Rd, near Petrol Pump, Medawas, Sector 64, Gurugram, Haryana 122101, India",,,OPERATIONAL,https://maps.google.com/?cid=7634082277553785121&g_mp=Cilnb29nbGUubWFwcy5wbGFjZXMudjEuUGxhY2VzLlNlYXJjaE5lYXJieRACGAQgAA,ChIJo9-zoUYiDTkRIcmyY2K18Wk
Yadav Garnatl Store,grocery_store,grocery_store|food_store|store|food|point_of_interest|establishment,099108 62064,,"Medawas, Sector 64, Gurugram, Haryana 122101, India",4,5,OPERATIONAL,https://maps.google.com/?cid=15602952271953236853&g_mp=Cilnb29nbGUubWFwcy5wbGFjZXMudjEuUGxhY2VzLlNlYXJjaE5lYXJieRACGAQgAA,ChIJWYrT34YjDTkRdZMlYWzSiNg
Rk Traders,food_store,food_store|store|food|point_of_interest|establishment,078274 86786,,"Shop No 05, Village, Maidawas Rd, Medawas, Sector 64, Gurugram, Haryana 122101, India",,,OPERATIONAL,https://maps.google.com/?cid=10352218870870107263&g_mp=Cilnb29nbGUubWFwcy5wbGFjZXMudjEuUGxhY2VzLlNlYXJjaE5lYXJieRACGAQgAA,ChIJZ3y13KsjDTkRf-RO8zZ4qo8
Shree shyam pharmacy (Shivam),store,store|health|point_of_interest|establishment,099916 09741,,"93WF+FF6, Sector 64, Gurugram, Haryana 122101, India",5,4,OPERATIONAL,https://maps.google.com/?cid=3600007504885887854&g_mp=Cilnb29nbGUubWFwcy5wbGFjZXMudjEuUGxhY2VzLlNlYXJjaE5lYXJieRACGAQgAA,ChIJpUCqJAAjDTkRbrN2hcDL9TE
Shree Shyam General Store,grocery_store,grocery_store|food_store|store|food|point_of_interest|establishment,099298 51515,,"Maidawas Rd, Medawas, Sector 64, Gurugram, Haryana 122101, India",2.8,5,CLOSED_TEMPORARILY,https://maps.google.com/?cid=113617379433191072&g_mp=Cilnb29nbGUubWFwcy5wbGFjZXMudjEuUGxhY2VzLlNlYXJjaE5lYXJieRACGAQgAA,ChIJZYOgL7MjDTkRoBZtlWemkwE
Laxmi traders,store,store|point_of_interest|establishment,077339 94047,,"Medawas, Sector 64, Gurugram, Haryana 122102, India",5,1,OPERATIONAL,https://maps.google.com/?cid=4429688919697155811&g_mp=Cilnb29nbGUubWFwcy5wbGFjZXMudjEuUGxhY2VzLlNlYXJjaE5lYXJieRACGAQgAA,ChIJ9zSWfgAjDTkR42YIXJpqeT0
Shree Shyam dairy,food_store,food_store|store|food|point_of_interest|establishment,099929 39510,,"Shree Shyam dairy, near Baba mohan ram mandir, Medawas, Sector 64, Gurugram, Haryana 122101, India",,,OPERATIONAL,https://maps.google.com/?cid=18222526543053458728&g_mp=Cilnb29nbGUubWFwcy5wbGFjZXMudjEuUGxhY2VzLlNlYXJjaE5lYXJieRACGAQgAA,ChIJ7YO-7bMjDTkRKA3UBFhr4_w
One stop enterprises,general_contractor,general_contractor|service|point_of_interest|establishment,098705 21894,,"Medawas Village Rd, Medawas, Sector 64, Gurugram, Haryana 122101, India",5,4,OPERATIONAL,https://maps.google.com/?cid=16512168979186014694&g_mp=Cilnb29nbGUubWFwcy5wbGFjZXMudjEuUGxhY2VzLlNlYXJjaE5lYXJieRACGAQgAA,ChIJcytspCQjDTkR5lmbizMCJ-U
PDT MARKET,home_goods_store,home_goods_store|laundry|store|service|point_of_interest|establishment,099104 72575,,"Medawas, Sector 64, Gurugram, Haryana 122101, India",4.9,7,OPERATIONAL,https://maps.google.com/?cid=7084976493868508553&g_mp=Cilnb29nbGUubWFwcy5wbGFjZXMudjEuUGxhY2VzLlNlYXJjaE5lYXJieRACGAQgAA,ChIJTYLdoUYiDTkRiWUGV5XkUmI
Jan Aushadhi kendra sector 64,pharmacy,pharmacy|store|health|point_of_interest|establishment,093197 33224,,"Shop number 4, JS Market, road, near EMAAR EMERALD ESTATE, Medawas, Sector 64, Gurugram, Haryana 122018, India",5,1,OPERATIONAL,https://maps.google.com/?cid=17133510090197009824&g_mp=Cilnb29nbGUubWFwcy5wbGFjZXMudjEuUGxhY2VzLlNlYXJjaE5lYXJieRACGAQgAA,ChIJkXVUZpQjDTkRoIXDWaZ0xu0
The Boss Hair salon,hair_salon,hair_salon|hair_care|service|point_of_interest|establishment,099916 09741,,"Medawas Village Rd, Medawas, Sector 64, Gurugram, Haryana 122101, India",5,1,OPERATIONAL,https://maps.google.com/?cid=15615438261778037309&g_mp=Cilnb29nbGUubWFwcy5wbGFjZXMudjEuUGxhY2VzLlNlYXJjaE5lYXJieRACGAQgAA,ChIJm0AeDwAjDTkRPbpSbV0utdg
Champaran Handi Meat House,restaurant,restaurant|food|point_of_interest|establishment,099392 10482,,"Shop 6GF, SS Market, Ss market, Medawas, Sector 64, Gurugram, Haryana 122101, India",5,5,OPERATIONAL,https://maps.google.com/?cid=13964260771566702550&g_mp=Cilnb29nbGUubWFwcy5wbGFjZXMudjEuUGxhY2VzLlNlYXJjaE5lYXJieRACGAQgAA,ChIJy1-l-I0jDTkR1s8nmC8Fy8E
H.B General Store,general_store,general_store|food_store|store|food|point_of_interest|establishment,084477 15883,,"Maidawas, Gurugram Delhi, 93WF+6HJ, Medawas, Sector 64, Gurugram, Haryana 122101, India",1,1,OPERATIONAL,https://maps.google.com/?cid=4274740193883044&g_mp=Cilnb29nbGUubWFwcy5wbGFjZXMudjEuUGxhY2VzLlNlYXJjaE5lYXJieRACGAQgAA,ChIJuTF8nkYiDTkRpHPDgtovDwA
Mahi garments,clothing_store,clothing_store|store|point_of_interest|establishment,,,"road, opp. Baba mohan ram mandir, Medawas, Sector 64, Gurugram, Haryana 122101, India",3,2,OPERATIONAL,https://maps.google.com/?cid=4050923509724005179&g_mp=Cilnb29nbGUubWFwcy5wbGFjZXMudjEuUGxhY2VzLlNlYXJjaE5lYXJieRACGAQgAA,ChIJvRpno6cjDTkRO8NgKXjFNzg
Aman Communication and Stationary Store,store,store|point_of_interest|establishment,,,"Shop No.5, SS Market, Medawas, Sector 64, Gurugram, Haryana 122101, India",5,12,OPERATIONAL,https://maps.google.com/?cid=1111725288828680719&g_mp=Cilnb29nbGUubWFwcy5wbGFjZXMudjEuUGxhY2VzLlNlYXJjaE5lYXJieRACGAQgAA,ChIJ0ZLaW-8jDTkRD7pzkEKkbQ8
Gujar's house,apartment_building,apartment_building|point_of_interest|service|establishment,,,"93WG+FQ7, Medawas, Sector 64, Gurugram, Haryana 122101, India",,,OPERATIONAL,https://maps.google.com/?cid=17137584535444089538&g_mp=Cilnb29nbGUubWFwcy5wbGFjZXMudjEuUGxhY2VzLlNlYXJjaE5lYXJieRACGAQgAA,ChIJ_UWVUAAjDTkRwmpfD1bu1O0
MR Home,private_guest_room,private_guest_room|lodging|point_of_interest|establishment,,,"93WG+9Q3, Medawas, Sector 64, Gurugram, Haryana 122101, India",5,3,OPERATIONAL,https://maps.google.com/?cid=3075478531458811221&g_mp=Cilnb29nbGUubWFwcy5wbGFjZXMudjEuUGxhY2VzLlNlYXJjaE5lYXJieRACGAQgAA,ChIJK4A45xkjDTkRVUXxBW5Lrio
Ch Ratiram Dayma,association_or_organization,association_or_organization|point_of_interest|service|establishment,,,"93WG+FQ7, Medawas, Sector 64, Gurugram, Haryana 122101, India",4.5,6,OPERATIONAL,https://maps.google.com/?cid=2612072459871037803&g_mp=Cilnb29nbGUubWFwcy5wbGFjZXMudjEuUGxhY2VzLlNlYXJjaE5lYXJieRACGAQgAA,ChIJ0Szt44sjDTkRa6kxGhDyPyQ
Codingmove Data Science Course | Pay after Placement Program |,,point_of_interest|establishment,076770 76255,https://www.codingmove.com/,"Paras Trinity, Maidawas Rd, Medawas, Sector 63, Gurugram, Haryana 122101, India",5,30,OPERATIONAL,https://maps.google.com/?cid=12066965101378750531&g_mp=Cilnb29nbGUubWFwcy5wbGFjZXMudjEuUGxhY2VzLlNlYXJjaE5lYXJieRACGAQgAA,ChIJAXZTIsxJqmIRQ0i3gNN4dqc
Rawat homes,private_guest_room,private_guest_room|lodging|point_of_interest|establishment,,,"Vill, near shiv mandir, Medawas, Sector 64, Gurugram, Haryana 122101, India",,,OPERATIONAL,https://maps.google.com/?cid=17293476958207112993&g_mp=Cilnb29nbGUubWFwcy5wbGFjZXMudjEuUGxhY2VzLlNlYXJjaE5lYXJieRACGAQgAA,ChIJ36ilyjUjDTkRIXdWMavF_u8
Dayma house,private_guest_room,private_guest_room|lodging|point_of_interest|establishment,,,"93WG+9MR, Medawas, Sector 64, Gurugram, Haryana 122101, India",5,3,OPERATIONAL,https://maps.google.com/?cid=7244136153911462248&g_mp=Cilnb29nbGUubWFwcy5wbGFjZXMudjEuUGxhY2VzLlNlYXJjaE5lYXJieRACGAQgAA,ChIJG3CqKQAjDTkRaAl1bnNXiGQ
होली का मंदिर है,hindu_temple,hindu_temple|place_of_worship|association_or_organization|point_of_interest|establishment,,,"93WG+GX6, Medawas, Sector 64, Gurugram, Haryana 122101, India",5,1,OPERATIONAL,https://maps.google.com/?cid=16708996491314173273&g_mp=Cilnb29nbGUubWFwcy5wbGFjZXMudjEuUGxhY2VzLlNlYXJjaE5lYXJieRACGAQgAA,ChIJlVJBUwAjDTkRWZUH4sdH4uc
Vats Niwas,apartment_building,apartment_building|point_of_interest|service|establishment,,,"93WG+6PH, Medawas, Sector 64, Gurugram, Haryana 122101, India",5,1,OPERATIONAL,https://maps.google.com/?cid=189364463624650113&g_mp=Cilnb29nbGUubWFwcy5wbGFjZXMudjEuUGxhY2VzLlNlYXJjaE5lYXJieRACGAQgAA,ChIJt2Rh6nYjDTkRgf1t8_nBoAI
Shiv Mandir & Mata Mandir,hindu_temple,hindu_temple|place_of_worship|association_or_organization|point_of_interest|establishment,,,"93WG+CHQ, Medawas, Sector 64, Gurugram, Haryana 122101, India",4.7,18,OPERATIONAL,https://maps.google.com/?cid=6784614099299855104&g_mp=Cilnb29nbGUubWFwcy5wbGFjZXMudjEuUGxhY2VzLlNlYXJjaE5lYXJieRACGAQgAA,ChIJb_Jr4EYiDTkRAOvfrpPKJ14
Happy ji,hostel,hostel|lodging|point_of_interest|establishment,,,"93WG+GX6, Medawas, Sector 64, Gurugram, Haryana 122101, India",,,OPERATIONAL,https://maps.google.com/?cid=8721756953536651257&g_mp=Cilnb29nbGUubWFwcy5wbGFjZXMudjEuUGxhY2VzLlNlYXJjaE5lYXJieRACGAQgAA,ChIJG1WcKQAjDTkR-V_YSL3nCXk
Gairathi House,housing_complex,housing_complex|point_of_interest|service|establishment,,,"93WG+9H3, bhuapur, Medawas, Sector 64, Gurugram, Haryana 122101, India",,,OPERATIONAL,https://maps.google.com/?cid=17561282198225538283&g_mp=Cilnb29nbGUubWFwcy5wbGFjZXMudjEuUGxhY2VzLlNlYXJjaE5lYXJieRACGAQgAA,ChIJj2nUNAAjDTkR68yfmR01tvM
Government Primary School Bhuapur,primary_school,primary_school|school|educational_institution|point_of_interest|establishment,,,"93WG+9H3, Unnamed Road, Medawas, Sector 64, Gurugram, Haryana 122101, India",,,OPERATIONAL,https://maps.google.com/?cid=1505369137050324086&g_mp=Cilnb29nbGUubWFwcy5wbGFjZXMudjEuUGxhY2VzLlNlYXJjaE5lYXJieRACGAQgAA,ChIJX8nxKpQjDTkRdoy4HUEl5BQ
The Red wok,restaurant,restaurant|food|point_of_interest|establishment,,,"Sec 64 medawas ss market, shop no 6 group floor, tyagi pg, Medawas, Sector 64, Gurugram, Haryana 122101, India",,,OPERATIONAL,https://maps.google.com/?cid=12856256414588825477&g_mp=Cilnb29nbGUubWFwcy5wbGFjZXMudjEuUGxhY2VzLlNlYXJjaE5lYXJieRACGAQgAA,ChIJs29JZL0jDTkRhW_n_BeZarI
RB CCTV& SURVILANCE,service,point_of_interest|service|establishment,,,"H.no 25, Balaji homes, Medawas, Sector 64, Gurugram, Haryana 122102, India",,,OPERATIONAL,https://maps.google.com/?cid=17048922436410186692&g_mp=Cilnb29nbGUubWFwcy5wbGFjZXMudjEuUGxhY2VzLlNlYXJjaE5lYXJieRACGAQgAA,ChIJR8yi-IojDTkRxJtqeaDwmew
Riyansh Medical Store,pharmacy,pharmacy|health|point_of_interest|store|establishment,088603 10241,,"Maedawas Sector 64, Gurugram, Medawas, Sector 64, Delhi, Gurugram, Haryana 122101, India",,,OPERATIONAL,https://maps.google.com/?cid=16871842554768346361&g_mp=Cilnb29nbGUubWFwcy5wbGFjZXMudjEuUGxhY2VzLlNlYXJjaE5lYXJieRACGAQgAA,ChIJ____D0ciDTkR-UxJp2nTJOo
Karan,association_or_organization,association_or_organization|point_of_interest|service|establishment,,,"93WG+5VW, Medawas, Sector 64, Gurugram, Haryana 122101, India",3,2,OPERATIONAL,https://maps.google.com/?cid=14908423403139115646&g_mp=Cilnb29nbGUubWFwcy5wbGFjZXMudjEuUGxhY2VzLlNlYXJjaE5lYXJieRACGAQgAA,ChIJ6aM-WQAjDTkRfio60Rhc5c4
"MyRaasta - Red Wheels - Car Service Centre in Sector 64, Gurugram",car_repair,car_repair|point_of_interest|service|establishment,096820 08200,https://workshop.myraasta.in/myraasta-red-wheels-car-service-centre-in-sector-64-gurugram-car-service-station-sector-64-gurugram-321751/Home,"Killa No 29/1, Khata No 99/121 Sector 64, near Bharat Petrol Pump, Medawas, Sector 64, Gurugram, Haryana 122101, India",,,OPERATIONAL,https://maps.google.com/?cid=424203845317636711&g_mp=Cilnb29nbGUubWFwcy5wbGFjZXMudjEuUGxhY2VzLlNlYXJjaE5lYXJieRACGAQgAA,ChIJq1Ldp6MjDTkRZzKDWCYT4wU
Mahesh Dedha Sarpanch,housing_complex,housing_complex|point_of_interest|service|establishment,,,"House no.1, Medawas, Sector 64, Gurugram, Haryana 122101, India",4.7,3,OPERATIONAL,https://maps.google.com/?cid=5715777545284444161&g_mp=Cilnb29nbGUubWFwcy5wbGFjZXMudjEuUGxhY2VzLlNlYXJjaE5lYXJieRACGAQgAA,ChIJGeHZ9hEjDTkRAWDV2WSFUk8
Luv Kush Apartment,apartment_building,apartment_building|point_of_interest|service|establishment,,,"luv Kush building, Medawas, Sector 64, Gurugram, Haryana 122101, India",5,10,OPERATIONAL,https://maps.google.com/?cid=64215148248470566&g_mp=Cilnb29nbGUubWFwcy5wbGFjZXMudjEuUGxhY2VzLlNlYXJjaE5lYXJieRACGAQgAA,ChIJewUiQQAjDTkRJpSMTFYj5AA
Sai homes 1RK,private_guest_room,private_guest_room|lodging|point_of_interest|establishment,,,"93WG+9F6, Medawas, Sector 64, Gurugram, Haryana 122101, India",5,1,OPERATIONAL,https://maps.google.com/?cid=12027672266366734572&g_mp=Cilnb29nbGUubWFwcy5wbGFjZXMudjEuUGxhY2VzLlNlYXJjaE5lYXJieRACGAQgAA,ChIJW6PrUgAjDTkR7FCbbzPg6qY
SRD Enterprises,,service|point_of_interest|establishment,,https://www.srdenterprises.co/,"Plot Number 2, Sector 64, medawas near, near ultratech cement store, Sector 64, Gurugram, Haryana 122101, India",5,3,OPERATIONAL,https://maps.google.com/?cid=4591703629102010827&g_mp=Cilnb29nbGUubWFwcy5wbGFjZXMudjEuUGxhY2VzLlNlYXJjaE5lYXJieRACGAQgAA,ChIJDw3_8jAjDTkRy1F_bh8CuT8
AMBUJA CEMENT WAREHOUSE,warehouse_store,warehouse_store|store|point_of_interest|establishment,,,"Maidawas Rd, Medawas, Sector 64, Gurugram, Haryana 122101, India",4.1,7,CLOSED_TEMPORARILY,https://maps.google.com/?cid=18409480197023999661&g_mp=Cilnb29nbGUubWFwcy5wbGFjZXMudjEuUGxhY2VzLlNlYXJjaE5lYXJieRACGAQgAA,ChIJ5U8qa60jDTkRrSY0m7Oce_8
Raja sthan sarkar group,general_store,general_store|food_store|store|food|point_of_interest|establishment,,,"93WJ+7G9, Sector 64, Gurugram, Haryana 122098, India",,,CLOSED_TEMPORARILY,https://maps.google.com/?cid=1359796557158449621&g_mp=Cilnb29nbGUubWFwcy5wbGFjZXMudjEuUGxhY2VzLlNlYXJjaE5lYXJieRACGAQgAA,ChIJk4EUBgAjDTkR1YE6pMP33hI
Sector 64 DLF company,store,store|point_of_interest|establishment,,,"93WJ+7G9, Sector 64, Gurugram, Haryana 122098, India",1,1,OPERATIONAL,https://maps.google.com/?cid=11573894520420266120&g_mp=Cilnb29nbGUubWFwcy5wbGFjZXMudjEuUGxhY2VzLlNlYXJjaE5lYXJieRACGAQgAA,ChIJKWSPcwAjDTkRiHB9xb67nqA
PB Wheels - Kitara Garages,car_repair,car_repair|service|point_of_interest|establishment,0124 700 0000,https://www.pbwheels.com/,"Khasra No.8/2, Comprise in Khasra No.292/304 Hadbast No.85, Khatouni No.601, rectangel No.45 Village Medawas, Tehsil Badshahpur, opp. DLF, Medawas, Sector 64, Gurugram, Haryana 122102, India",,,OPERATIONAL,https://maps.google.com/?cid=7281925736049140119&g_mp=Cilnb29nbGUubWFwcy5wbGFjZXMudjEuUGxhY2VzLlNlYXJjaE5lYXJieRACGAQgAA,ChIJIeSSEQcjDTkRl-H7KeCYDmU
myTVS Car Garage | Sector 64,car_repair,parking_garage|parking_lot|parking|car_repair|transportation_service|service|point_of_interest|establishment,073582 02225,https://mytvs.in/services,"Khasra No 292/304, Min, opp. DLF, Medawas, Sector 64, Gurugram, Haryana 122101, India",5,24,OPERATIONAL,https://maps.google.com/?cid=3755654254265327387&g_mp=Cilnb29nbGUubWFwcy5wbGFjZXMudjEuUGxhY2VzLlNlYXJjaE5lYXJieRACGAQgAA,ChIJvfmPqtMjDTkRG1-rXKXDHjQ
Jiya Communication,service,service|point_of_interest|establishment,,,"Sector 64, Gurugram, Haryana 122098, India",4.3,6,OPERATIONAL,https://maps.google.com/?cid=5608336970395032494&g_mp=Cilnb29nbGUubWFwcy5wbGFjZXMudjEuUGxhY2VzLlNlYXJjaE5lYXJieRACGAQgAA,ChIJAUpfKwAjDTkRrhsWpcLQ1E0
ASHOK WATER SUPPLIER,store,supplier|store|point_of_interest|establishment,098719 19809,,"opposite DLF ARBOUR, near by WorldMark, Sector 64, Gurugram, Haryana 122101, India",4,4,OPERATIONAL,https://maps.google.com/?cid=9670754453571330794&g_mp=Cilnb29nbGUubWFwcy5wbGFjZXMudjEuUGxhY2VzLlNlYXJjaE5lYXJieRACGAQgAA,ChIJc0FNsGYjDTkR6mIlC_BrNYY
Dharam kanta,transportation_service,transportation_service|point_of_interest|establishment,,,"93WJ+4G8, Sector 64, Gurugram, Haryana 122101, India",3.2,5,OPERATIONAL,https://maps.google.com/?cid=3887210835950365293&g_mp=Cilnb29nbGUubWFwcy5wbGFjZXMudjEuUGxhY2VzLlNlYXJjaE5lYXJieRACGAQgAA,ChIJswrre5cjDTkRbere86gl8jU
KHATANA ENTERPRISES,transportation_service,transportation_service|point_of_interest|establishment,,,"Arbour plant, Sector 63, Gurugram, Haryana 122098, India",,,OPERATIONAL,https://maps.google.com/?cid=8484104472638939602&g_mp=Cilnb29nbGUubWFwcy5wbGFjZXMudjEuUGxhY2VzLlNlYXJjaE5lYXJieRACGAQgAA,ChIJz6m_LAAjDTkR0mHyMBGYvXU
KIAS KING,association_or_organization,association_or_organization|point_of_interest|establishment,,,"93WH+WXP, Maidawas Rd, Sector 63, Gurugram, Haryana 122101, India",,,OPERATIONAL,https://maps.google.com/?cid=17319027561647543652&g_mp=Cilnb29nbGUubWFwcy5wbGFjZXMudjEuUGxhY2VzLlNlYXJjaE5lYXJieRACGAQgAA,ChIJf91DawAjDTkRZJUzo86LWfA
Sarjeet deha house,association_or_organization,service|association_or_organization|point_of_interest|establishment,,,"93WH+MC9, Medawas, Sector 64, Gurugram, Haryana 122101, India",,,OPERATIONAL,https://maps.google.com/?cid=825437307293115267&g_mp=Cilnb29nbGUubWFwcy5wbGFjZXMudjEuUGxhY2VzLlNlYXJjaE5lYXJieRACGAQgAA,ChIJPx9qfwAjDTkRg6OPjduKdAs
Monu,store,store|point_of_interest|establishment,,,"93WH+MC9, Medawas, Sector 64, Gurugram, Haryana 122101, India",,,CLOSED_TEMPORARILY,https://maps.google.com/?cid=13834870601590502744&g_mp=Cilnb29nbGUubWFwcy5wbGFjZXMudjEuUGxhY2VzLlNlYXJjaE5lYXJieRACGAQgAA,ChIJg4_JXAAjDTkRWPVLCYNV_78
Rajat seth sahukar group,general_store,general_store|food_store|store|food|point_of_interest|establishment,093763 57165,,"Badshahpur, Sector 64, Gurugram, Haryana 122002, India",,,OPERATIONAL,https://maps.google.com/?cid=9355921828861006718&g_mp=Cilnb29nbGUubWFwcy5wbGFjZXMudjEuUGxhY2VzLlNlYXJjaE5lYXJieRACGAQgAA,ChIJozw8p24jDTkRflOVY1Xp1oE
Jaibir Enterprise,association_or_organization,association_or_organization|point_of_interest|establishment,,,"Hari Singh Market, near DLF Arboor, Sector 63, Gurugram, Haryana 122098, India",5,3,CLOSED_TEMPORARILY,https://maps.google.com/?cid=11818465350606686943&g_mp=Cilnb29nbGUubWFwcy5wbGFjZXMudjEuUGxhY2VzLlNlYXJjaE5lYXJieRACGAQgAA,ChIJ1bdLEAAjDTkR34oslZ6fA6Q
DLF Arbour Senior Living | Sales Office,corporate_office,corporate_office|point_of_interest|establishment,08071 500 128,https://www.dlf.in/customer-Support,"Sector 63, Gurugram, Haryana 122098, India",4.5,108,OPERATIONAL,https://maps.google.com/?cid=13017607703840480278&g_mp=Cilnb29nbGUubWFwcy5wbGFjZXMudjEuUGxhY2VzLlNlYXJjaE5lYXJieRACGAQgAA,ChIJMYxIv3YjDTkRFtzMhDzVp7Q
SHYAMSUNDAR,housing_complex,housing_complex|service|point_of_interest|establishment,,,"93WH+F6X, Medawas, Sector 64, Gurugram, Haryana 122101, India",,,OPERATIONAL,https://maps.google.com/?cid=15604111013011387006&g_mp=Cilnb29nbGUubWFwcy5wbGFjZXMudjEuUGxhY2VzLlNlYXJjaE5lYXJieRACGAQgAA,ChIJb6kybQAjDTkRfvJNzkrwjNg
Blk site,association_or_organization,service|association_or_organization|point_of_interest|establishment,,,"J-111, Samsara Vilasa, Sector 63, Gurugram, Haryana 122098, India",5,2,OPERATIONAL,https://maps.google.com/?cid=16233445044833401020&g_mp=Cilnb29nbGUubWFwcy5wbGFjZXMudjEuUGxhY2VzLlNlYXJjaE5lYXJieRACGAQgAA,ChIJb80RFgAjDTkRvLgegkLISOE
DLF Arbour Senior Citizen Wing | Sales Office,general_contractor,general_contractor|service|point_of_interest|establishment,,https://dlfarbour.in/,"Sector 63, Gurugram, Haryana 122098, India",5,1,OPERATIONAL,https://maps.google.com/?cid=4645551404987050067&g_mp=Cilnb29nbGUubWFwcy5wbGFjZXMudjEuUGxhY2VzLlNlYXJjaE5lYXJieRACGAQgAA,ChIJ-Wv0ViMjDTkRU-gRwGNQeEA
F I Steel Fabricator office,manufacturer,manufacturer|point_of_interest|establishment,,,"Adani Samsara, Sector 63, Gurugram, Haryana 122098, India",,,CLOSED_TEMPORARILY,https://maps.google.com/?cid=10240708939649325855&g_mp=Cilnb29nbGUubWFwcy5wbGFjZXMudjEuUGxhY2VzLlNlYXJjaE5lYXJieRACGAQgAA,ChIJWRRIVgAjDTkRHxv344VOHo4
Ahluwalia Contracts Project Site,general_contractor,general_contractor|service|point_of_interest|establishment,,,"93WM+JFX, Sector 63, Gurugram, Haryana 122098, India",4.8,6,OPERATIONAL,https://maps.google.com/?cid=18317801327756020043&g_mp=Cilnb29nbGUubWFwcy5wbGFjZXMudjEuUGxhY2VzLlNlYXJjaE5lYXJieRACGAQgAA,ChIJx2lmJwAjDTkRS4kTd0HnNf4
J110,apartment_building,apartment_building|service|point_of_interest|establishment,,,"Adani Samsara Vilasa, Sector 63, Gurugram, Haryana 122098, India",5,1,OPERATIONAL,https://maps.google.com/?cid=6108669536212172441&g_mp=Cilnb29nbGUubWFwcy5wbGFjZXMudjEuUGxhY2VzLlNlYXJjaE5lYXJieRACGAQgAA,ChIJ-bJ_YwAjDTkRmT4t_JNaxlQ
J108 Adani Samsara Vilasa,apartment_building,apartment_building|service|point_of_interest|establishment,,,"Samsara Vilasa, J-108, Sector 63, Gurugram, Haryana 122098, India",,,OPERATIONAL,https://maps.google.com/?cid=16964935559956711203&g_mp=Cilnb29nbGUubWFwcy5wbGFjZXMudjEuUGxhY2VzLlNlYXJjaE5lYXJieRACGAQgAA,ChIJF98MawAjDTkRI8ec-AGPb-s
J109 Adani Samsara Vilasa,apartment_building,apartment_building|service|point_of_interest|establishment,,,"93VM+XGQ, Sector 63, Gurugram, Haryana 122098, India",3,2,OPERATIONAL,https://maps.google.com/?cid=12306624933722274224&g_mp=Cilnb29nbGUubWFwcy5wbGFjZXMudjEuUGxhY2VzLlNlYXJjaE5lYXJieRACGAQgAA,ChIJ3dAKIQAjDTkRsDl7hizqyao
Akitols second home,condominium_complex,condominium_complex|service|point_of_interest|establishment,,,"Adani Samsara Vilasa, Sector 63, Gurugram, Haryana 122098, India",,,OPERATIONAL,https://maps.google.com/?cid=6063916449602018585&g_mp=Cilnb29nbGUubWFwcy5wbGFjZXMudjEuUGxhY2VzLlNlYXJjaE5lYXJieRACGAQgAA,ChIJR41KMgAjDTkRGR0tBuJbJ1Q
Shanks,housing_complex,housing_complex|service|point_of_interest|establishment,,,"J 128, Adani Samsara Vilasa, Sector 63, Gurugram, Haryana 122098, India",5,2,OPERATIONAL,https://maps.google.com/?cid=310950861958454955&g_mp=Cilnb29nbGUubWFwcy5wbGFjZXMudjEuUGxhY2VzLlNlYXJjaE5lYXJieRACGAQgAA,ChIJ90ryMQAjDTkRq56iVSm4UAQ
J105 Samsara Vilasa,association_or_organization,service|association_or_organization|point_of_interest|establishment,,,"J105, Samsara Vilasa, Sector 63, Gurugram, Haryana 122098, India",,,OPERATIONAL,https://maps.google.com/?cid=13554658411286807941&g_mp=Cilnb29nbGUubWFwcy5wbGFjZXMudjEuUGxhY2VzLlNlYXJjaE5lYXJieRACGAQgAA,ChIJ_3NBZAAjDTkRhcWCaALSG7w
Colab Studio,art_studio,art_studio|point_of_interest|establishment,,,"Adani Samsara Vilasa, Sector 63, Gurugram, Haryana 122098, India",5,14,OPERATIONAL,https://maps.google.com/?cid=15129409214176660327&g_mp=Cilnb29nbGUubWFwcy5wbGFjZXMudjEuUGxhY2VzLlNlYXJjaE5lYXJieRACGAQgAA,ChIJ-V1UcwAjDTkRZ4uFcIV19tE
Home,association_or_organization,service|association_or_organization|point_of_interest|establishment,,,"93VM+XVR, Sector 63, Gurugram, Haryana 122098, India",,,OPERATIONAL,https://maps.google.com/?cid=2282419829417684827&g_mp=Cilnb29nbGUubWFwcy5wbGFjZXMudjEuUGxhY2VzLlNlYXJjaE5lYXJieRACGAQgAA,ChIJOdiSHQAjDTkRW6-_-L3IrB8
Savdekars @Adani Samsara Vilasa,condominium_complex,condominium_complex|service|point_of_interest|establishment,,,"Adani Samsara Vilasa, Sector 63, Gurugram, Haryana 122098, India",3.5,2,OPERATIONAL,https://maps.google.com/?cid=6210666434037936555&g_mp=Cilnb29nbGUubWFwcy5wbGFjZXMudjEuUGxhY2VzLlNlYXJjaE5lYXJieRACGAQgAA,ChIJKd1oEgAjDTkRq_FFWze4MFY
HCG CNG Gas ⛽,gas_station,gas_station|service|point_of_interest|establishment,093130 00079,,"93VJ+WVX, Sector 64, Gurugram, Haryana 122098, India",4.7,15,OPERATIONAL,https://maps.google.com/?cid=940551275680735487&g_mp=Cilnb29nbGUubWFwcy5wbGFjZXMudjEuUGxhY2VzLlNlYXJjaE5lYXJieRACGAQgAA,ChIJv8C7fwAjDTkR_6D952aCDQ0
J-115B Adani Samsara Vilasa,apartment_building,apartment_building|service|point_of_interest|establishment,,,"Adani Samsara Vilasa, J-115B, Sector 63, Gurugram, Haryana 122098, India",,,OPERATIONAL,https://maps.google.com/?cid=17333595127124303655&g_mp=Cilnb29nbGUubWFwcy5wbGFjZXMudjEuUGxhY2VzLlNlYXJjaE5lYXJieRACGAQgAA,ChIJXc4PCwAjDTkRJ5-vSO5MjfA
J99 Jain's Adani Samsara Vilasa,apartment_building,apartment_building|service|point_of_interest|establishment,,,"Jains, Adani Samsara Vilasa, J99, Vilasa, Sector 63, Gurugram, Haryana 122098, India",4.5,2,OPERATIONAL,https://maps.google.com/?cid=1070405672838803552&g_mp=Cilnb29nbGUubWFwcy5wbGFjZXMudjEuUGxhY2VzLlNlYXJjaE5lYXJieRACGAQgAA,ChIJJ2g4KwAjDTkRYLAex0nY2g4
The Arbour,apartment_building,apartment_building|service|point_of_interest|establishment,,https://www.dlf.in/homes/luxury/thearbour/,"Sector 63, Gurugram, Haryana 122098, India",,,OPERATIONAL,https://maps.google.com/?cid=1463169598744920389&g_mp=Cilnb29nbGUubWFwcy5wbGFjZXMudjEuUGxhY2VzLlNlYXJjaE5lYXJieRACGAQgAA,ChIJzU3t6KsjDTkRRYFXc_84ThQ
"J 116, Adani samsara vilasa",association_or_organization,service|association_or_organization|point_of_interest|establishment,,,"Adani Samsara, Sector 63, Gurugram, Haryana 122098, India",,,OPERATIONAL,https://maps.google.com/?cid=17168398223901325880&g_mp=Cilnb29nbGUubWFwcy5wbGFjZXMudjEuUGxhY2VzLlNlYXJjaE5lYXJieRACGAQgAA,ChIJJ-crJgAjDTkROPoV-jhnQu4
"Garg House, J-65",housing_complex,housing_complex|service|point_of_interest|establishment,,,"Adani Samsara Vilasa, J-65, Sector 63, Gurugram, Haryana 122098, India",,,OPERATIONAL,https://maps.google.com/?cid=858505435863466745&g_mp=Cilnb29nbGUubWFwcy5wbGFjZXMudjEuUGxhY2VzLlNlYXJjaE5lYXJieRACGAQgAA,ChIJPZnLCgAjDTkR-UJiNiUG6gs
DLF Arbour Senior Living Gurgaon,real_estate_agency,real_estate_agency|service|point_of_interest|establishment,087963 31341,https://dlfsenior.living/,"Plot No. 56, Sector 63, Gurugram, Haryana 122098, India",4.9,7,OPERATIONAL,https://maps.google.com/?cid=12651304143406386265&g_mp=Cilnb29nbGUubWFwcy5wbGFjZXMudjEuUGxhY2VzLlNlYXJjaE5lYXJieRACGAQgAA,ChIJcQ0dJIgjDTkRWUwqxRZ2kq8
Dakshansh house,housing_complex,housing_complex|service|point_of_interest|establishment,,,"Adani Samsara Vilasa, J-65, Sector 63, Gurugram, Haryana 122098, India",5,1,OPERATIONAL,https://maps.google.com/?cid=16744685570547073582&g_mp=Cilnb29nbGUubWFwcy5wbGFjZXMudjEuUGxhY2VzLlNlYXJjaE5lYXJieRACGAQgAA,ChIJP_qjGAAjDTkRLkIRLM8SYeg
"J-77, Adani Samsara Vilasa",housing_complex,housing_complex|service|point_of_interest|establishment,,,"93WP+7QF, Sector 63, Gurugram, Haryana 122098, India",5,1,OPERATIONAL,https://maps.google.com/?cid=11106406187203907970&g_mp=Cilnb29nbGUubWFwcy5wbGFjZXMudjEuUGxhY2VzLlNlYXJjaE5lYXJieRACGAQgAA,ChIJmbE1cgAjDTkRglF9P5XhIZo
The Arbour South zone (transformer room),apartment_building,apartment_building|service|point_of_interest|establishment,,,"93VP+W4Q, Sector 63, Gurugram, Haryana 122098, India",5,1,OPERATIONAL,https://maps.google.com/?cid=1349805439175480959&g_mp=Cilnb29nbGUubWFwcy5wbGFjZXMudjEuUGxhY2VzLlNlYXJjaE5lYXJieRACGAQgAA,ChIJQSyVdAAjDTkRf9bxNeV4uxI
Fuller’s Residence J 56,apartment_building,apartment_building|service|point_of_interest|establishment,,,"First floor, Adani Samsara Vilasa, J 56, Sector 63, Gurugram, Haryana 122098, India",,,OPERATIONAL,https://maps.google.com/?cid=11626357826757921485&g_mp=Cilnb29nbGUubWFwcy5wbGFjZXMudjEuUGxhY2VzLlNlYXJjaE5lYXJieRACGAQgAA,ChIJf2DbKwAjDTkRzQp9J9geWaE
J81 Adani Samsara Vilasa,housing_complex,housing_complex|service|point_of_interest|establishment,,,"93VP+W4Q, Sector 63, Gurugram, Haryana 122098, India",,,OPERATIONAL,https://maps.google.com/?cid=14781312245651831857&g_mp=Cilnb29nbGUubWFwcy5wbGFjZXMudjEuUGxhY2VzLlNlYXJjaE5lYXJieRACGAQgAA,ChIJsUjYVwAjDTkRMXw1NCzFIc0
Rola’s residence,condominium_complex,condominium_complex|service|point_of_interest|establishment,,,"Adani Samsara Vilasa, J-56, Vilasa, Sector 63, Gurugram, Haryana 122098, India",3,2,OPERATIONAL,https://maps.google.com/?cid=15329361291689681894&g_mp=Cilnb29nbGUubWFwcy5wbGFjZXMudjEuUGxhY2VzLlNlYXJjaE5lYXJieRACGAQgAA,ChIJaWkXLQAjDTkR5mPJWODUvNQ
Arbour D block,hotel,hotel|lodging|point_of_interest|establishment,,,"93WP+GFR, Sector 63, Gurugram, Haryana 122098, India",4.8,4,OPERATIONAL,https://maps.google.com/?cid=1895781989015948130&g_mp=Cilnb29nbGUubWFwcy5wbGFjZXMudjEuUGxhY2VzLlNlYXJjaE5lYXJieRACGAQgAA,ChIJE898LgAjDTkRYgvhuqwrTxo
J94 Adani Samsara,association_or_organization,association_or_organization|service|point_of_interest|establishment,,,"93WP+4J3, Sector 63, Gurugram, Haryana 122098, India",5,1,OPERATIONAL,https://maps.google.com/?cid=14657248581698572648&g_mp=Cilnb29nbGUubWFwcy5wbGFjZXMudjEuUGxhY2VzLlNlYXJjaE5lYXJieRACGAQgAA,ChIJG-uLfwAjDTkRaNG9eO0Bacs
Pal Glass & Aluminium works,,point_of_interest|establishment,093199 72317,,"Sector 63, Kadarpur, Gurugram, Haryana 122001, India",,,OPERATIONAL,https://maps.google.com/?cid=13107612590852609779&g_mp=Cilnb29nbGUubWFwcy5wbGFjZXMudjEuUGxhY2VzLlNlYXJjaE5lYXJieRACGAQgAA,ChIJgXZoDY0jDTkR8xY1SzSY57U
"J-88, Adani Samsara Vilasa",apartment_building,apartment_building|service|point_of_interest|establishment,,,"93VP+W4Q, Sector 63, Gurugram, Haryana 122098, India",5,1,OPERATIONAL,https://maps.google.com/?cid=15987173937193744471&g_mp=Cilnb29nbGUubWFwcy5wbGFjZXMudjEuUGxhY2VzLlNlYXJjaE5lYXJieRACGAQgAA,ChIJXbbCCAAjDTkRV_jQAP7Z3d0
Babu city center,coffee_shop,coffee_shop|cafe|food_store|store|point_of_interest|food|establishment,,,"Baani city center, Sector 63, Gurugram, Haryana 122098, India",,,CLOSED_TEMPORARILY,https://maps.google.com/?cid=14361607773444118532&g_mp=Cilnb29nbGUubWFwcy5wbGFjZXMudjEuUGxhY2VzLlNlYXJjaE5lYXJieRACGAQgAA,ChIJ9YqGbAAjDTkRBBigyy2uTsc
J89B ADANI SAMSARA VILASA,point_of_interest,point_of_interest|establishment,,,"93WP+3H7, Sector 63, Gurugram, Haryana 122098, India",,,OPERATIONAL,https://maps.google.com/?cid=13530685309240186245&g_mp=Cilnb29nbGUubWFwcy5wbGFjZXMudjEuUGxhY2VzLlNlYXJjaE5lYXJieRACGAQgAA,ChIJAzgQKwAjDTkRhZXboJmmxrs
Prasoon Arora J83,housing_complex,housing_complex|service|point_of_interest|establishment,,,"93VP+W4Q, Sector 63, Gurugram, Haryana 122098, India",5,3,OPERATIONAL,https://maps.google.com/?cid=282119284538435291&g_mp=Cilnb29nbGUubWFwcy5wbGFjZXMudjEuUGxhY2VzLlNlYXJjaE5lYXJieRACGAQgAA,ChIJ9Za8Sz8jDTkR22Yzm_5J6gM
ClassReady- Live Online Public Speaking Classes,educational_institution,educational_institution|point_of_interest|establishment,,,"Corporate Office Times R, F 1104, Sector 63, Gurugram, Haryana 122098, India",4.7,205,OPERATIONAL,https://maps.google.com/?cid=7629802963412803678&g_mp=Cilnb29nbGUubWFwcy5wbGFjZXMudjEuUGxhY2VzLlNlYXJjaE5lYXJieRACGAQgAA,ChIJzVVMee0jDTkRXmBx7F6B4mk
Kusumlata Park,park,park|point_of_interest|establishment,,,"93WP+GXJ, Sector 63, Gurugram, Haryana 122098, India",,,OPERATIONAL,https://maps.google.com/?cid=8280010910950643677&g_mp=Cilnb29nbGUubWFwcy5wbGFjZXMudjEuUGxhY2VzLlNlYXJjaE5lYXJieRACGAQgAA,ChIJvWL5BAAjDTkR3VeS2w2C6HI
MANJULAL,service,service|point_of_interest|establishment,,,"93WP+2HP, J89BADANISAMSARAVILASA, Sector 63, Gurugram, Haryana 122098, India",,,OPERATIONAL,https://maps.google.com/?cid=6410341727591910766&g_mp=Cilnb29nbGUubWFwcy5wbGFjZXMudjEuUGxhY2VzLlNlYXJjaE5lYXJieRACGAQgAA,ChIJyZq0OwAjDTkRbs36edYb9lg
J 96B Adani Samsara Vilasa,association_or_organization,association_or_organization|service|point_of_interest|establishment,,,"Adani Samsara Vilasa, Sector 63, Gurugram, Haryana 122098, India",,,OPERATIONAL,https://maps.google.com/?cid=7830239468864236815&g_mp=Cilnb29nbGUubWFwcy5wbGFjZXMudjEuUGxhY2VzLlNlYXJjaE5lYXJieRACGAQgAA,ChIJhRUZRgAjDTkRD23lf0-Zqmw
ADANI SAMSARA VILASA,association_or_organization,association_or_organization|service|point_of_interest|establishment,,,"ADANI SAMSARA VILASA, J89B, Sector 63, Gurugram, Haryana 122098, India",5,1,OPERATIONAL,https://maps.google.com/?cid=3857879771550549035&g_mp=Cilnb29nbGUubWFwcy5wbGFjZXMudjEuUGxhY2VzLlNlYXJjaE5lYXJieRACGAQgAA,ChIJeRPQZAAjDTkRK4RvWTbxiTU
Fred & Morty's Kids City,video_arcade,video_arcade|point_of_interest|establishment,092052 91222,http://www.fredandmortys.com/,"Khasra No. 18, Main Road, 22/2/1/2, Maidawas Rd, adjacent to M3M Tee Point, Sector 65, Gurugram, Haryana 122102, India",4.1,44,OPERATIONAL,https://maps.google.com/?cid=10915203277023159204&g_mp=Cilnb29nbGUubWFwcy5wbGFjZXMudjEuUGxhY2VzLlNlYXJjaE5lYXJieRACGAQgAA,ChIJk_wUskkjDTkRpCMlmoyXepc
Kanjivaraam,restaurant,restaurant|south_indian_restaurant|indian_restaurant|food|point_of_interest|establishment,092052 93222,https://kanjivaraam.com/,"First Floor - Khasra No. 18, 22/2/1/2, Main Road, Sector 65, Gurugram, Haryana 122102, India",4.7,3312,OPERATIONAL,https://maps.google.com/?cid=2019533214840723067&g_mp=Cilnb29nbGUubWFwcy5wbGFjZXMudjEuUGxhY2VzLlNlYXJjaE5lYXJieRACGAQgAA,ChIJHS8LVAAjDTkRexavSsLSBhw
Kanjivaram,indian_restaurant,indian_restaurant|restaurant|food|point_of_interest|establishment,,,"Kanjivaram, D and C office, beside M3M Tee Point, Sector 65, Gurugram, Haryana 122101, India",4.1,249,OPERATIONAL,https://maps.google.com/?cid=10252608068518510511&g_mp=Cilnb29nbGUubWFwcy5wbGFjZXMudjEuUGxhY2VzLlNlYXJjaE5lYXJieRACGAQgAA,ChIJD_GzFQAjDTkRr39ZubeUSI4
Kanji Adam sec 65,indian_restaurant,indian_restaurant|restaurant|food|point_of_interest|establishment,,,"D and C office, beside M3M Tee Point, Sector 65, Gurugram, Haryana 122101, India",5,1,OPERATIONAL,https://maps.google.com/?cid=5339931069116973480&g_mp=Cilnb29nbGUubWFwcy5wbGFjZXMudjEuUGxhY2VzLlNlYXJjaE5lYXJieRACGAQgAA,ChIJex2MCAAjDTkRqAHK4wM_G0o
M3M D&C Office,general_contractor,general_contractor|service|point_of_interest|establishment,,http://m3mindia.com/,"M3M Tee Point, Sector 65, Gurugram, Haryana 122101, India",4.8,34,OPERATIONAL,https://maps.google.com/?cid=316789765150510391&g_mp=Cilnb29nbGUubWFwcy5wbGFjZXMudjEuUGxhY2VzLlNlYXJjaE5lYXJieRACGAQgAA,ChIJVVvO2c8jDTkRN41G7Jx2ZQQ
"Epione Medicare Multispecialty Clinic in Gurugram- Best Dental Care, Physician,ENT, Psychologist, Lab Testing,Home Collection",medical_clinic,medical_clinic|dental_clinic|dentist|doctor|health|point_of_interest|establishment,098102 02043,https://epionemedicare.com/,"First Floor 29-31, Epione Medicare, M3M TEE POINT, Golf Course Ext Rd, Sector 65, Gurugram, Haryana 122101, India",4.9,19,OPERATIONAL,https://maps.google.com/?cid=9135049114242270609&g_mp=Cilnb29nbGUubWFwcy5wbGFjZXMudjEuUGxhY2VzLlNlYXJjaE5lYXJieRACGAQgAA,ChIJQ-kAUpIjDTkRkUUoFMU2xn4
Redcliffe Labs - Collection Centre,medical_clinic,medical_lab|doctor|medical_clinic|health|point_of_interest|establishment,079 6914 9075,https://redcliffelabs.com/centre/redcliffe-labs-collection-centre-in-haryana-gurugram-sector-65-89751,"Shop No, First Floor, M3m St. Andrews Block-2, M3m Tee point, 29-30, Golf Course Ext Rd, Sector 65, Gurugram, Haryana 122101, India",4.9,134,OPERATIONAL,https://maps.google.com/?cid=4739853010373279555&g_mp=Cilnb29nbGUubWFwcy5wbGFjZXMudjEuUGxhY2VzLlNlYXJjaE5lYXJieRACGAQgAA,ChIJmWfDQQIjDTkRQ3_dOjNXx0E
Mfine Diagnostics,medical_clinic,medical_lab|medical_clinic|health|point_of_interest|establishment,0124 421 4666,https://nearbylabs.mfine.co/mfine-diagnostics-sector-65-gurugram-33705/home?utm_source=GMB,"Shop No 29-30, First Floor, M3m St. Andrews Block-2, M3M Tee point, Golf Course Ext Rd, Sector 65, Gurugram, Haryana 122101, India",5,2,OPERATIONAL,https://maps.google.com/?cid=11367711350350956337&g_mp=Cilnb29nbGUubWFwcy5wbGFjZXMudjEuUGxhY2VzLlNlYXJjaE5lYXJieRACGAQgAA,ChIJ1Y0OmZkjDTkRMUfYkj45wp0
SBI Branch Sector 65 Gurugram,bank,bank|finance|point_of_interest|establishment,1800 1234,https://bank.sbi/,"Mtp/R/Gl/02/20 Mtp/R/Gl/02/22, Tower-2, M3M Tee Point, 02/03, Mtp/R/Gl, Sector 65, Gurugram, Haryana 122102, India",3.7,6,OPERATIONAL,https://maps.google.com/?cid=16315632824351316262&g_mp=Cilnb29nbGUubWFwcy5wbGFjZXMudjEuUGxhY2VzLlNlYXJjaE5lYXJieRACGAQgAA,ChIJbzWaszAjDTkRJtkpHZzFbOI
Ultimate Dental Hub,dental_clinic,dental_clinic|dentist|medical_clinic|health|service|point_of_interest|establishment,082218 85665,https://www.practo.com/gurgaon/clinic/ultimate-dental-hub-gurgaon-sector-65/overview,"M3M Tee Point R-007, 1st Floor, North Block, Golf Course Ext Rd, Sector 65, Gurugram, Haryana 122101, India",5,22,OPERATIONAL,https://maps.google.com/?cid=8652738354632384525&g_mp=Cilnb29nbGUubWFwcy5wbGFjZXMudjEuUGxhY2VzLlNlYXJjaE5lYXJieRACGAQgAA,ChIJS6ooSkMjDTkRDeBCerCzFHg
Salad Days I Sector 65 Gurugram,salad_shop,salad_shop|restaurant|food|point_of_interest|establishment,096438 00901,https://saladdays.co/,"Shop No. 25, M3M Tee Point, Block 2, Sector 65, Gurugram, Haryana 122101, India",4.3,123,OPERATIONAL,https://maps.google.com/?cid=13119536818339157965&g_mp=Cilnb29nbGUubWFwcy5wbGFjZXMudjEuUGxhY2VzLlNlYXJjaE5lYXJieRACGAQgAA,ChIJm1vxSckjDTkRzZfD2jn1EbY
Sundae Brew,ice_cream_shop,ice_cream_shop|coffee_shop|dessert_shop|cafe|confectionery|bakery|korean_restaurant|tea_store|food_store|store|restaurant|food|point_of_interest|establishment,074287 43442,https://www.instagram.com/sundaebrew,"GF, M3M Tee Point, Sector 65, Gurugram, Haryana 122101, India",4.7,102,OPERATIONAL,https://maps.google.com/?cid=14713901344802595427&g_mp=Cilnb29nbGUubWFwcy5wbGFjZXMudjEuUGxhY2VzLlNlYXJjaE5lYXJieRACGAQgAA,ChIJu06JFgAjDTkRY-IZxVBHMsw
Dr. (Maj) Amit Bajirao Kale,doctor,doctor|health|point_of_interest|establishment,,https://creatorapp.zohopublic.in/saurabh/profrea-smart-care/page-perma/Doctor_Details/PzmqDp5egAyVRgXkZp89pNrACUtABV06eQYJFwh1T6Pd226NJkgamNj8maqywWkQXk0rgCBsz7dfkUNKm49ZApaHerh61uDasTQa?did=3588,"OPD -3, shop number -22, first floor, M3M Tee-point, Sector 65, Gurugram, Haryana 122101, India",,,OPERATIONAL,https://maps.google.com/?cid=1951733088494831602&g_mp=Cilnb29nbGUubWFwcy5wbGFjZXMudjEuUGxhY2VzLlNlYXJjaE5lYXJieRACGAQgAA,ChIJU-cYl0QjDTkR8kccPOfyFRs
Active Duck - Nutrition Bistro,restaurant,restaurant|food|point_of_interest|establishment,096505 25010,,"2nd Floor, North Block, M3M Tee Point, Sector 65, Gurugram, Haryana 122101, India",4.6,16,OPERATIONAL,https://maps.google.com/?cid=5717447103149796762&g_mp=Cilnb29nbGUubWFwcy5wbGFjZXMudjEuUGxhY2VzLlNlYXJjaE5lYXJieRACGAQgAA,ChIJV7NWOFkjDTkRmm1UFdlzWE8
Advertally | Digital Marketing Agency,service,service|point_of_interest|establishment,083680 81980,,"M3M Tee Point, Sector 65, Gurugram, Haryana 122101, India",5,6,OPERATIONAL,https://maps.google.com/?cid=15233881895981750023&g_mp=Cilnb29nbGUubWFwcy5wbGFjZXMudjEuUGxhY2VzLlNlYXJjaE5lYXJieRACGAQgAA,ChIJzdpcmk0jDTkRBxc_MN-eadM
Apollo Pharmacy Sector 65 Gurugram,pharmacy,pharmacy|drugstore|food_store|store|health|food|point_of_interest|establishment,079 4928 6989,https://www.apollopharmacy.in/?utm_source=gmb&utm_medium=organic&utm_campaign=sulekhapromanage-apollo-pharmacy,"No. 16, M3M Tee Point, Golf Course Ext Rd, near Anytime Fitness, Sector 65, Gurugram, Haryana 122101, India",4.7,32,OPERATIONAL,https://maps.google.com/?cid=2395070349329204549&g_mp=Cilnb29nbGUubWFwcy5wbGFjZXMudjEuUGxhY2VzLlNlYXJjaE5lYXJieRACGAQgAA,ChIJ_Yj_2W0jDTkRRYXWB8v_PCE
JMS Group,general_contractor,general_contractor|real_estate_agency|service|point_of_interest|establishment,080100 00777,http://jmsgroup.co.in/,"JMS Group, 7th Floor, M3M Tee Point, North Block, Sector 65, Gurugram, Haryana 122101, India",4.1,119,OPERATIONAL,https://maps.google.com/?cid=15569697871470358198&g_mp=Cilnb29nbGUubWFwcy5wbGFjZXMudjEuUGxhY2VzLlNlYXJjaE5lYXJieRACGAQgAA,ChIJd4ryaSkYDTkRtm4l6bitEtg
Dr Neetu Jain Pulmonologist,doctor,medical_center|doctor|hospital|medical_clinic|health|service|point_of_interest|establishment,082874 29854,https://drneetujainpulmo.com/,"Shop No 002, First Floor, Tulip Chest & Child Care Clinic, above Nathu's Sweets, North Block, M3M Tee Point, Sector 65, Gurugram, Haryana 122101, India",4.4,7,OPERATIONAL,https://maps.google.com/?cid=15842738988368721378&g_mp=Cilnb29nbGUubWFwcy5wbGFjZXMudjEuUGxhY2VzLlNlYXJjaE5lYXJieRACGAQgAA,ChIJQ6CXGbUjDTkR4vXy5iu33Ns
Anytime Fitness,fitness_center,fitness_center|gym|sports_activity_location|health|point_of_interest|establishment,092160 52595,https://www.anytimefitness.co.in/gyms/in-1131/gurugram-haryana-122002/,"2nd floor, North Block, M3M Tee Point, Sector 65, Gurugram, Haryana 122101, India",4.6,265,OPERATIONAL,https://maps.google.com/?cid=17750821781350041905&g_mp=Cilnb29nbGUubWFwcy5wbGFjZXMudjEuUGxhY2VzLlNlYXJjaE5lYXJieRACGAQgAA,ChIJnX_yrJ8jDTkRMcmivFyWV_Y
Maxx Aesthetics,skin_care_clinic,skin_care_clinic|medical_clinic|health|point_of_interest|establishment,085959 58791,https://maxxaesthetics.in/,"Maxx Clinics, Shop number 123, M3M Tee Point, Golf Estate Rd, Sector 65, Gurugram, Haryana 122101, India",4.6,24,OPERATIONAL,https://maps.google.com/?cid=5057344614486338749&g_mp=Cilnb29nbGUubWFwcy5wbGFjZXMudjEuUGxhY2VzLlNlYXJjaE5lYXJieRACGAQgAA,ChIJwUyEpeEjDTkRvWwxxSFML0Y
MohdRaza,car_repair,car_repair|point_of_interest|service|establishment,,,"93X9+H56, Sector 65, Gurugram, Haryana 122101, India",,,OPERATIONAL,https://maps.google.com/?cid=17881800387953197062&g_mp=Cilnb29nbGUubWFwcy5wbGFjZXMudjEuUGxhY2VzLlNlYXJjaE5lYXJieRACGAQgAA,ChIJVYdOUwAjDTkRBoBkBLbqKPg
Megna Cycle Repair Shop,car_repair,car_repair|point_of_interest|service|establishment,076029 04254,,"Mawdabas No 1, Gujjar Chock Tee Point, Badshahpur, Sector 65, Gurugram, Haryana 122101, India",5,1,OPERATIONAL,https://maps.google.com/?cid=4967234712764586729&g_mp=Cilnb29nbGUubWFwcy5wbGFjZXMudjEuUGxhY2VzLlNlYXJjaE5lYXJieRACGAQgAA,ChIJCVN5PmMjDTkR6ZpSWqcp70Q
Kakkar's Mansion,apartment_building,apartment_building|point_of_interest|service|establishment,,,"93X8+9JW, Sector 65, Gurugram, Haryana 122101, India",,,OPERATIONAL,https://maps.google.com/?cid=15586031557493970726&g_mp=Cilnb29nbGUubWFwcy5wbGFjZXMudjEuUGxhY2VzLlNlYXJjaE5lYXJieRACGAQgAA,ChIJVecqKwAjDTkRJtd0ih-1TNg
Tower 51 Emaar Emerald Floors Premier,condominium_complex,condominium_complex|point_of_interest|service|establishment,,,"Emerald Premier Floors, Sector 65, Gurugram, Haryana 122101, India",4,1,OPERATIONAL,https://maps.google.com/?cid=12743362595541662106&g_mp=Cilnb29nbGUubWFwcy5wbGFjZXMudjEuUGxhY2VzLlNlYXJjaE5lYXJieRACGAQgAA,ChIJbzWPn4gjDTkRmrlCb8OE2bA
Emaar ews flats sector 65,apartment_building,apartment_building|point_of_interest|service|establishment,,,"Emaar EWS Flats, Emerald Premier Floors, Sector 65, Gurugram, Haryana 122101, India",3.2,11,OPERATIONAL,https://maps.google.com/?cid=15310949919547049377&g_mp=Cilnb29nbGUubWFwcy5wbGFjZXMudjEuUGxhY2VzLlNlYXJjaE5lYXJieRACGAQgAA,ChIJDWSSonwjDTkRocVluNRre9Q
EFP Tower 12A,apartment_building,apartment_building|point_of_interest|service|establishment,,,"Tower 12-A, Emerald Emaar Floors Premier, Sector 65, Gurugram, Haryana 122101, India",5,2,OPERATIONAL,https://maps.google.com/?cid=11455254528117348557&g_mp=Cilnb29nbGUubWFwcy5wbGFjZXMudjEuUGxhY2VzLlNlYXJjaE5lYXJieRACGAQgAA,ChIJeWxKq2AjDTkRzZgeAE09-Z4
simmiguptaphotography Photographer,service,point_of_interest|service|establishment,,,"52/301 EMERALD PREMIER FLOOR, Sector 65, Gurugram, Haryana 122101, India",4.6,17,OPERATIONAL,https://maps.google.com/?cid=15860786837435879778&g_mp=Cilnb29nbGUubWFwcy5wbGFjZXMudjEuUGxhY2VzLlNlYXJjaE5lYXJieRACGAQgAA,ChIJX2CmruoYDTkRYpGON5jVHNw
Efp tower 12,apartment_building,apartment_building|point_of_interest|service|establishment,,,"Tower 12, Emerald Emaar Floors Premier, Sector 65, Gurugram, Haryana 122101, India",5,2,OPERATIONAL,https://maps.google.com/?cid=2200687602041347165&g_mp=Cilnb29nbGUubWFwcy5wbGFjZXMudjEuUGxhY2VzLlNlYXJjaE5lYXJieRACGAQgAA,ChIJP9d_UgAjDTkRXdxH3bZpih4
MGF The NEST 65,service,point_of_interest|service|establishment,,,"93X7+4V5, Sector 65, Gurugram, Haryana 122101, India",,,OPERATIONAL,https://maps.google.com/?cid=15060935185067352140&g_mp=Cilnb29nbGUubWFwcy5wbGFjZXMudjEuUGxhY2VzLlNlYXJjaE5lYXJieRACGAQgAA,ChIJNyVwyYAjDTkRTCAfK8EwA9E
Tower 52,apartment_building,apartment_building|point_of_interest|service|establishment,,,"Tower 52, Flat 501, Emerald Premier Floors, Sector 65, Gurugram, Haryana 122101, India",5,1,OPERATIONAL,https://maps.google.com/?cid=8573383137750837244&g_mp=Cilnb29nbGUubWFwcy5wbGFjZXMudjEuUGxhY2VzLlNlYXJjaE5lYXJieRACGAQgAA,ChIJyzb4BRAjDTkR_Gf2QIrG-nY
EFP Tower 14,apartment_building,apartment_building|point_of_interest|service|establishment,,,"Emerald Premier Floors, Sector 65, Gurugram, Haryana 122101, India",,,OPERATIONAL,https://maps.google.com/?cid=10624811899944728836&g_mp=Cilnb29nbGUubWFwcy5wbGFjZXMudjEuUGxhY2VzLlNlYXJjaE5lYXJieRACGAQgAA,ChIJA2cWGQAjDTkRBHmMXSHqcpM
Tower 10 Emerald Premier Floors,apartment_building,apartment_building|point_of_interest|service|establishment,,,"Tower 10, Emerald Premier Floors, Sector 65, Gurugram, Haryana 122101, India",3.7,3,OPERATIONAL,https://maps.google.com/?cid=15703710213389534797&g_mp=Cilnb29nbGUubWFwcy5wbGFjZXMudjEuUGxhY2VzLlNlYXJjaE5lYXJieRACGAQgAA,ChIJ07yVc6sjDTkRTcbBvDzJ7tk
EFP Tower 15,apartment_building,apartment_building|point_of_interest|service|establishment,,,"Block-D, Emerald Premier Floors, Unnamed Road, Sector 65, Gurugram, Haryana 122101, India",,,OPERATIONAL,https://maps.google.com/?cid=1515749622489290657&g_mp=Cilnb29nbGUubWFwcy5wbGFjZXMudjEuUGxhY2VzLlNlYXJjaE5lYXJieRACGAQgAA,ChIJHcpGi4cjDTkRoRfoOEAGCRU
Home,condominium_complex,condominium_complex|point_of_interest|service|establishment,,,"M3M Heights, Sector 65, Golf, Gurugram, Haryana 122101, India",,,OPERATIONAL,https://maps.google.com/?cid=3870264503365870836&g_mp=Cilnb29nbGUubWFwcy5wbGFjZXMudjEuUGxhY2VzLlNlYXJjaE5lYXJieRACGAQgAA,ChIJy3okZwAjDTkR9CTtbQ_xtTU
NJ Rockstars Projects 14 Marbella2,condominium_complex,condominium_complex|point_of_interest|service|establishment,,,"14, Marbella 2, Sector 65, Gurugram, Haryana 122101, India",1,1,OPERATIONAL,https://maps.google.com/?cid=7415459316397386074&g_mp=Cilnb29nbGUubWFwcy5wbGFjZXMudjEuUGxhY2VzLlNlYXJjaE5lYXJieRACGAQgAA,ChIJ4fQvKQAjDTkRWik6oPUA6WY
Kavish,apartment_building,apartment_building|point_of_interest|service|establishment,,,"Tower 19Emerald, Premier Floors, Sector 65, Gurugram, Haryana 122101, India",4,1,OPERATIONAL,https://maps.google.com/?cid=10401513891615167023&g_mp=Cilnb29nbGUubWFwcy5wbGFjZXMudjEuUGxhY2VzLlNlYXJjaE5lYXJieRACGAQgAA,ChIJIzidPAAjDTkRL1IDXMaZWZA
M3M golf estate Gate 5,condominium_complex,condominium_complex|point_of_interest|service|establishment,,,"M3m St. Andrews Power House, near M3M Urbana Premium, St. Andrews, Sector 65, Gurugram, Haryana 122101, India",4.3,7,OPERATIONAL,https://maps.google.com/?cid=165900654200558263&g_mp=Cilnb29nbGUubWFwcy5wbGFjZXMudjEuUGxhY2VzLlNlYXJjaE5lYXJieRACGAQgAA,ChIJNbPRYAAjDTkRtxKhGcRlTQI
Old Sofa Repairing,service,point_of_interest|service|establishment,091490 78591,,"M3m St. Andrews Power House, near M3M Urbana Premium, St. Andrews, Sector 65, Gurugram, Haryana 122101, India",5,2,OPERATIONAL,https://maps.google.com/?cid=8625755920121619294&g_mp=Cilnb29nbGUubWFwcy5wbGFjZXMudjEuUGxhY2VzLlNlYXJjaE5lYXJieRACGAQgAA,ChIJrbkAFikjDTkRXmMS4k7XtHc
Classic Emaar,apartment_building,apartment_building|service|point_of_interest|establishment,,http://emaar-india.com/,"93XC+F5G, Maidawas Rd, Sector 65, Gurugram, Haryana 122101, India",4.9,14,OPERATIONAL,https://maps.google.com/?cid=5412162760750255076&g_mp=Cilnb29nbGUubWFwcy5wbGFjZXMudjEuUGxhY2VzLlNlYXJjaE5lYXJieRACGAQgAA,ChIJNfjVl18jDTkR5MsdJVvdG0s
ID Realty,general_contractor,general_contractor|service|point_of_interest|establishment,,,"M3M URBANA, Golf Course Ext Rd, Sector 67, Gurugram, Haryana 122101, India",,,CLOSED_TEMPORARILY,https://maps.google.com/?cid=4595723767864880555&g_mp=Cilnb29nbGUubWFwcy5wbGFjZXMudjEuUGxhY2VzLlNlYXJjaE5lYXJieRACGAQgAA,ChIJC9OZJwAjDTkRq-1n7WpKxz8
Emaar Emerald Estate Gate 3,condominium_complex,condominium_complex|service|point_of_interest|establishment,,,"Tower - H, EMAAR EMERALD ESTATE, Maidawas Rd, Sector 65, Gurugram, Haryana 122101, India",5,4,OPERATIONAL,https://maps.google.com/?cid=1369038905450622846&g_mp=Cilnb29nbGUubWFwcy5wbGFjZXMudjEuUGxhY2VzLlNlYXJjaE5lYXJieRACGAQgAA,ChIJu5XHY_wjDTkRfu8Si6HN_xI
ASHOK ROOMS,apartment_building,apartment_building|service|point_of_interest|establishment,,,"7, Maidawas Rd, mall, opposite M3M Urbana Premium, Sector 64, Gurugram, Haryana 122101, India",,,OPERATIONAL,https://maps.google.com/?cid=12580613551053826306&g_mp=Cilnb29nbGUubWFwcy5wbGFjZXMudjEuUGxhY2VzLlNlYXJjaE5lYXJieRACGAQgAA,ChIJrRRJCwAjDTkRAmkHp15Rl64
Vipul ward sector 44 gurgaon haryana,point_of_interest,point_of_interest|establishment,,,"93XC+P5H, Sector 65, Gurugram, Haryana 122101, India",,,CLOSED_TEMPORARILY,https://maps.google.com/?cid=13196716726646835996&g_mp=Cilnb29nbGUubWFwcy5wbGFjZXMudjEuUGxhY2VzLlNlYXJjaE5lYXJieRACGAQgAA,ChIJH9RlFwAjDTkRHIs9lfEnJLc
Amphitheatre,park,park|point_of_interest|establishment,,,"93XC+C53 Tower - H, EMAAR EMERALD ESTATE, Maidawas Rd, Sector 65, Gurugram, Haryana 122101, India",5,2,OPERATIONAL,https://maps.google.com/?cid=1930848882574859630&g_mp=Cilnb29nbGUubWFwcy5wbGFjZXMudjEuUGxhY2VzLlNlYXJjaE5lYXJieRACGAQgAA,ChIJr1snNl4jDTkRbp3VINTAyxo
Emaar India - Emerald Classic,apartment_building,apartment_building|service|point_of_interest|establishment,078761 49128,https://in.emaar.com/en/properties/emerald-classic/,"Emerald Classic, Golf Course Ext Rd, Sector 65, Gurugram, Haryana 122101, India",5,1,OPERATIONAL,https://maps.google.com/?cid=3802184875038848043&g_mp=Cilnb29nbGUubWFwcy5wbGFjZXMudjEuUGxhY2VzLlNlYXJjaE5lYXJieRACGAQgAA,ChIJ5XEGyUAiDTkRK7QNv_8SxDQ
"Tower P1, Emerald Classic",apartment_building,apartment_building|service|point_of_interest|establishment,,,"Emerald Estate Sector 65 Gurgaon, Sector 65, Gurugram, Haryana 122101, India",5,1,OPERATIONAL,https://maps.google.com/?cid=12513876297941497647&g_mp=Cilnb29nbGUubWFwcy5wbGFjZXMudjEuUGxhY2VzLlNlYXJjaE5lYXJieRACGAQgAA,ChIJQcHH94AjDTkRL7f7DTE4qq0
"Productive Minds, Sector 65",preschool,preschool|child_care_agency|school|educational_institution|service|point_of_interest|establishment,097119 00854,https://productiveminds.in/,"Emaar Premier Floors, Sector 65, Gurugram, Haryana 122101, India",4.2,32,OPERATIONAL,https://maps.google.com/?cid=3791038171349086917&g_mp=Cilnb29nbGUubWFwcy5wbGFjZXMudjEuUGxhY2VzLlNlYXJjaE5lYXJieRACGAQgAA,ChIJUxRym9MjDTkRxXI1jSF5nDQ
M3M SITE OFFICE GATE NO.3,corporate_office,corporate_office|point_of_interest|establishment,,,"93XC+P5V, Sector 65, Gurugram, Haryana 122101, India",4,120,OPERATIONAL,https://maps.google.com/?cid=1453328764484905709&g_mp=Cilnb29nbGUubWFwcy5wbGFjZXMudjEuUGxhY2VzLlNlYXJjaE5lYXJieRACGAQgAA,ChIJmzkrBEMiDTkR7er6rM9CKxQ
Miracle Garden,service,service|point_of_interest|establishment,,,"93XC+P5X, Sector 65, Gurugram, Haryana 122101, India",3,2,OPERATIONAL,https://maps.google.com/?cid=14308791880190052462&g_mp=Cilnb29nbGUubWFwcy5wbGFjZXMudjEuUGxhY2VzLlNlYXJjaE5lYXJieRACGAQgAA,ChIJm7o4W5cjDTkRbsi4X2cKk8Y
Tower- 57,apartment_building,apartment_building|service|point_of_interest|establishment,,,"93XC+C3H, Sector 65, Gurugram, Haryana 122101, India",,,OPERATIONAL,https://maps.google.com/?cid=13328722485956815700&g_mp=Cilnb29nbGUubWFwcy5wbGFjZXMudjEuUGxhY2VzLlNlYXJjaE5lYXJieRACGAQgAA,ChIJncP2SgAjDTkRVKs3fXsi-bg
Sachin,bar,bar|point_of_interest|establishment,,,"93X9+FRG, Sector 65, Gurugram, Haryana 122101, India",,,OPERATIONAL,https://maps.google.com/?cid=13196324175076853078&g_mp=Cilnb29nbGUubWFwcy5wbGFjZXMudjEuUGxhY2VzLlNlYXJjaE5lYXJieRACGAQgAA,ChIJJ6ZOCQAjDTkRVgVbjOvCIrc
SAT Champ,educational_institution,educational_institution|point_of_interest|establishment,099580 57450,http://www.satchamp.in/,"Office # 301, Emerald Estate Sector 65 Gurgaon, Primary School, opp. Emaar Floor Premier, Sector 65, Gurugram, Haryana 122101, India",,,CLOSED_TEMPORARILY,https://maps.google.com/?cid=10493931661514823754&g_mp=Cilnb29nbGUubWFwcy5wbGFjZXMudjEuUGxhY2VzLlNlYXJjaE5lYXJieRACGAQgAA,ChIJPfv6krojDTkRStjQNT_voZE
Apex Tutors,educational_institution,educational_institution|point_of_interest|establishment,093116 59200,,"Office # 306, Emerald Estate Sector 65 Gurgaon, Primary School, opp. Emaar Floor Premier, Sector 65, Gurugram, Haryana 122101, India",5,1,OPERATIONAL,https://maps.google.com/?cid=3525202844473985435&g_mp=Cilnb29nbGUubWFwcy5wbGFjZXMudjEuUGxhY2VzLlNlYXJjaE5lYXJieRACGAQgAA,ChIJve7rylsjDTkRm4kRSk8J7DA
GMAT Gladiator,educational_institution,educational_institution|point_of_interest|establishment,098181 03264,http://www.gmatgladiator.com/,"Office # 302, Emerald Estate Sector 65 Gurgaon, Primary School, opp. Emaar Floor Premier, Sector 65, Gurugram, Haryana 122101, India",,,OPERATIONAL,https://maps.google.com/?cid=6875052946965756765&g_mp=Cilnb29nbGUubWFwcy5wbGFjZXMudjEuUGxhY2VzLlNlYXJjaE5lYXJieRACGAQgAA,ChIJA8SGECUjDTkRXXvlyzoYaV8
M3M EWS,apartment_building,apartment_building|service|point_of_interest|establishment,,,"93X9+FRG, Sector 65, Gurugram, Haryana 122101, India",,,OPERATIONAL,https://maps.google.com/?cid=68415148799850534&g_mp=Cilnb29nbGUubWFwcy5wbGFjZXMudjEuUGxhY2VzLlNlYXJjaE5lYXJieRACGAQgAA,ChIJPT7QHgAjDTkRJnh4ITcP8wA
Fitness Venue,fitness_center,fitness_center|gym|sports_activity_location|health|point_of_interest|establishment,089606 91047,,"2nd floor, opposite Emaar Premier floors & Worldmark, Sector 65, Gurugram, Haryana 122018, India",4.8,22,OPERATIONAL,https://maps.google.com/?cid=6137485941793392925&g_mp=Cilnb29nbGUubWFwcy5wbGFjZXMudjEuUGxhY2VzLlNlYXJjaE5lYXJieRACGAQgAA,ChIJ6QAxE00jDTkRHYmMPvK6LFU
Amber 105,apartment_building,apartment_building|service|point_of_interest|establishment,,,"EMERALD HILLS, Sector 65, Gurugram, Haryana 122101, India",2,1,OPERATIONAL,https://maps.google.com/?cid=15924007730816224900&g_mp=Cilnb29nbGUubWFwcy5wbGFjZXMudjEuUGxhY2VzLlNlYXJjaE5lYXJieRACGAQgAA,ChIJT1PoKAAjDTkRhA7gg6lw_dw
Emaar India - Emerald Hills Plots,apartment_building,apartment_building|service|point_of_interest|establishment,080 4697 1758,https://in.emaar.com/en/properties/emerald-hills/,"EMERALD HILLS, Plots, Sector 65, Gurugram, Haryana 122101, India",,,OPERATIONAL,https://maps.google.com/?cid=3236368377653590485&g_mp=Cilnb29nbGUubWFwcy5wbGFjZXMudjEuUGxhY2VzLlNlYXJjaE5lYXJieRACGAQgAA,ChIJCyAAwGkiDTkR1XlZeOTj6Sw
Children's Playground,playground,playground|point_of_interest|establishment,,,"93XC+C53 Tower - H, EMAAR EMERALD ESTATE, Maidawas Rd, Sector 65, Gurugram, Haryana 122101, India",3.7,3,OPERATIONAL,https://maps.google.com/?cid=12575839939128797316&g_mp=Cilnb29nbGUubWFwcy5wbGFjZXMudjEuUGxhY2VzLlNlYXJjaE5lYXJieRACGAQgAA,ChIJ5wWLMCcjDTkRhCjxg8tbhq4
"Skylux Heights : your perfect vrbo getaway\nPrivacy, convenience luxury awaits",lodging,lodging|point_of_interest|establishment,,,"Sector 65, Gurugram, Haryana 122101, India",,,OPERATIONAL,https://maps.google.com/?cid=17823805031791124287&g_mp=Cilnb29nbGUubWFwcy5wbGFjZXMudjEuUGxhY2VzLlNlYXJjaE5lYXJieRACGAQgAA,ChIJdznHW0EiDTkRP9-66T3gWvc
Arushi Sealing Solutions,hardware_store,hardware_store|building_materials_store|store|point_of_interest|establishment,099532 88319,,"Shop No 20 Tyagi Market, near Emaar, Sector 65, Gurugram, Haryana 122101, India",3.8,6,OPERATIONAL,https://maps.google.com/?cid=7928523304289866754&g_mp=Cilnb29nbGUubWFwcy5wbGFjZXMudjEuUGxhY2VzLlNlYXJjaE5lYXJieRACGAQgAA,ChIJyU-Ns3kjDTkRApSaKfDFB24
Central Park Emaar Emerald Estate,park,park|point_of_interest|establishment,,,"93XC+C53 Tower - H, EMAAR EMERALD ESTATE, Maidawas Rd, Sector 65, Gurugram, Haryana 122101, India",5,1,OPERATIONAL,https://maps.google.com/?cid=2666647481256048032&g_mp=Cilnb29nbGUubWFwcy5wbGFjZXMudjEuUGxhY2VzLlNlYXJjaE5lYXJieRACGAQgAA,ChIJc3eJYwAjDTkRoPV0dcHVASU
Arte Salon Luxo,hair_salon,makeup_artist|skin_care_clinic|hair_salon|hair_care|nail_salon|beauty_salon|medical_clinic|health|service|point_of_interest|establishment,,https://artesalonindia.com/,"Ground Floor, Block R-5, Shop No, 08, 09, 10, M3M Route65, G-07, Maidawas Rd, Sector 65, Gurugram, Haryana 122001, India",5,1,OPERATIONAL,https://maps.google.com/?cid=18290914886655481545&g_mp=Cilnb29nbGUubWFwcy5wbGFjZXMudjEuUGxhY2VzLlNlYXJjaE5lYXJieRACGAQgAA,ChIJ3-pXu5QjDTkRyRYBFC5i1v0
"H-1005, Emerald Estate Sector 65",apartment_building,apartment_building|service|point_of_interest|establishment,,,"Tower - H, EMAAR EMERALD ESTATE, Sector 65, Gurugram, Haryana 122101, India",5,1,OPERATIONAL,https://maps.google.com/?cid=14465357494453676691&g_mp=Cilnb29nbGUubWFwcy5wbGFjZXMudjEuUGxhY2VzLlNlYXJjaE5lYXJieRACGAQgAA,ChIJh7x2EgAjDTkRkyryHQBGv8g
Emaar Emerald Estate Tower-F,apartment_building,apartment_building|service|point_of_interest|establishment,,,"EMAAR EMERALD ESTATE, Sector 65, Gurugram, Haryana 122101, India",4,4,OPERATIONAL,https://maps.google.com/?cid=16037582800315575431&g_mp=Cilnb29nbGUubWFwcy5wbGFjZXMudjEuUGxhY2VzLlNlYXJjaE5lYXJieRACGAQgAA,ChIJO2RadwEjDTkRh2y5DJbwkN4
Emaar Emerald Estate Tower-H,apartment_building,apartment_building|service|point_of_interest|establishment,0124 613 4873,,"93XC+C53 Tower - H, EMAAR EMERALD ESTATE, Maidawas Rd, Sector 65, Gurugram, Haryana 122101, India",4.3,3,OPERATIONAL,https://maps.google.com/?cid=11913025114626366006&g_mp=Cilnb29nbGUubWFwcy5wbGFjZXMudjEuUGxhY2VzLlNlYXJjaE5lYXJieRACGAQgAA,ChIJexy3VwsjDTkRNpqcTTmRU6U
ZEISS VISION CENTER Sector 65 - by Specs N Shades,store,store|health|service|point_of_interest|establishment,069097 51924,https://webpage.dashloc.com/zeiss/gurugram/sector-/zeiss-vision-center-sector-65-by-specs-n-shades-in-sector-65-gurugram--4xOwqP/home,"M3M Route 65, R2 G12 & 12A, Sector 65, Gurugram, Haryana 122102, India",3,2,OPERATIONAL,https://maps.google.com/?cid=877313147452462673&g_mp=Cilnb29nbGUubWFwcy5wbGFjZXMudjEuUGxhY2VzLlNlYXJjaE5lYXJieRACGAQgAA,ChIJ93npowAjDTkRURavzqjXLAw
Oxford Kids International Pre-School,preschool,preschool|child_care_agency|school|educational_institution|service|point_of_interest|establishment,098997 87832,https://www.oxfordkids.co.in/,"opposite Trump Tower, Sector 65, Gurugram, Haryana 122101, India",,,OPERATIONAL,https://maps.google.com/?cid=17318389322282863282&g_mp=Cilnb29nbGUubWFwcy5wbGFjZXMudjEuUGxhY2VzLlNlYXJjaE5lYXJieRACGAQgAA,ChIJb_KVncCl8igRsoqW9FRHV_A
"Wrogn - M3M Route 65, Gurugram",clothing_store,clothing_store|shoe_store|store|point_of_interest|establishment,078258 93579,https://stores.wrogn.com/wrogn-m3m-route-65-gurugram-48407/home?utm_source=GBP,"R3 G16 & G17, Ground Floor, M3M Route 65, HSIIDC, Maidawas Rd, Dudhola Industrial Area, Sector 65, Gurugram, Haryana 122102, India",5,2,OPERATIONAL,https://maps.google.com/?cid=13756579396088747915&g_mp=Cilnb29nbGUubWFwcy5wbGFjZXMudjEuUGxhY2VzLlNlYXJjaE5lYXJieRACGAQgAA,ChIJnYSYNE8jDTkRi9dTRBMw6b4
Badminton Court,playground,playground|point_of_interest|establishment,,,"EMAAR EMERALD ESTATE, Sector 65, Gurugram, Haryana 122101, India",4,2,OPERATIONAL,https://maps.google.com/?cid=3573920372053037192&g_mp=Cilnb29nbGUubWFwcy5wbGFjZXMudjEuUGxhY2VzLlNlYXJjaE5lYXJieRACGAQgAA,ChIJicg6ASsjDTkRiNDAl6QdmTE
"SNITCH - M3M Mall, Gurgaon",shopping_mall,shopping_mall|point_of_interest|establishment,063669 81037,https://www.snitch.com/,"SNITCH - R3, Ground + 1, Unit 8 Tyagi market, G 01 A - 01 D, near by Emerald Estate Sector 65 Gurgaon, Sector 65, Gurugram, Haryana 122101, India",5,10,OPERATIONAL,https://maps.google.com/?cid=8518350877376531859&g_mp=Cilnb29nbGUubWFwcy5wbGFjZXMudjEuUGxhY2VzLlNlYXJjaE5lYXJieRACGAQgAA,ChIJ2Zd3AoUjDTkRk00qpv1CN3Y
Prismara : Laboratory-Grown Diamond Jewellery Showroom in Gurugram,jewelry_store,jewelry_store|store|point_of_interest|establishment,,https://prismara.in/,"R1-G06&07, Ground floor, M3M Route 65, Golf Course Extension Road, Sector 65, Gurugram, Haryana 122102, India",,,OPERATIONAL,https://maps.google.com/?cid=894418840097874792&g_mp=Cilnb29nbGUubWFwcy5wbGFjZXMudjEuUGxhY2VzLlNlYXJjaE5lYXJieRACGAQgAA,ChIJZSe5204jDTkRaGNzPDKdaQw
Ashraf Khan,finance,finance|service|point_of_interest|establishment,,,"Sector 65, Gurugram, Haryana 122101, India",,,CLOSED_TEMPORARILY,https://maps.google.com/?cid=13461828351501001236&g_mp=Cilnb29nbGUubWFwcy5wbGFjZXMudjEuUGxhY2VzLlNlYXJjaE5lYXJieRACGAQgAA,ChIJeyzpRUwjDTkRFOJ_1o8F0ro
Chaayos Cafe At M3M Route 65 Gurgaon,cafe,cafe|food|point_of_interest|establishment,092173 63779,https://www.chaayos.com/,"Unit no. R3, G 07, and 08, M3M Route 65, Sector 65, Gurugram, Haryana 122102, India",4.8,22,OPERATIONAL,https://maps.google.com/?cid=6862982188521920309&g_mp=Cilnb29nbGUubWFwcy5wbGFjZXMudjEuUGxhY2VzLlNlYXJjaE5lYXJieRACGAQgAA,ChIJ77tFvwUjDTkRNZeuVvA1Pl8
"Indriya - Aditya Birla Jewellery - M3M Route 65 Mall, Gurugram",jewelry_store,jewelry_store|store|point_of_interest|establishment,08071 500 078,https://www.indriya.com/jewellery-stores/gurugram/sector-65-gurugram/?utm_source=store_locator&utm_medium=brand_website,"Ground Floor, M3M Route65 Village, Maidawas Rd, Sector 65, Gurugram, Haryana 122001, India",4.9,198,OPERATIONAL,https://maps.google.com/?cid=5627984451670523319&g_mp=Cilnb29nbGUubWFwcy5wbGFjZXMudjEuUGxhY2VzLlNlYXJjaE5lYXJieRACGAQgAA,ChIJGzu1Sz4jDTkRtz0-WwqeGk4
Near Game Shop : PlayStation Exclusive Outlet In Gurgaon,store,store|point_of_interest|establishment,099999 98874,,"112, 112A 1 FLOOR, M3M ROUTE 65, R3 111, Sector 65, Gurugram, Haryana 122001, India",5,11,OPERATIONAL,https://maps.google.com/?cid=18109541521298523764&g_mp=Cilnb29nbGUubWFwcy5wbGFjZXMudjEuUGxhY2VzLlNlYXJjaE5lYXJieRACGAQgAA,ChIJpaWQDNgjDTkRdIYvrhAEUvs
M3M Route 65,real_estate_agency,real_estate_agency|service|point_of_interest|establishment,,https://m3mindia.com/retail/m3m-route65,"Unit 8 Tyagi market, near by Emerald Estate Sector 65 Gurgaon, Sector 65, Gurugram, Haryana 122101, India",4.1,83,OPERATIONAL,https://maps.google.com/?cid=1363228388902433831&g_mp=Cilnb29nbGUubWFwcy5wbGFjZXMudjEuUGxhY2VzLlNlYXJjaE5lYXJieRACGAQgAA,ChIJSUh7-zcjDTkRJ_RBPP8o6xI
Khushi Dry Cleaners,laundry,laundry|clothing_store|store|service|point_of_interest|establishment,083840 14595,,"Sector 65 gurugram Haryana Shop no 06 Tyagi market near emerald estate, City, Gurugram, Haryana 122101, India",5,32,OPERATIONAL,https://maps.google.com/?cid=13892803163917137028&g_mp=Cilnb29nbGUubWFwcy5wbGFjZXMudjEuUGxhY2VzLlNlYXJjaE5lYXJieRACGAQgAA,ChIJLZk0hVojDTkRhDS0z94mzcA
Indian Oil - A.S Chahar Energy Junction,gas_station,gas_station|service|point_of_interest|establishment,070420 89770,,"64 Dividing Road, Sector 65, Gurugram, Haryana 122018, India",3.4,30,OPERATIONAL,https://maps.google.com/?cid=6473432285606859361&g_mp=Cilnb29nbGUubWFwcy5wbGFjZXMudjEuUGxhY2VzLlNlYXJjaE5lYXJieRACGAQgAA,ChIJTXNc4RYjDTkRYVIktV1A1lk
PRIME Residences,general_contractor,general_contractor|service|point_of_interest|establishment,093551 00111,http://www.primedevelopments.in/,"Maidawas Rd, Sector 65, Gurugram, Haryana 122101, India",4.6,10,OPERATIONAL,https://maps.google.com/?cid=13027680817541882314&g_mp=Cilnb29nbGUubWFwcy5wbGFjZXMudjEuUGxhY2VzLlNlYXJjaE5lYXJieRACGAQgAA,ChIJUa5llmojDTkRyiHBEK6ey7Q
J.P. Associates,consultant,real_estate_agency|consultant|service|point_of_interest|establishment,098999 67199,,"World mark, road, Medawas, Sector 64, Gurugram, Haryana 122101, India",1,1,OPERATIONAL,https://maps.google.com/?cid=18205214127299573376&g_mp=Cilnb29nbGUubWFwcy5wbGFjZXMudjEuUGxhY2VzLlNlYXJjaE5lYXJieRACGAQgAA,ChIJHxTVQbwjDTkRgDadHcvppfw
AMAIRA INTERIORS-Pvc Panels/charcoal Panels/uv sheet,service,home_improvement_store|home_goods_store|store|service|point_of_interest|establishment,089897 00061,https://www.instagram.com/amaira_interiors.gurgaon?utm_source=qr&igsh=NGllbTlwOXdicnZt,"Shop no 1&2, maidawas road, mall, near WorldMark, Sector 65, Gurugram, Haryana 122102, India",5,4,OPERATIONAL,https://maps.google.com/?cid=1816503823477817292&g_mp=Cilnb29nbGUubWFwcy5wbGFjZXMudjEuUGxhY2VzLlNlYXJjaE5lYXJieRACGAQgAA,ChIJ0eJtU7YjDTkRzL-Ia5qENRk
Manwans Tyres and Battery Store,tire_shop,tire_shop|auto_parts_store|car_repair|store|service|point_of_interest|establishment,098118 03572,,"Shop No. 6, Medawas, Sector 64, Gurugram, Haryana 122101, India",4.9,8,OPERATIONAL,https://maps.google.com/?cid=7189306051881138498&g_mp=Cilnb29nbGUubWFwcy5wbGFjZXMudjEuUGxhY2VzLlNlYXJjaE5lYXJieRACGAQgAA,ChIJ8XhXYAAjDTkRQvnwe8OLxWM
Siya Homes,real_estate_agency,real_estate_agency|service|point_of_interest|establishment,,https://siyahomes.com/,"Shop No. 7, Market, Medawas, Sector 64, Gurugram, Haryana 122101, India",,,OPERATIONAL,https://maps.google.com/?cid=9606616082731479454&g_mp=Cilnb29nbGUubWFwcy5wbGFjZXMudjEuUGxhY2VzLlNlYXJjaE5lYXJieRACGAQgAA,ChIJOXHuJnefgI4RnrHD4G2OUYU
Dolphin Designs,hardware_store,hardware_store|building_materials_store|store|point_of_interest|establishment,099908 89901,,"Maidawas Rd, Sector 65, Gurugram, Haryana 122101, India",2,1,CLOSED_TEMPORARILY,https://maps.google.com/?cid=18273002209749056445&g_mp=Cilnb29nbGUubWFwcy5wbGFjZXMudjEuUGxhY2VzLlNlYXJjaE5lYXJieRACGAQgAA,ChIJ-ayS9hcjDTkRvTsF_LG-lv0
NXT-KEY REALTY,consultant,real_estate_agency|consultant|service|point_of_interest|establishment,099583 31414,https://nxtkey.in/,"Shop NO. 8, Medawas, Sector 64, Gurugram, Haryana 122101, India",4.8,4,OPERATIONAL,https://maps.google.com/?cid=7506176695945770764&g_mp=Cilnb29nbGUubWFwcy5wbGFjZXMudjEuUGxhY2VzLlNlYXJjaE5lYXJieRACGAQgAA,ChIJS5Ymo4AjDTkRDLcpf-9LK2g
KRM Landbase Private Limited,real_estate_agency,real_estate_agency|service|point_of_interest|establishment,099102 92644,http://www.krmlandbase.com/,"Main Road, Medawas, Sector 64, Gurugram, Haryana 122101, India",4.9,28,OPERATIONAL,https://maps.google.com/?cid=18247225503931069725&g_mp=Cilnb29nbGUubWFwcy5wbGFjZXMudjEuUGxhY2VzLlNlYXJjaE5lYXJieRACGAQgAA,ChIJmSr1fTQhDTkRHXVC-uoqO_0
Red Wheels - Car Repair Service | Car Mechanical Works | Denting | Painting | Car Breakdown,car_repair,car_repair|service|point_of_interest|establishment,087500 01794,https://autoshopworld.com/,"Ree Wheels, Four wheeler services near by Emar Tower, Medawas, Sector 64 Gurugram, Haryana 122001, Sector 64, Gurugram, Haryana 122101, India",5,4,OPERATIONAL,https://maps.google.com/?cid=674036377776861713&g_mp=Cilnb29nbGUubWFwcy5wbGFjZXMudjEuUGxhY2VzLlNlYXJjaE5lYXJieRACGAQgAA,ChIJC62MlXYjDTkREbIUr4OoWgk
Ply House,general_contractor,general_contractor|service|point_of_interest|establishment,099715 03053,,"Maidawas Rd, near Worldmark, Sector 65, Gurugram, Haryana 122101, India",4.8,44,OPERATIONAL,https://maps.google.com/?cid=2150158963126483156&g_mp=Cilnb29nbGUubWFwcy5wbGFjZXMudjEuUGxhY2VzLlNlYXJjaE5lYXJieRACGAQgAA,ChIJZarl3Y4jDTkR1LjGVy_m1h0
CHAUHAN FURNISHING,general_contractor,general_contractor|home_goods_store|store|service|point_of_interest|establishment,095404 01003,,"Shop no, 7, Maidawas Rd, near worldmark Mall, Sector 65, Gurugram, Haryana 122101, India",3.3,3,OPERATIONAL,https://maps.google.com/?cid=15880381621593221287&g_mp=Cilnb29nbGUubWFwcy5wbGFjZXMudjEuUGxhY2VzLlNlYXJjaE5lYXJieRACGAQgAA,ChIJb6LlUcgZDTkRp6i0bPJyYtw
"Delhi Car Accessories, 10 Midawas Road, Sectir 65, Gurgaon",,point_of_interest|establishment,093129 39164,,"10, Maidawas Rd, Sector 65, Gurugram, Haryana 122102, India",5,6,OPERATIONAL,https://maps.google.com/?cid=5917416719706740691&g_mp=Cilnb29nbGUubWFwcy5wbGFjZXMudjEuUGxhY2VzLlNlYXJjaE5lYXJieRACGAQgAA,ChIJKfZrjwUjDTkR09cTnifjHlI
Interio Crystal Glass,manufacturer,manufacturer|point_of_interest|establishment,,,"Shop no 13, Maidawas Rd, near Aipl Business Club, Sector 63, Gurugram, Haryana 122098, India",,,OPERATIONAL,https://maps.google.com/?cid=4875313472466706157&g_mp=Cilnb29nbGUubWFwcy5wbGFjZXMudjEuUGxhY2VzLlNlYXJjaE5lYXJieRACGAQgAA,ChIJ-SMKnvIjDTkR7d4Nz8WXqEM
MD96 MART,store,store|point_of_interest|establishment,099998 50796,,"Medawas Village Rd, Medawas, Sector 64, Gurugram, Haryana 122101, India",3.7,3,OPERATIONAL,https://maps.google.com/?cid=15865776763454287780&g_mp=Cilnb29nbGUubWFwcy5wbGFjZXMudjEuUGxhY2VzLlNlYXJjaE5lYXJieRACGAQgAA,ChIJDznk_vIjDTkRpO9W5-ePLtw
Natraj Studios,service,service|point_of_interest|establishment,070116 25941,https://www.natrajstudio.com/,"Shop No, Market 65, near WorldMark, Sector 65, Gurugram, Haryana 122101, India",4.9,42,OPERATIONAL,https://maps.google.com/?cid=10994807231970403385&g_mp=Cilnb29nbGUubWFwcy5wbGFjZXMudjEuUGxhY2VzLlNlYXJjaE5lYXJieRACGAQgAA,ChIJub1QnTIjDTkROeR9q-xmlZg
Caross Detailing Studio | Gurgaon,car_repair,car_wash|auto_parts_store|car_repair|car_dealer|electronics_store|store|service|point_of_interest|establishment,089292 27077,https://caross.in/,"Shop No 8 & 9, Plot No 25/1/1/1, opposite Dharam Tower, Sector 65, Gurugram, Haryana 122101, India",4.9,159,OPERATIONAL,https://maps.google.com/?cid=4614375469651502656&g_mp=Cilnb29nbGUubWFwcy5wbGFjZXMudjEuUGxhY2VzLlNlYXJjaE5lYXJieRACGAQgAA,ChIJl4cVN4cjDTkRQKbaqAqOCUA
Aatam Developers,service,general_contractor|service|point_of_interest|establishment,,,"5, Maidawas Rd, Sector 65, Gurugram, Haryana 122101, India",4.8,5,OPERATIONAL,https://maps.google.com/?cid=14091715298646853792&g_mp=Cilnb29nbGUubWFwcy5wbGFjZXMudjEuUGxhY2VzLlNlYXJjaE5lYXJieRACGAQgAA,ChIJE_Nz7dsjDTkRoIjIK2fUj8M
Dolphin Paints And Sanitary Store,building_materials_store,building_materials_store|home_goods_store|store|point_of_interest|establishment,099908 89897,https://www.dolphin-paints.com/,"Shop No.5, Maidawas Rd, opp. Dharam Tower, Sector 65, Gurugram, Haryana 122101, India",5,15,OPERATIONAL,https://maps.google.com/?cid=13539033577904222401&g_mp=Cilnb29nbGUubWFwcy5wbGFjZXMudjEuUGxhY2VzLlNlYXJjaE5lYXJieRACGAQgAA,ChIJp7NXwgojDTkRwTARZU5P5Ls
Bhuapur / Medawas Sector-64,bus_stop,bus_stop|transit_stop|transit_station|transportation_service|point_of_interest|establishment,,,"Sector 64, Gurugram, Haryana 122101, India",3.3,4,OPERATIONAL,https://maps.google.com/?cid=11403929884187351999&g_mp=Cilnb29nbGUubWFwcy5wbGFjZXMudjEuUGxhY2VzLlNlYXJjaE5lYXJieRACGAQgAA,ChIJUcbwKEEiDTkRv9tyHs_lQp4
"Dr. Kumar Gaurav MBBS, MD~General Physician",doctor,doctor|health|point_of_interest|establishment,,https://calendly.com/dr-kumargaurav1991/dr-kumar-gaurav,"M # 9821727803, Shop number 149,1st floor, paras Trinity, Sector 64, Gurugram, Haryana 122011, India",5,87,OPERATIONAL,https://maps.google.com/?cid=17377247997419729933&g_mp=Cilnb29nbGUubWFwcy5wbGFjZXMudjEuUGxhY2VzLlNlYXJjaE5lYXJieRACGAQgAA,ChIJp8J_cGMjDTkRDTQSLPxiKPE
Major Asharam Tyagi Chowk,general_contractor,general_contractor|transportation_service|service|point_of_interest|establishment,,,"93XJ+M4R, Maidawas Rd, Sector 64, Gurugram, Haryana 122101, India",5,2,OPERATIONAL,https://maps.google.com/?cid=1541938205282884828&g_mp=Cilnb29nbGUubWFwcy5wbGFjZXMudjEuUGxhY2VzLlNlYXJjaE5lYXJieRACGAQgAA,ChIJyTx3oVcjDTkR3Fx9z6AQZhU
Nova Drive Auto,car_dealer,car_dealer|store|point_of_interest|establishment,,,"93XJ+J8H, Kadarpur Rd, Sector 63, Gurugram, Haryana 122098, India",,,OPERATIONAL,https://maps.google.com/?cid=16418984308122514901&g_mp=Cilnb29nbGUubWFwcy5wbGFjZXMudjEuUGxhY2VzLlNlYXJjaE5lYXJieRACGAQgAA,ChIJ-RFLTwAjDTkR1fVamjzz2-M
Atul nursery,wholesaler,wholesaler|point_of_interest|establishment,078300 14564,,"Badshahpur, Sector 60, Gurugram, Haryana 122101, India",3,2,OPERATIONAL,https://maps.google.com/?cid=2032043825014872629&g_mp=Cilnb29nbGUubWFwcy5wbGFjZXMudjEuUGxhY2VzLlNlYXJjaE5lYXJieRACGAQgAA,ChIJf2Dk00IjDTkRNZoJthdFMxw
Tenex Automobiles,car_repair,car_repair|service|point_of_interest|establishment,078387 78384,https://autoshopworld.com/,"TENEX AUTOMOBILE, Maidawas Rd, VILL, Sector 64, Gurugram, Haryana 122101, India",4.5,190,OPERATIONAL,https://maps.google.com/?cid=3031781958772844182&g_mp=Cilnb29nbGUubWFwcy5wbGFjZXMudjEuUGxhY2VzLlNlYXJjaE5lYXJieRACGAQgAA,ChIJS_uu4PAjDTkRluYX4aANEyo
KTC (India) Ltd - Gurugram,car_rental,car_rental|service|point_of_interest|establishment,011 4258 8888,https://www.ktcindia.com/luxury-car-rental-gurugram.php,"Plot No.357/433, near Aipl Business Club, Medawas, Sector 64, Gurugram, Haryana 122101, India",4.5,62,OPERATIONAL,https://maps.google.com/?cid=13767845426779199689&g_mp=Cilnb29nbGUubWFwcy5wbGFjZXMudjEuUGxhY2VzLlNlYXJjaE5lYXJieRACGAQgAA,ChIJgVHsC8kjDTkRyRipcXg2Eb8
Dharam & sons,general_contractor,general_contractor|service|point_of_interest|establishment,092115 21888,https://dharamsons.com/,"Close to, DLF ARBOUR, Main, Maidawas Rd, Sector 64, Gurugram, Haryana 122102, India",3.7,3,OPERATIONAL,https://maps.google.com/?cid=4795570578829816436&g_mp=Cilnb29nbGUubWFwcy5wbGFjZXMudjEuUGxhY2VzLlNlYXJjaE5lYXJieRACGAQgAA,ChIJ-YPExoUjDTkRdDJ3jghKjUI
Furry Ranch Private Limited,pet_boarding_service,pet_boarding_service|pet_care|point_of_interest|establishment,,,"93XH+CQW, Sector 64, Gurugram, Haryana 122101, India",4.5,12,OPERATIONAL,https://maps.google.com/?cid=15225681338797199620&g_mp=Cilnb29nbGUubWFwcy5wbGFjZXMudjEuUGxhY2VzLlNlYXJjaE5lYXJieRACGAQgAA,ChIJK6UGElUjDTkRBBFNLoJ8TNM
Daily car wash,car_wash,car_wash|service|point_of_interest|establishment,093549 91793,,"Maidawas Rd, near dlf, Sector 63, Gurugram, Haryana 122098, India",4.7,28,CLOSED_TEMPORARILY,https://maps.google.com/?cid=13179460833185325668&g_mp=Cilnb29nbGUubWFwcy5wbGFjZXMudjEuUGxhY2VzLlNlYXJjaE5lYXJieRACGAQgAA,ChIJg_MwKw8jDTkRZGIvzczZ5rY
Quick & spick car spa,car_wash,car_wash|car_repair|laundry|service|point_of_interest|establishment,088006 16133,https://quick-spick-car-spa.grexa.site/,"near DLF, opp. annpurna dhaba, Sector 63, Gurugram, Haryana 122098, India",4.8,101,OPERATIONAL,https://maps.google.com/?cid=14039468114248923630&g_mp=Cilnb29nbGUubWFwcy5wbGFjZXMudjEuUGxhY2VzLlNlYXJjaE5lYXJieRACGAQgAA,ChIJ1yNMQ7gjDTkR7vk6md011sI
Green Ro Services,supplier,supplier|point_of_interest|establishment,072066 15894,,"dada hari singh Market, Maidawas Rd, Sector 63, Gurugram, Haryana 122098, India",5,17,OPERATIONAL,https://maps.google.com/?cid=9299028235712539231&g_mp=Cilnb29nbGUubWFwcy5wbGFjZXMudjEuUGxhY2VzLlNlYXJjaE5lYXJieRACGAQgAA,ChIJxT-yxXkjDTkRXyr5eenIDIE
HDFC ERGO Insurance Agent: Balesh,insurance_agency,insurance_agency|health|service|point_of_interest|establishment,080 3768 1302,https://agent.hdfcergo.com/hdfc-ergo-insurance-agent-balesh-insurance-broker-maidawas-gurugram-443413/Home?utm_source=locator&utm_medium=googleplaces,"H No 53, Maidawas Rd, Sector 64, Gurugram, Haryana 122101, India",,,OPERATIONAL,https://maps.google.com/?cid=17424524681272372342&g_mp=Cilnb29nbGUubWFwcy5wbGFjZXMudjEuUGxhY2VzLlNlYXJjaE5lYXJieRACGAQgAA,ChIJmzSQ45IjDTkRdixE5-BY0PE
Manveer yadav crane service,,point_of_interest|establishment,087501 87570,https://www.instagram.com/manveer_yadav_crane_service,"Maidawas Rd, opp. aipl buisness tower, Sector 63a, Sector 64, Gurugram, Haryana 122101, India",5,4,OPERATIONAL,https://maps.google.com/?cid=12487988413184552251&g_mp=Cilnb29nbGUubWFwcy5wbGFjZXMudjEuUGxhY2VzLlNlYXJjaE5lYXJieRACGAQgAA,ChIJh8frPyIjDTkROy0PL0w_Tq0
arihaan travels,travel_agency,travel_agency|service|point_of_interest|establishment,099999 16458,http://arihaantravels.com/,"10th Floor, Paras Trinity, Maidawas Rd, Sector 63, Gurugram, Haryana 122101, India",5,1,CLOSED_TEMPORARILY,https://maps.google.com/?cid=17401106757096611193&g_mp=Cilnb29nbGUubWFwcy5wbGFjZXMudjEuUGxhY2VzLlNlYXJjaE5lYXJieRACGAQgAA,ChIJxS5goUAiDTkReZ1ki2YmffE
"Block C, Brahma City",housing_complex,housing_complex|service|point_of_interest|establishment,,,"93XH+CQW, Sector 64, Gurugram, Haryana 122101, India",5,1,OPERATIONAL,https://maps.google.com/?cid=11528296123283885287&g_mp=Cilnb29nbGUubWFwcy5wbGFjZXMudjEuUGxhY2VzLlNlYXJjaE5lYXJieRACGAQgAA,ChIJ2QrM7SkjDTkR50zZnT68_J8
Tripmover,transportation_service,transportation_service|point_of_interest|establishment,011 4306 0493,,"CF-034, First Floor, Promenade Square BAANI CITY CENTER, Road, opposite AIPL Business Club, Medawas, Sector 63, Gurugram, Haryana 122101, India",,,OPERATIONAL,https://maps.google.com/?cid=8631948330829398755&g_mp=Cilnb29nbGUubWFwcy5wbGFjZXMudjEuUGxhY2VzLlNlYXJjaE5lYXJieRACGAQgAA,ChIJ2Vjio0AiDTkR48Kc2kXXync
AstroU,astrologer,astrologer|point_of_interest|establishment,,https://m.facebook.com/100934245831384/,"EMAAR EMERALD ESTATE, Maidawas Rd, Sector 65, Gurugram, Haryana 122101, India",,,OPERATIONAL,https://maps.google.com/?cid=17096676916104191646&g_mp=Cilnb29nbGUubWFwcy5wbGFjZXMudjEuUGxhY2VzLlNlYXJjaE5lYXJieRACGAQgAA,ChIJ781fG5EjDTkRnt4CuBKZQ-0
Jay shree shyam,tea_store,tea_store|food_store|store|food|point_of_interest|establishment,,,"93XJ+JHG, Sector 63, Gurugram, Haryana 122098, India",5,1,CLOSED_TEMPORARILY,https://maps.google.com/?cid=13231273519510470914&g_mp=Cilnb29nbGUubWFwcy5wbGFjZXMudjEuUGxhY2VzLlNlYXJjaE5lYXJieRACGAQgAA,ChIJMcEoYAAjDTkRAkF06Cntnrc
Nirvana Estates,real_estate_agency,real_estate_agency|service|point_of_interest|establishment,099100 86032,,"Plot No.3, Golf Course Extension Main Road, Sector 63, Gurugram, Haryana 122098, India",,,OPERATIONAL,https://maps.google.com/?cid=8374637074683170858&g_mp=Cilnb29nbGUubWFwcy5wbGFjZXMudjEuUGxhY2VzLlNlYXJjaE5lYXJieRACGAQgAA,ChIJXTZdhmQjDTkRKpBOdwywOHQ
Sahil steel fabricator,manufacturer,manufacturer|point_of_interest|establishment,085069 43542,,"Maidawas Rd, Sector 63, Gurugram, Haryana 122102, India",5,13,OPERATIONAL,https://maps.google.com/?cid=5829483986029710088&g_mp=Cilnb29nbGUubWFwcy5wbGFjZXMudjEuUGxhY2VzLlNlYXJjaE5lYXJieRACGAQgAA,ChIJoV4gbAAjDTkRCAsho8x85lA
BALAJI BATTERY HUB,,auto_parts_store|car_repair|wholesaler|store|service|point_of_interest|establishment,099999 16274,https://balajibatteries.in/,"Shop no 7, Maidawas Rd, near Aipl Business Club, Sector 63, Gurugram, Haryana 122098, India",5,3,OPERATIONAL,https://maps.google.com/?cid=12651120905116109573&g_mp=Cilnb29nbGUubWFwcy5wbGFjZXMudjEuUGxhY2VzLlNlYXJjaE5lYXJieRACGAQgAA,ChIJ3S_0fPMjDTkRBcv2R2_Pka8
Classready Technologies Pvt Ltd,corporate_office,corporate_office|point_of_interest|establishment,,,"Times R F, 1104, Sector 63, Gurugram, Haryana 122098, India",5,1,OPERATIONAL,https://maps.google.com/?cid=17324428826110817088&g_mp=Cilnb29nbGUubWFwcy5wbGFjZXMudjEuUGxhY2VzLlNlYXJjaE5lYXJieRACGAQgAA,ChIJAQAAwDsiDTkRQHPfhDq8bPA
Shree shyam electrical and lights,service,electrician|store|service|point_of_interest|establishment,,,"Shop no 9, Maidawas Rd, Sector 63, Gurugram, Haryana 122098, India",5,4,OPERATIONAL,https://maps.google.com/?cid=464283982463438447&g_mp=Cilnb29nbGUubWFwcy5wbGFjZXMudjEuUGxhY2VzLlNlYXJjaE5lYXJieRACGAQgAA,ChIJJeXR3WYjDTkRbw6jedJ3cQY
Pritam paints,building_materials_store,building_materials_store|home_goods_store|store|point_of_interest|establishment,,,"dada Hari Singh market, Maidawas Rd, Sector 63, Gurugram, Haryana 122098, India",,,CLOSED_TEMPORARILY,https://maps.google.com/?cid=10728739071757152970&g_mp=Cilnb29nbGUubWFwcy5wbGFjZXMudjEuUGxhY2VzLlNlYXJjaE5lYXJieRACGAQgAA,ChIJQRMNYngjDTkRynLwq1cj5JQ
Aradhya Furnishing Gurgaon. Curtains shop.,store,building_materials_store|general_contractor|home_improvement_store|home_goods_store|store|service|point_of_interest|establishment,094859 08525,https://aradhyafurnishinggurgaon.com/,"Shop no. 5, Maidawas Rd, near Aipl Business Club, Sector 63, Gurugram, Haryana 122002, India",5,274,OPERATIONAL,https://maps.google.com/?cid=13393911858618532268&g_mp=Cilnb29nbGUubWFwcy5wbGFjZXMudjEuUGxhY2VzLlNlYXJjaE5lYXJieRACGAQgAA,ChIJhwI5FB0jDTkRrIHZFd-74Lk
Vivi Decors,car_repair,car_repair|home_improvement_store|home_goods_store|store|service|point_of_interest|establishment,092665 56337,https://www.vividecors.com/sector-63-gurugram/,"Shop No. 3, Dada Hari Singh Market, Maidawas Rd, near AIPL Business Club, Sector 63, Gurugram, Haryana 122101, India",5,9,OPERATIONAL,https://maps.google.com/?cid=1447136601397427716&g_mp=Cilnb29nbGUubWFwcy5wbGFjZXMudjEuUGxhY2VzLlNlYXJjaE5lYXJieRACGAQgAA,ChIJMWfjY_ojDTkRBH7CWxJDFRQ
Sanowar glass & aluminium,building_materials_store,building_materials_store|store|point_of_interest|establishment,099905 80764,,"Dada hari singh market, maidawas road, park, near Aipl Business Club, Sector 63, Gurugram, Haryana 122098, India",5,11,OPERATIONAL,https://maps.google.com/?cid=1106926511483072453&g_mp=Cilnb29nbGUubWFwcy5wbGFjZXMudjEuUGxhY2VzLlNlYXJjaE5lYXJieRACGAQgAA,ChIJt3tq7H8jDTkRxS9pJcyXXA8
Ritu Green Nursery,farm,wholesaler|farm|service|point_of_interest|establishment,099993 21547,,"Maidawas Rd, nearby Aipl Business Club, Sector 63, Gurugram, Haryana 122098, India",4,5,OPERATIONAL,https://maps.google.com/?cid=523252542382767459&g_mp=Cilnb29nbGUubWFwcy5wbGFjZXMudjEuUGxhY2VzLlNlYXJjaE5lYXJieRACGAQgAA,ChIJ3eA3qT8jDTkRY32LPGr3Qgc
MB ANTIQUE FURNITURE,manufacturer,furniture_store|home_improvement_store|home_goods_store|wholesaler|supplier|store|manufacturer|service|point_of_interest|establishment,081782 47076,,"Shop no 3, dada harisingh market, Maidawas Rd, near bharat petrol pump, Sector-63A, Sector 63, Gurugram, Haryana 122098, India",4.9,27,OPERATIONAL,https://maps.google.com/?cid=16878076929012281739&g_mp=Cilnb29nbGUubWFwcy5wbGFjZXMudjEuUGxhY2VzLlNlYXJjaE5lYXJieRACGAQgAA,ChIJf1d-YTojDTkRizF-BYv5Ouo
OSR Support Services Pvt Ltd.,real_estate_agency,real_estate_agency|service|point_of_interest|establishment,,,"Shop 09, Baburam market, opp. DLf, Sector 63, Gurugram, Haryana 122098, India",,,CLOSED_TEMPORARILY,https://maps.google.com/?cid=7542354168841894192&g_mp=Cilnb29nbGUubWFwcy5wbGFjZXMudjEuUGxhY2VzLlNlYXJjaE5lYXJieRACGAQgAA,ChIJZQJDAD0jDTkRMPkBzCfTq2g
Shai electrical,service,store|service|point_of_interest|establishment,,,"93XJ+QXC, Maidawas Rd, Sector 63, Gurugram, Delhi 122098, India",,,CLOSED_TEMPORARILY,https://maps.google.com/?cid=13390111794661824781&g_mp=Cilnb29nbGUubWFwcy5wbGFjZXMudjEuUGxhY2VzLlNlYXJjaE5lYXJieRACGAQgAA,ChIJhdOC3z4iDTkRDRmWv7s707k
auto car studio accessories shop,store,car_repair|store|service|point_of_interest|establishment,,,"shop no 8, hari singh market, Maidawas Rd, Sector 63, Gurugram, Haryana 122001, India",5,9,OPERATIONAL,https://maps.google.com/?cid=16844454086297654969&g_mp=Cilnb29nbGUubWFwcy5wbGFjZXMudjEuUGxhY2VzLlNlYXJjaE5lYXJieRACGAQgAA,ChIJHdmMUAAjDTkRuRYm6b6Fw-k
Dj’s speedcrafts,car_wash,car_wash|service|point_of_interest|establishment,,https://www.instagram.com/djs_speedcrafts04?igsh=eHd4a256OW13cGl5&utm_source=qr,"Shop no.20,21, hari singh market, Medawas, Sector 63, Gurugram, Haryana 122001, India",5,1,OPERATIONAL,https://maps.google.com/?cid=2938139167547740210&g_mp=Cilnb29nbGUubWFwcy5wbGFjZXMudjEuUGxhY2VzLlNlYXJjaE5lYXJieRACGAQgAA,ChIJJT37nLIjDTkRMlBYhgFexig
SHIVAM INTERIORS,service,service|point_of_interest|establishment,099583 36378,,"Shop number 8, Dada, hari singh market, Maidawas Rd, near by IPL welding, Sector 63, Gurugram, Haryana 122102, India",5,6,OPERATIONAL,https://maps.google.com/?cid=15942874615279897285&g_mp=Cilnb29nbGUubWFwcy5wbGFjZXMudjEuUGxhY2VzLlNlYXJjaE5lYXJieRACGAQgAA,ChIJ9323SYsjDTkRxcpZXv53QN0
Dityan Services Private Limited,,point_of_interest|establishment,098997 03013,,"S.No-22-23, hari singh market, Maidawas Rd, Sector 63, Gurugram, Haryana 122002, India",5,4,OPERATIONAL,https://maps.google.com/?cid=9026587715443110993&g_mp=Cilnb29nbGUubWFwcy5wbGFjZXMudjEuUGxhY2VzLlNlYXJjaE5lYXJieRACGAQgAA,ChIJmfof4rojDTkRUTTkyLPhRH0
Resty Besty Glass Changer,car_repair,car_repair|service|point_of_interest|establishment,099912 34808,,"Shop no. 03 , Dada, hari singh market, Road, Medawas, Sector 63, Gurugram, Haryana 122102, India",4.8,4,OPERATIONAL,https://maps.google.com/?cid=4908260072463928843&g_mp=Cilnb29nbGUubWFwcy5wbGFjZXMudjEuUGxhY2VzLlNlYXJjaE5lYXJieRACGAQgAA,ChIJD8qmvwAjDTkRCw5y5IekHUQ
First Light Infratech Pvt.Ltd,corporate_office,corporate_office|point_of_interest|establishment,,,"23, Sector 63, Gurugram, Haryana 122098, India",,,OPERATIONAL,https://maps.google.com/?cid=8162615892922168063&g_mp=Cilnb29nbGUubWFwcy5wbGFjZXMudjEuUGxhY2VzLlNlYXJjaE5lYXJieRACGAQgAA,ChIJs-nsSgAjDTkR_3KVP-hvR3E
"Detailing Dazzlers | Ceramic Coating,PPF, Wrapping,Rubbing / Polishing,Steam Car Wash, Battery",car_repair,car_repair|service|point_of_interest|establishment,070707 00463,https://detailingdazzlers.in/,"Shop No.5, Sector 63,Maidawas Road, Kadarpur Rd, Badshahpur, Sector 63, Gurugram, Haryana 122098, India",5,7,OPERATIONAL,https://maps.google.com/?cid=7768026464917044701&g_mp=Cilnb29nbGUubWFwcy5wbGFjZXMudjEuUGxhY2VzLlNlYXJjaE5lYXJieRACGAQgAA,ChIJF6t1bhMjDTkR3b02v-mSzWs
Unique interiors,general_contractor,general_contractor|furniture_store|home_improvement_store|home_goods_store|store|manufacturer|service|point_of_interest|establishment,085459 03441,,"Shop no 1, maidawas road, park, near Aipl Business Club, Sector 63, Gurugram, Haryana 122098, India",5,6,OPERATIONAL,https://maps.google.com/?cid=17633422606149416881&g_mp=Cilnb29nbGUubWFwcy5wbGFjZXMudjEuUGxhY2VzLlNlYXJjaE5lYXJieRACGAQgAA,ChIJKcuSXh0jDTkRsffgNW-AtvQ
Gallery by Gopal Singh & Sons,service,service|point_of_interest|establishment,099994 78476,https://www.instagram.com/gallery_by_gss?igsh=MTI4aGdjaXNibXZqdg==,"Shop no. 6, 7, Maidawas Rd, next to DLF ARBOUR, Sector-63A, Sector 63, Gurugram, Haryana 122098, India",3.3,41,OPERATIONAL,https://maps.google.com/?cid=8407112440563548832&g_mp=Cilnb29nbGUubWFwcy5wbGFjZXMudjEuUGxhY2VzLlNlYXJjaE5lYXJieRACGAQgAA,ChIJXQnQegcjDTkRoMKOzjgQrHQ
Tatva Living Consulting,consultant,consultant|service|point_of_interest|establishment,0124 406 2249,,"Paras Trinity, 93XP+HVP, Sector 63, Gurugram, Haryana 122098, India",5,1,OPERATIONAL,https://maps.google.com/?cid=19668446598122793&g_mp=Cilnb29nbGUubWFwcy5wbGFjZXMudjEuUGxhY2VzLlNlYXJjaE5lYXJieRACGAQgAA,ChIJcQIDOGsjDTkRKc3DFFngRQA
MGF Group Land 63,service,service|point_of_interest|establishment,,,"37, Sector 63, Gurugram, Haryana 122098, India",,,OPERATIONAL,https://maps.google.com/?cid=11409221044511162630&g_mp=Cilnb29nbGUubWFwcy5wbGFjZXMudjEuUGxhY2VzLlNlYXJjaE5lYXJieRACGAQgAA,ChIJ7T71WKEjDTkRBsH_YReyVZ4
MyTripDesk,travel_agency,travel_agency|transportation_service|service|point_of_interest|establishment,070424 04013,http://mytripdesk.com/,"CF-034, First Floor, Promenade Square BAANI CITY CENTER, Road, opposite AIPL Business Club, Medawas, Sector 63, Gurugram, Haryana 122098, India",4.4,5,OPERATIONAL,https://maps.google.com/?cid=1380494815700972578&g_mp=Cilnb29nbGUubWFwcy5wbGFjZXMudjEuUGxhY2VzLlNlYXJjaE5lYXJieRACGAQgAA,ChIJbb5i6fghDTkRIvQfgLiAKBM
S S Realtors,point_of_interest,point_of_interest|establishment,,,"Office No. AF12B, Baani City Centre, Sector 63, Gurugram, Haryana 122098, India",,,OPERATIONAL,https://maps.google.com/?cid=5724288753344963808&g_mp=Cilnb29nbGUubWFwcy5wbGFjZXMudjEuUGxhY2VzLlNlYXJjaE5lYXJieRACGAQgAA,ChIJS6BdHwAjDTkR4OTj5krCcE8
RC Madaan,astrologer,astrologer|point_of_interest|establishment,,,"ADANI SAMSARA, M-70B, near IREO SKYON, Sector 60, Gurugram, Haryana 122098, India",5,1,OPERATIONAL,https://maps.google.com/?cid=17416589724060243976&g_mp=Cilnb29nbGUubWFwcy5wbGFjZXMudjEuUGxhY2VzLlNlYXJjaE5lYXJieRACGAQgAA,ChIJbROHGfIjDTkRCFhUtRMotPE
VM9 Secure Services Pvt. Ltd.,service,service|point_of_interest|establishment,098687 89912,http://www.vm9services.com/,"1st floor, Baani city center, BF 22, sec 52, Sector 63, Gurugram, Haryana 122098, India",4.9,17,OPERATIONAL,https://maps.google.com/?cid=9224656937134388617&g_mp=Cilnb29nbGUubWFwcy5wbGFjZXMudjEuUGxhY2VzLlNlYXJjaE5lYXJieRACGAQgAA,ChIJNUyOnAEZDTkRifW8KJyQBIA
The Cleanex Drycleaners,laundry,laundry|service|point_of_interest|establishment,0124 486 9666,http://www.thecleanex.in/,"BG-14 GF Baani City Centre, Sector 63, Gurugram, Haryana 122098, India",4.5,2,OPERATIONAL,https://maps.google.com/?cid=8671903469386630181&g_mp=Cilnb29nbGUubWFwcy5wbGFjZXMudjEuUGxhY2VzLlNlYXJjaE5lYXJieRACGAQgAA,ChIJGyuCD1chDTkRJYREe0LKWHg
Kitchen Craft,buffet_restaurant,buffet_restaurant|restaurant|food|point_of_interest|establishment,093558 06156,,"Baani city center, Sector 63, Gurugram, Haryana 122098, India",4.1,10,OPERATIONAL,https://maps.google.com/?cid=16353018024881451158&g_mp=Cilnb29nbGUubWFwcy5wbGFjZXMudjEuUGxhY2VzLlNlYXJjaE5lYXJieRACGAQgAA,ChIJe-e6KwAjDTkRlnCeakCX8eI
Blissfully Yours,bakery,bakery|food_store|store|food|point_of_interest|establishment,099712 49820,http://www.blissfullyyours.in/,"Baani City Centre, CF-15-16, Sector 63, Gurugram, Haryana 122102, India",4.9,87,OPERATIONAL,https://maps.google.com/?cid=3261977167826857235&g_mp=Cilnb29nbGUubWFwcy5wbGFjZXMudjEuUGxhY2VzLlNlYXJjaE5lYXJieRACGAQgAA,ChIJ4_GDOBgjDTkREy3BkfPeRC0
Nirman India,,point_of_interest|establishment,,https://www.nirmanindia.in/,"BF 29 1st floor Baani city center, Sector 63, Gurugram, Haryana 122098, India",4.2,23,CLOSED_TEMPORARILY,https://maps.google.com/?cid=15576109501760780050&g_mp=Cilnb29nbGUubWFwcy5wbGFjZXMudjEuUGxhY2VzLlNlYXJjaE5lYXJieRACGAQgAA,ChIJ____PzkiDTkRErcJ6xB1Kdg
MV Landbase,service,service|point_of_interest|establishment,,,"Baani city center, Sector 63, Gurugram, Haryana 122098, India",5,9,OPERATIONAL,https://maps.google.com/?cid=13410813376560876600&g_mp=Cilnb29nbGUubWFwcy5wbGFjZXMudjEuUGxhY2VzLlNlYXJjaE5lYXJieRACGAQgAA,ChIJ7ctHEwAjDTkROMz3YrbHHLo
Wealthy Walls,consultant,real_estate_agency|consultant|service|point_of_interest|establishment,098186 73903,,"CF-29,First Floor, Baani City Centre, Sector 63, Gurugram, Haryana 122098, India",5,16,OPERATIONAL,https://maps.google.com/?cid=16144760535696404087&g_mp=Cilnb29nbGUubWFwcy5wbGFjZXMudjEuUGxhY2VzLlNlYXJjaE5lYXJieRACGAQgAA,ChIJ7UZxo8UjDTkRd-7tKSu2DeA
Friends Electrical,electrician,electrician|service|point_of_interest|establishment,,,"Shop No, Shop No 5, 5, Extension Road, near Vatika City, Sector 49, Sector 63, Gurugram, Haryana 122018, India",4,2,OPERATIONAL,https://maps.google.com/?cid=9589511835118190681&g_mp=Cilnb29nbGUubWFwcy5wbGFjZXMudjEuUGxhY2VzLlNlYXJjaE5lYXJieRACGAQgAA,ChIJiZqIcIsiDTkRWcCf5TTKFIU
9x realtor,general_contractor,general_contractor|service|point_of_interest|establishment,099535 75739,https://www.9xrealtor.com/,"9X Realtor, Baani city center, BS -009, Sector 63, Gurugram, Haryana 122098, India",,,CLOSED_TEMPORARILY,https://maps.google.com/?cid=5076197124109507240&g_mp=Cilnb29nbGUubWFwcy5wbGFjZXMudjEuUGxhY2VzLlNlYXJjaE5lYXJieRACGAQgAA,ChIJeTKDIzgjDTkRqBpouGNGckY
Instafix | Doorstep Phone Repair | 30-Min Service | Gurgaon,service,service|point_of_interest|establishment,,https://www.withinstafix.com/landing-page-google-ads?utm_source=GMB,"Shop BG 010, Baani city center, Sector 63, Gurugram, Haryana 122102, India",4.3,78,OPERATIONAL,https://maps.google.com/?cid=17886594315796272673&g_mp=Cilnb29nbGUubWFwcy5wbGFjZXMudjEuUGxhY2VzLlNlYXJjaE5lYXJieRACGAQgAA,ChIJRQk4OKEjDTkRIdaOUsPyOfg
Chauhan physio and neuro rehabilitation clinic,physiotherapist,physiotherapist|health|point_of_interest|establishment,085349 08415,https://www.chauhanphysiotherapyclinic.com/,"Baani city center, Sector 63, Gurugram, Haryana 122101, India",5,1,OPERATIONAL,https://maps.google.com/?cid=10541488225583591753&g_mp=Cilnb29nbGUubWFwcy5wbGFjZXMudjEuUGxhY2VzLlNlYXJjaE5lYXJieRACGAQgAA,ChIJFeRBCEsjDTkRSXHfobDjSpI
Calipro Realtors,general_contractor,general_contractor|real_estate_agency|consultant|service|point_of_interest|establishment,083686 74251,http://www.caliprorealtors.com/,"CF033, Baani city center, City Centre 1, Sector 63, Gurugram, Haryana 122098, India",4.6,16,OPERATIONAL,https://maps.google.com/?cid=1528280652852895435&g_mp=Cilnb29nbGUubWFwcy5wbGFjZXMudjEuUGxhY2VzLlNlYXJjaE5lYXJieRACGAQgAA,ChIJQ3_CEJMjDTkRyx5mFiiLNRU
GGPS And Associates,corporate_office,corporate_office|point_of_interest|establishment,,,"302, Baani City Center, Sector 63, Gurugram, Haryana 122098, India",,,OPERATIONAL,https://maps.google.com/?cid=9874544246525289679&g_mp=Cilnb29nbGUubWFwcy5wbGFjZXMudjEuUGxhY2VzLlNlYXJjaE5lYXJieRACGAQgAA,ChIJCSk9HM8jDTkRz2QEtaxtCYk
Aurum HighLand,real_estate_agency,real_estate_agency|service|point_of_interest|establishment,,,"Baani city center, BS024, Sector 63, Gurugram, Haryana 122098, India",,,OPERATIONAL,https://maps.google.com/?cid=14441552242177773913&g_mp=Cilnb29nbGUubWFwcy5wbGFjZXMudjEuUGxhY2VzLlNlYXJjaE5lYXJieRACGAQgAA,ChIJYXUjCAAjDTkRWZFA6D-zasg
The Cloud Bhoj,vegetarian_restaurant,vegetarian_restaurant|restaurant|food|point_of_interest|establishment,,,"Baani city center, Sector 63, Gurugram, Haryana 122098, India",4.3,22,OPERATIONAL,https://maps.google.com/?cid=7755324710009266329&g_mp=Cilnb29nbGUubWFwcy5wbGFjZXMudjEuUGxhY2VzLlNlYXJjaE5lYXJieRACGAQgAA,ChIJ225FXQAjDTkRmWDp-btyoGs
Abrol Residence J161,apartment_building,apartment_building|service|point_of_interest|establishment,,,"J161, Sector 63, Gurugram, Haryana 122098, India",,,OPERATIONAL,https://maps.google.com/?cid=13184532072123198839&g_mp=Cilnb29nbGUubWFwcy5wbGFjZXMudjEuUGxhY2VzLlNlYXJjaE5lYXJieRACGAQgAA,ChIJ1WtJGgAjDTkRd-2loBDe-LY
"Biswas Residence, J161 4th Floor, Adani Brahma City, Adani Samsara,",apartment_building,apartment_building|service|point_of_interest|establishment,,,"J161, Sector 63, Gurugram, Haryana 122098, India",4.5,4,OPERATIONAL,https://maps.google.com/?cid=14669347638133624873&g_mp=Cilnb29nbGUubWFwcy5wbGFjZXMudjEuUGxhY2VzLlNlYXJjaE5lYXJieRACGAQgAA,ChIJB6smfQAjDTkRKZCrkfT9k8s
"J160, Adani Samsara, Brahma City",association_or_organization,service|association_or_organization|point_of_interest|establishment,,,"J160, Adani Samsara, Brahma City, Sector 63, Gurugram, Haryana 122098, India",4.2,5,OPERATIONAL,https://maps.google.com/?cid=12128788263592447430&g_mp=Cilnb29nbGUubWFwcy5wbGFjZXMudjEuUGxhY2VzLlNlYXJjaE5lYXJieRACGAQgAA,ChIJWww0HAAjDTkRxs1aJ6ocUqg
"J161, First Floor, Adani Samsara",apartment_complex,apartment_complex|service|point_of_interest|establishment,,,"J161, Sector 63, Gurugram, Haryana 122098, India",,,OPERATIONAL,https://maps.google.com/?cid=10503035868288913196&g_mp=Cilnb29nbGUubWFwcy5wbGFjZXMudjEuUGxhY2VzLlNlYXJjaE5lYXJieRACGAQgAA,ChIJxaBLJwAjDTkRLA-MiHlHwpE
VW Residence J159 4th Floor,housing_complex,housing_complex|service|point_of_interest|establishment,,,"93XR+G42, Sector 63, Gurugram, Haryana 122098, India",,,OPERATIONAL,https://maps.google.com/?cid=13524807062516974475&g_mp=Cilnb29nbGUubWFwcy5wbGFjZXMudjEuUGxhY2VzLlNlYXJjaE5lYXJieRACGAQgAA,ChIJp_ajfQAjDTkRi8MEqV3Esbs
Yashica’s House J159,apartment_building,apartment_building|service|point_of_interest|establishment,,,"Sector 63, Gurugram, Haryana 122098, India",5,1,OPERATIONAL,https://maps.google.com/?cid=7470595344126568712&g_mp=Cilnb29nbGUubWFwcy5wbGFjZXMudjEuUGxhY2VzLlNlYXJjaE5lYXJieRACGAQgAA,ChIJiRXeawAjDTkRCOlZc-LirGc
DEEPAM HOUSE J158,association_or_organization,service|association_or_organization|point_of_interest|establishment,,,"Adani Samsara J 158, Sector 63, Gurugram, Haryana 122098, India",4.3,3,OPERATIONAL,https://maps.google.com/?cid=4135217214384970158&g_mp=Cilnb29nbGUubWFwcy5wbGFjZXMudjEuUGxhY2VzLlNlYXJjaE5lYXJieRACGAQgAA,ChIJW5QhYAAjDTkRrhl_rCU-Yzk
J 92 B 2nd floor Adani samsara villasa,apartment_building,apartment_building|service|point_of_interest|establishment,,,"Adani Samsara, Sector 63, Gurugram, Haryana 122098, India",,,OPERATIONAL,https://maps.google.com/?cid=8449848323318063084&g_mp=Cilnb29nbGUubWFwcy5wbGFjZXMudjEuUGxhY2VzLlNlYXJjaE5lYXJieRACGAQgAA,ChIJLxygQAAjDTkR7J9N5UfkQ3U
Asthma Allergy TB Chest Centre I Dr. Jasmeet Kaur Wadhwa,doctor,doctor|medical_clinic|health|point_of_interest|establishment,088007 29407,http://www.chestspecialist.net/,"GF Adani, Samsara, J 160, Sector 63, Gurugram, Haryana 122001, India",4.7,210,OPERATIONAL,https://maps.google.com/?cid=725975230940472437&g_mp=Cilnb29nbGUubWFwcy5wbGFjZXMudjEuUGxhY2VzLlNlYXJjaE5lYXJieRACGAQgAA,ChIJI1UPLu0EDTkRdWTwS6AuEwo
Jeete,apartment_building,apartment_building|service|point_of_interest|establishment,,,"93XR+P6Q, Sector 63, Gurugram, Haryana 122098, India",,,OPERATIONAL,https://maps.google.com/?cid=12123188303203649477&g_mp=Cilnb29nbGUubWFwcy5wbGFjZXMudjEuUGxhY2VzLlNlYXJjaE5lYXJieRACGAQgAA,ChIJf66PdgAjDTkRxcefxYc3Pqg
Farm Durga Nursery And Plantation,garden_center,garden_center|wholesaler|store|service|point_of_interest|establishment,098731 30322,,"1, J159, Adani Samsara Vilasa Rd, near to trehan luxury floor, opposite to Aipl Business Club, Sector 63, Gurugram, Haryana 122098, India",5,16,OPERATIONAL,https://maps.google.com/?cid=13528293142579539560&g_mp=Cilnb29nbGUubWFwcy5wbGFjZXMudjEuUGxhY2VzLlNlYXJjaE5lYXJieRACGAQgAA,ChIJ8UNmB4MjDTkRaG7O7O8mvrs
Dhamija’s J160,apartment_building,apartment_building|service|point_of_interest|establishment,,,"J160, Sector 63, Gurugram, Haryana 122098, India",,,OPERATIONAL,https://maps.google.com/?cid=13714566618904859136&g_mp=Cilnb29nbGUubWFwcy5wbGFjZXMudjEuUGxhY2VzLlNlYXJjaE5lYXJieRACGAQgAA,ChIJq9IAdAAjDTkRABJBUK3tU74
SkyHarvest,apartment_complex,apartment_complex|service|point_of_interest|establishment,,,"Time Residency, A402, Sector 63, Gurugram, Haryana 122012, India",,,CLOSED_TEMPORARILY,https://maps.google.com/?cid=12795442564924380385&g_mp=Cilnb29nbGUubWFwcy5wbGFjZXMudjEuUGxhY2VzLlNlYXJjaE5lYXJieRACGAQgAA,ChIJ5dMvT8YjDTkR4RQ7OjiLkrE
Nitara J11,housing_complex,housing_complex|service|point_of_interest|establishment,,http://www.nitaragroup.com/,"93WR+Q5X, Sector 63, Gurugram, Haryana 122018, India",5,4,OPERATIONAL,https://maps.google.com/?cid=6349087154687064130&g_mp=Cilnb29nbGUubWFwcy5wbGFjZXMudjEuUGxhY2VzLlNlYXJjaE5lYXJieRACGAQgAA,ChIJQaibQgAjDTkRQjge1yB9HFg
Deepthi Maid Placement Agency | Full time maid | Cook | Japa maid | Elder care | Baby care,employment_agency,employment_agency|service|point_of_interest|establishment,,,"93XR+5GC, behind Paras Trinity, Sector 63, Gurugram, Haryana 122098, India",,,OPERATIONAL,https://maps.google.com/?cid=7781199832061552505&g_mp=Cilnb29nbGUubWFwcy5wbGFjZXMudjEuUGxhY2VzLlNlYXJjaE5lYXJieRACGAQgAA,ChIJ0-G2-H0jDTkReadbTAVg_Gs
"Shruti Maid Agency- Full time maid, Japa maid, Cook, Baby Care",employment_agency,employment_agency|service|point_of_interest|establishment,,,"93XR+5G2, behind Paras Trinity, Sector 63, Gurugram, Haryana 122098, India",1,1,OPERATIONAL,https://maps.google.com/?cid=2085189237256279747&g_mp=Cilnb29nbGUubWFwcy5wbGFjZXMudjEuUGxhY2VzLlNlYXJjaE5lYXJieRACGAQgAA,ChIJzaZ54z8jDTkRw9YgQJAU8Bw
Homemade Delights By Anamika,restaurant,restaurant|meal_delivery|food_delivery|breakfast_restaurant|bakery|wholesaler|food_store|supplier|store|manufacturer|food|point_of_interest|establishment,095990 09109,https://homemadedelights.in/,"Time Residency, D-804, Sector 63, Gurugram, Haryana 122101, India",5,216,OPERATIONAL,https://maps.google.com/?cid=8214272218714595038&g_mp=Cilnb29nbGUubWFwcy5wbGFjZXMudjEuUGxhY2VzLlNlYXJjaE5lYXJieRACGAQgAA,ChIJcVk7KpEjDTkR3t7X1A_1_nE
Dhoot Time Residency Gate No 4 EWS,apartment_building,apartment_building|service|point_of_interest|establishment,,,"Time Residency Tower-F, behind Paras Trinity, Sector 63, Gurugram, Haryana 122098, India",4.3,3,OPERATIONAL,https://maps.google.com/?cid=11490155776740939514&g_mp=Cilnb29nbGUubWFwcy5wbGFjZXMudjEuUGxhY2VzLlNlYXJjaE5lYXJieRACGAQgAA,ChIJ3yGyPxsjDTkR-taLLs07dZ8
"Hostie Spriha-3BHK Serviced Apartment near Golf course road & Worldmark, Gurgaon - Entire Place",lodging,lodging|point_of_interest|establishment,,https://www.booking.com/hotel/in/hostie-spriha-2bhk-serviced-apartment-near-golf-course-rd-gurgaon.en-gb.html?aid=2068758&utm_source=seogooglelocal&utm_medium=description&utm_term=hotel-14034703&utm_campaign=en-gb&label=seogooglelocal-link-imagesaow-hotel-14034703_grp-3_gendate-20260615,"Sector 63, Gurugram, Haryana 122098, India",,,OPERATIONAL,https://maps.google.com/?cid=17934237028360930942&g_mp=Cilnb29nbGUubWFwcy5wbGFjZXMudjEuUGxhY2VzLlNlYXJjaE5lYXJieRACGAQgAA,ChIJJbOqyzwiDTkRfkYcwY414_g
Mahadev Maitri Foundation,non_profit_organization,non_profit_organization|association_or_organization|point_of_interest|establishment,092890 80301,https://www.mahadevmaitri.org/,"Time Residency, Sector 63, Gurugram, Haryana 122011, India",,,OPERATIONAL,https://maps.google.com/?cid=5458989346455387550&g_mp=Cilnb29nbGUubWFwcy5wbGFjZXMudjEuUGxhY2VzLlNlYXJjaE5lYXJieRACGAQgAA,ChIJdx71658jDTkRnn0dPOM5wks
Music High Sky,service,point_of_interest|service|establishment,,,"First Floor, M3M Cosmopolitan, R/2-149, Badshahpur, Sector 66, Gurugram, Haryana 122101, India",5,1,OPERATIONAL,https://maps.google.com/?cid=12115338022591433189&g_mp=Cilnb29nbGUubWFwcy5wbGFjZXMudjEuUGxhY2VzLlNlYXJjaE5lYXJieRACGAQgAA,ChIJwTzQrOQjDTkR5YlY4r1TIqg
Boxlab Workout,gym,gym|sports_activity_location|health|point_of_interest|establishment,088009 04630,https://www.boxlabworkout.com/,"204, Second Floor, M3M Cosmopolitan R2, Golf Course Ext Rd, Badshahpur, Sector 66, Gurugram, Haryana 122101, India",4.4,83,OPERATIONAL,https://maps.google.com/?cid=8357373558155376296&g_mp=Cilnb29nbGUubWFwcy5wbGFjZXMudjEuUGxhY2VzLlNlYXJjaE5lYXJieRACGAQgAA,ChIJSzZpRLgjDTkRqPYXzfha-3M
Sushil Car Bazar,point_of_interest,point_of_interest|establishment,,,"Ground Floor, SHOP NO.1, M3M Cosmopolitan, MALL, Samrat Mihir Bhoj Rd, Badshahpur, Sector 66, Gurugram, Haryana 122101, India",3.7,3,OPERATIONAL,https://maps.google.com/?cid=6653845015051114546&g_mp=Cilnb29nbGUubWFwcy5wbGFjZXMudjEuUGxhY2VzLlNlYXJjaE5lYXJieRACGAQgAA,ChIJTTh4apwiDTkRMhigoMk0V1w
H.S.P Pharmacy,pharmacy,pharmacy|health|point_of_interest|store|establishment,089292 78624,,"79, Abc, Badshahpur, Sector 66, Gurugram, Haryana 122101, India",,,CLOSED_TEMPORARILY,https://maps.google.com/?cid=2462380285702409642&g_mp=Cilnb29nbGUubWFwcy5wbGFjZXMudjEuUGxhY2VzLlNlYXJjaE5lYXJieRACGAQgAA,ChIJbS8bn2AiDTkRqo0319IhLCI
Pride Landbase,service,point_of_interest|service|establishment,097116 47845,http://www.pridelandbase.com/,"m3m cosmopolitan, R2-144, Badshahpur, Sector 66, Gurugram, Haryana 122101, India",,,OPERATIONAL,https://maps.google.com/?cid=4299475359155934812&g_mp=Cilnb29nbGUubWFwcy5wbGFjZXMudjEuUGxhY2VzLlNlYXJjaE5lYXJieRACGAQgAA,ChIJUeJV2VUjDTkRXNYIPw_Oqjs
Yadp sar,park,park|point_of_interest|establishment,,,"site ofice, Badshahpur, Sector 66, Gurugram, Haryana 122101, India",,,OPERATIONAL,https://maps.google.com/?cid=410341576674390295&g_mp=Cilnb29nbGUubWFwcy5wbGFjZXMudjEuUGxhY2VzLlNlYXJjaE5lYXJieRACGAQgAA,ChIJ20YWxmkjDTkRFzFAan3TsQU
Dr Geetanjali Dambalkar,doctor,doctor|medical_clinic|health|point_of_interest|establishment,098182 19160,http://www.drgeetanjalidambalkar.com/,"Gurgaon Child & Vaccination Clinic, 810, 8th Floor, M3M Cosmopolitan, Badshahpur, Sector 66, Gurugram, Haryana 122101, India",4.9,175,OPERATIONAL,https://maps.google.com/?cid=17302110892423690190&g_mp=Cilnb29nbGUubWFwcy5wbGFjZXMudjEuUGxhY2VzLlNlYXJjaE5lYXJieRACGAQgAA,ChIJwepHn2AiDTkRzrdUpy9yHfA
Prime sofa repair,service,point_of_interest|service|establishment,,https://www.primesofarepair.com/,"C326+MC2, Badshahpur, Sector 66, Gurugram, Haryana 122101, India",4,1,OPERATIONAL,https://maps.google.com/?cid=5279804292526017177&g_mp=Cilnb29nbGUubWFwcy5wbGFjZXMudjEuUGxhY2VzLlNlYXJjaE5lYXJieRACGAQgAA,ChIJn6IYBgAjDTkRmYqYyweiRUk
Utsav FYB Health Cafe,restaurant,restaurant|point_of_interest|food|establishment,093545 17607,http://www.fyb.life/,"Cosmopolitan Mall, Golf Estate Rd, Badshahpur, Sector 66, Gurugram, Haryana 122101, India",4.9,189,OPERATIONAL,https://maps.google.com/?cid=14345852913749737048&g_mp=Cilnb29nbGUubWFwcy5wbGFjZXMudjEuUGxhY2VzLlNlYXJjaE5lYXJieRACGAQgAA,ChIJ7aykb3MjDTkRWD4OrDe1Fsc
Cars24 ELITE - Sushil Cars | Sell Premium Used Cars in Gurgaon,car_dealer,finance|car_dealer|point_of_interest|store|establishment,072910 88983,https://www.cars24.com/buy-used-cars-at-cars24-elite-hub-malibu-town-sector-47-gurugram-gurgaon/?sort=bestmatch&serveWarrantyCount=true&storeCityId=5&utm_source=gmb_buy&utm_medium=gmb_gurgaon&utm_campaign=gurgaon_gmb,"Ground Floor, Block 1, M3M Cosmopolitan, Badshahpur, Sector 66, Gurugram, Haryana 122101, India",4.7,29,OPERATIONAL,https://maps.google.com/?cid=5771078279175117945&g_mp=Cilnb29nbGUubWFwcy5wbGFjZXMudjEuUGxhY2VzLlNlYXJjaE5lYXJieRACGAQgAA,ChIJF61tXwAjDTkReZw0UR79FlA
"ICICI Bank Branch- Gurgaon - Tee Point, Sector- 65",bank,bank|finance|point_of_interest|establishment,1800 1080,https://www.icici.bank.in/branch/haryana/gurgaon/icic0007242,"Ground Floor, Block 1, M3M Tee Point, Unit No. 008 to 010, Badshahpur, Sector 65, Gurugram, Haryana 122002, India",2.3,16,OPERATIONAL,https://maps.google.com/?cid=2742058760252179501&g_mp=Cilnb29nbGUubWFwcy5wbGFjZXMudjEuUGxhY2VzLlNlYXJjaE5lYXJieRACGAQgAA,ChIJYbHXOuAjDTkRLUQUFuq_DSY
"OM Sweets, M3M COSMOPOLITIAN MALL",confectionery,candy_store|fast_food_restaurant|family_restaurant|vegetarian_restaurant|confectionery|chinese_restaurant|restaurant|point_of_interest|food_store|store|food|establishment,0124 483 2262,http://www.omsweets.in/,"Ground Floor, SHOP NO.1, M3M COSMOPOLITIAN MALL, Samrat Mihir Bhoj Rd, Badshahpur, Sector 66, Gurugram, Haryana 122101, India",4.2,4749,OPERATIONAL,https://maps.google.com/?cid=1457759882484194056&g_mp=Cilnb29nbGUubWFwcy5wbGFjZXMudjEuUGxhY2VzLlNlYXJjaE5lYXJieRACGAQgAA,ChIJFdIdomAiDTkRCBtJu-MAOxQ
Yadav Fast Food & Dhaba,fast_food_restaurant,fast_food_restaurant|restaurant|point_of_interest|food|establishment,083686 09579,,"87, Abc, Badshahpur, Sector 66, Gurugram, Haryana 122101, India",4,4,OPERATIONAL,https://maps.google.com/?cid=13799264775582358540&g_mp=Cilnb29nbGUubWFwcy5wbGFjZXMudjEuUGxhY2VzLlNlYXJjaE5lYXJieRACGAQgAA,ChIJSQx_Hl4iDTkRDJwlpjPWgL8
Glamdale Salon & Academy,beauty_salon,beauty_salon|point_of_interest|service|establishment,079828 26132,https://www.glamdalesalon.com/,"M3M Cosmopolitan Sec 66 Shop No R2/14 Ground Floor Straight from OmSweets, near the lift, Badshahpur, Sector 66, Gurugram, Haryana 122101, India",4.8,357,OPERATIONAL,https://maps.google.com/?cid=11304855654312646282&g_mp=Cilnb29nbGUubWFwcy5wbGFjZXMudjEuUGxhY2VzLlNlYXJjaE5lYXJieRACGAQgAA,ChIJPR3WssojDTkRihZfaFLq4pw
Soul Trupti,food,point_of_interest|food|establishment,099713 36855,,"M3M COSMOPOLITAN, Badshahpur, Sector 66, Gurugram, Haryana 122101, India",4.2,5,OPERATIONAL,https://maps.google.com/?cid=865081905140562&g_mp=Cilnb29nbGUubWFwcy5wbGFjZXMudjEuUGxhY2VzLlNlYXJjaE5lYXJieRACGAQgAA,ChIJefPQlqsjDTkRUlOok8kSAwA
Fingerstyle Club The School of Music,educational_institution,educational_institution|point_of_interest|service|establishment,087506 37373,https://fingerstyleclub.com/,"Unit No.33, Ground Floor, M3M, M3M Cosmopolitan, Opposite, Golf Estate Rd, near Emaar Marbella & Elan Town Centre, Badshahpur, Sector 66, Gurugram, Haryana 122101, India",5,60,OPERATIONAL,https://maps.google.com/?cid=10050876352705370567&g_mp=Cilnb29nbGUubWFwcy5wbGFjZXMudjEuUGxhY2VzLlNlYXJjaE5lYXJieRACGAQgAA,ChIJIx-IqlwjDTkRx5lgfMrie4s
Chef Kenzo - Food Delivery and Catering,restaurant,restaurant|point_of_interest|food|establishment,090969 07042,https://chefkenzo.com/,"M3M Cosmopolitan 12th Cosmopolitan, R2-105, Golf Course Ext Rd, Badshahpur, Sector 66, Gurugram, Haryana 122101, India",5,1,OPERATIONAL,https://maps.google.com/?cid=1025893274956057864&g_mp=Cilnb29nbGUubWFwcy5wbGFjZXMudjEuUGxhY2VzLlNlYXJjaE5lYXJieRACGAQgAA,ChIJ_Zx4l1AjDTkRCM03h3-0PA4
No Escape Room Gurgaon (Local Mystery rooms nearby),amusement_center,amusement_center|point_of_interest|establishment,081303 30052,https://noescape.in/location/gurugram/,"M3M Cosmopolitan, R1-14/15, mall, Badshahpur, Sector 66, Gurugram, Haryana 122001, India",4.9,646,OPERATIONAL,https://maps.google.com/?cid=9419028969490333572&g_mp=Cilnb29nbGUubWFwcy5wbGFjZXMudjEuUGxhY2VzLlNlYXJjaE5lYXJieRACGAQgAA,ChIJPYhfWgAjDTkRhL-Vj_Ect4I
Koza Aesthetic Centre,doctor,doctor|health|point_of_interest|establishment,080533 46777,,"M3M Cosmopolitan Mall, R2-141, Golf Course Ext Rd, Badshahpur, Sector 66, Gurugram, Haryana 122101, India",,,OPERATIONAL,https://maps.google.com/?cid=17625705088442358389&g_mp=Cilnb29nbGUubWFwcy5wbGFjZXMudjEuUGxhY2VzLlNlYXJjaE5lYXJieRACGAQgAA,ChIJRS-gPQAjDTkRddpmmGQVm_Q
"Aponyx Vehicle Electric showroom | Electric Bike, Electric Scooter | Gurugram",store,point_of_interest|store|establishment,0124 407 7996,https://linktr.ee/aponyx.in,"Ground floor R 2-001 M3M Cosmopolitan Mall, Badshahpur, Sector 66, Gurugram, Haryana 122101, India",3.3,30,OPERATIONAL,https://maps.google.com/?cid=11586848808724501464&g_mp=Cilnb29nbGUubWFwcy5wbGFjZXMudjEuUGxhY2VzLlNlYXJjaE5lYXJieRACGAQgAA,ChIJZ0CwcdYjDTkR2JMuDprBzKA
M3M Golf Estate FW Sports Arena,sports_club,sports_club|association_or_organization|point_of_interest|establishment,,,"C337+2MF, Sector 65, Gurugram, Haryana 122101, India",5,2,OPERATIONAL,https://maps.google.com/?cid=13370017337645172281&g_mp=Cilnb29nbGUubWFwcy5wbGFjZXMudjEuUGxhY2VzLlNlYXJjaE5lYXJieRACGAQgAA,ChIJST4W6fAjDTkROYYnY-7Xi7k
Basketball Court,athletic_field,athletic_field|sports_activity_location|point_of_interest|establishment,,,"C337+2HH, Sector 65, Gurugram, Haryana 122101, India",,,OPERATIONAL,https://maps.google.com/?cid=13334336248803960693&g_mp=Cilnb29nbGUubWFwcy5wbGFjZXMudjEuUGxhY2VzLlNlYXJjaE5lYXJieRACGAQgAA,ChIJJXzptzsjDTkRdSeTgSsUDbk
BBC cricket ground,sports_complex,sports_complex|sports_activity_location|point_of_interest|establishment,,,"C337+2HH, Sector 65, Gurugram, Haryana 122101, India",,,CLOSED_TEMPORARILY,https://maps.google.com/?cid=14482526606748966901&g_mp=Cilnb29nbGUubWFwcy5wbGFjZXMudjEuUGxhY2VzLlNlYXJjaE5lYXJieRACGAQgAA,ChIJI7lQMgAjDTkR9V9qlTdF_Mg
HOUSE OF BOHO,clothing_store,clothing_store|store|point_of_interest|establishment,,https://www.houseofboho.com/,"FW 922 B, 22nd Floor, Tower - 9, M3M, Golf Estate Rd, Sector 65, Gurugram, Haryana 122101, India",5,4,OPERATIONAL,https://maps.google.com/?cid=15965565540380575717&g_mp=Cilnb29nbGUubWFwcy5wbGFjZXMudjEuUGxhY2VzLlNlYXJjaE5lYXJieRACGAQgAA,ChIJfR3fEWojDTkR5QeaEEUVkd0
Advocate Prajna Pahuja,consultant,consultant|service|point_of_interest|establishment,096502 26176,,"Tower 11, M3M, Golf Estate Rd, Sector 65, Gurugram, Haryana 122101, India",5,6,CLOSED_TEMPORARILY,https://maps.google.com/?cid=265538508496418095&g_mp=Cilnb29nbGUubWFwcy5wbGFjZXMudjEuUGxhY2VzLlNlYXJjaE5lYXJieRACGAQgAA,ChIJObzm12AjDTkRL7Ud2d1hrwM
The Pet Point- Pet Store & Grooming Parlour,store,pet_care|store|point_of_interest|establishment,098715 00148,http://www.nootie.in/,"Shop No 14, Convenient Shopping Centre, Fairway East, M3M, Golf Estate Rd, Sector 65, Gurugram, Haryana 122101, India",4.9,28,OPERATIONAL,https://maps.google.com/?cid=5269500632701255152&g_mp=Cilnb29nbGUubWFwcy5wbGFjZXMudjEuUGxhY2VzLlNlYXJjaE5lYXJieRACGAQgAA,ChIJ9_v9M7gjDTkR8L3aC-gGIUk
Aditi’s Maths and Science Classes,educational_institution,educational_institution|point_of_interest|establishment,096503 00065,,"M3M, Golf Estate Rd, Sector 65, Gurugram, Haryana 122101, India",5,35,OPERATIONAL,https://maps.google.com/?cid=5461817020568420334&g_mp=Cilnb29nbGUubWFwcy5wbGFjZXMudjEuUGxhY2VzLlNlYXJjaE5lYXJieRACGAQgAA,ChIJHeIvWZkjDTkR7r8pa6RFzEs
Frame Game Optics Limited,corporate_office,corporate_office|point_of_interest|establishment,072099 03222,http://framegame.co.in/,"19/26, M3M, Golf Estate Rd, Sector 65, Gurugram, Haryana 122101, India",,,OPERATIONAL,https://maps.google.com/?cid=12169782141595327878&g_mp=Cilnb29nbGUubWFwcy5wbGFjZXMudjEuUGxhY2VzLlNlYXJjaE5lYXJieRACGAQgAA,ChIJAfkRd10iDTkRhp2uJ2HA46g
Brahma Kumaris Gurugram Sector 65,health,health|point_of_interest|establishment,080769 89968,http://brahmakumaris.com/,"1ST FLOOR, Tower FE-11, FLAT 1A, M3M GOLF ESTATE, Golf Estate Rd, Sector 65, Gurugram, Haryana 122101, India",,,OPERATIONAL,https://maps.google.com/?cid=16524804289578960595&g_mp=Cilnb29nbGUubWFwcy5wbGFjZXMudjEuUGxhY2VzLlNlYXJjaE5lYXJieRACGAQgAA,ChIJLV1SOIojDTkR04Y0__LlU-U
SECTOR-65 POLICE STATION,police,police|service|point_of_interest|establishment,,,"C327+H3X, Sector 65, Gurugram, Haryana 122101, India",,,OPERATIONAL,https://maps.google.com/?cid=5438803612582990334&g_mp=Cilnb29nbGUubWFwcy5wbGFjZXMudjEuUGxhY2VzLlNlYXJjaE5lYXJieRACGAQgAA,ChIJwWQcwr0hDTkR_tEe0xGDeks
My Wellnesst,consultant,consultant|health|service|point_of_interest|establishment,072909 92972,,"Tower 1 28A, M3m St. Andrews Block-2, M3m, Golf Estate Rd, Sector 65, Gurugram, Haryana 122101, India",,,OPERATIONAL,https://maps.google.com/?cid=15460171425862696510&g_mp=Cilnb29nbGUubWFwcy5wbGFjZXMudjEuUGxhY2VzLlNlYXJjaE5lYXJieRACGAQgAA,ChIJE_hBHEIjDTkRPr4wFQCQjdY
Capital Cribz,real_estate_agency,real_estate_agency|service|point_of_interest|establishment,,https://www.capitalcribz.com/?utm_source=google&utm_medium=wix_google_business_profile&utm_campaign=8160146940918736062,"M3M, Golf Estate Rd, Sector 65, Gurugram, Haryana 122101, India",,,CLOSED_TEMPORARILY,https://maps.google.com/?cid=10604774324858682231&g_mp=Cilnb29nbGUubWFwcy5wbGFjZXMudjEuUGxhY2VzLlNlYXJjaE5lYXJieRACGAQgAA,ChIJB0fWYecjDTkRd3ti3A-6K5M
Doodlecorp Communications LLP,,point_of_interest|establishment,098115 33055,http://www.doodlecorp.net/,"M3M, Golf Estate Rd, Sector 65, Gurugram, Haryana 122101, India",5,4,OPERATIONAL,https://maps.google.com/?cid=15100656877317994263&g_mp=Cilnb29nbGUubWFwcy5wbGFjZXMudjEuUGxhY2VzLlNlYXJjaE5lYXJieRACGAQgAA,ChIJQeXMZOcYDTkRFzeZV2xPkNE
The Luxury Den - One-Bedroom Apartment,lodging,lodging|point_of_interest|establishment,,https://www.bluepillow.com/search/69496d350c60a53fb7d0b95e?dest=nuit&cat=Apartment&lat=28.40097&lng=77.06488&language=en,"Sector 65, Gurugram, Haryana 122101, India",,,OPERATIONAL,https://maps.google.com/?cid=12974987867014473921&g_mp=Cilnb29nbGUubWFwcy5wbGFjZXMudjEuUGxhY2VzLlNlYXJjaE5lYXJieRACGAQgAA,ChIJSfoBn10iDTkRwahmerhqELQ
ICICI BANK ATM,bank,bank|finance|point_of_interest|establishment,1800 1080,https://www.icicibank.com/,"ICICI Bank Atm, M3M, Golf Estate Rd, Sector 65, Gurugram, Haryana 122101, India",,,OPERATIONAL,https://maps.google.com/?cid=16291687687247943852&g_mp=Cilnb29nbGUubWFwcy5wbGFjZXMudjEuUGxhY2VzLlNlYXJjaE5lYXJieRACGAQgAA,ChIJFRcxF-QjDTkRrNgEbqKzF-I
.,medical_clinic,medical_clinic|health|point_of_interest|establishment,,,"M3M, Golf Estate Rd, Sector 65, Gurugram, Haryana 122101, India",,,OPERATIONAL,https://maps.google.com/?cid=2289385088215272910&g_mp=Cilnb29nbGUubWFwcy5wbGFjZXMudjEuUGxhY2VzLlNlYXJjaE5lYXJieRACGAQgAA,ChIJAU57sX0jDTkRzs0lqZuHxR8
ConceptLive Edutech Private Limited,educational_institution,educational_institution|point_of_interest|establishment,096500 73901,,"Room no 2 of 28, 2nd Floor C Block, Mayfield Garden, Sector 50, Gurugram, Haryana 122101, India",5,1,CLOSED_TEMPORARILY,https://maps.google.com/?cid=16816465159176148759&g_mp=Cilnb29nbGUubWFwcy5wbGFjZXMudjEuUGxhY2VzLlNlYXJjaE5lYXJieRACGAQgAA,ChIJy5Dw2GwjDTkRF1dt_vYVYOk
Luxury Studios Key 1 - Apartment with View and Balcony,lodging,lodging|point_of_interest|establishment,,https://www.bluepillow.com/search/65ca0057671b07d23c69d78c/1106169102?dest=bkng&cat=Apartment&lat=28.40141&lng=77.06524&language=en,"Sector 65, Gurugram, Haryana 122101, India",,,OPERATIONAL,https://maps.google.com/?cid=2199264385170828496&g_mp=Cilnb29nbGUubWFwcy5wbGFjZXMudjEuUGxhY2VzLlNlYXJjaE5lYXJieRACGAQgAA,ChIJiayod10iDTkR0GxGXU5bhR4
Luxury Studios Key 1 - One-Bedroom Apartment,lodging,lodging|point_of_interest|establishment,,,"Sector 65, Gurugram, Haryana 122101, India",,,OPERATIONAL,https://maps.google.com/?cid=3335616308682982424&g_mp=Cilnb29nbGUubWFwcy5wbGFjZXMudjEuUGxhY2VzLlNlYXJjaE5lYXJieRACGAQgAA,ChIJiayod10iDTkRGIQMIlx9Si4
My Chemist,pharmacy,pharmacy|store|health|point_of_interest|establishment,096674 93973,https://www.mychemists.com/,"#1, Convenient Shopping Centre Fairway East M3M Golf Estate, Sector 65, Gurugram, Haryana 122101, India",5,3,OPERATIONAL,https://maps.google.com/?cid=14100047336624647895&g_mp=Cilnb29nbGUubWFwcy5wbGFjZXMudjEuUGxhY2VzLlNlYXJjaE5lYXJieRACGAQgAA,ChIJ9zlmqrMjDTkR126071hurcM
M3M Golfestate,association_or_organization,condominium_complex|general_contractor|real_estate_agency|service|association_or_organization|point_of_interest|establishment,,https://m3mindia.com/m3m-golfestate,"M3M, Golf Estate Rd, Sector 65, Gurugram, Haryana 122101, India",4.4,2058,OPERATIONAL,https://maps.google.com/?cid=3729600828617910884&g_mp=Cilnb29nbGUubWFwcy5wbGFjZXMudjEuUGxhY2VzLlNlYXJjaE5lYXJieRACGAQgAA,ChIJ79JZN2EiDTkRZOrFfzE0wjM
IndusInd Bank ATM,atm,atm|bank|finance|service|point_of_interest|establishment,1860 267 7777,https://www.indusind.bank.in/in/en/personal/locate-us.html?utm_source=Google_Organic_Search&utm_medium=Organic&utm_campaign=Local+Listings,"M3M GOLF ESTATE, Sector 65, Gurugram, Haryana 122101, India",3,2,OPERATIONAL,https://maps.google.com/?cid=17335816357793937290&g_mp=Cilnb29nbGUubWFwcy5wbGFjZXMudjEuUGxhY2VzLlNlYXJjaE5lYXJieRACGAQgAA,ChIJWY0JFCYjDTkRire22SAxlfA
LONDON SLUSH,restaurant,restaurant|food|point_of_interest|establishment,075057 24429,,"M3M Golf Estate, Golf Course Ext Rd, Sector 65, Gurugram, Haryana 122101, India",1,1,CLOSED_TEMPORARILY,https://maps.google.com/?cid=6911551481356911323&g_mp=Cilnb29nbGUubWFwcy5wbGFjZXMudjEuUGxhY2VzLlNlYXJjaE5lYXJieRACGAQgAA,ChIJ8f788-ojDTkR24IaDXTD6l8
Chadha residence,apartment_building,apartment_building|service|point_of_interest|establishment,,,"M3M Golf Estate, Golf Estate Rd, Sector 65, Gurugram, Haryana 122101, India",,,OPERATIONAL,https://maps.google.com/?cid=13513907806235865383&g_mp=Cilnb29nbGUubWFwcy5wbGFjZXMudjEuUGxhY2VzLlNlYXJjaE5lYXJieRACGAQgAA,ChIJJSt7G_QjDTkRJzERzowLi7s
Surbhi Gupta,consultant,consultant|health|service|point_of_interest|establishment,098114 66788,http://surbhigupta.co.in/,"M3M Golfestate, Sector 65, Gurugram, Haryana 122101, India",5,4,OPERATIONAL,https://maps.google.com/?cid=10938292270356524195&g_mp=Cilnb29nbGUubWFwcy5wbGFjZXMudjEuUGxhY2VzLlNlYXJjaE5lYXJieRACGAQgAA,ChIJJY4RJRTiDDkRo2wAyN2ezJc
M Café,coffee_shop,coffee_shop|cafe|food_store|store|food|point_of_interest|establishment,,,"FW16 M3M GolfEstate, Sector 65, Gurugram, Haryana 122101, India",5,32,OPERATIONAL,https://maps.google.com/?cid=12040267727905299653&g_mp=Cilnb29nbGUubWFwcy5wbGFjZXMudjEuUGxhY2VzLlNlYXJjaE5lYXJieRACGAQgAA,ChIJmQv3MTIjDTkRxRxl2rSfF6c
Ila Sagar Photography,service,service|point_of_interest|establishment,080763 70019,,"M3M Golf Estate, FE-06 12 B, Golf Course Ext Rd, Sector 65, Gurugram, Haryana 122101, India",5,25,OPERATIONAL,https://maps.google.com/?cid=14019446089838861390&g_mp=Cilnb29nbGUubWFwcy5wbGFjZXMudjEuUGxhY2VzLlNlYXJjaE5lYXJieRACGAQgAA,ChIJlVA9s-4jDTkRTpyVxPATj8I
Club Elevate,general_contractor,general_contractor|service|point_of_interest|establishment,1800 123 3333,https://m3mindia.com/,"M3M Golfestate, Sector 65, Gurugram, Haryana 122101, India",4.6,107,OPERATIONAL,https://maps.google.com/?cid=17461316603371603230&g_mp=Cilnb29nbGUubWFwcy5wbGFjZXMudjEuUGxhY2VzLlNlYXJjaE5lYXJieRACGAQgAA,ChIJL3UBAZcjDTkRHkWYzu8OU_I
Amritaa,astrologer,astrologer|health|point_of_interest|establishment,,,"M3m, Golf Estate Rd, Sector 65, Gurugram, Haryana 122001, India",,,CLOSED_TEMPORARILY,https://maps.google.com/?cid=3391673874986267178&g_mp=Cilnb29nbGUubWFwcy5wbGFjZXMudjEuUGxhY2VzLlNlYXJjaE5lYXJieRACGAQgAA,ChIJl7yUMxUjDTkRKnKHYGulES8
1C Charging Station,electric_vehicle_charging_station,electric_vehicle_charging_station|transportation_service|point_of_interest|establishment,,https://onelink.to/5695dc,"M3M, Golf Estate Rd, Sector 65, Gurugram, Haryana 122101, India",5,1,OPERATIONAL,https://maps.google.com/?cid=1212272625620307969&g_mp=Cilnb29nbGUubWFwcy5wbGFjZXMudjEuUGxhY2VzLlNlYXJjaE5lYXJieRACGAQgAA,ChIJs4v64l0iDTkRAVAHtYfb0hA
Zone Spa Gurgaon-Massage Center In Sector 49 Gurgaon | Luxury Spa In Sec 49 Gurgaon,spa,massage_spa|spa|massage|service|point_of_interest|establishment,093117 44949,http://zonewellnessbody.blogspot.com/,"Plot No.211, Office Number, 1st Main Road, near Cosmopolitan Mall, Sector 49, Gurugram, Haryana 122101, India",4.8,30,OPERATIONAL,https://maps.google.com/?cid=12310070774661393576&g_mp=Cilnb29nbGUubWFwcy5wbGFjZXMudjEuUGxhY2VzLlNlYXJjaE5lYXJieRACGAQgAA,ChIJUWL-AbYjDTkRqCyc4yUo1qo
M3M Altitute,housing_complex,housing_complex|service|point_of_interest|establishment,,,"C338+4X3, Sector 63, Gurugram, Haryana 122101, India",5,1,OPERATIONAL,https://maps.google.com/?cid=14715911205048094501&g_mp=Cilnb29nbGUubWFwcy5wbGFjZXMudjEuUGxhY2VzLlNlYXJjaE5lYXJieRACGAQgAA,ChIJ2VCnMwAjDTkRJQ8V00VrOcw
Agrawal House,apartment_complex,apartment_complex|service|point_of_interest|establishment,,,"M3M, Golf Estate Rd, Sector 65, Gurugram, Haryana 122101, India",5,1,OPERATIONAL,https://maps.google.com/?cid=2074344269126625019&g_mp=Cilnb29nbGUubWFwcy5wbGFjZXMudjEuUGxhY2VzLlNlYXJjaE5lYXJieRACGAQgAA,ChIJxXzGdAAjDTkR--YoVx-NyRw
ArtBySehgal,,point_of_interest|establishment,,https://artbysehgal.com/,"M3M, Golf Estate Rd, Sector 65, Gurugram, Haryana 122102, India",,,OPERATIONAL,https://maps.google.com/?cid=5163395253465771223&g_mp=Cilnb29nbGUubWFwcy5wbGFjZXMudjEuUGxhY2VzLlNlYXJjaE5lYXJieRACGAQgAA,ChIJr5xM32YjDTkR1-zDTaAQqEc
Gurgaon home,apartment_complex,apartment_complex|service|point_of_interest|establishment,,,"M3M, Golf Estate Rd, Sector 65, Gurugram, Haryana 122101, India",5,1,OPERATIONAL,https://maps.google.com/?cid=6808927930350222835&g_mp=Cilnb29nbGUubWFwcy5wbGFjZXMudjEuUGxhY2VzLlNlYXJjaE5lYXJieRACGAQgAA,ChIJW9qNdLMZDTkR873CneArfl4
Ahara,consultant,consultant|health|service|point_of_interest|establishment,,https://ahara-web.vercel.app/,"Tower 1, Flat 7, Fairway West, 107A, Golf Estate Rd, Sector 65, Gurugram, Haryana 122102, India",,,OPERATIONAL,https://maps.google.com/?cid=12731177405917773894&g_mp=Cilnb29nbGUubWFwcy5wbGFjZXMudjEuUGxhY2VzLlNlYXJjaE5lYXJieRACGAQgAA,ChIJsaKdyBkjDTkRRkA15GU6rrA
M3M Fairway West,general_contractor,general_contractor|service|point_of_interest|establishment,1800 123 3333,,"at M3M Golfestate, Sector 65, Gurugram, Haryana 122101, India",4.7,23,OPERATIONAL,https://maps.google.com/?cid=13912596006718666724&g_mp=Cilnb29nbGUubWFwcy5wbGFjZXMudjEuUGxhY2VzLlNlYXJjaE5lYXJieRACGAQgAA,ChIJ5Twv9iEjDTkR5Pf7I1t4E8E
Summit Deepti Goyal | Kiaan Jewels,jewelry_store,jewelry_store|store|point_of_interest|establishment,,,"1714C, M3M Golfestate Fairway West Tower 16, Sector 65, Gurugram, Haryana 122101, India",5,2,OPERATIONAL,https://maps.google.com/?cid=1898737146437433427&g_mp=Cilnb29nbGUubWFwcy5wbGFjZXMudjEuUGxhY2VzLlNlYXJjaE5lYXJieRACGAQgAA,ChIJVVueuu0jDTkRU_g971-rWRo
Tower 11 fairway west M3m golf estate,apartment_building,apartment_building|service|point_of_interest|establishment,,,"J-26, EMERALD FLOOR, Sector 65, Gurugram, Haryana 122101, India",,,OPERATIONAL,https://maps.google.com/?cid=8418090267178069682&g_mp=Cilnb29nbGUubWFwcy5wbGFjZXMudjEuUGxhY2VzLlNlYXJjaE5lYXJieRACGAQgAA,ChIJfc-peQAjDTkRsm5SPn8Q03Q
M3M Skysuites,apartment_building,apartment_building|service|point_of_interest|establishment,1800 123 3333,https://m3mindia.com/residential/m3m-skysuites,"Golf Course Ext Rd, Sector 65, Gurugram, Haryana 122101, India",,,OPERATIONAL,https://maps.google.com/?cid=7482838845345975236&g_mp=Cilnb29nbGUubWFwcy5wbGFjZXMudjEuUGxhY2VzLlNlYXJjaE5lYXJieRACGAQgAA,ChIJK8n79YwjDTkRxEtXuEhi2Gc
Bhatia’s,association_or_organization,service|association_or_organization|point_of_interest|establishment,,,"Ground Floor, IVORY BLOCK, EMERALD HILLS, I73, Sector 65, Gurugram, Haryana 122101, India",,,OPERATIONAL,https://maps.google.com/?cid=8927643290103827880&g_mp=Cilnb29nbGUubWFwcy5wbGFjZXMudjEuUGxhY2VzLlNlYXJjaE5lYXJieRACGAQgAA,ChIJhVfXewAjDTkRqM0JjEVc5Xs
"I-74, Ivory Block",apartment_building,apartment_building|service|point_of_interest|establishment,099990 63322,,"I-72, Ivory Block, Emaar Emerald Hills Floors, Sector 65, Gurugram, Haryana 122101, India",,,OPERATIONAL,https://maps.google.com/?cid=4417798436492428293&g_mp=Cilnb29nbGUubWFwcy5wbGFjZXMudjEuUGxhY2VzLlNlYXJjaE5lYXJieRACGAQgAA,ChIJDT-4B0IjDTkRBURogEUsTz0
"I 74 FF, Emaar Emerald Hills",association_or_organization,service|association_or_organization|point_of_interest|establishment,,,"BLOCK I-74, IVORY, Sector 65, Gurugram, Haryana 122101, India",4.5,2,OPERATIONAL,https://maps.google.com/?cid=991786550693674035&g_mp=Cilnb29nbGUubWFwcy5wbGFjZXMudjEuUGxhY2VzLlNlYXJjaE5lYXJieRACGAQgAA,ChIJ53_PbLgjDTkRMzwb95yIww0
Ruhaan Raghav,apartment_complex,apartment_complex|service|point_of_interest|establishment,,,"BLOCK I-69, IVORY, Sector 65, Gurugram, Haryana 122101, India",,,OPERATIONAL,https://maps.google.com/?cid=2335142737741021668&g_mp=Cilnb29nbGUubWFwcy5wbGFjZXMudjEuUGxhY2VzLlNlYXJjaE5lYXJieRACGAQgAA,ChIJjTYNKgAjDTkR5AHjpvIXaCA
The Barking Babies,store,pet_care|store|point_of_interest|establishment,095602 02814,https://www.thebarkingbabies.com/,"Shop no 14, Phase -2 FAIRWAY EAST, M3m Golf Estate, Sector 65, Gurugram, Haryana 122101, India",4.3,45,OPERATIONAL,https://maps.google.com/?cid=17332002820368234227&g_mp=Cilnb29nbGUubWFwcy5wbGFjZXMudjEuUGxhY2VzLlNlYXJjaE5lYXJieRACGAQgAA,ChIJidVi2vsjDTkR8_Yderykh_A
Manoj Ivory 81,association_or_organization,service|association_or_organization|point_of_interest|establishment,,,"Emaar Mgf, Sector 65, Gurugram, Haryana 122101, India",5,2,OPERATIONAL,https://maps.google.com/?cid=1202538353667151188&g_mp=Cilnb29nbGUubWFwcy5wbGFjZXMudjEuUGxhY2VzLlNlYXJjaE5lYXJieRACGAQgAA,ChIJ2e3qEgAjDTkRVBUd50JGsBA
Fruzone,food_store,food_store|store|food|point_of_interest|establishment,,https://www.instagram.com/fruzonem3m?igsh=ZjBjdjM1M2YwbXp1,"M3M, Golf Estate Rd, Sector 65, Gurugram, Haryana 122101, India",5,3,OPERATIONAL,https://maps.google.com/?cid=15746164267223753605&g_mp=Cilnb29nbGUubWFwcy5wbGFjZXMudjEuUGxhY2VzLlNlYXJjaE5lYXJieRACGAQgAA,ChIJd-JQegAjDTkRhSPSavmchdo
Ivory-77 Emaar Emerald Hills,apartment_building,apartment_building|service|point_of_interest|establishment,,,"IVORY, 77, Emerald Hills Rd, Sector 65, Gurugram, Haryana 122101, India",,,OPERATIONAL,https://maps.google.com/?cid=7809020401966262885&g_mp=Cilnb29nbGUubWFwcy5wbGFjZXMudjEuUGxhY2VzLlNlYXJjaE5lYXJieRACGAQgAA,ChIJfWjkWQAjDTkRZSr6fq42X2w
The Chatpata Affair,restaurant,restaurant|food|point_of_interest|establishment,,,"C32C+W6J, Sector 65, Gurugram, Haryana 122101, India",5,11,OPERATIONAL,https://maps.google.com/?cid=524353523795274066&g_mp=Cilnb29nbGUubWFwcy5wbGFjZXMudjEuUGxhY2VzLlNlYXJjaE5lYXJieRACGAQgAA,ChIJg6CsUwAjDTkRUqmKcsDgRgc
Ivory 78,apartment_building,apartment_building|service|point_of_interest|establishment,,,"IVORY, 78, Emaar, EMERALD HILLS, Sector 65, Gurugram, Haryana 122101, India",,,OPERATIONAL,https://maps.google.com/?cid=52214325160089600&g_mp=Cilnb29nbGUubWFwcy5wbGFjZXMudjEuUGxhY2VzLlNlYXJjaE5lYXJieRACGAQgAA,ChIJHxwCIgAjDTkRAJha76aAuQA
"Ivory 79, 3rd floor",garden,garden|point_of_interest|establishment,,,"Ivory, Emaar, EMERALD HILLS, I79, Sector 65, Gurugram, Haryana 122101, India",,,CLOSED_TEMPORARILY,https://maps.google.com/?cid=1895415800449432732&g_mp=Cilnb29nbGUubWFwcy5wbGFjZXMudjEuUGxhY2VzLlNlYXJjaE5lYXJieRACGAQgAA,ChIJiyHObQAjDTkRnHxzz6DeTRo
"Ivory 66, Emerald Hills, Sector 65, GURUGRAM",condominium_complex,condominium_complex|service|point_of_interest|establishment,,,"Ivory Block, I 80, Emerald Hills Rd, Sector 65, Gurugram, Haryana 122101, India",5,5,OPERATIONAL,https://maps.google.com/?cid=5591542847522530671&g_mp=Cilnb29nbGUubWFwcy5wbGFjZXMudjEuUGxhY2VzLlNlYXJjaE5lYXJieRACGAQgAA,ChIJYafI9K8jDTkRb-X0NJgmmU0
Tower 8,apartment_building,apartment_building|service|point_of_interest|establishment,,,"FE Tower 8, M3m Golf Estate, Sector 65, Gurugram, Haryana 122101, India",,,OPERATIONAL,https://maps.google.com/?cid=12290487946801979000&g_mp=Cilnb29nbGUubWFwcy5wbGFjZXMudjEuUGxhY2VzLlNlYXJjaE5lYXJieRACGAQgAA,ChIJwWhod04jDTkReB5aeauVkKo
DrMarwahlous,non_profit_organization,non_profit_organization|medical_clinic|health|service|association_or_organization|point_of_interest|establishment,,https://drmarwahlous.com/,"First Floor, Emaar, Ivory 76, EMERALD HILLS, Golf Course Ext Rd, Sector 65, Gurugram, Haryana 122101, India",4.8,36,OPERATIONAL,https://maps.google.com/?cid=5555561429080660721&g_mp=Cilnb29nbGUubWFwcy5wbGFjZXMudjEuUGxhY2VzLlNlYXJjaE5lYXJieRACGAQgAA,ChIJlwwWcgAjDTkR8do2ZK9RGU0
"Unsaathi- Divorce lawyer in Delhi, Gurgaon, Noida",corporate_office,corporate_office|point_of_interest|establishment,092668 77791,https://www.unsaathi.com/,"Emaar Colonande, 412, Golf Course Ext Rd, Sector 66, Gurugram, Haryana 122018, India",,,OPERATIONAL,https://maps.google.com/?cid=16286550989935602034&g_mp=Cilnb29nbGUubWFwcy5wbGFjZXMudjEuUGxhY2VzLlNlYXJjaE5lYXJieRACGAQgAA,ChIJvZnjO7MjDTkRcull49VzBeI
The Polo Lounge M3M,cafe,cafe|food|point_of_interest|establishment,,https://instagram.com/thepololounge_?utm_medium=copy_link,"M3M Polo Suites, M3M, Golf Estate Rd, Sector 65, Gurugram, Haryana 122101, India",4.8,10,OPERATIONAL,https://maps.google.com/?cid=17267477866606275248&g_mp=Cilnb29nbGUubWFwcy5wbGFjZXMudjEuUGxhY2VzLlNlYXJjaE5lYXJieRACGAQgAA,ChIJKaCoVkwjDTkRsKr89aFnou8
"Celebration Park (Park B) Ivory, Emerald Hills",park,park|point_of_interest|establishment,,,"C32C+QMJ, Unnamed Road, Sector 65, Gurugram, Haryana 122101, India",4.9,9,OPERATIONAL,https://maps.google.com/?cid=1737732177397932267&g_mp=Cilnb29nbGUubWFwcy5wbGFjZXMudjEuUGxhY2VzLlNlYXJjaE5lYXJieRACGAQgAA,ChIJwTv2XDIjDTkR6-CRXDWqHRg
Aarna's Castle,condominium_complex,condominium_complex|service|point_of_interest|establishment,,,"2nd floor, Ivory, 65, Emerald Hills Rd, Sector 65, Gurugram, Haryana 122101, India",3,2,OPERATIONAL,https://maps.google.com/?cid=3824777662005890278&g_mp=Cilnb29nbGUubWFwcy5wbGFjZXMudjEuUGxhY2VzLlNlYXJjaE5lYXJieRACGAQgAA,ChIJp7SUWgAjDTkR5sy14ARXFDU
cliff,condominium_complex,condominium_complex|service|point_of_interest|establishment,,,"34-B, Tower 1, Fairway west, M3M, Golf Estate Rd, Sector 65, Gurugram, Haryana 122101, India",,,OPERATIONAL,https://maps.google.com/?cid=18323451803278403169&g_mp=Cilnb29nbGUubWFwcy5wbGFjZXMudjEuUGxhY2VzLlNlYXJjaE5lYXJieRACGAQgAA,ChIJTXIEEAAjDTkRYWZmUVX6Sf4
M3M Polo Suites,apartment_complex,apartment_complex|apartment_building|service|point_of_interest|establishment,,https://m3mindia.com/residential/m3m-polo-suites,"M3M, Golf Estate Rd, Sector 65, Gurugram, Haryana 122101, India",4.3,28,OPERATIONAL,https://maps.google.com/?cid=7901911522244576096&g_mp=Cilnb29nbGUubWFwcy5wbGFjZXMudjEuUGxhY2VzLlNlYXJjaE5lYXJieRACGAQgAA,ChIJkYCakv0jDTkRYEP00ak6qW0
IVORY 097,housing_complex,housing_complex|service|point_of_interest|establishment,,,"Ivory Block, IVORY, Sector 65, Gurugram, Haryana 122101, India",4,1,OPERATIONAL,https://maps.google.com/?cid=8434817231439759070&g_mp=Cilnb29nbGUubWFwcy5wbGFjZXMudjEuUGxhY2VzLlNlYXJjaE5lYXJieRACGAQgAA,ChIJSUG3QwAjDTkR3oZPGZV9DnU
Home2!,apartment_building,apartment_building|service|point_of_interest|establishment,,,"EMERALD HILLS, Sector 65, Gurugram, Haryana 122101, India",,,OPERATIONAL,https://maps.google.com/?cid=1768607488592509679&g_mp=Cilnb29nbGUubWFwcy5wbGFjZXMudjEuUGxhY2VzLlNlYXJjaE5lYXJieRACGAQgAA,ChIJiUYgIgAjDTkR7_qm8CNbixg
Ivory 175 Second Floor,association_or_organization,service|association_or_organization|point_of_interest|establishment,,,"Ivory Block, EMERALD HILLS, Sector 65, Gurugram, Haryana 122101, India",,,OPERATIONAL,https://maps.google.com/?cid=11120442666790926085&g_mp=Cilnb29nbGUubWFwcy5wbGFjZXMudjEuUGxhY2VzLlNlYXJjaE5lYXJieRACGAQgAA,ChIJg98FYgAjDTkRBbcr06-_U5o
Ivory-174 Ground floor,condominium_complex,condominium_complex|service|point_of_interest|establishment,,,"EMERALD HILLS, Sector 65, Gurugram, Haryana 122101, India",5,1,OPERATIONAL,https://maps.google.com/?cid=10313217308019204485&g_mp=Cilnb29nbGUubWFwcy5wbGFjZXMudjEuUGxhY2VzLlNlYXJjaE5lYXJieRACGAQgAA,ChIJI1XFGgAjDTkRhSHl93_oH48
Factory,general_contractor,general_contractor|service|point_of_interest|establishment,,,"i, 173, DSIIDC Industrial Area, Sector 5, Bawana, Gurugram, Delhi 122101, India",,,OPERATIONAL,https://maps.google.com/?cid=938410900616510914&g_mp=Cilnb29nbGUubWFwcy5wbGFjZXMudjEuUGxhY2VzLlNlYXJjaE5lYXJieRACGAQgAA,ChIJ-2SmIAAjDTkRwv2ZAL7nBQ0
Anil Gupta residence,association_or_organization,service|association_or_organization|point_of_interest|establishment,,,"IVORY, BLOCK I-93, IVORY, Sector 65, Gurugram, Haryana 122101, India",,,OPERATIONAL,https://maps.google.com/?cid=15270014043307013341&g_mp=Cilnb29nbGUubWFwcy5wbGFjZXMudjEuUGxhY2VzLlNlYXJjaE5lYXJieRACGAQgAA,ChIJ_f3_X8IjDTkR3XSKTt786dM
Beauty Products,store,store|point_of_interest|establishment,,,"House C-3, Sector 65, Gurugram, Haryana 122001, India",,,CLOSED_TEMPORARILY,https://maps.google.com/?cid=1489763358797754534&g_mp=Cilnb29nbGUubWFwcy5wbGFjZXMudjEuUGxhY2VzLlNlYXJjaE5lYXJieRACGAQgAA,ChIJ5ZyN3tsjDTkRpnCIuOGzrBQ
"C5, Coral block",association_or_organization,service|association_or_organization|point_of_interest|establishment,,,"C-5, CORAL BLOCK EMERALD HILLS, Sector 65, Gurugram, Haryana 122101, India",,,OPERATIONAL,https://maps.google.com/?cid=14363737675235690863&g_mp=Cilnb29nbGUubWFwcy5wbGFjZXMudjEuUGxhY2VzLlNlYXJjaE5lYXJieRACGAQgAA,ChIJvaI4aAAjDTkRb4lRM1A_Vsc
AMAN FLOWER,,point_of_interest|establishment,098736 84975,,"C-2, Mahal farm, Defence colony, Sector 65, Gurugram, Haryana 122001, India",,,OPERATIONAL,https://maps.google.com/?cid=10262986155897792160&g_mp=Cilnb29nbGUubWFwcy5wbGFjZXMudjEuUGxhY2VzLlNlYXJjaE5lYXJieRACGAQgAA,ChIJSykpST0jDTkRoCYKfYhzbY4
SURBHI ENTERPRISES,cosmetics_store,cosmetics_store|store|point_of_interest|establishment,,,"FLAT NUMBER, C-5, IDPL APARTMENTS, Sector 65, Gurugram, Haryana 122001, India",,,OPERATIONAL,https://maps.google.com/?cid=1590540415952965263&g_mp=Cilnb29nbGUubWFwcy5wbGFjZXMudjEuUGxhY2VzLlNlYXJjaE5lYXJieRACGAQgAA,ChIJTRBEtDsjDTkRj07HzRS8EhY
Mittal Residence,association_or_organization,service|association_or_organization|point_of_interest|establishment,,,"BLOCK I-92, IVORY, Sector 65, Gurugram, Haryana 122101, India",,,OPERATIONAL,https://maps.google.com/?cid=1380918604346090219&g_mp=Cilnb29nbGUubWFwcy5wbGFjZXMudjEuUGxhY2VzLlNlYXJjaE5lYXJieRACGAQgAA,ChIJNcIVMAAjDTkR6-LGeycCKhM
INOXIAA Estherio,corporate_office,corporate_office|point_of_interest|establishment,099991 38482,http://inoxiaa.com/,"3rd Floor, M3M Tee Point, C2 301-319, North Block, Sector 65, Gurugram, Haryana 122101, India",4,1,OPERATIONAL,https://maps.google.com/?cid=16191568099004282357&g_mp=Cilnb29nbGUubWFwcy5wbGFjZXMudjEuUGxhY2VzLlNlYXJjaE5lYXJieRACGAQgAA,ChIJzWOmbWMjDTkR9XWyQWYBtOA
"I-99, Ivory block, Emerald Hills",association_or_organization,service|association_or_organization|point_of_interest|establishment,,,"Ivory Block, EMERALD HILLS, Sector 65, Gurugram, Haryana 122101, India",,,OPERATIONAL,https://maps.google.com/?cid=8921265791596445388&g_mp=Cilnb29nbGUubWFwcy5wbGFjZXMudjEuUGxhY2VzLlNlYXJjaE5lYXJieRACGAQgAA,ChIJfxnOFgAjDTkRzD7zdvizzns
Ivory 106,apartment_building,apartment_building|service|point_of_interest|establishment,,,"106, Emerald Hills Rd, Sector 65, Gurugram, Haryana 122101, India",,,OPERATIONAL,https://maps.google.com/?cid=14625018864868501671&g_mp=Cilnb29nbGUubWFwcy5wbGFjZXMudjEuUGxhY2VzLlNlYXJjaE5lYXJieRACGAQgAA,ChIJFUBBcgAjDTkRp6jfwSuB9so
Gupta's,condominium_complex,condominium_complex|service|point_of_interest|establishment,,,"BLOCK I-107, IVORY, Sector 65, Gurugram, Haryana 122101, India",,,OPERATIONAL,https://maps.google.com/?cid=576034308071913247&g_mp=Cilnb29nbGUubWFwcy5wbGFjZXMudjEuUGxhY2VzLlNlYXJjaE5lYXJieRACGAQgAA,ChIJUVbsPwAjDTkRH3cQtyZ8_gc
Moms journey yoga house,,point_of_interest|establishment,098189 52953,https://www.instagram.com/momsjourney.yogahouse/,"CORAL BLOCK, EMERALD HILLS, Unnamed Road, Sector 65, Gurugram, Haryana 122101, India",5,27,OPERATIONAL,https://maps.google.com/?cid=11080588834234556842&g_mp=Cilnb29nbGUubWFwcy5wbGFjZXMudjEuUGxhY2VzLlNlYXJjaE5lYXJieRACGAQgAA,ChIJJ_yOVdUjDTkRquG1VtYoxpk
Coral Main Gate,association_or_organization,service|association_or_organization|point_of_interest|establishment,,,"Coral Main Gate, CORAL BLOCK EMERALD HILLS, Sector 65, Gurugram, Haryana 122101, India",,,OPERATIONAL,https://maps.google.com/?cid=13072661509602941739&g_mp=Cilnb29nbGUubWFwcy5wbGFjZXMudjEuUGxhY2VzLlNlYXJjaE5lYXJieRACGAQgAA,ChIJf3lS368jDTkRKxvOjGFsa7U
Ivory 140 Emaar Emerald Hills,housing_complex,housing_complex|service|point_of_interest|establishment,,,"IVORY, Emerald Hills Rd, Sector 65, Gurugram, Haryana 122101, India",,,OPERATIONAL,https://maps.google.com/?cid=6397948376443371127&g_mp=Cilnb29nbGUubWFwcy5wbGFjZXMudjEuUGxhY2VzLlNlYXJjaE5lYXJieRACGAQgAA,ChIJ69P9dgAjDTkRd74xjSYUylg
Narang's,association_or_organization,service|association_or_organization|point_of_interest|establishment,,,"Ivory Block, IVORY, Sector 65, Gurugram, Haryana 122101, India",,,OPERATIONAL,https://maps.google.com/?cid=11739335846800829224&g_mp=Cilnb29nbGUubWFwcy5wbGFjZXMudjEuUGxhY2VzLlNlYXJjaE5lYXJieRACGAQgAA,ChIJxyfMPwAjDTkRKKuSR8F_6qI
Coral Block Emerald Hills,health,health|service|point_of_interest|establishment,,,"C-1, CORAL BLOCK EMERALD HILLS, Unnamed Road, Sector 65, Gurugram, Haryana 122101, India",4.2,13,OPERATIONAL,https://maps.google.com/?cid=5408690825272078489&g_mp=Cilnb29nbGUubWFwcy5wbGFjZXMudjEuUGxhY2VzLlNlYXJjaE5lYXJieRACGAQgAA,ChIJQcMukV4jDTkRmbBBLKaHD0s
Base 37,service,service|point_of_interest|establishment,,,"C32G+MF4, Sector 65, Gurugram, Haryana 122101, India",5,2,OPERATIONAL,https://maps.google.com/?cid=17747488979090913320&g_mp=Cilnb29nbGUubWFwcy5wbGFjZXMudjEuUGxhY2VzLlNlYXJjaE5lYXJieRACGAQgAA,ChIJwc70dAAjDTkRKLjfPTK_S_Y
AdiDav Nivas,apartment_building,apartment_building|service|point_of_interest|establishment,,,"Block-A, Sector 65, Gurugram, Haryana 122101, India",,,OPERATIONAL,https://maps.google.com/?cid=17943575372675523390&g_mp=Cilnb29nbGUubWFwcy5wbGFjZXMudjEuUGxhY2VzLlNlYXJjaE5lYXJieRACGAQgAA,ChIJnXUhPgAjDTkRPqPFeLtiBPk
Adani Samsara A-Block PARK,association_or_organization,service|association_or_organization|point_of_interest|establishment,,,"C32G+P9X, Sector 65, Gurugram, Haryana 122101, India",4.5,4,OPERATIONAL,https://maps.google.com/?cid=18162835243970053615&g_mp=Cilnb29nbGUubWFwcy5wbGFjZXMudjEuUGxhY2VzLlNlYXJjaE5lYXJieRACGAQgAA,ChIJoSEcGAAjDTkR78XHbmxaD_w
Luxury Studios Key,lodging,lodging|point_of_interest|establishment,,https://www.vrbo.com/pdp/lo/100375758?MDPCID=VRBO-META.HPA.WEB-ORGANIC.VR,"Sector 65, Gurugram, Haryana 122101, India",,,OPERATIONAL,https://maps.google.com/?cid=1073821705589588844&g_mp=Cilnb29nbGUubWFwcy5wbGFjZXMudjEuUGxhY2VzLlNlYXJjaE5lYXJieRACGAQgAA,ChIJUeUouEEiDTkRbIPF4Sb75g4
"Bhatnagar's House- A 59, Second Floor",association_or_organization,service|association_or_organization|point_of_interest|establishment,,,"C32G+FC3, Sector 65, Gurugram, Haryana 122101, India",,,OPERATIONAL,https://maps.google.com/?cid=3417324222631107747&g_mp=Cilnb29nbGUubWFwcy5wbGFjZXMudjEuUGxhY2VzLlNlYXJjaE5lYXJieRACGAQgAA,ChIJFUzBMAAjDTkRo9xDVEbGbC8
Shresth’s House,apartment_building,apartment_building|service|point_of_interest|establishment,,,"3rd Floor, A, Block Adani Samsara, A-59, Sector 65, Gurugram, Haryana 122101, India",,,OPERATIONAL,https://maps.google.com/?cid=4362370874632185627&g_mp=Cilnb29nbGUubWFwcy5wbGFjZXMudjEuUGxhY2VzLlNlYXJjaE5lYXJieRACGAQgAA,ChIJ2X9gUwAjDTkRGyf2mDJBijw
Adani Samsara A-Block Sector-65 Gate no.2,association_or_organization,service|association_or_organization|point_of_interest|establishment,,,"C32G+FC, Sector 65, Gurugram, Haryana 122101, India",4.8,6,CLOSED_TEMPORARILY,https://maps.google.com/?cid=4763876486899051167&g_mp=Cilnb29nbGUubWFwcy5wbGFjZXMudjEuUGxhY2VzLlNlYXJjaE5lYXJieRACGAQgAA,ChIJrWiMcwAjDTkRnyp0u2ywHEI
Kailasa - Sodhi’s Residence,condominium_complex,condominium_complex|service|point_of_interest|establishment,,,"3rd Floor, Adani Samsara, Block-A, A-42, Sector 65, Gurugram, Haryana 122101, India",,,OPERATIONAL,https://maps.google.com/?cid=6587558496524586665&g_mp=Cilnb29nbGUubWFwcy5wbGFjZXMudjEuUGxhY2VzLlNlYXJjaE5lYXJieRACGAQgAA,ChIJdXUbGAAjDTkRqU502oy1a1s
Gamnani Residence,apartment_complex,apartment_complex|service|point_of_interest|establishment,,,"C32G+M75, Sector 65, Gurugram, Haryana 122101, India",,,OPERATIONAL,https://maps.google.com/?cid=17085568547673105166&g_mp=Cilnb29nbGUubWFwcy5wbGFjZXMudjEuUGxhY2VzLlNlYXJjaE5lYXJieRACGAQgAA,ChIJ7ea0ewAjDTkRDmOkJRIiHO0
Hi-Flyers Gymnastics,gym,sports_complex|gym|sports_school|sports_activity_location|health|point_of_interest|establishment,,,"Plot 2, Golf Course Ext Rd, next to Senate Court, Sector 62, Gurugram, Haryana 122098, India",5,111,OPERATIONAL,https://maps.google.com/?cid=8392331854062444144&g_mp=Cilnb29nbGUubWFwcy5wbGFjZXMudjEuUGxhY2VzLlNlYXJjaE5lYXJieRACGAQgAA,ChIJVUFZaxYjDTkRcF6WVluNd3Q
A 42 Adani Samsara A Block,apartment_building,apartment_building|service|point_of_interest|establishment,,,"C32G+FC, Sector 65, Gurugram, Haryana 122101, India",,,OPERATIONAL,https://maps.google.com/?cid=9459182947335666128&g_mp=Cilnb29nbGUubWFwcy5wbGFjZXMudjEuUGxhY2VzLlNlYXJjaE5lYXJieRACGAQgAA,ChIJaw4eHwAjDTkR0PlfEcbERYM
Gairathi farms,housing_complex,housing_complex|service|point_of_interest|establishment,,,"House no 117, Sector 65, Nangli Umarpur, Gurugram, Haryana 122101, India",5,4,OPERATIONAL,https://maps.google.com/?cid=11387181837725435222&g_mp=Cilnb29nbGUubWFwcy5wbGFjZXMudjEuUGxhY2VzLlNlYXJjaE5lYXJieRACGAQgAA,ChIJc0Z7BQojDTkRVoVnroxlB54
Online furniture factory,manufacturer,manufacturer|point_of_interest|establishment,,,"C33G+6WQ, Sector 65, Nangli Umarpur, Gurugram, Haryana 122101, India",5,1,CLOSED_TEMPORARILY,https://maps.google.com/?cid=8549242821591705728&g_mp=Cilnb29nbGUubWFwcy5wbGFjZXMudjEuUGxhY2VzLlNlYXJjaE5lYXJieRACGAQgAA,ChIJAUfXLQAjDTkRgCiI5wwDpXY
K2M 1RK Studio Appartmrnt PG,private_guest_room,private_guest_room|lodging|point_of_interest|establishment,,,"C-16, Sector 69, Sector 65, Gurugram, Haryana 122101, India",,,OPERATIONAL,https://maps.google.com/?cid=14317036014757708770&g_mp=Cilnb29nbGUubWFwcy5wbGFjZXMudjEuUGxhY2VzLlNlYXJjaE5lYXJieRACGAQgAA,ChIJeZtSKAAjDTkR4oMbiGZUsMY
C28 GF coral,apartment_building,apartment_building|service|point_of_interest|establishment,,,"Emaar Mgf, EMERALD HILLS, C14, Sector 65, Gurugram, Haryana 122101, India",,,OPERATIONAL,https://maps.google.com/?cid=4527383444345109860&g_mp=Cilnb29nbGUubWFwcy5wbGFjZXMudjEuUGxhY2VzLlNlYXJjaE5lYXJieRACGAQgAA,ChIJ0Sy5SgAjDTkRZL0sakF_1D4
"Stay with BnBBuddy Hosting for 5 Yr Gurugram with WiFi, AC",lodging,lodging|point_of_interest|establishment,,https://www.vrbo.com/pdp/lo/103044513?MDPCID=VRBO-META.HPA.WEB-ORGANIC.VR,"Sector 65, Gurugram, Haryana 122101, India",,,OPERATIONAL,https://maps.google.com/?cid=13440621355194406173&g_mp=Cilnb29nbGUubWFwcy5wbGFjZXMudjEuUGxhY2VzLlNlYXJjaE5lYXJieRACGAQgAA,ChIJpaFBqEEiDTkRHVXkPOmthro
"Skylux Heights : your perfect vrbo getaway Privacy, convenience & luxury awaits",lodging,lodging|point_of_interest|establishment,,https://www.vrbo.com/pdp/lo/103196336?MDPCID=VRBO-META.HPA.WEB-ORGANIC.VR,"Sector 65, Gurugram, Haryana 122101, India",,,OPERATIONAL,https://maps.google.com/?cid=11784378295973862698&g_mp=Cilnb29nbGUubWFwcy5wbGFjZXMudjEuUGxhY2VzLlNlYXJjaE5lYXJieRACGAQgAA,ChIJpaFBqEEiDTkRKl1Ytp-FiqM
Prakash Choudhary & Associates,service,general_contractor|finance|service|point_of_interest|establishment,,,"C-18, Second Floor, Omaxe City Center, Sohna Road, above Reliance Smart Bazaar, Sector 49, Sector 65, Gurugram, Haryana 122018, India",5,3,CLOSED_TEMPORARILY,https://maps.google.com/?cid=2919912419622382787&g_mp=Cilnb29nbGUubWFwcy5wbGFjZXMudjEuUGxhY2VzLlNlYXJjaE5lYXJieRACGAQgAA,ChIJpUq536UZDTkRw-zXEuCchSg
Samar welding works,store,store|point_of_interest|establishment,,,"Jmd Empire, Sector 65, Gurugram, Haryana 122101, India",,,OPERATIONAL,https://maps.google.com/?cid=10045068328019184743&g_mp=Cilnb29nbGUubWFwcy5wbGFjZXMudjEuUGxhY2VzLlNlYXJjaE5lYXJieRACGAQgAA,ChIJQUiaqm0jDTkRZ0wcXGxAZ4s
N.k Properties,real_estate_agency,real_estate_agency|service|point_of_interest|establishment,,,"Sector 65, Nangli Umarpur, Gurugram, Haryana 122102, India",5,1,OPERATIONAL,https://maps.google.com/?cid=3553227277951026157&g_mp=Cilnb29nbGUubWFwcy5wbGFjZXMudjEuUGxhY2VzLlNlYXJjaE5lYXJieRACGAQgAA,ChIJ6Xbq6PMjDTkR7cN_LGKZTzE
Royal Interior Design,general_contractor,general_contractor|service|point_of_interest|establishment,099990 02011,https://royalinteriordesign.in/,"Shop No 1, Ullawas Dhani Rd, Sector 62, Gurugram, Haryana 122102, India",5,9,OPERATIONAL,https://maps.google.com/?cid=6054201373554319462&g_mp=Cilnb29nbGUubWFwcy5wbGFjZXMudjEuUGxhY2VzLlNlYXJjaE5lYXJieRACGAQgAA,ChIJgRvBCH4jDTkRZiBjnRLYBFQ
Sector 62 kabadi shop,store,store|point_of_interest|establishment,,,"C32H+PWQ, Sector 62, Gurugram, Haryana 122098, India",5,1,OPERATIONAL,https://maps.google.com/?cid=10793817418996759958&g_mp=Cilnb29nbGUubWFwcy5wbGFjZXMudjEuUGxhY2VzLlNlYXJjaE5lYXJieRACGAQgAA,ChIJ_TkATR8jDTkRlr25JcFXy5U
Anant Material Supplier,wholesaler,wholesaler|point_of_interest|establishment,098134 49955,,"C33J+62W, Sector 62, Nangli Umarpur, Gurugram, Haryana 122098, India",5,5,OPERATIONAL,https://maps.google.com/?cid=1363802982360789869&g_mp=Cilnb29nbGUubWFwcy5wbGFjZXMudjEuUGxhY2VzLlNlYXJjaE5lYXJieRACGAQgAA,ChIJOQQzFwAjDTkRbbM7M5Yz7RI
Yadav crane,transportation_service,transportation_service|point_of_interest|establishment,,,"C33J+54C, Sector 62, Nangli Umarpur, Gurugram, Haryana 122098, India",5,1,OPERATIONAL,https://maps.google.com/?cid=15820855998266154890&g_mp=Cilnb29nbGUubWFwcy5wbGFjZXMudjEuUGxhY2VzLlNlYXJjaE5lYXJieRACGAQgAA,ChIJZ0SReQAjDTkRih9DO7X4jts
Vertex decor system,,point_of_interest|establishment,,,"Ullawas Dhani Rd, Sector 62, Gurugram, Haryana 122008, India",5,2,OPERATIONAL,https://maps.google.com/?cid=11395049376953289145&g_mp=Cilnb29nbGUubWFwcy5wbGFjZXMudjEuUGxhY2VzLlNlYXJjaE5lYXJieRACGAQgAA,ChIJg8ti7Y8jDTkRuUlW5whZI54
Vikas Thakur house,educational_institution,educational_institution|point_of_interest|establishment,,,"Koyla godam, Sector 62, Ghamroj, Gurugram, Haryana 122098, India",5,2,OPERATIONAL,https://maps.google.com/?cid=12953691047726158680&g_mp=Cilnb29nbGUubWFwcy5wbGFjZXMudjEuUGxhY2VzLlNlYXJjaE5lYXJieRACGAQgAA,ChIJvWzIAQAjDTkRWBPgVWDBxLM
Abhimanu nursery,farm,wholesaler|farm|service|point_of_interest|establishment,093153 92247,,"Golf Course Ext Rd, Sector 62, Nangli Umarpur, Gurugram, Haryana 122098, India",4.6,16,OPERATIONAL,https://maps.google.com/?cid=6967552244850669228&g_mp=Cilnb29nbGUubWFwcy5wbGFjZXMudjEuUGxhY2VzLlNlYXJjaE5lYXJieRACGAQgAA,ChIJ0ax35wQjDTkRrLZM3Nm3sWA
Bhardwaj Clinic,health,health|point_of_interest|establishment,085109 06033,,"Village, Ullawas Dhani Rd, near Ullawas mandi, Sector 62, Gurugram, Haryana 122098, India",5,1,OPERATIONAL,https://maps.google.com/?cid=5122293291672692875&g_mp=Cilnb29nbGUubWFwcy5wbGFjZXMudjEuUGxhY2VzLlNlYXJjaE5lYXJieRACGAQgAA,ChIJ2waqHv0jDTkRi2iEFZwKFkc
Letscrap: One stop shop for all Scrap (Online Kabad Ordering),service,service|point_of_interest|establishment,070117 53378,https://letscrap.com/,"Ullawas Dhani Rd, Sector 62, Gurugram, Haryana 122098, India",5,3,OPERATIONAL,https://maps.google.com/?cid=13897000206488544600&g_mp=Cilnb29nbGUubWFwcy5wbGFjZXMudjEuUGxhY2VzLlNlYXJjaE5lYXJieRACGAQgAA,ChIJB6EZ7zojDTkRWKVH7w4Q3MA
CH BADAL RAM AMBAWATA EXPORT HOUSE,housing_complex,housing_complex|service|point_of_interest|establishment,,,"C32J+QVV, Ullawas Dhani Rd, Sector 62, Gurugram, Haryana 122098, India",,,OPERATIONAL,https://maps.google.com/?cid=6192197163241709304&g_mp=Cilnb29nbGUubWFwcy5wbGFjZXMudjEuUGxhY2VzLlNlYXJjaE5lYXJieRACGAQgAA,ChIJXfL9ssIjDTkR-B40JoMa71U
Lucky Automobile-Vehicle painting/Denting/Painting/Car AC & electrical works/Car service/Car washing in Gurugram,car_repair,car_repair|service|point_of_interest|establishment,099921 82060,,"CRPF, Village, Ullawas Dhani Rd, near Heritage School, Sector 61, Gurugram, Haryana 122098, India",4.3,4,OPERATIONAL,https://maps.google.com/?cid=8255853344994654406&g_mp=Cilnb29nbGUubWFwcy5wbGFjZXMudjEuUGxhY2VzLlNlYXJjaE5lYXJieRACGAQgAA,ChIJZd3YYq4jDTkRxnggOuCuknI
medical equipment service,health,health|point_of_interest|establishment,,http://rkmedicalequipment.in/,"village, Ullawas Dhani Rd, Sector 62, Gurugram, Haryana 122098, India",,,OPERATIONAL,https://maps.google.com/?cid=6571012275357274634&g_mp=Cilnb29nbGUubWFwcy5wbGFjZXMudjEuUGxhY2VzLlNlYXJjaE5lYXJieRACGAQgAA,ChIJM__Jg74jDTkRCtJmh9nsMFs
Mahesh,housing_complex,housing_complex|service|point_of_interest|establishment,,,"C32J+QVV, Ullawas Dhani Rd, Sector 62, Gurugram, Haryana 122098, India",,,OPERATIONAL,https://maps.google.com/?cid=14712859776281384981&g_mp=Cilnb29nbGUubWFwcy5wbGFjZXMudjEuUGxhY2VzLlNlYXJjaE5lYXJieRACGAQgAA,ChIJ6Ui-KAAjDTkRFZhiswOULsw
Bhagwaani bhawan,housing_complex,housing_complex|service|point_of_interest|establishment,,,"115, Ullawas Dhani Rd, Sector 61, Gurugram, Haryana 122098, India",,,OPERATIONAL,https://maps.google.com/?cid=8498158154745876997&g_mp=Cilnb29nbGUubWFwcy5wbGFjZXMudjEuUGxhY2VzLlNlYXJjaE5lYXJieRACGAQgAA,ChIJrzZnbAAjDTkRBZK3CtGF73U
Ullahwas Sector 62,corporate_office,corporate_office|point_of_interest|establishment,,,"C32J+QVV, Ullawas Dhani Rd, Sector 62, Gurugram, Haryana 122098, India",4.5,11,OPERATIONAL,https://maps.google.com/?cid=13001281885252001947&g_mp=Cilnb29nbGUubWFwcy5wbGFjZXMudjEuUGxhY2VzLlNlYXJjaE5lYXJieRACGAQgAA,ChIJecHSPAAjDTkRm6Aqq_3UbbQ
Anahika,association_or_organization,service|association_or_organization|point_of_interest|establishment,,,"C32J+QVV, Ullawas Dhani Rd, Sector 62, Gurugram, Haryana 122098, India",,,OPERATIONAL,https://maps.google.com/?cid=18214364048246355613&g_mp=Cilnb29nbGUubWFwcy5wbGFjZXMudjEuUGxhY2VzLlNlYXJjaE5lYXJieRACGAQgAA,ChIJFefzIWgjDTkRnbZeGZlrxvw
Kankad studio,service,service|point_of_interest|establishment,099109 00328,,"Ullawas Dhani Rd, near meetha Kuan, Sector 62, Gurugram, Haryana 122098, India",,,OPERATIONAL,https://maps.google.com/?cid=2950933218839501622&g_mp=Cilnb29nbGUubWFwcy5wbGFjZXMudjEuUGxhY2VzLlNlYXJjaE5lYXJieRACGAQgAA,ChIJI8V9hlwjDTkRNhvUuCDS8yg
"Anil Ambawat,Sanjay Ambawat s/o Ch Rajpal House",housing_complex,housing_complex|service|point_of_interest|establishment,,,"115, Ullawas Dhani Rd, Sector 61, Gurugram, Haryana 122098, India",5,1,OPERATIONAL,https://maps.google.com/?cid=1849158534187327732&g_mp=Cilnb29nbGUubWFwcy5wbGFjZXMudjEuUGxhY2VzLlNlYXJjaE5lYXJieRACGAQgAA,ChIJcWmiqzMjDTkR9CCeu-OHqRk
SH Scrap,service,service|point_of_interest|establishment,095825 85515,,"122002, Ullawas Dhani Rd, Ullahawas, dhani, Sector 62, Gurugram, Haryana 122098, India",4.7,15,OPERATIONAL,https://maps.google.com/?cid=5731822670266244831&g_mp=Cilnb29nbGUubWFwcy5wbGFjZXMudjEuUGxhY2VzLlNlYXJjaE5lYXJieRACGAQgAA,ChIJA2EA8IIYDTkR3x7AoFmGi08
Ambawata house,lodging,lodging|service|point_of_interest|establishment,,,"C32J+XRR, Ullawas Dhani Rd, Sector 62, Gurugram, Haryana 122098, India",5,2,OPERATIONAL,https://maps.google.com/?cid=9604650348225845126&g_mp=Cilnb29nbGUubWFwcy5wbGFjZXMudjEuUGxhY2VzLlNlYXJjaE5lYXJieRACGAQgAA,ChIJWfZ3GAAjDTkRhlfVpZqSSoU
Home Stay’s,private_guest_room,private_guest_room|lodging|point_of_interest|establishment,,,"Home stay, Backside of Good Earth, Sector 62, Gurugram, Haryana 122098, India",5,1,OPERATIONAL,https://maps.google.com/?cid=718566401055503930&g_mp=Cilnb29nbGUubWFwcy5wbGFjZXMudjEuUGxhY2VzLlNlYXJjaE5lYXJieRACGAQgAA,ChIJ65l7agAjDTkROrZxqlXc-Ak
Baisla room rental,association_or_organization,point_of_interest|association_or_organization|service|establishment,,,"C32M+VJV, Sector 62, Gurugram, Haryana 122098, India",,,OPERATIONAL,https://maps.google.com/?cid=2541483400451814246&g_mp=Cilnb29nbGUubWFwcy5wbGFjZXMudjEuUGxhY2VzLlNlYXJjaE5lYXJieRACGAQgAA,ChIJMQIuMwAjDTkRZnN79q8pRSM
HDFC Bank,bank,bank|atm|finance|point_of_interest|service|establishment,1800 1601,https://www.hdfc.bank.in/branch-locator/haryana/gurugram/hdfcbank-branch-imperiamindspace,"Shop No 17 to 20, GF, Imperia Mindspace, Golf Course Extension Road, Sector 62, Gurugram, Haryana 122098, India",2.8,4,OPERATIONAL,https://maps.google.com/?cid=209428263846339207&g_mp=Cilnb29nbGUubWFwcy5wbGFjZXMudjEuUGxhY2VzLlNlYXJjaE5lYXJieRACGAQgAA,ChIJq6rq2z0iDTkRh-J8eOUJ6AI
Home Stay PG,service,point_of_interest|service|establishment,,https://wa.link/or055k,"House No. 82 Main, road 1, Maidawas Rd, behind Aipl Business Club, Sector 62, Gurugram, Nangli Umarpur, Haryana 122098, India",4.5,65,OPERATIONAL,https://maps.google.com/?cid=13147437241302913971&g_mp=Cilnb29nbGUubWFwcy5wbGFjZXMudjEuUGxhY2VzLlNlYXJjaE5lYXJieRACGAQgAA,ChIJ0eI-BAAjDTkRsxOaSoMUdbY
Sharwan Vegetables,food_store,point_of_interest|food_store|store|food|establishment,083768 17453,,"Aipl Business Club Tower-A, Kadarpur Rd, near by Heritage School, Sector 62, Gurugram, Haryana 122098, India",,,OPERATIONAL,https://maps.google.com/?cid=6307144763360951465&g_mp=Cilnb29nbGUubWFwcy5wbGFjZXMudjEuUGxhY2VzLlNlYXJjaE5lYXJieRACGAQgAA,ChIJGxR7J1QjDTkRqTwY3756h1c
Sonali,apartment_building,apartment_building|point_of_interest|service|establishment,,,"C32M+W3J, Ullawas Dhani Rd, Sector 61, Gurugram, Haryana 122098, India",,,OPERATIONAL,https://maps.google.com/?cid=15250902288194447469&g_mp=Cilnb29nbGUubWFwcy5wbGFjZXMudjEuUGxhY2VzLlNlYXJjaE5lYXJieRACGAQgAA,ChIJcYtrwUojDTkRbagFENQWptM
Darwix AI,association_or_organization,association_or_organization|point_of_interest|establishment,099308 70030,http://darwix.ai/,"Sector 62, Gurugram, Haryana 122098, India",1,1,OPERATIONAL,https://maps.google.com/?cid=17210549968559288399&g_mp=Cilnb29nbGUubWFwcy5wbGFjZXMudjEuUGxhY2VzLlNlYXJjaE5lYXJieRACGAQgAA,ChIJ96SDQQAjDTkRTzAW0QIo2O4
Ch.Ramphal Farmhouse Ambawata Niwas,housing_complex,housing_complex|point_of_interest|service|establishment,,,"C32M+W2Q, Sector 62, Gurugram, Haryana 122098, India",5,5,OPERATIONAL,https://maps.google.com/?cid=3868367407169403801&g_mp=Cilnb29nbGUubWFwcy5wbGFjZXMudjEuUGxhY2VzLlNlYXJjaE5lYXJieRACGAQgAA,ChIJdd6vquojDTkRmfsHTakzrzU
Unox Oven India,manufacturer,manufacturer|point_of_interest|wholesaler|food|establishment,088000 09912,https://www.techmateequipment.com/unox-oven-dealer.html,"RZ E-8, Dabri - Palam Rd, Mahavir Enclave Part 1, Sector 62, New Delhi, Gurugram, Delhi 122098, India",4.9,30,OPERATIONAL,https://maps.google.com/?cid=14941895274070347809&g_mp=Cilnb29nbGUubWFwcy5wbGFjZXMudjEuUGxhY2VzLlNlYXJjaE5lYXJieRACGAQgAA,ChIJ91YCE58bDTkRIRANEpZGXM8
Baisla complex,real_estate_agency,real_estate_agency|point_of_interest|service|establishment,,,"Main, road 1, behind Aipl Business Club, Medawas, Sector 62, Gurugram, Nangli Umarpur, Haryana 122098, India",5,2,OPERATIONAL,https://maps.google.com/?cid=18098120368803210885&g_mp=Cilnb29nbGUubWFwcy5wbGFjZXMudjEuUGxhY2VzLlNlYXJjaE5lYXJieRACGAQgAA,ChIJF9OVGAAjDTkRhebGZJZwKfs
Lummus Technology,corporate_office,corporate_office|point_of_interest|establishment,,http://www.lummustechnology.com/,"Aipl Business Club, Sector 62, Gurugram, Haryana 122098, India",4.5,14,OPERATIONAL,https://maps.google.com/?cid=5242951145776622368&g_mp=Cilnb29nbGUubWFwcy5wbGFjZXMudjEuUGxhY2VzLlNlYXJjaE5lYXJieRACGAQgAA,ChIJYWYQYAAjDTkRICu-6km0wkg
Glam Studios,beauty_salon,beauty_salon|point_of_interest|service|establishment,073046 30696,https://www.glamstudios.in/,"2, Aipl Business Club, Sector 62, Gurugram, Haryana 122098, India",4.8,122,OPERATIONAL,https://maps.google.com/?cid=5913374445622117935&g_mp=Cilnb29nbGUubWFwcy5wbGFjZXMudjEuUGxhY2VzLlNlYXJjaE5lYXJieRACGAQgAA,ChIJBVYVxiQjDTkRL8YtV7qGEFI
Deloitte Touche Tohmatsu India LLP,corporate_office,corporate_office|point_of_interest|establishment,,http://www.deloitte.com/,"Aipl Business Club, Sector 62, Gurugram, Haryana 122098, India",4.7,40,OPERATIONAL,https://maps.google.com/?cid=14683651966470748793&g_mp=Cilnb29nbGUubWFwcy5wbGFjZXMudjEuUGxhY2VzLlNlYXJjaE5lYXJieRACGAQgAA,ChIJbyMtVH8jDTkReXr0iqrPxss
Cargill India Private Limited,corporate_office,corporate_office|point_of_interest|establishment,,http://www.cargill.com/,"10th Floor, Aipl Business Club Tower-A, Aipl Business Club, Golf Course Ext Rd, Sector 62, Gurugram, Haryana 122098, India",4.3,23,OPERATIONAL,https://maps.google.com/?cid=16181396892077376006&g_mp=Cilnb29nbGUubWFwcy5wbGFjZXMudjEuUGxhY2VzLlNlYXJjaE5lYXJieRACGAQgAA,ChIJB6t7DrAjDTkRBsLhmb3ej-A
Grupo Bimbo Head Office,corporate_office,corporate_office|point_of_interest|establishment,,,"Aipl Business Club, Sector 62, Gurugram, Haryana 122098, India",4.4,10,OPERATIONAL,https://maps.google.com/?cid=632069365110522329&g_mp=Cilnb29nbGUubWFwcy5wbGFjZXMudjEuUGxhY2VzLlNlYXJjaE5lYXJieRACGAQgAA,ChIJY_9cOOUjDTkR2cHRHL2PxQg
AIPL Corporate office,general_contractor,point_of_interest|general_contractor|service|establishment,,,"Aipl Business Club Tower-A, Sector 62, Gurugram, Haryana 122098, India",,,OPERATIONAL,https://maps.google.com/?cid=11981507360487736499&g_mp=Cilnb29nbGUubWFwcy5wbGFjZXMudjEuUGxhY2VzLlNlYXJjaE5lYXJieRACGAQgAA,ChIJaUCLorIjDTkRs4SZr3bdRqY
Unlimit,corporate_office,corporate_office|point_of_interest|establishment,,https://www.unlimit.com/,"Fl 14, Aipl Business Club Tower-A, Sector 62, Gurugram, Haryana 122098, India",3.9,8,OPERATIONAL,https://maps.google.com/?cid=3821861697801311154&g_mp=Cilnb29nbGUubWFwcy5wbGFjZXMudjEuUGxhY2VzLlNlYXJjaE5lYXJieRACGAQgAA,ChIJAyKyVfAjDTkRslMeDvf6CTU
Bobble AI,corporate_office,corporate_office|point_of_interest|establishment,,http://www.bobble.ai/,"Aipl Business Club, 18th floor, Sector 62, Gurugram, Haryana 122098, India",4.6,45,OPERATIONAL,https://maps.google.com/?cid=5410637697599293614&g_mp=Cilnb29nbGUubWFwcy5wbGFjZXMudjEuUGxhY2VzLlNlYXJjaE5lYXJieRACGAQgAA,ChIJ2eYsV2YeDTkRrki-tVFyFks
Durga Nursery,preschool,preschool|child_care_agency|school|educational_institution|point_of_interest|service|establishment,,,"C32M+X2J, Ullawas Dhani Rd, Sector 62, Gurugram, Haryana 122098, India",4.5,2,OPERATIONAL,https://maps.google.com/?cid=11866418724103086395&g_mp=Cilnb29nbGUubWFwcy5wbGFjZXMudjEuUGxhY2VzLlNlYXJjaE5lYXJieRACGAQgAA,ChIJvaLMcpUjDTkRO2E1ZvX8raQ
Brillon Consumer Products Private Limited Corporate office,corporate_office,corporate_office|point_of_interest|establishment,,,"10th Floor, AIPL Business Club, Tower 2, Golf Course Ext Rd, Sector 62, Gurugram, Haryana 122098, India",4.9,11,OPERATIONAL,https://maps.google.com/?cid=6885663200365947712&g_mp=Cilnb29nbGUubWFwcy5wbGFjZXMudjEuUGxhY2VzLlNlYXJjaE5lYXJieRACGAQgAA,ChIJa3MpfD4iDTkRQKvK7DLKjl8
jai Shree Laxmi enterprises,point_of_interest,point_of_interest|establishment,092124 65481,,"93WR+VW2, Sector 62, Gurugram, Haryana 122098, India",4,3,OPERATIONAL,https://maps.google.com/?cid=5558425320879933984&g_mp=Cilnb29nbGUubWFwcy5wbGFjZXMudjEuUGxhY2VzLlNlYXJjaE5lYXJieRACGAQgAA,ChIJ7au2gBkjDTkRIMqVKWF-I00
Car Wash Sector 62,car_wash,car_wash|service|point_of_interest|establishment,,,"12, Sector 62, Gurugram, Haryana 122098, India",3.7,3,OPERATIONAL,https://maps.google.com/?cid=9543114334177756794&g_mp=Cilnb29nbGUubWFwcy5wbGFjZXMudjEuUGxhY2VzLlNlYXJjaE5lYXJieRACGAQgAA,ChIJLfdMMAAjDTkReoaa4-zzb4Q
Gurgaon tmt steel dealer,manufacturer,manufacturer|point_of_interest|establishment,,http://www.buildmakaan.com/,"12, Sector 62, Gurugram, Haryana 122001, India",5,1,OPERATIONAL,https://maps.google.com/?cid=2248745364054202015&g_mp=Cilnb29nbGUubWFwcy5wbGFjZXMudjEuUGxhY2VzLlNlYXJjaE5lYXJieRACGAQgAA,ChIJ4U3quPkjDTkRn9bBhv4lNR8
My Trip Cab,taxi_service,taxi_service|car_rental|tour_agency|travel_agency|transportation_service|service|point_of_interest|establishment,096259 78500,https://www.mytripcab.com/,"Sector 52 Krishna Complex Shop No 2 Near Yadav Aata Chakki Wazirabad Gurgaon 122003, Wazirabad, Sector 52, Gurugram, Haryana 122098, India",4.8,229,OPERATIONAL,https://maps.google.com/?cid=6185556022955298262&g_mp=Cilnb29nbGUubWFwcy5wbGFjZXMudjEuUGxhY2VzLlNlYXJjaE5lYXJieRACGAQgAA,ChIJO2Wfl6MYDTkR1k2HLm6C11U
Swastik Traders,building_materials_store,building_materials_store|store|point_of_interest|establishment,094682 53824,,"12, Sector 62, Gurugram, Haryana 122098, India",5,1,OPERATIONAL,https://maps.google.com/?cid=6749087650387141285&g_mp=Cilnb29nbGUubWFwcy5wbGFjZXMudjEuUGxhY2VzLlNlYXJjaE5lYXJieRACGAQgAA,ChIJWxfHxJEjDTkRpSJNt3WTqV0
IndianOil,gas_station,gas_station|service|point_of_interest|establishment,097119 44944,https://locator.iocl.com/indianoil-shree-palturam-sons-petrol-pump-sector-62-gurugram-226034/Home?utm_source=locator&utm_medium=googleplaces,"No 20, South City 1, 2/1/2, Ullawas Dhani Rd, Sector 62, Gurugram, Haryana 122098, India",3.5,111,OPERATIONAL,https://maps.google.com/?cid=10109534075184629327&g_mp=Cilnb29nbGUubWFwcy5wbGFjZXMudjEuUGxhY2VzLlNlYXJjaE5lYXJieRACGAQgAA,ChIJj7M_9BMjDTkRT0YWxK1HTIw
Radiant Rides Car Workshop and Detailing Studio,car_repair,car_repair|service|point_of_interest|establishment,072506 11427,https://www.youtube.com/@Radiantrides62,"Indian oil pump, near aipl business, Sector 62, Gurugram, Haryana 122098, India",4.2,5,OPERATIONAL,https://maps.google.com/?cid=1699882535485896062&g_mp=Cilnb29nbGUubWFwcy5wbGFjZXMudjEuUGxhY2VzLlNlYXJjaE5lYXJieRACGAQgAA,ChIJoWFO_fkjDTkRfvWG3ygylxc
GoMechanic - ROYAL DETAILING AND CAR WORKSHOP,car_repair,car_wash|car_repair|service|point_of_interest|establishment,072506 11427,https://srd1.onelink.me/7EYj/GMB,"Indian oil petrol, near Aipl Business Club, Sector 62, Gurugram, Haryana 122002, India",4.6,76,OPERATIONAL,https://maps.google.com/?cid=16969746787013997034&g_mp=Cilnb29nbGUubWFwcy5wbGFjZXMudjEuUGxhY2VzLlNlYXJjaE5lYXJieRACGAQgAA,ChIJQya25UkjDTkR6rFLEMumgOs
S A H Pollution Centre,car_repair,car_repair|service|point_of_interest|establishment,079823 57772,,"Pollution Centre, Sector 62, Gurugram, Haryana 122098, India",3,2,OPERATIONAL,https://maps.google.com/?cid=11713186219231389193&g_mp=Cilnb29nbGUubWFwcy5wbGFjZXMudjEuUGxhY2VzLlNlYXJjaE5lYXJieRACGAQgAA,ChIJd4erGFsjDTkRCaZJqc6YjaI
Digitup Solutions Pvt. Ltd.,,service|point_of_interest|establishment,092059 87106,https://digitup.com/,"Unit 0001, 13th Floor, Imperia Mindspace, opposite Aipl Business Club, Sector 62, Gurugram, Haryana 122001, India",4,8,OPERATIONAL,https://maps.google.com/?cid=4640683950221080873&g_mp=Cilnb29nbGUubWFwcy5wbGFjZXMudjEuUGxhY2VzLlNlYXJjaE5lYXJieRACGAQgAA,ChIJ-QWVqKojDTkRKbnIH3cFZ0A
India Accelerator | IA Spaces - Coworking Space,coworking_space,coworking_space|point_of_interest|establishment,094580 07071,https://iaspaces.co/,"7th floor, Imperia Mindspace, Golf Course Extension Road, Sector 62, Gurugram, Haryana 122098, India",5,10,OPERATIONAL,https://maps.google.com/?cid=9351975418626904886&g_mp=Cilnb29nbGUubWFwcy5wbGFjZXMudjEuUGxhY2VzLlNlYXJjaE5lYXJieRACGAQgAA,ChIJIRoDRBUjDTkRNhNxJxjkyIE
ICICI BANK ATM,atm,atm|finance|point_of_interest|establishment,1800 1080,https://www.icicibank.com/,"ICICI Bank ATM, Unit No. 6 & 7, AIPL Business Club, Golf Cou rse Extension Road, Medawas, Sector 62, Gurugram, Haryana 122002, India",,,OPERATIONAL,https://maps.google.com/?cid=12557625970915646309&g_mp=Cilnb29nbGUubWFwcy5wbGFjZXMudjEuUGxhY2VzLlNlYXJjaE5lYXJieRACGAQgAA,ChIJB7Tcc0EjDTkRZZulkkmmRa4
Wow Sandwiches,restaurant,restaurant|food|point_of_interest|establishment,,https://www.swiggy.com/direct/brand/15641?source=swiggy-direct&subSource=generic,"Tower-B, Imperia Mindspace, Sector 62, Gurugram, Haryana 122098, India",,,OPERATIONAL,https://maps.google.com/?cid=13751404764630088823&g_mp=Cilnb29nbGUubWFwcy5wbGFjZXMudjEuUGxhY2VzLlNlYXJjaE5lYXJieRACGAQgAA,ChIJSTEVDQAjDTkRd_xjfsbN1r4
HDFC Bank ATM,atm,atm|finance|point_of_interest|establishment,1800 1601,https://www.hdfc.bank.in/branch-locator/haryana/gurugram/hdfcbank-atm-imperiamindspaceatm,"Shop No 17, 20, GF, Imperia Mindspace, to, Golf Course Extension Road, Sector 62, Gurugram, Haryana 122098, India",5,1,OPERATIONAL,https://maps.google.com/?cid=13725167452386587916&g_mp=Cilnb29nbGUubWFwcy5wbGFjZXMudjEuUGxhY2VzLlNlYXJjaE5lYXJieRACGAQgAA,ChIJuxCRFU4jDTkRDHVBMhSXeb4
Imperia MindSpace,general_contractor,general_contractor|service|point_of_interest|establishment,011 4646 9999,http://www.imperiastructures.com/,"7th floor, Imperia Mindspace, Golf Course Ext Rd, behind Aipl Business Club, Sector 62, Gurugram, Haryana 122098, India",4.5,124,OPERATIONAL,https://maps.google.com/?cid=5393673294678579582&g_mp=Cilnb29nbGUubWFwcy5wbGFjZXMudjEuUGxhY2VzLlNlYXJjaE5lYXJieRACGAQgAA,ChIJq6qqqhUiDTkRftnT20gt2ko
Javi Systems India Pvt. Ltd.,,service|point_of_interest|establishment,084476 52632,https://javisystems.com/,"6th floor, Imperia Mindspace, Golf course Extn, 62 C-2, Road, Sector 62, Gurugram, Haryana 122098, India",3.6,7,OPERATIONAL,https://maps.google.com/?cid=790246853013782276&g_mp=Cilnb29nbGUubWFwcy5wbGFjZXMudjEuUGxhY2VzLlNlYXJjaE5lYXJieRACGAQgAA,ChIJU2BXskAjDTkRBL_BblOF9wo
The Chai Coffee Life,cafe,cafe|food|point_of_interest|establishment,,https://www.thechaicoffeelife.com/,"G-13, Imperia Mindspace, Sector 62, Gurugram, Haryana 122098, India",4.9,29,CLOSED_TEMPORARILY,https://maps.google.com/?cid=9588599239906164406&g_mp=Cilnb29nbGUubWFwcy5wbGFjZXMudjEuUGxhY2VzLlNlYXJjaE5lYXJieRACGAQgAA,ChIJp8EIzTsjDTkRtv4vxDSMEYU
Premeio Medical Clinic,medical_center,medical_center|hospital|health|service|point_of_interest|establishment,098109 61758,https://www.premeiomedical.com/,"GF-11, Imperia Mindspace, Sector 62, Gurugram, Haryana 122098, India",5,22,OPERATIONAL,https://maps.google.com/?cid=12661158642182030534&g_mp=Cilnb29nbGUubWFwcy5wbGFjZXMudjEuUGxhY2VzLlNlYXJjaE5lYXJieRACGAQgAA,ChIJazsg624jDTkRxoQgELR4ta8
Cafe Shahtoot,restaurant,restaurant|food|point_of_interest|establishment,083685 18968,,"Shop G01, Imperia Mindspace, Sector 62, Gurugram, Haryana 122098, India",,,CLOSED_TEMPORARILY,https://maps.google.com/?cid=793038063300561695&g_mp=Cilnb29nbGUubWFwcy5wbGFjZXMudjEuUGxhY2VzLlNlYXJjaE5lYXJieRACGAQgAA,ChIJCbyHqA4jDTkRH8tkuOpvAQs
rupyy,finance,finance|point_of_interest|establishment,,http://rupyy.com/,"7th floor, Imperia Mindspace, Golf Course Ext Rd, Sector 62, Gurugram, Haryana 122098, India",4.8,1283,OPERATIONAL,https://maps.google.com/?cid=16862855527965538118&g_mp=Cilnb29nbGUubWFwcy5wbGFjZXMudjEuUGxhY2VzLlNlYXJjaE5lYXJieRACGAQgAA,ChIJkWkcfG4iDTkRRjcea8LlBOo
Time Residency - Entry Gate,apartment_building,apartment_building|service|point_of_interest|establishment,,,"C32Q+HX6, Sector 63, Gurugram, Haryana 122098, India",4.2,6,OPERATIONAL,https://maps.google.com/?cid=14214230577545036625&g_mp=Cilnb29nbGUubWFwcy5wbGFjZXMudjEuUGxhY2VzLlNlYXJjaE5lYXJieRACGAQgAA,ChIJ8cbzUFkjDTkRUUMRamYXQ8U
Kunal building material supplier,store,store|point_of_interest|establishment,,,"Heritage One, Sector 62, Gurugram, Haryana 122098, India",5,3,OPERATIONAL,https://maps.google.com/?cid=15464293369156542916&g_mp=Cilnb29nbGUubWFwcy5wbGFjZXMudjEuUGxhY2VzLlNlYXJjaE5lYXJieRACGAQgAA,ChIJkQjbEgAjDTkRxCEBy-I0nNY
Leafytales Farm,furniture_store,furniture_store|home_improvement_store|home_goods_store|store|point_of_interest|establishment,093193 10579,,"Leafytales Farm, Adjacent to Heritage One Society, Sector 62, Gurugram, Haryana 122098, India",3.3,22,CLOSED_TEMPORARILY,https://maps.google.com/?cid=8360608452581440484&g_mp=Cilnb29nbGUubWFwcy5wbGFjZXMudjEuUGxhY2VzLlNlYXJjaE5lYXJieRACGAQgAA,ChIJZ5Y_absjDTkR5Ls-WhfZBnQ
Tata Play Fiber - Sector 62,service,service|point_of_interest|establishment,0612 415 7490,https://wifi-connections.tataplayfiber.com/tata-play-fiber/new-delhi/Vivek-Vihar/tata-play-fiber-in-Vivek-Vihar-new-delhi--7Qj9rX/home,"Maidawas Rd, nearby Leafytales Farm, Sector 62, Gurugram, Haryana 122098, India",5,5,OPERATIONAL,https://maps.google.com/?cid=14336099539136486213&g_mp=Cilnb29nbGUubWFwcy5wbGFjZXMudjEuUGxhY2VzLlNlYXJjaE5lYXJieRACGAQgAA,ChIJpx2CQNMjDTkRRRvfLpMO9MY
Brainwonders Career Counselling in Gurugram,service,consultant|health|service|point_of_interest|establishment,099877 66531,https://www.brainwonders.in/career-counselling-in-gurugram,"A303 , Time resisdency, sector 63 , near Paras Trinity Mall, Sector 62, Gurugram, Haryana 122098, India",4.5,4,OPERATIONAL,https://maps.google.com/?cid=13904482055067179388&g_mp=Cilnb29nbGUubWFwcy5wbGFjZXMudjEuUGxhY2VzLlNlYXJjaE5lYXJieRACGAQgAA,ChIJh1ZtWMEjDTkRfJkSjsKk9sA
A,apartment_building,apartment_building|service|point_of_interest|establishment,,,"TOWER-A, Time Residency, A 1502, Sector 63, Gurugram, Haryana 122098, India",5,1,OPERATIONAL,https://maps.google.com/?cid=317852523409733171&g_mp=Cilnb29nbGUubWFwcy5wbGFjZXMudjEuUGxhY2VzLlNlYXJjaE5lYXJieRACGAQgAA,ChIJoay4RgAjDTkRM3bMnC89aQQ
Nail’dit Studio by Beena,nail_salon,nail_salon|beauty_salon|service|point_of_interest|establishment,084339 53869,https://naildit.co.in/,"144, FF, Paras Trinity, Golf course extension, Sector 63, Gurugram, Haryana 122011, India",4.8,99,OPERATIONAL,https://maps.google.com/?cid=9876853945427425840&g_mp=Cilnb29nbGUubWFwcy5wbGFjZXMudjEuUGxhY2VzLlNlYXJjaE5lYXJieRACGAQgAA,ChIJNatGxugjDTkRMPqdY1WiEYk
ExclusiveBanaras,womens_clothing_store,womens_clothing_store|clothing_store|store|point_of_interest|establishment,,,"Time Residency, Sector 63, Gurugram, Haryana 122098, India",5,1,CLOSED_TEMPORARILY,https://maps.google.com/?cid=1949074476063107020&g_mp=Cilnb29nbGUubWFwcy5wbGFjZXMudjEuUGxhY2VzLlNlYXJjaE5lYXJieRACGAQgAA,ChIJDfLSX2UjDTkRzKeFyuiADBs
Tower B,apartment_building,apartment_building|service|point_of_interest|establishment,,,"TOWER-B, Time Residency, Sector 63, Gurugram, Haryana 122098, India",5,1,OPERATIONAL,https://maps.google.com/?cid=1844628814218356928&g_mp=Cilnb29nbGUubWFwcy5wbGFjZXMudjEuUGxhY2VzLlNlYXJjaE5lYXJieRACGAQgAA,ChIJj1aaWQAjDTkRwGjvHSJwmRk
Infinity Global - Your Perfect Travel Partner,travel_agency,travel_agency|service|point_of_interest|establishment,098110 00167,,"102 First Floor Paras Trinity, TOWER-B, Sector 63, Gurugram, Haryana 122011, India",4.3,14,OPERATIONAL,https://maps.google.com/?cid=8858717584647823916&g_mp=Cilnb29nbGUubWFwcy5wbGFjZXMudjEuUGxhY2VzLlNlYXJjaE5lYXJieRACGAQgAA,ChIJr1z-mrEjDTkRLKJwLrV88Ho
Meraak with Gargee - Therapist and Healer,medical_clinic,medical_clinic|health|service|point_of_interest|establishment,,http://www.meraak.in/,"Dhoot, Time Residency, Sector 63, Gurugram, Haryana 122098, India",5,9,OPERATIONAL,https://maps.google.com/?cid=912502944789108467&g_mp=Cilnb29nbGUubWFwcy5wbGFjZXMudjEuUGxhY2VzLlNlYXJjaE5lYXJieRACGAQgAA,ChIJK3oNlk0jDTkR8xan-JfcqQw
Consortium Gifts,gift_shop,gift_shop|store|service|point_of_interest|establishment,096500 23803,https://www.consortiumgifts.com/Corporate-Gifts-in-gurgaon,"A-1801, Time Residency, Sector 63, Gurugram, Haryana 122098, India",,,CLOSED_TEMPORARILY,https://maps.google.com/?cid=17524872812920757596&g_mp=Cilnb29nbGUubWFwcy5wbGFjZXMudjEuUGxhY2VzLlNlYXJjaE5lYXJieRACGAQgAA,ChIJN67vveojDTkRXN0K_PjaNPM
FIRST CHOICE PHARMACY,pharmacy,pharmacy|store|health|point_of_interest|establishment,099531 42647,,"Dhoot, Time Residency, Sector 63, Gurugram, Haryana 122098, India",4.9,30,OPERATIONAL,https://maps.google.com/?cid=9189095822143253248&g_mp=Cilnb29nbGUubWFwcy5wbGFjZXMudjEuUGxhY2VzLlNlYXJjaE5lYXJieRACGAQgAA,ChIJaejyMPgjDTkRAOvf3fY5hn8
Avon vegetable and fruits shop,grocery_store,grocery_store|food_store|store|food|point_of_interest|establishment,,,"Heritage One, Tower-A, Sector 62, Gurugram, Haryana 122098, India",3.7,14,OPERATIONAL,https://maps.google.com/?cid=572952585522428653&g_mp=Cilnb29nbGUubWFwcy5wbGFjZXMudjEuUGxhY2VzLlNlYXJjaE5lYXJieRACGAQgAA,ChIJP1CmPMYjDTkR7bo0RVeJ8wc
Aryan dry cleaner,laundry,laundry|service|point_of_interest|establishment,,,"Basement, Tower-A, Sector 62, Gurugram, Haryana 122098, India",5,1,OPERATIONAL,https://maps.google.com/?cid=8508351484963915055&g_mp=Cilnb29nbGUubWFwcy5wbGFjZXMudjEuUGxhY2VzLlNlYXJjaE5lYXJieRACGAQgAA,ChIJ4-RyA5gjDTkRLwVxrZi8E3Y
Time Residency Tower C,apartment_building,apartment_building|service|point_of_interest|establishment,,,"C32R+C93, Sector 62, Gurugram, Haryana 122098, India",5,4,OPERATIONAL,https://maps.google.com/?cid=7283001635229307384&g_mp=Cilnb29nbGUubWFwcy5wbGFjZXMudjEuUGxhY2VzLlNlYXJjaE5lYXJieRACGAQgAA,ChIJ0zrAEsgjDTkR-JFudmZrEmU
Heritage One,apartment_building,apartment_building|apartment_complex|service|point_of_interest|establishment,0124 280 3000,,"Gate, Maidawas Rd, Sector 62, Gurugram, Haryana 122098, India",4.1,99,OPERATIONAL,https://maps.google.com/?cid=3940176128734002337&g_mp=Cilnb29nbGUubWFwcy5wbGFjZXMudjEuUGxhY2VzLlNlYXJjaE5lYXJieRACGAQgAA,ChIJTWAeJxgiDTkRofypKVBRrjY
Heritage One Badminton and Skating,sports_club,sports_club|association_or_organization|point_of_interest|establishment,,,"C33R+36Q, Heritage One Main Gate, Sector 62, Gurugram, Haryana 122098, India",5,1,OPERATIONAL,https://maps.google.com/?cid=1478109886006109259&g_mp=Cilnb29nbGUubWFwcy5wbGFjZXMudjEuUGxhY2VzLlNlYXJjaE5lYXJieRACGAQgAA,ChIJAXqJ1DYjDTkRSyRjJhxNgxQ
Heritage One Football Club,sports_club,sports_club|association_or_organization|point_of_interest|establishment,,,"C33R+36Q, Heritage One Main Gate, Sector 62, Gurugram, Haryana 122098, India",5,4,OPERATIONAL,https://maps.google.com/?cid=3504577221971128864&g_mp=Cilnb29nbGUubWFwcy5wbGFjZXMudjEuUGxhY2VzLlNlYXJjaE5lYXJieRACGAQgAA,ChIJo20qyukjDTkRILKDU2rCojA
Blushing Couture,,clothing_store|store|point_of_interest|establishment,097118 45015,http://blushingcouture.com/,"803, Paras trinity, golf course extension road, Sector 63, Gurugram, Haryana 122098, India",5,19,OPERATIONAL,https://maps.google.com/?cid=294529020833879215&g_mp=Cilnb29nbGUubWFwcy5wbGFjZXMudjEuUGxhY2VzLlNlYXJjaE5lYXJieRACGAQgAA,ChIJUWexB7UYDTkRr9TYfpVgFgQ
Axis Bank Branch,bank,bank|finance|point_of_interest|establishment,1860 500 5555,https://branch.axisbank.com/axis-bank-gurgaon-bank-branch-haryana-6102/Home,"Ground floor, Shop no 89, Miracle mile, Sector 63, Gurugram, Haryana 122098, India",4.8,12,OPERATIONAL,https://maps.google.com/?cid=9055628371701974163&g_mp=Cilnb29nbGUubWFwcy5wbGFjZXMudjEuUGxhY2VzLlNlYXJjaE5lYXJieRACGAQgAA,ChIJ1wqD6OgjDTkRk8Q-eQYOrH0
Dr. Reetadyuti Mukhopadhyay,medical_clinic,medical_clinic|health|point_of_interest|establishment,098188 75814,https://rmukhopadhyay.com/,"2nd Floor, Miracle Mile, SF 64, Sector 60, Gurugram, Haryana 122002, India",,,OPERATIONAL,https://maps.google.com/?cid=13390012368735759670&g_mp=Cilnb29nbGUubWFwcy5wbGFjZXMudjEuUGxhY2VzLlNlYXJjaE5lYXJieRACGAQgAA,ChIJ-UpxPAcjDTkRNu2UWE7h0rk
Adrita Menopause Wellness,doctor,doctor|consultant|medical_clinic|health|service|point_of_interest|establishment,095609 05470,https://www.adrita.life/,"Second Floor, Adrita Menopause Wellness, Miracle Mile, SF- 64, Sector 60, Gurugram, Haryana 122098, India",5,92,OPERATIONAL,https://maps.google.com/?cid=5726158667537706582&g_mp=Cilnb29nbGUubWFwcy5wbGFjZXMudjEuUGxhY2VzLlNlYXJjaE5lYXJieRACGAQgAA,ChIJcdE6N4wjDTkRVu4bOvhmd08
Kotak Mahindra Bank ATM,atm,atm|finance|point_of_interest|establishment,1800 4100,https://www.kotak.bank.in/en/reach-us.html?utm_source=google&utm_medium=gmb,"51 - 53, Miracle Mile, Sector 60, Gurugram, Haryana 122002, India",,,OPERATIONAL,https://maps.google.com/?cid=10329882907914534184&g_mp=Cilnb29nbGUubWFwcy5wbGFjZXMudjEuUGxhY2VzLlNlYXJjaE5lYXJieRACGAQgAA,ChIJuwC6DyojDTkRKP2fUcYdW48
Kotak Mahindra Bank,bank,bank|insurance_agency|finance|service|point_of_interest|establishment,1800 4100,https://www.kotak.bank.in/en/reach-us.html?utm_source=google&utm_medium=gmb,"51 - 53, Miracle Mile, Sector 60, Gurugram, Haryana 122002, India",,,OPERATIONAL,https://maps.google.com/?cid=7714510428249477786&g_mp=Cilnb29nbGUubWFwcy5wbGFjZXMudjEuUGxhY2VzLlNlYXJjaE5lYXJieRACGAQgAA,ChIJES0DyBUjDTkRmlLbe1xyD2s
"Care & Cure for Kids, A Pediatric Wellness Clinic by Dr. Namrata",doctor,doctor|medical_clinic|health|point_of_interest|establishment,,,"1st floor, Shop #50, Miracle Mile, Sector 60, Gurugram, Haryana 122098, India",4.9,71,OPERATIONAL,https://maps.google.com/?cid=5599774355784756983&g_mp=Cilnb29nbGUubWFwcy5wbGFjZXMudjEuUGxhY2VzLlNlYXJjaE5lYXJieRACGAQgAA,ChIJLUF00-gjDTkR927kkhtltk0
"Glitz Salon, Sector 60, Miracle Mile Mall",beauty_salon,beauty_salon|hair_salon|hair_care|nail_salon|service|point_of_interest|establishment,073034 68816,https://glitzsalon.in/salons/sector-60-miracle-mile-mall-gurugram/,"Shop No, 64, Ground Floor, Miracle mile Mall, Sector 60, Gurugram, Haryana 122002, India",4.9,60,OPERATIONAL,https://maps.google.com/?cid=12455473154456854422&g_mp=Cilnb29nbGUubWFwcy5wbGFjZXMudjEuUGxhY2VzLlNlYXJjaE5lYXJieRACGAQgAA,ChIJDSDBeysjDTkRlp_QkNe62qw
Pathya,health,health|service|point_of_interest|establishment,,http://www.pathyahealth.com/,"Sector 60, Gurugram, Haryana 122102, India",,,OPERATIONAL,https://maps.google.com/?cid=5629559736742353766&g_mp=Cilnb29nbGUubWFwcy5wbGFjZXMudjEuUGxhY2VzLlNlYXJjaE5lYXJieRACGAQgAA,ChIJywSHMN0jDTkRZpte_sA2IE4
Voice of Words,consultant,consultant|service|point_of_interest|establishment,,,"FF-11, Adani Miracle Mile, Golf Course Extension Road, Sector 60, Gurugram, Haryana 122015, India",,,OPERATIONAL,https://maps.google.com/?cid=7978264130870124709&g_mp=Cilnb29nbGUubWFwcy5wbGFjZXMudjEuUGxhY2VzLlNlYXJjaE5lYXJieRACGAQgAA,ChIJN-DuhwQjDTkRpSDB1PR8uG4
K&S Realty Service,service,service|point_of_interest|establishment,,,"GF-54, Adani Miracle Mile, Sector 60, Gurugram, Haryana 122098, India",5,8,OPERATIONAL,https://maps.google.com/?cid=11147989772719149307&g_mp=Cilnb29nbGUubWFwcy5wbGFjZXMudjEuUGxhY2VzLlNlYXJjaE5lYXJieRACGAQgAA,ChIJB2PC8-kjDTkR-9CcOqKdtZo
Mirage The Interior Studio,general_contractor,general_contractor|service|point_of_interest|establishment,098188 03137,,"4th floor, Miracle Mile, 401-404, Sector 60, Gurugram, Haryana 122002, India",,,OPERATIONAL,https://maps.google.com/?cid=6222677215411759692&g_mp=Cilnb29nbGUubWFwcy5wbGFjZXMudjEuUGxhY2VzLlNlYXJjaE5lYXJieRACGAQgAA,ChIJdaTr6VEjDTkRTOqIUPVjW1Y
Aranyaka Estates Corporate Office,general_contractor,general_contractor|service|point_of_interest|establishment,098102 06115,https://aranyakaestates.com/,"Unit Nos 401 - 404, 4th floor, Adani Miracle Mile, Sector 60, Gurugram, Haryana 122098, India",5,5,OPERATIONAL,https://maps.google.com/?cid=6022796143156476398&g_mp=Cilnb29nbGUubWFwcy5wbGFjZXMudjEuUGxhY2VzLlNlYXJjaE5lYXJieRACGAQgAA,ChIJeaPI4p0jDTkR7jlvmy5FlVM
Little Whitess Pediatric & General Dentistry,dental_clinic,dental_clinic|medical_clinic|health|point_of_interest|establishment,,https://www.drkhannasdentalclinic.com/best-kids-dentist-pediatric-dentistry-little-whites/,"Adani Miracle Mile, Sector 60, Gurugram, Haryana 122098, India",4.9,23,OPERATIONAL,https://maps.google.com/?cid=3526960916851573008&g_mp=Cilnb29nbGUubWFwcy5wbGFjZXMudjEuUGxhY2VzLlNlYXJjaE5lYXJieRACGAQgAA,ChIJwQfJgkwjDTkREMGfaURI8jA
ICICI BANK ATM,bank,bank|finance|point_of_interest|establishment,1800 1080,https://www.icicibank.com/,"ICICI Bank ATM, GF-88, Miracle Mile, Bra hma City, Block M, Sector 60, Gurugram, Haryana 122002, India",,,OPERATIONAL,https://maps.google.com/?cid=2877317869122410693&g_mp=Cilnb29nbGUubWFwcy5wbGFjZXMudjEuUGxhY2VzLlNlYXJjaE5lYXJieRACGAQgAA,ChIJjy0tme4jDTkRxdjsdltJ7ic
Dhulai - Premium Laundry & Drycleaning - Sector 60,laundry,laundry|service|point_of_interest|establishment,,https://dhulai.in/,"Shop no.3 , Ground Floor, Miracle Mile, Sector 60, Gurugram, Haryana 122018, India",,,OPERATIONAL,https://maps.google.com/?cid=13403054518434196824&g_mp=Cilnb29nbGUubWFwcy5wbGFjZXMudjEuUGxhY2VzLlNlYXJjaE5lYXJieRACGAQgAA,ChIJc9AXjHYjDTkRWO12dBI3Abo
The Asset Gainer,finance,finance|service|point_of_interest|establishment,098919 56357,,"Shop No-48, 1st Floor, Adani Miracle Mile, Sector 60, Gurugram, Haryana 122096, India",5,1,OPERATIONAL,https://maps.google.com/?cid=7015346020362226322&g_mp=Cilnb29nbGUubWFwcy5wbGFjZXMudjEuUGxhY2VzLlNlYXJjaE5lYXJieRACGAQgAA,ChIJb6nz5v0jDTkRkgokYAmEW2E
Miracle Mile,shopping_mall,shopping_mall|point_of_interest|establishment,,,"C32V+H6R, Sector 60, Gurugram, Haryana 122098, India",4.5,15,OPERATIONAL,https://maps.google.com/?cid=12079080089560374345&g_mp=Cilnb29nbGUubWFwcy5wbGFjZXMudjEuUGxhY2VzLlNlYXJjaE5lYXJieRACGAQgAA,ChIJ82ubEAAjDTkRSVy9_1eDoac
Adani Realty,corporate_office,corporate_office|point_of_interest|establishment,08071 500 129,https://www.adanirealty.com/,"First floor 38, GLOBAL APPAREL, A D, off Golf Course Extension Road, Sector 60, Gurugram, Haryana 122098, India",4.2,59,OPERATIONAL,https://maps.google.com/?cid=5568242036707887785&g_mp=Cilnb29nbGUubWFwcy5wbGFjZXMudjEuUGxhY2VzLlNlYXJjaE5lYXJieRACGAQgAA,ChIJ9-x-7SQiDTkRqQpfbaFeRk0
ADORNE by ADITI - Jewellery Store in Sector - 60 Gurgaon,jewelry_store,jewelry_store|store|point_of_interest|establishment,098701 86408,,"GF 70, ADANI MIRACLE MILE, Sector 60, Gurugram, Haryana 122011, India",4.9,30,OPERATIONAL,https://maps.google.com/?cid=14946830770006847041&g_mp=Cilnb29nbGUubWFwcy5wbGFjZXMudjEuUGxhY2VzLlNlYXJjaE5lYXJieRACGAQgAA,ChIJZXvvFdUjDTkRQe4ixGTPbc8
STAPES & BAUBLE PRIVATE LIMITED,electronics_store,home_goods_store|electronics_store|store|service|point_of_interest|establishment,098107 42364,https://www.stapesindia.com/,"SF 35, Miracle Mile, off Golf Course Extension Road, Pocket M, Sector 60, Gurugram, Haryana 122098, India",4.5,2,OPERATIONAL,https://maps.google.com/?cid=9288034446688708559&g_mp=Cilnb29nbGUubWFwcy5wbGFjZXMudjEuUGxhY2VzLlNlYXJjaE5lYXJieRACGAQgAA,ChIJf5DuOGwjDTkRz-d4gB665YA
OPHIRA - LAB GROWN DIAMOND JEWELLERY,jewelry_store,jewelry_store|service|wholesaler|store|point_of_interest|establishment,099999 92442,http://www.ophira.in/,"GF 92, AIPL JOY CENTRAL, Sector 65, Gurugram, Haryana 122101, India",5,206,OPERATIONAL,https://maps.google.com/?cid=12260700611534159476&g_mp=Cilnb29nbGUubWFwcy5wbGFjZXMudjEuUGxhY2VzLlNlYXJjaE5lYXJieRACGAQgAA,ChIJv68azpIjDTkRdH7oBz_CJqo
ellementry,home_improvement_store,home_improvement_store|home_goods_store|store|point_of_interest|establishment,076781 22492,https://www.ellementry.com/,"GF -90/91, AIPL Joy Central, Sector 65, Gurugram, Haryana 122101, India",4.6,17,OPERATIONAL,https://maps.google.com/?cid=3589191396336786579&g_mp=Cilnb29nbGUubWFwcy5wbGFjZXMudjEuUGxhY2VzLlNlYXJjaE5lYXJieRACGAQgAA,ChIJux8jK7sjDTkRk9yKAY9ezzE
"SG Exclusive Store - AIPL, Gurugram",sportswear_store,sportswear_store|clothing_store|sporting_goods_store|store|point_of_interest|establishment,095208 54438,https://stores.teamsg.in/sg-exclusive-store-aipl-gurugram-sportswear-shop-sector-65-gurugram-532304/Home?utm_source=locator&utm_medium=googleplaces,"AIPL Joy Central, Sector 65, Gurugram, Haryana 122101, India",4.9,177,OPERATIONAL,https://maps.google.com/?cid=13446934760856397558&g_mp=Cilnb29nbGUubWFwcy5wbGFjZXMudjEuUGxhY2VzLlNlYXJjaE5lYXJieRACGAQgAA,ChIJs8pntogjDTkR9qayiusbnbo
"BlueStone Jewellery Joy Central, Gurugram",jewelry_store,jewelry_store|manufacturer|finance|service|wholesaler|store|point_of_interest|establishment,086557 89755,https://www.bluestone.com/stores/joy-central-gurugram-reslnk-TVRjNA%3D%3D/catalog.html?utm_source=Google_GMB&utm_medium=GMB_Organic_Store&utm_campaign=GMB_local,"Ground Floor,79, 93 Ground Floor, Joy Central, Sector 65, Gurugram, Haryana 122101, India",5,564,OPERATIONAL,https://maps.google.com/?cid=11590856893177832656&g_mp=Cilnb29nbGUubWFwcy5wbGFjZXMudjEuUGxhY2VzLlNlYXJjaE5lYXJieRACGAQgAA,ChIJMavlqHsjDTkR0KRA8O7-2qA
Sibang Bakery,bakery,bakery|food_store|store|point_of_interest|food|establishment,,https://linktr.ee/sibangbakery,"1st Floor, Joy Central, Sector 65, Gurugram, Haryana 122101, India",4.1,57,OPERATIONAL,https://maps.google.com/?cid=12171023352503497908&g_mp=Cilnb29nbGUubWFwcy5wbGFjZXMudjEuUGxhY2VzLlNlYXJjaE5lYXJieRACGAQgAA,ChIJh1AWm3wjDTkRtHT0FkEp6Kg
Shelfebook Bookstore,book_store,book_store|store|point_of_interest|establishment,,,"Ground Floor, AIPL Joy Central, Sector 65, Gurugram, Haryana 122101, India",5,1,OPERATIONAL,https://maps.google.com/?cid=9861453788039071275&g_mp=Cilnb29nbGUubWFwcy5wbGFjZXMudjEuUGxhY2VzLlNlYXJjaE5lYXJieRACGAQgAA,ChIJ9XxTDZ8jDTkRK8b_1Pjr2og
spillhouse gurugram,cafe,cafe|point_of_interest|food|establishment,099531 77628,http://spillhouse.in/,"Shop no, 1st floor, Aipl Joy Central, 65-66, Sector 65, Gurugram, Haryana 122101, India",5,29,OPERATIONAL,https://maps.google.com/?cid=17635068044702072253&g_mp=Cilnb29nbGUubWFwcy5wbGFjZXMudjEuUGxhY2VzLlNlYXJjaE5lYXJieRACGAQgAA,ChIJbyWf5TcjDTkRvT1PuvNYvPQ
"Delifrance India- AIPL Joy Central, Gurugram",restaurant,restaurant|bistro|cafe|french_restaurant|point_of_interest|food|establishment,078279 14547,http://delifrancerestaurants.in/,"Shop No. GF - 86, 87, 88, AIPL Joy Central, Sector 65, Gurugram, Haryana 122101, India",4.2,130,OPERATIONAL,https://maps.google.com/?cid=11182115965923214079&g_mp=Cilnb29nbGUubWFwcy5wbGFjZXMudjEuUGxhY2VzLlNlYXJjaE5lYXJieRACGAQgAA,ChIJSRxDa-0jDTkR_8ITwjnbLps
Coffee Island | AIPL,coffee_shop,coffee_shop|cafe|food_store|store|point_of_interest|food|establishment,092113 79005,https://coffeeisland.in/,"Shop No, Ground Floor, AIPL Joy Central, 110 & 111, Sector 65, Gurugram, Haryana 122101, India",4.9,332,OPERATIONAL,https://maps.google.com/?cid=78999959406536467&g_mp=Cilnb29nbGUubWFwcy5wbGFjZXMudjEuUGxhY2VzLlNlYXJjaE5lYXJieRACGAQgAA,ChIJKRRUUvcjDTkRE2eyZQuqGAE
Sekai Ichiba | Japanese Food Store,supermarket,supermarket|asian_grocery_store|grocery_store|food_store|store|point_of_interest|food|establishment,084488 57738,http://sekaiichiba.com/,"Shop 84,85, Aipl Joy Central, Sector 65, Gurugram, Haryana 122101, India",4.6,14,OPERATIONAL,https://maps.google.com/?cid=529013695167511768&g_mp=Cilnb29nbGUubWFwcy5wbGFjZXMudjEuUGxhY2VzLlNlYXJjaE5lYXJieRACGAQgAA,ChIJAzo0CQAjDTkR2LzGJSdvVwc
Adona Woods,manufacturer,manufacturer|point_of_interest|establishment,099102 00934,http://www.adona.in/,"Unit 56 Ground Floor, AIPL Joy Central, opposite St. Xavier's High School, Sector 65, Gurugram, Haryana 122101, India",4.6,82,OPERATIONAL,https://maps.google.com/?cid=1519816323698324893&g_mp=Cilnb29nbGUubWFwcy5wbGFjZXMudjEuUGxhY2VzLlNlYXJjaE5lYXJieRACGAQgAA,ChIJPXDqOp8XDTkRnfXg4eR4FxU
AIPL JOY CENTRE PARK,park,park|point_of_interest|establishment,,,"C336+P7, Sector 65, Gurugram, Haryana 122101, India",5,1,OPERATIONAL,https://maps.google.com/?cid=9375565425503661070&g_mp=Cilnb29nbGUubWFwcy5wbGFjZXMudjEuUGxhY2VzLlNlYXJjaE5lYXJieRACGAQgAA,ChIJZbf8HgAjDTkRDmyUoxSzHII
"Daamaira Home and living limited, Home decor store Gurgaon",service,gift_shop|furniture_store|home_improvement_store|home_goods_store|service|store|point_of_interest|establishment,098116 86868,https://daamaira.com/,"GF-105, Ground Floor, Joy Central, Sector 65, Gurugram, Haryana 122101, India",4.8,39,OPERATIONAL,https://maps.google.com/?cid=2218981608349267049&g_mp=Cilnb29nbGUubWFwcy5wbGFjZXMudjEuUGxhY2VzLlNlYXJjaE5lYXJieRACGAQgAA,ChIJqyyjMvgjDTkRaXTIIARoyx4
Amairra’s Patisserie,bakery,bakery|food_store|store|point_of_interest|food|establishment,099991 74774,http://instagram.com/amairraspatisserie,"Shop no. GF, AIPL, 23 &24, Joy Central, Sector 65, Gurugram, Haryana 122101, India",4.7,48,OPERATIONAL,https://maps.google.com/?cid=15531701817510563917&g_mp=Cilnb29nbGUubWFwcy5wbGFjZXMudjEuUGxhY2VzLlNlYXJjaE5lYXJieRACGAQgAA,ChIJ0T9eU-kjDTkRTZABNoOwi9c
Fin Churros | AIPL Joy Central,cafe,cafe|dessert_shop|confectionery|food_store|store|point_of_interest|food|establishment,,,"Ground Floor, Shop no GF-20, Aipl Joy Central, Badshahpur, Sector 65, Gurugram, Haryana 122101, India",4.7,12,OPERATIONAL,https://maps.google.com/?cid=2628759689488985719&g_mp=Cilnb29nbGUubWFwcy5wbGFjZXMudjEuUGxhY2VzLlNlYXJjaE5lYXJieRACGAQgAA,ChIJl0qNw-AjDTkRd27bgwI7eyQ
AISHNIHA COUTURE,store,clothing_store|store|point_of_interest|establishment,093105 35505,,"22, ground floor, AIPL JOY CENTRAL, Sector 65, Gurugram, Haryana 122002, India",5,6,OPERATIONAL,https://maps.google.com/?cid=9044036798337032005&g_mp=Cilnb29nbGUubWFwcy5wbGFjZXMudjEuUGxhY2VzLlNlYXJjaE5lYXJieRACGAQgAA,ChIJkTx2lUIjDTkRRZ9w_Izfgn0
Cafe De Flora,cafe,cafe|restaurant|point_of_interest|food|establishment,084484 41840,,"GF-31 - GF38, Aipl joy central, Sector 65, Gurugram, Haryana 122101, India",4.6,715,OPERATIONAL,https://maps.google.com/?cid=16168624191585120878&g_mp=Cilnb29nbGUubWFwcy5wbGFjZXMudjEuUGxhY2VzLlNlYXJjaE5lYXJieRACGAQgAA,ChIJZS4pGAAjDTkRbvI3hgl-YuA
Ditya Bakehouse,cafe,cafe|point_of_interest|food|establishment,097736 99224,https://www.ananyasbakehouse.in/,"102, GROUND FLOOR, AIPL Joy Central, Sector 65, Gurugram, Haryana 122002, India",5,23,OPERATIONAL,https://maps.google.com/?cid=3079147722340603493&g_mp=Cilnb29nbGUubWFwcy5wbGFjZXMudjEuUGxhY2VzLlNlYXJjaE5lYXJieRACGAQgAA,ChIJpaowQRkjDTkRZZYQGYpUuyo
"Kiaasa - Joy Central, Gurgaon",clothing_store,clothing_store|womens_clothing_store|store|point_of_interest|establishment,093199 98169,https://stores.kiaasaretail.com/kiaasa-sector-65-gurugram-48139/home?utm_source=GBP,"Unit No 76, Ground Floor, AIPL Joy Central, Badshahpur, Sector 65, Gurugram, Haryana 122101, India",,,OPERATIONAL,https://maps.google.com/?cid=17132777634809457871&g_mp=Cilnb29nbGUubWFwcy5wbGFjZXMudjEuUGxhY2VzLlNlYXJjaE5lYXJieRACGAQgAA,ChIJ041rcjgjDTkRzyyTSnzaw-0
Ninewatt House,restaurant,restaurant|point_of_interest|food|establishment,070428 90999,,"GF 51-52, AIPL Joy Central Mall, Sector 65, Gurugram, Haryana 122101, India",4.7,35,OPERATIONAL,https://maps.google.com/?cid=14965123493096389218&g_mp=Cilnb29nbGUubWFwcy5wbGFjZXMudjEuUGxhY2VzLlNlYXJjaE5lYXJieRACGAQgAA,ChIJ2S0-7t4jDTkRYvrcQYfMrs8
Shruti Home Tuitions,educational_institution,educational_institution|point_of_interest|establishment,,,"M3M Heights, TOWER-4, Sector 65, Gurugram, Haryana 122101, India",5,1,OPERATIONAL,https://maps.google.com/?cid=2232767095314573615&g_mp=Cilnb29nbGUubWFwcy5wbGFjZXMudjEuUGxhY2VzLlNlYXJjaE5lYXJieRACGAQgAA,ChIJCdSVdOwjDTkRL-ln7tdh_B4
Bellini Bliss Cafe & Bar,restaurant,restaurant|fine_dining_restaurant|family_restaurant|fusion_restaurant|snack_bar|meal_takeaway|point_of_interest|food|establishment,092208 48585,,"R4 LG-31,32, LG-38,39, 33 & R7, 65th Avenue, M3M, Sector 65, Gurugram, Haryana 122101, India",4.6,129,OPERATIONAL,https://maps.google.com/?cid=11341038555112827690&g_mp=Cilnb29nbGUubWFwcy5wbGFjZXMudjEuUGxhY2VzLlNlYXJjaE5lYXJieRACGAQgAA,ChIJt09vMAAjDTkRKmuCfXp2Y50
"Fitness First Sector 65 | Best gym in Sector 65, Gurugram",gym,gym|fitness_center|school|educational_institution|sports_activity_location|health|point_of_interest|service|establishment,098103 70082,https://www.fitnessfirst.net.in/fitness-first-sector-65-gurugram,"First Floor, M3M 65th Avenue, R6/101-122, Sector 65, Gurugram, Haryana 122101, India",4.7,245,OPERATIONAL,https://maps.google.com/?cid=3131140995680237306&g_mp=Cilnb29nbGUubWFwcy5wbGFjZXMudjEuUGxhY2VzLlNlYXJjaE5lYXJieRACGAQgAA,ChIJRxYmiIsjDTkR-vYuZSUMdCs
"M3M Heights, Tower 6",apartment_building,apartment_building|point_of_interest|service|establishment,,,"TOWER-6, M3M Heights, M3M 65th AVenue, above M3M Heights, Sector 65, Gurugram, Haryana 122101, India",4.1,38,OPERATIONAL,https://maps.google.com/?cid=15601620421173752015&g_mp=Cilnb29nbGUubWFwcy5wbGFjZXMudjEuUGxhY2VzLlNlYXJjaE5lYXJieRACGAQgAA,ChIJCwBUMgAjDTkRz7CKtBwXhNg
Bikanervala | M3M Sector 65,family_restaurant,family_restaurant|candy_store|fast_food_restaurant|vegetarian_restaurant|south_indian_restaurant|breakfast_restaurant|north_indian_restaurant|indian_restaurant|confectionery|chinese_restaurant|restaurant|point_of_interest|food_store|store|food|establishment,092205 23865,https://bikanervala.com/pages/sector-65-gurugram,"Unit No.5, Ground Floor, M3M 65th Avenue, Golf Course Ext Rd, Sector 65, Gurugram, Haryana 122101, India",4.6,356,OPERATIONAL,https://maps.google.com/?cid=334232436534594846&g_mp=Cilnb29nbGUubWFwcy5wbGFjZXMudjEuUGxhY2VzLlNlYXJjaE5lYXJieRACGAQgAA,ChIJy7Va2hMjDTkRHs0OVKFuowQ
The Placement Drive,service,point_of_interest|service|establishment,,https://www.theplacementdrive.com/,"M3M 65th Avenue, T6 1805, Golf Course Ext Rd, Sector 65, Gurugram, Haryana 122101, India",4.9,73,OPERATIONAL,https://maps.google.com/?cid=4176892948881699396&g_mp=Cilnb29nbGUubWFwcy5wbGFjZXMudjEuUGxhY2VzLlNlYXJjaE5lYXJieRACGAQgAA,ChIJU3gIWzkjDTkRRHLtwgFO9zk
Swadesi,restaurant,restaurant|point_of_interest|food|establishment,,,"Ground Floor, M3M 65th Avenue, R6 24/25/26, Sector 65, Gurugram, Haryana 122101, India",4.8,6,OPERATIONAL,https://maps.google.com/?cid=3800341962391970355&g_mp=Cilnb29nbGUubWFwcy5wbGFjZXMudjEuUGxhY2VzLlNlYXJjaE5lYXJieRACGAQgAA,ChIJ51BppdkjDTkRM2JiNeGGvTQ
Tattva Wellness Spa,spa,spa|wellness_center|massage_spa|massage|beauty_salon|health|point_of_interest|service|establishment,073530 26699,https://tattvaspa.com/locations/day-spa-in-gurgaon/tattva-wellness-spa-m3m-65th-avenue-sector-65-gurugram/,"Shop No UG7, M3M 65th Avenue, 33/35, Golf Course Ext Rd, Sector 65, Gurugram, Haryana 122101, India",4.9,286,OPERATIONAL,https://maps.google.com/?cid=3232438165753242611&g_mp=Cilnb29nbGUubWFwcy5wbGFjZXMudjEuUGxhY2VzLlNlYXJjaE5lYXJieRACGAQgAA,ChIJNTXKQh0jDTkR8yMjtGLt2yw
Propzillow,general_contractor,point_of_interest|general_contractor|service|establishment,,https://propzillow.com/,"Fourth Floor, Emerald Plaza, 437, Golf Course Ext Rd, Sector 65, Gurugram, Haryana 122101, India",,,OPERATIONAL,https://maps.google.com/?cid=16629433252757841848&g_mp=Cilnb29nbGUubWFwcy5wbGFjZXMudjEuUGxhY2VzLlNlYXJjaE5lYXJieRACGAQgAA,ChIJ_c_pVOYjDTkRuCez1m-dx-Y
Dr. Nisha Yadav | Best Physiotherapist Near Me | 5 Years Exp. | Gurugram,physiotherapist,physiotherapist|doctor|medical_clinic|hospital|health|point_of_interest|service|establishment,096955 30028,,"M3M 65th Avenue, R3-125, Sector 65, Gurugram, Haryana 122018, India",5,1,OPERATIONAL,https://maps.google.com/?cid=1471395179593553228&g_mp=Cilnb29nbGUubWFwcy5wbGFjZXMudjEuUGxhY2VzLlNlYXJjaE5lYXJieRACGAQgAA,ChIJUzR6qWciDTkRTFXlux5yaxQ
"The Flaaunt Salon, M3M 65th Avenue, Sector 65 ,Best Salon in Gurgaon",beauty_salon,beauty_salon|hair_salon|nail_salon|makeup_artist|barber_shop|beautician|hair_care|massage_spa|massage|spa|health|point_of_interest|service|establishment,075009 20010,,"Shop No. R7, Lower Ground, 29 & 30, M3M 65th Avenue, Sector 65, Gurugram, Haryana 122101, India",4.8,77,OPERATIONAL,https://maps.google.com/?cid=7366539239363523687&g_mp=Cilnb29nbGUubWFwcy5wbGFjZXMudjEuUGxhY2VzLlNlYXJjaE5lYXJieRACGAQgAA,ChIJ1XHBFH4jDTkRZzQ9mmg0O2Y
Sanjha Chulha,restaurant,restaurant|family_restaurant|point_of_interest|food|establishment,088600 03297,,"R4, UG 14, M3M 65th Avenue, Sector 65, Gurugram, Haryana 122101, India",4.8,22,OPERATIONAL,https://maps.google.com/?cid=15787765562280562263&g_mp=Cilnb29nbGUubWFwcy5wbGFjZXMudjEuUGxhY2VzLlNlYXJjaE5lYXJieRACGAQgAA,ChIJJWdNJgAjDTkRV87guCFpGds
Brow & Beauty By Megha,body_art_service,body_art_service|point_of_interest|establishment,073034 30700,http://browandbeautybymegha.com/,"R8, LG - 25, M3M 65 Avenue, Sector 65, Gurugram, Haryana 122101, India",5,95,OPERATIONAL,https://maps.google.com/?cid=6334779006295766930&g_mp=Cilnb29nbGUubWFwcy5wbGFjZXMudjEuUGxhY2VzLlNlYXJjaE5lYXJieRACGAQgAA,ChIJfbaz8yojDTkRknfccPGn6Vc
Smile Destination Dental & Esthetics Clinic,dental_clinic,dental_clinic|dentist|doctor|medical_clinic|health|point_of_interest|service|establishment,093129 90089,,"R8-117, FIRST FLOOR, M3M 65TH AVENUE, opposite DPS INTERNATIONAL SCHOOL, Sector 65, Gurugram, Haryana 122101, India",5,33,OPERATIONAL,https://maps.google.com/?cid=484803242587691173&g_mp=Cilnb29nbGUubWFwcy5wbGFjZXMudjEuUGxhY2VzLlNlYXJjaE5lYXJieRACGAQgAA,ChIJUSfrVzkjDTkRpZhlBPtdugY
Kitchen of Narwal,restaurant,restaurant|vegan_restaurant|fine_dining_restaurant|family_restaurant|vegetarian_restaurant|point_of_interest|food|establishment,099906 60673,http://konkitchen.com/,"1st Floor, M3M 65th Avenue, R4 115, Mall, Sector 65, Gurugram, Haryana 122101, India",4.9,588,OPERATIONAL,https://maps.google.com/?cid=15940713469376768033&g_mp=Cilnb29nbGUubWFwcy5wbGFjZXMudjEuUGxhY2VzLlNlYXJjaE5lYXJieRACGAQgAA,ChIJC9bcVAAjDTkRIah8YHHKON0
"Toni&Guy Hairdressing , Beauty , Make-up , Nail Bar",beauty_salon,beauty_salon|point_of_interest|service|establishment,096670 50057,https://www.instagram.com/toniandguym3m65avenue?igsh=MXJ3cWExNmJsMzYzcQ==,"R7/LG 27-28, M3M 65 Avenue, Sector 65, Gurugram, Haryana 122101, India",4.9,486,OPERATIONAL,https://maps.google.com/?cid=3336937509635198188&g_mp=Cilnb29nbGUubWFwcy5wbGFjZXMudjEuUGxhY2VzLlNlYXJjaE5lYXJieRACGAQgAA,ChIJuXxLPyIjDTkR7Ix7M_wuTy4
Shukrana property & investment,real_estate_agency,real_estate_agency|point_of_interest|service|establishment,,,"M3M 65th Avenue, R8LG18, Sector 65, Gurugram, Haryana 122102, India",5,2,OPERATIONAL,https://maps.google.com/?cid=4330038096362685176&g_mp=Cilnb29nbGUubWFwcy5wbGFjZXMudjEuUGxhY2VzLlNlYXJjaE5lYXJieRACGAQgAA,ChIJY2BAInIjDTkR-EKbBbViFzw
Viraj Vilasa,home_goods_store,point_of_interest|home_goods_store|store|establishment,,,"M3M Heights, 65th Ave, Sector 65, Gurugram, Haryana 122101, India",5,3,OPERATIONAL,https://maps.google.com/?cid=6924056238804353971&g_mp=Cilnb29nbGUubWFwcy5wbGFjZXMudjEuUGxhY2VzLlNlYXJjaE5lYXJieRACGAQgAA,ChIJTdu18c8jDTkRs8PCxnYwF2A
Smile Kraft Dental Hub,dental_clinic,dental_clinic|medical_clinic|health|point_of_interest|establishment,092117 23500,,"Shop no. R7, 1st Floor, M3M 65th Avenue, 131C and 131D, Sector 65, Gurugram, Haryana 122101, India",5,21,OPERATIONAL,https://maps.google.com/?cid=9628452073151663024&g_mp=Cilnb29nbGUubWFwcy5wbGFjZXMudjEuUGxhY2VzLlNlYXJjaE5lYXJieRACGAQgAA,ChIJ20iyk6AjDTkRsAsUlSUin4U
Juice and Java - Best Healthy food & Juices in Gurgaon,health_food_store,health_food_store|juice_shop|health|restaurant|point_of_interest|food_store|store|food|establishment,,,"Unit no. R3 124, M3M 65th Avenue, Sector 65, Gurugram, Haryana 122102, India",5,5,OPERATIONAL,https://maps.google.com/?cid=14372507883687822482&g_mp=Cilnb29nbGUubWFwcy5wbGFjZXMudjEuUGxhY2VzLlNlYXJjaE5lYXJieRACGAQgAA,ChIJ_WLTDlEjDTkRksS2esVndcc
Starscapes,corporate_office,corporate_office|point_of_interest|establishment,096673 07015,https://www.starscapes.zone/,"8Th Floor, Building No: 826, Building :, EMERALD PLAZA, Golf Course Ext Rd, Sector 65, Gurugram, Haryana 122101, India",4.8,17,OPERATIONAL,https://maps.google.com/?cid=11757994507738363865&g_mp=Cilnb29nbGUubWFwcy5wbGFjZXMudjEuUGxhY2VzLlNlYXJjaE5lYXJieRACGAQgAA,ChIJPYO7DbMjDTkR2Te9ULXJLKM
NJ Rockstars Projects J-70 Sec 65,service,service|point_of_interest|establishment,,,"J-70, Emerald Hills Rd, Sector 65, Gurugram, Nangli Umarpur, Haryana 122101, India",,,OPERATIONAL,https://maps.google.com/?cid=8682019375607564633&g_mp=Cilnb29nbGUubWFwcy5wbGFjZXMudjEuUGxhY2VzLlNlYXJjaE5lYXJieRACGAQgAA,ChIJOVmEKwAjDTkRWcklcJ-6fHg
Jemma 9,condominium_complex,condominium_complex|service|point_of_interest|establishment,,,"2nd Floor Emaar, EMERALD HILLS, Jemma 009, Sector 65, Gurugram, Haryana 122101, India",,,OPERATIONAL,https://maps.google.com/?cid=10433374832325072677&g_mp=Cilnb29nbGUubWFwcy5wbGFjZXMudjEuUGxhY2VzLlNlYXJjaE5lYXJieRACGAQgAA,ChIJ5z_GEAAjDTkRJZc8sSHLypA
"Jemma 60, Jemma, Emaar Emerald Hills",apartment_building,apartment_building|service|point_of_interest|establishment,,,"J-56, Sector 65, Gurugram, Haryana 122101, India",4,4,OPERATIONAL,https://maps.google.com/?cid=14086882653004276266&g_mp=Cilnb29nbGUubWFwcy5wbGFjZXMudjEuUGxhY2VzLlNlYXJjaE5lYXJieRACGAQgAA,ChIJdYFYUnAjDTkRKqLuLCOpfsM
Mind Matrix Abacus,educational_institution,educational_institution|point_of_interest|establishment,,,"Flat No-001, Emaar, Tower-50, EMERALD FLOOR, Premier, Sector 65, Gurugram, Haryana 122101, India",,,OPERATIONAL,https://maps.google.com/?cid=15354726867184630024&g_mp=Cilnb29nbGUubWFwcy5wbGFjZXMudjEuUGxhY2VzLlNlYXJjaE5lYXJieRACGAQgAA,ChIJPTrR6RojDTkRCLmvnbvyFtU
Aditya Rathore,apartment_building,apartment_building|service|point_of_interest|establishment,,,"Jemma block, behind M3M 65th Avenue, Sector 65, Gurugram, Haryana 122101, India",,,OPERATIONAL,https://maps.google.com/?cid=3528486319835528202&g_mp=Cilnb29nbGUubWFwcy5wbGFjZXMudjEuUGxhY2VzLlNlYXJjaE5lYXJieRACGAQgAA,ChIJu-zrXgAjDTkRCjyf-Jyz9zA
Palm Terraces Select Club House,association_or_organization,association_or_organization|point_of_interest|establishment,,,"Jemma block, EMERALD HILLS, behind M3M 65th Avenue, Sector 65, Gurugram, Haryana 122101, India",4.3,35,OPERATIONAL,https://maps.google.com/?cid=3897187667736783543&g_mp=Cilnb29nbGUubWFwcy5wbGFjZXMudjEuUGxhY2VzLlNlYXJjaE5lYXJieRACGAQgAA,ChIJ90HfG50jDTkRt-p7HomXFTY
Jemma 90 Emerald Hills,association_or_organization,service|association_or_organization|point_of_interest|establishment,,,"Jemma 90, ground Floor Emaar, EMERALD HILLS, Sector 65, Gurugram, Haryana 122101, India",4,3,OPERATIONAL,https://maps.google.com/?cid=14231412607199621989&g_mp=Cilnb29nbGUubWFwcy5wbGFjZXMudjEuUGxhY2VzLlNlYXJjaE5lYXJieRACGAQgAA,ChIJQfLdeoIjDTkRZTMmcF0igMU
Gulmohur,home_goods_store,home_goods_store|store|point_of_interest|establishment,097112 17193,,"First Floor, M3M 65th Avenue, R3134, Golf Course Ext Rd, Sector 65, Gurugram, Haryana 122101, India",4.6,10,OPERATIONAL,https://maps.google.com/?cid=14948600574177104550&g_mp=Cilnb29nbGUubWFwcy5wbGFjZXMudjEuUGxhY2VzLlNlYXJjaE5lYXJieRACGAQgAA,ChIJncWsbIYjDTkRptIGaQUZdM8
Harish,government_office,government_office|point_of_interest|establishment,,,"A/14Y, Sector 65, Gurugram, Haryana 122101, India",5,1,OPERATIONAL,https://maps.google.com/?cid=14951660013628970006&g_mp=Cilnb29nbGUubWFwcy5wbGFjZXMudjEuUGxhY2VzLlNlYXJjaE5lYXJieRACGAQgAA,ChIJS9vibgAjDTkRFlTEqpD3fs8
Jemma 80,home_goods_store,home_goods_store|store|point_of_interest|establishment,,,"C339+H2G, Sector 65, Gurugram, Haryana 122101, India",4.8,6,OPERATIONAL,https://maps.google.com/?cid=3900881697294421092&g_mp=Cilnb29nbGUubWFwcy5wbGFjZXMudjEuUGxhY2VzLlNlYXJjaE5lYXJieRACGAQgAA,ChIJXaI1AtcjDTkRZIwOZjy3IjY
Bonfire Hearts J87SF,apartment_building,apartment_building|service|point_of_interest|establishment,,,"EMERALD HILLS, Sector 65, Gurugram, Haryana 122101, India",5,2,OPERATIONAL,https://maps.google.com/?cid=3642546674076685765&g_mp=Cilnb29nbGUubWFwcy5wbGFjZXMudjEuUGxhY2VzLlNlYXJjaE5lYXJieRACGAQgAA,ChIJz8TTkFwjDTkRxRUfqubsjDI
M3M Heights Tower 2,apartment_building,apartment_building|service|point_of_interest|establishment,,,"M3M Heights, Sector 65, Gurugram, Haryana 122101, India",4.1,13,OPERATIONAL,https://maps.google.com/?cid=16398111029015080693&g_mp=Cilnb29nbGUubWFwcy5wbGFjZXMudjEuUGxhY2VzLlNlYXJjaE5lYXJieRACGAQgAA,ChIJ4WxgdwAjDTkR9e7blxnLkeM
Jemma 87,association_or_organization,service|association_or_organization|point_of_interest|establishment,,,"Jemma-87, EMERALD HILLS, Sector 65, Gurugram, Haryana 122101, India",5,1,OPERATIONAL,https://maps.google.com/?cid=8806105101747527180&g_mp=Cilnb29nbGUubWFwcy5wbGFjZXMudjEuUGxhY2VzLlNlYXJjaE5lYXJieRACGAQgAA,ChIJmb40BaojDTkRDJ5q7O6RNXo
Vital Dental Care - Best Dentist in Gurgaon Sector 65 | Dental Clinic,dental_clinic,dental_clinic|dentist|doctor|medical_clinic|health|point_of_interest|establishment,088009 01692,https://www.vitaldentalcare.co.in/,"First floor, Shop no: R2 136, M3M 65th Avenue, above instamart, Sector 65, Gurugram, Haryana 122102, India",5,54,OPERATIONAL,https://maps.google.com/?cid=5659124961058307148&g_mp=Cilnb29nbGUubWFwcy5wbGFjZXMudjEuUGxhY2VzLlNlYXJjaE5lYXJieRACGAQgAA,ChIJ0Q9qSrQjDTkRTDxtMytAiU4
Pankaj Gurgaon,private_guest_room,private_guest_room|lodging|point_of_interest|establishment,,,"M3M Heights, Sector 65, Gurugram, Haryana 122101, India",5,3,OPERATIONAL,https://maps.google.com/?cid=10918704847514579082&g_mp=Cilnb29nbGUubWFwcy5wbGFjZXMudjEuUGxhY2VzLlNlYXJjaE5lYXJieRACGAQgAA,ChIJb2zhWgAjDTkRijBxgzUIh5c
Rashmi FitFlow and Meditation Classes,fitness_center,fitness_center|gym|sports_activity_location|health|point_of_interest|establishment,083681 88892,http://www.googlemap.com/,"Sector 92, Sector 65, Gurugram, Haryana 122101, India",4.9,52,OPERATIONAL,https://maps.google.com/?cid=8109950455061698633&g_mp=Cilnb29nbGUubWFwcy5wbGFjZXMudjEuUGxhY2VzLlNlYXJjaE5lYXJieRACGAQgAA,ChIJ6zt8X5I9DTkRSVj4c_hUjHA
Psquare developers,general_contractor,general_contractor|service|point_of_interest|establishment,098111 71501,,"Office no 227 EMAAR, EMERALD PLAZA, Sector 65, Gurugram, Haryana 122101, India",4.8,5,OPERATIONAL,https://maps.google.com/?cid=2994001966006897727&g_mp=Cilnb29nbGUubWFwcy5wbGFjZXMudjEuUGxhY2VzLlNlYXJjaE5lYXJieRACGAQgAA,ChIJN6DEvH8jDTkRP4yp2OzUjCk
ILL AND PILL Pharmacy gurgaon sector 65,pharmacy,pharmacy|doctor|store|health|service|point_of_interest|establishment,098119 31599,https://illandpill.com/,"R3 L37, M3M 65th AVENUE, Sector 65, Gurugram, Haryana 122101, India",4.8,20,OPERATIONAL,https://maps.google.com/?cid=5540038648605668063&g_mp=Cilnb29nbGUubWFwcy5wbGFjZXMudjEuUGxhY2VzLlNlYXJjaE5lYXJieRACGAQgAA,ChIJNZLBX1sjDTkR33ITbMwr4kw
Shivi,association_or_organization,association_or_organization|point_of_interest|establishment,,,"Emaar Mgf, EMERALD HILLS, Sector 65, Gurugram, Haryana 122101, India",5,1,CLOSED_TEMPORARILY,https://maps.google.com/?cid=9946179622072952448&g_mp=Cilnb29nbGUubWFwcy5wbGFjZXMudjEuUGxhY2VzLlNlYXJjaE5lYXJieRACGAQgAA,ChIJb1cgfwAjDTkRgCbjTavtB4o
T127 emerald hills,condominium_complex,condominium_complex|service|point_of_interest|establishment,,,"Sector 65, Gurugram, Haryana 122101, India",,,CLOSED_TEMPORARILY,https://maps.google.com/?cid=4285896872724715127&g_mp=Cilnb29nbGUubWFwcy5wbGFjZXMudjEuUGxhY2VzLlNlYXJjaE5lYXJieRACGAQgAA,ChIJwSK-Ht0jDTkRd9a2gn-Qejs
Topaz 127,apartment_building,apartment_building|service|point_of_interest|establishment,,,"Topaz127 Second Floor, Sector 65, Gurugram, Haryana 122101, India",,,OPERATIONAL,https://maps.google.com/?cid=17431239812907417253&g_mp=Cilnb29nbGUubWFwcy5wbGFjZXMudjEuUGxhY2VzLlNlYXJjaE5lYXJieRACGAQgAA,ChIJd20YTwAjDTkRpT7-UkE06PE
"T128, Ground Floor, Topaz, Emaar Emerald Hills",apartment_building,apartment_building|service|point_of_interest|establishment,,,"BLOCK-T131, EMERALD HILLS, Sector 65, Gurugram, Haryana 122101, India",,,OPERATIONAL,https://maps.google.com/?cid=10737135655429372540&g_mp=Cilnb29nbGUubWFwcy5wbGFjZXMudjEuUGxhY2VzLlNlYXJjaE5lYXJieRACGAQgAA,ChIJLS8NM08jDTkRfHoMp_33AZU
ClayGrounds Arena | Gurugram,athletic_field,athletic_field|sports_activity_location|point_of_interest|establishment,078275 09127,https://claygrounds.com/,"Emerald Hills Rd, opposite Ivory, inside Emaar MGF Society, Sector 65, Gurugram, Haryana 122101, India",4.9,14,OPERATIONAL,https://maps.google.com/?cid=970337824957446512&g_mp=Cilnb29nbGUubWFwcy5wbGFjZXMudjEuUGxhY2VzLlNlYXJjaE5lYXJieRACGAQgAA,ChIJV5MfuacjDTkRcLm2WBxVdw0
"T-129, Topaz Block, Emaar Emerald Hills, Sector-65, Gurgaon",apartment_building,apartment_building|service|point_of_interest|establishment,,,"EMERALD HILLS, Sector 65, Gurugram, Haryana 122101, India",,,OPERATIONAL,https://maps.google.com/?cid=14166617556044005861&g_mp=Cilnb29nbGUubWFwcy5wbGFjZXMudjEuUGxhY2VzLlNlYXJjaE5lYXJieRACGAQgAA,ChIJ6X5BkM4jDTkR5cHQ-JvvmcQ
T129SF Emaar Emerald Hills,private_guest_room,private_guest_room|lodging|point_of_interest|establishment,,,"EMERALD HILLS, Sector 65, Gurugram, Haryana 122101, India",,,OPERATIONAL,https://maps.google.com/?cid=8002496330262494960&g_mp=Cilnb29nbGUubWFwcy5wbGFjZXMudjEuUGxhY2VzLlNlYXJjaE5lYXJieRACGAQgAA,ChIJN5jGUQAjDTkR8L6paQOUDm8
"TSF 126, Emerald Hills",apartment_building,apartment_building|service|point_of_interest|establishment,,,"TSF 126, EMERALD HILLS, Sector 65, Gurugram, Haryana 122101, India",,,OPERATIONAL,https://maps.google.com/?cid=4777657262212312793&g_mp=Cilnb29nbGUubWFwcy5wbGFjZXMudjEuUGxhY2VzLlNlYXJjaE5lYXJieRACGAQgAA,ChIJmSft1AAjDTkR2e66hPelTUI
T142 Emaar Emerald Hills,apartment_building,apartment_building|service|point_of_interest|establishment,,,"BLOCK-T142, EMERALD HILLS, Sector 65, Gurugram, Haryana 122101, India",,,OPERATIONAL,https://maps.google.com/?cid=558641902754001524&g_mp=Cilnb29nbGUubWFwcy5wbGFjZXMudjEuUGxhY2VzLlNlYXJjaE5lYXJieRACGAQgAA,ChIJH8tksi8jDTkRdPJMytmxwAc
Topaz 124 Ground Floor,apartment_building,apartment_building|service|point_of_interest|establishment,,,"Topaz 124 Ground Floor Emaar, Emerald Hills Rd, Sector 65, Gurugram, Haryana 122101, India",4.5,2,OPERATIONAL,https://maps.google.com/?cid=16999605185414887432&g_mp=Cilnb29nbGUubWFwcy5wbGFjZXMudjEuUGxhY2VzLlNlYXJjaE5lYXJieRACGAQgAA,ChIJM0Ub4rUjDTkRCPiKLtm66us
RAO’S,apartment_building,apartment_building|service|point_of_interest|establishment,,,"Topaz 125, EMERALD HILLS, Sector 65, Gurugram, Haryana 122101, India",,,OPERATIONAL,https://maps.google.com/?cid=8887784642399014514&g_mp=Cilnb29nbGUubWFwcy5wbGFjZXMudjEuUGxhY2VzLlNlYXJjaE5lYXJieRACGAQgAA,ChIJfeNocgAjDTkRco5d8grBV3s
Bars On Mars Calisthenics Academy,fitness_center,fitness_center|gym|sports_activity_location|health|point_of_interest|establishment,,,"Emerald Hills Rd, opposite ivory, inside Emaar Mgf, society, Sector 65, Gurugram, Haryana 122101, India",5,14,OPERATIONAL,https://maps.google.com/?cid=16862745203547366711&g_mp=Cilnb29nbGUubWFwcy5wbGFjZXMudjEuUGxhY2VzLlNlYXJjaE5lYXJieRACGAQgAA,ChIJ-1IbQwAjDTkRN-Vcg2uBBOo
T-161 Mr. Pankaj Gupta,apartment_building,apartment_building|service|point_of_interest|establishment,,,"C339+VV5, Emerald Hills Rd, Sector 65, Gurugram, Haryana 122101, India",5,2,OPERATIONAL,https://maps.google.com/?cid=3444556774829965796&g_mp=Cilnb29nbGUubWFwcy5wbGFjZXMudjEuUGxhY2VzLlNlYXJjaE5lYXJieRACGAQgAA,ChIJdUmi_VYjDTkR5MFn_CKGzS8
AgnexT Guesthouse 1,association_or_organization,service|association_or_organization|point_of_interest|establishment,,,"BLOCK-T120, EMERALD HILLS, Sector 65, Gurugram, Haryana 122101, India",,,OPERATIONAL,https://maps.google.com/?cid=1248951490010293006&g_mp=Cilnb29nbGUubWFwcy5wbGFjZXMudjEuUGxhY2VzLlNlYXJjaE5lYXJieRACGAQgAA,ChIJWwtsHwAjDTkRDiPCT8MqVRE
Raj AC Repair And Service Voltas AC repair LG AC repair Daikin AC repair Hitachi AC repair service in gurugram,store,store|point_of_interest|establishment,098171 49691,https://rajac4.website3.me/,"Shop No 32, Main Road, Golf Course Ext Rd, opposite to DPS International School, Sector 65, Gurugram, Haryana 122018, India",4.8,23,OPERATIONAL,https://maps.google.com/?cid=8466276321194011368&g_mp=Cilnb29nbGUubWFwcy5wbGFjZXMudjEuUGxhY2VzLlNlYXJjaE5lYXJieRACGAQgAA,ChIJ3avv_u8jDTkR6OoRN3VBfnU
Topaz 132,apartment_complex,apartment_complex|service|point_of_interest|establishment,,,"EMERALD HILLS, Sector 65, Gurugram, Haryana 122101, India",,,OPERATIONAL,https://maps.google.com/?cid=9367036719152306396&g_mp=Cilnb29nbGUubWFwcy5wbGFjZXMudjEuUGxhY2VzLlNlYXJjaE5lYXJieRACGAQgAA,ChIJBdRaNAAjDTkR3Bgdc0Rm_oE
TOPAZ 164,service,service|point_of_interest|establishment,,,"EMERALD HILLS, Sector 65, Gurugram, Haryana 122101, India",,,OPERATIONAL,https://maps.google.com/?cid=4441405663978825930&g_mp=Cilnb29nbGUubWFwcy5wbGFjZXMudjEuUGxhY2VzLlNlYXJjaE5lYXJieRACGAQgAA,ChIJD2yoDwAjDTkRyqjdeOsKoz0
T-164 ELante Floor,apartment_building,apartment_building|service|point_of_interest|establishment,,,"C339+MVW, Emerald Hills Rd, Sector 65, Gurugram, Nangli Umarpur, Haryana 122101, India",,,OPERATIONAL,https://maps.google.com/?cid=17649091456325096431&g_mp=Cilnb29nbGUubWFwcy5wbGFjZXMudjEuUGxhY2VzLlNlYXJjaE5lYXJieRACGAQgAA,ChIJNWmprhQjDTkR75Ojrisr7vQ
Rackonnect Strings & Feathers Badminton Arena | Sporbit,athletic_field,sports_complex|athletic_field|sports_club|sports_activity_location|association_or_organization|point_of_interest|establishment,084479 38928,https://rackonnect.com/en/venue-details/rackonnect-badminton-arena-strings-feathers/,"Emerald Hills Rd, opposite ivory, inside Emaar Mgf, society, Sector 65, Gurugram, Haryana 122101, Sector 65, Gurugram, Haryana 122018, India",4.6,329,OPERATIONAL,https://maps.google.com/?cid=1895672144206162777&g_mp=Cilnb29nbGUubWFwcy5wbGFjZXMudjEuUGxhY2VzLlNlYXJjaE5lYXJieRACGAQgAA,ChIJcXlnjF4jDTkRWesCfsXHTho
Topaz 137,apartment_building,apartment_building|service|point_of_interest|establishment,,,"Topaz 137, EMERALD HILLS, Sector 65, Gurugram, Haryana 122101, India",,,OPERATIONAL,https://maps.google.com/?cid=12230799492595441072&g_mp=Cilnb29nbGUubWFwcy5wbGFjZXMudjEuUGxhY2VzLlNlYXJjaE5lYXJieRACGAQgAA,ChIJOxFCVwAjDTkRsN0tQ1aHvKk
White Feather- Sector 65,sports_club,sports_club|association_or_organization|point_of_interest|establishment,094944 78383,https://whitefeather.life/,"Sporbit|Rackonnect Badminton Arena, Sector 65, Gurugram, Haryana 122018, India",4.2,15,OPERATIONAL,https://maps.google.com/?cid=11888334775589391740&g_mp=Cilnb29nbGUubWFwcy5wbGFjZXMudjEuUGxhY2VzLlNlYXJjaE5lYXJieRACGAQgAA,ChIJHb762aBNrA4RfM3txX3Z-6Q
4 Balls Golf Academy,sports_activity_location,sports_activity_location|point_of_interest|establishment,,,"C33F+VHJ, Golf Course Ext Rd, Sector 65, Nangli Umarpur, Gurugram, Haryana 122101, India",3,2,OPERATIONAL,https://maps.google.com/?cid=9167044978013940720&g_mp=Cilnb29nbGUubWFwcy5wbGFjZXMudjEuUGxhY2VzLlNlYXJjaE5lYXJieRACGAQgAA,ChIJVVVVIGoiDTkR8KuMotbiN38
"ArenaZ Badminton Center Sector 65, Gurugram | Coaching | Corporate Events",sports_club,sports_club|association_or_organization|point_of_interest|establishment,099025 15260,,"Emaar emerald hills, Sportyzo Badminton Academy, Golf Course Ext Rd, opposite Ivory Block, Sector 65, Gurugram, Haryana 122011, India",4.9,77,OPERATIONAL,https://maps.google.com/?cid=12815483448485857109&g_mp=Cilnb29nbGUubWFwcy5wbGFjZXMudjEuUGxhY2VzLlNlYXJjaE5lYXJieRACGAQgAA,ChIJbaV97bkjDTkRVcflC0y-2bE
Sportyzo Badminton Academy- Sector 65,athletic_field,athletic_field|sports_club|sports_activity_location|association_or_organization|point_of_interest|establishment,085277 36149,http://www.sportyzo.com/,"Sportyzo Badminton Academy, Emaar emerald hills, Golf Course Ext Rd, opposite Ivory Block, Sector 65, Gurugram, Haryana 122011, India",4.5,44,OPERATIONAL,https://maps.google.com/?cid=12284227551035780363&g_mp=Cilnb29nbGUubWFwcy5wbGFjZXMudjEuUGxhY2VzLlNlYXJjaE5lYXJieRACGAQgAA,ChIJO53YuzIjDTkRC-2Nf99Xeqo
CoPlay | The Blue Court Sec 65,athletic_field,athletic_field|sports_activity_location|point_of_interest|establishment,070117 39358,https://www.thebluecourt.com/,"Sportyzo Sports Academy, Sector 65, Gurugram, Haryana 122101, India",4.6,85,OPERATIONAL,https://maps.google.com/?cid=1546574446870281407&g_mp=Cilnb29nbGUubWFwcy5wbGFjZXMudjEuUGxhY2VzLlNlYXJjaE5lYXJieRACGAQgAA,ChIJOyvdFXYjDTkRvzxm7EOJdhU
Six Degree,,point_of_interest|establishment,096432 24322,,"behind Emaar CFM office Progressive sports academy, Sector 65, Gurugram, Haryana 122101, India",5,3,OPERATIONAL,https://maps.google.com/?cid=16758867069330897544&g_mp=Cilnb29nbGUubWFwcy5wbGFjZXMudjEuUGxhY2VzLlNlYXJjaE5lYXJieRACGAQgAA,ChIJvT52UjwjDTkRiLp1qc50k-g
Topaz 201,apartment_building,apartment_building|service|point_of_interest|establishment,,,"Topaz 201 Emaar, EMERALD HILLS, Sector 65, Gurugram, Haryana 122101, India",5,1,OPERATIONAL,https://maps.google.com/?cid=8754884069415090420&g_mp=Cilnb29nbGUubWFwcy5wbGFjZXMudjEuUGxhY2VzLlNlYXJjaE5lYXJieRACGAQgAA,ChIJS935Rk4jDTkR9Hg2_6yYf3k
FOOD FOR YOU,food_court,food_court|food|point_of_interest|establishment,096678 37422,,"Sportyzo Academy, EMERALD HILLS, Sector 65, Gurugram, Haryana 122011, India",4.8,22,OPERATIONAL,https://maps.google.com/?cid=5332404100220294823&g_mp=Cilnb29nbGUubWFwcy5wbGFjZXMudjEuUGxhY2VzLlNlYXJjaE5lYXJieRACGAQgAA,ChIJ4X9u9YAjDTkRp5Z34EaBAEo
Housing Realty,real_estate_agency,real_estate_agency|service|point_of_interest|establishment,070563 33322,https://housingrealty.nowfloats.com/,"Emerald Hills Rd, Sector 65, Gurugram, Haryana 122001, India",5,36,OPERATIONAL,https://maps.google.com/?cid=7006127053665121154&g_mp=Cilnb29nbGUubWFwcy5wbGFjZXMudjEuUGxhY2VzLlNlYXJjaE5lYXJieRACGAQgAA,ChIJPbuGKYEjDTkRgrP2bG_DOmE
Topaz-212,apartment_building,apartment_building|service|point_of_interest|establishment,,,"Topaz 212, Topaz Block, EMERALD HILLS, 213, Behind Emaar Business District 65, Sector 65, Gurugram, Haryana 122101, India",5,3,OPERATIONAL,https://maps.google.com/?cid=15010667864873958780&g_mp=Cilnb29nbGUubWFwcy5wbGFjZXMudjEuUGxhY2VzLlNlYXJjaE5lYXJieRACGAQgAA,ChIJGf9NIQAjDTkRfP0up-SaUNA
Sona-Mann,apartment_building,apartment_building|service|point_of_interest|establishment,,,"Golf Course Ext Rd, Sector 65, Gurugram, Haryana 122101, India",,,OPERATIONAL,https://maps.google.com/?cid=7637311343156358307&g_mp=Cilnb29nbGUubWFwcy5wbGFjZXMudjEuUGxhY2VzLlNlYXJjaE5lYXJieRACGAQgAA,ChIJbUX1OrAjDTkRo2zlzzMu_Wk
"Topaz 202, Emaar Emerald Hills, Sector 65, Gurugram",housing_complex,housing_complex|service|point_of_interest|establishment,,,"C34F+384, Topaz Emerald Hill Rd, Sector 65, Gurugram, Haryana 122101, India",,,OPERATIONAL,https://maps.google.com/?cid=7485695520722683997&g_mp=Cilnb29nbGUubWFwcy5wbGFjZXMudjEuUGxhY2VzLlNlYXJjaE5lYXJieRACGAQgAA,ChIJuwPQZQAjDTkRXYhoSWqI4mc
Topaz-213,condominium_complex,condominium_complex|service|point_of_interest|establishment,,,"EMERALD HILLS, Sector 65, Gurugram, Haryana 122101, India",4,5,OPERATIONAL,https://maps.google.com/?cid=14369799363894573228&g_mp=Cilnb29nbGUubWFwcy5wbGFjZXMudjEuUGxhY2VzLlNlYXJjaE5lYXJieRACGAQgAA,ChIJ7YRBYQAjDTkRrPiREmPIa8c
Progressive Table Tennis Academy Sec 65,sports_club,sports_complex|sports_club|sports_activity_location|association_or_organization|point_of_interest|establishment,095609 87900,http://www.ptta.in/,"Sports Town 65, Sector 65, Gurugram, Haryana 122101, India",4.8,120,OPERATIONAL,https://maps.google.com/?cid=14257062558738157079&g_mp=Cilnb29nbGUubWFwcy5wbGFjZXMudjEuUGxhY2VzLlNlYXJjaE5lYXJieRACGAQgAA,ChIJ0VmTMfgjDTkRFw4cKtxC28U
CFM OFFICE Emerald Hills,community_center,community_center|event_venue|service|point_of_interest|establishment,,,"C33F+P69, Sector 65, Gurugram, Haryana 122101, India",4.7,6,OPERATIONAL,https://maps.google.com/?cid=8654997009373797952&g_mp=Cilnb29nbGUubWFwcy5wbGFjZXMudjEuUGxhY2VzLlNlYXJjaE5lYXJieRACGAQgAA,ChIJt_utNHYjDTkRQB7Lg-y5HHg
Athletes Lab Gurgaon,fitness_center,fitness_center|gym|consultant|sports_activity_location|health|service|point_of_interest|establishment,093197 04766,http://www.athleteslab.in/,"Sports Town 65, EMERALD HILLS, adjacent CFM office, inside Emaar, Sector 65, Gurugram, Haryana 122101, India",4.8,31,OPERATIONAL,https://maps.google.com/?cid=15577555365319752304&g_mp=Cilnb29nbGUubWFwcy5wbGFjZXMudjEuUGxhY2VzLlNlYXJjaE5lYXJieRACGAQgAA,ChIJJ-6GphkjDTkRcDrdQhKYLtg
Topaz 200 GF,apartment_building,apartment_building|service|point_of_interest|establishment,,,"EMERALD HILLS, Sector 65, Gurugram, Haryana 122101, India",,,OPERATIONAL,https://maps.google.com/?cid=14950784650206541718&g_mp=Cilnb29nbGUubWFwcy5wbGFjZXMudjEuUGxhY2VzLlNlYXJjaE5lYXJieRACGAQgAA,ChIJnUq4HQAjDTkRlnfsPG3be88
A2Z CAR CARE,car_repair,car_repair|service|point_of_interest|establishment,099107 15197,,"Sector 65, Gurugram, Haryana 122101, India",4.8,42,OPERATIONAL,https://maps.google.com/?cid=2999163854065364735&g_mp=Cilnb29nbGUubWFwcy5wbGFjZXMudjEuUGxhY2VzLlNlYXJjaE5lYXJieRACGAQgAA,ChIJV3pQjTsjDTkR_-7BkKIrnyk
Vita Dairy Hi! Market,grocery_store,grocery_store|food_store|store|food|point_of_interest|establishment,,,"Sector 65, Gurugram, Haryana 122101, India",4.8,75,OPERATIONAL,https://maps.google.com/?cid=7904537521660225701&g_mp=Cilnb29nbGUubWFwcy5wbGFjZXMudjEuUGxhY2VzLlNlYXJjaE5lYXJieRACGAQgAA,ChIJs6AYpMgjDTkRpehN9P6Osm0
Sportyzo Swimming Center,swimming_pool,swimming_pool|sports_activity_location|point_of_interest|establishment,098213 41381,http://www.sportyzo.com/,"Pragyanam School, EMERALD HILLS, Emerald Hills Rd, inside Emaar, opposite IVORY, Sector 65, Gurugram, Haryana 122101, India",3.4,13,OPERATIONAL,https://maps.google.com/?cid=2819475243501288809&g_mp=Cilnb29nbGUubWFwcy5wbGFjZXMudjEuUGxhY2VzLlNlYXJjaE5lYXJieRACGAQgAA,ChIJTSzORj4jDTkRaf3mtcvJICc
"Footprints: Play School & Day Care, Preschool in Emerald Hills Road, Sector 65",preschool,preschool|child_care_agency|school|educational_institution|service|point_of_interest|establishment,074062 22118,https://www.footprintseducation.in/pre-school-daycare-sector65-emerald-hills-road-gurgaon?utm_campaign=sector65-emerald-hills-road-gurgaon&utm_source=Google_Business_Listings&source=Google_Business_Listings&utm_medium=GBL,"Emerald Hills Rd, Sector 65, Gurugram, Haryana 122101, India",4.8,49,OPERATIONAL,https://maps.google.com/?cid=9923477927182826367&g_mp=Cilnb29nbGUubWFwcy5wbGFjZXMudjEuUGxhY2VzLlNlYXJjaE5lYXJieRACGAQgAA,ChIJ35vaZ9AjDTkRf3spEplGt4k
C72 Emerald Hills,service,service|point_of_interest|establishment,,,"C33G+VP2, Sector 65, Nangli Umarpur, Gurugram, Haryana 122101, India",,,OPERATIONAL,https://maps.google.com/?cid=9712376164765110136&g_mp=Cilnb29nbGUubWFwcy5wbGFjZXMudjEuUGxhY2VzLlNlYXJjaE5lYXJieRACGAQgAA,ChIJOdq7YQAjDTkReI_L2alKyYY
C73 Emerald Hills,service,service|point_of_interest|establishment,,,"EMERALD HILLS, Sector 65, Gurugram, Haryana 122101, India",,,OPERATIONAL,https://maps.google.com/?cid=17404308036223948717&g_mp=Cilnb29nbGUubWFwcy5wbGFjZXMudjEuUGxhY2VzLlNlYXJjaE5lYXJieRACGAQgAA,ChIJU9hDCgAjDTkRrdeabPKFiPE
C74 Emerald Hills,service,service|point_of_interest|establishment,,,"EMERALD HILLS, Sector 65, Gurugram, Nangli Umarpur, Haryana 122101, India",,,OPERATIONAL,https://maps.google.com/?cid=1954187218609780462&g_mp=Cilnb29nbGUubWFwcy5wbGFjZXMudjEuUGxhY2VzLlNlYXJjaE5lYXJieRACGAQgAA,ChIJQRMPJQAjDTkR7jbY7euqHhs
EVP-B-C-74,service,service|point_of_interest|establishment,,,"C33G+RHH, Sector 65, Nangli Umarpur, Gurugram, Haryana 122101, India",,,OPERATIONAL,https://maps.google.com/?cid=1825632643712024142&g_mp=Cilnb29nbGUubWFwcy5wbGFjZXMudjEuUGxhY2VzLlNlYXJjaE5lYXJieRACGAQgAA,ChIJWbXJCwAjDTkRTv7PgjfzVRk
Emaar Emerald Villa Plots,association_or_organization,service|association_or_organization|point_of_interest|establishment,,,"C34G+2X9, Sector 65, Nangli Umarpur, Gurugram, Haryana 122101, India",,,OPERATIONAL,https://maps.google.com/?cid=5645539259440793697&g_mp=Cilnb29nbGUubWFwcy5wbGFjZXMudjEuUGxhY2VzLlNlYXJjaE5lYXJieRACGAQgAA,ChIJ0T7toEkjDTkRYYh9jAv8WE4
Lilu Nambardar Market,store,store|point_of_interest|establishment,,,"Sector 65, Gurugram, Haryana 122101, India",5,11,OPERATIONAL,https://maps.google.com/?cid=12995692523687485139&g_mp=Cilnb29nbGUubWFwcy5wbGFjZXMudjEuUGxhY2VzLlNlYXJjaE5lYXJieRACGAQgAA,ChIJGVPYs2ojDTkR056XBH_5WbQ
"UV Residency, Luxury Rooms, 1RK, 1BHK, PG",guest_house,guest_house|lodging|point_of_interest|establishment,,,"Coral Extension, Plot No.03, adjacent to Emerald Hills Road, near IBS University, Sector 65, Gurugram, Haryana 122101, India",3,6,OPERATIONAL,https://maps.google.com/?cid=14845181717890397798&g_mp=Cilnb29nbGUubWFwcy5wbGFjZXMudjEuUGxhY2VzLlNlYXJjaE5lYXJieRACGAQgAA,ChIJTzlcTAAjDTkRZvb6iB6uBM4
Bedaag,laundry,laundry|service|point_of_interest|establishment,,https://bedaag.in/,"Shop No.-001, Lilu Lambardar Market, Sector 65, Gurugram, Haryana 122101, India",5,12,OPERATIONAL,https://maps.google.com/?cid=15378116068241347933&g_mp=Cilnb29nbGUubWFwcy5wbGFjZXMudjEuUGxhY2VzLlNlYXJjaE5lYXJieRACGAQgAA,ChIJFeeH2xEjDTkRXZVAWhYLatU
"MaxAtHome Diagnostic Centre | Holter Monitor, Ambulatory Blood Pressure Monitoring (ABPM) Test, ECG, XRAY",medical_clinic,consultant|medical_clinic|health|service|point_of_interest|establishment,092402 99623,https://www.maxathome.in/service/holter/?utm_source=Google&utm_medium=GMB,"Sector 65, Gurugram, Haryana 122101, India",4.6,15,OPERATIONAL,https://maps.google.com/?cid=435818271130696637&g_mp=Cilnb29nbGUubWFwcy5wbGFjZXMudjEuUGxhY2VzLlNlYXJjaE5lYXJieRACGAQgAA,ChIJC5XyiXshDTkRvbtelWhWDAY
BRHAM NETA JI HOUSING,housing_complex,housing_complex|service|point_of_interest|establishment,,,"Sector 65, Gurugram, Haryana 122101, India",5,13,OPERATIONAL,https://maps.google.com/?cid=12258020254290476388&g_mp=Cilnb29nbGUubWFwcy5wbGFjZXMudjEuUGxhY2VzLlNlYXJjaE5lYXJieRACGAQgAA,ChIJ-_1ELwAjDTkRZP2Gunk8Hao
Electric Vehicle Charging Station,electric_vehicle_charging_station,electric_vehicle_charging_station|transportation_service|point_of_interest|establishment,,,"C34G+4WW, Sector 65, Nangli Umarpur, Gurugram, Haryana 122101, India",5,1,OPERATIONAL,https://maps.google.com/?cid=12736444923425419009&g_mp=Cilnb29nbGUubWFwcy5wbGFjZXMudjEuUGxhY2VzLlNlYXJjaE5lYXJieRACGAQgAA,ChIJk_QqAY0jDTkRAW8ZYi3xwLA
BRHAM SINGH HOUSING,housing_complex,housing_complex|service|point_of_interest|establishment,,,"C34G+4WQ, Sector 65, Gurugram, Haryana 122101, India",5,1,OPERATIONAL,https://maps.google.com/?cid=1594255706420850052&g_mp=Cilnb29nbGUubWFwcy5wbGFjZXMudjEuUGxhY2VzLlNlYXJjaE5lYXJieRACGAQgAA,ChIJHSR2fgAjDTkRhK1aRh7vHxY
प्लास्टिक एंड फाइबर गमले शॉप,university,university|educational_institution|point_of_interest|establishment,,,"C34G+5V7, Sector 65, Gurugram, Haryana 122101, India",5,1,OPERATIONAL,https://maps.google.com/?cid=16251935419842162141&g_mp=Cilnb29nbGUubWFwcy5wbGFjZXMudjEuUGxhY2VzLlNlYXJjaE5lYXJieRACGAQgAA,ChIJDwjEPywjDTkR3e1HbCh5iuE
"Sniff & Stay Dog Park, Cafe & Boarding",dog_park,dog_park|park|point_of_interest|establishment,096504 33024,,"Yellow Performance Hub, Plot No. 12, behind Jmd Empire, adjacent to Bootcamp, Sector 60, Gurugram, Haryana 122101, India",4.5,82,OPERATIONAL,https://maps.google.com/?cid=10063530477255420094&g_mp=Cilnb29nbGUubWFwcy5wbGFjZXMudjEuUGxhY2VzLlNlYXJjaE5lYXJieRACGAQgAA,ChIJSQ3kJwAjDTkRvmggc6bXqIs
Basketball court 1,athletic_field,athletic_field|sports_activity_location|point_of_interest|establishment,,,"Amber Block 16, Emaar MGF Emerald Floors, Sector 65, Gurugram, Haryana 122101, India",5,2,OPERATIONAL,https://maps.google.com/?cid=1273562632055371827&g_mp=Cilnb29nbGUubWFwcy5wbGFjZXMudjEuUGxhY2VzLlNlYXJjaE5lYXJieRACGAQgAA,ChIJ6x_w7RkjDTkRMzjfWnearBE
Basketball court 2,athletic_field,athletic_field|sports_activity_location|point_of_interest|establishment,,,"Amber Block 16, Emaar MGF Emerald Floors, Sector 65, Gurugram, Haryana 122101, India",,,OPERATIONAL,https://maps.google.com/?cid=8541683132375224723&g_mp=Cilnb29nbGUubWFwcy5wbGFjZXMudjEuUGxhY2VzLlNlYXJjaE5lYXJieRACGAQgAA,ChIJr4BDtNwjDTkRk9ErmY0ninY
A-04 Emerald Hills,apartment_building,apartment_building|service|point_of_interest|establishment,,,"Emaar, EMERALD HILLS, Sector 65, Gurugram, Haryana 122101, India",5,1,OPERATIONAL,https://maps.google.com/?cid=1597643555917953752&g_mp=Cilnb29nbGUubWFwcy5wbGFjZXMudjEuUGxhY2VzLlNlYXJjaE5lYXJieRACGAQgAA,ChIJBVwOZPUjDTkR2HoudFn4KxY
Amber 04,lodging,lodging|point_of_interest|establishment,,,"Amber 04, Emaar Emerald Heights, Sector 65, Gurugram, Haryana 122101, India",5,3,OPERATIONAL,https://maps.google.com/?cid=4254765685233240542&g_mp=Cilnb29nbGUubWFwcy5wbGFjZXMudjEuUGxhY2VzLlNlYXJjaE5lYXJieRACGAQgAA,ChIJ8evJ51cjDTkR3knZFtn2Czs
Amber 2 EHF,apartment_building,apartment_building|service|point_of_interest|establishment,,,"Emaar, EMERALD HILLS, Sector 65, Gurugram, Haryana 122101, India",,,OPERATIONAL,https://maps.google.com/?cid=16425321095626184258&g_mp=Cilnb29nbGUubWFwcy5wbGFjZXMudjEuUGxhY2VzLlNlYXJjaE5lYXJieRACGAQgAA,ChIJNdxxdlcjDTkRQlaH6oJ28uM
B&S Enterprises,gift_shop,gift_shop|store|point_of_interest|establishment,,,"Shop No 3 Banjara Market Nangli Umarpur, Sector 62, Gurugram, Haryana 122098, India",5,4,CLOSED_TEMPORARILY,https://maps.google.com/?cid=14065183348142568274&g_mp=Cilnb29nbGUubWFwcy5wbGFjZXMudjEuUGxhY2VzLlNlYXJjaE5lYXJieRACGAQgAA,ChIJsSPwwKwjDTkRUvPGDryRMcM
EON7 site NBC,general_contractor,point_of_interest|general_contractor|service|establishment,,,"C33J+W9G, Sector 62, Nangli Umarpur, Gurugram, Haryana 122098, India",5,2,OPERATIONAL,https://maps.google.com/?cid=7877629986469122593&g_mp=Cilnb29nbGUubWFwcy5wbGFjZXMudjEuUGxhY2VzLlNlYXJjaE5lYXJieRACGAQgAA,ChIJ6w9yNAAjDTkRIRJ1N7z2Um0
Mausam Home Decor,home_goods_store,home_goods_store|point_of_interest|store|establishment,089208 30209,,"Shop No 27 Banjara Market, Sec62, Sector 62, Gurugram, Haryana 122098, India",5,2,OPERATIONAL,https://maps.google.com/?cid=10974318934572473045&g_mp=Cilnb29nbGUubWFwcy5wbGFjZXMudjEuUGxhY2VzLlNlYXJjaE5lYXJieRACGAQgAA,ChIJ2ZaguSMjDTkR1RoJM-2cTJg
EON7 sales gallery,service,point_of_interest|service|establishment,,,"C33J+X9R, Sector 62, Gurugram, Nangli Umarpur, Haryana 122098, India",5,1,OPERATIONAL,https://maps.google.com/?cid=15391869010278635335&g_mp=Cilnb29nbGUubWFwcy5wbGFjZXMudjEuUGxhY2VzLlNlYXJjaE5lYXJieRACGAQgAA,ChIJJUpDKgAjDTkRR1cAs1DnmtU
EON 7 Builder floors in Emmar Hills sec 62,association_or_organization,point_of_interest|association_or_organization|service|establishment,,http://buygurgaonproperty.com/,"C33J+W9G, Sector 62, Nangli Umarpur, Gurugram, Haryana 122098, India",5,3,OPERATIONAL,https://maps.google.com/?cid=8490636650107118780&g_mp=Cilnb29nbGUubWFwcy5wbGFjZXMudjEuUGxhY2VzLlNlYXJjaE5lYXJieRACGAQgAA,ChIJSa_3bwAjDTkRvCSMRgzN1HU
EON 7 Sales Gallery,service,point_of_interest|service|establishment,,,"C33J+X9R, Sector 62, Gurugram, Haryana 122098, India",4.7,59,OPERATIONAL,https://maps.google.com/?cid=10450115387580178773&g_mp=Cilnb29nbGUubWFwcy5wbGFjZXMudjEuUGxhY2VzLlNlYXJjaE5lYXJieRACGAQgAA,ChIJm6euPwAjDTkRVWGP8pNEBpE
Suraj Home Decor,home_goods_store,home_goods_store|point_of_interest|store|establishment,070420 35979,,"Shop No 125, Banjara Market, Sec62, Sector 62, Gurugram, Haryana 122098, India",5,2,OPERATIONAL,https://maps.google.com/?cid=2497768552474311954&g_mp=Cilnb29nbGUubWFwcy5wbGFjZXMudjEuUGxhY2VzLlNlYXJjaE5lYXJieRACGAQgAA,ChIJ9dYf4usjDTkREn1fxUPbqSI
Sanny Home Decor,home_goods_store,home_goods_store|point_of_interest|store|establishment,085880 18494,,"Shop No 84 Banjara Market, Sec62, Sector 62, Gurugram, Haryana 122098, India",5,3,OPERATIONAL,https://maps.google.com/?cid=13357858372948000654&g_mp=Cilnb29nbGUubWFwcy5wbGFjZXMudjEuUGxhY2VzLlNlYXJjaE5lYXJieRACGAQgAA,ChIJR_3MdiAjDTkRjv-Kz2qlYLk
Jai Jagdambe Furniture House,furniture_store,furniture_store|home_improvement_store|point_of_interest|home_goods_store|store|establishment,093547 06302,,"Shop No Banjara Market, Sector 62, Gurugram, Haryana 122098, India",4,4,CLOSED_TEMPORARILY,https://maps.google.com/?cid=17191254469675451469&g_mp=Cilnb29nbGUubWFwcy5wbGFjZXMudjEuUGxhY2VzLlNlYXJjaE5lYXJieRACGAQgAA,ChIJnXBH6pEjDTkRTQRaZNuak-4
VIKRAM YOGI,general_store,general_store|point_of_interest|food_store|store|food|establishment,097189 07035,,"DLF Sec.54, Faridabad Road, Sector 62, Gurugram, Haryana 122098, India",,,OPERATIONAL,https://maps.google.com/?cid=2929973987580198480&g_mp=Cilnb29nbGUubWFwcy5wbGFjZXMudjEuUGxhY2VzLlNlYXJjaE5lYXJieRACGAQgAA,ChIJvU_n_oYjDTkRUD7aatFbqSg
Mustkeem Rom,association_or_organization,point_of_interest|association_or_organization|service|establishment,,,"Banjara Market, 7, Sector 62 Marg, Sector 62, Gurugram, Nangli Umarpur, Haryana 122098, India",,,OPERATIONAL,https://maps.google.com/?cid=14512869570706471616&g_mp=Cilnb29nbGUubWFwcy5wbGFjZXMudjEuUGxhY2VzLlNlYXJjaE5lYXJieRACGAQgAA,ChIJZQjkVwAjDTkRwPqIafsRaMk
Jaan cab service,taxi_service,taxi_service|transportation_service|point_of_interest|service|establishment,099911 16649,,"Sector 62, Gurugram, Nangli Umarpur, Haryana 122011, India",5,5,OPERATIONAL,https://maps.google.com/?cid=94055746008841720&g_mp=Cilnb29nbGUubWFwcy5wbGFjZXMudjEuUGxhY2VzLlNlYXJjaE5lYXJieRACGAQgAA,ChIJUcV4BrcjDTkR-P3w4TMnTgE
jasvant,community_center,community_center|event_venue|point_of_interest|service|establishment,,,"C33H+VG4, Sector 62, Nangli Umarpur, Gurugram, Haryana 122098, India",5,1,OPERATIONAL,https://maps.google.com/?cid=935072039739089462&g_mp=Cilnb29nbGUubWFwcy5wbGFjZXMudjEuUGxhY2VzLlNlYXJjaE5lYXJieRACGAQgAA,ChIJ49vgGAAjDTkRNmIM4BAL-gw
Morya Home Goods Store,home_goods_store,home_goods_store|point_of_interest|store|establishment,079885 89044,,"Shop No 83 Banjara Market, near Jmd Empire, Sector 62, Gurugram, Haryana 122098, India",,,CLOSED_TEMPORARILY,https://maps.google.com/?cid=12233808679920023111&g_mp=Cilnb29nbGUubWFwcy5wbGFjZXMudjEuUGxhY2VzLlNlYXJjaE5lYXJieRACGAQgAA,ChIJESl3OwwjDTkRRza5SC04x6k
Rehan Cooling System,service,point_of_interest|service|establishment,,,"Nirvana Country, Hong Kong Bazaar Rd, Sector 49, Sector 57, Gurugram, Haryana 122098, India",5,1,CLOSED_TEMPORARILY,https://maps.google.com/?cid=10654727327340538942&g_mp=Cilnb29nbGUubWFwcy5wbGFjZXMudjEuUGxhY2VzLlNlYXJjaE5lYXJieRACGAQgAA,ChIJ3YNDFxUiDTkRPqzHlA0y3ZM
My Home,service,point_of_interest|service|establishment,,,"C34J+5PC, Sector 62, Kohand, Gurugram, Haryana 122098, India",5,1,OPERATIONAL,https://maps.google.com/?cid=14315358147993178835&g_mp=Cilnb29nbGUubWFwcy5wbGFjZXMudjEuUGxhY2VzLlNlYXJjaE5lYXJieRACGAQgAA,ChIJZXnaaAAjDTkR05Kgu2NeqsY
Emaar URBAN OASIS,general_contractor,point_of_interest|general_contractor|service|establishment,,http://emaarrealty.com/Urban-Oasis,"Golf Course Ext Rd, near Banjara Market, Sector 62, Gurugram, Haryana 122098, India",4.4,21,OPERATIONAL,https://maps.google.com/?cid=14871380986678112783&g_mp=Cilnb29nbGUubWFwcy5wbGFjZXMudjEuUGxhY2VzLlNlYXJjaE5lYXJieRACGAQgAA,ChIJ7w-9BJkjDTkRD3JyJjfCYc4
DAKSH GUJJAR FARMHOUSE,farm,farm|point_of_interest|service|establishment,,,"C34J+4X7, Sector 62, Nangli Umarpur, Gurugram, Haryana 122098, India",5,3,CLOSED_TEMPORARILY,https://maps.google.com/?cid=15619265409189785435&g_mp=Cilnb29nbGUubWFwcy5wbGFjZXMudjEuUGxhY2VzLlNlYXJjaE5lYXJieRACGAQgAA,ChIJMW6ICJgjDTkRW69NnyLHwtg
Aman Yadav,association_or_organization,point_of_interest|association_or_organization|service|establishment,,,"C34J+5QM, Sector 62, Nangli Umarpur, Gurugram, Haryana 122098, India",,,OPERATIONAL,https://maps.google.com/?cid=2539064676025686741&g_mp=Cilnb29nbGUubWFwcy5wbGFjZXMudjEuUGxhY2VzLlNlYXJjaE5lYXJieRACGAQgAA,ChIJzyQMOAAjDTkR1dpAzN6RPCM
Academy of Canine,service,dog_park|pet_boarding_service|park|pet_care|point_of_interest|service|establishment,079822 24982,,"Kila-18 nangli umarpur, Ullawas Dhani Rd, near Swastik hospital, Sector 62, Gurugram, Haryana 122098, India",4.7,72,OPERATIONAL,https://maps.google.com/?cid=488826907224548251&g_mp=Cilnb29nbGUubWFwcy5wbGFjZXMudjEuUGxhY2VzLlNlYXJjaE5lYXJieRACGAQgAA,ChIJ5W5JwO8jDTkRm6PFcXupyAY
ambawata empire,housing_complex,housing_complex|point_of_interest|service|establishment,,,"C33M+F7X, Sector 62, Gurugram, Haryana 122098, India",5,5,OPERATIONAL,https://maps.google.com/?cid=11039278639415085397&g_mp=Cilnb29nbGUubWFwcy5wbGFjZXMudjEuUGxhY2VzLlNlYXJjaE5lYXJieRACGAQgAA,ChIJq-Mly_MjDTkRVcnkFm9lM5k
JD Cabs,taxi_service,taxi_service|point_of_interest|transportation_service|service|establishment,098103 59602,http://jdtourandtravels.nowfloats.com/,"Ballu bhavan, Nangli Umarpur Rd, Ullawas village, Sector 62, Gurugram, Haryana 122098, India",4.9,23,CLOSED_TEMPORARILY,https://maps.google.com/?cid=14266661778646748511&g_mp=Cilnb29nbGUubWFwcy5wbGFjZXMudjEuUGxhY2VzLlNlYXJjaE5lYXJieRACGAQgAA,ChIJlcrVpvUjDTkRX83htkxd_cU
RK Tours And Travels,tour_agency,tour_agency|travel_agency|point_of_interest|service|establishment,097175 53233,,"RK TOURS AND TRAVELS, Sector 62, Gurugram, Haryana 122098, India",5,1,OPERATIONAL,https://maps.google.com/?cid=7888087878193726272&g_mp=Cilnb29nbGUubWFwcy5wbGFjZXMudjEuUGxhY2VzLlNlYXJjaE5lYXJieRACGAQgAA,ChIJj0TlWBMjDTkRQEPN4CEeeG0
Emaar Digi Homes,general_contractor,general_contractor|point_of_interest|service|establishment,1800 103 3643,https://in.emaar.com/en/properties/emaar-digihomes/,"C33P+RQ6, Golf Course Ext Rd, Sector 62, Gurugram, Haryana 122098, India",4.3,480,OPERATIONAL,https://maps.google.com/?cid=977080554303676374&g_mp=Cilnb29nbGUubWFwcy5wbGFjZXMudjEuUGxhY2VzLlNlYXJjaE5lYXJieRACGAQgAA,ChIJT8K5OhsiDTkR1l82XJZJjw0
Paremraj,general_store,general_store|food_store|food|point_of_interest|store|establishment,,,"Paremraj Kirana Jmd, Sector 62, Gurugram, Haryana 122098, India",,,OPERATIONAL,https://maps.google.com/?cid=7192868478963778071&g_mp=Cilnb29nbGUubWFwcy5wbGFjZXMudjEuUGxhY2VzLlNlYXJjaE5lYXJieRACGAQgAA,ChIJ76n28UojDTkRF4K9rMUz0mM
Md Steel,point_of_interest,point_of_interest|establishment,,,"C33M+56P, Ullawas Dhani Rd, Sector 62, Gurugram, Haryana 122098, India",,,CLOSED_TEMPORARILY,https://maps.google.com/?cid=18284186525604378520&g_mp=Cilnb29nbGUubWFwcy5wbGFjZXMudjEuUGxhY2VzLlNlYXJjaE5lYXJieRACGAQgAA,ChIJ5ThNmxojDTkRmPehccV6vv0
DG homes,condominium_complex,condominium_complex|point_of_interest|service|establishment,,,"C33P+G38, Emaar Digihomes Rd, Sector 62, Gurugram, Nangli Umarpur, Haryana 122098, India",4.4,10,OPERATIONAL,https://maps.google.com/?cid=17145809976359035017&g_mp=Cilnb29nbGUubWFwcy5wbGFjZXMudjEuUGxhY2VzLlNlYXJjaE5lYXJieRACGAQgAA,ChIJgWJSLQAjDTkRiaA6w1Qn8u0
AMS Interior,general_contractor,general_contractor|point_of_interest|service|establishment,,,"C33M+56P, Ullawas Dhani Rd, Sector 62, Gurugram, Haryana 122098, India",4.8,12,OPERATIONAL,https://maps.google.com/?cid=15431241078580954368&g_mp=Cilnb29nbGUubWFwcy5wbGFjZXMudjEuUGxhY2VzLlNlYXJjaE5lYXJieRACGAQgAA,ChIJGfCYtrQjDTkRAMU7tADIJtY
Sakshi clinic,medical_clinic,medical_clinic|point_of_interest|health|establishment,,,"C34M+HCV, Sector 62, Gurugram, Nangli Umarpur, Haryana 122098, India",,,OPERATIONAL,https://maps.google.com/?cid=10926321260823464073&g_mp=Cilnb29nbGUubWFwcy5wbGFjZXMudjEuUGxhY2VzLlNlYXJjaE5lYXJieRACGAQgAA,ChIJpe2xNwAjDTkRiUgu7UsXopc
Cleanomatics,laundry,laundry|point_of_interest|service|establishment,078272 72610,https://www.cleanomatics.com/,"near Fur Ball Story Pet Retreat, Golf Course Ext Rd, Sector 62, Nangli Umarpur, Gurugram, Haryana 122098, India",3.8,16,OPERATIONAL,https://maps.google.com/?cid=6369336070224807335&g_mp=Cilnb29nbGUubWFwcy5wbGFjZXMudjEuUGxhY2VzLlNlYXJjaE5lYXJieRACGAQgAA,ChIJzarD35cjDTkRpwXV4GhtZFg
Fur Ball Story Pet Retreat,dog_park,dog_park|dog_cafe|park|pet_care|point_of_interest|service|establishment,095821 12979,http://www.furballstory.com/,"Kila No. 20, Nagli Umarpur, near Paras Trinity, Sector 62, Gurugram, Haryana 122098, India",4.5,63,OPERATIONAL,https://maps.google.com/?cid=15664143397002973088&g_mp=Cilnb29nbGUubWFwcy5wbGFjZXMudjEuUGxhY2VzLlNlYXJjaE5lYXJieRACGAQgAA,ChIJB6pxNJ4jDTkRoI8kaW03Ytk
Sukhpal nursery,park,park|point_of_interest|establishment,,,"C32M+X2J, Ullawas Dhani Rd, Sector 62, Gurugram, Nangli Umarpur, Haryana 122098, India",5,2,OPERATIONAL,https://maps.google.com/?cid=6175768875786198873&g_mp=Cilnb29nbGUubWFwcy5wbGFjZXMudjEuUGxhY2VzLlNlYXJjaE5lYXJieRACGAQgAA,ChIJRR90HkUjDTkRWV8maBK9tFU
Chromecraft Furnishers,manufacturer,point_of_interest|manufacturer|establishment,098183 30844,https://www.chromecraft.com/,"Chromecraft Furnishers, behind AIPL business park, Sector 62, Gurugram, Haryana 122098, India",5,10,OPERATIONAL,https://maps.google.com/?cid=3726727775670758277&g_mp=Cilnb29nbGUubWFwcy5wbGFjZXMudjEuUGxhY2VzLlNlYXJjaE5lYXJieRACGAQgAA,ChIJPZIvVMAjDTkRhetvuyr_tzM
फार्म,point_of_interest,point_of_interest|establishment,,,"13, Sector 62 Marg, Sector 62, Gurugram, Haryana 122098, India",,,CLOSED_TEMPORARILY,https://maps.google.com/?cid=13235170345653609580&g_mp=Cilnb29nbGUubWFwcy5wbGFjZXMudjEuUGxhY2VzLlNlYXJjaE5lYXJieRACGAQgAA,ChIJhflIVwAjDTkRbKR3ck7FrLc
vibhant fashions,clothing_store,point_of_interest|clothing_store|store|establishment,,,"C 1201, Emaar Digihomes Rd, Sector 62, Gurugram, Haryana 122098, India",5,2,OPERATIONAL,https://maps.google.com/?cid=5972929450277217735&g_mp=Cilnb29nbGUubWFwcy5wbGFjZXMudjEuUGxhY2VzLlNlYXJjaE5lYXJieRACGAQgAA,ChIJCef48UUjDTkRxyU-aLAb5FI
Residence home,apartment_building,apartment_building|service|point_of_interest|establishment,,,"C33P+RQ6, Sector 62, Gurugram, Haryana 122098, India",,,OPERATIONAL,https://maps.google.com/?cid=4035250614533673174&g_mp=Cilnb29nbGUubWFwcy5wbGFjZXMudjEuUGxhY2VzLlNlYXJjaE5lYXJieRACGAQgAA,ChIJJX0ZJgAjDTkR1tD04g0XADg
Townhouse Oak Sector 62 Paras Trinity,lodging,lodging|point_of_interest|establishment,,https://www.us.despegar.com/hotels/h-7137165,"Sector 62, Gurugram, Haryana 122098, India",,,OPERATIONAL,https://maps.google.com/?cid=4157722958773624838&g_mp=Cilnb29nbGUubWFwcy5wbGFjZXMudjEuUGxhY2VzLlNlYXJjaE5lYXJieRACGAQgAA,ChIJcwOhOxYiDTkRBiAwoAAzszk
Tower B Emaar Digi Homes,apartment_building,apartment_building|service|point_of_interest|establishment,,,"C33P+JGG, Emaar Digihomes Rd, Sector 62, Gurugram, Nangli Umarpur, Haryana 122098, India",5,1,OPERATIONAL,https://maps.google.com/?cid=12601541279480406778&g_mp=Cilnb29nbGUubWFwcy5wbGFjZXMudjEuUGxhY2VzLlNlYXJjaE5lYXJieRACGAQgAA,ChIJw2DkXwAjDTkR-uLZIQer4a4
Chaudhary Roopchand Ambawata Farm House,association_or_organization,association_or_organization|point_of_interest|establishment,,,"C34P+494, Sector 62, Gurugram, Haryana 122098, India",5,1,OPERATIONAL,https://maps.google.com/?cid=7596735117388935833&g_mp=Cilnb29nbGUubWFwcy5wbGFjZXMudjEuUGxhY2VzLlNlYXJjaE5lYXJieRACGAQgAA,ChIJm3SkWQAjDTkRmfKzDFcGbWk
Cleangrid Energy Private Limited,corporate_office,corporate_office|point_of_interest|establishment,,,"Pioneer Urban Square, Sector 62, Nangli Umarpur, Gurugram, Haryana 122098, India",,,OPERATIONAL,https://maps.google.com/?cid=17365702455617127562&g_mp=Cilnb29nbGUubWFwcy5wbGFjZXMudjEuUGxhY2VzLlNlYXJjaE5lYXJieRACGAQgAA,ChIJi14zFwAjDTkRigQwPmBe__A
Chi Hi Tech,corporate_office,corporate_office|point_of_interest|establishment,,,"407, Fourth Floor, Tower-B, Pioneer Urban Square, Sector 62, Gurugram, Ghata, Haryana 122098, India",,,OPERATIONAL,https://maps.google.com/?cid=6006035708248195173&g_mp=Cilnb29nbGUubWFwcy5wbGFjZXMudjEuUGxhY2VzLlNlYXJjaE5lYXJieRACGAQgAA,ChIJSSPqTQAjDTkRZQBywqe5WVM
Fractional (A JALAJ719 Consultants Firm),consultant,consultant|service|point_of_interest|establishment,,http://fractional.company/,"C106, First Floor, Tower C, Urban Square, Pioneer Urban Square, by, Golf Course Ext Rd, Sector 62, Gurugram, Haryana 122001, India",,,OPERATIONAL,https://maps.google.com/?cid=16911819498751317880&g_mp=Cilnb29nbGUubWFwcy5wbGFjZXMudjEuUGxhY2VzLlNlYXJjaE5lYXJieRACGAQgAA,ChIJAQBw0GEYDTkReNeYQDvasuo
Shakshi Shuttering Store,service,service|point_of_interest|establishment,099998 64807,,"Near, housing board EWS, opposite Emaar tower, Ullahawas, Sector 62, Gurugram, Haryana 122098, India",5,2,OPERATIONAL,https://maps.google.com/?cid=11979524484521502360&g_mp=Cilnb29nbGUubWFwcy5wbGFjZXMudjEuUGxhY2VzLlNlYXJjaE5lYXJieRACGAQgAA,ChIJGxqvD30jDTkRmKb_ZQzSP6Y
Ch harkishan farmhouse,park,park|point_of_interest|establishment,,,"5, Sector 62, Gurugram, Nangli Umarpur, Haryana 122098, India",5,1,OPERATIONAL,https://maps.google.com/?cid=5993042523933502759&g_mp=Cilnb29nbGUubWFwcy5wbGFjZXMudjEuUGxhY2VzLlNlYXJjaE5lYXJieRACGAQgAA,ChIJzfq7bQAjDTkRJ-3dSmyQK1M
Agarwal Packers And Movers Gurgaon,moving_company,storage|shipping_service|moving_company|transportation_service|service|point_of_interest|establishment,076656 78702,http://www.agarwaldomestic.com/,"Shop No 03, Sector 62, Gurugram, Haryana 122098, India",,,OPERATIONAL,https://maps.google.com/?cid=2835080827970287817&g_mp=Cilnb29nbGUubWFwcy5wbGFjZXMudjEuUGxhY2VzLlNlYXJjaE5lYXJieRACGAQgAA,ChIJDwg1SEEjDTkRyXiw_P06WCc
Cric&pick,sports_complex,sports_complex|sports_activity_location|point_of_interest|establishment,076784 15846,,"Sector 62, Gurugram, Haryana 122022, India",4.8,28,OPERATIONAL,https://maps.google.com/?cid=15337468985502815111&g_mp=Cilnb29nbGUubWFwcy5wbGFjZXMudjEuUGxhY2VzLlNlYXJjaE5lYXJieRACGAQgAA,ChIJec4pQaAjDTkRh1N36sei2dQ
"Santu Jana, Goli, Haryana, Gurgaon",storage,storage|point_of_interest|establishment,,,"Samrat Naagbhatt, Sector 10 Main Rd, Sector 62, Gurugram, Nangli Umarpur, Haryana 122098, India",4,4,OPERATIONAL,https://maps.google.com/?cid=13244659478736950199&g_mp=Cilnb29nbGUubWFwcy5wbGFjZXMudjEuUGxhY2VzLlNlYXJjaE5lYXJieRACGAQgAA,ChIJG97cTgAjDTkRt1MgaZ97zrc
M.K Timber and Traders,general_contractor,building_materials_store|general_contractor|store|service|point_of_interest|establishment,092662 40709,https://sites.google.com/view/mktimberandtraders/home,"Ullawas Dhani Rd, near Imperia Building vill, HBR Chowk, Sector 62, Gurugram, Haryana 122098, India",4.1,9,OPERATIONAL,https://maps.google.com/?cid=5222421414035316029&g_mp=Cilnb29nbGUubWFwcy5wbGFjZXMudjEuUGxhY2VzLlNlYXJjaE5lYXJieRACGAQgAA,ChIJK7PyeucjDTkRPd33QpvEeUg
Anar Chand,apartment_complex,apartment_complex|service|point_of_interest|establishment,,,"C34Q+4FP, Golf Course Ext Rd, Sector 62, Gurugram, Haryana 122098, India",,,OPERATIONAL,https://maps.google.com/?cid=11354709013323495009&g_mp=Cilnb29nbGUubWFwcy5wbGFjZXMudjEuUGxhY2VzLlNlYXJjaE5lYXJieRACGAQgAA,ChIJKcgCagAjDTkRYbYSE7AHlJ0
Pivotal Paradise Tower 6,apartment_building,apartment_building|service|point_of_interest|establishment,,https://www.pivotalgroup.in/paradise/,"C34Q+4FP, Golf Course Ext Rd, Sector 62, Gurugram, Haryana 122098, India",3.8,12,OPERATIONAL,https://maps.google.com/?cid=5987340573846278433&g_mp=Cilnb29nbGUubWFwcy5wbGFjZXMudjEuUGxhY2VzLlNlYXJjaE5lYXJieRACGAQgAA,ChIJSx4NBgAjDTkRIRFklYdOF1M
PF Withdrawal Expert,finance,finance|point_of_interest|establishment,,,"Heritage One, EWS Flat 305, Residency, Sector 62, Gurugram, Haryana 122102, India",,,OPERATIONAL,https://maps.google.com/?cid=14215117634212582267&g_mp=Cilnb29nbGUubWFwcy5wbGFjZXMudjEuUGxhY2VzLlNlYXJjaE5lYXJieRACGAQgAA,ChIJHX9GcgAjDTkRe9OhYyw-RsU
"On q Ultrasound and MRI,CT scan",medical_center,medical_center|hospital|health|service|point_of_interest|establishment,,,"C33Q+WW9, Sector 62, Gurugram, Haryana 122098, India",,,OPERATIONAL,https://maps.google.com/?cid=9720756871953026907&g_mp=Cilnb29nbGUubWFwcy5wbGFjZXMudjEuUGxhY2VzLlNlYXJjaE5lYXJieRACGAQgAA,ChIJBS5BVzIjDTkRW4-yTN8Q54Y
Vinod sharma,hindu_temple,hindu_temple|place_of_worship|association_or_organization|point_of_interest|establishment,,,"C33R+Q4J, Samrat Naagbhatt Gurjar Rd, Sector 62, Gurugram, Haryana 122098, India",5,2,OPERATIONAL,https://maps.google.com/?cid=12179726949084427958&g_mp=Cilnb29nbGUubWFwcy5wbGFjZXMudjEuUGxhY2VzLlNlYXJjaE5lYXJieRACGAQgAA,ChIJ-TzHJ18jDTkRtvZtFSEVB6k
Gourmet Gathering Catering,catering_service,catering_service|food_delivery|service|food|point_of_interest|establishment,,,"Shop 22, Sarpanch Market, Ullawas Dhani Rd, Sector 62, Gurugram, Haryana 122098, India",5,29,OPERATIONAL,https://maps.google.com/?cid=399888227294757316&g_mp=Cilnb29nbGUubWFwcy5wbGFjZXMudjEuUGxhY2VzLlNlYXJjaE5lYXJieRACGAQgAA,ChIJY_w9d5YjDTkRxMHDWTmwjAU
Excellence Gymnastics Private limited,gym,sports_complex|gym|sports_school|sports_activity_location|health|point_of_interest|establishment,099994 54880,http://www.excellencegymnastics.com/,"15/6& 15/8, near HBR CHOWK, Sector 62, Gurugram, Haryana 122098, India",4.7,141,OPERATIONAL,https://maps.google.com/?cid=14600745246173153198&g_mp=Cilnb29nbGUubWFwcy5wbGFjZXMudjEuUGxhY2VzLlNlYXJjaE5lYXJieRACGAQgAA,ChIJucVt6HQiDTkRrscffnFEoMo
The Woodcrafters,general_contractor,general_contractor|service|point_of_interest|establishment,098184 62493,http://thewoodcrafters.in/,"Shop no.3, village ullawas, sector-62, near HBR chowk, Sector 62, Gurugram, Haryana 122098, India",4.6,7,OPERATIONAL,https://maps.google.com/?cid=7078826047306679421&g_mp=Cilnb29nbGUubWFwcy5wbGFjZXMudjEuUGxhY2VzLlNlYXJjaE5lYXJieRACGAQgAA,ChIJacPg2YkjDTkRfUR_6MgKPWI
Mobina Automobiles & Car Accessories,car_repair,car_repair|service|point_of_interest|establishment,099905 35083,,"SHOP NO. 3, VILLAGE, Ullawas Dhani Rd, behind HARI SINGH COMPLEX, near HBR CHOWK, Sector 62, Gurugram, Haryana 122102, India",4.6,34,OPERATIONAL,https://maps.google.com/?cid=16829857074184998147&g_mp=Cilnb29nbGUubWFwcy5wbGFjZXMudjEuUGxhY2VzLlNlYXJjaE5lYXJieRACGAQgAA,ChIJwwur07oYDTkRA01kL9epj-k
SHP Life Sciences Pvt. Ltd.,manufacturer,health|manufacturer|point_of_interest|establishment,098188 79040,http://shplifesciences.com/,"shop no. 2&3 sarpanch market ullawas, Sector 62, Gurugram, Haryana 122098, India",3,2,OPERATIONAL,https://maps.google.com/?cid=17964154742241513749&g_mp=Cilnb29nbGUubWFwcy5wbGFjZXMudjEuUGxhY2VzLlNlYXJjaE5lYXJieRACGAQgAA,ChIJIfViUz0iDTkRFVF0VY9_Tfk
DTDC DOMESTIC AND INTERNATIONAL COURIER SERVICE,courier_service,courier_service|shipping_service|service|point_of_interest|establishment,081787 71253,http://www.dtdc.in/,"HBR CHOWK, Shop No. 49, Dharam Sarpanch Market, CRPF Rd, Sector 62, Gurugram, Haryana 122098, India",4,26,OPERATIONAL,https://maps.google.com/?cid=17744528993065416827&g_mp=Cilnb29nbGUubWFwcy5wbGFjZXMudjEuUGxhY2VzLlNlYXJjaE5lYXJieRACGAQgAA,ChIJVREaAdcjDTkRe7hIyho7QfY
The Hunar Hub,educational_institution,educational_institution|point_of_interest|establishment,078270 68479,https://www.thehunarhub.com/en,"The Hunar Hub Institute, HBR Chowk, Baharampur Naya, Sector 62, Gurugram, Haryana 122098, India",5,7,OPERATIONAL,https://maps.google.com/?cid=12404093576172507803&g_mp=Cilnb29nbGUubWFwcy5wbGFjZXMudjEuUGxhY2VzLlNlYXJjaE5lYXJieRACGAQgAA,ChIJ0ZN1agAjDTkRm5J3SGMxJKw
Aspran india,service,service|point_of_interest|establishment,080 4580 1908,http://www.aspranindia.com/,"C33R+R9X, Sector 62, Gurugram, Haryana 122098, India",5,2,OPERATIONAL,https://maps.google.com/?cid=11197714204484273240&g_mp=Cilnb29nbGUubWFwcy5wbGFjZXMudjEuUGxhY2VzLlNlYXJjaE5lYXJieRACGAQgAA,ChIJnwTRBFwjDTkRWIShrr1FZps
Raghunath Ventures,supplier,supplier|point_of_interest|establishment,070423 72588,,"Shop No 3 Siriya Sarpanch Market HBR Chowk, Ullawas Dhani Rd, Sector 62, Gurugram, Haryana 122098, India",4.7,7,CLOSED_TEMPORARILY,https://maps.google.com/?cid=7846113442175572968&g_mp=Cilnb29nbGUubWFwcy5wbGFjZXMudjEuUGxhY2VzLlNlYXJjaE5lYXJieRACGAQgAA,ChIJXXIsqiMjDTkR6NtK7Jr-4mw
FreshMenu,restaurant,restaurant|food|point_of_interest|establishment,,https://www.freshmenu.com/gurgaon,"C34R+53J FreshMenu, Baharampur Naya, Sector 62, Gurugram, Haryana 122098, India",1.6,11,OPERATIONAL,https://maps.google.com/?cid=4290103085048898037&g_mp=Cilnb29nbGUubWFwcy5wbGFjZXMudjEuUGxhY2VzLlNlYXJjaE5lYXJieRACGAQgAA,ChIJA_8KUhojDTkR9aElogaCiTs
Yadav Taxi Service Sector 62 Gurgaon Haryana,taxi_service,taxi_service|transportation_service|service|point_of_interest|establishment,093155 87944,,"Shreya Surpanch Market, Sector 62, Gurugram, Haryana 122005, India",5,2,OPERATIONAL,https://maps.google.com/?cid=17286969793791877087&g_mp=Cilnb29nbGUubWFwcy5wbGFjZXMudjEuUGxhY2VzLlNlYXJjaE5lYXJieRACGAQgAA,ChIJE4pE3wYjDTkR31_f6W-n5-8
Parisian Kitchen,bakery,bakery|food_store|store|food|point_of_interest|establishment,,http://www.parisian.in/,"Killa No -9, Sapanch Market, Ullahawas, Badshahpur, Sector 61, Gurugram, Haryana 122102, India",5,2,OPERATIONAL,https://maps.google.com/?cid=1950893503076926883&g_mp=Cilnb29nbGUubWFwcy5wbGFjZXMudjEuUGxhY2VzLlNlYXJjaE5lYXJieRACGAQgAA,ChIJVQXYfgAjDTkRo4WEBU73Ehs
Fenesta Windows – uPVC Windows & Doors Showroom | Abode Decors Studio,,point_of_interest|establishment,088609 66665,https://www.fenesta.com/locate-us/partner-showroom-abode-decors-studio-private-limited-gurgaon-haryana?utm_source=gmb&utm_medium=google&utm_campaign=seo-local,"Shop no. 7, Lower Ground Floor, Hari Singh Complex, Plot no. 103, HBR Chowk, Sector 62, Gurugram, Haryana 122098, India",5,2,OPERATIONAL,https://maps.google.com/?cid=12615095873437477428&g_mp=Cilnb29nbGUubWFwcy5wbGFjZXMudjEuUGxhY2VzLlNlYXJjaE5lYXJieRACGAQgAA,ChIJE9cziw4jDTkRNKq899vSEa8
Restaurant Cafe kitchen equipments,store,store|point_of_interest|establishment,098969 99967,,"HBR chowk, Sector 62, Gurugram, Haryana 122098, India",1,1,CLOSED_TEMPORARILY,https://maps.google.com/?cid=6011196402983899150&g_mp=Cilnb29nbGUubWFwcy5wbGFjZXMudjEuUGxhY2VzLlNlYXJjaE5lYXJieRACGAQgAA,ChIJ5RBYTOwjDTkRDhD2okcPbFM
Detailing guru A unit of tamanna automobile & Electricals,car_repair,car_repair|service|point_of_interest|establishment,,,"HBR Chowk, Baharampur Naya, Sector 62, Gurugram, Haryana 122098, India",,,OPERATIONAL,https://maps.google.com/?cid=8285036210808521630&g_mp=Cilnb29nbGUubWFwcy5wbGFjZXMudjEuUGxhY2VzLlNlYXJjaE5lYXJieRACGAQgAA,ChIJ67J6TQAjDTkRnoN9qIlc-nI
Sindhu Taxi Service,taxi_service,taxi_service|transportation_service|service|point_of_interest|establishment,,,"10, Ullawas Dhani Rd, near Pioneer Park, CRPF Park, Sector 61, Gurugram, Haryana 122098, India",5,21,OPERATIONAL,https://maps.google.com/?cid=5907498693429576744&g_mp=Cilnb29nbGUubWFwcy5wbGFjZXMudjEuUGxhY2VzLlNlYXJjaE5lYXJieRACGAQgAA,ChIJC_gesp0jDTkRKET0LMOm-1E
BSNL Store,telecommunications_service_provider,telecommunications_service_provider|point_of_interest|establishment,089011 59460,https://bsnl.co.in/,"AYAN COMM SARPANCH MARKET, near HBR CHOWK, Ullahawas, Sector 62, Gurugram, Haryana 122413, India",,,OPERATIONAL,https://maps.google.com/?cid=16825797656949113137&g_mp=Cilnb29nbGUubWFwcy5wbGFjZXMudjEuUGxhY2VzLlNlYXJjaE5lYXJieRACGAQgAA,ChIJgbRpMBkjDTkRMUENddI9gek
Indian alley sector -62,restaurant,restaurant|food|point_of_interest|establishment,078279 42918,,"HBR Chowk, Baharampur Naya, Sector 62, Gurugram, Haryana 122098, India",3,2,OPERATIONAL,https://maps.google.com/?cid=79244400332075971&g_mp=Cilnb29nbGUubWFwcy5wbGFjZXMudjEuUGxhY2VzLlNlYXJjaE5lYXJieRACGAQgAA,ChIJVYIHEAAjDTkRw3M7vFyIGQE
Organyc,corporate_office,corporate_office|point_of_interest|establishment,0124 407 8585,http://organyc.in/,"B-014, 15th floor Emaar Digital Greens, Baharampur Naya, Sector 61, Gurugram, Haryana 122098, India",,,CLOSED_TEMPORARILY,https://maps.google.com/?cid=13990111008085614213&g_mp=Cilnb29nbGUubWFwcy5wbGFjZXMudjEuUGxhY2VzLlNlYXJjaE5lYXJieRACGAQgAA,ChIJf6AVeBgiDTkRhZ45zdbbJsI
C.G.S international School,government_office,school|educational_institution|government_office|point_of_interest|establishment,,http://www.cgsschool.com/,"C33V+WG7, Ullahawas, Baharampur Naya, Sector 61, Gurugram, Haryana 122098, India",,,OPERATIONAL,https://maps.google.com/?cid=13776165478038591324&g_mp=Cilnb29nbGUubWFwcy5wbGFjZXMudjEuUGxhY2VzLlNlYXJjaE5lYXJieRACGAQgAA,ChIJATSEfSIiDTkRXFd9VYPFLr8
Shivaay Pharmacy,pharmacy,pharmacy|store|health|point_of_interest|establishment,080599 69050,,"Shop No. 05, Hbr Market Village Ullawas Sector 62, Gurugram, NCR, Baharampur Naya, Sector 61, Region, Gurugram, Haryana 122098, India",5,2,OPERATIONAL,https://maps.google.com/?cid=15809070462730975493&g_mp=Cilnb29nbGUubWFwcy5wbGFjZXMudjEuUGxhY2VzLlNlYXJjaE5lYXJieRACGAQgAA,ChIJbTU3eBgiDTkRBTkzaNMZZds
Muhjair Cycles,hardware_store,hardware_store|building_materials_store|store|point_of_interest|establishment,090069 31159,,"Shop No 12, Hbr Market, Baharampur Naya, Sector 61, Gurugram, Haryana 122098, India",,,CLOSED_TEMPORARILY,https://maps.google.com/?cid=8706265921581719490&g_mp=Cilnb29nbGUubWFwcy5wbGFjZXMudjEuUGxhY2VzLlNlYXJjaE5lYXJieRACGAQgAA,ChIJl80su_gjDTkRwp_3V7re0ng
RAGHU STORE,home_goods_store,home_goods_store|store|point_of_interest|establishment,081305 70017,,"CRPF Rd, Baharampur Naya, Sector 61, Gurugram, Haryana 122098, India",5,9,OPERATIONAL,https://maps.google.com/?cid=3260135717705177138&g_mp=Cilnb29nbGUubWFwcy5wbGFjZXMudjEuUGxhY2VzLlNlYXJjaE5lYXJieRACGAQgAA,ChIJy0H3P9UjDTkRMlhhjSlUPi0
AS BALAJI CYBER CAFE & COMPUTER CENTER,internet_cafe,internet_cafe|service|point_of_interest|establishment,089106 05188,,"SHOP NO 2 CRPF ROAD HBR MARKET ULLAWAS, near HBR 1 RESIDENCY, HBR CHAWK, Sector 61, Gurugram, Haryana 122098, India",4.5,10,OPERATIONAL,https://maps.google.com/?cid=15847347337973960660&g_mp=Cilnb29nbGUubWFwcy5wbGFjZXMudjEuUGxhY2VzLlNlYXJjaE5lYXJieRACGAQgAA,ChIJlV81JN8jDTkR1I8r6HAW7ds
TENNIS VIDYALAYA,sports_club,sports_coaching|sports_club|school|educational_institution|health|association_or_organization|point_of_interest|establishment,098116 05353,http://tennisvidyalaya.com/,"Ullawas, CRPF Rd, Baharampur Naya, Sector 61, Gurugram, Haryana 122098, India",4.9,466,OPERATIONAL,https://maps.google.com/?cid=17243137795035524139&g_mp=Cilnb29nbGUubWFwcy5wbGFjZXMudjEuUGxhY2VzLlNlYXJjaE5lYXJieRACGAQgAA,ChIJVeDPolAjDTkRK2w0bnfuS-8
Pearly White Dental Care,dental_clinic,dental_clinic|medical_clinic|health|point_of_interest|establishment,099505 69352,,"Shop No. G-04, HBR Residency-1, near HBR Chowk, Baharampur Naya, Sector 61, Gurugram, Haryana 122098, India",5,13,OPERATIONAL,https://maps.google.com/?cid=12658196060676667617&g_mp=Cilnb29nbGUubWFwcy5wbGFjZXMudjEuUGxhY2VzLlNlYXJjaE5lYXJieRACGAQgAA,ChIJ25B1ZCojDTkR4bjhTUDyqq8
Health care,hospital,hospital|health|service|point_of_interest|establishment,096948 70828,,"Baharampur Naya, Hbr chowk, Gurugram, Haryana 122098, India",5,2,OPERATIONAL,https://maps.google.com/?cid=4090967107156116146&g_mp=Cilnb29nbGUubWFwcy5wbGFjZXMudjEuUGxhY2VzLlNlYXJjaE5lYXJieRACGAQgAA,ChIJzQdAkAojDTkRsgLZuegIxjg
Ramji Group House,association_or_organization,service|association_or_organization|point_of_interest|establishment,,,"Ramji Group House, Ullahawas, Baharampur Naya, Sector 61, Gurugram, Haryana 122098, India",,,OPERATIONAL,https://maps.google.com/?cid=10839451162598685380&g_mp=Cilnb29nbGUubWFwcy5wbGFjZXMudjEuUGxhY2VzLlNlYXJjaE5lYXJieRACGAQgAA,ChIJL4tsFUIjDTkRxLrjCmd3bZY
Shri Bala Ji Atta Chakki,manufacturer,manufacturer|food|point_of_interest|establishment,091666 35263,,"near by HBR chowk, HBR market, Sector 61, Gurugram, Haryana 122098, India",5,6,OPERATIONAL,https://maps.google.com/?cid=4088115516337535683&g_mp=Cilnb29nbGUubWFwcy5wbGFjZXMudjEuUGxhY2VzLlNlYXJjaE5lYXJieRACGAQgAA,ChIJG03-GBgiDTkRw7oPAGfnuzg
CarScrapMart - Best Car Scrap Dealer in Gurgaon,auto_parts_store,auto_parts_store|car_repair|store|service|point_of_interest|establishment,,https://carscrapmart.com/scrap-car-dealer-gurugram,"SHOP NO 10, HBR CHOWK, near HBR MARKET, ULLAWAS, Sector 61, Gurugram, Haryana 122098, India",5,66,OPERATIONAL,https://maps.google.com/?cid=838425352656672765&g_mp=Cilnb29nbGUubWFwcy5wbGFjZXMudjEuUGxhY2VzLlNlYXJjaE5lYXJieRACGAQgAA,ChIJJ2R8XRDUXAUR_VfIg2qvogs
PRL,general_store,general_store|food_store|store|food|point_of_interest|establishment,081305 70017,,"Baharampur Naya, HBr Chowk, Gurugram, Haryana 122101, India",,,OPERATIONAL,https://maps.google.com/?cid=7309681551926217432&g_mp=Cilnb29nbGUubWFwcy5wbGFjZXMudjEuUGxhY2VzLlNlYXJjaE5lYXJieRACGAQgAA,ChIJDTC23EwjDTkR2MrJo6Q0cWU
Electric Vehicle Charging Station,electric_vehicle_charging_station,electric_vehicle_charging_station|transportation_service|point_of_interest|establishment,022 2286 3900,,"285, Baharampur Naya Marg, Baharampur Naya, Sector 61, Gurugram, Haryana 122098, India",1.5,2,OPERATIONAL,https://maps.google.com/?cid=12979466768631727488&g_mp=Cilnb29nbGUubWFwcy5wbGFjZXMudjEuUGxhY2VzLlNlYXJjaE5lYXJieRACGAQgAA,ChIJrZRuq_AjDTkRgAVIBkJUILQ
Hari Singh apartment,apartment_building,apartment_building|service|point_of_interest|establishment,,,"288, Baharampur Naya Marg, Ullahawas, Baharampur Naya, Sector 61, Gurugram, Haryana 122098, India",4.9,7,OPERATIONAL,https://maps.google.com/?cid=9160661537395179963&g_mp=Cilnb29nbGUubWFwcy5wbGFjZXMudjEuUGxhY2VzLlNlYXJjaE5lYXJieRACGAQgAA,ChIJQ8WaDrwjDTkRuwEGDCI1IX8
Shri Shyam Dairy,food_store,food_store|store|food|point_of_interest|establishment,098737 14395,,"Shop No 5, Sec61, Gurgaon HBR Chowk, ULLAWAS, Sector 61, Gurugram, Haryana 122098, India",5,2,OPERATIONAL,https://maps.google.com/?cid=4445166739680712200&g_mp=Cilnb29nbGUubWFwcy5wbGFjZXMudjEuUGxhY2VzLlNlYXJjaE5lYXJieRACGAQgAA,ChIJs2ILChsjDTkRCNYMJplnsD0
Primenterior,corporate_office,corporate_office|point_of_interest|establishment,,,"shop no. 1, 62, Sector Road, South City I, Sector 30, Gurugram, Haryana 122098, India",5,1,OPERATIONAL,https://maps.google.com/?cid=10606431219302870941&g_mp=Cilnb29nbGUubWFwcy5wbGFjZXMudjEuUGxhY2VzLlNlYXJjaE5lYXJieRACGAQgAA,ChIJ65HmpH0jDTkRnS8pqf-cMZM
Harry communication,service,service|point_of_interest|establishment,,,"Ullahawas, Baharampur Naya, Ullavas, Gurugram, Haryana 122098, India",2.3,3,OPERATIONAL,https://maps.google.com/?cid=12634389386398994413&g_mp=Cilnb29nbGUubWFwcy5wbGFjZXMudjEuUGxhY2VzLlNlYXJjaE5lYXJieRACGAQgAA,ChIJj1l3eF8jDTkR7Q9HAjVeVq8
Allahabad Bank,bank,bank|finance|point_of_interest|establishment,,,"Ullahawas, Baharampur Naya, Sector 61, Gurugram, Haryana 122098, India",4.4,22,OPERATIONAL,https://maps.google.com/?cid=15188637727726339913&g_mp=Cilnb29nbGUubWFwcy5wbGFjZXMudjEuUGxhY2VzLlNlYXJjaE5lYXJieRACGAQgAA,ChIJ3d5ifyIiDTkRSYc5X4rhyNI
औरैया,church,church|place_of_worship|association_or_organization|point_of_interest|establishment,,,"288, Baharampur Naya Marg, उल्लाहवास, बहरामपुर नया, सेक्टर ६१, गुरुग्राम, हरियाणा 122098, India",5,1,OPERATIONAL,https://maps.google.com/?cid=17040645381185338705&g_mp=Cilnb29nbGUubWFwcy5wbGFjZXMudjEuUGxhY2VzLlNlYXJjaE5lYXJieRACGAQgAA,ChIJ2cHfVQAjDTkRUf3zYLCIfOw
Acharya Amit Raina,astrologer,astrologer|point_of_interest|establishment,080913 61202,,"1002,Tower8, Unitech Harmony, Nirvana Country, Sector 50, Gurugram, Haryana 122018, India",5,3,OPERATIONAL,https://maps.google.com/?cid=9767728512111388501&g_mp=Cilnb29nbGUubWFwcy5wbGFjZXMudjEuUGxhY2VzLlNlYXJjaE5lYXJieRACGAQgAA,ChIJVVWlMPUYDTkRVafaglTxjYc
Ritzart Art and Craft classes,educational_institution,educational_institution|service|point_of_interest|establishment,098849 25016,,"UNITECH ESCAPE, Sector 50, Gurugram, Haryana 122018, India",4.9,143,OPERATIONAL,https://maps.google.com/?cid=7132780440676930003&g_mp=Cilnb29nbGUubWFwcy5wbGFjZXMudjEuUGxhY2VzLlNlYXJjaE5lYXJieRACGAQgAA,ChIJJ1Ae1D8jDTkR0xFnCwW6_GI
Escape FC,sports_club,sports_club|association_or_organization|point_of_interest|establishment,,,"C356+39Q, Sector 50, Gurugram, Haryana 122018, India",,,CLOSED_TEMPORARILY,https://maps.google.com/?cid=17506806306633251754&g_mp=Cilnb29nbGUubWFwcy5wbGFjZXMudjEuUGxhY2VzLlNlYXJjaE5lYXJieRACGAQgAA,ChIJj7QRQAAjDTkRqntxspSr9PI
IFC flower shop,,point_of_interest|establishment,091983 87580,,"Outside Escape Society, Golf Course Ext Rd, Sector 50, Gurgaon, Gurugram, Haryana 122018, India",5,1,OPERATIONAL,https://maps.google.com/?cid=4551339455002834198&g_mp=Cilnb29nbGUubWFwcy5wbGFjZXMudjEuUGxhY2VzLlNlYXJjaE5lYXJieRACGAQgAA,ChIJYUXCVR4jDTkRFvWpyx6bKT8
DR SWATI,doctor,doctor|health|point_of_interest|establishment,,https://swati5818.wixsite.com/mysite,"C356+23M, Unnamed Road, Rosewood City, Nirvana Country, Sector 49, Gurugram, Haryana 122018, India",1,1,OPERATIONAL,https://maps.google.com/?cid=7215719076622207353&g_mp=Cilnb29nbGUubWFwcy5wbGFjZXMudjEuUGxhY2VzLlNlYXJjaE5lYXJieRACGAQgAA,ChIJTZ52u-kjDTkReYkTCUViI2Q
Smart World 69 | Smart World New Launch,general_contractor,general_contractor|service|point_of_interest|establishment,097986 94476,,"sector 69, Southern Peripheral Rd, opposite genpact, Sector 65, Gurugram, Haryana 122018, India",5,2,OPERATIONAL,https://maps.google.com/?cid=9058270541285375736&g_mp=Cilnb29nbGUubWFwcy5wbGFjZXMudjEuUGxhY2VzLlNlYXJjaE5lYXJieRACGAQgAA,ChIJf_9EgjwjDTkR-D6zhBBxtX0
TRAFFIC POLICE STATION,police,police|service|point_of_interest|establishment,,,"C346+V38, Golf Course Ext Rd, Badshahpur, Sector 66, Gurugram, Haryana 122018, India",2.7,3,OPERATIONAL,https://maps.google.com/?cid=7494063291279969160&g_mp=Cilnb29nbGUubWFwcy5wbGFjZXMudjEuUGxhY2VzLlNlYXJjaE5lYXJieRACGAQgAA,ChIJ-yn7KTMjDTkRiIsJsdtCAGg
Creative mind,primary_school,primary_school|school|educational_institution|point_of_interest|establishment,,,"UNITECH ESCAPE, Sector 50, Gurugram, Haryana 122018, India",,,OPERATIONAL,https://maps.google.com/?cid=103316103978281072&g_mp=Cilnb29nbGUubWFwcy5wbGFjZXMudjEuUGxhY2VzLlNlYXJjaE5lYXJieRACGAQgAA,ChIJ-3g7LgAjDTkRcOgz_XINbwE
Home Physiotherapy Services,physiotherapist,physiotherapist|health|point_of_interest|establishment,,https://www.physiotherapistingurgaon.com/,"1201 Tower 1 Half Moon Street, Rosewood City Rd, Nirvana Country, Sector 50, Gurugram, Haryana 122018, India",1,1,OPERATIONAL,https://maps.google.com/?cid=6328943470232560476&g_mp=Cilnb29nbGUubWFwcy5wbGFjZXMudjEuUGxhY2VzLlNlYXJjaE5lYXJieRACGAQgAA,ChIJfQXb_mojDTkRXGO90o3s1Fc
Kachrunder,food,service|food|point_of_interest|establishment,,,"50, Rosewood City Rd, Rosewood City, Ghasola, Sector 49, Gurugram, Haryana 122018, India",,,OPERATIONAL,https://maps.google.com/?cid=1306627675504162217&g_mp=Cilnb29nbGUubWFwcy5wbGFjZXMudjEuUGxhY2VzLlNlYXJjaE5lYXJieRACGAQgAA,ChIJR9bUkhIjDTkRqbUetPISIhI
Pixel Prints,manufacturer,store|manufacturer|service|point_of_interest|establishment,095609 52153,http://www.pixelprints.in/,"Tower-7, 1503, sec-50, Escape, Nirvana Country, Sector 50, Gurugram, Haryana 122018, India",4.9,7,OPERATIONAL,https://maps.google.com/?cid=16337323278047766749&g_mp=Cilnb29nbGUubWFwcy5wbGFjZXMudjEuUGxhY2VzLlNlYXJjaE5lYXJieRACGAQgAA,ChIJWcWeFDsDDTkR3ejBaPbUueI
Drishti Puppy Pet Shop,pet_store,pet_store|store|point_of_interest|establishment,,https://drishtipuppypetshop.com/best-puppies-for-sale-in-gurgaon/,"House 9 & 11, Block E, Rosewood City Rd, Sector 50, Gurugram, Haryana 122001, India",4.8,13,OPERATIONAL,https://maps.google.com/?cid=223741865828047391&g_mp=Cilnb29nbGUubWFwcy5wbGFjZXMudjEuUGxhY2VzLlNlYXJjaE5lYXJieRACGAQgAA,ChIJXd3Pa68jDTkRH1oQogrkGgM
Anaya inverter battery,auto_parts_store,auto_parts_store|car_repair|store|service|point_of_interest|establishment,,,"Shop 4, ifc social Near Escape, Nirvana Country, Sector 50, Gurugram, Haryana 122018, India",5,3,OPERATIONAL,https://maps.google.com/?cid=15323004603929874213&g_mp=Cilnb29nbGUubWFwcy5wbGFjZXMudjEuUGxhY2VzLlNlYXJjaE5lYXJieRACGAQgAA,ChIJF5uooL8jDTkRJU_qpIA_ptQ
S K Traders,,point_of_interest|establishment,,,"C346+P2W SK Traders, Golf Course Ext Rd, Sector 65, Gurugram, Haryana 122018, India",5,2,CLOSED_TEMPORARILY,https://maps.google.com/?cid=10195795570972303700&g_mp=Cilnb29nbGUubWFwcy5wbGFjZXMudjEuUGxhY2VzLlNlYXJjaE5lYXJieRACGAQgAA,ChIJK-hIZWEiDTkRVCFOWg2-fo0
DECORTE - Handmade with Love,service,service|point_of_interest|establishment,088601 00030,https://www.decortewithlove.com/,"Sector 50, Golf Course Ext Rd, Sector 50, Gurugram, Haryana 122108, India",,,CLOSED_TEMPORARILY,https://maps.google.com/?cid=2236807908231565849&g_mp=Cilnb29nbGUubWFwcy5wbGFjZXMudjEuUGxhY2VzLlNlYXJjaE5lYXJieRACGAQgAA,ChIJwzc6HswjDTkRGVLtAPG8Ch8
Mehtas,apartment_building,apartment_building|service|point_of_interest|establishment,,,"T3, UNITECH ESCAPE, Sector 50, Gurugram, Haryana 122018, India",,,OPERATIONAL,https://maps.google.com/?cid=5716932116257512403&g_mp=Cilnb29nbGUubWFwcy5wbGFjZXMudjEuUGxhY2VzLlNlYXJjaE5lYXJieRACGAQgAA,ChIJHVmBcwAjDTkR0xuNWnifVk8
Escape,apartment_complex,apartment_complex|service|point_of_interest|establishment,,,"UNITECH ESCAPE, Nirvana Country, Sector 50, Gurugram, Haryana 122018, India",4.1,786,OPERATIONAL,https://maps.google.com/?cid=14299987709959428544&g_mp=Cilnb29nbGUubWFwcy5wbGFjZXMudjEuUGxhY2VzLlNlYXJjaE5lYXJieRACGAQgAA,ChIJmebz3mMiDTkRwFmVwA7Dc8Y
Premium Stylish Apartment 74 - One-Bedroom Apartment,lodging,lodging|point_of_interest|establishment,,https://www.bluepillow.com/search/68123f265250632c5954beab?dest=bkng&cat=Apartment&lat=28.40763&lng=77.06167&language=en,"Sector 65, Gurugram, Haryana 122018, India",,,OPERATIONAL,https://maps.google.com/?cid=10217212429677372363&g_mp=Cilnb29nbGUubWFwcy5wbGFjZXMudjEuUGxhY2VzLlNlYXJjaE5lYXJieRACGAQgAA,ChIJc8AsVmEiDTkRyyOgWZLUyo0
Capstone paver supplier,general_contractor,general_contractor|service|point_of_interest|establishment,,,"sec-75A, Southern Peripheral Rd, opposite to american express building, Sector 65, Gurugram, Haryana 122018, India",5,2,OPERATIONAL,https://maps.google.com/?cid=16727759823356449370&g_mp=Cilnb29nbGUubWFwcy5wbGFjZXMudjEuUGxhY2VzLlNlYXJjaE5lYXJieRACGAQgAA,ChIJoSGEvTgjDTkRWlI2j-7wJOg
Shooting Club 10.9,sports_club,sports_club|association_or_organization|point_of_interest|establishment,094672 27532,https://shootingclub109.com/southern-peripheral-road/,"Southern Peripheral Rd, near Rama Filling Station, SPR, Sector 74A, Gurugram, Haryana 122018, India",5,1,OPERATIONAL,https://maps.google.com/?cid=11406403559740183463&g_mp=Cilnb29nbGUubWFwcy5wbGFjZXMudjEuUGxhY2VzLlNlYXJjaE5lYXJieRACGAQgAA,ChIJJyWEVAYjDTkRp5MQl5qvS54
Rasik Performing Arts,sports_school,sports_school|point_of_interest|establishment,098995 61340,,"Emerald Hills, Golf Course Ext Rd, Sector 65, Gurugram, Haryana 122101, India",5,47,OPERATIONAL,https://maps.google.com/?cid=5959567871005309499&g_mp=Cilnb29nbGUubWFwcy5wbGFjZXMudjEuUGxhY2VzLlNlYXJjaE5lYXJieRACGAQgAA,ChIJ4cwjWKEjDTkROzoaTmejtFI
MNB-6P,general_contractor,general_contractor|point_of_interest|service|establishment,,https://mnbbuildfab.com/mnb6p,"6P, Sector 65, Gurugram, Haryana 122102, India",,,OPERATIONAL,https://maps.google.com/?cid=12683386660467246355&g_mp=Cilnb29nbGUubWFwcy5wbGFjZXMudjEuUGxhY2VzLlNlYXJjaE5lYXJieRACGAQgAA,ChIJuXhZCIcjDTkREwUU3vdwBLA
Emerald Hills New Road,association_or_organization,association_or_organization|point_of_interest|service|establishment,,,"C347+WWG, Golf Course Ext Rd, Badshahpur, Sector 65, Gurugram, Haryana 122101, India",3,3,OPERATIONAL,https://maps.google.com/?cid=8571487795130609293&g_mp=Cilnb29nbGUubWFwcy5wbGFjZXMudjEuUGxhY2VzLlNlYXJjaE5lYXJieRACGAQgAA,ChIJp-2zgUMjDTkRjS5babwK9HY
Macexpert,wholesaler,wholesaler|point_of_interest|establishment,098917 12754,https://macexpert.in/,"sixth floor, EMERALD PLAZA, Unit no 601-602, Sector 65, Haryana, Gurugram, Haryana 122101, India",5,7,OPERATIONAL,https://maps.google.com/?cid=5000607633147836545&g_mp=Cilnb29nbGUubWFwcy5wbGFjZXMudjEuUGxhY2VzLlNlYXJjaE5lYXJieRACGAQgAA,ChIJrXOL9hYjDTkRgTji4iW6ZUU
Sovaaka - Science Behind Wellness,medical_clinic,doctor|medical_clinic|health|point_of_interest|establishment,0124 310 2222,https://www.sovaaka.com/,"2nd Floor, Urban Estate, Plot No 4, Sector 65, Gurugram, Haryana 122101, India",5,39,OPERATIONAL,https://maps.google.com/?cid=12813430306696897414&g_mp=Cilnb29nbGUubWFwcy5wbGFjZXMudjEuUGxhY2VzLlNlYXJjaE5lYXJieRACGAQgAA,ChIJNVeLXAAjDTkRhqPkuPly0rE
Creating Wealth Real Estate Managements,service,point_of_interest|service|establishment,,,"M3M 65th Avenue, Sector 65, Gurugram, Haryana 122101, India",,,CLOSED_TEMPORARILY,https://maps.google.com/?cid=10788991711596609699&g_mp=Cilnb29nbGUubWFwcy5wbGFjZXMudjEuUGxhY2VzLlNlYXJjaE5lYXJieRACGAQgAA,ChIJZVb8HP0jDTkRo4BZlswyupU
Deep Cleaning Expert,service,point_of_interest|service|establishment,,,"234, Nirvana Country, Sector 50, Gurugram, Haryana 122018, India",,,OPERATIONAL,https://maps.google.com/?cid=15240151402693554588&g_mp=Cilnb29nbGUubWFwcy5wbGFjZXMudjEuUGxhY2VzLlNlYXJjaE5lYXJieRACGAQgAA,ChIJdUp75yYjDTkRnHG4ePTkf9M
The Breathe Swimming Academy,swimming_pool,swimming_pool|school|educational_institution|health|sports_club|sports_activity_location|association_or_organization|point_of_interest|establishment,080599 46194,,"DPS International School HS, Golf Course Ext Rd, Vatika City, Block W, South City II, Sector 50, Gurugram, Haryana 122018, India",4.7,102,OPERATIONAL,https://maps.google.com/?cid=10916193868909730285&g_mp=Cilnb29nbGUubWFwcy5wbGFjZXMudjEuUGxhY2VzLlNlYXJjaE5lYXJieRACGAQgAA,ChIJYTuSmXkhDTkR7Vmpv3wcfpc
KNG TRUFFLE,shopping_mall,shopping_mall|point_of_interest|establishment,,,"KNG TRUFFLE, Plot 3 and 4, Sector 65, Gurugram, Haryana 122101, India",,,OPERATIONAL,https://maps.google.com/?cid=7801039783568358436&g_mp=Cilnb29nbGUubWFwcy5wbGFjZXMudjEuUGxhY2VzLlNlYXJjaE5lYXJieRACGAQgAA,ChIJW5d7SgAjDTkRJDxI-lncQmw
"Westside - Sec-65, Gurugram",clothing_store,clothing_store|store|point_of_interest|establishment,073046 87113,https://www.westside.com/?utm_source=google-gmb&utm_medium=gmb-seo-url&utm_campaign=westside-gmb,"Plot 6P, Plot No 6P, URBAN ESTATE, Sector 65, Gurugram, Haryana 122101, India",3,59,OPERATIONAL,https://maps.google.com/?cid=2226019069370945429&g_mp=Cilnb29nbGUubWFwcy5wbGFjZXMudjEuUGxhY2VzLlNlYXJjaE5lYXJieRACGAQgAA,ChIJFwo67a8jDTkRlc8ZtYxo5B4
Ascis,store,store|point_of_interest|establishment,,,"C348+M32, Emerald Hills Rd, Sector 65, Gurugram, Haryana 122101, India",1,2,OPERATIONAL,https://maps.google.com/?cid=16496935888572844287&g_mp=Cilnb29nbGUubWFwcy5wbGFjZXMudjEuUGxhY2VzLlNlYXJjaE5lYXJieRACGAQgAA,ChIJsaCnZwAjDTkR_wjHQMnj8OQ
R S TRADERS,transportation_service,transportation_service|point_of_interest|establishment,063963 08094,,"Golf Course Ext Rd, opp. DPS School, Sector 65, Gurugram, Haryana 122018, India",5,2,OPERATIONAL,https://maps.google.com/?cid=9592290212250729524&g_mp=Cilnb29nbGUubWFwcy5wbGFjZXMudjEuUGxhY2VzLlNlYXJjaE5lYXJieRACGAQgAA,ChIJ2dB8ngcjDTkRNDypOyCpHoU
"24Hs FITNESS, Gurugram Sector - 65",sports_club,sports_club|association_or_organization|point_of_interest|establishment,090849 08423,,"SCO PLOT Number 1, opposite to 65th avenue, Sector 65, Gurugram, Haryana 122101, India",4.7,105,OPERATIONAL,https://maps.google.com/?cid=11009507973366604607&g_mp=Cilnb29nbGUubWFwcy5wbGFjZXMudjEuUGxhY2VzLlNlYXJjaE5lYXJieRACGAQgAA,ChIJjyLA8m8jDTkRP-NYwCuhyZg
Elite Elevators Gurgaon,manufacturer,point_of_interest|service|manufacturer|establishment,093616 13131,https://www.eliteelevators.com/home-elevators-in-gurgaon/,"Shop no. R9, M3M Urbana Premium 009, Golf Course Ext Rd, Sector 67, Sector 50, Gurugram, Haryana 122002, India",4.7,15,OPERATIONAL,https://maps.google.com/?cid=12800293582920565647&g_mp=Cilnb29nbGUubWFwcy5wbGFjZXMudjEuUGxhY2VzLlNlYXJjaE5lYXJieRACGAQgAA,ChIJwZi_6ikjDTkRj0Ox3jHHo7E
"Night Stay Farm House in Gurgaon, For Pool Parties",lodging,lodging|point_of_interest|establishment,,,"Sector 65, Gurugram, Haryana 122101, India",,,OPERATIONAL,https://maps.google.com/?cid=2456641046106422834&g_mp=Cilnb29nbGUubWFwcy5wbGFjZXMudjEuUGxhY2VzLlNlYXJjaE5lYXJieRACGAQgAA,ChIJPzpd6WYiDTkRMj7R_QO-FyI
Blue stone jewellery,jewelry_store,jewelry_store|store|point_of_interest|establishment,,,"C348+J39, Emerald Hills Rd, Sector 65, Gurugram, Haryana 122101, India",5,1,OPERATIONAL,https://maps.google.com/?cid=4703312922560330218&g_mp=Cilnb29nbGUubWFwcy5wbGFjZXMudjEuUGxhY2VzLlNlYXJjaE5lYXJieRACGAQgAA,ChIJJ1QjKAAjDTkR6nm2EC-GRUE
Taxi And Ambulance Sales,store,store|point_of_interest|establishment,,,"Silverton Towers, Golf Course Ext Rd, Nirvana Country, Sector 50, Gurugram, Haryana 122018, India",,,CLOSED_TEMPORARILY,https://maps.google.com/?cid=17893852282097376296&g_mp=Cilnb29nbGUubWFwcy5wbGFjZXMudjEuUGxhY2VzLlNlYXJjaE5lYXJieRACGAQgAA,ChIJr42dEWQiDTkRKBy6Sdi7U_g
Sapna nursery(home delivery),wholesaler,wholesaler|point_of_interest|establishment,,https://chat.whatsapp.com/LILgwjoQ9xFE8BB2xJ4Abp,"Golf Course Ext Rd, Sector 65, Gurugram, Haryana 122101, India",3,2,CLOSED_TEMPORARILY,https://maps.google.com/?cid=16906411290712615182&g_mp=Cilnb29nbGUubWFwcy5wbGFjZXMudjEuUGxhY2VzLlNlYXJjaE5lYXJieRACGAQgAA,ChIJPzyrM1cjDTkRDimUsX6jn-o
HashTAGit,service,marketing_consultant|consultant|point_of_interest|service|establishment,098119 13041,https://hashtagit.in/,"Unit No. 502, 5th Floor, Core B, Silverton Towers, Golf Course Ext Rd, Sector 50, Gurugram, Haryana 122018, India",4.5,8,OPERATIONAL,https://maps.google.com/?cid=4805995630172585127&g_mp=Cilnb29nbGUubWFwcy5wbGFjZXMudjEuUGxhY2VzLlNlYXJjaE5lYXJieRACGAQgAA,ChIJnRcHp5siDTkRpzyE-I9TskI
Arcistic Design,service,point_of_interest|service|establishment,,https://www.instagram.com/arcistic_design/profilecard/?igsh=MWY3cml0Z2hnYWpmYQ==,"5th floor, Silverton Towers, 524, Golf Course Ext Rd, Sector 50, Gurugram, Haryana 122018, India",5,7,OPERATIONAL,https://maps.google.com/?cid=8258520741199666684&g_mp=Cilnb29nbGUubWFwcy5wbGFjZXMudjEuUGxhY2VzLlNlYXJjaE5lYXJieRACGAQgAA,ChIJC3Nsy54jDTkR_N1mzdsonHI
Bagmara,association_or_organization,point_of_interest|association_or_organization|service|establishment,,,"Tower-2, EMERALD PLAZA, Sector 65, Gurugram, Haryana 122101, India",5,1,OPERATIONAL,https://maps.google.com/?cid=12901189230263717913&g_mp=Cilnb29nbGUubWFwcy5wbGFjZXMudjEuUGxhY2VzLlNlYXJjaE5lYXJieRACGAQgAA,ChIJZRe075wjDTkRGdD2YUA7CrM
बाघमारा गांव वाट 2 जावेद,association_or_organization,point_of_interest|association_or_organization|service|establishment,,,"C348+VR6, Sector 65, Gurugram, Haryana 122101, India",,,OPERATIONAL,https://maps.google.com/?cid=8253042565800847393&g_mp=Cilnb29nbGUubWFwcy5wbGFjZXMudjEuUGxhY2VzLlNlYXJjaE5lYXJieRACGAQgAA,ChIJwe21K70jDTkRIei8snyyiHI
Asymptotes,educational_institution,educational_institution|point_of_interest|establishment,,,"SCO-22, Downtown-65, Sector 65, Gurugram, Haryana 122001, India",5,2,OPERATIONAL,https://maps.google.com/?cid=5818035511989800741&g_mp=Cilnb29nbGUubWFwcy5wbGFjZXMudjEuUGxhY2VzLlNlYXJjaE5lYXJieRACGAQgAA,ChIJkVcLYzwjDTkRJY_CDnnQvVA
Raju Hair Cut Saloon,hair_salon,hair_salon|hair_care|point_of_interest|service|establishment,077039 19622,,"Golf Course Ext Rd, near Emaar Plaza, Sector 65, Gurugram, Haryana 122101, India",,,OPERATIONAL,https://maps.google.com/?cid=8145129451756001503&g_mp=Cilnb29nbGUubWFwcy5wbGFjZXMudjEuUGxhY2VzLlNlYXJjaE5lYXJieRACGAQgAA,ChIJ_woWfNMjDTkR3xh95RRQCXE
FREE OPEN PARKING SECTOR 65,parking_lot,parking_lot|parking|transportation_service|point_of_interest|service|establishment,,,"C348+RJX, Sector 65, Gurugram, Haryana 122101, India",,,OPERATIONAL,https://maps.google.com/?cid=13627979185793832463&g_mp=Cilnb29nbGUubWFwcy5wbGFjZXMudjEuUGxhY2VzLlNlYXJjaE5lYXJieRACGAQgAA,ChIJg7HQVwAjDTkRD5aoh91OIL0
Sahib Paan Shop,store,point_of_interest|store|establishment,082793 53394,,"Sector 65 Avenue M3M Society, near SS Communication, Sector 65, Gurugram, Haryana 122101, India",5,1,CLOSED_TEMPORARILY,https://maps.google.com/?cid=3374856520937846383&g_mp=Cilnb29nbGUubWFwcy5wbGFjZXMudjEuUGxhY2VzLlNlYXJjaE5lYXJieRACGAQgAA,ChIJ_5h-Q7AjDTkRbzZpAiDm1S4
"Zudio - Urban Estate, Gurugram",clothing_store,clothing_store|point_of_interest|store|establishment,076780 80054,https://www.zudio.com/,"Plot No. 1, opposite M3M 65th Avenue, Sector 65, Gurugram, Haryana 122101, India",3.6,55,OPERATIONAL,https://maps.google.com/?cid=15121548572885222272&g_mp=Cilnb29nbGUubWFwcy5wbGFjZXMudjEuUGxhY2VzLlNlYXJjaE5lYXJieRACGAQgAA,ChIJexNVeAAjDTkRgIOjRE-I2tE
Scan4Health Diagnosis Pvt. Ltd.,medical_clinic,medical_lab|doctor|medical_clinic|health|point_of_interest|service|establishment,097735 95350,https://www.scan4health.in/,"D-4, Emerald Hills Rd, Sector 65, Gurugram, Haryana 122102, India",4.8,3455,OPERATIONAL,https://maps.google.com/?cid=3346261512427719700&g_mp=Cilnb29nbGUubWFwcy5wbGFjZXMudjEuUGxhY2VzLlNlYXJjaE5lYXJieRACGAQgAA,ChIJ75ViowsjDTkRFMzQxR1PcC4
Osteo Sports Physiotherapy,medical_clinic,medical_clinic|health|point_of_interest|establishment,099588 03338,https://www.osteorehab.in/,"113, M3M 65 Avenue, R-7, Sector 65, Gurugram, Haryana 122101, India",,,OPERATIONAL,https://maps.google.com/?cid=3756837566153430148&g_mp=Cilnb29nbGUubWFwcy5wbGFjZXMudjEuUGxhY2VzLlNlYXJjaE5lYXJieRACGAQgAA,ChIJpbVgSlEjDTkRhBRrodz3IjQ
DOWNTOWN 65,shopping_mall,shopping_mall|point_of_interest|establishment,,,"Downtown 65, Golf Course Ext Rd, Sector 65, Gurugram, Haryana 122101, India",5,8,OPERATIONAL,https://maps.google.com/?cid=4541144738817419797&g_mp=Cilnb29nbGUubWFwcy5wbGFjZXMudjEuUGxhY2VzLlNlYXJjaE5lYXJieRACGAQgAA,ChIJUQDZcQAjDTkRFarYdhRjBT8
Apex International Movers,,point_of_interest|establishment,097119 86488,,"Office No 222, Emaar Emerald Plaza, Sector 65, Gurugram, Haryana 122101, India",5,1,OPERATIONAL,https://maps.google.com/?cid=18379981085563349186&g_mp=Cilnb29nbGUubWFwcy5wbGFjZXMudjEuUGxhY2VzLlNlYXJjaE5lYXJieRACGAQgAA,ChIJVU2RxBojDTkRwuhmf2rPEv8
DOWNTOWN 65 SCO 22,market,market|point_of_interest|establishment,,,"65, Golf Course Ext Rd, Nirvana Country, Sector 65, Gurugram, Haryana 122101, India",5,3,OPERATIONAL,https://maps.google.com/?cid=5097713404436535966&g_mp=Cilnb29nbGUubWFwcy5wbGFjZXMudjEuUGxhY2VzLlNlYXJjaE5lYXJieRACGAQgAA,ChIJhwR6FwAjDTkRntovHlW3vkY
Yadram Ashok Shop,store,store|point_of_interest|establishment,090247 52980,,"Shop No 1, Sector 66, Gurugram, Haryana 122101, India",5,2,OPERATIONAL,https://maps.google.com/?cid=2965256751290784107&g_mp=Cilnb29nbGUubWFwcy5wbGFjZXMudjEuUGxhY2VzLlNlYXJjaE5lYXJieRACGAQgAA,ChIJB0dODAIjDTkRaxmEAE61Jik
Jeevan Deep Clinic,medical_clinic,medical_clinic|health|point_of_interest|establishment,093112 93890,,"Sector 65 Avenue M3m, near by Emmar Plaza, Sector 65, Gurugram, Haryana 122101, India",2,1,OPERATIONAL,https://maps.google.com/?cid=802078876523556552&g_mp=Cilnb29nbGUubWFwcy5wbGFjZXMudjEuUGxhY2VzLlNlYXJjaE5lYXJieRACGAQgAA,ChIJA4VQoQojDTkRyO4HFX2OIQs
Nitish paan pelesh,store,point_of_interest|store|establishment,,,"Tower-2, EMERALD PLAZA, Sector 65, Gurugram, Haryana 122101, India",,,CLOSED_TEMPORARILY,https://maps.google.com/?cid=9974635980715340950&g_mp=Cilnb29nbGUubWFwcy5wbGFjZXMudjEuUGxhY2VzLlNlYXJjaE5lYXJieRACGAQgAA,ChIJjeA6jncjDTkRljRempMGbYo
Ranjeet kumar mandal,bed_and_breakfast,bed_and_breakfast|lodging|point_of_interest|establishment,,,"Tower-2, EMERALD PLAZA, Sector 65, Gurugram, Haryana 122101, India",1.5,2,OPERATIONAL,https://maps.google.com/?cid=5089809989564925767&g_mp=Cilnb29nbGUubWFwcy5wbGFjZXMudjEuUGxhY2VzLlNlYXJjaE5lYXJieRACGAQgAA,ChIJl2HrUU8jDTkRR4dA8jejokY
Keshri Realtech,real_estate_agency,real_estate_agency|point_of_interest|service|establishment,099996 08511,,"F.F. - 05, EMERALD PLAZA, Sector 65, Gurugram, Haryana 122101, India",5,1,CLOSED_TEMPORARILY,https://maps.google.com/?cid=967405582066200640&g_mp=Cilnb29nbGUubWFwcy5wbGFjZXMudjEuUGxhY2VzLlNlYXJjaE5lYXJieRACGAQgAA,ChIJ____g2giDTkRQDDJWEDqbA0
GS Batteries - Amaron Car Battery & Inverter Battery Dealer In Gurugram,,auto_parts_store|car_repair|point_of_interest|store|service|establishment,074193 20814,https://gs-batteries-amaron.grexa.site/,"Shop No- 17, M3M 65th Avenue, R3, near Rolls Mania, Sector 65, Gurugram, Haryana 122001, India",5,103,OPERATIONAL,https://maps.google.com/?cid=1858483505770037337&g_mp=Cilnb29nbGUubWFwcy5wbGFjZXMudjEuUGxhY2VzLlNlYXJjaE5lYXJieRACGAQgAA,ChIJiZUiF1NXOToRWYBY3uaoyhk
Lane24,service,point_of_interest|service|establishment,,,"SCO , PLOT NO. EBD 65-D1 & D2, Block-D, EMAAR BUSINESS DISTRICT, Badshahpur, Sector 65, Gurugram, Haryana 122101, India",5,1,OPERATIONAL,https://maps.google.com/?cid=16029699282729830994&g_mp=Cilnb29nbGUubWFwcy5wbGFjZXMudjEuUGxhY2VzLlNlYXJjaE5lYXJieRACGAQgAA,ChIJjZqoiikjDTkRUgpyk5HudN4
TailorTrek,tailor,tailor|point_of_interest|service|establishment,087005 91971,http://www.tailortrek.in/,"HUDA SCO Complex M3M 65th Avenue Mall Rajguru Marg, Golf Course Ext Rd, Sector 65, Gurugram, Haryana 122002, India",5,1,OPERATIONAL,https://maps.google.com/?cid=16490094729074985750&g_mp=Cilnb29nbGUubWFwcy5wbGFjZXMudjEuUGxhY2VzLlNlYXJjaE5lYXJieRACGAQgAA,ChIJORYPAF4jDTkRFksOr8mV2OQ
"Topaz 193, Emerald Hills, Sector 65",association_or_organization,service|association_or_organization|point_of_interest|establishment,,,"EMERALD HILLS, Sector 65, Gurugram, Haryana 122101, India",,,OPERATIONAL,https://maps.google.com/?cid=16509192265543538408&g_mp=Cilnb29nbGUubWFwcy5wbGFjZXMudjEuUGxhY2VzLlNlYXJjaE5lYXJieRACGAQgAA,ChIJ4f7-VgAjDTkR6FZZZOVuHOU
Siag’s,apartment_building,apartment_building|service|point_of_interest|establishment,,,"Second Floor Emaar, Topaz, 124, Emerald Hills Rd, Sector 65, Gurugram, Haryana 122101, India",5,1,OPERATIONAL,https://maps.google.com/?cid=17238744625991311362&g_mp=Cilnb29nbGUubWFwcy5wbGFjZXMudjEuUGxhY2VzLlNlYXJjaE5lYXJieRACGAQgAA,ChIJX-L2aAAjDTkRAuDiDedSPO8
Pint's Place,apartment_building,apartment_building|service|point_of_interest|establishment,,,"2nd Floor, Emaar, T-36, EMERALD HILLS, Sector 65, Gurugram, Haryana 122101, India",5,1,OPERATIONAL,https://maps.google.com/?cid=1883510733999887251&g_mp=Cilnb29nbGUubWFwcy5wbGFjZXMudjEuUGxhY2VzLlNlYXJjaE5lYXJieRACGAQgAA,ChIJQ2pvff0jDTkRk9OyhgiTIxo
"T30, Topaz, Emerald Hills, Sector 65, Gurgaon, Haryana",association_or_organization,service|association_or_organization|point_of_interest|establishment,,,"T-76, Topaz, Emaar Emerald Hills, Sector 65, Gurugram, Haryana 122101, India",5,1,OPERATIONAL,https://maps.google.com/?cid=8179115838503568188&g_mp=Cilnb29nbGUubWFwcy5wbGFjZXMudjEuUGxhY2VzLlNlYXJjaE5lYXJieRACGAQgAA,ChIJzecg1CgjDTkRPMPGMoUOgnE
Topaz-29,apartment_building,apartment_building|service|point_of_interest|establishment,,,"Topaz, EMERALD HILLS, Sector 65, Gurugram, Haryana 122101, India",,,OPERATIONAL,https://maps.google.com/?cid=2028254625718367443&g_mp=Cilnb29nbGUubWFwcy5wbGFjZXMudjEuUGxhY2VzLlNlYXJjaE5lYXJieRACGAQgAA,ChIJz6cvUwAjDTkR03T8_9XOJRw
Perfect Cargo Packers And Movers Gurgaon,transportation_service,transportation_service|point_of_interest|establishment,090343 99951,https://perfectcargomovers.com/,"Shop No.30, Emerald Hills Rd, Sector 65, Gurugram, Haryana 122101, India",5,2,OPERATIONAL,https://maps.google.com/?cid=10240134633578095252&g_mp=Cilnb29nbGUubWFwcy5wbGFjZXMudjEuUGxhY2VzLlNlYXJjaE5lYXJieRACGAQgAA,ChIJudET1DIjDTkRlOKY1jFEHI4
Surdemy,school,school|educational_institution|service|point_of_interest|establishment,088860 80412,https://surdemy.com/,"Emerald Hills Rd, Sector 65, Gurugram, Haryana 122101, India",5,1,CLOSED_TEMPORARILY,https://maps.google.com/?cid=4174742794102568330&g_mp=Cilnb29nbGUubWFwcy5wbGFjZXMudjEuUGxhY2VzLlNlYXJjaE5lYXJieRACGAQgAA,ChIJg2NQLTcjDTkRivUa13Oq7zk
RKR and Partners,consultant,consultant|service|point_of_interest|establishment,0124 429 1547,http://rkrandpartners.com/,"Ivory 178, Ground Fl, Emerald Hills Rd, Select, Sector 65, Gurugram, Haryana 122101, India",1,1,OPERATIONAL,https://maps.google.com/?cid=7800299794869546867&g_mp=Cilnb29nbGUubWFwcy5wbGFjZXMudjEuUGxhY2VzLlNlYXJjaE5lYXJieRACGAQgAA,ChIJwyIE0WgiDTkRc2_A7lU7QGw
Topaz 36,apartment_building,apartment_building|service|point_of_interest|establishment,,,"C35C+54W, Emerald Hills Rd, Sector 65, Gurugram, Haryana 122101, India",,,OPERATIONAL,https://maps.google.com/?cid=3443770064718367206&g_mp=Cilnb29nbGUubWFwcy5wbGFjZXMudjEuUGxhY2VzLlNlYXJjaE5lYXJieRACGAQgAA,ChIJVXgMGTYjDTkR5ompw6C6yi8
GF38,apartment_building,apartment_building|service|point_of_interest|establishment,,,"38, Emerald Hills Rd, Sector 65, Gurugram, Haryana 122101, India",,,OPERATIONAL,https://maps.google.com/?cid=4597501927967441367&g_mp=Cilnb29nbGUubWFwcy5wbGFjZXMudjEuUGxhY2VzLlNlYXJjaE5lYXJieRACGAQgAA,ChIJRybQbBQjDTkR10GsFqWbzT8
Topaz 116,apartment_complex,apartment_complex|service|point_of_interest|establishment,,,"Topaz, 116, Emerald Hills Rd, Sector 65, Gurugram, Haryana 122101, India",,,OPERATIONAL,https://maps.google.com/?cid=9784072770334702064&g_mp=Cilnb29nbGUubWFwcy5wbGFjZXMudjEuUGxhY2VzLlNlYXJjaE5lYXJieRACGAQgAA,ChIJbXrfgCwjDTkR8DlfrFgCyIc
IVORY 77 FF,apartment_building,apartment_building|service|point_of_interest|establishment,,,"IVORY, 77, Emerald Hills Rd, Sector 65, Gurugram, Haryana 122101, India",,,OPERATIONAL,https://maps.google.com/?cid=12645913414061897700&g_mp=Cilnb29nbGUubWFwcy5wbGFjZXMudjEuUGxhY2VzLlNlYXJjaE5lYXJieRACGAQgAA,ChIJJY3MRAAjDTkR5LeByT9Pf68
I35 Ivory Emerald Hills,housing_complex,housing_complex|service|point_of_interest|establishment,,,"IVORY, Emerald Hills Rd, Sector 65, Gurugram, Haryana 122101, India",,,OPERATIONAL,https://maps.google.com/?cid=8546022260798476536&g_mp=Cilnb29nbGUubWFwcy5wbGFjZXMudjEuUGxhY2VzLlNlYXJjaE5lYXJieRACGAQgAA,ChIJN3MSMwAjDTkR-FB5qfeRmXY
Topaz T—17,apartment_building,apartment_building|service|point_of_interest|establishment,,,"C34C+V9F, T-30, Emerald Hills Rd, Sector 65, Gurugram, Haryana 122101, India",,,OPERATIONAL,https://maps.google.com/?cid=16392325316087515173&g_mp=Cilnb29nbGUubWFwcy5wbGFjZXMudjEuUGxhY2VzLlNlYXJjaE5lYXJieRACGAQgAA,ChIJT2zvdvYjDTkRJQgKVAY9feM
MAV AeroSafety Consultancy LLP,consultant,consultant|transportation_service|service|point_of_interest|establishment,098710 16403,http://mavaerosafety.com/,"207, ALTF, Suncity Success Tower, Sector 65, Gurugram, Haryana 122101, India",5,81,OPERATIONAL,https://maps.google.com/?cid=841733652473124449&g_mp=Cilnb29nbGUubWFwcy5wbGFjZXMudjEuUGxhY2VzLlNlYXJjaE5lYXJieRACGAQgAA,ChIJGQk9eL0jDTkRYRYnF0xwrgs
Bangali Clinic,doctor,doctor|health|point_of_interest|establishment,099111 96743,,"Golf Course Ext Rd, near Kuldeep Wines, Sector 65, Gurugram, Haryana 122101, India",4.4,5,OPERATIONAL,https://maps.google.com/?cid=10198988228358550571&g_mp=Cilnb29nbGUubWFwcy5wbGFjZXMudjEuUGxhY2VzLlNlYXJjaE5lYXJieRACGAQgAA,ChIJQ2zOFVUjDTkRK7Sz08EVio0
Hills Home,corporate_office,corporate_office|point_of_interest|establishment,,,"69, Amber, Emaar emerald hills, Sector 65, Gurugram, Haryana 122101, India",5,1,OPERATIONAL,https://maps.google.com/?cid=14196490375571993069&g_mp=Cilnb29nbGUubWFwcy5wbGFjZXMudjEuUGxhY2VzLlNlYXJjaE5lYXJieRACGAQgAA,ChIJlTRmCz4jDTkR7XE4xccQBMU
"Emaar Emerald Hills, Main Gate",lodging,lodging|point_of_interest|establishment,,,"C349+VWR, Emerald Hills Rd, Floors, Sector 65, Gurugram, Haryana 122101, India",3.6,9,OPERATIONAL,https://maps.google.com/?cid=9891746383749840447&g_mp=Cilnb29nbGUubWFwcy5wbGFjZXMudjEuUGxhY2VzLlNlYXJjaE5lYXJieRACGAQgAA,ChIJ604ccK4jDTkRP_6pY-2KRok
Informage Techno Solutions Pvt Ltd,service,service|point_of_interest|establishment,098113 23448,http://www.informagegroup.com/,"209, Suncity Success Tower, Sector 65, Gurugram, Haryana 122101, India",4,4,OPERATIONAL,https://maps.google.com/?cid=4490996430558313343&g_mp=Cilnb29nbGUubWFwcy5wbGFjZXMudjEuUGxhY2VzLlNlYXJjaE5lYXJieRACGAQgAA,ChIJ_____4MiDTkRf7v5knU5Uz4
Emerald Hills,apartment_complex,apartment_complex|service|point_of_interest|establishment,1800 103 3643,,"Sector 65, Gurugram, Haryana 122101, India",4.3,659,OPERATIONAL,https://maps.google.com/?cid=2473603908214714125&g_mp=Cilnb29nbGUubWFwcy5wbGFjZXMudjEuUGxhY2VzLlNlYXJjaE5lYXJieRACGAQgAA,ChIJpy9BwWgiDTkRDe8nGKYBVCI
"A-132, Amber Block",apartment_building,apartment_building|service|point_of_interest|establishment,,,"C34F+MMX, Sector 65, Gurugram, Haryana 122101, India",5,1,OPERATIONAL,https://maps.google.com/?cid=11615167440884101576&g_mp=Cilnb29nbGUubWFwcy5wbGFjZXMudjEuUGxhY2VzLlNlYXJjaE5lYXJieRACGAQgAA,ChIJJ6uTwbsjDTkRyHGUaD9dMaE
Bindeshwar Paan Shop,store,store|point_of_interest|establishment,087663 56326,,"Bangali Market, near Emaar Society, Sector 65, Gurugram, Haryana 122101, India",5,4,CLOSED_TEMPORARILY,https://maps.google.com/?cid=4705332464324467980&g_mp=Cilnb29nbGUubWFwcy5wbGFjZXMudjEuUGxhY2VzLlNlYXJjaE5lYXJieRACGAQgAA,ChIJCbrLM4IjDTkRDF0sRvKyTEE
Amber 51,corporate_office,corporate_office|point_of_interest|establishment,,,"C34F+GFJ, Unnamed Road, Sector 65, Gurugram, Haryana 122101, India",,,OPERATIONAL,https://maps.google.com/?cid=9089205585412151595&g_mp=Cilnb29nbGUubWFwcy5wbGFjZXMudjEuUGxhY2VzLlNlYXJjaE5lYXJieRACGAQgAA,ChIJzRrfPbkjDTkRK9n8wFJYI34
Sachdev Residence,condominium_complex,condominium_complex|service|point_of_interest|establishment,,,"ground floor, Amber 64, Emerald Hills Rd, Sector 65, Gurugram, Haryana 122101, India",5,2,OPERATIONAL,https://maps.google.com/?cid=17082323675857875990&g_mp=Cilnb29nbGUubWFwcy5wbGFjZXMudjEuUGxhY2VzLlNlYXJjaE5lYXJieRACGAQgAA,ChIJyZ9BOQAjDTkRFvTAjeCaEO0
Amber-55,association_or_organization,association_or_organization|service|point_of_interest|establishment,,,"EMERALD HILLS, A 54, Amber, Gurugram, Haryana 122101, India",5,1,OPERATIONAL,https://maps.google.com/?cid=5142967826471444427&g_mp=Cilnb29nbGUubWFwcy5wbGFjZXMudjEuUGxhY2VzLlNlYXJjaE5lYXJieRACGAQgAA,ChIJh8r8CgAjDTkRy98XVP19X0c
Amber 45,housing_complex,housing_complex|service|point_of_interest|establishment,,,"A45 Emaar, EMERALD HILLS, Sector 65, Gurugram, Nangli Umarpur, Haryana 122101, India",,,OPERATIONAL,https://maps.google.com/?cid=9192377799206553196&g_mp=Cilnb29nbGUubWFwcy5wbGFjZXMudjEuUGxhY2VzLlNlYXJjaE5lYXJieRACGAQgAA,ChIJydumCQAjDTkRbMbksufikX8
PRAMOD,association_or_organization,association_or_organization|service|point_of_interest|establishment,,,"C34F+M2P, Sector 65, Gurugram, Haryana 122101, India",2,1,OPERATIONAL,https://maps.google.com/?cid=8266507965993642946&g_mp=Cilnb29nbGUubWFwcy5wbGFjZXMudjEuUGxhY2VzLlNlYXJjaE5lYXJieRACGAQgAA,ChIJ72T-McQjDTkRwuv8fTKJuHI
Amber 057,housing_complex,housing_complex|service|point_of_interest|establishment,,,"Emaar Mgf, EMERALD HILLS, Sector 65, Gurugram, Haryana 122101, India",,,OPERATIONAL,https://maps.google.com/?cid=11292712895142551395&g_mp=Cilnb29nbGUubWFwcy5wbGFjZXMudjEuUGxhY2VzLlNlYXJjaE5lYXJieRACGAQgAA,ChIJkWIRRwAjDTkRY99x-YvGt5w
Amber 133,apartment_building,apartment_building|service|point_of_interest|establishment,,,"Amber A-133, EMERALD HILLS, Sector 65, Gurugram, Haryana 122101, India",5,2,OPERATIONAL,https://maps.google.com/?cid=9670754202683259471&g_mp=Cilnb29nbGUubWFwcy5wbGFjZXMudjEuUGxhY2VzLlNlYXJjaE5lYXJieRACGAQgAA,ChIJS7zRA3cjDTkRTzoNobVrNYY
Amber 53,apartment_building,apartment_building|service|point_of_interest|establishment,,,"C34F+G6P, Emerald Hills Rd, Sector 65, Gurugram, Nangli Umarpur, Haryana 122101, India",4.3,4,OPERATIONAL,https://maps.google.com/?cid=911792435067766090&g_mp=Cilnb29nbGUubWFwcy5wbGFjZXMudjEuUGxhY2VzLlNlYXJjaE5lYXJieRACGAQgAA,ChIJez2QitUjDTkRSkUaiWNWpww
Md Shakil Alam T Shop,store,store|point_of_interest|establishment,078358 74489,,"Emrald Hills, Jhuggi, Sector 65, Gurugram, Haryana 122101, India",,,CLOSED_TEMPORARILY,https://maps.google.com/?cid=12321351235971793602&g_mp=Cilnb29nbGUubWFwcy5wbGFjZXMudjEuUGxhY2VzLlNlYXJjaE5lYXJieRACGAQgAA,ChIJo3QoztMjDTkRwkLr9Ko7_qo
S.65,service,service|point_of_interest|establishment,,,"C35G+53V, Sector 65, Gurugram, Haryana 122101, India",2,2,OPERATIONAL,https://maps.google.com/?cid=10337803018228027943&g_mp=Cilnb29nbGUubWFwcy5wbGFjZXMudjEuUGxhY2VzLlNlYXJjaE5lYXJieRACGAQgAA,ChIJxeTTTwAjDTkRJ1JxsxJBd48
Amber 65. Emerald Hills. Sector 65,association_or_organization,association_or_organization|service|point_of_interest|establishment,,,"Amber 65, Emerald Hills Rd, Sector 65, Gurugram, Nangli Umarpur, Haryana 122101, India",5,1,OPERATIONAL,https://maps.google.com/?cid=12269931539142237493&g_mp=Cilnb29nbGUubWFwcy5wbGFjZXMudjEuUGxhY2VzLlNlYXJjaE5lYXJieRACGAQgAA,ChIJ27gWAwAjDTkRNV3v2LmNR6o
"A65, Emerald Hills. Sector 65 Gurgaon",association_or_organization,association_or_organization|service|point_of_interest|establishment,,,"52, Emerald Hills Rd, Sector 65, Gurugram, Haryana 122101, India",,,OPERATIONAL,https://maps.google.com/?cid=8215129756864496045&g_mp=Cilnb29nbGUubWFwcy5wbGFjZXMudjEuUGxhY2VzLlNlYXJjaE5lYXJieRACGAQgAA,ChIJG_uKTQAjDTkRrUGm_fwAAnI
Vastu MahaShakti,consultant,astrologer|consultant|general_contractor|service|point_of_interest|establishment,098444 05128,,"emaar emerald hills, A-63, Golf Course Ext Rd, Sector 65, Gurugram, Haryana 122101, India",5,15,OPERATIONAL,https://maps.google.com/?cid=2486747094473657545&g_mp=Cilnb29nbGUubWFwcy5wbGFjZXMudjEuUGxhY2VzLlNlYXJjaE5lYXJieRACGAQgAA,ChIJlfHasMkjDTkRyUxWnE6zgiI
"Amber 68, Emaar Emerald Hills, Sector 65",association_or_organization,association_or_organization|service|point_of_interest|establishment,,,"C34F+CHC, Emerald Hills Rd, Sector 65, Gurugram, Nangli Umarpur, Haryana 122101, India",5,1,OPERATIONAL,https://maps.google.com/?cid=13188252038577295567&g_mp=Cilnb29nbGUubWFwcy5wbGFjZXMudjEuUGxhY2VzLlNlYXJjaE5lYXJieRACGAQgAA,ChIJuTyxbwAjDTkRz5C4z1oVBrc
Ramjilal Ambulance Service,service,service|health|point_of_interest|establishment,096541 02102,,"plot no. 07, behind yaduvanshi school, Sector 33, Sector 65, Gurugram, Haryana 122101, India",4.8,39,OPERATIONAL,https://maps.google.com/?cid=12301986091353992520&g_mp=Cilnb29nbGUubWFwcy5wbGFjZXMudjEuUGxhY2VzLlNlYXJjaE5lYXJieRACGAQgAA,ChIJs4FaeXoYDTkRSG3z3itvuao
"A-66, Amber Block, Emaar Emarald Hills",apartment_building,apartment_building|service|point_of_interest|establishment,,,"Emaar, A-66, EMERALD HILLS, Sector 65, Gurugram, Haryana 122101, India",,,OPERATIONAL,https://maps.google.com/?cid=6343412670014642483&g_mp=Cilnb29nbGUubWFwcy5wbGFjZXMudjEuUGxhY2VzLlNlYXJjaE5lYXJieRACGAQgAA,ChIJFXFjaKYjDTkRM1nv6zZUCFg
Deena's Treats,cake_shop,cake_shop|dessert_shop|bakery|confectionery|manufacturer|food_store|wholesaler|store|point_of_interest|food|establishment,,,"Amber Block, EMERALD HILLS, Sector 65, Gurugram, Haryana 122101, India",5,34,OPERATIONAL,https://maps.google.com/?cid=16910516692600101467&g_mp=Cilnb29nbGUubWFwcy5wbGFjZXMudjEuUGxhY2VzLlNlYXJjaE5lYXJieRACGAQgAA,ChIJY2-g99MjDTkRWxq-DlY5ruo
Nitara T51,apartment_building,apartment_building|service|point_of_interest|establishment,,http://www.nitaragroup.com/,"C34F+M2P, Sector 65, Gurugram, Haryana 122101, India",,,OPERATIONAL,https://maps.google.com/?cid=6785412264782631471&g_mp=Cilnb29nbGUubWFwcy5wbGFjZXMudjEuUGxhY2VzLlNlYXJjaE5lYXJieRACGAQgAA,ChIJJeDX41UjDTkRL5LyEIGgKl4
Best Packers Movers Gurgaon,transportation_service,transportation_service|point_of_interest|establishment,096674 97500,,"No.65H/65, First Floor, Main Market, Sector 65, Gurugram, Haryana 122101, India",5,11,OPERATIONAL,https://maps.google.com/?cid=14240549925998968472&g_mp=Cilnb29nbGUubWFwcy5wbGFjZXMudjEuUGxhY2VzLlNlYXJjaE5lYXJieRACGAQgAA,ChIJqT5UbLkjDTkRmD5iQbWYoMU
Anisur Rahman,place_of_worship,place_of_worship|association_or_organization|point_of_interest|establishment,,,"C35G+2C, Sector 65, Gurugram, Nangli Umarpur, Haryana 122101, India",1,1,OPERATIONAL,https://maps.google.com/?cid=1386998491154098507&g_mp=Cilnb29nbGUubWFwcy5wbGFjZXMudjEuUGxhY2VzLlNlYXJjaE5lYXJieRACGAQgAA,ChIJ_YigQQAjDTkRSyk-ccebPxM
CA. DIWAKAR GUPTA,consultant,accounting|finance|consultant|point_of_interest|service|establishment,099118 72677,,"C35G+2C, Golf Course Ext Rd, Sector 62, Nangli Umarpur, Gurugram, Haryana 122101, India",5,22,OPERATIONAL,https://maps.google.com/?cid=18144034552064516436&g_mp=Cilnb29nbGUubWFwcy5wbGFjZXMudjEuUGxhY2VzLlNlYXJjaE5lYXJieRACGAQgAA,ChIJHxumO70jDTkRVCE4PEuPzPs
Mahadev dharam kanta,transportation_service,general_contractor|transportation_service|point_of_interest|service|establishment,085806 43062,,"C35G+2C, Sector 62, Gurugram, Nangli Umarpur, Haryana 122101, India",5,4,OPERATIONAL,https://maps.google.com/?cid=7122772046796802514&g_mp=Cilnb29nbGUubWFwcy5wbGFjZXMudjEuUGxhY2VzLlNlYXJjaE5lYXJieRACGAQgAA,ChIJzWDv2ZkjDTkR0slnQXAr2WI
"Cozy 4-bedroom cottage in enchanting Gurugram with AC,swimming pool,open bar,dj",lodging,lodging|point_of_interest|establishment,,,"Sector 65, Gurugram, Haryana 122101, India",,,OPERATIONAL,https://maps.google.com/?cid=9737888421232882551&g_mp=Cilnb29nbGUubWFwcy5wbGFjZXMudjEuUGxhY2VzLlNlYXJjaE5lYXJieRACGAQgAA,ChIJMa2FmWsiDTkRd7P58eztI4c
Muskan air con,store,home_goods_store|store|point_of_interest|service|establishment,092057 05067,,"Shop No 1, Lilu, Nambardar Market, Sector 62, Gurugram, Haryana 122101, India",4.4,18,OPERATIONAL,https://maps.google.com/?cid=14098564687544915930&g_mp=Cilnb29nbGUubWFwcy5wbGFjZXMudjEuUGxhY2VzLlNlYXJjaE5lYXJieRACGAQgAA,ChIJm-z3_iwZDTkR2hf7y-IpqMM
Best Badminton Academy In Gurugram | Sportyzo Badminton Academy,athletic_field,tennis_court|sports_coaching|sporting_goods_store|athletic_field|school|educational_institution|general_contractor|health|sports_club|sports_activity_location|association_or_organization|store|point_of_interest|service|establishment,085277 36149,https://sportyzo.com/,"Golf Course Ext Rd, near JMD Empire, Sector 62, Gurugram, Haryana 122098, India",5,7,OPERATIONAL,https://maps.google.com/?cid=2819339666688926734&g_mp=Cilnb29nbGUubWFwcy5wbGFjZXMudjEuUGxhY2VzLlNlYXJjaE5lYXJieRACGAQgAA,ChIJ__wtWasjDTkRDmQpRn1OICc
Insfire sports,school,sports_coaching|athletic_field|school|educational_institution|sports_complex|sports_activity_location|point_of_interest|establishment,098114 19220,http://www.insfiresports.com/,"Insfire sports Sector 62, near Jmd Empire, off Golf Course Extension Road, Umarpur, Nangli, Gurugram, Haryana 122101, India",4.8,119,OPERATIONAL,https://maps.google.com/?cid=13412369948210519178&g_mp=Cilnb29nbGUubWFwcy5wbGFjZXMudjEuUGxhY2VzLlNlYXJjaE5lYXJieRACGAQgAA,ChIJ33aDFrMjDTkRilw292dPIro
Green eagle's soccer academy,sports_club,sports_club|association_or_organization|point_of_interest|establishment,,,"Golf Course Ext Rd, near Jmd Empire, Sector 62, Gurugram, Haryana 122101, India",5,7,OPERATIONAL,https://maps.google.com/?cid=8521198130452471076&g_mp=Cilnb29nbGUubWFwcy5wbGFjZXMudjEuUGxhY2VzLlNlYXJjaE5lYXJieRACGAQgAA,ChIJjeKZvWUjDTkRJJ1Xao1gQXY
Battwheelz Charging Hub,storage,storage|point_of_interest|establishment,,http://www.battwheelz.com/,"C34G+HH9, Sector 65, Nangli Umarpur, Gurugram, Haryana 122101, India",5,1,OPERATIONAL,https://maps.google.com/?cid=18402001558203926198&g_mp=Cilnb29nbGUubWFwcy5wbGFjZXMudjEuUGxhY2VzLlNlYXJjaE5lYXJieRACGAQgAA,ChIJ_QVVNOcjDTkRtgbuUOsKYf8
Bliss Tennis Academy,sports_complex,sports_complex|sports_activity_location|point_of_interest|establishment,,https://blisstennisacademy.godaddysites.com/,"Nangli Umarpur Rd, Sector 62, Gurugram, Haryana 122098, India",4.8,25,OPERATIONAL,https://maps.google.com/?cid=14968174192849075713&g_mp=Cilnb29nbGUubWFwcy5wbGFjZXMudjEuUGxhY2VzLlNlYXJjaE5lYXJieRACGAQgAA,ChIJaXQkaicjDTkRAT7wpB-juc8
VEGGIES VILLAGE INDIA PVT LTD GURUGRAM,wholesaler,wholesaler|point_of_interest|establishment,099996 79758,,"Emaar MGF, Amber Block 16, EMERALD FLOOR, Sector 65, Gurugram, Haryana 122101, India",,,OPERATIONAL,https://maps.google.com/?cid=18214044256850104126&g_mp=Cilnb29nbGUubWFwcy5wbGFjZXMudjEuUGxhY2VzLlNlYXJjaE5lYXJieRACGAQgAA,ChIJdyj9YdwjDTkRPk_L3L9Ixfw
BootCamp YELLOW PERFORMANCE HUB,health,health|point_of_interest|establishment,,http://www.bootcampyellow.com/,"PLOT #13, BUILDING, behind Jmd Empire, adjacent to Emerald Hills Road, Sector 60, Gurugram, Haryana 122101, India",5,194,OPERATIONAL,https://maps.google.com/?cid=4009764012992310733&g_mp=Cilnb29nbGUubWFwcy5wbGFjZXMudjEuUGxhY2VzLlNlYXJjaE5lYXJieRACGAQgAA,ChIJAR1pKrAjDTkRzS2NCyCLpTc
Atcost Werehouse,home_goods_store,home_goods_store|store|point_of_interest|establishment,,,"Unnamed Road, Sector 65, Gurugram, Haryana 122101, India",3.3,11,CLOSED_TEMPORARILY,https://maps.google.com/?cid=1393732163426625079&g_mp=Cilnb29nbGUubWFwcy5wbGFjZXMudjEuUGxhY2VzLlNlYXJjaE5lYXJieRACGAQgAA,ChIJTfwTrs0jDTkRN6YUsQSIVxM
o/o- sha-shib groups,educational_institution,educational_institution|transportation_service|point_of_interest|establishment,096300 93680,http://shashibgroup.org/,"13/2, Nangli Umarpur Road, Ullahawas, Sector 62, Gurugram, Haryana 122098, India",4.9,8,OPERATIONAL,https://maps.google.com/?cid=579717812370381625&g_mp=Cilnb29nbGUubWFwcy5wbGFjZXMudjEuUGxhY2VzLlNlYXJjaE5lYXJieRACGAQgAA,ChIJweY3IWsiDTkROZtNZEeSCwg
"Sha-Shib Aerospace Engineering (Approved by DGCA, Government of India)",university,university|school|educational_institution|transportation_service|point_of_interest|establishment,092891 35501,https://shashibaero.org/,"13/2,Nangli Umarpur, Golf Course Ext Rd, behind JMD Empire, Sector 62, Gurugram, Haryana 122098, India",4.1,35,OPERATIONAL,https://maps.google.com/?cid=8975010063739721461&g_mp=Cilnb29nbGUubWFwcy5wbGFjZXMudjEuUGxhY2VzLlNlYXJjaE5lYXJieRACGAQgAA,ChIJw0_XcvQjDTkR9RbD8BmkjXw
"Laxmi Physiotherapy & Rehabilitation Centre (Best for Orthopaedic , Sports injury, Neurological rehabilitation)",medical_clinic,medical_clinic|health|point_of_interest|establishment,,https://laxmiphysio.in/,"57 to 61, 1/3, Golf Course Ext Rd, near joy central, Sector 65, Gurugram, Haryana 122002, India",5,1,OPERATIONAL,https://maps.google.com/?cid=686709448421237057&g_mp=Cilnb29nbGUubWFwcy5wbGFjZXMudjEuUGxhY2VzLlNlYXJjaE5lYXJieRACGAQgAA,ChIJNyWFUysjDTkRQWEN4Zquhwk
MaxAtHome Doctor Visit & Consultation at Home | Emergency Doctor Visit at Home,doctor,doctor|health|consultant|point_of_interest|service|establishment,092402 99623,https://www.maxathome.in/service/doctor-visit-at-home/?utm_source=Google&utm_medium=GMB,"Sector 65, Gurugram, Haryana 122101, India",5,3,OPERATIONAL,https://maps.google.com/?cid=13155399869246457729&g_mp=Cilnb29nbGUubWFwcy5wbGFjZXMudjEuUGxhY2VzLlNlYXJjaE5lYXJieRACGAQgAA,ChIJO9hSmKwhDTkRgcenFHtekbY
Bhagrati bhawan,housing_complex,housing_complex|point_of_interest|service|establishment,,,"C35G+JJM, Sector 62, Gurugram, Haryana 122098, India",,,OPERATIONAL,https://maps.google.com/?cid=15883327330297550746&g_mp=Cilnb29nbGUubWFwcy5wbGFjZXMudjEuUGxhY2VzLlNlYXJjaE5lYXJieRACGAQgAA,ChIJATlPsTYjDTkRmpejrQ3qbNw
Govind,travel_agency,travel_agency|point_of_interest|service|establishment,,https://youtube.com/@govindgovind8990?si=GA4fH5oivqGVzEBw,"Govind Soap, सेक्टर ६२, गुरुग्राम, हरियाणा 122098, India",5,27,OPERATIONAL,https://maps.google.com/?cid=9553868299885553674&g_mp=Cilnb29nbGUubWFwcy5wbGFjZXMudjEuUGxhY2VzLlNlYXJjaE5lYXJieRACGAQgAA,ChIJ_U44RY8jDTkRCiiLpZkoloQ
NAGAR's Bhavan,corporate_office,corporate_office|point_of_interest|establishment,,,"C35H+5WH, Sector 62, Nangli Umarpur, Gurugram, Haryana 122098, India",3.5,2,OPERATIONAL,https://maps.google.com/?cid=16000846428346274486&g_mp=Cilnb29nbGUubWFwcy5wbGFjZXMudjEuUGxhY2VzLlNlYXJjaE5lYXJieRACGAQgAA,ChIJg8rcyRQiDTkRtlIo6wxtDt4
Nagar farm house,service,service|point_of_interest|establishment,,,"C35H+5WH, Sector 62, Nangli Umarpur, Gurugram, Haryana 122098, India",,,OPERATIONAL,https://maps.google.com/?cid=9034866930180088541&g_mp=Cilnb29nbGUubWFwcy5wbGFjZXMudjEuUGxhY2VzLlNlYXJjaE5lYXJieRACGAQgAA,ChIJOUG_DAAjDTkR3eJOrppLYn0
Vaas Farms,garden,garden|point_of_interest|establishment,,,"C34H+QX4, behind Neev Learning Center, Sector 62, Nangli Umarpur, Gurugram, Haryana 122098, India",,,CLOSED_TEMPORARILY,https://maps.google.com/?cid=4071450055772108129&g_mp=Cilnb29nbGUubWFwcy5wbGFjZXMudjEuUGxhY2VzLlNlYXJjaE5lYXJieRACGAQgAA,ChIJGWdqk64jDTkRYXUKF0GygDg
Delhi jaipur one way taxi,transportation_service,transportation_service|point_of_interest|establishment,099119 14830,,"Nangli Umarpur Rd, Sector 62, Gurugram, Haryana 122098, India",5,4,OPERATIONAL,https://maps.google.com/?cid=3752848091378790081&g_mp=Cilnb29nbGUubWFwcy5wbGFjZXMudjEuUGxhY2VzLlNlYXJjaE5lYXJieRACGAQgAA,ChIJV6QPtYMjDTkRwa6ipnTLFDQ
Ajay Gujjar howas,service,service|point_of_interest|establishment,,,"Sector 62 nagar's bhavan Nangli umarpur, Sector 62, Gurugram, Haryana 122098, India",,,OPERATIONAL,https://maps.google.com/?cid=13375130005969186004&g_mp=Cilnb29nbGUubWFwcy5wbGFjZXMudjEuUGxhY2VzLlNlYXJjaE5lYXJieRACGAQgAA,ChIJ8VPjgp0jDTkR1Cx2PuABnrk
Gajendra Jaiswal,general_store,general_store|food_store|store|food|point_of_interest|establishment,,,"C34H+WP5, Nangli Umarpur Rd, Ullahawas, Baharampur Naya, Sector 62, Gurugram, Haryana 122098, India",,,OPERATIONAL,https://maps.google.com/?cid=4692435120162700390&g_mp=Cilnb29nbGUubWFwcy5wbGFjZXMudjEuUGxhY2VzLlNlYXJjaE5lYXJieRACGAQgAA,ChIJ2ZvRGwAjDTkRZnzdVOHgHkE
One way dehhijaipur,association_or_organization,service|association_or_organization|point_of_interest|establishment,,,"Nangli Umarpur Rd, Sector 62, Gurugram, Haryana 122098, India",4.4,17,OPERATIONAL,https://maps.google.com/?cid=5819607147256006355&g_mp=Cilnb29nbGUubWFwcy5wbGFjZXMudjEuUGxhY2VzLlNlYXJjaE5lYXJieRACGAQgAA,ChIJVVsh1xQiDTkR08aE6N1lw1A
NeeV - A Learning Centre,,non_profit_organization|educational_institution|association_or_organization|point_of_interest|establishment,098998 97993,,"Village Nangli Umarpur, Golf Course Ext Rd, Sector 62, Gurugram, Haryana 122098, India",4.6,39,OPERATIONAL,https://maps.google.com/?cid=12297274401009328831&g_mp=Cilnb29nbGUubWFwcy5wbGFjZXMudjEuUGxhY2VzLlNlYXJjaE5lYXJieRACGAQgAA,ChIJ20iTt20iDTkRv2Kq-emxqKo
Poojan Kumar,educational_institution,educational_institution|point_of_interest|establishment,097185 42987,,"Poojan Kumar, Sector 62, Gurugram, Haryana 122098, India",,,CLOSED_TEMPORARILY,https://maps.google.com/?cid=2687712056015151186&g_mp=Cilnb29nbGUubWFwcy5wbGFjZXMudjEuUGxhY2VzLlNlYXJjaE5lYXJieRACGAQgAA,ChIJuYgM-qQjDTkRUmBR9d-rTCU
AMRATPAL SINGH,auto_parts_store,auto_parts_store|car_repair|store|service|point_of_interest|establishment,063501 64939,,"Shreeram Dhaba, Jmd Empire, Sector 62, Gurugram, Haryana 122098, India",4.2,5,OPERATIONAL,https://maps.google.com/?cid=3622715130436702060&g_mp=Cilnb29nbGUubWFwcy5wbGFjZXMudjEuUGxhY2VzLlNlYXJjaE5lYXJieRACGAQgAA,ChIJ9dkZ4cAjDTkRbM8cmDd4RjI
RAJ TIMBER,wholesaler,wholesaler|point_of_interest|establishment,,,"C34H+XHX, Sector 62, Gurugram, Haryana 122098, India",5,2,OPERATIONAL,https://maps.google.com/?cid=2516944166262773939&g_mp=Cilnb29nbGUubWFwcy5wbGFjZXMudjEuUGxhY2VzLlNlYXJjaE5lYXJieRACGAQgAA,ChIJ0UmLfwAjDTkRs5iVRWL77SI
Yusuf Jain Contractor,general_contractor,general_contractor|service|point_of_interest|establishment,,,"Shop No -2, Market, near by Wazirabad, Wazirabad, Market, Gurugram, Haryana 122098, India",5,1,CLOSED_TEMPORARILY,https://maps.google.com/?cid=17136750343960004601&g_mp=Cilnb29nbGUubWFwcy5wbGFjZXMudjEuUGxhY2VzLlNlYXJjaE5lYXJieRACGAQgAA,ChIJ7QQAKRUiDTkR-QdKuKT30e0
Sammi Craft,home_goods_store,home_goods_store|store|point_of_interest|establishment,099117 25339,,"Shop No 20, Banjara Market, Sector 62, Gurugram, Haryana 122098, India",5,1,OPERATIONAL,https://maps.google.com/?cid=6416514250049686969&g_mp=Cilnb29nbGUubWFwcy5wbGFjZXMudjEuUGxhY2VzLlNlYXJjaE5lYXJieRACGAQgAA,ChIJi4fCkcYZDTkRuY1x2rYJDFk
SAJANA SHOP,store,store|point_of_interest|establishment,080004 37047,,"SHOP NO 107, BANJARA MARKET, Sector 62, Gurugram, Haryana 122098, India",5,1,CLOSED_TEMPORARILY,https://maps.google.com/?cid=10651778585765456207&g_mp=Cilnb29nbGUubWFwcy5wbGFjZXMudjEuUGxhY2VzLlNlYXJjaE5lYXJieRACGAQgAA,ChIJKdA4Bv0jDTkRT6mpLjC40pM
Baljeet Singh,educational_institution,educational_institution|point_of_interest|establishment,098875 61191,,"Jmd Empire, Sector 62, Nangli Umarpur, Gurugram, Haryana 122098, India",4,2,OPERATIONAL,https://maps.google.com/?cid=7267229989195275163&g_mp=Cilnb29nbGUubWFwcy5wbGFjZXMudjEuUGxhY2VzLlNlYXJjaE5lYXJieRACGAQgAA,ChIJ-xmkbwwjDTkRm9sM9ytj2mQ
MGF The White House,apartment_building,apartment_building|service|point_of_interest|establishment,,,"Sector 62 MGF, Sector 62, Gurugram, Nangli Umarpur, Haryana 122098, India",,,OPERATIONAL,https://maps.google.com/?cid=13136641242669441485&g_mp=Cilnb29nbGUubWFwcy5wbGFjZXMudjEuUGxhY2VzLlNlYXJjaE5lYXJieRACGAQgAA,ChIJ1cm3DQAjDTkRzeEO-5u5TrY
Md sameem ansari,public_bathroom,public_bathroom|point_of_interest|establishment,,,"C35H+M7G, Sector 62, Nangli Umarpur, Gurugram, Haryana 122098, India",5,2,OPERATIONAL,https://maps.google.com/?cid=7072322916992137741&g_mp=Cilnb29nbGUubWFwcy5wbGFjZXMudjEuUGxhY2VzLlNlYXJjaE5lYXJieRACGAQgAA,ChIJGYbafgAjDTkRDbor5DjwJWI
Shankar Dhaba,indian_restaurant,indian_restaurant|restaurant|point_of_interest|food|establishment,072508 32861,,"Shop No 1, near Gurugram, Sector 62, Gurugram, Haryana 122098, India",3,1,CLOSED_TEMPORARILY,https://maps.google.com/?cid=5106654829741524098&g_mp=Cilnb29nbGUubWFwcy5wbGFjZXMudjEuUGxhY2VzLlNlYXJjaE5lYXJieRACGAQgAA,ChIJ2y1SohcjDTkRgsRG7YJ73kY
Transport Delhi NCR only,transportation_service,transportation_service|point_of_interest|establishment,,,"C34M+X6J, Sector 62, Nangli Umarpur, Gurugram, Haryana 122098, India",5,2,OPERATIONAL,https://maps.google.com/?cid=7218420643365554048&g_mp=Cilnb29nbGUubWFwcy5wbGFjZXMudjEuUGxhY2VzLlNlYXJjaE5lYXJieRACGAQgAA,ChIJSYm6PwAjDTkRgIcmj1T7LGQ
Yadav taxi service,taxi_service,taxi_service|service|transportation_service|point_of_interest|establishment,080593 21463,,"Nangli Umarpur Rd, Sector 62, Gurugram, Haryana 122098, India",4.9,39,OPERATIONAL,https://maps.google.com/?cid=1247972398905480082&g_mp=Cilnb29nbGUubWFwcy5wbGFjZXMudjEuUGxhY2VzLlNlYXJjaE5lYXJieRACGAQgAA,ChIJZblY7awjDTkRktNA5kiwURE
Knight Taxi Sevice,taxi_service,taxi_service|service|transportation_service|point_of_interest|establishment,083969 50420,,"Knight Taxi Sevice, Nangli Umarpur Rd, near Baba Bhumia Mandir, Village Ullhawas, Sector 61, Gurugram, Haryana 122011, India",5,3,OPERATIONAL,https://maps.google.com/?cid=1787444975022107978&g_mp=Cilnb29nbGUubWFwcy5wbGFjZXMudjEuUGxhY2VzLlNlYXJjaE5lYXJieRACGAQgAA,ChIJXY2vmH0jDTkRSu2_B7xHzhg
Bamjara Market.sector.62 Gurgaon.Nangli.Umarpur.Gurugan.Haryana.122102,grocery_store,grocery_store|food_store|store|point_of_interest|food|establishment,,,"C34M+PCM, Nangli Umarpur Rd, Ullahawas, Baharampur Naya, Sector 62, Gurugram, Haryana 122098, India",4,1,CLOSED_TEMPORARILY,https://maps.google.com/?cid=16826150001715867049&g_mp=Cilnb29nbGUubWFwcy5wbGFjZXMudjEuUGxhY2VzLlNlYXJjaE5lYXJieRACGAQgAA,ChIJp2wUPgAjDTkRqW22HUd-guk
Sha shiba group of institution,university,university|educational_institution|point_of_interest|establishment,,,"C34M+PCM, Nangli Umarpur Rd, Sector 62, Nangli Umarpur, Gurugram, Haryana 122098, India",,,OPERATIONAL,https://maps.google.com/?cid=15923248875547441174&g_mp=Cilnb29nbGUubWFwcy5wbGFjZXMudjEuUGxhY2VzLlNlYXJjaE5lYXJieRACGAQgAA,ChIJE2mxZqcjDTkRFrgkwXy--tw
Saifi Interior Work,general_contractor,general_contractor|service|point_of_interest|establishment,,,"Nangli Umarpur Rd, Sector 62, Gurugram, Haryana 122001, India",5,2,OPERATIONAL,https://maps.google.com/?cid=2681890006445738830&g_mp=Cilnb29nbGUubWFwcy5wbGFjZXMudjEuUGxhY2VzLlNlYXJjaE5lYXJieRACGAQgAA,ChIJ_eXoIrcjDTkRTkveaMD8NyU
Apeksha Tour and Travels,taxi_service,taxi_service|service|transportation_service|point_of_interest|establishment,081303 27347,http://www.apekshatourandtravels.in/,"19/2/62, Marg, Sector 62, Gurugram, Haryana 122098, India",,,OPERATIONAL,https://maps.google.com/?cid=16576661630165758259&g_mp=Cilnb29nbGUubWFwcy5wbGFjZXMudjEuUGxhY2VzLlNlYXJjaE5lYXJieRACGAQgAA,ChIJiUWtpnUjDTkRM7Hg--whDOY
Yash ji travel,taxi_service,taxi_service|service|transportation_service|point_of_interest|establishment,095990 13719,,"Sector 62, Gurugram, Haryana 122098, India",5,7,OPERATIONAL,https://maps.google.com/?cid=596167766546454843&g_mp=Cilnb29nbGUubWFwcy5wbGFjZXMudjEuUGxhY2VzLlNlYXJjaE5lYXJieRACGAQgAA,ChIJF05VeQAjDTkROxmKz2wDRgg
Kaiden2Kats Foundation,pet_boarding_service,pet_boarding_service|dog_park|park|pet_store|pet_care|non_profit_organization|association_or_organization|service|store|point_of_interest|establishment,097179 65519,http://www.kaiden2kats.in/,"Gali no 1, kila number 14, Nangli Umarpur Rd, Sector 62, Gurugram, Haryana 122101, India",4.8,129,OPERATIONAL,https://maps.google.com/?cid=14533306311274438557&g_mp=Cilnb29nbGUubWFwcy5wbGFjZXMudjEuUGxhY2VzLlNlYXJjaE5lYXJieRACGAQgAA,ChIJlxOluPMjDTkRnZ903xatsMk
Karmu taxi,taxi_service,taxi_service|service|transportation_service|point_of_interest|establishment,,,"C34M+MC7, Sector 62, Gurugram, Haryana 122098, India",5,1,OPERATIONAL,https://maps.google.com/?cid=6610194865945417308&g_mp=Cilnb29nbGUubWFwcy5wbGFjZXMudjEuUGxhY2VzLlNlYXJjaE5lYXJieRACGAQgAA,ChIJ0SbLWwAjDTkRXJbJUDUhvFs
Umarkote Gurgaon,place_of_worship,place_of_worship|association_or_organization|point_of_interest|establishment,,,"C34M+JPW, Sector 62, Nangli Umarpur, Gurugram, Haryana 122098, India",,,OPERATIONAL,https://maps.google.com/?cid=16551682614688835263&g_mp=Cilnb29nbGUubWFwcy5wbGFjZXMudjEuUGxhY2VzLlNlYXJjaE5lYXJieRACGAQgAA,ChIJb9DSLwAjDTkRv2aJu6Rjs-U
Lucky tour & travel,,point_of_interest|establishment,092114 61966,,"Sector 62, Gurugram, Haryana 122002, India",,,OPERATIONAL,https://maps.google.com/?cid=33666419221516077&g_mp=Cilnb29nbGUubWFwcy5wbGFjZXMudjEuUGxhY2VzLlNlYXJjaE5lYXJieRACGAQgAA,ChIJM6Rdy_gjDTkRLc-ODm6bdwA
Naresh tours &travels,taxi_service,taxi_service|service|transportation_service|point_of_interest|establishment,099715 57984,,"Sector 62, Nangli Umarpur, Gurugram, Haryana 122098, India",5,2,OPERATIONAL,https://maps.google.com/?cid=3557960740842630935&g_mp=Cilnb29nbGUubWFwcy5wbGFjZXMudjEuUGxhY2VzLlNlYXJjaE5lYXJieRACGAQgAA,ChIJI3SS5WojDTkRF--1YnFqYDE
Emaar New Project Sector 62,apartment_building,apartment_building|service|point_of_interest|establishment,,https://jaguarlandbase.com/emaar-urban-oasis-sector-62-gurgaon,"C34J+PW9, Sector 62, Nangli Umarpur, Gurugram, Haryana 122098, India",5,3,OPERATIONAL,https://maps.google.com/?cid=6276581924142802101&g_mp=Cilnb29nbGUubWFwcy5wbGFjZXMudjEuUGxhY2VzLlNlYXJjaE5lYXJieRACGAQgAA,ChIJIWjevBojDTkRtWQrWAHmGlc
"पायनियर बिजनेस पार्क 2, febricetr",park,park|point_of_interest|establishment,,,"C34J+PW9, Sector 62, Gurugram, Haryana 122098, India",,,OPERATIONAL,https://maps.google.com/?cid=8638036792138220203&g_mp=Cilnb29nbGUubWFwcy5wbGFjZXMudjEuUGxhY2VzLlNlYXJjaE5lYXJieRACGAQgAA,ChIJSRgRPq4jDTkRq0InOLJ44Hc
Expert concrete,general_contractor,general_contractor|point_of_interest|service|establishment,,,"C35P+4X6, Sector 62, Gurugram, Haryana 122098, India",5,1,OPERATIONAL,https://maps.google.com/?cid=2714908072061805178&g_mp=Cilnb29nbGUubWFwcy5wbGFjZXMudjEuUGxhY2VzLlNlYXJjaE5lYXJieRACGAQgAA,ChIJtQDENgAjDTkReqIV4YFKrSU
Stylish Look,clothing_store,point_of_interest|clothing_store|store|establishment,090504 35510,,"10, Stylish Look, Emaar Digi Homes, Sector 62, Gurugram, Haryana 122098, India",5,1,OPERATIONAL,https://maps.google.com/?cid=75617779110153756&g_mp=Cilnb29nbGUubWFwcy5wbGFjZXMudjEuUGxhY2VzLlNlYXJjaE5lYXJieRACGAQgAA,ChIJTY7iZcAjDTkRHI6QLvilDAE
"Kalagya Agency for Pantry Boys, House Keeping, Drivers, Cook, Waiters",employment_agency,employment_agency|point_of_interest|service|establishment,,,"C35P+CXW, CRPF Rd, near Rajesh Pilot Chowk, Sector 62, Gurugram, Haryana 122098, India",,,OPERATIONAL,https://maps.google.com/?cid=612805900037965592&g_mp=Cilnb29nbGUubWFwcy5wbGFjZXMudjEuUGxhY2VzLlNlYXJjaE5lYXJieRACGAQgAA,ChIJJ-kpMU0jDTkRGMcGJLgfgQg
Cafe Nutri Plus,cafe,cafe|family_restaurant|restaurant|food|point_of_interest|establishment,,,"First Floor, Play.All Badminton Academy,CRPF Road, near Golf Course Ext Rd, opposite Heritage School, Sector 62, Gurugram, Haryana 122098, India",5,213,CLOSED_TEMPORARILY,https://maps.google.com/?cid=18234917008640562210&g_mp=Cilnb29nbGUubWFwcy5wbGFjZXMudjEuUGxhY2VzLlNlYXJjaE5lYXJieRACGAQgAA,ChIJDWkQuPMjDTkRItS_GGhwD_0
NestAra Realty,real_estate_agency,real_estate_agency|point_of_interest|service|establishment,,,"Shop no.1, Pivotal Paradise, Sector 62, Gurugram, Haryana 122098, India",,,OPERATIONAL,https://maps.google.com/?cid=12973048185728648174&g_mp=Cilnb29nbGUubWFwcy5wbGFjZXMudjEuUGxhY2VzLlNlYXJjaE5lYXJieRACGAQgAA,ChIJwwE9TKQjDTkR7sNhPJeGCbQ
The Moustache Kings,barber_shop,barber_shop|hair_care|point_of_interest|health|service|establishment,074114 58214,,"Shop no 4, Pivotal Paradise, Sector 62, Gurugram, Haryana 122002, India",5,27,OPERATIONAL,https://maps.google.com/?cid=5523505919630064347&g_mp=Cilnb29nbGUubWFwcy5wbGFjZXMudjEuUGxhY2VzLlNlYXJjaE5lYXJieRACGAQgAA,ChIJv7rKzuQjDTkR2zpRfl5vp0w
Sochmat-By Fitfuel,fast_food_restaurant,fast_food_restaurant|restaurant|food|point_of_interest|establishment,095606 71963,http://www.sochmat.com/,"Shop No 18, Pivotal Paradise, Golf Course Ext Rd, Sector 62, Gurugram, Haryana 122098, India",5,3,OPERATIONAL,https://maps.google.com/?cid=15325105675382056052&g_mp=Cilnb29nbGUubWFwcy5wbGFjZXMudjEuUGxhY2VzLlNlYXJjaE5lYXJieRACGAQgAA,ChIJL50FYgAjDTkRdGR4dmq2rdQ
"Abhilash Ghadei , Speech Language and Swallowing Therapist (Speech Swallow and Voice Therapy)",health,point_of_interest|health|establishment,,https://abhilashghadeispeechlanguage.blogspot.com/?m=1,"608, Tower 5, Pivotal Paradise, Sector 62, Gurugram, Haryana 122098, India",5,30,OPERATIONAL,https://maps.google.com/?cid=3867837439386146499&g_mp=Cilnb29nbGUubWFwcy5wbGFjZXMudjEuUGxhY2VzLlNlYXJjaE5lYXJieRACGAQgAA,ChIJoX2DizsjDTkRw1aRj6hRrTU
WellCare Pharmacy,pharmacy,pharmacy|point_of_interest|health|store|establishment,,,"Shop No. 2, Pivotal Paradise, Sector 62, Gurugram, Haryana 122102, India",5,9,OPERATIONAL,https://maps.google.com/?cid=11141223879810561709&g_mp=Cilnb29nbGUubWFwcy5wbGFjZXMudjEuUGxhY2VzLlNlYXJjaE5lYXJieRACGAQgAA,ChIJaQU_HgAjDTkRrTY1BxeUnZo
Pivotal Paradise,service,point_of_interest|service|establishment,,,"Pivotal Paradise, Sector 62, Gurugram, Haryana 122101, India",2.3,3,OPERATIONAL,https://maps.google.com/?cid=12323949068477852029&g_mp=Cilnb29nbGUubWFwcy5wbGFjZXMudjEuUGxhY2VzLlNlYXJjaE5lYXJieRACGAQgAA,ChIJs5QoFgAjDTkRfemg-GF2B6s
GOOD LOOK BEAUTY SALON,beauty_salon,beauty_salon|point_of_interest|service|establishment,,,"SHOP NO 03, Pivotal Paradise, near Indira Gandhi Eye Hospital, Sector 62, Gurugram, Haryana 122098, India",4.4,9,OPERATIONAL,https://maps.google.com/?cid=10625626601343152284&g_mp=Cilnb29nbGUubWFwcy5wbGFjZXMudjEuUGxhY2VzLlNlYXJjaE5lYXJieRACGAQgAA,ChIJkyDOYBMjDTkRnPD_0BjPdZM
Amit Taxi Service,taxi_service,taxi_service|point_of_interest|transportation_service|service|establishment,,http://www.arcabs.com/,"C34P+G36, Sector 62, Nangli Umarpur, Gurugram, Haryana 122098, India",4.9,7,OPERATIONAL,https://maps.google.com/?cid=16295309137494458251&g_mp=Cilnb29nbGUubWFwcy5wbGFjZXMudjEuUGxhY2VzLlNlYXJjaE5lYXJieRACGAQgAA,ChIJTxUQJKYjDTkRi7-IBVORJOI
Nambardar property's,real_estate_agency,real_estate_agency|point_of_interest|service|establishment,,,"Pivotal Paradise, Golf Course Ext Rd, Sector 62, Gurugram, Haryana 122101, India",5,2,OPERATIONAL,https://maps.google.com/?cid=6807928561946952162&g_mp=Cilnb29nbGUubWFwcy5wbGFjZXMudjEuUGxhY2VzLlNlYXJjaE5lYXJieRACGAQgAA,ChIJJ9nBNAAjDTkR4oEVB_Weel4
Pivotal Paradise,general_contractor,general_contractor|association_or_organization|point_of_interest|service|establishment,,http://www.affordablehomesindia.com/,"Golf Course Ext Rd, Sector 62, Gurugram, Haryana 122098, India",3.3,204,OPERATIONAL,https://maps.google.com/?cid=5348098749322477516&g_mp=Cilnb29nbGUubWFwcy5wbGFjZXMudjEuUGxhY2VzLlNlYXJjaE5lYXJieRACGAQgAA,ChIJlyqWOBciDTkRzL8TIXpDOEo
Balaji general Store,general_store,general_store|food_store|food|point_of_interest|store|establishment,,,"C34P+G36, Sector 62, Nangli Umarpur, Gurugram, Haryana 122098, India",,,OPERATIONAL,https://maps.google.com/?cid=4612234320601061065&g_mp=Cilnb29nbGUubWFwcy5wbGFjZXMudjEuUGxhY2VzLlNlYXJjaE5lYXJieRACGAQgAA,ChIJv9_fJAAjDTkRyZZKjK3yAUA
"Main Gate, Pivotal Paradise",housing_complex,housing_complex|point_of_interest|service|establishment,,,"Tower 4, C34Q+JMF Tower 5, Pivotal Paradise, Golf Course Ext Rd, Sector 62, Gurugram, Haryana 122098, India",3,2,OPERATIONAL,https://maps.google.com/?cid=12260420627903151016&g_mp=Cilnb29nbGUubWFwcy5wbGFjZXMudjEuUGxhY2VzLlNlYXJjaE5lYXJieRACGAQgAA,ChIJjdy8ZgAjDTkRqPsJQ5rDJao
Pivotal Paradise Tower 2,apartment_building,apartment_building|point_of_interest|service|establishment,,,"Tower 4, C34Q+99M Tower 5, Pivotal Paradise, Golf Course Ext Rd, Sector 62, Nangli Umarpur, Gurugram, Haryana 122098, India",3.7,3,OPERATIONAL,https://maps.google.com/?cid=9395503082214045647&g_mp=Cilnb29nbGUubWFwcy5wbGFjZXMudjEuUGxhY2VzLlNlYXJjaE5lYXJieRACGAQgAA,ChIJ8fq_BgAjDTkRz7d0FUaIY4I
Whitewood,association_or_organization,association_or_organization|point_of_interest|service|establishment,,,"Greenwood Enclave, 37, Golf Course Ext Rd, near Royal Greens, Sector 57, Gurugram, Haryana 122098, India",5,1,OPERATIONAL,https://maps.google.com/?cid=9823069983978059623&g_mp=Cilnb29nbGUubWFwcy5wbGFjZXMudjEuUGxhY2VzLlNlYXJjaE5lYXJieRACGAQgAA,ChIJvWBfNAAjDTkRZ3fQBhuOUog
Pooch Pet Resort Gurgaon | Dog Boarding | Day Care | Dog Park,pet_boarding_service,pet_boarding_service|pet_care|point_of_interest|service|establishment,070650 00256,https://poochpetresort.com/,"Kila No. 19, near Paras Trinity, Sector 62, Nangli Umarpur, Gurugram, Haryana 122001, India",4.9,279,OPERATIONAL,https://maps.google.com/?cid=5144002218802946473&g_mp=Cilnb29nbGUubWFwcy5wbGFjZXMudjEuUGxhY2VzLlNlYXJjaE5lYXJieRACGAQgAA,ChIJy9HvUQcjDTkRqSGSj8MqY0c
Baba Bhumiya Temple Ullahwas,hindu_temple,hindu_temple|place_of_worship|association_or_organization|point_of_interest|establishment,,,"Tower 5, Pivotal Paradise, Golf Course Ext Rd, Sector 62, Nangli Umarpur, Gurugram, Haryana 122098, India",4.3,8,OPERATIONAL,https://maps.google.com/?cid=1477247062770946272&g_mp=Cilnb29nbGUubWFwcy5wbGFjZXMudjEuUGxhY2VzLlNlYXJjaE5lYXJieRACGAQgAA,ChIJUfDCtRciDTkR4JDzdWA8gBQ
Chic 1-bedroom apartment with fitness room and AC in brilliant Gurugram,lodging,lodging|point_of_interest|establishment,,,"Sector 62, Gurugram, Haryana 122098, India",,,OPERATIONAL,https://maps.google.com/?cid=12724677483489530476&g_mp=Cilnb29nbGUubWFwcy5wbGFjZXMudjEuUGxhY2VzLlNlYXJjaE5lYXJieRACGAQgAA,ChIJaYx4nhciDTkRbBLOxMAil7A
Royal Green Realty,general_contractor,general_contractor|service|point_of_interest|establishment,084000 10060,https://royalgreenrealty.com/,"C35R+53M, Sector 62, Gurugram, Haryana 122098, India",2.5,49,OPERATIONAL,https://maps.google.com/?cid=5121581653823919437&g_mp=Cilnb29nbGUubWFwcy5wbGFjZXMudjEuUGxhY2VzLlNlYXJjaE5lYXJieRACGAQgAA,ChIJ60Bqx6QjDTkRTRVV_GCDE0c
"Indira Gandhi Eye Hospital: Best Eye hospital in Gurgaon, Lasik Surgery, Cataract Surgery",medical_clinic,hospital|medical_clinic|health|service|point_of_interest|establishment,096676 20071,,"Sector 62, Gurugram, Haryana 122098, India",4.6,559,OPERATIONAL,https://maps.google.com/?cid=13756661151280702046&g_mp=Cilnb29nbGUubWFwcy5wbGFjZXMudjEuUGxhY2VzLlNlYXJjaE5lYXJieRACGAQgAA,ChIJO0nWhhciDTkRXqKAYW566b4
Dr. Sanjay Dhawan - Eye Specialist Doctor In Delhi Gurgaon,doctor,doctor|medical_clinic|health|point_of_interest|establishment,098100 09144,http://sdhawan.com/,"Indira Gandhi Eye Hospital, Golf Course Ext Rd, near Heritage School, Sector 62, Gurugram, Haryana 122098, India",4.6,184,OPERATIONAL,https://maps.google.com/?cid=10860001642147642734&g_mp=Cilnb29nbGUubWFwcy5wbGFjZXMudjEuUGxhY2VzLlNlYXJjaE5lYXJieRACGAQgAA,ChIJq6qq5ov6DDkRbn1ebPR5tpY
Dr Kalpana Sangwan |Retina Surgeon|Retina Surgery|Retina Lasers|Retina Injections|Best Retina Surgeon in Gurugram,doctor,doctor|hospital|medical_clinic|health|service|point_of_interest|establishment,096676 20071,,"Indira Gandhi Eye Hospital &, Research Centre, Sector 62, Gurugram, Haryana 122098, India",5,4,OPERATIONAL,https://maps.google.com/?cid=8639291428114040958&g_mp=Cilnb29nbGUubWFwcy5wbGFjZXMudjEuUGxhY2VzLlNlYXJjaE5lYXJieRACGAQgAA,ChIJt6Pz7SEjDTkRfojQ68ft5Hc
Gurugram Fabrication,service,service|point_of_interest|establishment,096348 67512,https://www.gurugramfabrication.shop/,"Ullawas Dhani Rd, near by Indira Gandhi Eye Hospital, Gaon, Sector 62, Gurugram, Haryana 122102, India",4.4,5,OPERATIONAL,https://maps.google.com/?cid=14719939408398436969&g_mp=Cilnb29nbGUubWFwcy5wbGFjZXMudjEuUGxhY2VzLlNlYXJjaE5lYXJieRACGAQgAA,ChIJf9DHWXQjDTkRacrcAOe6R8w
Furnish Creations,furniture_store,furniture_store|home_improvement_store|home_goods_store|store|manufacturer|service|point_of_interest|establishment,087003 22846,https://furnishcreations.in/,"near Indira Gandhi Eye Hospital, Sector 62, Gurugram, Haryana 122102, India",5,6,OPERATIONAL,https://maps.google.com/?cid=5686547156797217384&g_mp=Cilnb29nbGUubWFwcy5wbGFjZXMudjEuUGxhY2VzLlNlYXJjaE5lYXJieRACGAQgAA,ChIJh8A35H_2iUURaNpnr4Ks6k4
Arsan Air Conditioner,store,store|point_of_interest|establishment,099915 84470,,"Indira Gandhi Eye Hospital, Sector 62, Gurugram, Haryana 122102, India",,,OPERATIONAL,https://maps.google.com/?cid=7994786523656759548&g_mp=Cilnb29nbGUubWFwcy5wbGFjZXMudjEuUGxhY2VzLlNlYXJjaE5lYXJieRACGAQgAA,ChIJP4jhF2sjDTkR_CikLfwv824
"Dr Divya Rajsrinivas, Specialist in Adult and Pediatric Glaucoma & Cataract in Gurgaon",hospital,hospital|health|service|point_of_interest|establishment,099588 48641,https://glaucoma.indiragandhieyehospital.com/,"Room No 6, Institute of Glaucoma, Indira Gandhi Eye Hospital, Golf Course Ext Rd, near Heritage School, Sector 62, Gurugram, Haryana 122098, India",5,4,OPERATIONAL,https://maps.google.com/?cid=10416131390310326494&g_mp=Cilnb29nbGUubWFwcy5wbGFjZXMudjEuUGxhY2VzLlNlYXJjaE5lYXJieRACGAQgAA,ChIJVw6FG7MjDTkR3iA-_U-IjZA
Dr Himani Manral - Consultant Ophthalmologist | Eye Specialist | Cataract Surgeon,medical_clinic,medical_clinic|health|point_of_interest|establishment,092664 50844,,"Indira Gandhi Eye Hospital, and Research Centre, IGEHRC), Heritage Experiential School, Sector 62, Gurugram, Haryana 122012, India",5,12,OPERATIONAL,https://maps.google.com/?cid=3230237730544641078&g_mp=Cilnb29nbGUubWFwcy5wbGFjZXMudjEuUGxhY2VzLlNlYXJjaE5lYXJieRACGAQgAA,ChIJ036msU0jDTkRNmQt9Rkc1Cw
Bharat UPVC Aluminium & Glass,building_materials_store,building_materials_store|store|point_of_interest|establishment,,,"CRPF Rd, near Indira Gandhi Eye Hospital, Ullahawas, Baharampur Naya, Sector 61, Gurugram, Haryana 122098, India",,,CLOSED_TEMPORARILY,https://maps.google.com/?cid=11011464225456247830&g_mp=Cilnb29nbGUubWFwcy5wbGFjZXMudjEuUGxhY2VzLlNlYXJjaE5lYXJieRACGAQgAA,ChIJETQAB2AjDTkRFtQ9L1-U0Jg
Courtyard 62,shopping_mall,shopping_mall|point_of_interest|establishment,099102 77884,,"near PIONEER PARK, Sector 62, Gurugram, Haryana 122098, India",4.3,4,OPERATIONAL,https://maps.google.com/?cid=13236338993002613100&g_mp=Cilnb29nbGUubWFwcy5wbGFjZXMudjEuUGxhY2VzLlNlYXJjaE5lYXJieRACGAQgAA,ChIJI9_BQBoiDTkRbImSXC_ssLc
Epitome,business_center,business_center|point_of_interest|establishment,,,"C35R+68V, CRPF Rd, Sector 62, Gurugram, Haryana 122098, India",3.3,4,OPERATIONAL,https://maps.google.com/?cid=7702544049010261162&g_mp=Cilnb29nbGUubWFwcy5wbGFjZXMudjEuUGxhY2VzLlNlYXJjaE5lYXJieRACGAQgAA,ChIJVVVVfBciDTkRqjwOtADv5Go
Shiv Shakti Scrap Gurgaon,,point_of_interest|establishment,081689 35044,https://instagram.com/shivshaktiscrap/,"Ullahawas, Sector 62, Gurugram, Haryana 122098, India",5,7,OPERATIONAL,https://maps.google.com/?cid=10329817371527286273&g_mp=Cilnb29nbGUubWFwcy5wbGFjZXMudjEuUGxhY2VzLlNlYXJjaE5lYXJieRACGAQgAA,ChIJyaANaUgjDTkRAQ6LcCviWo8
Neha cosmetic and Beauty collection,cosmetics_store,cosmetics_store|point_of_interest|store|establishment,,,"83, Main Rd, Ullahawas, Baharampur Naya, Sector 61, Gurugram, Haryana 122098, India",5,2,OPERATIONAL,https://maps.google.com/?cid=8633375773775004825&g_mp=Cilnb29nbGUubWFwcy5wbGFjZXMudjEuUGxhY2VzLlNlYXJjaE5lYXJieRACGAQgAA,ChIJYd9xPgAjDTkRmYRSUIbpz3c
Jai bhagwan Ambawat s/o ganpat singh,association_or_organization,point_of_interest|association_or_organization|service|establishment,,,"Ullawas, C35V+2GW, Ullahawas, Baharampur Naya, Sector 62, Gurugram, Haryana 122098, India",,,OPERATIONAL,https://maps.google.com/?cid=7720845676802222903&g_mp=Cilnb29nbGUubWFwcy5wbGFjZXMudjEuUGxhY2VzLlNlYXJjaE5lYXJieRACGAQgAA,ChIJaVOvbgAjDTkRNytoezz0JWs
RLS BHAVAN,association_or_organization,point_of_interest|association_or_organization|service|establishment,,,"47, Main Rd, Ullahawas, Baharampur Naya, Sector 61, Gurugram, Haryana 122098, India",4,2,OPERATIONAL,https://maps.google.com/?cid=7872421916736617658&g_mp=Cilnb29nbGUubWFwcy5wbGFjZXMudjEuUGxhY2VzLlNlYXJjaE5lYXJieRACGAQgAA,ChIJF-bCYQAjDTkRuvwV_QV2QG0
LRL NIVAS,storage,storage|point_of_interest|establishment,,,"49, Main Rd, Ullahawas, Baharampur Naya, Sector 61, Gurugram, Haryana 122098, India",5,1,OPERATIONAL,https://maps.google.com/?cid=1164619064010539726&g_mp=Cilnb29nbGUubWFwcy5wbGFjZXMudjEuUGxhY2VzLlNlYXJjaE5lYXJieRACGAQgAA,ChIJlYZHbgAjDTkRzgL_SN6OKRA
Ashish Event &Tent House,supplier,point_of_interest|supplier|service|establishment,092051 96016,,"Ullahawas, &62, Sector 61, Gurugram, Haryana 122101, India",,,CLOSED_TEMPORARILY,https://maps.google.com/?cid=3688531179705482554&g_mp=Cilnb29nbGUubWFwcy5wbGFjZXMudjEuUGxhY2VzLlNlYXJjaE5lYXJieRACGAQgAA,ChIJK8HONw8jDTkROj1MtZBLMDM
DS Godown,building_materials_store,building_materials_store|point_of_interest|store|establishment,,,"100, Ullahawas, Baharampur Naya, Sector 61, Gurugram, Haryana 122098, India",,,OPERATIONAL,https://maps.google.com/?cid=8059118933152757225&g_mp=Cilnb29nbGUubWFwcy5wbGFjZXMudjEuUGxhY2VzLlNlYXJjaE5lYXJieRACGAQgAA,ChIJ_RMBTQAjDTkR6fUxffi9128
Tau ganpat singh chowk,hindu_temple,hindu_temple|place_of_worship|point_of_interest|association_or_organization|establishment,,,"Ullawas, C35V+5J6, Ullahawas, Baharampur Naya, Sector 62, Gurugram, Haryana 122098, India",,,OPERATIONAL,https://maps.google.com/?cid=12023422814284607775&g_mp=Cilnb29nbGUubWFwcy5wbGFjZXMudjEuUGxhY2VzLlNlYXJjaE5lYXJieRACGAQgAA,ChIJj-8cAgAjDTkRH_HCxVjH26Y
VK Recidency,apartment_building,apartment_building|point_of_interest|service|establishment,,,"100, Ullahawas, Baharampur Naya, Sector 61, Gurugram, Haryana 122098, India",5,1,OPERATIONAL,https://maps.google.com/?cid=2692986151564548279&g_mp=Cilnb29nbGUubWFwcy5wbGFjZXMudjEuUGxhY2VzLlNlYXJjaE5lYXJieRACGAQgAA,ChIJwzQQIVUjDTkRtxgNBaNoXyU
Balraj gym,apartment_building,apartment_building|point_of_interest|service|establishment,,,"Gujjar Chowk, Ullahawas, Baharampur Naya, Sector 61, Gurugram, Haryana 122098, India",,,OPERATIONAL,https://maps.google.com/?cid=13190484130609912201&g_mp=Cilnb29nbGUubWFwcy5wbGFjZXMudjEuUGxhY2VzLlNlYXJjaE5lYXJieRACGAQgAA,ChIJtSRIUwAjDTkRiVluPG4DDrc
Tau ganpat singh chowk mitha kua,place_of_worship,place_of_worship|point_of_interest|association_or_organization|establishment,,,"C35V+6H9, Ullawas Dhani Rd, Ullahawas, Baharampur Naya, Sector 62, Gurugram, Haryana 122098, India",5,4,OPERATIONAL,https://maps.google.com/?cid=1825857895025537610&g_mp=Cilnb29nbGUubWFwcy5wbGFjZXMudjEuUGxhY2VzLlNlYXJjaE5lYXJieRACGAQgAA,ChIJ1-LdByojDTkRSvJW6xTAVhk
Neha cosmetic and Beauty collection,cosmetics_store,cosmetics_store|point_of_interest|store|establishment,,,"Gali, Street No. 2, near mitha kuan, Ullahawas, Baharampur Naya, Sector 61, Gurugram, Haryana 122101, India",5,2,OPERATIONAL,https://maps.google.com/?cid=4079194892713485192&g_mp=Cilnb29nbGUubWFwcy5wbGFjZXMudjEuUGxhY2VzLlNlYXJjaE5lYXJieRACGAQgAA,ChIJuQ49WgAjDTkRiGPGdSQ2nDg
Second home,hotel,hotel|lodging|point_of_interest|establishment,,,"C34V+M9H, Ullahawas, Baharampur Naya, Sector 61, Gurugram, Haryana 122098, India",,,OPERATIONAL,https://maps.google.com/?cid=12068131674038574980&g_mp=Cilnb29nbGUubWFwcy5wbGFjZXMudjEuUGxhY2VzLlNlYXJjaE5lYXJieRACGAQgAA,ChIJNzRUNAAjDTkRhJ-1XdGdeqc
Ch Sher Singh Ambawata house,housing_complex,housing_complex|point_of_interest|service|establishment,,,"C34V+MCQ, Ullahawas, Baharampur Naya, Sector 61, Gurugram, Haryana 122098, India",,,OPERATIONAL,https://maps.google.com/?cid=11011994563438814738&g_mp=Cilnb29nbGUubWFwcy5wbGFjZXMudjEuUGxhY2VzLlNlYXJjaE5lYXJieRACGAQgAA,ChIJtQiLEgAjDTkREqZNHrZ20pg
Rakesh ambawata home 163,association_or_organization,point_of_interest|association_or_organization|service|establishment,,,"59, Ullahawas, Baharampur Naya, Sector 61, Gurugram, Haryana 122098, India",,,OPERATIONAL,https://maps.google.com/?cid=1190107752721942466&g_mp=Cilnb29nbGUubWFwcy5wbGFjZXMudjEuUGxhY2VzLlNlYXJjaE5lYXJieRACGAQgAA,ChIJi0CWYwAjDTkRwgduFbIchBA
Mohdkaif,gas_station,gas_station|point_of_interest|service|establishment,,,"102, Ullahawas, Baharampur Naya, Sector 61, Gurugram, Haryana 122098, India",,,OPERATIONAL,https://maps.google.com/?cid=3704612313931405312&g_mp=Cilnb29nbGUubWFwcy5wbGFjZXMudjEuUGxhY2VzLlNlYXJjaE5lYXJieRACGAQgAA,ChIJiemgKQAjDTkRAFhrikVtaTM
Mohdkaif,laundry,laundry|point_of_interest|service|establishment,,,"102, Ullahawas, Baharampur Naya, Sector 61, Gurugram, Haryana 122098, India",,,CLOSED_TEMPORARILY,https://maps.google.com/?cid=754741373178657168&g_mp=Cilnb29nbGUubWFwcy5wbGFjZXMudjEuUGxhY2VzLlNlYXJjaE5lYXJieRACGAQgAA,ChIJ5-q1FAAjDTkRkLmatUdheQo
Ismat world,wholesaler,wholesaler|point_of_interest|establishment,,,"102, Ullahawas, Baharampur Naya, Sector 61, Gurugram, Haryana 122098, India",,,OPERATIONAL,https://maps.google.com/?cid=15476449444500162203&g_mp=Cilnb29nbGUubWFwcy5wbGFjZXMudjEuUGxhY2VzLlNlYXJjaE5lYXJieRACGAQgAA,ChIJhchiTwAjDTkRm0a5o8Vkx9Y
Glass Clinic Gurugram,car_repair,car_repair|point_of_interest|service|establishment,,https://www.glassclinic.co.in/,"near Nexa Showroom, Ullahawas, Baharampur Naya, Sector 61, Gurugram, Haryana 122001, India",,,CLOSED_TEMPORARILY,https://maps.google.com/?cid=10697404803872336361&g_mp=Cilnb29nbGUubWFwcy5wbGFjZXMudjEuUGxhY2VzLlNlYXJjaE5lYXJieRACGAQgAA,ChIJF6f8AZ0jDTkR6Sle6f3QdJQ
Dev General Store pr. Dholaram Gurjar,grocery_store,grocery_store|point_of_interest|food_store|store|food|establishment,,,"C34R+VV9, Ullahawas, Baharampur Naya, Sector 61, Gurugram, Haryana 122098, India",4.4,39,OPERATIONAL,https://maps.google.com/?cid=4812885970923749514&g_mp=Cilnb29nbGUubWFwcy5wbGFjZXMudjEuUGxhY2VzLlNlYXJjaE5lYXJieRACGAQgAA,ChIJ-WAeKgAjDTkRigBfcUrOykI
Ch. Lilu Namberdar baithak,housing_complex,housing_complex|point_of_interest|service|establishment,,,"Ullawas Dhani Road, Ullahawas, Baharampur Naya, Sector 62, Gurugram, Haryana 122098, India",5,4,OPERATIONAL,https://maps.google.com/?cid=8441403479419526729&g_mp=Cilnb29nbGUubWFwcy5wbGFjZXMudjEuUGxhY2VzLlNlYXJjaE5lYXJieRACGAQgAA,ChIJIw-mMSYjDTkRSR6MdL3jJXU
"W53, 2 Floor Woodstock Floors",apartment_building,apartment_building|service|point_of_interest|establishment,,,"2nd floor, 53, Woodstock Ave, Nirvana Country, Sector 50, Gurugram, Haryana 122018, India",,,OPERATIONAL,https://maps.google.com/?cid=6786055598691414739&g_mp=Cilnb29nbGUubWFwcy5wbGFjZXMudjEuUGxhY2VzLlNlYXJjaE5lYXJieRACGAQgAA,ChIJXYmLBwAjDTkR03IN6pzpLF4
Ekam,apartment_building,apartment_building|service|point_of_interest|establishment,,,"53, 4 Floor, 53, Woodstock Ave, Nirvana Country, Sector 50, Gurugram, Haryana 122018, India",5,1,OPERATIONAL,https://maps.google.com/?cid=18355390092400726449&g_mp=Cilnb29nbGUubWFwcy5wbGFjZXMudjEuUGxhY2VzLlNlYXJjaE5lYXJieRACGAQgAA,ChIJMeTkcQAjDTkRsRFFuwlyu_4
Mind Purpose Leadership Pvt. Ltd.,service,service|point_of_interest|establishment,099401 62439,http://www.mindpurpose.in/,"Ground Floor, 054, Woodstock Ave, Nirvana Country, Sector 50, Gurugram, Haryana 122018, India",5,50,OPERATIONAL,https://maps.google.com/?cid=18000175372755380117&g_mp=Cilnb29nbGUubWFwcy5wbGFjZXMudjEuUGxhY2VzLlNlYXJjaE5lYXJieRACGAQgAA,ChIJt07_7q4ZDTkRlafR6yF4zfk
Bhandari's,apartment_complex,apartment_complex|service|point_of_interest|establishment,,,"54 SF, Woodstock Floors, Nirvana Country, Sector 50, Gurugram, Haryana 122018, India",,,OPERATIONAL,https://maps.google.com/?cid=10874274358450307770&g_mp=Cilnb29nbGUubWFwcy5wbGFjZXMudjEuUGxhY2VzLlNlYXJjaE5lYXJieRACGAQgAA,ChIJvQSBj5cjDTkRusKRJeou6ZY
WS 102,housing_complex,housing_complex|service|point_of_interest|establishment,,,"102, Woodstock Ave, Nirvana Country, Sector 50, Gurugram, Haryana 122018, India",,,OPERATIONAL,https://maps.google.com/?cid=3273831338006976673&g_mp=Cilnb29nbGUubWFwcy5wbGFjZXMudjEuUGxhY2VzLlNlYXJjaE5lYXJieRACGAQgAA,ChIJ_8m8IQAjDTkRoZhypEH8bi0
Anita Niwas,lodging,private_guest_room|lodging|point_of_interest|establishment,,,"109, Woodstock Floors, Nirvana Country, Sector 50, Gurugram, Haryana 122002, India",,,OPERATIONAL,https://maps.google.com/?cid=10607349951782550617&g_mp=Cilnb29nbGUubWFwcy5wbGFjZXMudjEuUGxhY2VzLlNlYXJjaE5lYXJieRACGAQgAA,ChIJ9833RAAjDTkRWXxBvJTgNJM
"CA Archana Jain, Chartered Accountants",consultant,consultant|accounting|finance|service|point_of_interest|establishment,,,"Woodstock, Nirvana Country, Sector 50, Gurugram, Haryana 122018, India",5,15,OPERATIONAL,https://maps.google.com/?cid=18186951963846765319&g_mp=Cilnb29nbGUubWFwcy5wbGFjZXMudjEuUGxhY2VzLlNlYXJjaE5lYXJieRACGAQgAA,ChIJA3DxiewjDTkRB-st2HMIZfw
Pioneer Project,apartment_building,apartment_building|service|point_of_interest|establishment,,,"C356+V77, Sector 50, Gurugram, Haryana 122018, India",2.3,3,OPERATIONAL,https://maps.google.com/?cid=2920981752586059319&g_mp=Cilnb29nbGUubWFwcy5wbGFjZXMudjEuUGxhY2VzLlNlYXJjaE5lYXJieRACGAQgAA,ChIJF42m6FEjDTkRNz5Kjm1piSg
Biz Box Story | Best Digital Marketing Agency,service,marketing_consultant|consultant|service|point_of_interest|establishment,081309 72200,https://www.bizboxstory.com/,"122, ground floor, Woodstock Floors, Nirvana Country, Sector 50, Gurugram, Haryana 122018, India",4.1,18,OPERATIONAL,https://maps.google.com/?cid=3266768891019678906&g_mp=Cilnb29nbGUubWFwcy5wbGFjZXMudjEuUGxhY2VzLlNlYXJjaE5lYXJieRACGAQgAA,ChIJuSgIipYjDTkRulSGkP_kVS0
Home,association_or_organization,service|association_or_organization|point_of_interest|establishment,,,"Birch Court, 57, Nirvana Country, Sector 50, Gurugram, Haryana 122018, India",,,OPERATIONAL,https://maps.google.com/?cid=6958639428434725087&g_mp=Cilnb29nbGUubWFwcy5wbGFjZXMudjEuUGxhY2VzLlNlYXJjaE5lYXJieRACGAQgAA,ChIJre_wY2kjDTkR3wjhE7ENkmA
"45, Woodstock Avenue, Nirvana Country",association_or_organization,service|association_or_organization|point_of_interest|establishment,,,"45, Woodstock Ave, Nirvana Country, Sector 50, Gurugram, Haryana 122018, India",,,OPERATIONAL,https://maps.google.com/?cid=8575761088237964793&g_mp=Cilnb29nbGUubWFwcy5wbGFjZXMudjEuUGxhY2VzLlNlYXJjaE5lYXJieRACGAQgAA,ChIJ30iVGQAjDTkR-Y0K_0U5A3c
W-34 Woodstock,apartment_building,apartment_building|service|point_of_interest|establishment,,,"44, Woodstock Floors, Nirvana Country, Sector 50, Gurugram, Haryana 122018, India",,,OPERATIONAL,https://maps.google.com/?cid=1730429790691229899&g_mp=Cilnb29nbGUubWFwcy5wbGFjZXMudjEuUGxhY2VzLlNlYXJjaE5lYXJieRACGAQgAA,ChIJ_Yqm4SMjDTkRy4Dn9rm4Axg
42 Woodstock,apartment_building,apartment_building|service|point_of_interest|establishment,,,"42 Woodstock, Nirvana Country, Sector 50, Gurugram, Haryana 122018, India",,,OPERATIONAL,https://maps.google.com/?cid=10028788751840652710&g_mp=Cilnb29nbGUubWFwcy5wbGFjZXMudjEuUGxhY2VzLlNlYXJjaE5lYXJieRACGAQgAA,ChIJAwK6deMjDTkRpi3lKDxqLYs
"Woodstock, 102",housing_complex,housing_complex|service|point_of_interest|establishment,,,"Woodstock Floors, WS 102, Nirvana Country, Sector 50, Gurugram, Haryana 122018, India",,,OPERATIONAL,https://maps.google.com/?cid=18248145000898353832&g_mp=Cilnb29nbGUubWFwcy5wbGFjZXMudjEuUGxhY2VzLlNlYXJjaE5lYXJieRACGAQgAA,ChIJsWhHFgAjDTkRqNpdDDJvPv0
Woodstock Car Parking,parking_lot,parking_lot|parking|transportation_service|service|point_of_interest|establishment,,,"Woodstock Floors, 41, Nirvana Country, Sector 50, Gurugram, Haryana 122018, India",,,OPERATIONAL,https://maps.google.com/?cid=1872986490458149219&g_mp=Cilnb29nbGUubWFwcy5wbGFjZXMudjEuUGxhY2VzLlNlYXJjaE5lYXJieRACGAQgAA,ChIJVZs7GAAjDTkRYxHdIEov_hk
"61, Woodstock Floors",association_or_organization,service|association_or_organization|point_of_interest|establishment,,,"61, Nirvana Country, Sector 50, Gurugram, Haryana 122018, India",5,1,OPERATIONAL,https://maps.google.com/?cid=13763094037995291523&g_mp=Cilnb29nbGUubWFwcy5wbGFjZXMudjEuUGxhY2VzLlNlYXJjaE5lYXJieRACGAQgAA,ChIJW7pOtGwjDTkRg4MBiRtVAL8
Abu,association_or_organization,service|association_or_organization|point_of_interest|establishment,,,"C366+6MM, Sector 50, Gurugram, Haryana 122018, India",,,OPERATIONAL,https://maps.google.com/?cid=9351578509443091946&g_mp=Cilnb29nbGUubWFwcy5wbGFjZXMudjEuUGxhY2VzLlNlYXJjaE5lYXJieRACGAQgAA,ChIJcaalcgAjDTkR6k2IiBt7x4E
"11, Woodstock",apartment_building,apartment_building|service|point_of_interest|establishment,,,"C365+8VM, Woodstock Ave, Nirvana Country, Sector 50, Gurugram, Haryana 122018, India",,,OPERATIONAL,https://maps.google.com/?cid=9329526205582323447&g_mp=Cilnb29nbGUubWFwcy5wbGFjZXMudjEuUGxhY2VzLlNlYXJjaE5lYXJieRACGAQgAA,ChIJa3q3MwAjDTkR965ubqcieYE
Ahuja House/W34,association_or_organization,service|association_or_organization|point_of_interest|establishment,,,"W34, Woodstock, Nirvana Country, Sector 50, Gurugram, Haryana 122018, India",,,OPERATIONAL,https://maps.google.com/?cid=2410138552409977196&g_mp=Cilnb29nbGUubWFwcy5wbGFjZXMudjEuUGxhY2VzLlNlYXJjaE5lYXJieRACGAQgAA,ChIJlyP5jRkjDTkRbPHecz6IciE
Surface Parking,transportation_service,transportation_service|point_of_interest|establishment,,,"186, Finchley Rd, Rosewood City, Sector 50, Gurugram, Haryana 122018, India",,,OPERATIONAL,https://maps.google.com/?cid=2269517682128397693&g_mp=Cilnb29nbGUubWFwcy5wbGFjZXMudjEuUGxhY2VzLlNlYXJjaE5lYXJieRACGAQgAA,ChIJQaYGeWMiDTkRfSW7tk7yfh8
4BK LUXURY BUILDER FLOORS BEHIND DPS INTERNATIONAL,apartment_building,apartment_building|point_of_interest|service|establishment,,,"C367+4CX, Sector 50, Gurugram, Haryana 122018, India",,,OPERATIONAL,https://maps.google.com/?cid=17055456113753082273&g_mp=Cilnb29nbGUubWFwcy5wbGFjZXMudjEuUGxhY2VzLlNlYXJjaE5lYXJieRACGAQgAA,ChIJkzLkOwAjDTkRoUmExvgmsew
135 Espace,association_or_organization,association_or_organization|point_of_interest|service|establishment,,,"135, Espace, Nirvana Country, Sector 50, Gurugram, Haryana 122018, India",,,OPERATIONAL,https://maps.google.com/?cid=553422249509018866&g_mp=Cilnb29nbGUubWFwcy5wbGFjZXMudjEuUGxhY2VzLlNlYXJjaE5lYXJieRACGAQgAA,ChIJoyhsLQAjDTkR8lzIkJomrgc
The Lavish Home,condominium_complex,condominium_complex|point_of_interest|service|establishment,,,"168, Espace, Nirvana Country, Sector 50, Gurugram, Haryana 122018, India",4.3,3,OPERATIONAL,https://maps.google.com/?cid=12342796887477984010&g_mp=Cilnb29nbGUubWFwcy5wbGFjZXMudjEuUGxhY2VzLlNlYXJjaE5lYXJieRACGAQgAA,ChIJ8RA2PAAjDTkRChvszF9sSqs
The Crest Park,park,park|point_of_interest|establishment,,,"C357+X97, Sector 50, Gurugram, Haryana 122018, India",,,OPERATIONAL,https://maps.google.com/?cid=8237078331295246619&g_mp=Cilnb29nbGUubWFwcy5wbGFjZXMudjEuUGxhY2VzLlNlYXJjaE5lYXJieRACGAQgAA,ChIJFT_BVAAjDTkRG6nrsxn7T3I
The Crest,association_or_organization,association_or_organization|point_of_interest|service|establishment,,,"C357+VGH, Sector 50, Gurugram, Haryana 122018, India",,,OPERATIONAL,https://maps.google.com/?cid=1287065844178583764&g_mp=Cilnb29nbGUubWFwcy5wbGFjZXMudjEuUGxhY2VzLlNlYXJjaE5lYXJieRACGAQgAA,ChIJDepVEgAjDTkR1IDN7JCT3BE
"169, Espace, Nirvana Country",apartment_building,apartment_building|point_of_interest|service|establishment,,,"C367+67R, Nirvana Country, Sector 50, Gurugram, Haryana 122018, India",,,OPERATIONAL,https://maps.google.com/?cid=14503046696569796436&g_mp=Cilnb29nbGUubWFwcy5wbGFjZXMudjEuUGxhY2VzLlNlYXJjaE5lYXJieRACGAQgAA,ChIJ5ZDxvE4jDTkRVPfxTSEsRck
Saissa,womens_clothing_store,womens_clothing_store|point_of_interest|clothing_store|store|establishment,088606 11446,,"R7LG11, M3M 65th Avenue, Nirvana Country, Sector 65, Gurugram, Haryana 122018, India",,,CLOSED_TEMPORARILY,https://maps.google.com/?cid=8185611012506880713&g_mp=Cilnb29nbGUubWFwcy5wbGFjZXMudjEuUGxhY2VzLlNlYXJjaE5lYXJieRACGAQgAA,ChIJHztrj8wjDTkRyYr_vdghmXE
Leela Disha,housing_complex,housing_complex|point_of_interest|service|establishment,,,"93, Espace, Nirvana Country, Sector 50, Gurugram, Haryana 122018, India",5,1,OPERATIONAL,https://maps.google.com/?cid=3777730305125741281&g_mp=Cilnb29nbGUubWFwcy5wbGFjZXMudjEuUGxhY2VzLlNlYXJjaE5lYXJieRACGAQgAA,ChIJ01krbVMjDTkR4XI_frIxbTQ
EVE Healthcare MRI Center,medical_center,medical_center|hospital|point_of_interest|health|service|establishment,,,"103, Espace, Nirvana Country, Sector 50, Gurugram, Haryana 122018, India",5,1,OPERATIONAL,https://maps.google.com/?cid=3689645619387442040&g_mp=Cilnb29nbGUubWFwcy5wbGFjZXMudjEuUGxhY2VzLlNlYXJjaE5lYXJieRACGAQgAA,ChIJJ4dLBgAjDTkReCOqaiRBNDM
QAPS Health,medical_clinic,medical_clinic|point_of_interest|health|establishment,078383 83565,,"Espace 170GF, Nirvana Country, Sector 50, Gurugram, Haryana 122018, India",5,1,CLOSED_TEMPORARILY,https://maps.google.com/?cid=9216166625618590080&g_mp=Cilnb29nbGUubWFwcy5wbGFjZXMudjEuUGxhY2VzLlNlYXJjaE5lYXJieRACGAQgAA,ChIJo-1w8WQiDTkRgHnOdrdm5n8
411 SECTOR 50 GURGAON,service,point_of_interest|service|establishment,,,"C357+RHG, Sector 50, Gurugram, Haryana 122018, India",5,2,OPERATIONAL,https://maps.google.com/?cid=8832234855213705287&g_mp=Cilnb29nbGUubWFwcy5wbGFjZXMudjEuUGxhY2VzLlNlYXJjaE5lYXJieRACGAQgAA,ChIJ9wqYaAAjDTkRRyjWPc5mkno
LearnKidsOnline Online Academy,educational_institution,educational_institution|point_of_interest|establishment,093117 27551,https://learnkidsonline.com/,"160, Espace, Nirvana Country, Sector 50, Gurugram, Haryana 122018, India",,,CLOSED_TEMPORARILY,https://maps.google.com/?cid=2435026859967308079&g_mp=Cilnb29nbGUubWFwcy5wbGFjZXMudjEuUGxhY2VzLlNlYXJjaE5lYXJieRACGAQgAA,ChIJ__-zPSAjDTkRL-HiHgf0yiE
Vaibhav 1rk sector 50,apartment_building,apartment_building|point_of_interest|service|establishment,,,"427, Nirvana Rd, behind dps international, Sector 50, Gurugram, Haryana 122018, India",5,1,OPERATIONAL,https://maps.google.com/?cid=3723589370777223926&g_mp=Cilnb29nbGUubWFwcy5wbGFjZXMudjEuUGxhY2VzLlNlYXJjaE5lYXJieRACGAQgAA,ChIJ-2IICgAjDTkR9sKY5s3YrDM
Urban Roomz,housing_complex,housing_complex|point_of_interest|service|establishment,,,"427P, behind DPS International School, Sector 50, Gurugram, Haryana 122018, India",5,4,OPERATIONAL,https://maps.google.com/?cid=3401563161878800934&g_mp=Cilnb29nbGUubWFwcy5wbGFjZXMudjEuUGxhY2VzLlNlYXJjaE5lYXJieRACGAQgAA,ChIJWToqagAjDTkRJirXaKzHNC8
152 espace,housing_complex,housing_complex|point_of_interest|service|establishment,,,"152, Espace, Nirvana Country, Sector 50, Gurugram, Haryana 122018, India",,,OPERATIONAL,https://maps.google.com/?cid=7943896691159558885&g_mp=Cilnb29nbGUubWFwcy5wbGFjZXMudjEuUGxhY2VzLlNlYXJjaE5lYXJieRACGAQgAA,ChIJn8kdK5gjDTkR5Wr3uPNjPm4
Espace-184,association_or_organization,association_or_organization|point_of_interest|service|establishment,,,"184, Espace, Nirvana Country, Sector 50, Gurugram, Haryana 122018, India",5,1,OPERATIONAL,https://maps.google.com/?cid=6672618782877296630&g_mp=Cilnb29nbGUubWFwcy5wbGFjZXMudjEuUGxhY2VzLlNlYXJjaE5lYXJieRACGAQgAA,ChIJkTsyymQjDTkR9icAE27nmVw
Espace - 166,apartment_building,apartment_building|point_of_interest|service|establishment,,,"166, Espace, Nirvana Country, Sector 50, Gurugram, Haryana 122018, India",,,OPERATIONAL,https://maps.google.com/?cid=17885291294647236624&g_mp=Cilnb29nbGUubWFwcy5wbGFjZXMudjEuUGxhY2VzLlNlYXJjaE5lYXJieRACGAQgAA,ChIJp_h_FQAjDTkRELjVEaxRNfg
Oppexl,,point_of_interest|establishment,,https://oppexl.com/,"429P, Sector 50, Gurugram, Haryana 122018, India",,,OPERATIONAL,https://maps.google.com/?cid=11535664444183900517&g_mp=Cilnb29nbGUubWFwcy5wbGFjZXMudjEuUGxhY2VzLlNlYXJjaE5lYXJieRACGAQgAA,ChIJ_eRxI7RHxw0RZXGvg7HpFqA
cowork-in,business_center,business_center|point_of_interest|establishment,,https://www.cowork-in.in/,"429P, behind DPS International School, Sector 50, Gurugram, Haryana 122018, India",,,OPERATIONAL,https://maps.google.com/?cid=11642230995322717981&g_mp=Cilnb29nbGUubWFwcy5wbGFjZXMudjEuUGxhY2VzLlNlYXJjaE5lYXJieRACGAQgAA,ChIJDef4lhIjDTkRHcdANWiDkaE
Consyard Homes,general_contractor,general_contractor|point_of_interest|service|establishment,090909 03133,https://www.consyard.com/,"429P, Golf Course Ext Rd, behind DPS International School, Sector 50, Gurugram, Haryana 122018, India",5,22,OPERATIONAL,https://maps.google.com/?cid=4941759348170931774&g_mp=Cilnb29nbGUubWFwcy5wbGFjZXMudjEuUGxhY2VzLlNlYXJjaE5lYXJieRACGAQgAA,ChIJEYrYeVAjDTkRPr4x0fGnlEQ
Rohit Battery,,point_of_interest|establishment,,,"Shop No 38, Golf Course Ext Rd, near Unitech Business Zone, Nirvana Country, Sector 50, Gurugram, Haryana 122018, India",,,CLOSED_TEMPORARILY,https://maps.google.com/?cid=3591256377630917370&g_mp=Cilnb29nbGUubWFwcy5wbGFjZXMudjEuUGxhY2VzLlNlYXJjaE5lYXJieRACGAQgAA,ChIJLQaJLHEjDTkR-gIM7qW01jE
Kaif Bike Servicing,car_repair,car_repair|point_of_interest|service|establishment,,,"Shop No, near Nirvana Country, The Close South, Sector 66, Gurugram, Haryana 122018, India",5,1,CLOSED_TEMPORARILY,https://maps.google.com/?cid=11372330150028181129&g_mp=Cilnb29nbGUubWFwcy5wbGFjZXMudjEuUGxhY2VzLlNlYXJjaE5lYXJieRACGAQgAA,ChIJmXiwj2UiDTkRif7krASi0p0
Dietician Nitti Gupta,consultant,consultant|health|point_of_interest|service|establishment,098739 95357,,"Sports town 65, Sector 65, Gurugram, Haryana 122018, India",5,6,OPERATIONAL,https://maps.google.com/?cid=8865931155489515368&g_mp=Cilnb29nbGUubWFwcy5wbGFjZXMudjEuUGxhY2VzLlNlYXJjaE5lYXJieRACGAQgAA,ChIJJ32qZYIjDTkRaGcFhmkdCns
A.S Furniture & Interior,manufacturer,manufacturer|point_of_interest|service|establishment,097170 91037,https://www.facebook.com/profile.php?id=61556220387905&is_tour_dismissed=true,"World Mark Mall, 65, opp. Gate No.1, Sector 65, Gurugram, Haryana 122018, India",5,41,OPERATIONAL,https://maps.google.com/?cid=9189828516636013131&g_mp=Cilnb29nbGUubWFwcy5wbGFjZXMudjEuUGxhY2VzLlNlYXJjaE5lYXJieRACGAQgAA,ChIJk4h1t_gjDTkRSzLYmFjUiH8
Espace Gate No. 1,housing_complex,housing_complex|point_of_interest|service|establishment,,,"The Close North, Sector 50, Gurugram, Haryana 122018, India",5,1,OPERATIONAL,https://maps.google.com/?cid=14867619742918528477&g_mp=Cilnb29nbGUubWFwcy5wbGFjZXMudjEuUGxhY2VzLlNlYXJjaE5lYXJieRACGAQgAA,ChIJxe3fBgAjDTkR3U0-WGJlVM4
Tridev Technocrafts Private Limited,general_contractor,point_of_interest|general_contractor|service|establishment,,,"C-243,GF,Mayfield Garden, The Close South, Sector 50, Gurugram, Haryana 122018, India",5,2,OPERATIONAL,https://maps.google.com/?cid=7608869549153342672&g_mp=Cilnb29nbGUubWFwcy5wbGFjZXMudjEuUGxhY2VzLlNlYXJjaE5lYXJieRACGAQgAA,ChIJpap2cD4jDTkR0FSSm4oimGk
Istar crane service,,point_of_interest|establishment,,,"Nirvana Country, Sector 65, Gurugram, Haryana 122001, India",5,3,OPERATIONAL,https://maps.google.com/?cid=14360729695622839853&g_mp=Cilnb29nbGUubWFwcy5wbGFjZXMudjEuUGxhY2VzLlNlYXJjaE5lYXJieRACGAQgAA,ChIJnXDg-WMjDTkRLb4AX5KPS8c
Dr Manju Sharma | Consult With Best Dentist Doctor Near Me | Bruxism | Cavities | Swollen Gums | 11+ Yrs. of Exp.,dentist,dentist|doctor|health|point_of_interest|establishment,080 6274 7504,https://www.apollo247.com/doctors/dr-manju-sharma-f0382ea4-0109-46bb-a0a6-16f2697121df?utm_source=gmb_docverse&utm_medium=clinics&utm_campaign=doctors,"white clinic, m3m urbana, sector 67, Sector 50, Gurugram, Haryana 122018, India",5,1,OPERATIONAL,https://maps.google.com/?cid=513033647841589673&g_mp=Cilnb29nbGUubWFwcy5wbGFjZXMudjEuUGxhY2VzLlNlYXJjaE5lYXJieRACGAQgAA,ChIJRcq3NR0jDTkRqblrcWKpHgc
Level A Commodity Services Pvt Ltd. (A division of Agnomics Analytics Lab Pvt. Ltd.),corporate_office,corporate_office|point_of_interest|service|establishment,0124 414 1718,,"M3M URBANA, C 501, Golf Course Ext Rd, The Close South, Sector 67, Gurugram, Haryana 122018, India",3,1,CLOSED_TEMPORARILY,https://maps.google.com/?cid=4399770744723165460&g_mp=Cilnb29nbGUubWFwcy5wbGFjZXMudjEuUGxhY2VzLlNlYXJjaE5lYXJieRACGAQgAA,ChIJReANolQfDTkRFFFhbC4gDz0
"Espace22, Nirvana Country",point_of_interest,point_of_interest|establishment,,,"2, Espace, Nirvana Country, Sector 50, Gurugram, Haryana 122018, India",,,CLOSED_TEMPORARILY,https://maps.google.com/?cid=11024973629412651100&g_mp=Cilnb29nbGUubWFwcy5wbGFjZXMudjEuUGxhY2VzLlNlYXJjaE5lYXJieRACGAQgAA,ChIJ0foePwAjDTkRXLAwZxqTAJk
Tackle Detective Agency in Gurgaon,service,point_of_interest|service|establishment,097113 31701,https://www.tackledetective.com/detective-agency-in-gurgaon.html,"E-604, Tower E, Grand Arch, Golf Course Ext Rd, Sector 58, Gurugram, Haryana 122018, India",5,4,OPERATIONAL,https://maps.google.com/?cid=17616374547084204950&g_mp=Cilnb29nbGUubWFwcy5wbGFjZXMudjEuUGxhY2VzLlNlYXJjaE5lYXJieRACGAQgAA,ChIJ6yj0ohojDTkRltsvpVDvefQ
KLAY Preschool and DayCare - Sector 62 Noida,preschool,preschool|child_care_agency|school|educational_institution|point_of_interest|service|establishment,076767 08888,https://www.klayschools.com/daycare-playschool/sector-62/?utm_source=GMB_Listing&utm_medium=organic&utm_campaign=sector62,"Level 3 to 6, Pioneer Square Sector 62, Near, Golf Course Ext Rd, The Close South, Sector 50, Gurugram, Haryana 122018, India",,,CLOSED_TEMPORARILY,https://maps.google.com/?cid=13824047551759010094&g_mp=Cilnb29nbGUubWFwcy5wbGFjZXMudjEuUGxhY2VzLlNlYXJjaE5lYXJieRACGAQgAA,ChIJ-fYJfIMjDTkRLkm0YAHi2L8
"Maruti Driving School (Pasco Automobiles, Gurgaon, Sec 50)",educational_institution,educational_institution|point_of_interest|establishment,084474 45777,,"Silvertone Tower, Golf Course Ext Rd, Nirvana Country, Sector 50, Gurugram, Haryana 122018, India",4.5,15,OPERATIONAL,https://maps.google.com/?cid=17771171075280918008&g_mp=Cilnb29nbGUubWFwcy5wbGFjZXMudjEuUGxhY2VzLlNlYXJjaE5lYXJieRACGAQgAA,ChIJ2ZiIiPojDTkR-NXQ8O_hn_Y
India PR Distribution - Submit Press Release India,service,consultant|point_of_interest|service|establishment,093540 76217,https://www.indiaprdistribution.com/,"11, Ground Floor, Suncity Success Tower Golf Course Ext Rd, Sector 65 Gurugram Haryana 122005 IN, Golf Course Ext Rd, Sector 65, Gurugram, Haryana 122018, India",4.7,62,OPERATIONAL,https://maps.google.com/?cid=10766537859288344199&g_mp=Cilnb29nbGUubWFwcy5wbGFjZXMudjEuUGxhY2VzLlNlYXJjaE5lYXJieRACGAQgAA,ChIJ7UR7mHEjDTkRhyatsyNtapU
Panap Nursery,shopping_mall,shopping_mall|farm|wholesaler|point_of_interest|service|establishment,,,"C358+RQF, Golf Course Ext Rd, Sector 65, Gurugram, Haryana 122018, India",3,2,CLOSED_TEMPORARILY,https://maps.google.com/?cid=14359470667367047188&g_mp=Cilnb29nbGUubWFwcy5wbGFjZXMudjEuUGxhY2VzLlNlYXJjaE5lYXJieRACGAQgAA,ChIJH0pw8MYjDTkRFOANA34WR8c
Wisdom Tooth Extraction Dental Clinic,dental_clinic,dental_clinic|medical_clinic|health|point_of_interest|establishment,,,"C369+86R, The Close South, Sector 50, Gurugram, Haryana 122018, India",5,1,OPERATIONAL,https://maps.google.com/?cid=169472109776532518&g_mp=Cilnb29nbGUubWFwcy5wbGFjZXMudjEuUGxhY2VzLlNlYXJjaE5lYXJieRACGAQgAA,ChIJQTfKI7YjDTkRJvSQZvwVWgI
ICICI Bank Ltd. Golf Estate BRANCH & ATM,bank,bank|finance|point_of_interest|establishment,,,"M2M golf Estate, R15 and R13, Fairway east, Golf Course Ext Rd, Sector 65, Gurugram, Haryana 122102, India",,,OPERATIONAL,https://maps.google.com/?cid=6298503582670739027&g_mp=Cilnb29nbGUubWFwcy5wbGFjZXMudjEuUGxhY2VzLlNlYXJjaE5lYXJieRACGAQgAA,ChIJ9XjyYlcjDTkRU1adNaPHaFc
Drip Labs,manufacturer,manufacturer|point_of_interest|establishment,,,"Golf Course Ext Rd, Sector 65, Gurugram, Haryana 122101, India",,,OPERATIONAL,https://maps.google.com/?cid=2114216976965056086&g_mp=Cilnb29nbGUubWFwcy5wbGFjZXMudjEuUGxhY2VzLlNlYXJjaE5lYXJieRACGAQgAA,ChIJHbZ9T24jDTkRVjYakiM1Vx0
Gallaxy Cotton Shop,tailor,tailor|point_of_interest|service|establishment,098109 14367,,"Golf Course Ext Rd, Nirvana Country, Sector 50, Gurugram, Haryana 122018, India",,,CLOSED_TEMPORARILY,https://maps.google.com/?cid=4922135116357794214&g_mp=Cilnb29nbGUubWFwcy5wbGFjZXMudjEuUGxhY2VzLlNlYXJjaE5lYXJieRACGAQgAA,ChIJx6FUKa0jDTkRpnn7Ss_vTkQ
Nature Lover Nursery,farm,farm|wholesaler|point_of_interest|service|establishment,098996 73456,,"Plot-47, Opposite North Close Nivrana Country, near Indian Oil Pump, Sector 65, Gurugram, Haryana 122101, India",5,7,OPERATIONAL,https://maps.google.com/?cid=13374166314145878688&g_mp=Cilnb29nbGUubWFwcy5wbGFjZXMudjEuUGxhY2VzLlNlYXJjaE5lYXJieRACGAQgAA,ChIJudxwZU0jDTkRoBKpQWeVmrk
Dr. Kunal Nigam-Consult With Best General Practitioner Doctor Near Me | Antibiotic Associated Diarrhea | 12+ Yrs. of Exp.,doctor,medical_clinic|doctor|health|point_of_interest|establishment,080 4628 6467,https://www.apollo247.com/doctors/dr-kunal-nigam-1034402c-32e4-4ad2-a886-e35e0c662ba5?utm_source=gmb_docverse&utm_medium=clinics&utm_campaign=doctors,"125 , First Floor, Splendor Trade Tower, Golf Course Ext Rd, Sector 65, Gurugram, Haryana 122101, India",5,1,OPERATIONAL,https://maps.google.com/?cid=4110713149818686136&g_mp=Cilnb29nbGUubWFwcy5wbGFjZXMudjEuUGxhY2VzLlNlYXJjaE5lYXJieRACGAQgAA,ChIJ22joYkcjDTkRuEp4jNQvDDk
Charming dedicated room with garden,lodging,lodging|point_of_interest|establishment,,https://deals.vio.com/?sig=73aca13c7f952d2641c156f3e69125e1eb497c325f122828ee5aa8797168b9a12d32303331333438363233&turl=https%3A%2F%2Fwww.vio.com%2FHotel%2FSearch%3FhotelId%3D134391389%26utm_source%3Dgha-vr%26utm_campaign%3Dstatic%26openHotelDetails%3D1,"Sector 65, Gurugram, Haryana 122018, India",,,OPERATIONAL,https://maps.google.com/?cid=6384965540254806864&g_mp=Cilnb29nbGUubWFwcy5wbGFjZXMudjEuUGxhY2VzLlNlYXJjaE5lYXJieRACGAQgAA,ChIJZ9FABW8iDTkRUHP_cVT0m1g
Meffier Infra Ventures Pvt. Ltd.,point_of_interest,point_of_interest|establishment,,,"C369+4XQ, Sector 65, Gurugram, Haryana 122101, India",5,1,OPERATIONAL,https://maps.google.com/?cid=11390048918188823890&g_mp=Cilnb29nbGUubWFwcy5wbGFjZXMudjEuUGxhY2VzLlNlYXJjaE5lYXJieRACGAQgAA,ChIJd8bnEG8iDTkRUpX33iSVEZ4
IPL Infaprime Logistics Tegnologisc PvtLed,liquor_store,liquor_store|store|point_of_interest|establishment,,,"C35C+V69, Sector 65, Gurugram, Haryana 122101, India",3.5,2,CLOSED_TEMPORARILY,https://maps.google.com/?cid=6130339112355136750&g_mp=Cilnb29nbGUubWFwcy5wbGFjZXMudjEuUGxhY2VzLlNlYXJjaE5lYXJieRACGAQgAA,ChIJ4Rf49XcjDTkR7oScWPFWE1U
Hitesh Garg,service,service|point_of_interest|establishment,,,"Borla Jatan, सेक्टर ६५, गुरुग्राम, हरियाणा 122018, India",1,1,OPERATIONAL,https://maps.google.com/?cid=2355785041702017215&g_mp=Cilnb29nbGUubWFwcy5wbGFjZXMudjEuUGxhY2VzLlNlYXJjaE5lYXJieRACGAQgAA,ChIJt28v2dgjDTkRv9jTkQNusSA
Sobha Crescent 63A Realtors - Best Deals On Luxury Flats,service,real_estate_agency|service|point_of_interest|establishment,099936 19930,https://evasproperties.com/sobha-crescent-sector-63a/,"Sector 65, Gurugram, Haryana 122101, India",3.7,3,OPERATIONAL,https://maps.google.com/?cid=13074900858151961971&g_mp=Cilnb29nbGUubWFwcy5wbGFjZXMudjEuUGxhY2VzLlNlYXJjaE5lYXJieRACGAQgAA,ChIJ8aduchAjDTkRcwWZgw5hc7U
"Palin Analytics : Data Engineering, Data Science, Data Analytics Course Training Institute Gurgaon",,point_of_interest|establishment,,https://www.palin.co.in/,"2nd Floor, Core A, Silverton Towers, Golf Course Ext Rd, Sector 50, Gurugram, Haryana 122018, India",5,7,OPERATIONAL,https://maps.google.com/?cid=6128100132053112202&g_mp=Cilnb29nbGUubWFwcy5wbGFjZXMudjEuUGxhY2VzLlNlYXJjaE5lYXJieRACGAQgAA,ChIJBblEroIjDTkRitUMH5piC1U
Praarabdh,finance,finance|point_of_interest|establishment,011 6931 1711,https://praarabdh.com/,"Golf Course Ext Rd, The Close South, Sector 65, Gurugram, Haryana 122018, India",,,OPERATIONAL,https://maps.google.com/?cid=7895816332528267673&g_mp=Cilnb29nbGUubWFwcy5wbGFjZXMudjEuUGxhY2VzLlNlYXJjaE5lYXJieRACGAQgAA,ChIJqdeJFrE9DTkRmTET4B6Tk20
Dr kritika Chopra - Eye Specialist in Gurgaon | Ophthalmologist | Cataract surgery | Glaucoma | Eye Doctor Gurgaon,doctor,doctor|health|point_of_interest|establishment,0124 271 0271,https://www.eka.care/doctor/dr-kritika-chopra-ophthalmologist-gurgaon,"Golf Course Ext Rd, The Close South, Sector 65, Gurugram, Haryana 122018, India",,,OPERATIONAL,https://maps.google.com/?cid=12829716540751524276&g_mp=Cilnb29nbGUubWFwcy5wbGFjZXMudjEuUGxhY2VzLlNlYXJjaE5lYXJieRACGAQgAA,ChIJ6xQEcpwjDTkRtLFyFDhPDLI
We-Vend Technologies,manufacturer,manufacturer|point_of_interest|supplier|establishment,095609 52227,https://we-vend.com/,"Alft F, Golf Course Ext Rd, Sector 65, Gurugram, Haryana 122018, India",3.3,14,OPERATIONAL,https://maps.google.com/?cid=7590936517155894730&g_mp=Cilnb29nbGUubWFwcy5wbGFjZXMudjEuUGxhY2VzLlNlYXJjaE5lYXJieRACGAQgAA,ChIJFRpBq9EjDTkRyjWeOYtsWGk
Apollo Fiege Integrated Logistics Pvt Ltd.,shipping_service,shipping_service|service|transportation_service|point_of_interest|establishment,,,"C35C+M7M, Sector 65, Gurugram, Haryana 122101, India",4.3,3,OPERATIONAL,https://maps.google.com/?cid=13908921314824863172&g_mp=Cilnb29nbGUubWFwcy5wbGFjZXMudjEuUGxhY2VzLlNlYXJjaE5lYXJieRACGAQgAA,ChIJ2Vh8KG8iDTkRxL3-Qj5qBsE
Creattive Workz,art_studio,art_studio|point_of_interest|establishment,,https://www.instagram.com/creattive_workz?igsh=aGo3aXowOTZrY2px,"The Close South, Sector 50, Gurugram, Haryana 122018, India",5,5,OPERATIONAL,https://maps.google.com/?cid=9978514018178095021&g_mp=Cilnb29nbGUubWFwcy5wbGFjZXMudjEuUGxhY2VzLlNlYXJjaE5lYXJieRACGAQgAA,ChIJxThdOEYjDTkRrdfCj6HNeoo
DietsnHerbs,consultant,consultant|service|health|point_of_interest|establishment,098117 00268,http://www.dietsnherbs.com/,"Tower 6, 122022, Nirvana Country, Sector 50, Gurugram, Haryana 122018, India",5,1,OPERATIONAL,https://maps.google.com/?cid=17572316145605069024&g_mp=Cilnb29nbGUubWFwcy5wbGFjZXMudjEuUGxhY2VzLlNlYXJjaE5lYXJieRACGAQgAA,ChIJI88CqW8iDTkR4Mimq25o3fM
G HOME,apartment_building,apartment_building|service|point_of_interest|establishment,,,"C369+JW4, Nirvana Country Rd, Pocket I, Nirvana Country, Sector 50, Gurugram, Haryana 122018, India",,,OPERATIONAL,https://maps.google.com/?cid=8299068355243401134&g_mp=Cilnb29nbGUubWFwcy5wbGFjZXMudjEuUGxhY2VzLlNlYXJjaE5lYXJieRACGAQgAA,ChIJeRD_CwAjDTkRrt_34LI2LHM
"701/7, The Close South",apartment_building,apartment_building|service|point_of_interest|establishment,,,"C369+HVM, The Close South, Sector 50, Gurugram, Haryana 122018, India",5,1,OPERATIONAL,https://maps.google.com/?cid=8884100387789160416&g_mp=Cilnb29nbGUubWFwcy5wbGFjZXMudjEuUGxhY2VzLlNlYXJjaE5lYXJieRACGAQgAA,ChIJs_l-iV8jDTkR4D8VkzuqSns
AIM2EXCEL,service,service|point_of_interest|establishment,099106 59815,http://aim2excel.in/,"Aspen Green, AG 7, Nirvana Country, Sector 50, Gurugram, Adampur, Haryana 122018, India",4.8,71,OPERATIONAL,https://maps.google.com/?cid=7539496260308263822&g_mp=Cilnb29nbGUubWFwcy5wbGFjZXMudjEuUGxhY2VzLlNlYXJjaE5lYXJieRACGAQgAA,ChIJBSd7d2IjDTkRjmMPHeeroWg
MakRads International,doctor,corporate_office|doctor|health|point_of_interest|establishment,095608 50066,,"323, Suncity Success Tower, Golf Course Ext Rd, Sector 65, Gurugram, Haryana 122101, India",4,2,OPERATIONAL,https://maps.google.com/?cid=12783136985251972886&g_mp=Cilnb29nbGUubWFwcy5wbGFjZXMudjEuUGxhY2VzLlNlYXJjaE5lYXJieRACGAQgAA,ChIJ2TEg0mgiDTkRFgcaMVzTZrE
ARC - Advanced Eye and Retina Centre,medical_clinic,medical_clinic|consultant|service|health|point_of_interest|establishment,093111 42877,https://www.arceyecentre.com/,"4th floor, B5, EBD-65, Golf Course Ext Rd, Sector 65, Gurugram, Haryana 122101, India",5,29,OPERATIONAL,https://maps.google.com/?cid=18115805133912224212&g_mp=Cilnb29nbGUubWFwcy5wbGFjZXMudjEuUGxhY2VzLlNlYXJjaE5lYXJieRACGAQgAA,ChIJ0b-vdBOQe6MR1DEJo8lEaPs
The Close South Tower 10,apartment_complex,apartment_complex|service|point_of_interest|establishment,,,"C369+FPW, Nirvana Country, Sector 50, Gurugram, Haryana 122018, India",,,OPERATIONAL,https://maps.google.com/?cid=3484150826335512195&g_mp=Cilnb29nbGUubWFwcy5wbGFjZXMudjEuUGxhY2VzLlNlYXJjaE5lYXJieRACGAQgAA,ChIJTyVSDgAjDTkRg6ace7cwWjA
"Dr sanyyam shorey Best injectables, wrinkles treatment & face lift",skin_care_clinic,skin_care_clinic|medical_clinic|health|point_of_interest|establishment,084480 78795,,"B5, Ebd 65, Golf Course Ext Rd, Sector 65, Gurugram, Haryana 122101, India",5,6,OPERATIONAL,https://maps.google.com/?cid=934776099654758627&g_mp=Cilnb29nbGUubWFwcy5wbGFjZXMudjEuUGxhY2VzLlNlYXJjaE5lYXJieRACGAQgAA,ChIJN38_YfYjDTkR43By9Oj9-Aw
Gurgaon Hernia & Piles Clinic,medical_clinic,medical_clinic|health|point_of_interest|establishment,099109 26147,http://www.gurgaonherniapilesclinic.com/,"Splendor Trade Tower, Golf Course Ext Rd, Sector 65, Gurugram, Haryana 122101, India",1,1,OPERATIONAL,https://maps.google.com/?cid=6979558234345422064&g_mp=Cilnb29nbGUubWFwcy5wbGFjZXMudjEuUGxhY2VzLlNlYXJjaE5lYXJieRACGAQgAA,ChIJWx9ipSsjDTkR8LxPHzxf3GA
Dr. Nigam’s Clinic- ENT Specialist in Gurgaon | Voice & Cochlear Implant Surgeon,doctor,doctor|health|point_of_interest|establishment,088008 95994,http://drnigamsclinic.com/,"125 , First Floor, Splendor Trade Tower, Golf Course Ext Rd, Sector 65, Gurugram, Haryana 122101, India",5,217,OPERATIONAL,https://maps.google.com/?cid=893732667379299515&g_mp=Cilnb29nbGUubWFwcy5wbGFjZXMudjEuUGxhY2VzLlNlYXJjaE5lYXJieRACGAQgAA,ChIJ_WDz7M4jDTkRuzROMyAtZww
Roshanlal,place_of_worship,place_of_worship|association_or_organization|point_of_interest|establishment,,,"C36F+8CQ, Sector 65, Gurugram, Haryana 122101, India",,,OPERATIONAL,https://maps.google.com/?cid=2513123565429075206&g_mp=Cilnb29nbGUubWFwcy5wbGFjZXMudjEuUGxhY2VzLlNlYXJjaE5lYXJieRACGAQgAA,ChIJ-VgVLgAjDTkRBi0QUpFo4CI
Splendor Trade Tower,corporate_office,corporate_office|point_of_interest|establishment,095827 95258,https://splendorgroup.net/splendor-trade-tower.html,"C36F+786, Golf Course Ext Rd, Sector 65, Gurugram, Haryana 122101, India",4.1,624,OPERATIONAL,https://maps.google.com/?cid=14948000298559328841&g_mp=Cilnb29nbGUubWFwcy5wbGFjZXMudjEuUGxhY2VzLlNlYXJjaE5lYXJieRACGAQgAA,ChIJFRRciG4iDTkRSdIP2hL3cc8
"IDFC FIRST Bank - Gurugram, Golf Course Extension Road Branch",bank,bank|finance|point_of_interest|establishment,1800 10888,https://nearme.idfcfirst.bank.in/idfc-first-bank/bank-and-atm-in-gurugram/bank-and-atm-in-Sector-65/idfc-first-bank-in-Sector-65-gurugram--1oe8OZ/home,"Ground Floor, Splender Trade Tower, Unit No 18A, Golf Course Ext Rd, nearby HP Petrol Pump, Sector 65, Gurugram, Haryana 122101, India",4,27,OPERATIONAL,https://maps.google.com/?cid=4525042214518270027&g_mp=Cilnb29nbGUubWFwcy5wbGFjZXMudjEuUGxhY2VzLlNlYXJjaE5lYXJieRACGAQgAA,ChIJo28xs50jDTkRSygCXustzD4
ZAIDI FURNITURE & SOFA REPAIR - sofa repair in Gurugram | sofa repair near me | sofa repair Gurugram sector 62,service,furniture_store|home_improvement_store|home_goods_store|service|store|point_of_interest|establishment,087551 61249,https://zaidifurniture.in/,"Shop No. 7, Golf Course Ext Rd, Sector 62, Gurugram, Haryana 122005, India",5,20,OPERATIONAL,https://maps.google.com/?cid=8296674880316967553&g_mp=Cilnb29nbGUubWFwcy5wbGFjZXMudjEuUGxhY2VzLlNlYXJjaE5lYXJieRACGAQgAA,ChIJswgmEbojDTkRgQozkti1I3M
ICICI BANK ATM,bank,bank|finance|point_of_interest|establishment,1800 1080,https://www.icicibank.com/,"Icici Bank Atm, Golf Course Ext Rd, Sector 62, Gurugram, Nangli Umarpur, Haryana 122102, India",,,OPERATIONAL,https://maps.google.com/?cid=13189775809023249005&g_mp=Cilnb29nbGUubWFwcy5wbGFjZXMudjEuUGxhY2VzLlNlYXJjaE5lYXJieRACGAQgAA,ChIJx_SKL_gjDTkRbQrfQzd_C7c
IDFC FIRST Bank ATM,atm,atm|finance|point_of_interest|establishment,1800 10888,https://nearme.idfcfirst.bank.in/idfc-first-bank/bank-and-atm-in-gurugram/bank-and-atm-in-Sector-65/idfc-first-bank-atm-in-Sector-65-gurugram--uri7lK/home,"Unit No 18A/B, Ground Floor, Splender Trade Tower, Golf Course Ext Rd, opposite Shree Swaminarayan Gurukul Vidyalaya, Sector 65, Gurugram, Haryana 122101, India",5,1,OPERATIONAL,https://maps.google.com/?cid=1192853744703443769&g_mp=Cilnb29nbGUubWFwcy5wbGFjZXMudjEuUGxhY2VzLlNlYXJjaE5lYXJieRACGAQgAA,ChIJe2hFFcwjDTkRORMLKinejRA
Big Builder Private Limited,,point_of_interest|establishment,098713 25777,,"Sector 65, Gurugram, Haryana 122101, India",5,5,OPERATIONAL,https://maps.google.com/?cid=12020908277074413408&g_mp=Cilnb29nbGUubWFwcy5wbGFjZXMudjEuUGxhY2VzLlNlYXJjaE5lYXJieRACGAQgAA,ChIJ6zRk54YjDTkRYMeSdGPY0qY
Agatti Masale,wholesaler,wholesaler|point_of_interest|establishment,,http://www.agatti.in/,"109, 1st Floor, Splendor Tower, Sector 58, Sector 65, Gurugram, Haryana 122098, India",5,1,OPERATIONAL,https://maps.google.com/?cid=16462614047478477515&g_mp=Cilnb29nbGUubWFwcy5wbGFjZXMudjEuUGxhY2VzLlNlYXJjaE5lYXJieRACGAQgAA,ChIJY3laAQAjDTkRy3JP5kD0duQ
Reliance Consumer Oroducts Ltd,corporate_office,corporate_office|point_of_interest|establishment,,,"Splendor Tower, Sector 65, Gurugram, Haryana 122101, India",,,OPERATIONAL,https://maps.google.com/?cid=12352753867610043825&g_mp=Cilnb29nbGUubWFwcy5wbGFjZXMudjEuUGxhY2VzLlNlYXJjaE5lYXJieRACGAQgAA,ChIJP_1mJAAjDTkRsbW65DHMbas
Reliance Gurgaon Office,corporate_office,corporate_office|point_of_interest|establishment,,,"C36F+77V, Sector 65, Gurugram, Haryana 122101, India",5,9,OPERATIONAL,https://maps.google.com/?cid=4703950899955369307&g_mp=Cilnb29nbGUubWFwcy5wbGFjZXMudjEuUGxhY2VzLlNlYXJjaE5lYXJieRACGAQgAA,ChIJle4VEHkjDTkRWwW4wGvKR0E
LA PIERRE,building_materials_store,building_materials_store|home_goods_store|store|point_of_interest|establishment,092125 56546,https://lapierre145.blogspot.com/,"SPLENDOR TRADE TOWER, SHP NO, 54 A, Golf Course Ext Rd, Sector 65, Gurugram, Haryana 122101, India",5,2,CLOSED_TEMPORARILY,https://maps.google.com/?cid=3559772906901021602&g_mp=Cilnb29nbGUubWFwcy5wbGFjZXMudjEuUGxhY2VzLlNlYXJjaE5lYXJieRACGAQgAA,ChIJlVuLl7kjDTkRoiPlLJnaZjE
SlayPay,corporate_office,corporate_office|point_of_interest|establishment,,http://slaypay.app/,"3rd Floor, Magnum Towers -2, Golf Course Ext Rd, Sector 58, Gurugram, Haryana 122101, India",3.7,11,OPERATIONAL,https://maps.google.com/?cid=7710977780959150672&g_mp=Cilnb29nbGUubWFwcy5wbGFjZXMudjEuUGxhY2VzLlNlYXJjaE5lYXJieRACGAQgAA,ChIJ78HO5CAjDTkRUAIA8W_lAms
RSIS International,,point_of_interest|establishment,0124 450 6063,http://rsisinternational.org/,"Tower B, Suncity Success Tower, Golf Course Ext Rd, Sector 65, Gurugram, Haryana 122101, India",5,6,OPERATIONAL,https://maps.google.com/?cid=12952217875636722780&g_mp=Cilnb29nbGUubWFwcy5wbGFjZXMudjEuUGxhY2VzLlNlYXJjaE5lYXJieRACGAQgAA,ChIJzVGYu5oiDTkRXJzKuoiFv7M
HDFC Securities - Shikohpur,finance,finance|point_of_interest|establishment,092402 37953,https://www.hdfcsec.com/,"next to Vatika India, Shikohpur, Sector 82A, Gurugram, Haryana 122101, India",,,OPERATIONAL,https://maps.google.com/?cid=15257783922667959788&g_mp=Cilnb29nbGUubWFwcy5wbGFjZXMudjEuUGxhY2VzLlNlYXJjaE5lYXJieRACGAQgAA,ChIJ2c30jb4jDTkR7DVKcqOJvtM
HDFC Bank,bank,bank|atm|finance|service|point_of_interest|establishment,1800 1601,https://www.hdfc.bank.in/branch-locator/haryana/gurugram/hdfcbank-branch-shikohpur,"next to Vatika India, Shikohpur, Sector 82A, Gurugram, Haryana 122101, India",2.4,35,OPERATIONAL,https://maps.google.com/?cid=5234685082596673049&g_mp=Cilnb29nbGUubWFwcy5wbGFjZXMudjEuUGxhY2VzLlNlYXJjaE5lYXJieRACGAQgAA,ChIJs5jbkOA8DTkRGQY2G1lWpUg
Max District,corporate_office,corporate_office|point_of_interest|establishment,095553 95222,https://maxestates.in/,"C36F+FJ, Emerald Hills Rd, Sector 65, Gurugram, Haryana 122102, India",5,2,OPERATIONAL,https://maps.google.com/?cid=6156149414788113893&g_mp=Cilnb29nbGUubWFwcy5wbGFjZXMudjEuUGxhY2VzLlNlYXJjaE5lYXJieRACGAQgAA,ChIJc84vRaAjDTkR5aWsrEYJb1U
MAA Sofa Repair & Sofa Manufacturing,service,manufacturer|furniture_store|home_improvement_store|home_goods_store|service|store|point_of_interest|establishment,088515 28106,https://maasofarepair3.website3.me/,"Shop no.72, Golf Course Ext Rd, Sector 62, Gurugram, Haryana 122005, India",5,1,OPERATIONAL,https://maps.google.com/?cid=1337622125282377458&g_mp=Cilnb29nbGUubWFwcy5wbGFjZXMudjEuUGxhY2VzLlNlYXJjaE5lYXJieRACGAQgAA,ChIJOU12TEgjDTkR8r4oZTwwkBI
Realestate with Ankit Swamy,real_estate_agency,real_estate_agency|service|point_of_interest|establishment,,,"NQS;JCHLE, Sector 65, Gurugram, Haryana 122001, India",,,OPERATIONAL,https://maps.google.com/?cid=3087769448953998742&g_mp=Cilnb29nbGUubWFwcy5wbGFjZXMudjEuUGxhY2VzLlNlYXJjaE5lYXJieRACGAQgAA,ChIJdarMLIUjDTkRlu00QfT12So
Wise Man Consulting,real_estate_agency,real_estate_agency|general_contractor|service|point_of_interest|establishment,,http://www.wisemanindia.com/,"1124, Lower Ground Floor, C-4, Golf Course Ext Rd, opposite DLF Summit, Phase - V, Sector 54, Sector 62, Gurugram, Haryana 122002, India",4,2,OPERATIONAL,https://maps.google.com/?cid=2296165337910299782&g_mp=Cilnb29nbGUubWFwcy5wbGFjZXMudjEuUGxhY2VzLlNlYXJjaE5lYXJieRACGAQgAA,ChIJdcR8ZGMfDTkRhky1jzWe3R8
ICFAI Business School (IBS) - Gurgaon,educational_institution,university|educational_institution|point_of_interest|establishment,,https://www.ibsindia.org/ibs-gurgaon/,"Jmd Empire, Golf Course Ext Rd, Sector 62, Gurugram, Haryana 122098, India",4.4,259,OPERATIONAL,https://maps.google.com/?cid=9803502869083031095&g_mp=Cilnb29nbGUubWFwcy5wbGFjZXMudjEuUGxhY2VzLlNlYXJjaE5lYXJieRACGAQgAA,ChIJ8Sxz2GUZDTkRN4Y3EusJDYg
Orange Circle Energy Pvt Ltd,point_of_interest,point_of_interest|establishment,,,"C35G+XVV, Sector 62, Nangli Umarpur, Gurugram, Haryana 122098, India",4.8,4,OPERATIONAL,https://maps.google.com/?cid=18255148380507217453&g_mp=Cilnb29nbGUubWFwcy5wbGFjZXMudjEuUGxhY2VzLlNlYXJjaE5lYXJieRACGAQgAA,ChIJR6vgawAjDTkRLR4ubrtQV_0
Radhe krishna restaurant,fast_food_restaurant,fast_food_restaurant|restaurant|food|point_of_interest|establishment,,,"Jmd Empire, Sector 62, Gurugram, Nangli Umarpur, Haryana 122098, India",,,CLOSED_TEMPORARILY,https://maps.google.com/?cid=9591468113572211818&g_mp=Cilnb29nbGUubWFwcy5wbGFjZXMudjEuUGxhY2VzLlNlYXJjaE5lYXJieRACGAQgAA,ChIJw8quaQAjDTkRaiz1d269G4U
JMD Empire,,point_of_interest|establishment,0124 463 6363,http://www.jmdgroup.in/,"Golf Course Extension Road, Sector 62 Nangli Umarpur, C35G+2C, Sector 62, Gurugram, Haryana 122098, India",4.2,232,OPERATIONAL,https://maps.google.com/?cid=16531942553035608198&g_mp=Cilnb29nbGUubWFwcy5wbGFjZXMudjEuUGxhY2VzLlNlYXJjaE5lYXJieRACGAQgAA,ChIJW_vUj2wiDTkRhhDaeClCbeU
Boombastic: Amusement & Trampoline Park Gurgaon - Birthday Party Places in Gurgaon,amusement_park,amusement_park|banquet_hall|bowling_alley|indoor_playground|playground|amusement_center|video_arcade|sports_complex|sports_activity_location|event_venue|point_of_interest|establishment,076691 57766,https://www.boombastic.in/,"Jmd Empire, Golf Course Ext Rd, Block C, Sector 62, Gurugram, Haryana 122102, India",4.7,856,OPERATIONAL,https://maps.google.com/?cid=11585647888273612973&g_mp=Cilnb29nbGUubWFwcy5wbGFjZXMudjEuUGxhY2VzLlNlYXJjaE5lYXJieRACGAQgAA,ChIJTbEGyJYjDTkRraBN-V59yKA
Boombastic superfun,amusement_park,amusement_park|point_of_interest|establishment,076696 07766,,"First floor, Jmd Empire, Golf Course Ext Rd, Block C, Sector 62, Gurugram, Haryana 122102, India",4.6,43,OPERATIONAL,https://maps.google.com/?cid=14855492266022902730&g_mp=Cilnb29nbGUubWFwcy5wbGFjZXMudjEuUGxhY2VzLlNlYXJjaE5lYXJieRACGAQgAA,ChIJ6wCnW_4jDTkRypvbF4JPKc4
Bikram saud,inn,inn|lodging|point_of_interest|establishment,,,"C35G+XVJ, Sector 62, Nangli Umarpur, Gurugram, Haryana 122098, India",,,OPERATIONAL,https://maps.google.com/?cid=7523500022049929408&g_mp=Cilnb29nbGUubWFwcy5wbGFjZXMudjEuUGxhY2VzLlNlYXJjaE5lYXJieRACGAQgAA,ChIJk4cqRQAjDTkRwPjtqWjXaGg
Danish Plastic,,point_of_interest|establishment,080762 80269,https://wa.me/message/VD4KCCCN32NAL1,"Back Side, Jmd Empire, Sector 62, Nangli Umarpur, Gurugram, Haryana 122098, India",5,3,OPERATIONAL,https://maps.google.com/?cid=16398218610062877779&g_mp=Cilnb29nbGUubWFwcy5wbGFjZXMudjEuUGxhY2VzLlNlYXJjaE5lYXJieRACGAQgAA,ChIJb4nTH2cjDTkRU2T_wfEskuM
Giftcart Ecommerce Private Limited,gift_shop,gift_shop|store|point_of_interest|establishment,099106 44899,https://www.giftcart.com/,"Block-D, Jmd Empire, 343-345, Golf Course Ext Rd, Sector 62, Gurugram, Haryana 122098, India",4.8,142,OPERATIONAL,https://maps.google.com/?cid=8521854617925552908&g_mp=Cilnb29nbGUubWFwcy5wbGFjZXMudjEuUGxhY2VzLlNlYXJjaE5lYXJieRACGAQgAA,ChIJ50a9TkcZDTkRDIv50J-1Q3Y
Rajesh kamal,association_or_organization,service|association_or_organization|point_of_interest|establishment,,,"Jmd Empire Block-D, Sector 62, Gurugram, Nangli Umarpur, Haryana 122098, India",3.3,3,OPERATIONAL,https://maps.google.com/?cid=15942452581109707435&g_mp=Cilnb29nbGUubWFwcy5wbGFjZXMudjEuUGxhY2VzLlNlYXJjaE5lYXJieRACGAQgAA,ChIJk8QVu8wjDTkRq7KN4Sf4Pt0
KGB OTO,market,market|auto_parts_store|car_repair|store|service|point_of_interest|establishment,,https://www.kgboto.co.in/,"C249, JMD Empire, Golf Course Ext Rd, Sector 52, Gurugram, Haryana 122098, India",,,CLOSED_TEMPORARILY,https://maps.google.com/?cid=3616762441810602607&g_mp=Cilnb29nbGUubWFwcy5wbGFjZXMudjEuUGxhY2VzLlNlYXJjaE5lYXJieRACGAQgAA,ChIJGTbvx08jDTkRb2oYRUdSMTI
GIFTI SKY Private Limited,corporate_office,corporate_office|gift_shop|store|service|point_of_interest|establishment,070151 52452,,"Plot No. 8, Nangli Umarpur, near Jmd Empire, Sector 62, Gurugram, Haryana 122098, India",4.8,20,OPERATIONAL,https://maps.google.com/?cid=17150901496794143586&g_mp=Cilnb29nbGUubWFwcy5wbGFjZXMudjEuUGxhY2VzLlNlYXJjaE5lYXJieRACGAQgAA,ChIJebNunAEjDTkRYlshvgo-BO4
Sunkonnect Advisory Services Pvt Ltd | Renewable Energy Consultant,service,consultant|service|point_of_interest|establishment,085689 13008,https://sunkonnect.co/,"3rd Floor, Jmd Empire, 301–305, Golf Course Ext Rd, Sector 62, Gurugram, Haryana 122018, India",3,2,OPERATIONAL,https://maps.google.com/?cid=10975351428672413155&g_mp=Cilnb29nbGUubWFwcy5wbGFjZXMudjEuUGxhY2VzLlNlYXJjaE5lYXJieRACGAQgAA,ChIJYaT4mqgjDTkR410Yd_lHUJg
Himanshi Nursery,farm,wholesaler|farm|service|point_of_interest|establishment,097608 85437,,"Golf Course Ext Rd, near Jmd Empire, Sector 62, Gurugram, Haryana 122098, India",,,CLOSED_TEMPORARILY,https://maps.google.com/?cid=15532775534233527974&g_mp=Cilnb29nbGUubWFwcy5wbGFjZXMudjEuUGxhY2VzLlNlYXJjaE5lYXJieRACGAQgAA,ChIJC-8-3RUjDTkRpibeXQ2Bj9c
Findmyacres,consultant,real_estate_agency|consultant|service|point_of_interest|establishment,,,"Jmd Empire, Sector 62, Gurugram, Haryana 122098, India",,,OPERATIONAL,https://maps.google.com/?cid=10230949481856702519&g_mp=Cilnb29nbGUubWFwcy5wbGFjZXMudjEuUGxhY2VzLlNlYXJjaE5lYXJieRACGAQgAA,ChIJB90JGgAjDTkRNxgJDVmi-40
RITIKA SQUARE,service,service|point_of_interest|establishment,,https://ritikasquare.com/,"3rd Floor, Jmd Empire, Unit No. 351, Sector 62, Gurugram, Haryana 122102, India",,,OPERATIONAL,https://maps.google.com/?cid=10478363716763456800&g_mp=Cilnb29nbGUubWFwcy5wbGFjZXMudjEuUGxhY2VzLlNlYXJjaE5lYXJieRACGAQgAA,ChIJIQSvrGH3vgIRIBUHnUigapE
The Band Nation ® - Best Wedding Band In Gurgaon,,point_of_interest|establishment,098183 44755,https://www.thebandnation.com/,"4th Floor, Jmd Empire, Golf Course Ext Rd, Sector 62, Gurugram, Haryana 122098, India",,,OPERATIONAL,https://maps.google.com/?cid=13741431859216565681&g_mp=Cilnb29nbGUubWFwcy5wbGFjZXMudjEuUGxhY2VzLlNlYXJjaE5lYXJieRACGAQgAA,ChIJ6zLGtuQjDTkRscXWgXhfs74
Frostrek AI,,manufacturer|service|point_of_interest|establishment,063999 99955,https://www.frostrek.ai/,"4th Floor, Jmd Empire, 455, Golf Course Ext Rd, Sector 62, Gurugram, Haryana 122102, India",5,6,OPERATIONAL,https://maps.google.com/?cid=16528156182865896169&g_mp=Cilnb29nbGUubWFwcy5wbGFjZXMudjEuUGxhY2VzLlNlYXJjaE5lYXJieRACGAQgAA,ChIJb3GmZj0jDTkR6eLld3rOX-U
AATAR ESS,corporate_office,corporate_office|point_of_interest|establishment,,,"3rd Floor, Block-D, Jmd Empire, 263, Golf Course Ext Rd, Sector 62, Gurugram, Nangli Umarpur, Haryana 122098, India",5,1,OPERATIONAL,https://maps.google.com/?cid=1336089007889250944&g_mp=Cilnb29nbGUubWFwcy5wbGFjZXMudjEuUGxhY2VzLlNlYXJjaE5lYXJieRACGAQgAA,ChIJe7RDSwAjDTkRgPqKr9-9ihI
Emaar New priject launch,housing_complex,housing_complex|service|point_of_interest|establishment,,https://www.emaargurgaonprojects.com/emaar-sector62-gurgaon/,"C36H+5H5, Sector 62, Nangli Umarpur, Gurugram, Haryana 122098, India",3,2,OPERATIONAL,https://maps.google.com/?cid=8717808911996278727&g_mp=Cilnb29nbGUubWFwcy5wbGFjZXMudjEuUGxhY2VzLlNlYXJjaE5lYXJieRACGAQgAA,ChIJ3cnKM3gjDTkRx9dFOwTh-3g
Qasmi clinic,hospital,hospital|health|service|point_of_interest|establishment,096678 18276,,"C36H+883, G M D, Sector 62, Gurugram, Haryana 122098, India",5,6,OPERATIONAL,https://maps.google.com/?cid=13937128723976318768&g_mp=Cilnb29nbGUubWFwcy5wbGFjZXMudjEuUGxhY2VzLlNlYXJjaE5lYXJieRACGAQgAA,ChIJ32EjegAjDTkRMG-AfbugasE
Azad Khan,playground,playground|point_of_interest|establishment,,,"C36H+57H, Sector 62, Nangli Umarpur, Gurugram, Haryana 122098, India",3,2,OPERATIONAL,https://maps.google.com/?cid=6393959119369783888&g_mp=Cilnb29nbGUubWFwcy5wbGFjZXMudjEuUGxhY2VzLlNlYXJjaE5lYXJieRACGAQgAA,ChIJz6QqRQAjDTkRUMpnQvHnu1g
hare krishna residence,lodging,lodging|point_of_interest|establishment,,,"Shop no. C-142, Golf Course Extension Road, Sector 62, Nangli Umarpur, Sector 62, Gurugram, Haryana 122098, India",4,2,OPERATIONAL,https://maps.google.com/?cid=4876817533580829653&g_mp=Cilnb29nbGUubWFwcy5wbGFjZXMudjEuUGxhY2VzLlNlYXJjaE5lYXJieRACGAQgAA,ChIJ7eMHejojDTkR1WN7U7XvrUM
Necessa Security & Integrated Services Pvt Ltd,service,service|point_of_interest|establishment,062075 23214,,"FF 137, TOWER C, JMD EMPIRE, Golf Course Ext Rd, Sector 62, Gurugram, Haryana 122098, India",4.2,6,OPERATIONAL,https://maps.google.com/?cid=18436563268091198133&g_mp=Cilnb29nbGUubWFwcy5wbGFjZXMudjEuUGxhY2VzLlNlYXJjaE5lYXJieRACGAQgAA,ChIJi939YZEjDTkRtTqXeZzU2_8
Roshni Mursery,garden,garden|point_of_interest|establishment,,,"C35H+M7G, Sector 62, Nangli Umarpur, Gurugram, Haryana 122098, India",,,CLOSED_TEMPORARILY,https://maps.google.com/?cid=12973831527827085927&g_mp=Cilnb29nbGUubWFwcy5wbGFjZXMudjEuUGxhY2VzLlNlYXJjaE5lYXJieRACGAQgAA,ChIJXw6I8j8jDTkRZ5rlRwlPDLQ
ANIl kumar,apartment_building,apartment_building|service|point_of_interest|establishment,,,"Plot No. 8, near Jmd Empire, Sector 62, Nangli Umarpur, Gurugram, Haryana 122098, India",,,OPERATIONAL,https://maps.google.com/?cid=12631483048194272440&g_mp=Cilnb29nbGUubWFwcy5wbGFjZXMudjEuUGxhY2VzLlNlYXJjaE5lYXJieRACGAQgAA,ChIJE9FiPwAjDTkRuOz8aegKTK8
NCC LABOUR CAMP,general_contractor,general_contractor|service|point_of_interest|establishment,,,"C36M+7XM, Sector 62, Gurugram, Haryana 122098, India",,,OPERATIONAL,https://maps.google.com/?cid=2910840917405955319&g_mp=Cilnb29nbGUubWFwcy5wbGFjZXMudjEuUGxhY2VzLlNlYXJjaE5lYXJieRACGAQgAA,ChIJG_rSLAAjDTkR93SnX2RiZSg
Autism Centre For Excellence,school,school|educational_institution|health|service|point_of_interest|establishment,088008 27797,http://www.ace-india.org/,"Gate 4, Heritage Xperiential Learning School, Sector 62, Gurugram, Haryana 122098, India",,,OPERATIONAL,https://maps.google.com/?cid=17594624644662482942&g_mp=Cilnb29nbGUubWFwcy5wbGFjZXMudjEuUGxhY2VzLlNlYXJjaE5lYXJieRACGAQgAA,ChIJEY_DOhEiDTkR_tdw3eSpLPQ
Dogstel - Best Dog Boarding | Dog Day Care,pet_boarding_service,pet_boarding_service|pet_care|point_of_interest|establishment,096676 96691,http://www.dogstel.in/,"gate no.4, CRPF Rd, opposite Heritage School, near Ullawas Market, Sector 62, Gurugram, Haryana 122098, India",5,56,CLOSED_TEMPORARILY,https://maps.google.com/?cid=3655673046893839833&g_mp=Cilnb29nbGUubWFwcy5wbGFjZXMudjEuUGxhY2VzLlNlYXJjaE5lYXJieRACGAQgAA,ChIJNaok3k8jDTkR2cUTf0SPuzI
Gurukool Kids,association_or_organization,association_or_organization|point_of_interest|establishment,098105 15082,https://www.gurukoolkids.org/,"Plot No. 7/22, CRPF Rd, near Rajesh Pilot Road, Chowk, Sector 62, Nangli Umarpur, Gurugram, Haryana 122098, India",4.8,52,OPERATIONAL,https://maps.google.com/?cid=831564549292174101&g_mp=Cilnb29nbGUubWFwcy5wbGFjZXMudjEuUGxhY2VzLlNlYXJjaE5lYXJieRACGAQgAA,ChIJmbxLInIjDTkRFSteQI1Pigs
Studio Casa,art_studio,art_studio|point_of_interest|establishment,098105 15082,https://studiocasa.in/,"Plot No. 7/22, CRPF Rd, near Rajesh Pilot Road, Chowk, Sector 62, Nangli Umarpur, Gurugram, Haryana 122098, India",5,22,OPERATIONAL,https://maps.google.com/?cid=1431568500286986074&g_mp=Cilnb29nbGUubWFwcy5wbGFjZXMudjEuUGxhY2VzLlNlYXJjaE5lYXJieRACGAQgAA,ChIJSzxOlR4jDTkRWpc-W_fz3RM
Winning tennis training center,school,sports_coaching|school|educational_institution|health|point_of_interest|establishment,,,"Sector 62, Gurugram, Haryana 122098, India",,,CLOSED_TEMPORARILY,https://maps.google.com/?cid=16114430622539697526&g_mp=Cilnb29nbGUubWFwcy5wbGFjZXMudjEuUGxhY2VzLlNlYXJjaE5lYXJieRACGAQgAA,ChIJh2cbKtQjDTkRds0n9kX1od8
EWS Block Pioneer Araya Presidia Sector 62,condominium_complex,condominium_complex|service|point_of_interest|establishment,,,"3rd, Floor EWS, Pioneer Araya Presidia, B-304, Sector 62, Gurugram, Haryana 122098, India",,,OPERATIONAL,https://maps.google.com/?cid=13357015805211219123&g_mp=Cilnb29nbGUubWFwcy5wbGFjZXMudjEuUGxhY2VzLlNlYXJjaE5lYXJieRACGAQgAA,ChIJ_2K_AQAjDTkRs5TkOBunXbk
Real Madrid Football Program - Gurgaon Sector 62 | Gurgaon's Leading Football Development Program,,sports_club|sports_school|association_or_organization|point_of_interest|establishment,088600 07341,https://www.frmindia.com/,"The Heritage, Xperiential Learning School Grounds, CRPF Rd, Sector 62, Gurugram, Haryana 122098, India",4.4,203,OPERATIONAL,https://maps.google.com/?cid=13463851984890543077&g_mp=Cilnb29nbGUubWFwcy5wbGFjZXMudjEuUGxhY2VzLlNlYXJjaE5lYXJieRACGAQgAA,ChIJBdfCTBciDTkR5bvWsws22bo
Heritage School Gate 2 Football Field,playground,playground|point_of_interest|establishment,,,"C36Q+384, Ullahawas, Sector 62, Gurugram, Haryana 122098, India",4.5,76,OPERATIONAL,https://maps.google.com/?cid=12093296997080321482&g_mp=Cilnb29nbGUubWFwcy5wbGFjZXMudjEuUGxhY2VzLlNlYXJjaE5lYXJieRACGAQgAA,ChIJR3Mev5EjDTkRyk1FuosF1Kc
B007,condominium_complex,condominium_complex|service|point_of_interest|establishment,,,"Araya Tower-1, Pioneer Presidia, Sector 62, Ghata, Gurugram, Haryana 122098, India",,,CLOSED_TEMPORARILY,https://maps.google.com/?cid=6075933738292617828&g_mp=Cilnb29nbGUubWFwcy5wbGFjZXMudjEuUGxhY2VzLlNlYXJjaE5lYXJieRACGAQgAA,ChIJFXybVAAjDTkRZCK-FYsNUlQ
Tanish Dzignz,general_contractor,general_contractor|service|point_of_interest|establishment,099710 73955,http://www.tanishdzignz.com/,"Ullahawas, Sector 62, Gurugram, Haryana 122098, India",4.4,14,OPERATIONAL,https://maps.google.com/?cid=10128901582671190201&g_mp=Cilnb29nbGUubWFwcy5wbGFjZXMudjEuUGxhY2VzLlNlYXJjaE5lYXJieRACGAQgAA,ChIJvSViE58jDTkRuRgCAFMWkYw
PENTHOUSE 01 Tower C,apartment_building,apartment_building|service|point_of_interest|establishment,,,"Pioneer Araya, C-3301, Sector 62, Gurugram, Ghata, Haryana 122098, India",5,1,OPERATIONAL,https://maps.google.com/?cid=2891844243749292913&g_mp=Cilnb29nbGUubWFwcy5wbGFjZXMudjEuUGxhY2VzLlNlYXJjaE5lYXJieRACGAQgAA,ChIJ4_sgbAAjDTkRcUtvngTlISg
HDFC Bank ATM,atm,atm|finance|point_of_interest|establishment,1800 1601,https://www.hdfc.bank.in/branch-locator/haryana/gurugram/hdfcbank-atm-pioneerarayasector62atm,"Ground Floor, Pioneer Araya, near Golf Course Extension Road, Sector 62, Gurugram, Haryana 122098, India",,,OPERATIONAL,https://maps.google.com/?cid=16512238532781355434&g_mp=Cilnb29nbGUubWFwcy5wbGFjZXMudjEuUGxhY2VzLlNlYXJjaE5lYXJieRACGAQgAA,ChIJZzBPlUUjDTkRqjHzwHVBJ-U
Pioneer Araya,association_or_organization,condominium_complex|service|association_or_organization|point_of_interest|establishment,,,"Rajesh Pilot Chowk, CRPF Rd, near Golf Course Extension Road, Sector 62, Gurugram, Haryana 122098, India",4.7,148,OPERATIONAL,https://maps.google.com/?cid=13785054068194277983&g_mp=Cilnb29nbGUubWFwcy5wbGFjZXMudjEuUGxhY2VzLlNlYXJjaE5lYXJieRACGAQgAA,ChIJKRlZrMsjDTkRX_pFgKNZTr8
SK Astrology and Vaastu Research Institute,astrologer,astrologer|point_of_interest|establishment,,,"Sector 62, Gurugram, Haryana 122098, India",,,OPERATIONAL,https://maps.google.com/?cid=16070771055669667213&g_mp=Cilnb29nbGUubWFwcy5wbGFjZXMudjEuUGxhY2VzLlNlYXJjaE5lYXJieRACGAQgAA,ChIJ_YRc2pcjDTkRjeXR5yDZBt8
Padel Court - Conscient Sports Arena,sports_activity_location,sports_activity_location|point_of_interest|establishment,088600 06629,https://www.conscientsports.com/,"Conscient Sports Arena, CRPF Rd, opp. Med Center, Sector 62, Gurugram, Haryana 122098, India",4.3,3,OPERATIONAL,https://maps.google.com/?cid=12126590634778167737&g_mp=Cilnb29nbGUubWFwcy5wbGFjZXMudjEuUGxhY2VzLlNlYXJjaE5lYXJieRACGAQgAA,ChIJEVmfz9YjDTkRuQmI0u5NSqg
Pure Aqua Ro Repair and Service,,point_of_interest|establishment,,,"Shop No.9, Pioneer Presidia, Ghata`, Sector 62, Gurugram, Haryana 122098, India",,,CLOSED_TEMPORARILY,https://maps.google.com/?cid=573243880822365669&g_mp=Cilnb29nbGUubWFwcy5wbGFjZXMudjEuUGxhY2VzLlNlYXJjaE5lYXJieRACGAQgAA,ChIJS-AjhewjDTkR5V0VvkWS9Ac
"Tower B, Pioneer Araya",apartment_building,apartment_building|service|point_of_interest|establishment,,,"C36Q+Q74, Sector 62, Gurugram, Haryana 122098, India",5,1,OPERATIONAL,https://maps.google.com/?cid=12522286319663946603&g_mp=Cilnb29nbGUubWFwcy5wbGFjZXMudjEuUGxhY2VzLlNlYXJjaE5lYXJieRACGAQgAA,ChIJW9l2vuYjDTkRa5tN0w8ZyK0
Conscient Sports Arena,sports_complex,sports_complex|sports_activity_location|point_of_interest|establishment,,https://conscientsports.com/,"Gate, No 2 & 4, Conscient Sports Arena, CRPF Rd, opp. Med Center, Sector 62, Gurugram, Haryana 122098, India",5,8,OPERATIONAL,https://maps.google.com/?cid=4601386232885087902&g_mp=Cilnb29nbGUubWFwcy5wbGFjZXMudjEuUGxhY2VzLlNlYXJjaE5lYXJieRACGAQgAA,ChIJUbWIUV0jDTkRng59TWZo2z8
Acharya Tulsi Meditation Center,gym,gym|school|educational_institution|sports_activity_location|point_of_interest|health|establishment,0124 285 5111,,"C36Q+5XM, Sector 62, Gurugram, Haryana 122098, India",5,1,OPERATIONAL,https://maps.google.com/?cid=16349010965452780667&g_mp=Cilnb29nbGUubWFwcy5wbGFjZXMudjEuUGxhY2VzLlNlYXJjaE5lYXJieRACGAQgAA,ChIJt3dnsxAiDTkRe3THMNpa4-I
"Conscient Sports Arena - Natural Ground, Gurgaon",sports_complex,sports_complex|sports_activity_location|point_of_interest|establishment,,https://www.conscientsports.com/,"Gate, No 2, Conscient Sports Arena, CRPF Rd, Sector 62, Gurugram, Haryana 122098, India",4.5,19,OPERATIONAL,https://maps.google.com/?cid=17470185518491497045&g_mp=Cilnb29nbGUubWFwcy5wbGFjZXMudjEuUGxhY2VzLlNlYXJjaE5lYXJieRACGAQgAA,ChIJtV50Wo8jDTkRVfLbBSuRcvI
Charcoal Eats - Ramji Market,restaurant,restaurant|food|point_of_interest|establishment,090225 00500,https://www.charcoaleats.com/,"Triumph Hyundai Showroom Golf, Shop No. 17 On First Floor, Ramji Market Gramin Bank, Ullahawas, Sector 61, Gurugram, Haryana 122101, India",1,1,OPERATIONAL,https://maps.google.com/?cid=10014002563547667367&g_mp=Cilnb29nbGUubWFwcy5wbGFjZXMudjEuUGxhY2VzLlNlYXJjaE5lYXJieRACGAQgAA,ChIJgwB23ukjDTkRpxscbEbi-Io
Levi's Exclusive Store,clothing_store,clothing_store|womens_clothing_store|point_of_interest|store|establishment,011 6909 6124,https://stores.levi.in/levi-s-exclusive-store-pacific-nsp-clothing-shop-netaji-subhash-place-new-delhi-368975/Home?utm_source=locator&utm_medium=googleplaces,"No SH/GF/03, Ground Floor, Pacific Mall, Corridor, Netaji Subhash Place, near MRTS Station, phase 3, DMRC, Sector 62, New Delhi, Gurugram, Delhi 122098, India",5,2,OPERATIONAL,https://maps.google.com/?cid=7993966809798775747&g_mp=Cilnb29nbGUubWFwcy5wbGFjZXMudjEuUGxhY2VzLlNlYXJjaE5lYXJieRACGAQgAA,ChIJW9leh6sjDTkRw5NRrHVG8G4
Conscient SOHO,community_center,community_center|event_venue|point_of_interest|service|establishment,,http://concientproject.com/,"C36Q+9QP, Sector 62, Gurugram, Ghata, Haryana 122098, India",,,OPERATIONAL,https://maps.google.com/?cid=2687028883401701359&g_mp=Cilnb29nbGUubWFwcy5wbGFjZXMudjEuUGxhY2VzLlNlYXJjaE5lYXJieRACGAQgAA,ChIJK5OqTAAjDTkR73dfcIg-SiU
Indoor Pickleball- Conscient Sports Arena,athletic_field,athletic_field|sports_activity_location|point_of_interest|establishment,,https://conscientsports.com/,"C36R+673, Sector 62, Gurugram, Haryana 122098, India",2.3,3,OPERATIONAL,https://maps.google.com/?cid=2049406566058451287&g_mp=Cilnb29nbGUubWFwcy5wbGFjZXMudjEuUGxhY2VzLlNlYXJjaE5lYXJieRACGAQgAA,ChIJp84TRgAjDTkRV2FE4mn0cBw
CoPlay | Conscient Gurgaon,athletic_field,athletic_field|sports_activity_location|point_of_interest|establishment,,https://hudle.in/venues/coplay-conscient-gurgaon/588186,"Gate, No 2, Conscient Sports Arena, CRPF Rd, Sector 62, Gurugram, Haryana 122098, India",5,1,OPERATIONAL,https://maps.google.com/?cid=12200364769532450431&g_mp=Cilnb29nbGUubWFwcy5wbGFjZXMudjEuUGxhY2VzLlNlYXJjaE5lYXJieRACGAQgAA,ChIJu7XdUHUjDTkRfxYsGh5nUKk
Delhi Capitals Cricket Academy - Gurugram,sports_club,sports_club|association_or_organization|point_of_interest|establishment,088600 68789,https://dccricketacademy.conscientsports.com/,"Gate No. 2, Conscient Sports, Meditation Center, opposite Heritage School, Sector 62, Gurugram, Haryana 122098, India",4.4,70,OPERATIONAL,https://maps.google.com/?cid=3021082863714731264&g_mp=Cilnb29nbGUubWFwcy5wbGFjZXMudjEuUGxhY2VzLlNlYXJjaE5lYXJieRACGAQgAA,ChIJfyq3-dYjDTkRAIW8sNsK7Sk
Pioneer Urban Sales Centre,,point_of_interest|establishment,,https://www.pioneerurban.in/,"C36Q+9QP, Sector 62, Gurugram, Haryana 122098, India",4.5,44,OPERATIONAL,https://maps.google.com/?cid=8188760896854986127&g_mp=Cilnb29nbGUubWFwcy5wbGFjZXMudjEuUGxhY2VzLlNlYXJjaE5lYXJieRACGAQgAA,ChIJc60UyBAiDTkRj42mV6ZSpHE
"Tower C, Pioneer Presidia",housing_complex,housing_complex|point_of_interest|service|establishment,,,"Tower C, Pioneer Presidia, Sector 62, Gurugram, Haryana 122098, India",4.8,4,OPERATIONAL,https://maps.google.com/?cid=12599923588779034427&g_mp=Cilnb29nbGUubWFwcy5wbGFjZXMudjEuUGxhY2VzLlNlYXJjaE5lYXJieRACGAQgAA,ChIJNZTXIk0jDTkRO0c9Kr_r264
Mirae Asset Sharekhan - Authorised Partner,finance,finance|point_of_interest|establishment,080 6417 1023,https://stockbroker-branch.sharekhan.com/mirae-asset-sharekhan-authorised-partner-phoenix-financial-services-iv-stock-broker-sector-62-gurugram-544984/Home?utm_source=locator&utm_medium=googleplaces,"No 306, Tower C, Sector 62, Gurugram, Haryana 122005, India",,,OPERATIONAL,https://maps.google.com/?cid=13161016181024469926&g_mp=Cilnb29nbGUubWFwcy5wbGFjZXMudjEuUGxhY2VzLlNlYXJjaE5lYXJieRACGAQgAA,ChIJldfNZvEjDTkRprMhkXxSpbY
Apollo Tyres - Manwans Tyre And Battery Store,tire_shop,tire_shop|auto_parts_store|car_repair|point_of_interest|store|service|establishment,079 4272 8805,https://store.apollotyres.com/apollo-tyres-manwans-tyre-and-battery-store-tyre-shop-sector-62-gurugram-247774/Home?utm_source=locator&utm_medium=googleplaces,"Shop No 6, CRPF Rd, Sector 62, Gurugram, Haryana 122098, India",4.8,19,OPERATIONAL,https://maps.google.com/?cid=4812599273640040537&g_mp=Cilnb29nbGUubWFwcy5wbGFjZXMudjEuUGxhY2VzLlNlYXJjaE5lYXJieRACGAQgAA,ChIJFdQZTlEjDTkRWRieh4rJyUI
Disha India Education Foundation,association_or_organization,association_or_organization|point_of_interest|establishment,098106 46129,https://www.dishaindiaeducation.org/,"Sector-62, opp. The Heritage School, Sector 62, Gurugram, Haryana 122098, India",4.7,9,OPERATIONAL,https://maps.google.com/?cid=1588754678477036438&g_mp=Cilnb29nbGUubWFwcy5wbGFjZXMudjEuUGxhY2VzLlNlYXJjaE5lYXJieRACGAQgAA,ChIJ405ufo4YDTkRlhvdZfZjDBY
National Battery House Luminous Inverter Battery Dealer in Gurgaon | Amaron Car Battery Dealer,,auto_parts_store|car_repair|wholesaler|point_of_interest|store|service|establishment,087507 23447,https://nationalbatteryhouse.in/,"Shop no.6, opposite Hyundai Service centre, Sector 62, Gurugram, Haryana 122098, India",4.9,205,OPERATIONAL,https://maps.google.com/?cid=4942072248046002549&g_mp=Cilnb29nbGUubWFwcy5wbGFjZXMudjEuUGxhY2VzLlNlYXJjaE5lYXJieRACGAQgAA,ChIJ9wL_4UkjDTkRdSEZf4bElUQ
Aquarist Design Studio – Custom Luxury Aquariums,pet_store,aquarium|pet_store|sports_complex|sports_activity_location|point_of_interest|store|establishment,088513 97778,https://aquarist.co.in/,"Unit no. 12, First Floor, Ramji market, near Bicycle Adda, Sector 62, Gurugram, Haryana 122098, India",4.6,227,OPERATIONAL,https://maps.google.com/?cid=12922083691723690190&g_mp=Cilnb29nbGUubWFwcy5wbGFjZXMudjEuUGxhY2VzLlNlYXJjaE5lYXJieRACGAQgAA,ChIJ_SwjVsgiDTkRzhAPS6d2VLM
72 SINGH DHABA,indian_restaurant,indian_restaurant|restaurant|food|point_of_interest|establishment,087459 00072,,"CRPF Rd, Sector 62, Gurugram, Haryana 122098, India",4.3,860,OPERATIONAL,https://maps.google.com/?cid=255787432997323765&g_mp=Cilnb29nbGUubWFwcy5wbGFjZXMudjEuUGxhY2VzLlNlYXJjaE5lYXJieRACGAQgAA,ChIJx6S_RDgjDTkR9YPQqVC9jAM
"Lakeside turf, Sector-62, Gurgaon",athletic_field,athletic_field|sports_activity_location|point_of_interest|establishment,097930 71320,,"C36R+7H4, Sector 62, Gurugram, Haryana 122098, India",4.3,115,OPERATIONAL,https://maps.google.com/?cid=4981302602853949212&g_mp=Cilnb29nbGUubWFwcy5wbGFjZXMudjEuUGxhY2VzLlNlYXJjaE5lYXJieRACGAQgAA,ChIJ4ZoLgPMjDTkRHJ_WQVMkIUU
Bicycle Adda - One-stop Bicycle Shop in Gurgaon,bicycle_store,bicycle_store|sporting_goods_store|point_of_interest|store|manufacturer|establishment,098212 13716,http://bicycleadda.com/,"Shop no. 1-3, Bicycle Adda Ramji market, CRPF Rd, near Urban Akhara, Sector 62, Gurugram, Haryana 122098, India",4.9,997,OPERATIONAL,https://maps.google.com/?cid=11060976080516690276&g_mp=Cilnb29nbGUubWFwcy5wbGFjZXMudjEuUGxhY2VzLlNlYXJjaE5lYXJieRACGAQgAA,ChIJPYaWOi0jDTkRZDFKRCR7gJk
Utsav Foods,food,food|point_of_interest|establishment,098102 83298,https://www.facebook.com/share/19U2ciW6j8/,"1101, Tower A, PIONEER PARK, opp. Zomato Corporate office, Baharampur Naya, Sector 61, Gurugram, Haryana 122098, India",5,5,OPERATIONAL,https://maps.google.com/?cid=6032057657176110721&g_mp=Cilnb29nbGUubWFwcy5wbGFjZXMudjEuUGxhY2VzLlNlYXJjaE5lYXJieRACGAQgAA,ChIJjQRvSNMjDTkRgTao4HostlM
Mithlesh Bartan Bhandar,hardware_store,hardware_store|building_materials_store|store|point_of_interest|establishment,075496 01730,,"Mithlesh Bartan Bhandar, near Sabji Mandi, Baharampur Naya, Ullaabhas, Gurugram, Haryana 122098, India",5,1,OPERATIONAL,https://maps.google.com/?cid=4863533548741407785&g_mp=Cilnb29nbGUubWFwcy5wbGFjZXMudjEuUGxhY2VzLlNlYXJjaE5lYXJieRACGAQgAA,ChIJr084vnsjDTkRKTTtlf69fkM
Synergy Interior Designer,general_contractor,general_contractor|consultant|service|point_of_interest|establishment,097117 40786,,"Main, CRPF Camp Road, Baharampur Naya, Sector 61, Ullawas, Gurugram, Haryana 122098, India",5,23,OPERATIONAL,https://maps.google.com/?cid=16475850393968620155&g_mp=Cilnb29nbGUubWFwcy5wbGFjZXMudjEuUGxhY2VzLlNlYXJjaE5lYXJieRACGAQgAA,ChIJyVSnVp0jDTkRe7L6-KP6peQ
Sunil Hair Cutting Saloon,hair_salon,hair_salon|hair_care|service|point_of_interest|establishment,070415 48234,,"Ullawas Bihari Mandi, Shop No 04, Baharampur Naya, Sector 61, Ghamroj, Gurugram, Haryana 122098, India",,,OPERATIONAL,https://maps.google.com/?cid=513031872622918037&g_mp=Cilnb29nbGUubWFwcy5wbGFjZXMudjEuUGxhY2VzLlNlYXJjaE5lYXJieRACGAQgAA,ChIJXWmdlbUjDTkRlXkkHsWnHgc
J.K. Communication,service,service|point_of_interest|establishment,088252 51673,,"34 Bihari Market Ullawas, Baharampur Naya, Sector 62, Gurugram, Haryana 122098, India",5,1,OPERATIONAL,https://maps.google.com/?cid=16200291320195521654&g_mp=Cilnb29nbGUubWFwcy5wbGFjZXMudjEuUGxhY2VzLlNlYXJjaE5lYXJieRACGAQgAA,ChIJb-SXZ-gjDTkRdhwZdh__0uA
Sri Laxmi Garments,clothing_store,clothing_store|store|point_of_interest|establishment,084050 09585,,"Shop No 001, Bihari Mandi, Ullahawas, Baharampur Naya, Sector 61, Gurugram, Haryana 122098, India",5,2,OPERATIONAL,https://maps.google.com/?cid=9979103507475669553&g_mp=Cilnb29nbGUubWFwcy5wbGFjZXMudjEuUGxhY2VzLlNlYXJjaE5lYXJieRACGAQgAA,ChIJb4roVgYjDTkRMSLxu8TlfIo
Asha Shop,clothing_store,clothing_store|store|point_of_interest|establishment,074280 17351,,"Asha Shop, Sabji Mandi, Ullahawas, Baharampur Naya, Sector 62, Gurugram, Haryana 122098, India",,,CLOSED_TEMPORARILY,https://maps.google.com/?cid=11861668535801406004&g_mp=Cilnb29nbGUubWFwcy5wbGFjZXMudjEuUGxhY2VzLlNlYXJjaE5lYXJieRACGAQgAA,ChIJtS18kV8jDTkRNOLe_68cnaQ
Sneha communication,,point_of_interest|establishment,088005 84790,,"Ullahawas, Baharampur Naya, Sector 61, Gurugram, Haryana 122001, India",,,OPERATIONAL,https://maps.google.com/?cid=13058220158304663399&g_mp=Cilnb29nbGUubWFwcy5wbGFjZXMudjEuUGxhY2VzLlNlYXJjaE5lYXJieRACGAQgAA,ChIJ4_V9jBkiDTkRZzeYbgweOLU
swapanpatra,auto_parts_store,auto_parts_store|car_repair|store|service|point_of_interest|establishment,,,"C35V+W4V, Baharampur Naya, Sector 61, Gurugram, Haryana 122098, India",,,OPERATIONAL,https://maps.google.com/?cid=11803143109038499896&g_mp=Cilnb29nbGUubWFwcy5wbGFjZXMudjEuUGxhY2VzLlNlYXJjaE5lYXJieRACGAQgAA,ChIJiRHfGwAjDTkROOhWNx8wzaM
Baba telecom,service,service|point_of_interest|establishment,,,"C36V+323 Sabji Mandi, Ullawas Dhani Rd, Baharampur Naya, Sector 62, Gurugram, Haryana 122098, India",,,OPERATIONAL,https://maps.google.com/?cid=10844781153964592517&g_mp=Cilnb29nbGUubWFwcy5wbGFjZXMudjEuUGxhY2VzLlNlYXJjaE5lYXJieRACGAQgAA,ChIJtfc1HAAjDTkRhQ3pXABngJY
Barun garments,place_of_worship,place_of_worship|association_or_organization|point_of_interest|establishment,,,"C36V+62C, CRPF Rd, Ullahawas, Baharampur Naya, Sector 61, Gurugram, Haryana 122098, India",5,1,OPERATIONAL,https://maps.google.com/?cid=12222928995572420902&g_mp=Cilnb29nbGUubWFwcy5wbGFjZXMudjEuUGxhY2VzLlNlYXJjaE5lYXJieRACGAQgAA,ChIJ-QGKsfcjDTkRJpHqXymRoKk
Urban sports cricket ground,athletic_field,athletic_field|sports_activity_location|point_of_interest|establishment,,,"C35V+XJH, Ullahawas, Baharampur Naya, Sector 61, Gurugram, Haryana 122098, India",4,10,OPERATIONAL,https://maps.google.com/?cid=12125409017223079966&g_mp=Cilnb29nbGUubWFwcy5wbGFjZXMudjEuUGxhY2VzLlNlYXJjaE5lYXJieRACGAQgAA,ChIJfcHS6A0jDTkRHmjmC0IbRqg
Arvind Raj Fruit Sentar,food_store,food_store|store|food|point_of_interest|establishment,076781 64025,,"C36R+4XM, Baharampur Naya, Sector 61, Gurugram, Haryana 122098, India",5,2,OPERATIONAL,https://maps.google.com/?cid=6797540547177898617&g_mp=Cilnb29nbGUubWFwcy5wbGFjZXMudjEuUGxhY2VzLlNlYXJjaE5lYXJieRACGAQgAA,ChIJZQhXFVsjDTkReWLa3By3VV4
Parvanii,indian_restaurant,indian_restaurant|restaurant|food|point_of_interest|establishment,095835 13344,https://www.parvanii.com/,"Shop No 14, 15, 1st Floor, Ullawas Ramji Market, Baharampur Naya, Sector 61, Gurugram, Haryana 122101, India",3.8,17,OPERATIONAL,https://maps.google.com/?cid=14561505087801260949&g_mp=Cilnb29nbGUubWFwcy5wbGFjZXMudjEuUGxhY2VzLlNlYXJjaE5lYXJieRACGAQgAA,ChIJf5Z_HgkjDTkRlftvKbrbFMo
"Champ Maid Agency- Full time maid, Japa maid, Cook, Baby Care",employment_agency,employment_agency|service|point_of_interest|establishment,,,"C36R+5XC, CRPF Rd, Ullahawas, Baharampur Naya, Sector 61, Gurugram, Haryana 122098, India",,,OPERATIONAL,https://maps.google.com/?cid=3754313676415594351&g_mp=Cilnb29nbGUubWFwcy5wbGFjZXMudjEuUGxhY2VzLlNlYXJjaE5lYXJieRACGAQgAA,ChIJiWQ77bojDTkRb28kwmUAGjQ
GYAN AQUARIUM & PET SHOP,pet_store,aquarium|pet_store|pet_care|store|point_of_interest|establishment,099717 63325,,"Shop no 15, 1st floor, Ram ji market, near Pioneer park ulawas, Baharampur Naya, Sector 61, Gurugram, Haryana 122011, India",4.8,131,OPERATIONAL,https://maps.google.com/?cid=10499870852215234234&g_mp=Cilnb29nbGUubWFwcy5wbGFjZXMudjEuUGxhY2VzLlNlYXJjaE5lYXJieRACGAQgAA,ChIJObhE-1kjDTkRul7EzegIt5E
Om Shiv Genral Store,general_store,general_store|food_store|store|food|point_of_interest|establishment,099534 50488,,"Ullawas, Sec61, Shop No. 1, Baharampur Naya, Sector 61, Gurugram, Haryana 122098, India",3.4,5,OPERATIONAL,https://maps.google.com/?cid=12499605857213249294&g_mp=Cilnb29nbGUubWFwcy5wbGFjZXMudjEuUGxhY2VzLlNlYXJjaE5lYXJieRACGAQgAA,ChIJ1fNqjRkiDTkRDneWJ02Fd60
Kishor Hair Cut Saloon,hair_salon,hair_salon|hair_care|service|point_of_interest|establishment,084489 31489,,"Shop No 12, Ullahawas, Baharampur Naya, Sector 61, Gurugram, Haryana 122098, India",5,2,CLOSED_TEMPORARILY,https://maps.google.com/?cid=7521109910241441025&g_mp=Cilnb29nbGUubWFwcy5wbGFjZXMudjEuUGxhY2VzLlNlYXJjaE5lYXJieRACGAQgAA,ChIJm6hcBdUjDTkRAXWcZJ1ZYGg
Cars & Craft Cafe -Best Kids Play zone in Gurgaon | Pottery Classes,cafe,cafe|educational_institution|service|food|point_of_interest|establishment,098711 75867,,"Sports 18, behind Pioneer Park, Ullahawas, Baharampur Naya, Sector 61, Gurugram, Haryana 122001, India",3.7,3,OPERATIONAL,https://maps.google.com/?cid=17958408894164064507&g_mp=Cilnb29nbGUubWFwcy5wbGFjZXMudjEuUGxhY2VzLlNlYXJjaE5lYXJieRACGAQgAA,ChIJd4fDtn4jDTkR-1jd070VOfk
Hair Patch Centre,medical_clinic,hair_care|medical_clinic|health|point_of_interest|establishment,089201 99846,https://sites.google.com/view/hairpatchcentre,"Shop No.16, 1st floor, Ram ji Market, near Pioneer Park Drive, Ulawas, Sector 61, Gurugram, Haryana 122098, India",5,109,OPERATIONAL,https://maps.google.com/?cid=12459239200582322512&g_mp=Cilnb29nbGUubWFwcy5wbGFjZXMudjEuUGxhY2VzLlNlYXJjaE5lYXJieRACGAQgAA,ChIJq6nEuIsjDTkRUMlUggoc6Kw
E-23,apartment_building,apartment_building|service|point_of_interest|establishment,,,"E23, Nirvana Country, Sector 50, Gurugram, Haryana 122018, India",,,OPERATIONAL,https://maps.google.com/?cid=14646723935916362703&g_mp=Cilnb29nbGUubWFwcy5wbGFjZXMudjEuUGxhY2VzLlNlYXJjaE5lYXJieRACGAQgAA,ChIJsd2RfgAjDTkRz4uBa9GdQ8s
E-26 Gulshan Properties,service,service|point_of_interest|establishment,099901 99389,,"Gulshan Properties, E-26, Half Moon St, Rosewood City, Sector 50, Gurugram, Haryana 122018, India",3.8,21,OPERATIONAL,https://maps.google.com/?cid=3946284705744831826&g_mp=Cilnb29nbGUubWFwcy5wbGFjZXMudjEuUGxhY2VzLlNlYXJjaE5lYXJieRACGAQgAA,ChIJl2p5NWMiDTkRUkV6FAgFxDY
E23 Rosewood city,apartment_complex,apartment_complex|service|point_of_interest|establishment,,,"E23, Nirvana Country, Sector 50, Gurugram, Haryana 122018, India",,,OPERATIONAL,https://maps.google.com/?cid=12824620743063851058&g_mp=Cilnb29nbGUubWFwcy5wbGFjZXMudjEuUGxhY2VzLlNlYXJjaE5lYXJieRACGAQgAA,ChIJE_hxaAAjDTkRMlBtOZ40-rE
Redha,association_or_organization,association_or_organization|service|point_of_interest|establishment,,,"210, Deerwood Chase, Nirvana Country, Sector 50, Gurugram, Haryana 122018, India",,,OPERATIONAL,https://maps.google.com/?cid=3143048585759765664&g_mp=Cilnb29nbGUubWFwcy5wbGFjZXMudjEuUGxhY2VzLlNlYXJjaE5lYXJieRACGAQgAA,ChIJbUN3DwAjDTkRoDQBQglanis
D-200,apartment_building,apartment_building|service|point_of_interest|establishment,,,"C376+859, Rosewood City Rd, Rosewood City, Nirvana Country, Sector 50, Gurugram, Haryana 122018, India",,,OPERATIONAL,https://maps.google.com/?cid=14865867522479154211&g_mp=Cilnb29nbGUubWFwcy5wbGFjZXMudjEuUGxhY2VzLlNlYXJjaE5lYXJieRACGAQgAA,ChIJYxZOBAAjDTkRI-Riu78rTs4
"D-200, Northend Street, Rosewood City-D block",apartment_building,apartment_building|service|point_of_interest|establishment,,,"D Block, Rosewood City, D-200, Rosewood City Rd, Sector 50, Adampur, Gurugram, Haryana 122018, India",,,OPERATIONAL,https://maps.google.com/?cid=3099935470657796228&g_mp=Cilnb29nbGUubWFwcy5wbGFjZXMudjEuUGxhY2VzLlNlYXJjaE5lYXJieRACGAQgAA,ChIJI_5lIQAjDTkRhPgw6-IuBSs
Resonate Psychological And wellness Services,medical_clinic,medical_clinic|service|health|point_of_interest|establishment,088102 80142,,"first floor, 205, Deerwood Chase, Nirvana Country, Sector 50, Gurugram, Haryana 122018, India",4.8,19,OPERATIONAL,https://maps.google.com/?cid=10139830789042876797&g_mp=Cilnb29nbGUubWFwcy5wbGFjZXMudjEuUGxhY2VzLlNlYXJjaE5lYXJieRACGAQgAA,ChIJaW89ApgjDTkRfTF4J2Hqt4w
Mukul Malik (Starwood),association_or_organization,association_or_organization|service|point_of_interest|establishment,,,"122018, Sector 50, Gurugram, Haryana 122018, India",4.2,5,OPERATIONAL,https://maps.google.com/?cid=13377726178669509431&g_mp=Cilnb29nbGUubWFwcy5wbGFjZXMudjEuUGxhY2VzLlNlYXJjaE5lYXJieRACGAQgAA,ChIJh5X6jL8jDTkRNzsKzhQ7p7k
Rewire Music Academy,educational_institution,educational_institution|service|point_of_interest|establishment,097737 25122,https://www.rewiremusicacademy.com/,"E-27, Rosewood City Rd, Sector 50, Gurugram, Haryana 122018, India",5,119,OPERATIONAL,https://maps.google.com/?cid=17658805245020113001&g_mp=Cilnb29nbGUubWFwcy5wbGFjZXMudjEuUGxhY2VzLlNlYXJjaE5lYXJieRACGAQgAA,ChIJVb6ugZjxDDkRaYg6W8-tEPU
"189 Deerwood Chase Nirvana Country,Sector 50,Gurgaon",real_estate_agency,real_estate_agency|service|point_of_interest|establishment,092112 11100,,"189 Deerwood Chase, Nirvana Country, Sector 50, Nirvana Country, Sector 50, Gurugram, Haryana 122018, India",4,5,CLOSED_TEMPORARILY,https://maps.google.com/?cid=9371238202970368400&g_mp=Cilnb29nbGUubWFwcy5wbGFjZXMudjEuUGxhY2VzLlNlYXJjaE5lYXJieRACGAQgAA,ChIJAQAAQGUiDTkRkGmeoX5TDYI
Deerwood Chase 307,apartment_complex,apartment_complex|service|point_of_interest|establishment,098185 56667,,"C376+8C6, Nirvana Country, Sector 50, Gurugram, Haryana 122018, India",4.5,117,OPERATIONAL,https://maps.google.com/?cid=5449957929571181240&g_mp=Cilnb29nbGUubWFwcy5wbGFjZXMudjEuUGxhY2VzLlNlYXJjaE5lYXJieRACGAQgAA,ChIJVwerDnsiDTkRuOLpoNwjoks
Deerwood Chase Commons,park,park|point_of_interest|establishment,,,"Deerwood Chase Nirvana Country Gurgaon, Nirvana Central Rd, South City II, Sector 50, Adampur, Gurugram, Haryana 122018, India",3.8,5,OPERATIONAL,https://maps.google.com/?cid=9905170895150309450&g_mp=Cilnb29nbGUubWFwcy5wbGFjZXMudjEuUGxhY2VzLlNlYXJjaE5lYXJieRACGAQgAA,ChIJFRm1tHwiDTkRSuD4BHM8dok
sandeep prasad,apartment_building,apartment_building|service|point_of_interest|establishment,,,"E-46, E block, Rosewood City Rd, Sector 49, Gurugram, Haryana 122018, India",,,OPERATIONAL,https://maps.google.com/?cid=8937122307022710905&g_mp=Cilnb29nbGUubWFwcy5wbGFjZXMudjEuUGxhY2VzLlNlYXJjaE5lYXJieRACGAQgAA,ChIJB52Xfm0jDTkReehOKGMJB3w
Guidopia Edtech Private Limited,university,university|educational_institution|point_of_interest|establishment,099588 07926,http://www.guidopia.com/,"D-195, Rosewood City Rd, Sector 50, Gurugram, Haryana 122018, India",5,2,OPERATIONAL,https://maps.google.com/?cid=4661443497695589705&g_mp=Cilnb29nbGUubWFwcy5wbGFjZXMudjEuUGxhY2VzLlNlYXJjaE5lYXJieRACGAQgAA,ChIJnfVM-9sjDTkRSTWz7CnGsEA
E-46 Rosewood City Sector 50,condominium_complex,condominium_complex|service|point_of_interest|establishment,,,"Gulshan Properties, E-26, Half Moon St, Rosewood City, Sector 50, Gurugram, Haryana 122018, India",,,OPERATIONAL,https://maps.google.com/?cid=13842050135663257716&g_mp=Cilnb29nbGUubWFwcy5wbGFjZXMudjEuUGxhY2VzLlNlYXJjaE5lYXJieRACGAQgAA,ChIJG9lcSAAjDTkRdChbk0LXGMA
Fat2fitcurves By Nutritionist Nikita Oswal,consultant,consultant|service|health|point_of_interest|establishment,092121 22557,http://www.fat2fitcurves.co.in/,"C Block, C 68, Rosewood City, Sector 49, Gurugram, Haryana 122018, India",4.8,133,OPERATIONAL,https://maps.google.com/?cid=13007302837810538995&g_mp=Cilnb29nbGUubWFwcy5wbGFjZXMudjEuUGxhY2VzLlNlYXJjaE5lYXJieRACGAQgAA,ChIJge9MvwcjDTkR86mg7QM5g7Q
Rendezvous With English & French,educational_institution,educational_institution|point_of_interest|establishment,,,"Vipul World, A-179, Sohna - Gurgaon Rd, near G D Goenka Public School, Sector 48, Gurugram, Haryana 122018, India",,,CLOSED_TEMPORARILY,https://maps.google.com/?cid=13377680911520621639&g_mp=Cilnb29nbGUubWFwcy5wbGFjZXMudjEuUGxhY2VzLlNlYXJjaE5lYXJieRACGAQgAA,ChIJVwkRTGMiDTkRR-S1OekRp7k
S S Audio Visual Systems,store,store|point_of_interest|establishment,,,"Building No. 38/5, near by Galaxy Hotel, Sector 15 Part 2, Sector 15, Gurugram, Haryana 122018, India",,,CLOSED_TEMPORARILY,https://maps.google.com/?cid=11114717494708738030&g_mp=Cilnb29nbGUubWFwcy5wbGFjZXMudjEuUGxhY2VzLlNlYXJjaE5lYXJieRACGAQgAA,ChIJ55yGTmMiDTkR7hfvUqxoP5o
Vishal Ka Ghar,apartment_building,apartment_building|service|point_of_interest|establishment,,,"E-48, Rosewood City Rd, Sector 50, Gurugram, Haryana 122018, India",4.5,2,OPERATIONAL,https://maps.google.com/?cid=16028356482775049506&g_mp=Cilnb29nbGUubWFwcy5wbGFjZXMudjEuUGxhY2VzLlNlYXJjaE5lYXJieRACGAQgAA,ChIJt62EdwAjDTkRIuUimUwpcN4
Vanshika Dua's,apartment_building,apartment_building|service|point_of_interest|establishment,,,"HARMONY TOWERS, Nirvana Country, Sector 50, Gurugram, Haryana 122018, India",3,1,OPERATIONAL,https://maps.google.com/?cid=8941853778639423650&g_mp=Cilnb29nbGUubWFwcy5wbGFjZXMudjEuUGxhY2VzLlNlYXJjaE5lYXJieRACGAQgAA,ChIJSW4eMAAjDTkRoohJvaLYF3w
Guri’s,housing_complex,housing_complex|point_of_interest|service|establishment,,,"331, Espace, Nirvana Country, Sector 50, Gurugram, Haryana 122018, India",,,OPERATIONAL,https://maps.google.com/?cid=16881111404015437642&g_mp=Cilnb29nbGUubWFwcy5wbGFjZXMudjEuUGxhY2VzLlNlYXJjaE5lYXJieRACGAQgAA,ChIJHzERZwAjDTkRSsciymHBReo
New Chapter Society,association_or_organization,association_or_organization|point_of_interest|service|establishment,078383 86588,,"366, Espace, Nirvana Country, Sector 50, Gurugram, Haryana 122018, India",4,2,OPERATIONAL,https://maps.google.com/?cid=12976304688629409627&g_mp=Cilnb29nbGUubWFwcy5wbGFjZXMudjEuUGxhY2VzLlNlYXJjaE5lYXJieRACGAQgAA,ChIJl5phy2QiDTkRW-f95lwYFbQ
Home,association_or_organization,association_or_organization|point_of_interest|service|establishment,,,"323, Espace, Nirvana Country, Sector 50, Gurugram, Haryana 122018, India",,,OPERATIONAL,https://maps.google.com/?cid=14421106661423090477&g_mp=Cilnb29nbGUubWFwcy5wbGFjZXMudjEuUGxhY2VzLlNlYXJjaE5lYXJieRACGAQgAA,ChIJ6bJgwBgjDTkRLYskLhoQIsg
Bella Mente Preschool Sector 50 | Preschool & Daycare - Nirvana Country,preschool,preschool|child_care_agency|school|educational_institution|point_of_interest|service|establishment,085860 00196,http://bellamenteschools.com/,"NS4, Deerwood, Espace, Nirvana Country, Sector 50, Gurugram, Haryana 122018, India",4.8,124,OPERATIONAL,https://maps.google.com/?cid=5128414823060929021&g_mp=Cilnb29nbGUubWFwcy5wbGFjZXMudjEuUGxhY2VzLlNlYXJjaE5lYXJieRACGAQgAA,ChIJbXSc3XwiDTkR_flkLRzKK0c
Lifestream Family Healthcare Clinic,medical_clinic,medical_clinic|health|point_of_interest|establishment,098114 56629,,"C377+9C2, Nirvana Country, Sector 50, Gurugram, Haryana 122018, India",5,2,OPERATIONAL,https://maps.google.com/?cid=6460846680623009114&g_mp=Cilnb29nbGUubWFwcy5wbGFjZXMudjEuUGxhY2VzLlNlYXJjaE5lYXJieRACGAQgAA,ChIJ3RgItWQiDTkRWs3LMtOJqVk
"358, E-Space, Nirvana Country",corporate_office,corporate_office|point_of_interest|establishment,,,"358, Espace, Nirvana Country, Sector 50, Gurugram, Haryana 122018, India",3,1,OPERATIONAL,https://maps.google.com/?cid=1228511643478918692&g_mp=Cilnb29nbGUubWFwcy5wbGFjZXMudjEuUGxhY2VzLlNlYXJjaE5lYXJieRACGAQgAA,ChIJkfVmwPMjDTkRJAb-r9SMDBE
The Hg Classes,,point_of_interest|establishment,095996 97178,https://www.thehgclasses.co.in/,"NS 10 (Basement, Espace, Nirvana Country, Sector 50, Gurugram, Haryana 122018, India",4.9,17,OPERATIONAL,https://maps.google.com/?cid=1797538523306036534&g_mp=Cilnb29nbGUubWFwcy5wbGFjZXMudjEuUGxhY2VzLlNlYXJjaE5lYXJieRACGAQgAA,ChIJvepvxI0jDTkRNo28X8Mj8hg
245 Espace,housing_complex,housing_complex|point_of_interest|service|establishment,,,"245, Espace, Nirvana Country, Sector 50, Gurugram, Haryana 122018, India",5,1,OPERATIONAL,https://maps.google.com/?cid=16345275999330272449&g_mp=Cilnb29nbGUubWFwcy5wbGFjZXMudjEuUGxhY2VzLlNlYXJjaE5lYXJieRACGAQgAA,ChIJL26g7A0jDTkRwYTMn-sV1uI
Shichida India,educational_institution,educational_institution|point_of_interest|establishment,,http://shichidain.com/,"NS- 10, Deerwood Chase, Nirvana Country, Sector 50, Gurugram, Haryana 122018, India",5,1,OPERATIONAL,https://maps.google.com/?cid=1869063191967820524&g_mp=Cilnb29nbGUubWFwcy5wbGFjZXMudjEuUGxhY2VzLlNlYXJjaE5lYXJieRACGAQgAA,ChIJIUKSaAAjDTkR7Or_AxI_8Bk
Project I,school,school|educational_institution|point_of_interest|establishment,098735 74943,https://www.projecti.in/?utm_source=google&utm_medium=wix_google_business_profile&utm_campaign=4643594453588791592,"NS-10, Deerwood Chase, Nirvana Country, Sector 50, Gurugram, Haryana 122018, India",,,OPERATIONAL,https://maps.google.com/?cid=7118544885261617631&g_mp=Cilnb29nbGUubWFwcy5wbGFjZXMudjEuUGxhY2VzLlNlYXJjaE5lYXJieRACGAQgAA,ChIJs9LXN7gjDTkR30mxg9smymI
Art Therapy at Breathe Art,medical_clinic,art_studio|medical_clinic|health|point_of_interest|service|establishment,060065 52119,,"NS-10 Espace, no. 2, Deerwood Chase, Nirvana Country, Sector 50, Gurugram, Haryana 122018, India",5,8,OPERATIONAL,https://maps.google.com/?cid=18267845511893643312&g_mp=Cilnb29nbGUubWFwcy5wbGFjZXMudjEuUGxhY2VzLlNlYXJjaE5lYXJieRACGAQgAA,ChIJyz_AxtYjDTkRMHAitLRshP0
Headstart preschool and daycare,preschool,preschool|child_care_agency|school|educational_institution|point_of_interest|service|establishment,095998 80446,https://www.headstartschools.org/,"NS 10, Deerwood Chase, Nirvana Country, Sector 50, Gurugram, Haryana 122018, India",4.9,61,OPERATIONAL,https://maps.google.com/?cid=10098301882056524012&g_mp=Cilnb29nbGUubWFwcy5wbGFjZXMudjEuUGxhY2VzLlNlYXJjaE5lYXJieRACGAQgAA,ChIJ-_5-FQAjDTkR7ECjAg9gJIw
Garg Villa,association_or_organization,association_or_organization|point_of_interest|service|establishment,,,"242, Espace, Nirvana Country, Sector 50, Gurugram, Haryana 122018, India",5,2,OPERATIONAL,https://maps.google.com/?cid=4474091173507058535&g_mp=Cilnb29nbGUubWFwcy5wbGFjZXMudjEuUGxhY2VzLlNlYXJjaE5lYXJieRACGAQgAA,ChIJ8Yq635EjDTkRZ0uZsTcqFz4
RR Sofa Repair,service,point_of_interest|service|establishment,078629 30110,https://rrsofarepair.in/,"opp. Espace, Nirvana Country, Sector 50, Gurugram, Haryana 122002, India",5,2,OPERATIONAL,https://maps.google.com/?cid=13161710837426663705&g_mp=Cilnb29nbGUubWFwcy5wbGFjZXMudjEuUGxhY2VzLlNlYXJjaE5lYXJieRACGAQgAA,ChIJDaVQus4jDTkRGbE53UXKp7Y
Bawas,housing_complex,housing_complex|point_of_interest|service|establishment,,,"241, Espace, Nirvana Country, Sector 50, Gurugram, Haryana 122018, India",5,1,OPERATIONAL,https://maps.google.com/?cid=9043764050909639000&g_mp=Cilnb29nbGUubWFwcy5wbGFjZXMudjEuUGxhY2VzLlNlYXJjaE5lYXJieRACGAQgAA,ChIJaVzsWgAjDTkRWLHqBn3ngX0
Malhotras,apartment_building,apartment_building|point_of_interest|service|establishment,,,"264, Nirvana Central Rd, Block D, Sector 50, Gurugram, Haryana 122018, India",5,1,OPERATIONAL,https://maps.google.com/?cid=3315959343378239631&g_mp=Cilnb29nbGUubWFwcy5wbGFjZXMudjEuUGxhY2VzLlNlYXJjaE5lYXJieRACGAQgAA,ChIJkarxemUjDTkRj5CyP3SnBC4
149 Espace,housing_complex,housing_complex|point_of_interest|service|establishment,,,"C367+V9X, Nirvana Country, Sector 50, Gurugram, Haryana 122018, India",,,OPERATIONAL,https://maps.google.com/?cid=7384436517117534872&g_mp=Cilnb29nbGUubWFwcy5wbGFjZXMudjEuUGxhY2VzLlNlYXJjaE5lYXJieRACGAQgAA,ChIJs_3O8iUjDTkRmKI2TePJemY
6 Deerwood,association_or_organization,association_or_organization|point_of_interest|service|establishment,,,"6, Deerwood Chase, Nirvana Country, Sector 50, Gurugram, Adampur, Haryana 122018, India",5,1,OPERATIONAL,https://maps.google.com/?cid=7019046907400319584&g_mp=Cilnb29nbGUubWFwcy5wbGFjZXMudjEuUGxhY2VzLlNlYXJjaE5lYXJieRACGAQgAA,ChIJ0wiRPQAjDTkRYHJmSfmpaGE
LITWITS,educational_institution,educational_institution|point_of_interest|establishment,078270 98747,https://litwits.in/,"Second Floor, 14, Deerwood Chase, Nirvana Country, Sector 50, Gurugram, Haryana 122018, India",5,35,OPERATIONAL,https://maps.google.com/?cid=6226993984682041922&g_mp=Cilnb29nbGUubWFwcy5wbGFjZXMudjEuUGxhY2VzLlNlYXJjaE5lYXJieRACGAQgAA,ChIJN3xq6sDjDDkRQqJ3ewm6alY
"DW-004, Nirvana Country",housing_complex,housing_complex|point_of_interest|service|establishment,,,"C377+PGP, Nirvana Country, Sector 50, Gurugram, Haryana 122018, India",,,OPERATIONAL,https://maps.google.com/?cid=2835282023602520422&g_mp=Cilnb29nbGUubWFwcy5wbGFjZXMudjEuUGxhY2VzLlNlYXJjaE5lYXJieRACGAQgAA,ChIJOUqKUgAjDTkRZgHhfvrxWCc
Ara - Counsellors for Global College Admissions,consultant,consultant|service|health|point_of_interest|establishment,098202 37322,https://araconsulting.co.in/,"Nirvana Country, Sector 50, Gurugram, Haryana 122018, India",3.9,7,OPERATIONAL,https://maps.google.com/?cid=18390306958314032102&g_mp=Cilnb29nbGUubWFwcy5wbGFjZXMudjEuUGxhY2VzLlNlYXJjaE5lYXJieRACGAQgAA,ChIJbcrJzWwjDTkR5suzGL5-N_8
Femina Beauty Service,beauty_salon,beauty_salon|service|point_of_interest|establishment,098102 02138,,"C378+9Q8, Nirvana Central Rd, The Close North, Sector 50, Gurugram, Haryana 122018, India",5,1,OPERATIONAL,https://maps.google.com/?cid=7464588448222736844&g_mp=Cilnb29nbGUubWFwcy5wbGFjZXMudjEuUGxhY2VzLlNlYXJjaE5lYXJieRACGAQgAA,ChIJfRbDTmUiDTkRzPHMAqWLl2c
17 E-space,association_or_organization,association_or_organization|service|point_of_interest|establishment,,,"17, Espace, Nirvana Country, Sector 50, Gurugram, Haryana 122018, India",5,1,OPERATIONAL,https://maps.google.com/?cid=2797353759085284910&g_mp=Cilnb29nbGUubWFwcy5wbGFjZXMudjEuUGxhY2VzLlNlYXJjaE5lYXJieRACGAQgAA,ChIJ2xYnkT8jDTkRLs5hQWwy0iY
Gold Mines Landbase,real_estate_agency,real_estate_agency|service|point_of_interest|establishment,,,"C378+CXW, The Close North, Nirvana Country, Sector 50, Gurugram, Haryana 122018, India",,,CLOSED_TEMPORARILY,https://maps.google.com/?cid=14215585241457681892&g_mp=Cilnb29nbGUubWFwcy5wbGFjZXMudjEuUGxhY2VzLlNlYXJjaE5lYXJieRACGAQgAA,ChIJxaheWgAjDTkR5OVer3XnR8U
कर्मकांड एवं ज्योतिष,astrologer,astrologer|point_of_interest|establishment,,,"Haunsing bord sector 57 niayar lotas velly school, Nirvana Country, Sector 50, Gurugram, Haryana 122018, India",5,2,OPERATIONAL,https://maps.google.com/?cid=4745090589317276996&g_mp=Cilnb29nbGUubWFwcy5wbGFjZXMudjEuUGxhY2VzLlNlYXJjaE5lYXJieRACGAQgAA,ChIJ3TSWRVIjDTkRRCVOG8Dy2UE
Yuvraj Sharma The Goat,apartment_building,apartment_building|service|point_of_interest|establishment,,,"C379+339, The Close South, Sector 50, Gurugram, Haryana 122018, India",,,OPERATIONAL,https://maps.google.com/?cid=14903399957852157368&g_mp=Cilnb29nbGUubWFwcy5wbGFjZXMudjEuUGxhY2VzLlNlYXJjaE5lYXJieRACGAQgAA,ChIJsXhmAQAjDTkRuHVZ0UyD084
Calm N Pure,home_goods_store,home_goods_store|store|point_of_interest|establishment,,,"flat no 1202, Tower 4, the close south, Nirvana Country, Sector 50, Gurugram, Haryana 122018, India",5,1,CLOSED_TEMPORARILY,https://maps.google.com/?cid=4303138003929675568&g_mp=Cilnb29nbGUubWFwcy5wbGFjZXMudjEuUGxhY2VzLlNlYXJjaE5lYXJieRACGAQgAA,ChIJBadA_48jDTkRMDe2LzfRtzs
"The Art of Living Center, Nirvana Country",,school|educational_institution|health|point_of_interest|establishment,098106 73494,http://www.artofliving.org/,"tower 4, the close north nirvana country, South City II, Sector 50, Gurugram, Haryana 122018, India",5,2,OPERATIONAL,https://maps.google.com/?cid=6840868688256738616&g_mp=Cilnb29nbGUubWFwcy5wbGFjZXMudjEuUGxhY2VzLlNlYXJjaE5lYXJieRACGAQgAA,ChIJIdK8sr4jDTkROKWi1tOl714
Apollo 24|7 Lab Test Near Me | Sector 50 | Home Collection | Gurugram,medical_clinic,medical_lab|medical_clinic|doctor|consultant|service|health|point_of_interest|establishment,080 4557 2851,https://www.apollo247.com/lab-tests-city/gurgaon,"A10, Nirvana Central Rd, near IndusInd Bank, Nirvana Country, Sector 50, Gurugram, Haryana 122018, India",5,3,OPERATIONAL,https://maps.google.com/?cid=13074047726976805039&g_mp=Cilnb29nbGUubWFwcy5wbGFjZXMudjEuUGxhY2VzLlNlYXJjaE5lYXJieRACGAQgAA,ChIJZxZT95IjDTkRr6j0biNZcLU
"Physics Classes in Gurugram by anurag sharma : Best Class 11th,12th, JEE,NEET Coaching in Gurugram",,educational_institution|point_of_interest|establishment,098100 63360,https://www.anuragphysicsclasses.com/,"T17, 002 Fresco, Nirvana Country, Sector 50, Gurugram, Haryana 122018, India",5,58,OPERATIONAL,https://maps.google.com/?cid=17661199076788447801&g_mp=Cilnb29nbGUubWFwcy5wbGFjZXMudjEuUGxhY2VzLlNlYXJjaE5lYXJieRACGAQgAA,ChIJaft6jnQjDTkROapuv_wuGfU
"Dr Vijay Verma, Ent Specialist in Sector 50, Voice Doctor, Sinus Surgeon, Allergy Treatment, Ent Clinic in Gurgaon",doctor,doctor|health|point_of_interest|establishment,096545 48324,https://drvijayverma.wixsite.com/india,"Flat No 139, Ground Floor, Woodstock Floors, Nirvana Country, Sector 50, Gurugram, Haryana 122018, India",5,1,OPERATIONAL,https://maps.google.com/?cid=7554727208601562306&g_mp=Cilnb29nbGUubWFwcy5wbGFjZXMudjEuUGxhY2VzLlNlYXJjaE5lYXJieRACGAQgAA,ChIJjdx0SHgjDTkRwqysm17I12g
Marchforth Peoplecraft LLP,corporate_office,corporate_office|point_of_interest|establishment,,,"C369+X2C, The Cl Ave, Nirvana Country, Sector 50, Gurugram, Haryana 122018, India",5,1,OPERATIONAL,https://maps.google.com/?cid=7075805133285678055&g_mp=Cilnb29nbGUubWFwcy5wbGFjZXMudjEuUGxhY2VzLlNlYXJjaE5lYXJieRACGAQgAA,ChIJHTSfOJAjDTkR59tgjUdPMmI
India Technology News,,point_of_interest|establishment,096197 76084,https://indiatechnologynews.in/,"THE CLOSE NORTH, Nirvana Country, Sector 50, Gurugram, Haryana 122018, India",,,OPERATIONAL,https://maps.google.com/?cid=1737885005655194835&g_mp=Cilnb29nbGUubWFwcy5wbGFjZXMudjEuUGxhY2VzLlNlYXJjaE5lYXJieRACGAQgAA,ChIJoVQjX8YjDTkR0zyOdjQ1Hhg
MIPL Light Steel Works,general_contractor,general_contractor|service|point_of_interest|establishment,096253 00263,http://www.lgsfstructures.com/,"402, Tower 19, The South, Close, Nirvana Country, Sector 50, Gurugram, Haryana 122018, India",5,7,OPERATIONAL,https://maps.google.com/?cid=16220391468058182329&g_mp=Cilnb29nbGUubWFwcy5wbGFjZXMudjEuUGxhY2VzLlNlYXJjaE5lYXJieRACGAQgAA,ChIJXbyEHMIjDTkRuYJi0xloGuE
Nirvana country,clothing_store,clothing_store|store|point_of_interest|establishment,,,"Nirvana Courtyard, Nirvana Country, Sector 50, Gurugram, Haryana 122018, India",4.7,9,OPERATIONAL,https://maps.google.com/?cid=2952756394305938437&g_mp=Cilnb29nbGUubWFwcy5wbGFjZXMudjEuUGxhY2VzLlNlYXJjaE5lYXJieRACGAQgAA,ChIJOTlgbAAjDTkRBWTe1ktM-ig
Smile & Senses Dental Clinic,dental_clinic,dental_clinic|dentist|medical_clinic|service|health|point_of_interest|establishment,093333 30101,,"Flat No 139, Ground Floor, Woodstock Floors, Nirvana Country, Sector 50, Gurugram, Haryana 122018, India",5,1,OPERATIONAL,https://maps.google.com/?cid=3612263155999978938&g_mp=Cilnb29nbGUubWFwcy5wbGFjZXMudjEuUGxhY2VzLlNlYXJjaE5lYXJieRACGAQgAA,ChIJSYNA-WUjDTkRujWcqDNWITI
Eco Paryavaran Engineers & Consultants Pvt. Ltd. - ETP STP Plant Manufacturers in Gurgaon,consultant,consultant|service|point_of_interest|establishment,090511 99200,https://www.ecoparyavaran.org/,"717, 7th Floor, DLF Corporate Greens, Tower-1, Southern Peripheral Rd, Nirvana Country, Sector 74A, Gurugram, Haryana 122018, India",4.6,35,OPERATIONAL,https://maps.google.com/?cid=17408788775084765395&g_mp=Cilnb29nbGUubWFwcy5wbGFjZXMudjEuUGxhY2VzLlNlYXJjaE5lYXJieRACGAQgAA,ChIJ44oqnV8jDTkR0zC8vCdxmPE
Tower 18,apartment_building,apartment_building|service|point_of_interest|establishment,,,"C379+786, The Close South, Sector 50, Gurugram, Haryana 122018, India",5,2,OPERATIONAL,https://maps.google.com/?cid=8822458959431538086&g_mp=Cilnb29nbGUubWFwcy5wbGFjZXMudjEuUGxhY2VzLlNlYXJjaE5lYXJieRACGAQgAA,ChIJK5SbZgAjDTkRphVhIq6rb3o
"MyOxy - Portable Oxygen Can, Portable Oxygen Cylinder",manufacturer,manufacturer|health|point_of_interest|supplier|establishment,088757 90999,https://www.myoxy.in/,"Nirvana Courtyard Business Centre 607-608, Tower C, 6th Floor Nirvana Courtyard, Nirvana Country, Sector 50, Gurugram, Haryana 122018, India",3.9,15,OPERATIONAL,https://maps.google.com/?cid=1877396394018245067&g_mp=Cilnb29nbGUubWFwcy5wbGFjZXMudjEuUGxhY2VzLlNlYXJjaE5lYXJieRACGAQgAA,ChIJZQC9H4QjDTkRy4kO0BLaDRo
MK,apartment_building,apartment_building|service|point_of_interest|establishment,,,"1802/16, The Close South, Nirvana Country, Sector 50, Gurugram, Haryana 122018, India",,,OPERATIONAL,https://maps.google.com/?cid=2476848212173015520&g_mp=Cilnb29nbGUubWFwcy5wbGFjZXMudjEuUGxhY2VzLlNlYXJjaE5lYXJieRACGAQgAA,ChIJ04esknIjDTkR4EkieVOIXyI
Janta dhaba,restaurant,restaurant|food|point_of_interest|establishment,096503 09832,,"C37C+84P Janta dhaba, The Cl N Ave, Nirvana Country, Sector 50, Gurugram, Haryana 122018, India",4.3,11,OPERATIONAL,https://maps.google.com/?cid=13889254529179981850&g_mp=Cilnb29nbGUubWFwcy5wbGFjZXMudjEuUGxhY2VzLlNlYXJjaE5lYXJieRACGAQgAA,ChIJETr5Bd8jDTkRGhjC5meLwMA
Shree,preschool,preschool|child_care_agency|school|educational_institution|service|point_of_interest|establishment,,,"Tigra village, TOWER-A, Oppisit, Sector 50, Gurugram, Haryana 122018, India",,,OPERATIONAL,https://maps.google.com/?cid=18286601206372533715&g_mp=Cilnb29nbGUubWFwcy5wbGFjZXMudjEuUGxhY2VzLlNlYXJjaE5lYXJieRACGAQgAA,ChIJDwfWlNojDTkR04UQH-kOx_0
Gati Courier Bike And Car Transport Service Gati Movers And Packers Gurgaon,courier_service,courier_service|shipping_service|service|point_of_interest|establishment,095184 23953,,"Unitech Business Zone, 345, Golf Course Ext Rd, Nirvana Country, Sector 50, Gurugram, Haryana 122018, India",,,OPERATIONAL,https://maps.google.com/?cid=16279672738691842476&g_mp=Cilnb29nbGUubWFwcy5wbGFjZXMudjEuUGxhY2VzLlNlYXJjaE5lYXJieRACGAQgAA,ChIJXw3G2b4jDTkRrIFWORoE7eE
Ramji Dhaba,hotel,hotel|lodging|point_of_interest|establishment,,,"C379+8W7, The Cl Ave, The Close North, Sector 50, Gurugram, Haryana 122018, India",5,1,OPERATIONAL,https://maps.google.com/?cid=5260624445552440767&g_mp=Cilnb29nbGUubWFwcy5wbGFjZXMudjEuUGxhY2VzLlNlYXJjaE5lYXJieRACGAQgAA,ChIJGepWUgAjDTkRv7XjrQ9-AUk
Florist attractions,florist,florist|store|point_of_interest|establishment,,https://guruji-flowers-balloon.grexa.site/,"C379+8W7, The Cl Ave, The Close North, Sector 50, Gurugram, Haryana 122018, India",5,6,OPERATIONAL,https://maps.google.com/?cid=18057501562672685440&g_mp=Cilnb29nbGUubWFwcy5wbGFjZXMudjEuUGxhY2VzLlNlYXJjaE5lYXJieRACGAQgAA,ChIJ35XdMAAjDTkRgKEqnv8hmfo
Shikharpe Private Limited,,supplier|point_of_interest|establishment,,https://shikharpe.com/,"Flat 802, TOWER-9, The Close South, Sector 50, Gurugram, Haryana 122018, India",,,OPERATIONAL,https://maps.google.com/?cid=11796344048817585505&g_mp=Cilnb29nbGUubWFwcy5wbGFjZXMudjEuUGxhY2VzLlNlYXJjaE5lYXJieRACGAQgAA,ChIJA-ailogjDTkRYb0QpmkItaM
Tower 9,apartment_building,apartment_building|service|point_of_interest|establishment,,,"9, The Cl Ave, The Close North, Sector 50, Gurugram, Haryana 122018, India",4,2,OPERATIONAL,https://maps.google.com/?cid=9061180321182163796&g_mp=Cilnb29nbGUubWFwcy5wbGFjZXMudjEuUGxhY2VzLlNlYXJjaE5lYXJieRACGAQgAA,ChIJvR8lakQjDTkRVKPScX7Hv30
Tower 15,apartment_building,apartment_building|service|point_of_interest|establishment,,,"C37C+H5W, The Close North, Sector 50, Gurugram, Haryana 122018, India",5,1,OPERATIONAL,https://maps.google.com/?cid=15124693389829732802&g_mp=Cilnb29nbGUubWFwcy5wbGFjZXMudjEuUGxhY2VzLlNlYXJjaE5lYXJieRACGAQgAA,ChIJraEyDwAjDTkRwvl_BYG05dE
Vartul’s Home,apartment_building,apartment_building|service|point_of_interest|establishment,,,"Tower 15, 1801, THE CLOSE NORTH, Nirvana Country, Sector 50, Gurugram, Haryana 122018, India",,,OPERATIONAL,https://maps.google.com/?cid=17472906643516782488&g_mp=Cilnb29nbGUubWFwcy5wbGFjZXMudjEuUGxhY2VzLlNlYXJjaE5lYXJieRACGAQgAA,ChIJTUi6dQAjDTkRmHdhUAQ8fPI
Birju Pots & Decoration,farm,wholesaler|farm|service|point_of_interest|establishment,,,"Shop No, Golf Course Rd, near Indian Oil Petrol Pump, Nirvana Country, Sector 57, Gurugram, Haryana 122018, India",,,CLOSED_TEMPORARILY,https://maps.google.com/?cid=16471797997120760368&g_mp=Cilnb29nbGUubWFwcy5wbGFjZXMudjEuUGxhY2VzLlNlYXJjaE5lYXJieRACGAQgAA,ChIJ55IkMW4iDTkRMKpfzgGVl-Q
Svarnam Hospitality,consultant,consultant|service|point_of_interest|establishment,097177 60394,https://www.svarnam.in/,"Flat No. S5-001, The Close South, Nirvana Country, Sector 50, Gurugram, Haryana 122018, India",,,OPERATIONAL,https://maps.google.com/?cid=3383309808227208380&g_mp=Cilnb29nbGUubWFwcy5wbGFjZXMudjEuUGxhY2VzLlNlYXJjaE5lYXJieRACGAQgAA,ChIJWf2vEYMjDTkRvEx6VFju8y4
Sood,apartment_building,apartment_building|service|point_of_interest|establishment,,,"C37C+J72, The Close North, Sector 50, Gurugram, Haryana 122018, India",,,OPERATIONAL,https://maps.google.com/?cid=13309740064675131209&g_mp=Cilnb29nbGUubWFwcy5wbGFjZXMudjEuUGxhY2VzLlNlYXJjaE5lYXJieRACGAQgAA,ChIJmf0iPgAjDTkRSe--HxKytbg
Tower 8 The Close South,condominium_complex,condominium_complex|service|point_of_interest|establishment,,,"The Close, South, Nirvana Country, Sector 50, Gurugram, Haryana 122018, India",4.3,7,OPERATIONAL,https://maps.google.com/?cid=9512954016473192580&g_mp=Cilnb29nbGUubWFwcy5wbGFjZXMudjEuUGxhY2VzLlNlYXJjaE5lYXJieRACGAQgAA,ChIJ6fHq2UAjDTkRhJiCtEbNBIQ
Kazam Charging Station,electric_vehicle_charging_station,electric_vehicle_charging_station|transportation_service|point_of_interest|establishment,,,"C36C+W98, The Close South, Sector 50, Gurugram, Haryana 122018, India",,,OPERATIONAL,https://maps.google.com/?cid=13531642954445222340&g_mp=Cilnb29nbGUubWFwcy5wbGFjZXMudjEuUGxhY2VzLlNlYXJjaE5lYXJieRACGAQgAA,ChIJI8wbTW4iDTkRxPEfx5INyrs
Platoon Securitas Private Limited,service,service|point_of_interest|establishment,0124 234 0181,http://platoonsecuritas.com/,"C-708, Unitech Business Zone, Golf Course Ext Rd, Nirvana Country, Sector 50, Gurugram, Haryana 122018, India",4.2,39,OPERATIONAL,https://maps.google.com/?cid=4851332108959845726&g_mp=Cilnb29nbGUubWFwcy5wbGFjZXMudjEuUGxhY2VzLlNlYXJjaE5lYXJieRACGAQgAA,ChIJC29dPK4ZDTkRXo3_gdlkU0M
DEEPDA HEATHCARE TRUST,association_or_organization,service|association_or_organization|point_of_interest|establishment,0124 428 8332,,"Flat 002, Tower 07, The Close South Nirvana Country, Sector 50, Nirvana Country, Sector 50, Gurugram, Haryana 122018, India",,,CLOSED_TEMPORARILY,https://maps.google.com/?cid=4632617225530652691&g_mp=Cilnb29nbGUubWFwcy5wbGFjZXMudjEuUGxhY2VzLlNlYXJjaE5lYXJieRACGAQgAA,ChIJO9iB6W8iDTkREzgcbNJcSkA
PUSHPENDRA KUMAR,restaurant,restaurant|food|point_of_interest|establishment,097582 50739,,"C379+6MG, Main Rd, Nirvana Country, Sector 50, Gurugram, Haryana 122018, India",5,1,CLOSED_TEMPORARILY,https://maps.google.com/?cid=5030544067595862016&g_mp=Cilnb29nbGUubWFwcy5wbGFjZXMudjEuUGxhY2VzLlNlYXJjaE5lYXJieRACGAQgAA,ChIJ1VN_6W8iDTkRAAAAMC0V0EU
Home,apartment_building,apartment_building|service|point_of_interest|establishment,,,"Flat No 1201, Tower no 4 , The Close South, Nirvana Country, Sector 50, Gurugram, Haryana 122018, India",,,OPERATIONAL,https://maps.google.com/?cid=3290101731209469696&g_mp=Cilnb29nbGUubWFwcy5wbGFjZXMudjEuUGxhY2VzLlNlYXJjaE5lYXJieRACGAQgAA,ChIJFw2OZyojDTkRAF-jwxfKqC0
"Eye Doctors at Krishna Netralaya | Cataract, Cornea, Lasik, Glaucoma, Retina specialists",doctor,doctor|health|point_of_interest|establishment,099533 90964,https://www.krishnanetralaya.com/doctors,"Nirvana Country, Sector 50, Gurugram, Haryana 122018, India",3.7,3,OPERATIONAL,https://maps.google.com/?cid=3482614918816388396&g_mp=Cilnb29nbGUubWFwcy5wbGFjZXMudjEuUGxhY2VzLlNlYXJjaE5lYXJieRACGAQgAA,ChIJqehkD1QjDTkRLNWGJdG7VDA
Voyage infotech Pvt Ltd,corporate_office,corporate_office|point_of_interest|establishment,,,"TOWER-A, The Close South, Sector 50, Gurugram, Haryana 122018, India",5,1,OPERATIONAL,https://maps.google.com/?cid=2008593686246453875&g_mp=Cilnb29nbGUubWFwcy5wbGFjZXMudjEuUGxhY2VzLlNlYXJjaE5lYXJieRACGAQgAA,ChIJlTLQfwAjDTkRc_LPzlD13xs
Radha nursery,farm,wholesaler|farm|service|point_of_interest|establishment,,,"Business zone, The Close South, Sector 50, Gurugram, Haryana 122011, India",4.7,9,OPERATIONAL,https://maps.google.com/?cid=12404492899794888081&g_mp=Cilnb29nbGUubWFwcy5wbGFjZXMudjEuUGxhY2VzLlNlYXJjaE5lYXJieRACGAQgAA,ChIJnfDFDPwjDTkRkSUhD5KcJaw
Business Zone Sector-50,bus_stop,bus_stop|transit_stop|transit_station|transportation_service|point_of_interest|establishment,,,"The Close South, Sector 50, Gurugram, Haryana 122011, India",4.7,3,OPERATIONAL,https://maps.google.com/?cid=10697091859441687414&g_mp=Cilnb29nbGUubWFwcy5wbGFjZXMudjEuUGxhY2VzLlNlYXJjaE5lYXJieRACGAQgAA,ChIJ6RDT220iDTkRdpu-2160c5Q
Attri’s Baithak,corporate_office,corporate_office|point_of_interest|establishment,,,"C37F+9J8, Tigra, Sector 50, Gurugram, Haryana 122011, India",,,OPERATIONAL,https://maps.google.com/?cid=1873034443781987621&g_mp=Cilnb29nbGUubWFwcy5wbGFjZXMudjEuUGxhY2VzLlNlYXJjaE5lYXJieRACGAQgAA,ChIJVTEvGwAjDTkRJV2yIeda_hk
Ishika khatana building material suppliers and interiors,,point_of_interest|establishment,089712 72071,,"Buapur ullawas road, near Aipl business club, The Close South, Sector 57, Gurugram, Haryana 122011, India",5,56,OPERATIONAL,https://maps.google.com/?cid=855697715542246207&g_mp=Cilnb29nbGUubWFwcy5wbGFjZXMudjEuUGxhY2VzLlNlYXJjaE5lYXJieRACGAQgAA,ChIJFxy4A1wjDTkRP0MC4okM4As
Hans Tour And Travels,taxi_service,taxi_service|transportation_service|service|point_of_interest|establishment,098710 29498,,"Opposite The Close, Near Lotus Valley School, Nirvana Country, South City II, Sector 50, Gurugram, Haryana 122011, India",1,2,OPERATIONAL,https://maps.google.com/?cid=8131411442719693257&g_mp=Cilnb29nbGUubWFwcy5wbGFjZXMudjEuUGxhY2VzLlNlYXJjaE5lYXJieRACGAQgAA,ChIJh0pGatcjDTkRyZnaBaCT2HA
Attri Baithak,corporate_office,corporate_office|point_of_interest|establishment,,,"C37F+CJG, Tigra, Sector 50, Gurugram, Haryana 122011, India",,,OPERATIONAL,https://maps.google.com/?cid=6382468266205209117&g_mp=Cilnb29nbGUubWFwcy5wbGFjZXMudjEuUGxhY2VzLlNlYXJjaE5lYXJieRACGAQgAA,ChIJrfzXSAAjDTkRHWJdhRIVk1g
Mukti Dhaam,service,service|point_of_interest|establishment,,,"C37F+496, The Close South, Sector 50, Gurugram, Haryana 122018, India",,,OPERATIONAL,https://maps.google.com/?cid=12646607948251989886&g_mp=Cilnb29nbGUubWFwcy5wbGFjZXMudjEuUGxhY2VzLlNlYXJjaE5lYXJieRACGAQgAA,ChIJ8YdsgrsjDTkRfgcxoezGga8
Sanimation Studios (Sector 50),,point_of_interest|establishment,,https://sanimationstudios.com/,"Nirvana Country, Sector 50, Gurugram, Haryana 122011, India",,,OPERATIONAL,https://maps.google.com/?cid=14413581164531358927&g_mp=Cilnb29nbGUubWFwcy5wbGFjZXMudjEuUGxhY2VzLlNlYXJjaE5lYXJieRACGAQgAA,ChIJ1bjIzZEjDTkRzxwn5bNTB8g
Sector 50,beauty_salon,beauty_salon|service|point_of_interest|establishment,,,"C37F+572, The Close South, Sector 50, Gurugram, Haryana 122018, India",5,1,OPERATIONAL,https://maps.google.com/?cid=14350426141962469943&g_mp=Cilnb29nbGUubWFwcy5wbGFjZXMudjEuUGxhY2VzLlNlYXJjaE5lYXJieRACGAQgAA,ChIJvVJrAQAjDTkRNwInV4v0Jsc
Rasel,housing_complex,housing_complex|service|point_of_interest|establishment,,,"C37F+G9W, Tigra, Sector 57, Gurugram, Haryana 122011, India",,,OPERATIONAL,https://maps.google.com/?cid=13618254367647408633&g_mp=Cilnb29nbGUubWFwcy5wbGFjZXMudjEuUGxhY2VzLlNlYXJjaE5lYXJieRACGAQgAA,ChIJzWaxfAAjDTkR-SGJ3DHC_bw
WEST LINE VALET PARKING,parking_lot,parking_lot|parking|transportation_service|service|point_of_interest|establishment,093199 80234,,"C37F+HFR, Tigra, Sector 57, Gurugram, Haryana 122011, India",5,4,OPERATIONAL,https://maps.google.com/?cid=1008786207923810039&g_mp=Cilnb29nbGUubWFwcy5wbGFjZXMudjEuUGxhY2VzLlNlYXJjaE5lYXJieRACGAQgAA,ChIJT7tHVvcjDTkR966cGbbt_w0
AC Service Hub,service,service|point_of_interest|establishment,099992 48101,https://www.acservicehub.com/,"Shop No.4, Add. H, No. 80, Tigra Vlg Rd, near Business Zone, Tigra, Sector 57, Gurugram, Haryana 122011, India",5,64,OPERATIONAL,https://maps.google.com/?cid=16170531916287933441&g_mp=Cilnb29nbGUubWFwcy5wbGFjZXMudjEuUGxhY2VzLlNlYXJjaE5lYXJieRACGAQgAA,ChIJEbiRN3wjDTkRAXx1SxpFaeA
UIX Labs,association_or_organization,association_or_organization|point_of_interest|establishment,,https://uixlabs.co/,"TOWER-A, Unitech Business Zone, The Close South, Sector 50, Gurugram, Haryana 122018, India",5,1,OPERATIONAL,https://maps.google.com/?cid=7493724537878773597&g_mp=Cilnb29nbGUubWFwcy5wbGFjZXMudjEuUGxhY2VzLlNlYXJjaE5lYXJieRACGAQgAA,ChIJUR8CYQAjDTkRXX_khMMO_2c
Aamra Seniors Club,wellness_center,wellness_center|health|point_of_interest|establishment,,https://www.aamra.life/,"3rd Floor, TOWER-A, Unitech Business Zone, A-308, near Close South, Nirvana Country, Sector 50, Gurugram, Haryana 122018, India",,,OPERATIONAL,https://maps.google.com/?cid=3578869903670440936&g_mp=Cilnb29nbGUubWFwcy5wbGFjZXMudjEuUGxhY2VzLlNlYXJjaE5lYXJieRACGAQgAA,ChIJYxvKoSEjDTkR6POcOTezqjE
Housing board at last,association_or_organization,service|association_or_organization|point_of_interest|establishment,,,"332, Tigra, Sector 57, Gurugram, Samaspur, Haryana 122011, India",5,1,OPERATIONAL,https://maps.google.com/?cid=11335940889048869062&g_mp=Cilnb29nbGUubWFwcy5wbGFjZXMudjEuUGxhY2VzLlNlYXJjaE5lYXJieRACGAQgAA,ChIJsRxpNAAjDTkRxmiVni1aUZ0
शालू रावत,bar,bar|point_of_interest|establishment,,,"C37F+JC3, Tigra, Sector 57, Gurugram, Haryana 122011, India",,,CLOSED_TEMPORARILY,https://maps.google.com/?cid=4653730022209494216&g_mp=Cilnb29nbGUubWFwcy5wbGFjZXMudjEuUGxhY2VzLlNlYXJjaE5lYXJieRACGAQgAA,ChIJ_2S_UAAjDTkRyBxedsxelUA
Tigra sector 57,apartment_building,apartment_building|service|point_of_interest|establishment,,,"C37F+HFR, Samaspur Tigra Rd, Tigra, Sector 57, Gurugram, Haryana 122011, India",4.3,3,OPERATIONAL,https://maps.google.com/?cid=4652864471105090021&g_mp=Cilnb29nbGUubWFwcy5wbGFjZXMudjEuUGxhY2VzLlNlYXJjaE5lYXJieRACGAQgAA,ChIJW2Cnf6UjDTkR5TFBpJVLkkA
Blinkit Store (Online) Sector 50,grocery_store,grocery_store|food_store|store|food|point_of_interest|establishment,,,"TOWER-A, Unitech Business Zone, Golf Course Ext Rd, The Close South, Sector 50, Gurugram, Haryana 122018, India",3.4,60,OPERATIONAL,https://maps.google.com/?cid=3814690725198925036&g_mp=Cilnb29nbGUubWFwcy5wbGFjZXMudjEuUGxhY2VzLlNlYXJjaE5lYXJieRACGAQgAA,ChIJZwopkaAjDTkR7Ix14wCB8DQ
Getwell Prime Clinic | Dr R N Choudhary I Physician Near Me I General Physician I Medical Clinic I Fever I,doctor,medical_center|doctor|hospital|consultant|medical_clinic|health|service|point_of_interest|establishment,082850 86069,https://getwellprimeclinic.com/,"5th Floor, Getwell Prime Clinic, TOWER-A, Unitech Business Zone, A-501, Nirvana Country, Sector 50, Gurugram, Haryana 122018, India",4.9,332,OPERATIONAL,https://maps.google.com/?cid=4522753835210173960&g_mp=Cilnb29nbGUubWFwcy5wbGFjZXMudjEuUGxhY2VzLlNlYXJjaE5lYXJieRACGAQgAA,ChIJ7QaU9O8ZDTkRCO48iqYMxD4
Apparel Resource,corporate_office,corporate_office|point_of_interest|establishment,,,"708, TOWER-B, Business Zone, Nirvana Country, Sector 50, Gurugram, Haryana 122018, India",4.8,5,OPERATIONAL,https://maps.google.com/?cid=15039255417533548699&g_mp=Cilnb29nbGUubWFwcy5wbGFjZXMudjEuUGxhY2VzLlNlYXJjaE5lYXJieRACGAQgAA,ChIJq6qqamUiDTkRm8h08B4rttA
Shri shyam nursery,farm,wholesaler|farm|service|point_of_interest|establishment,099711 33036,,"Golf Course Ext Rd, Sector 65, Gurugram, Haryana 122011, India",5,5,OPERATIONAL,https://maps.google.com/?cid=365952751215457705&g_mp=Cilnb29nbGUubWFwcy5wbGFjZXMudjEuUGxhY2VzLlNlYXJjaE5lYXJieRACGAQgAA,ChIJ_aBZL0QjDTkRqTXGnBYgFAU
Flowerpot wholesale market,market,market|point_of_interest|establishment,,,"C37G+8JQ, Golf Course Ext Rd, Sushant Lok III Extension, Sector 62, Gurugram, Haryana 122011, India",3,1,OPERATIONAL,https://maps.google.com/?cid=12122941222529131353&g_mp=Cilnb29nbGUubWFwcy5wbGFjZXMudjEuUGxhY2VzLlNlYXJjaE5lYXJieRACGAQgAA,ChIJS6xMD1UjDTkRWePJ0c9WPag
Shiv Building materials Supplier,,corporate_office|point_of_interest|establishment,,,"Shiv Building materials Supplier, Sushant Lok III Extension, Sector 57, Gurugram, Haryana 122011, India",5,1,OPERATIONAL,https://maps.google.com/?cid=10520258150904507702&g_mp=Cilnb29nbGUubWFwcy5wbGFjZXMudjEuUGxhY2VzLlNlYXJjaE5lYXJieRACGAQgAA,ChIJY7QkplsjDTkRNi0Srgx3_5E
Bilal SKT shop,apartment_building,apartment_building|service|point_of_interest|establishment,,,"NA6, Sector 62, Gurugram, Haryana 122011, India",,,OPERATIONAL,https://maps.google.com/?cid=6684736363896812983&g_mp=Cilnb29nbGUubWFwcy5wbGFjZXMudjEuUGxhY2VzLlNlYXJjaE5lYXJieRACGAQgAA,ChIJnW8sYQAjDTkRt7U0Q070xFw
Vicky Nursery,farm,wholesaler|farm|service|point_of_interest|establishment,,,"AA/11, Sector 62, Gurugram, Haryana 122098, India",,,CLOSED_TEMPORARILY,https://maps.google.com/?cid=5663223158278773999&g_mp=Cilnb29nbGUubWFwcy5wbGFjZXMudjEuUGxhY2VzLlNlYXJjaE5lYXJieRACGAQgAA,ChIJ24OBaQAjDTkR79z4GHXPl04
New Haryali Nursery,farm,wholesaler|farm|service|point_of_interest|establishment,088003 18080,,"Golf Course Ext Rd, Tigra, Sector 62, Gurugram, Haryana 122011, India",5,3,OPERATIONAL,https://maps.google.com/?cid=2440342322147592328&g_mp=Cilnb29nbGUubWFwcy5wbGFjZXMudjEuUGxhY2VzLlNlYXJjaE5lYXJieRACGAQgAA,ChIJsZvaO4QjDTkRiIj1mWnW3SE
Raj taxi's pvt.ltd.,taxi_service,taxi_service|transportation_service|service|point_of_interest|establishment,,,"Near, Golf Course Ext Rd, Sector 62, Gurugram, Haryana 122002, India",,,OPERATIONAL,https://maps.google.com/?cid=608400835895809446&g_mp=Cilnb29nbGUubWFwcy5wbGFjZXMudjEuUGxhY2VzLlNlYXJjaE5lYXJieRACGAQgAA,ChIJRTXkIBwjDTkRptWeOFZ5cQg
Garden Care Nursery,farm,wholesaler|farm|service|point_of_interest|establishment,,,"C37G+4J8, Golf Course Ext Rd, opp. Tigra, Sector 57, Gurugram, Haryana 122011, India",,,CLOSED_TEMPORARILY,https://maps.google.com/?cid=10007638189670373634&g_mp=Cilnb29nbGUubWFwcy5wbGFjZXMudjEuUGxhY2VzLlNlYXJjaE5lYXJieRACGAQgAA,ChIJlTOKp20iDTkRApnvJ-lF4oo
Wahid Ali Nursery,farm,wholesaler|farm|service|point_of_interest|establishment,,,"C37G+3MC, Golf Course Ext Rd, Tigra, Sector 62, Gurugram, Haryana 122098, India",,,CLOSED_TEMPORARILY,https://maps.google.com/?cid=4516366718046438573&g_mp=Cilnb29nbGUubWFwcy5wbGFjZXMudjEuUGxhY2VzLlNlYXJjaE5lYXJieRACGAQgAA,ChIJlc0oBkgjDTkRrQSO8JlbrT4
"REC TOWNSHIP, (NBCC) , sector 57, guru gram , hariyana",general_contractor,general_contractor|service|point_of_interest|establishment,,,"C37G+FG2, Sushant Lok III Extension, Sector 57, Gurugram, Haryana 122011, India",,,CLOSED_TEMPORARILY,https://maps.google.com/?cid=3349097340844786461&g_mp=Cilnb29nbGUubWFwcy5wbGFjZXMudjEuUGxhY2VzLlNlYXJjaE5lYXJieRACGAQgAA,ChIJaaPbNQAjDTkRHUNCh0liei4
Manju nursery,garden,garden|point_of_interest|establishment,,,"C37H+655, Golf Course Rd, near Indian oil petrol pump, Sector 62, Gurugram, Haryana 122098, India",5,7,OPERATIONAL,https://maps.google.com/?cid=17205816377178569738&g_mp=Cilnb29nbGUubWFwcy5wbGFjZXMudjEuUGxhY2VzLlNlYXJjaE5lYXJieRACGAQgAA,ChIJEeSrhTEjDTkRCrxTsNVWx-4
Jam Jam Nursery,farm,wholesaler|farm|service|point_of_interest|establishment,099902 91773,,"OPPOSITE SIDE BRIDGESTONE SEIEC1 car washing center, Golf Course Ext Rd, Sushant Lok III Extension, Sector 57, Gurugram, Haryana 122011, India",5,21,OPERATIONAL,https://maps.google.com/?cid=10818121072425955738&g_mp=Cilnb29nbGUubWFwcy5wbGFjZXMudjEuUGxhY2VzLlNlYXJjaE5lYXJieRACGAQgAA,ChIJj3wBirMjDTkRmvEda8yvIZY
Detailing Mods Dynasty,car_repair,car_repair|service|point_of_interest|establishment,,,"Golf Course Ext Rd, near Indian Oil Petrol Pump, opposite Banjara Market, Sector 62, Gurugram, Haryana 122011, India",5,8,OPERATIONAL,https://maps.google.com/?cid=1732656633231912939&g_mp=Cilnb29nbGUubWFwcy5wbGFjZXMudjEuUGxhY2VzLlNlYXJjaE5lYXJieRACGAQgAA,ChIJu2WFuu8jDTkR6y-DJQeiCxg
Ansh carz detailing,car_repair,car_wash|car_repair|service|point_of_interest|establishment,,,"near SECTOR 62, Sector 62, Gurugram, Haryana 122098, India",4.1,46,OPERATIONAL,https://maps.google.com/?cid=10511157267295422565&g_mp=Cilnb29nbGUubWFwcy5wbGFjZXMudjEuUGxhY2VzLlNlYXJjaE5lYXJieRACGAQgAA,ChIJZ86zJDEYDTkRZchoF9gh35E
S.k.Pandey Building Materials Suppliers & constructions works,,point_of_interest|establishment,089204 47894,,"Tigra, Sector 57, Gurugram, Haryana 122011, India",5,2,OPERATIONAL,https://maps.google.com/?cid=83850396345673197&g_mp=Cilnb29nbGUubWFwcy5wbGFjZXMudjEuUGxhY2VzLlNlYXJjaE5lYXJieRACGAQgAA,ChIJf_e7Br8jDTkR7aV1wH3lKQE
Surendra mandna,apartment_building,apartment_building|service|point_of_interest|establishment,,,"C37G+897, Sushant Lok III Extension, Sector 57, Gurugram, Haryana 122011, India",,,OPERATIONAL,https://maps.google.com/?cid=3912605757905127058&g_mp=Cilnb29nbGUubWFwcy5wbGFjZXMudjEuUGxhY2VzLlNlYXJjaE5lYXJieRACGAQgAA,ChIJW9U1cnIjDTkRkkYV-jReTDY
Street Studio,car_wash,car_wash|store|service|point_of_interest|establishment,099101 13208,https://docs.google.com/forms/d/e/1FAIpQLScQDZ_29jAkb0ydoARcaw4YqWRKIaDtzKcWsa5ZxlETH-M00g/viewform?usp=dialog,"Golf Course Ext Rd, Sector 62, Gurugram, Haryana 122001, India",4.9,43,OPERATIONAL,https://maps.google.com/?cid=9074845772249782194&g_mp=Cilnb29nbGUubWFwcy5wbGFjZXMudjEuUGxhY2VzLlNlYXJjaE5lYXJieRACGAQgAA,ChIJea3hqnQjDTkRsldnNiZU8H0
Building material supplier RJ,building_materials_store,building_materials_store|store|point_of_interest|establishment,095400 76761,http://rjbuildingmeterial.com/,"E-192, near the legend, Tigra, Sector 57, Gurugram, Haryana 122011, India",4,5,OPERATIONAL,https://maps.google.com/?cid=17138408474678288401&g_mp=Cilnb29nbGUubWFwcy5wbGFjZXMudjEuUGxhY2VzLlNlYXJjaE5lYXJieRACGAQgAA,ChIJHzvYGuEjDTkREWC-XLTb1-0
Kripanand Cold Drink Store,store,store|point_of_interest|establishment,,,"C37H+977, Sector 62, Gurugram, Haryana 122011, India",5,1,OPERATIONAL,https://maps.google.com/?cid=16532434898777357822&g_mp=Cilnb29nbGUubWFwcy5wbGFjZXMudjEuUGxhY2VzLlNlYXJjaE5lYXJieRACGAQgAA,ChIJ66TJLxIjDTkR_j3lpfIBb-U
REC Township (NBCC),general_contractor,general_contractor|service|point_of_interest|establishment,,,"C37G+QW2, Sushant Lok III Extension, Sector 57, Gurugram, Haryana 122011, India",,,OPERATIONAL,https://maps.google.com/?cid=15732945549029060770&g_mp=Cilnb29nbGUubWFwcy5wbGFjZXMudjEuUGxhY2VzLlNlYXJjaE5lYXJieRACGAQgAA,ChIJ9_tMBAAjDTkRorBwwJ6mVto
Alma Storytime,performing_arts_theater,performing_arts_theater|event_venue|point_of_interest|establishment,,,"Golf Course Ext Rd, Sector 62, Gurugram, Haryana 122001, India",,,OPERATIONAL,https://maps.google.com/?cid=16778451443966835812&g_mp=Cilnb29nbGUubWFwcy5wbGFjZXMudjEuUGxhY2VzLlNlYXJjaE5lYXJieRACGAQgAA,ChIJX-ARpd0jDTkRZHzINrEI2eg
Kabir Tailoring,tailor,tailor|service|point_of_interest|establishment,06295 390 564,,"Golf Course Ext Rd, Sector 62, Gurugram, Haryana 122098, India",,,OPERATIONAL,https://maps.google.com/?cid=16462024374711702987&g_mp=Cilnb29nbGUubWFwcy5wbGFjZXMudjEuUGxhY2VzLlNlYXJjaE5lYXJieRACGAQgAA,ChIJwzXu_HIjDTkRy1WDAvPbdOQ
Khadim Nursery,florist,florist|store|point_of_interest|establishment,,,"V993, Sector 62, Gurugram, Haryana 122011, India",,,CLOSED_TEMPORARILY,https://maps.google.com/?cid=7951363279677565940&g_mp=Cilnb29nbGUubWFwcy5wbGFjZXMudjEuUGxhY2VzLlNlYXJjaE5lYXJieRACGAQgAA,ChIJxZRJSAAjDTkR9CtEVcbqWG4
मटरू गमला - पौधशाला,farm,wholesaler|farm|service|point_of_interest|establishment,,,"Sector 57 Chowk / Sushant Lok 3 Ext, Sector 62, Gurugram, Haryana 122011, India",4,1,OPERATIONAL,https://maps.google.com/?cid=15361470546617938275&g_mp=Cilnb29nbGUubWFwcy5wbGFjZXMudjEuUGxhY2VzLlNlYXJjaE5lYXJieRACGAQgAA,ChIJPW7jSR8jDTkRY7HJ1hLoLtU
ID INCENCE DESIGN,general_contractor,general_contractor|furniture_store|home_improvement_store|home_goods_store|supplier|store|service|point_of_interest|establishment,085888 80111,http://www.incensedesign.com/,"A 26D, 2nd floor, H 11, Golf Course Ext Rd, Sector 57, Gurugram, Haryana 122011, India",5,1,OPERATIONAL,https://maps.google.com/?cid=11155400131285370626&g_mp=Cilnb29nbGUubWFwcy5wbGFjZXMudjEuUGxhY2VzLlNlYXJjaE5lYXJieRACGAQgAA,ChIJ0VnfV7AjDTkRAkecyFDxz5o
Smartworld Gallery sector 62,general_contractor,general_contractor|service|point_of_interest|establishment,,https://smartworlddevelopers.com/,"Smartworld Sales Gallery, Gallery 62, Sec 62, Golf Course Road, Extn, Gurugram, Haryana 122098, India",4.5,37,OPERATIONAL,https://maps.google.com/?cid=8910483400711942218&g_mp=Cilnb29nbGUubWFwcy5wbGFjZXMudjEuUGxhY2VzLlNlYXJjaE5lYXJieRACGAQgAA,ChIJ4zYLRgAjDTkRSjBzdHFlqHs
Sonam Nursery,farm,wholesaler|farm|service|point_of_interest|establishment,,,"Harmony Homes D-Block, Golf Course Ext Rd, opp. Sector - 57, Sector 62, Gurugram, Haryana 122011, India",4.9,9,OPERATIONAL,https://maps.google.com/?cid=18095126147300184124&g_mp=Cilnb29nbGUubWFwcy5wbGFjZXMudjEuUGxhY2VzLlNlYXJjaE5lYXJieRACGAQgAA,ChIJJRshtBIiDTkRPNC131vNHvs
Sector-57 Chowk / Sushant Lok-III Extension,bus_stop,bus_stop|transit_stop|transit_station|transportation_service|point_of_interest|establishment,,,"Sector 62, Gurugram, Haryana 122011, India",1.7,3,OPERATIONAL,https://maps.google.com/?cid=10939224724635848390&g_mp=Cilnb29nbGUubWFwcy5wbGFjZXMudjEuUGxhY2VzLlNlYXJjaE5lYXJieRACGAQgAA,ChIJ-WimS20iDTkRxg4Xtu3uz5c
Rafikul Islam Shop,auto_parts_store,auto_parts_store|car_repair|store|service|point_of_interest|establishment,072105 51644,,"Vpo, Tigra, Sector 57, Gurugram, Haryana 122098, India",3.4,16,OPERATIONAL,https://maps.google.com/?cid=15747385588793448372&g_mp=Cilnb29nbGUubWFwcy5wbGFjZXMudjEuUGxhY2VzLlNlYXJjaE5lYXJieRACGAQgAA,ChIJYYd10k4jDTkRtJcjgcLzido
Sector 52 Nursery Van Mandal Gurugram,garden,garden|point_of_interest|establishment,,,"Sector 52, Nursery, Van Mandal, Sector 62, Gurugram, Haryana 122011, India",,,OPERATIONAL,https://maps.google.com/?cid=6027800063681176146&g_mp=Cilnb29nbGUubWFwcy5wbGFjZXMudjEuUGxhY2VzLlNlYXJjaE5lYXJieRACGAQgAA,ChIJByjuBwAjDTkRUiLLpDgMp1M
Nursery,farm,wholesaler|farm|service|point_of_interest|establishment,096250 00191,,"Sector 57 Chowk / Sushant Lok-3 Ext, Sector 62, Gurugram, Haryana 122011, India",4.1,8,OPERATIONAL,https://maps.google.com/?cid=6101243423112314726&g_mp=Cilnb29nbGUubWFwcy5wbGFjZXMudjEuUGxhY2VzLlNlYXJjaE5lYXJieRACGAQgAA,ChIJB1PrSI4jDTkRZj_MSpH4q1Q
Above & Beyond Studio,,furniture_store|home_improvement_store|home_goods_store|store|point_of_interest|establishment,,https://www.aboveandbeyond.studio/,"Dharm Marg, Block A, Sushant Lok III, Sector 62, Gurugram, Haryana 122011, India",,,OPERATIONAL,https://maps.google.com/?cid=2625451546737882691&g_mp=Cilnb29nbGUubWFwcy5wbGFjZXMudjEuUGxhY2VzLlNlYXJjaE5lYXJieRACGAQgAA,ChIJCWOvzXsfDTkRQ7ZPgkV6byQ
Emaar Floors,general_contractor,general_contractor|service|point_of_interest|establishment,,https://emaarfloors.luxueryproperties.com/,"EMERALD HILLS- 2, Sector 62, Gurugram, Haryana 122011, India",4.5,2,OPERATIONAL,https://maps.google.com/?cid=11992755593569160238&g_mp=Cilnb29nbGUubWFwcy5wbGFjZXMudjEuUGxhY2VzLlNlYXJjaE5lYXJieRACGAQgAA,ChIJZeGV7-YjDTkRLszECKzTbqY
Sector-57 Chowk / Sushant Lok-3 Extension,bus_stop,bus_stop|transit_stop|transit_station|transportation_service|point_of_interest|establishment,,,"Sushant Lok III Extension, Sector 57, Gurugram, Haryana 122011, India",4,2,OPERATIONAL,https://maps.google.com/?cid=2104954525929907419&g_mp=Cilnb29nbGUubWFwcy5wbGFjZXMudjEuUGxhY2VzLlNlYXJjaE5lYXJieRACGAQgAA,ChIJu6SbTm0iDTkR2yRnIv1MNh0
Premium Car Wash,car_wash,car_wash|service|point_of_interest|establishment,,,"C37H+9G2, Sector 62, Gurugram, Haryana 122098, India",3.9,7,OPERATIONAL,https://maps.google.com/?cid=1387828158567541702&g_mp=Cilnb29nbGUubWFwcy5wbGFjZXMudjEuUGxhY2VzLlNlYXJjaE5lYXJieRACGAQgAA,ChIJbd5kVAAjDTkRxuuzcFuOQhM
Sanwariya Building Material Supplier,building_materials_store,building_materials_store|store|point_of_interest|establishment,,,"Shop No. 5, Sector 57, D Block, Tigra, Sector 57, Gurugram, Haryana 122011, India",5,2,OPERATIONAL,https://maps.google.com/?cid=271246791460851844&g_mp=Cilnb29nbGUubWFwcy5wbGFjZXMudjEuUGxhY2VzLlNlYXJjaE5lYXJieRACGAQgAA,ChIJcyR8lVojDTkRhBB9C4WpwwM
Duplex | Penthouse for sale,apartment_building,apartment_building|service|point_of_interest|establishment,,,"Golf Course Extension Road H- 64, Sector- 57, H Block, Mayfield Garden, in front of Chalk Tree Global School, Sector 62, Gurugram, Haryana 122011, India",,,OPERATIONAL,https://maps.google.com/?cid=3576995143007232424&g_mp=Cilnb29nbGUubWFwcy5wbGFjZXMudjEuUGxhY2VzLlNlYXJjaE5lYXJieRACGAQgAA,ChIJc6SyY5UjDTkRqGE-fiEKpDE
Rajni,store,store|point_of_interest|establishment,086506 13451,,"Golf Course Ext Rd, Sector 62, Gurugram, Haryana 122011, India",3.5,2,OPERATIONAL,https://maps.google.com/?cid=14747074608467688424&g_mp=Cilnb29nbGUubWFwcy5wbGFjZXMudjEuUGxhY2VzLlNlYXJjaE5lYXJieRACGAQgAA,ChIJRT7lsVsjDTkR6DvmGTkiqMw
Hasan Firdos Foam & Sofa Repair,home_goods_store,home_goods_store|store|point_of_interest|establishment,099532 83110,,"Dharm Marg, Block A, Sushant Lok III, Sector 57, Gurugram, Haryana 122011, India",5,2,OPERATIONAL,https://maps.google.com/?cid=3020033382185043342&g_mp=Cilnb29nbGUubWFwcy5wbGFjZXMudjEuUGxhY2VzLlNlYXJjaE5lYXJieRACGAQgAA,ChIJ4XgRrRIiDTkRjgX2OlxQ6Sk
DD INTERIOR DESIGN STUDIO – Interior Designer in Gurgaon,general_contractor,general_contractor|service|point_of_interest|establishment,097119 16550,https://dd-interior-design.localo.site/,"Golf-Ex, Petrol Pump, Haryana Golf-Ex, Sector 62, Gurugram, Haryana 122011, India",3.8,13,OPERATIONAL,https://maps.google.com/?cid=2741891957711129089&g_mp=Cilnb29nbGUubWFwcy5wbGFjZXMudjEuUGxhY2VzLlNlYXJjaE5lYXJieRACGAQgAA,ChIJnUTMKjclDTkRAUrfVzUoDSY
Pawsketeers,service,point_of_interest|service|pet_care|establishment,,,"near Mango BYOB, Sector 62, Gurugram, Haryana 122098, India",5,19,CLOSED_TEMPORARILY,https://maps.google.com/?cid=18088538496447507000&g_mp=Cilnb29nbGUubWFwcy5wbGFjZXMudjEuUGxhY2VzLlNlYXJjaE5lYXJieRACGAQgAA,ChIJq3jwswgjDTkROGq74uxlB_s
Experion commercial building,general_contractor,general_contractor|point_of_interest|service|establishment,,,"1, Sector 62, Gurugram, Haryana 122098, India",,,CLOSED_TEMPORARILY,https://maps.google.com/?cid=15101180305866711900&g_mp=Cilnb29nbGUubWFwcy5wbGFjZXMudjEuUGxhY2VzLlNlYXJjaE5lYXJieRACGAQgAA,ChIJpZpENAAjDTkRXGNPjHorktE
MGF LAND commercial 62,service,point_of_interest|service|establishment,,,"C37M+J8H, Golf Course Ext Rd, Sector 62, Gurugram, Haryana 122098, India",,,OPERATIONAL,https://maps.google.com/?cid=12419626059230477492&g_mp=Cilnb29nbGUubWFwcy5wbGFjZXMudjEuUGxhY2VzLlNlYXJjaE5lYXJieRACGAQgAA,ChIJ1YqlPz4jDTkRtPydTxlgW6w
Sudharma Enterprises,supplier,supplier|point_of_interest|establishment,098117 00569,https://www.jklakshmicement.com/,"Sector 52, Village, Wajirbad, Gurugram, Haryana 122098, India",2.5,2,CLOSED_TEMPORARILY,https://maps.google.com/?cid=11720469992322987285&g_mp=Cilnb29nbGUubWFwcy5wbGFjZXMudjEuUGxhY2VzLlNlYXJjaE5lYXJieRACGAQgAA,ChIJST-E_lkjDTkRFXUJPVx5p6I
Shree Bala Ji Shuttering Store,service,point_of_interest|service|establishment,099908 29850,,"Golf course Road, Sector 62, Gurugram, Haryana 122098, India",5,1,OPERATIONAL,https://maps.google.com/?cid=16607395539263627290&g_mp=Cilnb29nbGUubWFwcy5wbGFjZXMudjEuUGxhY2VzLlNlYXJjaE5lYXJieRACGAQgAA,ChIJpdW2upUjDTkRGiA30kBSeeY
Sudharma Enterprises,,point_of_interest|establishment,098717 69495,,"Golf Course Ext Rd, near vansh koyala depot, Sector 62, Gurugram, Haryana 122098, India",5,3,OPERATIONAL,https://maps.google.com/?cid=12743637459785702303&g_mp=Cilnb29nbGUubWFwcy5wbGFjZXMudjEuUGxhY2VzLlNlYXJjaE5lYXJieRACGAQgAA,ChIJM9_zfBcjDTkRn1vjQMB-2rA
मेट्रो धर्म कांटा,playground,playground|point_of_interest|establishment,,,"C37J+HXF, Sector 62, Gurugram, Haryana 122098, India",,,OPERATIONAL,https://maps.google.com/?cid=13982632284357195213&g_mp=Cilnb29nbGUubWFwcy5wbGFjZXMudjEuUGxhY2VzLlNlYXJjaE5lYXJieRACGAQgAA,ChIJcVT7dgAjDTkRzfUEvvpJDMI
Yashika Nursery,wholesaler,farm|wholesaler|point_of_interest|service|establishment,,,"Golf Course Ext Rd, Sector 62, Gurugram, Haryana 122098, India",4.2,23,OPERATIONAL,https://maps.google.com/?cid=792245216345271044&g_mp=Cilnb29nbGUubWFwcy5wbGFjZXMudjEuUGxhY2VzLlNlYXJjaE5lYXJieRACGAQgAA,ChIJ45PbURkjDTkRBCtDp9Oe_go
Excellence Physiotherapy,medical_clinic,medical_clinic|health|point_of_interest|establishment,,,"F- 250, ground floor, Sushant Lok-II, Sector 57, Gurugram, Haryana 122098, India",5,2,OPERATIONAL,https://maps.google.com/?cid=6004033700389827607&g_mp=Cilnb29nbGUubWFwcy5wbGFjZXMudjEuUGxhY2VzLlNlYXJjaE5lYXJieRACGAQgAA,ChIJf9mqmDsjDTkRF7Q1-9acUlM
Mahesh Kumar,hindu_temple,hindu_temple|place_of_worship|association_or_organization|point_of_interest|establishment,,,"C37M+QVQ, Sector 62, Tauli, Gurugram, Uttar Pradesh 122098, India",,,OPERATIONAL,https://maps.google.com/?cid=1705684295569057705&g_mp=Cilnb29nbGUubWFwcy5wbGFjZXMudjEuUGxhY2VzLlNlYXJjaE5lYXJieRACGAQgAA,ChIJG9aRBJsjDTkRqSdbaNTOqxc
Prius Vision,corporate_office,corporate_office|point_of_interest|establishment,098710 00886,,"Golf Course Extension Rd Sector 62 Gurgaon हरियाणा 122102 Republic of, Sector 62, Gurugram, Haryana 122098, India",4,16,OPERATIONAL,https://maps.google.com/?cid=18177074845882511445&g_mp=Cilnb29nbGUubWFwcy5wbGFjZXMudjEuUGxhY2VzLlNlYXJjaE5lYXJieRACGAQgAA,ChIJLU4mIBIiDTkRVfCDHETxQfw
4 Wheel Appeal,car_wash,car_wash|car_repair|point_of_interest|service|establishment,095996 19298,https://4wheelappeal.com/,"C38M+263, Golf Course Ext Rd, Sector 62, Gurugram, Haryana 122011, India",5,375,OPERATIONAL,https://maps.google.com/?cid=3656849201326949927&g_mp=Cilnb29nbGUubWFwcy5wbGFjZXMudjEuUGxhY2VzLlNlYXJjaE5lYXJieRACGAQgAA,ChIJo8rrcQAjDTkRJ4ZDSvm8vzI
Dr.Lal Path Lab And Diagnostic Solution,doctor,doctor|health|point_of_interest|establishment,,https://www.lalpathlabs.com/west-bengal/kolkata/sonarpur,"C38M+263, Golf Course Ext Rd, Sector 62, Gurugram, Haryana 122011, India",5,7,OPERATIONAL,https://maps.google.com/?cid=14708590673455243317&g_mp=Cilnb29nbGUubWFwcy5wbGFjZXMudjEuUGxhY2VzLlNlYXJjaE5lYXJieRACGAQgAA,ChIJ7dl-SR4jDTkRNWDsvUlpH8w
Green World Nursery,wholesaler,wholesaler|point_of_interest|establishment,,,"Sector 62, Golf Course Ext Rd, Sector 62, Gurugram, Haryana 122011, India",4.3,7,OPERATIONAL,https://maps.google.com/?cid=15616529475207180892&g_mp=Cilnb29nbGUubWFwcy5wbGFjZXMudjEuUGxhY2VzLlNlYXJjaE5lYXJieRACGAQgAA,ChIJdVocTgAjDTkRXDIkWtEOudg
MK Yadav crane,transportation_service,transportation_service|point_of_interest|establishment,,,"Golf Course Ext Rd, Block A, Sushant Lok III, Sector 62, Gurugram, Haryana 122011, India",5,1,OPERATIONAL,https://maps.google.com/?cid=768781300955441349&g_mp=Cilnb29nbGUubWFwcy5wbGFjZXMudjEuUGxhY2VzLlNlYXJjaE5lYXJieRACGAQgAA,ChIJ04LF9PwjDTkRxWhpIYVCqwo
Shyam Nursery,farm,farm|wholesaler|point_of_interest|service|establishment,098187 72082,https://gardenkings01.wixsite.com/gardenkings,"SHUSHANT LOK,2 EXT., Golf Course Ext Rd, Block F, Sushant Lok III, Sector 57, Gurugram, Haryana 122011, India",4.4,10,OPERATIONAL,https://maps.google.com/?cid=14294490399375865726&g_mp=Cilnb29nbGUubWFwcy5wbGFjZXMudjEuUGxhY2VzLlNlYXJjaE5lYXJieRACGAQgAA,ChIJrS-rlhIiDTkRfrcHZEg7YMY
SECTOR 62 Mehra SCO,shopping_mall,shopping_mall|point_of_interest|establishment,,,"Golf Course Ext Rd, SCO, Sector 62, Gurugram, Haryana 122102, India",,,OPERATIONAL,https://maps.google.com/?cid=14919275365975116094&g_mp=Cilnb29nbGUubWFwcy5wbGFjZXMudjEuUGxhY2VzLlNlYXJjaE5lYXJieRACGAQgAA,ChIJVWa1ALIjDTkRPskuT-bpC88
Emaar India - Amaris,apartment_building,apartment_building|point_of_interest|service|establishment,,https://in.emaar.com/en/properties/amaris/,"Amaris, off Golf Course Extension Road, Sector 61, Gurugram, Haryana 122011, India",5,6,OPERATIONAL,https://maps.google.com/?cid=9418770610196315231&g_mp=Cilnb29nbGUubWFwcy5wbGFjZXMudjEuUGxhY2VzLlNlYXJjaE5lYXJieRACGAQgAA,ChIJWSsz2dsjDTkRX_yjmfcxtoI
Emaar Amaris | Sales Office,corporate_office,corporate_office|point_of_interest|establishment,,https://emaar-amaris.in/,"Emaar Digi Homes, Golf Course Extention Road, Sector 62, VTC: 82, District:, PO:, Sector 62, Nangli Umarpur, Gurugram, Haryana 122011, India",2.3,3,OPERATIONAL,https://maps.google.com/?cid=7406697787845625500&g_mp=Cilnb29nbGUubWFwcy5wbGFjZXMudjEuUGxhY2VzLlNlYXJjaE5lYXJieRACGAQgAA,ChIJv2TaIgAjDTkRnMY1S2XgyWY
Tennis court 2,tennis_court,tennis_court|athletic_field|sports_activity_location|point_of_interest|establishment,,,"C37P+6P4, Unnamed Road, Sector 62, Gurugram, Haryana 122098, India",,,OPERATIONAL,https://maps.google.com/?cid=8202904778207645065&g_mp=Cilnb29nbGUubWFwcy5wbGFjZXMudjEuUGxhY2VzLlNlYXJjaE5lYXJieRACGAQgAA,ChIJl33freAjDTkRic1rV2-S1nE
Tennis court 1,tennis_court,tennis_court|athletic_field|sports_activity_location|point_of_interest|establishment,,,"C37P+6R2, Unnamed Road, Sector 62, Gurugram, Haryana 122098, India",,,OPERATIONAL,https://maps.google.com/?cid=5319434052255715369&g_mp=Cilnb29nbGUubWFwcy5wbGFjZXMudjEuUGxhY2VzLlNlYXJjaE5lYXJieRACGAQgAA,ChIJ663NfJwjDTkRKZDRQhZt0kk
Seven Velnes by Preeti A Pandey,consultant,consultant|health|service|point_of_interest|establishment,,,"Pioneer, Araya, Sector 62, Gurugram, Haryana 122098, India",,,OPERATIONAL,https://maps.google.com/?cid=10561936996360952481&g_mp=Cilnb29nbGUubWFwcy5wbGFjZXMudjEuUGxhY2VzLlNlYXJjaE5lYXJieRACGAQgAA,ChIJPxu_S7IjDTkRoZomGL2Jk5I
"Tower C, Pioneer Araya",apartment_building,apartment_building|service|point_of_interest|establishment,,,"Tower C, Pioneer Araya, Sector 62, Gurugram, Ghata, Haryana 122098, India",5,1,OPERATIONAL,https://maps.google.com/?cid=4344660650771238688&g_mp=Cilnb29nbGUubWFwcy5wbGFjZXMudjEuUGxhY2VzLlNlYXJjaE5lYXJieRACGAQgAA,ChIJXXBURAAjDTkRIE_WxtdVSzw
"Tata Motors Cars Service Centre - Triumph Auto Engg, Gurugram",store,car_repair|store|service|point_of_interest|establishment,,https://dealer-locator.cars.tatamotors.com/tata-motors-cars-service-centre-triumph-auto-engg-gurugram-auto-accessories-stores-gurugram-gurugram-563883/Home?utm_source=locator&utm_medium=googleplaces,"Km Milestone, 38, Delhi Jaipur Highway, Sector 62, Gurugram, Haryana 122001, India",,,OPERATIONAL,https://maps.google.com/?cid=17313568092546953392&g_mp=Cilnb29nbGUubWFwcy5wbGFjZXMudjEuUGxhY2VzLlNlYXJjaE5lYXJieRACGAQgAA,ChIJxXuiMlsjDTkRsHDM7nImRvA
Karuna Mehta,apartment_building,apartment_building|service|point_of_interest|establishment,,,"C37Q+63F, Sector 62, Ghata, Gurugram, Haryana 122098, India",5,1,OPERATIONAL,https://maps.google.com/?cid=16844524425875613568&g_mp=Cilnb29nbGUubWFwcy5wbGFjZXMudjEuUGxhY2VzLlNlYXJjaE5lYXJieRACGAQgAA,ChIJp8FPSQAjDTkRgOe0HrjFw-k
"Tower C, Pioneer Araya",apartment_building,apartment_building|service|point_of_interest|establishment,,,"Tower C, Pioneer Araya, Sector 62, Gurugram, Ghata, Haryana 122098, India",,,OPERATIONAL,https://maps.google.com/?cid=6090912213626399094&g_mp=Cilnb29nbGUubWFwcy5wbGFjZXMudjEuUGxhY2VzLlNlYXJjaE5lYXJieRACGAQgAA,ChIJW0fpOgAjDTkRdilKI2NEh1Q
Ajay Bishnoi & Associates,consultant,lawyer|consultant|service|point_of_interest|establishment,096436 00029,,"Chamber no. 134, Block-C, District Court Complex, near Rajeev Chowk, Sector 62, Gurugram, Haryana 122098, India",,,OPERATIONAL,https://maps.google.com/?cid=11783163816716226593&g_mp=Cilnb29nbGUubWFwcy5wbGFjZXMudjEuUGxhY2VzLlNlYXJjaE5lYXJieRACGAQgAA,ChIJDeNWgaMjDTkRIVCbuQ81hqM
Gurugram Public School,school,school|educational_institution|point_of_interest|establishment,0124 437 3426,https://www.gurugrampublicschool.in/,"Sector 62, Gurugram, Haryana 122098, India",,,OPERATIONAL,https://maps.google.com/?cid=13565288034870990739&g_mp=Cilnb29nbGUubWFwcy5wbGFjZXMudjEuUGxhY2VzLlNlYXJjaE5lYXJieRACGAQgAA,ChIJ6dnrbxEiDTkRk5dXgpiVQbw
Khanna's Sector 62,housing_complex,housing_complex|service|point_of_interest|establishment,,,"C37P+QQC, Sector 62, Gurugram, Haryana 122098, India",5,3,OPERATIONAL,https://maps.google.com/?cid=4952336150076233885&g_mp=Cilnb29nbGUubWFwcy5wbGFjZXMudjEuUGxhY2VzLlNlYXJjaE5lYXJieRACGAQgAA,ChIJEW3VikEjDTkRnZieaX07ukQ
Kuldeep Fresh Juice,juice_shop,juice_shop|food|point_of_interest|establishment,,,"C37P+QX7, Sector 62, Gurugram, Haryana 122001, India",5,1,OPERATIONAL,https://maps.google.com/?cid=16969577366924335206&g_mp=Cilnb29nbGUubWFwcy5wbGFjZXMudjEuUGxhY2VzLlNlYXJjaE5lYXJieRACGAQgAA,ChIJJf9iVFsjDTkRZpgI4LQMgOs
Js group,place_of_worship,place_of_worship|association_or_organization|point_of_interest|establishment,,,"C 705, Pioneer Urban Square, Golf Course Ext Rd, Sector 62, Gurugram, Haryana 122098, India",,,OPERATIONAL,https://maps.google.com/?cid=1344004508965094645&g_mp=Cilnb29nbGUubWFwcy5wbGFjZXMudjEuUGxhY2VzLlNlYXJjaE5lYXJieRACGAQgAA,ChIJ7yrGQn8jDTkR9URj5frcphI
Juleshwar-da-Dhaba,fast_food_restaurant,fast_food_restaurant|restaurant|food|point_of_interest|establishment,088027 59379,,"Sector 62, Gurugram, Haryana 122001, India",5,1,OPERATIONAL,https://maps.google.com/?cid=13860692488705956318&g_mp=Cilnb29nbGUubWFwcy5wbGFjZXMudjEuUGxhY2VzLlNlYXJjaE5lYXJieRACGAQgAA,ChIJr3yiQK0jDTkR3lk-omESW8A
Dharamshila Belting Pvt. Ltd.,corporate_office,corporate_office|point_of_interest|establishment,,,"Office No. 308, Block-C, Pioneer Urban Square, Sector 62, Gurugram, Haryana 122011, India",,,OPERATIONAL,https://maps.google.com/?cid=15874446259127432379&g_mp=Cilnb29nbGUubWFwcy5wbGFjZXMudjEuUGxhY2VzLlNlYXJjaE5lYXJieRACGAQgAA,ChIJI0HqRbgjDTkRu7RRKcRcTdw
Home of Nokia mobile phone,corporate_office,corporate_office|point_of_interest|establishment,,http://www.hmdglobal.com/,"5th Floor, Block-C, Pioneer Urban Square, Golf Course Ext Rd, Sector 62, Gurugram, Haryana 122098, India",5,2,OPERATIONAL,https://maps.google.com/?cid=12433037653292965325&g_mp=Cilnb29nbGUubWFwcy5wbGFjZXMudjEuUGxhY2VzLlNlYXJjaE5lYXJieRACGAQgAA,ChIJh9KQPjgjDTkRzV2VY98Fi6w
Handysolver,,point_of_interest|establishment,099532 74727,http://handysolver.com/,"C 705, Pioneer Urban Square, Golf Course Ext Rd, Sector 62, Gurugram, Haryana 122098, India",4.7,13,OPERATIONAL,https://maps.google.com/?cid=261793505562950866&g_mp=Cilnb29nbGUubWFwcy5wbGFjZXMudjEuUGxhY2VzLlNlYXJjaE5lYXJieRACGAQgAA,ChIJsfBethEiDTkR0nyVZ84TogM
Iconic Edge LLP,,marketing_consultant|consultant|service|point_of_interest|establishment,,http://www.iconicedge.org/,"Tower D 210, Pioneer Urban Square, Sector 62, Golf Course Ext Rd, Sector 62, Gurugram, Haryana 122101, India",5,10,OPERATIONAL,https://maps.google.com/?cid=18439315116632838656&g_mp=Cilnb29nbGUubWFwcy5wbGFjZXMudjEuUGxhY2VzLlNlYXJjaE5lYXJieRACGAQgAA,ChIJwSjYkvAjDTkRABJkJGeb5f8
BGSG Group Corporate Office,corporate_office,corporate_office|point_of_interest|establishment,,,"Urban Square by, Pioneer Urban Square, D-301, Sector 62, Gurugram, Haryana 122098, India",4.5,2,OPERATIONAL,https://maps.google.com/?cid=6689710462035542152&g_mp=Cilnb29nbGUubWFwcy5wbGFjZXMudjEuUGxhY2VzLlNlYXJjaE5lYXJieRACGAQgAA,ChIJHYGYc_QjDTkRiMDXuzig1lw
Kivi Capital,finance,finance|point_of_interest|establishment,0124 414 0063,http://kivicapital.in/,"Tower C, Pioneer Urban Square, 306, Golf Course Ext Rd, Sector 62, Gurugram, Haryana 122005, India",4.8,4,OPERATIONAL,https://maps.google.com/?cid=12978183634600349768&g_mp=Cilnb29nbGUubWFwcy5wbGFjZXMudjEuUGxhY2VzLlNlYXJjaE5lYXJieRACGAQgAA,ChIJIThUK3QYDTkRSFAkGkHFG7Q
Pioneer Urban Square Tower D,corporate_office,corporate_office|point_of_interest|establishment,,,"D-511, Sector 62, Gurugram, Ghata, Haryana 122098, India",,,OPERATIONAL,https://maps.google.com/?cid=1606051663742581255&g_mp=Cilnb29nbGUubWFwcy5wbGFjZXMudjEuUGxhY2VzLlNlYXJjaE5lYXJieRACGAQgAA,ChIJnyhXMAAjDTkRBzpNnHrXSRY
Bowl Radha Bowl,restaurant,restaurant|food|point_of_interest|establishment,074300 30003,,"Shop no 103, first floor, Ram ji market, Ullawas Dhani Rd, near Zomato office, Sector 62, Gurugram, Haryana 122098, India",,,OPERATIONAL,https://maps.google.com/?cid=12590362185282281991&g_mp=Cilnb29nbGUubWFwcy5wbGFjZXMudjEuUGxhY2VzLlNlYXJjaE5lYXJieRACGAQgAA,ChIJwZ_mGxwjDTkRB-JCb7Pzua4
Presidia Apartments,apartment_complex,apartment_complex|service|point_of_interest|establishment,,,"C37R+243, Sector 62, Gurugram, Haryana 122098, India",4.7,20,OPERATIONAL,https://maps.google.com/?cid=6540004895989903707&g_mp=Cilnb29nbGUubWFwcy5wbGFjZXMudjEuUGxhY2VzLlNlYXJjaE5lYXJieRACGAQgAA,ChIJy4T0cQAjDTkRWzHLbs3Dwlo
Tadka by shafu,meal_delivery,meal_delivery|health_food_store|food_delivery|food_store|store|health|food|point_of_interest|establishment,097737 89978,,"Pioneer Araya, Tower-A, Sector 62, Gurugram, Haryana 122102, India",5,9,OPERATIONAL,https://maps.google.com/?cid=1750248210950430191&g_mp=Cilnb29nbGUubWFwcy5wbGFjZXMudjEuUGxhY2VzLlNlYXJjaE5lYXJieRACGAQgAA,ChIJrX7N-jIjDTkR7512gnkhShg
Oscar International Packers And Movers Gurgaon,manufacturer,manufacturer|point_of_interest|establishment,087969 30290,http://www.oscarinternationalpackers.in/,"Shop No 19, Ullawas Dhani Road, nearby Pioneer Park Drive, Sector 62, Gurugram, Haryana 122098, India",5,2,OPERATIONAL,https://maps.google.com/?cid=13443171626852613355&g_mp=Cilnb29nbGUubWFwcy5wbGFjZXMudjEuUGxhY2VzLlNlYXJjaE5lYXJieRACGAQgAA,ChIJw9nqw9ojDTkR6_wooV69j7o
Navin Fruits Shop,grocery_store,grocery_store|food_store|store|food|point_of_interest|establishment,091628 60865,,"Sabji Mandi Ullabaas, C36R+W6M Navin Fruits Shop, Sector 62, Ghamroj, Gurugram, Haryana 122098, India",,,CLOSED_TEMPORARILY,https://maps.google.com/?cid=17039168074928908128&g_mp=Cilnb29nbGUubWFwcy5wbGFjZXMudjEuUGxhY2VzLlNlYXJjaE5lYXJieRACGAQgAA,ChIJr_-f93sjDTkRYGdQNhZJd-w
Curriies4u,wholesaler,health_food_store|grocery_store|wholesaler|food_store|supplier|store|health|manufacturer|food|point_of_interest|establishment,088514 30161,https://www.curriies4u.com/,"Pioneer Araya, Shaffu Foods, Golf Course Ext Rd, Sector 62, Gurugram, Haryana 122103, India",5,62,OPERATIONAL,https://maps.google.com/?cid=5550898964759932796&g_mp=Cilnb29nbGUubWFwcy5wbGFjZXMudjEuUGxhY2VzLlNlYXJjaE5lYXJieRACGAQgAA,ChIJoSqdeK4jDTkRfG-Z0jLBCE0
Club ZION,family_restaurant,family_restaurant|restaurant|food|point_of_interest|establishment,,,"Club ZION by Pioneer Urban, Golf Course Extn, C36Q+XPG, CRPF Rd, Sector 62, Gurugram, Haryana 122098, India",4.6,126,OPERATIONAL,https://maps.google.com/?cid=9584483578915237977&g_mp=Cilnb29nbGUubWFwcy5wbGFjZXMudjEuUGxhY2VzLlNlYXJjaE5lYXJieRACGAQgAA,ChIJJ1XmMckjDTkRWbDOxAjtAoU
Street treats,restaurant,restaurant|food|point_of_interest|establishment,088105 47233,,"Pioneer square, Ground Floor, Tower 1, Sector 62, Gurugram, Haryana 122011, India",5,4,OPERATIONAL,https://maps.google.com/?cid=14702315147626914803&g_mp=Cilnb29nbGUubWFwcy5wbGFjZXMudjEuUGxhY2VzLlNlYXJjaE5lYXJieRACGAQgAA,ChIJ19xWFGwjDTkR86MlBrsdCcw
Mila Beauté,corporate_office,corporate_office|point_of_interest|establishment,0124 436 6196,https://milabeaute.com/,"Unit 4,5 and 6, Good Earth Trade Tower, Tower B,First Floor, Sector 62, Gurugram, Haryana 122098, India",4.6,20,OPERATIONAL,https://maps.google.com/?cid=13541662040470900966&g_mp=Cilnb29nbGUubWFwcy5wbGFjZXMudjEuUGxhY2VzLlNlYXJjaE5lYXJieRACGAQgAA,ChIJW-efq6UBDTkR5tCoBuGl7bs
Pioneer presidia,association_or_organization,service|association_or_organization|point_of_interest|establishment,,,"42QJ+46P, Garhi Kesri Rd, Sector 62, Ganaur, Gurugram, Haryana 122098, India",5,2,OPERATIONAL,https://maps.google.com/?cid=15721933238670264364&g_mp=Cilnb29nbGUubWFwcy5wbGFjZXMudjEuUGxhY2VzLlNlYXJjaE5lYXJieRACGAQgAA,ChIJrynmcQAjDTkRLAhZcfuGL9o
"Tower B, Pioneer Presidia",apartment_building,apartment_building|service|point_of_interest|establishment,,,"Tower B, Pioneer Presidia, Sector 62, Gurugram, Ghata, Haryana 122098, India",5,1,OPERATIONAL,https://maps.google.com/?cid=13279096783848483244&g_mp=Cilnb29nbGUubWFwcy5wbGFjZXMudjEuUGxhY2VzLlNlYXJjaE5lYXJieRACGAQgAA,ChIJpxzvGAAjDTkRrClSUyvUSLg
Computer repair mobile repair printer repair,electronics_store,electronics_store|store|point_of_interest|establishment,,,"Shop 32, Baharampur Naya, Sector 61, Gurugram, Haryana 122098, India",4.9,11,OPERATIONAL,https://maps.google.com/?cid=10997474252099900539&g_mp=Cilnb29nbGUubWFwcy5wbGFjZXMudjEuUGxhY2VzLlNlYXJjaE5lYXJieRACGAQgAA,ChIJ63bhi8kjDTkRe1TrrpDgnpg
Pioneer Urban Land & Infrastructure Ltd.,general_contractor,general_contractor|service|point_of_interest|establishment,,https://www.pioneerurban.in/,"Ground Floor, Pioneer Square, near Golf Course Extension Road, Sector 62, Gurugram, Haryana 122098, India",5,2,OPERATIONAL,https://maps.google.com/?cid=3627551681626513905&g_mp=Cilnb29nbGUubWFwcy5wbGFjZXMudjEuUGxhY2VzLlNlYXJjaE5lYXJieRACGAQgAA,ChIJC_52KWQjDTkR8SG46winVzI
"Pioneer Araya, Tower D",apartment_building,apartment_building|service|point_of_interest|establishment,,,"Araya Tower-4, Pioneer, Araya, Sector 62, Gurugram, Haryana 122098, India",4.9,9,OPERATIONAL,https://maps.google.com/?cid=599321400532689303&g_mp=Cilnb29nbGUubWFwcy5wbGFjZXMudjEuUGxhY2VzLlNlYXJjaE5lYXJieRACGAQgAA,ChIJLdVYY3ojDTkRl2EKcaM3UQg
The Shine Unisex Salon,beauty_salon,beauty_salon|service|point_of_interest|establishment,075576 62837,,"Shop No. 8, Araya, Pioneer Presidia, Sector 62, Gurugram, Haryana 122011, India",5,7,OPERATIONAL,https://maps.google.com/?cid=4348628841174396107&g_mp=Cilnb29nbGUubWFwcy5wbGFjZXMudjEuUGxhY2VzLlNlYXJjaE5lYXJieRACGAQgAA,ChIJl5CcRWkjDTkRy-w3GuRuWTw
House of Saaga,store,furniture_store|home_improvement_store|home_goods_store|wholesaler|store|point_of_interest|establishment,098107 88776,https://www.saaga.in/,"Pioneer Presidia, A-2002, Golf Course Ext Rd, Sector 62, Gurugram, Haryana 122002, India",5,3,OPERATIONAL,https://maps.google.com/?cid=18424367844146416086&g_mp=Cilnb29nbGUubWFwcy5wbGFjZXMudjEuUGxhY2VzLlNlYXJjaE5lYXJieRACGAQgAA,ChIJZZUGgJoiDTkR1gl6EfCAsP8
Daily Needs Supermart,grocery_store,general_store|market|grocery_store|food_store|store|food|point_of_interest|establishment,,,"Araya, Pioneer Presidia, Sector 62, Gurugram, Haryana 122102, India",5,3,OPERATIONAL,https://maps.google.com/?cid=17739023484332574601&g_mp=Cilnb29nbGUubWFwcy5wbGFjZXMudjEuUGxhY2VzLlNlYXJjaE5lYXJieRACGAQgAA,ChIJM7jhOgAjDTkRiYf0pd-rLfY
Bajaj Home,apartment_building,apartment_building|service|point_of_interest|establishment,,,"Pioneer Presidia, Sector 62, Gurugram, Ghata, Haryana 122098, India",,,OPERATIONAL,https://maps.google.com/?cid=4475746945306702059&g_mp=Cilnb29nbGUubWFwcy5wbGFjZXMudjEuUGxhY2VzLlNlYXJjaE5lYXJieRACGAQgAA,ChIJuUP-FgAjDTkR67CLGyIMHT4
Fabspin Dry Cleaners,laundry,laundry|service|point_of_interest|establishment,095992 99412,https://www.fabspin.com/best-dry-cleaning-services-in-sector-62-ghata-gurugram/,"Shop No.9, Pioneer Presidia, Sector 62, Ghata, Gurugram, Haryana 122098, India",5,22,OPERATIONAL,https://maps.google.com/?cid=8447019708022560781&g_mp=Cilnb29nbGUubWFwcy5wbGFjZXMudjEuUGxhY2VzLlNlYXJjaE5lYXJieRACGAQgAA,ChIJTUYSmjEjDTkRDZhok6vXOXU
Brushes.and.blushes_rupz,makeup_artist,makeup_artist|point_of_interest|establishment,093138 83418,https://www.instagram.com/brushes.and.blushes_rupz?igsh=ZGNjOWZkYTE3MQ==&utm_source=qr,"B 901, Pioneer Presidia, Golf Course Ext Rd, near Heritage school, Sector 62, Gurugram, Haryana 122098, India",5,11,OPERATIONAL,https://maps.google.com/?cid=1831756043679713454&g_mp=Cilnb29nbGUubWFwcy5wbGFjZXMudjEuUGxhY2VzLlNlYXJjaE5lYXJieRACGAQgAA,ChIJARXzNz0jDTkRrki0qmq0axk
Siri Shyam property,apartment_complex,apartment_complex|point_of_interest|service|establishment,,,"Ews 315, Baharampur Naya, Sector 61, Gurugram, Haryana 122098, India",4,2,OPERATIONAL,https://maps.google.com/?cid=5096319690893082098&g_mp=Cilnb29nbGUubWFwcy5wbGFjZXMudjEuUGxhY2VzLlNlYXJjaE5lYXJieRACGAQgAA,ChIJixEOFAAjDTkR8r2C5cHDuUY
SHRI SATYAM PROPARTY,real_estate_agency,real_estate_agency|point_of_interest|service|establishment,,,"40, Baharampur Naya, Sector 61, Gurugram, Ghata, Haryana 122098, India",,,CLOSED_TEMPORARILY,https://maps.google.com/?cid=12429735435164604388&g_mp=Cilnb29nbGUubWFwcy5wbGFjZXMudjEuUGxhY2VzLlNlYXJjaE5lYXJieRACGAQgAA,ChIJY7LzdQAjDTkR5FcS0YVKf6w
Tower K,apartment_building,apartment_building|point_of_interest|service|establishment,,,"C37R+JV4 EWS Tower, 26/61, Golf Course Ext Rd, Baharampur Naya, Sector 61, Gurugram, Haryana 122098, India",,,OPERATIONAL,https://maps.google.com/?cid=8388550915775618464&g_mp=Cilnb29nbGUubWFwcy5wbGFjZXMudjEuUGxhY2VzLlNlYXJjaE5lYXJieRACGAQgAA,ChIJR9uzvisjDTkRoF0VC50eanQ
JustBhutani,apartment_building,apartment_building|point_of_interest|service|establishment,,,"H- 404, C37R+JV4 Pioneer Park, Golf Course Ext Rd, Baharampur Naya, Sector 61, Gurugram, Haryana 122098, India",5,2,OPERATIONAL,https://maps.google.com/?cid=6600936411965192357&g_mp=Cilnb29nbGUubWFwcy5wbGFjZXMudjEuUGxhY2VzLlNlYXJjaE5lYXJieRACGAQgAA,ChIJnwTWqMwjDTkRpXgghLE8m1s
"H Block Pioneer Park, H-603",point_of_interest,point_of_interest|establishment,,,"Pioneer Park, Golf Course Ext Rd, Baharampur Naya, Sector 61, Gurugram, Haryana 122098, India",5,3,OPERATIONAL,https://maps.google.com/?cid=1605284516503713173&g_mp=Cilnb29nbGUubWFwcy5wbGFjZXMudjEuUGxhY2VzLlNlYXJjaE5lYXJieRACGAQgAA,ChIJ83p-OQAjDTkRlXWjOcMdRxY
"Tower K, Pioneer park",apartment_building,apartment_building|point_of_interest|service|establishment,,,"Block-K, Baharampur Naya, Sector 61, Gurugram, Ghata, Haryana 122098, India",,,OPERATIONAL,https://maps.google.com/?cid=7377000930387798306&g_mp=Cilnb29nbGUubWFwcy5wbGFjZXMudjEuUGxhY2VzLlNlYXJjaE5lYXJieRACGAQgAA,ChIJ2ZFZZwAjDTkRIql920JfYGY
H tower Pioneer Park,apartment_building,apartment_building|point_of_interest|service|establishment,,,"Pioneer Park, Golf Course Ext Rd, Baharampur Naya, Sector 61, Gurugram, Ghata, Haryana 122098, India",,,OPERATIONAL,https://maps.google.com/?cid=3415981763949438277&g_mp=Cilnb29nbGUubWFwcy5wbGFjZXMudjEuUGxhY2VzLlNlYXJjaE5lYXJieRACGAQgAA,ChIJiy3OGgAjDTkRRSVrz1ABaC8
SMS Ansal Versalia,apartment_building,apartment_building|point_of_interest|service|establishment,,,"4133, Block-H, Ansal Versalia, Sector 61, Gurugram, Haryana 122098, India",2,1,OPERATIONAL,https://maps.google.com/?cid=6373646477563218475&g_mp=Cilnb29nbGUubWFwcy5wbGFjZXMudjEuUGxhY2VzLlNlYXJjaE5lYXJieRACGAQgAA,ChIJuSQEDgAjDTkRK0oTy7O9c1g
Just Do Dial,service,point_of_interest|service|establishment,089208 22791,,"Revenue Rd, Baharampur Naya, Sector 59, Gurugram, Haryana 122098, India",3.7,3,OPERATIONAL,https://maps.google.com/?cid=11552942703297897207&g_mp=Cilnb29nbGUubWFwcy5wbGFjZXMudjEuUGxhY2VzLlNlYXJjaE5lYXJieRACGAQgAA,ChIJTyljy1QjDTkR9yKDtC1MVKA
H 1101 H Block Pioneer Park,apartment_building,apartment_building|point_of_interest|service|establishment,,,"Block-H, Baharampur Naya, Sector 61, Gurugram, Ghata, Haryana 122098, India",,,OPERATIONAL,https://maps.google.com/?cid=17376679450071810620&g_mp=Cilnb29nbGUubWFwcy5wbGFjZXMudjEuUGxhY2VzLlNlYXJjaE5lYXJieRACGAQgAA,ChIJY68LIgAjDTkRPEJc7eRdJvE
G Tower,apartment_building,apartment_building|point_of_interest|service|establishment,,,"Pioneer Park, Golf Course Ext Rd, Baharampur Naya, Sector 61, Gurugram, Ghata, Haryana 122098, India",,,OPERATIONAL,https://maps.google.com/?cid=9352233234210888268&g_mp=Cilnb29nbGUubWFwcy5wbGFjZXMudjEuUGxhY2VzLlNlYXJjaE5lYXJieRACGAQgAA,ChIJ45qMFwAjDTkRTBq-hZPOyYE
Serenity,clothing_store,clothing_store|point_of_interest|store|establishment,098111 92259,,"Pioneer Park, Golf Course Ext Rd, Baharampur Naya, Sector 61, Gurugram, Haryana 122098, India",5,1,CLOSED_TEMPORARILY,https://maps.google.com/?cid=1137380770977235676&g_mp=Cilnb29nbGUubWFwcy5wbGFjZXMudjEuUGxhY2VzLlNlYXJjaE5lYXJieRACGAQgAA,ChIJ7Wpv998jDTkR3EJ1_MjJyA8
Tushar Agarwal G1704 Pioneer Park,apartment_building,apartment_building|point_of_interest|service|establishment,,,"Block-G, Baharampur Naya, Sector 61, Gurugram, Ghata, Haryana 122098, India",5,1,OPERATIONAL,https://maps.google.com/?cid=1503596471477385227&g_mp=Cilnb29nbGUubWFwcy5wbGFjZXMudjEuUGxhY2VzLlNlYXJjaE5lYXJieRACGAQgAA,ChIJ87Q-cgAjDTkRC7jwPwbZ3RQ
Art of Living Sector 61,health,health|point_of_interest|establishment,093500 51474,,"Pioneer park, Baharampur Naya, Sector 61, Gurugram, Haryana 122098, India",5,1,OPERATIONAL,https://maps.google.com/?cid=16965911274334353314&g_mp=Cilnb29nbGUubWFwcy5wbGFjZXMudjEuUGxhY2VzLlNlYXJjaE5lYXJieRACGAQgAA,ChIJj2qV9zUjDTkRond-LWoGc-s
manish Geyser repair & service,service,point_of_interest|service|establishment,078278 87039,,"shop number 5, Ullahawas, Baharampur Naya, Sector 62, Gurugram, Haryana 122098, India",5,21,OPERATIONAL,https://maps.google.com/?cid=9058588035331590831&g_mp=Cilnb29nbGUubWFwcy5wbGFjZXMudjEuUGxhY2VzLlNlYXJjaE5lYXJieRACGAQgAA,ChIJC74vlnkjDTkRrwqL3NKRtn0
"Block G, Pioneer Park",apartment_building,apartment_building|point_of_interest|service|establishment,,,"Block-G, Baharampur Naya, Sector 61, Gurugram, Ghata, Haryana 122098, India",,,OPERATIONAL,https://maps.google.com/?cid=12393927641183089210&g_mp=Cilnb29nbGUubWFwcy5wbGFjZXMudjEuUGxhY2VzLlNlYXJjaE5lYXJieRACGAQgAA,ChIJgYY0NgAjDTkROvKcGIYTAKw
Soni di,apartment_building,apartment_building|point_of_interest|service|establishment,,,"Pioneer Park, M201, near Golf Course Extension Road, Baharampur Naya, Sector 61, Gurugram, Ghata, Haryana 122098, India",,,OPERATIONAL,https://maps.google.com/?cid=11805720492525649891&g_mp=Cilnb29nbGUubWFwcy5wbGFjZXMudjEuUGxhY2VzLlNlYXJjaE5lYXJieRACGAQgAA,ChIJRWAJHwAjDTkR43-KEj1Y1qM
POP - Double or Twin Room with Private Bathroom,lodging,lodging|point_of_interest|establishment,,https://www.bluepillow.com/search/65c9ff8a671b07d23c69c990?dest=bkng&cat=House&lat=28.41218&lng=77.09269&language=en,"Baharampur Naya, Sector 61, Gurugram, Haryana 122098, India",,,OPERATIONAL,https://maps.google.com/?cid=10847949675901514991&g_mp=Cilnb29nbGUubWFwcy5wbGFjZXMudjEuUGxhY2VzLlNlYXJjaE5lYXJieRACGAQgAA,ChIJ0eHBQBoiDTkR73RsXcGoi5Y
NKCC HOUSE,housing_complex,housing_complex|point_of_interest|service|establishment,,,"H.no 95, Ullawas Dhani Rd, near Pioneer Park Drive, CRPF Park, Sector 61, Gurugram, Nangli Umarpur, Haryana 122098, India",,,OPERATIONAL,https://maps.google.com/?cid=12418987387464235089&g_mp=Cilnb29nbGUubWFwcy5wbGFjZXMudjEuUGxhY2VzLlNlYXJjaE5lYXJieRACGAQgAA,ChIJhbRPSgAjDTkRUbjc8zobWaw
My Human AI Coach,health,health|point_of_interest|service|establishment,,,"Pioneer Pk Dr, Baharampur Naya, Sector 61, Gurugram, Haryana 122001, India",,,OPERATIONAL,https://maps.google.com/?cid=18303738961727356167&g_mp=Cilnb29nbGUubWFwcy5wbGFjZXMudjEuUGxhY2VzLlNlYXJjaE5lYXJieRACGAQgAA,ChIJQ2ZDl8MjDTkRB308u5vxA_4
Home Vandeeta,apartment_building,apartment_building|service|point_of_interest|establishment,,,"69, Deerwood Chase, Nirvana Country, Sector 50, Gurugram, Haryana 122018, India",5,1,OPERATIONAL,https://maps.google.com/?cid=13563575237850299512&g_mp=Cilnb29nbGUubWFwcy5wbGFjZXMudjEuUGxhY2VzLlNlYXJjaE5lYXJieRACGAQgAA,ChIJdyeWUcEjDTkRePxZ4NB_O7w
SHARMA’S VILLA,service,service|point_of_interest|establishment,,,"81, 81, Deerwood Chase, Nirvana Country, Sector 50, Gurugram, Haryana 122018, India",5,3,OPERATIONAL,https://maps.google.com/?cid=11638275237127209884&g_mp=Cilnb29nbGUubWFwcy5wbGFjZXMudjEuUGxhY2VzLlNlYXJjaE5lYXJieRACGAQgAA,ChIJT4ePaJcjDTkRnEMxe6p1g6E
PJ House,association_or_organization,service|association_or_organization|point_of_interest|establishment,,,"12, Nirvana Country Rd, opposite, Mayfield Garden, Sector 50, Gurugram, Haryana 122018, India",,,OPERATIONAL,https://maps.google.com/?cid=15647925478608274321&g_mp=Cilnb29nbGUubWFwcy5wbGFjZXMudjEuUGxhY2VzLlNlYXJjaE5lYXJieRACGAQgAA,ChIJ9WPMCAAjDTkRkQM7CFGZKNk
"8, Birch Court",apartment_building,apartment_building|service|point_of_interest|establishment,,,"Birch Court, Nirvana Central Rd, Nirvana Country, Sector 50, Gurugram, Haryana 122018, India",,,OPERATIONAL,https://maps.google.com/?cid=11981022922806870687&g_mp=Cilnb29nbGUubWFwcy5wbGFjZXMudjEuUGxhY2VzLlNlYXJjaE5lYXJieRACGAQgAA,ChIJPR3vLAAjDTkRn0K3v94kRaY
House,association_or_organization,service|association_or_organization|point_of_interest|establishment,,,"31, Birch Court, Nirvana Country, Sector 50, Gurugram, Adampur, Haryana 122018, India",,,OPERATIONAL,https://maps.google.com/?cid=16174330995475886178&g_mp=Cilnb29nbGUubWFwcy5wbGFjZXMudjEuUGxhY2VzLlNlYXJjaE5lYXJieRACGAQgAA,ChIJ9bcdLQAjDTkRYjDuWFjEduA
Brilliance School of Music,educational_institution,educational_institution|service|point_of_interest|establishment,084478 31793,http://www.brillianceschoolofmusic.com/,"House No 95, Deerwood Chase, near Nirvana Courtyard, Nirvana Country, Sector 50, Gurugram, Haryana 122018, India",4.9,24,OPERATIONAL,https://maps.google.com/?cid=9731617371134553263&g_mp=Cilnb29nbGUubWFwcy5wbGFjZXMudjEuUGxhY2VzLlNlYXJjaE5lYXJieRACGAQgAA,ChIJlfMEQ8QYDTkRr-x-UHCmDYc
Agraj Education,educational_institution,educational_institution|point_of_interest|establishment,088004 42082,,"B-103, Sector 50, Mayfield Garden, Sector 50, Gurugram, Haryana 122018, India",4.7,6,OPERATIONAL,https://maps.google.com/?cid=4293350275613051446&g_mp=Cilnb29nbGUubWFwcy5wbGFjZXMudjEuUGxhY2VzLlNlYXJjaE5lYXJieRACGAQgAA,ChIJByYly4YiDTkRNso9GlQLlTs
crossroadsbrands,service,service|point_of_interest|establishment,088003 55400,http://www.crossroadsbrands.com/,"12/302 The Close North , Nirvana country, sector 50, Nirvana Country, Sector 50, Gurugram, Haryana 122018, India",3,2,CLOSED_TEMPORARILY,https://maps.google.com/?cid=13423015644763003820&g_mp=Cilnb29nbGUubWFwcy5wbGFjZXMudjEuUGxhY2VzLlNlYXJjaE5lYXJieRACGAQgAA,ChIJI98mqnsiDTkRrBucWJwhSLo
Deerwood Chase Nirvana Country Gurgaon,garden,garden|point_of_interest|establishment,,,"C387+56W, Nirvana Central Rd, Nirvana Country, Sector 50, Adampur, Gurugram, Haryana 122018, India",5,2,OPERATIONAL,https://maps.google.com/?cid=7444236225585958077&g_mp=Cilnb29nbGUubWFwcy5wbGFjZXMudjEuUGxhY2VzLlNlYXJjaE5lYXJieRACGAQgAA,ChIJR-IDb3siDTkRvUwl6mc9T2c
Adhyayanam Academy,educational_institution,educational_institution|point_of_interest|establishment,011 4005 0800,https://adhyayanamacademy.com/,"Deerwood Chase, Nirvana Country, Sector 50, Gurugram, Haryana 122018, India",5,14,CLOSED_TEMPORARILY,https://maps.google.com/?cid=221861958628852582&g_mp=Cilnb29nbGUubWFwcy5wbGFjZXMudjEuUGxhY2VzLlNlYXJjaE5lYXJieRACGAQgAA,ChIJY9D-XnsiDTkRZsM-oUY2FAM
NH Aashiyana,apartment_building,apartment_building|service|point_of_interest|establishment,,,"79, Birch Court, Nirvana Country, Sector 50, Gurugram, Adampur, Haryana 122018, India",5,1,OPERATIONAL,https://maps.google.com/?cid=7459044045602786755&g_mp=Cilnb29nbGUubWFwcy5wbGFjZXMudjEuUGxhY2VzLlNlYXJjaE5lYXJieRACGAQgAA,ChIJ7fb9IwAjDTkRw40lLgrZg2c
DTDC MOVERS AND PACKERS,transportation_service,transportation_service|point_of_interest|establishment,096549 11811,http://www.dtdcmoversandpackers.com/,"Deerwood Chase, Nirvana Country, Sector 50, Gurugram, Haryana 122018, India",4.8,4,OPERATIONAL,https://maps.google.com/?cid=12825513179034193058&g_mp=Cilnb29nbGUubWFwcy5wbGFjZXMudjEuUGxhY2VzLlNlYXJjaE5lYXJieRACGAQgAA,ChIJ4RvshPkjDTkRooxsqkhg_bE
"23 Birch Court, Nirvana Country, Sector 50",housing_complex,housing_complex|service|point_of_interest|establishment,,,"C388+J27, Nirvana Country, Sector 50, Gurugram, Haryana 122018, India",4,2,OPERATIONAL,https://maps.google.com/?cid=16035951485742679101&g_mp=Cilnb29nbGUubWFwcy5wbGFjZXMudjEuUGxhY2VzLlNlYXJjaE5lYXJieRACGAQgAA,ChIJh3MbPQAjDTkRPQQXB-oki94
Home,apartment_building,apartment_building|service|point_of_interest|establishment,,,"77, Birch Court, Nirvana Country, Sector 50, Gurugram, Adampur, Haryana 122018, India",,,OPERATIONAL,https://maps.google.com/?cid=4038691741182492244&g_mp=Cilnb29nbGUubWFwcy5wbGFjZXMudjEuUGxhY2VzLlNlYXJjaE5lYXJieRACGAQgAA,ChIJVSsAJAAjDTkRVH58nr1QDDg
4 Birchcourt,association_or_organization,service|association_or_organization|point_of_interest|establishment,,,"C388+836, Nirvana Country, Sector 50, Gurugram, Haryana 122018, India",5,1,OPERATIONAL,https://maps.google.com/?cid=17058064698016918456&g_mp=Cilnb29nbGUubWFwcy5wbGFjZXMudjEuUGxhY2VzLlNlYXJjaE5lYXJieRACGAQgAA,ChIJUTKsGwAjDTkRuOvtIHdruuw
Singinn Digital School Software,,point_of_interest|establishment,011 6926 1568,https://digitalschool.singinn.co.in/,"hudacity center, Nirvana Country, Sector 50, Gurugram, Haryana 122018, India",5,2,OPERATIONAL,https://maps.google.com/?cid=17163347326842256159&g_mp=Cilnb29nbGUubWFwcy5wbGFjZXMudjEuUGxhY2VzLlNlYXJjaE5lYXJieRACGAQgAA,ChIJmQwSLyMjDTkRHzsVXXV1MO4
Epicura Culinary,catering_service,catering_service|food_delivery|service|food|point_of_interest|establishment,099999 42995,http://epicura.co.in/,"Deerwood Chase, Nirvana Country, Sector 50, Gurugram, Haryana 122018, India",5,11,OPERATIONAL,https://maps.google.com/?cid=16971330222292569717&g_mp=Cilnb29nbGUubWFwcy5wbGFjZXMudjEuUGxhY2VzLlNlYXJjaE5lYXJieRACGAQgAA,ChIJIxAspacjDTkRdY6ZUetGhus
Park,park,park|point_of_interest|establishment,,,"C377+X8J, Nirvana Country, Sector 50, Gurugram, Haryana 122018, India",5,3,OPERATIONAL,https://maps.google.com/?cid=5517643951325198912&g_mp=Cilnb29nbGUubWFwcy5wbGFjZXMudjEuUGxhY2VzLlNlYXJjaE5lYXJieRACGAQgAA,ChIJBe3rawAjDTkRQDrSo_Cbkkw
Tech Town 365 India,service,service|point_of_interest|establishment,,http://techtown365india.com/,"G-61, Baani Square, Nirvana Country, Sector 50, Gurugram, Haryana 122018, India",,,CLOSED_TEMPORARILY,https://maps.google.com/?cid=1987884101715879725&g_mp=Cilnb29nbGUubWFwcy5wbGFjZXMudjEuUGxhY2VzLlNlYXJjaE5lYXJieRACGAQgAA,ChIJVS3G91YjDTkRLedr6Q5ilhs
The Luxury Body Massage Spa Spa in Sector 50 Gurgaon,spa,spa|point_of_interest|establishment,,,"plot number 503, F Block Main Rd, Nirvana Country, Sector 50, Gurugram, Haryana 122018, India",5,1,OPERATIONAL,https://maps.google.com/?cid=12627594253699427696&g_mp=Cilnb29nbGUubWFwcy5wbGFjZXMudjEuUGxhY2VzLlNlYXJjaE5lYXJieRACGAQgAA,ChIJiRhg-KEjDTkRcK2E4xE6Pq8
445 second floor Palm crest,condominium_complex,condominium_complex|service|point_of_interest|establishment,,,"445, 2nd floor, palm crest, Spring Floors, Block D, Sector 50, Gurugram, Haryana 122018, India",,,OPERATIONAL,https://maps.google.com/?cid=18328706989488480534&g_mp=Cilnb29nbGUubWFwcy5wbGFjZXMudjEuUGxhY2VzLlNlYXJjaE5lYXJieRACGAQgAA,ChIJsZ0FXQAjDTkRFiGutOWlXP4
The Palm Crest,association_or_organization,service|association_or_organization|point_of_interest|establishment,096250 02601,https://fhf.co.in/property/the-palm-crest/,"The Palm Crest, behind Lotus Valley International School, Spring Floors, Block D, Sector 50, Gurugram, Haryana 122018, India",4.9,35,OPERATIONAL,https://maps.google.com/?cid=2355219903906889093&g_mp=Cilnb29nbGUubWFwcy5wbGFjZXMudjEuUGxhY2VzLlNlYXJjaE5lYXJieRACGAQgAA,ChIJd7h7fIMjDTkRhb1MLAZsryA
The Palladians,association_or_organization,service|association_or_organization|point_of_interest|establishment,,,"C388+JXR, D Block Rd, Spring Floors, Mayfield Garden, Sector 50, Gurugram, Haryana 122018, India",,,OPERATIONAL,https://maps.google.com/?cid=17483188807530005041&g_mp=Cilnb29nbGUubWFwcy5wbGFjZXMudjEuUGxhY2VzLlNlYXJjaE5lYXJieRACGAQgAA,ChIJt1t8TAAjDTkRMULpLZfDoPI
APNA KITCHEN,indian_restaurant,indian_restaurant|meal_takeaway|service|restaurant|food|point_of_interest|establishment,081788 27380,https://www.facebook.com/apna.kitchen.92,"D18 ,FF, Extn, D Block Rd, near Lotus Valley International School, Spring Floors, Mayfield Garden, Sector 50, Gurugram, Haryana 122018, India",4.8,24,CLOSED_TEMPORARILY,https://maps.google.com/?cid=9316433913107881616&g_mp=Cilnb29nbGUubWFwcy5wbGFjZXMudjEuUGxhY2VzLlNlYXJjaE5lYXJieRACGAQgAA,ChIJ5T-sOucZDTkRkJ4yjEifSoE
"D 17, Mayfield Garden, Block D",apartment_building,apartment_building|service|point_of_interest|establishment,,,"D 24, Palm Floor, Block D, Spring Floors, Mayfield Garden, Sector 50, Gurugram, Haryana 122018, India",5,1,OPERATIONAL,https://maps.google.com/?cid=12353792048889854992&g_mp=Cilnb29nbGUubWFwcy5wbGFjZXMudjEuUGxhY2VzLlNlYXJjaE5lYXJieRACGAQgAA,ChIJw5c63okjDTkREPwfT2p8cas
Sumit Mehta Advocate,non_profit_organization,non_profit_organization|association_or_organization|point_of_interest|establishment,,,"C388+MP2, Spring Floors, Block D, Sector 50, Gurugram, Haryana 122018, India",,,OPERATIONAL,https://maps.google.com/?cid=3206785232953528019&g_mp=Cilnb29nbGUubWFwcy5wbGFjZXMudjEuUGxhY2VzLlNlYXJjaE5lYXJieRACGAQgAA,ChIJfy2bLQAjDTkR084p2S3KgCw
Pandey Home D24,apartment_building,apartment_building|service|point_of_interest|establishment,,,"C388+JMC, Spring Floors, Block D, Sector 50, Gurugram, Adampur, Haryana 122018, India",,,OPERATIONAL,https://maps.google.com/?cid=2502770552006129892&g_mp=Cilnb29nbGUubWFwcy5wbGFjZXMudjEuUGxhY2VzLlNlYXJjaE5lYXJieRACGAQgAA,ChIJOTEvJgAjDTkR5Diiio6guyI
Gautam's Home Nirvana,association_or_organization,service|association_or_organization|point_of_interest|establishment,,,"C388+JMC, Spring Floors, Block D, Sector 50, Gurugram, Haryana 122018, India",,,OPERATIONAL,https://maps.google.com/?cid=2236176281886067208&g_mp=Cilnb29nbGUubWFwcy5wbGFjZXMudjEuUGxhY2VzLlNlYXJjaE5lYXJieRACGAQgAA,ChIJX7xgZwAjDTkRCAr5CHt-CB8
"D 25, D block, Mayfield Gardens",apartment_building,apartment_building|service|point_of_interest|establishment,,,"C388+JMJ, D Block Rd, Spring Floors, Block D, Sector 50, Gurugram, Haryana 122018, India",,,OPERATIONAL,https://maps.google.com/?cid=16605989680117695625&g_mp=Cilnb29nbGUubWFwcy5wbGFjZXMudjEuUGxhY2VzLlNlYXJjaE5lYXJieRACGAQgAA,ChIJlaHBaQAjDTkRicQ3u6FTdOY
Bhaskar House Gurugram,apartment_building,apartment_building|service|point_of_interest|establishment,,,"C389+53R, The Cl N Ave, The Close North, Sector 50, Gurugram, Haryana 122018, India",,,OPERATIONAL,https://maps.google.com/?cid=17700938705609088474&g_mp=Cilnb29nbGUubWFwcy5wbGFjZXMudjEuUGxhY2VzLlNlYXJjaE5lYXJieRACGAQgAA,ChIJrUxr5vwjDTkR2t3KGvhdpvU
Birch Court 124,apartment_building,apartment_building|service|point_of_interest|establishment,,,"124, Birch Court, Spring Floors, Nirvana Country, Sector 50, Gurugram, Adampur, Haryana 122018, India",,,OPERATIONAL,https://maps.google.com/?cid=7016065714946627888&g_mp=Cilnb29nbGUubWFwcy5wbGFjZXMudjEuUGxhY2VzLlNlYXJjaE5lYXJieRACGAQgAA,ChIJBRKeWAAjDTkRMNkwVJgSXmE
N Yoga studio,yoga_studio,yoga_studio|fitness_center|sports_complex|gym|sports_school|sports_activity_location|health|point_of_interest|establishment,072594 44537,,"Birch Court, BC 140, Nirvana Country, Sector 50, Gurugram, Haryana 122018, India",4.3,4,OPERATIONAL,https://maps.google.com/?cid=15567857521471716709&g_mp=Cilnb29nbGUubWFwcy5wbGFjZXMudjEuUGxhY2VzLlNlYXJjaE5lYXJieRACGAQgAA,ChIJIWi0C9cdDTkRZf02Ce8jDNg
Puneet Home,corporate_office,corporate_office|point_of_interest|establishment,,,"Block-D, 24, Spring Floors, Block D, Nirvana Country, Sector 50, Gurugram, Haryana 122018, India",,,OPERATIONAL,https://maps.google.com/?cid=16304398560144517302&g_mp=Cilnb29nbGUubWFwcy5wbGFjZXMudjEuUGxhY2VzLlNlYXJjaE5lYXJieRACGAQgAA,ChIJAZl2-B8jDTkRtujNJRvcROI
Mahfil garden,general_contractor,general_contractor|service|point_of_interest|establishment,,,"D41, Spring Floors, Block D, Nirvana Country, Sector 50, Gurugram, Haryana 122018, India",,,OPERATIONAL,https://maps.google.com/?cid=15695948406088724065&g_mp=Cilnb29nbGUubWFwcy5wbGFjZXMudjEuUGxhY2VzLlNlYXJjaE5lYXJieRACGAQgAA,ChIJVcCiJAAjDTkRYe7GJeo109k
D 40 Mayfield Garden,housing_complex,housing_complex|service|point_of_interest|establishment,,,"40, Spring Floors, Block D, Nirvana Country, Sector 50, Gurugram, Haryana 122018, India",4.5,2,OPERATIONAL,https://maps.google.com/?cid=7168245997914702925&g_mp=Cilnb29nbGUubWFwcy5wbGFjZXMudjEuUGxhY2VzLlNlYXJjaE5lYXJieRACGAQgAA,ChIJBdIrEgAjDTkRTURSkMG5emM
Arsenal Soccer Schools India,sports_club,sports_club|association_or_organization|point_of_interest|establishment,,,"C389+98V, Block D, Sector 50, Gurugram, Haryana 122018, India",4.6,11,OPERATIONAL,https://maps.google.com/?cid=11568447337044660868&g_mp=Cilnb29nbGUubWFwcy5wbGFjZXMudjEuUGxhY2VzLlNlYXJjaE5lYXJieRACGAQgAA,ChIJQ9XVdnAiDTkRhFJcj49hi6A
Ancwell Services Pvt Ltd,service,service|point_of_interest|establishment,088001 93901,http://www.ancwell.com/,"2nd Floor, D11, Spring Floors, Block D, Sector 50, Gurugram, Haryana 122018, India",5,1,OPERATIONAL,https://maps.google.com/?cid=10067438367958003543&g_mp=Cilnb29nbGUubWFwcy5wbGFjZXMudjEuUGxhY2VzLlNlYXJjaE5lYXJieRACGAQgAA,ChIJ6a0YSlgjDTkRV29GKNu5tos
D29 Mayfield Garden Sector 50,apartment_building,apartment_building|service|point_of_interest|establishment,,,"C388+RPP, Spring Floors, Block D, Sector 50, Gurugram, Haryana 122018, India",,,OPERATIONAL,https://maps.google.com/?cid=10456156734644056544&g_mp=Cilnb29nbGUubWFwcy5wbGFjZXMudjEuUGxhY2VzLlNlYXJjaE5lYXJieRACGAQgAA,ChIJ-6CvXgAjDTkR4HFErCa7G5E
Emmanuel Residence,housing_complex,housing_complex|service|point_of_interest|establishment,,,"C388+RPX, Spring Floors, Block D, Sector 50, Gurugram, Haryana 122018, India",,,OPERATIONAL,https://maps.google.com/?cid=11119437176183158301&g_mp=Cilnb29nbGUubWFwcy5wbGFjZXMudjEuUGxhY2VzLlNlYXJjaE5lYXJieRACGAQgAA,ChIJt8DWPI4jDTkRHXarzDItUJo
Sovit Home,apartment_building,apartment_building|service|point_of_interest|establishment,,,"C388+VQ2, Spring Floors, Block D, Sector 50, Gurugram, Haryana 122018, India",,,OPERATIONAL,https://maps.google.com/?cid=15228847090743415242&g_mp=Cilnb29nbGUubWFwcy5wbGFjZXMudjEuUGxhY2VzLlNlYXJjaE5lYXJieRACGAQgAA,ChIJqVpUDwAjDTkRypGAPr67V9M
Wood Factory,manufacturer,manufacturer|furniture_store|home_improvement_store|home_goods_store|service|store|point_of_interest|establishment,081309 71530,https://woodfactorygurgaon.com/index.php,"LOTUS VALLEY SCHOOL, Tigra Rd, Nirvana Country, Sector 50, Gurugram, Haryana 122001, India",4.8,79,OPERATIONAL,https://maps.google.com/?cid=673807205996423271&g_mp=Cilnb29nbGUubWFwcy5wbGFjZXMudjEuUGxhY2VzLlNlYXJjaE5lYXJieRACGAQgAA,ChIJ5XqrlC8jDTkRZ-iDeBXYWQk
Sajid Auto service,car_repair,car_repair|service|point_of_interest|establishment,078348 84148,https://wa.me/917834884148,"Opposed. Lotus valley school, Nirvana Country, Sector 50, Gurugram, Haryana 122011, India",4.4,107,OPERATIONAL,https://maps.google.com/?cid=13066877025273933929&g_mp=Cilnb29nbGUubWFwcy5wbGFjZXMudjEuUGxhY2VzLlNlYXJjaE5lYXJieRACGAQgAA,ChIJ5Yd6aBQjDTkRaXAqV2zfVrU
Unique Creations,furniture_store,furniture_store|home_improvement_store|home_goods_store|store|point_of_interest|establishment,,https://unique-creations-sector-57-gurugram.grexa.site/,"opp. LOTUS VALLEY SCHOOL, Nirvana Country, Sector 57, Gurugram, Haryana 122001, India",5,1,OPERATIONAL,https://maps.google.com/?cid=4311617836299412909&g_mp=Cilnb29nbGUubWFwcy5wbGFjZXMudjEuUGxhY2VzLlNlYXJjaE5lYXJieRACGAQgAA,ChIJlUsllDIjDTkRrWXdA5Tx1Ts
ELACHI STORE,grocery_store,grocery_store|food_store|store|point_of_interest|food|establishment,089189 49680,,"Tigra Vlg Rd, Block D, Sector 50, Gurugram, Haryana 122011, India",,,CLOSED_TEMPORARILY,https://maps.google.com/?cid=16247545878787567582&g_mp=Cilnb29nbGUubWFwcy5wbGFjZXMudjEuUGxhY2VzLlNlYXJjaE5lYXJieRACGAQgAA,ChIJSzw3lDwjDTkR3q_-wOTgeuE
Kanha Car Repair {Taj},car_repair,car_repair|service|point_of_interest|establishment,088600 31958,,"opp. LOTUS VALLEY SCHOOL, Tigra, Sector 57, Gurugram, Haryana 122011, India",5,1,CLOSED_TEMPORARILY,https://maps.google.com/?cid=16720447459998409855&g_mp=Cilnb29nbGUubWFwcy5wbGFjZXMudjEuUGxhY2VzLlNlYXJjaE5lYXJieRACGAQgAA,ChIJS5Mr7EIZDTkRf6TJSmD2Cug
Dev car care,car_repair,car_repair|service|point_of_interest|establishment,098912 24208,http://rscarcare.in/,"near LOTUS VALLEY SCHOOL, Nirvana Country, Sector 57, Gurugram, Haryana 122011, India",4.8,113,OPERATIONAL,https://maps.google.com/?cid=6150528735330927540&g_mp=Cilnb29nbGUubWFwcy5wbGFjZXMudjEuUGxhY2VzLlNlYXJjaE5lYXJieRACGAQgAA,ChIJzRa9lLwjDTkRtIM7QkwRW1U
3m car workshop - Car Workshop in Sector 50 gurgaon,car_repair,car_wash|car_repair|service|point_of_interest|establishment,078400 09030,https://autoshopworld.com/,"gaon, near business zone, opp. LOTUS VALLEY SCHOOL, Tigra, Sector 57, Gurugram, Haryana 122001, India",4.9,408,OPERATIONAL,https://maps.google.com/?cid=5765072282444825916&g_mp=Cilnb29nbGUubWFwcy5wbGFjZXMudjEuUGxhY2VzLlNlYXJjaE5lYXJieRACGAQgAA,ChIJ-frFN18jDTkRPAWTO7KmAVA
Swift Sofas,manufacturer,manufacturer|service|point_of_interest|establishment,075358 17760,,"Tigre Sector 57, Gurugram, Nirvana Country, Sector 57, Delhi, Gurugram, Haryana 122011, India",4.4,7,OPERATIONAL,https://maps.google.com/?cid=14172804994545329148&g_mp=Cilnb29nbGUubWFwcy5wbGFjZXMudjEuUGxhY2VzLlNlYXJjaE5lYXJieRACGAQgAA,ChIJTwKt-nAiDTkR_KPBQg3rr8Q
JANTA WORK SHOP,car_repair,car_repair|service|point_of_interest|establishment,075057 11634,,"near Lotus Valley School, Tigra, Sector 57, Gurugram, Haryana 122011, India",5,3,OPERATIONAL,https://maps.google.com/?cid=8366242785322450334&g_mp=Cilnb29nbGUubWFwcy5wbGFjZXMudjEuUGxhY2VzLlNlYXJjaE5lYXJieRACGAQgAA,ChIJG6ONMj8jDTkRnr3Rq3zdGnQ
Mulla ji Chicken Shop,bakery,bakery|food_store|store|point_of_interest|food|establishment,099919 11148,,"Shop No.5, 550, Main Rd, Richpal Colony, Tigra, Sector 57 Manesar, Gurugram, Haryana 122011, India",,,CLOSED_TEMPORARILY,https://maps.google.com/?cid=6327259626262252883&g_mp=Cilnb29nbGUubWFwcy5wbGFjZXMudjEuUGxhY2VzLlNlYXJjaE5lYXJieRACGAQgAA,ChIJLRVMTq8jDTkRU00IWRvxzlc
Nariyal Shop,clothing_store,clothing_store|store|point_of_interest|establishment,079834 54751,,"Nirvana Rd, Nirvana Country, Sector 50, Gurugram, Haryana 122011, India",,,OPERATIONAL,https://maps.google.com/?cid=11885569239276410576&g_mp=Cilnb29nbGUubWFwcy5wbGFjZXMudjEuUGxhY2VzLlNlYXJjaE5lYXJieRACGAQgAA,ChIJ_1tTW94jDTkR0FZhLEAG8qQ
Rashid Scap Dealer,store,store|point_of_interest|establishment,062964 97276,,"opp. LOTUS VALLEY SCHOOL, Tigra, Sector 57, Gurugram, Haryana 122011, India",,,CLOSED_TEMPORARILY,https://maps.google.com/?cid=13645962103718983214&g_mp=Cilnb29nbGUubWFwcy5wbGFjZXMudjEuUGxhY2VzLlNlYXJjaE5lYXJieRACGAQgAA,ChIJAUapZKojDTkRLrac4jsyYL0
Shyaam travels,travel_agency,travel_agency|service|point_of_interest|establishment,087007 05201,https://shyaam-travels.grexa.site/,"Tiger, LOTUS VALLEY SCHOOL, Tigra, Sector 57, Gurugram, Haryana 122011, India",4,1,OPERATIONAL,https://maps.google.com/?cid=3686558632345317352&g_mp=Cilnb29nbGUubWFwcy5wbGFjZXMudjEuUGxhY2VzLlNlYXJjaE5lYXJieRACGAQgAA,ChIJ_fSmcgwjDTkR6K-XPItJKTM
Shuvankar Chicken Shop,dessert_shop,dessert_shop|confectionery|food_store|store|point_of_interest|food|establishment,072176 67327,,"Sector 57, near Lotas Public School, Tigra, Sector 57, Gurugram, Haryana 122018, India",,,OPERATIONAL,https://maps.google.com/?cid=10282675860648825319&g_mp=Cilnb29nbGUubWFwcy5wbGFjZXMudjEuUGxhY2VzLlNlYXJjaE5lYXJieRACGAQgAA,ChIJI8-L8QIjDTkR5xF1Hjdns44
Dtdc courier- international Domestic,courier_service,courier_service|shipping_service|service|point_of_interest|establishment,079828 62885,https://dtdc.com/,"SHOP. NO. 4. 1RD FLOOR, BHARDWAJ MARKET NORTH AND, GATE NO, SECTOR - 50 ROAD, opposite TAGORE PUBLIC SCHOOL, The Close South, Sector 57, Gurugram, Haryana 122001, India",5,7,OPERATIONAL,https://maps.google.com/?cid=1022129848157289005&g_mp=Cilnb29nbGUubWFwcy5wbGFjZXMudjEuUGxhY2VzLlNlYXJjaE5lYXJieRACGAQgAA,ChIJUXxQgi4jDTkRLTq9ca5VLw4
Bhura sofas,manufacturer,manufacturer|service|point_of_interest|establishment,088997 32972,,"exit gate ka pass school, LOTUS VALLEY SCHOOL, Nirvana Rd, Nirvana Country, Sector 50, Gurugram, Haryana 122011, India",5,11,OPERATIONAL,https://maps.google.com/?cid=7502718703248726942&g_mp=Cilnb29nbGUubWFwcy5wbGFjZXMudjEuUGxhY2VzLlNlYXJjaE5lYXJieRACGAQgAA,ChIJfUVSLagjDTkRntvR1OgCH2g
Inaya Steel Fabrication,furniture_store,furniture_store|home_improvement_store|home_goods_store|store|point_of_interest|establishment,098189 04260,,"opp. Lotus Valley School, Tigra, Sector 57, Gurugram, Haryana 122011, India",5,2,OPERATIONAL,https://maps.google.com/?cid=10927127217930776352&g_mp=Cilnb29nbGUubWFwcy5wbGFjZXMudjEuUGxhY2VzLlNlYXJjaE5lYXJieRACGAQgAA,ChIJF8ofrLwjDTkRIC9EcE_0pJc
Pass mein scribe dealer,,point_of_interest|establishment,,,"Jmd Empire, The Close North, Sector 62, Gurugram, Haryana 122001, India",5,6,OPERATIONAL,https://maps.google.com/?cid=5808863445523649372&g_mp=Cilnb29nbGUubWFwcy5wbGFjZXMudjEuUGxhY2VzLlNlYXJjaE5lYXJieRACGAQgAA,ChIJq7yTZBQjDTkRXFMw64Y6nVA
Promod Masale Shop,general_store,general_store|food_store|store|point_of_interest|food|establishment,089202 42105,,"near Lotus Valley School, Tigra, Sector 57, Gurugram, Haryana 122018, India",5,1,OPERATIONAL,https://maps.google.com/?cid=5141728841297345919&g_mp=Cilnb29nbGUubWFwcy5wbGFjZXMudjEuUGxhY2VzLlNlYXJjaE5lYXJieRACGAQgAA,ChIJZ32aUVkjDTkRf73onCMXW0c
Sector 50,housing_complex,housing_complex|service|point_of_interest|establishment,,,"C38C+7FH, Tigra Vlg Rd, Tigra, Sector 57, Gurugram, Haryana 122011, India",5,1,OPERATIONAL,https://maps.google.com/?cid=1775895272239845412&g_mp=Cilnb29nbGUubWFwcy5wbGFjZXMudjEuUGxhY2VzLlNlYXJjaE5lYXJieRACGAQgAA,ChIJcWtZPQAjDTkRJNAmTFc_pRg
psy-konaut station,place_of_worship,place_of_worship|association_or_organization|point_of_interest|establishment,,,"151, 151, Samaspur Tigra Rd, Tigra, Sector 57 Manesar, Gurugram, Haryana 122011, India",3.5,2,OPERATIONAL,https://maps.google.com/?cid=11860984963277549556&g_mp=Cilnb29nbGUubWFwcy5wbGFjZXMudjEuUGxhY2VzLlNlYXJjaE5lYXJieRACGAQgAA,ChIJk3paCgAjDTkR9G9oXvuumqQ
Ankur Dry Cleaners And Iron (press) service,laundry,laundry|point_of_interest|service|establishment,093116 05103,,"151, Samaspur Tigra Rd, Tigra, Sector 57, Gurugram, Haryana 122011, India",5,2,OPERATIONAL,https://maps.google.com/?cid=141655011767190079&g_mp=Cilnb29nbGUubWFwcy5wbGFjZXMudjEuUGxhY2VzLlNlYXJjaE5lYXJieRACGAQgAA,ChIJOUQyIQwjDTkRP4IJkXtC9wE
Ankur atta chakki,asian_grocery_store,asian_grocery_store|grocery_store|food_store|food|point_of_interest|store|establishment,096253 20672,,"ANKUR ATTA CHAKKI ,BACKSIDE OF LEGEND APPARTMENT, NEAR, Golf Course Ext Rd, Tigra, Sector 57, Gurugram, Haryana 122011, India",5,11,OPERATIONAL,https://maps.google.com/?cid=11222213186495573153&g_mp=Cilnb29nbGUubWFwcy5wbGFjZXMudjEuUGxhY2VzLlNlYXJjaE5lYXJieRACGAQgAA,ChIJn295zxwjDTkRoezFbm9PvZs
Panwar House,lodging,lodging|point_of_interest|establishment,,,"43, near Unitech Business Zone, Tigra, Sector 57, Gurugram, Haryana 122011, India",5,1,OPERATIONAL,https://maps.google.com/?cid=10832412596399398959&g_mp=Cilnb29nbGUubWFwcy5wbGFjZXMudjEuUGxhY2VzLlNlYXJjaE5lYXJieRACGAQgAA,ChIJaw1WVAAjDTkRL2DaJN11VJY
Advocate Deepak Sharma,apartment_complex,apartment_complex|point_of_interest|service|establishment,,,"no 140, Baba Mohan Ram Mandir Rd, Tigra, Sector 57, Gurugram, Haryana 122011, India",5,1,OPERATIONAL,https://maps.google.com/?cid=14239492778334233275&g_mp=Cilnb29nbGUubWFwcy5wbGFjZXMudjEuUGxhY2VzLlNlYXJjaE5lYXJieRACGAQgAA,ChIJtXnCXwAjDTkRuyJa4jzXnMU
Mohan baba tigra,hindu_temple,hindu_temple|place_of_worship|association_or_organization|point_of_interest|establishment,,,"49, Samaspur Tigra Rd, Tigra, Sector 57, Gurugram, Haryana 122011, India",,,OPERATIONAL,https://maps.google.com/?cid=3510320153242516763&g_mp=Cilnb29nbGUubWFwcy5wbGFjZXMudjEuUGxhY2VzLlNlYXJjaE5lYXJieRACGAQgAA,ChIJz6zOJnojDTkRGz3qtZQptzA
वशिष्ट निवास,apartment_complex,apartment_complex|point_of_interest|service|establishment,,,"151, Samaspur Tigra Rd, Tigra, Sector 57, Gurugram, Haryana 122011, India",5,2,OPERATIONAL,https://maps.google.com/?cid=17169246924094432827&g_mp=Cilnb29nbGUubWFwcy5wbGFjZXMudjEuUGxhY2VzLlNlYXJjaE5lYXJieRACGAQgAA,ChIJv8bf3BEjDTkRO-adYxxrRe4
Dj megha,,point_of_interest|establishment,,,"C38F+C7R, Tigra Rd, Tigra, Sector 57, Gurugram, Haryana 122011, India",5,40,OPERATIONAL,https://maps.google.com/?cid=428413433916096778&g_mp=Cilnb29nbGUubWFwcy5wbGFjZXMudjEuUGxhY2VzLlNlYXJjaE5lYXJieRACGAQgAA,ChIJi-A9JQAjDTkRCgGTkb8H8gU
Tigra temple,place_of_worship,place_of_worship|association_or_organization|point_of_interest|establishment,,,"67A, Tigra, Sector 57, Gurugram, Haryana 122011, India",,,OPERATIONAL,https://maps.google.com/?cid=16918544988267529560&g_mp=Cilnb29nbGUubWFwcy5wbGFjZXMudjEuUGxhY2VzLlNlYXJjaE5lYXJieRACGAQgAA,ChIJ-4dRagAjDTkRWMUmTge_yuo
Barakat (Yaduvanshi’s),apartment_building,apartment_building|point_of_interest|service|establishment,,,"713, Sushant Lok 3 Main Rd, Extension, Sector 57, Gurugram, Haryana 122011, India",5,2,OPERATIONAL,https://maps.google.com/?cid=14726171848303427349&g_mp=Cilnb29nbGUubWFwcy5wbGFjZXMudjEuUGxhY2VzLlNlYXJjaE5lYXJieRACGAQgAA,ChIJP8B4fgAjDTkRFb97_0XfXcw
Kuldeep Kumar,general_contractor,general_contractor|point_of_interest|service|establishment,092057 46301,,"48, Samaspur Tigra Rd, Tigra, Sector 57, Gurugram, Haryana 122011, India",,,OPERATIONAL,https://maps.google.com/?cid=7118598894316875085&g_mp=Cilnb29nbGUubWFwcy5wbGFjZXMudjEuUGxhY2VzLlNlYXJjaE5lYXJieRACGAQgAA,ChIJy7GGfQAjDTkRTe0-evpXymI
Pandit Rajesh Bhardwaj,apartment_building,apartment_building|point_of_interest|service|establishment,,,"C38F+8QV, Tigra, Sector 57, Gurugram, Haryana 122011, India",,,OPERATIONAL,https://maps.google.com/?cid=14548041568988379788&g_mp=Cilnb29nbGUubWFwcy5wbGFjZXMudjEuUGxhY2VzLlNlYXJjaE5lYXJieRACGAQgAA,ChIJSx8dYgAjDTkRjDoraboG5ck
Pt.Hosiyar Singh Rental Complex,condominium_complex,condominium_complex|point_of_interest|service|establishment,,,"near Government School, Tigra, Sector 57, Gurugram, Haryana 122003, India",5,1,OPERATIONAL,https://maps.google.com/?cid=2117405034960269724&g_mp=Cilnb29nbGUubWFwcy5wbGFjZXMudjEuUGxhY2VzLlNlYXJjaE5lYXJieRACGAQgAA,ChIJH-r3CAAjDTkRnDFuKqmIYh0
Baba Mohan Ram Mandir Tighra Krishan Bhagat G,hindu_temple,hindu_temple|place_of_worship|association_or_organization|point_of_interest|establishment,089181 70182,,"C38F+H6X, Samaspur Tigra Rd, Tigra, Sector 57, Gurugram, Haryana 122011, India",4.4,24,OPERATIONAL,https://maps.google.com/?cid=14215346843877533580&g_mp=Cilnb29nbGUubWFwcy5wbGFjZXMudjEuUGxhY2VzLlNlYXJjaE5lYXJieRACGAQgAA,ChIJ22IJnXEiDTkRjGdKbKMOR8U
Home,apartment_building,apartment_building|point_of_interest|service|establishment,,,"712, Sushant Lok III Extension, Sector 57, Gurugram, Haryana 122011, India",,,OPERATIONAL,https://maps.google.com/?cid=6707372735095402605&g_mp=Cilnb29nbGUubWFwcy5wbGFjZXMudjEuUGxhY2VzLlNlYXJjaE5lYXJieRACGAQgAA,ChIJ7VZ3SwAjDTkRbXCAI_dfFV0
Tighrs,service,point_of_interest|service|establishment,,,"Unibuild Associates, 88A, Tigra, Sector 57, Gurugram, Haryana 122011, India",,,OPERATIONAL,https://maps.google.com/?cid=17951640881806012347&g_mp=Cilnb29nbGUubWFwcy5wbGFjZXMudjEuUGxhY2VzLlNlYXJjaE5lYXJieRACGAQgAA,ChIJ-zvSBgAjDTkRu29tJ0UKIfk
Anshul,manufacturer,manufacturer|point_of_interest|establishment,,,"47, Samaspur Tigra Rd, Tigra, Sector 57, Gurugram, Haryana 122011, India",,,OPERATIONAL,https://maps.google.com/?cid=17989632505651781948&g_mp=Cilnb29nbGUubWFwcy5wbGFjZXMudjEuUGxhY2VzLlNlYXJjaE5lYXJieRACGAQgAA,ChIJD31CTAAjDTkRPOExY3MDqPk
Yogesh yaduvanshi housing,apartment_building,apartment_building|point_of_interest|service|establishment,,,"712 & 713, Sushant Lok III Extension, Sector 57, Gurugram, Haryana 122011, India",,,OPERATIONAL,https://maps.google.com/?cid=5927555735461151932&g_mp=Cilnb29nbGUubWFwcy5wbGFjZXMudjEuUGxhY2VzLlNlYXJjaE5lYXJieRACGAQgAA,ChIJhbMxZwAjDTkRvMR9LonoQlI
Government Middle School,school,school|educational_institution|point_of_interest|establishment,,,"C38F+PCP, Tigra, Sector 57, Gurugram, Haryana 122011, India",,,OPERATIONAL,https://maps.google.com/?cid=16938613368244889504&g_mp=Cilnb29nbGUubWFwcy5wbGFjZXMudjEuUGxhY2VzLlNlYXJjaE5lYXJieRACGAQgAA,ChIJTwKt-nAiDTkRoGfrIR0LEus
Government school Tigra sector 57,school,school|educational_institution|point_of_interest|establishment,,,"C38F+M7F, Unnamed Road, Tigra, Sector 57, Gurugram, Haryana 122011, India",,,OPERATIONAL,https://maps.google.com/?cid=8541464018309881333&g_mp=Cilnb29nbGUubWFwcy5wbGFjZXMudjEuUGxhY2VzLlNlYXJjaE5lYXJieRACGAQgAA,ChIJ0X3JpAYjDTkR9R0kIUVgiXY
Aloha Apartments,apartment_building,apartment_building|point_of_interest|service|establishment,,,"Aloha Apartment Block-A, Sushant Lok III Extension, Sector 57, Gurugram, Haryana 122011, India",,,OPERATIONAL,https://maps.google.com/?cid=5272610373834390650&g_mp=Cilnb29nbGUubWFwcy5wbGFjZXMudjEuUGxhY2VzLlNlYXJjaE5lYXJieRACGAQgAA,ChIJkwCxUQAjDTkRejxwEzMTLEk
Two Passengers Xostel,lodging,lodging|point_of_interest|establishment,,https://www.bluepillow.com/search/67a243de905c444f2d0d5dff?dest=ago&cat=Vacation+rental+(other)&lat=28.41613&lng=77.07725&language=en,"Sushant Lok III Extension, Sector 57, Gurugram, Haryana 122011, India",,,OPERATIONAL,https://maps.google.com/?cid=2421209991069130501&g_mp=Cilnb29nbGUubWFwcy5wbGFjZXMudjEuUGxhY2VzLlNlYXJjaE5lYXJieRACGAQgAA,ChIJRQ-cjXIiDTkRBV9NpKjdmSE
Digital International News,,point_of_interest|establishment,098130 39843,https://digitalinternational.in/,"Sector 57, near Aloha Apartment, Tigra, Sector 57, Gurugram, Haryana 122011, India",4.9,94,OPERATIONAL,https://maps.google.com/?cid=11336189148106955301&g_mp=Cilnb29nbGUubWFwcy5wbGFjZXMudjEuUGxhY2VzLlNlYXJjaE5lYXJieRACGAQgAA,ChIJh8Cf2_mYViwRJZqN7_c7Up0
Guru nanak Snacks corner,north_indian_restaurant,north_indian_restaurant|indian_restaurant|restaurant|food|point_of_interest|establishment,093552 93366,,"forth floor, shushantlok face 3, D 63, near Aloha Apartment, Sushant Lok III Extension, Sector 57, Gurugram, Haryana 122011, India",4.6,11,OPERATIONAL,https://maps.google.com/?cid=11448534705508180028&g_mp=Cilnb29nbGUubWFwcy5wbGFjZXMudjEuUGxhY2VzLlNlYXJjaE5lYXJieRACGAQgAA,ChIJtU5AoPQjDTkRPOCLYKhd4Z4
Aloha Apartments,apartment_complex,apartment_complex|point_of_interest|service|establishment,,,"C38G+8PH, Golf Course Ext Rd, Sushant Lok III Extension, Sector 57, Gurugram, Haryana 122011, India",4,699,OPERATIONAL,https://maps.google.com/?cid=2414774520469578351&g_mp=Cilnb29nbGUubWFwcy5wbGFjZXMudjEuUGxhY2VzLlNlYXJjaE5lYXJieRACGAQgAA,ChIJQxrcX3IiDTkRb-JA4aEAgyE
VarshaTaxi,taxi_service,taxi_service|point_of_interest|transportation_service|service|establishment,,,"Varsha Taxi House no. 16, Tigra, Sector 57, Gurugram, Haryana 122011, India",,,OPERATIONAL,https://maps.google.com/?cid=13411850940876203106&g_mp=Cilnb29nbGUubWFwcy5wbGFjZXMudjEuUGxhY2VzLlNlYXJjaE5lYXJieRACGAQgAA,ChIJZasWJC4jDTkRYiRqJ193ILo
Two Passangers Room in Penthouse,lodging,lodging|point_of_interest|establishment,,https://www.bluepillow.com/search/67a243d1905c444f2d0d4592?dest=ago&cat=Vacation+rental+(other)&lat=28.41577&lng=77.07746&language=en,"Sushant Lok III Extension, Sector 57, Gurugram, Haryana 122011, India",,,OPERATIONAL,https://maps.google.com/?cid=18210524666260739955&g_mp=Cilnb29nbGUubWFwcy5wbGFjZXMudjEuUGxhY2VzLlNlYXJjaE5lYXJieRACGAQgAA,ChIJN5tQkHIiDTkRc9f1UbPHuPw
Police House D 99,association_or_organization,association_or_organization|point_of_interest|service|establishment,,,"D99, Sushant Lok III Extension, Sector 57, Gurugram, Haryana 122011, India",5,3,OPERATIONAL,https://maps.google.com/?cid=3924138201344444336&g_mp=Cilnb29nbGUubWFwcy5wbGFjZXMudjEuUGxhY2VzLlNlYXJjaE5lYXJieRACGAQgAA,ChIJPa7v0W8jDTkRsAetNOdWdTY
"D-102, D-Block, Sushant Lok 3",apartment_building,apartment_building|point_of_interest|service|establishment,,,"D-102, near Aloha Apartment, Sushant Lok III Extension, Sector 57, Gurugram, Haryana 122011, India",5,1,OPERATIONAL,https://maps.google.com/?cid=1273017746178626502&g_mp=Cilnb29nbGUubWFwcy5wbGFjZXMudjEuUGxhY2VzLlNlYXJjaE5lYXJieRACGAQgAA,ChIJ_f3FTAAjDTkRxtO-OeWqqhE
Rao’s residency,service,point_of_interest|service|establishment,,,"1594, Sector 57, Sushant Lok III Extension, Sector 57, Gurugram, Haryana 122011, India",,,OPERATIONAL,https://maps.google.com/?cid=355807290193367249&g_mp=Cilnb29nbGUubWFwcy5wbGFjZXMudjEuUGxhY2VzLlNlYXJjaE5lYXJieRACGAQgAA,ChIJ3af5DAAjDTkR0VB4ZNgU8AQ
Hair Patch service,medical_clinic,hair_care|medical_clinic|point_of_interest|health|establishment,092202 82820,,"Sector 57, Sushant Lok 2, Sector 57, Gurugram, Haryana 122011, India",5,1,OPERATIONAL,https://maps.google.com/?cid=11303982993622682500&g_mp=Cilnb29nbGUubWFwcy5wbGFjZXMudjEuUGxhY2VzLlNlYXJjaE5lYXJieRACGAQgAA,ChIJjUtX6REjDTkRhMvvQaTQ35w
Shiv physiotherapy & spine clinic,physiotherapist,physiotherapist|point_of_interest|health|establishment,086300 27801,,"Gf-391, sec 57, Sushant Lok III Extension, Sector 57, Gurugram, Haryana 122011, India",,,OPERATIONAL,https://maps.google.com/?cid=14290332888512724221&g_mp=Cilnb29nbGUubWFwcy5wbGFjZXMudjEuUGxhY2VzLlNlYXJjaE5lYXJieRACGAQgAA,ChIJ37mmDfojDTkR_fzhdQx2UcY
Raju General Store. Taxi service All India,general_store,general_store|food_store|food|point_of_interest|store|establishment,086197 04933,,"Tigra Vlg Rd, behind The Legends, Sushant Lok III Extension, Sector 57, Gurugram, Haryana 122011, India",5,4,OPERATIONAL,https://maps.google.com/?cid=13159307104384350389&g_mp=Cilnb29nbGUubWFwcy5wbGFjZXMudjEuUGxhY2VzLlNlYXJjaE5lYXJieRACGAQgAA,ChIJta7NVbQjDTkRtXgaJxdAn7Y
Gurgaon home,apartment_building,apartment_building|point_of_interest|service|establishment,,,"Block-C, C245, Sushant Lok III Extension, Sector 57, Gurugram, Haryana 122011, India",,,OPERATIONAL,https://maps.google.com/?cid=14017765994920221920&g_mp=Cilnb29nbGUubWFwcy5wbGFjZXMudjEuUGxhY2VzLlNlYXJjaE5lYXJieRACGAQgAA,ChIJqXZ1BAAjDTkR4BzFL-cbicI
GALAXY,apartment_complex,apartment_complex|point_of_interest|service|establishment,,,"D-63, Sushant Lok III Extension, Sector 57, Gurugram, Haryana 122011, India",5,3,OPERATIONAL,https://maps.google.com/?cid=7959927768118812740&g_mp=Cilnb29nbGUubWFwcy5wbGFjZXMudjEuUGxhY2VzLlNlYXJjaE5lYXJieRACGAQgAA,ChIJF_sQXQAjDTkRRGB9sCFYd24
Roy's Bari,apartment_building,apartment_building|point_of_interest|service|establishment,,,"d 128, Sushant Lok Phase 3, Sector 57, Block A, Sushant Lok III, Sector 57, Gurugram, Haryana 122011, India",5,1,OPERATIONAL,https://maps.google.com/?cid=3834385581458582950&g_mp=Cilnb29nbGUubWFwcy5wbGFjZXMudjEuUGxhY2VzLlNlYXJjaE5lYXJieRACGAQgAA,ChIJe4RUUAAjDTkRpu238l55NjU
Arora’s 57,service,point_of_interest|service|establishment,,,"C38G+PXC, Sector 57, Sushant Lok III Extension, Sector 57, Gurugram, Haryana 122011, India",,,OPERATIONAL,https://maps.google.com/?cid=3110585816762159710&g_mp=Cilnb29nbGUubWFwcy5wbGFjZXMudjEuUGxhY2VzLlNlYXJjaE5lYXJieRACGAQgAA,ChIJu7_Lj7MjDTkRXhJ621EFKys
AB Home D-93,apartment_building,apartment_building|point_of_interest|service|establishment,,,"D- 97 , First Floor, Sushant Lok III Extension, Sector 57, Gurugram, Haryana 122011, India",,,OPERATIONAL,https://maps.google.com/?cid=15582271185461097413&g_mp=Cilnb29nbGUubWFwcy5wbGFjZXMudjEuUGxhY2VzLlNlYXJjaE5lYXJieRACGAQgAA,ChIJaRk8KDojDTkRxbM2sxVZP9g
BIONTEN IMPEX (I) PVT. LTD,corporate_office,corporate_office|point_of_interest|establishment,087662 91411,http://biontenimpex.com/,"2943 FF, Sushant Lok III Extension, Sector 57, Gurugram, Haryana 122011, India",,,OPERATIONAL,https://maps.google.com/?cid=4567946611091526165&g_mp=Cilnb29nbGUubWFwcy5wbGFjZXMudjEuUGxhY2VzLlNlYXJjaE5lYXJieRACGAQgAA,ChIJC9o47nIiDTkRFVIPoz2bZD8
Mehmber house,apartment_building,apartment_building|point_of_interest|service|establishment,,,"Mehmber house, sec 57, Tigra Vlg Rd, Sushant Lok III Extension, Sector 57, Gurugram, Haryana 122011, India",,,OPERATIONAL,https://maps.google.com/?cid=3093840806812495254&g_mp=Cilnb29nbGUubWFwcy5wbGFjZXMudjEuUGxhY2VzLlNlYXJjaE5lYXJieRACGAQgAA,ChIJ31PJMAAjDTkRlq2qadKH7yo
Thoughtsum Classes,educational_institution,educational_institution|point_of_interest|establishment,096500 10533,,"110/A, Block A, Sushant Lok III, Sector 57, Gurugram, Haryana 122011, India",5,86,CLOSED_TEMPORARILY,https://maps.google.com/?cid=15064080579254954121&g_mp=Cilnb29nbGUubWFwcy5wbGFjZXMudjEuUGxhY2VzLlNlYXJjaE5lYXJieRACGAQgAA,ChIJmRqFoTQjDTkRiShaUnldDtE
"Sanjeevani Homes A-106, S L 3",apartment_building,apartment_building|service|point_of_interest|establishment,,,"A-106, Sushant Lok Phase 3, Sushant Lok III, Sector 57, Gurugram, Haryana 122011, India",,,OPERATIONAL,https://maps.google.com/?cid=3700796640446327144&g_mp=Cilnb29nbGUubWFwcy5wbGFjZXMudjEuUGxhY2VzLlNlYXJjaE5lYXJieRACGAQgAA,ChIJFcbOrbojDTkRaCnD0-_eWzM
A-100 Sector 57,housing_complex,housing_complex|service|point_of_interest|establishment,,,"A-100, Sector 57, Sushant Lok Phase 3, Sushant Lok III, Sector 57, Gurugram, Haryana 122011, India",4.3,3,OPERATIONAL,https://maps.google.com/?cid=17470846425329715823&g_mp=Cilnb29nbGUubWFwcy5wbGFjZXMudjEuUGxhY2VzLlNlYXJjaE5lYXJieRACGAQgAA,ChIJGXUtFRkjDTkRb0ouY0LqdPI
Vijay,bar,bar|point_of_interest|establishment,,,"A 95, Block A, Sushant Lok III, Sector 57, Gurugram, Haryana 122011, India",5,1,CLOSED_TEMPORARILY,https://maps.google.com/?cid=17073563853712372473&g_mp=Cilnb29nbGUubWFwcy5wbGFjZXMudjEuUGxhY2VzLlNlYXJjaE5lYXJieRACGAQgAA,ChIJr7HpXj0jDTkR-bJ5ht178ew
Golok dham sector 57,housing_complex,housing_complex|service|point_of_interest|establishment,,,"C38H+9XR, Sector 57, Block C, Sushant Lok III, Sector 57, Gurugram, Haryana 122011, India",5,1,OPERATIONAL,https://maps.google.com/?cid=8529732166646786811&g_mp=Cilnb29nbGUubWFwcy5wbGFjZXMudjEuUGxhY2VzLlNlYXJjaE5lYXJieRACGAQgAA,ChIJyaEYawAjDTkR-2o0jjayX3Y
Rajesh House,apartment_building,apartment_building|service|point_of_interest|establishment,,,"Aloha Apartment Block-A, A-101, Block A, Sushant Lok III Extension, Sector 57, Gurugram, Haryana 122011, India",,,OPERATIONAL,https://maps.google.com/?cid=8407921212928895971&g_mp=Cilnb29nbGUubWFwcy5wbGFjZXMudjEuUGxhY2VzLlNlYXJjaE5lYXJieRACGAQgAA,ChIJ_WvJrBEjDTkR4ysZzMvvrnQ
OYO 78957 Collection O Honkong Bazaar,hotel,hotel|guest_house|inn|cottage|motel|lodging|service|point_of_interest|establishment,0124 620 1166,https://www.oyorooms.com/110319/,"G-15, Hong Kong Bazaar Rd, Block A, Sushant Lok III, Sector 57, Gurugram, Haryana 122011, India",4,6,OPERATIONAL,https://maps.google.com/?cid=11655425728480387548&g_mp=Cilnb29nbGUubWFwcy5wbGFjZXMudjEuUGxhY2VzLlNlYXJjaE5lYXJieRACGAQgAA,ChIJj_n-W7sYDTkR3KEFbPJjwKE
Advocate Akshat Joon,apartment_building,apartment_building|service|point_of_interest|establishment,,,"C38J+J4Q Tikona Park, A Block, Block A, Sushant Lok III, Sector 57, Gurugram, Haryana 122011, India",5,4,OPERATIONAL,https://maps.google.com/?cid=4724502167180048905&g_mp=Cilnb29nbGUubWFwcy5wbGFjZXMudjEuUGxhY2VzLlNlYXJjaE5lYXJieRACGAQgAA,ChIJF4VK69ojDTkRCXpUh7DNkEE
Fictive Makeovers Llp,makeup_artist,makeup_artist|point_of_interest|establishment,089291 19110,,"1st Floor, A- 105, Block A, Sushant Lok III, Sector 57, Gurugram, Haryana 122011, India",4.9,9,OPERATIONAL,https://maps.google.com/?cid=17989297882646790890&g_mp=Cilnb29nbGUubWFwcy5wbGFjZXMudjEuUGxhY2VzLlNlYXJjaE5lYXJieRACGAQgAA,ChIJf4Q8axgjDTkR6kLZ5RzTpvk
"A-104, SL-3",condominium_complex,condominium_complex|service|point_of_interest|establishment,,,"a-104 block, Sushant Lok Phase 3, Sushant Lok III, Sector 57, Gurugram, Haryana 122011, India",4.5,4,OPERATIONAL,https://maps.google.com/?cid=8098132895436810493&g_mp=Cilnb29nbGUubWFwcy5wbGFjZXMudjEuUGxhY2VzLlNlYXJjaE5lYXJieRACGAQgAA,ChIJMecza5kjDTkR_ahqcPZYYnA
A-101,apartment_building,apartment_building|service|point_of_interest|establishment,,,"C38J+C75, Block A, Sushant Lok III Extension, Sector 57, Gurugram, Haryana 122011, India",,,OPERATIONAL,https://maps.google.com/?cid=4897349636813360220&g_mp=Cilnb29nbGUubWFwcy5wbGFjZXMudjEuUGxhY2VzLlNlYXJjaE5lYXJieRACGAQgAA,ChIJk_pf8vEjDTkRXAwmI4zh9kM
Mittal’s house,apartment_building,apartment_building|service|point_of_interest|establishment,,,"A89, Block A, Sushant Lok III, Sector 57, Gurugram, Haryana 122011, India",,,OPERATIONAL,https://maps.google.com/?cid=5555046142543943082&g_mp=Cilnb29nbGUubWFwcy5wbGFjZXMudjEuUGxhY2VzLlNlYXJjaE5lYXJieRACGAQgAA,ChIJL4IIHgAjDTkRqlU85Qh9F00
Omoora Art & Design Studio by IPAARTSACADEMY since 2010,educational_institution,educational_institution|service|point_of_interest|establishment,070421 30555,http://www.omoora.in/,"h.no 73, Basement, Block A, Sushant Lok III Extension, Sector 57, Gurugram, Haryana 122003, India",5,12,OPERATIONAL,https://maps.google.com/?cid=2505345228753797608&g_mp=Cilnb29nbGUubWFwcy5wbGFjZXMudjEuUGxhY2VzLlNlYXJjaE5lYXJieRACGAQgAA,ChIJCyfYacMjDTkR6AGXLzbGxCI
Adler Mile pvt ltd.,travel_agency,travel_agency|service|point_of_interest|establishment,090490 00027,,"A, 122,2nd floor, Block A, Sushant Lok III, Sector 57, Gurugram, Haryana 122011, India",5,27,OPERATIONAL,https://maps.google.com/?cid=7053292965730197408&g_mp=Cilnb29nbGUubWFwcy5wbGFjZXMudjEuUGxhY2VzLlNlYXJjaE5lYXJieRACGAQgAA,ChIJ8fk3AXQjDTkRoB8cF5VU4mE
Sharma’s A 102,lodging,lodging|point_of_interest|establishment,,,"A 102, Block A, Sushant Lok III Extension, Sector 57, Gurugram, Haryana 122011, India",4.7,19,OPERATIONAL,https://maps.google.com/?cid=9580179835325125843&g_mp=Cilnb29nbGUubWFwcy5wbGFjZXMudjEuUGxhY2VzLlNlYXJjaE5lYXJieRACGAQgAA,ChIJtVvpVDcjDTkR0xTqYM2i84Q
"Tikona Park, A Block, Sushant Lok 3",park,park|point_of_interest|establishment,,,"C38J+J4Q, Block A, Sushant Lok III, Sector 57, Gurugram, Haryana 122011, India",4.1,16,OPERATIONAL,https://maps.google.com/?cid=10510455915865906739&g_mp=Cilnb29nbGUubWFwcy5wbGFjZXMudjEuUGxhY2VzLlNlYXJjaE5lYXJieRACGAQgAA,ChIJceGrSnkjDTkRMx6X_Pej3JE
A93,apartment_building,apartment_building|service|point_of_interest|establishment,,,"A-93, Block A, Sushant Lok III, Sector 57, Gurugram, Haryana 122003, India",,,OPERATIONAL,https://maps.google.com/?cid=6570676755311102262&g_mp=Cilnb29nbGUubWFwcy5wbGFjZXMudjEuUGxhY2VzLlNlYXJjaE5lYXJieRACGAQgAA,ChIJx9fYcQAjDTkRNgk8LrK7L1s
Shinigami’s Haven,apartment_building,apartment_building|service|point_of_interest|establishment,,,"A-93, Block A, Sushant Lok III, Sector 57, Gurugram, Haryana 122011, India",,,OPERATIONAL,https://maps.google.com/?cid=4441633100708313888&g_mp=Cilnb29nbGUubWFwcy5wbGFjZXMudjEuUGxhY2VzLlNlYXJjaE5lYXJieRACGAQgAA,ChIJV-1xaAAjDTkRIPtVtsXZoz0
Bawa’s place,storage,storage|point_of_interest|establishment,,,"C38J+H8G, Block A, Sushant Lok III, Sector 57, Gurugram, Haryana 122011, India",5,1,OPERATIONAL,https://maps.google.com/?cid=4033069656535337641&g_mp=Cilnb29nbGUubWFwcy5wbGFjZXMudjEuUGxhY2VzLlNlYXJjaE5lYXJieRACGAQgAA,ChIJ2YPUBikjDTkRqQoyCHxX-Dc
Deepak home new,apartment_building,apartment_building|service|point_of_interest|establishment,,,"C38H+FRP, Block A, Sushant Lok III, Sector 57, Gurugram, Haryana 122011, India",,,OPERATIONAL,https://maps.google.com/?cid=10026067295098856518&g_mp=Cilnb29nbGUubWFwcy5wbGFjZXMudjEuUGxhY2VzLlNlYXJjaE5lYXJieRACGAQgAA,ChIJe0kjZQAjDTkRRmSHohW_I4s
OYO 19911 Exotic Stay,hotel,hotel|cottage|motel|inn|guest_house|lodging|point_of_interest|service|establishment,0124 620 1166,https://www.oyorooms.com/43177/,"2731-A 2731-A, 3rd Floor Sector 57 behind Rajdhani real state office, Block A, Sushant Lok III, Sector 57, Gurugram, Haryana 122011, India",,,OPERATIONAL,https://maps.google.com/?cid=15099601765095408584&g_mp=Cilnb29nbGUubWFwcy5wbGFjZXMudjEuUGxhY2VzLlNlYXJjaE5lYXJieRACGAQgAA,ChIJM3ijKzwjDTkRyINf4s2PjNE
Heart and Soul Organics Pvt Ltd,store,point_of_interest|store|establishment,,https://heartandsoul.in/,"2731-JP, Golf Course Ext Rd, Block A, Sushant Lok III, Sector 57, Gurugram, Haryana 122011, India",4.9,28,CLOSED_TEMPORARILY,https://maps.google.com/?cid=11344129525900575520&g_mp=Cilnb29nbGUubWFwcy5wbGFjZXMudjEuUGxhY2VzLlNlYXJjaE5lYXJieRACGAQgAA,ChIJ5Sl8IpQjDTkRIANTNbNxbp0
Satvik Eye Care By Dr Deepa Gupta – Best Eye Specialist in Gurgaon | Cataract | LASIK & Cornea Specialist Gurgaon,doctor,doctor|health|point_of_interest|service|establishment,098995 02110,https://satvikeyecare.com/,"Plot Number 2732, Golf Course Ext Rd, Block A, Sushant Lok III, Sector 57, Gurugram, Haryana 122011, India",4.9,163,OPERATIONAL,https://maps.google.com/?cid=18229032732279746282&g_mp=Cilnb29nbGUubWFwcy5wbGFjZXMudjEuUGxhY2VzLlNlYXJjaE5lYXJieRACGAQgAA,ChIJoaibRUYZDTkR6q6APrCI-vw
Lime Tree Three BHK Serviced Apartment Near Artemis Hospital - Three-Bedroom Apartment,lodging,lodging|point_of_interest|establishment,,https://www.bluepillow.com/search/6335f1e3314064d8ba35121e?dest=bkng&cat=House&lat=28.41594&lng=77.08369&language=en,"Block A, Sushant Lok III, Sector 57, Gurugram, Haryana 122011, India",,,OPERATIONAL,https://maps.google.com/?cid=17313576373341791171&g_mp=Cilnb29nbGUubWFwcy5wbGFjZXMudjEuUGxhY2VzLlNlYXJjaE5lYXJieRACGAQgAA,ChIJaX-WjA0iDTkRwyOi9PotRvA
Elite Property,real_estate_agency,real_estate_agency|point_of_interest|service|establishment,098117 46857,,"Plot no. 2731-IP, Golf Course Ext Rd, Block A, Sushant Lok III, Sector 57, Gurugram, Haryana 122011, India",3.6,7,OPERATIONAL,https://maps.google.com/?cid=16640796016463450500&g_mp=Cilnb29nbGUubWFwcy5wbGFjZXMudjEuUGxhY2VzLlNlYXJjaE5lYXJieRACGAQgAA,ChIJPfBM8w0iDTkRhBEKbc_77-Y
NEUROT Centre,service,health|point_of_interest|service|establishment,098733 39895,https://neurotcentre.com/,"Basement, Plot No 2732, Golf Course Ext Rd, Block A, Sushant Lok III, Sector 57, Gurugram, Haryana 122011, India",4.8,6,OPERATIONAL,https://maps.google.com/?cid=1909703385068119194&g_mp=Cilnb29nbGUubWFwcy5wbGFjZXMudjEuUGxhY2VzLlNlYXJjaE5lYXJieRACGAQgAA,ChIJ3aWIWAIjDTkRmqRYVRyhgBo
Rajdhani Real Estate Park,park,park|point_of_interest|establishment,,,"2734-SP, Golf Course Extention Road, Block A, Sushant Lok III, Sector 57, Gurugram, Haryana 122011, India",4.4,7,OPERATIONAL,https://maps.google.com/?cid=11183313321411684471&g_mp=Cilnb29nbGUubWFwcy5wbGFjZXMudjEuUGxhY2VzLlNlYXJjaE5lYXJieRACGAQgAA,ChIJP60XsDYjDTkRdyijzjYcM5s
Blooming words Child development Center,health,health|point_of_interest|establishment,098117 46418,https://bloomingwords.in/,"Basement, Plot no - 2732, near Bikaner wala, Block A, Sushant Lok III, Sector 57, Gurugram, Haryana 122011, India",5,8,OPERATIONAL,https://maps.google.com/?cid=17025270723777701832&g_mp=Cilnb29nbGUubWFwcy5wbGFjZXMudjEuUGxhY2VzLlNlYXJjaE5lYXJieRACGAQgAA,ChIJTQHG6BkjDTkRyKeg_4TpRew
Grace Music Academy,educational_institution,educational_institution|point_of_interest|service|establishment,,,"Ground Floor, Royal Casa, 445A, behind Bikanervalaa, Block A, Floors, Sector 57, Gurugram, Haryana 122011, India",,,CLOSED_TEMPORARILY,https://maps.google.com/?cid=2496215407261378805&g_mp=Cilnb29nbGUubWFwcy5wbGFjZXMudjEuUGxhY2VzLlNlYXJjaE5lYXJieRACGAQgAA,ChIJZ9F8iU4jDTkR9eir-K9WpCI
Mahindra First Choice Click for Cars,corporate_office,corporate_office|point_of_interest|establishment,,,"2731 IP, Golf Course Ext Rd, Block A, Sushant Lok III, Sector 57, Gurugram, Haryana 122011, India",1,1,OPERATIONAL,https://maps.google.com/?cid=4437852471256268464&g_mp=Cilnb29nbGUubWFwcy5wbGFjZXMudjEuUGxhY2VzLlNlYXJjaE5lYXJieRACGAQgAA,ChIJK1FB2mcjDTkRsL7RUk9rlj0
Unnati,housing_complex,housing_complex|point_of_interest|service|establishment,,,"F 447 GF, Block A, Sushant Lok 2, Sector 57, Gurugram, Haryana 122011, India",4.7,6,OPERATIONAL,https://maps.google.com/?cid=12083599178667780012&g_mp=Cilnb29nbGUubWFwcy5wbGFjZXMudjEuUGxhY2VzLlNlYXJjaE5lYXJieRACGAQgAA,ChIJe0VuWDUjDTkRrOexbG6Rsac
Bhavna Infrastructure Pvt Ltd,corporate_office,corporate_office|point_of_interest|establishment,090505 75435,,"2nd Floor, 2734-SP, Sushant Lok III, SHUSHANT LOK,2 EXT., Golf Course Ext Rd, Block F, Sushant Lok 2, Sector 57, Gurugram, Haryana 122011, India",1,1,OPERATIONAL,https://maps.google.com/?cid=6865824635554847218&g_mp=Cilnb29nbGUubWFwcy5wbGFjZXMudjEuUGxhY2VzLlNlYXJjaE5lYXJieRACGAQgAA,ChIJfwnSjg0iDTkR8llfHCFPSF8
BRAHMA ESTATE,general_contractor,point_of_interest|general_contractor|service|establishment,098993 64179,https://www.instagram.com/brahma_estate?igsh=MWdmNGZqem5tOW9qaw==,"2733-SP, Golf Course Ext Rd, Block A, Sushant Lok III, Sector 57, Gurugram, Haryana 122011, India",5,4,OPERATIONAL,https://maps.google.com/?cid=8962267225889666055&g_mp=Cilnb29nbGUubWFwcy5wbGFjZXMudjEuUGxhY2VzLlNlYXJjaE5lYXJieRACGAQgAA,ChIJD1J3Z6YjDTkRB3RHzY5eYHw
Homesleea Properties,real_estate_agency,real_estate_agency|point_of_interest|service|establishment,099535 69452,,"2733-SP, Golf Course Ext Rd, Block A, Sushant Lok III, Sector 57, Gurugram, Haryana 122011, India",4.9,28,OPERATIONAL,https://maps.google.com/?cid=12195069929779456947&g_mp=Cilnb29nbGUubWFwcy5wbGFjZXMudjEuUGxhY2VzLlNlYXJjaE5lYXJieRACGAQgAA,ChIJBeilEddRww4Rs2uNJ32XPak
Lime Tree Hotel Golf Course Ext. Gurgaon,hotel,hotel|lodging|point_of_interest|establishment,074790 00111,https://www.limetreehotels.com/hotels-in-golf-course-extension-road-gurgaon/,"Plot No- 2731, near Bikaner Wala, Block A, Sushant Lok III, Sector 57, Gurugram, Haryana 122011, India",4.7,335,OPERATIONAL,https://maps.google.com/?cid=4259804744047776342&g_mp=Cilnb29nbGUubWFwcy5wbGFjZXMudjEuUGxhY2VzLlNlYXJjaE5lYXJieRACGAQgAA,ChIJRRr_gFYjDTkRVtJ9ZdjdHTs
Hotel O Rainbow Hotels,hotel,hotel|lodging|point_of_interest|establishment,0124 433 0575,https://www.oyorooms.com/300410/,"Plot No 2731, Golf Course Ext Rd, behind Rajdhani Real Estate, near New Bikanerwala, Block A, Lok III, Sector 57, Gurugram, Haryana 122011, India",3,2,OPERATIONAL,https://maps.google.com/?cid=11177201528117566858&g_mp=Cilnb29nbGUubWFwcy5wbGFjZXMudjEuUGxhY2VzLlNlYXJjaE5lYXJieRACGAQgAA,ChIJWel_CqkjDTkRip1mCpJlHZs
Royal Casa Apartments,apartment_building,apartment_building|point_of_interest|service|establishment,,,"Royal Casa, Block F, Sushant Lok III, Sector 57, Gurugram, Haryana 122011, India",4.7,3,OPERATIONAL,https://maps.google.com/?cid=938197368416201966&g_mp=Cilnb29nbGUubWFwcy5wbGFjZXMudjEuUGxhY2VzLlNlYXJjaE5lYXJieRACGAQgAA,ChIJBbhfxL0jDTkR7mynKYklBQ0
"Lime Tree 4BHK Golf Course Extention Road, Sector 57-Gurugram - Apartment",lodging,lodging|point_of_interest|establishment,,https://www.freecancellations.com/search/F2d3QFFVSCdUXFZVWl9TF1xWWxtjQgNA?lat=28.41641&lng=77.08351&language=en,"Block A, Sushant Lok III, Sector 57, Gurugram, Haryana 122011, India",,,OPERATIONAL,https://maps.google.com/?cid=6829755278900450851&g_mp=Cilnb29nbGUubWFwcy5wbGFjZXMudjEuUGxhY2VzLlNlYXJjaE5lYXJieRACGAQgAA,ChIJ7T_Kkw0iDTkRI9a1lT0qyF4
"Lime Tree 4BHK Golf Course Extention Road, Sector 57-Gurugram - Apartment",lodging,lodging|point_of_interest|establishment,,https://www.bluepillow.com/search/681240fd5250632c595527f2?dest=bkng&cat=House&lat=28.41641&lng=77.08351&language=en,"Block A, Sushant Lok III, Sector 57, Gurugram, Haryana 122011, India",,,OPERATIONAL,https://maps.google.com/?cid=13462559576394885633&g_mp=Cilnb29nbGUubWFwcy5wbGFjZXMudjEuUGxhY2VzLlNlYXJjaE5lYXJieRACGAQgAA,ChIJ7T_Kkw0iDTkRAeqMZpue1Lo
"2725, A - Block",apartment_building,apartment_building|point_of_interest|service|establishment,,,"2725, Block E, near Rajdhani Real Estate, Block A, Sushant Lok III, Sector 57, Gurugram, Haryana 122011, India",5,1,OPERATIONAL,https://maps.google.com/?cid=17012094698680397301&g_mp=Cilnb29nbGUubWFwcy5wbGFjZXMudjEuUGxhY2VzLlNlYXJjaE5lYXJieRACGAQgAA,ChIJdb-EFUgjDTkR9a0mmP4ZF-w
Kritika Nursery,wholesaler,point_of_interest|wholesaler|establishment,,,"Golf Course Ext Rd, Sector 62, Gurugram, Haryana 122011, India",4.7,3,CLOSED_TEMPORARILY,https://maps.google.com/?cid=12457806455202649526&g_mp=Cilnb29nbGUubWFwcy5wbGFjZXMudjEuUGxhY2VzLlNlYXJjaE5lYXJieRACGAQgAA,ChIJBTXFVyYjDTkRthXsevcE46w
Craftville,furniture_store,furniture_store|home_improvement_store|point_of_interest|home_goods_store|store|establishment,083683 36871,,"Near Pioneer square, Golf Course Ext Rd, Sector 62, Gurugram, Haryana 122098, India",4.9,15,OPERATIONAL,https://maps.google.com/?cid=16613714056894322965&g_mp=Cilnb29nbGUubWFwcy5wbGFjZXMudjEuUGxhY2VzLlNlYXJjaE5lYXJieRACGAQgAA,ChIJCSrtkswjDTkRFZkZWenEj-Y
Gurugaon Nursery,store,store|point_of_interest|establishment,,,"C38P+9XR, Sector 62, Gurugram, Haryana 122098, India",,,CLOSED_TEMPORARILY,https://maps.google.com/?cid=4241825819421673781&g_mp=Cilnb29nbGUubWFwcy5wbGFjZXMudjEuUGxhY2VzLlNlYXJjaE5lYXJieRACGAQgAA,ChIJj6szDwAjDTkRNYm1zRv-3To
Blinkit Ambulance Sec 62 Depot,association_or_organization,association_or_organization|point_of_interest|establishment,,,"F402, Block F, Sushant Lok III, Sector 57, Gurugram, Ghata, Haryana 122011, India",5,2,OPERATIONAL,https://maps.google.com/?cid=11499956641006645846&g_mp=Cilnb29nbGUubWFwcy5wbGFjZXMudjEuUGxhY2VzLlNlYXJjaE5lYXJieRACGAQgAA,ChIJ0SpeIAAjDTkRVnKYt6INmJ8
SetRite Realtors,real_estate_agency,real_estate_agency|point_of_interest|service|establishment,0124 498 7585,http://www.setriterealtors.com/,"F-404, Golf Course Ext Rd, Sushant Lok-II, Block F, Sushant Lok 2, Sector 57, Gurugram, Haryana 122011, India",5,5,CLOSED_TEMPORARILY,https://maps.google.com/?cid=4766634914192318498&g_mp=Cilnb29nbGUubWFwcy5wbGFjZXMudjEuUGxhY2VzLlNlYXJjaE5lYXJieRACGAQgAA,ChIJzdcLr7EjDTkRImBoIjN9JkI
Janiya Magic,service,point_of_interest|service|establishment,093137 45515,,"400, Sushant Lok, G block, Sushant Lok 2, Sector 57, Gurugram, Haryana 122011, India",5,2,OPERATIONAL,https://maps.google.com/?cid=18311142864917174911&g_mp=Cilnb29nbGUubWFwcy5wbGFjZXMudjEuUGxhY2VzLlNlYXJjaE5lYXJieRACGAQgAA,ChIJB1T3kFgjDTkRfxrRRms_Hv4
Tribuz Interiors Gurgaon | Best Interior Designers in Gurgaon - Interior Designer In Gurgaon,general_contractor,point_of_interest|general_contractor|service|establishment,088008 06748,http://www.tribuz.in/,"Ground Floor 394 Block F Sushant Lok-2 Extension Sector 57 southern peripheral road, Golf Course Ext Rd, Block F, Sushant Lok 2, Sector 57, Gurugram, Haryana 122011, India",4,77,OPERATIONAL,https://maps.google.com/?cid=1616948252458138544&g_mp=Cilnb29nbGUubWFwcy5wbGFjZXMudjEuUGxhY2VzLlNlYXJjaE5lYXJieRACGAQgAA,ChIJ166a_w4iDTkRsLv0X96NcBY
Studio Elcee,general_contractor,point_of_interest|general_contractor|service|establishment,096507 03465,http://www.facebook.com/studioelcee,"GF, F 443/A, Golf Course Ext Rd, Sushant Lok 2, Sector 62, Gurugram, Haryana 122011, India",4.4,9,OPERATIONAL,https://maps.google.com/?cid=702803779149258129&g_mp=Cilnb29nbGUubWFwcy5wbGFjZXMudjEuUGxhY2VzLlNlYXJjaE5lYXJieRACGAQgAA,ChIJi0LCIQ3hDDkRkV3-QlDcwAk
CARENZY - SPOT Dealer - Absolute Car Choice (sell car in gurgaon) 9810944388,car_dealer,car_dealer|point_of_interest|store|establishment,098109 44388,http://www.carenzy.com/,"406 GF, Golf Course Ext Rd, Sushant Lok, Block F, Sushant Lok 2, Sector 57, Gurugram, Ghata, Haryana 122011, India",4.8,40,OPERATIONAL,https://maps.google.com/?cid=10029437886344439017&g_mp=Cilnb29nbGUubWFwcy5wbGFjZXMudjEuUGxhY2VzLlNlYXJjaE5lYXJieRACGAQgAA,ChIJ2-MGJAAjDTkR6aRnkJ64L4s
Susara Designs,general_contractor,point_of_interest|general_contractor|service|establishment,,https://www.susara.in/,"Ground Floor 394 Block F Sushant Lok-2 Extension Sector 57 southern peripheral road, Golf Course Ext Rd, Block F, Sushant Lok 2, Sector 57, Gurugram, Haryana 122011, India",,,CLOSED_TEMPORARILY,https://maps.google.com/?cid=7539083436907531685&g_mp=Cilnb29nbGUubWFwcy5wbGFjZXMudjEuUGxhY2VzLlNlYXJjaE5lYXJieRACGAQgAA,ChIJ35awpNAjDTkRpY3nLHE0oGg
Dr. Harnarayan Singh-,doctor,doctor|health|point_of_interest|establishment,,http://www.neurosurgerypro.com/,"C38P+99J, Golf Course Ext Rd, Block F, Sushant Lok III, Sector 57, Gurugram, Haryana 122011, India",3.7,3,CLOSED_TEMPORARILY,https://maps.google.com/?cid=847335695628977728&g_mp=Cilnb29nbGUubWFwcy5wbGFjZXMudjEuUGxhY2VzLlNlYXJjaE5lYXJieRACGAQgAA,ChIJY8I7Aw4iDTkRQEZ5Z1NXwgs
Space Race Architects,service,point_of_interest|service|establishment,,http://www.spaceracearchs.com/,"Ground Floor, F-404, Block F, Sushant Lok 2, Sector 57, Gurugram, Haryana 122011, India",5,5,OPERATIONAL,https://maps.google.com/?cid=7006060123000502106&g_mp=Cilnb29nbGUubWFwcy5wbGFjZXMudjEuUGxhY2VzLlNlYXJjaE5lYXJieRACGAQgAA,ChIJ85dVcwAjDTkRWnd56o-GOmE
Brick & Lens Studio,corporate_office,corporate_office|point_of_interest|establishment,,,"390, Rd to F Block, Sushant Lok-II, Block F, Sushant Lok 2, Sector 57, Gurugram, Haryana 122011, India",,,OPERATIONAL,https://maps.google.com/?cid=4428566103071038388&g_mp=Cilnb29nbGUubWFwcy5wbGFjZXMudjEuUGxhY2VzLlNlYXJjaE5lYXJieRACGAQgAA,ChIJe4qifAAjDTkRtJviPWhtdT0
Blinkit Ambulance - Sector 57,service,health|point_of_interest|service|establishment,,https://blinkit.onelink.me/z75u/7bza3dw7,"F402, Block F, Sushant Lok III, Sector 57, Gurugram, Ghata, Haryana 122011, India",5,1,OPERATIONAL,https://maps.google.com/?cid=8648249697210249474&g_mp=Cilnb29nbGUubWFwcy5wbGFjZXMudjEuUGxhY2VzLlNlYXJjaE5lYXJieRACGAQgAA,ChIJ7-_UXwAjDTkRArEYe0fBBHg
Blinkit Ambulance Parking,association_or_organization,association_or_organization|point_of_interest|establishment,,,"F402, Block F, Sushant Lok III, Sector 57, Gurugram, Ghata, Haryana 122011, India",5,2,CLOSED_TEMPORARILY,https://maps.google.com/?cid=6412435749054370642&g_mp=Cilnb29nbGUubWFwcy5wbGFjZXMudjEuUGxhY2VzLlNlYXJjaE5lYXJieRACGAQgAA,ChIJf-MkagAjDTkRUtNm11aM_Vg
The Exactitude,,point_of_interest|establishment,,,"394, Sushant Lok, Block F, Sushant Lok 2, Sector 57, Gurugram, Haryana 122011, India",4,1,CLOSED_TEMPORARILY,https://maps.google.com/?cid=2050461982802726355&g_mp=Cilnb29nbGUubWFwcy5wbGFjZXMudjEuUGxhY2VzLlNlYXJjaE5lYXJieRACGAQgAA,ChIJZ0oyNgAjDTkR001mPk-0dBw
C&B Co,corporate_office,corporate_office|point_of_interest|establishment,097119 05555,,"no-404,57, Unnamed Road, Block F, Sushant Lok III, Sector House, Gurugram, Haryana 122011, India",5,5,OPERATIONAL,https://maps.google.com/?cid=16771816966147960085&g_mp=Cilnb29nbGUubWFwcy5wbGFjZXMudjEuUGxhY2VzLlNlYXJjaE5lYXJieRACGAQgAA,ChIJT4mEW-AjDTkRFW0eeat2weg
Vision Tower Sector-62,bus_stop,bus_stop|transit_stop|transit_station|transportation_service|point_of_interest|establishment,,,"Block F, Sushant Lok 2, Sector 57, Gurugram, Haryana 122011, India",4,1,OPERATIONAL,https://maps.google.com/?cid=12244348673798511798&g_mp=Cilnb29nbGUubWFwcy5wbGFjZXMudjEuUGxhY2VzLlNlYXJjaE5lYXJieRACGAQgAA,ChIJw6DdGA4iDTkRthzJ1z6q7Kk
CNB Certified Used Cars - Gurgaon,car_dealer,car_dealer|point_of_interest|store|service|establishment,077997 40054,https://www.mahindrafirstchoice.com/dealer/detail/gurgaon/near-bikaner-wala/absolute-car-choice,"F-406 Ground Floor, Block F, Sushant Lok 2, Sector 57, Gurugram, Haryana 122011, India",4.2,21,OPERATIONAL,https://maps.google.com/?cid=1126796399901418482&g_mp=Cilnb29nbGUubWFwcy5wbGFjZXMudjEuUGxhY2VzLlNlYXJjaE5lYXJieRACGAQgAA,ChIJZ3jDmFYjDTkR8iNQDlsvow8
Dr Apala Aggarwal Tuteja - Best Psychiatrist in Gurgaon,doctor,doctor|medical_clinic|health|point_of_interest|establishment,,http://www.thepsychclinic.in/,"The Psych Clinic, Sector 62, Gurugram, Haryana 122011, India",5,1,OPERATIONAL,https://maps.google.com/?cid=8978315784751920359&g_mp=Cilnb29nbGUubWFwcy5wbGFjZXMudjEuUGxhY2VzLlNlYXJjaE5lYXJieRACGAQgAA,ChIJjYHFWJ4jDTkR57RrF6NimXw
Bada Sasural,vegetarian_restaurant,vegetarian_restaurant|restaurant|food|point_of_interest|establishment,,,"C38R+76R, Sector 62, Gurugram, Haryana 122098, India",5,6,OPERATIONAL,https://maps.google.com/?cid=12431108979101094465&g_mp=Cilnb29nbGUubWFwcy5wbGFjZXMudjEuUGxhY2VzLlNlYXJjaE5lYXJieRACGAQgAA,ChIJue_lRAAjDTkRQVJ978ArhKw
PohaLal,breakfast_restaurant,breakfast_restaurant|fast_food_restaurant|restaurant|food|point_of_interest|establishment,070005 32548,https://www.pohalal.in/,"Pioneer Square, Sector 62, Gurugram, Haryana 122098, India",3.7,3,OPERATIONAL,https://maps.google.com/?cid=9137427528886093867&g_mp=Cilnb29nbGUubWFwcy5wbGFjZXMudjEuUGxhY2VzLlNlYXJjaE5lYXJieRACGAQgAA,ChIJSW2DsDwjDTkRK4gh5Oypzn4
NOW MOMO,car_repair,car_repair|service|point_of_interest|establishment,,,"28°24'56.1, N 77°05, 25.7""E, Sector 62, Gurugram, Haryana 122098, India",5,1,OPERATIONAL,https://maps.google.com/?cid=8073381840137334467&g_mp=Cilnb29nbGUubWFwcy5wbGFjZXMudjEuUGxhY2VzLlNlYXJjaE5lYXJieRACGAQgAA,ChIJSctbnR0jDTkRw655TQJqCnA
Gujjar Hind Dhaba,indian_restaurant,indian_restaurant|restaurant|food|point_of_interest|establishment,087430 55074,,"C38R+77V, CRPF Rd, Ullahawas, Sector 62, Gurugram, Haryana 122098, India",4,2,OPERATIONAL,https://maps.google.com/?cid=815912300978281784&g_mp=Cilnb29nbGUubWFwcy5wbGFjZXMudjEuUGxhY2VzLlNlYXJjaE5lYXJieRACGAQgAA,ChIJGZXUjbojDTkROJ2uM-qzUgs
Hindustan Petroleum HCG CNG Pump,gas_station,gas_station|service|point_of_interest|establishment,0124 427 1273,http://www.hindustanpetroleum.com/,"C38Q+GM3, Golf Course Ext Rd, Block F, Sector 57, Gurugram, Haryana 122098, India",3.7,763,OPERATIONAL,https://maps.google.com/?cid=5285852722824921488&g_mp=Cilnb29nbGUubWFwcy5wbGFjZXMudjEuUGxhY2VzLlNlYXJjaE5lYXJieRACGAQgAA,ChIJg70c1w8iDTkRkMECtwsfW0k
Raju Tea Store,store,store|point_of_interest|establishment,074848 75524,,"CRPF Rd, Sector 62, Gurugram, Haryana 122098, India",4.5,2,OPERATIONAL,https://maps.google.com/?cid=1226029619052219094&g_mp=Cilnb29nbGUubWFwcy5wbGFjZXMudjEuUGxhY2VzLlNlYXJjaE5lYXJieRACGAQgAA,ChIJvzU6mLMjDTkR1gq3V3G7AxE
Pioneer One | Hines Commercial Project,corporate_office,corporate_office|point_of_interest|establishment,,,"536SS, Sector 62, Gurugram, Ghata, Haryana 122098, India",,,OPERATIONAL,https://maps.google.com/?cid=5708065231012467227&g_mp=Cilnb29nbGUubWFwcy5wbGFjZXMudjEuUGxhY2VzLlNlYXJjaE5lYXJieRACGAQgAA,ChIJTZuYNQAjDTkRG5JBwRUfN08
Zomato Fort,bar,bar|point_of_interest|establishment,,,"636SA, Sector 62, Gurugram, Ghata, Haryana 122098, India",3.3,3,OPERATIONAL,https://maps.google.com/?cid=16709273098002739410&g_mp=Cilnb29nbGUubWFwcy5wbGFjZXMudjEuUGxhY2VzLlNlYXJjaE5lYXJieRACGAQgAA,ChIJ_7lkNwAjDTkR0rBxZVpD4-c
Hindustan Petroleum Corporation Limited,gas_station,gas_station|service|point_of_interest|establishment,099995 55555,https://petrolpump.hpretail.in/hindustan-petroleum-corporation-limited-navyug-fuels-petrol-pump-sector-62-gurugram-403929/Home?utm_source=locator&utm_medium=googleplaces,"Ground Floor, Southern Peripheral Rd, Sector 62, Gurugram, Haryana 122098, India",3.9,245,OPERATIONAL,https://maps.google.com/?cid=14903554064483010606&g_mp=Cilnb29nbGUubWFwcy5wbGFjZXMudjEuUGxhY2VzLlNlYXJjaE5lYXJieRACGAQgAA,ChIJEQXl5Q8iDTkRLshWkHUP1M4
MANGALAM MEDICAL STORE,pharmacy,pharmacy|store|health|point_of_interest|establishment,095826 81316,,"near PIONEER PARK, Baharampur Naya, Sector 61, Gurugram, Haryana 122098, India",4.7,6,OPERATIONAL,https://maps.google.com/?cid=14640976560413308807&g_mp=Cilnb29nbGUubWFwcy5wbGFjZXMudjEuUGxhY2VzLlNlYXJjaE5lYXJieRACGAQgAA,ChIJ3T8qzdIjDTkRh3dBSJwyL8s
EZU Electric,service,service|point_of_interest|establishment,,https://www.ezuelectric.app/,"Shop no 6, Golf Course Ext Rd, near HCG cng pump, Sector 62, Gurugram, Haryana 122018, India",5,1,OPERATIONAL,https://maps.google.com/?cid=12893073554830264413&g_mp=Cilnb29nbGUubWFwcy5wbGFjZXMudjEuUGxhY2VzLlNlYXJjaE5lYXJieRACGAQgAA,ChIJp5CkPxAjDTkRXQikchZm7bI
lucky construction pilling,service,service|point_of_interest|establishment,,,"C38R+Q8G, Sector 62, Ghata, Gurugram, Haryana 122098, India",5,2,OPERATIONAL,https://maps.google.com/?cid=10401288889738287845&g_mp=Cilnb29nbGUubWFwcy5wbGFjZXMudjEuUGxhY2VzLlNlYXJjaE5lYXJieRACGAQgAA,ChIJuVsxRgAjDTkR5VoRByPNWJA
Blinkit Corporate Office,corporate_office,corporate_office|point_of_interest|establishment,,https://blinkit.com/?srsltid=AfmBOoo7JrxxiGGRP9VAA5ezhPYCXdJwrw8Z6S1u3PlL4w_IkPu-VVFS,"Ground Floor, Pioneer Square, Golf Course Ext Rd, Sector 62, Gurugram, Haryana 122098, India",3,33,OPERATIONAL,https://maps.google.com/?cid=11974217081849112456&g_mp=Cilnb29nbGUubWFwcy5wbGFjZXMudjEuUGxhY2VzLlNlYXJjaE5lYXJieRACGAQgAA,ChIJc68FEhAiDTkRiOcHa_72LKY
Rider entry gate Zomato Office,corporate_office,corporate_office|point_of_interest|establishment,,,"Block-D, Pioneer Urban Square, Sector 62, Gurugram, Ghata, Haryana 122098, India",1.8,5,OPERATIONAL,https://maps.google.com/?cid=13280871863465317760&g_mp=Cilnb29nbGUubWFwcy5wbGFjZXMudjEuUGxhY2VzLlNlYXJjaE5lYXJieRACGAQgAA,ChIJFb3jFwAjDTkRgJVUQZgiT7g
Axis Bank ATM,atm,atm|finance|point_of_interest|establishment,1860 500 5555,https://branch.axisbank.com/axis-bank-atm-gurugram-99005-CITI301/Home,"Pioneer Square, Golf Course Ext Rd, near HP Petrol Pump, Sector 62, Gurugram, Haryana 122098, India",5,1,OPERATIONAL,https://maps.google.com/?cid=15802618719440150744&g_mp=Cilnb29nbGUubWFwcy5wbGFjZXMudjEuUGxhY2VzLlNlYXJjaE5lYXJieRACGAQgAA,ChIJnR7EyfEjDTkR2CAr3f8tTts
Gujjar bhavan digital library,library,library|service|point_of_interest|establishment,097949 37452,,"C38R+CHJ Rajesh Pilot Gurjar Chowk, Baharampur Naya, Sector 61, Gurugram, Ghata, Haryana 122098, India",3.3,4,OPERATIONAL,https://maps.google.com/?cid=5232032750914163527&g_mp=Cilnb29nbGUubWFwcy5wbGFjZXMudjEuUGxhY2VzLlNlYXJjaE5lYXJieRACGAQgAA,ChIJjejxVQAjDTkRR9NyAxHqm0g
SS Prime Infra Pvt Ltd,real_estate_agency,real_estate_agency|service|point_of_interest|establishment,,https://ssprimeinfra.com/,"Ground floor, Block-D, Pioneer Urban Square, Office no :-006, Sector 62, Gurugram, Haryana 122098, India",5,4,OPERATIONAL,https://maps.google.com/?cid=359215630929438656&g_mp=Cilnb29nbGUubWFwcy5wbGFjZXMudjEuUGxhY2VzLlNlYXJjaE5lYXJieRACGAQgAA,ChIJbxvm9rYjDTkRwCdRj7Yw_AQ
Pioneer Square,corporate_office,corporate_office|point_of_interest|establishment,,,"Block-D, Pioneer Urban Square, Sector 62, Ghata, Gurugram, Haryana 122098, India",4.3,43,OPERATIONAL,https://maps.google.com/?cid=16690409308464984714&g_mp=Cilnb29nbGUubWFwcy5wbGFjZXMudjEuUGxhY2VzLlNlYXJjaE5lYXJieRACGAQgAA,ChIJUYF3bwAjDTkRirLtItY-oOc
Crazy Fashion,general_store,general_store|food_store|store|food|point_of_interest|establishment,093155 30818,,"Block-D, Pioneer Urban Square, D-102, Golf Course Ext Rd, Sector 62, Gurugram, Haryana 122098, India",,,OPERATIONAL,https://maps.google.com/?cid=17606321824496568254&g_mp=Cilnb29nbGUubWFwcy5wbGFjZXMudjEuUGxhY2VzLlNlYXJjaE5lYXJieRACGAQgAA,ChIJs4if22YjDTkRvkdTxmo4VvQ
Dohful Cookies & Coffee | Pioneer Square,bakery,bakery|food_store|store|food|point_of_interest|establishment,096670 90369,,"Ground Floor, Block-D, Pioneer Urban Square, Sector 62, Gurugram, Haryana 122098, India",4.1,19,OPERATIONAL,https://maps.google.com/?cid=1338769844401386543&g_mp=Cilnb29nbGUubWFwcy5wbGFjZXMudjEuUGxhY2VzLlNlYXJjaE5lYXJieRACGAQgAA,ChIJTVcsfJYjDTkRL7SMkxRElBI
AMADETEL WORKS,point_of_interest,point_of_interest|establishment,,,"C398+JR4, Nirvana Rd, Tigra, Sector 57, Gurugram, Haryana 122011, India",,,OPERATIONAL,https://maps.google.com/?cid=11482629903035651211&g_mp=Cilnb29nbGUubWFwcy5wbGFjZXMudjEuUGxhY2VzLlNlYXJjaE5lYXJieRACGAQgAA,ChIJ6_WKGnoiDTkRi9S3KQ9_Wp8
Ushuf Kabadhi Shop,service,service|point_of_interest|establishment,085952 00710,,"Shop No.2, Nirvana Rd, Tigra, Sector 50, Gurugram, Haryana 122011, India",5,1,CLOSED_TEMPORARILY,https://maps.google.com/?cid=14838602838719146759&g_mp=Cilnb29nbGUubWFwcy5wbGFjZXMudjEuUGxhY2VzLlNlYXJjaE5lYXJieRACGAQgAA,ChIJKZSW-rgjDTkRByv13KlO7c0
AIRA STEEL,point_of_interest,point_of_interest|establishment,074659 55112,,"C398+JQP, Nirvana Rd, Tigra, Sector 57, Gurugram, Haryana 122011, India",,,CLOSED_TEMPORARILY,https://maps.google.com/?cid=14659765432110114509&g_mp=Cilnb29nbGUubWFwcy5wbGFjZXMudjEuUGxhY2VzLlNlYXJjaE5lYXJieRACGAQgAA,ChIJlbANH3oiDTkRzWZ5X_3yccs
Anupam,apartment_building,apartment_building|service|point_of_interest|establishment,,,"10, Housing Board Colony, Tigra, Sector 57, Gurugram, Haryana 122011, India",,,OPERATIONAL,https://maps.google.com/?cid=5625303796906777459&g_mp=Cilnb29nbGUubWFwcy5wbGFjZXMudjEuUGxhY2VzLlNlYXJjaE5lYXJieRACGAQgAA,ChIJq-8EfB8ZDTkRc9tIyP8XEU4
INDIA JOINT CRAFT STEEL,hardware_store,hardware_store|building_materials_store|store|point_of_interest|establishment,094118 85139,,"Shop No 2, near LOTUS VALLEY SCHOOL, Tigra, Sector 57, Gurugram, Haryana 122011, India",5,2,OPERATIONAL,https://maps.google.com/?cid=14722391731617979923&g_mp=Cilnb29nbGUubWFwcy5wbGFjZXMudjEuUGxhY2VzLlNlYXJjaE5lYXJieRACGAQgAA,ChIJe6Zab94jDTkRE948_0ZxUMw
Ramesh Tour & Travels,taxi_service,taxi_service|transportation_service|service|point_of_interest|establishment,097118 03626,,"Tigra, Sector 57, Gurugram, Haryana 122011, India",4.6,10,CLOSED_TEMPORARILY,https://maps.google.com/?cid=2667953976394554155&g_mp=Cilnb29nbGUubWFwcy5wbGFjZXMudjEuUGxhY2VzLlNlYXJjaE5lYXJieRACGAQgAA,ChIJmQN0HHoiDTkRK5sWkAF6BiU
Rajesh Taxi Service,taxi_service,taxi_service|transportation_service|service|point_of_interest|establishment,,,"Tigra, Sector 57, Gurugram, Haryana 122011, India",2.5,2,OPERATIONAL,https://maps.google.com/?cid=3899326380265768744&g_mp=Cilnb29nbGUubWFwcy5wbGFjZXMudjEuUGxhY2VzLlNlYXJjaE5lYXJieRACGAQgAA,ChIJc-juFPwjDTkRKAcN764wHTY
Malik Steel Fabrication,manufacturer,manufacturer|point_of_interest|establishment,,,"Shop No 34, Tigra, Sector 50, Gurugram, Haryana 122011, India",,,CLOSED_TEMPORARILY,https://maps.google.com/?cid=3751309013877322846&g_mp=Cilnb29nbGUubWFwcy5wbGFjZXMudjEuUGxhY2VzLlNlYXJjaE5lYXJieRACGAQgAA,ChIJUT4uCXoiDTkRXvTgPqxTDzQ
CH PHOOL CHAND TIGRA,farm,farm|service|point_of_interest|establishment,,,"C399+H4V, Tigra, Sector 57, Gurugram, Haryana 122011, India",,,CLOSED_TEMPORARILY,https://maps.google.com/?cid=15552288836315871268&g_mp=Cilnb29nbGUubWFwcy5wbGFjZXMudjEuUGxhY2VzLlNlYXJjaE5lYXJieRACGAQgAA,ChIJSyPqRQAjDTkRJHjhDEzU1Nc
Aahil Steel Fabrication & Interior,hardware_store,hardware_store|building_materials_store|store|point_of_interest|establishment,095572 72184,,"Shop No 4, Nirvana Rd, near Lotus Valley School, Tigra, Sector 57, Gurugram, Haryana 122018, India",3,2,OPERATIONAL,https://maps.google.com/?cid=15073456235501766132&g_mp=Cilnb29nbGUubWFwcy5wbGFjZXMudjEuUGxhY2VzLlNlYXJjaE5lYXJieRACGAQgAA,ChIJd4LDbdAjDTkR9MV6ZpWsL9E
Asif Scrap Buyer & Scrap Dealer in Gurgaon,,point_of_interest|establishment,,,"Nirvana Rd, Tigra, Sector 57, Gurugram, Haryana 122011, India",4.8,52,OPERATIONAL,https://maps.google.com/?cid=14162484865594165512&g_mp=Cilnb29nbGUubWFwcy5wbGFjZXMudjEuUGxhY2VzLlNlYXJjaE5lYXJieRACGAQgAA,ChIJeQfC2uojDTkRCAmW_vJAi8Q
Sanjeev Kumar Bamboo Chik Maker,home_goods_store,home_goods_store|store|point_of_interest|establishment,098710 39894,,"2D, Tigra, Sector 57, Mayfield Garden, LOTUS VALLEY SCHOOL, Nirvana Country, Sector 57, Gurugram, Haryana 122011, India",,,OPERATIONAL,https://maps.google.com/?cid=17889072461702880973&g_mp=Cilnb29nbGUubWFwcy5wbGFjZXMudjEuUGxhY2VzLlNlYXJjaE5lYXJieRACGAQgAA,ChIJnZrZCnoiDTkRzd4FoZ_AQvg
Vipin Kumar,bakery,bakery|food_store|store|food|point_of_interest|establishment,,,"C399+M75, Tigra, Sector 57, Gurugram, Samaspur, Haryana 122011, India",,,OPERATIONAL,https://maps.google.com/?cid=5462220272449614262&g_mp=Cilnb29nbGUubWFwcy5wbGFjZXMudjEuUGxhY2VzLlNlYXJjaE5lYXJieRACGAQgAA,ChIJH06EPgAjDTkRtvFL0GW0zUs
ARYAN ELECTRICAL,point_of_interest,point_of_interest|establishment,098718 31458,,"C399+85F, Nirvana Rd, Tigra, Sector 57, Gurugram, Haryana 122011, India",5,1,OPERATIONAL,https://maps.google.com/?cid=13349948000307009440&g_mp=Cilnb29nbGUubWFwcy5wbGFjZXMudjEuUGxhY2VzLlNlYXJjaE5lYXJieRACGAQgAA,ChIJ51GsCnoiDTkRoFc8qPmKRLk
GURJAR PLACE,apartment_building,apartment_building|service|point_of_interest|establishment,,,"C399+Q7F, D Block Rd, Block D, Sector 57, Gurugram, Haryana 122011, India",,,OPERATIONAL,https://maps.google.com/?cid=13089281078775991643&g_mp=Cilnb29nbGUubWFwcy5wbGFjZXMudjEuUGxhY2VzLlNlYXJjaE5lYXJieRACGAQgAA,ChIJpwEecQAjDTkRW02vicp3prU
Orkaash Designs,general_contractor,general_contractor|service|point_of_interest|establishment,,,"D-361, Golf Course Ext Rd, Sushant Lok II, Sector 56, Gurugram, Ghata, Haryana 122011, India",,,OPERATIONAL,https://maps.google.com/?cid=33267383585788629&g_mp=Cilnb29nbGUubWFwcy5wbGFjZXMudjEuUGxhY2VzLlNlYXJjaE5lYXJieRACGAQgAA,ChIJYYtkBQAhDTkR1dI8VYIwdgA
S S Fabrication Welding Works,manufacturer,manufacturer|point_of_interest|establishment,097192 50678,,"Shop No. 1, Sector. 50 D Block Lotus Valley School Tigra Village, Lotus Valley Gurugram Haryana, Gurugram, NCR, Tigra, Sector 57, Region, Gurugram, Haryana 122011, India",5,1,OPERATIONAL,https://maps.google.com/?cid=5058586122487575045&g_mp=Cilnb29nbGUubWFwcy5wbGFjZXMudjEuUGxhY2VzLlNlYXJjaE5lYXJieRACGAQgAA,ChIJTUCjn3AiDTkRBbKX4Ea1M0Y
Police station,police,police|service|point_of_interest|establishment,,,"C399+75X, Nirvana Rd, Tigra, Sector 57, Gurugram, Haryana 122011, India",,,OPERATIONAL,https://maps.google.com/?cid=6788685401659575778&g_mp=Cilnb29nbGUubWFwcy5wbGFjZXMudjEuUGxhY2VzLlNlYXJjaE5lYXJieRACGAQgAA,ChIJn8CHXyYjDTkR4o3MoWdBNl4
JIYARAM DHANI TIGRA,association_or_organization,service|association_or_organization|point_of_interest|establishment,,,"C399+MCM, Tigra, Sector 57, Gurugram, Haryana 122011, India",5,3,OPERATIONAL,https://maps.google.com/?cid=150581198579303531&g_mp=Cilnb29nbGUubWFwcy5wbGFjZXMudjEuUGxhY2VzLlNlYXJjaE5lYXJieRACGAQgAA,ChIJv6XBJwAjDTkRawQsY834FgI
Garg house,association_or_organization,service|association_or_organization|point_of_interest|establishment,,,"C399+HCG, Tigra, Sector 57, Gurugram, Haryana 122011, India",,,OPERATIONAL,https://maps.google.com/?cid=14433693667002159092&g_mp=Cilnb29nbGUubWFwcy5wbGFjZXMudjEuUGxhY2VzLlNlYXJjaE5lYXJieRACGAQgAA,ChIJe1mTfAAjDTkR9A94yurHTsg
Varsha General Store,general_store,general_store|point_of_interest|food_store|store|food|establishment,070114 54389,,"Shop No 01, Sector 57, Tigra, Sector 57, Gurugram, Haryana 122011, India",5,2,OPERATIONAL,https://maps.google.com/?cid=13395726836400357639&g_mp=Cilnb29nbGUubWFwcy5wbGFjZXMudjEuUGxhY2VzLlNlYXJjaE5lYXJieRACGAQgAA,ChIJq_fMowcjDTkRB4HPh5Uu57k
Amit's foundation,grocery_store,grocery_store|point_of_interest|food_store|store|food|establishment,,,"near mahavir general store, Tigra, Sector 57, Gurugram, Haryana 122011, India",5,1,CLOSED_TEMPORARILY,https://maps.google.com/?cid=18034004738944387148&g_mp=Cilnb29nbGUubWFwcy5wbGFjZXMudjEuUGxhY2VzLlNlYXJjaE5lYXJieRACGAQgAA,ChIJDeIL7x0jDTkRTMh9BsOnRfo
Shyam Tanwar house,apartment_building,apartment_building|point_of_interest|service|establishment,,,"431, Tigra, Sector 57 Manesar, Gurugram, Haryana 122011, India",,,OPERATIONAL,https://maps.google.com/?cid=12232802900411448903&g_mp=Cilnb29nbGUubWFwcy5wbGFjZXMudjEuUGxhY2VzLlNlYXJjaE5lYXJieRACGAQgAA,ChIJPWXdd7kjDTkRR35k_mylw6k
Divya General Store,general_store,general_store|point_of_interest|food_store|store|food|establishment,,,"C399+GXM, Tigra, Sector 57, Samaspur, Gurugram, Haryana 122011, India",5,2,OPERATIONAL,https://maps.google.com/?cid=17179758813487758709&g_mp=Cilnb29nbGUubWFwcy5wbGFjZXMudjEuUGxhY2VzLlNlYXJjaE5lYXJieRACGAQgAA,ChIJj_ffjTcjDTkRdf3SXJ7Dau4
"House no. 5, Azad Bulding",apartment_building,apartment_building|point_of_interest|service|establishment,,http://49.102.118.199/,"C38F+8QV, Tigra, Sector 57, Gurugram, Haryana 122011, India",5,23,OPERATIONAL,https://maps.google.com/?cid=5431443641493618203&g_mp=Cilnb29nbGUubWFwcy5wbGFjZXMudjEuUGxhY2VzLlNlYXJjaE5lYXJieRACGAQgAA,ChIJLyGhNAAjDTkRG_7HBDddYEs
Tigra society,apartment_building,apartment_building|point_of_interest|service|establishment,,,"C399+GXM, Tigra, Sector 57, Samaspur, Gurugram, Haryana 122011, India",4,1,OPERATIONAL,https://maps.google.com/?cid=12569335804677396529&g_mp=Cilnb29nbGUubWFwcy5wbGFjZXMudjEuUGxhY2VzLlNlYXJjaE5lYXJieRACGAQgAA,ChIJW5vsbA4jDTkRMRhltFFAb64
RAMRIKH SARPANCH HOUSE,private_guest_room,private_guest_room|lodging|point_of_interest|establishment,,,"C39C+G9R, Tigra Vlg Rd, Richpal Colony, Tigra, Sector 57, Gurugram, Haryana 122011, India",5,1,OPERATIONAL,https://maps.google.com/?cid=18160234997908434569&g_mp=Cilnb29nbGUubWFwcy5wbGFjZXMudjEuUGxhY2VzLlNlYXJjaE5lYXJieRACGAQgAA,ChIJOxLHJQAjDTkRie7yd4MdBvw
Kurru's tanwar home,association_or_organization,point_of_interest|association_or_organization|service|establishment,,,"C39C+C5C, Tigra, Sector 57, Gurugram, Haryana 122011, India",,,OPERATIONAL,https://maps.google.com/?cid=8577903353496556369&g_mp=Cilnb29nbGUubWFwcy5wbGFjZXMudjEuUGxhY2VzLlNlYXJjaE5lYXJieRACGAQgAA,ChIJdemDZQAjDTkRUVPL_qbVCnc
Tanwar bhawan(sovi),apartment_building,apartment_building|point_of_interest|service|establishment,,,"C39C+P8X, Tigra, Sector 57, Gurugram, Haryana 122011, India",5,2,OPERATIONAL,https://maps.google.com/?cid=4026031427936689041&g_mp=Cilnb29nbGUubWFwcy5wbGFjZXMudjEuUGxhY2VzLlNlYXJjaE5lYXJieRACGAQgAA,ChIJMY7QRwAjDTkRkZu5vEBW3zc
Anshul home,condominium_complex,condominium_complex|point_of_interest|service|establishment,,,"C39C+R44, Service Rd, Tigra, Sector 57, Gurugram, Haryana 122011, India",,,CLOSED_TEMPORARILY,https://maps.google.com/?cid=11785509103211243046&g_mp=Cilnb29nbGUubWFwcy5wbGFjZXMudjEuUGxhY2VzLlNlYXJjaE5lYXJieRACGAQgAA,ChIJ6egkWwAjDTkRJuYJShaKjqM
CH.BABU RAM TANWAR BHAWAN,housing_complex,housing_complex|point_of_interest|service|establishment,,,"Tanwar bhawan(Sovi), 521, Tigra, Sector 57 Manesar, Gurugram, Samaspur, Haryana 122011, India",,,OPERATIONAL,https://maps.google.com/?cid=1841074049097376242&g_mp=Cilnb29nbGUubWFwcy5wbGFjZXMudjEuUGxhY2VzLlNlYXJjaE5lYXJieRACGAQgAA,ChIJFbQrJwAjDTkR8qGj3RfPjBk
Jsm rental bulding,apartment_building,apartment_building|point_of_interest|service|establishment,070116 15790,,"538/57, Tigra Vlg Rd, Tigra, Sector 57, Gurugram, Haryana 122011, India",,,OPERATIONAL,https://maps.google.com/?cid=6553889233873441441&g_mp=Cilnb29nbGUubWFwcy5wbGFjZXMudjEuUGxhY2VzLlNlYXJjaE5lYXJieRACGAQgAA,ChIJ0Qlg4FYjDTkRoZJIwogX9Fo
Startupzone Courier Service,courier_service,courier_service|shipping_service|transportation_service|point_of_interest|service|establishment,,http://cargoneticsoverseas.in/,"Sector 57, near mandir, Tigra, Sector 57, Gurugram, Haryana 122011, India",3,2,OPERATIONAL,https://maps.google.com/?cid=18215436346599114210&g_mp=Cilnb29nbGUubWFwcy5wbGFjZXMudjEuUGxhY2VzLlNlYXJjaE5lYXJieRACGAQgAA,ChIJzQiNRocjDTkR4oXHA9k6yvw
Tigra,bar,bar|point_of_interest|establishment,,,"C399+FX7, Tigra, Sector 57, Mahendragarh, Gurugram, Haryana 122011, India",,,CLOSED_TEMPORARILY,https://maps.google.com/?cid=1297864323670751616&g_mp=Cilnb29nbGUubWFwcy5wbGFjZXMudjEuUGxhY2VzLlNlYXJjaE5lYXJieRACGAQgAA,ChIJ95dMeQAjDTkRgDkM27nwAhI
CBR HOUSE,housing_complex,housing_complex|point_of_interest|service|establishment,,,"C39C+Q9M, Tigra, Sector 57, Gurugram, Haryana 122011, India",5,2,OPERATIONAL,https://maps.google.com/?cid=7277522711538060988&g_mp=Cilnb29nbGUubWFwcy5wbGFjZXMudjEuUGxhY2VzLlNlYXJjaE5lYXJieRACGAQgAA,ChIJaW2hGQAjDTkRvE4QIln0_mQ
pradeep tanwar house,apartment_building,apartment_building|point_of_interest|service|establishment,,,"214, Tigra Vlg Rd, Tigra, Sector 57, Gurugram, Samaspur, Haryana 122011, India",,,OPERATIONAL,https://maps.google.com/?cid=17096345472512585288&g_mp=Cilnb29nbGUubWFwcy5wbGFjZXMudjEuUGxhY2VzLlNlYXJjaE5lYXJieRACGAQgAA,ChIJ4VBpZgAjDTkRSG54fqBrQu0
Tigra Dham (inder bhagat),hindu_temple,hindu_temple|place_of_worship|point_of_interest|association_or_organization|establishment,095407 10077,,"540, Tigra, Sector 57 Manesar, Gurugram, Samaspur, Haryana 122011, India",,,OPERATIONAL,https://maps.google.com/?cid=3572869132230639483&g_mp=Cilnb29nbGUubWFwcy5wbGFjZXMudjEuUGxhY2VzLlNlYXJjaE5lYXJieRACGAQgAA,ChIJ5zTYOQAjDTkRe7-Qv4thlTE
Luxmi enterprise,general_store,general_store|point_of_interest|food_store|store|food|establishment,,,"Tigra, Sector 57, Gurugram, Haryana 122011, India",,,CLOSED_TEMPORARILY,https://maps.google.com/?cid=12121795018625315402&g_mp=Cilnb29nbGUubWFwcy5wbGFjZXMudjEuUGxhY2VzLlNlYXJjaE5lYXJieRACGAQgAA,ChIJGS7FfgAjDTkRSvJCbVhEOag
Bunty,apartment_building,apartment_building|point_of_interest|service|establishment,,,"C39C+859, Tigra Vlg Rd, Tigra, Sector 57, Gurugram, Haryana 122011, India",,,OPERATIONAL,https://maps.google.com/?cid=7991207973533560245&g_mp=Cilnb29nbGUubWFwcy5wbGFjZXMudjEuUGxhY2VzLlNlYXJjaE5lYXJieRACGAQgAA,ChIJIyesJQAjDTkRta28DFB55m4
NEEL STUDIO (NILKANTA),gift_shop,gift_shop|point_of_interest|store|establishment,,,"C39C+V3M, Tigra, Sector 57, Gurugram, Samaspur, Haryana 122011, India",5,2,OPERATIONAL,https://maps.google.com/?cid=13398440624724467910&g_mp=Cilnb29nbGUubWFwcy5wbGFjZXMudjEuUGxhY2VzLlNlYXJjaE5lYXJieRACGAQgAA,ChIJ_TzTAQAjDTkRxmDdnMLS8Lk
Saka Plumber Service,plumber,plumber|service|point_of_interest|establishment,,,"Block C, Sushant Lok III, Sector 57, Gurugram, Haryana 122011, India",5,4,OPERATIONAL,https://maps.google.com/?cid=2363909845681120735&g_mp=Cilnb29nbGUubWFwcy5wbGFjZXMudjEuUGxhY2VzLlNlYXJjaE5lYXJieRACGAQgAA,ChIJCQix5uwjDTkR3yXf6HpLziA
Winner Dinner,playground,playground|point_of_interest|establishment,,,"C39F+MMR, Unnamed Road, Sushant Lok III Extension, Sector 57, Gurugram, Haryana 122011, India",4,4,OPERATIONAL,https://maps.google.com/?cid=14508343688103300882&g_mp=Cilnb29nbGUubWFwcy5wbGFjZXMudjEuUGxhY2VzLlNlYXJjaE5lYXJieRACGAQgAA,ChIJgyh7FckjDTkREo-tQLf9V8k
bhole ka prasad 2,hindu_temple,hindu_temple|place_of_worship|association_or_organization|point_of_interest|establishment,,,"C39F+MMR, Unnamed Road, Sushant Lok III Extension, Sector 57, Gurugram, Haryana 122011, India",3.7,3,OPERATIONAL,https://maps.google.com/?cid=18166549174105448024&g_mp=Cilnb29nbGUubWFwcy5wbGFjZXMudjEuUGxhY2VzLlNlYXJjaE5lYXJieRACGAQgAA,ChIJ4S8WkEgjDTkRWJ44LTmMHPw
iMpower Tigra Club,educational_institution,educational_institution|point_of_interest|establishment,,,"C39F+QCC, Sushant Lok III Extension, Sector 57, Gurugram, Haryana 122011, India",5,3,OPERATIONAL,https://maps.google.com/?cid=5513727798667228683&g_mp=Cilnb29nbGUubWFwcy5wbGFjZXMudjEuUGxhY2VzLlNlYXJjaE5lYXJieRACGAQgAA,ChIJZXWrwjojDTkRC7bBSziyhEw
Madanpal Khadd House,point_of_interest,point_of_interest|establishment,,,"C39F+G87, Sushant Lok III Extension, Sector 57, Gurugram, Haryana 122011, India",5,2,OPERATIONAL,https://maps.google.com/?cid=14943810452614207910&g_mp=Cilnb29nbGUubWFwcy5wbGFjZXMudjEuUGxhY2VzLlNlYXJjaE5lYXJieRACGAQgAA,ChIJvwYDTwAjDTkRptnWUm4UY88
Krishna Park Sector 57,park,park|point_of_interest|establishment,,,"C39F+GP7, Sushant Lok III Extension, Sector 57, Gurugram, Haryana 122011, India",,,OPERATIONAL,https://maps.google.com/?cid=1889624677245738693&g_mp=Cilnb29nbGUubWFwcy5wbGFjZXMudjEuUGxhY2VzLlNlYXJjaE5lYXJieRACGAQgAA,ChIJVeimeQAjDTkRxV4L3qFLORo
Shiv Shani Dham Mandir,hindu_temple,hindu_temple|place_of_worship|association_or_organization|point_of_interest|establishment,,,"C39F+VGF, Sushant Lok III Extension, Sector 57, Gurugram, Haryana 122011, India",4.6,28,OPERATIONAL,https://maps.google.com/?cid=8343554838588961110&g_mp=Cilnb29nbGUubWFwcy5wbGFjZXMudjEuUGxhY2VzLlNlYXJjaE5lYXJieRACGAQgAA,ChIJe6LYXnEiDTkRVjEWbutCynM
Kg XLR house,association_or_organization,service|association_or_organization|point_of_interest|establishment,,,"C39F+VGF, Sushant Lok III Extension, Sector 57, Gurugram, Haryana 122011, India",5,1,OPERATIONAL,https://maps.google.com/?cid=3250265633497923645&g_mp=Cilnb29nbGUubWFwcy5wbGFjZXMudjEuUGxhY2VzLlNlYXJjaE5lYXJieRACGAQgAA,ChIJ2778XzsjDTkRPcBNfl9DGy0
Reliable developers & realtors,general_contractor,general_contractor|service|point_of_interest|establishment,098105 80991,http://www.reliable3s.com/,"basement, b-179, Sushant Lok III, Sector 57, Gurugram, Haryana 122002, India",5,11,OPERATIONAL,https://maps.google.com/?cid=3481090722196435212&g_mp=Cilnb29nbGUubWFwcy5wbGFjZXMudjEuUGxhY2VzLlNlYXJjaE5lYXJieRACGAQgAA,ChIJXW0sISUZDTkRDDFtd5FRTzA
Folkfit Studios,sports_school,sports_school|point_of_interest|establishment,,,"3149 (Basement, Block F, Sector 57, Gurugram, Haryana 122011, India",,,OPERATIONAL,https://maps.google.com/?cid=10535138356975349374&g_mp=Cilnb29nbGUubWFwcy5wbGFjZXMudjEuUGxhY2VzLlNlYXJjaE5lYXJieRACGAQgAA,ChIJR_nGFEYjDTkRfq4bo4RUNJI
gurgaon sec 57,service,service|point_of_interest|establishment,,,"plot . 1114ap, 57, Sector Rd, Block F, Sector 57, Gurugram, Haryana 122011, India",4.4,16,OPERATIONAL,https://maps.google.com/?cid=16769150390663123246&g_mp=Cilnb29nbGUubWFwcy5wbGFjZXMudjEuUGxhY2VzLlNlYXJjaE5lYXJieRACGAQgAA,ChIJh3NY9nAjDTkRLhGU_G79t-g
rajukar,place_of_worship,place_of_worship|association_or_organization|point_of_interest|establishment,,,"39, Road to F Block, Block F, Sushant Lok III, Sector 57, Gurugram, Haryana 122011, India",4,1,OPERATIONAL,https://maps.google.com/?cid=12682519678829609327&g_mp=Cilnb29nbGUubWFwcy5wbGFjZXMudjEuUGxhY2VzLlNlYXJjaE5lYXJieRACGAQgAA,ChIJ27-jFIsjDTkRb0GK-XNcAbA
Baba Mohan Ram Talab,place_of_worship,place_of_worship|association_or_organization|point_of_interest|establishment,,,"C39F+79W, Tigra, Sector 57, Gurugram, Haryana 122011, India",5,3,OPERATIONAL,https://maps.google.com/?cid=10636921457295612168&g_mp=Cilnb29nbGUubWFwcy5wbGFjZXMudjEuUGxhY2VzLlNlYXJjaE5lYXJieRACGAQgAA,ChIJrwqcdRUjDTkRCNnVZbXvnZM
R k painter 57 gurgaon near bom plaza CNG pump,,point_of_interest|establishment,077039 41498,,"491, Main Rd, near Shiv Mandir, Block F, Tigra, Sector 57, Manesar, Gurugram, Haryana 122011, India",4.4,16,OPERATIONAL,https://maps.google.com/?cid=5757275960453353788&g_mp=Cilnb29nbGUubWFwcy5wbGFjZXMudjEuUGxhY2VzLlNlYXJjaE5lYXJieRACGAQgAA,ChIJyxYebBojDTkRPNG3kPvz5U8
821 Sector 57,apartment_building,apartment_building|service|point_of_interest|establishment,,,"821, Sushant Lok III Extension, Sector 57, Gurugram, Haryana 122011, India",,,OPERATIONAL,https://maps.google.com/?cid=2326250785874601010&g_mp=Cilnb29nbGUubWFwcy5wbGFjZXMudjEuUGxhY2VzLlNlYXJjaE5lYXJieRACGAQgAA,ChIJWzREB9YjDTkRMmSHxsOASCA
CDR (KHAD)bhawan tighra,apartment_building,apartment_building|service|point_of_interest|establishment,,,"C39F+J3H, Tigra, Sector 57, Gurugram, Haryana 122011, India",,,OPERATIONAL,https://maps.google.com/?cid=11277198676590260338&g_mp=Cilnb29nbGUubWFwcy5wbGFjZXMudjEuUGxhY2VzLlNlYXJjaE5lYXJieRACGAQgAA,ChIJ2_IG04IjDTkRcvCqe3KogJw
Shanti Niwas 2289,apartment_building,apartment_building|service|point_of_interest|establishment,,,"111, Sushant Lok III Extension, Sector 57, Gurugram, Haryana 122011, India",,,OPERATIONAL,https://maps.google.com/?cid=5522651326087018784&g_mp=Cilnb29nbGUubWFwcy5wbGFjZXMudjEuUGxhY2VzLlNlYXJjaE5lYXJieRACGAQgAA,ChIJp5IlRwAjDTkRILnB7R5mpEw
Srija bengali food,indian_restaurant,indian_restaurant|restaurant|food|point_of_interest|establishment,,,"B1, Richpal Colony, Tigra, Sector 57, Gurugram, Haryana 122003, India",2.3,3,OPERATIONAL,https://maps.google.com/?cid=15452284996833882045&g_mp=Cilnb29nbGUubWFwcy5wbGFjZXMudjEuUGxhY2VzLlNlYXJjaE5lYXJieRACGAQgAA,ChIJUQXAVgAjDTkRva9hvFWLcdY
Radhika,apartment_building,apartment_building|service|point_of_interest|establishment,,,"C39F+7P5, Sushant Lok III Extension, Sector 57, Gurugram, Haryana 122011, India",,,OPERATIONAL,https://maps.google.com/?cid=8164050972239283100&g_mp=Cilnb29nbGUubWFwcy5wbGFjZXMudjEuUGxhY2VzLlNlYXJjaE5lYXJieRACGAQgAA,ChIJIyDGWK0jDTkRnEOBsBqJTHE
Eye specialist in gurugram,medical_clinic,medical_clinic|health|point_of_interest|establishment,,,"C39F+5FJ, Sushant Lok III Extension, Sector 57, Gurugram, Haryana 122011, India",1,1,CLOSED_TEMPORARILY,https://maps.google.com/?cid=9286449640430581370&g_mp=Cilnb29nbGUubWFwcy5wbGFjZXMudjEuUGxhY2VzLlNlYXJjaE5lYXJieRACGAQgAA,ChIJ-_KiOyYjDTkRejZrCr8Y4IA
Capital O 38563 Hotel Marquis,hotel,hotel|guest_house|inn|cottage|motel|lodging|service|point_of_interest|establishment,0124 620 1206,https://www.oyorooms.com/57182,"Block C, Sushant Lok III, Sector 57, Gurugram, Haryana 122011, India",4.2,37,OPERATIONAL,https://maps.google.com/?cid=1903460704835896811&g_mp=Cilnb29nbGUubWFwcy5wbGFjZXMudjEuUGxhY2VzLlNlYXJjaE5lYXJieRACGAQgAA,ChIJaxWy1vYjDTkR64WoE21zaho
NITians Classes,service,service|point_of_interest|establishment,093118 92949,,"E Block, H 11, Sushant Lok III Extension, Sector 57, Gurugram, Haryana 122003, India",5,33,OPERATIONAL,https://maps.google.com/?cid=7670363419029976983&g_mp=Cilnb29nbGUubWFwcy5wbGFjZXMudjEuUGxhY2VzLlNlYXJjaE5lYXJieRACGAQgAA,ChIJKfK-TsYjDTkRl7du6eOacmo
The Good Dog Company,pet_care,pet_care|point_of_interest|establishment,087997 26526,http://www.thegooddogcompany.in/,"C 17, Sector 57, Block C, Sushant Lok III, Sector 57, Gurugram, Haryana 122011, India",5,28,OPERATIONAL,https://maps.google.com/?cid=12841709845440677839&g_mp=Cilnb29nbGUubWFwcy5wbGFjZXMudjEuUGxhY2VzLlNlYXJjaE5lYXJieRACGAQgAA,ChIJAYOaIIQjDTkRz8cg7hDrNrI
"Pawgy Pets | Sushant Lok- III, Gurgaon",pet_store,pet_store|store|point_of_interest|establishment,078955 55157,https://pawgypets.com/,"C 17, Sector 57, Block C, Sushant Lok III, Sector 57, Gurugram, Haryana 122011, India",5,3,OPERATIONAL,https://maps.google.com/?cid=9227799362069562686&g_mp=Cilnb29nbGUubWFwcy5wbGFjZXMudjEuUGxhY2VzLlNlYXJjaE5lYXJieRACGAQgAA,ChIJ9ZtsONMjDTkRPoW7-qC6D4A
German car care,car_repair,car_repair|service|point_of_interest|establishment,,https://germancarcare.site/,"Shop number 21, sector 57, opposite to THE LEGEND TOWER, Block C, Sushant Lok III, Sector 57, Gurugram, Haryana 122011, India",5,1,OPERATIONAL,https://maps.google.com/?cid=15076925511548072767&g_mp=Cilnb29nbGUubWFwcy5wbGFjZXMudjEuUGxhY2VzLlNlYXJjaE5lYXJieRACGAQgAA,ChIJsxlb2gsjDTkRP_PYLN__O9E
Apollo Petro Chemicals,corporate_office,corporate_office|point_of_interest|establishment,0281 257 0280,http://apollopetrochemicals.in/,"Silver Arc Chamber, Office No. 17, Plot No, 57, Sector No. 8, Sushant Lok III Extension, Sector 57, Gandhidham, Gurugram, Haryana 122011, India",,,OPERATIONAL,https://maps.google.com/?cid=15060743367147176319&g_mp=Cilnb29nbGUubWFwcy5wbGFjZXMudjEuUGxhY2VzLlNlYXJjaE5lYXJieRACGAQgAA,ChIJkSRgoHMiDTkRf8EgFEyCAtE
"All Time Fitness Gurugram - Available on cult.fit | Best gym in Sector 57, Gurugram",gym,gym|fitness_center|school|educational_institution|sports_activity_location|health|service|point_of_interest|establishment,083600 25621,https://www.cult.fit/cult/cult-pass/gurgaon/All-Time-Fitness/1490?utm_source=gmb&utm_medium=organic,"4th & 5th floor, C-22, opposite The legend apartments, Block C, Sushant Lok III, Sector 57, Gurugram, Haryana 122003, India",4.9,317,OPERATIONAL,https://maps.google.com/?cid=2520386626076871403&g_mp=Cilnb29nbGUubWFwcy5wbGFjZXMudjEuUGxhY2VzLlNlYXJjaE5lYXJieRACGAQgAA,ChIJ5wxJTd8jDTkR6wr1Z0g2-iI
Champions Gymnastics Academy - Gymnastics Classes Center Gurgaon,gym,sports_complex|gym|sports_club|school|educational_institution|sports_school|sports_activity_location|health|service|association_or_organization|point_of_interest|establishment,099109 08200,https://championgymnasticsacademy.com/,"Plot no C-22, Block C, Sushant Lok III, Sector 57, Gurugram, Haryana 122011, India",4.9,180,OPERATIONAL,https://maps.google.com/?cid=2588841566710758286&g_mp=Cilnb29nbGUubWFwcy5wbGFjZXMudjEuUGxhY2VzLlNlYXJjaE5lYXJieRACGAQgAA,ChIJmSrnBCwZDTkRjnuPS7Bp7SM
OYO 13621 The Legend Branson,lodging,lodging|point_of_interest|establishment,,https://deals.vio.com/?sig=73aca13c7f952d2641c156f3e69125e1eb497c325f122828ee5aa8797168b9a12d32303331333438363233&turl=https%3A%2F%2Fwww.vio.com%2FHotel%2FSearch%3FhotelId%3D4000793%26utm_source%3Dgha-vr%26utm_campaign%3Dstatic%26openHotelDetails%3D1,"Block C, Sushant Lok III, Sector 57, Gurugram, Haryana 122011, India",,,OPERATIONAL,https://maps.google.com/?cid=14499308752524898204&g_mp=Cilnb29nbGUubWFwcy5wbGFjZXMudjEuUGxhY2VzLlNlYXJjaE5lYXJieRACGAQgAA,ChIJN4KPcXMiDTkRnG_1Yn3kN8k
Royal AC Repair Service,service,service|point_of_interest|establishment,088827 50353,,"Shop no 12, Block F, Sushant Lok III Extension, Sector 57, Gurugram, Haryana 122011, India",5,2,OPERATIONAL,https://maps.google.com/?cid=11430158842784487359&g_mp=Cilnb29nbGUubWFwcy5wbGFjZXMudjEuUGxhY2VzLlNlYXJjaE5lYXJieRACGAQgAA,ChIJr9VV6cwjDTkRv5d1bugUoJ4
LUXESCAPE,guest_house,guest_house|lodging|point_of_interest|establishment,099900 80064,,"c 251, Sector 57, Block C, Sushant Lok III Extension, Sector 57, Gurugram, Haryana 122011, India",5,4,OPERATIONAL,https://maps.google.com/?cid=3846071596638723672&g_mp=Cilnb29nbGUubWFwcy5wbGFjZXMudjEuUGxhY2VzLlNlYXJjaE5lYXJieRACGAQgAA,ChIJ2Qic0scjDTkRWN5eYr39XzU
Inbel Enterprises,corporate_office,corporate_office|point_of_interest|establishment,,,"C39G+VJ5, Sushant Lok III Extension, Sector 57, Gurugram, Haryana 122011, India",,,OPERATIONAL,https://maps.google.com/?cid=17812154039621798001&g_mp=Cilnb29nbGUubWFwcy5wbGFjZXMudjEuUGxhY2VzLlNlYXJjaE5lYXJieRACGAQgAA,ChIJw6TDSLkjDTkRcUgy6Ll7Mfc
"Arogyam Vardan Yoga Studio - Block C, Sushant Lok Gurugram , Yoga Classes in Gurugram",yoga_studio,yoga_studio|medical_center|fitness_center|sports_complex|gym|hospital|sports_school|sports_activity_location|health|service|point_of_interest|establishment,063977 98605,http://arogyamvardan.in/,"c - 22, opp. Legend Apartment, Block C, Sushant Lok III, Sector 57, Gurugram, Haryana 122001, India",5,99,OPERATIONAL,https://maps.google.com/?cid=13085508073800570266&g_mp=Cilnb29nbGUubWFwcy5wbGFjZXMudjEuUGxhY2VzLlNlYXJjaE5lYXJieRACGAQgAA,ChIJ3VnrZB4jDTkRmpVjXEMQmbU
Triangulo Ventures Pvt Ltd,gym,gym|sports_activity_location|health|point_of_interest|establishment,099537 89920,,"3rd Floor, C-22, Golf Course Ext Rd, Block C, Sushant Lok III, Sector 57, Gurugram, Haryana 122011, India",5,1,OPERATIONAL,https://maps.google.com/?cid=7839478975807069655&g_mp=Cilnb29nbGUubWFwcy5wbGFjZXMudjEuUGxhY2VzLlNlYXJjaE5lYXJieRACGAQgAA,ChIJm_kvonkjDTkR150f2Zdsy2w
Precision MMA & BJJ,sports_school,sports_school|sports_activity_location|health|point_of_interest|establishment,098189 67806,,"3rd Floor, C22, Block C, Sushant Lok III, Sector 57, Gurugram, Haryana 122011, India",4.9,37,OPERATIONAL,https://maps.google.com/?cid=13715511507900678029&g_mp=Cilnb29nbGUubWFwcy5wbGFjZXMudjEuUGxhY2VzLlNlYXJjaE5lYXJieRACGAQgAA,ChIJ7YzQdQAjDTkRjb8zbQxJV74
Maryam Creations Private limited,womens_clothing_store,womens_clothing_store|clothing_store|store|point_of_interest|establishment,098113 76615,,"The Legend Apartments, Dharm Marg, Sushant Lok III Extension, Sector 57, Gurugram, Haryana 122011, India",5,1,OPERATIONAL,https://maps.google.com/?cid=8527383492367889322&g_mp=Cilnb29nbGUubWFwcy5wbGFjZXMudjEuUGxhY2VzLlNlYXJjaE5lYXJieRACGAQgAA,ChIJmWkyD-EjDTkRqjMeNhtaV3Y
Dr Rohit Jain,apartment_building,apartment_building|service|point_of_interest|establishment,,,"Tower D1 Flat 901 The Legend Apartments Sushant Lok III Extension, Sector 57 near The HDFC School (Senior High School), Gurgaon - One of the Best CBSE Schools in, Sushant Lok III Extension, Sector 57, Gurugram, Haryana 122011, India",,,OPERATIONAL,https://maps.google.com/?cid=7326082861829237727&g_mp=Cilnb29nbGUubWFwcy5wbGFjZXMudjEuUGxhY2VzLlNlYXJjaE5lYXJieRACGAQgAA,ChIJ-TUWJwAjDTkR36toLox5q2U
Omama - Women's Physiotherapy Clinic,medical_clinic,chiropractor|doctor|consultant|medical_clinic|health|service|point_of_interest|establishment,099679 96740,https://www.omama.in/,"1st floor, C-22, Sector 57, Block C, Sushant Lok III Extension, Sector 57, Gurugram, Haryana 122011, India",5,207,OPERATIONAL,https://maps.google.com/?cid=11888565166280771980&g_mp=Cilnb29nbGUubWFwcy5wbGFjZXMudjEuUGxhY2VzLlNlYXJjaE5lYXJieRACGAQgAA,ChIJuRYpwUojDTkRjIk_yQer_KQ
Shilpshala,service,general_contractor|consultant|manufacturer|service|point_of_interest|establishment,,,"C 71, Block C, Sushant Lok III, Sector 57, Gurugram, Haryana 122011, India",3.3,41,OPERATIONAL,https://maps.google.com/?cid=74413895071789199&g_mp=Cilnb29nbGUubWFwcy5wbGFjZXMudjEuUGxhY2VzLlNlYXJjaE5lYXJieRACGAQgAA,ChIJSx8L_kAYDTkRj3AbFgtfCAE
EON7 DEVELOPERS,general_contractor,general_contractor|service|point_of_interest|establishment,,https://www.eon7.in/,"2nd Floor, C-22, Block C, Sushant Lok III, Sector 57, Gurugram, Haryana 122003, India",5,5,OPERATIONAL,https://maps.google.com/?cid=4478217793389167715&g_mp=Cilnb29nbGUubWFwcy5wbGFjZXMudjEuUGxhY2VzLlNlYXJjaE5lYXJieRACGAQgAA,ChIJB_J2MI8jDTkRY4TLQVvTJT4
Star Associates,consultant,real_estate_agency|consultant|service|point_of_interest|establishment,,,"C 133 Ground floor, Sector 57, Block C, Sushant Lok III Extension, Sector 57, Gurugram, Haryana 122011, India",5,3,OPERATIONAL,https://maps.google.com/?cid=17867368008458688595&g_mp=Cilnb29nbGUubWFwcy5wbGFjZXMudjEuUGxhY2VzLlNlYXJjaE5lYXJieRACGAQgAA,ChIJd6zb_XIiDTkRU9hbz4mk9fc
C131 Sushant Lok 3,apartment_building,apartment_building|service|point_of_interest|establishment,,,"C Block, C131, Block C, Sushant Lok III, Sector 57, Gurugram, Haryana 122011, India",,,OPERATIONAL,https://maps.google.com/?cid=4406605433974293772&g_mp=Cilnb29nbGUubWFwcy5wbGFjZXMudjEuUGxhY2VzLlNlYXJjaE5lYXJieRACGAQgAA,ChIJqQj5awAjDTkRDAVYhUtoJz0
Flexanima pars,,point_of_interest|establishment,,,"C133, Block C, Sushant Lok III, Sector 57, Gurugram, Haryana 122011, India",,,CLOSED_TEMPORARILY,https://maps.google.com/?cid=4808473069266574779&g_mp=Cilnb29nbGUubWFwcy5wbGFjZXMudjEuUGxhY2VzLlNlYXJjaE5lYXJieRACGAQgAA,ChIJqW992YojDTkRu52qtccgu0I
"C-128, Sushant Lok 3, Sector 57, Gurgaon, Harayana, India",apartment_building,apartment_building|service|point_of_interest|establishment,,,"House number - 128, Block C, Sushant Lok III, Sector 57, Gurugram, Haryana 122011, India",5,2,OPERATIONAL,https://maps.google.com/?cid=12729174196981072959&g_mp=Cilnb29nbGUubWFwcy5wbGFjZXMudjEuUGxhY2VzLlNlYXJjaE5lYXJieRACGAQgAA,ChIJ4_9ILgAjDTkRPwQgd30cp7A
Bhatia home,housing_complex,housing_complex|service|point_of_interest|establishment,,,"C39J+H6M, Sector 57, Block C, Sushant Lok III, Sector 57, Gurugram, Haryana 122011, India",,,OPERATIONAL,https://maps.google.com/?cid=8742351503465150054&g_mp=Cilnb29nbGUubWFwcy5wbGFjZXMudjEuUGxhY2VzLlNlYXJjaE5lYXJieRACGAQgAA,ChIJjSLVeAAjDTkRZnakmV8SU3k
Ortho Neuro Sports Best Female Physiotherapist Hospital Clinic,hospital,hospital|health|service|point_of_interest|establishment,,,"C39J+M67, Block C, Sushant Lok III, Sector 57, Gurugram, Haryana 122011, India",,,OPERATIONAL,https://maps.google.com/?cid=10393383972041345824&g_mp=Cilnb29nbGUubWFwcy5wbGFjZXMudjEuUGxhY2VzLlNlYXJjaE5lYXJieRACGAQgAA,ChIJg_T6BgIjDTkRIEvD86e3PJA
ISSHBISSH,apartment_complex,apartment_complex|service|point_of_interest|establishment,,,"B/132F, Block C, Sushant Lok III, Sector 57, Gurugram, Haryana 122011, India",5,2,OPERATIONAL,https://maps.google.com/?cid=10232917948972544936&g_mp=Cilnb29nbGUubWFwcy5wbGFjZXMudjEuUGxhY2VzLlNlYXJjaE5lYXJieRACGAQgAA,ChIJmdBXQwAjDTkRqDM6hKigAo4
C-119,association_or_organization,service|association_or_organization|point_of_interest|establishment,,,"C39J+F29, Block C, Sushant Lok III, Sector 57, Gurugram, Haryana 122011, India",,,OPERATIONAL,https://maps.google.com/?cid=11893658008079345134&g_mp=Cilnb29nbGUubWFwcy5wbGFjZXMudjEuUGxhY2VzLlNlYXJjaE5lYXJieRACGAQgAA,ChIJY9hSJAAjDTkR7qWMa_HCDqU
Dr Pratyush Goel,doctor,doctor|health|point_of_interest|establishment,099999 44002,,"C-131b, Palm St, Block C, Sushant Lok III, Sector 57, Gurugram, Haryana 122011, India",5,1,OPERATIONAL,https://maps.google.com/?cid=7403862100179479438&g_mp=Cilnb29nbGUubWFwcy5wbGFjZXMudjEuUGxhY2VzLlNlYXJjaE5lYXJieRACGAQgAA,ChIJUQtNFAAjDTkRjussT1rNv2Y
"King of kings home, C-126, sushant lok 3",apartment_building,apartment_building|service|point_of_interest|establishment,,,"126, Sushant Lok, Block C, Sushant Lok III, Sector 57, Gurugram, Haryana 122011, India",5,1,OPERATIONAL,https://maps.google.com/?cid=17153515923164328048&g_mp=Cilnb29nbGUubWFwcy5wbGFjZXMudjEuUGxhY2VzLlNlYXJjaE5lYXJieRACGAQgAA,ChIJmx8L1OQjDTkRcHA3UdmHDe4
M3M paragon,store,store|point_of_interest|establishment,,,"131 C, Block C, Sushant Lok III, Sector 57, Gurugram, Haryana 122011, India",,,OPERATIONAL,https://maps.google.com/?cid=8472620069189936727&g_mp=Cilnb29nbGUubWFwcy5wbGFjZXMudjEuUGxhY2VzLlNlYXJjaE5lYXJieRACGAQgAA,ChIJYdmNEQAjDTkRV2bpJBDLlHU
Palm Street,park,park|point_of_interest|establishment,,,"C39J+C6M, Block C, Sushant Lok III, Sector 57, Gurugram, Haryana 122011, India",5,1,OPERATIONAL,https://maps.google.com/?cid=1598425638219363832&g_mp=Cilnb29nbGUubWFwcy5wbGFjZXMudjEuUGxhY2VzLlNlYXJjaE5lYXJieRACGAQgAA,ChIJfa1_fAAjDTkR-DXxLaa_LhY
Ishant painter,point_of_interest,point_of_interest|establishment,,,"Sector -57, Boom Plaza, Block C, Sushant Lok III, Sector 57, Gurugram, Haryana 122011, India",,,OPERATIONAL,https://maps.google.com/?cid=464436856572395327&g_mp=Cilnb29nbGUubWFwcy5wbGFjZXMudjEuUGxhY2VzLlNlYXJjaE5lYXJieRACGAQgAA,ChIJs6VDIQAjDTkRP7-YQNwCcgY
Clour saulution,point_of_interest,point_of_interest|establishment,,,"Sector -57, Boom Plaza, Block C, Sushant Lok III, Sector 57, Gurugram, Haryana 122011, India",,,OPERATIONAL,https://maps.google.com/?cid=8947885304629829079&g_mp=Cilnb29nbGUubWFwcy5wbGFjZXMudjEuUGxhY2VzLlNlYXJjaE5lYXJieRACGAQgAA,ChIJmwxrPQAjDTkR1x1m0UZGLXw
Irshad painter,,point_of_interest|establishment,060065 77819,,"Sector -57, Boom Plaza, Block C, Sushant Lok III, Sector 57, Gurugram, Haryana 122011, India",4.9,32,OPERATIONAL,https://maps.google.com/?cid=12294720718705364715&g_mp=Cilnb29nbGUubWFwcy5wbGFjZXMudjEuUGxhY2VzLlNlYXJjaE5lYXJieRACGAQgAA,ChIJS0oVqLEjDTkR644Re1qfn6o
Ishant painter,point_of_interest,point_of_interest|establishment,,,"Sector -57, Boom Plaza, Block C, Sushant Lok III, Sector 57, Gurugram, Haryana 122011, India",,,OPERATIONAL,https://maps.google.com/?cid=2568299653560966543&g_mp=Cilnb29nbGUubWFwcy5wbGFjZXMudjEuUGxhY2VzLlNlYXJjaE5lYXJieRACGAQgAA,ChIJM3XpNQAjDTkRj51Cb-1upCM
"Ashiyana Homes, C-121 sushant lok 3",apartment_building,apartment_building|service|point_of_interest|establishment,,,"C39J+C26, Block C, Sushant Lok III, Sector 57, Gurugram, Haryana 122011, India",,,OPERATIONAL,https://maps.google.com/?cid=4676814853456018470&g_mp=Cilnb29nbGUubWFwcy5wbGFjZXMudjEuUGxhY2VzLlNlYXJjaE5lYXJieRACGAQgAA,ChIJ59FXqd8jDTkRJjyElFRi50A
RAHEJA'S C-124 SUSHANT LOK PHASE 3,corporate_office,corporate_office|point_of_interest|establishment,,,"RAHEJA'S C124, Block C, Sushant Lok III, Sector 57, Gurugram, Haryana 122011, India",5,1,OPERATIONAL,https://maps.google.com/?cid=10411180107754692911&g_mp=Cilnb29nbGUubWFwcy5wbGFjZXMudjEuUGxhY2VzLlNlYXJjaE5lYXJieRACGAQgAA,ChIJ7U4lFAAjDTkRL-FUryXxe5A
"C 241, Sushant Lok 3",housing_complex,housing_complex|service|point_of_interest|establishment,,,"241, Block C, Sushant Lok III, Sector 57, Gurugram, Haryana 122011, India",5,1,OPERATIONAL,https://maps.google.com/?cid=7761481193196632559&g_mp=Cilnb29nbGUubWFwcy5wbGFjZXMudjEuUGxhY2VzLlNlYXJjaE5lYXJieRACGAQgAA,ChIJcfk6k4QjDTkR7zlc6wVStms
Sanjeevani Homes,apartment_building,apartment_building|service|point_of_interest|establishment,,,"122, Block C, Sushant Lok III, Sector 57, Gurugram, Haryana 122011, India",,,OPERATIONAL,https://maps.google.com/?cid=6589846720160729870&g_mp=Cilnb29nbGUubWFwcy5wbGFjZXMudjEuUGxhY2VzLlNlYXJjaE5lYXJieRACGAQgAA,ChIJpZYsmCAjDTkRDgt0b63Wc1s
Crux House,apartment_building,apartment_building|service|point_of_interest|establishment,,,"186, Block A, Sushant Lok III, Sector 57, Gurugram, Haryana 122011, India",5,1,OPERATIONAL,https://maps.google.com/?cid=9898890632126500028&g_mp=Cilnb29nbGUubWFwcy5wbGFjZXMudjEuUGxhY2VzLlNlYXJjaE5lYXJieRACGAQgAA,ChIJQX3BUDMjDTkRvIxXVpXsX4k
Sai niwas,apartment_complex,apartment_complex|service|point_of_interest|establishment,,,"186, Block A, Sushant Lok III, Sector 57, Gurugram, Haryana 122011, India",,,OPERATIONAL,https://maps.google.com/?cid=3437716163417185895&g_mp=Cilnb29nbGUubWFwcy5wbGFjZXMudjEuUGxhY2VzLlNlYXJjaE5lYXJieRACGAQgAA,ChIJEW0xfQAjDTkRZ54ZB6M4tS8
Bella house,apartment_building,apartment_building|service|point_of_interest|establishment,,,"A186, Block A, Sushant Lok III, Sector 57, Gurugram, Haryana 122011, India",,,OPERATIONAL,https://maps.google.com/?cid=15744124075798299458&g_mp=Cilnb29nbGUubWFwcy5wbGFjZXMudjEuUGxhY2VzLlNlYXJjaE5lYXJieRACGAQgAA,ChIJ18dsZwAjDTkRQgOiVW5dfto
Plackal house,condominium_complex,condominium_complex|service|point_of_interest|establishment,,,"A-189, Block A, Sushant Lok III, Sector 57, Gurugram, Haryana 122011, India",4.9,9,OPERATIONAL,https://maps.google.com/?cid=1880367787403402385&g_mp=Cilnb29nbGUubWFwcy5wbGFjZXMudjEuUGxhY2VzLlNlYXJjaE5lYXJieRACGAQgAA,ChIJud1jTgwiDTkRkVxEP4poGBo
KMG House,housing_complex,housing_complex|service|point_of_interest|establishment,,,"188, Block A, Sushant Lok III, Sector 57, Gurugram, Haryana 122011, India",3.5,2,OPERATIONAL,https://maps.google.com/?cid=6412767014129420136&g_mp=Cilnb29nbGUubWFwcy5wbGFjZXMudjEuUGxhY2VzLlNlYXJjaE5lYXJieRACGAQgAA,ChIJMaVGqSwjDTkRaMeGgJ-5_lg
Bella house,apartment_building,apartment_building|service|point_of_interest|establishment,,,"188, Block A, Sushant Lok III, Sector 57, Gurugram, Haryana 122011, India",,,OPERATIONAL,https://maps.google.com/?cid=7806332420567724073&g_mp=Cilnb29nbGUubWFwcy5wbGFjZXMudjEuUGxhY2VzLlNlYXJjaE5lYXJieRACGAQgAA,ChIJ19DADQAjDTkRKfCNDvqpVWw
Achhe Lal Yadav Shop,doctor,doctor|health|point_of_interest|establishment,092055 30439,,"Sec57 Jhuggi, A 203, Block A, Sushant Lok III, Sector 57, Gurugram, Haryana 122011, India",,,OPERATIONAL,https://maps.google.com/?cid=13103971391972840068&g_mp=Cilnb29nbGUubWFwcy5wbGFjZXMudjEuUGxhY2VzLlNlYXJjaE5lYXJieRACGAQgAA,ChIJGa1aWTcjDTkRhBJsnY2o2rU
K.K. Housing,private_guest_room,private_guest_room|lodging|point_of_interest|establishment,,,"Hno. 2878, Block A, Sushant Lok III, Sector 57, Gurugram, Haryana 122011, India",2.8,12,OPERATIONAL,https://maps.google.com/?cid=4743561100620199061&g_mp=Cilnb29nbGUubWFwcy5wbGFjZXMudjEuUGxhY2VzLlNlYXJjaE5lYXJieRACGAQgAA,ChIJkb17cwAjDTkRlfTTRLCD1EE
City Vista Realty LLP,general_contractor,general_contractor|service|point_of_interest|establishment,,http://www.cityvistarealty.com/,"C39M+J57, Block A, Sushant Lok III, Sector 57, Gurugram, Haryana 122011, India",5,10,OPERATIONAL,https://maps.google.com/?cid=14955273439465883604&g_mp=Cilnb29nbGUubWFwcy5wbGFjZXMudjEuUGxhY2VzLlNlYXJjaE5lYXJieRACGAQgAA,ChIJfRWKPgAjDTkR1Mcy7vTNi88
Isha Sandeep Reddy Ist floor,service,service|point_of_interest|establishment,,,"A 202, Block A, Sushant Lok III, Sector 57, Gurugram, Haryana 122011, India",4.3,4,OPERATIONAL,https://maps.google.com/?cid=17937509968296374283&g_mp=Cilnb29nbGUubWFwcy5wbGFjZXMudjEuUGxhY2VzLlNlYXJjaE5lYXJieRACGAQgAA,ChIJhRZKpbsjDTkRC3BVd0fW7vg
1bhk Pinteresty Apartment - One-Bedroom Apartment,lodging,lodging|point_of_interest|establishment,,https://www.bluepillow.com/search/695ea3d9ac408a6eb70d12a7?dest=bkng&cat=Apartment&lat=28.41855&lng=77.084&language=en,"Block A, Sushant Lok III, Sector 57, Gurugram, Haryana 122011, India",,,OPERATIONAL,https://maps.google.com/?cid=17725423871028623567&g_mp=Cilnb29nbGUubWFwcy5wbGFjZXMudjEuUGxhY2VzLlNlYXJjaE5lYXJieRACGAQgAA,ChIJmyj7NAwiDTkRz_jj7Rhb_fU
Bhatia House,service,service|point_of_interest|establishment,,,"B-232, Block B, Sushant Lok III, Sector 57, Gurugram, Haryana 122011, India",4.3,4,OPERATIONAL,https://maps.google.com/?cid=1432214115452063122&g_mp=Cilnb29nbGUubWFwcy5wbGFjZXMudjEuUGxhY2VzLlNlYXJjaE5lYXJieRACGAQgAA,ChIJV9gGyHMjDTkRkg3SWSY_4BM
1bhk Pinteresty Apartment - Entire Place,lodging,lodging|point_of_interest|establishment,,https://www.booking.com/hotel/in/1bhk-pinteresty-apartment.en-gb.html?aid=2068758&utm_source=seogooglelocal&utm_medium=description&utm_term=hotel-15535094&utm_campaign=en-gb&label=seogooglelocal-link-imagesaow-hotel-15535094_grp-2_gendate-20260615,"Block A, Sushant Lok III, Sector 57, Gurugram, Haryana 122011, India",,,OPERATIONAL,https://maps.google.com/?cid=14333996610874649742&g_mp=Cilnb29nbGUubWFwcy5wbGFjZXMudjEuUGxhY2VzLlNlYXJjaE5lYXJieRACGAQgAA,ChIJpyv7NAwiDTkRjizWCvmV7MY
"H. No. 2875, Global Homes",apartment_building,apartment_building|service|point_of_interest|establishment,,,"C39M+CH9, Block F, Sushant Lok III, Sector 57, Gurugram, Haryana 122011, India",,,OPERATIONAL,https://maps.google.com/?cid=7442623226856461369&g_mp=Cilnb29nbGUubWFwcy5wbGFjZXMudjEuUGxhY2VzLlNlYXJjaE5lYXJieRACGAQgAA,ChIJJycyUwAjDTkROdTZYWSCSWc
The Altruist Business Hotels,hotel,hotel|lodging|point_of_interest|establishment,090560 60812,https://thealtruisthotels.com/gurugram/sector-57,"The Altruist Business Hotel, A-Block, 142 b, Block A, Sushant Lok III, Sector 57, Gurugram, Haryana 122003, India",4.8,159,OPERATIONAL,https://maps.google.com/?cid=4834694920954723760&g_mp=Cilnb29nbGUubWFwcy5wbGFjZXMudjEuUGxhY2VzLlNlYXJjaE5lYXJieRACGAQgAA,ChIJBS-JWgwiDTkRsD3kUGpJGEM
"DISCOVERY MONTESSORI, USA SUSHANTLOK |||",preschool,preschool|child_care_agency|school|educational_institution|service|point_of_interest|establishment,,,"A-222, Block A, Florence Marvel Villa Sector 57, Block A, Sushant Lok III, |||, Gurugram, Haryana 122011, India",,,CLOSED_TEMPORARILY,https://maps.google.com/?cid=6082987301238667389&g_mp=Cilnb29nbGUubWFwcy5wbGFjZXMudjEuUGxhY2VzLlNlYXJjaE5lYXJieRACGAQgAA,ChIJ568jWigjDTkRffiKr7gca1Q
LimeChat Gurgaon,,point_of_interest|establishment,,,"A193, Block A, Sushant Lok III, Sector 57, Gurugram, Haryana 122011, India",5,1,OPERATIONAL,https://maps.google.com/?cid=13736365984618791982&g_mp=Cilnb29nbGUubWFwcy5wbGFjZXMudjEuUGxhY2VzLlNlYXJjaE5lYXJieRACGAQgAA,ChIJ7QqFnpMjDTkRLkT2qRVgob4
Deepak Tyagi,apartment_building,apartment_building|service|point_of_interest|establishment,,,"Third Floor, A 202, Block A, Sushant Lok III, Sector 57, Gurugram, Haryana 122011, India",5,3,OPERATIONAL,https://maps.google.com/?cid=11205895388703216637&g_mp=Cilnb29nbGUubWFwcy5wbGFjZXMudjEuUGxhY2VzLlNlYXJjaE5lYXJieRACGAQgAA,ChIJpc3beJsjDTkR_dPXEXxWg5s
Meridien inn,hotel,hotel|lodging|point_of_interest|establishment,,,"B231, Sushant Lok Phase 3, 57 SECTOR, Sector 57, Gurugram, Haryana 122011, India",5,1,OPERATIONAL,https://maps.google.com/?cid=2733570344710795399&g_mp=Cilnb29nbGUubWFwcy5wbGFjZXMudjEuUGxhY2VzLlNlYXJjaE5lYXJieRACGAQgAA,ChIJa-NobR8jDTkRh3AH1b6X7yU
Steddy Playschool & Childcare,preschool,preschool|child_care_agency|school|educational_institution|service|point_of_interest|establishment,099991 64831,http://steddyplayschool.com/,"Block B, Sushant Lok III, Sector 57, Gurugram, Haryana 122011, India",5,71,OPERATIONAL,https://maps.google.com/?cid=17058576984749597544&g_mp=Cilnb29nbGUubWFwcy5wbGFjZXMudjEuUGxhY2VzLlNlYXJjaE5lYXJieRACGAQgAA,ChIJTZF2xq4jDTkRaGOnLWM9vOw
F 312,apartment_building,apartment_building|service|point_of_interest|establishment,,,"312, Rd to F Block, Block F, Sushant Lok III, Sector 57, Gurugram, Haryana 122011, India",,,OPERATIONAL,https://maps.google.com/?cid=5606938242079404966&g_mp=Cilnb29nbGUubWFwcy5wbGFjZXMudjEuUGxhY2VzLlNlYXJjaE5lYXJieRACGAQgAA,ChIJORQDSAAjDTkRpjOy1J_Yz00
34/3 harmony homes,apartment_building,apartment_building|service|point_of_interest|establishment,,,"Harmony Homes, Block F, Sushant Lok 2, Sector 57, Gurugram, Haryana 122011, India",,,OPERATIONAL,https://maps.google.com/?cid=4180311530728520584&g_mp=Cilnb29nbGUubWFwcy5wbGFjZXMudjEuUGxhY2VzLlNlYXJjaE5lYXJieRACGAQgAA,ChIJewDNSgAjDTkRiPuKXzBzAzo
Shree Balaji General Store,general_store,general_store|food_store|store|food|point_of_interest|establishment,,,"A/172B, Block A, Sushant Lok III, Sector 57, Gurugram, Haryana 122011, India",,,CLOSED_TEMPORARILY,https://maps.google.com/?cid=11191102263252866966&g_mp=Cilnb29nbGUubWFwcy5wbGFjZXMudjEuUGxhY2VzLlNlYXJjaE5lYXJieRACGAQgAA,ChIJWfNeawAjDTkRltdBJjfITps
A167-B,apartment_building,apartment_building|service|point_of_interest|establishment,,,"A167/B, near Harmony Homes Road, Block A, Sushant Lok III, Sector 57, Gurugram, Haryana 122011, India",,,OPERATIONAL,https://maps.google.com/?cid=8136360679864311818&g_mp=Cilnb29nbGUubWFwcy5wbGFjZXMudjEuUGxhY2VzLlNlYXJjaE5lYXJieRACGAQgAA,ChIJcSvgFAAjDTkRCqDEF-4o6nA
"F-32, F Block, Sushant Lok III, Sector 57",apartment_building,apartment_building|service|point_of_interest|establishment,,,"32, Block F, Sushant Lok 2, Sector 57, Gurugram, Samaspur, Haryana 122011, India",,,OPERATIONAL,https://maps.google.com/?cid=497701752375388500&g_mp=Cilnb29nbGUubWFwcy5wbGFjZXMudjEuUGxhY2VzLlNlYXJjaE5lYXJieRACGAQgAA,ChIJKb6UEgAjDTkRVKlsWhsx6AY
EWS,apartment_building,apartment_building|service|point_of_interest|establishment,,,"EWS, Sector 57, Block F, Sushant Lok III Extension, Sector 57, Gurugram, Haryana 122011, India",,,OPERATIONAL,https://maps.google.com/?cid=8506956174176185480&g_mp=Cilnb29nbGUubWFwcy5wbGFjZXMudjEuUGxhY2VzLlNlYXJjaE5lYXJieRACGAQgAA,ChIJR8lRNQAjDTkRiGyWkZHHDnY
Lead Sphere Inc,,point_of_interest|establishment,,,"321, E Block, Rail Vihar, Block F, Sushant Lok 2, Sector 57, Gurugram, Haryana 122011, India",5,4,OPERATIONAL,https://maps.google.com/?cid=9248501230211680980&g_mp=Cilnb29nbGUubWFwcy5wbGFjZXMudjEuUGxhY2VzLlNlYXJjaE5lYXJieRACGAQgAA,ChIJYx8R1FUjDTkR1MqHQ95GWYA
NA,housing_complex,housing_complex|service|point_of_interest|establishment,,,"172-B, Block A, Sushant Lok III, Sector 57, Gurugram, Haryana 122011, India",3,2,OPERATIONAL,https://maps.google.com/?cid=13097515677305246961&g_mp=Cilnb29nbGUubWFwcy5wbGFjZXMudjEuUGxhY2VzLlNlYXJjaE5lYXJieRACGAQgAA,ChIJR9fyVW0jDTkR8ZTjaR25w7U
Residential,apartment_building,apartment_building|service|point_of_interest|establishment,,,"38, Rd to F Block, Sushant Lok-II, Block F, Sushant Lok 2, Sector 57, Gurugram, Haryana 122011, India",,,OPERATIONAL,https://maps.google.com/?cid=10685876060782307978&g_mp=Cilnb29nbGUubWFwcy5wbGFjZXMudjEuUGxhY2VzLlNlYXJjaE5lYXJieRACGAQgAA,ChIJtcPFVywjDTkRiqrHPKnbS5Q
Vichaar4all,corporate_office,corporate_office|point_of_interest|establishment,,,"C39P+FJJ, Rd to F Block, Block F, Sushant Lok III, Sector 57, Gurugram, Haryana 122011, India",5,1,OPERATIONAL,https://maps.google.com/?cid=4182409462373497924&g_mp=Cilnb29nbGUubWFwcy5wbGFjZXMudjEuUGxhY2VzLlNlYXJjaE5lYXJieRACGAQgAA,ChIJp8RCmisjDTkRRDwBJj_nCjo
House,apartment_building,apartment_building|service|point_of_interest|establishment,,,"F, 197, Rd to F Block, Sushant Lok-II, Block F, Sushant Lok 2, Sector 57, Gurugram, Haryana 122011, India",,,OPERATIONAL,https://maps.google.com/?cid=8419946764086259745&g_mp=Cilnb29nbGUubWFwcy5wbGFjZXMudjEuUGxhY2VzLlNlYXJjaE5lYXJieRACGAQgAA,ChIJcd5pFlMjDTkRIbAPnfio2XQ
Aakash Taekwondo Academy,sports_school,sports_school|sports_activity_location|health|point_of_interest|establishment,,,"328, Rd to F Block, Sushant Lok-II, Block G, Sushant Lok III, Sector 57, Gurugram, Haryana 122011, India",4.8,5,OPERATIONAL,https://maps.google.com/?cid=1947097421020064998&g_mp=Cilnb29nbGUubWFwcy5wbGFjZXMudjEuUGxhY2VzLlNlYXJjaE5lYXJieRACGAQgAA,ChIJ86lbmOQjDTkR5uz6ysl6BRs
Men's Hair Saloon,beauty_salon,beauty_salon|service|point_of_interest|establishment,,,"A174, Rd to F Block, Block A, Rd to F Block, Block A, Sushant Lok III, Sector 57, Gurugram, Haryana 122011, India",4.4,17,OPERATIONAL,https://maps.google.com/?cid=9753587741764519738&g_mp=Cilnb29nbGUubWFwcy5wbGFjZXMudjEuUGxhY2VzLlNlYXJjaE5lYXJieRACGAQgAA,ChIJ21uMig4iDTkROod62V-0W4c
Harmony Homes,association_or_organization,service|association_or_organization|point_of_interest|establishment,,http://www.bing.com/,"Harmony Homes, 53, Rd to F Block, Block F, Sushant Lok III, Sector 57, Gurugram, Haryana 122011, India",4.3,237,OPERATIONAL,https://maps.google.com/?cid=7176367076528039941&g_mp=Cilnb29nbGUubWFwcy5wbGFjZXMudjEuUGxhY2VzLlNlYXJjaE5lYXJieRACGAQgAA,ChIJrxH9XCAjDTkRBShDhtWTl2M
Ratan er pola,apartment_building,apartment_building|service|point_of_interest|establishment,,,"F235, Block F, Sushant Lok 2, Sector 57, Gurugram, Samaspur, Haryana 122011, India",,,OPERATIONAL,https://maps.google.com/?cid=14379640083956262215&g_mp=Cilnb29nbGUubWFwcy5wbGFjZXMudjEuUGxhY2VzLlNlYXJjaE5lYXJieRACGAQgAA,ChIJdXFDJAAjDTkRR2UuQni-jsc
Little bumblebee tuition center,educational_institution,educational_institution|point_of_interest|establishment,095601 44545,https://www.helloparent.com/schools/haryana/gurugram/sector-51/little-bumble-bee-5067,"Harmony Homes F-Block, F 316 GF, near Harmony Homes, Block F, Sushant Lok 2, Sector 57, Gurugram, Haryana 122011, India",,,OPERATIONAL,https://maps.google.com/?cid=711593876779566770&g_mp=Cilnb29nbGUubWFwcy5wbGFjZXMudjEuUGxhY2VzLlNlYXJjaE5lYXJieRACGAQgAA,ChIJS_r3shkZDTkRsgbKWdwW4Ak
SDN’s GGN House,apartment_building,apartment_building|service|point_of_interest|establishment,,,"57/3, Harmony Homes Rd, Block F, Sushant Lok III, Sector 57, Gurugram, Haryana 122011, India",,,OPERATIONAL,https://maps.google.com/?cid=4163204341933650526&g_mp=Cilnb29nbGUubWFwcy5wbGFjZXMudjEuUGxhY2VzLlNlYXJjaE5lYXJieRACGAQgAA,ChIJxywFFwAjDTkRXrJRmEqsxjk
Bhatnagar Residence,association_or_organization,service|association_or_organization|point_of_interest|establishment,,,"53, Block F, Sushant Lok III, Sector 57, Gurugram, Haryana 122011, India",,,OPERATIONAL,https://maps.google.com/?cid=1598853211765991370&g_mp=Cilnb29nbGUubWFwcy5wbGFjZXMudjEuUGxhY2VzLlNlYXJjaE5lYXJieRACGAQgAA,ChIJXUh4FAAjDTkRyudNZ4ZEMBY
Sonu dry cleaners & laundry,laundry,laundry|service|point_of_interest|establishment,,,"171 f block, Block F, Sushant Lok III, Sector 57, Gurugram, Haryana 122011, India",5,3,OPERATIONAL,https://maps.google.com/?cid=2510103231153962975&g_mp=Cilnb29nbGUubWFwcy5wbGFjZXMudjEuUGxhY2VzLlNlYXJjaE5lYXJieRACGAQgAA,ChIJd7KEcAAjDTkR3_998pat1SI
Voice Over Artist / Radio and Television Broadcaster,television_studio,television_studio|point_of_interest|establishment,,,"Block F, Sushant Lok 2, Sector 57, Gurugram, Haryana 122011, India",,,OPERATIONAL,https://maps.google.com/?cid=1140031124616047138&g_mp=Cilnb29nbGUubWFwcy5wbGFjZXMudjEuUGxhY2VzLlNlYXJjaE5lYXJieRACGAQgAA,ChIJkZvR5kcjDTkRIuqgh0Q00g8
Purnia Clinic,skin_care_clinic,skin_care_clinic|medical_clinic|health|point_of_interest|establishment,098358 23379,,"BPTP tower, nearby schools, Tigra, Sector 57, Gurugram, Haryana 122011, India",,,OPERATIONAL,https://maps.google.com/?cid=17657101875073053814&g_mp=Cilnb29nbGUubWFwcy5wbGFjZXMudjEuUGxhY2VzLlNlYXJjaE5lYXJieRACGAQgAA,ChIJv5EAJp0jDTkRdvScopqgCvU
Sanjivan Fast Food,food_court,food_court|food|point_of_interest|establishment,082980 34879,,"Shop No.15, In Mandi, Tigra, Sector 57, Gurugram, Haryana 122011, India",,,CLOSED_TEMPORARILY,https://maps.google.com/?cid=17000562667393428529&g_mp=Cilnb29nbGUubWFwcy5wbGFjZXMudjEuUGxhY2VzLlNlYXJjaE5lYXJieRACGAQgAA,ChIJL9_54IojDTkRMazAU6wh7us
Krit Lal Mandal Paan Shop,store,store|point_of_interest|establishment,095991 09256,,"Shop No. 13, Sector 57, Tigra, Mandi, Gurugram, Haryana 122011, India",,,CLOSED_TEMPORARILY,https://maps.google.com/?cid=11782730368485101464&g_mp=Cilnb29nbGUubWFwcy5wbGFjZXMudjEuUGxhY2VzLlNlYXJjaE5lYXJieRACGAQgAA,ChIJ-QvRLcEjDTkRmA_DsdeqhKM
Sahjad Vegitables,food_store,food_store|store|food|point_of_interest|establishment,099840 92577,,"near BPTP, Tigra, Sector 57, Gurugram, Haryana 122011, India",,,OPERATIONAL,https://maps.google.com/?cid=13981095571302445513&g_mp=Cilnb29nbGUubWFwcy5wbGFjZXMudjEuUGxhY2VzLlNlYXJjaE5lYXJieRACGAQgAA,ChIJPeh8zlUjDTkRyfFE2ljUBsI
Nilkanth Varni Shop,cosmetics_store,cosmetics_store|store|point_of_interest|establishment,078385 07087,,"Shop No.10 Sector.57, Tigra, Bangali Market, Gurugram, Haryana 122011, India",,,OPERATIONAL,https://maps.google.com/?cid=9304766173662785044&g_mp=Cilnb29nbGUubWFwcy5wbGFjZXMudjEuUGxhY2VzLlNlYXJjaE5lYXJieRACGAQgAA,ChIJsfglxcAjDTkRFK49Q4krIYE
Abdul Vegetable Shop,food_store,food_store|store|food|point_of_interest|establishment,095601 12755,,"Shop No.2 Sector.57, Tigra, Mandi, Gurugram, Haryana 122011, India",1,1,OPERATIONAL,https://maps.google.com/?cid=13687180656713336407&g_mp=Cilnb29nbGUubWFwcy5wbGFjZXMudjEuUGxhY2VzLlNlYXJjaE5lYXJieRACGAQgAA,ChIJG0baKqUjDTkRVwb_G0qi8r0
Shifa Clinic,medical_clinic,medical_clinic|health|point_of_interest|establishment,070429 69041,,"Village Tigra, Sector 57, Gurgaon, 122022, Gurugram Delhi, Sector 57, Gurugram, Haryana 122011, India",,,OPERATIONAL,https://maps.google.com/?cid=12577238950573226538&g_mp=Cilnb29nbGUubWFwcy5wbGFjZXMudjEuUGxhY2VzLlNlYXJjaE5lYXJieRACGAQgAA,ChIJv-SDGXciDTkRKrofQDBUi64
M.S.COMMUNICATION MOBILE REPAIRING CENTER,point_of_interest,point_of_interest|establishment,,,"C3CC+M62, Tigra Vlg Rd, Block G, Block F, Sector 57, Gurugram, Haryana 122011, India",,,OPERATIONAL,https://maps.google.com/?cid=17179285388546467126&g_mp=Cilnb29nbGUubWFwcy5wbGFjZXMudjEuUGxhY2VzLlNlYXJjaE5lYXJieRACGAQgAA,ChIJX4zRHnciDTkRNuVehwoVae4
Zaika Chicken Biryani,restaurant,restaurant|food|point_of_interest|establishment,097580 18424,,"Tigra, Sector 57, Gurugram, Haryana 122011, India",,,OPERATIONAL,https://maps.google.com/?cid=7730958941706748774&g_mp=Cilnb29nbGUubWFwcy5wbGFjZXMudjEuUGxhY2VzLlNlYXJjaE5lYXJieRACGAQgAA,ChIJPaq6FgUjDTkRZoOPdTLiSWs
Suraj Mobile Care,store,store|point_of_interest|establishment,,,"Shop No 1, Tigra Vlg Rd, Sector 57, Gurugram, Haryana 122011, India",,,OPERATIONAL,https://maps.google.com/?cid=12942890421279741387&g_mp=Cilnb29nbGUubWFwcy5wbGFjZXMudjEuUGxhY2VzLlNlYXJjaE5lYXJieRACGAQgAA,ChIJMTWZzxMjDTkRy1Uvh0NinrM
The Cake Shop,bakery,bakery|food_store|store|food|point_of_interest|establishment,096677 82399,,"Shop No 1, Tigra Vlg Rd, near Sri Chaitanya school, Sector 57, Gurugram, Haryana 122002, India",,,OPERATIONAL,https://maps.google.com/?cid=8365111447841214710&g_mp=Cilnb29nbGUubWFwcy5wbGFjZXMudjEuUGxhY2VzLlNlYXJjaE5lYXJieRACGAQgAA,ChIJ7XULzKIjDTkR9hAho4rYFnQ
Maal,hindu_temple,hindu_temple|place_of_worship|association_or_organization|point_of_interest|establishment,,,"Village, Samaspur Tigra Rd, near by Sabji Mandi, Sector 57, Gurugram, Samaspur, Haryana 122011, India",3.5,2,OPERATIONAL,https://maps.google.com/?cid=13508044070203923251&g_mp=Cilnb29nbGUubWFwcy5wbGFjZXMudjEuUGxhY2VzLlNlYXJjaE5lYXJieRACGAQgAA,ChIJB0vhJgAjDTkRM5vTXoM2drs
Saifur Tea Shop,grocery_store,grocery_store|food_store|store|food|point_of_interest|establishment,074285 25077,,"Saifur Tea Shop, Sabji Mandi, Tigra, Sector 57, Gurugram, Haryana 122011, India",,,CLOSED_TEMPORARILY,https://maps.google.com/?cid=11390319389500813358&g_mp=Cilnb29nbGUubWFwcy5wbGFjZXMudjEuUGxhY2VzLlNlYXJjaE5lYXJieRACGAQgAA,ChIJ8b4WIIcjDTkRLrBw4SKLEp4
Tigra gaon sabji mandi mijanur,food_store,food_store|store|food|point_of_interest|establishment,,,"84, Block J, Mayfield Garden, Sector 51, Gurugram, Samaspur, Haryana 122011, India",4,2,OPERATIONAL,https://maps.google.com/?cid=9185984570721939437&g_mp=Cilnb29nbGUubWFwcy5wbGFjZXMudjEuUGxhY2VzLlNlYXJjaE5lYXJieRACGAQgAA,ChIJowM7IQAjDTkR7a8ZMkwse38
Tigra Fish Market,market,market|point_of_interest|establishment,,,"C3CC+J57, Tigra, Sector 57, Gurugram, Haryana 122011, India",5,1,OPERATIONAL,https://maps.google.com/?cid=11420358921676404544&g_mp=Cilnb29nbGUubWFwcy5wbGFjZXMudjEuUGxhY2VzLlNlYXJjaE5lYXJieRACGAQgAA,ChIJgZh5XQAjDTkRQDf8fe5DfZ4
Shree Ram Footwear,shoe_store,shoe_store|store|point_of_interest|establishment,082927 77841,,"Village Tigra Sec57 Mandi, near BPTP TOWER, Sector 57, Gurugram, Haryana 122011, India",5,2,OPERATIONAL,https://maps.google.com/?cid=8366127129168123484&g_mp=Cilnb29nbGUubWFwcy5wbGFjZXMudjEuUGxhY2VzLlNlYXJjaE5lYXJieRACGAQgAA,ChIJ5fDjHh4jDTkRXBbTX0x0GnQ
MeSoTT - Mrinal's Elite School of Table Tennis,sports_activity_location,sports_activity_location|point_of_interest|establishment,088894 94777,,"Sri Chaitanya Techno School, Tigra, Sector 57, Gurugram, Haryana 122001, India",5,1,OPERATIONAL,https://maps.google.com/?cid=5636745080110330860&g_mp=Cilnb29nbGUubWFwcy5wbGFjZXMudjEuUGxhY2VzLlNlYXJjaE5lYXJieRACGAQgAA,ChIJV4eSdmkjDTkR7DNoHcm9OU4
Sri Chaitanya Techno School,school,school|educational_institution|point_of_interest|establishment,072077 70454,http://www.srichaitanyaschool.net/,"Tigra Village Road, F Block Rd, Block F, Sector 57, Gurugram, Haryana 122011, India",,,OPERATIONAL,https://maps.google.com/?cid=2236294735712882404&g_mp=Cilnb29nbGUubWFwcy5wbGFjZXMudjEuUGxhY2VzLlNlYXJjaE5lYXJieRACGAQgAA,ChIJfyvrz5AjDTkR5A4-tzbqCB8
Md. Abdul Cycle Shop,service,service|point_of_interest|establishment,099902 15910,,"C3CC+J48, Unnamed Road, Block G, Tigra, Sector 57, Gurugram, Haryana 122011, India",3.7,10,OPERATIONAL,https://maps.google.com/?cid=12670135206903632153&g_mp=Cilnb29nbGUubWFwcy5wbGFjZXMudjEuUGxhY2VzLlNlYXJjaE5lYXJieRACGAQgAA,ChIJWQKpGXciDTkRGVGpZ9dc1a8
JMD mobile repairing & software,electronics_store,electronics_store|store|point_of_interest|establishment,,,"Block G, Sector 57, Gurugram, Haryana 122011, India",4.9,9,CLOSED_TEMPORARILY,https://maps.google.com/?cid=9245868875264119139&g_mp=Cilnb29nbGUubWFwcy5wbGFjZXMudjEuUGxhY2VzLlNlYXJjaE5lYXJieRACGAQgAA,ChIJPerp5lwjDTkRY1H1XcHsT4A
SCS IT Solution Pvt Ltd. (Parveen Kumar),,point_of_interest|establishment,095600 99770,,"87, F Block, Sushant Lok III, Sector 57, Gurugram, Haryana 122011, India",5,1,OPERATIONAL,https://maps.google.com/?cid=5188202468042948957&g_mp=Cilnb29nbGUubWFwcy5wbGFjZXMudjEuUGxhY2VzLlNlYXJjaE5lYXJieRACGAQgAA,ChIJdRIbhKIjDTkRXUGBCqgyAEg
The Dentologist,dental_clinic,dental_clinic|medical_clinic|health|point_of_interest|establishment,096543 78910,http://www.thedentologist.in/,"and Petrol pump, 1070p, behind Boom Plaza, Sushant Lok III Extension, Sector 57, Gurugram, Haryana 122011, India",4.8,85,OPERATIONAL,https://maps.google.com/?cid=8390444929474819061&g_mp=Cilnb29nbGUubWFwcy5wbGFjZXMudjEuUGxhY2VzLlNlYXJjaE5lYXJieRACGAQgAA,ChIJnZHgWQAjDTkR9fPSeDXZcHQ
"1039, sector 57, Gurugram",association_or_organization,point_of_interest|association_or_organization|service|establishment,,,"86-C, Sushant Lok, Sushant Lok III, Sector 57, Gurugram, Haryana 122011, India",4.6,8,OPERATIONAL,https://maps.google.com/?cid=11225184122708158079&g_mp=Cilnb29nbGUubWFwcy5wbGFjZXMudjEuUGxhY2VzLlNlYXJjaE5lYXJieRACGAQgAA,ChIJ7RJV6-ojDTkRf-ZfbHzdx5s
GOSAINS,apartment_building,apartment_building|point_of_interest|service|establishment,,,"1032, Block F, Sector 57, Gurugram, Haryana 122011, India",,,OPERATIONAL,https://maps.google.com/?cid=1988949066110591851&g_mp=Cilnb29nbGUubWFwcy5wbGFjZXMudjEuUGxhY2VzLlNlYXJjaE5lYXJieRACGAQgAA,ChIJnwVxZAAjDTkRa-PdQaMqmhs
Sushant lok 3,association_or_organization,point_of_interest|association_or_organization|service|establishment,,,"no.1042, H 11, Sushant Lok III, Sector 57, Gurugram, Haryana 122011, India",,,OPERATIONAL,https://maps.google.com/?cid=3241856415317625558&g_mp=Cilnb29nbGUubWFwcy5wbGFjZXMudjEuUGxhY2VzLlNlYXJjaE5lYXJieRACGAQgAA,ChIJGaGMUgAjDTkR1grUzztj_Sw
PLM Pundits LLP,,point_of_interest|establishment,089711 44422,https://www.plmpundits.com/,"1040P, Part 1, Sector 57, Gurugram, Haryana 122011, India",,,OPERATIONAL,https://maps.google.com/?cid=6841250754437191831&g_mp=Cilnb29nbGUubWFwcy5wbGFjZXMudjEuUGxhY2VzLlNlYXJjaE5lYXJieRACGAQgAA,ChIJHRKsQn0jDTkRlxiajVAB8V4
Subash,place_of_worship,place_of_worship|point_of_interest|association_or_organization|establishment,,,"1040p, part 1, Sector 57, Gurugram, Samaspur, Haryana 122011, India",5,1,OPERATIONAL,https://maps.google.com/?cid=6288668646143838700&g_mp=Cilnb29nbGUubWFwcy5wbGFjZXMudjEuUGxhY2VzLlNlYXJjaE5lYXJieRACGAQgAA,ChIJeRNROgAjDTkR7EmKm9DWRVc
Govinda Clinic,dental_clinic,dental_clinic|medical_clinic|health|point_of_interest|establishment,088099 89600,,"Shop No.5, Sector 57, Tigra, Sector 57, Gurugram, Haryana 122011, India",,,CLOSED_TEMPORARILY,https://maps.google.com/?cid=2539563019618208072&g_mp=Cilnb29nbGUubWFwcy5wbGFjZXMudjEuUGxhY2VzLlNlYXJjaE5lYXJieRACGAQgAA,ChIJcacObZgjDTkRSMkPdRxXPiM
RUBIX CLASSES,educational_institution,educational_institution|point_of_interest|establishment,070117 11922,,"1054, behind Boom Plaza, Sushant Lok III, Sector 57, Gurugram, Haryana 122011, India",5,6,OPERATIONAL,https://maps.google.com/?cid=270743448557875310&g_mp=Cilnb29nbGUubWFwcy5wbGFjZXMudjEuUGxhY2VzLlNlYXJjaE5lYXJieRACGAQgAA,ChIJ6b1_zx4jDTkRbnCOZLvfwQM
Tattoos For Life,store,body_art_service|point_of_interest|store|service|establishment,076699 59859,https://instagram.com/tattoosforlife365/,"1064, Ground Floor, near Boom Plaza, Sushant Lok III, Sector 57, Gurugram, Haryana 122003, India",5,215,OPERATIONAL,https://maps.google.com/?cid=17883615879133674402&g_mp=Cilnb29nbGUubWFwcy5wbGFjZXMudjEuUGxhY2VzLlNlYXJjaE5lYXJieRACGAQgAA,ChIJc-bCd8ojDTkRojtM_-NdL_g
House No 1064,apartment_building,apartment_building|point_of_interest|service|establishment,,,"House No 1064, Part 1, Sector 57, Gurugram, Haryana 122011, India",4,2,OPERATIONAL,https://maps.google.com/?cid=16219898299951192428&g_mp=Cilnb29nbGUubWFwcy5wbGFjZXMudjEuUGxhY2VzLlNlYXJjaE5lYXJieRACGAQgAA,ChIJj0LPn8kjDTkRbJmNLZGnGOE
Rajal VogueVista,housing_complex,housing_complex|point_of_interest|service|establishment,,,"1042, third floor, Sector 57, Sushant Lok III Extension, Sector 57, Gurugram, Haryana 122011, India",,,OPERATIONAL,https://maps.google.com/?cid=8704258974242293568&g_mp=Cilnb29nbGUubWFwcy5wbGFjZXMudjEuUGxhY2VzLlNlYXJjaE5lYXJieRACGAQgAA,ChIJ1ZrkSG8jDTkRQMe3gGu9y3g
Sushant Residency,housing_complex,housing_complex|point_of_interest|service|establishment,,,"C3CF+R83, Sushant Lok III, Sector 57, Gurugram, Samaspur, Haryana 122011, India",5,4,OPERATIONAL,https://maps.google.com/?cid=18020010646900055844&g_mp=Cilnb29nbGUubWFwcy5wbGFjZXMudjEuUGxhY2VzLlNlYXJjaE5lYXJieRACGAQgAA,ChIJ4-DZEgAjDTkRJB88kTXwE_o
Sunrise Homes,association_or_organization,point_of_interest|association_or_organization|service|establishment,,,"C3CF+MM6, Sushant Lok III, Sector 57, Gurugram, Haryana 122011, India",5,1,OPERATIONAL,https://maps.google.com/?cid=15952395148828922980&g_mp=Cilnb29nbGUubWFwcy5wbGFjZXMudjEuUGxhY2VzLlNlYXJjaE5lYXJieRACGAQgAA,ChIJSVRdXgAjDTkRZNScUt5KYt0
KUKRETIS 1031,apartment_building,apartment_building|point_of_interest|service|establishment,,,"HUDA Plot, number 1031, Boom Plaza, Shiv Mandir, Part 1, Sector 57, Gurugram, Haryana 122011, India",5,3,OPERATIONAL,https://maps.google.com/?cid=4022000524151735987&g_mp=Cilnb29nbGUubWFwcy5wbGFjZXMudjEuUGxhY2VzLlNlYXJjaE5lYXJieRACGAQgAA,ChIJRbv4XAAjDTkRs8Z_0CoE0Tc
"HealthKarma studio - consult for lifestyle diseases, diabetes, weight loss etc",consultant,yoga_studio|fitness_center|gym|school|sports_complex|sports_school|educational_institution|sports_activity_location|consultant|health|restaurant|point_of_interest|store|food|service|establishment,098105 00332,http://www.shop.healthkarma.co/,"C 88, Sushant Lok III, Sector 57, Gurugram, Haryana 122011, India",4.9,30,OPERATIONAL,https://maps.google.com/?cid=13078820495101173948&g_mp=Cilnb29nbGUubWFwcy5wbGFjZXMudjEuUGxhY2VzLlNlYXJjaE5lYXJieRACGAQgAA,ChIJlV_cBfwjDTkRvKCaG_JNgbU
Santosh Niwas,apartment_building,apartment_building|point_of_interest|service|establishment,,,"1061, Block F, Sector 57, Gurugram, Haryana 122011, India",,,OPERATIONAL,https://maps.google.com/?cid=1297186036128896258&g_mp=Cilnb29nbGUubWFwcy5wbGFjZXMudjEuUGxhY2VzLlNlYXJjaE5lYXJieRACGAQgAA,ChIJz56aPAAjDTkRAlUPu9OHABI
"F-88(B), Sushant lok III, sector 57",apartment_building,apartment_building|point_of_interest|service|establishment,,,"F-88(D, Sushant Lok III, Sector 57, Gurugram, Haryana 122011, India",,,OPERATIONAL,https://maps.google.com/?cid=13318413671949714125&g_mp=Cilnb29nbGUubWFwcy5wbGFjZXMudjEuUGxhY2VzLlNlYXJjaE5lYXJieRACGAQgAA,ChIJ9fr6A60jDTkRzcJEsKuC1Lg
1070P- YASHVANT KUTUMB,apartment_building,apartment_building|point_of_interest|service|establishment,,,"C3CF+HJR, Sushant Lok III, Sector 57, Gurugram, Haryana 122011, India",3.7,9,OPERATIONAL,https://maps.google.com/?cid=4614061149942677013&g_mp=Cilnb29nbGUubWFwcy5wbGFjZXMudjEuUGxhY2VzLlNlYXJjaE5lYXJieRACGAQgAA,ChIJu7o7X6cjDTkRFX5DZitwCEA
"1054, sec 57",apartment_building,apartment_building|point_of_interest|service|establishment,,,"C3CF+WJ7, Sushant Lok III, Sector 57, Gurugram, Haryana 122011, India",5,1,OPERATIONAL,https://maps.google.com/?cid=7195986678048585578&g_mp=Cilnb29nbGUubWFwcy5wbGFjZXMudjEuUGxhY2VzLlNlYXJjaE5lYXJieRACGAQgAA,ChIJuV4CvNQjDTkRaneH-cFH3WM
Pappu,hostel,hostel|lodging|point_of_interest|establishment,,,"THE HDFC SCHOOL, Block C, Sushant Lok III, Sector 57, Gurugram, Haryana 122011, India",,,OPERATIONAL,https://maps.google.com/?cid=10229964918779701696&g_mp=Cilnb29nbGUubWFwcy5wbGFjZXMudjEuUGxhY2VzLlNlYXJjaE5lYXJieRACGAQgAA,ChIJiTWEaAAjDTkRwGmSmOQi-I0
Hcbc,service,service|point_of_interest|establishment,,,"THE HDFC SCHOOL, Block C, Sushant Lok III, Sector 57, Gurugram, Haryana 122011, India",,,OPERATIONAL,https://maps.google.com/?cid=14038570028210758881&g_mp=Cilnb29nbGUubWFwcy5wbGFjZXMudjEuUGxhY2VzLlNlYXJjaE5lYXJieRACGAQgAA,ChIJibnZcAAjDTkR4aTypQ8F08I
Dr. Jagriti Singh-Consult With Best Dentist Doctor Near Me | Bruxism | Cavities | Swollen Gums | 13+ Yrs. of Exp.,doctor,dentist|doctor|hospital|health|service|point_of_interest|establishment,080 4482 6027,https://www.apollo247.com/doctors/dr-jagriti-singh-1c8ac8fe-26ee-4fda-a0b1-f29367af446a?utm_source=gmb_docverse&utm_medium=clinics&utm_campaign=doctors,"House No 191( Upper Ground Floor, HDFC SCHOOL, near Boom Plaza, Block-E &, Sushant Lok III Extension, Sector 57, Gurugram, Haryana 122011, India",,,OPERATIONAL,https://maps.google.com/?cid=243445217511984148&g_mp=Cilnb29nbGUubWFwcy5wbGFjZXMudjEuUGxhY2VzLlNlYXJjaE5lYXJieRACGAQgAA,ChIJO718Q6ojDTkRFMwRsCLkYAM
ArtCradle Gallery,art_gallery,art_gallery|point_of_interest|establishment,098187 72792,https://www.galleryartcradle.com/,"D4, The Legend, Apartments, opposite THE HDFC SCHOOL, Block C, Sushant Lok III, Sector 57, Gurugram, Haryana 122011, India",4.8,19,OPERATIONAL,https://maps.google.com/?cid=5356450980030011191&g_mp=Cilnb29nbGUubWFwcy5wbGFjZXMudjEuUGxhY2VzLlNlYXJjaE5lYXJieRACGAQgAA,ChIJf2j4QdsjDTkRN1d7YcnvVUo
Charu Tuition Classes,educational_institution,educational_institution|point_of_interest|establishment,,,"F-15 Ground Floor, Rail Vihar, near THE HDFC SCHOOL, Block C, Sushant Lok III, Sector 57, Gurugram, Haryana 122011, India",4.9,7,OPERATIONAL,https://maps.google.com/?cid=5132704185380383222&g_mp=Cilnb29nbGUubWFwcy5wbGFjZXMudjEuUGxhY2VzLlNlYXJjaE5lYXJieRACGAQgAA,ChIJm7jfgLwjDTkR9inCKkMHO0c
VR ENTERTAINMENTS & EVENTS,,point_of_interest|establishment,099102 01509,,"3201, near THE HDFC SCHOOL, Block C, Sushant Lok III, Sector 57, Gurugram, Haryana 122011, India",5,3,OPERATIONAL,https://maps.google.com/?cid=9600009790764973856&g_mp=Cilnb29nbGUubWFwcy5wbGFjZXMudjEuUGxhY2VzLlNlYXJjaE5lYXJieRACGAQgAA,ChIJJQkHh1gjDTkRIH_RqgoWOoU
CA Aman Garg (GST Consultant),consultant,consultant|accounting|finance|service|point_of_interest|establishment,078373 23835,,"near THE HDFC SCHOOL, Block C, Sushant Lok III, Sector 57, Gurugram, Haryana 122011, India",5,4,OPERATIONAL,https://maps.google.com/?cid=13604507181249399625&g_mp=Cilnb29nbGUubWFwcy5wbGFjZXMudjEuUGxhY2VzLlNlYXJjaE5lYXJieRACGAQgAA,ChIJi2AZXlgjDTkRSQufmjPrzLw
ISHIKA WELLNESS CENTER,wellness_center,wellness_center|health|point_of_interest|establishment,079768 97754,,"H.No 1591,Sector 52 Wazirabad, Near Mahindra Work Shop,Next to Ardee City, Gate No. 2, Block C, Sushant Lok III, Sector 57, Gurugram, Haryana 122011, India",5,1,OPERATIONAL,https://maps.google.com/?cid=8147253338592142598&g_mp=Cilnb29nbGUubWFwcy5wbGFjZXMudjEuUGxhY2VzLlNlYXJjaE5lYXJieRACGAQgAA,ChIJIyCL4nwjDTkRBmXm1b7bEHE
Saroj kumar plumber & Water proof,store,store|point_of_interest|establishment,,,"Plot-C.99, 3, Block C, Sushant Lok III, Sector 57, Gurugram, Haryana 122011, India",2.5,2,CLOSED_TEMPORARILY,https://maps.google.com/?cid=3336183449085619909&g_mp=Cilnb29nbGUubWFwcy5wbGFjZXMudjEuUGxhY2VzLlNlYXJjaE5lYXJieRACGAQgAA,ChIJ624WuFgjDTkRxS5JzCuBTC4
"The Knowledge Habitat School (Senior High School), Gurugram",school,school|educational_institution|point_of_interest|establishment,0124 490 3700,https://theknowledgehabitat.com/?utm_source=google&utm_medium=organic&utm_campaign=gmb,"H.No, The M2k White House Flat-7d, THE M2K WHITE HOUSE, 3553, Block C, Sushant Lok III, Sector 57, Gurugram, Haryana 122011, India",,,OPERATIONAL,https://maps.google.com/?cid=15246214355792372656&g_mp=Cilnb29nbGUubWFwcy5wbGFjZXMudjEuUGxhY2VzLlNlYXJjaE5lYXJieRACGAQgAA,ChIJoaqqWnMiDTkRsCN3vi1vldM
Basketball Court,athletic_field,athletic_field|sports_activity_location|point_of_interest|establishment,,,"C3CG+RXM, Block C, Sushant Lok III, Sector 57, Gurugram, Haryana 122011, India",,,OPERATIONAL,https://maps.google.com/?cid=15048745314852054054&g_mp=Cilnb29nbGUubWFwcy5wbGFjZXMudjEuUGxhY2VzLlNlYXJjaE5lYXJieRACGAQgAA,ChIJcUX7mxQjDTkRJqQU1yHi19A
M3M Atrium 57,general_contractor,general_contractor|service|point_of_interest|establishment,1800 123 3333,https://m3mindia.com/retail/m3m-atrium57,"Sushant Lok Phase 3, III, Sector 57, Gurugram, Haryana 122011, India",4.2,136,OPERATIONAL,https://maps.google.com/?cid=8072550962279384617&g_mp=Cilnb29nbGUubWFwcy5wbGFjZXMudjEuUGxhY2VzLlNlYXJjaE5lYXJieRACGAQgAA,ChIJaRbZjnAjDTkRKYbmeVR2B3A
Gitalaya,hindu_temple,hindu_temple|place_of_worship|association_or_organization|point_of_interest|establishment,,,"3553, Block C, Sushant Lok III, Sector 57, Gurugram, Haryana 122011, India",5,4,OPERATIONAL,https://maps.google.com/?cid=9109179828894585715&g_mp=Cilnb29nbGUubWFwcy5wbGFjZXMudjEuUGxhY2VzLlNlYXJjaE5lYXJieRACGAQgAA,ChIJZWhFNTAjDTkRc1NquMpOan4
Music And Dance Palazzo,educational_institution,art_studio|store|school|educational_institution|sports_school|service|association_or_organization|point_of_interest|establishment,083683 46991,https://sites.google.com/view/musicanddancepalazzo/home,"House No. 3548, near THE HDFC SCHOOL, Block C, Sushant Lok III, Sector 57, Gurugram, Haryana 122011, India",4.9,28,OPERATIONAL,https://maps.google.com/?cid=11768888792791245799&g_mp=Cilnb29nbGUubWFwcy5wbGFjZXMudjEuUGxhY2VzLlNlYXJjaE5lYXJieRACGAQgAA,ChIJuwuoOwAZDTkR5-NltwB-U6M
Kailash Kunj,housing_complex,housing_complex|service|point_of_interest|establishment,,,"C3CG+GQF, Block C, Sushant Lok III, Sector 57, Gurugram, Haryana 122011, India",5,1,OPERATIONAL,https://maps.google.com/?cid=6193494607424525346&g_mp=Cilnb29nbGUubWFwcy5wbGFjZXMudjEuUGxhY2VzLlNlYXJjaE5lYXJieRACGAQgAA,ChIJldaiVtMjDTkRIhTW6Ye281U
Balaji timber (tampu servic),transportation_service,transportation_service|point_of_interest|establishment,,,"3548, Block C, Sushant Lok III, Sector 57, Gurugram, Haryana 122011, India",,,OPERATIONAL,https://maps.google.com/?cid=9811480628078393672&g_mp=Cilnb29nbGUubWFwcy5wbGFjZXMudjEuUGxhY2VzLlNlYXJjaE5lYXJieRACGAQgAA,ChIJLVbsVeojDTkRSDk91aVhKYg
RIO,apartment_building,apartment_building|service|point_of_interest|establishment,,,"Block C, Sushant Lok III, Sector 57, Block C, Sushant Lok III, Sector 57, Gurugram, Haryana 122011, India",4.6,9,OPERATIONAL,https://maps.google.com/?cid=1110148853169084928&g_mp=Cilnb29nbGUubWFwcy5wbGFjZXMudjEuUGxhY2VzLlNlYXJjaE5lYXJieRACGAQgAA,ChIJm5GohXQiDTkRAFrzCIAKaA8
Shree Shyam Packers and Movers | Best Packers and Movers in Gurugram,moving_company,storage|shipping_service|moving_company|transportation_service|service|point_of_interest|establishment,098999 76057,https://www.shreeshyampackersmovers.com/,"Shop no 12-A, Green Park Huda, Block C, Block B1, Sector 57, Gurugram, Haryana 122011, India",4.9,67,OPERATIONAL,https://maps.google.com/?cid=9446260887139128225&g_mp=Cilnb29nbGUubWFwcy5wbGFjZXMudjEuUGxhY2VzLlNlYXJjaE5lYXJieRACGAQgAA,ChIJZ1SJreM9DTkRoROYeTrcF4M
Modernism,jewelry_store,jewelry_store|store|point_of_interest|establishment,,,"H.No. 3545J, Block C, Sushant Lok III, Sector 57, Gurugram, Haryana 122011, India",5,28,OPERATIONAL,https://maps.google.com/?cid=9224887272101234826&g_mp=Cilnb29nbGUubWFwcy5wbGFjZXMudjEuUGxhY2VzLlNlYXJjaE5lYXJieRACGAQgAA,ChIJZeLTLIojDTkRisidMhliBYA
OkeyandPrime,apartment_building,apartment_building|service|point_of_interest|establishment,,,"3545K, Dharm Marg, Block C, Sushant Lok III, Sector 57, Gurugram, Haryana 122011, India",5,1,OPERATIONAL,https://maps.google.com/?cid=11540177465735742520&g_mp=Cilnb29nbGUubWFwcy5wbGFjZXMudjEuUGxhY2VzLlNlYXJjaE5lYXJieRACGAQgAA,ChIJxeWeMeQjDTkROIQlOkPyJqA
Stylin By Shikha,general_contractor,point_of_interest|general_contractor|service|establishment,088603 17658,https://stylinbyshikha.com/,"third floor, H 11, B 82, Block B, Sushant Lok III, Sector 57, Gurugram, Haryana 122011, India",5,3,OPERATIONAL,https://maps.google.com/?cid=16627573603783192593&g_mp=Cilnb29nbGUubWFwcy5wbGFjZXMudjEuUGxhY2VzLlNlYXJjaE5lYXJieRACGAQgAA,ChIJAR5KaGMjDTkREbAokhgCweY
B-82,apartment_building,apartment_building|point_of_interest|service|establishment,,,"82, Block B, Sushant Lok III, Sector 57, Gurugram, Haryana 122011, India",,,OPERATIONAL,https://maps.google.com/?cid=15578138304886978668&g_mp=Cilnb29nbGUubWFwcy5wbGFjZXMudjEuUGxhY2VzLlNlYXJjaE5lYXJieRACGAQgAA,ChIJNYih-LUjDTkRbLixdECqMNg
HappyPets (Dogs & Cat) Boarding,pet_boarding_service,pet_boarding_service|pet_care|point_of_interest|establishment,088798 91642,https://instagram.com/happypets_homeboarding?utm_medium=copy_link,"B block, H 11, Block B, Sushant Lok III, Sector 57, Gurugram, Haryana 122011, India",4.7,64,OPERATIONAL,https://maps.google.com/?cid=14786912081758409883&g_mp=Cilnb29nbGUubWFwcy5wbGFjZXMudjEuUGxhY2VzLlNlYXJjaE5lYXJieRACGAQgAA,ChIJkXb_baQjDTkRm1QkpjGqNc0
Ankita kheterpal,apartment_building,apartment_building|point_of_interest|service|establishment,,,"B/83, Block B, Sushant Lok III, Sector 57, Gurugram, Haryana 122011, India",,,OPERATIONAL,https://maps.google.com/?cid=1169940892648876526&g_mp=Cilnb29nbGUubWFwcy5wbGFjZXMudjEuUGxhY2VzLlNlYXJjaE5lYXJieRACGAQgAA,ChIJNSQrKwAjDTkR7imKEgt3PBA
Narinder Dhawan,apartment_building,apartment_building|point_of_interest|service|establishment,,,"The Nest, Shiv Shakti Mandir, B 79, near Gurugram, Block B, Sushant Lok III, Sector 57, Gurugram, Haryana 122011, India",,,OPERATIONAL,https://maps.google.com/?cid=17387953752265911744&g_mp=Cilnb29nbGUubWFwcy5wbGFjZXMudjEuUGxhY2VzLlNlYXJjaE5lYXJieRACGAQgAA,ChIJkY8JfgAjDTkRwO269s9rTvE
"Comfort Residency contact for PG,Hotel or Co-Living in sector 57, 46, 52 gurgaon",hotel,hotel|guest_house|lodging|point_of_interest|service|establishment,,,"Plot no 1801 Block, b1, Block C, Sushant Lok III, Sector 57, Gurugram, Haryana 122011, India",5,10,OPERATIONAL,https://maps.google.com/?cid=7753036378849969175&g_mp=Cilnb29nbGUubWFwcy5wbGFjZXMudjEuUGxhY2VzLlNlYXJjaE5lYXJieRACGAQgAA,ChIJzwXGRWkjDTkRF4QIXIJRmGs
Shivani Bansal,apartment_building,apartment_building|point_of_interest|service|establishment,,,"83a, Sector 57 Rd, Block C, Sushant Lok III Extension, Sector 57, Gurugram, Haryana 122011, India",5,1,OPERATIONAL,https://maps.google.com/?cid=11098555077023300474&g_mp=Cilnb29nbGUubWFwcy5wbGFjZXMudjEuUGxhY2VzLlNlYXJjaE5lYXJieRACGAQgAA,ChIJ6zrobwAjDTkRevsUNgr9BZo
B77,apartment_building,apartment_building|point_of_interest|service|establishment,,,"The Nest, Shiv Shakti Mandir, B 79, near Gurugram, Block C, Sushant Lok III Extension, Sector 57, Gurugram, Haryana 122011, India",5,1,OPERATIONAL,https://maps.google.com/?cid=5279243739899580961&g_mp=Cilnb29nbGUubWFwcy5wbGFjZXMudjEuUGxhY2VzLlNlYXJjaE5lYXJieRACGAQgAA,ChIJN_pRGwAjDTkRIVJr9zWkQ0k
Vohra's Villa,association_or_organization,association_or_organization|point_of_interest|service|establishment,,,"B77, Block B Rd, Block C, Sushant Lok III, Sector 57, Gurugram, Haryana 122011, India",5,1,OPERATIONAL,https://maps.google.com/?cid=7219867910905462226&g_mp=Cilnb29nbGUubWFwcy5wbGFjZXMudjEuUGxhY2VzLlNlYXJjaE5lYXJieRACGAQgAA,ChIJZem6q3AjDTkR0v3CypwfMmQ
Better Notes,clothing_store,clothing_store|point_of_interest|store|establishment,,https://wwww.betternotes.in/,"3rd Floor, SUSHANT LOK 3, B-153, Block B, Sushant Lok III, Sector 57, Gurugram, Haryana 122003, India",,,OPERATIONAL,https://maps.google.com/?cid=10341429119431194053&g_mp=Cilnb29nbGUubWFwcy5wbGFjZXMudjEuUGxhY2VzLlNlYXJjaE5lYXJieRACGAQgAA,ChIJ1_Xc8U8jDTkRxbWTLf4ihI8
"Sector 57 Park,",park,park|point_of_interest|establishment,,,"C3CH+RWF, Block B, Sushant Lok III, Sector 57, Gurugram, Haryana 122011, India",4.2,52,OPERATIONAL,https://maps.google.com/?cid=11980443882051399623&g_mp=Cilnb29nbGUubWFwcy5wbGFjZXMudjEuUGxhY2VzLlNlYXJjaE5lYXJieRACGAQgAA,ChIJ-xTuzgkjDTkRx-8sUTwWQ6Y
Chawla's Abode,apartment_building,apartment_building|point_of_interest|service|establishment,,,"B152, Block B, Sushant Lok III, Sector 57, Gurugram, Haryana 122011, India",,,OPERATIONAL,https://maps.google.com/?cid=15167903655337095027&g_mp=Cilnb29nbGUubWFwcy5wbGFjZXMudjEuUGxhY2VzLlNlYXJjaE5lYXJieRACGAQgAA,ChIJA-7oeZsjDTkRc2-38wI4f9I
Chacha Chaudhary Comics,,point_of_interest|establishment,098180 29797,https://www.pran4u.com/,"4th Floor, H 11, B-153, Block B, Sushant Lok III, Sector 57, Gurugram, Haryana 122003, India",5,15,OPERATIONAL,https://maps.google.com/?cid=17852604961284164468&g_mp=Cilnb29nbGUubWFwcy5wbGFjZXMudjEuUGxhY2VzLlNlYXJjaE5lYXJieRACGAQgAA,ChIJcyW1u9AjDTkRdAu4CKAxwfc
Kids Thrift Store/The Book Brewery,clothing_store,clothing_store|point_of_interest|store|establishment,,,"B86, Block B, Sushant Lok III, Sector 57, Gurugram, Haryana 122011, India",3.3,3,OPERATIONAL,https://maps.google.com/?cid=12996178725642843382&g_mp=Cilnb29nbGUubWFwcy5wbGFjZXMudjEuUGxhY2VzLlNlYXJjaE5lYXJieRACGAQgAA,ChIJ744kXQsiDTkR9jRuu7GzW7Q
INTERIOR WORLD,general_contractor,point_of_interest|general_contractor|service|establishment,078279 75336,http://www.interiorworldcompany.in/,"B62, Block B, Sushant Lok III, Sector 57, Gurugram, Haryana 122011, India",5,2,OPERATIONAL,https://maps.google.com/?cid=11259183552319084019&g_mp=Cilnb29nbGUubWFwcy5wbGFjZXMudjEuUGxhY2VzLlNlYXJjaE5lYXJieRACGAQgAA,ChIJ8ZgWitAjDTkR81XmgMmnQJw
SARKARs Residence,apartment_building,apartment_building|point_of_interest|service|establishment,,,"C3CJ+Q9C, Block B, Sushant Lok III Extension, Sector 57, Gurugram, Haryana 122011, India",,,OPERATIONAL,https://maps.google.com/?cid=11205953407743475309&g_mp=Cilnb29nbGUubWFwcy5wbGFjZXMudjEuUGxhY2VzLlNlYXJjaE5lYXJieRACGAQgAA,ChIJI88k4skjDTkRbb4grkCLg5s
Gyani Ghar,apartment_building,apartment_building|point_of_interest|service|establishment,,,"B 91, Block B, Sushant Lok III, Sector 57, Gurugram, Haryana 122011, India",,,OPERATIONAL,https://maps.google.com/?cid=16445360698058339327&g_mp=Cilnb29nbGUubWFwcy5wbGFjZXMudjEuUGxhY2VzLlNlYXJjaE5lYXJieRACGAQgAA,ChIJT3O9QwAjDTkR__PvcmyoOeQ
"Dr Sanjeev Srivastava, Brain and Spine Surgeon",doctor,doctor|health|point_of_interest|establishment,099713 60274,http://sanjeevsrivastavaneuro.clinic.icareheal.com/,"3F, B Block, H 11, B-160, near Rail Vihar, Block C, Sushant Lok III, Sector 57, Gurugram, Haryana 122011, India",5,12,OPERATIONAL,https://maps.google.com/?cid=17082475906338928836&g_mp=Cilnb29nbGUubWFwcy5wbGFjZXMudjEuUGxhY2VzLlNlYXJjaE5lYXJieRACGAQgAA,ChIJ_QTae94jDTkRxDiAeVQlEe0
Yogi Ghar,housing_complex,housing_complex|point_of_interest|service|establishment,,,"B75, Block B, Sushant Lok III, Sector 57, Gurugram, Haryana 122011, India",5,1,OPERATIONAL,https://maps.google.com/?cid=7208781193004445837&g_mp=Cilnb29nbGUubWFwcy5wbGFjZXMudjEuUGxhY2VzLlNlYXJjaE5lYXJieRACGAQgAA,ChIJyw-cEgAjDTkRjfCLIE28CmQ
Yogesh’s Residence (B-75),service,point_of_interest|service|establishment,,,"C3CH+RVV, Block C, Sushant Lok III, Sector 57, Gurugram, Haryana 122011, India",,,OPERATIONAL,https://maps.google.com/?cid=1335142700817194304&g_mp=Cilnb29nbGUubWFwcy5wbGFjZXMudjEuUGxhY2VzLlNlYXJjaE5lYXJieRACGAQgAA,ChIJIVPraQAjDTkRQB2qZjZhhxI
RitHit Home,association_or_organization,point_of_interest|association_or_organization|service|establishment,,,"2927, Sushant Lok Phase 3, Sushant Lok 2, Sector 57, Gurugram, Haryana 122011, India",5,6,OPERATIONAL,https://maps.google.com/?cid=8089101820113030271&g_mp=Cilnb29nbGUubWFwcy5wbGFjZXMudjEuUGxhY2VzLlNlYXJjaE5lYXJieRACGAQgAA,ChIJ9XQp33UZDTkRf4zNWz9DQnA
Home 2925,apartment_building,apartment_building|point_of_interest|service|establishment,,,"2925, Sushant Lok Phase 3, Sushant Lok 2, Sector 57, Gurugram, Haryana 122011, India",,,OPERATIONAL,https://maps.google.com/?cid=16758930712431880781&g_mp=Cilnb29nbGUubWFwcy5wbGFjZXMudjEuUGxhY2VzLlNlYXJjaE5lYXJieRACGAQgAA,ChIJU7cLUAAjDTkRTeriubCuk-g
SugarSprinklesbySangeeta&Aakriti,bakery,bakery|point_of_interest|food_store|store|food|establishment,,,"2937, Sector 57 Rd, Sushant Lok Phase 3, Sushant Lok III, Extension, Gurugram, Haryana 122011, India",5,4,OPERATIONAL,https://maps.google.com/?cid=10256869429373837590&g_mp=Cilnb29nbGUubWFwcy5wbGFjZXMudjEuUGxhY2VzLlNlYXJjaE5lYXJieRACGAQgAA,ChIJbxsKCzIjDTkRFiFkHWe4V44
2936,apartment_building,apartment_building|point_of_interest|service|establishment,,,"2936, Shanti Marg, Sushant Lok Phase 3, Sushant Lok 2, Sector 57, Gurugram, Haryana 122011, India",,,OPERATIONAL,https://maps.google.com/?cid=12799217714492770840&g_mp=Cilnb29nbGUubWFwcy5wbGFjZXMudjEuUGxhY2VzLlNlYXJjaE5lYXJieRACGAQgAA,ChIJ-cLDPQAjDTkRGIo6u7L0n7E
Shubh Lakshmi Real Estate,finance,finance|point_of_interest|service|establishment,099300 39202,https://slrestate.in/,"2914, Sushant Lok Phase 3, Sushant Lok 2, Sector 57, Gurugram, Haryana 122011, India",5,6,OPERATIONAL,https://maps.google.com/?cid=15228091168442488214&g_mp=Cilnb29nbGUubWFwcy5wbGFjZXMudjEuUGxhY2VzLlNlYXJjaE5lYXJieRACGAQgAA,ChIJSdo39AIjDTkRlhVHXjwMVdM
Kargataura,school,school|educational_institution|point_of_interest|establishment,,,"2937, Shanti Marg, Sushant Lok Phase 3, Block B1, Sector 57, Gurugram, Haryana 122011, India",,,OPERATIONAL,https://maps.google.com/?cid=9131976216781881440&g_mp=Cilnb29nbGUubWFwcy5wbGFjZXMudjEuUGxhY2VzLlNlYXJjaE5lYXJieRACGAQgAA,ChIJIaohviQjDTkRYICZYvxLu34
Anshul Apartment,apartment_building,apartment_building|point_of_interest|service|establishment,,,"2931, Sushant Lok Phase 3, Sushant Lok III Extension, Sector 57, Gurugram, Haryana 122011, India",,,OPERATIONAL,https://maps.google.com/?cid=2365441610681156091&g_mp=Cilnb29nbGUubWFwcy5wbGFjZXMudjEuUGxhY2VzLlNlYXJjaE5lYXJieRACGAQgAA,ChIJs1CdAjMjDTkR-wGUvZy80yA
Preetam Tent House and Catering,non_profit_organization,non_profit_organization|point_of_interest|association_or_organization|establishment,,,"C3CM+M6Q, Sushant Lok Phase 3, Sushant Lok 2, Sector 57, Gurugram, Haryana 122011, India",4,4,OPERATIONAL,https://maps.google.com/?cid=6236333524346536908&g_mp=Cilnb29nbGUubWFwcy5wbGFjZXMudjEuUGxhY2VzLlNlYXJjaE5lYXJieRACGAQgAA,ChIJTRS67E4jDTkRzAOJg0zoi1Y
K D Super Mart,general_store,general_store|point_of_interest|food_store|store|food|establishment,084268 42001,,"near Harmony Chowk, Block B, Sushant Lok III, Sector 57, Gurugram, Haryana 122011, India",,,OPERATIONAL,https://maps.google.com/?cid=7110766150102940636&g_mp=Cilnb29nbGUubWFwcy5wbGFjZXMudjEuUGxhY2VzLlNlYXJjaE5lYXJieRACGAQgAA,ChIJ0_1DZ9EjDTkR3PvBmSOErmI
Kartikeyan,private_guest_room,private_guest_room|lodging|point_of_interest|establishment,088267 02999,,"1st Floor, Plot No 2915, Sushant Lok Phase 3, Sushant Lok 2, Sector 57, Gurugram, Haryana 122011, India",5,1,OPERATIONAL,https://maps.google.com/?cid=12957571580662722637&g_mp=Cilnb29nbGUubWFwcy5wbGFjZXMudjEuUGxhY2VzLlNlYXJjaE5lYXJieRACGAQgAA,ChIJe7lqHSojDTkRTTAZUbOK0rM
Madan’s,apartment_building,apartment_building|point_of_interest|service|establishment,,,"C3CM+F9G, Block B, Sushant Lok III, Sector 57, Gurugram, Haryana 122011, India",5,1,OPERATIONAL,https://maps.google.com/?cid=12501829576539625588&g_mp=Cilnb29nbGUubWFwcy5wbGFjZXMudjEuUGxhY2VzLlNlYXJjaE5lYXJieRACGAQgAA,ChIJW8GteDUjDTkRdNgdKMNrf60
Girls Pg Asma apartments,service,point_of_interest|service|establishment,072890 00199,http://asmapartments.com/,"Girls PG Asma Apartment house no 2955 near hong kong Bazaar, Sushant Lok Phase 3, Sushant Lok 2, Sector 57, Gurugram, Haryana 122011, India",4.3,144,OPERATIONAL,https://maps.google.com/?cid=1880331805119528916&g_mp=Cilnb29nbGUubWFwcy5wbGFjZXMudjEuUGxhY2VzLlNlYXJjaE5lYXJieRACGAQgAA,ChIJ75jb6voYDTkR1L8EeNBHGBo
2908 Casa Bonita,apartment_building,apartment_building|point_of_interest|service|establishment,,,"2908, Sushant Lok Phase 3, Sushant Lok 2, Sector 57, Gurugram, Haryana 122011, India",,,OPERATIONAL,https://maps.google.com/?cid=9160037218208942774&g_mp=Cilnb29nbGUubWFwcy5wbGFjZXMudjEuUGxhY2VzLlNlYXJjaE5lYXJieRACGAQgAA,ChIJv31SbAAjDTkRtoqzaFH9Hn8
Blessing,service,point_of_interest|service|establishment,,,"1st Floor, Plot No 2915, Sushant Lok Phase 3, Sushant Lok 2, Sector 57, Gurugram, Haryana 122011, India",,,OPERATIONAL,https://maps.google.com/?cid=14414139490187268284&g_mp=Cilnb29nbGUubWFwcy5wbGFjZXMudjEuUGxhY2VzLlNlYXJjaE5lYXJieRACGAQgAA,ChIJLei2NQAjDTkRvNCKN39PCcg
Physiotherapy at Home By Professional Doctors,medical_clinic,medical_clinic|health|point_of_interest|establishment,099586 37975,,"1141A, Sushant Lok Phase 3, Sushant Lok 2, Sector 57, Gurugram, Haryana 122011, India",1,1,OPERATIONAL,https://maps.google.com/?cid=3055152994978053516&g_mp=Cilnb29nbGUubWFwcy5wbGFjZXMudjEuUGxhY2VzLlNlYXJjaE5lYXJieRACGAQgAA,ChIJb4zkYi4jDTkRjD0jSHYVZio
Pearl Realtor,general_contractor,point_of_interest|general_contractor|service|establishment,098182 85494,https://www.pearlrealtor.in/,"Ground Floor, 2915, Sushant Lok Phase 3, Sushant Lok III Extension, Sector 57, Gurugram, Haryana 122003, India",5,5,OPERATIONAL,https://maps.google.com/?cid=13620207883660581716&g_mp=Cilnb29nbGUubWFwcy5wbGFjZXMudjEuUGxhY2VzLlNlYXJjaE5lYXJieRACGAQgAA,ChIJmz6dy_cjDTkRVFuQQOiyBL0
Peteazy,veterinary_care,veterinary_care|pet_boarding_service|pet_store|pet_care|health|point_of_interest|store|service|establishment,089015 09125,http://www.peteazy.in/,"2913, Ashiyana Floors Basement, Sushant Lok Phase 3, Sushant Lok 2, Sector 57, Gurugram, Haryana 122011, India",4.8,444,OPERATIONAL,https://maps.google.com/?cid=11883322364929053392&g_mp=Cilnb29nbGUubWFwcy5wbGFjZXMudjEuUGxhY2VzLlNlYXJjaE5lYXJieRACGAQgAA,ChIJ5yo0qgkiDTkR0BIN-boK6qQ
Karmel International School,school,school|educational_institution|point_of_interest|establishment,088825 04762,https://www.karmelinternational.org/,"near sushant Lok 2, Sushant Lok Phase 3, Sushant Lok 2, Sector 57, Gurugram, Haryana 122011, India",,,OPERATIONAL,https://maps.google.com/?cid=6033203512235788489&g_mp=Cilnb29nbGUubWFwcy5wbGFjZXMudjEuUGxhY2VzLlNlYXJjaE5lYXJieRACGAQgAA,ChIJQ25hnGUjDTkRyQh0DKE-ulM
G-268,apartment_building,apartment_building|point_of_interest|service|establishment,,,"2946, Sushant Lok Phase 3, Sushant Lok III, Sector 57, Gurugram, Haryana 122011, India",,,OPERATIONAL,https://maps.google.com/?cid=9520570029480782726&g_mp=Cilnb29nbGUubWFwcy5wbGFjZXMudjEuUGxhY2VzLlNlYXJjaE5lYXJieRACGAQgAA,ChIJHfARYgAjDTkRhqtu6v_bH4Q
WALIA’S,housing_complex,housing_complex|point_of_interest|service|establishment,,,"2905, Sector 57 Rd, Block G, Block B1, Sector 57, Gurugram, Haryana 122011, India",,,OPERATIONAL,https://maps.google.com/?cid=1484663687703343681&g_mp=Cilnb29nbGUubWFwcy5wbGFjZXMudjEuUGxhY2VzLlNlYXJjaE5lYXJieRACGAQgAA,ChIJKyfWLQAjDTkRQbJ6BMKVmhQ