name,primary_type,mobile,website,address,rating,reviews,maps_url
"DLF CyberHub (Gurugram, Haryana)",business_center,9599400502,https://www.dlfcyberhub.com/,"Ground Floor, Building, 10C, DLF Cyber City, DLF Phase 2, Sector 24, Gurugram, Haryana 122002, India",4.7,77704,https://maps.google.com/?cid=3397972214007736897&g_mp=Cilnb29nbGUubWFwcy5wbGFjZXMudjEuUGxhY2VzLlNlYXJjaE5lYXJieRACGAQgAA
Pathkind Labs,medical_clinic,9513445417,https://nearby.pathkindlabs.com/pathkind-labs-sector-18-gurugram-28574/home?utm_source=GMB,"Plot No 55-56, Phase IV, Udyog Vihar, Sector 18, Gurugram, Haryana 122015, India",4.8,6196,https://maps.google.com/?cid=7931440721018313346&g_mp=Cilnb29nbGUubWFwcy5wbGFjZXMudjEuUGxhY2VzLlNlYXJjaE5lYXJieRACGAQgAA
Roots - Cafe in the Park,cafe,9971134920,https://redcedarhospitality.com/,"Leisure Valley Rd, Near Rajiv Gandhi Park, Sector 29, Gurugram, Haryana 122009, India",4.3,6126,https://maps.google.com/?cid=18202590629100659353&g_mp=Cilnb29nbGUubWFwcy5wbGFjZXMudjEuUGxhY2VzLlNlYXJjaE5lYXJieRACGAQgAA
Jockey Exclusive Store,clothing_store,7292000024,https://stores.jockey.in/jockey-exclusive-store-sector-24-gurugram-28645/home,"Shop No 107, BLOCK-F, Ambience Mall, Ambience Island, DLF Phase 3, Sector 24, Gurugram, Haryana 122010, India",4.9,4969,https://maps.google.com/?cid=13620778839524668947&g_mp=Cilnb29nbGUubWFwcy5wbGFjZXMudjEuUGxhY2VzLlNlYXJjaE5lYXJieRACGAQgAA
Hamleys,toy_store,9619204451,https://stores.hamleys.in/hamleys-the-finest-toy-shop-in-the-world-amb-gurg-delhi-toy-shop-nathupur-gurugram-300862/Home?utm_source=locator&utm_medium=googleplaces,"Unit No F128D, 1st Floor, Ambience Mall, Ambience Island, DLF Phase 3, Nathupur, Gurugram, Haryana 122001, India",4.5,4053,https://maps.google.com/?cid=18148679915801973067&g_mp=Cilnb29nbGUubWFwcy5wbGFjZXMudjEuUGxhY2VzLlNlYXJjaE5lYXJieRACGAQgAA
Spar Hypermarket,hypermarket,8867791886,https://www.sparindia.com/en/?utm_source=GBL&utm_medium=organic,"Metro Station, MGF Metropolis Mall, Mehrauli-Gurgaon Rd, near Lower Ground, Sector 28, Maruti Housing Colony, Gurugram, Haryana 122009, India",4.2,3800,https://maps.google.com/?cid=8071595933369217833&g_mp=Cilnb29nbGUubWFwcy5wbGFjZXMudjEuUGxhY2VzLlNlYXJjaE5lYXJieRACGAQgAA
Unified Mentor,,6283800330,https://unifiedmentor.com/,"WeWork DLF Forum, Cyber City, DLF Phase 3, Sector 24, Gurugram, Haryana 122010, India",4.5,3787,https://maps.google.com/?cid=12453878442385951308&g_mp=Cilnb29nbGUubWFwcy5wbGFjZXMudjEuUGxhY2VzLlNlYXJjaE5lYXJieRACGAQgAA
AMPM Cafe & Bar,cafe,9717780594,http://brighthospitality.in/am-pm.php,"DLF, R-003, Galleria Market, DLF Phase IV, Gurugram, Haryana 122002, India",4.2,3620,https://maps.google.com/?cid=18268670139697074469&g_mp=Cilnb29nbGUubWFwcy5wbGFjZXMudjEuUGxhY2VzLlNlYXJjaE5lYXJieRACGAQgAA
Shree Om Food Plaza,north_indian_restaurant,9871496475,,"93, The National Media Centre, Sector 24, Gurugram, Haryana 122002, India",3.7,3191,https://maps.google.com/?cid=6319023909024058117&g_mp=Cilnb29nbGUubWFwcy5wbGFjZXMudjEuUGxhY2VzLlNlYXJjaE5lYXJieRACGAQgAA
Apple Products Repair Center,service,9654338915,http://www.appleproductsrepaircenter.in/,"Shop No 102,metro pillar No 61, 2nd Floor, Ganganiya Complex, near Sikanderpur Road, Block H, DLF Phase 1, Sector 26, Gurugram, Haryana 122002, India",4.8,2412,https://maps.google.com/?cid=2774634410117819496&g_mp=Cilnb29nbGUubWFwcy5wbGFjZXMudjEuUGxhY2VzLlNlYXJjaE5lYXJieRACGAQgAA
Saltstayz Premier,hotel,8800027657,https://saltstayz.com/hotels/gurgaon/saltstayz-premier-galleria-market-and-sector-27,"Plot no 200 P, Sector 27, Gurugram, Haryana 122009, India",4.8,2125,https://maps.google.com/?cid=1628512630843833247&g_mp=Cilnb29nbGUubWFwcy5wbGFjZXMudjEuUGxhY2VzLlNlYXJjaE5lYXJieRACGAQgAA
ReSet by plan B - sector 29,lounge_bar,9990933556,,"Plot No-6, Leisure Valley Rd, near NRCTC Office, Sector 29, Gurugram, Haryana 122002, India",4.5,2069,https://maps.google.com/?cid=5822045676630651539&g_mp=Cilnb29nbGUubWFwcy5wbGFjZXMudjEuUGxhY2VzLlNlYXJjaE5lYXJieRACGAQgAA
Saltstayz Express - Golf Course Road & DLF Phase-1,hotel,9599199605,,"Plot No. 75, Metro, Global, Foyer Mall, Golf Crse Rd, near DLF Phase-1, Sector 28, Chakkarpur, Gurugram, Haryana 122002, India",4.7,2007,https://maps.google.com/?cid=16920317736509926552&g_mp=Cilnb29nbGUubWFwcy5wbGFjZXMudjEuUGxhY2VzLlNlYXJjaE5lYXJieRACGAQgAA
Club Riviera by FNP Venues,wedding_venue,7827812345,https://www.fnpvenues.com/wedding-venues-gurgaon/club-riviera/,"NH - 8, Golf Dr, behind the leela Hotel Ambience, DLF Phase 3, Sector 24, Gurugram, Haryana 122010, India",4.5,1998,https://maps.google.com/?cid=11325007856856792892&g_mp=Cilnb29nbGUubWFwcy5wbGFjZXMudjEuUGxhY2VzLlNlYXJjaE5lYXJieRACGAQgAA
Bluorng,clothing_store,9266866296,https://bluorng.com/,"F-149, Ambience Island, DLF Phase 3, Sector 24, Gurugram, Haryana 122010, India",4.9,1931,https://maps.google.com/?cid=13826573618021880508&g_mp=Cilnb29nbGUubWFwcy5wbGFjZXMudjEuUGxhY2VzLlNlYXJjaE5lYXJieRACGAQgAA
The Pasta Bowl Company,italian_restaurant,9971970077,http://www.thepastabowlcompany.com/,"2nd Floor, Crosspoint Mall, Sector 28, DLF Phase IV, Gurugram, Haryana 122009, India",4.4,1689,https://maps.google.com/?cid=17604618042406961897&g_mp=Cilnb29nbGUubWFwcy5wbGFjZXMudjEuUGxhY2VzLlNlYXJjaE5lYXJieRACGAQgAA
Titan World,store,8062914012,https://www.titan.co.in/stores?storeId=TAGH,"Nathupur, Shop No 108, First Floor, Ambience Mall Island, near Chaayos Store, Ambience Island, DLF Phase 3, Sector 24, Gurugram, Haryana 122002, India",4.7,1663,https://maps.google.com/?cid=10794203043257889444&g_mp=Cilnb29nbGUubWFwcy5wbGFjZXMudjEuUGxhY2VzLlNlYXJjaE5lYXJieRACGAQgAA
"La La Land Brew Pub, Gurgaon",pub,8010950000,,"1st Floor, Global Foyer Mall, Golf Course Rd, Sector 43, Gurugram, Haryana 122009, India",4.3,1482,https://maps.google.com/?cid=10603665172913337137&g_mp=Cilnb29nbGUubWFwcy5wbGFjZXMudjEuUGxhY2VzLlNlYXJjaE5lYXJieRACGAQgAA
O2PRO,health,9577200200,https://o2procare.com/,"Plot no. 859, Udyog Vihar Phase V Rd, Phase V, Udyog Vihar, Sector 19, Gurugram, Haryana 122016, India",4.7,1477,https://maps.google.com/?cid=14616627638422089959&g_mp=Cilnb29nbGUubWFwcy5wbGFjZXMudjEuUGxhY2VzLlNlYXJjaE5lYXJieRACGAQgAA
Jockey Exclusive Store,clothing_store,7840009702,https://stores.jockey.in/jockey-exclusive-store-sarhol-gurugram-44934/home?utm_source=GMB,"First Floor, MGF Metropolitan Mall, FC 0104, Mehrauli-Gurgaon Rd, DLF Phase 2, Sector 25, Sarhol, Gurugram, Haryana 122009, India",4.9,1463,https://maps.google.com/?cid=713564408631784906&g_mp=Cilnb29nbGUubWFwcy5wbGFjZXMudjEuUGxhY2VzLlNlYXJjaE5lYXJieRACGAQgAA
MyChoize - Self Drive Car Rentals in Gurgaon,car_rental,9512341234,https://www.mychoize.com/self-drive-car-rentals-delhi?utm_source=google_maps&utm_campaign=maps_listing,"Plot No 12, near Munjals Shobha Maruti Indl. Area, Udyog Vihar, Sector 18, Sarhol, Gurugram, Haryana 122015, India",4.7,1387,https://maps.google.com/?cid=10797259946491878474&g_mp=Cilnb29nbGUubWFwcy5wbGFjZXMudjEuUGxhY2VzLlNlYXJjaE5lYXJieRACGAQgAA
World Laparoscopy Hospital,medical_clinic,9811416838,https://www.laparoscopyhospital.com/,"F3VR+RJC Cyber City, X23, DLF Cyber City, DLF Phase 2, Sector 24, Gurugram, Delhi, Haryana 122002, India",4.9,1264,https://maps.google.com/?cid=6582454305793765801&g_mp=Cilnb29nbGUubWFwcy5wbGFjZXMudjEuUGxhY2VzLlNlYXJjaE5lYXJieRACGAQgAA
"Apple Premium Reseller - Aptronix - Ambience Mall, Gurgaon",cell_phone_store,8044953812,https://www.aptronixindia.com/,"Ground Floor, Ambience Mall NH 48, Ambience Island, DLF Phase 3, Sector 24, Gurugram, Haryana 122010, India",4.3,1165,https://maps.google.com/?cid=13968637622105855701&g_mp=Cilnb29nbGUubWFwcy5wbGFjZXMudjEuUGxhY2VzLlNlYXJjaE5lYXJieRACGAQgAA
PEHLE CHAI,restaurant,7428908282,http://www.pehlechai.com/,"PLOT NO 728, SHOP NO 1, GROUND FLOOR, SANTOSH PLAZA, 2 & 3, Sushant Lok Phase I, Sector 27, Gurugram, Haryana 122001, India",4.3,1146,https://maps.google.com/?cid=1745921224197083909&g_mp=Cilnb29nbGUubWFwcy5wbGFjZXMudjEuUGxhY2VzLlNlYXJjaE5lYXJieRACGAQgAA
"Lime Tree Hotel Sushant Lok Gurgaon at IFFCO Metro close to Leisure Valley , Sector 29",hotel,9667079001,https://www.limetreehotels.com/sushant-lok-hotel-in-gurgaon/,"A-587, Sushant Lok Phase-1 Sector -28, Gurgaon, Block A, Sushant Lok Phase I, Sector 43, Delhi NCR, Gurugram, Haryana 122009, India",4.5,1136,https://maps.google.com/?cid=12158555094538136318&g_mp=Cilnb29nbGUubWFwcy5wbGFjZXMudjEuUGxhY2VzLlNlYXJjaE5lYXJieRACGAQgAA
Saltstayz Premier,hotel,8800012701,https://saltstayz.com/hotels/gurgaon/saltstayz-premier-golf-course-road-and-sector-42,"Plot No. 780, Golf Crse Rd, Sector 42, Gurugram, Haryana 122009, India",4.8,1085,https://maps.google.com/?cid=6612247606630129903&g_mp=Cilnb29nbGUubWFwcy5wbGFjZXMudjEuUGxhY2VzLlNlYXJjaE5lYXJieRACGAQgAA
"UNIQLO DLF Cyberhub, Gurugram",clothing_store,9220709309,https://www.uniqlo.com/in/en/,"Ground Floor, Tower A, Tower C, DLF Cyber City, DLF Phase 2, Sector 24, Gurugram, Haryana 122002, India",4.2,1070,https://maps.google.com/?cid=9934885292880284939&g_mp=Cilnb29nbGUubWFwcy5wbGFjZXMudjEuUGxhY2VzLlNlYXJjaE5lYXJieRACGAQgAA
"DLF Downtown, Gurugram",corporate_office,8800596532,https://www.dlf.in/offices/gurugram/dlf-downtown,"NH 48, Sector 25A, Ambience Island, DLF Phase 3, Sector 24, Gurugram, Haryana 122002, India",4.6,1056,https://maps.google.com/?cid=12035621163677493133&g_mp=Cilnb29nbGUubWFwcy5wbGFjZXMudjEuUGxhY2VzLlNlYXJjaE5lYXJieRACGAQgAA
24x7 Pest Control Gurugram(Gurgaon),service,9810034344,http://www.24x7pestcontrol.co.in/,"686, Ground Floor, Saraswati Vihar, Oppt. Sahara Mall, Sector 28, Sushant Lok Phase I, Gurugram, Haryana 122009, India",4.4,1034,https://maps.google.com/?cid=1078049198519058897&g_mp=Cilnb29nbGUubWFwcy5wbGFjZXMudjEuUGxhY2VzLlNlYXJjaE5lYXJieRACGAQgAA
Fig at MG,cafe,8447102226,https://www.instagram.com/figatmgroad/,"Ground Floor, TOWER-A, Global Gateway Towers, Unit 1, Mehrauli-Gurgaon Rd, Sikanderpur, Sector 26, Gurugram, Haryana 122002, India",4.4,1028,https://maps.google.com/?cid=128419131791281617&g_mp=Cilnb29nbGUubWFwcy5wbGFjZXMudjEuUGxhY2VzLlNlYXJjaE5lYXJieRACGAQgAA
"Cashify Mobile Phone Store & Repair Shop | Sushant Lok, Gurugram",cell_phone_store,7314851285,https://www.cashify.in/sell-old-mobile-phone?__utmrg=gmbsellpage&utm_source=google&utm_medium=my_business_listing&utm_campaign=gmbsellpage&utm_term=gmblisting&utm_content=gmbsell,"GF 133, Sushant Vyapar Kendra market, Block C, Sushant Lok Phase I, Sector 43, Gurugram, Haryana 122009, India",4.7,1024,https://maps.google.com/?cid=6500882468508869091&g_mp=Cilnb29nbGUubWFwcy5wbGFjZXMudjEuUGxhY2VzLlNlYXJjaE5lYXJieRACGAQgAA
The Aldott Boutique Hotel,hotel,9811013689,http://www.thealdott.com/,"81, Moulsari Ave, DLF Phase 3, Sector 24, Gurugram, Haryana 122002, India",4.5,1023,https://maps.google.com/?cid=16258023425846428993&g_mp=Cilnb29nbGUubWFwcy5wbGFjZXMudjEuUGxhY2VzLlNlYXJjaE5lYXJieRACGAQgAA
HostBooks Limited,service,9152343434,https://www.hostbooks.com/,"1st Floor, Nimai Tower, 412-415, Phase IV, Udyog Vihar, Sector 18, Gurugram, Haryana 122015, India",4.5,970,https://maps.google.com/?cid=11084054655467534438&g_mp=Cilnb29nbGUubWFwcy5wbGFjZXMudjEuUGxhY2VzLlNlYXJjaE5lYXJieRACGAQgAA
Pour and Palate | Coffee and Cuisine,cafe,8527888903,https://pourandpalate.com/,"1st Floor, B-65, opposite Vipul Square, Sushant Lok Phase I, Sector 43, Gurugram, Haryana 122002, India",4.8,925,https://maps.google.com/?cid=12964690226623013793&g_mp=Cilnb29nbGUubWFwcy5wbGFjZXMudjEuUGxhY2VzLlNlYXJjaE5lYXJieRACGAQgAA
STORY Club and Lounge,association_or_organization,9654245577,https://www.instagram.com/storyclubgurgaon/,"The Westin, 1, Mehrauli-Gurgaon Rd, Sector 29, Gurugram, New Delhi, Haryana 122009, India",4.3,820,https://maps.google.com/?cid=14071336953442378773&g_mp=Cilnb29nbGUubWFwcy5wbGFjZXMudjEuUGxhY2VzLlNlYXJjaE5lYXJieRACGAQgAA
Ahuja Residency DLF Phase-II,guest_house,9289097564,https://ahujaresidences.com/hotels/ahuja-residency-dlf-phase-2/?utm_source=Google&utm_medium=GMB,"N3/36, DLF Phase 2, Sector 25, Gurugram, Haryana 122002, India",4.6,807,https://maps.google.com/?cid=15229236252904847984&g_mp=Cilnb29nbGUubWFwcy5wbGFjZXMudjEuUGxhY2VzLlNlYXJjaE5lYXJieRACGAQgAA
LG Best Shop - Mahadev Electronics,,9312653662,https://www.lg.com/in?utm_source=google&utm_medium=gmb,"Mahadev Electronics, F9/13A, DLF Phase 1, Golf Course Rd, Block F, DLF Phase 1, Sector 26A, Gurugram, Haryana 122002, India",4.7,743,https://maps.google.com/?cid=11818470983888899809&g_mp=Cilnb29nbGUubWFwcy5wbGFjZXMudjEuUGxhY2VzLlNlYXJjaE5lYXJieRACGAQgAA
KFC,restaurant,7942726339,https://restaurants.kfc.co.in/kfc-kfc-arjangarh-metro-restaurants-arjangarh-new-delhi-327221/Home?utm_source=locator&utm_medium=googleplaces,"Shop No 1 Metro Station Gate No 2, Arjan Garh, Aya Nagar, New Delhi, Delhi 110047, India",4.8,741,https://maps.google.com/?cid=11528819486501381528&g_mp=Cilnb29nbGUubWFwcy5wbGFjZXMudjEuUGxhY2VzLlNlYXJjaE5lYXJieRACGAQgAA
The Body Shop,cosmetics_store,9513443828,https://stores.thebodyshop.in/the-body-shop-cosmetics-store-nh-8-gurugram-257988/Home?utm_source=locator&utm_medium=googleplaces,"SN 18, Ground Floor, NH-8, near Toll Plaza, Ambience Island, DLF Phase 3, Sector 24, Gurugram, Haryana 122010, India",4.4,722,https://maps.google.com/?cid=2029590403053477815&g_mp=Cilnb29nbGUubWFwcy5wbGFjZXMudjEuUGxhY2VzLlNlYXJjaE5lYXJieRACGAQgAA
Limited Edt,shoe_store,9990115399,https://limitededt.in/,"Ambiance Mall, G-017, near DLF Phase 3, Ambience Island, DLF Phase 3, Sector 24, Gurugram, Haryana 122010, India",4.9,680,https://maps.google.com/?cid=11941108690179328911&g_mp=Cilnb29nbGUubWFwcy5wbGFjZXMudjEuUGxhY2VzLlNlYXJjaE5lYXJieRACGAQgAA
BharatPe,corporate_office,8882555444,https://bharatpe.com/,"7th Floor, Tower C, DLF Cyber City, DLF Phase 2, Sector 24, Gurugram, Haryana 122002, India",2.4,660,https://maps.google.com/?cid=2639463733132939505&g_mp=Cilnb29nbGUubWFwcy5wbGFjZXMudjEuUGxhY2VzLlNlYXJjaE5lYXJieRACGAQgAA
Anytime Fitness,gym,9090109050,https://www.anytimefitness.com/en-in/locations/gurugram-haryana-in-1018,"2nd floor, Bestech Centre Point, A Block, Sushant Lok Phase I, Sector 43, Gurugram, Haryana 122002, India",4.5,617,https://maps.google.com/?cid=8147010200627815212&g_mp=Cilnb29nbGUubWFwcy5wbGFjZXMudjEuUGxhY2VzLlNlYXJjaE5lYXJieRACGAQgAA
Mahindra United Automobiles,car_dealer,7428980166,https://www.unitedautomobiles.com/,"No. 1000, Metro Station Arjan Garh, opposite side Pillar no. 188, next to Arjan Garh, Arjan Garh, Aya Nagar, New Delhi, Delhi 110047, India",4.9,610,https://maps.google.com/?cid=9268697310656767938&g_mp=Cilnb29nbGUubWFwcy5wbGFjZXMudjEuUGxhY2VzLlNlYXJjaE5lYXJieRACGAQgAA
Daksh Automobile : Car Service | Car Repair | Car Rubbing & Polishing | Car Wash | Dlf Gurgaon,car_repair,9711141471,https://biz-map-showcase.lovable.app/,"Shri Ram Market, new flyover, near Garden Estate, Sikanderpur, Nathupur, Sector 24, Gurugram, Haryana 122010, India",4.7,579,https://maps.google.com/?cid=5665248546002028267&g_mp=Cilnb29nbGUubWFwcy5wbGFjZXMudjEuUGxhY2VzLlNlYXJjaE5lYXJieRACGAQgAA
Tavisha Villa Golf Course Road MG road Gurgaon,guest_house,9999393158,http://www.tavishahotels.com/,"18, H-34 Rd, Block H, DLF Phase 1, Sector 26, Gurugram, Haryana 122002, India",4,543,https://maps.google.com/?cid=17582597063564712555&g_mp=Cilnb29nbGUubWFwcy5wbGFjZXMudjEuUGxhY2VzLlNlYXJjaE5lYXJieRACGAQgAA
The Gynae Clinic Dr Anjali Kumar,doctor,9810781931,,"C-1081A Sushant Lok Phase -1 Near Vyapar Kendra Market Behind Safal Mother Dairy Back Side Lane, Block C2, DLF Garden Villas, Sector 43, Gurugram, Haryana 122009, India",4.7,535,https://maps.google.com/?cid=10036329511853070810&g_mp=Cilnb29nbGUubWFwcy5wbGFjZXMudjEuUGxhY2VzLlNlYXJjaE5lYXJieRACGAQgAA
"Mercedes-Benz, T&T Motors, Gurugram Showroom",car_dealer,7400025000,https://mercedes-benz-india-locator.com/franchise-partner/mercedes-benz-t-t-motors-gurugram-showroom-mercedes-benz-dealer-golf-course-road-gurugram-564152/Home?utm_source=locator&utm_medium=googleplaces,"Unit No. G1, Global Foyer Mall, Golf Course Rd, Sector 43, Gurugram, Haryana 122002, India",4.2,534,https://maps.google.com/?cid=9120976059506127375&g_mp=Cilnb29nbGUubWFwcy5wbGFjZXMudjEuUGxhY2VzLlNlYXJjaE5lYXJieRACGAQgAA
Dr. Deepika Aggarwal,doctor,9810327133,https://drdeepikaaggarwal.com/,"A8 / 108, SAHARA GRACE CONDOMINIUM, Mehrauli-Gurgaon Rd, behind Sahara Mall, Sector 28, Chakkarpur, Gurugram, Haryana 122002, India",4.9,531,https://maps.google.com/?cid=1745081279145564786&g_mp=Cilnb29nbGUubWFwcy5wbGFjZXMudjEuUGxhY2VzLlNlYXJjaE5lYXJieRACGAQgAA
Effingut Brewpub Gurugram - India's most loved craft brew pub,brewery,9211455592,https://effingut.com/shop/,"2nd Floor, Golf Avenue 42, Golf Course Rd, Sector 42, Gurugram, Haryana 122009, India",4.4,522,https://maps.google.com/?cid=12960651888924109387&g_mp=Cilnb29nbGUubWFwcy5wbGFjZXMudjEuUGxhY2VzLlNlYXJjaE5lYXJieRACGAQgAA
Apple MacBook Repair Center,,9311237716,http://applerepairingcenter.com/,"Office - S 36, 23, Faridabad - Gurgaon Rd, Sikanderpur, DLF Phase 1, Gurugram, Haryana 122001, India",4.8,505,https://maps.google.com/?cid=10773256899257614038&g_mp=Cilnb29nbGUubWFwcy5wbGFjZXMudjEuUGxhY2VzLlNlYXJjaE5lYXJieRACGAQgAA
"Dr Gargi Taneja, MD Dermatology (AIIMS)",doctor,9220503194,https://drgargis.com/,"102 A, Basement, Arjun Marg, Golf Crse Rd, DLF Phase 1, Sector 26A, Gurugram, Haryana 122002, India",4.8,497,https://maps.google.com/?cid=4630070522404838766&g_mp=Cilnb29nbGUubWFwcy5wbGFjZXMudjEuUGxhY2VzLlNlYXJjaE5lYXJieRACGAQgAA
RYBA -Turkish & Middle Eastern Kitchen,turkish_restaurant,9810543308,https://www.instagram.com/ryba.gurgaon/,"204, 2nd floor, Crosspoint Mall, Sector 28, DLF Phase IV, Gurugram, Haryana 122009, India",4.6,486,https://maps.google.com/?cid=11673415144395522255&g_mp=Cilnb29nbGUubWFwcy5wbGFjZXMudjEuUGxhY2VzLlNlYXJjaE5lYXJieRACGAQgAA
Blue heaven therapy at Homes,massage,9382989566,https://www.blueheaventherapyathomes.in/,"Sector 28, Chakkarpur, Sector 43, Gurugram, Haryana 122009, India",5,472,https://maps.google.com/?cid=7905553861131978807&g_mp=Cilnb29nbGUubWFwcy5wbGFjZXMudjEuUGxhY2VzLlNlYXJjaE5lYXJieRACGAQgAA
Burger Singh | Sushant Lok | Gurugram,fast_food_restaurant,8767121212,https://burgersinghonline.com/,"Shop UG-8, District Centre Point Building, Sushant Lok 1 Rd, Phase 1, Block A, Sushant Lok Phase I, Sector 43, Gurugram, Haryana 122009, India",4,455,https://maps.google.com/?cid=17839890704102748836&g_mp=Cilnb29nbGUubWFwcy5wbGFjZXMudjEuUGxhY2VzLlNlYXJjaE5lYXJieRACGAQgAA
Lets Laundry,laundry,9911059059,,"26, Galli No. 15, U Block, DLF Phase 3, Sector 24, Gurugram, Haryana 122002, India",4.4,450,https://maps.google.com/?cid=1951337755555448267&g_mp=Cilnb29nbGUubWFwcy5wbGFjZXMudjEuUGxhY2VzLlNlYXJjaE5lYXJieRACGAQgAA
Dr Tapasya Juneja Kapoor,dentist,9810825259,http://drtapasya.com/,"Tapasya Kapoor Dental Clinic 20, Dr, B - 9, DLF Phase 1, Sector 26A, Gurugram, Haryana 122002, India",5,443,https://maps.google.com/?cid=14132991700538210383&g_mp=Cilnb29nbGUubWFwcy5wbGFjZXMudjEuUGxhY2VzLlNlYXJjaE5lYXJieRACGAQgAA
Draavin Canteen,south_indian_restaurant,9220635151,https://www.draavincanteen.com/,"Draavin Canteen, Ground Floor 01, DLF Downtown 2, Ambience Island, DLF Phase 3, Sector 24, Gurugram, Haryana 122002, India",4.7,440,https://maps.google.com/?cid=713221448470713844&g_mp=Cilnb29nbGUubWFwcy5wbGFjZXMudjEuUGxhY2VzLlNlYXJjaE5lYXJieRACGAQgAA
KOCA,restaurant,8448184111,https://kocaofficial.com/,"SCO4-7, Golf Avenue 42, Golf Course Rd, Sector 42, Gurugram, Haryana 122009, India",4.4,438,https://maps.google.com/?cid=2299398458542547363&g_mp=Cilnb29nbGUubWFwcy5wbGFjZXMudjEuUGxhY2VzLlNlYXJjaE5lYXJieRACGAQgAA
Coffee Island | HQ27,coffee_shop,8882151799,http://www.coffeeisland.in/,"HQ27 661, @, B Block Dr, Sushant Lok Phase I, Sector 43, Gurugram, Haryana 122009, India",4.8,437,https://maps.google.com/?cid=16070148152172232090&g_mp=Cilnb29nbGUubWFwcy5wbGFjZXMudjEuUGxhY2VzLlNlYXJjaE5lYXJieRACGAQgAA
Dr Pankaj Verma,doctor,7231031111,http://www.drpankajverma.in/,"G-49, Antara Care, Gulmohar Marg, Mushedpur, DLF Phase 2, Sector 25, Gurugram, Haryana 122002, India",4.9,430,https://maps.google.com/?cid=560461277437901282&g_mp=Cilnb29nbGUubWFwcy5wbGFjZXMudjEuUGxhY2VzLlNlYXJjaE5lYXJieRACGAQgAA
Homedoc,medical_clinic,8851432687,https://www.homedoc.in/,"Whitecoats clinic Physician/Dentist/ENT/Physio/Max blood test/ECG), plot no 372/ P, Golf Crse Rd, above Whitecoats clinic, Sector 42, Gurugram, Haryana 122009, India",4.9,420,https://maps.google.com/?cid=6363521895568150290&g_mp=Cilnb29nbGUubWFwcy5wbGFjZXMudjEuUGxhY2VzLlNlYXJjaE5lYXJieRACGAQgAA
Shree Shirdi Sai Baba Mandir,hindu_temple,9999572949,,"Moulsari Ave, Near City Club, DLF Phase 3, Sector 24, Gurugram, Haryana 122002, India",4.7,404,https://maps.google.com/?cid=15071074643230559480&g_mp=Cilnb29nbGUubWFwcy5wbGFjZXMudjEuUGxhY2VzLlNlYXJjaE5lYXJieRACGAQgAA
Prego,italian_restaurant,7290013903,http://www.westingurgaon.com/dining-prego,"The Westin, 1, Mehrauli-Gurgaon Rd, Sector 29, Gurugram, New Delhi, Haryana 122002, India",4.2,403,https://maps.google.com/?cid=15525967865706641838&g_mp=Cilnb29nbGUubWFwcy5wbGFjZXMudjEuUGxhY2VzLlNlYXJjaE5lYXJieRACGAQgAA
Siris 18,hotel,9818007965,,"18, Siris Rd, DLF Phase 3, Sector 24, Gurugram, Haryana 122002, India",3.9,398,https://maps.google.com/?cid=13936441789979429255&g_mp=Cilnb29nbGUubWFwcy5wbGFjZXMudjEuUGxhY2VzLlNlYXJjaE5lYXJieRACGAQgAA
Rawls Salon,beauty_salon,9870430081,https://www.rawls.co.in/,"Plot no. 102-A, Arjun Marg, Phase -1, Urban estate, Golf Crse Rd, Block C, Sector 26A, Gurugram, Haryana 122002, India",4.9,385,https://maps.google.com/?cid=10248822959926275269&g_mp=Cilnb29nbGUubWFwcy5wbGFjZXMudjEuUGxhY2VzLlNlYXJjaE5lYXJieRACGAQgAA
One Impression,service,9311124148,http://www.oneimpression.io/,"RMZ Infinity Park, Sector 18, Gurugram, Haryana 122015, India",4.3,376,https://maps.google.com/?cid=14349101119855059055&g_mp=Cilnb29nbGUubWFwcy5wbGFjZXMudjEuUGxhY2VzLlNlYXJjaE5lYXJieRACGAQgAA
Diya - The Leela Ambience Gurugram,restaurant,9717596088,https://www.theleela.com/the-leela-ambience-gurugram-hotel-residences/restaurants/diya?utm_source=GMBlisting&utm_medium=organic&utm_campaign=gbp-leela-ambience-hotel-residences-gurugram-diya&utm_content=restaurant-website-click,"The Leela Ambience, 8, National Highway, Ambience Island, DLF Phase 3, Sector 24, Gurugram, Haryana 122010, India",4.4,367,https://maps.google.com/?cid=376657340641269920&g_mp=Cilnb29nbGUubWFwcy5wbGFjZXMudjEuUGxhY2VzLlNlYXJjaE5lYXJieRACGAQgAA
Kaze Living,grocery_store,9568372538,https://kazeliving.com/,"21B, Sector 18, Gurugram, Haryana 122015, India",3.6,359,https://maps.google.com/?cid=14718474998049987660&g_mp=Cilnb29nbGUubWFwcy5wbGFjZXMudjEuUGxhY2VzLlNlYXJjaE5lYXJieRACGAQgAA
Ursa Skin Clinic,doctor,7447407557,https://ursaskin.com/,"193, Hamilton Ct Rd, Sector 27, Gurugram, Haryana 122009, India",4.8,357,https://maps.google.com/?cid=5617689018576175377&g_mp=Cilnb29nbGUubWFwcy5wbGFjZXMudjEuUGxhY2VzLlNlYXJjaE5lYXJieRACGAQgAA
Torq Rides - MG Road,service,9560198483,https://www.torqrides.com/,"Basement 2, Pillar No. 5, MGF Metropolis Mall, Metro Station, next to DLF City Centre, next to Mehrauli-Gurgaon Road, Sector 28, Maruti Housing Colony, Gurugram, Haryana 122009, India",4.9,357,https://maps.google.com/?cid=6448174781484551582&g_mp=Cilnb29nbGUubWFwcy5wbGFjZXMudjEuUGxhY2VzLlNlYXJjaE5lYXJieRACGAQgAA
Enkay Residency V Block,lodging,9667984441,http://www.enkayresidency.com/,"V-39/18 & 19, DLF Phase 3, Sector 24, Gurugram, Haryana 122010, India",4.2,353,https://maps.google.com/?cid=14663836967261945784&g_mp=Cilnb29nbGUubWFwcy5wbGFjZXMudjEuUGxhY2VzLlNlYXJjaE5lYXJieRACGAQgAA
Jawed Habib Hair Studio - DLF Phase I,hair_salon,9205094432,,"Shop No. 2, Silver Oaks Society, opp. Qutub Plaza, G Block, DLF Phase 1, Sector 26, Gurugram, Haryana 122002, India",4.8,340,https://maps.google.com/?cid=5403554665741659182&g_mp=Cilnb29nbGUubWFwcy5wbGFjZXMudjEuUGxhY2VzLlNlYXJjaE5lYXJieRACGAQgAA
Passport makers,,9968875644,https://passportmakers.com/,"shop no 1, mahender singh compound, near PSK, Sector 18, Gurugram, haryana, Haryana 122001, India",4.9,337,https://maps.google.com/?cid=12287180745857050734&g_mp=Cilnb29nbGUubWFwcy5wbGFjZXMudjEuUGxhY2VzLlNlYXJjaE5lYXJieRACGAQgAA
EEST,restaurant,7290013904,https://www.marriott.com/hotels/hotel-information/restaurant/details/delwi-the-westin-gurgaon-new-delhi/5968748/,"First floor, The Westin, 1, Mehrauli-Gurgaon Rd, above lobby level, Sector 29, Gurugram, New Delhi, Haryana 122002, India",4.3,328,https://maps.google.com/?cid=16219208140577068349&g_mp=Cilnb29nbGUubWFwcy5wbGFjZXMudjEuUGxhY2VzLlNlYXJjaE5lYXJieRACGAQgAA
Headlocks Luxury Salon,beauty_salon,8826836444,https://headlocksluxurysalon.com/,"F9/13A, Golf Course Rd, Block F, DLF Phase 1, Sector 26A, Gurugram, Haryana 122002, India",4.6,324,https://maps.google.com/?cid=10781337835545371262&g_mp=Cilnb29nbGUubWFwcy5wbGFjZXMudjEuUGxhY2VzLlNlYXJjaE5lYXJieRACGAQgAA
Rynox Exclusive Store - Delhi,sporting_goods_store,9717744139,,"Shop No - 203/01, Ground Floor, Situated at MG Road Aya Nagar crossing, Arjan Garh, Aya Nagar, Delhi, New Delhi, Delhi 110047, India",4.8,321,https://maps.google.com/?cid=4605613888538399128&g_mp=Cilnb29nbGUubWFwcy5wbGFjZXMudjEuUGxhY2VzLlNlYXJjaE5lYXJieRACGAQgAA
Memories by Barkha,service,8595419756,http://www.memoriesbybarkha.com/,"Plot 605, near The Aralias, Sector 42, Gurugram, Haryana 122009, India",4.9,319,https://maps.google.com/?cid=2343316604634089821&g_mp=Cilnb29nbGUubWFwcy5wbGFjZXMudjEuUGxhY2VzLlNlYXJjaE5lYXJieRACGAQgAA
The Woodbury,hotel,9999071320,http://thewoodbury.in/,"1, Kusum Marg, G Block, DLF Phase 1, Sector 26, Gurugram, Haryana 122002, India",4.5,319,https://maps.google.com/?cid=12687338478839678924&g_mp=Cilnb29nbGUubWFwcy5wbGFjZXMudjEuUGxhY2VzLlNlYXJjaE5lYXJieRACGAQgAA
Dietician Archana Batra's Clinic,consultant,9971886474,https://www.dtarchanabatra.com/,"House No. 97 (Lower Ground Floor, Power Grid Township Block-C2, Block C2, Sushant Lok Phase I, Sector 43, Gurugram, Haryana 122009, India",4.9,301,https://maps.google.com/?cid=13834171548811595710&g_mp=Cilnb29nbGUubWFwcy5wbGFjZXMudjEuUGxhY2VzLlNlYXJjaE5lYXJieRACGAQgAA
Craft and Glory,manufacturer,8826192277,https://craftandglory.in/,"BUILDING NO. 20, Phase IV, Udyog Vihar, Sector 18, Gurugram, Haryana 122015, India",4.1,295,https://maps.google.com/?cid=12703546476308810022&g_mp=Cilnb29nbGUubWFwcy5wbGFjZXMudjEuUGxhY2VzLlNlYXJjaE5lYXJieRACGAQgAA
Koaster BYOB,bar_and_grill,9990905917,,"Peepal Chowk, Phase V, Udyog Vihar, Sector 19, Gurugram, Haryana 122016, India",3.9,293,https://maps.google.com/?cid=8545062311095087583&g_mp=Cilnb29nbGUubWFwcy5wbGFjZXMudjEuUGxhY2VzLlNlYXJjaE5lYXJieRACGAQgAA
Dr Mukesh Nandal - Gastroenterologist and hepatologist in Gurgaon | Liver Care | Endoscopy Centre,doctor,9599729737,https://drmukeshnandal.com/,"Narayana Superspeciality Hospital, DLF Phase 3, Sector 24, Gurugram, Haryana 122010, India",4.9,291,https://maps.google.com/?cid=8935839492522483190&g_mp=Cilnb29nbGUubWFwcy5wbGFjZXMudjEuUGxhY2VzLlNlYXJjaE5lYXJieRACGAQgAA
Empire,bar,9015756778,https://www.socialgoat.in/nightlife/Delhi-NCR/outlet/Suburbia-The-Empire-MGF-Metropolitan-Mall,"Mehrauli-Gurgaon Rd, DLF Phase 2, Sector 25, Gurugram, Haryana 122009, India",3.9,289,https://maps.google.com/?cid=8100147574535301581&g_mp=Cilnb29nbGUubWFwcy5wbGFjZXMudjEuUGxhY2VzLlNlYXJjaE5lYXJieRACGAQgAA
FabHotel Rivlet Residency,hotel,7042424242,https://www.fabhotels.com/hotels-in-gurgaon/fabhotel-rivlet-premium-iii.html?utm_source=GMB&utm_medium=organic&utm_campaign=GMB_Traffic,"37, Siris Rd, T Block, DLF Phase 3, Sector 24, Gurugram, Haryana 122002, India",4.6,287,https://maps.google.com/?cid=17243364627167371360&g_mp=Cilnb29nbGUubWFwcy5wbGFjZXMudjEuUGxhY2VzLlNlYXJjaE5lYXJieRACGAQgAA
Uma Sanjeevani Health Centre And Hospital,general_hospital,9810476125,https://www.umasanjeevani.in/,"1, Dakshin Marg, DLF Phase 2, Sector 25, Gurugram, Sarhol, Haryana 122002, India",3.7,279,https://maps.google.com/?cid=15605427507362295835&g_mp=Cilnb29nbGUubWFwcy5wbGFjZXMudjEuUGxhY2VzLlNlYXJjaE5lYXJieRACGAQgAA
MISO,korean_restaurant,9958813906,,"Unit 201D, Second Floor, Global Foyer Mall, Golf Course Rd, Sector 43, Gurugram, Haryana 122009, India",4.3,275,https://maps.google.com/?cid=9446178771227511533&g_mp=Cilnb29nbGUubWFwcy5wbGFjZXMudjEuUGxhY2VzLlNlYXJjaE5lYXJieRACGAQgAA
John Key Maker,locksmith,8587931658,https://john-key-maker.grexa.site/,"Shop No. 1003, Rp 2 Roads, Man Gate, Hamilton Ct Rd, Sector 28, DLF Phase IV, Gurugram, Haryana 122009, India",4.9,270,https://maps.google.com/?cid=8132634494041548436&g_mp=Cilnb29nbGUubWFwcy5wbGFjZXMudjEuUGxhY2VzLlNlYXJjaE5lYXJieRACGAQgAA
"SPEECHKART | Gurugram | Best speech therapy for child & adults, language, swallow & voice therapy",health,9812505123,http://speechkart.com/,"House no:- 754, near Excelsior American School, Block C2, DLF Garden Villas, Sector 43, Gurugram, Haryana 122009, India",5,266,https://maps.google.com/?cid=12321256855286257496&g_mp=Cilnb29nbGUubWFwcy5wbGFjZXMudjEuUGxhY2VzLlNlYXJjaE5lYXJieRACGAQgAA
Perch Service Apartment - MG Road,lodging,8448444240,https://www.theperch.in/properties/perch-service-apartment-mg-road,"A-603, Block A, Sushant Lok Phase I, Sector 43, Gurugram, Haryana 122002, India",4.7,266,https://maps.google.com/?cid=5498924732262242745&g_mp=Cilnb29nbGUubWFwcy5wbGFjZXMudjEuUGxhY2VzLlNlYXJjaE5lYXJieRACGAQgAA
"Bedchambers Serviced Apartments, DLF Cybercity Gurgaon",lodging,8588888655,https://bedchambers.in/Apartments/bedchambers-serviced-apartments-dlf-cybercity-gurgaon/,"V40, 1, DLF Phase 3, Sector 24, Gurugram, Haryana 122002, India",4.9,265,https://maps.google.com/?cid=4838707718266024628&g_mp=Cilnb29nbGUubWFwcy5wbGFjZXMudjEuUGxhY2VzLlNlYXJjaE5lYXJieRACGAQgAA
Dust Reta- Building Material Supplier in Gurgoan,,9216471647,http://dustreta.com/,"NH148A Nearest, metro station, Sikanderpur, Nathupur, Sector 24, Gurugram, Haryana 122002, India",5,263,https://maps.google.com/?cid=10783136052647876406&g_mp=Cilnb29nbGUubWFwcy5wbGFjZXMudjEuUGxhY2VzLlNlYXJjaE5lYXJieRACGAQgAA
Dr Amit Bhasin,doctor,8527336665,http://priveclinic.in/,"Prive Skin Clinic, 6101, near Super Mart 1, DLF Phase IV, Sector 27, Gurugram, Haryana 122009, India",4.7,253,https://maps.google.com/?cid=14661609642063733588&g_mp=Cilnb29nbGUubWFwcy5wbGFjZXMudjEuUGxhY2VzLlNlYXJjaE5lYXJieRACGAQgAA
Bosch Car Service - Qutab Auto,car_repair,9811605656,https://www.qutabauto.in/,"Khasra No. 458, Part 2, Bosch Qutab Auto, Galleria Market, Road, Sector 28, DLF City IV, Gurugram, Haryana 122009, India",4.7,251,https://maps.google.com/?cid=8561068420871538892&g_mp=Cilnb29nbGUubWFwcy5wbGFjZXMudjEuUGxhY2VzLlNlYXJjaE5lYXJieRACGAQgAA
Dr. Teena Singh,doctor,9818547588,https://drteenasinghfamilytreepolyclinic.getmy.clinic/?utm_source=gmb&utm_medium=web&utm_campaign=tu,"B, Family tree polyclinic, 526b, Sushant Lok Rd, phase 1, Sector 43, Gurugram, Haryana 122009, India",4.9,247,https://maps.google.com/?cid=3479891454036059776&g_mp=Cilnb29nbGUubWFwcy5wbGFjZXMudjEuUGxhY2VzLlNlYXJjaE5lYXJieRACGAQgAA
Gurugram Bakery,cake_shop,9971219608,,"637, Sector 28, Maruti Housing Colony, Gurugram, Haryana 122002, India",4.9,247,https://maps.google.com/?cid=7323026642162519076&g_mp=Cilnb29nbGUubWFwcy5wbGFjZXMudjEuUGxhY2VzLlNlYXJjaE5lYXJieRACGAQgAA
Veekay Clinic,doctor,9999636026,http://www.veekayclinic.com/,"5, J-5, DLF Phase 2, Sector 25, Gurugram, Haryana 122002, India",4.6,247,https://maps.google.com/?cid=17896231947877341530&g_mp=Cilnb29nbGUubWFwcy5wbGFjZXMudjEuUGxhY2VzLlNlYXJjaE5lYXJieRACGAQgAA
"Alpha Indoor Games | Cricket Bowling Machine, Table Tennis & Pool.",indoor_playground,7905539603,,"754, Sector 42 Main Rd, Sector 42, Gurugram, Haryana 122009, India",5,242,https://maps.google.com/?cid=10283951209412696580&g_mp=Cilnb29nbGUubWFwcy5wbGFjZXMudjEuUGxhY2VzLlNlYXJjaE5lYXJieRACGAQgAA
"Value Wellness Clinic – Laser, Skin & Hair Clinic in Gurgaon",wellness_center,7377737309,http://valuewellness.in/,"B-11/1, Ashoka Cresent Marg, DLF Phase 1, Sector 26A, Gurugram, Haryana 122002, India",4.3,237,https://maps.google.com/?cid=1589179337137559362&g_mp=Cilnb29nbGUubWFwcy5wbGFjZXMudjEuUGxhY2VzLlNlYXJjaE5lYXJieRACGAQgAA
Dr Shivani Deswal,doctor,9873395362,https://www.childgastrolivercarebydrshivanideswal.com/,"Narayana Superspeciality Hospital, DLF Phase 3, Sector 24, Gurugram, Haryana 122010, India",4.9,236,https://maps.google.com/?cid=7986204646254216826&g_mp=Cilnb29nbGUubWFwcy5wbGFjZXMudjEuUGxhY2VzLlNlYXJjaE5lYXJieRACGAQgAA
QuickDocs,consultant,9999002343,,"91SpringBoard, Plot, 90B, Udyog Vihar, Sector 18, Gurugram, Haryana 122015, India",4.8,230,https://maps.google.com/?cid=17814649697482685489&g_mp=Cilnb29nbGUubWFwcy5wbGFjZXMudjEuUGxhY2VzLlNlYXJjaE5lYXJieRACGAQgAA
"Nova IVF Fertility Center Gurugram - Best IVF Centre in Gurgaon, Haryana",doctor,8044474652,https://www.novaivffertility.com/ivf-centre/delhi-ncr/fertility-clinic-gurugram?utm_source=GMB&utm_medium=organic,"Plot No 522, near Supermarket, Sector 27, Gurugram, Haryana 122009, India",4.7,228,https://maps.google.com/?cid=6100269582711150529&g_mp=Cilnb29nbGUubWFwcy5wbGFjZXMudjEuUGxhY2VzLlNlYXJjaE5lYXJieRACGAQgAA
Travel N Time,travel_agency,9811208099,http://www.travelntime.com/,"LG-25, Mega Mall, A Block, DLF Phase 1, Gurugram, Haryana 122002, India",4.8,228,https://maps.google.com/?cid=17513527715170255138&g_mp=Cilnb29nbGUubWFwcy5wbGFjZXMudjEuUGxhY2VzLlNlYXJjaE5lYXJieRACGAQgAA
Eternal Oasis Gurugram,cultural_center,7982883571,https://www.eternaloasis.org/,"Landmark, Eternal Oasis, 591A, Sector 42 Main Rd, opposite Shiv Nadar School, Sector 42, Gurugram, Haryana 122002, India",4.5,226,https://maps.google.com/?cid=13016546619902040687&g_mp=Cilnb29nbGUubWFwcy5wbGFjZXMudjEuUGxhY2VzLlNlYXJjaE5lYXJieRACGAQgAA
Essel Prime (Essel Tower Club),association_or_organization,9911114258,http://www.siyaevent.com/,"229, Indian Airlines Pilots Society, Sushant Lok Phase I, Gurugram, Haryana 122009, India",4.1,226,https://maps.google.com/?cid=16709182036653269725&g_mp=Cilnb29nbGUubWFwcy5wbGFjZXMudjEuUGxhY2VzLlNlYXJjaE5lYXJieRACGAQgAA
Goodyear Autocare - Lohia Tyre World,tire_shop,8071370726,https://autocare.goodyear.co.in/goodyear-autocare-lohia-tyre-world-tyre-shop-sector-24-gurugram-338878/Home?utm_source=locator&utm_medium=googleplaces,"Ground Floor, Mehrauli-Gurgaon Rd, beside Pahalwan Dhaba, Nathupur, Sector 24, Gurugram, Haryana 122002, India",4.8,222,https://maps.google.com/?cid=1449055789573525754&g_mp=Cilnb29nbGUubWFwcy5wbGFjZXMudjEuUGxhY2VzLlNlYXJjaE5lYXJieRACGAQgAA
Medview Diagnostics,medical_clinic,7217768678,http://www.medviewdiagnostics.in/,"153, Akashneem Marg, Mushedpur, DLF Phase 2, Sector 25, Gurugram, Haryana 122002, India",4.9,220,https://maps.google.com/?cid=11683200384166940036&g_mp=Cilnb29nbGUubWFwcy5wbGFjZXMudjEuUGxhY2VzLlNlYXJjaE5lYXJieRACGAQgAA
NS.ONE DELHI,store,8742904179,http://www.nsone.in/,"Mehrauli-Gurgaon Rd, opposite pillar no 190, near Metro Station Arjan Garh, Arjan Garh, Aya Nagar, New Delhi, Delhi 110047, India",4.3,219,https://maps.google.com/?cid=15191504017442765281&g_mp=Cilnb29nbGUubWFwcy5wbGFjZXMudjEuUGxhY2VzLlNlYXJjaE5lYXJieRACGAQgAA
Vaibhav Garg - Sports Performance Nutritionist & Metabolic Disorders Expert,consultant,9818467654,http://www.vaibhavgarg.com/,"697-P, Golf Course Rd, Sector 42, Gurugram, Haryana 122009, India",4.9,207,https://maps.google.com/?cid=17749628548113244947&g_mp=Cilnb29nbGUubWFwcy5wbGFjZXMudjEuUGxhY2VzLlNlYXJjaE5lYXJieRACGAQgAA
Hotel Gracia Golf by SAAVI Hotel,hotel,7290006494,http://saavihotels.com/,"545, Off, Golf Course Rd, Sector 43, Gurugram, Haryana 122002, India",3.8,204,https://maps.google.com/?cid=2467949711724443147&g_mp=Cilnb29nbGUubWFwcy5wbGFjZXMudjEuUGxhY2VzLlNlYXJjaE5lYXJieRACGAQgAA
Balaji Store,supermarket,8860466640,,"Vakil market, Chanderlok, DLF City IV, Gurugram, Haryana 122002, India",4.4,199,https://maps.google.com/?cid=5504128005369874923&g_mp=Cilnb29nbGUubWFwcy5wbGFjZXMudjEuUGxhY2VzLlNlYXJjaE5lYXJieRACGAQgAA
Fun Station golf course road,cafe,9871864446,,"Golf Course Road, Block F4, 1, Block F, DLF Phase 1, Sector 26A, Gurugram, Haryana 122002, India",3.9,194,https://maps.google.com/?cid=7087056372276358930&g_mp=Cilnb29nbGUubWFwcy5wbGFjZXMudjEuUGxhY2VzLlNlYXJjaE5lYXJieRACGAQgAA
Moksa,wholesaler,9910493746,https://www.moksa.in/,"LG-15, Lower Ground, Mega Mall, Golf Course Rd, Sector 28, DLF Phase 1, Gurugram, Haryana 122002, India",4.9,194,https://maps.google.com/?cid=13253682285681082662&g_mp=Cilnb29nbGUubWFwcy5wbGFjZXMudjEuUGxhY2VzLlNlYXJjaE5lYXJieRACGAQgAA
Freedo- Corporate Office,service,9599819940,https://freedo.rentals/,"47, Phase IV, Udyog Vihar, Sector 18, Gurugram, Haryana 122015, India",4.6,194,https://maps.google.com/?cid=5925893632736499070&g_mp=Cilnb29nbGUubWFwcy5wbGFjZXMudjEuUGxhY2VzLlNlYXJjaE5lYXJieRACGAQgAA
Green Chick Chop,butcher_shop,9717333001,https://greenchickchopindia.com/,"Shop no 2,MG Road, 100m from Air Force Station, Arjan Garh, Aya Nagar, New Delhi, Delhi 110047, India",4,192,https://maps.google.com/?cid=6788551894988555727&g_mp=Cilnb29nbGUubWFwcy5wbGFjZXMudjEuUGxhY2VzLlNlYXJjaE5lYXJieRACGAQgAA
Drapesy,store,9810756545,http://www.drapesy.com/,"Pillar No. 191, Metro Station, Plot No. 9, Mehrauli-Gurgaon Rd, near Arjangarh, Arjan Garh, Aya Nagar, New Delhi, Delhi 110047, India",4.9,184,https://maps.google.com/?cid=17115803667059886278&g_mp=Cilnb29nbGUubWFwcy5wbGFjZXMudjEuUGxhY2VzLlNlYXJjaE5lYXJieRACGAQgAA
"Chai Point - Narayana Hospital, Gurugram",cafe,8880141000,https://shop.chaipoint.com/?utm_source=gmb&utm_medium=organic&utm_campaign=sulekhapromanage-chai-point,"No 3201, Narayana Hospital, Ground Floor Block V, DLF Phase - III, Nathupur, Sector 24, Gurugram, Haryana 122010, India",4.8,184,https://maps.google.com/?cid=2362160453426684230&g_mp=Cilnb29nbGUubWFwcy5wbGFjZXMudjEuUGxhY2VzLlNlYXJjaE5lYXJieRACGAQgAA
"Alive Wellness Clinics - Shahpur, Gurugram",wellness_center,9717425333,https://branches.alivewellnessclinics.com/alivewellness-shahpur-gurugram/aws06/category,"3, Jacaranda Marg, near DLF Square, Building, DLF Phase 2, Sector 25, Gurugram, Haryana 122002, India",4.3,182,https://maps.google.com/?cid=7041602127534783474&g_mp=Cilnb29nbGUubWFwcy5wbGFjZXMudjEuUGxhY2VzLlNlYXJjaE5lYXJieRACGAQgAA
Kochartech,corporate_office,9877098771,https://www.kochartech.com/,"76-B, Phase IV, Udyog Vihar, Sector 18, Gurugram, Haryana 122015, India",4.6,182,https://maps.google.com/?cid=16958903153725853871&g_mp=Cilnb29nbGUubWFwcy5wbGFjZXMudjEuUGxhY2VzLlNlYXJjaE5lYXJieRACGAQgAA
Roy Imaging,electronics_store,9650038840,https://royimaging.com/,"A7/94 Phase 5, Near Mother Mary School, Aya Nagar, Phase 5, Aya Nagar Extension, Aya Nagar, New Delhi, Delhi 110047, India",4.9,180,https://maps.google.com/?cid=18284793922360704547&g_mp=Cilnb29nbGUubWFwcy5wbGFjZXMudjEuUGxhY2VzLlNlYXJjaE5lYXJieRACGAQgAA
Red Hot Café,restaurant,9811837421,,"UG-1, Centre Point Mall, Sushant Lok Phase I, UG 1, near IFCCO Metro Station, Sector 28, Sushant Lok Phase I, Sector 43, Gurugram, Haryana 122009, India",4,179,https://maps.google.com/?cid=225329197280517838&g_mp=Cilnb29nbGUubWFwcy5wbGFjZXMudjEuUGxhY2VzLlNlYXJjaE5lYXJieRACGAQgAA
Zolo Breeze Co-Living | Redefining PG,service,8880108010,https://zolostays.com/pg-hostel-near-DLF-Phase-3-in-Gurugram-for-couple-Zolo-Breeze-ZGG007,"Khasra No. 342, Near, T29, 10 Road, opposite Hanuman Mandir, Nathupur, Sector 24, Gurugram, Haryana 122002, India",3.9,178,https://maps.google.com/?cid=9260091132718659558&g_mp=Cilnb29nbGUubWFwcy5wbGFjZXMudjEuUGxhY2VzLlNlYXJjaE5lYXJieRACGAQgAA
Pragya Pizza Express,food_court,6200359350,,"NH8, DLF Phase 2, Sector 18, Shahpur, Gurugram, Haryana 122015, India",5,177,https://maps.google.com/?cid=1720003481886901133&g_mp=Cilnb29nbGUubWFwcy5wbGFjZXMudjEuUGxhY2VzLlNlYXJjaE5lYXJieRACGAQgAA
Om Sai Cricket Academy,athletic_field,8178254415,,"near by Yadav farm house, Rajokri Village, Rajokri, New Delhi, Delhi 110038, India",4,174,https://maps.google.com/?cid=12395030102047258081&g_mp=Cilnb29nbGUubWFwcy5wbGFjZXMudjEuUGxhY2VzLlNlYXJjaE5lYXJieRACGAQgAA
Preface Institute,,9999488897,https://prefaceinstitute.com/,"525, J Near Camellias Apartments, Sector 42, Gurugram, Haryana 122002, India",5,172,https://maps.google.com/?cid=16214640238034790190&g_mp=Cilnb29nbGUubWFwcy5wbGFjZXMudjEuUGxhY2VzLlNlYXJjaE5lYXJieRACGAQgAA
Shree krishna taxi service,taxi_service,9717173982,,"REGENCY PARK-2, EWS-027, near Galleria Market, near Supermart-1, DLF Phase IV, Gurugram, Haryana 122002, India",5,171,https://maps.google.com/?cid=3902456291282701136&g_mp=Cilnb29nbGUubWFwcy5wbGFjZXMudjEuUGxhY2VzLlNlYXJjaE5lYXJieRACGAQgAA
Modern Zen Spa & Lounge | Premium Spa,spa,9821400437,https://modernzenspa.com/,"6101, 2nd Floor, near super Mart 1, opposite Tower-R, DLF Phase IV, Gurugram, Haryana 122009, India",4.8,170,https://maps.google.com/?cid=4805025183536657589&g_mp=Cilnb29nbGUubWFwcy5wbGFjZXMudjEuUGxhY2VzLlNlYXJjaE5lYXJieRACGAQgAA
Tranciscolabs | Mobile App Development Company | Web Development Company,service,9580174570,https://tranciscolabs.com/,"RGREP, Park, Leisure Valley Rd, Sector 29, Gurugram, Haryana 122009, India",4.4,168,https://maps.google.com/?cid=3181544507855758260&g_mp=Cilnb29nbGUubWFwcy5wbGFjZXMudjEuUGxhY2VzLlNlYXJjaE5lYXJieRACGAQgAA
AAFARIN- Pure afghan dry fruits,food_store,8130900116,https://www.aafarindryfruits.com/,"LG FLOOR, Ambience Mall, inside SMART BAZAAR, Ambience Island, DLF Phase 3, Sector 24, Gurugram, Haryana 122001, India",5,168,https://maps.google.com/?cid=13443096407132274932&g_mp=Cilnb29nbGUubWFwcy5wbGFjZXMudjEuUGxhY2VzLlNlYXJjaE5lYXJieRACGAQgAA
Restin Hotel - Golf Course Road & DLF Phase I,hotel,9953505741,,"Plot No 124, Sector 27, Gurugram, Haryana 122009, India",5,164,https://maps.google.com/?cid=2906854345149860876&g_mp=Cilnb29nbGUubWFwcy5wbGFjZXMudjEuUGxhY2VzLlNlYXJjaE5lYXJieRACGAQgAA
Purpose Spa,massage_spa,9289646492,https://www.purposespa.com/,"UPPER GROUND FLOOR, MGF Metropolis Mall, near Lifestyle Stores, Sector 28, Maruti Housing Colony, Gurugram, Haryana 122009, India",4.7,163,https://maps.google.com/?cid=18060931671441458659&g_mp=Cilnb29nbGUubWFwcy5wbGFjZXMudjEuUGxhY2VzLlNlYXJjaE5lYXJieRACGAQgAA
7DaysNatural,manufacturer,8800007761,https://7daysnatural.in/,"Plot No. 394, Electronic City, Phase IV, Udyog Vihar, Sector 18, Gurugram, Haryana 122015, India",4.8,163,https://maps.google.com/?cid=10990108189064025784&g_mp=Cilnb29nbGUubWFwcy5wbGFjZXMudjEuUGxhY2VzLlNlYXJjaE5lYXJieRACGAQgAA
Almost Spa,spa,8287723261,https://almostspagurgaon.blogspot.com/,"Shop No.120, 1st Floor, Supermart 1, DLF Phase-4, Sector-43, Gurugram, Haryana 122003, India",4.7,159,https://maps.google.com/?cid=2002297410475664949&g_mp=Cilnb29nbGUubWFwcy5wbGFjZXMudjEuUGxhY2VzLlNlYXJjaE5lYXJieRACGAQgAA
DLF THRIVE,wellness_center,8448285864,https://dlfthrive.com/,"Block A, First Floor, DLF Cyber Park, Phase III, Udyog Vihar, Sector 20, Gurugram, Haryana 122016, India",4.7,159,https://maps.google.com/?cid=1213598513586335791&g_mp=Cilnb29nbGUubWFwcy5wbGFjZXMudjEuUGxhY2VzLlNlYXJjaE5lYXJieRACGAQgAA
EVO CNG | EVO AUTOGAS SYSTEMS PVT LTD,car_repair,9313418433,http://www.evoautogas.com/,"1, Mehrauli-Gurgaon Rd, Nathupur, Sector 24, Gurugram, Haryana 122002, India",4,157,https://maps.google.com/?cid=12292987776579451648&g_mp=Cilnb29nbGUubWFwcy5wbGFjZXMudjEuUGxhY2VzLlNlYXJjaE5lYXJieRACGAQgAA
"Dee Emm Hyundai Service Centre - Udyog Vihar, Gurgaon",car_dealer,9319736501,https://www.hyundai.com/in/en/click-to-buy/find-a-dealer-and-website.html,"317, Phase II, Udyog Vihar, Sector 20, Gurugram, Haryana 122016, India",4.9,157,https://maps.google.com/?cid=14523895134424671612&g_mp=Cilnb29nbGUubWFwcy5wbGFjZXMudjEuUGxhY2VzLlNlYXJjaE5lYXJieRACGAQgAA
Bed & Oats,bed_and_breakfast,9773770290,,"34, G - 19 Rd, G Block, DLF Phase 1, Sector 26, Gurugram, Haryana 122002, India",4.4,154,https://maps.google.com/?cid=11304528446602394781&g_mp=Cilnb29nbGUubWFwcy5wbGFjZXMudjEuUGxhY2VzLlNlYXJjaE5lYXJieRACGAQgAA
Fume Coworking Gurugram,coworking_space,8383874274,http://www.fumecoworking.in/,"Plot- 76-D, Phase IV, Udyog Vihar, Sector 18, Gurugram, Haryana 122015, India",4.5,153,https://maps.google.com/?cid=12804166651249412614&g_mp=Cilnb29nbGUubWFwcy5wbGFjZXMudjEuUGxhY2VzLlNlYXJjaE5lYXJieRACGAQgAA
Attitude The Family Salon,beauty_salon,9871315646,https://www.instagram.com/attitudesalongurgaon?igsh=MXg0MW1rY3I5MWdiZw==,"132 and 142 ground floor, Vyapar Kendra Rd, Block C, Sushant Lok Phase I, Sector 43, Gurugram, Haryana 122009, India",4.3,152,https://maps.google.com/?cid=3237066556046853649&g_mp=Cilnb29nbGUubWFwcy5wbGFjZXMudjEuUGxhY2VzLlNlYXJjaE5lYXJieRACGAQgAA
TrainingYA,,7303066379,https://www.trainingya.com/,"0117, Second Floor, Purvi Marg Opposite Building 5 Cybercity Below Phase II -Rapid Metro Station on Main Raod, DLF Phase 2, Sector 25, Gurugram, Haryana 122002, India",4.7,152,https://maps.google.com/?cid=13839353878734094244&g_mp=Cilnb29nbGUubWFwcy5wbGFjZXMudjEuUGxhY2VzLlNlYXJjaE5lYXJieRACGAQgAA
BrownBricks Apartments,lodging,9555034206,,"30, V-20, DLF Phase 3, Sector 24, Gurugram, Haryana 122010, India",4.6,152,https://maps.google.com/?cid=13839298595074884350&g_mp=Cilnb29nbGUubWFwcy5wbGFjZXMudjEuUGxhY2VzLlNlYXJjaE5lYXJieRACGAQgAA
Mama Da Dhaba,indian_restaurant,9968356886,,"Phase V, Udyog Vihar, Sector 19, Gurugram, Haryana 122016, India",4.1,152,https://maps.google.com/?cid=11137089458498549806&g_mp=Cilnb29nbGUubWFwcy5wbGFjZXMudjEuUGxhY2VzLlNlYXJjaE5lYXJieRACGAQgAA
Nix Advisory | Chartered Accountants,consultant,9953194161,https://www.nixadvisory.com/,"S 19, 18, Siris Rd, DLF Phase 3, Sector 24, Gurugram, Haryana 122010, India",4.9,151,https://maps.google.com/?cid=14673221964489539629&g_mp=Cilnb29nbGUubWFwcy5wbGFjZXMudjEuUGxhY2VzLlNlYXJjaE5lYXJieRACGAQgAA
Kshm,corporate_office,7827270004,https://shopkshm.com/,"Plot No- 334, Udyog Vihar Phase 4 Rd, Phase III, Udyog Vihar, Sector 19, Gurugram, Haryana 122015, India",4.8,151,https://maps.google.com/?cid=17672549040868505372&g_mp=Cilnb29nbGUubWFwcy5wbGFjZXMudjEuUGxhY2VzLlNlYXJjaE5lYXJieRACGAQgAA
"COWRKS Gurgaon, DLF Cybercity Tower 10A",coworking_space,9538611122,https://www.cowrks.com/coworking-space-delhi-ncr/cybercity-sector24?utm_source=GMB&utm_medium=Organic&utm_campaign=GGN_DLF_CyberCity,"5th Floor Building no, 10 A, DLF Cyber City, DLF Phase 2, Sector 24, Gurugram, Haryana 122002, India",4.6,150,https://maps.google.com/?cid=11712912797258875430&g_mp=Cilnb29nbGUubWFwcy5wbGFjZXMudjEuUGxhY2VzLlNlYXJjaE5lYXJieRACGAQgAA
C.B.S. Akash Health Club,gym,9582261309,,"F3RX+R9X, नया मोहल्ला मार्ग, near primary school, CBS, नाथूपुर, सेक्टर २४, गुरुग्राम, हरियाणा 122002, India",3.9,149,https://maps.google.com/?cid=6793889674815729688&g_mp=Cilnb29nbGUubWFwcy5wbGFjZXMudjEuUGxhY2VzLlNlYXJjaE5lYXJieRACGAQgAA
"BlueStone Jewellery Ambience Mall, Gurugram Men And Kids",jewelry_store,8976693901,https://www.bluestone.com/,"F 141, Ambience Island, DLF Phase 3, Sector 24, Gurugram, Haryana 122010, India",4.9,149,https://maps.google.com/?cid=12326339577914117260&g_mp=Cilnb29nbGUubWFwcy5wbGFjZXMudjEuUGxhY2VzLlNlYXJjaE5lYXJieRACGAQgAA
JK Full Home Deep Cleaning Service,service,8250135473,https://jk-full-home-deep.grexa.site/,"2623, Sector 28, DLF Phase IV, Gurugram, Haryana 122002, India",4.8,148,https://maps.google.com/?cid=4861462553747405890&g_mp=Cilnb29nbGUubWFwcy5wbGFjZXMudjEuUGxhY2VzLlNlYXJjaE5lYXJieRACGAQgAA
Lata Enterprises,supplier,8062463185,https://www.lataenterprisesropurifiers.in/,"Shop No 194, Mishri Devi Complex, Sikanderpur Market, Sikanderpur, DLF Phase 1, Sector 26, Gurugram, Haryana 122002, India",4.9,148,https://maps.google.com/?cid=9148081191968196472&g_mp=Cilnb29nbGUubWFwcy5wbGFjZXMudjEuUGxhY2VzLlNlYXJjaE5lYXJieRACGAQgAA
Sugandha Salon & Academy,beauty_salon,9718500470,,"Bhardwaj Villa, 334p, near Maruti Suzuki Academy, Sector 28, Chakkarpur, Gurugram, Haryana 122002, India",4.8,146,https://maps.google.com/?cid=11565397326419005807&g_mp=Cilnb29nbGUubWFwcy5wbGFjZXMudjEuUGxhY2VzLlNlYXJjaE5lYXJieRACGAQgAA
X Live,night_club,8448444679,,"8th Floor, Global Foyer Mall, Sector 43, Gurugram, Haryana 122009, India",3.9,141,https://maps.google.com/?cid=832375885934522853&g_mp=Cilnb29nbGUubWFwcy5wbGFjZXMudjEuUGxhY2VzLlNlYXJjaE5lYXJieRACGAQgAA
"Dr. Lipika Rk Gupta’s Clinic | MBBS, MS General Surgery",doctor,8826267934,https://www.drlipikaclinic.com/,"house number 56 basement, Sector 28, Chakkarpur, Gurugram, Haryana 122002, India",4.9,138,https://maps.google.com/?cid=14324446042861549804&g_mp=Cilnb29nbGUubWFwcy5wbGFjZXMudjEuUGxhY2VzLlNlYXJjaE5lYXJieRACGAQgAA
Axiom Landbase Pvt Ltd,real_estate_agency,9999344441,http://www.axiomlandbase.in/,"Shop No.143 First Floor, Edmonton Mall The Bristol Hotel, Sector 28, DLF Phase 1, Gurugram, Haryana 122002, India",4.2,137,https://maps.google.com/?cid=11285572292608360673&g_mp=Cilnb29nbGUubWFwcy5wbGFjZXMudjEuUGxhY2VzLlNlYXJjaE5lYXJieRACGAQgAA
Antara Care Home,health,7314377609,https://old-age-homes.antaraseniorcare.com/care-homes/gurugram/dlf-phase-/antara-care-homes-in-dlf-phase-2-gurugram--5lNbAe/home,"49, Gulmohar Marg, opp. Airtel building, Mushedpur, DLF Phase 2, Sector 25, Gurugram, Haryana 122002, India",4.4,136,https://maps.google.com/?cid=9521333312496016000&g_mp=Cilnb29nbGUubWFwcy5wbGFjZXMudjEuUGxhY2VzLlNlYXJjaE5lYXJieRACGAQgAA
Prime Vacations,travel_agency,8287977251,http://primevacations.in/,"BJW, Plot No, 378-379, Electronic City, Phase IV, Udyog Vihar, Sector 19, Gurugram, Haryana 122015, India",4.5,136,https://maps.google.com/?cid=12490763541359204641&g_mp=Cilnb29nbGUubWFwcy5wbGFjZXMudjEuUGxhY2VzLlNlYXJjaE5lYXJieRACGAQgAA
Korner 27,bar,9205700432,https://www.facebook.com/bibulouslounge,"No 603, Hamilton Ct Rd, near Bestech Centre Point, Block A, Sushant Lok Phase I, Sector 43, Gurugram, Haryana 122009, India",4.5,135,https://maps.google.com/?cid=9287801543140058878&g_mp=Cilnb29nbGUubWFwcy5wbGFjZXMudjEuUGxhY2VzLlNlYXJjaE5lYXJieRACGAQgAA
Crave Design,car_repair,9911662275,,"Mehrauli-Gurgaon Rd, opp. Metro Pillar No 190, Arjan Garh, Aya Nagar, New Delhi, Delhi 110047, India",4.3,135,https://maps.google.com/?cid=8132558863294522463&g_mp=Cilnb29nbGUubWFwcy5wbGFjZXMudjEuUGxhY2VzLlNlYXJjaE5lYXJieRACGAQgAA
Harley's Ivory Lounge - Gurgaon,bakery,7396940777,https://www.harleys.com/,"76 C, Phase IV, Udyog Vihar, Sector 18, Gurugram, Haryana 122015, India",4.9,134,https://maps.google.com/?cid=1885947141153248516&g_mp=Cilnb29nbGUubWFwcy5wbGFjZXMudjEuUGxhY2VzLlNlYXJjaE5lYXJieRACGAQgAA
Car workshop,car_repair,9958585322,,"Shree Ram market, near by furniture market, DLF Phase 3, Sector 24, Gurugram, Haryana 122010, India",4.9,133,https://maps.google.com/?cid=11712297011432754456&g_mp=Cilnb29nbGUubWFwcy5wbGFjZXMudjEuUGxhY2VzLlNlYXJjaE5lYXJieRACGAQgAA
THE DHOL WALA,,9899880053,https://the-dhol-wala.grexa.site/,"Office No 12, DLF Phase 1, Sector 26, Gurugram, Haryana 122002, India",4.9,131,https://maps.google.com/?cid=12240438143162869250&g_mp=Cilnb29nbGUubWFwcy5wbGFjZXMudjEuUGxhY2VzLlNlYXJjaE5lYXJieRACGAQgAA
Excellence Table Tennis Academy,sports_club,9650430062,http://esaindia.in/,"Sector 28, Sushant Lok Phase I, Sector 43, Gurugram, Haryana 122002, India",4.8,130,https://maps.google.com/?cid=15560180206202778462&g_mp=Cilnb29nbGUubWFwcy5wbGFjZXMudjEuUGxhY2VzLlNlYXJjaE5lYXJieRACGAQgAA
not JUST paranthas,restaurant,9811636780,https://www.notjustparanthas.in/,"Hamilton Ct Rd, Sector 28, DLF City IV, Gurugram, Haryana 122009, India",4.5,129,https://maps.google.com/?cid=14076025624771521933&g_mp=Cilnb29nbGUubWFwcy5wbGFjZXMudjEuUGxhY2VzLlNlYXJjaE5lYXJieRACGAQgAA
Dr. Paithankar's Clinic,doctor,9479692613,https://gastroenterologistingurgaon.com/,"Ground floor, Unit no 394, Metro Station Iffco Chowk, near IFFCO Chowk, Sector 29, Gurugram, Haryana 122022, India",4.9,129,https://maps.google.com/?cid=2490858999557280132&g_mp=Cilnb29nbGUubWFwcy5wbGFjZXMudjEuUGxhY2VzLlNlYXJjaE5lYXJieRACGAQgAA
HENXS CAFE,cafe,9310723545,,"Building, 18,19, Street, no - 15, U Block, DLF Phase 3, Sector 24, Gurugram, Haryana 122002, India",4.8,129,https://maps.google.com/?cid=4124703520509674264&g_mp=Cilnb29nbGUubWFwcy5wbGFjZXMudjEuUGxhY2VzLlNlYXJjaE5lYXJieRACGAQgAA
Systumm Café,cafe,9650374445,https://instagram.com/systummcafe,"Road, near Hamilton Court Galleria Market, DLF Phase IV, Sector 27, Gurugram, Haryana 122009, India",4.8,127,https://maps.google.com/?cid=5692801181464623106&g_mp=Cilnb29nbGUubWFwcy5wbGFjZXMudjEuUGxhY2VzLlNlYXJjaE5lYXJieRACGAQgAA
School For European Pastry & Culinary Arts,,9833043063,https://sep.in.net/gurugram/,"784, Phase V, HSIIDC, Sector 19, Gurugram, Haryana 122016, India",5,127,https://maps.google.com/?cid=4513107325639872815&g_mp=Cilnb29nbGUubWFwcy5wbGFjZXMudjEuUGxhY2VzLlNlYXJjaE5lYXJieRACGAQgAA
astrology Vastu Numerology,astrologer,9653561556,,"196 P, near Jan Pratinidhi Apartments, Sector 28, Chakkarpur, Gurugram, Haryana 122002, India",4.8,126,https://maps.google.com/?cid=5175996831824168057&g_mp=Cilnb29nbGUubWFwcy5wbGFjZXMudjEuUGxhY2VzLlNlYXJjaE5lYXJieRACGAQgAA
Sound-Squirrel Studio,store,9810102801,http://sound-squirrel.com/,"Office No 5 & 6, First Floor 2640, Sushant Market, Sector 28, DLF Phase IV, Gurugram, Haryana 122002, India",4.5,125,https://maps.google.com/?cid=9057027336364161208&g_mp=Cilnb29nbGUubWFwcy5wbGFjZXMudjEuUGxhY2VzLlNlYXJjaE5lYXJieRACGAQgAA
The Cake Studio by Menakshi,bakery,9910489454,https://thecakestudiobymenakshi.com/,"Beverly Park-1, 608, Mehrauli-Gurgaon Rd, Sector 28, Sushant Lok Phase I, Gurugram, Haryana 122002, India",4.9,125,https://maps.google.com/?cid=481846792349986150&g_mp=Cilnb29nbGUubWFwcy5wbGFjZXMudjEuUGxhY2VzLlNlYXJjaE5lYXJieRACGAQgAA
O.P. Marbles,manufacturer,9810992638,http://www.opmarbles.com/,"Plot No. 31, Marble Market, 8, Mehrauli-Gurgaon Rd, opposite Metro Pillar No, Sikanderpur, Arjan Garh, Aya Nagar, Gurugram, Haryana 122002, India",4.8,125,https://maps.google.com/?cid=1097929095904150252&g_mp=Cilnb29nbGUubWFwcy5wbGFjZXMudjEuUGxhY2VzLlNlYXJjaE5lYXJieRACGAQgAA
Terrè,bar_and_grill,9718122700,http://terre.co.in/,"Terrè, Hamilton Ct Rd, near Bestech Centre Point, Block A, near IFFICO Metro Station, Sector 28, Sushant Lok Phase I, Sector 43, Gurugram, Haryana 122009, India",4.1,124,https://maps.google.com/?cid=7427866626214906869&g_mp=Cilnb29nbGUubWFwcy5wbGFjZXMudjEuUGxhY2VzLlNlYXJjaE5lYXJieRACGAQgAA
Arista Vault,corporate_office,9625561926,http://www.aristavault.com/,"Plot No. 76, D, First floor, Phase-4, Phase IV, Udyog Vihar, Sector 18, Gurugram, Haryana 122015, India",4.4,124,https://maps.google.com/?cid=7834178885426993732&g_mp=Cilnb29nbGUubWFwcy5wbGFjZXMudjEuUGxhY2VzLlNlYXJjaE5lYXJieRACGAQgAA
24 Seven Days,service,9990991120,https://24sevendays.com/,"S-31, LGF 13 & 14, DLF Phase 3, Sector 24, Gurugram, Haryana 122010, India",3.7,120,https://maps.google.com/?cid=10029140803784895187&g_mp=Cilnb29nbGUubWFwcy5wbGFjZXMudjEuUGxhY2VzLlNlYXJjaE5lYXJieRACGAQgAA
MYRA CAFE,fast_food_restaurant,9650027127,http://myracafe.com/?utm_source=gmb&utm_medium=referral,"Sewa Corporate Park, DLF Phase 2, Sector 25, Gurugram, Haryana 122002, India",4.8,119,https://maps.google.com/?cid=12599935626647080246&g_mp=Cilnb29nbGUubWFwcy5wbGFjZXMudjEuUGxhY2VzLlNlYXJjaE5lYXJieRACGAQgAA
The Kam Spa - Spa in MG Road,spa,8800002832,https://thekamspa.com/,"LG 30, DLF City, Centre Mall, Sector 28, Maruti Housing Colony, Gurugram, Haryana 122002, India",4.8,119,https://maps.google.com/?cid=11273813962317318213&g_mp=Cilnb29nbGUubWFwcy5wbGFjZXMudjEuUGxhY2VzLlNlYXJjaE5lYXJieRACGAQgAA
Super Placement Services,consultant,9818751559,http://www.superplacement.in/,"Gali no-1, Basai Enclave Part-1, Near Olive Garden Gurugram, Circle-2, U Block, DLF Phase 3, Sector 24, Gurugram, Haryana 122002, India",4.4,118,https://maps.google.com/?cid=7746826139796797271&g_mp=Cilnb29nbGUubWFwcy5wbGFjZXMudjEuUGxhY2VzLlNlYXJjaE5lYXJieRACGAQgAA
37 @ SIRIS ROAD,hotel,9810500332,http://www.37sirisroad.com/,"Block T, 37, Siris Rd, near City Club, T Block, DLF Phase 3, Sector 24, Gurugram, Haryana 122002, India",4.2,117,https://maps.google.com/?cid=6230928968931805709&g_mp=Cilnb29nbGUubWFwcy5wbGFjZXMudjEuUGxhY2VzLlNlYXJjaE5lYXJieRACGAQgAA
Gulmi Kitchen,restaurant,8851471661,,"V22/2, DLF Phase 3, Sector 24, Gurugram, Haryana 122010, India",4.8,117,https://maps.google.com/?cid=2959184079607447948&g_mp=Cilnb29nbGUubWFwcy5wbGFjZXMudjEuUGxhY2VzLlNlYXJjaE5lYXJieRACGAQgAA
Karma- A Unit of Lockup,restaurant,9582204219,,"F3MW+WC7, Mehrauli-Gurgaon Rd, Sikanderpur, Nathupur, Sector 24, Gurugram, Haryana 122002, India",3.8,116,https://maps.google.com/?cid=7926934873613503373&g_mp=Cilnb29nbGUubWFwcy5wbGFjZXMudjEuUGxhY2VzLlNlYXJjaE5lYXJieRACGAQgAA
The Audio Co.,electronics_store,9810502023,http://theaudio.co/,"Plot 41, Sector 42, Gurugram, Haryana 122009, India",5,115,https://maps.google.com/?cid=6235917237028135970&g_mp=Cilnb29nbGUubWFwcy5wbGFjZXMudjEuUGxhY2VzLlNlYXJjaE5lYXJieRACGAQgAA
Water Shield Solutions,service,9355389866,http://watershieldsolutions.com/?utm_source=gmb&utm_medium=referral,"Shop No. 12, Welding Market, 55-56, Road, near Rapid Metro Station, Sikanderpur, Sector 26, Gurugram, Haryana 122002, India",4.9,114,https://maps.google.com/?cid=17489306003064017241&g_mp=Cilnb29nbGUubWFwcy5wbGFjZXMudjEuUGxhY2VzLlNlYXJjaE5lYXJieRACGAQgAA
Pooja Salon & academy,beauty_salon,9910300084,http://www.poojamakeoversalon.com/,"S-24/1, near Neelkanth Hospital, DLF Phase 3, Sector 24, Gurugram, Haryana 122010, India",4.6,114,https://maps.google.com/?cid=1686477258375305336&g_mp=Cilnb29nbGUubWFwcy5wbGFjZXMudjEuUGxhY2VzLlNlYXJjaE5lYXJieRACGAQgAA
Kachori Kaka,restaurant,8826000547,https://oldschoolfoods.in/,"Street No. 69, U Block, DLF Phase 3, Sector 24, Gurugram, Haryana 122002, India",4.8,114,https://maps.google.com/?cid=15181974917113145164&g_mp=Cilnb29nbGUubWFwcy5wbGFjZXMudjEuUGxhY2VzLlNlYXJjaE5lYXJieRACGAQgAA
Elite Listen - Audiologist & Hearing Aid Clinic,store,8800792198,https://elitelisten.com/,"Ground Floor 84P, opp. Huda Water Works, Sector 43, Gurugram, Haryana 122002, India",5,113,https://maps.google.com/?cid=4454701759966306291&g_mp=Cilnb29nbGUubWFwcy5wbGFjZXMudjEuUGxhY2VzLlNlYXJjaE5lYXJieRACGAQgAA
Tryclean - The Healthy Dry Cleaners & Laundry Service,laundry,9711113500,http://www.tryclean.in/,"Shop No 1, 203, Mehrauli-Gurgaon Rd, opposite Metro Pillar No, Arjan Garh, Aya Nagar, New Delhi, Delhi 110047, India",4.8,113,https://maps.google.com/?cid=810753786930435955&g_mp=Cilnb29nbGUubWFwcy5wbGFjZXMudjEuUGxhY2VzLlNlYXJjaE5lYXJieRACGAQgAA
Orcadent - Best Dental Clinic in Gurgaon | | Root Canal | Implants | Laser Treatment | Aligners | Cosmetic Dentist,dentist,9870559065,https://orcadentindia.com/dentist-in-gurgaon/,"Orcadent V29/2, near DLF City, DLF Phase 3, CLub, Gurugram, Haryana 122010, India",5,113,https://maps.google.com/?cid=14000625962518480487&g_mp=Cilnb29nbGUubWFwcy5wbGFjZXMudjEuUGxhY2VzLlNlYXJjaE5lYXJieRACGAQgAA
RAMAN COMPUTER,,9910314034,,"A1/3 basement, Qutab Plz Rd, DLF Phase 1, Sector 26, Gurugram, Haryana 122002, India",5,112,https://maps.google.com/?cid=4266545836931022526&g_mp=Cilnb29nbGUubWFwcy5wbGFjZXMudjEuUGxhY2VzLlNlYXJjaE5lYXJieRACGAQgAA
Varun Marbles | Sikanderpur Marble Market,supplier,9810398802,https://varunmarbles.in/,"420, Metro Pillar Number 6, 33, Mehrauli-Gurgaon Rd, Arjan Garh, Aya Nagar, Gurugram, Haryana 122002, India",4.5,112,https://maps.google.com/?cid=17816192954593145644&g_mp=Cilnb29nbGUubWFwcy5wbGFjZXMudjEuUGxhY2VzLlNlYXJjaE5lYXJieRACGAQgAA
Impressions Services Private Limited,corporate_office,9717564777,https://www.impressionsgroup.in/,"604, Udyog Vihar Phase V Rd, Udyog Vihar 3, Phase III, Udyog Vihar, Sector 19, Gurugram, Haryana 122015, India",4.1,112,https://maps.google.com/?cid=3618509938255639445&g_mp=Cilnb29nbGUubWFwcy5wbGFjZXMudjEuUGxhY2VzLlNlYXJjaE5lYXJieRACGAQgAA
Theme Music Institute Gurgaon (DLF Phase 1),educational_institution,9899088659,http://www.thememusic.in/,"22/12 A, Sector 28, DLF Phase 1, Gurugram, Haryana 122002, India",4.8,111,https://maps.google.com/?cid=6304707236200003777&g_mp=Cilnb29nbGUubWFwcy5wbGFjZXMudjEuUGxhY2VzLlNlYXJjaE5lYXJieRACGAQgAA
Best Packers And Movers,manufacturer,9205094005,https://bestpackersgurugram.in/,"16, Galli No. 15, U Block, DLF Phase 3, Sector 24, Gurugram, Haryana 122002, India",4.8,111,https://maps.google.com/?cid=9445433964274262402&g_mp=Cilnb29nbGUubWFwcy5wbGFjZXMudjEuUGxhY2VzLlNlYXJjaE5lYXJieRACGAQgAA
The Immersion Room,art_studio,9211431002,https://www.theimmersionroomproject.com/,"E5, Market Rd, Block E, DLF Phase 1, Sector 26A, Gurugram, Haryana 122002, India",4.9,110,https://maps.google.com/?cid=199559030915956875&g_mp=Cilnb29nbGUubWFwcy5wbGFjZXMudjEuUGxhY2VzLlNlYXJjaE5lYXJieRACGAQgAA
Furrvy,pet_boarding_service,6355093941,https://furrvy.com/,"199, Sector 27, Gurugram, Haryana 122009, India",4.8,108,https://maps.google.com/?cid=3655836248770563175&g_mp=Cilnb29nbGUubWFwcy5wbGFjZXMudjEuUGxhY2VzLlNlYXJjaE5lYXJieRACGAQgAA
Motilal Oswal Financial Services Limited,finance,9731177546,https://stockbroker.motilaloswal.com/motilal-oswal-financial-services-limited-step-by-step-trading-llp-stock-broker-sector-29-gurugram-30903/Home?utm_source=locator&utm_medium=googleplaces,"SCO 393 SF, above Basera Property, Sector 29, Gurugram, Haryana 122009, India",4.8,108,https://maps.google.com/?cid=14313729959716378342&g_mp=Cilnb29nbGUubWFwcy5wbGFjZXMudjEuUGxhY2VzLlNlYXJjaE5lYXJieRACGAQgAA
Akhilm Yoga Point,,7007681258,https://yoga-studios.ueniweb.com/?utm_campaign=gmb,"Community Centre, Silver Oaks Ave, G Block, DLF Phase 1, Sector 26, Gurugram, Haryana 122002, India",5,108,https://maps.google.com/?cid=15592755917733592616&g_mp=Cilnb29nbGUubWFwcy5wbGFjZXMudjEuUGxhY2VzLlNlYXJjaE5lYXJieRACGAQgAA
Dr Khoslas,dentist,9667807776,http://www.newdelhidentalclinic.com/,"H-35/20, Block H, DLF Phase 1, Sector 26, Gurugram, Haryana 122002, India",4.8,108,https://maps.google.com/?cid=11868766086758845994&g_mp=Cilnb29nbGUubWFwcy5wbGFjZXMudjEuUGxhY2VzLlNlYXJjaE5lYXJieRACGAQgAA
Asif used office furniture - old furniture office chair repairing shop Sikandarpur second hand furniture,furniture_store,9599305200,https://asiffurniture-32g9884.public.builtwithrocket.new/,"Shop no 113, shree ram furniture market, Sikanderpur, Nathupur, Sector 24, Gurugram, Haryana 122002, India",4.8,108,https://maps.google.com/?cid=10150213588103234503&g_mp=Cilnb29nbGUubWFwcy5wbGFjZXMudjEuUGxhY2VzLlNlYXJjaE5lYXJieRACGAQgAA
Dental Excellence,dental_clinic,7527858585,https://dentalexcellenceggn.com/,"E block, shopping mall, 2, Market Rd, behind Arjun Marg, Block E, DLF Phase 1, Sector 26A, Gurugram, Haryana 122002, India",5,106,https://maps.google.com/?cid=12543624586801561562&g_mp=Cilnb29nbGUubWFwcy5wbGFjZXMudjEuUGxhY2VzLlNlYXJjaE5lYXJieRACGAQgAA
9 Muses Wellness Clinic - Aesthetic Clinic in Gurgaon by Dr Geeta Grewal,skin_care_clinic,9599668341,https://9mclinic.com/,"F9/13, Golf Course Rd, above Headlocks Luxury Salon, Block F, DLF Phase 1, Sector 26A, Gurugram, Haryana 122002, India",4.7,105,https://maps.google.com/?cid=16470519286377589582&g_mp=Cilnb29nbGUubWFwcy5wbGFjZXMudjEuUGxhY2VzLlNlYXJjaE5lYXJieRACGAQgAA
Dial 2 cab,taxi_service,9648044777,http://www.dial2cab.com/,"21, Phase I, Block C2, Sushant Lok Phase I, Sector 43, Gurugram, Haryana 122002, India",4.6,104,https://maps.google.com/?cid=16080629836053459659&g_mp=Cilnb29nbGUubWFwcy5wbGFjZXMudjEuUGxhY2VzLlNlYXJjaE5lYXJieRACGAQgAA
Craftevent.in,service,8920392184,http://www.victoryawnigscanopy.com/,"B-63(2nd floor, Sushant Lok Phase I, phase1, Gurugram, Haryana 122009, India",5,104,https://maps.google.com/?cid=3012491952115293311&g_mp=Cilnb29nbGUubWFwcy5wbGFjZXMudjEuUGxhY2VzLlNlYXJjaE5lYXJieRACGAQgAA
Ecogas Impex. Pvt. Ltd.,car_repair,9910450099,,"1, Mehrauli Gurgaon Road, Sikanderpur Rd, near Power House, Nathupur, Sector 24, Gurugram, Haryana 122002, India",4.4,104,https://maps.google.com/?cid=18043853356558672521&g_mp=Cilnb29nbGUubWFwcy5wbGFjZXMudjEuUGxhY2VzLlNlYXJjaE5lYXJieRACGAQgAA
Balaji Cleaning Agency,service,8744000042,https://www.balajicleaningagency.com/,"Shop No R-4, 747B, B Block Dr, near Sushant Shopping Arcade, Sushant Lok Phase I, Sector 27, Gurugram, Haryana 122009, India",4.7,103,https://maps.google.com/?cid=5896665708552442962&g_mp=Cilnb29nbGUubWFwcy5wbGFjZXMudjEuUGxhY2VzLlNlYXJjaE5lYXJieRACGAQgAA
"Mom's Preg-Ladder- Pregnancy, Birth & Beyond",,9711493909,https://momspregladder.com/,"Ground Floor, 697-P, Golf Crse Rd, Sector 42, Gurugram, Haryana 122009, India",4.9,103,https://maps.google.com/?cid=7879888402255185262&g_mp=Cilnb29nbGUubWFwcy5wbGFjZXMudjEuUGxhY2VzLlNlYXJjaE5lYXJieRACGAQgAA
Studio 17,hair_salon,8586858555,https://www.studio17salon.in/,"F, 9/13, Golf Course Rd, Block F, DLF Phase 1, Sector 26A, Gurugram, Haryana 122002, India",4.8,103,https://maps.google.com/?cid=9717003661330173670&g_mp=Cilnb29nbGUubWFwcy5wbGFjZXMudjEuUGxhY2VzLlNlYXJjaE5lYXJieRACGAQgAA
Gfunk Studio,association_or_organization,9910702562,,"1224 Basement, near Gitanjali International School, Sector 28, DLF Phase IV, Gurugram, Haryana 122009, India",4.9,101,https://maps.google.com/?cid=5684113026176702046&g_mp=Cilnb29nbGUubWFwcy5wbGFjZXMudjEuUGxhY2VzLlNlYXJjaE5lYXJieRACGAQgAA
Dr. Mansi Bhayana - Homoeopathic physician,health,9711191728,http://www.drmansibhayana.com/,"14, Paschim Marg, DLF Phase 1, Sector 26A, Gurugram, Haryana 122002, India",5,100,https://maps.google.com/?cid=16959313822710268093&g_mp=Cilnb29nbGUubWFwcy5wbGFjZXMudjEuUGxhY2VzLlNlYXJjaE5lYXJieRACGAQgAA
Anvi General Store,general_store,8076842149,,"10, Lane Number V-21, DLF Phase 3, Sector 24, Gurugram, Haryana 122010, India",4.4,100,https://maps.google.com/?cid=8451190963005434354&g_mp=Cilnb29nbGUubWFwcy5wbGFjZXMudjEuUGxhY2VzLlNlYXJjaE5lYXJieRACGAQgAA
"6/6 Eye Centre | Dr. Ashwani Aggarwal (MS - Ophthalmology, MBBS - Ophthalmologist/ Eye Surgeon) | Delhi Gurgaon",medical_clinic,9650286258,,"74, Arjun Marg, Block E, DLF Phase 1, Sector 26A, Gurugram, Haryana 122002, India",4.5,99,https://maps.google.com/?cid=16576746984165132265&g_mp=Cilnb29nbGUubWFwcy5wbGFjZXMudjEuUGxhY2VzLlNlYXJjaE5lYXJieRACGAQgAA
Manan Regency,guest_house,9811718239,,"173, Indian Airlines Pilots Society, Sushant Lok Phase I, Gurugram, Haryana 122009, India",3.9,99,https://maps.google.com/?cid=14350991091008092329&g_mp=Cilnb29nbGUubWFwcy5wbGFjZXMudjEuUGxhY2VzLlNlYXJjaE5lYXJieRACGAQgAA
Waterproofing Solutions,service,9315206003,,"U-56, 14, DLF Phase 3, Sector 24, Gurugram, Haryana 122010, India",4.8,99,https://maps.google.com/?cid=14154554697097034370&g_mp=Cilnb29nbGUubWFwcy5wbGFjZXMudjEuUGxhY2VzLlNlYXJjaE5lYXJieRACGAQgAA
Dr. Dipika Thakur Physiotherapist - Physiotherapy Clinic Near Sector 42 & Sector 43 Gurgaon,physiotherapist,8800818568,http://www.dynafisio.com/,"Near, Supermart-1, Sector 28, DLF Phase IV, Gurugram, Haryana 122001, India",5,97,https://maps.google.com/?cid=11878016702588092874&g_mp=Cilnb29nbGUubWFwcy5wbGFjZXMudjEuUGxhY2VzLlNlYXJjaE5lYXJieRACGAQgAA
Say PC Enterprises,electronics_store,9711111454,,"121, near Community Centre DLF City Phase I., Sector 27, Gurugram, Haryana 122009, India",4.9,96,https://maps.google.com/?cid=17838901641605328395&g_mp=Cilnb29nbGUubWFwcy5wbGFjZXMudjEuUGxhY2VzLlNlYXJjaE5lYXJieRACGAQgAA
Rajeshwari Events & Catering Services,store,7006654906,https://rajeshwari-events-and-entertainment.my.canva.site/,"DLF Phase 3, cyberhub, Gurugram, Haryana 122002, India",4.3,96,https://maps.google.com/?cid=4297581033177205720&g_mp=Cilnb29nbGUubWFwcy5wbGFjZXMudjEuUGxhY2VzLlNlYXJjaE5lYXJieRACGAQgAA
Currynama by Seven Seas,meal_delivery,8800994067,http://www.currynama.com/,"SHOP NO- 1, 2 & 3, FIRST FLOOR, NEO MART, VAKIL MARKET, KHASRA NO- 36/ 2/ 5, DLF PHASE- IV, Sector 28, Chakkarpur, Gurugram, Haryana 122009, India",4.5,95,https://maps.google.com/?cid=8662832820432008668&g_mp=Cilnb29nbGUubWFwcy5wbGFjZXMudjEuUGxhY2VzLlNlYXJjaE5lYXJieRACGAQgAA
Nextwork Technologies Private Ltd,service,8178441410,,"Wework, DLF Cyber City Rd, DLF Cyber City, DLF Phase 3, Sector 24, Gurugram, Haryana 122002, India",4.7,95,https://maps.google.com/?cid=6907472214015034762&g_mp=Cilnb29nbGUubWFwcy5wbGFjZXMudjEuUGxhY2VzLlNlYXJjaE5lYXJieRACGAQgAA
I Eat Right,consultant,9810038656,http://www.ieatright.in/,"Silver Oaks Apartments, Silver Oak 2, Kachnar Marg, G Block, DLF Phase 1, Sector 26, Gurugram, Haryana 122002, India",5,94,https://maps.google.com/?cid=5831790620957748738&g_mp=Cilnb29nbGUubWFwcy5wbGFjZXMudjEuUGxhY2VzLlNlYXJjaE5lYXJieRACGAQgAA
SV Shine Solutions,,8685898397,https://svshinesolutions.in/,"12, H-3 Rd, Block H, DLF Phase 2, Sector 26, Gurugram, Haryana 122002, India",4.9,92,https://maps.google.com/?cid=12443375765453837302&g_mp=Cilnb29nbGUubWFwcy5wbGFjZXMudjEuUGxhY2VzLlNlYXJjaE5lYXJieRACGAQgAA
"Fabindia, DLF Mega Mall, DLF Phase 1",clothing_store,9289981338,http://www.fabindia.com/,"Shop No MS0029, Upper Ground Floor, DLF Mega Mall, Golf Course Rd, near by HDFC Bank, Sector 28, DLF Phase 1, Gurugram, Haryana 122002, India",4.2,91,https://maps.google.com/?cid=9549380026157325045&g_mp=Cilnb29nbGUubWFwcy5wbGFjZXMudjEuUGxhY2VzLlNlYXJjaE5lYXJieRACGAQgAA
GlamMefy Studioz - DLF Phase I,beauty_salon,8800600880,https://glammefystudioz.in/,"Ground Floor, B-11/1, Ashoka Cresent Marg, DLF Phase 1, Sector 26A, Gurugram, Haryana 122002, India",4.8,90,https://maps.google.com/?cid=1357665981934013764&g_mp=Cilnb29nbGUubWFwcy5wbGFjZXMudjEuUGxhY2VzLlNlYXJjaE5lYXJieRACGAQgAA
BT Gyms,gym,9313490007,,"Saraswati Vihar, Maruti Housing Colony, Gurugram, Haryana 122002, India",5,90,https://maps.google.com/?cid=10491548141714302372&g_mp=Cilnb29nbGUubWFwcy5wbGFjZXMudjEuUGxhY2VzLlNlYXJjaE5lYXJieRACGAQgAA
Digidarts,service,8929447313,https://www.digidarts.com/,"436 (4th Floor, Phase IV, Udyog Vihar, Sector 18, Gurugram, Haryana 122015, India",4.2,89,https://maps.google.com/?cid=10400968125085274029&g_mp=Cilnb29nbGUubWFwcy5wbGFjZXMudjEuUGxhY2VzLlNlYXJjaE5lYXJieRACGAQgAA
IPTS TOUR & TRAVELS,travel_agency,9312352255,http://www.ipts.co.in//,"A2/171, near Bhairav, Mandir, Ishwar Colony, Phase 5, Aya Nagar Extension, Aya Nagar, New Delhi, Delhi 110047, India",4.9,87,https://maps.google.com/?cid=2092119017136110378&g_mp=Cilnb29nbGUubWFwcy5wbGFjZXMudjEuUGxhY2VzLlNlYXJjaE5lYXJieRACGAQgAA
Zink Fitness Studio,fitness_center,8882294727,https://zinkfitness.in/,"4th Floor, Plot No. 3807, near Mother’s Pride School, next to Ivy Apartments, Block A, DLF Phase IV, Sector 43, Gurugram, Haryana 122009, India",4.5,85,https://maps.google.com/?cid=5788669281099026034&g_mp=Cilnb29nbGUubWFwcy5wbGFjZXMudjEuUGxhY2VzLlNlYXJjaE5lYXJieRACGAQgAA
Baker By Chance Office,bakery,9599151070,https://www.bakerbychance.com/,"Plot no 385, Udyog Vihar Phase 4 Rd, Electronic City, Phase IV, Udyog Vihar, Sector 19, Gurugram, Haryana 122015, India",4.1,85,https://maps.google.com/?cid=8137923202514800637&g_mp=Cilnb29nbGUubWFwcy5wbGFjZXMudjEuUGxhY2VzLlNlYXJjaE5lYXJieRACGAQgAA
Margam Nrityalaya Bharatnatyam Dance Academy,sports_school,9599263063,https://www.facebook.com/MargamNrityalaya/,"K-3/54, K-3 Rd, Heritage City, Sector 25, Gurugram, Haryana 122002, India",4.8,83,https://maps.google.com/?cid=4402761349817001257&g_mp=Cilnb29nbGUubWFwcy5wbGFjZXMudjEuUGxhY2VzLlNlYXJjaE5lYXJieRACGAQgAA
9YARDS Realtors PVT Ltd.,consultant,9999613065,http://9yardsrealtors.com/,"Ground floor, DM 26, Dakshin Marg, DLF Phase 2, Sector 25, Gurugram, Haryana 122002, India",5,83,https://maps.google.com/?cid=10704126692675021545&g_mp=Cilnb29nbGUubWFwcy5wbGFjZXMudjEuUGxhY2VzLlNlYXJjaE5lYXJieRACGAQgAA
Safarfever,travel_agency,8700183446,https://safarfever.com/,"WeWork DLF Forum, Cyber City, HD-442, DLF Phase 3, Sector 24, Gurugram, Haryana 122010, India",4.9,83,https://maps.google.com/?cid=13776558092149090454&g_mp=Cilnb29nbGUubWFwcy5wbGFjZXMudjEuUGxhY2VzLlNlYXJjaE5lYXJieRACGAQgAA
Checkmate Services Pvt Ltd,service,9873717873,,"138, Phase IV, Udyog Vihar, Sector 18, Gurugram, Haryana 122015, India",3.6,81,https://maps.google.com/?cid=10054480452044081334&g_mp=Cilnb29nbGUubWFwcy5wbGFjZXMudjEuUGxhY2VzLlNlYXJjaE5lYXJieRACGAQgAA
Selectandyou,clothing_store,9910954060,https://selectandyou.com/,"V, 39/14A, DLF Phase 3, Sector 24, Gurugram, Haryana 122010, India",3.7,81,https://maps.google.com/?cid=15593968979350260556&g_mp=Cilnb29nbGUubWFwcy5wbGFjZXMudjEuUGxhY2VzLlNlYXJjaE5lYXJieRACGAQgAA
DR. GARGI'S Clinic,skin_care_clinic,7710710000,https://drgargis.com/,"102 A, Basement, Arjun Marg, Golf Crse Rd, DLF Phase 1, Sector 26A, Gurugram, Haryana 122002, India",4.9,79,https://maps.google.com/?cid=16783687618068750727&g_mp=Cilnb29nbGUubWFwcy5wbGFjZXMudjEuUGxhY2VzLlNlYXJjaE5lYXJieRACGAQgAA
"RedMat Pilates, Golf Course Rd Studio",gym,9205933669,http://www.redmatpilates.com/,"A-1/3, Deodar Marg (Basement Level, Dlf Qutub Enclave, Near, Qutab Plz Rd, Block A, Sector 26A, Gurugram, Haryana 122002, India",4.9,79,https://maps.google.com/?cid=2215589765561977300&g_mp=Cilnb29nbGUubWFwcy5wbGFjZXMudjEuUGxhY2VzLlNlYXJjaE5lYXJieRACGAQgAA
Dr. Yogendra Singh Rajput – Best Cardiologist & Heart Specialist in Gurgaon | Pediatric Cardiologist | Heart Surgeon,doctor,9205686906,http://svasthyaclinic.com/,"OPD 2, C-410 B, Vyapar Kendra Rd, Block C, Sushant Lok Phase I, Sector 43, Gurugram, Haryana 122009, India",4.8,78,https://maps.google.com/?cid=12043227965185897864&g_mp=Cilnb29nbGUubWFwcy5wbGFjZXMudjEuUGxhY2VzLlNlYXJjaE5lYXJieRACGAQgAA
INDIAN GLASS AND ALUMINIUM GLASS FILMS,,9161408391,https://indian-glass.grexa.site/,"metro Pilar no 61, Gangania Complex, Sikanderpur Market, Sikanderpur, DLF Phase 1, Sector 26, Gurugram, Haryana 122002, India",5,78,https://maps.google.com/?cid=12606065583316815861&g_mp=Cilnb29nbGUubWFwcy5wbGFjZXMudjEuUGxhY2VzLlNlYXJjaE5lYXJieRACGAQgAA
DingDing – Daily Meals,meal_delivery,9752198673,https://www.dingdingdaily.com/,"18-19, Galli No. 15, nearby Address: Henxs Cafe, U Block, DLF Phase 3, Sector 24, Gurugram, Haryana 122002, India",4.4,78,https://maps.google.com/?cid=18104836684162437191&g_mp=Cilnb29nbGUubWFwcy5wbGFjZXMudjEuUGxhY2VzLlNlYXJjaE5lYXJieRACGAQgAA
Better wash,laundry,9911609160,http://betterwash.in/,"Gali No. 12, near Atul Kataria Chowk, Sukhrali Enclave, Sector 29, Gurugram, Haryana 122009, India",4.6,77,https://maps.google.com/?cid=4377399446942701495&g_mp=Cilnb29nbGUubWFwcy5wbGFjZXMudjEuUGxhY2VzLlNlYXJjaE5lYXJieRACGAQgAA
THE FACE ROUTINE,dentist,8719920561,,"10A, C-Block, Paschim Marg, DLF Phase 1, Sector 26, Gurugram, Haryana 122002, India",5,77,https://maps.google.com/?cid=6647490924593382030&g_mp=Cilnb29nbGUubWFwcy5wbGFjZXMudjEuUGxhY2VzLlNlYXJjaE5lYXJieRACGAQgAA
SBA Campus-2,,9205341658,,"79, Shaheed Ripon Katyal Marg, Sector 18, Gurugram, Haryana 122015, India",4.6,77,https://maps.google.com/?cid=18065725429794128773&g_mp=Cilnb29nbGUubWFwcy5wbGFjZXMudjEuUGxhY2VzLlNlYXJjaE5lYXJieRACGAQgAA
DAKSH CONSTRUCTIONS & INTERIOR,general_contractor,8069245436,https://dakshconstructions.in/,"Shop No 3, 1st Floor, Gangania Complex, Mehrauli-Gurgaon Rd, Sikanderpur Market, Block H, DLF Phase 1, Sector 26, Gurugram, Haryana 122002, India",4.9,77,https://maps.google.com/?cid=7185105799896904272&g_mp=Cilnb29nbGUubWFwcy5wbGFjZXMudjEuUGxhY2VzLlNlYXJjaE5lYXJieRACGAQgAA
Ignited Minds - Art classes in Gurgaon Online & Offline,educational_institution,9582340608,,"S13/4, DLF Phase 3, Sector 24, Gurugram, Haryana 122010, India",5,77,https://maps.google.com/?cid=3102582087827781856&g_mp=Cilnb29nbGUubWFwcy5wbGFjZXMudjEuUGxhY2VzLlNlYXJjaE5lYXJieRACGAQgAA
Bharat Football Academy,sports_club,9871141009,http://www.bharatfa.com/,"Excelsior American School 1, Sushant Lok Phase I, Block C2, DLF Phase IV, Sector 43, Gurugram, Haryana 122009, Block C2, DLF Garden Villas, Sector 43, Gurugram, Haryana 122001, India",4.7,76,https://maps.google.com/?cid=7569438888461553404&g_mp=Cilnb29nbGUubWFwcy5wbGFjZXMudjEuUGxhY2VzLlNlYXJjaE5lYXJieRACGAQgAA
Dr Randeep Singh,doctor,8062154256,https://www.narayanahealth.org/c/gurugram/medical-oncology-cancer-care/dr-randeep-singh?utm_source=Googlemaps&utm_medium=GMB,"Block - V, DLF Phase - III, Plot 3201, Lane Number V-37, Nathupur, Sector 24, Gurugram, Haryana 122010, India",4.8,76,https://maps.google.com/?cid=2640706569411297275&g_mp=Cilnb29nbGUubWFwcy5wbGFjZXMudjEuUGxhY2VzLlNlYXJjaE5lYXJieRACGAQgAA
The Leela Spa,spa,9717596198,https://www.theleela.com/the-leela-ambience-gurugram-hotel-residences/experience/wellness?utm_source=GMBlisting&utm_medium=organic&utm_campaign=gbp-leela-ambience-hotel-residences-gurugram-the-leela-spa&utm_content=spa-website-click,"NH-8, Hotel, Residences, The Leela Ambience, Ambience Island, DLF Phase 3, Sector 24, Gurugram, Haryana 122016, India",4.6,76,https://maps.google.com/?cid=13743138760042923607&g_mp=Cilnb29nbGUubWFwcy5wbGFjZXMudjEuUGxhY2VzLlNlYXJjaE5lYXJieRACGAQgAA
Shah Dental Care Lounge,dental_clinic,9990320555,https://shahdentalcarelounge.com/,"K3/86, DLF Phase 2, Sector 25, Gurugram, Haryana 122002, India",5,75,https://maps.google.com/?cid=13272583984427660711&g_mp=Cilnb29nbGUubWFwcy5wbGFjZXMudjEuUGxhY2VzLlNlYXJjaE5lYXJieRACGAQgAA
The Sweet Space,restaurant,7428224400,,"47, K-10, Phase I, DLF Phase 2, Sector 25, Gurugram, Haryana 122002, India",4.9,75,https://maps.google.com/?cid=15922300211128414396&g_mp=Cilnb29nbGUubWFwcy5wbGFjZXMudjEuUGxhY2VzLlNlYXJjaE5lYXJieRACGAQgAA
Auquall BPO,,9899005897,,"698, Udyog Vihar Phase V Rd, Phase V, Udyog Vihar, Sector 19, Gurugram, Haryana 122016, India",4.4,75,https://maps.google.com/?cid=10596929326880829339&g_mp=Cilnb29nbGUubWFwcy5wbGFjZXMudjEuUGxhY2VzLlNlYXJjaE5lYXJieRACGAQgAA
The Painting Service & Painting contactor | wall paint,,9811425513,https://www.iconpaint.link/,"147/148, Jaina Market, Saraswati Vihar, Chakkarpur, Gurugram, Haryana 122002, India",4.9,74,https://maps.google.com/?cid=14670860172561640631&g_mp=Cilnb29nbGUubWFwcy5wbGFjZXMudjEuUGxhY2VzLlNlYXJjaE5lYXJieRACGAQgAA
Fitness First Ambience Mall,gym,9910660803,https://www.fitnessfirst.net.in/content/fitness-first-ambience-mall-gurgaon,"6th Floor, Ambience Mall, Gate No. 03 & 04, NH 48, Ambience Island, DLF Phase 3, Sector 24, Gurugram, Haryana 122010, India",4.3,74,https://maps.google.com/?cid=8364293576877616735&g_mp=Cilnb29nbGUubWFwcy5wbGFjZXMudjEuUGxhY2VzLlNlYXJjaE5lYXJieRACGAQgAA
"Dr Mehak Singhal | Best ENT Specialist & Allergy Doctor in Gurgaon, ENT Surgeon, Endoscopic Sinus Surgery, Ear Treatment DLF",doctor,8929248497,https://drmehaksinghal.wixsite.com/gurgaon,"Uma Sanjeevani Hospital, 1, Dakshin Marg, DLF Phase 2, Sector 25, Gurugram, Haryana 122002, India",4.9,73,https://maps.google.com/?cid=10804495488027843349&g_mp=Cilnb29nbGUubWFwcy5wbGFjZXMudjEuUGxhY2VzLlNlYXJjaE5lYXJieRACGAQgAA
"Sportozen: Box Cricket, Football Turf & Cricket Ground",athletic_field,9311683317,https://sportozen.com/event-management/,"P -4, Dlf Phase 2, and, near Cyber Hub, Sikandarpur, Metro, Gurugram, Haryana 122002, DLF Phase 2, Sector 25, Gurugram, Haryana 122002, India",4.7,72,https://maps.google.com/?cid=12689342317851361916&g_mp=Cilnb29nbGUubWFwcy5wbGFjZXMudjEuUGxhY2VzLlNlYXJjaE5lYXJieRACGAQgAA
Party Passport,tour_agency,9220479977,https://partypassport.travel/,"Office 205, Venture X, Sector 29, Gurugram, Haryana 122009, India",4.9,72,https://maps.google.com/?cid=5490443849020858163&g_mp=Cilnb29nbGUubWFwcy5wbGFjZXMudjEuUGxhY2VzLlNlYXJjaE5lYXJieRACGAQgAA
The Belgian Waffle Co,dessert_restaurant,8657937731,https://thebelgianwaffle.co/,"3rd Floor, Food court, MGF, MGF Metropolitan Mall, Mehrauli-Gurgaon Rd, Heritage City, Sector 25, Gurugram, Sarhol, Haryana 122009, India",4.7,72,https://maps.google.com/?cid=10131643066822836266&g_mp=Cilnb29nbGUubWFwcy5wbGFjZXMudjEuUGxhY2VzLlNlYXJjaE5lYXJieRACGAQgAA
Ace Consulting,service,9115090909,https://aceconsulting.co.in/,"3rd Floor, 49, Arjun Marg, Block E, DLF Phase 1, Sector 26A, Gurugram, Haryana 122002, India",5,71,https://maps.google.com/?cid=4451655570824254663&g_mp=Cilnb29nbGUubWFwcy5wbGFjZXMudjEuUGxhY2VzLlNlYXJjaE5lYXJieRACGAQgAA
Adidev Press Private Limited,,7428230663,https://www.adidevpress.com/,"1st Floor, DLF Downtown, DLF Phase 3, Sector 25A, Gurugram, Haryana 122010, India",4.9,71,https://maps.google.com/?cid=6597139503153027359&g_mp=Cilnb29nbGUubWFwcy5wbGFjZXMudjEuUGxhY2VzLlNlYXJjaE5lYXJieRACGAQgAA
S.R cctv sales & services,service,7408868093,https://wa.me/message/2GHT52SEX3CYD1,"OFFICE, ASF CENTER, 105, Phase IV, Udyog Vihar, Sector 18, Gurugram, Haryana 122015, India",5,71,https://maps.google.com/?cid=17435811124277235097&g_mp=Cilnb29nbGUubWFwcy5wbGFjZXMudjEuUGxhY2VzLlNlYXJjaE5lYXJieRACGAQgAA
Sales Training Team Building Training,service,8383850546,http://6a4798de4e8e7.site123.me/,"1nd floor, A-202, Phase 2, Sushant Lok Phase I, Sector 43, Gurugram, Haryana 122009, India",5,70,https://maps.google.com/?cid=11799344880490919192&g_mp=Cilnb29nbGUubWFwcy5wbGFjZXMudjEuUGxhY2VzLlNlYXJjaE5lYXJieRACGAQgAA
Gemini Architectural Design,,9910508457,http://www.geminiarchitectural.com/,"Arjan Garh Metro Station, Mehrauli-Gurgaon Rd, near HDFC ATM, Aya Nagar, New Delhi, Delhi 110047, India",4.1,70,https://maps.google.com/?cid=6609641747916177355&g_mp=Cilnb29nbGUubWFwcy5wbGFjZXMudjEuUGxhY2VzLlNlYXJjaE5lYXJieRACGAQgAA
Kutub Estate,real_estate_agency,9990903623,http://www.kutubestate.com/,"41, Akashneem Marg, DLF Phase 2, Sector 25, Gurugram, Haryana 122002, India",4.8,70,https://maps.google.com/?cid=3511033006487276974&g_mp=Cilnb29nbGUubWFwcy5wbGFjZXMudjEuUGxhY2VzLlNlYXJjaE5lYXJieRACGAQgAA
Dr. Jeensy Sharma,dentist,7011402447,http://www.whitecoatsclinic.com/,"Plot No-372, off Golf Course Road, Sector 42, Gurugram, Haryana 122009, India",4.9,69,https://maps.google.com/?cid=13979482798118526794&g_mp=Cilnb29nbGUubWFwcy5wbGFjZXMudjEuUGxhY2VzLlNlYXJjaE5lYXJieRACGAQgAA
Clair Skin Clinic,skin_care_clinic,8447915975,https://www.clairskin.in/?utm_medium=gmb&utm_source=profile,"A 1139 Shushant Lok, 2, near Galleria Merket, Sector 28, DLF Phase IV, Sector 43, Gurugram, Haryana 122009, India",4.4,69,https://maps.google.com/?cid=5042098602668703745&g_mp=Cilnb29nbGUubWFwcy5wbGFjZXMudjEuUGxhY2VzLlNlYXJjaE5lYXJieRACGAQgAA
Vrindavan Chandrodaya Mandir Gurugram,hindu_temple,8585850033,http://www.vcm.org.in/,"9234, DLF Phase 5, Sector 43, Gurugram, Haryana 122009, India",4.6,68,https://maps.google.com/?cid=12794365907472217578&g_mp=Cilnb29nbGUubWFwcy5wbGFjZXMudjEuUGxhY2VzLlNlYXJjaE5lYXJieRACGAQgAA
Beatifics,dental_clinic,7303431444,https://www.beatificsdentalclinic.com/,"B-15/6, GF B - Block, DLF Phase 1, Sector 26A, Gurugram, Haryana 122002, India",5,68,https://maps.google.com/?cid=3741712488010415215&g_mp=Cilnb29nbGUubWFwcy5wbGFjZXMudjEuUGxhY2VzLlNlYXJjaE5lYXJieRACGAQgAA
Mughal Sarai (Authentic Mughlai),north_indian_restaurant,8860644837,http://mugalsarai.dotpe.in/,"Club Essel Tower, Essel Towers, Mehrauli-Gurgaon Rd, Indian Airlines Pilots Society, Sushant Lok Phase I, Gurugram, Haryana 122009, India",4.5,68,https://maps.google.com/?cid=15180943864773972803&g_mp=Cilnb29nbGUubWFwcy5wbGFjZXMudjEuUGxhY2VzLlNlYXJjaE5lYXJieRACGAQgAA
ikOOji,manufacturer,9289749484,,"435, Phase IV, Udyog Vihar, Sector 18, Gurugram, Haryana 122015, India",4.4,68,https://maps.google.com/?cid=18254668937994539146&g_mp=Cilnb29nbGUubWFwcy5wbGFjZXMudjEuUGxhY2VzLlNlYXJjaE5lYXJieRACGAQgAA
Crown Male Spa,spa,7982284955,https://maletomale.luxuryspa-center.com/,"Shop 30, City Centre Mall, Sector 28, Maruti Housing Colony, Gurugram, Haryana 122009, India",4.9,67,https://maps.google.com/?cid=685291909662088043&g_mp=Cilnb29nbGUubWFwcy5wbGFjZXMudjEuUGxhY2VzLlNlYXJjaE5lYXJieRACGAQgAA
Deluna Hotels,hotel,8130466565,https://www.delunahotels.in/,"Plot no. 43, Sector 42 Main Rd, Sector 42, Gurugram, Haryana 122009, India",4.5,66,https://maps.google.com/?cid=11830686269960873677&g_mp=Cilnb29nbGUubWFwcy5wbGFjZXMudjEuUGxhY2VzLlNlYXJjaE5lYXJieRACGAQgAA
Royal Wood Furniture,manufacturer,9718189498,http://royalswoodfurniture.com/,"Shop No. 6, Shri Ram Market, Dlf Phase 3, Mehrauli Gurugram Road, Garden Estate, Nathupur, Gurugram, Haryana, 122002, Nathupur, Sector 24, Gurugram, Haryana 122010, India",2.8,66,https://maps.google.com/?cid=12493123884747662858&g_mp=Cilnb29nbGUubWFwcy5wbGFjZXMudjEuUGxhY2VzLlNlYXJjaE5lYXJieRACGAQgAA
Vedic Karma Ayurveda (Adding health to your life naturally...),health,8044353279,https://www.apollo247.com/doctors/dr-rosy-kaur-a66389bd-b4cf-4def-b0b2-0a23685aa1c3?utm_source=gmb_docverse&utm_medium=clinics&utm_campaign=doctors,"M4/12, Ground Floor, Mushedpur, DLF Phase 2, Sector 25, Gurugram, Haryana 122002, India",4.8,66,https://maps.google.com/?cid=10711488364301613679&g_mp=Cilnb29nbGUubWFwcy5wbGFjZXMudjEuUGxhY2VzLlNlYXJjaE5lYXJieRACGAQgAA
SOLEBRITY,shoe_store,9811389123,http://www.solebrity.in/,"Ardee Mall, Sector 52, Gurugram, Haryana 122002, India",4.2,65,https://maps.google.com/?cid=16094743780435902006&g_mp=Cilnb29nbGUubWFwcy5wbGFjZXMudjEuUGxhY2VzLlNlYXJjaE5lYXJieRACGAQgAA
SkilZ AC Service AC Repair,service,9311653436,https://ac-service-center.com/skilz-ac-service/,"Shop no 11, Sikanderpur Rd, Sikanderpur, Sector 26, Gurugram, Haryana 122002, India",4.4,65,https://maps.google.com/?cid=1138917932908047101&g_mp=Cilnb29nbGUubWFwcy5wbGFjZXMudjEuUGxhY2VzLlNlYXJjaE5lYXJieRACGAQgAA
Meatington,manufacturer,7415656741,http://meatington.com/,"223, Phase IV, Udyog Vihar, Sector 18, Gurugram, Haryana 122015, India",4.8,65,https://maps.google.com/?cid=10824758019031915517&g_mp=Cilnb29nbGUubWFwcy5wbGFjZXMudjEuUGxhY2VzLlNlYXJjaE5lYXJieRACGAQgAA
KLAY DLF Cyber Park - Preschools and Daycare,child_care_agency,7676708888,https://klay.co.in/foundational-development-program/gurgaon/dlf-cyber-park/?utm_source=GMB_Listing&utm_medium=organic,"DLF Cyber Park, Plot no 405 B, Phase II, Udyog Vihar, Sector 20, Gurugram, Haryana 122016, India",4.9,65,https://maps.google.com/?cid=16276839253937167834&g_mp=Cilnb29nbGUubWFwcy5wbGFjZXMudjEuUGxhY2VzLlNlYXJjaE5lYXJieRACGAQgAA
MWM Spaces Pvt. Ltd.,general_contractor,8587885885,http://www.mwmspaces.com/,"FF 57, Vyapar Kendra Rd, Block C, Sushant Lok Phase I, Sector 43, Gurugram, Haryana 122009, India",4.9,64,https://maps.google.com/?cid=2582341090308954018&g_mp=Cilnb29nbGUubWFwcy5wbGFjZXMudjEuUGxhY2VzLlNlYXJjaE5lYXJieRACGAQgAA
Millora Cyber Suites,hotel,9650122240,,"24/1, S Block Main Rd, S Block, DLF Phase 3, Sector 24, Gurugram, Haryana 122010, India",4.9,64,https://maps.google.com/?cid=9350971915176428413&g_mp=Cilnb29nbGUubWFwcy5wbGFjZXMudjEuUGxhY2VzLlNlYXJjaE5lYXJieRACGAQgAA
Sphynx Learning-Online English Speaking,educational_institution,8743898601,https://www.sphynxlearning.com/,"6, M-11A, near DLF Phase 2, DLF Phase 2, Sector 25, Shahpur, Gurugram, Haryana 122002, India",5,64,https://maps.google.com/?cid=2707306993530533916&g_mp=Cilnb29nbGUubWFwcy5wbGFjZXMudjEuUGxhY2VzLlNlYXJjaE5lYXJieRACGAQgAA
Fresh Bakes Gurgaon,bakery,9891350735,,"Rapid Metro Station, 579, Golf Course Rd, behind Sec 43, Sector 43, Gurugram, Haryana 122009, India",4.9,63,https://maps.google.com/?cid=4620666767386862446&g_mp=Cilnb29nbGUubWFwcy5wbGFjZXMudjEuUGxhY2VzLlNlYXJjaE5lYXJieRACGAQgAA
Kommal Carnatiian Family Salon,beauty_salon,9868953343,https://kommalcarnatiianfamilysalon.in/,"Ground Floor, UGF, 48 & 41, Vyapar Kendra Rd, Block C, Sushant Lok Phase I, Sector 43, Gurugram, Haryana 122009, India",4,63,https://maps.google.com/?cid=3088552058226026237&g_mp=Cilnb29nbGUubWFwcy5wbGFjZXMudjEuUGxhY2VzLlNlYXJjaE5lYXJieRACGAQgAA
pestexpertsolution,service,9990720393,https://pestexpertsolution.in/,"House No-B16/7, G-F, DLF Phase 1, Sector 26A, Gurugram, Haryana 122002, India",4.9,63,https://maps.google.com/?cid=10130046904676928147&g_mp=Cilnb29nbGUubWFwcy5wbGFjZXMudjEuUGxhY2VzLlNlYXJjaE5lYXJieRACGAQgAA
Acco53,hotel,9873456000,,"53, Silver Oaks Ave, G Block, DLF Phase 1, Sector 26, Gurugram, Haryana 122002, India",4.2,63,https://maps.google.com/?cid=5580802049537232724&g_mp=Cilnb29nbGUubWFwcy5wbGFjZXMudjEuUGxhY2VzLlNlYXJjaE5lYXJieRACGAQgAA
Momo Magic Cafe,restaurant,9266364482,https://momomagiccafe.in/outlets/,"Stop and Shop Complex, Basement Market, 106, U Block, DLF Phase 3, Sector 24, Gurugram, Haryana 122010, India",5,63,https://maps.google.com/?cid=169476126636925160&g_mp=Cilnb29nbGUubWFwcy5wbGFjZXMudjEuUGxhY2VzLlNlYXJjaE5lYXJieRACGAQgAA
Style Loft #1,clothing_store,9818509401,,"Shop No. 206, Basement Market, U Block, DLF Phase 3, Sector 24, Gurugram, Haryana 122010, India",4.8,63,https://maps.google.com/?cid=17914511889987765227&g_mp=Cilnb29nbGUubWFwcy5wbGFjZXMudjEuUGxhY2VzLlNlYXJjaE5lYXJieRACGAQgAA
SAMRAT LAUNDRY & DRYCLEANING SERVICES,laundry,8527901289,,"U block 42/08 DLF phase 3 Sector 24 Gurgaon Gali Number 42 Building, Number 8, U Block, DLF Phase 3, Sector 24, Gurugram, Haryana 122010, India",4.9,63,https://maps.google.com/?cid=4911675917868234261&g_mp=Cilnb29nbGUubWFwcy5wbGFjZXMudjEuUGxhY2VzLlNlYXJjaE5lYXJieRACGAQgAA
DR.RAHUL SINGHANIA CHIROPRACTOR,doctor,8868884554,,"K2/2, opposite ICICI BANK, DLF Phase 2, Sector 25, Gurugram, Haryana 122002, India",4.8,62,https://maps.google.com/?cid=9048462154952211287&g_mp=Cilnb29nbGUubWFwcy5wbGFjZXMudjEuUGxhY2VzLlNlYXJjaE5lYXJieRACGAQgAA
TIS LIVING,manufacturer,9871012000,https://www.tisliving.com/,"Plot 101, 102, Plot number 105, Sarhaul, Sector 18, Sarhol, Gurugram, Haryana 122015, India",4.5,62,https://maps.google.com/?cid=7154203415377390421&g_mp=Cilnb29nbGUubWFwcy5wbGFjZXMudjEuUGxhY2VzLlNlYXJjaE5lYXJieRACGAQgAA
Cyber Point,,8587011649,,"house no.227 near durga mandir banjara basti sarhaul, Sarhaul, Sector 18, Gurugram, Haryana 122015, India",4.9,62,https://maps.google.com/?cid=17088432532962792235&g_mp=Cilnb29nbGUubWFwcy5wbGFjZXMudjEuUGxhY2VzLlNlYXJjaE5lYXJieRACGAQgAA
"Urology & Renal Transplant Department | Narayana Hospital, Gurugram",doctor,8067506842,https://www.narayanahealth.org/?utm_source=Googlemaps&utm_medium=GMB,"Plot 3201, Block - V DLF Phase - III, Nathupur, Sector 24, Gurugram, Haryana 122002, India",4.9,62,https://maps.google.com/?cid=13718002566088282643&g_mp=Cilnb29nbGUubWFwcy5wbGFjZXMudjEuUGxhY2VzLlNlYXJjaE5lYXJieRACGAQgAA
Corporate Inn,hotel,9717676182,,"Golf Course Road Plot No. 546, Near Super Mart 1, Sector - 27, Sector 27, Gurugram, Haryana 122009, India",3.6,61,https://maps.google.com/?cid=16106317171898738936&g_mp=Cilnb29nbGUubWFwcy5wbGFjZXMudjEuUGxhY2VzLlNlYXJjaE5lYXJieRACGAQgAA
Single Surface,service,8745007008,https://singlesurface.com/,"Unit No.405, Sector 27, Gurugram, Haryana 122009, India",5,60,https://maps.google.com/?cid=6760157108038406467&g_mp=Cilnb29nbGUubWFwcy5wbGFjZXMudjEuUGxhY2VzLlNlYXJjaE5lYXJieRACGAQgAA
Acharya Monica,consultant,9818245656,http://vastugurukul.co.in/,"B 13/7, DLF Phase 1, Sector 26A, Gurugram, Haryana 122002, India",5,60,https://maps.google.com/?cid=17558183912487378911&g_mp=Cilnb29nbGUubWFwcy5wbGFjZXMudjEuUGxhY2VzLlNlYXJjaE5lYXJieRACGAQgAA
Path Sanjivani Charitable Trust,service,9873737062,,"212, pahari Road No Zero, Anand Gram, Ghitorni, New Delhi, Delhi 110030, India",4.3,60,https://maps.google.com/?cid=17635020068305621240&g_mp=Cilnb29nbGUubWFwcy5wbGFjZXMudjEuUGxhY2VzLlNlYXJjaE5lYXJieRACGAQgAA
The Oil Mill,health_food_store,8307000043,https://theoilmill.in/,"Shop no. 136, ground floor, Vyapar Kendra Rd, Block C, Sushant Lok Phase I, Sector 43, Gurugram, Haryana 122009, India",4.2,59,https://maps.google.com/?cid=16704025784026057697&g_mp=Cilnb29nbGUubWFwcy5wbGFjZXMudjEuUGxhY2VzLlNlYXJjaE5lYXJieRACGAQgAA
Divine Destiny Numerologist,,7352528052,,"TOWER A1, Regency Park-1, A261, BLOCK C2`, Sushant Lok Phase I, Sector 43, Gurugram, Haryana 122009, India",4.9,59,https://maps.google.com/?cid=17391194708824634350&g_mp=Cilnb29nbGUubWFwcy5wbGFjZXMudjEuUGxhY2VzLlNlYXJjaE5lYXJieRACGAQgAA
Babal Productions,service,8882227882,http://www.fraud.com/,"H-7 8, Block H, DLF Phase 1, Sector 26, Gurugram, Haryana 122001, India",4.6,59,https://maps.google.com/?cid=13093190443919855154&g_mp=Cilnb29nbGUubWFwcy5wbGFjZXMudjEuUGxhY2VzLlNlYXJjaE5lYXJieRACGAQgAA
Cobalt Blue Foundation,cultural_center,8527887336,https://www.cobaltbluefoundation.com/,"C Suites, Block C2, Sushant Lok Phase I, Sector 43, Gurugram, Haryana 122009, India",5,58,https://maps.google.com/?cid=3736296338583147262&g_mp=Cilnb29nbGUubWFwcy5wbGFjZXMudjEuUGxhY2VzLlNlYXJjaE5lYXJieRACGAQgAA
Cheesecake and Co.,bakery,8076245510,,"no 3, Sushant Lok 1 Rd, Block A, Sushant Lok Phase I, Sector 43, Gurugram, Haryana 122009, India",2.8,58,https://maps.google.com/?cid=9941711801118184587&g_mp=Cilnb29nbGUubWFwcy5wbGFjZXMudjEuUGxhY2VzLlNlYXJjaE5lYXJieRACGAQgAA
Designarche,clothing_store,9315603326,https://www.designarche.com/,"80, Moulsari Ave, DLF Phase 3, Sector 24, Gurugram, Haryana 122002, India",4.6,58,https://maps.google.com/?cid=200754472334446832&g_mp=Cilnb29nbGUubWFwcy5wbGFjZXMudjEuUGxhY2VzLlNlYXJjaE5lYXJieRACGAQgAA
"TYCHR | #1 Online IB, IGCSE, AS/A Levels, SAT, ACT and AP Tutoring",educational_institution,8825012255,https://lp.tychr.com/,"WeWork DLF Forum, Cyber City, HD-213, DLF Phase 3, DLF, Gurugram, Haryana 122010, India",4.8,58,https://maps.google.com/?cid=10345949509149299084&g_mp=Cilnb29nbGUubWFwcy5wbGFjZXMudjEuUGxhY2VzLlNlYXJjaE5lYXJieRACGAQgAA
TISSOT BOUTIQUE BY TEMPS WATCHES,store,8689000522,,"Ist Floor Shop No - 153, A&F,, Ambience Mall, Ambience Island, DLF Phase 3, Sector 24, Gurugram, Haryana 122002, India",4.7,58,https://maps.google.com/?cid=13370996170237373333&g_mp=Cilnb29nbGUubWFwcy5wbGFjZXMudjEuUGxhY2VzLlNlYXJjaE5lYXJieRACGAQgAA
FINMART REALTY - Property Dealers Dlf Phase 1,consultant,7676000014,http://finmartrealty.com/,"Plot No 9, FINMART REALTY, Bodhi Marg, Block E, DLF Phase 1, Sector 26, Gurugram, Haryana 122002, India",4.9,57,https://maps.google.com/?cid=11116433171773683493&g_mp=Cilnb29nbGUubWFwcy5wbGFjZXMudjEuUGxhY2VzLlNlYXJjaE5lYXJieRACGAQgAA
Vita Dairy,food_store,9958132126,http://www.vitaindia.com/,"Block A, F39F+7P3, Sector 28, Sushant Lok Phase I, Sector 43, Gurugram, Haryana 122002, India",4.2,57,https://maps.google.com/?cid=15963012984557939569&g_mp=Cilnb29nbGUubWFwcy5wbGFjZXMudjEuUGxhY2VzLlNlYXJjaE5lYXJieRACGAQgAA
Dainese/Moto Madness,store,9873996179,http://www.motomadness.in/?utm_source=google&utm_medium=wix_google_business_profile&utm_campaign=14732518217374523786,"Kh. No. 203/1, G/F Opp Pillar No.190 M.G.Road, Ghitorni, Side, Aya Nagar, New Delhi, Delhi 110047, India",4.6,57,https://maps.google.com/?cid=17806517060687224668&g_mp=Cilnb29nbGUubWFwcy5wbGFjZXMudjEuUGxhY2VzLlNlYXJjaE5lYXJieRACGAQgAA
Imperial Decor,store,9911460844,http://imperialdecor.in/,"55/12, Sector 28, DLF Phase 1, Gurugram, Haryana 122002, India",4.7,56,https://maps.google.com/?cid=14482165342665836291&g_mp=Cilnb29nbGUubWFwcy5wbGFjZXMudjEuUGxhY2VzLlNlYXJjaE5lYXJieRACGAQgAA
Flex Body Spa MG Road,spa,9220145309,https://www.flexbodyspa.in/,"3rd Floor, MGF Metropolis Mall, SN016, Mehrauli-Gurgaon Rd, next City Centre Mall, Sector 28, Maruti Housing Colony, Gurugram, Haryana 122009, India",5,56,https://maps.google.com/?cid=18060246517549173835&g_mp=Cilnb29nbGUubWFwcy5wbGFjZXMudjEuUGxhY2VzLlNlYXJjaE5lYXJieRACGAQgAA
Atomic Health & Fitness Gym,gym,8826837563,https://sites.google.com/view/atomichealthfitnessgym,"M-13, Block M, Mushedpur, DLF Phase 2, Sector 25, Gurugram, Haryana 122002, India",4.9,56,https://maps.google.com/?cid=15121769802576929703&g_mp=Cilnb29nbGUubWFwcy5wbGFjZXMudjEuUGxhY2VzLlNlYXJjaE5lYXJieRACGAQgAA
Dr Vikas Khanna,medical_clinic,9818089129,https://www.linkedin.com/pulse/art-living-how-live-dr-vikas-khanna?utm_source=share&utm_medium=member_android&utm_campaign=share_via,"g.f 6101, DLF, Prive clinic, phase 4, DLF Phase IV, Gurugram, Haryana 122009, India",4.9,55,https://maps.google.com/?cid=17580774882673345475&g_mp=Cilnb29nbGUubWFwcy5wbGFjZXMudjEuUGxhY2VzLlNlYXJjaE5lYXJieRACGAQgAA
Secure Connection Private Limited,,9871520394,https://honeywellconnection.com/,"6th floor, TOWER-A, MILLENNIUM PLAZA, Unit No – 601 to 603, Sector-27, Sector 43, Gurugram, Haryana 122009, India",5,55,https://maps.google.com/?cid=8285563089646508832&g_mp=Cilnb29nbGUubWFwcy5wbGFjZXMudjEuUGxhY2VzLlNlYXJjaE5lYXJieRACGAQgAA
ColourStory,painter,9667698253,,"A101, Block A, DLF Phase IV, RidgeWoodEstate, Gurugram, Haryana 122009, India",4.6,55,https://maps.google.com/?cid=7272390341710796316&g_mp=Cilnb29nbGUubWFwcy5wbGFjZXMudjEuUGxhY2VzLlNlYXJjaE5lYXJieRACGAQgAA
VPM PACKERS AND MOVERS,moving_company,9899971136,https://vpmpackersandmovers.com/,"Shop No 32, Valley Souk , Shopping Complex , Valley View Apartment, Faridabad - Gurgaon Rd, DLF Golf Course, Sector 42, Gurugram, Haryana 122002, India",4.8,55,https://maps.google.com/?cid=5230410794169848539&g_mp=Cilnb29nbGUubWFwcy5wbGFjZXMudjEuUGxhY2VzLlNlYXJjaE5lYXJieRACGAQgAA
Zen Ali key maker,locksmith,9910393679,https://zen-ali-key-maker.grexa.site/,"Iffco chowk metro staisan gate, 1, Sector 18, Gurugram, Haryana 122015, India",4.9,55,https://maps.google.com/?cid=11821518763632384942&g_mp=Cilnb29nbGUubWFwcy5wbGFjZXMudjEuUGxhY2VzLlNlYXJjaE5lYXJieRACGAQgAA
V3 Events & Wedding,service,8506000001,http://www.v3events.in/,"9, L-25, near by Privat Hospital, DLF Phase 2, Sector 25, Gurugram, Haryana 122002, India",4.6,55,https://maps.google.com/?cid=10957107789266792782&g_mp=Cilnb29nbGUubWFwcy5wbGFjZXMudjEuUGxhY2VzLlNlYXJjaE5lYXJieRACGAQgAA
Wow! Momo,restaurant,9147408699,https://restaurants.wowmomo.com/wow-momo-arjan-garh-metro-momo-restaurant-arjangarh-new-delhi-431722/Home?utm_source=locator&utm_medium=googleplaces,"Shop No 3, Outside Gate, 2, Metro Station, Arjan Garh, Aya Nagar, New Delhi, Delhi 110047, India",4,55,https://maps.google.com/?cid=2888077930086015554&g_mp=Cilnb29nbGUubWFwcy5wbGFjZXMudjEuUGxhY2VzLlNlYXJjaE5lYXJieRACGAQgAA
MOJO Pizza - 2X Toppings,pizza_restaurant,8068172526,https://eatclub.in/,"GROUND FLOOR, S 3, LOHIA MARKET, Nathupur, Sector 24, Gurugram, Haryana 122010, India",4.7,55,https://maps.google.com/?cid=9545268695909348474&g_mp=Cilnb29nbGUubWFwcy5wbGFjZXMudjEuUGxhY2VzLlNlYXJjaE5lYXJieRACGAQgAA
Dr Anju Dhingra Homoeopathy Clinic,health,9810077630,https://www.practo.com/gurgaon/clinic/dr-anju-dhingra-homoeopathy-clinic-dlf-phase-ii,"M-15/27, Mushedpur, DLF Phase 2, Sector 25, Gurugram, Haryana 122002, India",5,55,https://maps.google.com/?cid=10364352593706339434&g_mp=Cilnb29nbGUubWFwcy5wbGFjZXMudjEuUGxhY2VzLlNlYXJjaE5lYXJieRACGAQgAA
Avon Express Packers And Movers in Gurgaon,transportation_service,8295129512,https://www.avonexpressmovers.in/,"Shop No. 24, Block N, DLF Phase 2, Sector 25, Gurugram, Haryana 122002, India",4.6,55,https://maps.google.com/?cid=15535142474224752638&g_mp=Cilnb29nbGUubWFwcy5wbGFjZXMudjEuUGxhY2VzLlNlYXJjaE5lYXJieRACGAQgAA
Dohful Cookies & Coffee,bakery,7045160633,http://www.dohful.com/,"G33Q+8QP, Phase III, Udyog Vihar, Sector 20, Gurugram, Haryana 122008, India",4,55,https://maps.google.com/?cid=8896500125498529025&g_mp=Cilnb29nbGUubWFwcy5wbGFjZXMudjEuUGxhY2VzLlNlYXJjaE5lYXJieRACGAQgAA
Subway Ambience Mall,fast_food_restaurant,7303714346,https://subway.in/,"Ambience Mall 3, Ambience Island, DLF Phase 3, Sector 24, Gurugram, Haryana 122002, India",3.4,55,https://maps.google.com/?cid=1542245316527331220&g_mp=Cilnb29nbGUubWFwcy5wbGFjZXMudjEuUGxhY2VzLlNlYXJjaE5lYXJieRACGAQgAA
Lakkadworks - Luxury Interior Designers in Gurgaon,general_contractor,9999381022,http://www.lakkadworks.com/,"C2- 23A 3RD FLOOR, Block C2, Sushant Lok Phase I, Sector 43, Gurugram, Haryana 122009, India",4.7,54,https://maps.google.com/?cid=8061986096677409856&g_mp=Cilnb29nbGUubWFwcy5wbGFjZXMudjEuUGxhY2VzLlNlYXJjaE5lYXJieRACGAQgAA
Artistic Keeda Studios,association_or_organization,7291914410,https://artistickeedastudios.com/,"3rd floor, Artistic Keeda Studios, Admin Building, Excelsior American School, Block C2, DLF Garden Villas, Sector 43, Gurugram, Haryana 122009, India",4.9,54,https://maps.google.com/?cid=9382763891375187288&g_mp=Cilnb29nbGUubWFwcy5wbGFjZXMudjEuUGxhY2VzLlNlYXJjaE5lYXJieRACGAQgAA
Boba bhai,asian_grocery_store,7975673970,,"6, Chanderlok, DLF Phase IV, Gurugram, Haryana 122009, India",4.3,54,https://maps.google.com/?cid=1668097249447407541&g_mp=Cilnb29nbGUubWFwcy5wbGFjZXMudjEuUGxhY2VzLlNlYXJjaE5lYXJieRACGAQgAA
Printing hub,manufacturer,9971601186,https://www.instagram.com/printinghubgurgaon/,"Shop N4, Gangania Complex, Mehrauli-Gurgaon Rd, opp. Main Market, near Metro Pillar No.61, Sikanderpur, DLF Phase 1, Sector 26, Gurugram, Haryana 122002, India",4.6,54,https://maps.google.com/?cid=9860701909617095080&g_mp=Cilnb29nbGUubWFwcy5wbGFjZXMudjEuUGxhY2VzLlNlYXJjaE5lYXJieRACGAQgAA
Mint Relocation Packers And Movers,moving_company,9205238183,https://mintrelocationpackers.com/packers-and-movers-DLF-Phase-2-Sector-25-Gurugram/,"M-9/38, Mushedpur, DLF Phase 2, Sector 25, Gurugram, Haryana 122002, India",5,54,https://maps.google.com/?cid=1223863792820261837&g_mp=Cilnb29nbGUubWFwcy5wbGFjZXMudjEuUGxhY2VzLlNlYXJjaE5lYXJieRACGAQgAA
DTDC - Sector 18,courier_service,9810548641,,"office-2, Chhattar Singh Market ciemens ltd sectore 18 Opp, Plot no 6, Sector 37, Maruti Udyog, Sector 18, Gurugram, Haryana 122015, India",2.9,54,https://maps.google.com/?cid=5461537583557547352&g_mp=Cilnb29nbGUubWFwcy5wbGFjZXMudjEuUGxhY2VzLlNlYXJjaE5lYXJieRACGAQgAA
Piclelo – Vintage Photobooth (Delhi NCR),service,8200232407,https://piclelo.in/,"U24A, 8, Pink Town House Rd, U Block, DLF Phase 3, Sector 24, Gurugram, Haryana 122010, India",5,54,https://maps.google.com/?cid=7448264901437358363&g_mp=Cilnb29nbGUubWFwcy5wbGFjZXMudjEuUGxhY2VzLlNlYXJjaE5lYXJieRACGAQgAA
Smile Glow Dental Care,dentist,7355834282,,"H no 645, near Aggarwal rasoi, Saraswati Vihar, Chakkarpur, Gurugram, Haryana 122009, India",4.9,53,https://maps.google.com/?cid=10991497871380350180&g_mp=Cilnb29nbGUubWFwcy5wbGFjZXMudjEuUGxhY2VzLlNlYXJjaE5lYXJieRACGAQgAA
Codenexus,,9319210584,,"2nd Floor, Gaurav Plaza, Sikanderpur, DLF Phase 1, Guru Dronacharya, Gurugram, Haryana 122002, India",5,53,https://maps.google.com/?cid=2393300933845980800&g_mp=Cilnb29nbGUubWFwcy5wbGFjZXMudjEuUGxhY2VzLlNlYXJjaE5lYXJieRACGAQgAA
Space Inn,guest_house,9810095205,,"133, adjoining Golf Course Road, behind Mercedes Benz & Dell Building, Sector 43, Gurugram, Haryana 122009, India",4.4,51,https://maps.google.com/?cid=13717742041973625654&g_mp=Cilnb29nbGUubWFwcy5wbGFjZXMudjEuUGxhY2VzLlNlYXJjaE5lYXJieRACGAQgAA
The Ramen Project,ramen_restaurant,9310725023,,"5, C-11 St, DLF Phase 1, Sector 26A, Gurugram, Haryana 122002, India",5,51,https://maps.google.com/?cid=7930449496266118396&g_mp=Cilnb29nbGUubWFwcy5wbGFjZXMudjEuUGxhY2VzLlNlYXJjaE5lYXJieRACGAQgAA
SAFIYA HAIR STYLE SALON UNISEX,hair_salon,8750149527,,"Plot No A55/12 Near Rapid Metro Station A BLOCK, Sector 28, DLF Phase 1, Gurugram, Haryana 122002, India",5,51,https://maps.google.com/?cid=14732878791743251573&g_mp=Cilnb29nbGUubWFwcy5wbGFjZXMudjEuUGxhY2VzLlNlYXJjaE5lYXJieRACGAQgAA
91Springboard 21B Udyog Vihar,coworking_space,9597519191,http://www.91springboard.com/,"Sector 18, Gurugram, Haryana 122015, India",4.3,51,https://maps.google.com/?cid=7280659721936045501&g_mp=Cilnb29nbGUubWFwcy5wbGFjZXMudjEuUGxhY2VzLlNlYXJjaE5lYXJieRACGAQgAA
Cafe OMI,cafe,9811008684,http://www.thealdott.com/,"The Aldott, 81, Moulsari Ave, DLF Phase 3, Sector 24, Gurugram, Haryana 122002, India",4.5,51,https://maps.google.com/?cid=4956889282761145308&g_mp=Cilnb29nbGUubWFwcy5wbGFjZXMudjEuUGxhY2VzLlNlYXJjaE5lYXJieRACGAQgAA
Mothers' Mount Preschool & Daycare,preschool,9971130067,http://www.mothersmountschool.com/,"Media Campus, Shankar Chowk Rd, The National Media Centre, Sector 24, Gurugram, Haryana 122002, India",5,51,https://maps.google.com/?cid=9755703986982200894&g_mp=Cilnb29nbGUubWFwcy5wbGFjZXMudjEuUGxhY2VzLlNlYXJjaE5lYXJieRACGAQgAA
"Dr Sanjay Kumar Yadav | Best Liver Transplant Specialist in Gurugram | Narayana Hospital, Gurugram",doctor,8062154215,https://www.narayanahealth.org/c/gurugram/hepatology-liver-transplantation-gastro-sciences/dr-sanjay-kumar-yadav?utm_source=Googlemaps&utm_medium=GMB,"Narayana Hospital, Gurugram Plot 3201, Block - V DLF Phase - III, IDPL Twp, Nathupur, Sector 24, Gurugram, Haryana 122016, India",5,51,https://maps.google.com/?cid=1181767325373938941&g_mp=Cilnb29nbGUubWFwcy5wbGFjZXMudjEuUGxhY2VzLlNlYXJjaE5lYXJieRACGAQgAA
HomeGround Studios (TIG.Prod),store,8800840989,https://thatindecentgenre.com/,"130 sector 43, Golf Crse Rd, Sector 43, Gurugram, Haryana 122009, India",4.9,50,https://maps.google.com/?cid=6250410604711493267&g_mp=Cilnb29nbGUubWFwcy5wbGFjZXMudjEuUGxhY2VzLlNlYXJjaE5lYXJieRACGAQgAA
Unifit Realty,consultant,9958164422,https://unifitrealty.com/,"727, Golf Course Rd, Sector 42, Gurugram, Haryana 122009, India",4.5,50,https://maps.google.com/?cid=455392085604458021&g_mp=Cilnb29nbGUubWFwcy5wbGFjZXMudjEuUGxhY2VzLlNlYXJjaE5lYXJieRACGAQgAA
Kapda Story,home_goods_store,9818134449,,"F-4/1, Golf Course Rd, Block F, DLF Phase 1, Sector 26A, Gurugram, Haryana 122002, India",4.5,50,https://maps.google.com/?cid=11278545417012399001&g_mp=Cilnb29nbGUubWFwcy5wbGFjZXMudjEuUGxhY2VzLlNlYXJjaE5lYXJieRACGAQgAA
Big Wheelzz,tire_shop,8506001020,,"Shop Number 4, And 5, Galleria Boulevard, near Hamilton Court Road, DLF Phase IV, Gurugram, Haryana 122002, India",4.2,50,https://maps.google.com/?cid=8559570379709742394&g_mp=Cilnb29nbGUubWFwcy5wbGFjZXMudjEuUGxhY2VzLlNlYXJjaE5lYXJieRACGAQgAA
Sunset Story Rooftop Bar,lounge_bar,9899191917,https://www.marriott.com/en-us/hotels/delwi-the-westin-gurgaon-new-delhi/overview/?scid=f2ae0541-1279-4f24-b197-a979c79310b0,"The Westin, 1, Mehrauli-Gurgaon Rd, Sector 29, Gurugram, New Delhi, Haryana 122002, India",3.7,50,https://maps.google.com/?cid=9467567913657952776&g_mp=Cilnb29nbGUubWFwcy5wbGFjZXMudjEuUGxhY2VzLlNlYXJjaE5lYXJieRACGAQgAA
recycling Station,service,9811951255,,"Plot NO.747-B, 4, near ridgewood GateNo.1, Sector 28, DLF Phase 2, Sector 25, Gurugram, Haryana 122002, India",4.9,50,https://maps.google.com/?cid=9884174190604557232&g_mp=Cilnb29nbGUubWFwcy5wbGFjZXMudjEuUGxhY2VzLlNlYXJjaE5lYXJieRACGAQgAA
Dotline Informatics Private Limited,service,9810299937,https://dotlineinfo.com/,"621, Udyog Vihar Phase V Rd, Udyog Vihar 3, Phase V, Udyog Vihar, Sector 19, Gurugram, Haryana 122016, India",4.8,50,https://maps.google.com/?cid=1703726451202540071&g_mp=Cilnb29nbGUubWFwcy5wbGFjZXMudjEuUGxhY2VzLlNlYXJjaE5lYXJieRACGAQgAA
MBG Corporate Services,consultant,8860190008,http://www.mbgcorp.com/in/,"356, Udyog Vihar II Rd, Phase II, Udyog Vihar, Sector 20, Gurugram, Haryana 122016, India",4.1,50,https://maps.google.com/?cid=4100013622441079678&g_mp=Cilnb29nbGUubWFwcy5wbGFjZXMudjEuUGxhY2VzLlNlYXJjaE5lYXJieRACGAQgAA
"Dr J Arya - Best Physiotherapist Knee, Back & Shoulder Pain, Stroke DLF Phase 1",medical_clinic,9650091934,http://dynafisio.com/,"Basement, near Supermart 1, DLF Phase IV, Gurugram, Haryana 122002, India",5,49,https://maps.google.com/?cid=1780612177454561310&g_mp=Cilnb29nbGUubWFwcy5wbGFjZXMudjEuUGxhY2VzLlNlYXJjaE5lYXJieRACGAQgAA
Yog with Mercy,,8076860526,,"Ridgewood Estate, Galleria Boulevard, next to Galleria Market, opposite Hamilton Court, DLF Phase IV, Gurugram, Haryana 122009, India",5,49,https://maps.google.com/?cid=7690699439943551138&g_mp=Cilnb29nbGUubWFwcy5wbGFjZXMudjEuUGxhY2VzLlNlYXJjaE5lYXJieRACGAQgAA
Dr Pallavi Singh,doctor,9625723234,https://drpallavi.com/,"102 A, Basement, Arjun Marg, Golf Course Rd, DLF Phase 1, Sector 26A, Gurugram, Haryana 122002, India",5,49,https://maps.google.com/?cid=8579678402612160663&g_mp=Cilnb29nbGUubWFwcy5wbGFjZXMudjEuUGxhY2VzLlNlYXJjaE5lYXJieRACGAQgAA
Darshan Travels,taxi_service,9818119349,http://www.thedarshantravels.in/,"A2/76A, Phase 5, Aya Nagar Extension, Aya Nagar, New Delhi, Delhi 110047, India",5,49,https://maps.google.com/?cid=8391766132291921678&g_mp=Cilnb29nbGUubWFwcy5wbGFjZXMudjEuUGxhY2VzLlNlYXJjaE5lYXJieRACGAQgAA
AS Balloon & Decorator,,9266822432,https://asballoondecorator.com/,"Shop No. 4 First Floor, Market Sikanderpur, opposite Metro Pillar No. 49, near Mehrauli-Gurgaon Road, Sikanderpur, DLF Phase 1, Sector 26, Gurugram, Haryana 122002, India",5,49,https://maps.google.com/?cid=12423069203291571380&g_mp=Cilnb29nbGUubWFwcy5wbGFjZXMudjEuUGxhY2VzLlNlYXJjaE5lYXJieRACGAQgAA
Hariprasad plumbing service and electrician,plumber,7052232322,https://g.page/r/CVYmiXR6Mt2bEBE/review,"phase 5, 43, Sector 42, Gurugram, Haryana 122009, India",4.8,48,https://maps.google.com/?cid=11231188547254429270&g_mp=Cilnb29nbGUubWFwcy5wbGFjZXMudjEuUGxhY2VzLlNlYXJjaE5lYXJieRACGAQgAA
WITHIN,manufacturer,8800228312,http://www.within.net.in/,"Khasra no. 541, Mehrauli-Gurgaon Rd, Arjan Garh, Aya Nagar, Gurugram, New Delhi, Delhi 110047, India",4.6,48,https://maps.google.com/?cid=18056469441579534496&g_mp=Cilnb29nbGUubWFwcy5wbGFjZXMudjEuUGxhY2VzLlNlYXJjaE5lYXJieRACGAQgAA
Ola Charging Station,electric_vehicle_charging_station,8068964050,https://olaelectric.com/,"F3PF+M72, Unnamed Road, Sector 18, Gurugram, Haryana 122015, India",4,48,https://maps.google.com/?cid=349323785109742766&g_mp=Cilnb29nbGUubWFwcy5wbGFjZXMudjEuUGxhY2VzLlNlYXJjaE5lYXJieRACGAQgAA
Physioway- The Physiotherapy Clinic,medical_clinic,9910119075,,"c2, 97, near Dlf phase 4, Block C2, Sushant Lok Phase I, Sector 43, Gurugram, Haryana 122009, India",4.9,47,https://maps.google.com/?cid=16947627721067113676&g_mp=Cilnb29nbGUubWFwcy5wbGFjZXMudjEuUGxhY2VzLlNlYXJjaE5lYXJieRACGAQgAA
Double Tree Resorts and Holidays,tour_agency,7303944472,https://www.doubletreeresortsandholidays.com/,"4th Floor, Vashisth Complex, 427, sikanderpur, Sector 28, DLF Phase 1, Sector 26, Gurugram, Haryana 122002, India",4.6,47,https://maps.google.com/?cid=6171341754056815722&g_mp=Cilnb29nbGUubWFwcy5wbGFjZXMudjEuUGxhY2VzLlNlYXJjaE5lYXJieRACGAQgAA
UMANG WORLD,consultant,9810304667,http://www.umangworld.com/,"Second Floor, S-22/12, DLF Phase 3, Sector 24, Gurugram, Haryana 122010, India",5,47,https://maps.google.com/?cid=11739998409602892509&g_mp=Cilnb29nbGUubWFwcy5wbGFjZXMudjEuUGxhY2VzLlNlYXJjaE5lYXJieRACGAQgAA
Mohan Clothing Co Pvt ltd,corporate_office,8071811173,http://www.blackberrys.com/,"58, Jaipur - Delhi Expy, Phase IV, Udyog Vihar, Sector 18, Gurugram, Haryana 122015, India",3.2,47,https://maps.google.com/?cid=14407360968597867877&g_mp=Cilnb29nbGUubWFwcy5wbGFjZXMudjEuUGxhY2VzLlNlYXJjaE5lYXJieRACGAQgAA
Galactic Client Services Pvt Ltd,,9711990616,http://www.galacticcs.com/,"AIHP Tower, 249 Wing B, Ground Floor, Phase IV, Udyog Vihar, Sector 18, Gurugram, Haryana 122015, India",3.4,47,https://maps.google.com/?cid=13803152508594734700&g_mp=Cilnb29nbGUubWFwcy5wbGFjZXMudjEuUGxhY2VzLlNlYXJjaE5lYXJieRACGAQgAA
"Dr. Rachit Saxena | Narayana Hospital, Gurugram",doctor,8062154262,https://www.narayanahealth.org/?utm_source=GooglePlaces&utm_medium=GBP,"Block - V, DLF Phase - III, Plot 3201, Lane Number V-37, Nathupur, Sector 24, Gurugram, Haryana 122010, India",5,47,https://maps.google.com/?cid=16786553148274878723&g_mp=Cilnb29nbGUubWFwcy5wbGFjZXMudjEuUGxhY2VzLlNlYXJjaE5lYXJieRACGAQgAA
YASHI DENTAL CARE & IMPLANT CENTER,dentist,9717949699,,"SHOP NO 33, Vyapar Kendra Rd, Block C, Sushant Lok Phase I, Sector 43, Gurugram, Haryana 122009, India",5,46,https://maps.google.com/?cid=5589730622792515452&g_mp=Cilnb29nbGUubWFwcy5wbGFjZXMudjEuUGxhY2VzLlNlYXJjaE5lYXJieRACGAQgAA
Novella Kitchens - Modular Kitchens and Wardrobes,furniture_store,9810902360,https://www.novellakitchens.com/,"Basement, 79, Golf Crse Rd, Sector 28, Chakkarpur, Gurugram, Haryana 122002, India",5,46,https://maps.google.com/?cid=17379571150642401469&g_mp=Cilnb29nbGUubWFwcy5wbGFjZXMudjEuUGxhY2VzLlNlYXJjaE5lYXJieRACGAQgAA
Beyond Sleep | Luxury Mattress Store in Gurugram,furniture_store,7048977566,https://beyondsleep.in/,"Shop no- . LGF-001, A & B, Lower Ground Floor, DLF City, Center, Mehrauli-Gurgaon Rd, Sector 28, Maruti Housing Colony, Gurugram, Haryana 122001, India",4.2,46,https://maps.google.com/?cid=6303480871228888568&g_mp=Cilnb29nbGUubWFwcy5wbGFjZXMudjEuUGxhY2VzLlNlYXJjaE5lYXJieRACGAQgAA
Baby Brand Saffron,wholesaler,7879123123,http://www.babysaffron.com/,"Showroom No.5, 2nd Floor, MGF Metropolitan Mall, Mehrauli-Gurgaon Rd, Sector 28, Maruti Housing Colony, Gurugram, Haryana 122002, India",4.7,46,https://maps.google.com/?cid=12259912692765675308&g_mp=Cilnb29nbGUubWFwcy5wbGFjZXMudjEuUGxhY2VzLlNlYXJjaE5lYXJieRACGAQgAA
FranklinCovey Training & Consulting LLP,consultant,9650013640,http://www.franklincoveysouthasia.com/,"Plot Number 1128, Sector 17-B, Block B, IFFCO Colony, Sector 17, Gurugram, Haryana 122001, India",4.2,46,https://maps.google.com/?cid=14152323917317543325&g_mp=Cilnb29nbGUubWFwcy5wbGFjZXMudjEuUGxhY2VzLlNlYXJjaE5lYXJieRACGAQgAA
Sk Enterprises,furniture_store,8789755135,https://youtube.com/shorts/3Tr6SHYpv5Y?si=G0mHb-6JMVy1nJBO,"Mehrauli-Gurgaon Rd, Sikanderpur, DLF Phase 1, Sector 24, Gurugram, Haryana 122010, India",5,46,https://maps.google.com/?cid=4966705376520568786&g_mp=Cilnb29nbGUubWFwcy5wbGFjZXMudjEuUGxhY2VzLlNlYXJjaE5lYXJieRACGAQgAA
Sky Wash Laundry,laundry,9654349983,https://skywash.online/,"S Block, DLF Phase 3, Sector 24, Gurugram, Haryana 122002, India",4.9,46,https://maps.google.com/?cid=15139275494793725140&g_mp=Cilnb29nbGUubWFwcy5wbGFjZXMudjEuUGxhY2VzLlNlYXJjaE5lYXJieRACGAQgAA
S K Dental Clinic,dental_clinic,8708542898,,"Lane no.1, Vill Sarhol, opposite to The fitness point gym, Sector 18, Gurugram, Haryana 122015, India",4.6,46,https://maps.google.com/?cid=14073298929412730438&g_mp=Cilnb29nbGUubWFwcy5wbGFjZXMudjEuUGxhY2VzLlNlYXJjaE5lYXJieRACGAQgAA
Smile By Design,dental_clinic,9818293593,https://smilebydesign.co/,"10, V-30, near DLF City Club, DLF Phase 3, Sector 24, Gurugram, Haryana 122002, India",5,46,https://maps.google.com/?cid=17932255751973518511&g_mp=Cilnb29nbGUubWFwcy5wbGFjZXMudjEuUGxhY2VzLlNlYXJjaE5lYXJieRACGAQgAA
Epoch Elder Care - Vermeer,health,7996182777,https://www.epocheldercare.com/our-homes/delhi-ncr,"H - 34/16, Block H, DLF Phase 1, Sector 26, Gurugram, Haryana 122002, India",4.2,45,https://maps.google.com/?cid=292474202540318235&g_mp=Cilnb29nbGUubWFwcy5wbGFjZXMudjEuUGxhY2VzLlNlYXJjaE5lYXJieRACGAQgAA
Ronik Mehandi Arts,body_art_service,9548384347,https://www.ronikmehandiarts.in/,"NH-8, DLF DOWNTOWN, near Ambience Mall, Ambience Island, DLF Phase 3, Sector 24, Gurugram, Haryana 122002, India",4.9,45,https://maps.google.com/?cid=8779035150087081865&g_mp=Cilnb29nbGUubWFwcy5wbGFjZXMudjEuUGxhY2VzLlNlYXJjaE5lYXJieRACGAQgAA
Inner Wisdom Light | Best Tarot Reader In Gurgaon | Best Reiki Healer In Gurgaon,service,9310216101,https://innerwisdomlight.com/,"X196, 19th floor, REGENCY PARK-2, near Shriram school, near Galleria market, DLF Phase IV, Gurugram, Haryana 122009, India",5,44,https://maps.google.com/?cid=6432510120195625034&g_mp=Cilnb29nbGUubWFwcy5wbGFjZXMudjEuUGxhY2VzLlNlYXJjaE5lYXJieRACGAQgAA
Bizloan Private Limited,finance,9211431777,http://www.bizloanindia.com/,"DLF, 132, Qutab Plz Rd, DLF Phase 1, Sector 26A, Gurugram, Haryana 122002, India",3.3,44,https://maps.google.com/?cid=2073093884922562494&g_mp=Cilnb29nbGUubWFwcy5wbGFjZXMudjEuUGxhY2VzLlNlYXJjaE5lYXJieRACGAQgAA
Saras Prem Diamond Tools,building_materials_store,9891214868,,"Opp Pillar No. 62, Mehrauli-Gurgaon Road, DLF City I, Sikanderpur, Sector 26, Block H, DLF Phase 1, Sector 26, Gurugram, Haryana 122002, India",4.3,44,https://maps.google.com/?cid=1758536978946193772&g_mp=Cilnb29nbGUubWFwcy5wbGFjZXMudjEuUGxhY2VzLlNlYXJjaE5lYXJieRACGAQgAA
Cyber Service Apartments Gurgaon- DLF Cyber City,lodging,8588884595,http://cyberserviceapartmentsgurgaon.com/,"20, Jacaranda Marg, DLF City, DLF Phase 2, Sector 25, Gurugram, Haryana 122002, India",4.8,44,https://maps.google.com/?cid=11813022651059835315&g_mp=Cilnb29nbGUubWFwcy5wbGFjZXMudjEuUGxhY2VzLlNlYXJjaE5lYXJieRACGAQgAA
ELAARSON,service,9990055738,https://www.elaarson.com/,"Tower B, Building, Ground Floor, Building Number 5, DLF Cyber City, DLF Phase 3, Sector 24, Gurugram, Haryana 122002, India",4.9,44,https://maps.google.com/?cid=11220897234629911526&g_mp=Cilnb29nbGUubWFwcy5wbGFjZXMudjEuUGxhY2VzLlNlYXJjaE5lYXJieRACGAQgAA
Incuspaze Gurgaon Campus 2,coworking_space,9930662621,https://www.incuspaze.com/gurugram/space-details/incuspaze-campus-2?utm_source=gmb&utm_medium=organic&utm_campaign=incuspaze&utm_content=gurgaon_Campus_2,"Plot No. 13, Phase IV, Maruti Udyog, Sector 18, Gurugram, Haryana 122001, India",4.4,44,https://maps.google.com/?cid=1313220424752790551&g_mp=Cilnb29nbGUubWFwcy5wbGFjZXMudjEuUGxhY2VzLlNlYXJjaE5lYXJieRACGAQgAA
Hero MotoCorp Ltd. Zonal Office ( North),corporate_office,9716552627,,"DLF Center Court, Sector 42, Gurugram, Haryana 122009, India",3.1,43,https://maps.google.com/?cid=15692164720619415218&g_mp=Cilnb29nbGUubWFwcy5wbGFjZXMudjEuUGxhY2VzLlNlYXJjaE5lYXJieRACGAQgAA
RR premium residency,hotel,9770007631,,"676, Sector 42, Gurugram, Haryana 122009, India",4.7,43,https://maps.google.com/?cid=3519632757421928762&g_mp=Cilnb29nbGUubWFwcy5wbGFjZXMudjEuUGxhY2VzLlNlYXJjaE5lYXJieRACGAQgAA
Gutwell - Gastroenterologist and Liver Specialist in Gurgaon | Endoscopy Centre,doctor,9310009882,https://gutwell.co.in/,"House No. 9, Hamilton Ct Rd, Sector 27, Gurugram, Haryana 122009, India",4.6,43,https://maps.google.com/?cid=7950144566636808081&g_mp=Cilnb29nbGUubWFwcy5wbGFjZXMudjEuUGxhY2VzLlNlYXJjaE5lYXJieRACGAQgAA
Gurgaon Meditation गुड़गांव ध्यान केंद्र 마음수련,health,7042239996,https://gurgaonmeditation.org/,"F/N 202, Block-1, Jan Pratinidhi Apartments, Sector 28, Chakkarpur, Gurugram, Haryana 122009, India",4.6,43,https://maps.google.com/?cid=11297181625105604438&g_mp=Cilnb29nbGUubWFwcy5wbGFjZXMudjEuUGxhY2VzLlNlYXJjaE5lYXJieRACGAQgAA
Tata 1mg Pharmacy & Lab Tests,pharmacy,9289222806,https://retailstore.1mg.com/tata-1mg-pharmacy-lab-tests-qutub-plaza-pharmacy-shop-dlf-city-gurugram-292918/Home?utm_source=locator&utm_medium=googleplaces,"Ground Floor, Qutab Complex, B/11, DLF Phase 1, Sector 26A, Gurugram, Haryana 122002, India",4.6,43,https://maps.google.com/?cid=16198786091043161440&g_mp=Cilnb29nbGUubWFwcy5wbGFjZXMudjEuUGxhY2VzLlNlYXJjaE5lYXJieRACGAQgAA
Dida,manufacturer,9971930058,https://www.didasports.com/,"V, Phase V, 785, Phase V, Udyog Vihar, Sector 19, Gurugram, Haryana 122016, India",4.2,43,https://maps.google.com/?cid=6188713192794567099&g_mp=Cilnb29nbGUubWFwcy5wbGFjZXMudjEuUGxhY2VzLlNlYXJjaE5lYXJieRACGAQgAA
Good To Go Store,food_store,9350023335,https://goodtogostore.com/,"SHOP NUMBER 135, GROUND FLOOR GROUND FLOOR, SUSHANT, Vyapar Kendra Rd, Block C, Sushant Lok Phase I, Sector 43, Gurugram, Haryana 122009, India",4.2,42,https://maps.google.com/?cid=8101173254320827886&g_mp=Cilnb29nbGUubWFwcy5wbGFjZXMudjEuUGxhY2VzLlNlYXJjaE5lYXJieRACGAQgAA
Priyanshi Jain,service,9211975957,https://www.priyanshijain.com/,"Ground Floor, Plot No. 1, F-4, Block F, DLF Phase 1, Sector 26A, Gurugram, Haryana 122002, India",5,42,https://maps.google.com/?cid=8553347714588723960&g_mp=Cilnb29nbGUubWFwcy5wbGFjZXMudjEuUGxhY2VzLlNlYXJjaE5lYXJieRACGAQgAA
Fitclub - Golf Course Road,fitness_center,8871017101,https://fitclub.in/,"102A, second Floor DLF Phase 1 Golf Course Road, Arjun Marg, Block C, Sector 26A, Gurugram, Haryana 122002, India",4.6,42,https://maps.google.com/?cid=14162380379798743121&g_mp=Cilnb29nbGUubWFwcy5wbGFjZXMudjEuUGxhY2VzLlNlYXJjaE5lYXJieRACGAQgAA
TEN Events & Entertainment LLP,,9910804033,http://www.tenevents.in/,"59, Akashneem Marg, DLF Phase 2, Sector 25, Gurugram, Haryana 122002, India",4.9,42,https://maps.google.com/?cid=1970484893722948260&g_mp=Cilnb29nbGUubWFwcy5wbGFjZXMudjEuUGxhY2VzLlNlYXJjaE5lYXJieRACGAQgAA
Fertilityworld,medical_clinic,9311850412,http://fertilityworld.in/,"4003 3rd floor, 4, DLF City, Phase 3 Road, Block A, DLF Phase 3, Sector 24, Gurugram, Haryana 122009, India",5,41,https://maps.google.com/?cid=12953405086892243067&g_mp=Cilnb29nbGUubWFwcy5wbGFjZXMudjEuUGxhY2VzLlNlYXJjaE5lYXJieRACGAQgAA
Flats On Rent 28,lodging,9090908778,http://housr.in/,"Plot No. 219, Sector 28, Chakkarpur, Gurugram, Haryana 122009, India",4.5,41,https://maps.google.com/?cid=15654936074181832675&g_mp=Cilnb29nbGUubWFwcy5wbGFjZXMudjEuUGxhY2VzLlNlYXJjaE5lYXJieRACGAQgAA
Woro®,service,9711101156,http://woromedia.com/,"Phase IV, Udyog Vihar, Sector 18, Gurugram, Haryana 122015, India",5,40,https://maps.google.com/?cid=6971822111012157054&g_mp=Cilnb29nbGUubWFwcy5wbGFjZXMudjEuUGxhY2VzLlNlYXJjaE5lYXJieRACGAQgAA
vaango,vegetarian_restaurant,9660293729,,"Ambience Mall, NH 8, Ambience Island, DLF Phase 3, Sector 24, Gurugram, Haryana 122010, India",4.2,40,https://maps.google.com/?cid=18088696838326647294&g_mp=Cilnb29nbGUubWFwcy5wbGFjZXMudjEuUGxhY2VzLlNlYXJjaE5lYXJieRACGAQgAA
ShutterDown Photograhy and Films | Lakshya Chawla,service,9599314849,http://www.shutterdown.in/,"74, First Floor, Sector 28, Chakkarpur, Gurugram, Haryana 122002, India",4.5,39,https://maps.google.com/?cid=1872698868785417929&g_mp=Cilnb29nbGUubWFwcy5wbGFjZXMudjEuUGxhY2VzLlNlYXJjaE5lYXJieRACGAQgAA
CHANDA ESTATE,general_contractor,9811940340,https://chandaestate.in/,"24, Bougainvilla Marg, DLF Phase 2, Sector 25, Gurugram, Shahpur, Haryana 122002, India",4.5,39,https://maps.google.com/?cid=1433815439193310022&g_mp=Cilnb29nbGUubWFwcy5wbGFjZXMudjEuUGxhY2VzLlNlYXJjaE5lYXJieRACGAQgAA
Hair Now,medical_clinic,9999003675,http://hairnow.in/,"N-1/2, N-1, DLF Phase 2, Sector 25, Gurugram, Haryana 122002, India",4.7,39,https://maps.google.com/?cid=706423532802638977&g_mp=Cilnb29nbGUubWFwcy5wbGFjZXMudjEuUGxhY2VzLlNlYXJjaE5lYXJieRACGAQgAA
Kumkum Jewellers,jewelry_store,9555644440,,"776, नया मोहल्ला मार्ग, near Kapil Dairy, Balveer Market, U Block, DLF Phase 3, Sector 24, Gurugram, Haryana 122002, India",4,39,https://maps.google.com/?cid=1527551822747608204&g_mp=Cilnb29nbGUubWFwcy5wbGFjZXMudjEuUGxhY2VzLlNlYXJjaE5lYXJieRACGAQgAA
VacationBox,travel_agency,9810405204,,"WeWork, DLF Forum, Cyber City, DLF Cyber City, DLF Phase 3, Sector 24, Gurugram, Haryana 122002, India",5,39,https://maps.google.com/?cid=16625077741617182841&g_mp=Cilnb29nbGUubWFwcy5wbGFjZXMudjEuUGxhY2VzLlNlYXJjaE5lYXJieRACGAQgAA
Iqrup+Ritz,furniture_store,9599110672,http://www.iqrupandritz.com/,"Electronic City, Phase IV, Udyog Vihar, Sector 18, Gurugram, Haryana 122015, India",4.1,39,https://maps.google.com/?cid=15150631762105075922&g_mp=Cilnb29nbGUubWFwcy5wbGFjZXMudjEuUGxhY2VzLlNlYXJjaE5lYXJieRACGAQgAA
Digitos Technology Pvt Ltd,manufacturer,7303111044,https://digitos.io/,"Basement Plot, Phase-1, 765, Sector 42 Main Rd, Sector 42, Gurugram, Haryana 122002, India",4.3,38,https://maps.google.com/?cid=15920687877268804416&g_mp=Cilnb29nbGUubWFwcy5wbGFjZXMudjEuUGxhY2VzLlNlYXJjaE5lYXJieRACGAQgAA
Fellmonger,shoe_store,9899135310,https://fellmonger.in/,"343P, Golf Course Rd, Sector 28, Chakkarpur, Gurugram, Haryana 122002, India",4.9,38,https://maps.google.com/?cid=15839117734424853569&g_mp=Cilnb29nbGUubWFwcy5wbGFjZXMudjEuUGxhY2VzLlNlYXJjaE5lYXJieRACGAQgAA
DN Cricket Academy,athletic_field,9716000285,,"The Grand Western Green Farm House, Nathupur Road, Behind Ambience Mall, Rajokari, Rajokri Village, Rajokri, New Delhi, Delhi 110038, India",3.6,38,https://maps.google.com/?cid=14073331082986464866&g_mp=Cilnb29nbGUubWFwcy5wbGFjZXMudjEuUGxhY2VzLlNlYXJjaE5lYXJieRACGAQgAA
"Crocs - Ambience Mall, Gurgaon",shoe_store,7738942002,https://www.apparelgroup.in/footwear/crocs/,"NH- 8, Ambience Island, DLF Phase 3, Sector 24, Gurugram, Haryana 122010, India",4.9,38,https://maps.google.com/?cid=6487580783123478986&g_mp=Cilnb29nbGUubWFwcy5wbGFjZXMudjEuUGxhY2VzLlNlYXJjaE5lYXJieRACGAQgAA
HomeClone,lodging,9315329958,https://homeclone.in/,"758, Sector 42, Gurugram, Haryana 122009, India",2.8,37,https://maps.google.com/?cid=10149334189654346871&g_mp=Cilnb29nbGUubWFwcy5wbGFjZXMudjEuUGxhY2VzLlNlYXJjaE5lYXJieRACGAQgAA
Supp Nutrition Pvt. Ltd.,corporate_office,9268634567,,"F9/13A, 2nd Floor, Block F, DLF Phase 1, Sector 26A, Gurugram, Haryana 122002, India",4.8,37,https://maps.google.com/?cid=3429359370192168556&g_mp=Cilnb29nbGUubWFwcy5wbGFjZXMudjEuUGxhY2VzLlNlYXJjaE5lYXJieRACGAQgAA
Garg Dastak Qutub Plaza,asian_grocery_store,8588853644,https://gargdastak.com/,"Qutub Plaza, Shop No B-12, ground floor, Complex Shop, Dlf Qutub Enclave, DLF Phase 1, Sector 26A, Gurugram, Haryana 122002, India",3.4,37,https://maps.google.com/?cid=548329906847545565&g_mp=Cilnb29nbGUubWFwcy5wbGFjZXMudjEuUGxhY2VzLlNlYXJjaE5lYXJieRACGAQgAA
T.O.O.K The Olive Oil Kitchen,mediterranean_restaurant,9654457626,,"2nd Floor,Vijay Complex, Vakil market, Sector 28, DLF Phase IV, Gurugram, Haryana 122009, India",4.5,37,https://maps.google.com/?cid=1480514838072136247&g_mp=Cilnb29nbGUubWFwcy5wbGFjZXMudjEuUGxhY2VzLlNlYXJjaE5lYXJieRACGAQgAA
Hampery,gift_shop,9958292611,https://hampery.com/,"F- 241, Street Number 19, Arjan Garh, Aya Nagar, New Delhi, Delhi 110047, India",5,37,https://maps.google.com/?cid=17138922873829884032&g_mp=Cilnb29nbGUubWFwcy5wbGFjZXMudjEuUGxhY2VzLlNlYXJjaE5lYXJieRACGAQgAA
Rudra Law Firm,consultant,9810084594,http://www.rudralawfirm.com/,"118, 1st Floor, Edmonton Mall, Hotel Bristol, Bristol Chowk, Mehrauli-Gurgaon Rd, Sector 28, DLF Phase 1, Gurugram, Haryana 122002, India",4,37,https://maps.google.com/?cid=17245909918720374764&g_mp=Cilnb29nbGUubWFwcy5wbGFjZXMudjEuUGxhY2VzLlNlYXJjaE5lYXJieRACGAQgAA
World of Wild – Wildlife & Birding Tours India,tour_agency,9286292864,https://worldofwild.in/,"Plot No-J10/10, DLF Phase 2, Sector 25, Gurugram, Haryana 122002, India",5,37,https://maps.google.com/?cid=14334882835438713042&g_mp=Cilnb29nbGUubWFwcy5wbGFjZXMudjEuUGxhY2VzLlNlYXJjaE5lYXJieRACGAQgAA
Batra Properties,real_estate_agency,9871774175,,"19, Bougainvilla Marg, near BRISTOL HOTEL, DLF Phase 2, Sector 25, Gurugram, Haryana 122002, India",4.4,37,https://maps.google.com/?cid=98830748639888311&g_mp=Cilnb29nbGUubWFwcy5wbGFjZXMudjEuUGxhY2VzLlNlYXJjaE5lYXJieRACGAQgAA
Center For Advanced Homeopathy(A Planett Wellness) Gurugram,physiotherapist,9212774419,,"22 BVM, DLF Phase 2, Sector 25, Gurugram, Haryana 122002, India",4.2,37,https://maps.google.com/?cid=16442231277643462655&g_mp=Cilnb29nbGUubWFwcy5wbGFjZXMudjEuUGxhY2VzLlNlYXJjaE5lYXJieRACGAQgAA
Project Power Gym,gym,9899555975,,"10, M-11A, Block M, DLF Phase 2, Sector 25, Gurugram, Haryana 122002, India",5,37,https://maps.google.com/?cid=12948303028814295403&g_mp=Cilnb29nbGUubWFwcy5wbGFjZXMudjEuUGxhY2VzLlNlYXJjaE5lYXJieRACGAQgAA
Heart Hospital Gurugram | Heart Care Center | Narayana Hospital,doctor,8062154221,https://www.narayanahealth.org/ocaapp/doctors/gurugram/cardiology/?utm_source=Googlemaps&utm_medium=GMB,"Plot 3201, V Block, Narayana Superspeciality Hospital, DLF Phase 3, Sector 24, Gurugram, Haryana 122010, India",4.8,37,https://maps.google.com/?cid=4003769705250967048&g_mp=Cilnb29nbGUubWFwcy5wbGFjZXMudjEuUGxhY2VzLlNlYXJjaE5lYXJieRACGAQgAA
Dr. Mukesh Mall - Acupressure & Personal Yoga Trainer at Home in Gurugram,,9990568775,https://www.devnaturecare.com/,"Y 128, 2, Regency Park Road, DLF Phase IV, Gurugram, Haryana 122009, India",5,36,https://maps.google.com/?cid=7359564606154374955&g_mp=Cilnb29nbGUubWFwcy5wbGFjZXMudjEuUGxhY2VzLlNlYXJjaE5lYXJieRACGAQgAA
Eventador Productions,service,8527825268,http://www.eventador.productions/,"Second Floor, 37, Arjun Marg, Block E, DLF Phase 1, Sector 26A, Gurugram, Haryana 122001, India",4.9,36,https://maps.google.com/?cid=2604768524971540871&g_mp=Cilnb29nbGUubWFwcy5wbGFjZXMudjEuUGxhY2VzLlNlYXJjaE5lYXJieRACGAQgAA
HUSSAIN COMMUNICATION & MOBILE REPAIRING,service,9810306462,,"house no 314, shop 1, 50, Sikanderpur Rd, near Metro Piller, Sikanderpur, DLF Phase 1, Sector 26, Gurugram, Haryana 122002, India",4.9,36,https://maps.google.com/?cid=13372173721167017840&g_mp=Cilnb29nbGUubWFwcy5wbGFjZXMudjEuUGxhY2VzLlNlYXJjaE5lYXJieRACGAQgAA
Subway Arjangarh Metro Station,sandwich_shop,9220448260,https://subway.in/,"Arjangarh Metro Station, Shop No 3, Gate No 2, Metro Station Arjan Garh, Aya Nagar, New Delhi, Delhi 110047, India",3.8,36,https://maps.google.com/?cid=2029893872989415903&g_mp=Cilnb29nbGUubWFwcy5wbGFjZXMudjEuUGxhY2VzLlNlYXJjaE5lYXJieRACGAQgAA
Kavya Digital Solution,service,9911388747,http://kavyadigitalsolution.com/,"NO - 54B, PLOT, Sarhaul, Sector 18, Gurugram, Haryana 122015, India",4.8,36,https://maps.google.com/?cid=4090588396600482984&g_mp=Cilnb29nbGUubWFwcy5wbGFjZXMudjEuUGxhY2VzLlNlYXJjaE5lYXJieRACGAQgAA
Khatri opticals,store,9818337664,,"GF 134 SUSHANT VYAPAR KENDER, SUSHANT LOK 1, Block C, Sushant Lok Phase I, Sector 43, Gurgaon, Gurugram, Haryana 122009, India",4.9,35,https://maps.google.com/?cid=12859121873215138955&g_mp=Cilnb29nbGUubWFwcy5wbGFjZXMudjEuUGxhY2VzLlNlYXJjaE5lYXJieRACGAQgAA
Dough Cream Heaven,bakery,9220895558,https://d-doughcreamheaven970.dotpe.in/,"DLF Phase IV, Gurugram, Haryana 122009, India",4.7,35,https://maps.google.com/?cid=13912550274150286057&g_mp=Cilnb29nbGUubWFwcy5wbGFjZXMudjEuUGxhY2VzLlNlYXJjaE5lYXJieRACGAQgAA
Hazoorilal Jewellers,jewelry_store,9211814700,https://hazoorilaljewellers.com/?utm_source=google&utm_medium=organic&utm_campaign=gbp-listing,"Shop No.4-5, Urban Estate, Golf Avenue 42, Sector 42, Gurugram, Haryana 122002, India",4.8,35,https://maps.google.com/?cid=16807963010682663578&g_mp=Cilnb29nbGUubWFwcy5wbGFjZXMudjEuUGxhY2VzLlNlYXJjaE5lYXJieRACGAQgAA
Future Fitness,gym,9999408340,,"Sector 42 Main Rd, Sector 42, Gurugram, Haryana 122002, India",5,35,https://maps.google.com/?cid=3260787895088720342&g_mp=Cilnb29nbGUubWFwcy5wbGFjZXMudjEuUGxhY2VzLlNlYXJjaE5lYXJieRACGAQgAA
Garg Traders,grocery_store,9810842684,,"Shop No-1, Ganesh Mandir Road, Near Bihari Market, Chakkarpur, DLF City IV, Sector 28, Sector 28, DLF City IV, Gurugram, Haryana 122002, India",3.9,35,https://maps.google.com/?cid=6765314256031659878&g_mp=Cilnb29nbGUubWFwcy5wbGFjZXMudjEuUGxhY2VzLlNlYXJjaE5lYXJieRACGAQgAA
Niva Bupa Health Insurance,insurance_agency,8700414163,https://www.nivabupa.com/,"389, Sector 29, Gurugram, Haryana 122001, India",2.7,35,https://maps.google.com/?cid=6552373994317615500&g_mp=Cilnb29nbGUubWFwcy5wbGFjZXMudjEuUGxhY2VzLlNlYXJjaE5lYXJieRACGAQgAA
Prisha Holidayz,travel_agency,7042567467,http://www.prishaholidayz.com/,"Prisha Holidays, 3326 A , Ground Floor Chanderlok Near Gallaria Market DLF -4, Block A, Sector 26A, Gurugram, Haryana 122002, India",4.8,35,https://maps.google.com/?cid=13280247626555943224&g_mp=Cilnb29nbGUubWFwcy5wbGFjZXMudjEuUGxhY2VzLlNlYXJjaE5lYXJieRACGAQgAA
"Dr. Bharti's Holistic Wellness Clinic - Gurugram | Arthritis, Sciatica, Joint Pain, Psoriasis, Liver Treatment",medical_clinic,9214700222,http://drbhartis.com/,"14, Kachnar Marg, near Dr. Roli Bawa MDS BDS, Block H, DLF Phase 1, Sector 26, Gurugram, Haryana 122002, India",4.7,35,https://maps.google.com/?cid=1080918153178576385&g_mp=Cilnb29nbGUubWFwcy5wbGFjZXMudjEuUGxhY2VzLlNlYXJjaE5lYXJieRACGAQgAA
Bharat Toughened Glass,building_materials_store,9220486864,http://bharat.grexa.site/,"Shop no 4, pillar no, 61, Sikanderpur Rd, Block H, DLF Phase 1, Sector 26, Sikanderpur Ghosi, Gurugram, Haryana 122002, India",5,35,https://maps.google.com/?cid=17208593927519299816&g_mp=Cilnb29nbGUubWFwcy5wbGFjZXMudjEuUGxhY2VzLlNlYXJjaE5lYXJieRACGAQgAA
The Belgian Waffle Co.,dessert_restaurant,8657064363,https://thebelgianwaffle.co/,"SHOP NO.4, GATE NO.2, METRO STATION, Arjan Garh, CHANKYA PURI, New Delhi, Delhi 110010, India",4.1,35,https://maps.google.com/?cid=15811852494779085396&g_mp=Cilnb29nbGUubWFwcy5wbGFjZXMudjEuUGxhY2VzLlNlYXJjaE5lYXJieRACGAQgAA
Nathupur Cricket Ground,athletic_field,9313993509,,"F4Q6+QCP, DLF Phase 3, Sector 24, Gurugram, Haryana 122002, India",4.1,35,https://maps.google.com/?cid=3574607499266468684&g_mp=Cilnb29nbGUubWFwcy5wbGFjZXMudjEuUGxhY2VzLlNlYXJjaE5lYXJieRACGAQgAA
Positive Pediatrics Clinic,doctor,9999336537,https://positivepediatrics.in/,"V, 31/1, near Sai Mandir, DLF Phase 3, Sector 24, Gurugram, Haryana 122002, India",4.8,35,https://maps.google.com/?cid=4622381730948765081&g_mp=Cilnb29nbGUubWFwcy5wbGFjZXMudjEuUGxhY2VzLlNlYXJjaE5lYXJieRACGAQgAA
SG Controls & Switchgear Pvt Ltd,store,9212136202,,"147, Phase IV, Udyog Vihar, Sector 18, Gurugram, Haryana 122015, India",4.2,35,https://maps.google.com/?cid=2987378746464278393&g_mp=Cilnb29nbGUubWFwcy5wbGFjZXMudjEuUGxhY2VzLlNlYXJjaE5lYXJieRACGAQgAA
𝐇𝐨𝐦𝐞 𝐓𝐮𝐢𝐭𝐢𝐨𝐧 𝐛𝐲 𝐀𝐧𝐚𝐧𝐝 𝐈𝐁,service,9031585966,https://chat.whatsapp.com/CwFr7gjpjMMC2fBTo8uQR5,"Marigold Ln, Galleria Market, DLF Phase IV, Gurugram, Haryana 122009, India",5,34,https://maps.google.com/?cid=6052503435474844548&g_mp=Cilnb29nbGUubWFwcy5wbGFjZXMudjEuUGxhY2VzLlNlYXJjaE5lYXJieRACGAQgAA
Kalister Events & Decoration Gurgaon),service,9810823803,https://instagram.com/kalister_events?igshid=1c57dejk4x3ln,"11, J-5, DLF Phase 2, Sector 25, Gurugram, Haryana 122002, India",5,34,https://maps.google.com/?cid=2771154982441156267&g_mp=Cilnb29nbGUubWFwcy5wbGFjZXMudjEuUGxhY2VzLlNlYXJjaE5lYXJieRACGAQgAA
Latest Outdoor Furniture,manufacturer,8448115357,https://www.latestoutdoorfurnitures.com/,"Shop No. 2, Metro Station Arjan Garh, Mehrauli-Gurgaon Rd, nr. Arjan Garh, opp. Metro Pillar No. 191, Arjan Garh, Aya Nagar, Delhi, New Delhi, Delhi 110047, India",4.8,34,https://maps.google.com/?cid=5379106431103097374&g_mp=Cilnb29nbGUubWFwcy5wbGFjZXMudjEuUGxhY2VzLlNlYXJjaE5lYXJieRACGAQgAA
PUSHPAN - The Family Clinic,doctor,9625232142,,"N-12/8, near Gauri Shankar Mandir, DLF Phase 2, Sector 25, Gurugram, Haryana 122008, India",4.7,34,https://maps.google.com/?cid=9229108421705693710&g_mp=Cilnb29nbGUubWFwcy5wbGFjZXMudjEuUGxhY2VzLlNlYXJjaE5lYXJieRACGAQgAA
Technical Guftgu,,8527556109,http://www.technicalguftgu.in/,"Sector 43, Gurugram, Haryana 122009, India",5,33,https://maps.google.com/?cid=12003502240863817598&g_mp=Cilnb29nbGUubWFwcy5wbGFjZXMudjEuUGxhY2VzLlNlYXJjaE5lYXJieRACGAQgAA
ENSO - Sourdough Pizza by Nomad - DLF 4,pizza_restaurant,9654618566,http://nomadpizza.in/,"near Cafe Soul Garden, Chakarpur, Block C2, DLF Phase IV, Sector 43, Gurugram, Haryana 122009, India",3.1,33,https://maps.google.com/?cid=18325966955918553188&g_mp=Cilnb29nbGUubWFwcy5wbGFjZXMudjEuUGxhY2VzLlNlYXJjaE5lYXJieRACGAQgAA
Webrigo Business Solutions LLP,service,9953567826,https://webrigo.com/,"540, Block A, Sushant Lok Phase I, Gurugram, Haryana 122009, India",4.9,33,https://maps.google.com/?cid=4780139186458655127&g_mp=Cilnb29nbGUubWFwcy5wbGFjZXMudjEuUGxhY2VzLlNlYXJjaE5lYXJieRACGAQgAA
Kamal Enterprises,general_contractor,9536051755,https://www.kamalpoolconstruction.com/,"A-55/12, 1st Floor Village Chakkarpur, Sector 28, DLF Phase 1, Gurugram, Haryana 122002, India",4.8,33,https://maps.google.com/?cid=15116212264005488933&g_mp=Cilnb29nbGUubWFwcy5wbGFjZXMudjEuUGxhY2VzLlNlYXJjaE5lYXJieRACGAQgAA
Leevangers: Vandana Dresses (Since 1987),service,9871510227,,"Shop No. 5, 6, 7 & 8, Chakkarpur Market, opp. Universal Gym, behind Sahara Mall, Sector 28, Chakkarpur, DLF PH 2, Gurugram, Haryana 122002, India",4.3,33,https://maps.google.com/?cid=7874095849832054542&g_mp=Cilnb29nbGUubWFwcy5wbGFjZXMudjEuUGxhY2VzLlNlYXJjaE5lYXJieRACGAQgAA
Bello Jewels,jewelry_store,9555149149,,"3/1/1/16, Mehrauli-Gurgaon Rd, Sector 28, DLF Phase IV, Gurugram, Haryana 122002, India",3.7,33,https://maps.google.com/?cid=8771488407883464694&g_mp=Cilnb29nbGUubWFwcy5wbGFjZXMudjEuUGxhY2VzLlNlYXJjaE5lYXJieRACGAQgAA
Kaseyyaka,womens_clothing_store,8826193131,http://www.indokuni.com/,"Metro Pillar No, Metro Station, 182-183, Mehrauli-Gurgaon Rd, near Arjan Garh, Aya Nagar, New Delhi, Delhi 110047, India",5,33,https://maps.google.com/?cid=10108515937025293059&g_mp=Cilnb29nbGUubWFwcy5wbGFjZXMudjEuUGxhY2VzLlNlYXJjaE5lYXJieRACGAQgAA
GATI HOME RELOCATION PACKERS MOVERS,transportation_service,9521785017,,"Block-U, Balveer Market, Nathupur, Sector 24, Shop23, Gurugram, Haryana 122002, India",5,33,https://maps.google.com/?cid=16978596154988743041&g_mp=Cilnb29nbGUubWFwcy5wbGFjZXMudjEuUGxhY2VzLlNlYXJjaE5lYXJieRACGAQgAA
Muscle Asylum,store,8595678835,http://www.muscleasylum.in/,"S 27/7, DLF Phase 3, Sector 24, Gurugram, Haryana 122010, India",4.2,33,https://maps.google.com/?cid=15850128220034659161&g_mp=Cilnb29nbGUubWFwcy5wbGFjZXMudjEuUGxhY2VzLlNlYXJjaE5lYXJieRACGAQgAA
Sip & Savour Cafe,cafe,8930302025,,"U15/30, U Block, DLF Phase 3, Sector 24, Gurugram, Haryana 122002, India",5,33,https://maps.google.com/?cid=4732070524149102581&g_mp=Cilnb29nbGUubWFwcy5wbGFjZXMudjEuUGxhY2VzLlNlYXJjaE5lYXJieRACGAQgAA
Jitender car driving school,educational_institution,8818072098,,"Near, Mehrauli-Gurgaon Rd, Sector 28, Maruti Housing Colony, metro, Gurugram, Haryana 122009, India",5,32,https://maps.google.com/?cid=17132108228891807238&g_mp=Cilnb29nbGUubWFwcy5wbGFjZXMudjEuUGxhY2VzLlNlYXJjaE5lYXJieRACGAQgAA
Nidhee Creation and fabrics,home_goods_store,9899600265,,"Shop No, 2nd Floor, City Center Mall, 221, Mehrauli-Gurgaon Rd, Sector 28, Maruti Housing Colony, Gurugram, Haryana 122002, India",4.7,32,https://maps.google.com/?cid=3029442606791888477&g_mp=Cilnb29nbGUubWFwcy5wbGFjZXMudjEuUGxhY2VzLlNlYXJjaE5lYXJieRACGAQgAA
The DryLicious,manufacturer,9311811612,http://thedrylicious.in/,"Building No. 6A, Rao Lal Singh Market, Sector 18, Gurugram, Haryana 122015, India",4.6,32,https://maps.google.com/?cid=13875731095243262790&g_mp=Cilnb29nbGUubWFwcy5wbGFjZXMudjEuUGxhY2VzLlNlYXJjaE5lYXJieRACGAQgAA
Siesta Service Apartments,lodging,8510870144,,"MA Gurgoan Haryana 1220002, 80, Moulsari Ave, DLF Phase 3, Sector 24, Gurugram, Haryana 122002, India",3.7,32,https://maps.google.com/?cid=16676532100255801659&g_mp=Cilnb29nbGUubWFwcy5wbGFjZXMudjEuUGxhY2VzLlNlYXJjaE5lYXJieRACGAQgAA
CYK Hospitalities,consultant,8285288098,https://www.conceptyourkitchen.com/,"76-D, 76D, Phase IV, Udyog Vihar, Sector 18, Gurugram, Haryana 122015, India",4.5,32,https://maps.google.com/?cid=12449399902342748902&g_mp=Cilnb29nbGUubWFwcy5wbGFjZXMudjEuUGxhY2VzLlNlYXJjaE5lYXJieRACGAQgAA
"Department of Dental Sciences, Narayana Hospital, Gurugram",health,8066046017,https://www.narayanahealth.org/c/gurugram/pulmonology/dr-satya-ranjan-sahu?utm_source=Googlemaps&utm_medium=GMB,"Block - V, Plot 3201, DLF Phase - III, Nathupur, Sector 24, Gurugram, Haryana 122016, India",5,32,https://maps.google.com/?cid=9160140763941474628&g_mp=Cilnb29nbGUubWFwcy5wbGFjZXMudjEuUGxhY2VzLlNlYXJjaE5lYXJieRACGAQgAA
Avanti Tenantry-Gurugram,lodging,9910038666,,"B-58, near Galleria Market, Sushant Lok Phase I, Sector 43, Gurugram, Haryana 122009, India",4.6,31,https://maps.google.com/?cid=12103047110285199200&g_mp=Cilnb29nbGUubWFwcy5wbGFjZXMudjEuUGxhY2VzLlNlYXJjaE5lYXJieRACGAQgAA
Style Q Boutique,clothing_store,9810997352,,"208, behind CP Sharma Associates, Sector 27, Gurugram, Haryana 122002, India",4.9,31,https://maps.google.com/?cid=3340755624828635292&g_mp=Cilnb29nbGUubWFwcy5wbGFjZXMudjEuUGxhY2VzLlNlYXJjaE5lYXJieRACGAQgAA
Jivancharya,supermarket,7391983006,https://jivancharya.com/,"Park, Leisure Valley Rd, near Roots Cafe, Sector 29, Gurugram, Haryana 122009, India",5,31,https://maps.google.com/?cid=17183833394846345192&g_mp=Cilnb29nbGUubWFwcy5wbGFjZXMudjEuUGxhY2VzLlNlYXJjaE5lYXJieRACGAQgAA
Talent Study Circle,,9953800064,,"2nd Floor, Gaurav Plaza, Opp. Metro Pillar No.50, Near Guru Dronacharya metro Stn., sikanderpur, Sikanderpur, DLF Phase 1, Sector 26, Gurugram, Haryana 122002, India",3.9,31,https://maps.google.com/?cid=2322159438437843795&g_mp=Cilnb29nbGUubWFwcy5wbGFjZXMudjEuUGxhY2VzLlNlYXJjaE5lYXJieRACGAQgAA
Taco Bell,restaurant,8448992836,https://www.tacobell.co.in/,"3rd Floor, Ambience Mall, NH 8, Ambience Island, DLF Phase 3, Sector 24, Gurugram, Haryana 122002, India",1.8,31,https://maps.google.com/?cid=11964046786663401295&g_mp=Cilnb29nbGUubWFwcy5wbGFjZXMudjEuUGxhY2VzLlNlYXJjaE5lYXJieRACGAQgAA
Genesis- The Language School,educational_institution,9958868874,https://www.genesislanguageschool.com/,"4th Floor, Time Square, Sushant Lok Phase I, Kanahi, Gurugram, Haryana 122009, India",4.9,30,https://maps.google.com/?cid=10092047212322509861&g_mp=Cilnb29nbGUubWFwcy5wbGFjZXMudjEuUGxhY2VzLlNlYXJjaE5lYXJieRACGAQgAA
Meerut walo ki mashoor shahi chicken biryani,indian_restaurant,7291811582,http://chrome.com/,"Hamilton Ct Rd, Sector 28, DLF Phase IV, Gurugram, Haryana 122009, India",4.4,30,https://maps.google.com/?cid=4523953622352933592&g_mp=Cilnb29nbGUubWFwcy5wbGFjZXMudjEuUGxhY2VzLlNlYXJjaE5lYXJieRACGAQgAA
Dr Vipul Rastogi,medical_clinic,9810466411,https://www.gurgaonclinics.com/,"clinics ,194 P, Sector 27, Gurugram, Haryana 122009, India",4.6,30,https://maps.google.com/?cid=8651551305343075432&g_mp=Cilnb29nbGUubWFwcy5wbGFjZXMudjEuUGxhY2VzLlNlYXJjaE5lYXJieRACGAQgAA
Paper Chopsticks,restaurant,9717073689,https://hawapani.fun/,"Shop no. 23, First Floor, Neo Mart, Vakil Market Chakkerpur, Near Zaigon restaurant, Sector 28, DLF Phase IV, Gurugram, Haryana 122009, India",4.9,30,https://maps.google.com/?cid=4340966305258345972&g_mp=Cilnb29nbGUubWFwcy5wbGFjZXMudjEuUGxhY2VzLlNlYXJjaE5lYXJieRACGAQgAA
Goodyear Autocare - New Tyre World,tire_shop,9560225481,https://www.goodyear.co.in/,"MG Road Metro Station, Metro Pillar Number 112, Central Mall, 113, near Gurgaon, Sector 28, Sushant Lok Phase I, Gurugram, Haryana 122009, India",4.5,30,https://maps.google.com/?cid=14694038746030938256&g_mp=Cilnb29nbGUubWFwcy5wbGFjZXMudjEuUGxhY2VzLlNlYXJjaE5lYXJieRACGAQgAA
The 7th Galaxy Lamps & Lights,home_improvement_store,9810014593,http://www.the7thgalaxy.com/,"Shop No. 2, Plot No 9, Main, Mehrauli-Gurgaon Rd, Arjan Garh, Aya Nagar, New Delhi, Delhi 110047, India",4.1,30,https://maps.google.com/?cid=9196506916329456650&g_mp=Cilnb29nbGUubWFwcy5wbGFjZXMudjEuUGxhY2VzLlNlYXJjaE5lYXJieRACGAQgAA
Chick maker in gurgaon karan,store,9634088127,,"Shop no.20 C3 / 20 baba Bhagawan shahsi Sector 24 gurugram Nathupur gurugram NCR, Nathupur, Sector 24, Gurugram, Haryana 122010, India",5,30,https://maps.google.com/?cid=6350131577762755221&g_mp=Cilnb29nbGUubWFwcy5wbGFjZXMudjEuUGxhY2VzLlNlYXJjaE5lYXJieRACGAQgAA
Big Growth Digital,service,7991479011,http://www.biggrowthdigital.com/,"72, DLF Square, near nestle, Mushedpur, DLF Phase 2, Sector 25, Gurugram, Haryana 122002, India",4,30,https://maps.google.com/?cid=6730773923057508076&g_mp=Cilnb29nbGUubWFwcy5wbGFjZXMudjEuUGxhY2VzLlNlYXJjaE5lYXJieRACGAQgAA
V2 Retail Limited (Corporate Office),corporate_office,8130907705,https://v2retail.com/,"2nd Floor, 13, Sub. Major Laxmi Chand Rd, Maruti Udyog, Sector 18, Gurugram, Haryana 122015, India",4.2,30,https://maps.google.com/?cid=6531971942002820235&g_mp=Cilnb29nbGUubWFwcy5wbGFjZXMudjEuUGxhY2VzLlNlYXJjaE5lYXJieRACGAQgAA
Mapple Crafts,service,9971422612,,"T-7, T Block, DLF Phase 3, Sector 24, Gurugram, Haryana 122002, India",5,30,https://maps.google.com/?cid=5744713707033414139&g_mp=Cilnb29nbGUubWFwcy5wbGFjZXMudjEuUGxhY2VzLlNlYXJjaE5lYXJieRACGAQgAA
IGZY - Cloud Cameras and IoT Solutions,service,9876298763,https://igzy.com/,"76-B, 1st Floor, Phase IV, Udyog Vihar, Sector 18, Gurugram, Haryana 122015, India",4.7,30,https://maps.google.com/?cid=4697346391140891397&g_mp=Cilnb29nbGUubWFwcy5wbGFjZXMudjEuUGxhY2VzLlNlYXJjaE5lYXJieRACGAQgAA
Midnight Rider,fast_food_restaurant,9711538340,,"V23/1-2, V Block, DLF Phase 3, Sector 24, Gurugram, Haryana 122010, India",4.1,30,https://maps.google.com/?cid=502434890569820150&g_mp=Cilnb29nbGUubWFwcy5wbGFjZXMudjEuUGxhY2VzLlNlYXJjaE5lYXJieRACGAQgAA
Dolphy India Pvt. Ltd- Delhi,manufacturer,9520202035,https://dolphy.in/,"Ground Floor, Plot No. 355, Udyog Vihar II Rd, Phase II, Udyog Vihar, Sector 20, Gurugram, Haryana 122016, India",4.7,30,https://maps.google.com/?cid=17597021176795681350&g_mp=Cilnb29nbGUubWFwcy5wbGFjZXMudjEuUGxhY2VzLlNlYXJjaE5lYXJieRACGAQgAA
"Dr Raavi Asparagus Physiotherapy Clinic | M.P.T( Orthopaedic),M.T.F.I | Physiotherapy Clinic in DLF Phase 1| Gurgaon |",medical_clinic,9810269973,http://drraavigaur.com/,"121, Sector 27, Gurugram, Haryana 122009, India",4.9,28,https://maps.google.com/?cid=13559249373638660637&g_mp=Cilnb29nbGUubWFwcy5wbGFjZXMudjEuUGxhY2VzLlNlYXJjaE5lYXJieRACGAQgAA
Headlines Fitness,fitness_center,7838133247,,"B-11, 1, Basement, Ashoka Cresent Marg, DLF Phase 1, Sector 26A, Gurugram, Haryana 122002, India",5,28,https://maps.google.com/?cid=11501335570243298032&g_mp=Cilnb29nbGUubWFwcy5wbGFjZXMudjEuUGxhY2VzLlNlYXJjaE5lYXJieRACGAQgAA
Expastudio - Architecture and Interiors,service,9717869230,http://expastudio.design/,"H-7/11, Block H, DLF Phase 1, Sector 26, Gurugram, Haryana 122001, India",4.2,28,https://maps.google.com/?cid=10246558973474322034&g_mp=Cilnb29nbGUubWFwcy5wbGFjZXMudjEuUGxhY2VzLlNlYXJjaE5lYXJieRACGAQgAA
Siddique Communication 2.o,service,7860239098,https://youtube.com/@mobile__junction_?si=9j-uYOY4-W4F-dUi,"DLF Phase 3, near by white house PG, Nathupur, Sector 24, Gurugram, Haryana 122010, India",4.5,28,https://maps.google.com/?cid=10550263412234906731&g_mp=Cilnb29nbGUubWFwcy5wbGFjZXMudjEuUGxhY2VzLlNlYXJjaE5lYXJieRACGAQgAA
Fifozone Pet Shop,pet_store,8368117542,http://fifozone.com/,"S27/9AA, Basment, DLF Phase 3, Sector 24, Gurugram, Haryana 122010, India",4.7,28,https://maps.google.com/?cid=10651823371186739241&g_mp=Cilnb29nbGUubWFwcy5wbGFjZXMudjEuUGxhY2VzLlNlYXJjaE5lYXJieRACGAQgAA
FLAVORZ FOOD,restaurant,9971906087,,"Shop No 2, U 21, 1, Galli No. 15, U Block, Nathupur, Sector 24, Gurugram, Haryana 122002, India",5,28,https://maps.google.com/?cid=16613193876155769763&g_mp=Cilnb29nbGUubWFwcy5wbGFjZXMudjEuUGxhY2VzLlNlYXJjaE5lYXJieRACGAQgAA
BookMyTrip,transportation_service,8448440612,https://www.bookmytrip.co/,"Plot No, 612, Udyog Vihar Phase V Rd, Udyog Vihar 3, Udyog Vihar, Sector 19, Gurugram, Haryana 122016, India",4.4,28,https://maps.google.com/?cid=14959851325936845096&g_mp=Cilnb29nbGUubWFwcy5wbGFjZXMudjEuUGxhY2VzLlNlYXJjaE5lYXJieRACGAQgAA
Future Fit,gym,8527269191,https://www.futurefit.in/,"Sports Complex, Excelsior American School, Block C2, DLF Garden Villas, Sector 43, Gurugram, Haryana 122009, India",4.6,27,https://maps.google.com/?cid=10598102319354418219&g_mp=Cilnb29nbGUubWFwcy5wbGFjZXMudjEuUGxhY2VzLlNlYXJjaE5lYXJieRACGAQgAA
Royal Residence,hotel,9910090296,,"Plot No-527, opp. Hotel Marriott, Block C, Sushant Lok Phase I, Sector 43, Gurugram, Haryana 122009, India",3.9,27,https://maps.google.com/?cid=4622771042629309747&g_mp=Cilnb29nbGUubWFwcy5wbGFjZXMudjEuUGxhY2VzLlNlYXJjaE5lYXJieRACGAQgAA
Dr. Sunil Sekhri,medical_clinic,9810702715,https://www.eka.care/doctor/sunil-sekhri,"B 302, The IVY, A Block, Sushant Lok Phase I, Gurugram, Haryana 122002, India",3.4,27,https://maps.google.com/?cid=6973562495236398002&g_mp=Cilnb29nbGUubWFwcy5wbGFjZXMudjEuUGxhY2VzLlNlYXJjaE5lYXJieRACGAQgAA
Raj Tv Installation,service,9999226262,,"Dayal public School, Sector 28, Chakkarpur, Gurugram, Haryana 122002, India",5,27,https://maps.google.com/?cid=13008809785310044044&g_mp=Cilnb29nbGUubWFwcy5wbGFjZXMudjEuUGxhY2VzLlNlYXJjaE5lYXJieRACGAQgAA
Omega women’s clinic and diagnostic centre,doctor,9289189900,https://omegawomenclinic.com/,"23, A-48 St, A Block, Chakkarpur, Gurugram, Haryana 122002, India",4.6,27,https://maps.google.com/?cid=12028844748814084576&g_mp=Cilnb29nbGUubWFwcy5wbGFjZXMudjEuUGxhY2VzLlNlYXJjaE5lYXJieRACGAQgAA
Studio Design Box,service,9958131009,http://www.studiodesignbox.com/,"K-3/51, K-3 Rd, DLF Phase 2, Sector 25, Gurugram, Haryana 122022, India",4.8,27,https://maps.google.com/?cid=8567770813438785051&g_mp=Cilnb29nbGUubWFwcy5wbGFjZXMudjEuUGxhY2VzLlNlYXJjaE5lYXJieRACGAQgAA
Roshan Apartments,lodging,9654549408,,"F3RX+VCC, नया मोहल्ला मार्ग, U Block, DLF Phase 3, Sector 24, Gurugram, Haryana 122002, India",4,27,https://maps.google.com/?cid=7989717347094620943&g_mp=Cilnb29nbGUubWFwcy5wbGFjZXMudjEuUGxhY2VzLlNlYXJjaE5lYXJieRACGAQgAA
VNS ACCESSORIES,service,9654010181,http://www.vnsindia.in/,"441, Electronic City, Phase IV, Udyog Vihar, Sector 18, Gurugram, Haryana 122015, India",4,27,https://maps.google.com/?cid=15200911476807632498&g_mp=Cilnb29nbGUubWFwcy5wbGFjZXMudjEuUGxhY2VzLlNlYXJjaE5lYXJieRACGAQgAA
Homesphere Apartments by Aanandam Hospitality,lodging,9871139797,https://aanandamhospitality.com/,"Building number 1, Lane, V-20, DLF Phase 3, Sector 24, Gurugram, Haryana 122010, India",4.6,27,https://maps.google.com/?cid=14874318913225349840&g_mp=Cilnb29nbGUubWFwcy5wbGFjZXMudjEuUGxhY2VzLlNlYXJjaE5lYXJieRACGAQgAA
Aqua gift free water advertisements,service,9351406217,,"758, Sector 42, Gurugram, Haryana 122009, India",5,26,https://maps.google.com/?cid=14751194172265690543&g_mp=Cilnb29nbGUubWFwcy5wbGFjZXMudjEuUGxhY2VzLlNlYXJjaE5lYXJieRACGAQgAA
Khaansama,service,9999168592,http://khaansama.com/,"605, 3rd Floor, Sector 42, Gurugram, Haryana 122009, India",4.3,26,https://maps.google.com/?cid=17742457361872278191&g_mp=Cilnb29nbGUubWFwcy5wbGFjZXMudjEuUGxhY2VzLlNlYXJjaE5lYXJieRACGAQgAA
Harpreet Singh Marwah | Healing Hands – Pain Relief & Energy Healing in Gurugram,consultant,9217554026,https://harpreetsinghmarwah.com/,"1st Floor, B-416, Sushant Lok Phase I, phase1, Gurugram, Haryana 122002, India",5,26,https://maps.google.com/?cid=4279797628665130520&g_mp=Cilnb29nbGUubWFwcy5wbGFjZXMudjEuUGxhY2VzLlNlYXJjaE5lYXJieRACGAQgAA
Fitfinity gym,gym,9910363547,,"Jan Pratinidhi Apartments, Golf Crse Rd, Sector 28, Chakkarpur, Gurugram, Haryana 122009, India",4.8,26,https://maps.google.com/?cid=14459293576893939224&g_mp=Cilnb29nbGUubWFwcy5wbGFjZXMudjEuUGxhY2VzLlNlYXJjaE5lYXJieRACGAQgAA
Second Innings Centre,service,9871199936,,"A-10/19, DLF Phase 1, Sector 26A, Gurugram, Haryana 122002, India",4.5,26,https://maps.google.com/?cid=5703543175308275186&g_mp=Cilnb29nbGUubWFwcy5wbGFjZXMudjEuUGxhY2VzLlNlYXJjaE5lYXJieRACGAQgAA
Flying Academy India,educational_institution,9560570493,http://www.flyingacademy.com/,"ABW Tower, Mehrauli Gurgaon Service Rd, Heritage City, Sector 25, Gurugram, Haryana 122002, India",4.4,26,https://maps.google.com/?cid=6731810647428726602&g_mp=Cilnb29nbGUubWFwcy5wbGFjZXMudjEuUGxhY2VzLlNlYXJjaE5lYXJieRACGAQgAA
Train with Saif,fitness_center,9818002289,,"Heritage mini store, community centre, opposite children park, Heritage City, Sector 25, Gurugram, Haryana 122002, India",4.8,26,https://maps.google.com/?cid=18191486695257958941&g_mp=Cilnb29nbGUubWFwcy5wbGFjZXMudjEuUGxhY2VzLlNlYXJjaE5lYXJieRACGAQgAA
Go Brionuts,food_store,9315188797,http://www.gobrionuts.com/,"Shop no. 7, Gaurav Plaza, Sikanderpur Rd, opposite metro pillar no. 50, Sikanderpur, DLF Phase 1, Sector 26, Gurugram, Haryana 122002, India",5,26,https://maps.google.com/?cid=16482183263876666204&g_mp=Cilnb29nbGUubWFwcy5wbGFjZXMudjEuUGxhY2VzLlNlYXJjaE5lYXJieRACGAQgAA
Bilawat marbles,wholesaler,9540440836,https://www.bilawatmarbles.com/,"Opposite Near Pillar No. 223, M.G. Road, Border, Sikanderpur, Marbles Market, Aya Nagar, Gurugram, Haryana 122002, India",4.3,26,https://maps.google.com/?cid=5313974533976159780&g_mp=Cilnb29nbGUubWFwcy5wbGFjZXMudjEuUGxhY2VzLlNlYXJjaE5lYXJieRACGAQgAA
LUSH & BEYOND,home_goods_store,9810549299,http://www.lushandbeyond.com/,"C3/19, DLF Phase 1, Sector 26, Gurugram, Haryana 122002, India",4.5,26,https://maps.google.com/?cid=15015258435994744251&g_mp=Cilnb29nbGUubWFwcy5wbGFjZXMudjEuUGxhY2VzLlNlYXJjaE5lYXJieRACGAQgAA
MMH,,7969798179,https://mmh.homes/,"91 springboard, 21B, Sector 18, Gurugram, Haryana 122015, India",4.7,26,https://maps.google.com/?cid=7778969278822692204&g_mp=Cilnb29nbGUubWFwcy5wbGFjZXMudjEuUGxhY2VzLlNlYXJjaE5lYXJieRACGAQgAA
My Biryani,north_indian_restaurant,8448494085,,"Shop 211, Basement Market, U Block, DLF Phase 3, Sector 24, Gurugram, Haryana 122010, India",4.3,26,https://maps.google.com/?cid=15496816004419152411&g_mp=Cilnb29nbGUubWFwcy5wbGFjZXMudjEuUGxhY2VzLlNlYXJjaE5lYXJieRACGAQgAA
Avanços Coffee Co. (Specialty Coffee Studio),cafe,9619051704,https://avancoscoffee.com/,"Ground Floor, 378-379, Electronic City, Phase IV, Udyog Vihar, Sector 18, Gurugram, Haryana 122015, India",4.8,26,https://maps.google.com/?cid=16350112867204062609&g_mp=Cilnb29nbGUubWFwcy5wbGFjZXMudjEuUGxhY2VzLlNlYXJjaE5lYXJieRACGAQgAA
OYO BABY,clothing_store,8800116630,http://oyobaby.in/,"667, Udyog Vihar Phase V Rd, Phase V, Udyog Vihar, Sector 19, Gurugram, Haryana 122016, India",4.8,26,https://maps.google.com/?cid=14907934576061506231&g_mp=Cilnb29nbGUubWFwcy5wbGFjZXMudjEuUGxhY2VzLlNlYXJjaE5lYXJieRACGAQgAA
Framengine Animation Studio,,9350028894,https://framengine.com/,"2nd Floor, WeWork, Vi-John Tower, 393, Phase II, Udyog Vihar, Sector 20, Gurugram, Haryana 122016, India",5,26,https://maps.google.com/?cid=7447991963401111886&g_mp=Cilnb29nbGUubWFwcy5wbGFjZXMudjEuUGxhY2VzLlNlYXJjaE5lYXJieRACGAQgAA
Basil,restaurant,8447722196,https://www.basil.health/,"Second floor, Food court, Ambience Island, DLF Phase 3, Sector 24, Gurugram, Haryana 122010, India",3.6,26,https://maps.google.com/?cid=12855083058714202376&g_mp=Cilnb29nbGUubWFwcy5wbGFjZXMudjEuUGxhY2VzLlNlYXJjaE5lYXJieRACGAQgAA
CAR SERVICE ZONE,car_repair,9711912000,https://carservicezone.in/,"OFFICE NO, 011, GROUND FLOOR, R.P-2, Sector 28, DLF Phase IV, Gurugram, Haryana 122009, India",4.8,25,https://maps.google.com/?cid=7585785523539436584&g_mp=Cilnb29nbGUubWFwcy5wbGFjZXMudjEuUGxhY2VzLlNlYXJjaE5lYXJieRACGAQgAA
Oceano Apex Pvt. Ltd.,consultant,9990888009,http://www.oceanoapex.com/,"Second Floor, Building No. 74, Sector 28, DLF Phase 1, Gurugram, Haryana 122002, India",5,25,https://maps.google.com/?cid=3019865900385203973&g_mp=Cilnb29nbGUubWFwcy5wbGFjZXMudjEuUGxhY2VzLlNlYXJjaE5lYXJieRACGAQgAA
Vita Dairy,food_store,8368757142,https://www.vitaindia.org.in/,"F4F4+2WJ, G Block, DLF Phase 1, Sector 26, Gurugram, Haryana 122002, India",4.3,25,https://maps.google.com/?cid=12119714901572303975&g_mp=Cilnb29nbGUubWFwcy5wbGFjZXMudjEuUGxhY2VzLlNlYXJjaE5lYXJieRACGAQgAA
Image Clinic,skin_care_clinic,7044646990,https://imageclinicindia.com/,"Second Floor, A-14, 9, Golf Course Rd, DLF Phase 2, Gurugram, Haryana 122002, India",4.8,25,https://maps.google.com/?cid=14296513112044429434&g_mp=Cilnb29nbGUubWFwcy5wbGFjZXMudjEuUGxhY2VzLlNlYXJjaE5lYXJieRACGAQgAA
Mohanty solutions,general_contractor,7327017965,https://mohantysolutions.co.in/,"Sikanderpur, DLF Phase 1, Sector 26, Gurugram, Haryana 122002, India",5,25,https://maps.google.com/?cid=12974127877120914106&g_mp=Cilnb29nbGUubWFwcy5wbGFjZXMudjEuUGxhY2VzLlNlYXJjaE5lYXJieRACGAQgAA
Diara Makeup Studio And Salon by Priya,makeup_artist,9711911919,https://www.diaramakeupstudioandsalon.com/,"377, Sarhaul, Sector 18, Gurugram, Haryana 122015, India",5,25,https://maps.google.com/?cid=11105315415109672556&g_mp=Cilnb29nbGUubWFwcy5wbGFjZXMudjEuUGxhY2VzLlNlYXJjaE5lYXJieRACGAQgAA
Knox Gurgaon,gym,9315522626,http://www.knoxfit.in/,"Ground Floor, 393, Udyog Vihar Phase 3 Rd, Phase II, Udyog Vihar, Sector 20, Gurugram, Haryana 122016, India",4.3,25,https://maps.google.com/?cid=15768310906160257436&g_mp=Cilnb29nbGUubWFwcy5wbGFjZXMudjEuUGxhY2VzLlNlYXJjaE5lYXJieRACGAQgAA
Positive Minds Clinic,medical_clinic,9953294778,,"5908, Green Avenue, Basement, Opposite Supermart One, DLF Phase IV, Gurugram, Haryana 122009, India",4.7,24,https://maps.google.com/?cid=13004501364047312783&g_mp=Cilnb29nbGUubWFwcy5wbGFjZXMudjEuUGxhY2VzLlNlYXJjaE5lYXJieRACGAQgAA
Sustainable Oasis,,9625364441,https://sustainableoasis.green/,"Rajiv Gandhi Renewable Energy Park, Leisure Valley Rd, Sector 29, Gurugram, Haryana 122009, India",5,24,https://maps.google.com/?cid=15433872630494177217&g_mp=Cilnb29nbGUubWFwcy5wbGFjZXMudjEuUGxhY2VzLlNlYXJjaE5lYXJieRACGAQgAA
HAPPY NEST Deep Cleaning Services,service,8348170984,https://happynestdeepcleaning.com/,"Shop no. 0C, house. 766, Vijay Cinema hall raod, Chakkarpur, Jaina Market, Sector 28, DLF Phase IV, Gurugram, Haryana 122022, India",5,24,https://maps.google.com/?cid=3239360994532315879&g_mp=Cilnb29nbGUubWFwcy5wbGFjZXMudjEuUGxhY2VzLlNlYXJjaE5lYXJieRACGAQgAA
NAZIA Boutique Mega mall,womens_clothing_store,9654894711,,"SHOP NO. 238, 2ND FLOOR, Dt Mega Mall, 133, Golf Course Rd, Sector 28, DLF Phase 1, Gurugram, Haryana 122002, India",3.2,24,https://maps.google.com/?cid=17425768066341687577&g_mp=Cilnb29nbGUubWFwcy5wbGFjZXMudjEuUGxhY2VzLlNlYXJjaE5lYXJieRACGAQgAA
Eleve Wellness Aerial Yoga,yoga_studio,9872998527,https://elevewellness.in/,"DLF Phase 1, 10/11, G Block, DLF Phase 1, Sector 26, Gurugram, Haryana 122002, India",4.7,24,https://maps.google.com/?cid=1106756395604244569&g_mp=Cilnb29nbGUubWFwcy5wbGFjZXMudjEuUGxhY2VzLlNlYXJjaE5lYXJieRACGAQgAA
Calm Spa,spa,9625805637,https://calmspa.co.in/,"Lower Ground, Shop No - 30, City Centre Mall, Mehrauli-Gurgaon Rd, Sector 28, Maruti Housing Colony, Gurugram, Haryana 122001, India",5,24,https://maps.google.com/?cid=7979793373294730793&g_mp=Cilnb29nbGUubWFwcy5wbGFjZXMudjEuUGxhY2VzLlNlYXJjaE5lYXJieRACGAQgAA
Gaye Mata Ki Rasoi,restaurant,7289927974,https://magicpin.in/Gurgaon/Sector-18/Restaurant/Gaye-Mata-Ki-Rasoi/store/3ac6b8/?utm_source=gbp,"Plot 1A, Lane 2, near Sector 17, Sarhaul, Sector 18, Gurugram, Haryana 122015, India",2.9,24,https://maps.google.com/?cid=4652770177483581426&g_mp=Cilnb29nbGUubWFwcy5wbGFjZXMudjEuUGxhY2VzLlNlYXJjaE5lYXJieRACGAQgAA
Trantor Software Pvt Ltd.,corporate_office,6506467818,http://trantorinc.com/,"Cabin 2, 2nd floor, 91 Springboard, Business Hub Private Limited, 21-B, Sector 18, Gurugram, Sarhol, Haryana 122015, India",4.1,24,https://maps.google.com/?cid=4714344907833581446&g_mp=Cilnb29nbGUubWFwcy5wbGFjZXMudjEuUGxhY2VzLlNlYXJjaE5lYXJieRACGAQgAA
AIHP Millennium,real_estate_agency,7861004918,https://aihp.in/location/udyog-vihar/millennium,"Plot number 92, 93, Phase IV, Udyog Vihar, Sector 18, Gurugram, Haryana 122015, India",4.3,24,https://maps.google.com/?cid=6083567884305965448&g_mp=Cilnb29nbGUubWFwcy5wbGFjZXMudjEuUGxhY2VzLlNlYXJjaE5lYXJieRACGAQgAA
Designberry studios,general_contractor,9315962316,https://designberrystudios.com/,"D, 76, Phase IV, Udyog Vihar, Sector 18, Gurugram, Haryana 122015, India",5,24,https://maps.google.com/?cid=9166208179228280555&g_mp=Cilnb29nbGUubWFwcy5wbGFjZXMudjEuUGxhY2VzLlNlYXJjaE5lYXJieRACGAQgAA
Chai Meri Wali,tea_store,8000378223,,"Shop No 15, 29, U Block, DLF Phase 3, Sector 24, Gurugram, Haryana 122002, India",4.6,24,https://maps.google.com/?cid=11719150017392591909&g_mp=Cilnb29nbGUubWFwcy5wbGFjZXMudjEuUGxhY2VzLlNlYXJjaE5lYXJieRACGAQgAA
UDYOG VIHAR PROPERTY,real_estate_agency,9811110319,http://www.udyogviharproperty.com/,"460, Phase V, Udyog Vihar, Sector 19, Gurugram, Haryana 122016, India",4.5,24,https://maps.google.com/?cid=3606661982111968559&g_mp=Cilnb29nbGUubWFwcy5wbGFjZXMudjEuUGxhY2VzLlNlYXJjaE5lYXJieRACGAQgAA
Reckitt Benckiser India Private Limited,corporate_office,6203092379,https://www.reckitt.com/offices/india/,"Dlf Cyber Park, Phase II, Udyog Vihar, City:, Gurugram, Haryana 122016, India",4.7,24,https://maps.google.com/?cid=3088139174125872681&g_mp=Cilnb29nbGUubWFwcy5wbGFjZXMudjEuUGxhY2VzLlNlYXJjaE5lYXJieRACGAQgAA
Excelsior Auditorium,auditorium,9311191645,https://excelsiorauditorium.com/,"near Excelsior American School, Block C2, DLF Phase 1, Sector 43, Gurugram, Haryana 122009, India",4.4,23,https://maps.google.com/?cid=10367667732604624713&g_mp=Cilnb29nbGUubWFwcy5wbGFjZXMudjEuUGxhY2VzLlNlYXJjaE5lYXJieRACGAQgAA
House of Satva,clothing_store,9560428403,,"Santosh Plaza, Plot No 728, B Block Dr, Sushant Lok Phase I, Sector 27, Gurugram, Haryana 122009, India",5,23,https://maps.google.com/?cid=10852386713011026720&g_mp=Cilnb29nbGUubWFwcy5wbGFjZXMudjEuUGxhY2VzLlNlYXJjaE5lYXJieRACGAQgAA
The Good Phat,restaurant,9773870123,http://www.thegoodphat.in/,"Shop no.1, First Floor, Vakil (Neo) Market, Plot 36/2, DLF Phase 4, Sector 28, Chakkarpur, Gurugram, Haryana 122009, India",4.8,23,https://maps.google.com/?cid=15793177895366124196&g_mp=Cilnb29nbGUubWFwcy5wbGFjZXMudjEuUGxhY2VzLlNlYXJjaE5lYXJieRACGAQgAA
SRK Residency,real_estate_agency,9810047296,http://www.srkresidency.com/,"217, Qutab Plaza, G Block, DLF Phase 1, Sector 26, Gurugram, Haryana 122002, India",4.6,23,https://maps.google.com/?cid=2331839680871058058&g_mp=Cilnb29nbGUubWFwcy5wbGFjZXMudjEuUGxhY2VzLlNlYXJjaE5lYXJieRACGAQgAA
Manoj Negi Vfx,service,9958299729,https://manoj-negi-vfx.grexa.site/,"Block H, DLF Phase 1, Sector 26, Gurugram, Haryana 122002, India",4.9,23,https://maps.google.com/?cid=3491880123761088735&g_mp=Cilnb29nbGUubWFwcy5wbGFjZXMudjEuUGxhY2VzLlNlYXJjaE5lYXJieRACGAQgAA
Kanika Chanda,makeup_artist,9899322789,https://kanikachanda.com/,"24, Bougainvilla Marg, DLF Phase 2, Sector 25, Gurugram, Haryana 122002, India",5,23,https://maps.google.com/?cid=17503019648336775893&g_mp=Cilnb29nbGUubWFwcy5wbGFjZXMudjEuUGxhY2VzLlNlYXJjaE5lYXJieRACGAQgAA
Antara Integrated Wellness Clinic (AIWC),wellness_center,7042617222,https://www.antaraiwc.com/,"49, Gulmohar Marg, opp. Bharti Airtel, Mushedpur, DLF Phase 2, Sector 25, Gurugram, Haryana 122002, India",4.8,23,https://maps.google.com/?cid=8808909355708137598&g_mp=Cilnb29nbGUubWFwcy5wbGFjZXMudjEuUGxhY2VzLlNlYXJjaE5lYXJieRACGAQgAA
Comfort sofa,furniture_store,9520511064,http://comfortsofarepair.in/,"Mushedpur, Malbi town, Sector 25, Gurugram, Haryana 122002, India",4.9,23,https://maps.google.com/?cid=9971016984604737949&g_mp=Cilnb29nbGUubWFwcy5wbGFjZXMudjEuUGxhY2VzLlNlYXJjaE5lYXJieRACGAQgAA
The Anna's Hut,south_indian_restaurant,8368693202,https://magicpin.in/Gurgaon/Dlf-phase-3/Restaurant/The-annas-hut/store/a78967/?utm_source=gbp,"U-16/31, 32, near Yadav Properties, U Block, DLF Phase 3, Sector 24, Gurugram, Haryana 122002, India",3.4,23,https://maps.google.com/?cid=15315028223252708110&g_mp=Cilnb29nbGUubWFwcy5wbGFjZXMudjEuUGxhY2VzLlNlYXJjaE5lYXJieRACGAQgAA
Sr luxury flower decoration,florist,9217760205,https://sr-luxury-flower.grexa.site/,"Cyber City sector road, DLF Cyber City, DLF Phase 2, Sector 24, Gurugram, Haryana 122002, India",5,23,https://maps.google.com/?cid=5338674266355678747&g_mp=Cilnb29nbGUubWFwcy5wbGFjZXMudjEuUGxhY2VzLlNlYXJjaE5lYXJieRACGAQgAA
"Hobbeekiids, Daycare and Activity Center",child_care_agency,9818380573,http://www.hobbeekiids.com/,"Hobbeekiids, Daycare and Activity Center, 5th Floor, Upper School Building, Excelsior American School, Block C2, DLF Garden Villas, Sector 43, Gurugram, Haryana 122009, India",4.3,22,https://maps.google.com/?cid=2429390614644169189&g_mp=Cilnb29nbGUubWFwcy5wbGFjZXMudjEuUGxhY2VzLlNlYXJjaE5lYXJieRACGAQgAA
Psychology Classes by Akshita,educational_institution,9711126229,https://www.psychologytution.com/blog,"DLF Phase IV, Gurugram, Haryana 122009, India",5,22,https://maps.google.com/?cid=3674806159809340890&g_mp=Cilnb29nbGUubWFwcy5wbGFjZXMudjEuUGxhY2VzLlNlYXJjaE5lYXJieRACGAQgAA
Apple Service Centre,service,9717922042,https://appleservicecentergurgaon.com/,"210, City Centre Mall, Sector 28, Maruti Housing Colony, Gurugram, Haryana 122001, India",4.5,22,https://maps.google.com/?cid=10990534584758640965&g_mp=Cilnb29nbGUubWFwcy5wbGFjZXMudjEuUGxhY2VzLlNlYXJjaE5lYXJieRACGAQgAA
Guddu bike repair,car_repair,9990777114,,"Lane Number 6, Sector 18, Gurugram, Haryana 122015, India",4.4,22,https://maps.google.com/?cid=9076835496885333352&g_mp=Cilnb29nbGUubWFwcy5wbGFjZXMudjEuUGxhY2VzLlNlYXJjaE5lYXJieRACGAQgAA
Cafe aroma beans,coffee_shop,9958411163,,"Road no 1, U Block, DLF Phase 3, Sector 24, Gurugram, Haryana 122002, India",4.9,22,https://maps.google.com/?cid=2897287860888420269&g_mp=Cilnb29nbGUubWFwcy5wbGFjZXMudjEuUGxhY2VzLlNlYXJjaE5lYXJieRACGAQgAA
Shiv Shakti Packers And Movers,transportation_service,9996351595,http://www.shivshaktimovers.in/,"T25/8, DLF Phase 3, Sector 24, Gurugram, Haryana 122002, India",4.5,22,https://maps.google.com/?cid=11556651317641432884&g_mp=Cilnb29nbGUubWFwcy5wbGFjZXMudjEuUGxhY2VzLlNlYXJjaE5lYXJieRACGAQgAA
Terra Group,general_contractor,8696908884,http://www.terragroup.co.in/,"190, Phase IV, Udyog Vihar, Sector 18, Gurugram, Haryana 122015, India",3.7,22,https://maps.google.com/?cid=11679220795950425082&g_mp=Cilnb29nbGUubWFwcy5wbGFjZXMudjEuUGxhY2VzLlNlYXJjaE5lYXJieRACGAQgAA
The Pinecone Studio,service,9999039111,,"1, V-9, V Block, DLF Phase 3, Sector 24, Gurugram, Haryana 122001, India",5,22,https://maps.google.com/?cid=7728497819552620083&g_mp=Cilnb29nbGUubWFwcy5wbGFjZXMudjEuUGxhY2VzLlNlYXJjaE5lYXJieRACGAQgAA
Etchcraft Emporium - Personalised Accessories,store,9818151452,https://etchcraftemporium.in/,"Unit no. 22, C, DLF Cyber Park, Phase III, Udyog Vihar, Sector 20, Gurugram, Haryana 122016, India",4.4,22,https://maps.google.com/?cid=17049821341218238605&g_mp=Cilnb29nbGUubWFwcy5wbGFjZXMudjEuUGxhY2VzLlNlYXJjaE5lYXJieRACGAQgAA
Mala Akhbari,north_indian_restaurant,9958570381,,"G33X+833, Ambience Island, DLF Phase 3, Sector 24, Gurugram, Haryana 122010, India",4.8,22,https://maps.google.com/?cid=3756720711401957664&g_mp=Cilnb29nbGUubWFwcy5wbGFjZXMudjEuUGxhY2VzLlNlYXJjaE5lYXJieRACGAQgAA
Rambeer Travels,taxi_service,9560261600,https://rambeertravels.com/,"R1 B301, EWS Richmond Park, Block C, DLF Phase IV, Sector 27, Gurugram, Haryana 122009, India",4.8,21,https://maps.google.com/?cid=15168322142706338528&g_mp=Cilnb29nbGUubWFwcy5wbGFjZXMudjEuUGxhY2VzLlNlYXJjaE5lYXJieRACGAQgAA
Yoga With Sapna - Yoga Classes in Gurgaon,yoga_studio,9810095433,https://yogawithsapna.com/,"B, 54-A, Ashoka Marg, behind DLF Galleria Road, Sushant Lok Phase I, Sector 43, Gurugram, Haryana 122009, India",4.8,21,https://maps.google.com/?cid=13828124182591237431&g_mp=Cilnb29nbGUubWFwcy5wbGFjZXMudjEuUGxhY2VzLlNlYXJjaE5lYXJieRACGAQgAA
OM Shanti Yoga Services,,9811775444,https://www.omshantiyoga.in/,"D904, Sector 28, Jaina Market, Sector 28, Chakkarpur, Gurugram, Haryana 122009, India",5,21,https://maps.google.com/?cid=9111579101378500423&g_mp=Cilnb29nbGUubWFwcy5wbGFjZXMudjEuUGxhY2VzLlNlYXJjaE5lYXJieRACGAQgAA
Vani Physiotherapy Clinic,doctor,8800506858,https://www.apollo247.com/hospital/9e61c4d7-121a-4725-a0f3-0b93a5689a05,"Shop 2,3, Essel Convinient Centre, Essel Towers, Mehrauli-Gurgaon Rd, Sector 28, Sushant Lok Phase I, Gurugram, Haryana 122009, India",4.8,21,https://maps.google.com/?cid=1641289883072684361&g_mp=Cilnb29nbGUubWFwcy5wbGFjZXMudjEuUGxhY2VzLlNlYXJjaE5lYXJieRACGAQgAA
The Oxygen Spa,spa,9625396199,https://massagespas.in/gurgaon/the-oxygen-spa-mg-road-gurgaon,"No. 367/B64, Add::-Shop, Sector 28, Maruti Housing Colony, Gurugram, Haryana 122009, India",5,21,https://maps.google.com/?cid=14473266136877053237&g_mp=Cilnb29nbGUubWFwcy5wbGFjZXMudjEuUGxhY2VzLlNlYXJjaE5lYXJieRACGAQgAA
Dr N Sony | Dentist & Dental Surgeon in Dlf Gurgaon,dentist,9668802542,,"Uma Sanjeevani Hospital, 1, Dakshin Marg, DLF Phase 2, Sector 25, Gurugram, Haryana 122002, India",5,21,https://maps.google.com/?cid=12507148720575542485&g_mp=Cilnb29nbGUubWFwcy5wbGFjZXMudjEuUGxhY2VzLlNlYXJjaE5lYXJieRACGAQgAA
Indian Overseas Bank,bank,8925951935,https://locate.iob.in/indian-overseas-bank-nhb-gurgaon-public-sector-bank-sector-18-gurugram-379503/Home,"Plot No 85, Institutional Area, Sector 18, Gurugram, Haryana 122015, India",3.3,21,https://maps.google.com/?cid=16087377343856841362&g_mp=Cilnb29nbGUubWFwcy5wbGFjZXMudjEuUGxhY2VzLlNlYXJjaE5lYXJieRACGAQgAA
BBRE,general_contractor,9810220005,https://www.bbreindia.com/,"Q-5/25, Q-5, DLF Phase 2, Sector 25, Gurugram, Haryana 122002, India",4.2,21,https://maps.google.com/?cid=900211187987021746&g_mp=Cilnb29nbGUubWFwcy5wbGFjZXMudjEuUGxhY2VzLlNlYXJjaE5lYXJieRACGAQgAA
Quality Wash,laundry,9654802503,,"Nr. Mother Dairy, Sarhaul, Sector 18, Gurugram, Haryana 122015, India",4.8,21,https://maps.google.com/?cid=1742943654195672139&g_mp=Cilnb29nbGUubWFwcy5wbGFjZXMudjEuUGxhY2VzLlNlYXJjaE5lYXJieRACGAQgAA
Made 2 Fit,gym,9818137179,,"U-42 Rd, U Block, Nathupur, Sector 24, Gurugram, Haryana 122002, India",4,21,https://maps.google.com/?cid=6173903412606045375&g_mp=Cilnb29nbGUubWFwcy5wbGFjZXMudjEuUGxhY2VzLlNlYXJjaE5lYXJieRACGAQgAA
Creative aura art and craft classes,educational_institution,7739877688,https://www.instagram.com/creative_aura03?igsh=MWhqdjluY3hzenY3bA==,"PLOT, V36, PEAS IN POD , LANE, opposite Narayana Superspeciality Hospital, U Block, DLF Phase 3, Sector 24, Gurugram, Haryana 122002, India",4.8,21,https://maps.google.com/?cid=14630287706228715133&g_mp=Cilnb29nbGUubWFwcy5wbGFjZXMudjEuUGxhY2VzLlNlYXJjaE5lYXJieRACGAQgAA
Risezonic LLP,consultant,8178857250,http://risezonic.com/,"Awfis Gurgaon, 07th Floor ,Gate No.03, Gate No.04, &, NH 48, Ambience Island, DLF Phase 3, Sector 24, Gurugram, Haryana 122010, India",5,21,https://maps.google.com/?cid=11172366052471989043&g_mp=Cilnb29nbGUubWFwcy5wbGFjZXMudjEuUGxhY2VzLlNlYXJjaE5lYXJieRACGAQgAA
Anil Dairy Farm,ranch,9891998322,,"Panchayat Ghar Rd, Nathupur, Rajokri, New Delhi, Delhi 110038, India",3.9,21,https://maps.google.com/?cid=4190870177405426489&g_mp=Cilnb29nbGUubWFwcy5wbGFjZXMudjEuUGxhY2VzLlNlYXJjaE5lYXJieRACGAQgAA
Bright Physiotherapy and Advance Rehab Centre,medical_clinic,9355916787,,"H.No.250, Basement, Golf Crse Rd, Sector 42, Gurugram, Haryana 122009, India",4.9,20,https://maps.google.com/?cid=11424381101632237958&g_mp=Cilnb29nbGUubWFwcy5wbGFjZXMudjEuUGxhY2VzLlNlYXJjaE5lYXJieRACGAQgAA
KRISHNA BATTERY HOUSE & AIR CONDITIONING,auto_parts_store,9990742966,,"SHOP NO, shopping complex, B747B, PH 1, near Sushant Arcade, Sushant Lok Phase I, Sector 43, Gurugram, Haryana 122009, India",4.9,20,https://maps.google.com/?cid=14546253050886172265&g_mp=Cilnb29nbGUubWFwcy5wbGFjZXMudjEuUGxhY2VzLlNlYXJjaE5lYXJieRACGAQgAA
Yadav Glass & Aluminum Fabricator,building_materials_store,8700372669,https://toughenedglassncr.com/,"3201, Chakkarpur, NCR, DLF Phase IV, Gurugram, Region, Haryana 122009, India",4.8,20,https://maps.google.com/?cid=6740017198229993162&g_mp=Cilnb29nbGUubWFwcy5wbGFjZXMudjEuUGxhY2VzLlNlYXJjaE5lYXJieRACGAQgAA
Horizon towers,general_contractor,9992700000,,"762, near Golf Course Road, Sector 42, Gurugram, Haryana 122002, India",4.8,20,https://maps.google.com/?cid=2755689762344050775&g_mp=Cilnb29nbGUubWFwcy5wbGFjZXMudjEuUGxhY2VzLlNlYXJjaE5lYXJieRACGAQgAA
Harmony Suites Service Apartment DLF Phase 4 Gurgaon,lodging,7042603652,http://www.harmonysuites.in/,"4502, HIBISCUS Ln, DLF Phase IV, Gurugram, Haryana 122009, India",4.9,20,https://maps.google.com/?cid=3831988783079955072&g_mp=Cilnb29nbGUubWFwcy5wbGFjZXMudjEuUGxhY2VzLlNlYXJjaE5lYXJieRACGAQgAA
Yashika Nursery,wholesaler,9999614929,,"Metro Pillar No.135, Mehrauli-Gurgaon Rd, near Platinum Tower, near IFFCO Chowk Metro Station, Sector 28, Gurugram, Haryana 122009, India",5,20,https://maps.google.com/?cid=4558095642194466384&g_mp=Cilnb29nbGUubWFwcy5wbGFjZXMudjEuUGxhY2VzLlNlYXJjaE5lYXJieRACGAQgAA
Sunshine Preschool & Daycare,preschool,9811930092,http://sunshineeducators.com/,"H.No. 1305, Ground Floor, Maruti Vihar, Maruti Housing Colony, Gurugram, Haryana 122002, India",4.8,20,https://maps.google.com/?cid=14554938215228400691&g_mp=Cilnb29nbGUubWFwcy5wbGFjZXMudjEuUGxhY2VzLlNlYXJjaE5lYXJieRACGAQgAA
abcoffee Sewa Corporate Park,coffee_shop,9217844050,https://www.abcoffee.in/our-decks,"Ground Floor, 201A, Mehrauli-Gurgaon Rd, next to Kotak Bank Sewa Corporate Park, DLF Phase 2, Sector 25, Sarhol, Gurugram, Haryana 122002, India",4.8,20,https://maps.google.com/?cid=3871337248929542913&g_mp=Cilnb29nbGUubWFwcy5wbGFjZXMudjEuUGxhY2VzLlNlYXJjaE5lYXJieRACGAQgAA
Acveti,service,9871777335,https://acveti.com/,"UG-006, MGF, MGF Metropolitan Mall, Mehrauli-Gurgaon Rd, Sector 28, Maruti Housing Colony, Gurugram, Haryana 122009, India",5,20,https://maps.google.com/?cid=11090509544867568113&g_mp=Cilnb29nbGUubWFwcy5wbGFjZXMudjEuUGxhY2VzLlNlYXJjaE5lYXJieRACGAQgAA
Noblestone Realtors,real_estate_agency,9760731119,https://noblestonerealtors.com/,"20, H-33 Rd, Block H, DLF Phase 1, Sector 26, Gurugram, Haryana 122002, India",5,20,https://maps.google.com/?cid=14374969178202885468&g_mp=Cilnb29nbGUubWFwcy5wbGFjZXMudjEuUGxhY2VzLlNlYXJjaE5lYXJieRACGAQgAA
Wicker Delight (Luxury Outdoor Furniture),furniture_store,9999171862,http://wickerdelight.in/,"Metro Pillar 190, 191, Mehrauli-Gurgaon Rd, Arjan Garh, Aya Nagar, New Delhi, Delhi 110047, India",4.7,20,https://maps.google.com/?cid=5243382442304097953&g_mp=Cilnb29nbGUubWFwcy5wbGFjZXMudjEuUGxhY2VzLlNlYXJjaE5lYXJieRACGAQgAA
OSWAL MARBLES,manufacturer,9818350816,http://www.oswalmarble.com/,"Oswal Marbles Sikanderpur Marble Market, Mehrauli-Gurgaon Rd, opp. metro pillar no.20, Sikanderpur, Sector 26, Gurugram, Haryana 122002, India",4.4,20,https://maps.google.com/?cid=15506263502717675066&g_mp=Cilnb29nbGUubWFwcy5wbGFjZXMudjEuUGxhY2VzLlNlYXJjaE5lYXJieRACGAQgAA
Gojavas Head Office,,8130882921,http://gojavas.com/,"107, Phase IV, Udyog Vihar, Sector 18, Gurugram, Haryana 122015, India",3.1,20,https://maps.google.com/?cid=9803422406088964169&g_mp=Cilnb29nbGUubWFwcy5wbGFjZXMudjEuUGxhY2VzLlNlYXJjaE5lYXJieRACGAQgAA
Qohl,clothing_store,7864822123,http://www.qohl.in/,"DLF Phase 2, Sector 25, Gurugram, Haryana 122002, India",5,20,https://maps.google.com/?cid=3867328253927015295&g_mp=Cilnb29nbGUubWFwcy5wbGFjZXMudjEuUGxhY2VzLlNlYXJjaE5lYXJieRACGAQgAA
Moksha Media Group,service,7428812223,https://www.moksha.in/,"Fourth Floor, Enkay Center Vanijya Nikunj Wing A, near Cyber City, Phase V, Udyog Vihar, Sector 19, Gurugram, Haryana 122016, India",4,20,https://maps.google.com/?cid=11600152434875132704&g_mp=Cilnb29nbGUubWFwcy5wbGFjZXMudjEuUGxhY2VzLlNlYXJjaE5lYXJieRACGAQgAA
HI3 Technologies Pvt. Ltd,service,8445158129,,"Plot No - 21B, Ground Floor, Udyog Vihar Phase V Rd, Phase V, Udyog Vihar, Sector 19, Gurugram, Haryana 122016, India",4.2,20,https://maps.google.com/?cid=13274902602042180533&g_mp=Cilnb29nbGUubWFwcy5wbGFjZXMudjEuUGxhY2VzLlNlYXJjaE5lYXJieRACGAQgAA
Drum Lessons by Suyash Grover,educational_institution,8383975548,https://www.suyashgrover.com/,"C-Block, Block C, Sushant Lok Phase I, Sector 43, Gurugram, Haryana 122009, India",5,19,https://maps.google.com/?cid=4298315109179318998&g_mp=Cilnb29nbGUubWFwcy5wbGFjZXMudjEuUGxhY2VzLlNlYXJjaE5lYXJieRACGAQgAA
ROCC’S ACCOUNTS ACADEMY,educational_institution,9990052014,,"III Floor, Ardee City, B-35, Sector 52, Sector 43, Gurugram, Haryana 122002, India",4.8,19,https://maps.google.com/?cid=5880846368301478564&g_mp=Cilnb29nbGUubWFwcy5wbGFjZXMudjEuUGxhY2VzLlNlYXJjaE5lYXJieRACGAQgAA
Saluja Realtors,real_estate_agency,9910072803,http://www.salujarealtors.com/,"C - 8/5, near DLF shopping mall, DLF Phase 1, Sector 26A, Gurugram, Haryana 122002, India",4.6,19,https://maps.google.com/?cid=8512431438826952781&g_mp=Cilnb29nbGUubWFwcy5wbGFjZXMudjEuUGxhY2VzLlNlYXJjaE5lYXJieRACGAQgAA
visionofpawan.studio,hair_salon,9811940592,,"B11/1, DLF Phase 1, Sector 26A, Gurugram, Haryana 122002, India",5,19,https://maps.google.com/?cid=5071019919693270530&g_mp=Cilnb29nbGUubWFwcy5wbGFjZXMudjEuUGxhY2VzLlNlYXJjaE5lYXJieRACGAQgAA
TRISHA UNISEX SALON,hair_salon,8595341080,,"gate no. 6, Ground B-3, near Qutab Plaza Road, DLF Phase 1, Sector 26A, Gurugram, Haryana 122002, India",3.9,19,https://maps.google.com/?cid=17477158373366522434&g_mp=Cilnb29nbGUubWFwcy5wbGFjZXMudjEuUGxhY2VzLlNlYXJjaE5lYXJieRACGAQgAA
Alz Day Spa MG Road Gurgaon Massage Parlour,spa,8810643162,https://spa-center.co.in/alz-day-spa/,"Shop No.-187, 1st Floor, MGF Metropolis Mall, Mehrauli-Gurgaon Rd, Sector 28, Maruti Housing Colony, Gurugram, Haryana 122009, India",4.6,19,https://maps.google.com/?cid=2633408747063736829&g_mp=Cilnb29nbGUubWFwcy5wbGFjZXMudjEuUGxhY2VzLlNlYXJjaE5lYXJieRACGAQgAA
Nurturing Souls by Megha,health,8130885511,https://www.nurturingsouls.co.in/,"A2/602, SAHARA GRACE CONDOMINIUM, Mehrauli-Gurgaon Rd, behind Sahara Mall, Sector 28, Chakkarpur, Gurugram, Haryana 122002, India",5,19,https://maps.google.com/?cid=2877664963852080984&g_mp=Cilnb29nbGUubWFwcy5wbGFjZXMudjEuUGxhY2VzLlNlYXJjaE5lYXJieRACGAQgAA
Beyond Curtains By Charu Sawhney,general_contractor,9811184365,,"Shop No 2, Gaurav Plaza, opposite Metro Pillar No. 50, Sikanderpur, DLF Phase 1, Sector 26, Gurugram, Haryana 122002, India",5,19,https://maps.google.com/?cid=12772233501506353136&g_mp=Cilnb29nbGUubWFwcy5wbGFjZXMudjEuUGxhY2VzLlNlYXJjaE5lYXJieRACGAQgAA
The S studio,beauty_salon,8064525757,https://www.thesstudiounisexsalon.in/,"Shop no. 124,125 Ground, Central Arcade, market, Phase I, DLF Phase 2, Sector 25, Gurugram, Haryana 122002, India",5,19,https://maps.google.com/?cid=16366010367215281956&g_mp=Cilnb29nbGUubWFwcy5wbGFjZXMudjEuUGxhY2VzLlNlYXJjaE5lYXJieRACGAQgAA
Pixelwork Interactive,service,9891098122,https://www.pixelworkinteractive.com/,"249, Udyog Vihar Phase V Rd, Phase IV, Udyog Vihar, Sector 18, Gurugram, Haryana 122015, India",4.4,19,https://maps.google.com/?cid=7144993265104591791&g_mp=Cilnb29nbGUubWFwcy5wbGFjZXMudjEuUGxhY2VzLlNlYXJjaE5lYXJieRACGAQgAA
Synapse Resources,service,7065309090,https://www.synapseresources.com/,"667, Udyog Vihar Phase V Rd, Phase V, Udyog Vihar, Sector 19, Gurugram, Haryana 122016, India",4.9,19,https://maps.google.com/?cid=12244886508921622826&g_mp=Cilnb29nbGUubWFwcy5wbGFjZXMudjEuUGxhY2VzLlNlYXJjaE5lYXJieRACGAQgAA
Lagoon Serviced Apartments Gurgaon,lodging,9582822295,https://www.serviceapartments-gurgaon.com/,"L-701, Ambience Lagoon Dr, behind Ambience Mall, Ambience Island, Apartments, Sector 24, Gurugram, Haryana 122010, India",4.2,19,https://maps.google.com/?cid=5613154032441217344&g_mp=Cilnb29nbGUubWFwcy5wbGFjZXMudjEuUGxhY2VzLlNlYXJjaE5lYXJieRACGAQgAA
Nekta Food Solutions Limited,catering_service,9152231325,https://www.nektafoods.com/,"Ground Floor, Plot 338, Udyog Vihar II Rd, Phase II, Udyog Vihar, Sector 20, Gurugram, Haryana 122016, India",4.7,19,https://maps.google.com/?cid=3144770498227010981&g_mp=Cilnb29nbGUubWFwcy5wbGFjZXMudjEuUGxhY2VzLlNlYXJjaE5lYXJieRACGAQgAA
Luxurious Spa,spa,8287549618,,"3/1/1/16, C-Block, Vyapar Kendra Market, Block C, Sushant Lok Phase I, Sector 43, Gurugram, Haryana 122009, India",4.6,18,https://maps.google.com/?cid=15396960622592094040&g_mp=Cilnb29nbGUubWFwcy5wbGFjZXMudjEuUGxhY2VzLlNlYXJjaE5lYXJieRACGAQgAA
MOD Design,,8882550991,https://moddesign3dprinting.com/,"Tower A2, 6th Floor, A-65, Block C2, DLF Phase IV, Sector 43, Gurugram, Haryana 122009, India",4.9,18,https://maps.google.com/?cid=14241496811513722692&g_mp=Cilnb29nbGUubWFwcy5wbGFjZXMudjEuUGxhY2VzLlNlYXJjaE5lYXJieRACGAQgAA
Master Vani kabir – Spiritual Healer in Gurgaon,wellness_center,9717194782,https://www.mastervanikabir.com/,"B-65, Second Floor, Sushant Lok Phase I, Sector 43, Gurugram, Haryana 122009, India",4.5,18,https://maps.google.com/?cid=5337154914927094368&g_mp=Cilnb29nbGUubWFwcy5wbGFjZXMudjEuUGxhY2VzLlNlYXJjaE5lYXJieRACGAQgAA
EMG Entertainment,,9891900000,https://www.emg.co.in/,"37, Arjun Marg, Block E, DLF Phase 1, Sector 26A, Gurugram, Haryana 122002, India",5,18,https://maps.google.com/?cid=9024640619271769962&g_mp=Cilnb29nbGUubWFwcy5wbGFjZXMudjEuUGxhY2VzLlNlYXJjaE5lYXJieRACGAQgAA
Uniformsonweb,manufacturer,9891194126,http://uniformsonweb.com/,"Essel Towers, 819 Ews, Sector 28, Sushant Lok Phase I, Gurugram, Haryana 122009, India",4.8,18,https://maps.google.com/?cid=7843565520081786143&g_mp=Cilnb29nbGUubWFwcy5wbGFjZXMudjEuUGxhY2VzLlNlYXJjaE5lYXJieRACGAQgAA
Karni Sena,non_profit_organization,9267978789,,"C-1002, 10TH FLOOR, Pilot Court, Essel Towers, Mehrauli-Gurgaon Rd, Sector 28, Sushant Lok Phase I, Gurugram, Haryana 122009, India",5,18,https://maps.google.com/?cid=3933704425171988420&g_mp=Cilnb29nbGUubWFwcy5wbGFjZXMudjEuUGxhY2VzLlNlYXJjaE5lYXJieRACGAQgAA
Tarot For All,,9873421002,http://www.tarotforall.co.in/,"503, Sheeba Apartment,DLF Phase 4, Near Galleria Market,Sector 28, Sector 28, Chakkarpur, Gurugram, Haryana 122002, India",4.7,18,https://maps.google.com/?cid=2010859079227720075&g_mp=Cilnb29nbGUubWFwcy5wbGFjZXMudjEuUGxhY2VzLlNlYXJjaE5lYXJieRACGAQgAA
Meesra,service,7210499455,https://www.meesra.in/?utm_source=google&utm_medium=wix_google_business_profile&utm_campaign=1623651962380560511,"Office Number 27, The Bristol Hotel, Sikanderpur, DLF Phase 1, Gurugram, Haryana 122002, India",5,18,https://maps.google.com/?cid=11391063803655773310&g_mp=Cilnb29nbGUubWFwcy5wbGFjZXMudjEuUGxhY2VzLlNlYXJjaE5lYXJieRACGAQgAA
Jogendra Singh (Marble & Granite Supplier),manufacturer,9810004145,,"Marble Market, near Aya Nagar, Arjan Garh, Aya Nagar, New Delhi, Gurugram, Delhi 110047, India",5,18,https://maps.google.com/?cid=12155605757418106518&g_mp=Cilnb29nbGUubWFwcy5wbGFjZXMudjEuUGxhY2VzLlNlYXJjaE5lYXJieRACGAQgAA
Bamboo Chick Blind Gurgaon,store,9871801263,https://sites.google.com/view/devblindshop/home,"Metro Pillar No 80 81, JMD Arcade, Sikanderpur, DLF Phase 2, Sector 25, Gurugram, Haryana 122004, India",5,18,https://maps.google.com/?cid=11634020674672909769&g_mp=Cilnb29nbGUubWFwcy5wbGFjZXMudjEuUGxhY2VzLlNlYXJjaE5lYXJieRACGAQgAA
The Clarks Hotels and Resorts,corporate_office,9205867733,https://www.theclarkshotels.com/?utm_source=google&utm_medium=organic,"Emaar Mgf Capital Tower, 707, Mehrauli-Gurgaon Rd, Sikanderpur, Sector 26, Gurugram, Haryana 122002, India",4.6,18,https://maps.google.com/?cid=14935858074664973065&g_mp=Cilnb29nbGUubWFwcy5wbGFjZXMudjEuUGxhY2VzLlNlYXJjaE5lYXJieRACGAQgAA
RaseoTech Digital,service,8368980333,http://ai.raseotech.com/,"Q-5/2, DLF Phase 2, Sector 25, Gurugram, Haryana 122002, India",4.2,18,https://maps.google.com/?cid=2037106357744691628&g_mp=Cilnb29nbGUubWFwcy5wbGFjZXMudjEuUGxhY2VzLlNlYXJjaE5lYXJieRACGAQgAA
Interspace Associates,association_or_organization,9871197770,,"Block P, 43, Mushedpur, DLF Phase 2, Sector 25, Gurugram, Haryana 122002, India",4.6,18,https://maps.google.com/?cid=15570657110426012106&g_mp=Cilnb29nbGUubWFwcy5wbGFjZXMudjEuUGxhY2VzLlNlYXJjaE5lYXJieRACGAQgAA
Manoj Sweet Corner,candy_store,9990321006,,"Rawindra Marg Nathupur, Phase III, F3PX+X9M, Nathupur, Sector 24, Gurugram, Haryana 122010, India",4.5,18,https://maps.google.com/?cid=7274989213281621281&g_mp=Cilnb29nbGUubWFwcy5wbGFjZXMudjEuUGxhY2VzLlNlYXJjaE5lYXJieRACGAQgAA
Shree Vinayak Industries,manufacturer,8700578040,,"Mahindra Singh Compound, near Passport Office, opp. Lumax Industries, Phase IV, Sector 18, Gurugram, Haryana 122015, India",5,18,https://maps.google.com/?cid=9878815598119096307&g_mp=Cilnb29nbGUubWFwcy5wbGFjZXMudjEuUGxhY2VzLlNlYXJjaE5lYXJieRACGAQgAA
International Call Center Services Provider,,9818123888,,"223, Phase IV, Udyog Vihar, Sector 18, Gurugram, Haryana 122015, India",3.6,18,https://maps.google.com/?cid=6935146480752914908&g_mp=Cilnb29nbGUubWFwcy5wbGFjZXMudjEuUGxhY2VzLlNlYXJjaE5lYXJieRACGAQgAA
Lawrence Travels x Royal Indian Trains,travel_agency,9810145718,http://www.royalindiantrains.com/,"3rd Floor, 50, V-10, DLF Phase 3, Sector 24, Gurugram, Haryana 122010, India",4.9,18,https://maps.google.com/?cid=12396353987031194619&g_mp=Cilnb29nbGUubWFwcy5wbGFjZXMudjEuUGxhY2VzLlNlYXJjaE5lYXJieRACGAQgAA
Transworld Packers And Movers,transportation_service,9880234900,https://www.transworldpackersmovers.com/,"Shop No 18, Ambience Island, DLF Phase 3, Sector 24, Gurugram, Haryana 122002, India",5,18,https://maps.google.com/?cid=12933001499310413230&g_mp=Cilnb29nbGUubWFwcy5wbGFjZXMudjEuUGxhY2VzLlNlYXJjaE5lYXJieRACGAQgAA
Gurugram Cab Service,taxi_service,9953986802,https://gurugramcab.com/,"Flat no. 331, First floor, housing board colony, Sector 42, Gurugram, Haryana 122009, India",5,17,https://maps.google.com/?cid=7999153963116987646&g_mp=Cilnb29nbGUubWFwcy5wbGFjZXMudjEuUGxhY2VzLlNlYXJjaE5lYXJieRACGAQgAA
"Dilli BC - DLF Phase 4, Gurgaon",north_indian_restaurant,9643007347,,"F39M+56W, Hamilton Ct Rd, Sector 28, DLF Phase IV, Gurugram, Haryana 122009, India",4.1,17,https://maps.google.com/?cid=4774745102487236392&g_mp=Cilnb29nbGUubWFwcy5wbGFjZXMudjEuUGxhY2VzLlNlYXJjaE5lYXJieRACGAQgAA
YogOne | Home Yoga Classes,yoga_studio,9639630998,http://yogone.in/,"aestheticvision.yoga Qutub Plaza A-1, DLF Phase 1, Sector 26, Gurugram, Haryana 122009, India",4.8,17,https://maps.google.com/?cid=2134850460468831603&g_mp=Cilnb29nbGUubWFwcy5wbGFjZXMudjEuUGxhY2VzLlNlYXJjaE5lYXJieRACGAQgAA
Key Exposervices LLP India,service,9811118811,http://keyexposervices.com/,"Bounce Dr, G Block, DLF Phase 1, Sector 26, Gurugram, Haryana 122002, India",5,17,https://maps.google.com/?cid=1526755930071393038&g_mp=Cilnb29nbGUubWFwcy5wbGFjZXMudjEuUGxhY2VzLlNlYXJjaE5lYXJieRACGAQgAA
Men At Work Decorators,general_contractor,9891507773,,"Nambardar Market, Sahara Grace, society Road, behind Sahara Mall, Sector 28, Chakkarpur, Gurugram, Haryana 122002, India",4.8,17,https://maps.google.com/?cid=10862157082281544651&g_mp=Cilnb29nbGUubWFwcy5wbGFjZXMudjEuUGxhY2VzLlNlYXJjaE5lYXJieRACGAQgAA
Virasat,grocery_store,9810024261,,"29/1, Shahtoot Marg, DLF Phase 1, Sector 26A, Gurugram, Haryana 122002, India",4.9,17,https://maps.google.com/?cid=13326775281013871915&g_mp=Cilnb29nbGUubWFwcy5wbGFjZXMudjEuUGxhY2VzLlNlYXJjaE5lYXJieRACGAQgAA
Divine Wellness & Relaxation,massage_spa,9382640381,http://divinewellnessmassage.in/,"536, G Block, DLF Phase 1, Sector 26, Gurugram, Haryana 122002, India",4.9,17,https://maps.google.com/?cid=8448708661467427951&g_mp=Cilnb29nbGUubWFwcy5wbGFjZXMudjEuUGxhY2VzLlNlYXJjaE5lYXJieRACGAQgAA
Physio 4 U,physiotherapist,9716560218,,"Phase I, DLF Phase 2, Sector 25, Gurugram, Haryana 122002, India",5,17,https://maps.google.com/?cid=5119997387476914247&g_mp=Cilnb29nbGUubWFwcy5wbGFjZXMudjEuUGxhY2VzLlNlYXJjaE5lYXJieRACGAQgAA
Swarnimm Sangeet Mahavidyalaya,,9560345674,,"S 9/1, S 9th Rd, DLF Phase 3, Sector 24, Gurugram, Haryana 122010, India",5,17,https://maps.google.com/?cid=17031532270212115518&g_mp=Cilnb29nbGUubWFwcy5wbGFjZXMudjEuUGxhY2VzLlNlYXJjaE5lYXJieRACGAQgAA
Yum Yum Cha,asian_restaurant,9810002993,http://yumyumcha.in/,"Tuli House, 90, Phase IV, DLF Phase 2, Sector 24, Gurugram, Haryana 122015, India",4.4,17,https://maps.google.com/?cid=10879940551539383280&g_mp=Cilnb29nbGUubWFwcy5wbGFjZXMudjEuUGxhY2VzLlNlYXJjaE5lYXJieRACGAQgAA
Royal Cuisine Caterers,catering_service,9911065459,https://royalcuisinecaterers.com/index.html,"S- 5/16, DLF Phase 3, Sector 24, Gurugram, Haryana 122002, India",4.8,17,https://maps.google.com/?cid=5513032994449191752&g_mp=Cilnb29nbGUubWFwcy5wbGFjZXMudjEuUGxhY2VzLlNlYXJjaE5lYXJieRACGAQgAA
Variety Innovation Venture Private Limited,manufacturer,8604386046,https://www.unboxindustry.com/,"619, Ground Floor, Udyog Vihar 3, Phase V, Udyog Vihar, Sector 19, Gurugram, Haryana 122016, India",4.1,17,https://maps.google.com/?cid=13184623289774185828&g_mp=Cilnb29nbGUubWFwcy5wbGFjZXMudjEuUGxhY2VzLlNlYXJjaE5lYXJieRACGAQgAA
Nurturing Paths,service,9717167067,http://www.nurturingpaths.com/,"National Media Campus, Shankar Chowk Rd, near Mothers Mount School, The National Media Centre, Sector 24, Gurugram, Haryana 122002, India",4.9,17,https://maps.google.com/?cid=13244844668514198483&g_mp=Cilnb29nbGUubWFwcy5wbGFjZXMudjEuUGxhY2VzLlNlYXJjaE5lYXJieRACGAQgAA
Sequentum India,service,8665946019,http://sequentum.com/,"667, Udyog Vihar Phase V Rd, Phase V, Udyog Vihar, Sector 19, Gurugram, Haryana 122016, India",4.6,17,https://maps.google.com/?cid=8857484849481135099&g_mp=Cilnb29nbGUubWFwcy5wbGFjZXMudjEuUGxhY2VzLlNlYXJjaE5lYXJieRACGAQgAA
A One Car Battery and Jump Start Service,auto_parts_store,8287629829,https://alamcarbreakdownservice.in/,"opp. Hyundai Motor, near Crown Plaza Hotel, Sector 29, Gurugram, Haryana 122009, India",4.8,16,https://maps.google.com/?cid=3164010497462606321&g_mp=Cilnb29nbGUubWFwcy5wbGFjZXMudjEuUGxhY2VzLlNlYXJjaE5lYXJieRACGAQgAA
BW Networks Studios,marketing_consultant,7508052470,,"Ground Floor, 1214, Cabin 5, Sector 28, DLF Phase IV, Gurugram, Haryana 122009, India",5,16,https://maps.google.com/?cid=17876178303263212138&g_mp=Cilnb29nbGUubWFwcy5wbGFjZXMudjEuUGxhY2VzLlNlYXJjaE5lYXJieRACGAQgAA
Flameback Tech,manufacturer,9999333268,https://www.flamebacktech.com/,"Sector 28, DLF Phase 1, Gurugram, Haryana 122002, India",5,16,https://maps.google.com/?cid=4394694040324006862&g_mp=Cilnb29nbGUubWFwcy5wbGFjZXMudjEuUGxhY2VzLlNlYXJjaE5lYXJieRACGAQgAA
Go Global Logistics,courier_service,9891118945,,"A2/212, Ishwar Colony, Phase 5, Aya Nagar Extension, Aya Nagar, New Delhi, Delhi 110047, India",5,16,https://maps.google.com/?cid=12022973544702558463&g_mp=Cilnb29nbGUubWFwcy5wbGFjZXMudjEuUGxhY2VzLlNlYXJjaE5lYXJieRACGAQgAA
DPI Daylighting Private Limited,manufacturer,9811030204,http://dpidaylighting.com/,"501, MGF Metropolis Mall, Mehrauli-Gurgaon Rd, Sector 28, Maruti Housing Colony, Gurugram, Haryana 122009, India",5,16,https://maps.google.com/?cid=16253974282587412114&g_mp=Cilnb29nbGUubWFwcy5wbGFjZXMudjEuUGxhY2VzLlNlYXJjaE5lYXJieRACGAQgAA
Annanya Designs & Interiors,service,9911261611,https://www.annanyainterior.com/,"7th Floor, Tower D, GLOBAL BUSINESS PARK, MR-1, Sikanderpur, Sector 26, Gurugram, Haryana 122002, India",4.6,16,https://maps.google.com/?cid=8043818905620739070&g_mp=Cilnb29nbGUubWFwcy5wbGFjZXMudjEuUGxhY2VzLlNlYXJjaE5lYXJieRACGAQgAA
Supreme Marble & Granite - Somany Dealer,supplier,8750301675,,"Marble Market, Mehrauli-Gurgaon Rd, opposite Metro Pillar N0. 14, Sikanderpur, Arjan Garh, Aya Nagar, Gurugram, Haryana 122002, India",5,16,https://maps.google.com/?cid=17746394006255436774&g_mp=Cilnb29nbGUubWFwcy5wbGFjZXMudjEuUGxhY2VzLlNlYXJjaE5lYXJieRACGAQgAA
Village Article,furniture_store,9899523228,,"Shop No - 2, Arjangarh, Opposite pillar no - 189, M.G Road, Aya nagar, Arjan Garh, Aya Nagar, New Delhi, Delhi 110047, India",4.4,16,https://maps.google.com/?cid=12854225234459411598&g_mp=Cilnb29nbGUubWFwcy5wbGFjZXMudjEuUGxhY2VzLlNlYXJjaE5lYXJieRACGAQgAA
VRK HOME ESTATES PVT LTD,consultant,9899991114,https://www.vrkhomeestates.com/,"P 4, 5, Jacaranda Marg, DLF Phase 2, Sector 25, Gurugram, Haryana 122002, India",4.7,16,https://maps.google.com/?cid=14963916229188195575&g_mp=Cilnb29nbGUubWFwcy5wbGFjZXMudjEuUGxhY2VzLlNlYXJjaE5lYXJieRACGAQgAA
KB TECHNOLOGY,service,8287877797,,"KB TECHNOLOGY 87, Anand Gram, Ghitorni, New Delhi, Delhi 110030, India",4.5,16,https://maps.google.com/?cid=1388538658440048311&g_mp=Cilnb29nbGUubWFwcy5wbGFjZXMudjEuUGxhY2VzLlNlYXJjaE5lYXJieRACGAQgAA
Xtracare Logistics Pvt. Ltd.,shipping_service,9999221851,http://xclpl.com/,"81, Moulsari Ave, DLF Phase 3, Sector 24, Gurugram, Haryana 122002, India",4.2,16,https://maps.google.com/?cid=24196804108459802&g_mp=Cilnb29nbGUubWFwcy5wbGFjZXMudjEuUGxhY2VzLlNlYXJjaE5lYXJieRACGAQgAA
Home painting & renovation,,8750664444,https://home-renovation.in/,"Phase IV, Udyog Vihar, Sector 18, Gurugram, Haryana 122015, India",4.8,16,https://maps.google.com/?cid=2562183531010527024&g_mp=Cilnb29nbGUubWFwcy5wbGFjZXMudjEuUGxhY2VzLlNlYXJjaE5lYXJieRACGAQgAA
Tiora Jewellery,jewelry_store,7897777767,https://tiora.co/,"Phase II, Udyog Vihar, Sector 20, Gurugram, Haryana 122016, India",5,16,https://maps.google.com/?cid=3209251503090952857&g_mp=Cilnb29nbGUubWFwcy5wbGFjZXMudjEuUGxhY2VzLlNlYXJjaE5lYXJieRACGAQgAA
SANKALP SPORTS ACADEMY - Best Sports Academy in DLF Phase 4 Gurgaon,sports_school,9899790810,,"Excelsior American School, Block C2, DLF Garden Villas, Sector 43, Gurugram, Haryana 122009, India",4.5,15,https://maps.google.com/?cid=14038902224449965604&g_mp=Cilnb29nbGUubWFwcy5wbGFjZXMudjEuUGxhY2VzLlNlYXJjaE5lYXJieRACGAQgAA
Mentor Language Institute,educational_institution,9910548708,http://mentorworld.in/,"Golf Course Rd, Block F, DLF Phase 1, Sector 26A, Gurugram, Haryana 122002, India",5,15,https://maps.google.com/?cid=44513300090485447&g_mp=Cilnb29nbGUubWFwcy5wbGFjZXMudjEuUGxhY2VzLlNlYXJjaE5lYXJieRACGAQgAA
The Gut Feel Show by Prranav Vashistha (Podcaster in Delhi NCR),medical_clinic,9899233429,,"B15, Paschim Marg, DLF Phase 1, Sector 26A, Gurugram, Haryana 122002, India",4.9,15,https://maps.google.com/?cid=8544021985803163093&g_mp=Cilnb29nbGUubWFwcy5wbGFjZXMudjEuUGxhY2VzLlNlYXJjaE5lYXJieRACGAQgAA
Taanvi Food Point,restaurant,9654704978,https://www.lytmeals.in/vendor-details/Taanvi%20Food%20Point,"House Number 379, Village, near by Wine Shop, G Block, Nathupur, Sector 26, Gurugram, Haryana 122002, India",4.3,15,https://maps.google.com/?cid=3341980213700508335&g_mp=Cilnb29nbGUubWFwcy5wbGFjZXMudjEuUGxhY2VzLlNlYXJjaE5lYXJieRACGAQgAA
Tiffin Service Gurgaon,food_store,9810798207,,"Essel Towers, 14 CC, Mehrauli-Gurgaon Rd, Sector 28, Sushant Lok Phase I, Gurugram, Haryana 122009, India",3.9,15,https://maps.google.com/?cid=10329716093307997549&g_mp=Cilnb29nbGUubWFwcy5wbGFjZXMudjEuUGxhY2VzLlNlYXJjaE5lYXJieRACGAQgAA
CA Vibhu batra,consultant,9650947778,,"K-9/29, Phase I, DLF Phase 2, Sector 25, Gurugram, Haryana 122002, India",4.7,15,https://maps.google.com/?cid=6587071122557378300&g_mp=Cilnb29nbGUubWFwcy5wbGFjZXMudjEuUGxhY2VzLlNlYXJjaE5lYXJieRACGAQgAA
PS Crane Service,,7303378154,http://pscraneservices.site/,"Akashneem Marg, DLF Phase 2, Sector 25, Shahpur, Gurugram, Haryana 122002, India",5,15,https://maps.google.com/?cid=15338163337354109965&g_mp=Cilnb29nbGUubWFwcy5wbGFjZXMudjEuUGxhY2VzLlNlYXJjaE5lYXJieRACGAQgAA
ExcelDes Architects & Interior Designers,general_contractor,9873577619,https://exceldes.com/best-luxury-interior-designers-in-gurgaon/,"146, Akashneem Marg, DLF Phase 2, Sector 25, Gurugram, Haryana 122002, India",5,15,https://maps.google.com/?cid=7862708578924014315&g_mp=Cilnb29nbGUubWFwcy5wbGFjZXMudjEuUGxhY2VzLlNlYXJjaE5lYXJieRACGAQgAA
DTDC - Nathupura,courier_service,9953325531,,"NR-27, Nathupur Rd, Nathupur, Sector 24, Gurugram, Haryana 122010, India",3.2,15,https://maps.google.com/?cid=279359177189620580&g_mp=Cilnb29nbGUubWFwcy5wbGFjZXMudjEuUGxhY2VzLlNlYXJjaE5lYXJieRACGAQgAA
Commune Siris,lodging,9971294321,https://communeapartment.com/,"Cyber city, Siris Rd, DLF Phase 3, Sector 24, Gurugram, Haryana 122010, India",4.7,15,https://maps.google.com/?cid=9408115525855432339&g_mp=Cilnb29nbGUubWFwcy5wbGFjZXMudjEuUGxhY2VzLlNlYXJjaE5lYXJieRACGAQgAA
Legal Settle,consultant,8076394397,https://legalsettle.in/,"18/1, Siris Rd, S Block, DLF Phase 3, Sector 24, Gurugram, Haryana 122002, India",4.9,15,https://maps.google.com/?cid=13239759498112096670&g_mp=Cilnb29nbGUubWFwcy5wbGFjZXMudjEuUGxhY2VzLlNlYXJjaE5lYXJieRACGAQgAA
DESIGN LOUNGE @ G M Associates,service,8800495007,,"Mahindra Compound, near PASSPORT OFFICE, Udyog Vihar, Sector 18, Sarhol, Gurugram, Haryana 122015, India",4.9,15,https://maps.google.com/?cid=11445407993123534600&g_mp=Cilnb29nbGUubWFwcy5wbGFjZXMudjEuUGxhY2VzLlNlYXJjaE5lYXJieRACGAQgAA
PSC Facility Management Services,service,7972958171,https://www.pscfacilitymanagement.com/,"T, 485, Nathupur Rd, DLF Phase 3, Sector 24, Gurugram, Haryana 122002, India",5,15,https://maps.google.com/?cid=7863454046845287363&g_mp=Cilnb29nbGUubWFwcy5wbGFjZXMudjEuUGxhY2VzLlNlYXJjaE5lYXJieRACGAQgAA
The Village Cafe,vegetarian_restaurant,9990008431,,"F3RQ+QF9, DLF Cyber City, DLF Phase 2, Sector 24, Gurugram, Haryana 122002, India",4.2,15,https://maps.google.com/?cid=8407938046647594875&g_mp=Cilnb29nbGUubWFwcy5wbGFjZXMudjEuUGxhY2VzLlNlYXJjaE5lYXJieRACGAQgAA
In Jobs Center,employment_agency,7838211325,,"309-310, 4, Phase IV, Udyog Vihar, Sector 18, Gurugram, Haryana 122015, India",4.5,15,https://maps.google.com/?cid=12030264881742454967&g_mp=Cilnb29nbGUubWFwcy5wbGFjZXMudjEuUGxhY2VzLlNlYXJjaE5lYXJieRACGAQgAA
INTERNATIONAL EQUIPMENT CO.,corporate_office,7303199889,http://iec-indulge.com/,"395 Electronic City, Electronic City, Phase IV, Udyog Vihar, Sector 18, Gurugram, Haryana 122015, India",5,15,https://maps.google.com/?cid=2183434367454417253&g_mp=Cilnb29nbGUubWFwcy5wbGFjZXMudjEuUGxhY2VzLlNlYXJjaE5lYXJieRACGAQgAA
Sunrisers Hosting - Web Hosting Company,service,8595104872,https://www.sunrisershosting.com/,"Jaipur - Delhi Expy, near Sarhol, Udyog Vihar, Sector 18, Gurugram, Haryana 122016, India",4.7,15,https://maps.google.com/?cid=10942631017618510100&g_mp=Cilnb29nbGUubWFwcy5wbGFjZXMudjEuUGxhY2VzLlNlYXJjaE5lYXJieRACGAQgAA
Simba’s Barkery- PET Bakery,dog_cafe,8800283344,https://simbasbarkery.in/,"IDPL Twp, Udyog Vihar, Sector 19, Gurugram, Haryana 122016, India",5,15,https://maps.google.com/?cid=13933193203044742409&g_mp=Cilnb29nbGUubWFwcy5wbGFjZXMudjEuUGxhY2VzLlNlYXJjaE5lYXJieRACGAQgAA
Wagh Bakri Tea World,tea_house,9560244799,,"Ground Floor, Ambience Mall, K, Hawker Street, Ambience Island, DLF Phase 3, Sector 24, Gurugram, Haryana 122002, India",4.2,15,https://maps.google.com/?cid=4421206874885068741&g_mp=Cilnb29nbGUubWFwcy5wbGFjZXMudjEuUGxhY2VzLlNlYXJjaE5lYXJieRACGAQgAA
Gurgaon Taxi Rentals,,9811715658,http://www.gurgaontaxirentals.in/,"331 HBC, Sector 42, Gurugram, Haryana 122002, India",5,14,https://maps.google.com/?cid=12720717614889573143&g_mp=Cilnb29nbGUubWFwcy5wbGFjZXMudjEuUGxhY2VzLlNlYXJjaE5lYXJieRACGAQgAA
Parth Garg photography,service,9926919299,https://parthgargphotography.com/,"7721, Block C2, DLF Phase IV, Sector 43, Gurugram, Haryana 122009, India",4.7,14,https://maps.google.com/?cid=13746947432085266123&g_mp=Cilnb29nbGUubWFwcy5wbGFjZXMudjEuUGxhY2VzLlNlYXJjaE5lYXJieRACGAQgAA
Lady Luck Realtor,real_estate_agency,9913371193,,"DLF Phase -5, Golf Course Rd, Sector 42, Gurugram, Haryana 122009, India",4.9,14,https://maps.google.com/?cid=13889710894713978820&g_mp=Cilnb29nbGUubWFwcy5wbGFjZXMudjEuUGxhY2VzLlNlYXJjaE5lYXJieRACGAQgAA
Idarzee Apparel,service,9811816346,http://idarzee.com/,"6210, behind Super Mart-1, DLF Phase IV, Sector 27, Gurugram, Haryana 122009, India",4.9,14,https://maps.google.com/?cid=16346535854946196355&g_mp=Cilnb29nbGUubWFwcy5wbGFjZXMudjEuUGxhY2VzLlNlYXJjaE5lYXJieRACGAQgAA
MD. Car Battery & Jump Start,auto_parts_store,9871352170,,"Dlf Ph 4, Sector 27, Hamilton Ct Rd, near REGENCY PARK-2, DLF Phase IV, Gurugram, Haryana 122002, India",4.9,14,https://maps.google.com/?cid=2800558040417058797&g_mp=Cilnb29nbGUubWFwcy5wbGFjZXMudjEuUGxhY2VzLlNlYXJjaE5lYXJieRACGAQgAA
Qmono Express,chinese_restaurant,9319615111,,"Sushant Market, 1, Sector 28, DLF City IV, Gurugram, Haryana 122002, India",4.1,14,https://maps.google.com/?cid=11554890387218583028&g_mp=Cilnb29nbGUubWFwcy5wbGFjZXMudjEuUGxhY2VzLlNlYXJjaE5lYXJieRACGAQgAA
Apex Beauty Parlour,beauty_salon,9871011180,,"Shop No 5, Shiv Mandir, Vakil market, Chanderlok, DLF Phase IV, Gurugram, Haryana 122009, India",4.7,14,https://maps.google.com/?cid=10601411386523585701&g_mp=Cilnb29nbGUubWFwcy5wbGFjZXMudjEuUGxhY2VzLlNlYXJjaE5lYXJieRACGAQgAA
Tadka Rani,indian_restaurant,9599520068,https://www.tadkarani.com/,"Shop No. 4&5, First Floor, Vakil (Neo) Market Plot 36/2, DLF Phase 4, Sector 28, Chakkarpur, Gurugram, Haryana 122009, India",3.6,14,https://maps.google.com/?cid=9099295549613997424&g_mp=Cilnb29nbGUubWFwcy5wbGFjZXMudjEuUGxhY2VzLlNlYXJjaE5lYXJieRACGAQgAA
Gurgaon Solar,service,9971136369,http://www.gurgaonsolar.com/,"Plot Number 3, H-8 Rd, Block H, DLF Phase 1, Sector 26, Gurugram, Haryana 122002, India",4,14,https://maps.google.com/?cid=16746681487109058564&g_mp=Cilnb29nbGUubWFwcy5wbGFjZXMudjEuUGxhY2VzLlNlYXJjaE5lYXJieRACGAQgAA
Krishna boys and girls pg,service,9873111243,,"House no. 914, Swami Vivekananda Block, Saraswati Vihar, Chakkarpur, Gurugram, Sarhol, Haryana 122009, India",4.1,14,https://maps.google.com/?cid=3643583177104696926&g_mp=Cilnb29nbGUubWFwcy5wbGFjZXMudjEuUGxhY2VzLlNlYXJjaE5lYXJieRACGAQgAA
H. Moser & Cie. | Gurugram | India,store,9634435134,https://www.ethoswatches.com/locatestore/sgem-gurugram/,"GF-12, Emaar capital tower 2, Mehrauli-Gurgaon Rd, Sikanderpur, Sector 26, Gurugram, Haryana 122002, India",4.1,14,https://maps.google.com/?cid=117470270424508583&g_mp=Cilnb29nbGUubWFwcy5wbGFjZXMudjEuUGxhY2VzLlNlYXJjaE5lYXJieRACGAQgAA
GAY PARTY G ZONE,bar,7289998583,,"Nathupur, Sector 24, Gurugram, Haryana 122002, India",3.9,14,https://maps.google.com/?cid=953941233144756791&g_mp=Cilnb29nbGUubWFwcy5wbGFjZXMudjEuUGxhY2VzLlNlYXJjaE5lYXJieRACGAQgAA
Kajal Brass Arts,manufacturer,9818035656,,"Shop No. 1, ECO CNG SHOP, near Furniture Market, Nathupur, Sector 24, Gurugram, Sikanderpur Ghosi, Haryana 122010, India",4.4,14,https://maps.google.com/?cid=9073356569535473531&g_mp=Cilnb29nbGUubWFwcy5wbGFjZXMudjEuUGxhY2VzLlNlYXJjaE5lYXJieRACGAQgAA
Grandmas's Kitchen,fast_food_restaurant,9953280323,,"16, 26, Behind RBS, U Block, DLF Phase 3, Sector 24, Gurugram, Haryana 122002, India",1.9,14,https://maps.google.com/?cid=8906701713814816345&g_mp=Cilnb29nbGUubWFwcy5wbGFjZXMudjEuUGxhY2VzLlNlYXJjaE5lYXJieRACGAQgAA
Blissful Bites by Juhie,bakery,9891746380,,"14, V-2, V Block, DLF Phase 3, Sector 24, Gurugram, Haryana 122002, India",4.8,14,https://maps.google.com/?cid=8652780845392911685&g_mp=Cilnb29nbGUubWFwcy5wbGFjZXMudjEuUGxhY2VzLlNlYXJjaE5lYXJieRACGAQgAA
Grand Prints Pvt. Ltd.,manufacturer,9818450927,https://www.grandprintsindia.com/,"133-134, Phase IV, Udyog Vihar, Sector 18, Gurugram, Haryana 122015, India",4.6,14,https://maps.google.com/?cid=16235808966677310437&g_mp=Cilnb29nbGUubWFwcy5wbGFjZXMudjEuUGxhY2VzLlNlYXJjaE5lYXJieRACGAQgAA
Winster Solutions I Schuco Showroom,,9818630201,http://www.winster.in/,"191, Phase IV, Udyog Vihar, Sector 18, Gurugram, Haryana 122016, India",4.4,14,https://maps.google.com/?cid=16439882472269622130&g_mp=Cilnb29nbGUubWFwcy5wbGFjZXMudjEuUGxhY2VzLlNlYXJjaE5lYXJieRACGAQgAA
Oval bean cafe,cafe,8468813866,https://ovalbeancafe.com/,"Narayana Superspeciality Hospital, DLF Phase 3, Sector 24, Gurugram, Haryana 122010, India",4.4,14,https://maps.google.com/?cid=1055038408341662988&g_mp=Cilnb29nbGUubWFwcy5wbGFjZXMudjEuUGxhY2VzLlNlYXJjaE5lYXJieRACGAQgAA
Treebo Zion Residency Inn,hotel,9355554455,,"F3XX+QX8, Lane Number V-39/2, DLF Phase 3, Sector 24, Gurugram, Haryana 122010, India",3.4,14,https://maps.google.com/?cid=16531973059770781206&g_mp=Cilnb29nbGUubWFwcy5wbGFjZXMudjEuUGxhY2VzLlNlYXJjaE5lYXJieRACGAQgAA
Flexi Space - Coworking Space,coworking_space,9711411459,,"786, Udyog Vihar Phase V Rd, Phase V, Udyog Vihar, Sector 19, Gurugram, Haryana 122016, India",5,14,https://maps.google.com/?cid=8185790558379282154&g_mp=Cilnb29nbGUubWFwcy5wbGFjZXMudjEuUGxhY2VzLlNlYXJjaE5lYXJieRACGAQgAA
Campus ActiveWear,corporate_office,8707269644,,"DLF Cyber Park, Phase II, Udyog Vihar, City:, Gurugram, Haryana 122016, India",3.9,14,https://maps.google.com/?cid=16928853338151893192&g_mp=Cilnb29nbGUubWFwcy5wbGFjZXMudjEuUGxhY2VzLlNlYXJjaE5lYXJieRACGAQgAA
AuthBridge Corporate,corporate_office,8506804541,http://authbridge.com/,"8th Floor, TOWER-B, Golf View Towers, Golf Course Rd, Sector 42, Gurugram, Haryana 122002, India",4,13,https://maps.google.com/?cid=1534058125109671347&g_mp=Cilnb29nbGUubWFwcy5wbGFjZXMudjEuUGxhY2VzLlNlYXJjaE5lYXJieRACGAQgAA
ILC (Integrated Learning Circle),educational_institution,7303031659,http://ilc.limited/,"681, B Block Dr, Sushant Lok Phase I, Sector 43, Gurugram, Haryana 122009, India",5,13,https://maps.google.com/?cid=17082069321275320693&g_mp=Cilnb29nbGUubWFwcy5wbGFjZXMudjEuUGxhY2VzLlNlYXJjaE5lYXJieRACGAQgAA
Shake Shack Co.,fast_food_restaurant,9354355514,,"Shop L4, B-747B, Sushant Lok Phase I, Sector 43, Gurugram, Haryana 122009, India",4.8,13,https://maps.google.com/?cid=5791683479694972169&g_mp=Cilnb29nbGUubWFwcy5wbGFjZXMudjEuUGxhY2VzLlNlYXJjaE5lYXJieRACGAQgAA
Dr. B.P Sharma,doctor,9899276948,,"5908, Green Avenue, Basement Opposite Supermart One, 5912, Green Ave, opposite Supermart-1, DLF Phase IV, Gurugram, Haryana 122009, India",5,13,https://maps.google.com/?cid=8512744488077390412&g_mp=Cilnb29nbGUubWFwcy5wbGFjZXMudjEuUGxhY2VzLlNlYXJjaE5lYXJieRACGAQgAA
Pasta tales,italian_restaurant,7428072365,https://pastatales.dotpe.in/order,"1126, Lotus Villas, Sector 28, DLF City IV, Gurugram, Haryana 122009, India",3.8,13,https://maps.google.com/?cid=10072561531721959566&g_mp=Cilnb29nbGUubWFwcy5wbGFjZXMudjEuUGxhY2VzLlNlYXJjaE5lYXJieRACGAQgAA
New Leaf Ecoscapes Nursery,farm,8814882699,,"Rajiv Gandhi Renewable Energy Park, Leisure Valley Rd, Sector 29, Gurugram, Haryana 122009, India",5,13,https://maps.google.com/?cid=13787765521387423885&g_mp=Cilnb29nbGUubWFwcy5wbGFjZXMudjEuUGxhY2VzLlNlYXJjaE5lYXJieRACGAQgAA
Neha Tarun,clothing_store,8595893683,https://nehatarun.com/,"B 15/16, Paschim Marg, Block B, Sector 26A, Gurugram, Haryana 122002, India",5,13,https://maps.google.com/?cid=13068342867665182825&g_mp=Cilnb29nbGUubWFwcy5wbGFjZXMudjEuUGxhY2VzLlNlYXJjaE5lYXJieRACGAQgAA
Shiv Amara travel Delhi,tourist_information_center,9871112265,https://shiv-amara-travel.grexa.site/,"Gali No. 8, near by Mehta general Store, opposite air force, Ishwar Colony, Phase 5, Aya Nagar Extension, Aya Nagar, New Delhi, Delhi 110047, India",5,13,https://maps.google.com/?cid=9700313508446037401&g_mp=Cilnb29nbGUubWFwcy5wbGFjZXMudjEuUGxhY2VzLlNlYXJjaE5lYXJieRACGAQgAA
Seven Burgers,restaurant,9218019720,https://sevenburgers.in/,"Shop No-1,2&3, First floor, Khasra No-36, Neo Mart, Vakil market, 2/5, Sector 28, DLF Phase IV, Gurugram, Haryana 122009, India",4.2,13,https://maps.google.com/?cid=15005592366280333246&g_mp=Cilnb29nbGUubWFwcy5wbGFjZXMudjEuUGxhY2VzLlNlYXJjaE5lYXJieRACGAQgAA
Alankrit Weaves,clothing_store,7042415575,https://www.alankritweaves.com/,"UG-16, Ground Floor, DLF City Center Mall, near Mehrauli-Gurgaon Road, Sector 28, Maruti Housing Colony, Gurugram, Haryana 122009, India",5,13,https://maps.google.com/?cid=2722978388426756808&g_mp=Cilnb29nbGUubWFwcy5wbGFjZXMudjEuUGxhY2VzLlNlYXJjaE5lYXJieRACGAQgAA
Eventss Abode,,9818215234,https://www.eventsabode.com/,"A 35/29, Sector 28, DLF Phase 1, Gurugram, Haryana 122002, India",4.9,13,https://maps.google.com/?cid=453597042207751576&g_mp=Cilnb29nbGUubWFwcy5wbGFjZXMudjEuUGxhY2VzLlNlYXJjaE5lYXJieRACGAQgAA
Jio Internet Service Provider in Delhi NCR,service,7217888787,http://www.jio.com/,"House, Building No-4, Reliance Jio 3, Block H, DLF Phase 1, Sector 26, Gurugram, Haryana 122002, India",4.4,13,https://maps.google.com/?cid=17353186978589067654&g_mp=Cilnb29nbGUubWFwcy5wbGFjZXMudjEuUGxhY2VzLlNlYXJjaE5lYXJieRACGAQgAA
All Friends Studio,service,8447731106,https://allfriends.studio/,"Plot #10, Mehrauli-Gurgaon Road, Gulmohar Marg, Near Privat Hospital, DLF Phase 2, Sector 25, Gurugram, Haryana 122002, India",3.3,13,https://maps.google.com/?cid=5639375656241414757&g_mp=Cilnb29nbGUubWFwcy5wbGFjZXMudjEuUGxhY2VzLlNlYXJjaE5lYXJieRACGAQgAA
Uday Industries,,9918784217,,"19 sarasvati vihar, Mehrauli-Gurgaon Rd, DLF Phase 1, sector - 28, Gurugram, Haryana 122010, India",4.3,13,https://maps.google.com/?cid=6832719242616069075&g_mp=Cilnb29nbGUubWFwcy5wbGFjZXMudjEuUGxhY2VzLlNlYXJjaE5lYXJieRACGAQgAA
WATER TANK CLEANERS By JMD WATER SOLUTIONS,service,9534286666,http://jmdwatersolutions.com/,"Ews-208 Oakwood Estate, Akashneem Marg, DLF Phase 2, Sector 25, Gurugram, Haryana 122002, India",4.7,13,https://maps.google.com/?cid=14782285403630666153&g_mp=Cilnb29nbGUubWFwcy5wbGFjZXMudjEuUGxhY2VzLlNlYXJjaE5lYXJieRACGAQgAA
Ola Electric Mobility Swapping Station,gas_station,8033113311,,"F3PF+M79, Lane Number 6, Sector 18, Gurugram, Haryana 122015, India",3.5,13,https://maps.google.com/?cid=17483736663354820924&g_mp=Cilnb29nbGUubWFwcy5wbGFjZXMudjEuUGxhY2VzLlNlYXJjaE5lYXJieRACGAQgAA
Janvi The Bike Care,car_repair,8076961158,,"28, Moulsari Ave, Ambience Island, DLF Phase 3, Sector 24, Gurugram, Haryana 122002, India",4.5,13,https://maps.google.com/?cid=11272744922022394717&g_mp=Cilnb29nbGUubWFwcy5wbGFjZXMudjEuUGxhY2VzLlNlYXJjaE5lYXJieRACGAQgAA
Star Cafe,cafe,7898612847,,"Basement Market, 107, U Block, DLF Phase 3, Sector 24, Gurugram, Haryana 122002, India",4.5,13,https://maps.google.com/?cid=12569511867653410113&g_mp=Cilnb29nbGUubWFwcy5wbGFjZXMudjEuUGxhY2VzLlNlYXJjaE5lYXJieRACGAQgAA
DR Lohia Studio,art_studio,9810604680,,"zero No. Road 1 Ghitorni Enclave (Pahadi, Anand Gram, Ghitorni, New Delhi, Delhi 110030, India",4.8,13,https://maps.google.com/?cid=4623552734959194984&g_mp=Cilnb29nbGUubWFwcy5wbGFjZXMudjEuUGxhY2VzLlNlYXJjaE5lYXJieRACGAQgAA
OMI by Aldott,restaurant,8800887353,https://www.thealdott.com/,"5th Floor, The Aldott, 81, Moulsari Ave, DLF Phase 3, Sector 24, Gurugram, Haryana 122002, India",4,13,https://maps.google.com/?cid=774273037069650918&g_mp=Cilnb29nbGUubWFwcy5wbGFjZXMudjEuUGxhY2VzLlNlYXJjaE5lYXJieRACGAQgAA
Gati Car Bike Household Transport Ltd,transportation_service,7976580140,http://gaticourierpackersmovers.com/,"Shop.No-21, DLF Phase 3, Sector 24, Gurugram, Haryana 122002, India",3.5,13,https://maps.google.com/?cid=8207858471735179037&g_mp=Cilnb29nbGUubWFwcy5wbGFjZXMudjEuUGxhY2VzLlNlYXJjaE5lYXJieRACGAQgAA
CZI Global Consulting Pvt. Ltd.,consultant,9899170704,https://czi-global.com/,"5th Floor, Gate, NH 48, Ambience Island, DLF Phase 3, Sector 24, Gurugram, Haryana 122010, India",4.8,13,https://maps.google.com/?cid=10208133590143641283&g_mp=Cilnb29nbGUubWFwcy5wbGFjZXMudjEuUGxhY2VzLlNlYXJjaE5lYXJieRACGAQgAA
Jagriti Hawan Pooja Samagri Bhandar,store,9312412454,https://www.google.co.in/search?q=Jagriti+Hawan+Pooja+Samagri+Bhandar&sxsrf=ALeKk03fgK7u5zuzXul-Bs23S47dr372ag:1627442029274&source=hp&ei=bcsAYa_eDZ2P4-EPnMiK-AM&iflsig=AINFCbYAAAAAYQDZffwpGecuaZJ4yFcFKaze48Zh0yo7&oq=Jagriti+Hawan+Pooja+Samagri+Bhandar&gs_lcp=Cgdnd3Mtd2l6EAMyBAgjECcyBAgAEAoyAggmMgIIJlAAWABgyQZoAHAAeACAAawFiAHsCJIBBTQtMS4xmAEAoAECqgEHZ3dzLXdpeg&sclient=gws-wiz&ved=0ahUKEwjvyK2A5oTyAhWdxzgGHRykAj8Q4dUDCAg&uact=5,"GF-138, Vyapar Kendra Rd, Block C, Sushant Lok Phase I, Sector 43, Gurugram, Haryana 122009, India",3.7,12,https://maps.google.com/?cid=2441219464311937574&g_mp=Cilnb29nbGUubWFwcy5wbGFjZXMudjEuUGxhY2VzLlNlYXJjaE5lYXJieRACGAQgAA
PetArinaa,pet_boarding_service,9560453929,,"Sector 28, Sector 42, Gurugram, Haryana 122001, India",5,12,https://maps.google.com/?cid=8339670843059700942&g_mp=Cilnb29nbGUubWFwcy5wbGFjZXMudjEuUGxhY2VzLlNlYXJjaE5lYXJieRACGAQgAA
Jeetu Paratha corner sector 29 gurugram,fast_food_restaurant,9999598408,https://www.instagram.com/jeetu_paratha_corner1?igsh=MTY0N3drZzFsOHlzaw==,"CNG Pump Entrance, Metro Station Iffco Chowk, MF Husain Marg, near HUDA City Center, Sector 29, Gurugram, Haryana 122009, India",4.7,12,https://maps.google.com/?cid=16969041165405523420&g_mp=Cilnb29nbGUubWFwcy5wbGFjZXMudjEuUGxhY2VzLlNlYXJjaE5lYXJieRACGAQgAA
Dr Nidhi Rawal,doctor,7127120000,https://www.maxhealthcare.in/doctor/dr-nidhi-rawal,"Max Gurgaon B block, Sushant Lok 1, Near HUDA city center, Sushant Lok Phase I, Sector 43, Gurugram, Haryana 122009, India",3.3,12,https://maps.google.com/?cid=11143154979155755085&g_mp=Cilnb29nbGUubWFwcy5wbGFjZXMudjEuUGxhY2VzLlNlYXJjaE5lYXJieRACGAQgAA
Kabadi wala in Gurgaon,,9999925541,https://kabadiwalaingurgaon.in/,"B747B, Kabadi Wala in Gurgaon, Sushant Lok 1 Rd, Block B, Sector 43, Gurugram, Haryana 122001, India",5,12,https://maps.google.com/?cid=15569701941906233853&g_mp=Cilnb29nbGUubWFwcy5wbGFjZXMudjEuUGxhY2VzLlNlYXJjaE5lYXJieRACGAQgAA
Salt & Pepper,grocery_store,9810038720,https://saltandpepper.co.in/,"Ridgewood Estate, Dlf Phase Iv Gurugram,behind Supermart 2 DLF Phase IV, Sector 43 Sushant Lok Phase 3-122001, DLF Phase IV, Gurugram, Haryana 122001, India",4.6,12,https://maps.google.com/?cid=1920236768738871361&g_mp=Cilnb29nbGUubWFwcy5wbGFjZXMudjEuUGxhY2VzLlNlYXJjaE5lYXJieRACGAQgAA
The Branvetica,service,9461371736,https://thebranvetica.com/,"3rd floor, 605, Sector 42, Gurugram, Haryana 122009, India",5,12,https://maps.google.com/?cid=4095018966873001765&g_mp=Cilnb29nbGUubWFwcy5wbGFjZXMudjEuUGxhY2VzLlNlYXJjaE5lYXJieRACGAQgAA
SAYAAN HOMOEOPATHIC,medical_clinic,9560621333,,"Plot no 939, near OIL MIL Oil mil, Jaina Market, Sector 28, Chakkarpur, Gurugram, Haryana 122002, India",5,12,https://maps.google.com/?cid=15140237045723430305&g_mp=Cilnb29nbGUubWFwcy5wbGFjZXMudjEuUGxhY2VzLlNlYXJjaE5lYXJieRACGAQgAA
PR Dezign & Print,manufacturer,9899322450,https://pr-dezign-print.grexa.site/,"Shop No. 25B, Near Metro Pillar 50 Mehrauli-Gurgaon Rd, Sikanderpur Rd, Sikanderpur, DLF Phase 1, Sector 26, Gurugram, Haryana 122002, India",5,12,https://maps.google.com/?cid=7632925104718369763&g_mp=Cilnb29nbGUubWFwcy5wbGFjZXMudjEuUGxhY2VzLlNlYXJjaE5lYXJieRACGAQgAA
Spice Club,restaurant,9891018986,,"1ST FLOOR CLUB, Essel Towers, Sector 28, Sushant Lok Phase I, Gurugram, Haryana 122009, India",5,12,https://maps.google.com/?cid=9233948482811207219&g_mp=Cilnb29nbGUubWFwcy5wbGFjZXMudjEuUGxhY2VzLlNlYXJjaE5lYXJieRACGAQgAA
Dr Ashna Gupta,medical_clinic,8920336229,,"A46, Sector 28, DLF Phase 1, Gurugram, Haryana 122002, India",5,12,https://maps.google.com/?cid=10027591827967899988&g_mp=Cilnb29nbGUubWFwcy5wbGFjZXMudjEuUGxhY2VzLlNlYXJjaE5lYXJieRACGAQgAA
Sabhyata,clothing_store,8800621939,http://www.sabhyataclothing.com/,"First Floor, MGF Metropolitan Mall, Mehrauli-Gurgaon Rd, Heritage City, Sector 25, Gurugram, Haryana 122009, India",3.3,12,https://maps.google.com/?cid=15059100824801195628&g_mp=Cilnb29nbGUubWFwcy5wbGFjZXMudjEuUGxhY2VzLlNlYXJjaE5lYXJieRACGAQgAA
Royal Looks Salon,barber_shop,9756567982,,"Lane Number 4, Sarhaul, Sector 18, Gurugram, Haryana 122015, India",3.8,12,https://maps.google.com/?cid=4626389472164961690&g_mp=Cilnb29nbGUubWFwcy5wbGFjZXMudjEuUGxhY2VzLlNlYXJjaE5lYXJieRACGAQgAA
Om Bikaner - Sweets And Snacks,candy_store,9045487804,,"Shop No, S 2, S Block, DLF Phase 3, Sector 24, Nathupur, Gurugram, Haryana 122010, India",2.7,12,https://maps.google.com/?cid=8324438946963618115&g_mp=Cilnb29nbGUubWFwcy5wbGFjZXMudjEuUGxhY2VzLlNlYXJjaE5lYXJieRACGAQgAA
Cut for Brand,service,8287766077,,"Nagarro Software, Maruti Udyog, Sector 18, Gurugram, Haryana 122015, India",5,12,https://maps.google.com/?cid=465026929306829375&g_mp=Cilnb29nbGUubWFwcy5wbGFjZXMudjEuUGxhY2VzLlNlYXJjaE5lYXJieRACGAQgAA
TRUSTMORE TECHNOLOGIES (P) LIMITED (Escrowpay),finance,9810336644,https://escrowpayindia.com/,"DLF Building No. 7A, DLF Cyber City, DLF Phase 2, Sector 24, Gurugram, Haryana 122002, India",4.3,12,https://maps.google.com/?cid=9655776017235147271&g_mp=Cilnb29nbGUubWFwcy5wbGFjZXMudjEuUGxhY2VzLlNlYXJjaE5lYXJieRACGAQgAA
Naani ki Matthi,food,9873036637,http://www.naanikimatthi.com/,"S 27/1A, DLF Phase 3, Sector 24, Gurugram, Haryana 122002, India",4.7,12,https://maps.google.com/?cid=8741945442318186902&g_mp=Cilnb29nbGUubWFwcy5wbGFjZXMudjEuUGxhY2VzLlNlYXJjaE5lYXJieRACGAQgAA
Arisii DT4,restaurant,7042512002,,"HK-3, Ambience Island, Down Town-4, Sector 24, Gurugram, Haryana 122002, India",4,12,https://maps.google.com/?cid=5004256387125957809&g_mp=Cilnb29nbGUubWFwcy5wbGFjZXMudjEuUGxhY2VzLlNlYXJjaE5lYXJieRACGAQgAA
JC Taekwondo Academy India,sports_school,9643247992,https://www.instagram.com/jc_taekwondoacademyindia?utm_source=ig_web_button_share_sheet&igsh=ZDNlZDc0MzIxNw==,"Martial Arts Center:, 5th Floor, Sports Complex Building, Excelsior American School, Campus, Block C2, DLF Garden Villas, Sector 43, Gurugram, Haryana 122002, India",5,11,https://maps.google.com/?cid=5474227433326760249&g_mp=Cilnb29nbGUubWFwcy5wbGFjZXMudjEuUGxhY2VzLlNlYXJjaE5lYXJieRACGAQgAA
HelloWorld Spiti,lodging,8880008888,https://www.thehelloworld.com/coliving-in-gurugram/helloworld-spiti-pg-in-gurugram-sector_27-833,"HOUSE NO-546, Sector 27, Gurugram, Haryana 122009, India",3.5,11,https://maps.google.com/?cid=13019001815531020119&g_mp=Cilnb29nbGUubWFwcy5wbGFjZXMudjEuUGxhY2VzLlNlYXJjaE5lYXJieRACGAQgAA
Glaucoma Surgery Specialists at Eye-Q Hospitals in Gurugram,medical_clinic,8044852778,https://www.eyeqindia.com/?utm_source=Google&utm_medium=GMB,"Super Mart 1, near Vyapar Kendra Road, Sector 27, Gurugram, Haryana 122009, India",4.2,11,https://maps.google.com/?cid=7104558638176275818&g_mp=Cilnb29nbGUubWFwcy5wbGFjZXMudjEuUGxhY2VzLlNlYXJjaE5lYXJieRACGAQgAA
Demon Sports,sporting_goods_store,8384018867,,"House No 754, Sector 42 Main Rd, Sector 42, Gurugram, Haryana 122009, India",5,11,https://maps.google.com/?cid=655464256536736157&g_mp=Cilnb29nbGUubWFwcy5wbGFjZXMudjEuUGxhY2VzLlNlYXJjaE5lYXJieRACGAQgAA
Dr. Sanjana Jon,service,8368019664,http://www.sanjanajon.org/,"Block B, 321, Phase 1, Phase 2, Sushant Lok Phase I, Sector 27, Gurugram, Haryana 122002, India",4.6,11,https://maps.google.com/?cid=4881455348521077349&g_mp=Cilnb29nbGUubWFwcy5wbGFjZXMudjEuUGxhY2VzLlNlYXJjaE5lYXJieRACGAQgAA
CGS Immigration,travel_agency,9810766083,http://www.cgsimmigrations.com/,"Mega Mall, Block E, DLF Phase 1, Sector 26A, Gurugram, Haryana 122002, India",2.5,11,https://maps.google.com/?cid=8066908925635582151&g_mp=Cilnb29nbGUubWFwcy5wbGFjZXMudjEuUGxhY2VzLlNlYXJjaE5lYXJieRACGAQgAA
Advanced Pediatric Centre,doctor,9312222533,,"UG-4 Centre Point, A Block, near Pizza Hut, Block A, Sushant Lok Phase I, Sector 43, Gurugram, Haryana 122009, India",4.4,11,https://maps.google.com/?cid=6918053366475502544&g_mp=Cilnb29nbGUubWFwcy5wbGFjZXMudjEuUGxhY2VzLlNlYXJjaE5lYXJieRACGAQgAA
Gray Cells Matter Gurgaon,doctor,9711792689,https://graycellsmatter.com/,"A-744, Block A, Sushant Lok Phase I, Sector 27, Gurugram, Haryana 122009, India",4.8,11,https://maps.google.com/?cid=18006178639096204729&g_mp=Cilnb29nbGUubWFwcy5wbGFjZXMudjEuUGxhY2VzLlNlYXJjaE5lYXJieRACGAQgAA
KITES CREATIVES,service,8882844448,,"15 GROUND FLOOR, C-3 Ln, Block C, Sector 26A, Gurugram, Haryana 122002, India",4.6,11,https://maps.google.com/?cid=15426935688978292768&g_mp=Cilnb29nbGUubWFwcy5wbGFjZXMudjEuUGxhY2VzLlNlYXJjaE5lYXJieRACGAQgAA
21 Residency,hotel,9910630632,,"7, Club Marg, Block D, Sector 26A, Gurugram, Haryana 122002, India",3.7,11,https://maps.google.com/?cid=15964033444032716996&g_mp=Cilnb29nbGUubWFwcy5wbGFjZXMudjEuUGxhY2VzLlNlYXJjaE5lYXJieRACGAQgAA
GROUP-2 CARE SERVICES,service,9310882164,http://www.g2cs.co.in/,"A-622, Sushant Lok Phase I, Sector 29, Gurugram, Haryana 122009, India",4.6,11,https://maps.google.com/?cid=13261097277599230250&g_mp=Cilnb29nbGUubWFwcy5wbGFjZXMudjEuUGxhY2VzLlNlYXJjaE5lYXJieRACGAQgAA
Growth Packers And Movers,transportation_service,9138372007,https://growthpackersmovers.com/,"563G, Block A, Sushant Lok Phase I, Sector 43, Gurugram, Haryana 122009, India",5,11,https://maps.google.com/?cid=16221210724599799837&g_mp=Cilnb29nbGUubWFwcy5wbGFjZXMudjEuUGxhY2VzLlNlYXJjaE5lYXJieRACGAQgAA
"SOCH & Feeding Clinic, Dr. Manish & Dr. Malvika Samnani",service,9910199877,https://sochindia.co.in/,"1st & 2nd Floor, adjacent IVY APARTMENT, opposite Traffic Tower, Block A, Sushant Lok Phase I, Sector 43, Gurugram, Haryana 122009, India",4.5,11,https://maps.google.com/?cid=10124047401894698664&g_mp=Cilnb29nbGUubWFwcy5wbGFjZXMudjEuUGxhY2VzLlNlYXJjaE5lYXJieRACGAQgAA
DELITE GLOBAL NEST,travel_agency,9810061678,http://deliteglobalnest.com/,"2, B - 9, DLF Phase 1, Sector 26A, Gurugram, Haryana 122002, India",5,11,https://maps.google.com/?cid=12724953705530534877&g_mp=Cilnb29nbGUubWFwcy5wbGFjZXMudjEuUGxhY2VzLlNlYXJjaE5lYXJieRACGAQgAA
Volano Entertainment Pvt. Ltd.,corporate_office,9811302278,,"36, Shahtoot Marg, Block D, Sector 26A, Gurugram, Haryana 122002, India",3.6,11,https://maps.google.com/?cid=12475871500200094968&g_mp=Cilnb29nbGUubWFwcy5wbGFjZXMudjEuUGxhY2VzLlNlYXJjaE5lYXJieRACGAQgAA
TIPY TIPY TAP,store,9899430009,https://tipytipytap.in/,"Basement, A-538A, Sector 28, Sushant Lok Phase I, Gurugram, Haryana 122002, India",5,11,https://maps.google.com/?cid=9512250791942322873&g_mp=Cilnb29nbGUubWFwcy5wbGFjZXMudjEuUGxhY2VzLlNlYXJjaE5lYXJieRACGAQgAA
Shankar Mehta,food_store,8010437237,,"Shop No.3, Vijay Senema Road, Sector 28, Chakkarpur, Gurugram, Haryana 122002, India",4.5,11,https://maps.google.com/?cid=10086088996782950108&g_mp=Cilnb29nbGUubWFwcy5wbGFjZXMudjEuUGxhY2VzLlNlYXJjaE5lYXJieRACGAQgAA
Money Studio,consultant,9891488201,https://moneystudio.in/,"Suite no 9 Ground Floor, Edmonton Mall, The Bristol Hotel, Mehrauli-Gurgaon Rd, Sector 28, DLF Phase 1, Gurugram, Haryana 122002, India",5,11,https://maps.google.com/?cid=3920792685204127355&g_mp=Cilnb29nbGUubWFwcy5wbGFjZXMudjEuUGxhY2VzLlNlYXJjaE5lYXJieRACGAQgAA
Davar Realtors & Infrastructure Pvt. Ltd.,service,9891346999,http://www.davarrealtors.com/,"Shop No 37, Ground Floor,, Hotel Bristol, M G Road, Sector 28, DLF Phase 1, Gurugram, Haryana 122002, India",5,11,https://maps.google.com/?cid=8885387111641181804&g_mp=Cilnb29nbGUubWFwcy5wbGFjZXMudjEuUGxhY2VzLlNlYXJjaE5lYXJieRACGAQgAA
RK- Aluminium Fabricators,,9810361843,https://www.rkaluminiumdoors.in/,"Shop No. L-8, B747, Sushant Lok Phase I, Sector 25, Gurugram, Haryana 122009, India",4.9,11,https://maps.google.com/?cid=12888046950046501478&g_mp=Cilnb29nbGUubWFwcy5wbGFjZXMudjEuUGxhY2VzLlNlYXJjaE5lYXJieRACGAQgAA
Bharat Enterprises,furniture_store,9871940311,,"Shop no 5,Shri Ram Furniture Market, Mehrauli-Gurgaon Rd, Nathupur, Sector 24, Gurugram, Haryana 122010, India",4.2,11,https://maps.google.com/?cid=16204916467550021292&g_mp=Cilnb29nbGUubWFwcy5wbGFjZXMudjEuUGxhY2VzLlNlYXJjaE5lYXJieRACGAQgAA
Jai Shiv Dhaba,indian_restaurant,8750338452,,"9, M-11A, DLF Phase 2, Sector 25, Gurugram, Haryana 122002, India",4.4,11,https://maps.google.com/?cid=7964702866282748134&g_mp=Cilnb29nbGUubWFwcy5wbGFjZXMudjEuUGxhY2VzLlNlYXJjaE5lYXJieRACGAQgAA
Lakeforest Wines,liquor_store,9395205451,https://website-6160677347278884058213-winestore.business.site/?utm_source=gmb&utm_medium=referral,"6A, Sub. Major Laxmi Chand Rd, Sector 37, Maruti Udyog, Sector 18, Gurugram, Haryana 122015, India",5,11,https://maps.google.com/?cid=937292867643947595&g_mp=Cilnb29nbGUubWFwcy5wbGFjZXMudjEuUGxhY2VzLlNlYXJjaE5lYXJieRACGAQgAA
Bold Branding - Digital Marketing Company,service,9355022322,https://boldbrandingdigital.com/,"11, U-42 Rd, U Block, DLF Phase 3, Sector 24, Gurugram, Haryana 122002, India",4.9,11,https://maps.google.com/?cid=8319223813525926073&g_mp=Cilnb29nbGUubWFwcy5wbGFjZXMudjEuUGxhY2VzLlNlYXJjaE5lYXJieRACGAQgAA
"Swimming Pool, The Oberoi Gurgaon",swimming_pool,9661670969,,"G32Q+859, Phase V, Udyog Vihar, Sector 19, Gurugram, Haryana 122016, India",4.2,11,https://maps.google.com/?cid=12405593853274673828&g_mp=Cilnb29nbGUubWFwcy5wbGFjZXMudjEuUGxhY2VzLlNlYXJjaE5lYXJieRACGAQgAA
Suzuki Digital Private Limited,corporate_office,9910904806,https://www.suzuki-digital.com/,"First Floor, Plot No 690-691, Phase V, Udyog Vihar, Sector 19, Gurugram, Haryana 122016, India",4.9,11,https://maps.google.com/?cid=9907626266310954367&g_mp=Cilnb29nbGUubWFwcy5wbGFjZXMudjEuUGxhY2VzLlNlYXJjaE5lYXJieRACGAQgAA
Hotel Heritage,hotel,9311442299,,"PLOT NO 800 /42, Sector 42, Gurugram, Haryana 122009, India",3.2,10,https://maps.google.com/?cid=1349755257081870519&g_mp=Cilnb29nbGUubWFwcy5wbGFjZXMudjEuUGxhY2VzLlNlYXJjaE5lYXJieRACGAQgAA
ABC Buildcon Pvt Ltd,consultant,9899199172,https://abcbuildcon.in/,"605P, Sector 42, Gurugram, Haryana 122009, India",3.9,10,https://maps.google.com/?cid=4002912383345347177&g_mp=Cilnb29nbGUubWFwcy5wbGFjZXMudjEuUGxhY2VzLlNlYXJjaE5lYXJieRACGAQgAA
Playful Neuro Development Centre,consultant,9911900900,https://playfulneurodevelopmentcentre.com/,"GH-4211, Amaltas Dr, DLF Phase IV, Gurugram, Haryana 122009, India",5,10,https://maps.google.com/?cid=4719885009966340307&g_mp=Cilnb29nbGUubWFwcy5wbGFjZXMudjEuUGxhY2VzLlNlYXJjaE5lYXJieRACGAQgAA
Outfit Fashion,store,9650501444,,"The Shopping Mall, C-119, Arjun Marg, Block E, DLF Phase 1, Sector 26A, Gurugram, Haryana 122002, India",4.5,10,https://maps.google.com/?cid=12772800107693620178&g_mp=Cilnb29nbGUubWFwcy5wbGFjZXMudjEuUGxhY2VzLlNlYXJjaE5lYXJieRACGAQgAA
Andreu World Showroom,furniture_store,8860844286,https://www.andreuworld.com/,"F-2/20, Near DLF, Block F, DLF Phase 1, Sector 26A, Gurugram, Haryana 122002, India",5,10,https://maps.google.com/?cid=9700018532887313718&g_mp=Cilnb29nbGUubWFwcy5wbGFjZXMudjEuUGxhY2VzLlNlYXJjaE5lYXJieRACGAQgAA
Decothrive,home_goods_store,9354747493,,"611 , 6th Floor, DLF Galleria Rd, Sector 28, DLF Phase IV, Gurugram, Haryana 122009, India",4.2,10,https://maps.google.com/?cid=11604873806760162891&g_mp=Cilnb29nbGUubWFwcy5wbGFjZXMudjEuUGxhY2VzLlNlYXJjaE5lYXJieRACGAQgAA
Technic Auto Mobile,car_repair,9953955048,,"Sector 28, DLF City IV, Gurugram, Haryana 122002, India",3,10,https://maps.google.com/?cid=18037276881095394201&g_mp=Cilnb29nbGUubWFwcy5wbGFjZXMudjEuUGxhY2VzLlNlYXJjaE5lYXJieRACGAQgAA
Gurugram Dronacharya Toastmasters Club,non_profit_organization,9871094179,https://www.facebook.com/share/17MiCpohP5/,"Soch Hall, Sustainable Oasis, near Roots Cafe, Sector 29, Gurugram, Haryana 122002, India",5,10,https://maps.google.com/?cid=8232385453229687169&g_mp=Cilnb29nbGUubWFwcy5wbGFjZXMudjEuUGxhY2VzLlNlYXJjaE5lYXJieRACGAQgAA
AADHAR CARD CENTER,,9911333911,,"Union Bank of India, Dlf Qutub Enclave, QUTUB PLAZA, A2/8, Sikanderpur, Block A, Sector 26A, Gurugram, Haryana 122001, India",2.1,10,https://maps.google.com/?cid=4898005801296480535&g_mp=Cilnb29nbGUubWFwcy5wbGFjZXMudjEuUGxhY2VzLlNlYXJjaE5lYXJieRACGAQgAA
SCoRe Corporate Office,educational_institution,9811572673,http://scoreindia.org/,"412-A, MGF Metropolis, Metro Station, Mehrauli-Gurgaon Rd, next to MG Road, Sector 28, Maruti Housing Colony, Gurugram, Haryana 122009, India",4.6,10,https://maps.google.com/?cid=1344320389088067014&g_mp=Cilnb29nbGUubWFwcy5wbGFjZXMudjEuUGxhY2VzLlNlYXJjaE5lYXJieRACGAQgAA
Zinglife by Manju,consultant,9871709499,,"U 23/7 Ground Floor Pink Town Houses, Block H, DLF Phase 3, Sector 26, Gurugram, Haryana 122002, India",5,10,https://maps.google.com/?cid=13853452544671372718&g_mp=Cilnb29nbGUubWFwcy5wbGFjZXMudjEuUGxhY2VzLlNlYXJjaE5lYXJieRACGAQgAA
scissor art salon,beauty_salon,9811860015,,"shop no 1, block no 50, 2, Mehrauli-Gurgaon Rd, near herwa office, Heritage City, Sector 25, Gurugram, Haryana 122002, India",3.2,10,https://maps.google.com/?cid=6605650933433324472&g_mp=Cilnb29nbGUubWFwcy5wbGFjZXMudjEuUGxhY2VzLlNlYXJjaE5lYXJieRACGAQgAA
Seven Step Consulting,service,8115609560,https://www.sevenstepconsulting.com/,"1006, 10th Floor, Emaar Mgf Capital Tower, 1, Mehrauli-Gurgaon Rd, Sikanderpur, Sector 26, Gurugram, Haryana 122002, India",5,10,https://maps.google.com/?cid=12879329141999752758&g_mp=Cilnb29nbGUubWFwcy5wbGFjZXMudjEuUGxhY2VzLlNlYXJjaE5lYXJieRACGAQgAA
MobiDoor,service,8923317942,https://mobidoor.in/,"1, Mehrauli-Gurgaon Rd, DLF City, Garden Estate, Nathupur, Sector 14, Gurugram, Haryana 122002, India",3,10,https://maps.google.com/?cid=18139677127410926914&g_mp=Cilnb29nbGUubWFwcy5wbGFjZXMudjEuUGxhY2VzLlNlYXJjaE5lYXJieRACGAQgAA
SPREADING SMILES GYAN KENDRA slum school Nathupur Jhuggies Gurgaon Gurugram Haryana India,school,9811611402,,"S 34 Lane DLF Phase 3 Nathupur Behind G D Goenka school, behind park Nathupur, Sector 24 on MG Road Neelakant hospital road, St Stephan Hospital, road, opp. wine shop, S Block, DLF Phase 3, Sector 24, Gurugram, Haryana 122010, India",4.9,10,https://maps.google.com/?cid=11618479142893984989&g_mp=Cilnb29nbGUubWFwcy5wbGFjZXMudjEuUGxhY2VzLlNlYXJjaE5lYXJieRACGAQgAA
Priyanka.mk,makeup_artist,9266827609,,"Garden Estate, DLF Phase 3, Sector 24, Gurugram, Haryana 122002, India",5,10,https://maps.google.com/?cid=10233150685510187117&g_mp=Cilnb29nbGUubWFwcy5wbGFjZXMudjEuUGxhY2VzLlNlYXJjaE5lYXJieRACGAQgAA
Milo Drive Hub,transportation_service,9217980022,https://milodrive.com/,"Udyog Vihar, K-9, Sector 18, Sarhol, Gurugram, Haryana 122002, India",3.9,10,https://maps.google.com/?cid=496001546482114405&g_mp=Cilnb29nbGUubWFwcy5wbGFjZXMudjEuUGxhY2VzLlNlYXJjaE5lYXJieRACGAQgAA
Mansoori old scrap,service,9718212605,,"Shop no 5 Siris Road dlf fh 3, Nathupur, Sector 24, Gurugram, Haryana 122002, India",4.9,10,https://maps.google.com/?cid=9587158046590176818&g_mp=Cilnb29nbGUubWFwcy5wbGFjZXMudjEuUGxhY2VzLlNlYXJjaE5lYXJieRACGAQgAA
Elite Proteins,store,7065126702,http://eliteproteins.com/,"249, Intellect Building, Second Floor, Phase-4, Udyog Vihar, Sector 18, Gurugram, Haryana 122015, India",2.2,10,https://maps.google.com/?cid=8542751983667045990&g_mp=Cilnb29nbGUubWFwcy5wbGFjZXMudjEuUGxhY2VzLlNlYXJjaE5lYXJieRACGAQgAA
Roots,beauty_salon,9255000023,http://rootssalon.in/,"N3/27A, DLF Phase 2, Sector 25, Gurugram, Haryana 122002, India",4.3,10,https://maps.google.com/?cid=454592679140115933&g_mp=Cilnb29nbGUubWFwcy5wbGFjZXMudjEuUGxhY2VzLlNlYXJjaE5lYXJieRACGAQgAA
FlyMyParcel,courier_service,9811851185,http://www.flymyparcel.com/,"shed no 3,mahendra complex, Behind Airterl Building Sec, Maruti Udyog, Sector 18, Gurugram, Haryana 122015, India",1.8,10,https://maps.google.com/?cid=8434814691335269532&g_mp=Cilnb29nbGUubWFwcy5wbGFjZXMudjEuUGxhY2VzLlNlYXJjaE5lYXJieRACGAQgAA
Computers on Hire,service,9810754892,,"36/36, 2nd floor office, 5, near u block park, U Block, DLF Phase 3, Sector 24, Gurugram, Haryana 122002, India",5,10,https://maps.google.com/?cid=13856619081417570630&g_mp=Cilnb29nbGUubWFwcy5wbGFjZXMudjEuUGxhY2VzLlNlYXJjaE5lYXJieRACGAQgAA
jmjleanconsultinggroup,consultant,9810210338,https://jmjleanconsultinggroup.com/,"U-23/9, First Floor, Pink town houses, U Block, DLF Phase 3, Sector 24, Gurugram, Haryana 122002, India",5,10,https://maps.google.com/?cid=8327941329639544695&g_mp=Cilnb29nbGUubWFwcy5wbGFjZXMudjEuUGxhY2VzLlNlYXJjaE5lYXJieRACGAQgAA
Dimension Architects,service,9810012051,http://www.dimensionarchitects.in/,"44, V-10, DLF Phase 3, Sector 24, Gurugram, Haryana 122010, India",4,10,https://maps.google.com/?cid=18186282190243156350&g_mp=Cilnb29nbGUubWFwcy5wbGFjZXMudjEuUGxhY2VzLlNlYXJjaE5lYXJieRACGAQgAA
Livelyup IT Solutions,service,9667144817,http://www.livelyup.io/,"HD341 WeWork, DLF Forum, Cyber City, DLF Cyber City, DLF Phase 3, Sector 24, Gurugram, Haryana 122002, India",5,10,https://maps.google.com/?cid=5447744477593423884&g_mp=Cilnb29nbGUubWFwcy5wbGFjZXMudjEuUGxhY2VzLlNlYXJjaE5lYXJieRACGAQgAA
Besimple London,clothing_store,8588868026,https://besimple.co.in/,"435, Phase IV, Udyog Vihar, Sector 18, Gurugram, Haryana 122022, India",4.5,10,https://maps.google.com/?cid=17394507407734617232&g_mp=Cilnb29nbGUubWFwcy5wbGFjZXMudjEuUGxhY2VzLlNlYXJjaE5lYXJieRACGAQgAA
THE NURSERYS,service,7827734874,http://thenurserys.in/,"The Nurserys, metro station, near Udyog Vihar, IDPL Twp, Sector 22A, Sector 19, Gurugram, Haryana 122016, India",4.9,10,https://maps.google.com/?cid=6290694227194992785&g_mp=Cilnb29nbGUubWFwcy5wbGFjZXMudjEuUGxhY2VzLlNlYXJjaE5lYXJieRACGAQgAA
Fabel Services Pvt Ltd,service,9999208074,https://www.fabelservices.net/,"No 854, Udyog Vihar Phase V Rd, Phase IV, Udyog Vihar, Sector 18, Gurugram, Haryana 122016, India",3.5,10,https://maps.google.com/?cid=3163486375560922741&g_mp=Cilnb29nbGUubWFwcy5wbGFjZXMudjEuUGxhY2VzLlNlYXJjaE5lYXJieRACGAQgAA
GABA & CO.,consultant,7042522108,https://gabaco.in/,"Plot No. 457, Sector 43, Gurugram, Haryana 122003, India",5,9,https://maps.google.com/?cid=2082710212240481477&g_mp=Cilnb29nbGUubWFwcy5wbGFjZXMudjEuUGxhY2VzLlNlYXJjaE5lYXJieRACGAQgAA
Jaiswal Mix & Match,womens_clothing_store,7011868251,,"GF-140, 141, Vyapar Kendra Rd, Block C, Sushant Lok Phase I, Sector 43, Gurugram, Haryana 122009, India",3.6,9,https://maps.google.com/?cid=8528162538335462908&g_mp=Cilnb29nbGUubWFwcy5wbGFjZXMudjEuUGxhY2VzLlNlYXJjaE5lYXJieRACGAQgAA
The Urban Loft,bed_and_breakfast,9958731290,,"605P, Sector 42, Gurugram, Haryana 122009, India",5,9,https://maps.google.com/?cid=9888718308000370923&g_mp=Cilnb29nbGUubWFwcy5wbGFjZXMudjEuUGxhY2VzLlNlYXJjaE5lYXJieRACGAQgAA
SG BATTERY HOUSE,auto_parts_store,9811998272,https://sg-battery-house.grexa.site/,"Shop no .6, F9/13A, Golf Course Rd, Block F, DLF Phase 1, Sector 26A, Gurugram, Haryana 122002, India",5,9,https://maps.google.com/?cid=4756211554785845561&g_mp=Cilnb29nbGUubWFwcy5wbGFjZXMudjEuUGxhY2VzLlNlYXJjaE5lYXJieRACGAQgAA
Cafe Amour,cafe,9990060656,http://cafeamour.in/,"Golf Course Rd, Block F, DLF Phase 1, Sector 26A, Gurugram, Haryana 122002, India",4,9,https://maps.google.com/?cid=15858501452827418779&g_mp=Cilnb29nbGUubWFwcy5wbGFjZXMudjEuUGxhY2VzLlNlYXJjaE5lYXJieRACGAQgAA
Zayn,clothing_store,9910494695,http://www.zayncouture.in/,"7, Market Rd, opposite E1 Block, Block E, DLF Phase 1, Sector 26A, Gurugram, Haryana 122002, India",4.3,9,https://maps.google.com/?cid=11974913631016451698&g_mp=Cilnb29nbGUubWFwcy5wbGFjZXMudjEuUGxhY2VzLlNlYXJjaE5lYXJieRACGAQgAA
Dlf Phase 4,store,9818333849,,"F39G+5RJ, Hamilton Ct Rd, Sushant Lok Phase I, Sector 43, Gurugram, Haryana 122009, India",4.6,9,https://maps.google.com/?cid=4285132857705889391&g_mp=Cilnb29nbGUubWFwcy5wbGFjZXMudjEuUGxhY2VzLlNlYXJjaE5lYXJieRACGAQgAA
121 Square,bar,8929342065,,"DLF Silver Oaks, G Block, DLF Phase 1, Sector 26, Gurugram, Haryana 122002, India",4.8,9,https://maps.google.com/?cid=7169054042800879236&g_mp=Cilnb29nbGUubWFwcy5wbGFjZXMudjEuUGxhY2VzLlNlYXJjaE5lYXJieRACGAQgAA
MCBC - Meal Combo Box Company,restaurant,9625555105,https://order.mcbc.ing/,"Shop No. 4&5, First Floor, Vakil (Neo) Market Plot 36/2, DLF Phase 4, Sector 28, Chakkarpur, Gurugram, Haryana 122009, India",4.4,9,https://maps.google.com/?cid=14004035433691811&g_mp=Cilnb29nbGUubWFwcy5wbGFjZXMudjEuUGxhY2VzLlNlYXJjaE5lYXJieRACGAQgAA
B D Jewellers,jewelry_store,9891250912,,"ICICI ATM, QUTUB PLAZA, J- 6, Ashoka Cresent Marg, G Block, DLF Phase 1, Sector 26, Gurugram, Haryana 122002, India",4.8,9,https://maps.google.com/?cid=9916349976814372620&g_mp=Cilnb29nbGUubWFwcy5wbGFjZXMudjEuUGxhY2VzLlNlYXJjaE5lYXJieRACGAQgAA
Nasha Mukti Kendra Longlife Wellbeing,health,9609000049,http://www.longlifewellbeing.weebly.com/,"House No, ASF Insignia Tower, 191, And, near Ram Mandir, Sec 55, New Gwal Pahari, Gwal Pahari, Gurugram, Haryana 122002, India",5,9,https://maps.google.com/?cid=13734191588601943766&g_mp=Cilnb29nbGUubWFwcy5wbGFjZXMudjEuUGxhY2VzLlNlYXJjaE5lYXJieRACGAQgAA
Jain Enterprises (The Marble and granite firm),manufacturer,9899267260,,"Jain Enterprises, 14, Mehrauli-Gurgaon Rd, opposite metro pillar no, Arjan Garh, Sector 24, Gurugram, Haryana 122002, India",5,9,https://maps.google.com/?cid=10318889857501008760&g_mp=Cilnb29nbGUubWFwcy5wbGFjZXMudjEuUGxhY2VzLlNlYXJjaE5lYXJieRACGAQgAA
Sound oF Music,manufacturer,9810050300,http://www.soundofmusic.cc/,"No. 1000, Opposite Pillar #188, Metro Station, next to Arjan Garh, Arjan Garh, Aya Nagar, New Delhi, Delhi 110047, India",4.6,9,https://maps.google.com/?cid=18249150369432684808&g_mp=Cilnb29nbGUubWFwcy5wbGFjZXMudjEuUGxhY2VzLlNlYXJjaE5lYXJieRACGAQgAA
Laxmanrao Inamdar National Academy For Cooperative Research And Development,,9899856157,https://www.ncdc.in/index.jsp?page=linac,"plot no 89, Sector 18, Gurugram, Haryana 122015, India",4.7,9,https://maps.google.com/?cid=13576802234829942051&g_mp=Cilnb29nbGUubWFwcy5wbGFjZXMudjEuUGxhY2VzLlNlYXJjaE5lYXJieRACGAQgAA
Purple Aquarium Studios,,9810756518,http://purpleaquarium.in/,"10, Gulmohar Marg, DLF Phase 2, Sector 25, Gurugram, Haryana 122002, India",3.6,9,https://maps.google.com/?cid=17738718444845475541&g_mp=Cilnb29nbGUubWFwcy5wbGFjZXMudjEuUGxhY2VzLlNlYXJjaE5lYXJieRACGAQgAA
Serenity Surrender,health,9310770215,http://www.serenitysurrender.com/,"C-115, Oakwood Est Rd, DLF Phase 2, Sector 25, Gurugram, Haryana 122002, India",4.8,9,https://maps.google.com/?cid=13680771196036617404&g_mp=Cilnb29nbGUubWFwcy5wbGFjZXMudjEuUGxhY2VzLlNlYXJjaE5lYXJieRACGAQgAA
White House Dry Cleaner,laundry,9873777713,,"Shop No. 1, Akasheem Marg., Oakwood State, DLF Phase 2, Sector 25, Gurugram, Haryana 122002, India",3.8,9,https://maps.google.com/?cid=718764196313733608&g_mp=Cilnb29nbGUubWFwcy5wbGFjZXMudjEuUGxhY2VzLlNlYXJjaE5lYXJieRACGAQgAA
S H Traders,furniture_store,9911456590,,"Shop No, 22, Mehrauli-Gurgaon Rd, Nathupur, Sector 24, Gurugram, Haryana 122010, India",3.7,9,https://maps.google.com/?cid=15314078942994124456&g_mp=Cilnb29nbGUubWFwcy5wbGFjZXMudjEuUGxhY2VzLlNlYXJjaE5lYXJieRACGAQgAA
CHINESE LIVE COUNTER,chinese_restaurant,9521570040,,"U 51/1, near Yadav property, U Block, DLF Phase 3, Sector 24, Gurugram, Haryana 122002, India",4.8,9,https://maps.google.com/?cid=7154305169687778505&g_mp=Cilnb29nbGUubWFwcy5wbGFjZXMudjEuUGxhY2VzLlNlYXJjaE5lYXJieRACGAQgAA
Nishwarth sewa foundation,association_or_organization,9711193686,http://nishwarthsewafoundation.org/,"K10/40, Mushedpur, DLF Phase 2, Sector 25, Gurugram, Haryana 122008, India",5,9,https://maps.google.com/?cid=7994349904533215146&g_mp=Cilnb29nbGUubWFwcy5wbGFjZXMudjEuUGxhY2VzLlNlYXJjaE5lYXJieRACGAQgAA
K2S ACADEMY,educational_institution,9811930005,,"U-35/38, Galli No 42, U Block, DLF Phase 3, Sector 24, Gurugram, Haryana 122002, India",4.9,9,https://maps.google.com/?cid=16712225234675385551&g_mp=Cilnb29nbGUubWFwcy5wbGFjZXMudjEuUGxhY2VzLlNlYXJjaE5lYXJieRACGAQgAA
Ticketing Partners,travel_agency,9993805700,https://www.ticketingpartners.com/,"WeWork DLF Forum, DLF Phase 3, Sector 24, Gurugram, Haryana 122010, India",5,9,https://maps.google.com/?cid=7320623823464017620&g_mp=Cilnb29nbGUubWFwcy5wbGFjZXMudjEuUGxhY2VzLlNlYXJjaE5lYXJieRACGAQgAA
Dhruv Kapoor - Headquarters,service,9560041259,https://www.dhruvkapoor.com/,"382, Electronic City, Phase IV, Udyog Vihar, Sector 18, Gurugram, Haryana 122015, India",3.7,9,https://maps.google.com/?cid=13295619967690297556&g_mp=Cilnb29nbGUubWFwcy5wbGFjZXMudjEuUGxhY2VzLlNlYXJjaE5lYXJieRACGAQgAA
A s wood work carpenter,manufacturer,9654387535,,"Golf Course Rd, Sector 57, Sector 43, Gurugram, Haryana 122009, India",4.5,8,https://maps.google.com/?cid=17668715257184984614&g_mp=Cilnb29nbGUubWFwcy5wbGFjZXMudjEuUGxhY2VzLlNlYXJjaE5lYXJieRACGAQgAA
The Luxus Hotels,hotel,9289036590,http://theluxushotels.com/,"D-310, 3rd floor, Sushant Shopping Arcade, Sushant Lok Phase I, Sector 43, Gurugram, Haryana 122009, India",3.4,8,https://maps.google.com/?cid=13754374269566247191&g_mp=Cilnb29nbGUubWFwcy5wbGFjZXMudjEuUGxhY2VzLlNlYXJjaE5lYXJieRACGAQgAA
Brush Strokes,educational_institution,9821130424,https://www.instagram.com/brushstrokesartclasses/,"W 147, REGENCY PARK-2, DLF Phase IV, Sector 27, Gurugram, Haryana 122009, India",4.9,8,https://maps.google.com/?cid=14945922763696560315&g_mp=Cilnb29nbGUubWFwcy5wbGFjZXMudjEuUGxhY2VzLlNlYXJjaE5lYXJieRACGAQgAA
Anirudh's Tuition Centre,,9811961196,,"A118, Regency Park-1, near Supermart 2, Block C2, DLF Phase IV, Sector 43, Gurugram, Haryana 122009, India",4.8,8,https://maps.google.com/?cid=9882949223547198812&g_mp=Cilnb29nbGUubWFwcy5wbGFjZXMudjEuUGxhY2VzLlNlYXJjaE5lYXJieRACGAQgAA
Metamorph fitness studio,fitness_center,9265569070,,"4th floor, Plot 605P, Sector 42, Gurugram, Haryana 122009, India",5,8,https://maps.google.com/?cid=7330247252246811434&g_mp=Cilnb29nbGUubWFwcy5wbGFjZXMudjEuUGxhY2VzLlNlYXJjaE5lYXJieRACGAQgAA
Staykr,service,9599085990,https://staykr.com/,"Ground Floor, A-173, Sector 28, Sushant Lok Phase I, Gurugram, Haryana 122009, India",3.9,8,https://maps.google.com/?cid=13059755482255823527&g_mp=Cilnb29nbGUubWFwcy5wbGFjZXMudjEuUGxhY2VzLlNlYXJjaE5lYXJieRACGAQgAA
Kunal Alag Photography,service,9891243457,https://www.kunalalagphotography.com/,"B-401, Orlov Court - 5, Essel Towers, Mehrauli-Gurgaon Rd, Indian Airlines Pilots Society, Sushant Lok Phase I, Gurugram, Haryana 122009, India",5,8,https://maps.google.com/?cid=7548652834911000425&g_mp=Cilnb29nbGUubWFwcy5wbGFjZXMudjEuUGxhY2VzLlNlYXJjaE5lYXJieRACGAQgAA
Dr Sushmita Dindwal,medical_clinic,8287347579,https://www.apollo247.com/doctors/dr-sushmita-dindwal-549bf125-c8bd-4fcd-be74-2121b894e863?utm_source=gmb_docverse&utm_medium=clinics&utm_campaign=doctors,"H 1234 GF, Sector 28, Maruti Housing Colony, Gurugram, Haryana 122010, India",5,8,https://maps.google.com/?cid=1656514532406095714&g_mp=Cilnb29nbGUubWFwcy5wbGFjZXMudjEuUGxhY2VzLlNlYXJjaE5lYXJieRACGAQgAA
Raj detective agency,service,8987148567,https://www.rajindiadetectivenetwork.com/,"phase 1 D, Dlf, block 4, Champa Marg, Block H, DLF Phase 1, Sector 26, Gurugram, Haryana 122002, India",4.5,8,https://maps.google.com/?cid=15471983816101812813&g_mp=Cilnb29nbGUubWFwcy5wbGFjZXMudjEuUGxhY2VzLlNlYXJjaE5lYXJieRACGAQgAA
Mayank Hospital,hospital,8802356284,,"B-133 Deep Vihar Friday Market Road Vikas Nagar Uttam Nagar New Delhi 59, Arjan Garh, Aya Nagar, Delhi, New Delhi, Delhi 110047, India",3.8,8,https://maps.google.com/?cid=1343566964340945900&g_mp=Cilnb29nbGUubWFwcy5wbGFjZXMudjEuUGxhY2VzLlNlYXJjaE5lYXJieRACGAQgAA
HRmc Party Organiser Any Time Party,service,9716742144,http://www.facebook.com/rmcpartyorganiser,"Block H, DLF Phase 1, Sector 26, Gurugram, Haryana 122002, India",5,8,https://maps.google.com/?cid=12865407499917246118&g_mp=Cilnb29nbGUubWFwcy5wbGFjZXMudjEuUGxhY2VzLlNlYXJjaE5lYXJieRACGAQgAA
THE KRAFTMAN,shopping_mall,9899951086,,"951, Sector 17-B, Block B, IFFCO Colony, Sector 17, Gurugram, Haryana 122015, India",4.9,8,https://maps.google.com/?cid=17754688541834415714&g_mp=Cilnb29nbGUubWFwcy5wbGFjZXMudjEuUGxhY2VzLlNlYXJjaE5lYXJieRACGAQgAA
Aquabrim Wireless Water Level Controller,electronics_store,9599595187,http://www.aquabrim.com/,"F3JF+X3R, Sector 18, Sarhol, Gurugram, Haryana 122015, India",4.5,8,https://maps.google.com/?cid=2248178002807430045&g_mp=Cilnb29nbGUubWFwcy5wbGFjZXMudjEuUGxhY2VzLlNlYXJjaE5lYXJieRACGAQgAA
Jagdish Fruits and Vegetables,food_store,7503820525,,"Heritage City, Sector 25, Gurugram, Haryana 122002, India",4.9,8,https://maps.google.com/?cid=6403095587777213688&g_mp=Cilnb29nbGUubWFwcy5wbGFjZXMudjEuUGxhY2VzLlNlYXJjaE5lYXJieRACGAQgAA
Sharma Paints & Hardware Store,building_materials_store,9873346561,,"Shop No: 17, Gangania Complex, 17, Mehrauli-Gurgaon Rd, near Metro Pillar Number 61, Sikanderpur, DLF Phase 1, Sector 26, Gurugram, Haryana 122002, India",3,8,https://maps.google.com/?cid=1338399767172095132&g_mp=Cilnb29nbGUubWFwcy5wbGFjZXMudjEuUGxhY2VzLlNlYXJjaE5lYXJieRACGAQgAA
"Gallagher Insurance, Risk Management & Consulting",insurance_agency,9810267981,https://locations.ajg.com/in/haryana/gurugram/dlf-forum-dlf-cybercity-phase-iii?utm_source=google&utm_medium=Google_My_Business&utm_campaign=GMB_website_click_Unit+No.+509%2C+5th+Floor%2C+Tower+1%2C+The+Capital+Tower%2C+MG+Road%2C+Sector+26+Gurugram&y_source=1_MzA2MTQyMzYtNzE1LWxvY2F0aW9uLndlYnNpdGU%3D,"5th Floor, Tower-1, The Capital Tower, Unit No. 509, Mehrauli-Gurgaon Rd, Sikanderpur, Sector 26, Gurugram, Haryana 122002, India",3.8,8,https://maps.google.com/?cid=5893530739458491163&g_mp=Cilnb29nbGUubWFwcy5wbGFjZXMudjEuUGxhY2VzLlNlYXJjaE5lYXJieRACGAQgAA
BENVANSHI HANDICRAFT,home_goods_store,9958011682,,"203/1, Opp Pillar No 190, Near Metro Station, Mehrauli-Gurgaon Rd, Arjan Garh, Aya Nagar, New Delhi, Delhi 110047, India",4.8,8,https://maps.google.com/?cid=14365300957936495145&g_mp=Cilnb29nbGUubWFwcy5wbGFjZXMudjEuUGxhY2VzLlNlYXJjaE5lYXJieRACGAQgAA
CakeZone,bakery,9880125283,https://www.cakezone.com/,"GROUND FLOOR, PLOT NO.3807, DLF PHASE-4, IVY APARTMENTS, DLF Phase 2, Sector 25, Gurugram, Haryana 122002, India",2,8,https://maps.google.com/?cid=13107283245278524856&g_mp=Cilnb29nbGUubWFwcy5wbGFjZXMudjEuUGxhY2VzLlNlYXJjaE5lYXJieRACGAQgAA
Royal Furniture & interior decorator,furniture_store,8860319418,,"Sikanderpur, Nathupur, Sector 26, Gurugram, Haryana 122002, India",3,8,https://maps.google.com/?cid=7996634804554290217&g_mp=Cilnb29nbGUubWFwcy5wbGFjZXMudjEuUGxhY2VzLlNlYXJjaE5lYXJieRACGAQgAA
AARP INTERIOR'S AND CONSTRUCTION,general_contractor,9540274449,,"House No. 170 Gali, no 7, Anand Gram, Ghitorni, New Delhi, Delhi 110030, India",5,8,https://maps.google.com/?cid=2698023754020431995&g_mp=Cilnb29nbGUubWFwcy5wbGFjZXMudjEuUGxhY2VzLlNlYXJjaE5lYXJieRACGAQgAA
Deepanshu Mechanical & Electrical Services,manufacturer,9811570868,https://deepanshumechanicalelectricalservices.com/,"Sub.Major Laxmi Chand Rd, Sector 18, Sarhol, Sector 18, Gurugram, Haryana 122015, India",4.9,8,https://maps.google.com/?cid=7967420100746273419&g_mp=Cilnb29nbGUubWFwcy5wbGFjZXMudjEuUGxhY2VzLlNlYXJjaE5lYXJieRACGAQgAA
Advernest,service,9105562784,,"u40, 13, U Block, Nathupur, Sector 24, Gurugram, Haryana 122002, India",4.8,8,https://maps.google.com/?cid=1712663579222495992&g_mp=Cilnb29nbGUubWFwcy5wbGFjZXMudjEuUGxhY2VzLlNlYXJjaE5lYXJieRACGAQgAA
Nyay Vidhi,consultant,9654650071,,"S16/10, DLF Phase 3, Sector 24, Gurugram, Haryana 122010, India",5,8,https://maps.google.com/?cid=18072954726655391277&g_mp=Cilnb29nbGUubWFwcy5wbGFjZXMudjEuUGxhY2VzLlNlYXJjaE5lYXJieRACGAQgAA
Santa Fe Relocations,transportation_service,9358085135,,"Shop No 3, 77 NH 48, DLF Phase 2, Sector 25, Gurugram, Haryana 122002, India",5,8,https://maps.google.com/?cid=3421645195784980138&g_mp=Cilnb29nbGUubWFwcy5wbGFjZXMudjEuUGxhY2VzLlNlYXJjaE5lYXJieRACGAQgAA
Integrity Infolabs,service,8920893901,,"DLF Tower 8th Rd, DLF Cyber City, DLF Phase 2, Sector 24, Gurugram, Haryana 122002, India",5,8,https://maps.google.com/?cid=2922572303244516556&g_mp=Cilnb29nbGUubWFwcy5wbGFjZXMudjEuUGxhY2VzLlNlYXJjaE5lYXJieRACGAQgAA
OneOrg.AI Business AI Platform For Organizations,,9211710607,https://www.oneorg.ai/,"Cyber City, Level 18, Tower A, No. 5, DLF Building, DLF Cyber City, DLF Phase 2, Sector 24, Gurugram, Haryana 122002, India",5,8,https://maps.google.com/?cid=12062441907043037767&g_mp=Cilnb29nbGUubWFwcy5wbGFjZXMudjEuUGxhY2VzLlNlYXJjaE5lYXJieRACGAQgAA
Durga Automobile,car_repair,9818561919,,"5, Dlf Phase-3, Near, NH-8, opposite National Medi Center, The National Media Centre, Sector 24, Gurugram, Haryana 122002, India",5,8,https://maps.google.com/?cid=16928075880210131694&g_mp=Cilnb29nbGUubWFwcy5wbGFjZXMudjEuUGxhY2VzLlNlYXJjaE5lYXJieRACGAQgAA
Tipsyy Inn Suites 006,hotel,8447028439,,"DLF Phase 3, Sector 24, Gurugram, Haryana 122010, India",3.6,8,https://maps.google.com/?cid=696296408331568482&g_mp=Cilnb29nbGUubWFwcy5wbGFjZXMudjEuUGxhY2VzLlNlYXJjaE5lYXJieRACGAQgAA
Alpha We - Wellness & Education,health,7082450480,https://www.instagram.com/alphawe__/,"W-1/2, near SAI BABA MANDIR, DLF Phase 3, Sector 24, Gurugram, Haryana 122010, India",4.8,8,https://maps.google.com/?cid=8403619679599845541&g_mp=Cilnb29nbGUubWFwcy5wbGFjZXMudjEuUGxhY2VzLlNlYXJjaE5lYXJieRACGAQgAA
"Keventers - DLF Cyber Park, Gurugram",cafe,9717018663,,"Cyber park, Phase III, Udyog Vihar, Sector 20, Gurugram, Haryana 122016, India",3.9,8,https://maps.google.com/?cid=13008756771375548786&g_mp=Cilnb29nbGUubWFwcy5wbGFjZXMudjEuUGxhY2VzLlNlYXJjaE5lYXJieRACGAQgAA
AdGlobal360 India Pvt Ltd - Building 2,service,9289224104,https://www.adglobal360.com/?utm_source=local-listing&utm_medium=google&utm_campaign=seo-local,"Plot No, 690 & 691, Udyog Vihar Phase V Rd, Phase V, Udyog Vihar, Sector 19, Gurugram, Haryana 122016, India",5,8,https://maps.google.com/?cid=5540224501059335287&g_mp=Cilnb29nbGUubWFwcy5wbGFjZXMudjEuUGxhY2VzLlNlYXJjaE5lYXJieRACGAQgAA
Fun Films Studio,,8826333561,,"Basement, 693, Phase V, Udyog Vihar, Sector 19, Gurugram, Haryana 122016, India",5,8,https://maps.google.com/?cid=3986906966438085973&g_mp=Cilnb29nbGUubWFwcy5wbGFjZXMudjEuUGxhY2VzLlNlYXJjaE5lYXJieRACGAQgAA
The Puzzl Co,manufacturer,8800717647,https://www.amazon.in/stores/THEPUZZLCO/page/58EC7CD9-28AA-4CB8-BDA2-B15962418AA3?lp_asin=B0DG367VPW&ref_=cm_sw_r_ud_ast_store_JHJHS06C823126BM2081&store_ref=bl_ast_dp_brandlogo_sto,"473, Urban Estate, 473, Urban Estate, Sector 43, Gurugram, Haryana 122009, India",5,7,https://maps.google.com/?cid=4708898954417678382&g_mp=Cilnb29nbGUubWFwcy5wbGFjZXMudjEuUGxhY2VzLlNlYXJjaE5lYXJieRACGAQgAA
Coursedes Learning Solutions Pvt. Ltd,,9990059930,http://coursedes.com/,"Coursedes Learning Solution, 820, Sector 42, Gurugram, Haryana 122009, India",4.4,7,https://maps.google.com/?cid=11185184496603887453&g_mp=Cilnb29nbGUubWFwcy5wbGFjZXMudjEuUGxhY2VzLlNlYXJjaE5lYXJieRACGAQgAA
SKY2SEA,corporate_office,9599553996,http://sky2seatravels.com/,"5th Floor, Global Foyer Mall, 506, Golf Course Rd, Sector 43, Gurugram, Haryana 122009, India",4.7,7,https://maps.google.com/?cid=12894978670794035131&g_mp=Cilnb29nbGUubWFwcy5wbGFjZXMudjEuUGxhY2VzLlNlYXJjaE5lYXJieRACGAQgAA
Aṃśuka,clothing_store,9873355404,,"5513, The Orchid Crescent, DLF Phase IV, Gurugram, Haryana 122009, India",5,7,https://maps.google.com/?cid=12563844594684659484&g_mp=Cilnb29nbGUubWFwcy5wbGFjZXMudjEuUGxhY2VzLlNlYXJjaE5lYXJieRACGAQgAA
Divya Bhargava,consultant,9711314443,https://www.mydietplan.in/,"W-21, REGENCY PARK-2, DLF Phase IV, Gurugram, Haryana 122009, India",5,7,https://maps.google.com/?cid=16512247623210044131&g_mp=Cilnb29nbGUubWFwcy5wbGFjZXMudjEuUGxhY2VzLlNlYXJjaE5lYXJieRACGAQgAA
Easydose Pharmacy,pharmacy,9266532929,,"2, Regency Park Road, DLF Phase IV, Sector 27, Gurugram, Haryana 122009, India",5,7,https://maps.google.com/?cid=15067968443030048831&g_mp=Cilnb29nbGUubWFwcy5wbGFjZXMudjEuUGxhY2VzLlNlYXJjaE5lYXJieRACGAQgAA
JobQlick,employment_agency,9217815288,https://jobqlick.com/,"5th Floor, DLF Two Horizone Center, Block E, DLF Phase 1, 5, Gurugram, Haryana 122002, India",4.3,7,https://maps.google.com/?cid=16085678030339045552&g_mp=Cilnb29nbGUubWFwcy5wbGFjZXMudjEuUGxhY2VzLlNlYXJjaE5lYXJieRACGAQgAA
Rahul car accessories,auto_parts_store,9910620260,,"Shop no 1, opp. THE SHRI RAM SCHOOL, Sector 28, DLF Phase IV, Haryana, Gurugram, Haryana 122009, India",4.1,7,https://maps.google.com/?cid=13754282074848854582&g_mp=Cilnb29nbGUubWFwcy5wbGFjZXMudjEuUGxhY2VzLlNlYXJjaE5lYXJieRACGAQgAA
Star Motors and Spare Parts,car_repair,9818561557,,"Hamilton Ct Rd, DLF Phase IV, Gurugram, Haryana 122009, India",4.4,7,https://maps.google.com/?cid=403711366266385202&g_mp=Cilnb29nbGUubWFwcy5wbGFjZXMudjEuUGxhY2VzLlNlYXJjaE5lYXJieRACGAQgAA
ShyamNNaina,clothing_store,9899791260,http://shyamnnaina.in/,"Plot 219, Sector 28, Chakkarpur, Gurugram, Haryana 122009, India",5,7,https://maps.google.com/?cid=10651649849411660997&g_mp=Cilnb29nbGUubWFwcy5wbGFjZXMudjEuUGxhY2VzLlNlYXJjaE5lYXJieRACGAQgAA
KisaanSay,shopping_mall,7011066191,https://www.kisaansay.in/,"Leisure Valley Rd, near Rajiv Gandhi Park, Sector 29, Gurugram, Haryana 122009, India",5,7,https://maps.google.com/?cid=1991875195273558444&g_mp=Cilnb29nbGUubWFwcy5wbGFjZXMudjEuUGxhY2VzLlNlYXJjaE5lYXJieRACGAQgAA
Healing Harrmony by Pooja,service,9625819367,https://healingharrmony.com/,"Laburnum Condominium, Block A, Sushant Lok Phase I, Sector 43, Gurugram, Haryana 122002, India",5,7,https://maps.google.com/?cid=3373999307929328570&g_mp=Cilnb29nbGUubWFwcy5wbGFjZXMudjEuUGxhY2VzLlNlYXJjaE5lYXJieRACGAQgAA
Easy Lane Management Private Limited,service,7217741682,http://www.elmpl.in/,"Plot no 57, Sector 28, Chakkarpur, Gurugram, Haryana 122002, India",3.3,7,https://maps.google.com/?cid=2888315561157321044&g_mp=Cilnb29nbGUubWFwcy5wbGFjZXMudjEuUGxhY2VzLlNlYXJjaE5lYXJieRACGAQgAA
Mushin Technologies,service,9717086212,https://www.mushintechnologies.com/,"Sector 28, DLF Phase 1, Gurugram, Haryana 122002, India",5,7,https://maps.google.com/?cid=3288587599419538382&g_mp=Cilnb29nbGUubWFwcy5wbGFjZXMudjEuUGxhY2VzLlNlYXJjaE5lYXJieRACGAQgAA
Adharshila Associates,,9891055444,,"Silver Oaks Apartments, EWS, 204, Kachnar Marg, G Block, DLF Phase 1, Sector 26, Gurugram, Haryana 122002, India",5,7,https://maps.google.com/?cid=1631637548352685588&g_mp=Cilnb29nbGUubWFwcy5wbGFjZXMudjEuUGxhY2VzLlNlYXJjaE5lYXJieRACGAQgAA
Gas stove repair,store,9540315820,,"G Block, DLF Phase 1, Sector 26, Gurugram, Haryana 122002, India",3.9,7,https://maps.google.com/?cid=10702152246699151817&g_mp=Cilnb29nbGUubWFwcy5wbGFjZXMudjEuUGxhY2VzLlNlYXJjaE5lYXJieRACGAQgAA
Kaniskinn,hotel,7310988024,,"A 173, Block A, Sushant Lok Phase I, Gurugram, Haryana 122009, India",3.3,7,https://maps.google.com/?cid=1296474388583271936&g_mp=Cilnb29nbGUubWFwcy5wbGFjZXMudjEuUGxhY2VzLlNlYXJjaE5lYXJieRACGAQgAA
Plaza Chemist,drugstore,9810546404,,"O, 12, Qutab Plz Rd, DLF Phase 1, Sector 26A, Gurugram, Haryana 122002, India",4.3,7,https://maps.google.com/?cid=8404052705403994534&g_mp=Cilnb29nbGUubWFwcy5wbGFjZXMudjEuUGxhY2VzLlNlYXJjaE5lYXJieRACGAQgAA
Exotica Nursery,farm,8527005609,,"Metro Pillar No. 134, IFFCO Chowk, Metro Station, Sector-29, August Kranti Marg, near Platinum Tower, Sector 28, Gurugram, Haryana 122002, India",5,7,https://maps.google.com/?cid=1834585036746869878&g_mp=Cilnb29nbGUubWFwcy5wbGFjZXMudjEuUGxhY2VzLlNlYXJjaE5lYXJieRACGAQgAA
The NeuroLeadership Institute,,8076720030,https://brainbasedcoaching.co.in/,"101-102 First Floor, Sewa Corporate Park, Mehrauli-Gurgaon Rd, DLF Phase 2, Sector 25, Gurugram, Haryana 122002, India",5,7,https://maps.google.com/?cid=16666464792163904265&g_mp=Cilnb29nbGUubWFwcy5wbGFjZXMudjEuUGxhY2VzLlNlYXJjaE5lYXJieRACGAQgAA
Mithlesh yadav Electrician,service,9507897178,https://call.whatsapp.com/video/3U7chpqauL3nvZKtQPutKJ,"2/73, Block H, Virendra Gram, Sector 26, Gurugram, Haryana 122002, India",5,7,https://maps.google.com/?cid=13955571205370321506&g_mp=Cilnb29nbGUubWFwcy5wbGFjZXMudjEuUGxhY2VzLlNlYXJjaE5lYXJieRACGAQgAA
Digital Tykoon,service,7856995371,https://www.digitaltykoon.com/,"2/76, Block H, Sikanderpur, Sector 26, Gurugram, Haryana 122002, India",5,7,https://maps.google.com/?cid=4884946799511096793&g_mp=Cilnb29nbGUubWFwcy5wbGFjZXMudjEuUGxhY2VzLlNlYXJjaE5lYXJieRACGAQgAA
"AJAY Electrician, Contactor",electrician,9911883957,,"Sikanderpur, Sector 76, Sector 26, Faridabad, Gurugram, Haryana 122002, India",5,7,https://maps.google.com/?cid=17121226661151345794&g_mp=Cilnb29nbGUubWFwcy5wbGFjZXMudjEuUGxhY2VzLlNlYXJjaE5lYXJieRACGAQgAA
GKS ASSOCIATES Pest Control Services,service,9759882938,,"13, Arjan Garh, Aya Nagar, New Delhi, Delhi 110047, India",5,7,https://maps.google.com/?cid=7741432911719297593&g_mp=Cilnb29nbGUubWFwcy5wbGFjZXMudjEuUGxhY2VzLlNlYXJjaE5lYXJieRACGAQgAA
ATP Infratech Pvt. Ltd.,service,8527666888,http://www.atpinfratech.com/,"2, K-2, DLF Phase 2, Sector 25, Gurugram, Haryana 122002, India",4.7,7,https://maps.google.com/?cid=6834628426162406065&g_mp=Cilnb29nbGUubWFwcy5wbGFjZXMudjEuUGxhY2VzLlNlYXJjaE5lYXJieRACGAQgAA
Workspace24 Design Studio,service,8758305834,https://www.instagram.com/workspace24designstudio/,"11 Basement, J-5, DLF Phase 2, Sector 25, Gurugram, Shahpur, Haryana 122002, India",5,7,https://maps.google.com/?cid=6633472905094523857&g_mp=Cilnb29nbGUubWFwcy5wbGFjZXMudjEuUGxhY2VzLlNlYXJjaE5lYXJieRACGAQgAA
Faizan Brass Arts,store,9990333992,,"Metro pillar 63, Market Sikanderpur, Sikanderpur, DLF Phase 1, Sector 26, Gurugram, Haryana 122002, India",4.4,7,https://maps.google.com/?cid=13768463748517858715&g_mp=Cilnb29nbGUubWFwcy5wbGFjZXMudjEuUGxhY2VzLlNlYXJjaE5lYXJieRACGAQgAA
Cure2heal,consultant,7428091114,,"Oakwood Estate, B-65, Akashneem Marg, DLF Phase 2, Sector 25, Gurugram, Haryana 122002, India",3.3,7,https://maps.google.com/?cid=17973020691839729505&g_mp=Cilnb29nbGUubWFwcy5wbGFjZXMudjEuUGxhY2VzLlNlYXJjaE5lYXJieRACGAQgAA
The Skill Code,consultant,9999960606,http://theskillcode.com/,"Block Q DLF City Phase 2 Road, DLF Phase 2, Sector 25, Gurugram, Haryana 122002, India",5,7,https://maps.google.com/?cid=16644781086068000393&g_mp=Cilnb29nbGUubWFwcy5wbGFjZXMudjEuUGxhY2VzLlNlYXJjaE5lYXJieRACGAQgAA
PRITHVI'S FITNESS CLUB,gym,9540465522,,"near AXIS BANK ATM, Sarhaul, Sector 18, Gurugram, Haryana 122015, India",4.7,7,https://maps.google.com/?cid=10172248031686160966&g_mp=Cilnb29nbGUubWFwcy5wbGFjZXMudjEuUGxhY2VzLlNlYXJjaE5lYXJieRACGAQgAA
Advance Beauty Point,beauty_salon,9716062514,,"Sarhaul, Sector 18, Gurugram, Haryana 122015, India",4.7,7,https://maps.google.com/?cid=133825845516062524&g_mp=Cilnb29nbGUubWFwcy5wbGFjZXMudjEuUGxhY2VzLlNlYXJjaE5lYXJieRACGAQgAA
English Training,,7292013634,,"0117, Second Floor, DLF Phase 2, Purvi Marg, Adjacent stairs of Phase II Rapid Metro Station, on Main Road Below Rapid Metro station, opposite Knite Ryder Lounge, DLF Phase 2, Sector 25, Gurugram, Haryana 122002, India",4.4,7,https://maps.google.com/?cid=3058018054760765033&g_mp=Cilnb29nbGUubWFwcy5wbGFjZXMudjEuUGxhY2VzLlNlYXJjaE5lYXJieRACGAQgAA
Bajarang Store,general_store,9990400525,,"Nathupur, Ravindra Marry, Near Sabzi Mandi, F3PX+WCG, Nathupur, Sector 24, Gurugram, Haryana 122010, India",4.1,7,https://maps.google.com/?cid=16147368015059064478&g_mp=Cilnb29nbGUubWFwcy5wbGFjZXMudjEuUGxhY2VzLlNlYXJjaE5lYXJieRACGAQgAA
Kartik International,courier_service,8853222925,http://www.kartikinternational.com/,"Godown-1, Mahendra Singh Compound, near Passport Office, Sector 18, Gurugram, Haryana 122015, India",5,7,https://maps.google.com/?cid=10371184804709298000&g_mp=Cilnb29nbGUubWFwcy5wbGFjZXMudjEuUGxhY2VzLlNlYXJjaE5lYXJieRACGAQgAA
Uttarakhand Bohra Bhojnalaya,restaurant,9999702972,,"Shop No 01, Sarol, Siemens, NCR, Maruti Udyog, Sector 18, Gurugram, Region, Haryana 122015, India",3.9,7,https://maps.google.com/?cid=5780538983442817139&g_mp=Cilnb29nbGUubWFwcy5wbGFjZXMudjEuUGxhY2VzLlNlYXJjaE5lYXJieRACGAQgAA
3minds,service,8047095333,https://www.3mindsdigital.com/,"Plot No-13, Phase-4, Maruti Udyog, Sector 18, Gurugram, Haryana 122015, India",5,7,https://maps.google.com/?cid=443156214521314057&g_mp=Cilnb29nbGUubWFwcy5wbGFjZXMudjEuUGxhY2VzLlNlYXJjaE5lYXJieRACGAQgAA
PARASNATH BUILDWELL PVT. LTD,,9810672262,https://www.parasnathbolt.com/,"Plot No.12 Sector-56, Phase IV, Industrial Area, Kundli, Gurugram, Haryana 122015, India",4.9,7,https://maps.google.com/?cid=18130355604654850325&g_mp=Cilnb29nbGUubWFwcy5wbGFjZXMudjEuUGxhY2VzLlNlYXJjaE5lYXJieRACGAQgAA
Snapsathi,service,9205507043,http://www.snapsathi.in/,"8th floor, Building No, 8, DLF Cyber City, DLF Phase 2, Sector 24, Gurugram, Haryana 122002, India",5,7,https://maps.google.com/?cid=2252398052211441111&g_mp=Cilnb29nbGUubWFwcy5wbGFjZXMudjEuUGxhY2VzLlNlYXJjaE5lYXJieRACGAQgAA
OmTrax Packaging Solutions Ltd.,shipping_service,9711191760,http://www.omtrax.com/,"F3XH+5CV, Maruti Udyog, Sector 18, Gurgaon -Haryana, Gurugram, Haryana 122015, India",3.7,7,https://maps.google.com/?cid=1845128034203548165&g_mp=Cilnb29nbGUubWFwcy5wbGFjZXMudjEuUGxhY2VzLlNlYXJjaE5lYXJieRACGAQgAA
Raj general Store,asian_grocery_store,7050477332,,"Street no 20, shop no 22, 1-2, opposite Ambience island, V Block, DLF Phase 3, Sector 24, Gurugram, Haryana 122010, India",4.6,7,https://maps.google.com/?cid=17830944223126367084&g_mp=Cilnb29nbGUubWFwcy5wbGFjZXMudjEuUGxhY2VzLlNlYXJjaE5lYXJieRACGAQgAA
Kashiba U,clothing_store,9919259050,https://www.kashibau.com/,"HD-596 WeWork DLF Forum, Cyber City, DLF Phase 3, Sector 24, Gurugram, Haryana 122010, India",5,7,https://maps.google.com/?cid=15804792532712942699&g_mp=Cilnb29nbGUubWFwcy5wbGFjZXMudjEuUGxhY2VzLlNlYXJjaE5lYXJieRACGAQgAA
BraaiCraft,manufacturer,9980851233,https://www.braaicraft.com/,"150, The National Media Centre, Sector 24, Gurugram, Haryana 122002, India",5,7,https://maps.google.com/?cid=10202035394158606253&g_mp=Cilnb29nbGUubWFwcy5wbGFjZXMudjEuUGxhY2VzLlNlYXJjaE5lYXJieRACGAQgAA
Practical Nirvana - Past Life Regression,service,9871260053,https://pastliferegressiontherapy.in/,"DLF Phase 3, Sector 24, Gurugram, Haryana 122002, India",5,7,https://maps.google.com/?cid=11769064801863041021&g_mp=Cilnb29nbGUubWFwcy5wbGFjZXMudjEuUGxhY2VzLlNlYXJjaE5lYXJieRACGAQgAA
Symbiosis Distance Learning,educational_institution,7048917382,https://onlinesymbiosis.in/,"667, Phase V, Udyog Vihar, Sector 19, Gurugram, Haryana, 122016, India",4.4,7,https://maps.google.com/?cid=11605680981860248573&g_mp=Cilnb29nbGUubWFwcy5wbGFjZXMudjEuUGxhY2VzLlNlYXJjaE5lYXJieRACGAQgAA
AvansChem Speciality Chemicals,manufacturer,9599609443,http://www.avanschem.com/,"Plot no 667, FF, Udyog Vihar Phase V Rd, opposite Water Tank, Phase V, Udyog Vihar, Sector 19, Gurugram, Haryana 122016, India",4.3,7,https://maps.google.com/?cid=10106504148824047246&g_mp=Cilnb29nbGUubWFwcy5wbGFjZXMudjEuUGxhY2VzLlNlYXJjaE5lYXJieRACGAQgAA
Downtown Apple Care Centre,service,7827441489,,"Office No 245D, DLF Cyber Park, Phase III, Udyog Vihar, Sector 20, Gurugram, Haryana 122016, India",4.4,7,https://maps.google.com/?cid=11018493068715153080&g_mp=Cilnb29nbGUubWFwcy5wbGFjZXMudjEuUGxhY2VzLlNlYXJjaE5lYXJieRACGAQgAA
Divyam Infotech,service,9871576101,,"G34M+59M, Phase V, Udyog Vihar, Sector 19, Gurugram, Haryana 122016, India",4.9,7,https://maps.google.com/?cid=6716251420497748033&g_mp=Cilnb29nbGUubWFwcy5wbGFjZXMudjEuUGxhY2VzLlNlYXJjaE5lYXJieRACGAQgAA
Yamuna Expressway,general_contractor,9810099444,,"Sector 42, Gurugram, Haryana 122009, India",4.3,6,https://maps.google.com/?cid=4482176267519019403&g_mp=Cilnb29nbGUubWFwcy5wbGFjZXMudjEuUGxhY2VzLlNlYXJjaE5lYXJieRACGAQgAA
Rahul Anti Bird Nets Dealer,hardware_store,9755614736,,"Water Solution 421, near Mcg Office, Sector 42, Gurugram, Haryana 122009, India",5,6,https://maps.google.com/?cid=4182719616360189847&g_mp=Cilnb29nbGUubWFwcy5wbGFjZXMudjEuUGxhY2VzLlNlYXJjaE5lYXJieRACGAQgAA
Mirae Asset Sharekhan - Authorised Partner,finance,9810965469,https://stockbroker-branch.sharekhan.com/mirae-asset-sharekhan-authorised-partner-futurestride-holding-india-private-limited-stock-broker-dlf-phase-4-gurugram-129877/Home?utm_source=locator&utm_medium=googleplaces,"Plot No 6015, Block C, DLF Phase IV, Sector 43, Gurugram, Haryana 122009, India",5,6,https://maps.google.com/?cid=15446565602354996260&g_mp=Cilnb29nbGUubWFwcy5wbGFjZXMudjEuUGxhY2VzLlNlYXJjaE5lYXJieRACGAQgAA
Media Tribe | Digital Marketing & PR Agency,service,9643092184,https://mediatribe.in/,"Office 1538, Horizon One, Golf Course Rd, Sector 43, Gurugram, Haryana 122009, India",5,6,https://maps.google.com/?cid=13841096655010289264&g_mp=Cilnb29nbGUubWFwcy5wbGFjZXMudjEuUGxhY2VzLlNlYXJjaE5lYXJieRACGAQgAA
Rawat General Store,general_store,9910252813,,"B, 747B, Block, Sushant Lok Phase I, Sector 43, Gurugram, Haryana 122009, India",4.8,6,https://maps.google.com/?cid=100223734852582548&g_mp=Cilnb29nbGUubWFwcy5wbGFjZXMudjEuUGxhY2VzLlNlYXJjaE5lYXJieRACGAQgAA
Sybaritic Spaces,service,9910040300,https://sybariticspaces.in/,"605P, Sector 42, Gurugram, Haryana 122009, India",5,6,https://maps.google.com/?cid=11561392982364099846&g_mp=Cilnb29nbGUubWFwcy5wbGFjZXMudjEuUGxhY2VzLlNlYXJjaE5lYXJieRACGAQgAA
COCOON - THE NURTURE ROOM,medical_clinic,8178958473,,"1222, opp. GALLARIA MARKET, Sector 28, DLF Phase IV, Gurugram, Haryana 122009, India",5,6,https://maps.google.com/?cid=2398464874719117313&g_mp=Cilnb29nbGUubWFwcy5wbGFjZXMudjEuUGxhY2VzLlNlYXJjaE5lYXJieRACGAQgAA
Dr.Madhukar singh (Best Physiotherapist in Gurgoan)/ Home care physiotherapy,physiotherapist,9217071599,https://physiotherapistathome.in/,"near QUTUB PLAZA, DLF Phase 1, Sector 26A, Gurugram, Haryana 122022, India",5,6,https://maps.google.com/?cid=4945859429271908481&g_mp=Cilnb29nbGUubWFwcy5wbGFjZXMudjEuUGxhY2VzLlNlYXJjaE5lYXJieRACGAQgAA
Daily Dose,liquor_store,9333888666,https://dailydosegurugram.in/,"Shop No, B 10, DLF Phase 1, Sector 26A, Gurugram, Haryana 122002, India",4.2,6,https://maps.google.com/?cid=5214531848049267932&g_mp=Cilnb29nbGUubWFwcy5wbGFjZXMudjEuUGxhY2VzLlNlYXJjaE5lYXJieRACGAQgAA
Aadhya Physiotherapy,medical_clinic,9711783200,,"Qutub Plaza Market, AB1, DLF Phase 1, Sector 26A, Gurugram, Haryana 122002, India",5,6,https://maps.google.com/?cid=6433403870463158625&g_mp=Cilnb29nbGUubWFwcy5wbGFjZXMudjEuUGxhY2VzLlNlYXJjaE5lYXJieRACGAQgAA
Rose spa,spa,8882708072,https://sites.google.com/view/rose-spa-07/home,"Gate No. 2, SCO -386, near Iffco Chowk Metro Station, Sector 29, Gurugram, Haryana 122009, India",5,6,https://maps.google.com/?cid=12291007514830856262&g_mp=Cilnb29nbGUubWFwcy5wbGFjZXMudjEuUGxhY2VzLlNlYXJjaE5lYXJieRACGAQgAA
NK Global,manufacturer,8586934780,,"PLOT NO 155-156, 2nd Floor, F3FM+C3H, Saraswati Vihar, Chakkarpur, Gurugram, Haryana 122002, India",4.2,6,https://maps.google.com/?cid=9509172856026955495&g_mp=Cilnb29nbGUubWFwcy5wbGFjZXMudjEuUGxhY2VzLlNlYXJjaE5lYXJieRACGAQgAA
Sss,beauty_salon,8278145689,,"F3G9+R9H, Sector 29, Gurugram, Haryana 122009, India",3.7,6,https://maps.google.com/?cid=17037931230661553600&g_mp=Cilnb29nbGUubWFwcy5wbGFjZXMudjEuUGxhY2VzLlNlYXJjaE5lYXJieRACGAQgAA
Archit Power Services,manufacturer,9811805204,http://www.architpower.com/,"2Nd Floor, Dt Mega Mall, 225, Golf Course Rd, A Block, DLF Phase 1, Gurugram, Haryana 122002, India",3.7,6,https://maps.google.com/?cid=584204740199035674&g_mp=Cilnb29nbGUubWFwcy5wbGFjZXMudjEuUGxhY2VzLlNlYXJjaE5lYXJieRACGAQgAA
Rk glass interior designer,store,9871367977,https://rk-glass-interior.grexa.site/,"Sectar 26, Rajendra Market, Sikanderpur, DLF Phase 1, Sector 26, Gurugram, Haryana 122002, India",5,6,https://maps.google.com/?cid=1389390653816142236&g_mp=Cilnb29nbGUubWFwcy5wbGFjZXMudjEuUGxhY2VzLlNlYXJjaE5lYXJieRACGAQgAA
Sikka Dr Vijay Kumar,doctor,9868334277,,"Block H, Dlf Qutub Enclave, 25/11, Faridabad - Gurgaon Rd, next to GURUDWARA) GURGAON Sikanderpur Metro Station, Block H, DLF Phase 1, Sector 26, Gurugram, Haryana 122002, India",4.3,6,https://maps.google.com/?cid=8632558235612772794&g_mp=Cilnb29nbGUubWFwcy5wbGFjZXMudjEuUGxhY2VzLlNlYXJjaE5lYXJieRACGAQgAA
Party Night Club,night_club,8860588499,https://party-night-club.localo.site/?utm_source=google_profile&utm_campaign=localo&utm_medium=mainlink,"3rd Floor, opposite Mehrauli-Gurgaon Road, Sector 28, Sushant Lok Phase I, Gurugram, Haryana 122009, India",5,6,https://maps.google.com/?cid=18178014570981489862&g_mp=Cilnb29nbGUubWFwcy5wbGFjZXMudjEuUGxhY2VzLlNlYXJjaE5lYXJieRACGAQgAA
White Domus,furniture_store,9971321803,https://whitedomus.com/,"1, K-5A Rd, DLF Phase 2, Sector 25, Gurugram, Haryana 122002, India",3.8,6,https://maps.google.com/?cid=9349863856275880102&g_mp=Cilnb29nbGUubWFwcy5wbGFjZXMudjEuUGxhY2VzLlNlYXJjaE5lYXJieRACGAQgAA
Guardian Pharmacy,pharmacy,9205780404,,"Dakshin Marg, DLF Phase 2, Sector 25, Gurugram, Haryana 122002, India",3,6,https://maps.google.com/?cid=18338852566685266972&g_mp=Cilnb29nbGUubWFwcy5wbGFjZXMudjEuUGxhY2VzLlNlYXJjaE5lYXJieRACGAQgAA
Dura Conveyor Belting Pvt. Ltd.,manufacturer,9311124432,https://durabelting.in/,"710, 7th Floor, Emaar Mgf Capital Tower, 1, Mehrauli-Gurgaon Rd, Sikanderpur, Sector 26, Gurugram, Haryana 122002, India",4.8,6,https://maps.google.com/?cid=5376749770559481016&g_mp=Cilnb29nbGUubWFwcy5wbGFjZXMudjEuUGxhY2VzLlNlYXJjaE5lYXJieRACGAQgAA
Pasupati Spinning & weaving Mills Ltd,manufacturer,9312073925,http://pasupatitextiles.com/,"Plot no 99, Sector 18, Gurugram, Haryana 122015, India",4.3,6,https://maps.google.com/?cid=14550227550617338063&g_mp=Cilnb29nbGUubWFwcy5wbGFjZXMudjEuUGxhY2VzLlNlYXJjaE5lYXJieRACGAQgAA
CBR Properties | Buy | Sell | Rent flat villa Rooms Shops,consultant,9958286606,,"Akashneem Marg, DLF Phase 2, Sector 25, haryana, Gurugram, Haryana 122002, India",5,6,https://maps.google.com/?cid=14185519444019999148&g_mp=Cilnb29nbGUubWFwcy5wbGFjZXMudjEuUGxhY2VzLlNlYXJjaE5lYXJieRACGAQgAA
Hindustan Shuttering and Scaffolding (Gurugram),service,9899148217,http://www.scaffoldrental.in/,"Furniture Market, Adjoining Garden Estate MG Road Sikanderpur DLF II &, DLF Phase 3, Sector 24, Gurugram, Haryana 122010, India",4.8,6,https://maps.google.com/?cid=12879397046275441610&g_mp=Cilnb29nbGUubWFwcy5wbGFjZXMudjEuUGxhY2VzLlNlYXJjaE5lYXJieRACGAQgAA
Neeraj Education Hub |LIBRARY|,educational_institution,9953102555,,"U Block, Nathupur, Sector 24, Gurugram, Haryana 122010, India",5,6,https://maps.google.com/?cid=5850914203029686294&g_mp=Cilnb29nbGUubWFwcy5wbGFjZXMudjEuUGxhY2VzLlNlYXJjaE5lYXJieRACGAQgAA
Clean & Bright (Laundary Services),laundry,8979657171,,"NR 27, KL House, S Block, DLF Phase 3, Sector 24, Gurugram, Haryana 122002, India",4,6,https://maps.google.com/?cid=12563658151105304529&g_mp=Cilnb29nbGUubWFwcy5wbGFjZXMudjEuUGxhY2VzLlNlYXJjaE5lYXJieRACGAQgAA
JYOTI SILAI CENTER,tailor,8295803978,,"near SHANI MANDIR, Sarhaul, Sector 18, Gurugram, Haryana 122015, India",4.5,6,https://maps.google.com/?cid=716122479797806848&g_mp=Cilnb29nbGUubWFwcy5wbGFjZXMudjEuUGxhY2VzLlNlYXJjaE5lYXJieRACGAQgAA
Shree Balaji Building Material,,9311719974,https://shreebalajibuildingmaterial.in/,"Pillar No. 64, Rapid Metro, DLF Cyber City, DLF Phase 2, Sector 25, Gurugram, Haryana 122002, India",4.8,6,https://maps.google.com/?cid=10088724339477216220&g_mp=Cilnb29nbGUubWFwcy5wbGFjZXMudjEuUGxhY2VzLlNlYXJjaE5lYXJieRACGAQgAA
"Plaksha Office, Gurugram",university,7303580960,https://www.plaksha.edu.in/,"Ground Floor, Nagarro Corporate Office, Maruti Udyog, Sector 18, Gurugram, Haryana 122015, India",5,6,https://maps.google.com/?cid=5657060204044721501&g_mp=Cilnb29nbGUubWFwcy5wbGFjZXMudjEuUGxhY2VzLlNlYXJjaE5lYXJieRACGAQgAA
Electric Vehicle Charging Station,electric_vehicle_charging_station,8108657712,,"DLF Tower 10th Rd, DLF Cyber City, DLF Phase 2, Sector 24, Gurugram, Haryana 122002, India",4.3,6,https://maps.google.com/?cid=11556149018299465164&g_mp=Cilnb29nbGUubWFwcy5wbGFjZXMudjEuUGxhY2VzLlNlYXJjaE5lYXJieRACGAQgAA
Uniba Workwear Corporate,service,9667797500,http://www.uniba.in/,"435, Phase IV, Udyog Vihar, Sector 18, Gurugram, Haryana 122015, India",4.2,6,https://maps.google.com/?cid=5786578271724025670&g_mp=Cilnb29nbGUubWFwcy5wbGFjZXMudjEuUGxhY2VzLlNlYXJjaE5lYXJieRACGAQgAA
One success marketing,finance,7205289369,,"opposite Hdfc bank, Phase V, Udyog Vihar, Sector 19, Gurugram, Haryana 122016, India",4.7,6,https://maps.google.com/?cid=17411877523991997838&g_mp=Cilnb29nbGUubWFwcy5wbGFjZXMudjEuUGxhY2VzLlNlYXJjaE5lYXJieRACGAQgAA
Empliance Technologies Private Limited,,8082202202,http://empliance.in/,"WeWork Forum, DLF forum, DLF Cyber City, DLF Phase 3, Sector 24, Gurugram, Haryana 122002, India",3.8,6,https://maps.google.com/?cid=1245836050547704959&g_mp=Cilnb29nbGUubWFwcy5wbGFjZXMudjEuUGxhY2VzLlNlYXJjaE5lYXJieRACGAQgAA
Vector Logo,service,8860900327,https://www.vectorlogo.in/,"Vector Logo, DLF Cyber City Rd, DLF Cyber City, DLF Phase 3, Sector 24, Gurugram, Haryana 122002, India",5,6,https://maps.google.com/?cid=3058418609628421216&g_mp=Cilnb29nbGUubWFwcy5wbGFjZXMudjEuUGxhY2VzLlNlYXJjaE5lYXJieRACGAQgAA
ننګرهار اچین,service,9318398188,https://heybuddy.co.in/,"Wework DLF Forum, Cyber City, DLF Cyber City, DLF Phase 3, Sector 24, Gurugram, Haryana 122002, India",5,6,https://maps.google.com/?cid=11765256150240624666&g_mp=Cilnb29nbGUubWFwcy5wbGFjZXMudjEuUGxhY2VzLlNlYXJjaE5lYXJieRACGAQgAA
LingVoo,educational_institution,8572898038,,"9th Floor, Forum, WeWork Coworking, DLF Cyber City, DLF Phase 2, Sector 24, Gurugram, Haryana 122002, India",5,6,https://maps.google.com/?cid=7845766583033759514&g_mp=Cilnb29nbGUubWFwcy5wbGFjZXMudjEuUGxhY2VzLlNlYXJjaE5lYXJieRACGAQgAA
Helpholics: Digital Marketing Agency,service,8130061727,http://helpholics.com/,"336, 2nd floor, Udyog Vihar Phase - 4, Phase III, Udyog Vihar, Sector 19, Gurugram, Haryana 122015, India",5,6,https://maps.google.com/?cid=17062497435886887464&g_mp=Cilnb29nbGUubWFwcy5wbGFjZXMudjEuUGxhY2VzLlNlYXJjaE5lYXJieRACGAQgAA
Nuumaaish Designs,service,8299754319,https://anuragyadav7149.wixstudio.com/nuumaaish,"DLF Phase 3, Sector 24, Gurugram, Haryana 122002, India",5,6,https://maps.google.com/?cid=1318082698742019199&g_mp=Cilnb29nbGUubWFwcy5wbGFjZXMudjEuUGxhY2VzLlNlYXJjaE5lYXJieRACGAQgAA
Piano Classes By Simta,school,9313429992,,"AMBIENCE LAGOON-1, Ambience Island, DLF Phase 3, Sector 24, Gurugram, Haryana 122010, India",5,6,https://maps.google.com/?cid=335324905204863425&g_mp=Cilnb29nbGUubWFwcy5wbGFjZXMudjEuUGxhY2VzLlNlYXJjaE5lYXJieRACGAQgAA
Fireman,manufacturer,9310296701,,"701, Phase V, Udyog Vihar, Sector 19, Gurugram, Haryana 122016, India",4.5,6,https://maps.google.com/?cid=4375110911199177684&g_mp=Cilnb29nbGUubWFwcy5wbGFjZXMudjEuUGxhY2VzLlNlYXJjaE5lYXJieRACGAQgAA
Sliceinn Yucca,service,8076778706,https://www.sliceinn.in/,"C 576, Block C, Sushant Lok Phase I, Sector 43, Gurugram, Haryana 122009, India",4.4,5,https://maps.google.com/?cid=15065606343627704669&g_mp=Cilnb29nbGUubWFwcy5wbGFjZXMudjEuUGxhY2VzLlNlYXJjaE5lYXJieRACGAQgAA
Shri Shyam Ro Solution,service,9971750849,,"Shop no 84, Sushant Lok Rd, phase 2, Sushant Lok Phase I, Sector 43, Gurugram, Haryana 122009, India",5,5,https://maps.google.com/?cid=3228404202882399166&g_mp=Cilnb29nbGUubWFwcy5wbGFjZXMudjEuUGxhY2VzLlNlYXJjaE5lYXJieRACGAQgAA
M.H AUTO WORKS,auto_parts_store,9999135687,,"near Sushant shopping arcade, Sushant Lok Phase I, Sector 43, Gurugram, Haryana 122009, India",5,5,https://maps.google.com/?cid=3596392711160490892&g_mp=Cilnb29nbGUubWFwcy5wbGFjZXMudjEuUGxhY2VzLlNlYXJjaE5lYXJieRACGAQgAA
Venus Steps,shoe_store,8595262808,,"F37W+4CM, Golf Dr, Sector 42, Gurugram, Haryana 122009, India",4.4,5,https://maps.google.com/?cid=8028413944868936767&g_mp=Cilnb29nbGUubWFwcy5wbGFjZXMudjEuUGxhY2VzLlNlYXJjaE5lYXJieRACGAQgAA
The Infinity unisex salon,beauty_salon,9953496377,,"Jan Pratinidhi Apartments, Golf Crse Rd, Sector 28, Chakkarpur, Gurugram, Haryana 122009, India",4.2,5,https://maps.google.com/?cid=9643578399099564977&g_mp=Cilnb29nbGUubWFwcy5wbGFjZXMudjEuUGxhY2VzLlNlYXJjaE5lYXJieRACGAQgAA
ENCHANTÉ Designer Boutique,service,9811992934,,"Club Marg, DLF Phase 1, Sector 26, Gurugram, Haryana 122002, India",4,5,https://maps.google.com/?cid=8722907119101425590&g_mp=Cilnb29nbGUubWFwcy5wbGFjZXMudjEuUGxhY2VzLlNlYXJjaE5lYXJieRACGAQgAA
The Sassy Kitchen,restaurant,7290015756,,"House No, 2725, Sector 28, DLF Phase IV, Gurugram, Haryana 122002, India",5,5,https://maps.google.com/?cid=10430135835414800560&g_mp=Cilnb29nbGUubWFwcy5wbGFjZXMudjEuUGxhY2VzLlNlYXJjaE5lYXJieRACGAQgAA
Car Wash Hub,car_wash,9953755559,,"Bihari Market ( Sushant Market, HNO - 2640, Sector 28, DLF Phase IV, Gurugram, Haryana 122002, India",5,5,https://maps.google.com/?cid=14039879791472104542&g_mp=Cilnb29nbGUubWFwcy5wbGFjZXMudjEuUGxhY2VzLlNlYXJjaE5lYXJieRACGAQgAA
Trisight Financial Advisers,consultant,9354479646,,"HOUSE NUMBER 56, Sector 28, Chakkarpur, Gurugram, Haryana 122002, India",5,5,https://maps.google.com/?cid=4145935783066503049&g_mp=Cilnb29nbGUubWFwcy5wbGFjZXMudjEuUGxhY2VzLlNlYXJjaE5lYXJieRACGAQgAA
VSKOUT,corporate_office,9810772447,https://www.vskout.com/#!/landing,"Silver Oak Apartment Ln, G Block, DLF Phase 1, Sector 26, Gurugram, Haryana 122002, India",4.2,5,https://maps.google.com/?cid=5370155867753372548&g_mp=Cilnb29nbGUubWFwcy5wbGFjZXMudjEuUGxhY2VzLlNlYXJjaE5lYXJieRACGAQgAA
Heera Motors,car_repair,9871504882,,"10, Iffco chowk, NH 48, Sector 29, Gurugram, Haryana 122009, India",4.2,5,https://maps.google.com/?cid=12634347066620981084&g_mp=Cilnb29nbGUubWFwcy5wbGFjZXMudjEuUGxhY2VzLlNlYXJjaE5lYXJieRACGAQgAA
Desire Men'S Parlour,barber_shop,8433038599,,"Shop No-729, Huda Complex, Chakkarpur Lane, Gurugram, NCR, Sector 28, Maruti Housing Colony, Region, Gurugram, Haryana 122009, India",4,5,https://maps.google.com/?cid=13387406303993870506&g_mp=Cilnb29nbGUubWFwcy5wbGFjZXMudjEuUGxhY2VzLlNlYXJjaE5lYXJieRACGAQgAA
Sanitary store & Hardware,home_goods_store,9873245225,https://dealers.kajariaceramics.com/kajaria-tiles-prima-showroom-kb-tiles-kajaria-authorised-dealer-store-shop-shop-2-chotu-market-sec52-shyam-sweets-wazirabad-gurugram-haryana-122001,"Shop No 15 Jaina Market DLF Phase IV, Sector 28, Chakkarpur, Gurugram, Haryana 122002, India",3.4,5,https://maps.google.com/?cid=5767210344005089580&g_mp=Cilnb29nbGUubWFwcy5wbGFjZXMudjEuUGxhY2VzLlNlYXJjaE5lYXJieRACGAQgAA
Sankat Mochan Hanuman Mandir,hindu_temple,9696085344,,"Police Station, near DLF Phase 1, G Block, DLF Phase 1, Sector 26, Gurugram, Haryana 122002, India",4.2,5,https://maps.google.com/?cid=14555269122281904842&g_mp=Cilnb29nbGUubWFwcy5wbGFjZXMudjEuUGxhY2VzLlNlYXJjaE5lYXJieRACGAQgAA
Aurelia - MG Road,womens_clothing_store,8879202101,https://stores.shopforaurelia.com/aurelia-mg-road-mg-road-ladies-clothes-shop-mg-road-gurugram-455761/Home?utm_source=locator&utm_medium=googleplaces,"GF, MGF Metropolitan Mall, SN 47 & 48, Mehrauli-Gurgaon Rd, DLF Phase 2, Sector 25, Gurugram, Haryana 122002, India",3.4,5,https://maps.google.com/?cid=440929035231447416&g_mp=Cilnb29nbGUubWFwcy5wbGFjZXMudjEuUGxhY2VzLlNlYXJjaE5lYXJieRACGAQgAA
Spectrum lighting,home_improvement_store,9999414501,,"Metro Pillar Number 61, Sikanderpur Rd, Block H, DLF Phase 1, Sector 26, Gurugram, Haryana 122002, India",4,5,https://maps.google.com/?cid=3728253495083209106&g_mp=Cilnb29nbGUubWFwcy5wbGFjZXMudjEuUGxhY2VzLlNlYXJjaE5lYXJieRACGAQgAA
Shri adihnath marble and granite,,9810409434,,"Shri adihnath marble and granites, marble market, Mehrauli-Gurgaon Rd, opposite pillar metro 14, Sikanderpur, Arjan Garh, Aya Nagar, Gurugram, Haryana 122002, India",4.8,5,https://maps.google.com/?cid=4870474098467507333&g_mp=Cilnb29nbGUubWFwcy5wbGFjZXMudjEuUGxhY2VzLlNlYXJjaE5lYXJieRACGAQgAA
Khandelwal Marbles,manufacturer,9811068254,,"11, Mehrauli-Gurgaon Rd, opp. Metro Piller, Sikanderpur, Marble Market, Aya Nagar, Gurugram, Haryana 122002, India",5,5,https://maps.google.com/?cid=18183320238463539829&g_mp=Cilnb29nbGUubWFwcy5wbGFjZXMudjEuUGxhY2VzLlNlYXJjaE5lYXJieRACGAQgAA
ComfortZone Bean Bags – Manufacturer & Wholesale,manufacturer,8447054314,https://comfortzone-bean-328361.grexa.site/,"Metro Station, Mehrauli-Gurgaon Rd, near ARJANGARH, Aya Nagar, New Delhi, Delhi 110047, India",4.8,5,https://maps.google.com/?cid=3703331695753174772&g_mp=Cilnb29nbGUubWFwcy5wbGFjZXMudjEuUGxhY2VzLlNlYXJjaE5lYXJieRACGAQgAA
Mohit General Store,general_store,8375000620,,"F3M9+JCG, Sarhaul, Sector 18, Gurugram, Haryana 122015, India",5,5,https://maps.google.com/?cid=3860280073988473752&g_mp=Cilnb29nbGUubWFwcy5wbGFjZXMudjEuUGxhY2VzLlNlYXJjaE5lYXJieRACGAQgAA
Weekender Holidays,travel_agency,8800591097,https://www.weekenderholidays.com/,"Plot 23, Maruti Industrial Area, Sector 18, Gurugram, Haryana 122015, India",5,5,https://maps.google.com/?cid=16601272548453128451&g_mp=Cilnb29nbGUubWFwcy5wbGFjZXMudjEuUGxhY2VzLlNlYXJjaE5lYXJieRACGAQgAA
Cost Accountant Priyam Varshney,consultant,7827675444,http://pvandco.in/,"K-9/29, Phase I, DLF Phase 2, Sector 25, Gurugram, Haryana 122002, India",5,5,https://maps.google.com/?cid=8431448716366122881&g_mp=Cilnb29nbGUubWFwcy5wbGFjZXMudjEuUGxhY2VzLlNlYXJjaE5lYXJieRACGAQgAA
LOHIA TYRE WORLD,tire_shop,9210003825,,"MG road, Sikanderpur Rd, near pahalvan dhaba, Nathupur, Sector 24, Gurugram, Haryana 122002, India",5,5,https://maps.google.com/?cid=7491408139818634471&g_mp=Cilnb29nbGUubWFwcy5wbGFjZXMudjEuUGxhY2VzLlNlYXJjaE5lYXJieRACGAQgAA
Indian Wood Furniture,furniture_store,9654954239,,"Sope No 34, 122022, Mahroli Road, near by Sikandra Pur, Sector 24, Gorgao, Gurugram, Haryana 122010, India",1,5,https://maps.google.com/?cid=15041210239331300438&g_mp=Cilnb29nbGUubWFwcy5wbGFjZXMudjEuUGxhY2VzLlNlYXJjaE5lYXJieRACGAQgAA
Choudhary Automobile,store,8920236259,,"DLF Phase 2 Metro Station Gate Note, 2, DLF Phase 2, Sector 25, Gurugram, Haryana 122002, India",4.2,5,https://maps.google.com/?cid=16092959324429534243&g_mp=Cilnb29nbGUubWFwcy5wbGFjZXMudjEuUGxhY2VzLlNlYXJjaE5lYXJieRACGAQgAA
FlyMyParcel,courier_service,9811391139,http://www.flymyparcel.com/,"Mahindra Market, near Passport office, Sector 18, Gurugram, Haryana 122015, India",4.6,5,https://maps.google.com/?cid=2541786200634344889&g_mp=Cilnb29nbGUubWFwcy5wbGFjZXMudjEuUGxhY2VzLlNlYXJjaE5lYXJieRACGAQgAA
Origami Classes,,9816247807,,"M-13, DLF Phase 2, Sector 25, Gurugram, Haryana 122002, India",5,5,https://maps.google.com/?cid=8395700000435431865&g_mp=Cilnb29nbGUubWFwcy5wbGFjZXMudjEuUGxhY2VzLlNlYXJjaE5lYXJieRACGAQgAA
SGS Innovation (Branch Office),general_contractor,8826025915,http://www.sgsinnovation.com/,"DLF Phase 2, Sector 25, Gurugram, Shahpur, Haryana 122002, India",4.2,5,https://maps.google.com/?cid=13008185067161996096&g_mp=Cilnb29nbGUubWFwcy5wbGFjZXMudjEuUGxhY2VzLlNlYXJjaE5lYXJieRACGAQgAA
Naveen dyer/dyes Delhi,laundry,9821884509,,"Plot no-117,khasra no-630, ghitorni enclave pahadi via, Zero Number Rd, Anand Gram, Ghitorni, New Delhi, Delhi 110030, India",5,5,https://maps.google.com/?cid=4945450462267962596&g_mp=Cilnb29nbGUubWFwcy5wbGFjZXMudjEuUGxhY2VzLlNlYXJjaE5lYXJieRACGAQgAA
HORIZON8 Builders & Consultants Pvt. Ltd.,general_contractor,9667880736,https://horizon8.in/,"N-3/38, DLF Phase 2, Sector 25, Gurugram, Haryana 122002, India",4.2,5,https://maps.google.com/?cid=16096755526299138357&g_mp=Cilnb29nbGUubWFwcy5wbGFjZXMudjEuUGxhY2VzLlNlYXJjaE5lYXJieRACGAQgAA
Hii Style Furniture,furniture_store,9999665133,http://www.hiistylefurniture.com/,"Cyber Hub, Dlf Cyber City, DLF Cyber City, DLF Phase 2, Sector 24, Gurugram, Haryana 122002, India",1,5,https://maps.google.com/?cid=16552462455033943147&g_mp=Cilnb29nbGUubWFwcy5wbGFjZXMudjEuUGxhY2VzLlNlYXJjaE5lYXJieRACGAQgAA
Mafatlal Industries limited,store,8484849378,,"2nd Floor, Plot, no 225, Phase IV, Udyog Vihar, Sector 18, Gurugram, Haryana 122015, India",4.6,5,https://maps.google.com/?cid=14119072966804054392&g_mp=Cilnb29nbGUubWFwcy5wbGFjZXMudjEuUGxhY2VzLlNlYXJjaE5lYXJieRACGAQgAA
Durga Auto Center,car_repair,8800768581,,"Shanker chowk, pillar no. 91, N-10, near mukesh dhaba, behind building, N.H 10, Sector 25, Gurugram, Haryana 122002, India",4.2,5,https://maps.google.com/?cid=10490088979591514109&g_mp=Cilnb29nbGUubWFwcy5wbGFjZXMudjEuUGxhY2VzLlNlYXJjaE5lYXJieRACGAQgAA
Under The Dryer | Hair · Beauty · Care,beauty_salon,9654625324,https://www.underthedryer.co.in/,"LG-8, Maulsari Arcade, Moulsari Ave, DLF Phase 3, Sector 24, Gurugram, Haryana 122010, India",4.2,5,https://maps.google.com/?cid=919008247387799976&g_mp=Cilnb29nbGUubWFwcy5wbGFjZXMudjEuUGxhY2VzLlNlYXJjaE5lYXJieRACGAQgAA
TENON PRIME,service,8130950950,,"458, Phase V, Udyog Vihar, Sector 19, Gurugram, Haryana 122016, India",5,5,https://maps.google.com/?cid=15237821726836264414&g_mp=Cilnb29nbGUubWFwcy5wbGFjZXMudjEuUGxhY2VzLlNlYXJjaE5lYXJieRACGAQgAA
Chaklo chaap DLF,food_court,8585959589,,"Chaklo chaap DLF, The National Media Centre, Sector 24, Gurugram, Haryana 122022, India",5,5,https://maps.google.com/?cid=1530384221294239772&g_mp=Cilnb29nbGUubWFwcy5wbGFjZXMudjEuUGxhY2VzLlNlYXJjaE5lYXJieRACGAQgAA
"Emergency Hospital Gurugram | 24/7 Ambulance Service | Narayana Hospital, Gurugram",service,8062154161,https://www.narayanahealth.org/ocaapp/doctors/gurugram/critical-care-medicine/?utm_source=Googlemaps&utm_medium=GMB,"Block - V, DLF Phase - III, Plot 3201, Lane Number V-37, Nathupur, Sector 24, Gurugram, Haryana 122010, India",5,5,https://maps.google.com/?cid=7508041364423160979&g_mp=Cilnb29nbGUubWFwcy5wbGFjZXMudjEuUGxhY2VzLlNlYXJjaE5lYXJieRACGAQgAA
IB Teach,educational_institution,9289325337,https://www.ibteach.com/,"DLF Forum, Cyber City, DLF Phase 3, Sector 24, Gurugram, Haryana 122010, India",5,5,https://maps.google.com/?cid=8433248951685584222&g_mp=Cilnb29nbGUubWFwcy5wbGFjZXMudjEuUGxhY2VzLlNlYXJjaE5lYXJieRACGAQgAA
IMT Alumni Association,non_profit_organization,8178375310,http://www.imtalumni.com/,"796, Udyog Vihar Phase V Rd, Phase V, Udyog Vihar, Sector 19, Gurugram, Haryana 122016, India",5,5,https://maps.google.com/?cid=1886149839441983198&g_mp=Cilnb29nbGUubWFwcy5wbGFjZXMudjEuUGxhY2VzLlNlYXJjaE5lYXJieRACGAQgAA
"Dr. Sonal Ghose | Surgeon | Narayana Hospital, Gurugram",doctor,8066046035,https://www.narayanahealth.org/ocaapp/doctors/gurugram/general-surgery/?utm_source=Googlemaps&utm_medium=GMB,"Block - V, Plot 3201, DLF Phase - III, Nathupur, Sector 24, Gurugram, Haryana 122016, India",5,5,https://maps.google.com/?cid=2254338376238574963&g_mp=Cilnb29nbGUubWFwcy5wbGFjZXMudjEuUGxhY2VzLlNlYXJjaE5lYXJieRACGAQgAA
BLPS CONSULTANT PVT LTD.,service,9953264477,http://blpsconsultant.com/,"409, Udyog Vihar II Rd, Phase II, Udyog Vihar, Sector 20, Gurugram, Haryana 122001, India",4.2,5,https://maps.google.com/?cid=8150843754100380492&g_mp=Cilnb29nbGUubWFwcy5wbGFjZXMudjEuUGxhY2VzLlNlYXJjaE5lYXJieRACGAQgAA
ENVEE OPTIX GURUGRAM AMBIENCE MALL,medical_clinic,9810187685,,"G33W+XQH, Delhi - Ajmer Hwy, Ambience Island, DLF Phase 3, Sector 24, Gurugram, Haryana 122002, India",3.2,5,https://maps.google.com/?cid=2764024268336868044&g_mp=Cilnb29nbGUubWFwcy5wbGFjZXMudjEuUGxhY2VzLlNlYXJjaE5lYXJieRACGAQgAA
Priority Cargo India Pvt.Ltd | Packers And Movers Sector 42,transportation_service,9319576700,https://prioritycargoindia.com/,"Shop No 16, Sector 42, Gurugram, Haryana 122009, India",5,4,https://maps.google.com/?cid=4313732479599635538&g_mp=Cilnb29nbGUubWFwcy5wbGFjZXMudjEuUGxhY2VzLlNlYXJjaE5lYXJieRACGAQgAA
Dr Priyanka Choudhary - Home Visit Doctor & General Physician - Kyno Health,doctor,9953104104,https://www.kynohealth.com/book-doctor/step-1?utm_source=google&utm_medium=gmb+doctor&utm_campaign=doctor,"Rd 42J, Sector 42, Gurugram, Haryana 122009, India",5,4,https://maps.google.com/?cid=15886161557664946550&g_mp=Cilnb29nbGUubWFwcy5wbGFjZXMudjEuUGxhY2VzLlNlYXJjaE5lYXJieRACGAQgAA
360Craft,service,7559713757,http://360craft.in/,"5519, DLF Phase IV, Gurugram, Haryana 122009, India",4.8,4,https://maps.google.com/?cid=16482883745175479788&g_mp=Cilnb29nbGUubWFwcy5wbGFjZXMudjEuUGxhY2VzLlNlYXJjaE5lYXJieRACGAQgAA
Modern Homes India,general_contractor,9999997821,http://www.modernhomesindia.in/,"Aster Avenue, Galleria Boulevard, DLF Phase IV, Gurugram, Haryana 122009, India",4.8,4,https://maps.google.com/?cid=14235962959723869772&g_mp=Cilnb29nbGUubWFwcy5wbGFjZXMudjEuUGxhY2VzLlNlYXJjaE5lYXJieRACGAQgAA
Jha's kitchen tiffin service,meal_delivery,9810760073,https://www.instagram.com/jhas_kitchen008,"Golf Course Rd, Gurugram, Haryana 122022, India",5,4,https://maps.google.com/?cid=17578733850676375420&g_mp=Cilnb29nbGUubWFwcy5wbGFjZXMudjEuUGxhY2VzLlNlYXJjaE5lYXJieRACGAQgAA
Avidion Softwares Pvt. Ltd,service,9896584099,https://www.avidion.ai/,"676, Sector 42 Main Rd, Sector 42, Gurugram, Haryana 122011, India",5,4,https://maps.google.com/?cid=14654188639112548354&g_mp=Cilnb29nbGUubWFwcy5wbGFjZXMudjEuUGxhY2VzLlNlYXJjaE5lYXJieRACGAQgAA
PhysiofyMe,physiotherapist,8448662326,,"Phase 2, Sushant Lok Phase I, Sector 43, Gurugram, Haryana 122009, India",5,4,https://maps.google.com/?cid=9236127287951317504&g_mp=Cilnb29nbGUubWFwcy5wbGFjZXMudjEuUGxhY2VzLlNlYXJjaE5lYXJieRACGAQgAA
Fairbuild - Design N' Build Studio,service,9310014398,http://www.fairbuild.co.in/,"7, Bodhi Marg, Block E, DLF Phase 1, Sector 26A, Gurugram, Haryana 122002, India",5,4,https://maps.google.com/?cid=10724974019992761454&g_mp=Cilnb29nbGUubWFwcy5wbGFjZXMudjEuUGxhY2VzLlNlYXJjaE5lYXJieRACGAQgAA
"EduVouchers - Official PTE, GRE, TOEFL, IELTS, DUOLINGO Exam Vouchers in India",consultant,9266808333,https://eduvouchers.com/,"5th Floor, DLF Two Horizon Centre, Block E, DLF Phase 1, 5, Gurugram, Haryana 122002, India",4.8,4,https://maps.google.com/?cid=11248619161448353822&g_mp=Cilnb29nbGUubWFwcy5wbGFjZXMudjEuUGxhY2VzLlNlYXJjaE5lYXJieRACGAQgAA
FORMIS,manufacturer,9311960160,https://www.heyformis.com/,"02, 2nd Floor, FORMIS BASECAMP, Block H, 37, Arjun Marg, Block E, DLF Phase 1, Sector 26A, Gurugram, Haryana 122002, India",5,4,https://maps.google.com/?cid=9672624917424503461&g_mp=Cilnb29nbGUubWFwcy5wbGFjZXMudjEuUGxhY2VzLlNlYXJjaE5lYXJieRACGAQgAA
Graphicosmos Digital marketing agency in Gurgaon,service,9311755300,https://graphicosmos.in/,"34, Arjun Marg, Block E, DLF Phase 1, Sector 26A, Gurugram, Haryana 122001, India",5,4,https://maps.google.com/?cid=7106572162187818553&g_mp=Cilnb29nbGUubWFwcy5wbGFjZXMudjEuUGxhY2VzLlNlYXJjaE5lYXJieRACGAQgAA
Dr Rajat Chopra - Neurologist,medical_clinic,8692022346,https://neurocareclinic.inspiroxindia.in/,"194 - P, Sector 27, Gurugram, Haryana 122009, India",5,4,https://maps.google.com/?cid=1435035673661894981&g_mp=Cilnb29nbGUubWFwcy5wbGFjZXMudjEuUGxhY2VzLlNlYXJjaE5lYXJieRACGAQgAA
SM Hydra Farana Hydraulic Crane Service Gurgaon,service,8506964748,https://smcraneservice.online/,"DLF Phase 1, Plot No. 167, Hamilton Ct Rd, Sector 28, Chakkarpur, Gurugram, Haryana 122009, India",4,4,https://maps.google.com/?cid=13288097755743085214&g_mp=Cilnb29nbGUubWFwcy5wbGFjZXMudjEuUGxhY2VzLlNlYXJjaE5lYXJieRACGAQgAA
POOLA WOOD CARVING,furniture_store,6309041298,,"SHOP NO 1, PARK, NEAR, Leisure Valley Rd, Sector 29, Gurugram, Haryana 122009, India",4.8,4,https://maps.google.com/?cid=15338908095972378356&g_mp=Cilnb29nbGUubWFwcy5wbGFjZXMudjEuUGxhY2VzLlNlYXJjaE5lYXJieRACGAQgAA
New Khaira Tpt. Gurgaon,transportation_service,9795116767,http://www.newkhaira.com/,"375, Sector 29, Gurugram, Haryana 122009, India",5,4,https://maps.google.com/?cid=4594713968755679490&g_mp=Cilnb29nbGUubWFwcy5wbGFjZXMudjEuUGxhY2VzLlNlYXJjaE5lYXJieRACGAQgAA
God spa,massage_spa,9354247250,,"Sushant shopping arcade gate no 1 second floor, G 227, G-Block, Block A, Sushant Lok Phase I, Sector 43, Gurugram, Haryana 122009, India",4.5,4,https://maps.google.com/?cid=11163711240140834383&g_mp=Cilnb29nbGUubWFwcy5wbGFjZXMudjEuUGxhY2VzLlNlYXJjaE5lYXJieRACGAQgAA
NK EMBROIDERY,service,9810553786,,"SHOP NUMBER, 10, KAILASH MARKET, Ambedkar Colony, Sector 28, Chakkarpur, Gurugram, Haryana 122002, India",5,4,https://maps.google.com/?cid=11599482183672084250&g_mp=Cilnb29nbGUubWFwcy5wbGFjZXMudjEuUGxhY2VzLlNlYXJjaE5lYXJieRACGAQgAA
Needh Design Studio,service,6005176168,https://needhdesignstudio.com/,"FIRST FLOOR, B14/29, Paschim Marg, Block B, Sector 26A, Gurugram, Haryana 122002, India",5,4,https://maps.google.com/?cid=12192079788435331093&g_mp=Cilnb29nbGUubWFwcy5wbGFjZXMudjEuUGxhY2VzLlNlYXJjaE5lYXJieRACGAQgAA
Nail Spa by Gurpreet,corporate_office,9350461370,http://www.nailspaindia.com/,"B 11/8, DLF Phase 1, Sector 26, Gurugram, Haryana 122002, India",5,4,https://maps.google.com/?cid=9902891889473155607&g_mp=Cilnb29nbGUubWFwcy5wbGFjZXMudjEuUGxhY2VzLlNlYXJjaE5lYXJieRACGAQgAA
Apollo 24|7 Lab Test | Blood Test | Near Me | DLF Phase 1 | Home Collection | Gurugram,medical_clinic,8048851037,https://www.apollo247.com/lab-tests-city/gurgaon,"Shop No. C/3, DLF Qutub Plaza, DLF Phase 1, Sector 26A, Gurugram, Haryana 122002, India",4.5,4,https://maps.google.com/?cid=2386375125418754741&g_mp=Cilnb29nbGUubWFwcy5wbGFjZXMudjEuUGxhY2VzLlNlYXJjaE5lYXJieRACGAQgAA
Subway Airtel Office,sandwich_shop,8796144773,https://subway.in/,"Airtel Office Building, Plot No. 16, Udyog Vihar, Phase 4, Sector 26A, Gurugram, Haryana 122002, India",5,4,https://maps.google.com/?cid=17041918529281286832&g_mp=Cilnb29nbGUubWFwcy5wbGFjZXMudjEuUGxhY2VzLlNlYXJjaE5lYXJieRACGAQgAA
Blue Sapphire Lex Chambers (Advocates & Solicitors),consultant,9810535958,https://www.bluesapphirelexchambers.co/,"G 16/22, G Block, DLF Phase 1, Sector 26, Gurugram, Haryana 122002, India",5,4,https://maps.google.com/?cid=18343203877958432456&g_mp=Cilnb29nbGUubWFwcy5wbGFjZXMudjEuUGxhY2VzLlNlYXJjaE5lYXJieRACGAQgAA
GY Digital,service,9873396676,https://yadavgaurav.com/,"58, Basement, Sector 28, Chakkarpur, Gurugram, Haryana 122002, India",5,4,https://maps.google.com/?cid=7928066651945088173&g_mp=Cilnb29nbGUubWFwcy5wbGFjZXMudjEuUGxhY2VzLlNlYXJjaE5lYXJieRACGAQgAA
FLEX UNISEX GYM,gym,9899988916,,"Sector 28, Chakkarpur, Gurugram, Haryana 122002, India",5,4,https://maps.google.com/?cid=4398404001648883908&g_mp=Cilnb29nbGUubWFwcy5wbGFjZXMudjEuUGxhY2VzLlNlYXJjaE5lYXJieRACGAQgAA
Ajay Singh,grocery_store,9999384169,,"F3FP+G8W, NH 48, near numberdar house, Sector 28, Chakkarpur, Gurugram, Haryana 122002, India",4.8,4,https://maps.google.com/?cid=3906367493295308800&g_mp=Cilnb29nbGUubWFwcy5wbGFjZXMudjEuUGxhY2VzLlNlYXJjaE5lYXJieRACGAQgAA
DOOARS CAFE & RESTURANT,chinese_restaurant,9650857201,,"House No.248, Gali No. 5, Sector 28, chakkarur, Gurugram, Haryana 122002, India",5,4,https://maps.google.com/?cid=6358934414269229683&g_mp=Cilnb29nbGUubWFwcy5wbGFjZXMudjEuUGxhY2VzLlNlYXJjaE5lYXJieRACGAQgAA
Essel Stationery Store,store,9810126099,,"Shop no.6 , Essel Towers Shopping Complex, Essel Towers Mehrauli-Gurgaon Road Indian Airlines Pilots Society, Sector 28, Sushant Lok Phase I, Gurugram, Haryana 122002, India",5,4,https://maps.google.com/?cid=9573809899282068747&g_mp=Cilnb29nbGUubWFwcy5wbGFjZXMudjEuUGxhY2VzLlNlYXJjaE5lYXJieRACGAQgAA
Auto King Agency,car_repair,9212167409,,"Nambardar Market, A-46 St, opposite P.G, Sector 28, Chakkarpur, Gurugram, Haryana 122002, India",2.8,4,https://maps.google.com/?cid=1843794838653739658&g_mp=Cilnb29nbGUubWFwcy5wbGFjZXMudjEuUGxhY2VzLlNlYXJjaE5lYXJieRACGAQgAA
Ashu Sofa Emporium,manufacturer,9113126995,,"A-45/30, Sector 28, DLF Phase 1, Gurugram, Haryana 122002, India",4,4,https://maps.google.com/?cid=9752416187147054420&g_mp=Cilnb29nbGUubWFwcy5wbGFjZXMudjEuUGxhY2VzLlNlYXJjaE5lYXJieRACGAQgAA
EVAS Properties,service,9999145949,https://evasproperties.com/?utm_source=Google&utm_medium=GMB,"Block H, DLF Phase 1, Sector 26, Gurugram, Haryana 122002, India",4.5,4,https://maps.google.com/?cid=764309590046042412&g_mp=Cilnb29nbGUubWFwcy5wbGFjZXMudjEuUGxhY2VzLlNlYXJjaE5lYXJieRACGAQgAA
Smartbox,shipping_service,8882760760,https://smartbox.in/,"Gali Number 4, Model Town, Sector 11, Sector 28, Maruti Housing Colony, Gurugram, Haryana 122009, India",4.5,4,https://maps.google.com/?cid=5510930688858380724&g_mp=Cilnb29nbGUubWFwcy5wbGFjZXMudjEuUGxhY2VzLlNlYXJjaE5lYXJieRACGAQgAA
Vinay Tea Stall,tea_store,9643181115,,"Shop No 1, Metro Station, behind Mehrauli-Gurgaon Road, Sector 28, Maruti Housing Colony, Gurugram, Haryana 122009, India",4,4,https://maps.google.com/?cid=18341055371373755477&g_mp=Cilnb29nbGUubWFwcy5wbGFjZXMudjEuUGxhY2VzLlNlYXJjaE5lYXJieRACGAQgAA
AHAMYO- PHYSIOTHERAPY | DIET/NUTRITION | MENTAL WELLNESS,medical_clinic,9560264949,https://www.ahamyo.com/,"SAHARA GRACE CONDOMINIUM, Sector 28, Chakkarpur, Gurugram, Haryana 122002, India",5,4,https://maps.google.com/?cid=9532051148040850517&g_mp=Cilnb29nbGUubWFwcy5wbGFjZXMudjEuUGxhY2VzLlNlYXJjaE5lYXJieRACGAQgAA
Wordwave,service,7292080529,http://ai.wordwave.in/,"L - 27/12, Mehrauli-Gurgaon Rd, DLF Phase 2, Sector 25, Gurugram, Haryana 122002, India",4.3,4,https://maps.google.com/?cid=16827868008898493786&g_mp=Cilnb29nbGUubWFwcy5wbGFjZXMudjEuUGxhY2VzLlNlYXJjaE5lYXJieRACGAQgAA
Maruti Electricals,service,9810144483,,"Gangania Complex, Mehrauli-Gurgaon Rd, Sikanderpur, DLF Phase 1, Sector 26, Gurugram, Haryana 122002, India",5,4,https://maps.google.com/?cid=344762192420369817&g_mp=Cilnb29nbGUubWFwcy5wbGFjZXMudjEuUGxhY2VzLlNlYXJjaE5lYXJieRACGAQgAA
WHSmith Store,department_store,7042403337,https://www.whsmithindia.com/,"Guru Dronacharya Metro Station, GE/K/-PD-2, Unpaid Area, Gate 1 Guru Dronacharya, Sikanderpur, Sector 26, Gurugram, Haryana 122010, India",3.3,4,https://maps.google.com/?cid=18343594559356649043&g_mp=Cilnb29nbGUubWFwcy5wbGFjZXMudjEuUGxhY2VzLlNlYXJjaE5lYXJieRACGAQgAA
Goel Marble House,supplier,9811314956,https://goelmarbles.com/,"plot no 25, Arjan Garh, Aya Nagar, Gurugram, Haryana 122002, India",4,4,https://maps.google.com/?cid=15106186820942178550&g_mp=Cilnb29nbGUubWFwcy5wbGFjZXMudjEuUGxhY2VzLlNlYXJjaE5lYXJieRACGAQgAA
Om Sai Furniture,furniture_store,9899727975,,"Aya Nagar Crossing, M.G.Road, Near Arjan Garh Metro Station, Pillar No. 191, Aya Nagar, New Delhi, Delhi 110047, India",3,4,https://maps.google.com/?cid=11525007089158541016&g_mp=Cilnb29nbGUubWFwcy5wbGFjZXMudjEuUGxhY2VzLlNlYXJjaE5lYXJieRACGAQgAA
Shivansh mobile accessories shop,,9899991004,,"Arjangargh Metro station, Arjan Garh, Aya Nagar, New Delhi, Delhi 110047, India",4.8,4,https://maps.google.com/?cid=16676325553745533763&g_mp=Cilnb29nbGUubWFwcy5wbGFjZXMudjEuUGxhY2VzLlNlYXJjaE5lYXJieRACGAQgAA
Vijay General Store,general_store,8851203515,,"Shop No 01, Sector 18, F3Pc+8C8, Lane Number 6, Sarhaul, Gurugram Delhi NCR, Sector 18, Gurugram, Haryana 122015, India",3.3,4,https://maps.google.com/?cid=1232548838949168209&g_mp=Cilnb29nbGUubWFwcy5wbGFjZXMudjEuUGxhY2VzLlNlYXJjaE5lYXJieRACGAQgAA
MS Furniture,manufacturer,7042553588,,"Furniture Market, in front of flyover, Sikanderpur, Nathupur, Sector 24, Gurugram, Haryana 122002, India",2,4,https://maps.google.com/?cid=8156816982408259629&g_mp=Cilnb29nbGUubWFwcy5wbGFjZXMudjEuUGxhY2VzLlNlYXJjaE5lYXJieRACGAQgAA
Medy Win Pharmacy,pharmacy,7840033213,,"Shop No. 206, Banjara Gali Village Sarhaul, Sector 18, Gurugram, NCR, Sarhaul, Sector 18, Region, Gurugram, Haryana 122015, India",5,4,https://maps.google.com/?cid=5922787716160613021&g_mp=Cilnb29nbGUubWFwcy5wbGFjZXMudjEuUGxhY2VzLlNlYXJjaE5lYXJieRACGAQgAA
Spoonful of Soul,restaurant,9891360400,,"27, Nathupur Rd, Nathupur, Sector 24, Gurugram, Haryana 122002, India",4,4,https://maps.google.com/?cid=18071696742919501001&g_mp=Cilnb29nbGUubWFwcy5wbGFjZXMudjEuUGxhY2VzLlNlYXJjaE5lYXJieRACGAQgAA
Guild Hotel,hotel,9643040849,,"F3RM+3G7, M-11, DLF Phase 2, Sector 25, Gurugram, Haryana 122002, India",3.5,4,https://maps.google.com/?cid=730384196592624772&g_mp=Cilnb29nbGUubWFwcy5wbGFjZXMudjEuUGxhY2VzLlNlYXJjaE5lYXJieRACGAQgAA
Achievers,general_contractor,9810110168,http://www.achieversindia.net/,"7 A, Jacaranda Marg, DLF Phase 2, Sector 25, Gurugram, Haryana 122002, India",4,4,https://maps.google.com/?cid=16611169020385796782&g_mp=Cilnb29nbGUubWFwcy5wbGFjZXMudjEuUGxhY2VzLlNlYXJjaE5lYXJieRACGAQgAA
Medzone Diagnostic,hospital,8882604678,,"5, N-12 Rd, DLF Phase 2, Sector 25, Gurugram, Haryana 122002, India",2,4,https://maps.google.com/?cid=4781848822049814043&g_mp=Cilnb29nbGUubWFwcy5wbGFjZXMudjEuUGxhY2VzLlNlYXJjaE5lYXJieRACGAQgAA
Converge Electronics Trading (India) Private Limited,,7204957933,http://www.converge.com/,"15th Floor, Building 5, Tower B, DLF Cyber City, DLF Phase 2, Sector 24, Gurugram, Haryana 122002, India",4.5,4,https://maps.google.com/?cid=11420460945717264668&g_mp=Cilnb29nbGUubWFwcy5wbGFjZXMudjEuUGxhY2VzLlNlYXJjaE5lYXJieRACGAQgAA
Sk Tea Stall,tea_store,9810963677,,"F3QR+RX5, near Sikenderpur Matro Nathupur, DLF Cyber City, DLF Phase 3, Sector 24, Gurugram, Haryana 122002, India",5,4,https://maps.google.com/?cid=17656211459894773712&g_mp=Cilnb29nbGUubWFwcy5wbGFjZXMudjEuUGxhY2VzLlNlYXJjaE5lYXJieRACGAQgAA
Delhi 6 Cafe,restaurant,9034007427,,"Shop 101, Stop & Shop market, U Block, DLF Phase 3, Sector 24, Gurugram, Haryana 122002, India",3.8,4,https://maps.google.com/?cid=4865618936576156460&g_mp=Cilnb29nbGUubWFwcy5wbGFjZXMudjEuUGxhY2VzLlNlYXJjaE5lYXJieRACGAQgAA
Folkroom Inc.,service,9910439090,http://folkroom.in/,"Incuspaze, Plot No 17 Maruti, Phase-4, Phase IV, Maruti Udyog, Sector 18, Gurugram, Haryana 122015, India",5,4,https://maps.google.com/?cid=3920321656843202145&g_mp=Cilnb29nbGUubWFwcy5wbGFjZXMudjEuUGxhY2VzLlNlYXJjaE5lYXJieRACGAQgAA
Admya Infotech,service,8506947372,http://www.admyainfotech.com/,"3, U-42 Rd, U Block, DLF Phase 3, Sector 24, Gurugram, Haryana 122002, India",3.5,4,https://maps.google.com/?cid=17722107214613442954&g_mp=Cilnb29nbGUubWFwcy5wbGFjZXMudjEuUGxhY2VzLlNlYXJjaE5lYXJieRACGAQgAA
City Like Tailor,tailor,9999132408,,"House No, 766, नया मोहल्ला मार्ग, Balveer Market, U Block, Nathupur, Sector 24, Gurugram, Haryana 122002, India",3.5,4,https://maps.google.com/?cid=10375778050555806853&g_mp=Cilnb29nbGUubWFwcy5wbGFjZXMudjEuUGxhY2VzLlNlYXJjaE5lYXJieRACGAQgAA
Priti General Store,general_store,9971188541,,"T 29/10, Dlf Phase 3 Sofia Apartments, Hanuman Mandir, Nathupur, Sector 24, Gurugram, Haryana 122002, India",2.8,4,https://maps.google.com/?cid=17273081238165988890&g_mp=Cilnb29nbGUubWFwcy5wbGFjZXMudjEuUGxhY2VzLlNlYXJjaE5lYXJieRACGAQgAA
AMK Properties,real_estate_agency,9810577988,,"31, Ground Floor, Siris Rd, T Block, DLF Phase 3, Sector 24, Gurugram, Haryana 122002, India",5,4,https://maps.google.com/?cid=3639577119752408770&g_mp=Cilnb29nbGUubWFwcy5wbGFjZXMudjEuUGxhY2VzLlNlYXJjaE5lYXJieRACGAQgAA
Shree Jee knitwear pvt ltd,service,9953441262,,"Plot no 131, Phase IV, Udyog Vihar, Sector 18, Gurugram, Haryana 122015, India",4.5,4,https://maps.google.com/?cid=12477886290115800750&g_mp=Cilnb29nbGUubWFwcy5wbGFjZXMudjEuUGxhY2VzLlNlYXJjaE5lYXJieRACGAQgAA
Seitz India Pvt Ltd,corporate_office,9911919858,,"191, Phase IV, Udyog Vihar, Sector 18, Gurugram, Haryana 122015, India",3.5,4,https://maps.google.com/?cid=3033969528124969714&g_mp=Cilnb29nbGUubWFwcy5wbGFjZXMudjEuUGxhY2VzLlNlYXJjaE5lYXJieRACGAQgAA
BuildUP WorkSpaces,corporate_office,7428390838,,"190, Phase IV, Udyog Vihar, Sector 18, Gurugram, Haryana 122015, India",5,4,https://maps.google.com/?cid=8861778173983779266&g_mp=Cilnb29nbGUubWFwcy5wbGFjZXMudjEuUGxhY2VzLlNlYXJjaE5lYXJieRACGAQgAA
Visuals Frame,service,9821201649,https://visuals-frame.grexa.site/,"DLF Cyber City, DLF Phase 3, Sector 24, Gurugram, Haryana 122002, India",5,4,https://maps.google.com/?cid=10663199668509033004&g_mp=Cilnb29nbGUubWFwcy5wbGFjZXMudjEuUGxhY2VzLlNlYXJjaE5lYXJieRACGAQgAA
Fluence India,,9003136464,http://fluenceindia.in/,"7th Floor, Building no, 8B, DLF Cyber City, DLF Phase 2, Sector 24, Gurugram, Haryana 122002, India",5,4,https://maps.google.com/?cid=442049164819316705&g_mp=Cilnb29nbGUubWFwcy5wbGFjZXMudjEuUGxhY2VzLlNlYXJjaE5lYXJieRACGAQgAA
"Agilus Diagnostics – Pink Town House, Gurugram",medical_clinic,8510085050,https://agilusdiagnostics.com/,"Shop No-4,U-25/31A,Ganga Appartment,Pink Town House, U Block, DLF Phase 3, Sector 24, Gurugram, Haryana 122002, India",5,4,https://maps.google.com/?cid=18023191607415693185&g_mp=Cilnb29nbGUubWFwcy5wbGFjZXMudjEuUGxhY2VzLlNlYXJjaE5lYXJieRACGAQgAA
Creationist Technovations pvt ltd,building_materials_store,9311494800,,"436, Phase IV, Udyog Vihar, Sector 18, Gurugram, Haryana 122015, India",2.8,4,https://maps.google.com/?cid=1837771511890151117&g_mp=Cilnb29nbGUubWFwcy5wbGFjZXMudjEuUGxhY2VzLlNlYXJjaE5lYXJieRACGAQgAA
Edge Business Solutions Private Limited,service,9811292956,,"4th floor, AIHP Tower, 249 G, Phase IV, Udyog Vihar, Sector 18, Gurugram, Haryana 122015, India",5,4,https://maps.google.com/?cid=16583663012594269658&g_mp=Cilnb29nbGUubWFwcy5wbGFjZXMudjEuUGxhY2VzLlNlYXJjaE5lYXJieRACGAQgAA
Brawn Globus,corporate_office,8470000200,https://www.brawnglobus.com/,"W12, 3, DLF Phase 3, Sector 24, Gurugram, Haryana 122002, India",4,4,https://maps.google.com/?cid=15022902924826187042&g_mp=Cilnb29nbGUubWFwcy5wbGFjZXMudjEuUGxhY2VzLlNlYXJjaE5lYXJieRACGAQgAA
"Dr. Vikas Gupta| Paediatric Cardiology | Narayana Hospital, Gurugram",doctor,8062154227,https://www.narayanahealth.org/c/gurugram/cardiology-paediatrics/dr-vikas-gupta,"Block - V, DLF Phase - III, Plot 3201, Lane Number V-37, Nathupur, Sector 24, Gurugram, Haryana 122002, India",5,4,https://maps.google.com/?cid=10981921524012044906&g_mp=Cilnb29nbGUubWFwcy5wbGFjZXMudjEuUGxhY2VzLlNlYXJjaE5lYXJieRACGAQgAA
Unbox Industry,manufacturer,8418841816,https://unboxindustry.com/,"619, Ground Floor, Udyog Vihar Phase V Rd, Udyog Vihar 3, Udyog Vihar, Sector 19, Gurugram, Haryana 122016, India",5,4,https://maps.google.com/?cid=7957888270802089509&g_mp=Cilnb29nbGUubWFwcy5wbGFjZXMudjEuUGxhY2VzLlNlYXJjaE5lYXJieRACGAQgAA
Nk Auto Electrician,car_repair,9899486636,,"National Media Centre Rd, DLF Phase 3, Sector 24, Gurugram, Haryana 122002, India",5,4,https://maps.google.com/?cid=3741001336713440282&g_mp=Cilnb29nbGUubWFwcy5wbGFjZXMudjEuUGxhY2VzLlNlYXJjaE5lYXJieRACGAQgAA
Dr Suman Sachdev,health,9899647718,,"Caitriona, Apartments, Ambience Island, DLF Phase 3, Sector 24, Gurugram, Haryana 122010, India",4.8,4,https://maps.google.com/?cid=6754694770957299402&g_mp=Cilnb29nbGUubWFwcy5wbGFjZXMudjEuUGxhY2VzLlNlYXJjaE5lYXJieRACGAQgAA
Gsb academy,educational_institution,8447742702,,"GoWork 108, Udyog Vihar Phase 1, Udyog Vihar, Sector 20, Gurugram, Haryana 122016, India",4,4,https://maps.google.com/?cid=15356011132959234151&g_mp=Cilnb29nbGUubWFwcy5wbGFjZXMudjEuUGxhY2VzLlNlYXJjaE5lYXJieRACGAQgAA
A One Murdabadi Chicken Biryani Corner,meal_takeaway,9311257875,,"1, Udyog Vihar Gurugram, Phase V, Udyog Vihar, Sector 19, Delhi, Gurugram, Haryana 122016, India",4.8,4,https://maps.google.com/?cid=3801468907041224792&g_mp=Cilnb29nbGUubWFwcy5wbGFjZXMudjEuUGxhY2VzLlNlYXJjaE5lYXJieRACGAQgAA
One Login Suite,service,9958039666,https://oneloginsuiteinc.com/,"Plot No. 270, Phase II, Udyog Vihar, Sector 20, Gurugram, Haryana 122016, India",2,4,https://maps.google.com/?cid=11409333678323048812&g_mp=Cilnb29nbGUubWFwcy5wbGFjZXMudjEuUGxhY2VzLlNlYXJjaE5lYXJieRACGAQgAA
Victoria's Secret,womens_clothing_store,8422897870,https://www.victoriassecret.in/Stores-Storeid/?id=97003&utm_source=gmb,"Ambience Mall, G 23-24, NH8, Ambience Island, DLF Phase 3, Sector 24, Gurugram, Haryana 122010, India",1,4,https://maps.google.com/?cid=18307999664531519664&g_mp=Cilnb29nbGUubWFwcy5wbGFjZXMudjEuUGxhY2VzLlNlYXJjaE5lYXJieRACGAQgAA
Statiq Charging Station,electric_vehicle_charging_station,8070743743,https://onelink.to/5695dc,"DLF Building Number 9B, DLF Cyber City, DLF P, Sector 24, Gurugram, Haryana 122002, India",4.3,3,https://maps.google.com/?cid=10013604709363422772&g_mp=Cilnb29nbGUubWFwcy5wbGFjZXMudjEuUGxhY2VzLlNlYXJjaE5lYXJieRACGAQgAA
Postfaym,,8629013570,https://faym.co/,"Second floor, 46 IP, Sector 42, Gurugram, Haryana 122002, India",5,3,https://maps.google.com/?cid=3150256191583206826&g_mp=Cilnb29nbGUubWFwcy5wbGFjZXMudjEuUGxhY2VzLlNlYXJjaE5lYXJieRACGAQgAA
Rural Management Consultants Pvt. Ltd,employment_agency,9717449962,https://www.ruralnaukri.com/,"5544, The Orchid Crescent, DLF Phase IV, Gurugram, Haryana 122009, India",3.7,3,https://maps.google.com/?cid=7173509622458171984&g_mp=Cilnb29nbGUubWFwcy5wbGFjZXMudjEuUGxhY2VzLlNlYXJjaE5lYXJieRACGAQgAA
The Secret Lodges Banquet Hall Gurgaon,banquet_hall,9990240603,https://thesecretlodgesbanquethallgurgaon.lovable.app/,"86P, Sector 43, Gurugram, Haryana 122009, India",5,3,https://maps.google.com/?cid=14419441819134460223&g_mp=Cilnb29nbGUubWFwcy5wbGFjZXMudjEuUGxhY2VzLlNlYXJjaE5lYXJieRACGAQgAA
M G Associates,general_contractor,9811282527,,"Sector 43, Gurugram, Haryana 122001, India",5,3,https://maps.google.com/?cid=1771281252045733187&g_mp=Cilnb29nbGUubWFwcy5wbGFjZXMudjEuUGxhY2VzLlNlYXJjaE5lYXJieRACGAQgAA
Uprise Realtors,service,9873247146,,"772, Sector 42, Gurugram, Haryana 122002, India",5,3,https://maps.google.com/?cid=1765865579980130291&g_mp=Cilnb29nbGUubWFwcy5wbGFjZXMudjEuUGxhY2VzLlNlYXJjaE5lYXJieRACGAQgAA
Spur: Instagram & WhatsApp Marketing,service,7053348721,https://spurnow.com/,"3rd Floor, 759, Sector 42, Gurugram, Haryana 122009, India",5,3,https://maps.google.com/?cid=3976047089981201647&g_mp=Cilnb29nbGUubWFwcy5wbGFjZXMudjEuUGxhY2VzLlNlYXJjaE5lYXJieRACGAQgAA
Sandy old furniture,furniture_store,9079678603,,"Sector 42, Sector 43, Gurugram, Haryana 122009, India",5,3,https://maps.google.com/?cid=2593743083257356774&g_mp=Cilnb29nbGUubWFwcy5wbGFjZXMudjEuUGxhY2VzLlNlYXJjaE5lYXJieRACGAQgAA
URBBAN HOMES GURUGRAM,general_contractor,9343112116,https://www.urbbanhomes.com/,"589 sector 42, golf course road, near shiv nadar school, Sector 42, Gurugram, Haryana 122009, India",5,3,https://maps.google.com/?cid=2485362274912514810&g_mp=Cilnb29nbGUubWFwcy5wbGFjZXMudjEuUGxhY2VzLlNlYXJjaE5lYXJieRACGAQgAA
Eagle Decor,general_contractor,9015112366,https://www.4cwindows.com/,"C-326C, Sushant Lok Phase I, Sector 43, Gurugram, Haryana 122009, India",5,3,https://maps.google.com/?cid=17413232624032330614&g_mp=Cilnb29nbGUubWFwcy5wbGFjZXMudjEuUGxhY2VzLlNlYXJjaE5lYXJieRACGAQgAA
Global Landbase,consultant,9891222282,https://globallandbase.com/,"8, Bodhi Marg, Block F, DLF Phase 1, Sector 26A, Gurugram, Haryana 122002, India",4,3,https://maps.google.com/?cid=7700226992787458491&g_mp=Cilnb29nbGUubWFwcy5wbGFjZXMudjEuUGxhY2VzLlNlYXJjaE5lYXJieRACGAQgAA
SGT Homz,real_estate_agency,9971785550,https://sgthomz.com/,"41, Arjun Marg, Block E, DLF Phase 1, Sector 26A, Gurugram, Haryana 122002, India",5,3,https://maps.google.com/?cid=14722631197379553719&g_mp=Cilnb29nbGUubWFwcy5wbGFjZXMudjEuUGxhY2VzLlNlYXJjaE5lYXJieRACGAQgAA
Ananda Homes,service,9811087022,,"A -741, NCR, ब्लॉक A, सुशांत लोक फेस I, सेक्टर 43, गुरुग्राम, हरियाणा 122009, India",4.7,3,https://maps.google.com/?cid=13048048666504873897&g_mp=Cilnb29nbGUubWFwcy5wbGFjZXMudjEuUGxhY2VzLlNlYXJjaE5lYXJieRACGAQgAA
Antiflame Fire Pro Equipments,manufacturer,9560862101,,"Crosspoint Mall, Sector 28, DLF Phase IV, Gurugram, Haryana 122009, India",5,3,https://maps.google.com/?cid=11968869512814625605&g_mp=Cilnb29nbGUubWFwcy5wbGFjZXMudjEuUGxhY2VzLlNlYXJjaE5lYXJieRACGAQgAA
Get Back Lost,service,8882242133,https://getbacklost.in/,"8, Bodhi Marg, DLF Phase 1, Sector 26A, Gurugram, Haryana 122002, India",5,3,https://maps.google.com/?cid=3837071773689002552&g_mp=Cilnb29nbGUubWFwcy5wbGFjZXMudjEuUGxhY2VzLlNlYXJjaE5lYXJieRACGAQgAA
Zhaviah Studio,clothing_store,9971845887,https://www.zhaviahstudio.com/,"2, SOHAAT -Sustainable Oasis, Sector 29, Gurugram, Haryana 122009, India",5,3,https://maps.google.com/?cid=7809957277136113382&g_mp=Cilnb29nbGUubWFwcy5wbGFjZXMudjEuUGxhY2VzLlNlYXJjaE5lYXJieRACGAQgAA
Nempal Vej Briyani UP 38,food_court,9873970969,,"Shop No 65, Iffco Iffco Metro, Sector 29, Gurugram, Haryana 122009, India",4.3,3,https://maps.google.com/?cid=5673799970469539153&g_mp=Cilnb29nbGUubWFwcy5wbGFjZXMudjEuUGxhY2VzLlNlYXJjaE5lYXJieRACGAQgAA
Whips & Desserts,dessert_shop,8505992296,,"E-Block, Block A, Sushant Lok Phase I, Sector 43, Gurugram, Haryana 122002, India",4,3,https://maps.google.com/?cid=3562272247612846237&g_mp=Cilnb29nbGUubWFwcy5wbGFjZXMudjEuUGxhY2VzLlNlYXJjaE5lYXJieRACGAQgAA
Arjun Hotels and Apartments,hotel,9568389703,,"H No-22, Sector 28, DLF Phase 1, Gurugram, Haryana 122002, India",3.3,3,https://maps.google.com/?cid=3920408555153010020&g_mp=Cilnb29nbGUubWFwcy5wbGFjZXMudjEuUGxhY2VzLlNlYXJjaE5lYXJieRACGAQgAA
Rishu Boutique,clothing_store,9871210649,,"F3CP+9FW Baba Market, Jaina Market, A Block, Chakkarpur, Gurugram, Haryana 122002, India",2.3,3,https://maps.google.com/?cid=8189185815017423468&g_mp=Cilnb29nbGUubWFwcy5wbGFjZXMudjEuUGxhY2VzLlNlYXJjaE5lYXJieRACGAQgAA
Vijay General Store,general_store,9650487398,,"Near. Vijay Hall, F3CP+9GM, Jaina Market, Sector 28, Chakkarpur, Gurugram, Haryana 122002, India",4.7,3,https://maps.google.com/?cid=713319350067585886&g_mp=Cilnb29nbGUubWFwcy5wbGFjZXMudjEuUGxhY2VzLlNlYXJjaE5lYXJieRACGAQgAA
Carelan,hospital,9289904613,http://www.carelan.in/,"Ground Floor Plot no.359, near Maruti Suzuki Training school, Sector 28, DLF Phase 1, Gurugram, Haryana 122009, India",5,3,https://maps.google.com/?cid=4013993590358835195&g_mp=Cilnb29nbGUubWFwcy5wbGFjZXMudjEuUGxhY2VzLlNlYXJjaE5lYXJieRACGAQgAA
iMedicalHub,medical_center,9810425485,,"Plot No. 56, Sector 28, Chakkarpur, Gurugram, Haryana 122002, India",5,3,https://maps.google.com/?cid=12720289167206757191&g_mp=Cilnb29nbGUubWFwcy5wbGFjZXMudjEuUGxhY2VzLlNlYXJjaE5lYXJieRACGAQgAA
Dr. Aakash Sharma,physiotherapist,8044825869,https://www.apollo247.com/doctors/dr-aakash-sharma-bf7c979c-29d1-480b-ada3-124d57995897?utm_source=gmb_docverse&utm_medium=clinics&utm_campaign=doctors,"B 11, 1, Ashoka Cresent Marg, Block B, Sector 26A, Gurugram, Haryana 122002, India",5,3,https://maps.google.com/?cid=4898230071981747230&g_mp=Cilnb29nbGUubWFwcy5wbGFjZXMudjEuUGxhY2VzLlNlYXJjaE5lYXJieRACGAQgAA
Crossdoor,service,9599928206,http://crossdoor.in/,"#D4-1001, The Legend, Sector 57, G Block, DLF Phase 1, Sector 26, Gurugram, Haryana 122002, India",5,3,https://maps.google.com/?cid=12893321695227998180&g_mp=Cilnb29nbGUubWFwcy5wbGFjZXMudjEuUGxhY2VzLlNlYXJjaE5lYXJieRACGAQgAA
Suman Make Over & Parlour,beauty_salon,8750420694,,"239-238, Nathuram Market, Saraswati Vihar, Chakkarpur, Gurugram, Haryana 122002, India",4.7,3,https://maps.google.com/?cid=3854637667756955426&g_mp=Cilnb29nbGUubWFwcy5wbGFjZXMudjEuUGxhY2VzLlNlYXJjaE5lYXJieRACGAQgAA
UK International Pest Control,service,9193258577,http://ukinternationalpestcontrol.in/,"Shop 10, Main Market Sikanderpur, Metro Station, near Sikanderpur, A Block, DLF Phase 1, Gurugram, Haryana 122002, India",5,3,https://maps.google.com/?cid=2530657350836591086&g_mp=Cilnb29nbGUubWFwcy5wbGFjZXMudjEuUGxhY2VzLlNlYXJjaE5lYXJieRACGAQgAA
Lakshmi Butik,clothing_store,9667494125,,"Shop No.4, Lakshmi Butik, Sector 28, Chakkarpur, Gurugram, Haryana 122002, India",3.7,3,https://maps.google.com/?cid=1621098341150535664&g_mp=Cilnb29nbGUubWFwcy5wbGFjZXMudjEuUGxhY2VzLlNlYXJjaE5lYXJieRACGAQgAA
Refilo,service,8766284098,https://refilo.in/,"DLF Cyber City, 55, Golf Course Rd, Sector 28, DLF Phase 2, Sector 54, Gurugram, Haryana 122002, India",5,3,https://maps.google.com/?cid=1537984374846642582&g_mp=Cilnb29nbGUubWFwcy5wbGFjZXMudjEuUGxhY2VzLlNlYXJjaE5lYXJieRACGAQgAA
Adventis ENT & Cochlear Implant Clinic,doctor,8285511959,http://www.adventis.in/,"Basement, 19 Deodar Marg , DLF City – I, Block A, Sector 26A, Gurugram, Haryana 122002, India",5,3,https://maps.google.com/?cid=11348322226648049483&g_mp=Cilnb29nbGUubWFwcy5wbGFjZXMudjEuUGxhY2VzLlNlYXJjaE5lYXJieRACGAQgAA
Iskcon Hare Krishna Centre,association_or_organization,9870516619,,"F4FF+985, Phase 5, Mansarovar Dham, Aya Nagar, New Delhi, Delhi 110047, India",4.3,3,https://maps.google.com/?cid=8917368028428042176&g_mp=Cilnb29nbGUubWFwcy5wbGFjZXMudjEuUGxhY2VzLlNlYXJjaE5lYXJieRACGAQgAA
Aastrostar - Sarrita Z Goyaal,astrologer,9205850966,https://aastrostar.in/,"1360, Mehrauli-Gurgaon Rd, Maruti Vihar, Maruti Housing Colony, Gurugram, Haryana 122002, India",5,3,https://maps.google.com/?cid=15162626333850387231&g_mp=Cilnb29nbGUubWFwcy5wbGFjZXMudjEuUGxhY2VzLlNlYXJjaE5lYXJieRACGAQgAA
CHIRAG ESTATE,service,9717009994,,"6, Sector 26A, Gurugram, Haryana 122002, India",5,3,https://maps.google.com/?cid=9493164736442006778&g_mp=Cilnb29nbGUubWFwcy5wbGFjZXMudjEuUGxhY2VzLlNlYXJjaE5lYXJieRACGAQgAA
COLDWIRE TECHNOLOGIES PRIVATE LIMITED,service,9650679666,http://www.cwtindia.com/,"F4G2+6V6, H-1 Rd, Block H, DLF Phase 1, Sector 26, Gurugram, Haryana 122002, India",5,3,https://maps.google.com/?cid=2902203506156748000&g_mp=Cilnb29nbGUubWFwcy5wbGFjZXMudjEuUGxhY2VzLlNlYXJjaE5lYXJieRACGAQgAA
Viicotech UPVC Hardware,hardware_store,8700454220,http://www.viicotech.com/,"Z1, Phase 5, Aya Nagar Extension, Aya Nagar, New Delhi, Delhi 110047, India",5,3,https://maps.google.com/?cid=327765877458480081&g_mp=Cilnb29nbGUubWFwcy5wbGFjZXMudjEuUGxhY2VzLlNlYXJjaE5lYXJieRACGAQgAA
Ashok Kumar Shop,clothing_store,7503828276,,"25 Iffco Chowk, Block B, IFFCO Colony, Sector 17, Gurugram, Haryana 122015, India",3.7,3,https://maps.google.com/?cid=438957853692021846&g_mp=Cilnb29nbGUubWFwcy5wbGFjZXMudjEuUGxhY2VzLlNlYXJjaE5lYXJieRACGAQgAA
Indian Overseas Bank,bank,8925951436,https://locate.iob.in/indian-overseas-bank-dlf-qutab-enclave-branch-public-sector-bank-mg-road-gurugram-379013/Home,"No G/07, Sewa Corporate Park, Mehrauli-Gurgaon Rd, DLF Phase 2, Sector 25, Gurugram, Haryana 122002, India",5,3,https://maps.google.com/?cid=18369193989265997462&g_mp=Cilnb29nbGUubWFwcy5wbGFjZXMudjEuUGxhY2VzLlNlYXJjaE5lYXJieRACGAQgAA
Tortuga Expedition pvt. Ltd,corporate_office,9149193383,,"Sikandara Building Number 2, Alt F, Mehrauli-Gurgaon Rd, Sector 28, Sushant Lok Phase I, Gurugram, Haryana 122009, India",2.3,3,https://maps.google.com/?cid=7867625344611002065&g_mp=Cilnb29nbGUubWFwcy5wbGFjZXMudjEuUGxhY2VzLlNlYXJjaE5lYXJieRACGAQgAA
Bablu Chaat Shop,food_court,8800152242,,"1, Mehrauli-Gurgaon Rd, Sector 28, Maruti Housing Colony, Gurugram, Haryana 122009, India",5,3,https://maps.google.com/?cid=8614444795138454428&g_mp=Cilnb29nbGUubWFwcy5wbGFjZXMudjEuUGxhY2VzLlNlYXJjaE5lYXJieRACGAQgAA
Pramod Electrical,service,9971679497,,"Neyer. Shara. Mall, Chakkar pur, 799, Grace Rd, Sector 28, Chakkarpur, Gurugram, Haryana 122002, India",4,3,https://maps.google.com/?cid=3331332963231942147&g_mp=Cilnb29nbGUubWFwcy5wbGFjZXMudjEuUGxhY2VzLlNlYXJjaE5lYXJieRACGAQgAA
Axiom Plus Services,consultant,8750000878,https://www.axiomplusservices.in/,"112, First Floor, Edmonton Mall, The Bristol Hotel, Sector 28, DLF Phase 1, Gurugram, Haryana 122002, India",5,3,https://maps.google.com/?cid=4879412319093770486&g_mp=Cilnb29nbGUubWFwcy5wbGFjZXMudjEuUGxhY2VzLlNlYXJjaE5lYXJieRACGAQgAA
Digital Alchemist | Marketing Agency,service,9355999920,https://www.digitalalchemist.co.in/,"110A, The Bristol Hotel, Edmonton Commercial Mall, Sector 28, DLF Phase 1, Gurugram, Haryana 122002, India",5,3,https://maps.google.com/?cid=18303594868146185637&g_mp=Cilnb29nbGUubWFwcy5wbGFjZXMudjEuUGxhY2VzLlNlYXJjaE5lYXJieRACGAQgAA
Umrao. Bhawan,hotel,9873337157,,"2113, H-33 Rd, Block H, DLF Phase 1, Sector 26, Gurugram, Haryana 122002, India",4.3,3,https://maps.google.com/?cid=15164954224920093037&g_mp=Cilnb29nbGUubWFwcy5wbGFjZXMudjEuUGxhY2VzLlNlYXJjaE5lYXJieRACGAQgAA
Navratan Lohiya store,general_store,9810437101,,"2/77, Block H, Virendra Gram, Sector 26, Gurugram, Haryana 122002, India",2.7,3,https://maps.google.com/?cid=12479724508259682985&g_mp=Cilnb29nbGUubWFwcy5wbGFjZXMudjEuUGxhY2VzLlNlYXJjaE5lYXJieRACGAQgAA
Pearl Films,service,9667399989,,"Shop 308, Vashisht Complex, Sikanderpur, Sector 26, Gurugram, Haryana 122022, India",5,3,https://maps.google.com/?cid=15858932716665063532&g_mp=Cilnb29nbGUubWFwcy5wbGFjZXMudjEuUGxhY2VzLlNlYXJjaE5lYXJieRACGAQgAA
The Food Corner,restaurant,9990749508,,"Sector 18, Gurugram, Haryana 122015, India",3.3,3,https://maps.google.com/?cid=8497682003740311337&g_mp=Cilnb29nbGUubWFwcy5wbGFjZXMudjEuUGxhY2VzLlNlYXJjaE5lYXJieRACGAQgAA
Tistabene Bilaspur,shopping_mall,7300300100,https://www.tistabene.com/,"Highway King Bilaspur Manesar, F3JC+GXX, Jaipur - Delhi Expy, Sector 18, Bilaspur, Gurugram, Haryana 122015, India",2.3,3,https://maps.google.com/?cid=12068267388342653583&g_mp=Cilnb29nbGUubWFwcy5wbGFjZXMudjEuUGxhY2VzLlNlYXJjaE5lYXJieRACGAQgAA
Medi Mantra,consultant,8750101101,,"L-16/3, DLF Phase 2, Sector 25, Gurugram, Haryana 122002, India",3.7,3,https://maps.google.com/?cid=4755867773701773320&g_mp=Cilnb29nbGUubWFwcy5wbGFjZXMudjEuUGxhY2VzLlNlYXJjaE5lYXJieRACGAQgAA
Allied Pest Control,service,9990909314,http://www.thealliedpestcontrol.com/,"Mehrauli Gurgaon Road,Opp Gurgaon Gramin Bank,Metro Pillar No-50,, Sikanderpur,Gurgaon, Sikanderpur, DLF Phase 1, Sector 26, Gurugram, Haryana 122002, India",4.7,3,https://maps.google.com/?cid=3678049135916972937&g_mp=Cilnb29nbGUubWFwcy5wbGFjZXMudjEuUGxhY2VzLlNlYXJjaE5lYXJieRACGAQgAA
Tudor Boutique,store,9999557069,https://www.ethoswatches.com/,"Ethos City of Time, GF-02, Guru Dronacharya Metro Station, Emaar capital tower 2, Sikanderpur, Sector 26, Gurugram, Haryana 122022, India",5,3,https://maps.google.com/?cid=5788956108861536268&g_mp=Cilnb29nbGUubWFwcy5wbGFjZXMudjEuUGxhY2VzLlNlYXJjaE5lYXJieRACGAQgAA
KRecycling Pvt Ltd,service,9899310325,http://www.krecyclinginc.com/,"Capital Tower, Emaar Mgf Capital Tower, CT-08-002, Mehrauli-Gurgaon Rd, Sikanderpur, Sector 26, Gurugram, Haryana 122002, India",4.3,3,https://maps.google.com/?cid=2128480668190616172&g_mp=Cilnb29nbGUubWFwcy5wbGFjZXMudjEuUGxhY2VzLlNlYXJjaE5lYXJieRACGAQgAA
Oviesseglobal,general_contractor,9810913216,http://www.oviesseglobal.com/,"999, First Floor, Shop No 3, Metro station, Main, Mehrauli-Gurgaon Rd, near Arjan Garh, Arjan Garh, Aya Nagar, New Delhi, Delhi 110047, India",4.7,3,https://maps.google.com/?cid=7986469552512238051&g_mp=Cilnb29nbGUubWFwcy5wbGFjZXMudjEuUGxhY2VzLlNlYXJjaE5lYXJieRACGAQgAA
Home Town Mega Mart,clothing_store,8010109140,,"A1/51, Aya Nagar, New Delhi, Delhi 110047, India",4.7,3,https://maps.google.com/?cid=5985699336118125151&g_mp=Cilnb29nbGUubWFwcy5wbGFjZXMudjEuUGxhY2VzLlNlYXJjaE5lYXJieRACGAQgAA
SANCTUS INNOVATIONS PVT LTD,service,8130965743,https://www.sanctusinnovations.com/,"House No, Ground Floor, 85, Akashneem Marg, DLF Phase 2, Sector 25, Gurugram, Haryana 124002, India",5,3,https://maps.google.com/?cid=4672058801306570015&g_mp=Cilnb29nbGUubWFwcy5wbGFjZXMudjEuUGxhY2VzLlNlYXJjaE5lYXJieRACGAQgAA
Sarikas Art Club,educational_institution,9810463863,,"142 4th floor, Akashneem Marg, DLF Phase 2, DLF2, Gurugram, Haryana 122002, India",5,3,https://maps.google.com/?cid=10667251110369044825&g_mp=Cilnb29nbGUubWFwcy5wbGFjZXMudjEuUGxhY2VzLlNlYXJjaE5lYXJieRACGAQgAA
Bipin Bihari Pal Rider,child_care_agency,8092960316,,"Shop No 23, Sikanderpur, DLF Phase 2, Sector 25, Gurugram, Haryana 122002, India",5,3,https://maps.google.com/?cid=3495208706030581188&g_mp=Cilnb29nbGUubWFwcy5wbGFjZXMudjEuUGxhY2VzLlNlYXJjaE5lYXJieRACGAQgAA
Website Designer Gurgaon,service,8828438867,https://websitedesigneringurgaon.co.in/,"1st Floor, 10, Poorvi Marg, DLF Phase 2, Sector 25, Gurugram, Haryana 122002, India",5,3,https://maps.google.com/?cid=15718814991990015131&g_mp=Cilnb29nbGUubWFwcy5wbGFjZXMudjEuUGxhY2VzLlNlYXJjaE5lYXJieRACGAQgAA
Munna Communication,service,9818793016,,"Police station, 134, Road, Sarhaul, Sector 18, Sarhol, Gurugram, Haryana 122015, India",4,3,https://maps.google.com/?cid=17162682148782273166&g_mp=Cilnb29nbGUubWFwcy5wbGFjZXMudjEuUGxhY2VzLlNlYXJjaE5lYXJieRACGAQgAA
Zamir General Cosmetic,cosmetics_store,9999151538,,"Shop 1 Gali No 5 Sec-18 , Sahroul, Sarhaul, Sector 18, Gurugram, Haryana 122015, India",3.7,3,https://maps.google.com/?cid=1645272373949104128&g_mp=Cilnb29nbGUubWFwcy5wbGFjZXMudjEuUGxhY2VzLlNlYXJjaE5lYXJieRACGAQgAA
Sonu Battery,,9306123635,https://sonu-battery.grexa.site/,"Shop No.7, DLF Cyber City, DLF Phase 2, Sector 25, Gurugram, Haryana 122002, India",5,3,https://maps.google.com/?cid=14468470854793510353&g_mp=Cilnb29nbGUubWFwcy5wbGFjZXMudjEuUGxhY2VzLlNlYXJjaE5lYXJieRACGAQgAA
Kanishka General Store,general_store,7023536817,,"Shop No 2, near Hanuman Mandir, T Block, Nathupur, Sector 24, Gurugram, Haryana 122010, India",4.7,3,https://maps.google.com/?cid=13629133811521769122&g_mp=Cilnb29nbGUubWFwcy5wbGFjZXMudjEuUGxhY2VzLlNlYXJjaE5lYXJieRACGAQgAA
SATGURU PROPERTIES,consultant,9899687762,,"DLF Phase 3, Sector 24, Gurugram, Haryana 122002, India",4.7,3,https://maps.google.com/?cid=4805451442412035059&g_mp=Cilnb29nbGUubWFwcy5wbGFjZXMudjEuUGxhY2VzLlNlYXJjaE5lYXJieRACGAQgAA
HARSH CHEM,manufacturer,8595519364,,"OPPOSITE SIEMENS SECTOR 18 RAO BHARAT SINGH COMPLEX, Sarhaul, Sector 18, Gurugram, Haryana 122015, India",3.7,3,https://maps.google.com/?cid=8415017603879964685&g_mp=Cilnb29nbGUubWFwcy5wbGFjZXMudjEuUGxhY2VzLlNlYXJjaE5lYXJieRACGAQgAA
PR kulhad company,manufacturer,8178866276,,"Subedar major laxmi chand road, building no 5, Gali no 2, Maruti Udyog, Sector 18, Gurugram, Sarhol, Haryana 122015, India",5,3,https://maps.google.com/?cid=14719746013082094018&g_mp=Cilnb29nbGUubWFwcy5wbGFjZXMudjEuUGxhY2VzLlNlYXJjaE5lYXJieRACGAQgAA
New tech polymer,corporate_office,8527770237,,"Unit no 7, rao bharat singh market, Sarhaul, Sector 18, Sarhol, Gurugram, Haryana 122015, India",5,3,https://maps.google.com/?cid=12107814179590750548&g_mp=Cilnb29nbGUubWFwcy5wbGFjZXMudjEuUGxhY2VzLlNlYXJjaE5lYXJieRACGAQgAA
Park Luxury Studio,hotel,9592167532,,"8, M-1, Mushedpur, DLF Phase 2, Sector 25, Gurugram, Haryana 122002, India",2.3,3,https://maps.google.com/?cid=5018824808317381339&g_mp=Cilnb29nbGUubWFwcy5wbGFjZXMudjEuUGxhY2VzLlNlYXJjaE5lYXJieRACGAQgAA
Paratha Home,indian_restaurant,9599840240,,"Shop No 117 Basement Market, U Block, DLF Phase 3, Sector 24, Gurugram, Haryana 122010, India",4.3,3,https://maps.google.com/?cid=11206801175557772634&g_mp=Cilnb29nbGUubWFwcy5wbGFjZXMudjEuUGxhY2VzLlNlYXJjaE5lYXJieRACGAQgAA
Neha Beauty Parlour,beauty_salon,9718628990,,"Street No. 1, 44 Block, Nathupur, Sector 24, Gurugram, Haryana 122002, India",2.3,3,https://maps.google.com/?cid=7527458004594637957&g_mp=Cilnb29nbGUubWFwcy5wbGFjZXMudjEuUGxhY2VzLlNlYXJjaE5lYXJieRACGAQgAA
Shop Sanjh,clothing_store,7827219180,https://www.shopsanjh.com/,"T1, T1/3, 3, DLF Phase 3, Sector 24, Gurugram, Haryana 122002, India",5,3,https://maps.google.com/?cid=12618010002754019775&g_mp=Cilnb29nbGUubWFwcy5wbGFjZXMudjEuUGxhY2VzLlNlYXJjaE5lYXJieRACGAQgAA
Prakash Parcel Services Limited,transportation_service,9350556777,http://www.pps.in/,"Sector 37, Maruti Udyog, Sector 18, Gurugram, Haryana 122015, India",5,3,https://maps.google.com/?cid=6109165949916475626&g_mp=Cilnb29nbGUubWFwcy5wbGFjZXMudjEuUGxhY2VzLlNlYXJjaE5lYXJieRACGAQgAA
Generic Remedy,manufacturer,9220601709,https://genericremedy.com/,"2nd Floor, Tag Tower, Plot No- 17/18, Phase IV, Udyog Vihar, Sector 18, Gurugram, Haryana 122015, India",5,3,https://maps.google.com/?cid=5576638403392003010&g_mp=Cilnb29nbGUubWFwcy5wbGFjZXMudjEuUGxhY2VzLlNlYXJjaE5lYXJieRACGAQgAA
Vidyanjali Preschool,preschool,9811222071,,"DLF Cyber City, National Media Center, Shanker Chowk, NH-8, Phase IV, Udyog Vihar, Sector 18, Gurugram, Haryana 122015, India",3.7,3,https://maps.google.com/?cid=7900403534016309513&g_mp=Cilnb29nbGUubWFwcy5wbGFjZXMudjEuUGxhY2VzLlNlYXJjaE5lYXJieRACGAQgAA
Suraj Garments,clothing_store,9718128434,,"B1/11, Road No. 59, opposite CBS Apartment, U Block, DLF Phase 3, Sector 24, Gurugram, Haryana 122002, India",5,3,https://maps.google.com/?cid=10905928765856800996&g_mp=Cilnb29nbGUubWFwcy5wbGFjZXMudjEuUGxhY2VzLlNlYXJjaE5lYXJieRACGAQgAA
Farmvillabooking,,8130790743,https://farmvillabooking.com/,"T 29, DLF Phase 3, Sector 24, Gurugram, Haryana 122002, DLF Phase 3, Sector 24, Gurugram, Haryana 122001, India",5,3,https://maps.google.com/?cid=12253016104962424187&g_mp=Cilnb29nbGUubWFwcy5wbGFjZXMudjEuUGxhY2VzLlNlYXJjaE5lYXJieRACGAQgAA
K2B Learning,,9810692616,http://k2blearning.com/,"Plot 23, Maruti Industrial Area, Sector 18, Maruti Udyog, Sector 18, Gurugram, Haryana 122015, India",5,3,https://maps.google.com/?cid=12099069985846089116&g_mp=Cilnb29nbGUubWFwcy5wbGFjZXMudjEuUGxhY2VzLlNlYXJjaE5lYXJieRACGAQgAA
Replicoak Concierge Services (OPC) Pvt Ltd,consultant,7697692776,,"T12/5, 4th Floor, DLF साइबर सिटी, DLF फेस 3, सेक्टर २४, गुरुग्राम, हरियाणा 122002, India",5,3,https://maps.google.com/?cid=8610705268430706916&g_mp=Cilnb29nbGUubWFwcy5wbGFjZXMudjEuUGxhY2VzLlNlYXJjaE5lYXJieRACGAQgAA
Yogi Tea Stall And Cold Drinks,tea_store,9358254967,,"street 20, U Block, DLF Phase 3, Sector 24, Gurugram, Haryana 122002, India",5,3,https://maps.google.com/?cid=9995657943837758247&g_mp=Cilnb29nbGUubWFwcy5wbGFjZXMudjEuUGxhY2VzLlNlYXJjaE5lYXJieRACGAQgAA
"Dr Nikita Gupta | Orthodontist & Dentist | Clear Aligners, Braces and Invisalign | Gurugram",dentist,9625972909,https://alignandsmileorthodontics.com/,"1st floor, 10, V-30, near DLF City Club, DLF Phase 3, Sector 24, Gurugram, Haryana 122002, India",5,3,https://maps.google.com/?cid=7667448508389980765&g_mp=Cilnb29nbGUubWFwcy5wbGFjZXMudjEuUGxhY2VzLlNlYXJjaE5lYXJieRACGAQgAA
Dr. Shubhankar Mehrotra-Consult With Best Periodontics Doctor Near Me | Gingivitis | 5+ Yrs. of Exp.,dentist,8044825976,https://www.apollo247.com/doctors/Dr%20id0d30e6cd-3690-4a03-8a6f-5c2dadcbd1f8,"V-29, DLF Phase 3, Sector 24, Gurugram, Haryana 122002, India",5,3,https://maps.google.com/?cid=16627047373417031320&g_mp=Cilnb29nbGUubWFwcy5wbGFjZXMudjEuUGxhY2VzLlNlYXJjaE5lYXJieRACGAQgAA
Pinku raj electrical,electrician,8368144623,,"above V-12/2, DLF Phase 3, Sector 24, Gurugram, Haryana 122002, India",3.7,3,https://maps.google.com/?cid=7209643141557644214&g_mp=Cilnb29nbGUubWFwcy5wbGFjZXMudjEuUGxhY2VzLlNlYXJjaE5lYXJieRACGAQgAA
AAVS,,9350874962,https://sites.google.com/view/aavsartcenter/home,"V-11/37, DLF Phase 3, Sector 24, Gurugram, Haryana 122010, India",5,3,https://maps.google.com/?cid=5014378798955933514&g_mp=Cilnb29nbGUubWFwcy5wbGFjZXMudjEuUGxhY2VzLlNlYXJjaE5lYXJieRACGAQgAA
"Ads Media (powered by INTERCEDE MEDIA HOUSE), Digital Marketing Company",service,9990297717,https://www.ads-media.in/,"310, Phase IV, Udyog Vihar, Sector 18, Gurugram, Haryana 122001, India",5,3,https://maps.google.com/?cid=8296474630628689993&g_mp=Cilnb29nbGUubWFwcy5wbGFjZXMudjEuUGxhY2VzLlNlYXJjaE5lYXJieRACGAQgAA
CBSL- IDPA (Intelligent Data Processing and Automation),service,7483232244,https://cbslgroup.in/,"288A, Phase IV, Udyog Vihar, Sector 18, Gurugram, Haryana 122015, India",5,3,https://maps.google.com/?cid=8451289702088655586&g_mp=Cilnb29nbGUubWFwcy5wbGFjZXMudjEuUGxhY2VzLlNlYXJjaE5lYXJieRACGAQgAA
Plumcot Systems Private Limited,consultant,7004198267,http://plumcotsystems.com/,"Cyber City, DLF Tower 8th Rd, DLF Cyber City, DLF Phase 2, Sector 24, Gurugram, Haryana 122002, India",4.3,3,https://maps.google.com/?cid=13907964070841078553&g_mp=Cilnb29nbGUubWFwcy5wbGFjZXMudjEuUGxhY2VzLlNlYXJjaE5lYXJieRACGAQgAA
My Garaage,chauffeur_service,9899529242,,"Sohna Road Sohna, G32F+2MW, Road, Electronic City, Phase IV, Udyog Vihar, Sector 18, Gurugram, Haryana 122015, India",3.7,3,https://maps.google.com/?cid=4113316156146712576&g_mp=Cilnb29nbGUubWFwcy5wbGFjZXMudjEuUGxhY2VzLlNlYXJjaE5lYXJieRACGAQgAA
Zeroday Ops Private Limited,,9718047774,http://www.zerodayops.com/,"Plot 378-379, Udyog Vihar Phase 4 Rd, near nokia building, Electronic City, Phase IV, Udyog Vihar, Sector 19, Gurugram, Haryana 122015, India",5,3,https://maps.google.com/?cid=2683876234726984531&g_mp=Cilnb29nbGUubWFwcy5wbGFjZXMudjEuUGxhY2VzLlNlYXJjaE5lYXJieRACGAQgAA
City Mart Supermarket,supermarket,9971032433,https://www.citymartfranchisee.com/,"Tower, Plot Not ,463, 3rd Floor, Woxa IT Park, Rao Gajraj Singh Marg, Phase V, Udyog Vihar, Sector 19, Gurugram, Haryana 122015, India",3.7,3,https://maps.google.com/?cid=1679226726088145831&g_mp=Cilnb29nbGUubWFwcy5wbGFjZXMudjEuUGxhY2VzLlNlYXJjaE5lYXJieRACGAQgAA
The Hariyali,store,8595463153,,"G32W+346, Moulsari Ave, DLF Phase 2, Sector 24, Gurugram, Haryana 122002, India",5,3,https://maps.google.com/?cid=12355195756500622757&g_mp=Cilnb29nbGUubWFwcy5wbGFjZXMudjEuUGxhY2VzLlNlYXJjaE5lYXJieRACGAQgAA
R.A Steel Fabrication Interior,service,8826786993,,"National Media Centre Rd, The National Media Centre, Sector 24, Gurugram, Haryana 122002, India",4.7,3,https://maps.google.com/?cid=16024855521636604828&g_mp=Cilnb29nbGUubWFwcy5wbGFjZXMudjEuUGxhY2VzLlNlYXJjaE5lYXJieRACGAQgAA
Vita,food_store,8860216305,,"Block-V, 37, 38, Behind Ambianes Mall, DLF Phase III, DLF Phase 3, Sector 24, Gurugram, Haryana 122002, India",4.3,3,https://maps.google.com/?cid=2294533163597722983&g_mp=Cilnb29nbGUubWFwcy5wbGFjZXMudjEuUGxhY2VzLlNlYXJjaE5lYXJieRACGAQgAA
Ravi International Courier & Cargo Service,courier_service,7838300053,,"Lg 30 Lower Ground, Cyber City, Man Market, DLF Cyber City, Udyog Vihar, Sector 20, Gurugram, Haryana 122016, India",5,3,https://maps.google.com/?cid=15154718529718305677&g_mp=Cilnb29nbGUubWFwcy5wbGFjZXMudjEuUGxhY2VzLlNlYXJjaE5lYXJieRACGAQgAA
Exim International Trade Consultants,service,9899867897,http://www.eitcgroup.com/,"733, Vyapar Kendra Rd, Block C, Sushant Lok Phase I, Sector 43, Gurugram, Haryana 122002, India",3,2,https://maps.google.com/?cid=687206556629074536&g_mp=Cilnb29nbGUubWFwcy5wbGFjZXMudjEuUGxhY2VzLlNlYXJjaE5lYXJieRACGAQgAA
1 Million Suites,hotel,9958046044,,"F35W+446, Sector 43, Gurugram, Haryana 122009, India",5,2,https://maps.google.com/?cid=11159044317886464147&g_mp=Cilnb29nbGUubWFwcy5wbGFjZXMudjEuUGxhY2VzLlNlYXJjaE5lYXJieRACGAQgAA
Arsh Foods And Beverages,cafe,9250927781,,"67/223, behind HUDA MARKET, Sector 17 A, Sector 42, Gurugram, Haryana 122009, India",5,2,https://maps.google.com/?cid=9085132885094466459&g_mp=Cilnb29nbGUubWFwcy5wbGFjZXMudjEuUGxhY2VzLlNlYXJjaE5lYXJieRACGAQgAA
Iconic Home Facilitator LLP,real_estate_agency,9525002600,,"Plot No 638, near shivnadar school, Sector 42, Gurugram, Haryana 122009, India",5,2,https://maps.google.com/?cid=16649544901066933133&g_mp=Cilnb29nbGUubWFwcy5wbGFjZXMudjEuUGxhY2VzLlNlYXJjaE5lYXJieRACGAQgAA
Quality Security Systems,supplier,9999953232,,"C1082, Basement, Sushant Lok Rd, Block C2, DLF Garden Villas, Sector 43, Gurugram, Haryana 122009, India",5,2,https://maps.google.com/?cid=520126223600805354&g_mp=Cilnb29nbGUubWFwcy5wbGFjZXMudjEuUGxhY2VzLlNlYXJjaE5lYXJieRACGAQgAA
Eleadora Pharma,corporate_office,8130970015,http://eleadorapharma.com/,"A221, 22nd Floor, Regency 1, DLF-4, Block C2, DLF Garden Villas, Sector 43, Gurugram, Haryana 122009, India",3,2,https://maps.google.com/?cid=6583781892809519499&g_mp=Cilnb29nbGUubWFwcy5wbGFjZXMudjEuUGxhY2VzLlNlYXJjaE5lYXJieRACGAQgAA
Jds Tyre,chauffeur_service,8882998057,,"piller no. 185, near Cng Pump, Sector 29, Gurugram, Haryana 122009, India",5,2,https://maps.google.com/?cid=2600811704526831616&g_mp=Cilnb29nbGUubWFwcy5wbGFjZXMudjEuUGxhY2VzLlNlYXJjaE5lYXJieRACGAQgAA
Ravi Mehandi Gurugram,,9058041866,https://www.instagram.com/ravi_mehandi_gurugram?igsh=MWI3MWpucWJkdTAzYQ==,"Sushant Lok Phase I, Sector 43, Gurugram, Haryana 122009, India",5,2,https://maps.google.com/?cid=531099742118627092&g_mp=Cilnb29nbGUubWFwcy5wbGFjZXMudjEuUGxhY2VzLlNlYXJjaE5lYXJieRACGAQgAA
Puja Samagri Kendra,candy_store,9899259520,,"Ugf-157, Vyapar Kendra Rd, Sushant Lok Phase I, Sec 43, Gurugram, Haryana 122009, India",4,2,https://maps.google.com/?cid=7875575068865526461&g_mp=Cilnb29nbGUubWFwcy5wbGFjZXMudjEuUGxhY2VzLlNlYXJjaE5lYXJieRACGAQgAA
KyteHR,service,8800443333,https://www.kytehr.com/,"605P, near Shiv Nadar School, Sector 42, Gurugram, Haryana 122009, India",5,2,https://maps.google.com/?cid=14301263172724318005&g_mp=Cilnb29nbGUubWFwcy5wbGFjZXMudjEuUGxhY2VzLlNlYXJjaE5lYXJieRACGAQgAA
WI THINKERS,service,9315756452,,"4th Floor, Plot 605, Sector 42, Gurugram, Haryana 122009, India",3,2,https://maps.google.com/?cid=12176512278473259727&g_mp=Cilnb29nbGUubWFwcy5wbGFjZXMudjEuUGxhY2VzLlNlYXJjaE5lYXJieRACGAQgAA
Samsudin,fast_food_restaurant,9728760019,,"Shop 66, Sushant Lok Phase I, Sector 29, Gurugram, Haryana 122009, India",5,2,https://maps.google.com/?cid=7287316529680430180&g_mp=Cilnb29nbGUubWFwcy5wbGFjZXMudjEuUGxhY2VzLlNlYXJjaE5lYXJieRACGAQgAA
M.S.TOUR& TRAVELS,taxi_service,9711133418,,"Ridgewood Estate, Ews210, DLF Phase IV, Gurugram, Haryana 122009, India",5,2,https://maps.google.com/?cid=16881789615221026458&g_mp=Cilnb29nbGUubWFwcy5wbGFjZXMudjEuUGxhY2VzLlNlYXJjaE5lYXJieRACGAQgAA
Gullel Kids,book_store,8920342400,http://www.gulelkids.com/,"DLF Phase IV, Sector 27, Gurugram, Haryana 122009, India",5,2,https://maps.google.com/?cid=15531962019430755400&g_mp=Cilnb29nbGUubWFwcy5wbGFjZXMudjEuUGxhY2VzLlNlYXJjaE5lYXJieRACGAQgAA
Presto Estates,real_estate_agency,7424001000,,"F 9/13 a, Dlf Phase 1 Gurugram Delhi, Block F, DLF Phase 1, Sector 26A, Gurugram, Haryana 122002, India",5,2,https://maps.google.com/?cid=1705856008721096041&g_mp=Cilnb29nbGUubWFwcy5wbGFjZXMudjEuUGxhY2VzLlNlYXJjaE5lYXJieRACGAQgAA
Chindia Cultural Hotel,inn,8750268352,,"F-9/14 A, Golf Course Rd, Above Headlocks Luxury Salon, Block F, DLF Phase 1, Sector 26A, Gurugram, Haryana 122002, India",2,2,https://maps.google.com/?cid=18027370835913746078&g_mp=Cilnb29nbGUubWFwcy5wbGFjZXMudjEuUGxhY2VzLlNlYXJjaE5lYXJieRACGAQgAA
WB Homes,general_contractor,9220508805,https://www.wbhomes.in/,"83, near Arjun Marg, Basement, Block E, DLF Phase 1, market, Gurugram, Haryana 122002, India",5,2,https://maps.google.com/?cid=14819098268862276974&g_mp=Cilnb29nbGUubWFwcy5wbGFjZXMudjEuUGxhY2VzLlNlYXJjaE5lYXJieRACGAQgAA
Kai Studio,jewelry_store,7982663475,https://www.kaistudio.co.in/,"E - Block, Block E, DLF Phase 1, Sector 52A, Gurugram, Haryana 122002, India",5,2,https://maps.google.com/?cid=14314640867684459930&g_mp=Cilnb29nbGUubWFwcy5wbGFjZXMudjEuUGxhY2VzLlNlYXJjaE5lYXJieRACGAQgAA
https://artbynilladri.in/,,9711113049,https://artbynilladri.in/,"D, Block G, DLF Phase 1, Sector 26A, Gurugram, Haryana 122002, India",5,2,https://maps.google.com/?cid=17916903207429752665&g_mp=Cilnb29nbGUubWFwcy5wbGFjZXMudjEuUGxhY2VzLlNlYXJjaE5lYXJieRACGAQgAA
Fine Flowers,florist,7503650345,,"Galleria Market, Sector 28, DLF Phase IV, Gurugram, Haryana 122009, India",5,2,https://maps.google.com/?cid=9304914808712354279&g_mp=Cilnb29nbGUubWFwcy5wbGFjZXMudjEuUGxhY2VzLlNlYXJjaE5lYXJieRACGAQgAA
Be Home Realty,consultant,7838107333,https://www.behomerealty.co.in/,"B 14/30, Paschim Marg, DLF Phase 1, Sector 26A, Gurugram, Haryana 122022, Block C, Sector 26A, Gurugram, Haryana 122002, India",5,2,https://maps.google.com/?cid=4176045884674325251&g_mp=Cilnb29nbGUubWFwcy5wbGFjZXMudjEuUGxhY2VzLlNlYXJjaE5lYXJieRACGAQgAA
S R Medical Store,pharmacy,8800213104,,"Shop No 8, NCR, opposite Vijay Cinema Hall Road, Sector 28, Chakkarpur, Gurugram, Region, Haryana 122002, India",3,2,https://maps.google.com/?cid=3734142811786216939&g_mp=Cilnb29nbGUubWFwcy5wbGFjZXMudjEuUGxhY2VzLlNlYXJjaE5lYXJieRACGAQgAA
Vastrini Boutique,womens_clothing_store,9711513513,,"Ground Floor, B-5, Qutub Plaza Market, DLF Phase 1, Sector 26A, Sikanderpur, Gurugram, Haryana 122002, India",5,2,https://maps.google.com/?cid=3207151399570852083&g_mp=Cilnb29nbGUubWFwcy5wbGFjZXMudjEuUGxhY2VzLlNlYXJjaE5lYXJieRACGAQgAA
Oganis IT Solutions Delhi,service,9999640167,https://www.oganis.com/,"A2/76A, A/2/134, near Kali Mandir, Ishwar Colony, Phase 5, Aya Nagar Extension, Aya Nagar, New Delhi, Delhi 110047, India",5,2,https://maps.google.com/?cid=7712049641456832074&g_mp=Cilnb29nbGUubWFwcy5wbGFjZXMudjEuUGxhY2VzLlNlYXJjaE5lYXJieRACGAQgAA
HASEEN STEEL FABRICATOR,service,9728860115,,"DLF Cyber City, DLF Phase 2, Sector 24, Gurugram, Haryana 122002, India",5,2,https://maps.google.com/?cid=8404067089719199376&g_mp=Cilnb29nbGUubWFwcy5wbGFjZXMudjEuUGxhY2VzLlNlYXJjaE5lYXJieRACGAQgAA
Naresh Kumar,tea_store,9871810552,,"Shop No2 Sector 29, Power Grid Corporation Of India, Sector 29, Gurugram, Haryana 122009, India",5,2,https://maps.google.com/?cid=1380945584648462657&g_mp=Cilnb29nbGUubWFwcy5wbGFjZXMudjEuUGxhY2VzLlNlYXJjaE5lYXJieRACGAQgAA
Roots Chiropractor Clinic in New Delhi,chiropractor,8700748563,http://drwaseemchiropractor.com/,"299-A, Sector 28, Sushant Lok Phase I, Gurugram, Haryana 122009, India",5,2,https://maps.google.com/?cid=2278030461615824542&g_mp=Cilnb29nbGUubWFwcy5wbGFjZXMudjEuUGxhY2VzLlNlYXJjaE5lYXJieRACGAQgAA
Pecorrano,restaurant,9310133690,,"Shop no 29, Ground Floor, Neo Mart, Vakil Market, DLF Phase-IV, Sector 28, Chakkarpur, Gurugram, Haryana 122002, India",5,2,https://maps.google.com/?cid=8897101704752439346&g_mp=Cilnb29nbGUubWFwcy5wbGFjZXMudjEuUGxhY2VzLlNlYXJjaE5lYXJieRACGAQgAA
Casual Need,,9155582475,https://www.instagram.com/casual_need?igsh=cXU2MjFlbW12cnJk,"Building 163, Shop -2, Jaina Market, A Block, DLF Phase 1, Gurugram, Haryana 122002, India",5,2,https://maps.google.com/?cid=17309862632215499633&g_mp=Cilnb29nbGUubWFwcy5wbGFjZXMudjEuUGxhY2VzLlNlYXJjaE5lYXJieRACGAQgAA
A.k Sujit General Store,general_store,9990310134,,"near Number Dar House, Sector 28, Chakkarpur, Gurugram, Haryana 122002, India",5,2,https://maps.google.com/?cid=18169304703913951305&g_mp=Cilnb29nbGUubWFwcy5wbGFjZXMudjEuUGxhY2VzLlNlYXJjaE5lYXJieRACGAQgAA
M3M,corporate_office,9350551265,,"A55-14, Street Number 55, Sector 28, Chakkarpur, Gurugram, Haryana 122002, India",4,2,https://maps.google.com/?cid=10110958937192935235&g_mp=Cilnb29nbGUubWFwcy5wbGFjZXMudjEuUGxhY2VzLlNlYXJjaE5lYXJieRACGAQgAA
Hair & skin factory gurgaon,hospital,6366448817,,"Basement, 19, Deodar Marg, DLF Phase 1, Sector 26A, Gurugram, Haryana 122002, India",5,2,https://maps.google.com/?cid=4084001115456476922&g_mp=Cilnb29nbGUubWFwcy5wbGFjZXMudjEuUGxhY2VzLlNlYXJjaE5lYXJieRACGAQgAA
W.CHANNEL MANAGEMENT AND SERVICES PVT.LTD.,chauffeur_service,7011404044,,"G4/8, DLF phase I, G Block, DLF Phase 1, Sector 26, Gurugram, Haryana 122002, India",5,2,https://maps.google.com/?cid=6381313067784158131&g_mp=Cilnb29nbGUubWFwcy5wbGFjZXMudjEuUGxhY2VzLlNlYXJjaE5lYXJieRACGAQgAA
Bishnu Sukmati Placement Agency,consultant,8448678774,,"A7/87, Ishwar Colony, Phase 5, Aya Nagar Extension, Aya Nagar, New Delhi, Delhi 110047, India",5,2,https://maps.google.com/?cid=13897954508177237780&g_mp=Cilnb29nbGUubWFwcy5wbGFjZXMudjEuUGxhY2VzLlNlYXJjaE5lYXJieRACGAQgAA
Raghuveer Namkeen,food_court,7078508634,,"90, Ifcco Chowk, Block C, Sector 17C, Sector 17, Gurugram, Haryana 122007, India",2.5,2,https://maps.google.com/?cid=8994126850606147756&g_mp=Cilnb29nbGUubWFwcy5wbGFjZXMudjEuUGxhY2VzLlNlYXJjaE5lYXJieRACGAQgAA
Raj Kalpna travels PVT LTD,,8826601883,https://www.google.com/search?q=raj+kalpana+travels&client=ms-android-oneplus-rvo3&sca_esv=9beffc660237a68f&sxsrf=AE3TifN6tQDTdQ6G1ARnZZHzhLIFJprnjQ:1762607515689&ei=m0EPaareKZTuseMP-92l6AI&oq=raj+kalpana+travels&gs_lp=EhNtb2JpbGUtZ3dzLXdpei1zZXJwIhNyYWoga2FscGFuYSB0cmF2ZWxzMgoQABiwAxjWBBhHMgoQABiwAxjWBBhHMgoQABiwAxjWBBhHMgoQABiwAxjWBBhHMgoQABiwAxjWBBhHMgoQABiwAxjWBBhHMgoQABiwAxjWBBhHMgoQABiwAxjWBBhHMg0QABiABBiwAxhDGIoFMg0QABiABBiwAxhDGIoFMg0QABiABBiwAxhDGIoFMhkQLhiABBiwAxhDGMcBGMgDGIoFGK8B2AEBMhkQLhiABBiwAxjRAxhDGMcBGMgDGIoF2AEBSN8NUABYAHABeAGQAQCYAQCgAQCqAQC4AQPIAQCYAgGgAiuYAwCIBgGQBg26BgQIARgIkgcBMaAHALIHALgHAMIHAzQtMcgHKA&sclient=mobile-gws-wiz-serp,"heera moters, Iffco chowk, Sector 29, Gurugram, Haryana 122009, India",4.5,2,https://maps.google.com/?cid=7246929649145368734&g_mp=Cilnb29nbGUubWFwcy5wbGFjZXMudjEuUGxhY2VzLlNlYXJjaE5lYXJieRACGAQgAA
Yuvhraj Singh Institute of Performing Arts,sports_school,9899890686,,"Nursery Site, Srgps, Essel Towers, Mehrauli-Gurgaon Rd, near Iffco Chowk, Sector 28, Sushant Lok Phase I, Gurugram, Haryana 122009, India",5,2,https://maps.google.com/?cid=3439216258781909103&g_mp=Cilnb29nbGUubWFwcy5wbGFjZXMudjEuUGxhY2VzLlNlYXJjaE5lYXJieRACGAQgAA
Galib Khan,bakery,9319347006,,"38, Krishna Market Rd, Sector 28, Chakkarpur, Gurugram, Haryana 122002, India",3.5,2,https://maps.google.com/?cid=4543967396578221598&g_mp=Cilnb29nbGUubWFwcy5wbGFjZXMudjEuUGxhY2VzLlNlYXJjaE5lYXJieRACGAQgAA
ArjunSainiFriendHouse,hotel,7880219041,,"BLOCK-A, A46/9, Sector 28, DLF Phase 1, Gurugram, Haryana 122002, India",5,2,https://maps.google.com/?cid=4897582972336612035&g_mp=Cilnb29nbGUubWFwcy5wbGFjZXMudjEuUGxhY2VzLlNlYXJjaE5lYXJieRACGAQgAA
National Plywood & Hardware,building_materials_store,9811344674,,"H. No. 925, A-46 St, near Oil Mill, Jaina Market, Sector 28, Chakkarpur, Gurugram, Haryana 122002, India",3,2,https://maps.google.com/?cid=3909175436109168428&g_mp=Cilnb29nbGUubWFwcy5wbGFjZXMudjEuUGxhY2VzLlNlYXJjaE5lYXJieRACGAQgAA
Satayam Generators,store,9811457345,,"36/20A, Block H, DLF Phase 1, Sector 26, Gurugram, Haryana 122002, India",4.5,2,https://maps.google.com/?cid=723115226006637272&g_mp=Cilnb29nbGUubWFwcy5wbGFjZXMudjEuUGxhY2VzLlNlYXJjaE5lYXJieRACGAQgAA
SRL Diagnostics Home collection,medical_clinic,9111591115,http://www.srldiagnostic.in/,"F4G2+HJP, St 1, Block H, DLF Phase 1, Sector 33, Gurugram, Haryana 122002, India",4.5,2,https://maps.google.com/?cid=17320681031919521963&g_mp=Cilnb29nbGUubWFwcy5wbGFjZXMudjEuUGxhY2VzLlNlYXJjaE5lYXJieRACGAQgAA
Mittal Medical Shop,pharmacy,9311315552,,"The IFFCO Dispensary, Sector 17-B, Block B, IFFCO Colony, Sector 17, Gurugram, Haryana 122015, India",5,2,https://maps.google.com/?cid=13189965256382058636&g_mp=Cilnb29nbGUubWFwcy5wbGFjZXMudjEuUGxhY2VzLlNlYXJjaE5lYXJieRACGAQgAA
Ageas Federal Life Insurance,insurance_agency,8657930316,https://www.ageasfederal.com/,"4th Floor, ABW Tower, 401, MG Rd Upas, IFFCO Chowk, Sector 25, Gurugram, Haryana 122002, India",5,2,https://maps.google.com/?cid=7876207050216905755&g_mp=Cilnb29nbGUubWFwcy5wbGFjZXMudjEuUGxhY2VzLlNlYXJjaE5lYXJieRACGAQgAA
RD GURJAR GENERAL STORE,general_store,9414694683,,"46, Mehrauli-Gurgaon Rd, Heritage City, Sector 14, Gurugram, Haryana 122002, India",5,2,https://maps.google.com/?cid=12085908753067665962&g_mp=Cilnb29nbGUubWFwcy5wbGFjZXMudjEuUGxhY2VzLlNlYXJjaE5lYXJieRACGAQgAA
Bilakis Tea Stall,tea_store,7583985379,,"41, Mehrauli-Gurgaon Rd, Sector 28, Maruti Housing Colony, Sector 14, Gurugram, Haryana 122009, India",4,2,https://maps.google.com/?cid=5878207736136683078&g_mp=Cilnb29nbGUubWFwcy5wbGFjZXMudjEuUGxhY2VzLlNlYXJjaE5lYXJieRACGAQgAA
Geeta Cargo Packers And Movers,transportation_service,9266740022,,"Shop No.32, Mehrauli-Gurgaon Rd, Sector 28, DLF Phase 1, Gurugram, Haryana 122002, India",5,2,https://maps.google.com/?cid=10700639624037740808&g_mp=Cilnb29nbGUubWFwcy5wbGFjZXMudjEuUGxhY2VzLlNlYXJjaE5lYXJieRACGAQgAA
Dipak Electricals And Rrepairing Shop,hardware_store,8005795953,,"Shop Number - 1, 79, Sikenderpur Sikenderpur, Sector 28, DLF Phase 1, Sector 17, Gurugram, Haryana 122002, India",3,2,https://maps.google.com/?cid=7817322060872303096&g_mp=Cilnb29nbGUubWFwcy5wbGFjZXMudjEuUGxhY2VzLlNlYXJjaE5lYXJieRACGAQgAA
Nisha Kumari,general_store,9958088007,,"shop no 2Sikandarpur, near by Shiv Mandir Marg, Block H, DLF Phase 1, Sector 26, Gurugram, Haryana 122002, India",5,2,https://maps.google.com/?cid=11961938295323280912&g_mp=Cilnb29nbGUubWFwcy5wbGFjZXMudjEuUGxhY2VzLlNlYXJjaE5lYXJieRACGAQgAA
Global Lab,service,8169431450,http://www.globallab.co.in/,"Rao Dataram Complex Shop No 2 Shagoon Homes, H-36/23, H Block, Rapid Metro Station, near Sikanderpur, Sikanderpur, DLF City Phase 1, Sector 26, Gurugram, Haryana 122002, India",5,2,https://maps.google.com/?cid=5497788114027818271&g_mp=Cilnb29nbGUubWFwcy5wbGFjZXMudjEuUGxhY2VzLlNlYXJjaE5lYXJieRACGAQgAA
We Love Pet Shop,pet_store,8413942861,https://www.welovepetshop.co.in/,"Sikanderpur, Sector 26, Gurugram, Haryana 122002, India",5,2,https://maps.google.com/?cid=2282711855229548235&g_mp=Cilnb29nbGUubWFwcy5wbGFjZXMudjEuUGxhY2VzLlNlYXJjaE5lYXJieRACGAQgAA
BS interior and carpenter contractor,manufacturer,9105532618,,"Sikandarpur metro station, Sikanderpur, Sector 26, Gurugram, Haryana 122002, India",5,2,https://maps.google.com/?cid=9013385473581325357&g_mp=Cilnb29nbGUubWFwcy5wbGFjZXMudjEuUGxhY2VzLlNlYXJjaE5lYXJieRACGAQgAA
A Bath Collection,building_materials_store,9310436609,https://qliqo.in/A-Bath-Collection-,"Shop, no. 1, Rajendra Market, Sikanderpur, Sector 26, Gurugram, Haryana 122002, India",5,2,https://maps.google.com/?cid=12112825922557478363&g_mp=Cilnb29nbGUubWFwcy5wbGFjZXMudjEuUGxhY2VzLlNlYXJjaE5lYXJieRACGAQgAA
SGR. Properties,real_estate_agency,9910118861,,"F4HC+FVV, Mehrauli-Gurgaon Rd, Arjan Garh, Aya Nagar, New Delhi, Delhi 110047, India",5,2,https://maps.google.com/?cid=8565748567717683087&g_mp=Cilnb29nbGUubWFwcy5wbGFjZXMudjEuUGxhY2VzLlNlYXJjaE5lYXJieRACGAQgAA
GMB Expert in Arjan Garh,service,8595450922,,"Metro Station, Mehrauli-Gurgaon Rd, below Arjan Garh, Arjan Garh, Aya Nagar, New Delhi, Delhi 110085, India",4.5,2,https://maps.google.com/?cid=12523631666331667457&g_mp=Cilnb29nbGUubWFwcy5wbGFjZXMudjEuUGxhY2VzLlNlYXJjaE5lYXJieRACGAQgAA
Gateway2India Internal Auditor,accounting,9810401608,http://gateway2india.net/,"934, Sector 17-B, Block B, IFFCO Colony, Annexe, Gurugram, Haryana 122015, India",3,2,https://maps.google.com/?cid=5008302900078458596&g_mp=Cilnb29nbGUubWFwcy5wbGFjZXMudjEuUGxhY2VzLlNlYXJjaE5lYXJieRACGAQgAA
Auto Cab,taxi_service,9717292901,,"Lic Office Road, Sarhaul, Sector 18, Gurugram, Haryana 122015, India",5,2,https://maps.google.com/?cid=15437246262182461481&g_mp=Cilnb29nbGUubWFwcy5wbGFjZXMudjEuUGxhY2VzLlNlYXJjaE5lYXJieRACGAQgAA
Parvesh Kumar ......,fast_food_restaurant,9711144075,,"11 Sarhaul Near Iffco Chauck, Sector 18, Gurugram, Haryana 122015, India",3.5,2,https://maps.google.com/?cid=3770692373250680373&g_mp=Cilnb29nbGUubWFwcy5wbGFjZXMudjEuUGxhY2VzLlNlYXJjaE5lYXJieRACGAQgAA
Gaia Tales,,9599107606,https://www.gaiatales.com/,"L-16/, 2, DLF Phase 2, Sector 25, Gurugram, Haryana 122002, India",5,2,https://maps.google.com/?cid=4103996620883321665&g_mp=Cilnb29nbGUubWFwcy5wbGFjZXMudjEuUGxhY2VzLlNlYXJjaE5lYXJieRACGAQgAA
Glamour Glitz Gurugram,jewelry_store,9871385709,http://glamourglitz.in/,"3, K-4, DLF Phase 2, Sector 25, Gurugram, Haryana 122008, India",5,2,https://maps.google.com/?cid=8851064733826549007&g_mp=Cilnb29nbGUubWFwcy5wbGFjZXMudjEuUGxhY2VzLlNlYXJjaE5lYXJieRACGAQgAA
csc center & Sah cyber cafe,internet_cafe,9958220124,,"k2/1, Dakshin Marg, DLF Phase 2, Sector 25, Gurugram, Haryana 122002, India",5,2,https://maps.google.com/?cid=5367555491193072974&g_mp=Cilnb29nbGUubWFwcy5wbGFjZXMudjEuUGxhY2VzLlNlYXJjaE5lYXJieRACGAQgAA
Panerai Boutique,store,9211310968,https://www.ethoswatches.com/locatestore/sgep-gurugram/,"GF-11, Ethos City of Time, Emaar capital tower 2, Mehrauli-Gurgaon Rd, Sikanderpur, Sector 26, Gurugram, Haryana 122002, India",5,2,https://maps.google.com/?cid=13554669395713328727&g_mp=Cilnb29nbGUubWFwcy5wbGFjZXMudjEuUGxhY2VzLlNlYXJjaE5lYXJieRACGAQgAA
Ethos Watch Boutiques,store,9211310966,https://www.ethoswatches.com/locatestore/sge2-gurugram/,"GF-3,4,5, Emaar capital tower 2, Mehrauli-Gurgaon Rd, Sikanderpur, Sector 26, Gurugram, Haryana 122002, India",3,2,https://maps.google.com/?cid=17499104956295167371&g_mp=Cilnb29nbGUubWFwcy5wbGFjZXMudjEuUGxhY2VzLlNlYXJjaE5lYXJieRACGAQgAA
Universal Harvest Food,shopping_mall,9520030018,,"Phase 1, DLF Grand Mall, Mehrauli-Gurgaon Rd, Sikanderpur, Sector 26, Gurugram, Haryana 122002, India",4.5,2,https://maps.google.com/?cid=2494527803181700108&g_mp=Cilnb29nbGUubWFwcy5wbGFjZXMudjEuUGxhY2VzLlNlYXJjaE5lYXJieRACGAQgAA
saniya stone,wholesaler,7007431625,,"MDR137, G Block, DLF Phase 1, Sector 26, Gurugram, Haryana 122002, India",5,2,https://maps.google.com/?cid=13064260194052066436&g_mp=Cilnb29nbGUubWFwcy5wbGFjZXMudjEuUGxhY2VzLlNlYXJjaE5lYXJieRACGAQgAA
City Marble & Granite,supplier,9899330109,,"Marble Market, opposite Pillar No 3, Sikanderpur, Arjan Garh, Aya Nagar, Sikanderpur Ghosi, Gurugram, Haryana 122002, India",3,2,https://maps.google.com/?cid=10539176508413912478&g_mp=Cilnb29nbGUubWFwcy5wbGFjZXMudjEuUGxhY2VzLlNlYXJjaE5lYXJieRACGAQgAA
M.J.Buildvest Pvt. Ltd,corporate_office,9599389671,,"K9/44, Phase I, DLF Phase 2, Sector 25, Gurugram, Haryana 122002, India",3,2,https://maps.google.com/?cid=18364821546105774489&g_mp=Cilnb29nbGUubWFwcy5wbGFjZXMudjEuUGxhY2VzLlNlYXJjaE5lYXJieRACGAQgAA
Zip Delivery Office,corporate_office,9650900650,,"5, Q-5/5, 23, Road, DLF Phase 2, Sector 25, Gurugram, Haryana 122002, India",5,2,https://maps.google.com/?cid=6325139075923575757&g_mp=Cilnb29nbGUubWFwcy5wbGFjZXMudjEuUGxhY2VzLlNlYXJjaE5lYXJieRACGAQgAA
shimmmi,manufacturer,8433716663,https://www.shimmmi.com/,"Q4/1, 1st Floor, DLF Phase 2, Sector 25, Gurugram, Haryana 122002, India",5,2,https://maps.google.com/?cid=17233831102496469846&g_mp=Cilnb29nbGUubWFwcy5wbGFjZXMudjEuUGxhY2VzLlNlYXJjaE5lYXJieRACGAQgAA
Sofa repair and new sofa Roshan,furniture_store,9971839118,,"F3MX+G76, Sikanderpur, Nathupur, Sector 26, Gurugram, Haryana 122010, India",5,2,https://maps.google.com/?cid=12021144577356214008&g_mp=Cilnb29nbGUubWFwcy5wbGFjZXMudjEuUGxhY2VzLlNlYXJjaE5lYXJieRACGAQgAA
Yogita Enterprises,furniture_store,9910654231,,"Shop No-15, Shree ram furniture market, Nathupur, Sector 24, Gurugram, Haryana 122001, India",5,2,https://maps.google.com/?cid=7820935593355867662&g_mp=Cilnb29nbGUubWFwcy5wbGFjZXMudjEuUGxhY2VzLlNlYXJjaE5lYXJieRACGAQgAA
Akshaya Patra,non_profit_organization,8030143400,https://www.akshayapatra.org/,"F4M3+HVJ, Garden Estate, Nathupur, Sector 24, Gurugram, Haryana 122010, India",5,2,https://maps.google.com/?cid=10679967049311851314&g_mp=Cilnb29nbGUubWFwcy5wbGFjZXMudjEuUGxhY2VzLlNlYXJjaE5lYXJieRACGAQgAA
Wedding Photographer | PK Suri Worldwide Studios,service,9867189997,https://pksuri.com/,"2nd floor, Plot no 1, Road No. S-25, Near CGS Veterinary Hospital DLF City Phase III, Nathupur, Sector 24, Gurugram, Haryana 122010, India",5,2,https://maps.google.com/?cid=17049082844643672237&g_mp=Cilnb29nbGUubWFwcy5wbGFjZXMudjEuUGxhY2VzLlNlYXJjaE5lYXJieRACGAQgAA
IPM INTERNATIONAL MOVERS AND PACKERS,transportation_service,9310784602,http://www.ipmipm.com/,"Shop No 45/7, U Block, DLF Phase 3, Sector 24, Gurugram, Haryana 122010, India",5,2,https://maps.google.com/?cid=12027103549169096674&g_mp=Cilnb29nbGUubWFwcy5wbGFjZXMudjEuUGxhY2VzLlNlYXJjaE5lYXJieRACGAQgAA
Twiddles by Yuvraj Singh,health_food_store,9625890911,https://www.twiddles.in/,"7, Nathupur Rd, DLF Phase 3, Sector 24, Gurugram, Haryana 122010, India",5,2,https://maps.google.com/?cid=6985705673937486892&g_mp=Cilnb29nbGUubWFwcy5wbGFjZXMudjEuUGxhY2VzLlNlYXJjaE5lYXJieRACGAQgAA
New Style Hair Cut Saloon,barber_shop,7840802074,,"128, Village Sarhaul, Sector 18, Gurgaon, 122015, Gurugram, NCR, Sarhaul, Sector 18, Region, Gurugram, Haryana 122015, India",5,2,https://maps.google.com/?cid=3175576280805834145&g_mp=Cilnb29nbGUubWFwcy5wbGFjZXMudjEuUGxhY2VzLlNlYXJjaE5lYXJieRACGAQgAA
THEBULLSGYM,gym,9582401612,,"Plot No-5, near Durga Mandir, Sarhaul, Sector 18, Sarhol, Gurugram, Haryana 122015, India",5,2,https://maps.google.com/?cid=10478061993734510084&g_mp=Cilnb29nbGUubWFwcy5wbGFjZXMudjEuUGxhY2VzLlNlYXJjaE5lYXJieRACGAQgAA
Sunil Electrical And Paint Hardware,hardware_store,8700165707,,"Sarhaul, Sector 18, Sarhol, Gurugram, Haryana 122015, India",4.5,2,https://maps.google.com/?cid=4371681037713574393&g_mp=Cilnb29nbGUubWFwcy5wbGFjZXMudjEuUGxhY2VzLlNlYXJjaE5lYXJieRACGAQgAA
Conscious Flow Acdemy,sports_school,9315563220,https://www.consciousflowacademy.in/,"Basement Level, 69, P-3, Mushedpur, DLF Phase 2, Sector 25, Gurugram, Haryana 122002, India",3,2,https://maps.google.com/?cid=9566576788720617365&g_mp=Cilnb29nbGUubWFwcy5wbGFjZXMudjEuUGxhY2VzLlNlYXJjaE5lYXJieRACGAQgAA
SNAP Timber & Plywood,building_materials_store,9213387113,,"Near k.P.S.S.N School, Main Sector 55- 56 Road, DLF Phase 3, Mehrauli-Gurgaon Rd, Phase III, Nathupur, Sector 24, Gurugram, Haryana 122010, India",5,2,https://maps.google.com/?cid=13667702092898805645&g_mp=Cilnb29nbGUubWFwcy5wbGFjZXMudjEuUGxhY2VzLlNlYXJjaE5lYXJieRACGAQgAA
Unique Interior,general_contractor,8920119270,,"Shop No. - 10, BM Plaza, near by Krishna Market Road, Sector 28, DLF Phase 3, Sector 24, Gurugram, Haryana 122010, India",5,2,https://maps.google.com/?cid=15620615599835202531&g_mp=Cilnb29nbGUubWFwcy5wbGFjZXMudjEuUGxhY2VzLlNlYXJjaE5lYXJieRACGAQgAA
Five Star Timber And Traders,manufacturer,9034406652,,"F3PV+PVX, Nathupur Rd, U Block, Nathupur, Sector 24, Gurugram, Haryana 122010, India",5,2,https://maps.google.com/?cid=4795058648135094689&g_mp=Cilnb29nbGUubWFwcy5wbGFjZXMudjEuUGxhY2VzLlNlYXJjaE5lYXJieRACGAQgAA
Ashok Traders,general_store,9468343800,,"Bihari Mandi, Nathupur, Sector 24, Gurugram, Haryana 122010, India",5,2,https://maps.google.com/?cid=3896503696156773209&g_mp=Cilnb29nbGUubWFwcy5wbGFjZXMudjEuUGxhY2VzLlNlYXJjaE5lYXJieRACGAQgAA
Pooja Clinic,medical_clinic,6393853338,,"Shop No-3 U Block Samadhi Asthal, Nathupur, Sector 24, Gurugram, Haryana 122010, India",5,2,https://maps.google.com/?cid=14578947523978220049&g_mp=Cilnb29nbGUubWFwcy5wbGFjZXMudjEuUGxhY2VzLlNlYXJjaE5lYXJieRACGAQgAA
Energy Extreme Solar Ventures Pvt.Ltd,service,9610500855,,"K15 , Akashneem Marg, Mehrauli-Gurgaon Rd, Sec-25, DLF Phase 2, Sector 24, Gurugram, Haryana 122010, India",5,2,https://maps.google.com/?cid=13984855503104349854&g_mp=Cilnb29nbGUubWFwcy5wbGFjZXMudjEuUGxhY2VzLlNlYXJjaE5lYXJieRACGAQgAA
Azim outdoor furniture,furniture_store,8860266496,,"F4QF+7QQ, Anand Gram, Ghitorni, New Delhi, Delhi 110030, India",5,2,https://maps.google.com/?cid=12042637535898297584&g_mp=Cilnb29nbGUubWFwcy5wbGFjZXMudjEuUGxhY2VzLlNlYXJjaE5lYXJieRACGAQgAA
Comfort physio care,medical_clinic,8755626897,,"5, N-12 Rd, near Gauri Shankar mandir, DLF Phase 2, Sector 25, Gurugram, Haryana 122002, India",5,2,https://maps.google.com/?cid=13490828206779431934&g_mp=Cilnb29nbGUubWFwcy5wbGFjZXMudjEuUGxhY2VzLlNlYXJjaE5lYXJieRACGAQgAA
WILMARFORD,consultant,8377847922,,"Ground Floor, Tower B, Building No, Delhi NCR 5, DLF Cyber City, DLF Phase 2, 3, Gurugram, Haryana 122002, India",3.5,2,https://maps.google.com/?cid=56610225038080779&g_mp=Cilnb29nbGUubWFwcy5wbGFjZXMudjEuUGxhY2VzLlNlYXJjaE5lYXJieRACGAQgAA
Jeps Pharmaceutica,store,9891382526,,"103 Stop N Shop, U Block, DLF Phase 3, Sector 24, Gurugram, Haryana 122010, India",5,2,https://maps.google.com/?cid=11294700012106650633&g_mp=Cilnb29nbGUubWFwcy5wbGFjZXMudjEuUGxhY2VzLlNlYXJjaE5lYXJieRACGAQgAA
Beingz Fit,gym,9999322544,,"66, Galli No. 15, U Block, DLF Phase 3, Sector 24, Gurugram, Haryana 122010, India",5,2,https://maps.google.com/?cid=9556831219028075008&g_mp=Cilnb29nbGUubWFwcy5wbGFjZXMudjEuUGxhY2VzLlNlYXJjaE5lYXJieRACGAQgAA
Build Brilliantly,service,6397585602,https://buildbrilliantly.com/,"U 59 Rd, U Block, DLF Phase 3, Sector 24, Gurugram, Haryana 122010, India",5,2,https://maps.google.com/?cid=318243283418526547&g_mp=Cilnb29nbGUubWFwcy5wbGFjZXMudjEuUGxhY2VzLlNlYXJjaE5lYXJieRACGAQgAA
Show Buzz India,,9899572211,http://www.showbuzzindia.com/,"Khasra No.-686, Nathupur Village, V-10 Block, next to Water Tank, behind DLF City Club, DLF Phase 3, Sector 24, Gurugram, Haryana 122002, India",4,2,https://maps.google.com/?cid=11230669115579133625&g_mp=Cilnb29nbGUubWFwcy5wbGFjZXMudjEuUGxhY2VzLlNlYXJjaE5lYXJieRACGAQgAA
"Khushi Garments,",clothing_store,9911065194,,"Shop 141, Nathupur, Sector 24, Gurugram, Haryana 122002, India",4,2,https://maps.google.com/?cid=6884040167712096256&g_mp=Cilnb29nbGUubWFwcy5wbGFjZXMudjEuUGxhY2VzLlNlYXJjaE5lYXJieRACGAQgAA
Cudwarm By Paru Creations,womens_clothing_store,8527981816,https://cudwarm.com/,"PLOT NO 86, B, 2nd Floor, Block C, Nathupur, Sector 24, Faridabad, Gurugram, Haryana 122002, India",5,2,https://maps.google.com/?cid=152093666474769352&g_mp=Cilnb29nbGUubWFwcy5wbGFjZXMudjEuUGxhY2VzLlNlYXJjaE5lYXJieRACGAQgAA
Cross Border Consultant,government_office,7217844832,,"90B, Udyog Vihar, Sector 18, Gurugram, Haryana 122015, India",5,2,https://maps.google.com/?cid=17961316162401017825&g_mp=Cilnb29nbGUubWFwcy5wbGFjZXMudjEuUGxhY2VzLlNlYXJjaE5lYXJieRACGAQgAA
Orix Multi-brand Car repair Workshop,car_repair,9818648119,,"Maruti industrial area, Plot no. 12, Maruti Udyog, Sector 18, Gurugram, Haryana 122015, India",5,2,https://maps.google.com/?cid=8696299844751774036&g_mp=Cilnb29nbGUubWFwcy5wbGFjZXMudjEuUGxhY2VzLlNlYXJjaE5lYXJieRACGAQgAA
Mohit Kashyap,car_dealer,9368837652,,"95, Phase IV, Udyog Vihar, Sector 18, , Shahpur, Phase IV, Sector Tikona, Sector 18, Sarhol, Gurugram, Haryana 122015, India",5,2,https://maps.google.com/?cid=9019890539378758503&g_mp=Cilnb29nbGUubWFwcy5wbGFjZXMudjEuUGxhY2VzLlNlYXJjaE5lYXJieRACGAQgAA
First Remedy Office,pharmacy,9033302482,https://www.firstremedy.in/,"Tag Tower, First REMEDY Pharmacy & Wellness, Phase IV, Udyog Vihar, Sector 18, Gurugram, Haryana 122015, India",5,2,https://maps.google.com/?cid=9814286658026413528&g_mp=Cilnb29nbGUubWFwcy5wbGFjZXMudjEuUGxhY2VzLlNlYXJjaE5lYXJieRACGAQgAA
R Company,corporate_office,7700000627,,"F3RM+MG2, DLF Phase 2, Sector 25, Shahpur, Gurugram, Haryana 122002, India",5,2,https://maps.google.com/?cid=7512518926798357357&g_mp=Cilnb29nbGUubWFwcy5wbGFjZXMudjEuUGxhY2VzLlNlYXJjaE5lYXJieRACGAQgAA
Packers And Movers In Gurgaon - Packers And Movers - Movers And Packers - Best Packers And Movers In Gurgaon,manufacturer,9899034149,,"DLF Cyber City, DLF Phase 2, Sector 25, Gurugram, Haryana 122002, India",5,2,https://maps.google.com/?cid=8742188926746319806&g_mp=Cilnb29nbGUubWFwcy5wbGFjZXMudjEuUGxhY2VzLlNlYXJjaE5lYXJieRACGAQgAA
S.S.Electronics & Electrical,service,9891056623,,"Shop no. 1, U - 37 Road, Balbir Market, Nathupur, DLF Phase - 3, DLF Cyber City, DLF Phase 2, Sector 24, Gurugram, Haryana 122002, India",3,2,https://maps.google.com/?cid=1308162030030529281&g_mp=Cilnb29nbGUubWFwcy5wbGFjZXMudjEuUGxhY2VzLlNlYXJjaE5lYXJieRACGAQgAA
DKSCORE Private Limited,,7428898085,https://www.dkscore.com/,"Ground & Ist Floor, DLF Building No. 7A, DLF Cyber City, DLF Phase 2, Sector 24, Gurugram, Haryana 122002, India",5,2,https://maps.google.com/?cid=5099344710445674967&g_mp=Cilnb29nbGUubWFwcy5wbGFjZXMudjEuUGxhY2VzLlNlYXJjaE5lYXJieRACGAQgAA
Brilliant Hair Saloon,hair_salon,7247861511,,"Face3, near Sec24, DLF Phase 3, Sector 24, Gurugram, Haryana 122002, India",5,2,https://maps.google.com/?cid=13028478371375063399&g_mp=Cilnb29nbGUubWFwcy5wbGFjZXMudjEuUGxhY2VzLlNlYXJjaE5lYXJieRACGAQgAA
Rampal,store,8849512038,,"T880, DLF Phase 3, Sector 24, Gurugram, Haryana 122002, India",5,2,https://maps.google.com/?cid=8485771235076265771&g_mp=Cilnb29nbGUubWFwcy5wbGFjZXMudjEuUGxhY2VzLlNlYXJjaE5lYXJieRACGAQgAA
DLF Phase 3 Art of Living Center,yoga_studio,8067612345,https://www.artofliving.org/in-en/gurgaon&amp,"V1/26, V-1, DLF Phase 3, Sector 24, Gurugram, Haryana 122002, India",5,2,https://maps.google.com/?cid=16479641461880537929&g_mp=Cilnb29nbGUubWFwcy5wbGFjZXMudjEuUGxhY2VzLlNlYXJjaE5lYXJieRACGAQgAA
Eikova Digital LLP,service,9266016338,https://www.eikova.in/,"Plot 76 D, Phase IV, Udyog Vihar, Sector 18, Gurugram, Haryana 122015, India",5,2,https://maps.google.com/?cid=14870005251868993950&g_mp=Cilnb29nbGUubWFwcy5wbGFjZXMudjEuUGxhY2VzLlNlYXJjaE5lYXJieRACGAQgAA
SpaceLess Studio,service,8586852303,https://spacelessstudio.com/,"10A, DLF Cyber City, DLF Phase 2, Sector 24, Gurugram, Haryana 122002, India",5,2,https://maps.google.com/?cid=7874801446166446174&g_mp=Cilnb29nbGUubWFwcy5wbGFjZXMudjEuUGxhY2VzLlNlYXJjaE5lYXJieRACGAQgAA
Dr.Sarita Sukhija- IVF Training in Delhi NCR,doctor,9811233328,,"world laparoscopy hospital 8th Road , Dlf cyber city , phase 2, DLF Cyber City, DLF Phase 2, Sector 24, Gurugram, Haryana 122002, India",5,2,https://maps.google.com/?cid=4301088238653253000&g_mp=Cilnb29nbGUubWFwcy5wbGFjZXMudjEuUGxhY2VzLlNlYXJjaE5lYXJieRACGAQgAA
Dr. Nidhi Mishra | Obstetrician & Gynecologist,doctor,9811416832,https://www.laparoscopyhospital.in/doctors/dr-nidhi-mishra/,"World Laparoscopy Hospital, X-100, DLF Cyber City, DLF Phase 2, Sector 24, Gurugram, Haryana 122002, India",5,2,https://maps.google.com/?cid=10564411144506908759&g_mp=Cilnb29nbGUubWFwcy5wbGFjZXMudjEuUGxhY2VzLlNlYXJjaE5lYXJieRACGAQgAA
Aaalsee,food,7289891873,,"Rm No 1 U, 8/41, U Block, DLF Phase 3, Sector 24, Gurugram, Haryana 122002, India",5,2,https://maps.google.com/?cid=7230834586568434128&g_mp=Cilnb29nbGUubWFwcy5wbGFjZXMudjEuUGxhY2VzLlNlYXJjaE5lYXJieRACGAQgAA
MUM CAFE & BAKERY,bakery,9870241130,,"24, Galli No. 15, U Block, DLF Phase 3, Sector 24, Gurugram, Haryana 122002, India",5,2,https://maps.google.com/?cid=14406691046387749830&g_mp=Cilnb29nbGUubWFwcy5wbGFjZXMudjEuUGxhY2VzLlNlYXJjaE5lYXJieRACGAQgAA
Stok Palace Heritage Hotel,hotel,9622827727,http://stokpalaceheritage.com/,"Ground Floor, U-26A/6, Qutub Enclave, White Town Houses, DLF Phase 3, Sector 24, Gurugram, Haryana 122002, India",5,2,https://maps.google.com/?cid=10817989639435138603&g_mp=Cilnb29nbGUubWFwcy5wbGFjZXMudjEuUGxhY2VzLlNlYXJjaE5lYXJieRACGAQgAA
Corporate Serve Technologies Pvt Ltd,service,9958494663,https://www.corporateservetech.com/,"1st Floor, 408, Udyog Vihar Phase 4 Rd, Electronic City, Phase IV, Udyog Vihar, Sector 19, Gurugram, Haryana 122015, India",5,2,https://maps.google.com/?cid=9909275133894697146&g_mp=Cilnb29nbGUubWFwcy5wbGFjZXMudjEuUGxhY2VzLlNlYXJjaE5lYXJieRACGAQgAA
Shigan Techsolutions,manufacturer,9818427177,,"Plot-227, Phase-IV, Udyog Vihar, Phase IV, Udyog Vihar, Sector 18, Gurugram, Haryana 122015, India",5,2,https://maps.google.com/?cid=9981424150567816248&g_mp=Cilnb29nbGUubWFwcy5wbGFjZXMudjEuUGxhY2VzLlNlYXJjaE5lYXJieRACGAQgAA
Gaurav Fabtech Industries : Nafabs The No.1 Elastic,manufacturer,9811026142,http://gauravfabtech.in/,"Plot No.291, 291, Phase IV, Udyog Vihar, Sector 18, Gurugram, Haryana 122015, India",4.5,2,https://maps.google.com/?cid=6824357312629062268&g_mp=Cilnb29nbGUubWFwcy5wbGFjZXMudjEuUGxhY2VzLlNlYXJjaE5lYXJieRACGAQgAA
"IGP: Flowers, Cakes & Personalized Gifts",gift_shop,8076516167,https://www.igp.com/,"VPO Nathupur, Khasra Nambar 772, 1 -773, near KL House, DLF Phase 3, Sector 24, Gurugram, Haryana 122022, India",3,2,https://maps.google.com/?cid=12798658959357964829&g_mp=Cilnb29nbGUubWFwcy5wbGFjZXMudjEuUGxhY2VzLlNlYXJjaE5lYXJieRACGAQgAA
Vartulz,service,9910019393,http://codecube.in/,"307, Phase IV, Udyog Vihar, Phase 04, Gurugram, Haryana 122015, India",5,2,https://maps.google.com/?cid=11599645375519705360&g_mp=Cilnb29nbGUubWFwcy5wbGFjZXMudjEuUGxhY2VzLlNlYXJjaE5lYXJieRACGAQgAA
Medical Squad,health,9899100013,http://www.medicalsquad.in/,"Plot no, 620, Udyog Vihar Phase V Rd, Udyog Vihar 3, Udyog Vihar, Sector 19, Gurugram, Haryana 122016, India",4,2,https://maps.google.com/?cid=2630627434809766536&g_mp=Cilnb29nbGUubWFwcy5wbGFjZXMudjEuUGxhY2VzLlNlYXJjaE5lYXJieRACGAQgAA
Stitch n Stitch,wholesaler,9811292990,,"PLOT NO, 68A, Udyog Vihar Phase V Rd, Phase V, Udyog Vihar, Sector 19, Gurugram, Haryana 122016, India",3.5,2,https://maps.google.com/?cid=7680248736340113447&g_mp=Cilnb29nbGUubWFwcy5wbGFjZXMudjEuUGxhY2VzLlNlYXJjaE5lYXJieRACGAQgAA
Gifts of Love,gift_shop,6351823508,https://giftsoflove.in/,"551, Ist & IInd Floor, Udyog Vihar Phase V Rd, Phase V, Udyog Vihar, Sector 19, Gurugram, Haryana 122016, India",3,2,https://maps.google.com/?cid=15002686910955349642&g_mp=Cilnb29nbGUubWFwcy5wbGFjZXMudjEuUGxhY2VzLlNlYXJjaE5lYXJieRACGAQgAA
First Coffee | DLF Atrium,cafe,9217356974,https://nearme.firstcoffee.co.in/first-coffee-dlf-atrium-48094/home?utm_source=GBP,"Tower 3, Ground Floor, DLF Phase III Atrium Place, Phase V, Udyog Vihar, Sector 19, Gurugram, Haryana 122016, India",5,2,https://maps.google.com/?cid=10105880570471587597&g_mp=Cilnb29nbGUubWFwcy5wbGFjZXMudjEuUGxhY2VzLlNlYXJjaE5lYXJieRACGAQgAA
Think1,,8875469153,http://think1.co.in/,"14/7, DLF Phase 3, Pink Town, Gurugram, Haryana 122002, India",3,2,https://maps.google.com/?cid=11939191548383023553&g_mp=Cilnb29nbGUubWFwcy5wbGFjZXMudjEuUGxhY2VzLlNlYXJjaE5lYXJieRACGAQgAA
Maa ki Rasoi,indian_restaurant,8448552646,,"V block lane, no V-21, DLF PHASE 3, Nathupur, Sector 24, Gurugram, Haryana 122002, India",5,2,https://maps.google.com/?cid=8720045819822660999&g_mp=Cilnb29nbGUubWFwcy5wbGFjZXMudjEuUGxhY2VzLlNlYXJjaE5lYXJieRACGAQgAA
Saburi Overseas ESolutions Pvt. Ltd,corporate_office,9899020276,,"IDPL Twp, Udyog Vihar, Sector 19, Gurugram, Haryana 122016, India",3,2,https://maps.google.com/?cid=13388166010528212754&g_mp=Cilnb29nbGUubWFwcy5wbGFjZXMudjEuUGxhY2VzLlNlYXJjaE5lYXJieRACGAQgAA
Experiences Digital,manufacturer,9818168811,https://experiences.digital/,"05th Floor, Gate 4, Ambience Island, DLF Phase 3, Sector 24, Gurugram, Haryana 122002, India",5,2,https://maps.google.com/?cid=15284047549194022054&g_mp=Cilnb29nbGUubWFwcy5wbGFjZXMudjEuUGxhY2VzLlNlYXJjaE5lYXJieRACGAQgAA
The Aspirant's Library,service,9650243006,,"C- 16 Ground Floor Near Makson Bakers, Sudershan Park, Moti Nagar, Delhi - 110015, Phase II, Udyog Vihar, Sector 20, Gurugram, Haryana 122016, India",5,2,https://maps.google.com/?cid=12069302542255275160&g_mp=Cilnb29nbGUubWFwcy5wbGFjZXMudjEuUGxhY2VzLlNlYXJjaE5lYXJieRACGAQgAA
"Superdry, Ambi Gurgaon",clothing_store,9619728808,https://stores.superdry.in/superdry-ambi-gurgaon-electronics-company-sector-20-gurugram-558651/Home?utm_source=locator&utm_medium=googleplaces,"No G/79, NH-8, Ambience Mall, Ambience Island, DLF Phase 3, Sector 20, Gurugram, Haryana 122002, India",5,2,https://maps.google.com/?cid=16333592575009701547&g_mp=Cilnb29nbGUubWFwcy5wbGFjZXMudjEuUGxhY2VzLlNlYXJjaE5lYXJieRACGAQgAA
Mind Body Life 101 | Psychologist Sanna Masood,medical_clinic,9469434177,,"2nd Floor, OPD 6, Profrea Clinics, Santosh Plaza, Ph 1, Sushant Lok Phase I, Sector 43, Gurugram, Haryana 122009, India",5,1,https://maps.google.com/?cid=1687637477242167902&g_mp=Cilnb29nbGUubWFwcy5wbGFjZXMudjEuUGxhY2VzLlNlYXJjaE5lYXJieRACGAQgAA
Gurgaon Hypnotherapy Center,service,9899002121,https://hypnotherapygurgaon.com/,"FF-61, Vyapar Kendra Rd, Block C, Sushant Lok Phase I, Market, Gurugram, Haryana 122009, India",5,1,https://maps.google.com/?cid=7039490424528168569&g_mp=Cilnb29nbGUubWFwcy5wbGFjZXMudjEuUGxhY2VzLlNlYXJjaE5lYXJieRACGAQgAA
As Aushadhi Kendra Pvt Ltd,store,9667091303,,"Gf 122, Vyapar Kendra Rd, Block C, Sushant Lok Phase I, Sector 43, Gurugram, Haryana 122001, India",5,1,https://maps.google.com/?cid=9479010003524316848&g_mp=Cilnb29nbGUubWFwcy5wbGFjZXMudjEuUGxhY2VzLlNlYXJjaE5lYXJieRACGAQgAA
Conveneo (Annapurna Retail),convenience_store,8826282121,https://www.conveneo.in/,"Shop 3 & 4 Block, Regency Park-1, B 148, Block C2, DLF Phase IV, Sector 43, Gurugram, Haryana 122009, India",5,1,https://maps.google.com/?cid=6375822352784499279&g_mp=Cilnb29nbGUubWFwcy5wbGFjZXMudjEuUGxhY2VzLlNlYXJjaE5lYXJieRACGAQgAA
AJIJUR RAHAMAN,car_repair,9318388587,,"Ajijur Rahaman, Block C2, DLF Phase IV, Sector 43, Gurugram, Haryana 122009, India",5,1,https://maps.google.com/?cid=7426751262451920661&g_mp=Cilnb29nbGUubWFwcy5wbGFjZXMudjEuUGxhY2VzLlNlYXJjaE5lYXJieRACGAQgAA
EVRE Charging Station,electric_vehicle_charging_station,9052490524,https://evre.in/,"F453+QC, Sector 42, Gurugram, Haryana 122009, India",5,1,https://maps.google.com/?cid=13816189129033183383&g_mp=Cilnb29nbGUubWFwcy5wbGFjZXMudjEuUGxhY2VzLlNlYXJjaE5lYXJieRACGAQgAA
RahaCornerAswad,wholesaler,7503951589,https://rahacorneraswad.in/,"Shop, No. L3, BLOCK-B, Sushant Lok Phase I, Sector 43, Gurugram, Haryana 122009, India",1,1,https://maps.google.com/?cid=3315282905789482372&g_mp=Cilnb29nbGUubWFwcy5wbGFjZXMudjEuUGxhY2VzLlNlYXJjaE5lYXJieRACGAQgAA
Ruchika & Rahul Saini,art_gallery,9810134189,https://www.designangels.in/,"5506, DLF Galleria Rd, Sector 28, DLF Phase IV, Gurugram, Haryana 122009, India",5,1,https://maps.google.com/?cid=12754865084136059991&g_mp=Cilnb29nbGUubWFwcy5wbGFjZXMudjEuUGxhY2VzLlNlYXJjaE5lYXJieRACGAQgAA
Ein Sof Collections,home_goods_store,8383896783,,"5803, Basement, Aster Ave, DLF Phase IV, Gurugram, Haryana 122009, India",5,1,https://maps.google.com/?cid=14090204138930960957&g_mp=Cilnb29nbGUubWFwcy5wbGFjZXMudjEuUGxhY2VzLlNlYXJjaE5lYXJieRACGAQgAA
Ishaavvi,clothing_store,8510024066,,"6416, behind Super mart, DLF Phase IV, Gurugram, Haryana 122009, India",5,1,https://maps.google.com/?cid=12199717706140666092&g_mp=Cilnb29nbGUubWFwcy5wbGFjZXMudjEuUGxhY2VzLlNlYXJjaE5lYXJieRACGAQgAA
Stones Art Gallery | Corian Mandir Manufacturer,general_contractor,9368721328,https://stonesartgallery.com/,"547, Sector 30 M Wide Main Rd, Sector 27, Gurugram, Haryana 122009, India",5,1,https://maps.google.com/?cid=9041930008505861139&g_mp=Cilnb29nbGUubWFwcy5wbGFjZXMudjEuUGxhY2VzLlNlYXJjaE5lYXJieRACGAQgAA
Adarsh Nursery,wholesaler,7217201530,,"550, Sector 30 M Wide Main Rd, DLF Phase 5, Sector 43, Gurugram, Haryana 122009, India",5,1,https://maps.google.com/?cid=10413854630333010206&g_mp=Cilnb29nbGUubWFwcy5wbGFjZXMudjEuUGxhY2VzLlNlYXJjaE5lYXJieRACGAQgAA
Property Mark Gurgaon,consultant,7065811625,,"Golf Course Rd, Gurugram, Haryana 122011, India",5,1,https://maps.google.com/?cid=8085950203831799367&g_mp=Cilnb29nbGUubWFwcy5wbGFjZXMudjEuUGxhY2VzLlNlYXJjaE5lYXJieRACGAQgAA
Signz,manufacturer,9220791840,https://www.signz.io/,"765, Sector 42, Gurugram, Haryana 122009, India",1,1,https://maps.google.com/?cid=3733079303927526736&g_mp=Cilnb29nbGUubWFwcy5wbGFjZXMudjEuUGxhY2VzLlNlYXJjaE5lYXJieRACGAQgAA
astitva - aestheticvision.yoga,yoga_studio,8929966222,https://yogone.in/,"Eternal Oasis, 591 A, opposite Shiv Nadar School, Sector 42, Gurugram, Haryana 122009, India",5,1,https://maps.google.com/?cid=17380486442105448136&g_mp=Cilnb29nbGUubWFwcy5wbGFjZXMudjEuUGxhY2VzLlNlYXJjaE5lYXJieRACGAQgAA
The Jewel Label By Uma Agarwal,jewelry_store,7838400121,,"605 P First Floor, Sector 42, Gurugram, Haryana 122009, India",5,1,https://maps.google.com/?cid=8156756390320234574&g_mp=Cilnb29nbGUubWFwcy5wbGFjZXMudjEuUGxhY2VzLlNlYXJjaE5lYXJieRACGAQgAA
Arqe Skin & Laser Clinic By Maleka,medical_clinic,8617028008,,"2nd Floor, 4112, Ashoka Marg, near Galeriya Market, Sushant Lok Phase I, Sector 43, Gurugram, Haryana 122002, India",5,1,https://maps.google.com/?cid=9380366487591037646&g_mp=Cilnb29nbGUubWFwcy5wbGFjZXMudjEuUGxhY2VzLlNlYXJjaE5lYXJieRACGAQgAA
"Cluster 27 Classroom, Mission Learning Foundation",school,9818541729,http://www.missionlearning.org/,"F38Q+5P4, Sector 27, Gurugram, Haryana 122009, India",5,1,https://maps.google.com/?cid=9407508371143517370&g_mp=Cilnb29nbGUubWFwcy5wbGFjZXMudjEuUGxhY2VzLlNlYXJjaE5lYXJieRACGAQgAA
Harsh kaushik & Associates,consultant,9560880827,,"363, Sector 27, Gurugram, Haryana 122009, India",5,1,https://maps.google.com/?cid=16246226246272740380&g_mp=Cilnb29nbGUubWFwcy5wbGFjZXMudjEuUGxhY2VzLlNlYXJjaE5lYXJieRACGAQgAA
HIWA,consultant,9580908899,,"E 3- 8, DLF Phase 1, Block E, DLF Phase 1, Sector 26A, Gurugram, Haryana 122002, India",3,1,https://maps.google.com/?cid=779731122521209012&g_mp=Cilnb29nbGUubWFwcy5wbGFjZXMudjEuUGxhY2VzLlNlYXJjaE5lYXJieRACGAQgAA
Himesh Tea Shop,general_store,7701809369,,"Shop Np 78, Sector 29, Gurugram, Haryana 122009, India",5,1,https://maps.google.com/?cid=13471950917766043734&g_mp=Cilnb29nbGUubWFwcy5wbGFjZXMudjEuUGxhY2VzLlNlYXJjaE5lYXJieRACGAQgAA
Manjila Kumari,general_store,8448571909,,"Front Off Iffko Tokyo, Shop No 5, Sector 29, Gurugram, Haryana 122009, India",5,1,https://maps.google.com/?cid=13358733236217117425&g_mp=Cilnb29nbGUubWFwcy5wbGFjZXMudjEuUGxhY2VzLlNlYXJjaE5lYXJieRACGAQgAA
Continua kids,school,8800784904,https://continuakids.com/,"A, 603, Block A, Sushant Lok Phase I, Sector 27, Gurugram, Haryana 122009, India",5,1,https://maps.google.com/?cid=11044163737927791875&g_mp=Cilnb29nbGUubWFwcy5wbGFjZXMudjEuUGxhY2VzLlNlYXJjaE5lYXJieRACGAQgAA
Shri Shyam Enterpris,hardware_store,8010027007,,"2, Sector 28, DLF Phase IV, Gurugram, Haryana 122009, India",5,1,https://maps.google.com/?cid=15103581418455646965&g_mp=Cilnb29nbGUubWFwcy5wbGFjZXMudjEuUGxhY2VzLlNlYXJjaE5lYXJieRACGAQgAA
NKPRealtors,service,7836008900,https://nkprealtors.com/,"Paschim Marg, DLF Phase 1, Sector 26A, Gurugram, Haryana 122002, India",5,1,https://maps.google.com/?cid=6267795205536243260&g_mp=Cilnb29nbGUubWFwcy5wbGFjZXMudjEuUGxhY2VzLlNlYXJjaE5lYXJieRACGAQgAA
Royal Properties,consultant,9811303827,http://royalpropertiesgurugram.com/,"Arjun Marg, DLF Phase 1, Sector 26A, Gurugram, Haryana 122002, India",5,1,https://maps.google.com/?cid=16998383659194253747&g_mp=Cilnb29nbGUubWFwcy5wbGFjZXMudjEuUGxhY2VzLlNlYXJjaE5lYXJieRACGAQgAA
Saarlegal,consultant,9899193903,http://www.saarlegal.com/,"The Shopping Mall, O-144, Arjun Marg, DLF Phase 1, Sector 26A, Gurugram, Haryana 122002, India",5,1,https://maps.google.com/?cid=9805307774092186991&g_mp=Cilnb29nbGUubWFwcy5wbGFjZXMudjEuUGxhY2VzLlNlYXJjaE5lYXJieRACGAQgAA
Hariom Butique,clothing_store,7217840017,,"A2/76A, Phase 5, Holika Chowk, Aya Nagar, New Delhi, Delhi 110047, India",5,1,https://maps.google.com/?cid=9024810277664576339&g_mp=Cilnb29nbGUubWFwcy5wbGFjZXMudjEuUGxhY2VzLlNlYXJjaE5lYXJieRACGAQgAA
Unique Stationary,store,9897966117,,"F3C8+GVV Leisure Valley Park, Sector 29, Gurugram, Haryana 122009, India",5,1,https://maps.google.com/?cid=10823891086772481077&g_mp=Cilnb29nbGUubWFwcy5wbGFjZXMudjEuUGxhY2VzLlNlYXJjaE5lYXJieRACGAQgAA
Hamid Rehman,store,9811543763,,"Shop 7 Sector 29 Market Mine Road, Sector 29, Gurugram, Haryana 122009, India",5,1,https://maps.google.com/?cid=5010407047676313843&g_mp=Cilnb29nbGUubWFwcy5wbGFjZXMudjEuUGxhY2VzLlNlYXJjaE5lYXJieRACGAQgAA
Wellness Forever,store,8800003434,,"Shop no. - 10, Roots Cafe, Leisure Valley Rd, near Rajiv Gandhi Park, Sector 29, Gurugram, Haryana 122001, India",5,1,https://maps.google.com/?cid=11817708198231869394&g_mp=Cilnb29nbGUubWFwcy5wbGFjZXMudjEuUGxhY2VzLlNlYXJjaE5lYXJieRACGAQgAA
Sanjay Soni,general_store,9540584858,,"Shop No -78, Park, Iffochowk Metro Station, near Leisure Valley Road, Sector 29, Gurugram, Haryana 122009, India",3,1,https://maps.google.com/?cid=12205282161688344987&g_mp=Cilnb29nbGUubWFwcy5wbGFjZXMudjEuUGxhY2VzLlNlYXJjaE5lYXJieRACGAQgAA
Sachin Pal,food_court,9773958027,,"IFFCO Maitro, Sector 29, Gurugram, Haryana 122009, India",5,1,https://maps.google.com/?cid=9871490764998328699&g_mp=Cilnb29nbGUubWFwcy5wbGFjZXMudjEuUGxhY2VzLlNlYXJjaE5lYXJieRACGAQgAA
Tatvam Tech Systems Private Limited,finance,9833777227,,"A 562 G, Block A, Sushant Lok Phase I, Sector 43, Gurugram, Haryana 122009, India",5,1,https://maps.google.com/?cid=15278451089603085187&g_mp=Cilnb29nbGUubWFwcy5wbGFjZXMudjEuUGxhY2VzLlNlYXJjaE5lYXJieRACGAQgAA
Lime Tree Head Office Gurgaon,,9971097003,https://www.limetreehotels.com/,"2nd Floor, A- 587, near Iffco Chowk Metro Station, Sector 28, Sushant Lok Phase I, Sector 43, Gurugram, Haryana 122009, India",1,1,https://maps.google.com/?cid=6199171677568421636&g_mp=Cilnb29nbGUubWFwcy5wbGFjZXMudjEuUGxhY2VzLlNlYXJjaE5lYXJieRACGAQgAA
Tata Sky DTH,wholesaler,9818450340,,"C 2434/35, Peach Tree Rd, near Gurugram, Block A, Sushant Lok Phase I, Sector 43, Gurugram, Haryana 122001, India",5,1,https://maps.google.com/?cid=911351920983859057&g_mp=Cilnb29nbGUubWFwcy5wbGFjZXMudjEuUGxhY2VzLlNlYXJjaE5lYXJieRACGAQgAA
Helpers Connect,employment_agency,7417235075,,"H No. 2540, near Galleria Market, Sector 28, DLF Phase IV, Gurugram, Haryana 122002, India",5,1,https://maps.google.com/?cid=15793585159808899801&g_mp=Cilnb29nbGUubWFwcy5wbGFjZXMudjEuUGxhY2VzLlNlYXJjaE5lYXJieRACGAQgAA
ADARSH CLINIC,doctor,9555882116,,"Shop No.10 Sector.28, Vijay Cinema Hall Rd, Jaina Market, Sector 28, Chakkarpur, Market, Gurugram, Haryana 122002, India",5,1,https://maps.google.com/?cid=11010761204974299181&g_mp=Cilnb29nbGUubWFwcy5wbGFjZXMudjEuUGxhY2VzLlNlYXJjaE5lYXJieRACGAQgAA
Ershan Saloon,hair_salon,8810356372,,"Jaina Market, Sector 28, DLF City IV, Gurugram, Haryana 122002, India",5,1,https://maps.google.com/?cid=6200394354791359727&g_mp=Cilnb29nbGUubWFwcy5wbGFjZXMudjEuUGxhY2VzLlNlYXJjaE5lYXJieRACGAQgAA
S.k garments,clothing_store,8527872737,,"Sector 28, Chakkarpur, Gurugram, Haryana 122009, India",5,1,https://maps.google.com/?cid=6384366095048207077&g_mp=Cilnb29nbGUubWFwcy5wbGFjZXMudjEuUGxhY2VzLlNlYXJjaE5lYXJieRACGAQgAA
Mehendiratta’s Home,corporate_office,9811040115,,"Block B Sector lock B1A/ 2, Block B, Sector 26A, Gurugram, Haryana 122002, India",5,1,https://maps.google.com/?cid=10829218671288283740&g_mp=Cilnb29nbGUubWFwcy5wbGFjZXMudjEuUGxhY2VzLlNlYXJjaE5lYXJieRACGAQgAA
Desi Khidki,fast_food_restaurant,9050200031,,"F3F8+4HW, Sector 29, Gurugram, Haryana 122009, India",4,1,https://maps.google.com/?cid=4556824926724109115&g_mp=Cilnb29nbGUubWFwcy5wbGFjZXMudjEuUGxhY2VzLlNlYXJjaE5lYXJieRACGAQgAA
"Stilly - AI Powered Advanced Digital Hearing Aids Invisible, RIC, Rechargeable",store,9910630377,https://stilly.in/,"Gurugram, Sushant Lok Phase 1, Sector 28, Chattarpur, Delhi, New Delhi, Delhi 110074, India",5,1,https://maps.google.com/?cid=3925835277907653231&g_mp=Cilnb29nbGUubWFwcy5wbGFjZXMudjEuUGxhY2VzLlNlYXJjaE5lYXJieRACGAQgAA
The Nashta Company,restaurant,9818051404,,"Shop No. 4&5, First Floor, Neo Mart, Vakil Market, DLF Phase 4, Sector 28, Chakkarpur, Gurugram, Haryana 122009, India",4,1,https://maps.google.com/?cid=9150708685610014702&g_mp=Cilnb29nbGUubWFwcy5wbGFjZXMudjEuUGxhY2VzLlNlYXJjaE5lYXJieRACGAQgAA
Dhanush photography0930,service,9891610488,,"125, A Block, Gurugram, Haryana 122002, India",5,1,https://maps.google.com/?cid=104750655074114337&g_mp=Cilnb29nbGUubWFwcy5wbGFjZXMudjEuUGxhY2VzLlNlYXJjaE5lYXJieRACGAQgAA
Modicare,medical_clinic,8898888011,https://www.modicare.com/,"Shop No. 5, Sector. 28 Chakkarpur Market Power House Gurugram Haryana, Power House, Gurugram, NCR, Sector 28, Chakkarpur, Region, Gurugram, Haryana 122002, India",5,1,https://maps.google.com/?cid=11337515208845635255&g_mp=Cilnb29nbGUubWFwcy5wbGFjZXMudjEuUGxhY2VzLlNlYXJjaE5lYXJieRACGAQgAA
Vortex Holdings,service,9999221963,,"Metro Station, Plot no - 359, near DLF Phase - 1, Sector 28, Chakkarpur, Gurugram, Haryana 122002, India",5,1,https://maps.google.com/?cid=10069235323710988362&g_mp=Cilnb29nbGUubWFwcy5wbGFjZXMudjEuUGxhY2VzLlNlYXJjaE5lYXJieRACGAQgAA
Naturesum,store,7838197122,https://naturesum.com/,"A16/3, A - 12, Sector 26A, Gurugram, Haryana 122002, India",5,1,https://maps.google.com/?cid=9752926923175299391&g_mp=Cilnb29nbGUubWFwcy5wbGFjZXMudjEuUGxhY2VzLlNlYXJjaE5lYXJieRACGAQgAA
DPSG STARZ Preschool,preschool,8595020202,https://www.dpsgs.org/palam-vihar/blog/and-dpsg-starz-gets-appreciated-again,"F3FX+M44, A-10 St, Sector D, Sector 26A, Gurugram, Haryana 122002, India",5,1,https://maps.google.com/?cid=15175799311616849631&g_mp=Cilnb29nbGUubWFwcy5wbGFjZXMudjEuUGxhY2VzLlNlYXJjaE5lYXJieRACGAQgAA
Fruit Uncle mini Store,grocery_store,9990730014,http://fruituncle.in/,"Silver Oaks Apartments, G Block, DLF Phase 1, Sector 26, Gurugram, Haryana 122002, India",5,1,https://maps.google.com/?cid=4933227706120297913&g_mp=Cilnb29nbGUubWFwcy5wbGFjZXMudjEuUGxhY2VzLlNlYXJjaE5lYXJieRACGAQgAA
Optic World,store,9810044265,,"4, G Block, DLF Phase 1, Sector 26, Gurugram, Haryana 122002, India",5,1,https://maps.google.com/?cid=2946860909212294700&g_mp=Cilnb29nbGUubWFwcy5wbGFjZXMudjEuUGxhY2VzLlNlYXJjaE5lYXJieRACGAQgAA
Arshad bhai,manufacturer,9060563538,,"Arjan Garh, Aya Nagar, New Delhi, Delhi 110047, India",3,1,https://maps.google.com/?cid=15127866277434960529&g_mp=Cilnb29nbGUubWFwcy5wbGFjZXMudjEuUGxhY2VzLlNlYXJjaE5lYXJieRACGAQgAA
Bharat electric and electronics,service,8578937486,,"Arjan Garh, Aya Nagar, New Delhi, Delhi 110047, India",5,1,https://maps.google.com/?cid=6357487713948517574&g_mp=Cilnb29nbGUubWFwcy5wbGFjZXMudjEuUGxhY2VzLlNlYXJjaE5lYXJieRACGAQgAA
"IB DP(HL/SL) math home tuition,IGCSE( A ,AS and AP) in Delhi,Gurgaon/Noida",consultant,8745929369,,"F3G8+RR4, NH 236, Block C, Heritage City, Sector 25, Gurugram, Haryana 122001, India",5,1,https://maps.google.com/?cid=16149211439273419621&g_mp=Cilnb29nbGUubWFwcy5wbGFjZXMudjEuUGxhY2VzLlNlYXJjaE5lYXJieRACGAQgAA
Pet Shops,pet_store,9306216407,,"188, Sohna Road, near by School, Sector 29, Gurugram, Haryana 122009, India",5,1,https://maps.google.com/?cid=10763452931292961643&g_mp=Cilnb29nbGUubWFwcy5wbGFjZXMudjEuUGxhY2VzLlNlYXJjaE5lYXJieRACGAQgAA
"FORTUNE HOME GURGAON,NEAR MAX,FORTIS,MEDANTA",bed_and_breakfast,9136151536,,"Essel Tower Road, NEAR, Mehrauli-Gurgaon Rd, Sector 28, Sushant Lok Phase I, Gurugram, Haryana 122009, India",5,1,https://maps.google.com/?cid=8905642261636185496&g_mp=Cilnb29nbGUubWFwcy5wbGFjZXMudjEuUGxhY2VzLlNlYXJjaE5lYXJieRACGAQgAA
G m home,electronics_store,9811076997,,"1357, Maruti Vihar, Maruti Housing Colony, Gurugram, Haryana 122002, India",3,1,https://maps.google.com/?cid=17083827612703613555&g_mp=Cilnb29nbGUubWFwcy5wbGFjZXMudjEuUGxhY2VzLlNlYXJjaE5lYXJieRACGAQgAA
Gopala Academy,educational_institution,7011958549,https://golpalaacademy.web.app/login,"Maruti Vihar, housing society, Gurugram, Haryana 122002, India",5,1,https://maps.google.com/?cid=16811119874884598426&g_mp=Cilnb29nbGUubWFwcy5wbGFjZXMudjEuUGxhY2VzLlNlYXJjaE5lYXJieRACGAQgAA
Bature king,fast_food_restaurant,9873820886,,"Shop No 729, near by Bijli Bord, Saraswati Vihar, Maruti Housing Colony, Gurugram, Haryana 122009, India",4,1,https://maps.google.com/?cid=6722399567324679615&g_mp=Cilnb29nbGUubWFwcy5wbGFjZXMudjEuUGxhY2VzLlNlYXJjaE5lYXJieRACGAQgAA
APL FASIONS,clothing_store,8744004113,,"Shop No. 3, H. No. 636, Saraswati Vihar, Maruti Housing Colony, Gurugram, Haryana 122002, India",5,1,https://maps.google.com/?cid=1976945455947296964&g_mp=Cilnb29nbGUubWFwcy5wbGFjZXMudjEuUGxhY2VzLlNlYXJjaE5lYXJieRACGAQgAA
Sammeer Khurshi Chicken Shop,butcher_shop,9711452212,http://www.gatipackers.co.in/,"Shop No 29, Todal Mal Market, A-46, Chakkarpur, Sector 28, Sector 28, Chakkarpur, Gurugram, Haryana 122002, India",5,1,https://maps.google.com/?cid=13517398366571759697&g_mp=Cilnb29nbGUubWFwcy5wbGFjZXMudjEuUGxhY2VzLlNlYXJjaE5lYXJieRACGAQgAA
Nishant Taxi Service,taxi_service,9810824177,,"Shop No.2, Nambardar Market, A-46 Road, Sector 28, Chakkarpur, Gurugram, Haryana 122002, India",1,1,https://maps.google.com/?cid=3215172239568429746&g_mp=Cilnb29nbGUubWFwcy5wbGFjZXMudjEuUGxhY2VzLlNlYXJjaE5lYXJieRACGAQgAA
Dr. Akriti Dermatologist in Golf Course Road | Skin Hair Specialist | Laser Hair Removal | Antiaging | Uncover,doctor,9752007200,https://uncover.co.in/,"3rd Floor, Sector 28, DLF Phase 1, Gurugram, Haryana 122002, India",1,1,https://maps.google.com/?cid=11255412224337640642&g_mp=Cilnb29nbGUubWFwcy5wbGFjZXMudjEuUGxhY2VzLlNlYXJjaE5lYXJieRACGAQgAA
Dr. Roli Bawa MDS BDS,dental_clinic,9910090619,,"14, Kachnar Marg, Block H, DLF Phase 1, Sector 26, Gurugram, Haryana 122002, India",5,1,https://maps.google.com/?cid=7458400585505137480&g_mp=Cilnb29nbGUubWFwcy5wbGFjZXMudjEuUGxhY2VzLlNlYXJjaE5lYXJieRACGAQgAA
Oye Furnitures,furniture_store,9810068271,,"18, H-3 Rd, Block H, DLF Phase 1, Sector 26, Gurugram, Haryana 122002, India",2,1,https://maps.google.com/?cid=5403646538581312487&g_mp=Cilnb29nbGUubWFwcy5wbGFjZXMudjEuUGxhY2VzLlNlYXJjaE5lYXJieRACGAQgAA
Interior Design NCR,general_contractor,8377979909,,"Shivam Traders, S.K Paints and Hardware, near SIkenderpur, Sikanderpur, DLF Phase 1, metro, Gurugram, Haryana 122002, India",5,1,https://maps.google.com/?cid=5004398268338983792&g_mp=Cilnb29nbGUubWFwcy5wbGFjZXMudjEuUGxhY2VzLlNlYXJjaE5lYXJieRACGAQgAA
Sambandh,corporate_office,9818633552,http://sambandhhealth.org/,"104, 11, Silver Oaks Ave, G Block, DLF Phase 1, Sector 26, Gurugram, Haryana 122002, India",4,1,https://maps.google.com/?cid=10856542932683917907&g_mp=Cilnb29nbGUubWFwcy5wbGFjZXMudjEuUGxhY2VzLlNlYXJjaE5lYXJieRACGAQgAA
Sunjay Singh,womens_clothing_store,9203667401,,"231, Sohna Road, near by School, Sector 25, Gurugram, Haryana 122002, India",5,1,https://maps.google.com/?cid=1005556863383032716&g_mp=Cilnb29nbGUubWFwcy5wbGFjZXMudjEuUGxhY2VzLlNlYXJjaE5lYXJieRACGAQgAA
Awadesh,tea_store,6398399394,,"Shop No 788, Mehrauli-Gurgaon Rd, near MGF Metropolitan Mall, Sector 28, Maruti Housing Colony, Gurugram, Haryana 122009, India",5,1,https://maps.google.com/?cid=14263362200090051850&g_mp=Cilnb29nbGUubWFwcy5wbGFjZXMudjEuUGxhY2VzLlNlYXJjaE5lYXJieRACGAQgAA
USA MALE SPA-Male To Male Spa Center - Gurgaon,massage_spa,8800420201,https://sites.google.com/view/usamensspa/home,"Shop No - 30, City Centre Mall, Mehrauli-Gurgaon Rd, Sector 28, Maruti Housing Colony, Gurugram, Sarhol, Haryana 122009, India",5,1,https://maps.google.com/?cid=15942857999813370450&g_mp=Cilnb29nbGUubWFwcy5wbGFjZXMudjEuUGxhY2VzLlNlYXJjaE5lYXJieRACGAQgAA
Sandhu Homes,lodging,8899585926,,"913, Swami Vivekanand Block, Saraswati Vihar, Maruti Housing Colony, Gurugram, Sarhol, Haryana 122009, India",1,1,https://maps.google.com/?cid=12725738857272568346&g_mp=Cilnb29nbGUubWFwcy5wbGFjZXMudjEuUGxhY2VzLlNlYXJjaE5lYXJieRACGAQgAA
Florastar,florist,9769223030,,"81, Mehrauli-Gurgaon Rd, near Sahara Mall, besides, DLF Phase 1, Gurugram, Haryana 122002, India",4,1,https://maps.google.com/?cid=17241730649743207885&g_mp=Cilnb29nbGUubWFwcy5wbGFjZXMudjEuUGxhY2VzLlNlYXJjaE5lYXJieRACGAQgAA
Eduvisors,consultant,9811799162,http://eduvisors.com/,"6, Edmonton Mall, The Bristol Hotel, Sector 28, DLF Phase 1, Gurugram, Haryana 122002, India",1,1,https://maps.google.com/?cid=15447077892598280331&g_mp=Cilnb29nbGUubWFwcy5wbGFjZXMudjEuUGxhY2VzLlNlYXJjaE5lYXJieRACGAQgAA
Arrow Powertech Private Limited | UPS and Battery Manufacturer & Service Provider,supplier,9909007070,https://www.arrowpowertech.com/,"35, Ground Floor, Edmonton Mall Complex, The Bristol Hotel, Sector 28, DLF Phase 1, Gurugram, Haryana 122002, India",5,1,https://maps.google.com/?cid=6962636628222002333&g_mp=Cilnb29nbGUubWFwcy5wbGFjZXMudjEuUGxhY2VzLlNlYXJjaE5lYXJieRACGAQgAA
Hotel Amisa,hotel,7568666455,,"34, Plot number 17, Late, Amisa, Block H, DLF Phase 1, Sector 26, Gurugram, Haryana 122002, India",2,1,https://maps.google.com/?cid=7067385528845621227&g_mp=Cilnb29nbGUubWFwcy5wbGFjZXMudjEuUGxhY2VzLlNlYXJjaE5lYXJieRACGAQgAA
JASRA FACILITY SERVICES PVT LTD,service,9999881131,,"13, H-35 Rd, Block H, DLF Phase 1, Sector 26, Gurugram, Haryana 122002, India",5,1,https://maps.google.com/?cid=11505501731717793674&g_mp=Cilnb29nbGUubWFwcy5wbGFjZXMudjEuUGxhY2VzLlNlYXJjaE5lYXJieRACGAQgAA
priti gupta,jewelry_store,9873627591,,"Preeti Gupta Old Delhi, near Chawri metro, Block H, DLF Phase 1, Sector 26, Gurugram, Haryana 122002, India",1,1,https://maps.google.com/?cid=12387171771920546894&g_mp=Cilnb29nbGUubWFwcy5wbGFjZXMudjEuUGxhY2VzLlNlYXJjaE5lYXJieRACGAQgAA
Merazuddin Taxi Wale,taxi_service,9968996503,,"Shop No 0, 3, Block H, DLF Phase 2, Sector 26, Gurugram, Haryana 122002, India",5,1,https://maps.google.com/?cid=4912774659885236224&g_mp=Cilnb29nbGUubWFwcy5wbGFjZXMudjEuUGxhY2VzLlNlYXJjaE5lYXJieRACGAQgAA
Brain Discovery: Pre-School & Day Care,child_care_agency,9990030811,,"F4G3+X75, H-11 Rd, Block H, DLF Phase 1, Sector 26, Gurugram, Haryana 122002, India",5,1,https://maps.google.com/?cid=13935457647112014663&g_mp=Cilnb29nbGUubWFwcy5wbGFjZXMudjEuUGxhY2VzLlNlYXJjaE5lYXJieRACGAQgAA
AJ GLASS And Aluminum Work,,9811915557,,"F4H4+QP7, Sikanderpur, Sector 26, Gurugram, Haryana 122002, India",5,1,https://maps.google.com/?cid=11085779581138534162&g_mp=Cilnb29nbGUubWFwcy5wbGFjZXMudjEuUGxhY2VzLlNlYXJjaE5lYXJieRACGAQgAA
Keshav Footwear,store,8383033169,,"V.K FOOTWEAR, SHOP NO 01, NUMBERDAR MARKET, opposite SABJI MANDI, near COMMUNITY CENTER, Sikanderpur, Sector 26, Sikanderpur Ghosi, Gurugram, Haryana 122002, India",5,1,https://maps.google.com/?cid=5621620587744820658&g_mp=Cilnb29nbGUubWFwcy5wbGFjZXMudjEuUGxhY2VzLlNlYXJjaE5lYXJieRACGAQgAA
Mohd. Iqbal Qureshi Mutton And Chicken Shop,butcher_shop,9213922977,,"Urhfh, Abc, South Delhi NCR Region, F4HC+G88, Arjan Garh, Aya Nagar, New Delhi, Delhi 110047, India",5,1,https://maps.google.com/?cid=12288277817042560594&g_mp=Cilnb29nbGUubWFwcy5wbGFjZXMudjEuUGxhY2VzLlNlYXJjaE5lYXJieRACGAQgAA
Wilson's Personal Care Unisex Salon,barber_shop,9999793666,,"Shop No.1, Block 50, Heritage City, Sector 25, Gurugram, Haryana 122002, India",5,1,https://maps.google.com/?cid=5789315171517581505&g_mp=Cilnb29nbGUubWFwcy5wbGFjZXMudjEuUGxhY2VzLlNlYXJjaE5lYXJieRACGAQgAA
Kai Travels Pvt Ltd,tour_agency,9810396898,http://www.kaitravels.com/,"K3/23, DLF Phase 2, Sector 25, Gurugram, Haryana 122002, India",5,1,https://maps.google.com/?cid=5732419031197814372&g_mp=Cilnb29nbGUubWFwcy5wbGFjZXMudjEuUGxhY2VzLlNlYXJjaE5lYXJieRACGAQgAA
THE MANOJ BHATIA,general_contractor,9971509411,https://delhincrprops.com/,"BVM 30, DLF Phase 2, Sector 25, Gurugram, Haryana 122002, India",5,1,https://maps.google.com/?cid=4292839082938062173&g_mp=Cilnb29nbGUubWFwcy5wbGFjZXMudjEuUGxhY2VzLlNlYXJjaE5lYXJieRACGAQgAA
Dr Neelima Tripathi,doctor,8860492111,,"1, Dakshin Marg, DLF Phase 2, Sector 25, Gurugram, Sarhol, Haryana 122002, India",5,1,https://maps.google.com/?cid=4812514818025810791&g_mp=Cilnb29nbGUubWFwcy5wbGFjZXMudjEuUGxhY2VzLlNlYXJjaE5lYXJieRACGAQgAA
Louis Furnishing,home_goods_store,9711444607,,"1st Floor, Gangania Complex, Mehrauli-Gurgaon Rd, Sikanderpur, DLF Phase 1, Sector 26, Gurugram, Haryana 122002, India",5,1,https://maps.google.com/?cid=12883257560060287189&g_mp=Cilnb29nbGUubWFwcy5wbGFjZXMudjEuUGxhY2VzLlNlYXJjaE5lYXJieRACGAQgAA
"NavKirti Decor: Wallpaper,Vinyl Floor, Carpet Flooring, Glass Film , Pvc Panel Wholesaler/Retailer",store,8178781599,,"Shop no 12, 1st Floor, Metro Pillar 58, DS Tower, Mehrauli-Gurgaon Rd, Sikanderpur, DLF Phase 1, Sector 26, Gurugram, Haryana 122002, India",5,1,https://maps.google.com/?cid=10906355100740015745&g_mp=Cilnb29nbGUubWFwcy5wbGFjZXMudjEuUGxhY2VzLlNlYXJjaE5lYXJieRACGAQgAA
Shree Shyam Molding,general_contractor,9350052254,,"Mamchand, Market Sikanderpur, near H Block, Sikanderpur, DLF Phase 1, Sector 26, Gurugram, Haryana 122002, India",5,1,https://maps.google.com/?cid=3314421072015351889&g_mp=Cilnb29nbGUubWFwcy5wbGFjZXMudjEuUGxhY2VzLlNlYXJjaE5lYXJieRACGAQgAA
RO Care India,,9311587744,https://www.rocareindia.com/ro-service-sector-26-gurgaon,"Shop No-120, Market Sikanderpur, Shri Ram Bacchan, near H Block, Sikanderpur, DLF Phase 1, Sector 26, Gurugram, Haryana 122002, India",5,1,https://maps.google.com/?cid=7646034182088949600&g_mp=Cilnb29nbGUubWFwcy5wbGFjZXMudjEuUGxhY2VzLlNlYXJjaE5lYXJieRACGAQgAA
Tea Stall Sachin,tea_store,9161690404,,"3e, Old Post Office Road, Sikanderpur, DLF Phase 2, Aya Nagar, Gurugram, Haryana 122002, India",4,1,https://maps.google.com/?cid=12719635326060108423&g_mp=Cilnb29nbGUubWFwcy5wbGFjZXMudjEuUGxhY2VzLlNlYXJjaE5lYXJieRACGAQgAA
Ulysse Nardin Boutique,store,9211310963,https://www.ethoswatches.com/locatestore/sgeu-gurugram/,"Ethos City of Time, Emaar capital tower 2, Mehrauli-Gurgaon Rd, Sikanderpur, Sector 26, Gurugram, Haryana 122002, India",5,1,https://maps.google.com/?cid=6256334734947530567&g_mp=Cilnb29nbGUubWFwcy5wbGFjZXMudjEuUGxhY2VzLlNlYXJjaE5lYXJieRACGAQgAA
Hotel & restaurant,hotel,8368786879,,"Arjan Garh, Aya Nagar, Gurugram, Haryana 122002, India",5,1,https://maps.google.com/?cid=1931737442264180564&g_mp=Cilnb29nbGUubWFwcy5wbGFjZXMudjEuUGxhY2VzLlNlYXJjaE5lYXJieRACGAQgAA
vikas marble and granite,manufacturer,9810324426,,"Metro Pillar Number 9, Mehrauli-Gurgaon Rd, opp. sikandarpur, Arjan Garh, Aya Nagar, Gurugram, Haryana 122002, India",5,1,https://maps.google.com/?cid=2326564128387662514&g_mp=Cilnb29nbGUubWFwcy5wbGFjZXMudjEuUGxhY2VzLlNlYXJjaE5lYXJieRACGAQgAA
Servesar Granites,manufacturer,9560995550,https://servesargranites.com/,"Metro Pillar Number 6 opo, Mehrauli-Gurgaon Rd, Arjan Garh, Aya Nagar, Gurugram, Haryana 122002, India",5,1,https://maps.google.com/?cid=10414436641653630005&g_mp=Cilnb29nbGUubWFwcy5wbGFjZXMudjEuUGxhY2VzLlNlYXJjaE5lYXJieRACGAQgAA
PGC,corporate_office,9999502334,http://pgcministries.in/,"G-190, First Floor, Block-G, Bandh Road, Yellow Line Nearest, Metro Station Arjan Garh, is, opp. Maxgain, Arjan Garh, Aya Nagar, New Delhi, Delhi 110047, India",4,1,https://maps.google.com/?cid=10332073933622899801&g_mp=Cilnb29nbGUubWFwcy5wbGFjZXMudjEuUGxhY2VzLlNlYXJjaE5lYXJieRACGAQgAA
The Local Talk,service,9878434581,http://www.thelocaltalk.in/,"Plot 76D, Phase 4, Udyog Vihar, Sector 18, Gurugram, Haryana 122015, India",5,1,https://maps.google.com/?cid=5790767346414818156&g_mp=Cilnb29nbGUubWFwcy5wbGFjZXMudjEuUGxhY2VzLlNlYXJjaE5lYXJieRACGAQgAA
C-PRAV Certification Services Private Limited,,9902385494,http://www.c-prav.com/,"90-B, 91Springboard, Jaipur - Delhi Expy, Sector 18, Gurugram, Haryana 122015, India",5,1,https://maps.google.com/?cid=18073993733459001053&g_mp=Cilnb29nbGUubWFwcy5wbGFjZXMudjEuUGxhY2VzLlNlYXJjaE5lYXJieRACGAQgAA
"Sanjeev Egg, Bread, Tea stall",store,9410224896,,"L-9, near Mother Diary, DLF Phase 2, Sector 25, Gurugram, Haryana 122002, India",5,1,https://maps.google.com/?cid=13980728534603960236&g_mp=Cilnb29nbGUubWFwcy5wbGFjZXMudjEuUGxhY2VzLlNlYXJjaE5lYXJieRACGAQgAA
MOHD UWAIS WORK SHOP,manufacturer,9910706512,,"Shop 15, Sikanderpur, Nathupur, Sector 24, Gurugram, Haryana 122002, India",5,1,https://maps.google.com/?cid=7084213088546717696&g_mp=Cilnb29nbGUubWFwcy5wbGFjZXMudjEuUGxhY2VzLlNlYXJjaE5lYXJieRACGAQgAA
Expert In Car Service,car_repair,9958492977,,"Mg Road Nathupur Sector 24 Gurugram, Block 1, Mehrauli-Gurugram Road, Nathupur, Sector 24, Gurugram, Nathupur, Sector 24, Delhi NCR, Gurugram, Haryana 122002, India",5,1,https://maps.google.com/?cid=4941208864024009605&g_mp=Cilnb29nbGUubWFwcy5wbGFjZXMudjEuUGxhY2VzLlNlYXJjaE5lYXJieRACGAQgAA
Om Sai Steel Fabricators,service,9811516933,,"Shri Ram Market, near Garden Estate, DLF City, Sikanderpur, Nathupur, Sector 24, Gurugram, Haryana 122010, India",5,1,https://maps.google.com/?cid=3423352870057561852&g_mp=Cilnb29nbGUubWFwcy5wbGFjZXMudjEuUGxhY2VzLlNlYXJjaE5lYXJieRACGAQgAA
Fiza Enterprises,furniture_store,9891417872,,"Shop No. 4, Mehrauli-Gurugram Road, Garden Estate, Nathupur, Sector 24, 122002, Nathupur, Sector 24, Gurugram, Haryana 122010, India",1,1,https://maps.google.com/?cid=14590224401168719359&g_mp=Cilnb29nbGUubWFwcy5wbGFjZXMudjEuUGxhY2VzLlNlYXJjaE5lYXJieRACGAQgAA
Akash Auto Service,taxi_service,9005461183,,"3, Secondarpur, DLF City, DLF Phase 3, Sector 24, Sikanderpur Ghosi, Gurugram, Haryana 122002, India",3,1,https://maps.google.com/?cid=11146095862350875440&g_mp=Cilnb29nbGUubWFwcy5wbGFjZXMudjEuUGxhY2VzLlNlYXJjaE5lYXJieRACGAQgAA
YOUR HIGHNESS GIRLS PG,service,8197507842,,"S-24/1, DLF Phase 3, Sector 24, Gurugram, Haryana 122010, India",5,1,https://maps.google.com/?cid=16922394313452838845&g_mp=Cilnb29nbGUubWFwcy5wbGFjZXMudjEuUGxhY2VzLlNlYXJjaE5lYXJieRACGAQgAA
PG in DLF Phase 3 by Blossom Stayz,lodging,8045688221,https://www.blossomstayz.com/dlfphase3,"1, T19 Rd, DLF Phase 3, Sector 24, Gurugram, Haryana 122010, India",1,1,https://maps.google.com/?cid=1073676777493167172&g_mp=Cilnb29nbGUubWFwcy5wbGFjZXMudjEuUGxhY2VzLlNlYXJjaE5lYXJieRACGAQgAA
Spiritual Monk past life regression therapy healing mind,service,9999992734,,"998, M.G. Road,, Aya Nagar Crossing, Aya Nagar, Arjan Garh, Aya Nagar, New Delhi, Delhi 110038, India",5,1,https://maps.google.com/?cid=7411891407707015057&g_mp=Cilnb29nbGUubWFwcy5wbGFjZXMudjEuUGxhY2VzLlNlYXJjaE5lYXJieRACGAQgAA
Jagmal Yaduvanshi house,,9911002143,,"Unnamed Road, Sarhaul, Sector 18, Gurugram, Haryana 122015, India",5,1,https://maps.google.com/?cid=14471587683250638334&g_mp=Cilnb29nbGUubWFwcy5wbGFjZXMudjEuUGxhY2VzLlNlYXJjaE5lYXJieRACGAQgAA
Sanchi Fashion,clothing_store,9889321593,,"Shop N 502, Sushant Lok Phase I, Sector 18, Gurugram, Haryana 122015, India",3,1,https://maps.google.com/?cid=5661939614059365079&g_mp=Cilnb29nbGUubWFwcy5wbGFjZXMudjEuUGxhY2VzLlNlYXJjaE5lYXJieRACGAQgAA
Tutorbeam Home Tuition Gurugram,,8810499219,,"Hansram Market, Anath Road, Sarhaul, Sector 18, Gurugram, Haryana 122015, India",5,1,https://maps.google.com/?cid=17020616813100656352&g_mp=Cilnb29nbGUubWFwcy5wbGFjZXMudjEuUGxhY2VzLlNlYXJjaE5lYXJieRACGAQgAA
A B PAYMENT,store,9643559896,,"near GOVT school, Sarhaul, Sector 18, Gurugram, Haryana 122015, India",5,1,https://maps.google.com/?cid=11211016685733227193&g_mp=Cilnb29nbGUubWFwcy5wbGFjZXMudjEuUGxhY2VzLlNlYXJjaE5lYXJieRACGAQgAA
Apollo 24|7 Doctor Tele-Consult Near Me | Sector 18 | Gurgaon,doctor,8062207719,https://www.apollo247.com/specialties,"Occupational Health CenterOld Palam, Gurgaon - Delhi Expy, Sector 18, Gurugram, Haryana 122015, India",5,1,https://maps.google.com/?cid=1214979992692306988&g_mp=Cilnb29nbGUubWFwcy5wbGFjZXMudjEuUGxhY2VzLlNlYXJjaE5lYXJieRACGAQgAA
Dwellcon,general_contractor,8284854762,http://dwellcon.in/,"207, EWS, MGF THE VILLAS, Mushedpur, DLF Phase 2, Sector 25, Gurugram, Haryana 122008, India",5,1,https://maps.google.com/?cid=3480007825602501028&g_mp=Cilnb29nbGUubWFwcy5wbGFjZXMudjEuUGxhY2VzLlNlYXJjaE5lYXJieRACGAQgAA
Valuable Businesses,finance,9871379950,http://www.buysellrun.com/,"P-4/7, adjacent to Jacaranda Marg, Mushedpur, DLF Phase 2, Sector 25, Gurugram, Haryana 122002, India",5,1,https://maps.google.com/?cid=12497045013679166279&g_mp=Cilnb29nbGUubWFwcy5wbGFjZXMudjEuUGxhY2VzLlNlYXJjaE5lYXJieRACGAQgAA
Gaurangi Jewels,jewelry_store,7678668024,,"34, Poorvi Marg, DLF Phase 2, Sector 25, Gurugram, Haryana 122002, India",5,1,https://maps.google.com/?cid=8157865654560250728&g_mp=Cilnb29nbGUubWFwcy5wbGFjZXMudjEuUGxhY2VzLlNlYXJjaE5lYXJieRACGAQgAA
Pine House,building_materials_store,9891247788,,"Main Nathupur Rd, Near Balvedre Palace, F3PW+J37, U Block, DLF Phase 3, Sector 24, Gurugram, Haryana 122010, India",1,1,https://maps.google.com/?cid=14710087079562579260&g_mp=Cilnb29nbGUubWFwcy5wbGFjZXMudjEuUGxhY2VzLlNlYXJjaE5lYXJieRACGAQgAA
Ved Coaching Classes,,8920807569,,"Shop No 986, Nathupur 24, Sector 24, Gurugram, Haryana 122010, India",5,1,https://maps.google.com/?cid=8377204464478321305&g_mp=Cilnb29nbGUubWFwcy5wbGFjZXMudjEuUGxhY2VzLlNlYXJjaE5lYXJieRACGAQgAA
Shiv Clinic,medical_clinic,9811127014,,"Shop No. U 47, U Block, Gali Number 47, Nathupur, Sector 24, Complex No. Nathupur, Gali No, near Ammbedkar Bhawan, DLF Phase 3, Sector 24, Gurugram, Haryana 122010, India",5,1,https://maps.google.com/?cid=6733904272244072733&g_mp=Cilnb29nbGUubWFwcy5wbGFjZXMudjEuUGxhY2VzLlNlYXJjaE5lYXJieRACGAQgAA
Malik Cycle Work Shop,store,9968871703,,"Village Nathupur, near by Tota Ram Chowk, R Block, DLF Phase 3, Sector 24, Gurugram, Haryana 122010, India",5,1,https://maps.google.com/?cid=942318253212090905&g_mp=Cilnb29nbGUubWFwcy5wbGFjZXMudjEuUGxhY2VzLlNlYXJjaE5lYXJieRACGAQgAA
Furakan Ansari,store,9716210450,,"Shop 10 Nr Toad, DLF Phase 1, Sector 24, Gurugram, Haryana 122010, India",5,1,https://maps.google.com/?cid=4514259512055562240&g_mp=Cilnb29nbGUubWFwcy5wbGFjZXMudjEuUGxhY2VzLlNlYXJjaE5lYXJieRACGAQgAA
Glossy Gaze Car Detailers,car_wash,8882358262,,"Glossy Gaze Car Detailers, Siris Rd, DLF Phase 3, Sector 24, Gurugram, Haryana 122002, India",5,1,https://maps.google.com/?cid=4962714486558866356&g_mp=Cilnb29nbGUubWFwcy5wbGFjZXMudjEuUGxhY2VzLlNlYXJjaE5lYXJieRACGAQgAA
Ashok Bairagi,service,9899266345,,"House no 230 gali no 9, pahadi, Anand Gram, Ghitorni, New Delhi, Delhi 110030, India",5,1,https://maps.google.com/?cid=122141145454711252&g_mp=Cilnb29nbGUubWFwcy5wbGFjZXMudjEuUGxhY2VzLlNlYXJjaE5lYXJieRACGAQgAA
Mahabeer General Store,general_store,9650709208,,"F3R9+25P, opp. SIEMENS COMPANY, Sarhaul, Sector 18, Gurugram, Haryana 122015, India",5,1,https://maps.google.com/?cid=8912261222852686501&g_mp=Cilnb29nbGUubWFwcy5wbGFjZXMudjEuUGxhY2VzLlNlYXJjaE5lYXJieRACGAQgAA
Hemant,taxi_service,8815598665,,"Plot No.245, Sarhaul, Sector 18, Sarhol, Gurugram, Haryana 122015, India",5,1,https://maps.google.com/?cid=11516807087654352803&g_mp=Cilnb29nbGUubWFwcy5wbGFjZXMudjEuUGxhY2VzLlNlYXJjaE5lYXJieRACGAQgAA
Raju Faishon,clothing_store,7701860940,,"Sabji Mandi, Sarhaul, Sector 18, Gurugram, Haryana 122015, India",3,1,https://maps.google.com/?cid=10064427396395515103&g_mp=Cilnb29nbGUubWFwcy5wbGFjZXMudjEuUGxhY2VzLlNlYXJjaE5lYXJieRACGAQgAA
Baba Medical Store,pharmacy,9999849779,,"near Mother Dairy Booth, Sarhaul, Sector 18, Sarhol, Gurugram, Haryana 122015, India",3,1,https://maps.google.com/?cid=13441593164082495137&g_mp=Cilnb29nbGUubWFwcy5wbGFjZXMudjEuUGxhY2VzLlNlYXJjaE5lYXJieRACGAQgAA
AK Footwear,shoe_store,9716563325,,"Shop No. 1, 2, Sub. Major Laxmi Chand Rd, Sarhaul, Sector 18, Sarhol, Gurugram, Haryana 122015, India",5,1,https://maps.google.com/?cid=2953652701777718687&g_mp=Cilnb29nbGUubWFwcy5wbGFjZXMudjEuUGxhY2VzLlNlYXJjaE5lYXJieRACGAQgAA
Amar Medicose,pharmacy,7303077056,,"Shop No-175, Showa Company, near Munjhal, Sarhaul, Sector 18, Gurugram, Haryana 122015, India",1,1,https://maps.google.com/?cid=17172992877989656500&g_mp=Cilnb29nbGUubWFwcy5wbGFjZXMudjEuUGxhY2VzLlNlYXJjaE5lYXJieRACGAQgAA
IT support,,9873205138,,"Rao Lal Singh Market, Sector 18, Gurugram, Haryana 122001, India",5,1,https://maps.google.com/?cid=13797643965562764497&g_mp=Cilnb29nbGUubWFwcy5wbGFjZXMudjEuUGxhY2VzLlNlYXJjaE5lYXJieRACGAQgAA
Sunil flower s decoration,store,9871075030,,"Gauri Shankar Mandir, N-12 Rd, DLF Phase 2, Sector 25, Gurugram, Haryana 122002, India",5,1,https://maps.google.com/?cid=993086540696616067&g_mp=Cilnb29nbGUubWFwcy5wbGFjZXMudjEuUGxhY2VzLlNlYXJjaE5lYXJieRACGAQgAA
trophy manufacturer,store,9971849206,http://www.angelstrophies.com/,"N-13/10, N-13, DLF Phase 2, Sector 25, Gurugram, Haryana 122002, India",1,1,https://maps.google.com/?cid=14377649317521194594&g_mp=Cilnb29nbGUubWFwcy5wbGFjZXMudjEuUGxhY2VzLlNlYXJjaE5lYXJieRACGAQgAA
Mobile Hub,cell_phone_store,9311111730,,"Stop & Shop, U Block, DLF Phase 3, Sector 24, Gurugram, Haryana 122010, India",2,1,https://maps.google.com/?cid=327950600494708541&g_mp=Cilnb29nbGUubWFwcy5wbGFjZXMudjEuUGxhY2VzLlNlYXJjaE5lYXJieRACGAQgAA
Ayushman Poly Clinic,doctor,9458527632,,"41, Block C, Nathupur, DLF Phase 3, Sector 24, Gurugram, Haryana 122010, India",1,1,https://maps.google.com/?cid=13194922519580906744&g_mp=Cilnb29nbGUubWFwcy5wbGFjZXMudjEuUGxhY2VzLlNlYXJjaE5lYXJieRACGAQgAA
Dharmendra General Store,general_store,9799250871,,"2, near Bargad Chowk, Nathupur, Sector 24, Gurugram, Haryana 122002, India",1,1,https://maps.google.com/?cid=14900444295451492571&g_mp=Cilnb29nbGUubWFwcy5wbGFjZXMudjEuUGxhY2VzLlNlYXJjaE5lYXJieRACGAQgAA
Metro Hair Cutting Saloon,hair_salon,9136693752,,"Shop, Street No. 1, Nathupur, Sector 24, Gurugram, Haryana 122002, India",4,1,https://maps.google.com/?cid=17118814320311760797&g_mp=Cilnb29nbGUubWFwcy5wbGFjZXMudjEuUGxhY2VzLlNlYXJjaE5lYXJieRACGAQgAA
Dark Knight Studio,service,9625506933,https://www.instagram.com/dark.knightstudios?igsh=cGtzMXlwNHFjeHJ4,"T 1/2, T 1 lane, Siris road, T-1 Ln, near Siris 18 inn, DLF Phase 3, Sector 24, Gurugram, Haryana 122010, India",5,1,https://maps.google.com/?cid=15849854634260975489&g_mp=Cilnb29nbGUubWFwcy5wbGFjZXMudjEuUGxhY2VzLlNlYXJjaE5lYXJieRACGAQgAA
Muskan traders,furniture_store,9711505076,,"Bhairo Mandir, Nathupur, Sector 24, Gurugram, Haryana 122022, India",5,1,https://maps.google.com/?cid=8451640849043012733&g_mp=Cilnb29nbGUubWFwcy5wbGFjZXMudjEuUGxhY2VzLlNlYXJjaE5lYXJieRACGAQgAA
BLESSINGS S 14/7,consultant,9810149014,,"S 14/7, DLF Phase 3, Sector 24, Gurugram, Haryana 122010, India",5,1,https://maps.google.com/?cid=1497716314052080996&g_mp=Cilnb29nbGUubWFwcy5wbGFjZXMudjEuUGxhY2VzLlNlYXJjaE5lYXJieRACGAQgAA
Bharat Properties,service,9873080958,,"Shop No., Rao Bharat Singh Market, Sector 18 Sarhaul Gurugram, Gurugram, Sarhaul, Sector 18, Gurugram, Haryana 122015, India",5,1,https://maps.google.com/?cid=6434053185429109430&g_mp=Cilnb29nbGUubWFwcy5wbGFjZXMudjEuUGxhY2VzLlNlYXJjaE5lYXJieRACGAQgAA
Rao Transport Services,moving_company,9711580039,,"7B, Sub. Major Laxmi Chand Rd, Sector 37, Maruti Udyog, Sector 18, Gurugram, Haryana 122015, India",5,1,https://maps.google.com/?cid=13108516061659963964&g_mp=Cilnb29nbGUubWFwcy5wbGFjZXMudjEuUGxhY2VzLlNlYXJjaE5lYXJieRACGAQgAA
Gauri Shankar,restaurant,7979765098,,"H.No 220, Sector 37, Maruti Udyog, Sector 18, Sarhol, Gurugram, Haryana 122015, India",5,1,https://maps.google.com/?cid=690500417225313692&g_mp=Cilnb29nbGUubWFwcy5wbGFjZXMudjEuUGxhY2VzLlNlYXJjaE5lYXJieRACGAQgAA
Parmananda Ayurveda Panchkarma & Physiotherapy Centre,medical_clinic,7015826490,,"18, Delhi, F3Vf+896, Msil Internal Road, Maruti Udyog, Sector 18, Gurugram Delhi, NCR, Maruti Udyog, Sector 18, Gurugram, Haryana 122015, India",5,1,https://maps.google.com/?cid=7224401278646907935&g_mp=Cilnb29nbGUubWFwcy5wbGFjZXMudjEuUGxhY2VzLlNlYXJjaE5lYXJieRACGAQgAA
Royal Star Fashion,clothing_store,9213795842,,"Galli Number 37, DLF Phase 3, Sector 24, Gurugram, Haryana 122002, India",5,1,https://maps.google.com/?cid=15403114412415874689&g_mp=Cilnb29nbGUubWFwcy5wbGFjZXMudjEuUGxhY2VzLlNlYXJjaE5lYXJieRACGAQgAA
Purniya Clinic,medical_clinic,9289042045,,"772, NCR, near Rbs Hospital, Balveer Market, U Block, Nathupur, Sector 24, Gurugram, Region, Haryana 122002, India",5,1,https://maps.google.com/?cid=7193485291572700092&g_mp=Cilnb29nbGUubWFwcy5wbGFjZXMudjEuUGxhY2VzLlNlYXJjaE5lYXJieRACGAQgAA
Om Prakash Mandal,bakery,7065688663,,"5, Balveer Market, U Block, DLF Phase 3, Sector 24, Gurugram, Haryana 122002, India",5,1,https://maps.google.com/?cid=10481617225190059216&g_mp=Cilnb29nbGUubWFwcy5wbGFjZXMudjEuUGxhY2VzLlNlYXJjaE5lYXJieRACGAQgAA
Gem Sanskriti,jewelry_store,7266052344,,"9, T 29 Rd, DLF Phase 3, Sector 24, Gurugram, Haryana 122010, India",5,1,https://maps.google.com/?cid=7496033751162714500&g_mp=Cilnb29nbGUubWFwcy5wbGFjZXMudjEuUGxhY2VzLlNlYXJjaE5lYXJieRACGAQgAA
STEPiNN ACME,hotel,9899479622,,"S5/16, DLF PHASE-3, SECTOR 24, GURGAON Gurgaon, DLF Phase 3, Sector 24, Gurugram, Haryana 122002, India",3,1,https://maps.google.com/?cid=14685398098869341732&g_mp=Cilnb29nbGUubWFwcy5wbGFjZXMudjEuUGxhY2VzLlNlYXJjaE5lYXJieRACGAQgAA
Blackstorm Event & Entertainment,,9873318982,https://www.blackstormevents.com/,"6 Basement, T -15 Rd, T Block, DLF Phase 3, Sector 24, Gurugram, Haryana 122001, India",5,1,https://maps.google.com/?cid=16066656829038590819&g_mp=Cilnb29nbGUubWFwcy5wbGFjZXMudjEuUGxhY2VzLlNlYXJjaE5lYXJieRACGAQgAA
Weddingaro,wedding_venue,7290006773,http://weddingaro.com/,"37, Siris Rd, T Block, DLF Phase 3, Sector 24, Gurugram, Haryana 122002, India",3,1,https://maps.google.com/?cid=3748332163537240361&g_mp=Cilnb29nbGUubWFwcy5wbGFjZXMudjEuUGxhY2VzLlNlYXJjaE5lYXJieRACGAQgAA
YELLOWWOOD CORPORATIONS PVT. LTD.,employment_agency,9431120399,http://yellowood.co.in/,"Plot No.-75, Phase IV, Udyog Vihar, Sector 18, Gurugram, Haryana 122015, India",5,1,https://maps.google.com/?cid=15127051399926245448&g_mp=Cilnb29nbGUubWFwcy5wbGFjZXMudjEuUGxhY2VzLlNlYXJjaE5lYXJieRACGAQgAA
MLM Software Company in Haryana,service,7037395111,http://mlmsoftwarecompany.in/,"5th Floor, 8B, DLF Cyber City, DLF Phase 2, Sector 24, Gurugram, Haryana 122002, India",5,1,https://maps.google.com/?cid=15322608967607860388&g_mp=Cilnb29nbGUubWFwcy5wbGFjZXMudjEuUGxhY2VzLlNlYXJjaE5lYXJieRACGAQgAA
Data entry solutions,government_office,7573081682,,"26, DLF Tower 8th Rd, DLF Cyber City, DLF Phase 2, Sector 24, Gurugram, Haryana 122002, India",1,1,https://maps.google.com/?cid=9130759057817511608&g_mp=Cilnb29nbGUubWFwcy5wbGFjZXMudjEuUGxhY2VzLlNlYXJjaE5lYXJieRACGAQgAA
SquareAlley Spaces,finance,9871728883,https://www.squarealley.in/,"Galli No. 15, U Block, DLF Phase 3, Sector 24, Gurugram, Haryana 122010, India",5,1,https://maps.google.com/?cid=8854318670474925775&g_mp=Cilnb29nbGUubWFwcy5wbGFjZXMudjEuUGxhY2VzLlNlYXJjaE5lYXJieRACGAQgAA
Travel League,travel_agency,9650103767,http://www.travelleague.in/,"U-23 Road, U Block, DLF Phase 3, Sector 24, Gurugram, Haryana 122002, India",5,1,https://maps.google.com/?cid=17700626789573327897&g_mp=Cilnb29nbGUubWFwcy5wbGFjZXMudjEuUGxhY2VzLlNlYXJjaE5lYXJieRACGAQgAA
SUNIL KUMAR,chauffeur_service,9811556683,,"Sai Mandir, UG-9, Moulsari Ave, DLF Phase 3, Sector 24, Gurugram, Haryana 122002, India",5,1,https://maps.google.com/?cid=9258003069066082582&g_mp=Cilnb29nbGUubWFwcy5wbGFjZXMudjEuUGxhY2VzLlNlYXJjaE5lYXJieRACGAQgAA
Authoriseddealer,service,9999121121,http://authoriseddealer.com/,"249G First, AIHP Tower, Phase IV, Udyog Vihar, Sector 18, Gurugram, Haryana 122015, India",4,1,https://maps.google.com/?cid=9978349214997340521&g_mp=Cilnb29nbGUubWFwcy5wbGFjZXMudjEuUGxhY2VzLlNlYXJjaE5lYXJieRACGAQgAA
Hotdoggin Foods LLP,fast_food_restaurant,9667446867,,"BT India, 8th Floor, Building No 14, DLF Cyber City DLF Phase 3, Sector 24, Gurgaon, Haryana - 122022, DLF Cyber City, DLF Phase 2, Sector 24, Gurugram, Haryana 122002, India",4,1,https://maps.google.com/?cid=11897200396905236334&g_mp=Cilnb29nbGUubWFwcy5wbGFjZXMudjEuUGxhY2VzLlNlYXJjaE5lYXJieRACGAQgAA
India Photo Archive,association_or_organization,9810009099,http://indiaphotoarchive.org/,"T 23, 5, DLF Phase 3, Sector 24, Gurugram, Haryana 122002, India",5,1,https://maps.google.com/?cid=3655425619705150618&g_mp=Cilnb29nbGUubWFwcy5wbGFjZXMudjEuUGxhY2VzLlNlYXJjaE5lYXJieRACGAQgAA
HisabBooks,corporate_office,9896878425,,"37/24, V Block, Moulsari Avenue Road, DLF Phase 3, DLF Phase 3, Sector 24, Gurugram, Haryana 122002, India",5,1,https://maps.google.com/?cid=15831146858300501980&g_mp=Cilnb29nbGUubWFwcy5wbGFjZXMudjEuUGxhY2VzLlNlYXJjaE5lYXJieRACGAQgAA
Between 2 buns,restaurant,9809000901,,"V-23/1, V block, Sector 24, DLF phase 3 Gurgaon - 122001, DLF Phase 3, Sector 24, Gurugram, Haryana 122002, India",5,1,https://maps.google.com/?cid=9832644792909154820&g_mp=Cilnb29nbGUubWFwcy5wbGFjZXMudjEuUGxhY2VzLlNlYXJjaE5lYXJieRACGAQgAA
Rajinder Arora Home Office,service,9810018857,http://www.ishtihaar.com/,"V 6/14, DLF Phase 3, Sector 24, Gurugram, Haryana 122010, India",3,1,https://maps.google.com/?cid=13891106576471869998&g_mp=Cilnb29nbGUubWFwcy5wbGFjZXMudjEuUGxhY2VzLlNlYXJjaE5lYXJieRACGAQgAA
AlzaSyno Life Sciences,manufacturer,9266859299,https://alzasyno.com/,"378-379, Electronic City, Phase IV, Udyog Vihar, Sector 19, Gurugram, Haryana 122015, India",1,1,https://maps.google.com/?cid=4127558198119623396&g_mp=Cilnb29nbGUubWFwcy5wbGFjZXMudjEuUGxhY2VzLlNlYXJjaE5lYXJieRACGAQgAA
Sriram Cables Private Limited,corporate_office,8875028951,https://www.sriramcables.com/,"378-379, Electronic City, Phase IV, Udyog Vihar, Sector 18, Gurugram, Haryana 122015, India",5,1,https://maps.google.com/?cid=16542285923336500060&g_mp=Cilnb29nbGUubWFwcy5wbGFjZXMudjEuUGxhY2VzLlNlYXJjaE5lYXJieRACGAQgAA
Pushpendra Tea Stall,restaurant,9870755437,,"Shop No.55, Phase IV, Udyog Vihar, Sector 19, Gurugram, Haryana 122015, India",5,1,https://maps.google.com/?cid=3460482523470694298&g_mp=Cilnb29nbGUubWFwcy5wbGFjZXMudjEuUGxhY2VzLlNlYXJjaE5lYXJieRACGAQgAA
Septic And Sewage Tank Cleaners Gurgaon Co,service,8796479658,,"604, Phase III, Udyog Vihar, Sector 19, Gurugram, Haryana 122015, India",5,1,https://maps.google.com/?cid=2191959606966372146&g_mp=Cilnb29nbGUubWFwcy5wbGFjZXMudjEuUGxhY2VzLlNlYXJjaE5lYXJieRACGAQgAA
Social India Craft,corporate_office,8448809111,,"612, 3rd Floor, Udyog Vihar Phase - V, Udyog Vihar 3, Udyog Vihar, Sector 19, Gurugram, Haryana 122016, India",5,1,https://maps.google.com/?cid=11282383065134675858&g_mp=Cilnb29nbGUubWFwcy5wbGFjZXMudjEuUGxhY2VzLlNlYXJjaE5lYXJieRACGAQgAA
NUFA,corporate_office,9667821110,,"846 – Ground Floor, Udyog Vihar Phase V Rd, Phase V, Udyog Vihar, Sector 19, Gurugram, Haryana 122016, India",1,1,https://maps.google.com/?cid=15440164984753360784&g_mp=Cilnb29nbGUubWFwcy5wbGFjZXMudjEuUGxhY2VzLlNlYXJjaE5lYXJieRACGAQgAA
Himalayan Leaf Pvt Ltd.,corporate_office,8048603265,http://himalayan-leaf.in/,"B-85, 1st Floor, Udyog Vihar Phase V Rd, Phase V, Udyog Vihar, Sector 19, Gurugram, Haryana 122016, India",3,1,https://maps.google.com/?cid=8438188538124111965&g_mp=Cilnb29nbGUubWFwcy5wbGFjZXMudjEuUGxhY2VzLlNlYXJjaE5lYXJieRACGAQgAA
Anmol Food,fast_food_restaurant,9205182542,,"Shop 1, Shankar Chowk Rd, Phase V, DLF Phase 3, Sector 19, Gurugram, Haryana 122016, India",5,1,https://maps.google.com/?cid=9620871323013025098&g_mp=Cilnb29nbGUubWFwcy5wbGFjZXMudjEuUGxhY2VzLlNlYXJjaE5lYXJieRACGAQgAA
Needleads,service,8750500075,https://theneedleads.com/,"Block 5, unit number 819 8th floor, Commercial Site, DLF City Phase 3 Rd, Ambience Island, Sector 25 A, Sector 24, Gurugram, Haryana 122002, India",5,1,https://maps.google.com/?cid=9001570182434302523&g_mp=Cilnb29nbGUubWFwcy5wbGFjZXMudjEuUGxhY2VzLlNlYXJjaE5lYXJieRACGAQgAA
Apna Mech Bike Service Center DLF,car_repair,8001700157,https://apnamech.com/gurgaon/,"Rapid Metro Station Moulsari Avenue, Main Road, DLF Phase 3, Sector 24, Gurugram, Haryana 122002, India",5,1,https://maps.google.com/?cid=5806261045997745293&g_mp=Cilnb29nbGUubWFwcy5wbGFjZXMudjEuUGxhY2VzLlNlYXJjaE5lYXJieRACGAQgAA
Sweven football Academy Dlf phase 3 Gurugram,sports_club,8527701544,https://www.swevenfootballacademy.com/,"near ADOT, Ambience Island, DLF Phase 3, Sector 24, Gurugram, Haryana 122010, India",5,1,https://maps.google.com/?cid=18065190526750872156&g_mp=Cilnb29nbGUubWFwcy5wbGFjZXMudjEuUGxhY2VzLlNlYXJjaE5lYXJieRACGAQgAA
Solar Fresh,corporate_office,7889145677,http://solarfresh.in/,"419, IDPL Twp, Udyog Vihar, Sector 19, Gurugram, Haryana 122016, India",5,1,https://maps.google.com/?cid=4762585745832433740&g_mp=Cilnb29nbGUubWFwcy5wbGFjZXMudjEuUGxhY2VzLlNlYXJjaE5lYXJieRACGAQgAA
HDFC Securities - Dlf Cyber Park Branch,finance,9240237953,https://www.hdfcsec.com/,"No 27, Ground Floor Block C, DLF Cyber Park, Phase II, Udyog Vihar, Sector 20, Gurugram, Haryana 122016, India",1,1,https://maps.google.com/?cid=6644893435598840672&g_mp=Cilnb29nbGUubWFwcy5wbGFjZXMudjEuUGxhY2VzLlNlYXJjaE5lYXJieRACGAQgAA
Sehrawat Electrical Works,service,9818708990,,"Main Palam Gurgaon Road, Ambience Island, Dundahear, Sector 24, Gurugram, Haryana 122016, India",5,1,https://maps.google.com/?cid=3673787181835513107&g_mp=Cilnb29nbGUubWFwcy5wbGFjZXMudjEuUGxhY2VzLlNlYXJjaE5lYXJieRACGAQgAA
On The Go | Downtown 4,cafe,9220484888,,"GROUND FLOOR, DLF DOWNTOWN, 4, Sector 25A, Ambience Island, DLF Phase 3, Sector 24, Gurugram, Haryana 122001, India",5,1,https://maps.google.com/?cid=17796248266087076046&g_mp=Cilnb29nbGUubWFwcy5wbGFjZXMudjEuUGxhY2VzLlNlYXJjaE5lYXJieRACGAQgAA
POLY-GRIP V-BELTS,wholesaler,9810008807,http://www.poly-grip.com/,"323, Phase II, Udyog Vihar, Sector 20, Gurugram, Haryana 122016, India",5,1,https://maps.google.com/?cid=1386918258551481596&g_mp=Cilnb29nbGUubWFwcy5wbGFjZXMudjEuUGxhY2VzLlNlYXJjaE5lYXJieRACGAQgAA
Bombae,,7303488233,http://mybombae.in/,"5th Floor, Gulf Adiba, Plot Number 272, Phase II, Udyog Vihar, Sector 20, Gurugram, Haryana 122016, India",1,1,https://maps.google.com/?cid=16718134005953781570&g_mp=Cilnb29nbGUubWFwcy5wbGFjZXMudjEuUGxhY2VzLlNlYXJjaE5lYXJieRACGAQgAA
Rufa Beauty,cosmetics_store,9082021558,https://rufabeauty.com/,"7th Floor, Ambience Mall, Ambience Island, DLF Phase 3, Sector 24, Gurugram, Haryana 122010, India",5,1,https://maps.google.com/?cid=14817546774539448601&g_mp=Cilnb29nbGUubWFwcy5wbGFjZXMudjEuUGxhY2VzLlNlYXJjaE5lYXJieRACGAQgAA
The Gifting Edit,gift_shop,8130752709,http://www.thegiftingedit.co/,"Block C, Sushant Lok Phase I, Kanahi, Gurugram, Haryana 122002, India",,,https://maps.google.com/?cid=1474718036315632061&g_mp=Cilnb29nbGUubWFwcy5wbGFjZXMudjEuUGxhY2VzLlNlYXJjaE5lYXJieRACGAQgAA
Edify Learning,corporate_office,9177744117,,"747 b, Block C, Sushant Lok Phase I, Sector 43, Gurugram, Haryana 122009, India",,,https://maps.google.com/?cid=2811789429607113505&g_mp=Cilnb29nbGUubWFwcy5wbGFjZXMudjEuUGxhY2VzLlNlYXJjaE5lYXJieRACGAQgAA
Zynah Overseas,corporate_office,8595830598,,"236 D block, Block C2, Sushant Lok Phase I, Sector 43, Gurugram, Haryana 122009, India",,,https://maps.google.com/?cid=14298157437975322728&g_mp=Cilnb29nbGUubWFwcy5wbGFjZXMudjEuUGxhY2VzLlNlYXJjaE5lYXJieRACGAQgAA
Luxurynest,real_estate_agency,9667435358,https://luxurynest.vercel.app/,"plot no 469, Sector 43, Gurugram, Haryana 122001, India",,,https://maps.google.com/?cid=4839544854224026672&g_mp=Cilnb29nbGUubWFwcy5wbGFjZXMudjEuUGxhY2VzLlNlYXJjaE5lYXJieRACGAQgAA
Speedex Packers And Movers Gurgaon,transportation_service,8796965701,,"Shop No 16/D, Sector 43, Gurugram, Haryana 122009, India",,,https://maps.google.com/?cid=17675152508526484103&g_mp=Cilnb29nbGUubWFwcy5wbGFjZXMudjEuUGxhY2VzLlNlYXJjaE5lYXJieRACGAQgAA
RK Film Studio,furniture_store,9911405056,,"Sector Road, Sector 46, South City II, Sector 49, Sector 43, Gurugram, Haryana 122018, India",,,https://maps.google.com/?cid=8593273847295104839&g_mp=Cilnb29nbGUubWFwcy5wbGFjZXMudjEuUGxhY2VzLlNlYXJjaE5lYXJieRACGAQgAA
ElectricPe Charging Station,electric_vehicle_charging_station,8147060222,https://electricpe.com/ev-charging-station/smartworks-golf-view?utm_source=google_map_listing&utm_medium=referral,"Golf View Corporate Tower B, Sector 42, Gurugram, Haryana 122009, India",,,https://maps.google.com/?cid=10823219884834460254&g_mp=Cilnb29nbGUubWFwcy5wbGFjZXMudjEuUGxhY2VzLlNlYXJjaE5lYXJieRACGAQgAA
SMC Global Securities Limited,finance,8069213557,https://store.smctradeonline.com/smc-global-securities-limited-stock-broker-sector-42-gurugram-576260/Home?utm_source=locator&utm_medium=googleplaces,"Golf View Corporate Tower B, 2nd Floor, DLF QE, Sector 42, Gurugram, Haryana 122002, India",,,https://maps.google.com/?cid=17640795200676536231&g_mp=Cilnb29nbGUubWFwcy5wbGFjZXMudjEuUGxhY2VzLlNlYXJjaE5lYXJieRACGAQgAA
TalbotFORCE,service,7982788556,https://talbotforce.com/,"1st Floor, TOWER-B, Metro Station, 42-43, Smartworks GVT, Sector 42, Gurugram, Haryana 122009, India",,,https://maps.google.com/?cid=11067518668372573578&g_mp=Cilnb29nbGUubWFwcy5wbGFjZXMudjEuUGxhY2VzLlNlYXJjaE5lYXJieRACGAQgAA
Dr.(Prof.) Sumiet Snha,consultant,8448877746,https://www.drsumitsinha.com/,"B Block, near Huda City Center, Sushant Lok Phase I, Sector 43, Gurugram, Haryana 122009, India",,,https://maps.google.com/?cid=13598349994169316111&g_mp=Cilnb29nbGUubWFwcy5wbGFjZXMudjEuUGxhY2VzLlNlYXJjaE5lYXJieRACGAQgAA
Seema Mukherjee | Accupressure Practitioner,service,9899300129,,"B-728, 2nd Floor, OPD 5, Ph 1, Santosh Plaza, Sushant Lok Rd, Sector 27, Sector 43, Gurugram, Haryana 122009, India",,,https://maps.google.com/?cid=13818193682889614412&g_mp=Cilnb29nbGUubWFwcy5wbGFjZXMudjEuUGxhY2VzLlNlYXJjaE5lYXJieRACGAQgAA
City Drugs,pharmacy,9871591200,,"F36M+28X, The Orchid Crescent, Block C, Sushant Lok Phase I, Sector 43, Gurugram, Haryana 122009, India",,,https://maps.google.com/?cid=15378699077434628996&g_mp=Cilnb29nbGUubWFwcy5wbGFjZXMudjEuUGxhY2VzLlNlYXJjaE5lYXJieRACGAQgAA
Nirmal Meditative Circle,school,7838006464,,"2nd Floor, 8111, Bougainvillea St, Block C2, DLF Phase IV, Sector 43, Gurugram, Haryana 122002, India",,,https://maps.google.com/?cid=16270269730469056195&g_mp=Cilnb29nbGUubWFwcy5wbGFjZXMudjEuUGxhY2VzLlNlYXJjaE5lYXJieRACGAQgAA
Banee's Learning Center,educational_institution,9910887118,http://www.learnwithbanee.com/,"7508, Bougainvillea St, Block C2, DLF Garden Villas, Basement, Gurugram, Haryana 122009, India",,,https://maps.google.com/?cid=2543005230625062552&g_mp=Cilnb29nbGUubWFwcy5wbGFjZXMudjEuUGxhY2VzLlNlYXJjaE5lYXJieRACGAQgAA
Kriya Veda™️ ( Purity that Heals),store,9870555300,https://www.kriyaveda.in/,"Regency Park-1, Block C2, DLF Phase IV, Sector 43, Gurugram, Haryana 122009, India",,,https://maps.google.com/?cid=8581544525915084004&g_mp=Cilnb29nbGUubWFwcy5wbGFjZXMudjEuUGxhY2VzLlNlYXJjaE5lYXJieRACGAQgAA
Pragati Gold Masale,wholesaler,9873882555,,"Second Floor, Regency Park-1, Flat n0 206, Block C2, DLF Phase IV, Sector 43, Gurugram, Haryana 122001, India",,,https://maps.google.com/?cid=17479319359478292435&g_mp=Cilnb29nbGUubWFwcy5wbGFjZXMudjEuUGxhY2VzLlNlYXJjaE5lYXJieRACGAQgAA
ITALIAN TECHNOLOGY CENTER,association_or_organization,7972774470,http://www.itc-india.in/,"9019 DLF PHASE 4, Ground Floor, near Jain Mandir, DLF Garden Villas, Sector 43, Gurugram, Haryana 122009, India",,,https://maps.google.com/?cid=7577190043939376648&g_mp=Cilnb29nbGUubWFwcy5wbGFjZXMudjEuUGxhY2VzLlNlYXJjaE5lYXJieRACGAQgAA
"Police Station, Sector 43",government_office,9205892112,https://gurgaon.haryanapolice.gov.in/index,"84, DLF Phase 5, Sector 43, Gurugram, Haryana 122009, India",,,https://maps.google.com/?cid=5891101533344618224&g_mp=Cilnb29nbGUubWFwcy5wbGFjZXMudjEuUGxhY2VzLlNlYXJjaE5lYXJieRACGAQgAA
"Vinod Tiwari Rapido,Uber,Raider",service,8447750786,,"House No 76, 5, DLF Phase 1, Sector 43, Gurugram, Haryana 122009, India",,,https://maps.google.com/?cid=12644682909345736164&g_mp=Cilnb29nbGUubWFwcy5wbGFjZXMudjEuUGxhY2VzLlNlYXJjaE5lYXJieRACGAQgAA
MEHRA BUILDTECH,general_contractor,7696756458,,"410, Basement, Golf Course Rd, Sector 42, Gurugram, Haryana 122009, India",,,https://maps.google.com/?cid=17293490566244856456&g_mp=Cilnb29nbGUubWFwcy5wbGFjZXMudjEuUGxhY2VzLlNlYXJjaE5lYXJieRACGAQgAA
Kalyra AI Labs,service,9953360965,https://www.kalyxailabs.com/,"Fl 3, Shiv Nadar School, 525T, Landmark:, Sector 42, Gurugram, Haryana 122009, India",,,https://maps.google.com/?cid=2193575686069650357&g_mp=Cilnb29nbGUubWFwcy5wbGFjZXMudjEuUGxhY2VzLlNlYXJjaE5lYXJieRACGAQgAA
Imprint Engine Gurugram,manufacturer,9910229962,https://imprintengine.com/,"2nd Floor, B-681, Sushant Lok Phase I, Sector 43, Gurugram, Haryana 122009, India",,,https://maps.google.com/?cid=9442550914942641341&g_mp=Cilnb29nbGUubWFwcy5wbGFjZXMudjEuUGxhY2VzLlNlYXJjaE5lYXJieRACGAQgAA
Tarot Divine Blessings,astrologer,9897472571,,"Sushant Lok Phase I, Sector 43, Gurugram, Haryana 122009, India",,,https://maps.google.com/?cid=16816639149533191378&g_mp=Cilnb29nbGUubWFwcy5wbGFjZXMudjEuUGxhY2VzLlNlYXJjaE5lYXJieRACGAQgAA
Truecaller Gurgaon Office,corporate_office,9899260740,http://www.truecaller.com/,"F37G+5V9, Sushant Lok Phase I, Sector 43, Gurugram, Haryana 122009, India",,,https://maps.google.com/?cid=1619782498039322108&g_mp=Cilnb29nbGUubWFwcy5wbGFjZXMudjEuUGxhY2VzLlNlYXJjaE5lYXJieRACGAQgAA
ProGamminghub.in,,6377822540,https://progamminghub.in/,"Sushant Lok Phase I, Sector 43, Gurugram, Haryana 122009, India",,,https://maps.google.com/?cid=5438557321834350991&g_mp=Cilnb29nbGUubWFwcy5wbGFjZXMudjEuUGxhY2VzLlNlYXJjaE5lYXJieRACGAQgAA
Gurugram Affordable Shops,corporate_office,9810239739,http://gurugramaffordableshops.com/,"F37G+5V9, Sushant Lok Phase I, Sector 43, Gurugram, Haryana 122009, India",,,https://maps.google.com/?cid=8007251892071661761&g_mp=Cilnb29nbGUubWFwcy5wbGFjZXMudjEuUGxhY2VzLlNlYXJjaE5lYXJieRACGAQgAA
FULL CIRCLE HEALTH CARE,health,9910930108,http://www.puranchakkra.com/,"5506, The Orchid Crescent, DLF Phase IV, Gurugram, Haryana 122002, India",,,https://maps.google.com/?cid=9321084626536604021&g_mp=Cilnb29nbGUubWFwcy5wbGFjZXMudjEuUGxhY2VzLlNlYXJjaE5lYXJieRACGAQgAA
The Bambooshoots Club,clothing_store,9456995876,https://bambooshootsclub.com/,"Floor No : 1st Floor, Building No: 7311, DLF Phase IV, Gurugram, Haryana 122009, India",,,https://maps.google.com/?cid=13594065016534632660&g_mp=Cilnb29nbGUubWFwcy5wbGFjZXMudjEuUGxhY2VzLlNlYXJjaE5lYXJieRACGAQgAA
Ramraj,food_store,7380722561,,"547, Sector 30 M Wide Main Rd, near Chowki, Sector 27, Sector 43, Gurugram, Haryana 122009, India",,,https://maps.google.com/?cid=14242674092225329771&g_mp=Cilnb29nbGUubWFwcy5wbGFjZXMudjEuUGxhY2VzLlNlYXJjaE5lYXJieRACGAQgAA
Consider Done Consultants Limited,service,9867816051,https://considerdone.in/,"754, 1st Floor, Sector 42, Gurugram, Haryana 122009, India",,,https://maps.google.com/?cid=4572910506543686098&g_mp=Cilnb29nbGUubWFwcy5wbGFjZXMudjEuUGxhY2VzLlNlYXJjaE5lYXJieRACGAQgAA
Cloudberry Labs,service,8287068329,https://www.cloudberrylabs.in/,"754, Sector 42 Main Rd, Sector 42, Gurugram, Haryana 122009, India",,,https://maps.google.com/?cid=17882588767807830891&g_mp=Cilnb29nbGUubWFwcy5wbGFjZXMudjEuUGxhY2VzLlNlYXJjaE5lYXJieRACGAQgAA
WaterMarc,,9811774654,http://www.watermarc.ai/,"1st Floor, TOWER-A, MILLENNIUM PLAZA, Unit No. 101, Sector 27, Sector 43, Gurugram, Haryana 122009, India",,,https://maps.google.com/?cid=9184348720372880693&g_mp=Cilnb29nbGUubWFwcy5wbGFjZXMudjEuUGxhY2VzLlNlYXJjaE5lYXJieRACGAQgAA
Ridge Valley School,school,9650090345,https://ridgevalleyschool.org/,"4111 4112, DLF Phase IV, Gurugram, Haryana 122009, India",,,https://maps.google.com/?cid=1323996266295141224&g_mp=Cilnb29nbGUubWFwcy5wbGFjZXMudjEuUGxhY2VzLlNlYXJjaE5lYXJieRACGAQgAA
Pooja Taxi,car_rental,9728247506,,"EWS Ridgewood, DLF Phase IV, Gurugram, Haryana 122009, India",,,https://maps.google.com/?cid=15321582792736221456&g_mp=Cilnb29nbGUubWFwcy5wbGFjZXMudjEuUGxhY2VzLlNlYXJjaE5lYXJieRACGAQgAA
RD Digital India,service,9119353965,,"114, REGENCY PARK-2, 2, रीजेंसी पार्क मार्ग, DLF फेस IV, गुरुग्राम, हरियाणा 122009, India",,,https://maps.google.com/?cid=6535791823427134425&g_mp=Cilnb29nbGUubWFwcy5wbGFjZXMudjEuUGxhY2VzLlNlYXJjaE5lYXJieRACGAQgAA
Triaksha Techno Consults,corporate_office,9811211556,http://www.triaksha.in/,"X 171, 2, Regency Park Road, DLF Phase IV, Gurugram, Haryana 122009, India",,,https://maps.google.com/?cid=11103332156283703612&g_mp=Cilnb29nbGUubWFwcy5wbGFjZXMudjEuUGxhY2VzLlNlYXJjaE5lYXJieRACGAQgAA
Aakaar Holistic Home Care,health,7988747886,http://aakaarholistichomecare.com/,"SCO. 400, Sector 27, Gurugram, Haryana 122009, India",,,https://maps.google.com/?cid=15137724890016356269&g_mp=Cilnb29nbGUubWFwcy5wbGFjZXMudjEuUGxhY2VzLlNlYXJjaE5lYXJieRACGAQgAA
Sandbox Ads,service,9717073760,https://sandboxads-apps.com/,"Wework – HQ-27 Sushant Lok Phase I, Sector 27 Gurugram Haryana - 122003, Sector 27, Gurugram, Haryana 122009, India",,,https://maps.google.com/?cid=4961569293528461742&g_mp=Cilnb29nbGUubWFwcy5wbGFjZXMudjEuUGxhY2VzLlNlYXJjaE5lYXJieRACGAQgAA
Soil and soul organic,farm,9319737979,,"Sector 27, Gurugram, Haryana 122002, India",,,https://maps.google.com/?cid=5346523671151929057&g_mp=Cilnb29nbGUubWFwcy5wbGFjZXMudjEuUGxhY2VzLlNlYXJjaE5lYXJieRACGAQgAA
Wadhwa residency,hotel,9910179479,,"E 2/12, Bodhi Marg, Block F, DLF Phase 1, Sector 26A, Gurugram, Haryana 122002, India",,,https://maps.google.com/?cid=4729293865369697123&g_mp=Cilnb29nbGUubWFwcy5wbGFjZXMudjEuUGxhY2VzLlNlYXJjaE5lYXJieRACGAQgAA
Venture X Sec 29,coworking_space,9650507442,https://venturexindia.com/location/venturex-sector-29/,"389-390, Sector 29, Gurugram, Haryana 122009, India",,,https://maps.google.com/?cid=2327901319954254140&g_mp=Cilnb29nbGUubWFwcy5wbGFjZXMudjEuUGxhY2VzLlNlYXJjaE5lYXJieRACGAQgAA
St. Xaviers Blessings,school,8588089999,,"Plot 4103, 04, near Galleria Market, Sector 28, DLF City IV, Gurugram, Haryana 122009, India",,,https://maps.google.com/?cid=51321673861108803&g_mp=Cilnb29nbGUubWFwcy5wbGFjZXMudjEuUGxhY2VzLlNlYXJjaE5lYXJieRACGAQgAA
Gitanjali International School,school,9311226080,https://gitanjaliinternationalschooldlf.com/,"04, F3CH+6Q9, near Galleria Market, Sector 28, DLF Phase IV, Gurugram, Haryana 122009, India",,,https://maps.google.com/?cid=10673368203907671163&g_mp=Cilnb29nbGUubWFwcy5wbGFjZXMudjEuUGxhY2VzLlNlYXJjaE5lYXJieRACGAQgAA
Bhatia Properties,general_contractor,9811116650,http://bhatiarealty.com/,"1221, Basement, Sector 28, DLF Phase IV, Gurugram, Haryana 122009, India",,,https://maps.google.com/?cid=3913856712007833393&g_mp=Cilnb29nbGUubWFwcy5wbGFjZXMudjEuUGxhY2VzLlNlYXJjaE5lYXJieRACGAQgAA
Dr Vishwadeep Sharma Orthopedic Surgeon Gurgaon,doctor,9818667368,https://www.delhishoulderandknee.com/knee-gurgaon/,"Crosspoint Mall, 7th Floor, Room No 1, 702-703, Sector 28, DLF City IV, Gurugram, Haryana 122009, India",,,https://maps.google.com/?cid=3910725867132845300&g_mp=Cilnb29nbGUubWFwcy5wbGFjZXMudjEuUGxhY2VzLlNlYXJjaE5lYXJieRACGAQgAA
"Dr Neeraj Comprehensive Spine Clinic Gurugram , Best Spine Doctor in Gurgaon, Best Spine Doctor in Gurugram",doctor,9643384676,,"Mediscape, 702-703, 7th Floor, DLF Cross Point Mall, Sector 28, DLF Phase IV, Gurugram, Haryana 122009, India",,,https://maps.google.com/?cid=12672440870693717816&g_mp=Cilnb29nbGUubWFwcy5wbGFjZXMudjEuUGxhY2VzLlNlYXJjaE5lYXJieRACGAQgAA
Cognizen care clinic,doctor,9599595489,,"506, 5th floor, Crosspoint Mall, Sector 28, DLF Phase IV, Gurugram, Haryana 122002, India",,,https://maps.google.com/?cid=8629844181365643166&g_mp=Cilnb29nbGUubWFwcy5wbGFjZXMudjEuUGxhY2VzLlNlYXJjaE5lYXJieRACGAQgAA
Kar ades car accessories shop,auto_parts_store,8800916634,,"Shop no 5, Sukhbir Singh market, near Hamilton Court Road, DLF Phase IV, Gurugram, Haryana 122009, India",,,https://maps.google.com/?cid=9745295190750209021&g_mp=Cilnb29nbGUubWFwcy5wbGFjZXMudjEuUGxhY2VzLlNlYXJjaE5lYXJieRACGAQgAA
Home Health Care,health,9990211277,https://omikahealthcare.com/,"office no- 901, Galleria Tower, Sector 28, DLF Phase IV, Gurugram, Haryana 122009, India",,,https://maps.google.com/?cid=1915790187718016735&g_mp=Cilnb29nbGUubWFwcy5wbGFjZXMudjEuUGxhY2VzLlNlYXJjaE5lYXJieRACGAQgAA
Shivam,food_delivery,9250963294,,"Shivam Vita dairy, society, Hamilton Ct Rd, opp. REGENCY PARK-2, Sector 28, DLF City IV, Gurugram, Haryana 122505, India",,,https://maps.google.com/?cid=10860900032943464057&g_mp=Cilnb29nbGUubWFwcy5wbGFjZXMudjEuUGxhY2VzLlNlYXJjaE5lYXJieRACGAQgAA
DLF,corporate_office,8090909171,https://www.dlf.in/,"8, Km THE SHRI RAM SCHOOL 0, Aravali, Sector 28, DLF Phase IV, Gurugram, Haryana 122009, India",,,https://maps.google.com/?cid=5755425596295320405&g_mp=Cilnb29nbGUubWFwcy5wbGFjZXMudjEuUGxhY2VzLlNlYXJjaE5lYXJieRACGAQgAA
Dr. Sanjana Saraf,medical_clinic,9899990972,https://www.sanjanasaraf.com/,"194 P, Hamilton Ct Rd, Sector 27, Landmark:, Gurugram, Haryana 122009, India",,,https://maps.google.com/?cid=16429730496371980599&g_mp=Cilnb29nbGUubWFwcy5wbGFjZXMudjEuUGxhY2VzLlNlYXJjaE5lYXJieRACGAQgAA
ISN AND COMPANY,plumber,8285635556,,"Pot No. 209, Sector 28, Chakkarpur, Gurugram, Haryana 122009, India",,,https://maps.google.com/?cid=15935129378783221587&g_mp=Cilnb29nbGUubWFwcy5wbGFjZXMudjEuUGxhY2VzLlNlYXJjaE5lYXJieRACGAQgAA
"Agilus Diagnostics (formerly SRL) - Sector 27, Gurugram | Blood Test | Full Body Checkup | Pathology Lab",medical_clinic,7703804202,https://agilusdiagnostics.com/,"Plot No 9, Hamilton Court Road, Sector 27, Gurugram Haryana - 122009, Sector 27, Gurugram, Haryana 122022, India",,,https://maps.google.com/?cid=1776135088127301789&g_mp=Cilnb29nbGUubWFwcy5wbGFjZXMudjEuUGxhY2VzLlNlYXJjaE5lYXJieRACGAQgAA
Tinkering - After School Activity Centre,corporate_office,8800911388,,"28°28'05. 77°05'52., 4""N, Rd Number 9, West Punjabi Bagh, Punjabi Bagh, Delhi, Gurugram, Haryana 122002, India",,,https://maps.google.com/?cid=618006554623093665&g_mp=Cilnb29nbGUubWFwcy5wbGFjZXMudjEuUGxhY2VzLlNlYXJjaE5lYXJieRACGAQgAA
Diwani ji all India ambulance service,health,9350592527,,"Block C, Sector 26A, Gurugram, Haryana 122002, India",,,https://maps.google.com/?cid=13006576360298526835&g_mp=Cilnb29nbGUubWFwcy5wbGFjZXMudjEuUGxhY2VzLlNlYXJjaE5lYXJieRACGAQgAA
Complete Bathing Solution,market,9211230134,,"A27/62, DLF Phase 1, Sector 26A, Gurugram, Haryana 122002, India",,,https://maps.google.com/?cid=9890002150050886990&g_mp=Cilnb29nbGUubWFwcy5wbGFjZXMudjEuUGxhY2VzLlNlYXJjaE5lYXJieRACGAQgAA
Chamakandcharms,jewelry_store,8800381888,,"19/2, G Block, DLF Phase 1, Sector 26, Gurugram, Haryana 122002, India",,,https://maps.google.com/?cid=1918126129772371795&g_mp=Cilnb29nbGUubWFwcy5wbGFjZXMudjEuUGxhY2VzLlNlYXJjaE5lYXJieRACGAQgAA
Bhushan Verma,general_store,9250120808,,"Shop No 123, near by Merto Station, Sector 29, Gurugram, Haryana 122009, India",,,https://maps.google.com/?cid=11296843882702376851&g_mp=Cilnb29nbGUubWFwcy5wbGFjZXMudjEuUGxhY2VzLlNlYXJjaE5lYXJieRACGAQgAA
Love Kush Nursery & Garden Centre,garden_center,9331300007,https://lovekushnursery.vercel.app/,"Metro Pillar No. 133, IFFCO Chowk, August Kranti Marg, near Platinum Tower, Sector 29, Gurugram, Haryana 122002, India",,,https://maps.google.com/?cid=17105716743184844895&g_mp=Cilnb29nbGUubWFwcy5wbGFjZXMudjEuUGxhY2VzLlNlYXJjaE5lYXJieRACGAQgAA
sudama pandey,bar,6307747063,,"shop, no 56, Sector 29, Gurugram, Haryana 122009, India",,,https://maps.google.com/?cid=4161049323268283728&g_mp=Cilnb29nbGUubWFwcy5wbGFjZXMudjEuUGxhY2VzLlNlYXJjaE5lYXJieRACGAQgAA
Jubair Ansari,tea_store,9971175171,,"Block A, Sushant Lok Phase I, Sector 43, Gurugram, Haryana 122009, India",,,https://maps.google.com/?cid=14873499190915131069&g_mp=Cilnb29nbGUubWFwcy5wbGFjZXMudjEuUGxhY2VzLlNlYXJjaE5lYXJieRACGAQgAA
Narang Realtors,corporate_office,9810005469,,"First Floor, BLOCK-C, C1-2907B, Block A, Sushant Lok Phase I, Sector 43, Gurugram, Haryana 122009, India",,,https://maps.google.com/?cid=13760949276144267599&g_mp=Cilnb29nbGUubWFwcy5wbGFjZXMudjEuUGxhY2VzLlNlYXJjaE5lYXJieRACGAQgAA
GANPATIESTATE,general_contractor,9711110119,,"house number 04, E-Block, Block A, Sushant Lok Phase I, Sector 43, Gurugram, Haryana 122001, India",,,https://maps.google.com/?cid=1566400231067917570&g_mp=Cilnb29nbGUubWFwcy5wbGFjZXMudjEuUGxhY2VzLlNlYXJjaE5lYXJieRACGAQgAA
Bestech Central Boulevard,corporate_office,9599601283,,"Shop No-25 Ground Floor Adminton Mall Hotel Bristol, A Block, Sector 28, DLF Phase 1, Gurugram, Haryana 122002, India",,,https://maps.google.com/?cid=10907809486858025333&g_mp=Cilnb29nbGUubWFwcy5wbGFjZXMudjEuUGxhY2VzLlNlYXJjaE5lYXJieRACGAQgAA
Roger Travels,travel_agency,7002623287,,"2619, Sector 28, DLF Phase IV, Gurugram, Haryana 122002, India",,,https://maps.google.com/?cid=6506067414950675590&g_mp=Cilnb29nbGUubWFwcy5wbGFjZXMudjEuUGxhY2VzLlNlYXJjaE5lYXJieRACGAQgAA
Saini Readymade and Boot House,shoe_store,7533044822,,"Baba Market, Jaina Market, Sector 28, DLF City IV, Gurugram, Haryana 122002, India",,,https://maps.google.com/?cid=7088281122505581802&g_mp=Cilnb29nbGUubWFwcy5wbGFjZXMudjEuUGxhY2VzLlNlYXJjaE5lYXJieRACGAQgAA
Kirana Genral Store,general_store,9355757193,,"Shop No.1, Vijay Hall, Jaina Market, Sector 28, Chakkarpur, Gurugram, Haryana 122002, India",,,https://maps.google.com/?cid=14643122728359840543&g_mp=Cilnb29nbGUubWFwcy5wbGFjZXMudjEuUGxhY2VzLlNlYXJjaE5lYXJieRACGAQgAA
Pooja clinic,doctor,9971390343,,"Shop no 10, anju market, near Vijay Cinema Hall Road, Sector 28, Chakkarpur, Gurugram, Haryana 122002, India",,,https://maps.google.com/?cid=11900358073300255670&g_mp=Cilnb29nbGUubWFwcy5wbGFjZXMudjEuUGxhY2VzLlNlYXJjaE5lYXJieRACGAQgAA
Rahaman Clinic,medical_clinic,9717173223,,"Vijay Cinema Hall Road, Chakkarpur, opp. R.C.B. Public School, Jaina Market, Sector 28, Chakkarpur, Gurugram, Haryana 122002, India",,,https://maps.google.com/?cid=11386874097093608171&g_mp=Cilnb29nbGUubWFwcy5wbGFjZXMudjEuUGxhY2VzLlNlYXJjaE5lYXJieRACGAQgAA
बबलू हेयर ड्रेसर ब्यूटी सैलून,hair_salon,7906325342,,"F3CP+8J2, Vijay Cinema Hall Rd, Sector 28, DLF City IV, Gurugram, Haryana 122002, India",,,https://maps.google.com/?cid=17570750456826287771&g_mp=Cilnb29nbGUubWFwcy5wbGFjZXMudjEuUGxhY2VzLlNlYXJjaE5lYXJieRACGAQgAA
Dipali Clinic,dental_clinic,8920540909,,"Shop No, 735, Vijay Cinema Hall Rd, Chakkarpur, Sector 28 Chakarpur, Sec 28, Sector 28, Chakkarpur, Gurugram, Haryana 122002, India",,,https://maps.google.com/?cid=17277289064494921503&g_mp=Cilnb29nbGUubWFwcy5wbGFjZXMudjEuUGxhY2VzLlNlYXJjaE5lYXJieRACGAQgAA
PROBITY CORPADVISORS,accounting,9871714933,http://probityca.com/,"55, Third Floor, Metro Station, Golf Crse Rd, Sector 28, DLF Phase 1, Gurugram, Haryana 122002, India",,,https://maps.google.com/?cid=15441796666249006617&g_mp=Cilnb29nbGUubWFwcy5wbGFjZXMudjEuUGxhY2VzLlNlYXJjaE5lYXJieRACGAQgAA
Art Avenue,service,9828059636,https://artavenue.com/,"3rd Floor, B-14/23, DLF Phase 1, Sector 26A, Gurugram, Haryana 122002, India",,,https://maps.google.com/?cid=4665306787051693477&g_mp=Cilnb29nbGUubWFwcy5wbGFjZXMudjEuUGxhY2VzLlNlYXJjaE5lYXJieRACGAQgAA
George’s Dermatology Clinic,doctor,8920764239,,"Block B B, Block B, DLF Phase 1, Sector 26A, Gurugram, Haryana 122002, India",,,https://maps.google.com/?cid=14220303435065788015&g_mp=Cilnb29nbGUubWFwcy5wbGFjZXMudjEuUGxhY2VzLlNlYXJjaE5lYXJieRACGAQgAA
SURI REALTORS,general_contractor,9899899907,,"15/23, Paschim Marg, DLF Phase 1, Sector 26A, Gurugram, Haryana 122002, India",,,https://maps.google.com/?cid=13762457425106808101&g_mp=Cilnb29nbGUubWFwcy5wbGFjZXMudjEuUGxhY2VzLlNlYXJjaE5lYXJieRACGAQgAA
Natural or Nothing,food,9599295211,https://www.naturalornothing.co/,"CEF Group - Tower B, 9th Floor, SAS Tower, near Medanta Hospital, Block B, Sector 26A, Gurugram, Haryana 122002, India",,,https://maps.google.com/?cid=13730345885608487934&g_mp=Cilnb29nbGUubWFwcy5wbGFjZXMudjEuUGxhY2VzLlNlYXJjaE5lYXJieRACGAQgAA
Nilesh Yadav,consultant,9548406807,,"C Block 10/ 2 Arjun Marg, C-BLOCK, Gali Number 10, Block B, Sector 26A, Gurugram, Haryana 122002, India",,,https://maps.google.com/?cid=6324820810062967773&g_mp=Cilnb29nbGUubWFwcy5wbGFjZXMudjEuUGxhY2VzLlNlYXJjaE5lYXJieRACGAQgAA
Technovian Private Limited,womens_clothing_store,9809800323,,"B3, QUTUB PLAZA, 1, Phase, Block A, Sector 26A, Gurugram, Haryana 122002, India",,,https://maps.google.com/?cid=4604967556510384128&g_mp=Cilnb29nbGUubWFwcy5wbGFjZXMudjEuUGxhY2VzLlNlYXJjaE5lYXJieRACGAQgAA
Leadership Asset - OD & Training Consulting,consultant,9810431970,,"Silver Oaks Ave, G Block, DLF Phase 1, Sector 26, Gurugram, Haryana 122002, India",,,https://maps.google.com/?cid=9210326374940284829&g_mp=Cilnb29nbGUubWFwcy5wbGFjZXMudjEuUGxhY2VzLlNlYXJjaE5lYXJieRACGAQgAA
HDFC ERGO Insurance Agent: Mithilesh Kumar Singh,insurance_agency,8045951324,https://agent.hdfcergo.com/hdfc-ergo-insurance-agent-mithilesh-kumar-singh-insurance-broker-aya-nagar-new-delhi-466160/Home?utm_source=locator&utm_medium=googleplaces,"A2/76A, near Kali Mandir, Ishwar Colony, Phase 5, Aya Nagar Extension, Aya Nagar, New Delhi, Delhi 110047, India",,,https://maps.google.com/?cid=4757992363260247355&g_mp=Cilnb29nbGUubWFwcy5wbGFjZXMudjEuUGxhY2VzLlNlYXJjaE5lYXJieRACGAQgAA
Junior Doctor Saurav,hospital,8873934955,,"Paras colony, 320/2, Gali No. 8, Ishwar Colony, Block G, Aya Nagar Extension, Aya Nagar, New Delhi, Delhi 110047, India",,,https://maps.google.com/?cid=546267101133416452&g_mp=Cilnb29nbGUubWFwcy5wbGFjZXMudjEuUGxhY2VzLlNlYXJjaE5lYXJieRACGAQgAA
Smartech Decors,painter,9818760876,http://www.smartechdecors.com/,"Ground Floor, Plot No. 652B, Gali No. 7, Ishwar Colony, Phase 5, Shambhu Colony, Aya Nagar, Mandi Pahari, New Delhi, Delhi 110047, India",,,https://maps.google.com/?cid=4469740889182646764&g_mp=Cilnb29nbGUubWFwcy5wbGFjZXMudjEuUGxhY2VzLlNlYXJjaE5lYXJieRACGAQgAA
DS EXPRESS LOGISTICS,transportation_service,9717794554,http://dsexpress.in/,"House No 268, E Block, Phase 5, Aya Nagar Extension, Aya Nagar, New Delhi, Delhi 110047, India",,,https://maps.google.com/?cid=9962671450426259234&g_mp=Cilnb29nbGUubWFwcy5wbGFjZXMudjEuUGxhY2VzLlNlYXJjaE5lYXJieRACGAQgAA
Wood Expert Interiors,general_contractor,8512060736,,"Basement Floor, OM Tower 2, opp. Huda Ground, Sector 29, Gurugram, Haryana 122022, India",,,https://maps.google.com/?cid=12628337754551186927&g_mp=Cilnb29nbGUubWFwcy5wbGFjZXMudjEuUGxhY2VzLlNlYXJjaE5lYXJieRACGAQgAA
A2Y Realty,real_estate_agency,9873095311,,"1st floor, IFFCO Chowk, metro station, Sector 29, Gurugram, Haryana 122002, India",,,https://maps.google.com/?cid=13018511796062576967&g_mp=Cilnb29nbGUubWFwcy5wbGFjZXMudjEuUGxhY2VzLlNlYXJjaE5lYXJieRACGAQgAA
E-tender services by Nandini enterprise New Delhi,service,6205027681,,"Millenium city centre, Sector 29, Gurugram, Haryana 122009, India",,,https://maps.google.com/?cid=11508530537753391318&g_mp=Cilnb29nbGUubWFwcy5wbGFjZXMudjEuUGxhY2VzLlNlYXJjaE5lYXJieRACGAQgAA
Bada Hospitality Pvt Ltd,general_hospital,8448026418,,"Sco Number 389 390, Sector -29 Road, Sector-29 Gurugram, NCR, Sector 29, Region, Gurugram, Haryana 122009, India",,,https://maps.google.com/?cid=11031928065599960967&g_mp=Cilnb29nbGUubWFwcy5wbGFjZXMudjEuUGxhY2VzLlNlYXJjaE5lYXJieRACGAQgAA
Irenic Legal,lawyer,9654747331,https://ireniclegal.com/,"540, Block A, Sushant Lok Phase I, Gurugram, Haryana 122009, India",,,https://maps.google.com/?cid=5709310503230789604&g_mp=Cilnb29nbGUubWFwcy5wbGFjZXMudjEuUGxhY2VzLlNlYXJjaE5lYXJieRACGAQgAA
Dress my Angel,clothing_store,8800216898,http://dressmyangel.com/,"A-540A, Sector 28, Sushant Lok Phase I, Gurugram, Haryana 122009, India",,,https://maps.google.com/?cid=3854000594748603148&g_mp=Cilnb29nbGUubWFwcy5wbGFjZXMudjEuUGxhY2VzLlNlYXJjaE5lYXJieRACGAQgAA
Alicorn Solutions LLP,manufacturer,9811307879,http://www.alicornsolutions.in/,"A-Block, 35, Block A, Sushant Lok Phase I, Gurugram, Haryana 122009, India",,,https://maps.google.com/?cid=14861380040144181623&g_mp=Cilnb29nbGUubWFwcy5wbGFjZXMudjEuUGxhY2VzLlNlYXJjaE5lYXJieRACGAQgAA
Shanti Marche,general_store,9818561207,,"Indian Tawa Story, Shop No 4,5,6,7 1st Floor, Neo Mart, Vakil market, Vakil, Sector 28, DLF Phase IV, Gurugram, Haryana 122009, India",,,https://maps.google.com/?cid=1085707460592670322&g_mp=Cilnb29nbGUubWFwcy5wbGFjZXMudjEuUGxhY2VzLlNlYXJjaE5lYXJieRACGAQgAA
Microfresh Health & Dental Clinic,dental_clinic,9711536605,,"Shop No.10, Vakil Market, Chanderlok, Chakkarpur, Gurugram, Haryana 122009, India",,,https://maps.google.com/?cid=8172834412516982593&g_mp=Cilnb29nbGUubWFwcy5wbGFjZXMudjEuUGxhY2VzLlNlYXJjaE5lYXJieRACGAQgAA
Ocean Incorporation,store,8744034544,,"Shop No.20, 1st Floor, Vakil Market, Shiv Complex, Chanderlok, Chakkarpur, Gurugram, Haryana 122009, India",,,https://maps.google.com/?cid=11807156743890189447&g_mp=Cilnb29nbGUubWFwcy5wbGFjZXMudjEuUGxhY2VzLlNlYXJjaE5lYXJieRACGAQgAA
Education Point( Tutition Center),educational_institution,8800318139,,"180, Nathuram Market, A Block, Chakkarpur, Gurugram, Haryana 122002, India",,,https://maps.google.com/?cid=7572328742879822982&g_mp=Cilnb29nbGUubWFwcy5wbGFjZXMudjEuUGxhY2VzLlNlYXJjaE5lYXJieRACGAQgAA
Mirae Asset Sharekhan - Authorised Partner,finance,8064171454,https://stockbroker-branch.sharekhan.com/mirae-asset-sharekhan-authorised-partner-brightmoon-capital-private-limited-stock-broker-sector-27-gurugram-545428/Home?utm_source=locator&utm_medium=googleplaces,"No 494, Lower Ground Floor, near Gas Godown, Nathuram Market, Sector 28, Chakkarpur, Sector 27, Gurugram, Haryana 122001, India",,,https://maps.google.com/?cid=9615146921638597674&g_mp=Cilnb29nbGUubWFwcy5wbGFjZXMudjEuUGxhY2VzLlNlYXJjaE5lYXJieRACGAQgAA
Atul Bagaria,insurance_agency,9990334949,,"116, 1st Floor, Vipul Agora Office, No -116, Mehrauli-Gurgaon Rd, near Sahara Mall, Nathuram Market, Sector 28, Chakkarpur, Gurugram, Haryana 122002, India",,,https://maps.google.com/?cid=3564938661840416553&g_mp=Cilnb29nbGUubWFwcy5wbGFjZXMudjEuUGxhY2VzLlNlYXJjaE5lYXJieRACGAQgAA
Health Care Clinic,medical_clinic,9990641173,,"H.No 71, Chakarpur, Sector 28, Near Yadav Choupal, Gurugram, NCR, Sector 28, Chakkarpur, Region, Gurugram, Haryana 122002, India",,,https://maps.google.com/?cid=2153358706846813793&g_mp=Cilnb29nbGUubWFwcy5wbGFjZXMudjEuUGxhY2VzLlNlYXJjaE5lYXJieRACGAQgAA
Satguru General Store,general_store,8510870204,,"House No 71, Sector 28, Chakkarpur, Gurugram, Haryana 122002, India",,,https://maps.google.com/?cid=9295309166738432240&g_mp=Cilnb29nbGUubWFwcy5wbGFjZXMudjEuUGxhY2VzLlNlYXJjaE5lYXJieRACGAQgAA
HKI Film Academy,school,8826695678,,"Building No. 84, VPO - Chakkarpur, MG Road< Gurugram - 122002 Near Sahara Mall, Sector 28, Chakkarpur, Gurugram, Haryana 122002, India",,,https://maps.google.com/?cid=13490768660846556934&g_mp=Cilnb29nbGUubWFwcy5wbGFjZXMudjEuUGxhY2VzLlNlYXJjaE5lYXJieRACGAQgAA
Muskan Danto Ka Aspatal,dental_clinic,9250908344,,"Gurugram, Shop No. 1, Jyoti Market, Shani Durga Mandir Chakkarpur, A Block, Chakkarpur, Sector 28, Gurugram Delhi, Sector 28, Chakkarpur, Gurugram, Haryana 122002, India",,,https://maps.google.com/?cid=5014377171958796987&g_mp=Cilnb29nbGUubWFwcy5wbGFjZXMudjEuUGxhY2VzLlNlYXJjaE5lYXJieRACGAQgAA
Danto Ka Clinic,dental_clinic,8920165597,,"Gurugram, House No. 143, Shop No. 2, Near Haim Gold School, A Block, Chakkarpur, Sector 28, Gurugram Delhi, Sector 28, Chakkarpur, Gurugram, Haryana 122002, India",,,https://maps.google.com/?cid=388197999714269929&g_mp=Cilnb29nbGUubWFwcy5wbGFjZXMudjEuUGxhY2VzLlNlYXJjaE5lYXJieRACGAQgAA
Singh Car Key Point,hardware_store,8851046324,,"A Block, DLF Phase 1, Sarhol, Gurugram, Haryana 122002, India",,,https://maps.google.com/?cid=3289207364555544056&g_mp=Cilnb29nbGUubWFwcy5wbGFjZXMudjEuUGxhY2VzLlNlYXJjaE5lYXJieRACGAQgAA
Enter A Designe Experience Center,general_contractor,9811108771,https://enteradesigne.in/,"A-55/11, Sector 28, DLF Phase 1, Gurugram, Haryana 122002, India",,,https://maps.google.com/?cid=11237706351085426515&g_mp=Cilnb29nbGUubWFwcy5wbGFjZXMudjEuUGxhY2VzLlNlYXJjaE5lYXJieRACGAQgAA
The Helping Hands Therapy Centre,physiotherapist,8630229144,http://thhtc.org.in/,"120, Golf Course Rd, Sector 28, Sushant Lok Phase I, Gurugram, Haryana 122002, India",,,https://maps.google.com/?cid=13811024231903984703&g_mp=Cilnb29nbGUubWFwcy5wbGFjZXMudjEuUGxhY2VzLlNlYXJjaE5lYXJieRACGAQgAA
A & A Enterprises,car_repair,8377003597,,"Plot 24, Phase I, Udyog Vihar, Sector 20, Gurugram, Haryana 122002, India",,,https://maps.google.com/?cid=7307017368719656665&g_mp=Cilnb29nbGUubWFwcy5wbGFjZXMudjEuUGxhY2VzLlNlYXJjaE5lYXJieRACGAQgAA
Maths Gurukool,school,8802288022,http://mathsgurukool.com/,"Silver Oaks Apartments, G Block, DLF Phase 1, Sector 26, Gurugram, Haryana 122002, India",,,https://maps.google.com/?cid=3577594641777669872&g_mp=Cilnb29nbGUubWFwcy5wbGFjZXMudjEuUGxhY2VzLlNlYXJjaE5lYXJieRACGAQgAA
Dayal Management Consultants,consultant,9810014098,,"4, G Block, DLF Phase 1, Sector 26, Gurugram, Haryana 122002, India",,,https://maps.google.com/?cid=8863737326680322901&g_mp=Cilnb29nbGUubWFwcy5wbGFjZXMudjEuUGxhY2VzLlNlYXJjaE5lYXJieRACGAQgAA
Anisha photocopy and stationery store,store,8947061468,,"Shop num.3, Cluster_hauz Khas (Saket) 1 H-Block, near heritage public school, Arjan Garh, Aya Nagar, New Delhi, Delhi 110047, India",,,https://maps.google.com/?cid=4855754087690418041&g_mp=Cilnb29nbGUubWFwcy5wbGFjZXMudjEuUGxhY2VzLlNlYXJjaE5lYXJieRACGAQgAA
Manju Shukla Tours And Travels Delhi NCR,taxi_service,9773533592,,"Arjan Garh, Aya Nagar, New Delhi, Delhi 110047, India",,,https://maps.google.com/?cid=1674409263739050308&g_mp=Cilnb29nbGUubWFwcy5wbGFjZXMudjEuUGxhY2VzLlNlYXJjaE5lYXJieRACGAQgAA
"Mother Mary Public School, Aya Nagar, Delhi",primary_school,9773619981,http://www.mmpsayanagar.in/,"Ishwar Colony, Phase 5, Aya Nagar Extension, Aya Nagar, New Delhi, Delhi 110047, India",,,https://maps.google.com/?cid=9029591475427550528&g_mp=Cilnb29nbGUubWFwcy5wbGFjZXMudjEuUGxhY2VzLlNlYXJjaE5lYXJieRACGAQgAA
Ch.Harswaroop bhawan aya nagar,food_delivery,9953140052,,"A2/300, 47, Ishwar Colony, Phase 5, Aya Nagar Extension, Aya Nagar, New Delhi, Delhi 110047, India",,,https://maps.google.com/?cid=16968125429803817989&g_mp=Cilnb29nbGUubWFwcy5wbGFjZXMudjEuUGxhY2VzLlNlYXJjaE5lYXJieRACGAQgAA
DIRECTION TRANSPORT & TRAVELS SOLUTIONS PVT. LTD. | CAR RENTAL SERVICE | CAB SERVICE,taxi_service,9818559316,http://www.directiontravels.in/,"Ground, Floor H. No - A2, 88, Phase 5, Aya Nagar Extension, Aya Nagar, New Delhi, Delhi 110047, India",,,https://maps.google.com/?cid=16411910555229055436&g_mp=Cilnb29nbGUubWFwcy5wbGFjZXMudjEuUGxhY2VzLlNlYXJjaE5lYXJieRACGAQgAA
Stela Global,electronics_store,7065988963,http://www.stelaglobal.com/,"A7/94, Phase 5, Aya Nagar Extension, Aya Nagar, New Delhi, Delhi 110047, India",,,https://maps.google.com/?cid=3982550937549846260&g_mp=Cilnb29nbGUubWFwcy5wbGFjZXMudjEuUGxhY2VzLlNlYXJjaE5lYXJieRACGAQgAA
Subhash Car Rantial For Outstation,health,9971510407,,"F3G8+FQ9, IFFCO Chowk Flyover, Heritage City, Sector 17, Gurugram, Haryana 122009, India",,,https://maps.google.com/?cid=8387265304080391480&g_mp=Cilnb29nbGUubWFwcy5wbGFjZXMudjEuUGxhY2VzLlNlYXJjaE5lYXJieRACGAQgAA
NARAYANA EDUCATIONAL INSTITUTIONS,school,9873338852,http://narayanaschool.org/,"Essel Towers, Mehrauli-Gurgaon Rd, Indian Airlines Pilots Society, Sushant Lok Phase I, Gurugram, Haryana 122009, India",,,https://maps.google.com/?cid=10141771886484490392&g_mp=Cilnb29nbGUubWFwcy5wbGFjZXMudjEuUGxhY2VzLlNlYXJjaE5lYXJieRACGAQgAA
Cobaltqube Media Pvt. Ltd.,service,9971375550,https://cobaltqubemedia.com/,"EC-2, Essel Towers, D-202, Mehrauli-Gurgaon Rd, Sector 28, Sushant Lok Phase I, Gurugram, Haryana 122009, India",,,https://maps.google.com/?cid=11380490822503727622&g_mp=Cilnb29nbGUubWFwcy5wbGFjZXMudjEuUGxhY2VzLlNlYXJjaE5lYXJieRACGAQgAA
Stratxglobal Solutions Private Limited,corporate_office,9971109910,,"703, Pearl Court 3, Essel Towers, Mehrauli-Gurgaon Rd, Sector 28, Sushant Lok Phase I, Gurugram, Haryana 122009, India",,,https://maps.google.com/?cid=50217747122574554&g_mp=Cilnb29nbGUubWFwcy5wbGFjZXMudjEuUGxhY2VzLlNlYXJjaE5lYXJieRACGAQgAA
ITRUSTE,corporate_office,9836007617,,"H13/1, 13th Floor, H-Block Pilot Court, Essel Towers, Mehrauli-Gurgaon Rd, Sector 28, Sushant Lok Phase I, Gurugram, Haryana 122009, India",,,https://maps.google.com/?cid=1058009593456554958&g_mp=Cilnb29nbGUubWFwcy5wbGFjZXMudjEuUGxhY2VzLlNlYXJjaE5lYXJieRACGAQgAA
Modebyzara,womens_clothing_store,8920996256,https://modebyzara.ueniweb.com/?utm_campaign=gmb,"Flat No 11 Ews, Essel Towers, Sector 28, Sushant Lok Phase I, Gurugram, Haryana 122009, India",,,https://maps.google.com/?cid=4051082858953436932&g_mp=Cilnb29nbGUubWFwcy5wbGFjZXMudjEuUGxhY2VzLlNlYXJjaE5lYXJieRACGAQgAA
MoneyGram,finance,9910121404,https://www.moneygram.com/r/in/en?utm_source=google&utm_medium=organic&utm_campaign=gbp,"1031, Maruti Vihar, Chakkarpur, Gurugram, Haryana 122002, India",,,https://maps.google.com/?cid=6436561464901954428&g_mp=Cilnb29nbGUubWFwcy5wbGFjZXMudjEuUGxhY2VzLlNlYXJjaE5lYXJieRACGAQgAA
Dr. Geetanjali Sikka | Best Periodontist Doctor Near Me | 12 Years Exp. | Gurugram,dentist,9953972547,https://www.apollo247.com/doctors/-7d8f0a44-361d-4924-aa20-c1639961b69c?utm_source=gmb_docverse&utm_medium=clinics&utm_campaign=doctors,"1030, Main Road, opposite Houseing Board Shopping Market, opposite Union Bank, Maruti Vihar, Chakkarpur, Gurugram, Haryana 122002, India",,,https://maps.google.com/?cid=6862591882564922574&g_mp=Cilnb29nbGUubWFwcy5wbGFjZXMudjEuUGxhY2VzLlNlYXJjaE5lYXJieRACGAQgAA
Aman Electronic All Electrical,service,9899514698,https://gmbwala.com/aman-electronic-all-electrial/,"1026 G F, Maruti Vihar, Chakkarpur, Gurugram, Haryana 122002, India",,,https://maps.google.com/?cid=4938743065708582339&g_mp=Cilnb29nbGUubWFwcy5wbGFjZXMudjEuUGxhY2VzLlNlYXJjaE5lYXJieRACGAQgAA
Sher Khan General Store,general_store,9818897049,,"Sector 28A, Maruti Housing Colony, Gurugram, Haryana 122009, India",,,https://maps.google.com/?cid=14420476861913716813&g_mp=Cilnb29nbGUubWFwcy5wbGFjZXMudjEuUGxhY2VzLlNlYXJjaE5lYXJieRACGAQgAA
Sai garments,clothing_store,9971752098,,"Shop no 14, Krishna Market Rd, Sector 28, Maruti Housing Colony, Gurugram, Haryana 122002, India",,,https://maps.google.com/?cid=2295671709062677645&g_mp=Cilnb29nbGUubWFwcy5wbGFjZXMudjEuUGxhY2VzLlNlYXJjaE5lYXJieRACGAQgAA
Schneider Electric - M. S. Electricals,service,8071775541,https://retailpavilion-in.se.com/in/en/store/schneider-electric-m-s-electricals-electrical-store-gurgaon-haryana-122002-101539,"Shop No. 2, Phase-1, Krishna Market Rd, Block H, Sikanderpur, Maruti Housing Colony, Sikanderpur Ghosi, Gurugram, Haryana 122002, India",,,https://maps.google.com/?cid=13774327046701316145&g_mp=Cilnb29nbGUubWFwcy5wbGFjZXMudjEuUGxhY2VzLlNlYXJjaE5lYXJieRACGAQgAA
Geno Diets | Best Dietician & Nutritionist in Gurgaon,consultant,9602270319,https://www.genodiets.com/,"Block-A, A-14/15, Golf Course Rd, DLF Phase 1, Gurugram, Haryana 122002, India",,,https://maps.google.com/?cid=17030116587560954771&g_mp=Cilnb29nbGUubWFwcy5wbGFjZXMudjEuUGxhY2VzLlNlYXJjaE5lYXJieRACGAQgAA
Levepa Gurugram,makeup_artist,9911001326,https://www.levepa.com/,"H, Block, 25/10, Block H, DLF Phase 1, Sector 26, Gurugram, Haryana 122002, India",,,https://maps.google.com/?cid=10225255876457499678&g_mp=Cilnb29nbGUubWFwcy5wbGFjZXMudjEuUGxhY2VzLlNlYXJjaE5lYXJieRACGAQgAA
"#Nutritionist #wellness #coach #Diabetes, weight management program",health,9910025736,https://www.jotform.com/build/220633489084460,"2nd Floor, 3, H-2 Rd, Block H, DLF Phase 1, Sector 26, Gurugram, Haryana 122002, India",,,https://maps.google.com/?cid=17263933169844775976&g_mp=Cilnb29nbGUubWFwcy5wbGFjZXMudjEuUGxhY2VzLlNlYXJjaE5lYXJieRACGAQgAA
Mamta tour travel,taxi_service,8814956372,,"H16/6, Block H, DLF Phase 1, Sector 26, Gurugram, Haryana 122002, India",,,https://maps.google.com/?cid=16198509790216874599&g_mp=Cilnb29nbGUubWFwcy5wbGFjZXMudjEuUGxhY2VzLlNlYXJjaE5lYXJieRACGAQgAA
Jayceetech Softwares,service,8527264450,http://jayceetechsoftwares.com/,"102, 101, Silver Oaks Ave, G Block, DLF Phase 1, Sector 26, Gurugram, Haryana 122002, India",,,https://maps.google.com/?cid=4514416020557460418&g_mp=Cilnb29nbGUubWFwcy5wbGFjZXMudjEuUGxhY2VzLlNlYXJjaE5lYXJieRACGAQgAA
MomDadICare,corporate_office,9213409447,,"100, 11 East, Silver Oaks Ave, G Block, DLF Phase 1, Sector 26, Gurugram, Haryana 122002, India",,,https://maps.google.com/?cid=13766761883855783709&g_mp=Cilnb29nbGUubWFwcy5wbGFjZXMudjEuUGxhY2VzLlNlYXJjaE5lYXJieRACGAQgAA
Mother Dairy Milk Shop 14148,food_store,7669920074,https://www.motherdairy.com/,"Milk Shop 14148 Shopping Complex Airforce Station, Mehrauli - Badarpur Rd, Arjan Garh, Aya Nagar, New Delhi, Delhi 110047, India",,,https://maps.google.com/?cid=8148271041923135973&g_mp=Cilnb29nbGUubWFwcy5wbGFjZXMudjEuUGxhY2VzLlNlYXJjaE5lYXJieRACGAQgAA
Saree Collection,womens_clothing_store,7206897218,,"489, Sohna Road, near by School, Block B, IFFCO Colony, Sector 17, Gurugram, Haryana 122015, India",,,https://maps.google.com/?cid=6660316567239747725&g_mp=Cilnb29nbGUubWFwcy5wbGFjZXMudjEuUGxhY2VzLlNlYXJjaE5lYXJieRACGAQgAA
Abhishek Singh,womens_clothing_store,9068009586,,"214, Sohna Road, near by School, Block B, IFFCO Colony, Sector 17, Gurugram, Haryana 122015, India",,,https://maps.google.com/?cid=14929550653262037996&g_mp=Cilnb29nbGUubWFwcy5wbGFjZXMudjEuUGxhY2VzLlNlYXJjaE5lYXJieRACGAQgAA
Sant Memorial Public School,government_office,9818984542,https://www.linkedin.com/company/smps-gurgaon/,"Sector 17-B, Block B, IFFCO Colony, Sector 17, Gurugram, Haryana 122001, India",,,https://maps.google.com/?cid=17059417160802913796&g_mp=Cilnb29nbGUubWFwcy5wbGFjZXMudjEuUGxhY2VzLlNlYXJjaE5lYXJieRACGAQgAA
Yahya Khan General Store,general_store,9813271350,,"10 Iffco Chowk, Sector 25, Gurugram, Haryana 122002, India",,,https://maps.google.com/?cid=9893456348191256246&g_mp=Cilnb29nbGUubWFwcy5wbGFjZXMudjEuUGxhY2VzLlNlYXJjaE5lYXJieRACGAQgAA
LoadQuot,shipping_service,9999709477,,"318-319/2 Second Floor Badam Singh Market, Rangpuri (Mahipalpur, Off, Gurgaon - Delhi Expy, near Radisson Hotel, Sector 25, New Delhi, Gurugram, Haryana 122002, India",,,https://maps.google.com/?cid=8332018151233425854&g_mp=Cilnb29nbGUubWFwcy5wbGFjZXMudjEuUGxhY2VzLlNlYXJjaE5lYXJieRACGAQgAA
Rajesh Das Bel Juice Shop,manufacturer,8287837288,,"10 Service Road Near Roca Iffco Chowk, Sector 25, Gurugram, Haryana 122002, India",,,https://maps.google.com/?cid=9264320076715651396&g_mp=Cilnb29nbGUubWFwcy5wbGFjZXMudjEuUGxhY2VzLlNlYXJjaE5lYXJieRACGAQgAA
Santosh Parking,parking_garage,7988313031,,"22, Sohna Road, near by School, Sector 25, Gurugram, Haryana 122002, India",,,https://maps.google.com/?cid=5378836425063495563&g_mp=Cilnb29nbGUubWFwcy5wbGFjZXMudjEuUGxhY2VzLlNlYXJjaE5lYXJieRACGAQgAA
Abhay Vegetables Shop,food_store,9785797527,,"7 Honda Chok, DLF Phase 2, Sector 25, Gurugram, Haryana 122002, India",,,https://maps.google.com/?cid=1212501255126996375&g_mp=Cilnb29nbGUubWFwcy5wbGFjZXMudjEuUGxhY2VzLlNlYXJjaE5lYXJieRACGAQgAA
DANG and Associates,consultant,8699995566,,"2nd Floor, Vatika Business Centre, Mehrauli-Gurgaon Rd, Sector 28, Sushant Lok Phase I, Gurugram, Haryana 122009, India",,,https://maps.google.com/?cid=8527620953557917458&g_mp=Cilnb29nbGUubWFwcy5wbGFjZXMudjEuUGxhY2VzLlNlYXJjaE5lYXJieRACGAQgAA
Vijay Yadav G Shop,general_store,8433438515,,"32, 8, Mehrauli-Gurgaon Rd, DLF Phase 2, Sector 26, Gurugram, Haryana 122002, India",,,https://maps.google.com/?cid=13822303483249561079&g_mp=Cilnb29nbGUubWFwcy5wbGFjZXMudjEuUGxhY2VzLlNlYXJjaE5lYXJieRACGAQgAA
Moneytecture | Wealth Management Company,consultant,9999726005,https://moneytecture.com/,"Avanta Offices Business Centre Private Limited 1st floor, 01-069, 01-070, MGF Metropolis Mall, Mehrauli-Gurgaon Rd, Sector 28, Sushant Lok Phase I, Gurugram, Haryana 122009, India",,,https://maps.google.com/?cid=11269600352387344227&g_mp=Cilnb29nbGUubWFwcy5wbGFjZXMudjEuUGxhY2VzLlNlYXJjaE5lYXJieRACGAQgAA
"Right Gold - MG Road, Gurugram",jewelry_store,8888000700,https://www.rightgold.com/,"M3M Jewels, Mehrauli-Gurgaon Rd, DLF Phase 2, Sector 25, Gurugram, Haryana 122002, India",,,https://maps.google.com/?cid=1090254474743785415&g_mp=Cilnb29nbGUubWFwcy5wbGFjZXMudjEuUGxhY2VzLlNlYXJjaE5lYXJieRACGAQgAA
House & Home Estate,real_estate_agency,9811744667,,"Beverly Park 1, Sector 28, Sushant Lok Phase I, Gurugram, Haryana 122009, India",,,https://maps.google.com/?cid=5856613591970339344&g_mp=Cilnb29nbGUubWFwcy5wbGFjZXMudjEuUGxhY2VzLlNlYXJjaE5lYXJieRACGAQgAA
Lalita Devi Shops,juice_shop,9525038206,,"Chakkar pur, Sector 28, Chakkarpur, Gurugram, Haryana 122002, India",,,https://maps.google.com/?cid=17205853263546672309&g_mp=Cilnb29nbGUubWFwcy5wbGFjZXMudjEuUGxhY2VzLlNlYXJjaE5lYXJieRACGAQgAA
Jitendra Kumar fast food,fast_food_restaurant,8595598382,,"Sector 28A, Chakkarpur, Gurugram, Haryana 122002, India",,,https://maps.google.com/?cid=2012327491888487860&g_mp=Cilnb29nbGUubWFwcy5wbGFjZXMudjEuUGxhY2VzLlNlYXJjaE5lYXJieRACGAQgAA
"MyRaasta - RN Sports - Car Service Center on Golf Course Road, Gurugram",car_repair,9682008200,https://workshop.myraasta.in/myraasta-rn-sports-car-service-center-on-golf-course-road-gurugram-car-service-station-golf-course-road-gurugram-335005/Home,"54, Golf Course Rd, near Rapid Metro Station Dlf Phase 2, Sector 28, DLF Phase 1, Gurugram, Haryana 122002, India",,,https://maps.google.com/?cid=918864420986187301&g_mp=Cilnb29nbGUubWFwcy5wbGFjZXMudjEuUGxhY2VzLlNlYXJjaE5lYXJieRACGAQgAA
VEDAROMA,health,9958132684,,"H33/18, Block H, DLF Phase 1, Sector 26, Gurugram, Haryana 122002, India",,,https://maps.google.com/?cid=13519289141011122770&g_mp=Cilnb29nbGUubWFwcy5wbGFjZXMudjEuUGxhY2VzLlNlYXJjaE5lYXJieRACGAQgAA
Loop Charging Station,electric_vehicle_charging_station,8860212258,https://loopglobal.com/,"H8, 3, Block H, DLF Phase 1, Sector 26, Gurugram, Haryana 122002, India",,,https://maps.google.com/?cid=14479635333292473340&g_mp=Cilnb29nbGUubWFwcy5wbGFjZXMudjEuUGxhY2VzLlNlYXJjaE5lYXJieRACGAQgAA
Jai Ambe General Store,general_store,9717528472,,"G6588, Viridh Ashram Marg, Block H, DLF Phase 1, Sector 26, Gurugram, Sikanderpur, Haryana 122002, India",,,https://maps.google.com/?cid=7933649304986764588&g_mp=Cilnb29nbGUubWFwcy5wbGFjZXMudjEuUGxhY2VzLlNlYXJjaE5lYXJieRACGAQgAA
Sanjna Beauty Parlour,cosmetics_store,8178575097,,"near Shiv Mandir, Sikanderpur, Sector 26, Kherki Majra, Gurugram, Haryana 122002, India",,,https://maps.google.com/?cid=13833186792793052554&g_mp=Cilnb29nbGUubWFwcy5wbGFjZXMudjEuUGxhY2VzLlNlYXJjaE5lYXJieRACGAQgAA
Purple Inn,inn,8088988711,,"F4H4+44X, Sikanderpur, Sector 26, Gurugram, Haryana 122002, India",,,https://maps.google.com/?cid=14773817620757531565&g_mp=Cilnb29nbGUubWFwcy5wbGFjZXMudjEuUGxhY2VzLlNlYXJjaE5lYXJieRACGAQgAA
Wecure Medilife,drugstore,7529917328,,"near Sarva Haryana Gramin Bank, Sikanderpur, Sector 26, Gurugram, Haryana 122002, India",,,https://maps.google.com/?cid=2395325371718300194&g_mp=Cilnb29nbGUubWFwcy5wbGFjZXMudjEuUGxhY2VzLlNlYXJjaE5lYXJieRACGAQgAA
Total Water Treatment,service,9871131422,,"Shop Number 46, First Floor, Rao Jagmal Complex, Sikanderpur, Sector 26, Gurugram, Haryana 122002, India",,,https://maps.google.com/?cid=13552961408398502062&g_mp=Cilnb29nbGUubWFwcy5wbGFjZXMudjEuUGxhY2VzLlNlYXJjaE5lYXJieRACGAQgAA
Suraj Paan Shop,store,9599472860,,"Dlf Phase 1 Suset Bulwera, Road, near Jio Tower, Arjan Garh, Aya Nagar, Gurugram, Haryana 122002, India",,,https://maps.google.com/?cid=1391630567678806165&g_mp=Cilnb29nbGUubWFwcy5wbGFjZXMudjEuUGxhY2VzLlNlYXJjaE5lYXJieRACGAQgAA
REVV IT AUTOSPORTS,car_dealer,9899297000,https://revvitautosports.com/,"542 GROUND FLOOR, Metro Station, 541, Mehrauli-Gurgaon Rd, near ARJAN GARH, Arjan Garh, Aya Nagar, New Delhi, Delhi 110047, India",,,https://maps.google.com/?cid=15873994482343558713&g_mp=Cilnb29nbGUubWFwcy5wbGFjZXMudjEuUGxhY2VzLlNlYXJjaE5lYXJieRACGAQgAA
Hanu light furniture,furniture_store,9737260668,,"Metro Station Pillar No 189, Parking Area, Mehrauli-Gurgaon Rd, Arjan Garh, Aya Nagar, New Delhi, Delhi 110038, India",,,https://maps.google.com/?cid=1559929649278133631&g_mp=Cilnb29nbGUubWFwcy5wbGFjZXMudjEuUGxhY2VzLlNlYXJjaE5lYXJieRACGAQgAA
Bachon Ka Crash,child_care_agency,9953292678,,"155/A-1, Arjan Garh, Aya Nagar, New Delhi, Delhi 110047, India",,,https://maps.google.com/?cid=15542209772385461362&g_mp=Cilnb29nbGUubWFwcy5wbGFjZXMudjEuUGxhY2VzLlNlYXJjaE5lYXJieRACGAQgAA
Pooja cane furnitures,furniture_store,7042699130,,"Arjan garh, pillar -191, Mehrauli-Gurgaon Rd, Aya Nagar, metro, New Delhi, Delhi 110047, India",,,https://maps.google.com/?cid=9766396010904334873&g_mp=Cilnb29nbGUubWFwcy5wbGFjZXMudjEuUGxhY2VzLlNlYXJjaE5lYXJieRACGAQgAA
Pain Rehab Healthcare,medical_clinic,8048055457,,"4, Mehrauli-Gurgaon Rd, Arjan Garh, Aya Nagar, New Delhi, Delhi 110047, India",,,https://maps.google.com/?cid=10353960775385061333&g_mp=Cilnb29nbGUubWFwcy5wbGFjZXMudjEuUGxhY2VzLlNlYXJjaE5lYXJieRACGAQgAA
WICKER CRAFT (luxury outdoor furniture),furniture_store,9999338125,,"Opposite, Metro Pillar No 191, Metro Station, Arjan Garh, Aya Nagar, New Delhi, Delhi 110047, India",,,https://maps.google.com/?cid=7887419193223806531&g_mp=Cilnb29nbGUubWFwcy5wbGFjZXMudjEuUGxhY2VzLlNlYXJjaE5lYXJieRACGAQgAA
librarian,library,9810621708,,"Block B, IFFCO Colony, Sector 17, Gurugram, Haryana 122002, India",,,https://maps.google.com/?cid=13090172428360952069&g_mp=Cilnb29nbGUubWFwcy5wbGFjZXMudjEuUGxhY2VzLlNlYXJjaE5lYXJieRACGAQgAA
Amway Nutrilite Artistry Dealer Gurgaon DLF,consultant,9818300456,,"H.No.889, 1st Floor, CH Baktawar Singh Road, near IFFCO, Sector 17-B, Block B, Institutional Area, Sector 32, Gurugram, Haryana 122015, India",,,https://maps.google.com/?cid=7551713620390253832&g_mp=Cilnb29nbGUubWFwcy5wbGFjZXMudjEuUGxhY2VzLlNlYXJjaE5lYXJieRACGAQgAA
BITHI,food_court,8348191937,,"Sector 18, Gurugram, Haryana 122015, India",,,https://maps.google.com/?cid=10152054180956384353&g_mp=Cilnb29nbGUubWFwcy5wbGFjZXMudjEuUGxhY2VzLlNlYXJjaE5lYXJieRACGAQgAA
Safari Bag Exclusive Store - Sector 25,store,9958922701,https://stores.safaribags.com/safari-bags/bag-store-in-gurugram/bag-store-in-Sector-25/safari-bag-exclusive-store-in-Sector-25-gurugram--63IH6c/home,"Shop No FF 18, MG Metro Station, nearby Jockey Showroom, DLF Phase 2, Sector 25, Gurugram, Haryana 122009, India",,,https://maps.google.com/?cid=17673456163501076366&g_mp=Cilnb29nbGUubWFwcy5wbGFjZXMudjEuUGxhY2VzLlNlYXJjaE5lYXJieRACGAQgAA
Family Counselling Marriage,health,9990003332,,"F3JM+Q77, K-3 Rd, DLF Phase 2, Sector 25, Gurugram, Haryana 122002, India",,,https://maps.google.com/?cid=2773405550118623522&g_mp=Cilnb29nbGUubWFwcy5wbGFjZXMudjEuUGxhY2VzLlNlYXJjaE5lYXJieRACGAQgAA
Radha Tent house,supplier,8383030209,,"Wazirabad devilal Park sec 52 gurgaon . Sector 43, shop.no 301, DLF Phase 1, Sector 25, Gurugram, Haryana 122101, India",,,https://maps.google.com/?cid=3640305925332475197&g_mp=Cilnb29nbGUubWFwcy5wbGFjZXMudjEuUGxhY2VzLlNlYXJjaE5lYXJieRACGAQgAA
Markdraft Pvt. Ltd. Crockery House,store,7829000729,https://www.markdraft.in/,"K2/2, DLF Phase 2, Sector 25, Gurugram, Haryana 122002, India",,,https://maps.google.com/?cid=10261079287931157729&g_mp=Cilnb29nbGUubWFwcy5wbGFjZXMudjEuUGxhY2VzLlNlYXJjaE5lYXJieRACGAQgAA
pankaj mahato Shop,tea_store,9650311143,,"On Road, Sector 28, DLF Phase 2, Sector 25, Gurugram, Haryana 122002, India",,,https://maps.google.com/?cid=6521956881865375744&g_mp=Cilnb29nbGUubWFwcy5wbGFjZXMudjEuUGxhY2VzLlNlYXJjaE5lYXJieRACGAQgAA
Dr Arnav Sharma- Psychiatrist (MD),doctor,9540660333,https://mentalhp.me/,"Uma Sanjeevnani Health Centre Pvt. Ltd, 1, Dakshin Marg, opposite Sahara Mall, DLF Phase 2, Sector 25, Gurugram, Sarhol, Haryana 122002, India",,,https://maps.google.com/?cid=17038435253370789919&g_mp=Cilnb29nbGUubWFwcy5wbGFjZXMudjEuUGxhY2VzLlNlYXJjaE5lYXJieRACGAQgAA
Primedeals-A Real Estate Enterprise - Your Property Our Priority,consultant,9810299636,http://www.primedealsindia.com/,"J5/8 FIRST FLOOR DLF PHASE 2, Dakshin Marg, Heritage City, Sector 25, Gurugram, Haryana 122002, India",,,https://maps.google.com/?cid=7336054755428723330&g_mp=Cilnb29nbGUubWFwcy5wbGFjZXMudjEuUGxhY2VzLlNlYXJjaE5lYXJieRACGAQgAA
Suhail Khan Shop,grocery_store,8445172969,,"Suhail Khan Shop, near Mg Metro, DLF Phase 2, Sector 25, Gurugram, Haryana 122002, India",,,https://maps.google.com/?cid=4895142053118817296&g_mp=Cilnb29nbGUubWFwcy5wbGFjZXMudjEuUGxhY2VzLlNlYXJjaE5lYXJieRACGAQgAA
Doctor Chamber,doctor,7738742059,,"Main, Market, Sector 28, Chakkarpur, Gurugram, Haryana 122002, India",,,https://maps.google.com/?cid=10300105652307759229&g_mp=Cilnb29nbGUubWFwcy5wbGFjZXMudjEuUGxhY2VzLlNlYXJjaE5lYXJieRACGAQgAA
Navin Store,child_care_agency,9911384301,,"Haryana5677, Sector 25, Gurugram, Haryana 122002, India",,,https://maps.google.com/?cid=14533385195669375080&g_mp=Cilnb29nbGUubWFwcy5wbGFjZXMudjEuUGxhY2VzLlNlYXJjaE5lYXJieRACGAQgAA
Youth Sports Academy,sports_club,7087837166,,"K-8A Rd, DLF Phase 2, Sector 25, Gurugram, Sarhol, Haryana 122002, India",,,https://maps.google.com/?cid=5705307073519500008&g_mp=Cilnb29nbGUubWFwcy5wbGFjZXMudjEuUGxhY2VzLlNlYXJjaE5lYXJieRACGAQgAA
BALWAN SO BHAGWAN ZOMATO SERVICE,restaurant,9350504490,,"Shop No -76, No -2, near Metro Station Gate, Sikanderpur, DLF Phase 2, Sector 25, Gurugram, Haryana 122002, India",,,https://maps.google.com/?cid=1475306062233466603&g_mp=Cilnb29nbGUubWFwcy5wbGFjZXMudjEuUGxhY2VzLlNlYXJjaE5lYXJieRACGAQgAA
PRASHANT KUMAR PANDEY SWAP STATION,electronics_store,9718929880,,"Shop No -49, Gate No -2, near Metro Station, Sikanderpur, DLF Phase 2, Sector 25, Gurugram, Haryana 122002, India",,,https://maps.google.com/?cid=1715962733692535750&g_mp=Cilnb29nbGUubWFwcy5wbGFjZXMudjEuUGxhY2VzLlNlYXJjaE5lYXJieRACGAQgAA
Rajesh Kumar Tiwari Rapido Service,electronics_store,8292398611,,"Shop No 58, near Platina Tower 2 Metro Station Sikanderpur, DLF Phase 2, Sector 25, Gurugram, Haryana 122002, India",,,https://maps.google.com/?cid=6640763563131812041&g_mp=Cilnb29nbGUubWFwcy5wbGFjZXMudjEuUGxhY2VzLlNlYXJjaE5lYXJieRACGAQgAA
INDU DEVI RAPIDO SERVICE,electronics_store,7701852486,,"Shop No -25, No -2, near Metro Station Gate, Sikanderpur, DLF Phase 2, Sector 25, Gurugram, Haryana 122002, India",,,https://maps.google.com/?cid=4079180556428066444&g_mp=Cilnb29nbGUubWFwcy5wbGFjZXMudjEuUGxhY2VzLlNlYXJjaE5lYXJieRACGAQgAA
Chunnu Store,child_care_agency,9140239768,,"Gv Haryana122002, DLF Phase 2, Sector 25, Gurugram, Haryana 122002, India",,,https://maps.google.com/?cid=1777259021176647661&g_mp=Cilnb29nbGUubWFwcy5wbGFjZXMudjEuUGxhY2VzLlNlYXJjaE5lYXJieRACGAQgAA
Umesh Pratap Store,child_care_agency,8882402098,,"DLF Phase 2, Sector 25, Gurugram, Haryana 122002, India",,,https://maps.google.com/?cid=11721977901822261320&g_mp=Cilnb29nbGUubWFwcy5wbGFjZXMudjEuUGxhY2VzLlNlYXJjaE5lYXJieRACGAQgAA
Mohd Irfan Rider,child_care_agency,9335681561,,"46, Gurgoun, Sector 25, Gurugram, Haryana 122002, India",,,https://maps.google.com/?cid=16246838229632555238&g_mp=Cilnb29nbGUubWFwcy5wbGFjZXMudjEuUGxhY2VzLlNlYXJjaE5lYXJieRACGAQgAA
MR DHANANJAY SINGH UBER SERVICE,electronics_store,8527640826,,"Shop No -32, No -2, near Metro Station Gate, Sikanderpur, DLF Phase 2, Sector 25, Gurugram, Haryana 122002, India",,,https://maps.google.com/?cid=7402767125637586346&g_mp=Cilnb29nbGUubWFwcy5wbGFjZXMudjEuUGxhY2VzLlNlYXJjaE5lYXJieRACGAQgAA
MR SARATH MANDAL UBER SERVICE,electronics_store,7797120938,,"Shop No -47, near Metro Station, Sikanderpur, DLF Phase 2, Sector 25, Gurugram, Haryana 122002, India",,,https://maps.google.com/?cid=17939894813341331059&g_mp=Cilnb29nbGUubWFwcy5wbGFjZXMudjEuUGxhY2VzLlNlYXJjaE5lYXJieRACGAQgAA
SHIVA KUMAR BLINKIT STORE,child_care_agency,8252869544,,"Shop No -45, near Metro Station, Sikanderpur, DLF Phase 2, Sector 25, Gurugram, Haryana 122002, India",,,https://maps.google.com/?cid=16020599315152933791&g_mp=Cilnb29nbGUubWFwcy5wbGFjZXMudjEuUGxhY2VzLlNlYXJjaE5lYXJieRACGAQgAA
ADITYA SINGH UBER SERVICE,electronics_store,8765340880,,"Shop No -87, near Platina Tower 2 Metro Station Sikanderpur, DLF Phase 2, Sector 25, Gurugram, Haryana 122002, India",,,https://maps.google.com/?cid=11393206725153872581&g_mp=Cilnb29nbGUubWFwcy5wbGFjZXMudjEuUGxhY2VzLlNlYXJjaE5lYXJieRACGAQgAA
SOMPRIYA KUMAR MEDICOS,pharmacy,7004880596,,"Shop No 65, near Metro Station, Sikanderpur, DLF Phase 2, Sector 25, Gurugram, Haryana 122002, India",,,https://maps.google.com/?cid=9244970171381318565&g_mp=Cilnb29nbGUubWFwcy5wbGFjZXMudjEuUGxhY2VzLlNlYXJjaE5lYXJieRACGAQgAA
SHREE RADHE MILK PARLER & GENERAL STORE,electronics_store,8207419015,,"Shop No. 15, Sikanderpur, Metro, Sector 25, Gurugram, Haryana 122002, India",,,https://maps.google.com/?cid=15439496424586804059&g_mp=Cilnb29nbGUubWFwcy5wbGFjZXMudjEuUGxhY2VzLlNlYXJjaE5lYXJieRACGAQgAA
SUDHANSHU SWIGGY STORE,restaurant,9236260608,,"Shop No 58, near Metro Station, Sikanderpur, DLF Phase 2, Sector 25, Gurugram, Haryana 122002, India",,,https://maps.google.com/?cid=15483395346990660140&g_mp=Cilnb29nbGUubWFwcy5wbGFjZXMudjEuUGxhY2VzLlNlYXJjaE5lYXJieRACGAQgAA
GOVINDAS RAPIDO SERVICE,electronics_store,8745954219,,"Shop No -43, No -2, near Metro Station Gate, Sikanderpur, DLF Phase 2, Sector 25, Gurugram, Haryana 122002, India",,,https://maps.google.com/?cid=9727738347218449578&g_mp=Cilnb29nbGUubWFwcy5wbGFjZXMudjEuUGxhY2VzLlNlYXJjaE5lYXJieRACGAQgAA
Rohit Shop,car_wash,8865008929,,"Shop NoG67Sikanderpur, Metro Station, DLF Phase 2, Sector 25, Gurugram, Haryana 122002, India",,,https://maps.google.com/?cid=9580104470109106299&g_mp=Cilnb29nbGUubWFwcy5wbGFjZXMudjEuUGxhY2VzLlNlYXJjaE5lYXJieRACGAQgAA
Hitech Pneumatics,corporate_office,8048601673,,"Shop No. 16, Gangania Complex, Mehrauli-Gurgaon Rd, Sikanderpur, DLF Phase 1, Sector 26, Gurugram, Haryana 122002, India",,,https://maps.google.com/?cid=11432324488697679109&g_mp=Cilnb29nbGUubWFwcy5wbGFjZXMudjEuUGxhY2VzLlNlYXJjaE5lYXJieRACGAQgAA
Eastman Dealer - Kishan Battery & Auto Electric Works,,6124157887,https://eastman-dealers.eaplworld.com/near-me/gurugram/Sector-26/eastman-dealer-kishan-battery-auto-electric-works-in-Sector-26-gurugram--2oOX7t/home,"Shop No 3, Number 61, Gangania Complex, Mehrauli-Gurgaon Rd, opposite Metro Pillar, Sikanderpur, DLF Phase 1, Sector 26, Gurugram, Haryana 122002, India",,,https://maps.google.com/?cid=2963490858000979242&g_mp=Cilnb29nbGUubWFwcy5wbGFjZXMudjEuUGxhY2VzLlNlYXJjaE5lYXJieRACGAQgAA
V Mobile,,9813848349,,"Metro Pillar Number 61, opposite Sikanderpur Market, Block H, DLF Phase 1, Sector 26, Gurugram, Haryana 122002, India",,,https://maps.google.com/?cid=2468775743176907503&g_mp=Cilnb29nbGUubWFwcy5wbGFjZXMudjEuUGxhY2VzLlNlYXJjaE5lYXJieRACGAQgAA
Sandeep Cosmetic,cosmetics_store,9142518538,,"Shop 3, Numberdar Market, Sikanderpur, DLF Phase 1, Sector 26, Gurugram, Haryana 122002, India",,,https://maps.google.com/?cid=1491821166257674524&g_mp=Cilnb29nbGUubWFwcy5wbGFjZXMudjEuUGxhY2VzLlNlYXJjaE5lYXJieRACGAQgAA
Sai Art 'N' Glass,store,9999185661,,"Gaurav Plaza, 50, Mehrauli-Gurgaon Rd, near Metro Pillar No, Sikanderpur, DLF Phase 1, Sector 26, Gurugram, Haryana 122002, India",,,https://maps.google.com/?cid=11017243837361004976&g_mp=Cilnb29nbGUubWFwcy5wbGFjZXMudjEuUGxhY2VzLlNlYXJjaE5lYXJieRACGAQgAA
Raja Hotel,restaurant,8851977229,,"Sukanderpur, Sikanderpur, DLF Phase 1, Sector 26, Gurugram, Haryana 122002, India",,,https://maps.google.com/?cid=6005344684154006614&g_mp=Cilnb29nbGUubWFwcy5wbGFjZXMudjEuUGxhY2VzLlNlYXJjaE5lYXJieRACGAQgAA
United plywood and timber,general_contractor,8826359979,,"Gurudrona charya metro station, near Rajendra market, Sikanderpur, Sector 26, Gurugram, Haryana 122002, India",,,https://maps.google.com/?cid=10999942321152744785&g_mp=Cilnb29nbGUubWFwcy5wbGFjZXMudjEuUGxhY2VzLlNlYXJjaE5lYXJieRACGAQgAA
FARDEEN STORE,clothing_store,8630635107,,"Shop No 55, Gate No 1, Dronacharya Metro Station, Sikanderpur, Sector 26, Gurugram, Haryana 122002, India",,,https://maps.google.com/?cid=6395305245895408420&g_mp=Cilnb29nbGUubWFwcy5wbGFjZXMudjEuUGxhY2VzLlNlYXJjaE5lYXJieRACGAQgAA
Muin Khan Shop,store,7042617494,,"8 Guru Dronacharya Metro, Sikanderpur, Sector 26, Gurugram, Haryana 122002, India",,,https://maps.google.com/?cid=2524220491277073598&g_mp=Cilnb29nbGUubWFwcy5wbGFjZXMudjEuUGxhY2VzLlNlYXJjaE5lYXJieRACGAQgAA
Aman Enterprises,clothing_store,8700540771,,"Shop No 55, gate no 1, Dronacharya Metro Station, Sikanderpur, Sector 26, Gurugram, Haryana 122002, India",,,https://maps.google.com/?cid=6563275395365817343&g_mp=Cilnb29nbGUubWFwcy5wbGFjZXMudjEuUGxhY2VzLlNlYXJjaE5lYXJieRACGAQgAA
Bumpers,child_care_agency,7838522214,https://bumpersbabyco.com/,"Emaar Mgf Capital Tower Tower 1, GF015, Sikanderpur, Sector 26, Gurugram, Haryana 122002, India",,,https://maps.google.com/?cid=10831432082185494946&g_mp=Cilnb29nbGUubWFwcy5wbGFjZXMudjEuUGxhY2VzLlNlYXJjaE5lYXJieRACGAQgAA
Uamesh Paan Stall,store,8882848050,,"Shop No 155, near Gurudonachrya Metro, S Block, Sikanderpur, DLF Phase 3, Sector 24, Gurugram, Haryana 122002, India",,,https://maps.google.com/?cid=4194394019551687770&g_mp=Cilnb29nbGUubWFwcy5wbGFjZXMudjEuUGxhY2VzLlNlYXJjaE5lYXJieRACGAQgAA
Priyanka India Pvt Ltd,consultant,9311260122,http://www.priyankaindia.com/,"Unit GF-15, Emaar Mgf Capital Tower, 1 - Downtown, Mehrauli-Gurgaon Rd, Sikanderpur, Sector 26, Gurugram, Haryana 122002, India",,,https://maps.google.com/?cid=13790576828560488954&g_mp=Cilnb29nbGUubWFwcy5wbGFjZXMudjEuUGxhY2VzLlNlYXJjaE5lYXJieRACGAQgAA
Brando Enterprises,corporate_office,9810828696,http://brandoenterprises.com/,"Kh, No. 668, 2, Mehrauli-Gurgaon Rd, Sikanderpur, Ghitorni, New Delhi, Gurugram, Haryana 122002, India",,,https://maps.google.com/?cid=4729478648270160412&g_mp=Cilnb29nbGUubWFwcy5wbGFjZXMudjEuUGxhY2VzLlNlYXJjaE5lYXJieRACGAQgAA
Tirupati Marbles,manufacturer,9818788527,,"opposite Pillar number 9, Arjan Garh, Aya Nagar, Gurugram, Haryana 122002, India",,,https://maps.google.com/?cid=15392924314866688215&g_mp=Cilnb29nbGUubWFwcy5wbGFjZXMudjEuUGxhY2VzLlNlYXJjaE5lYXJieRACGAQgAA
Professional Comtech,corporate_office,9810070396,http://professionalcomtech.com/,"Metro Station Arjan Garh C-3(concourse, near, Lift No-3, Arjan Garh, Aya Nagar, New Delhi, Delhi 110047, India",,,https://maps.google.com/?cid=2723119855007408515&g_mp=Cilnb29nbGUubWFwcy5wbGFjZXMudjEuUGxhY2VzLlNlYXJjaE5lYXJieRACGAQgAA
BIM,service,9599791456,https://wstbimsolution.com/,"House no: 59, near Metro Station Arjan Garh, आया नगर, नई दिल्ली, दिल्ली 110047, India",,,https://maps.google.com/?cid=334444343229423723&g_mp=Cilnb29nbGUubWFwcy5wbGFjZXMudjEuUGxhY2VzLlNlYXJjaE5lYXJieRACGAQgAA
Jack Rabbit Consultant,consultant,7450005002,https://thejackrabbit.in/,"Khasra No.10,18,2, Mutation 1326, Plot no.91-92, Sector 18, Sarhol, Gurugram, Haryana 122016, India",,,https://maps.google.com/?cid=7159728448849039180&g_mp=Cilnb29nbGUubWFwcy5wbGFjZXMudjEuUGxhY2VzLlNlYXJjaE5lYXJieRACGAQgAA
TRANSPORT INDIA PASS,fast_food_restaurant,7290000731,,"Shaheed Ripon Katyal Marg, Sarhaul, Sector 18, Gurugram, Haryana 122015, India",,,https://maps.google.com/?cid=15555307316125719225&g_mp=Cilnb29nbGUubWFwcy5wbGFjZXMudjEuUGxhY2VzLlNlYXJjaE5lYXJieRACGAQgAA
lendhill services & Engineering,,8130756566,,"Lendhill Services & Engineering Behind Sunpharma, Vill, Sarhaul, Sector 18, Gurugram, Haryana 122015, India",,,https://maps.google.com/?cid=13921222356217035231&g_mp=Cilnb29nbGUubWFwcy5wbGFjZXMudjEuUGxhY2VzLlNlYXJjaE5lYXJieRACGAQgAA
Jitendra Automobile Service,chauffeur_service,7542940702,,"90, Sarhaul, Sector 18, Gurugram, Haryana 122015, India",,,https://maps.google.com/?cid=3105292127625908159&g_mp=Cilnb29nbGUubWFwcy5wbGFjZXMudjEuUGxhY2VzLlNlYXJjaE5lYXJieRACGAQgAA
Chandan Rai,service,7056177239,,"88, Jaipur - Delhi Expy, Sector 18, Sarhol, Gurugram, Haryana 122015, India",,,https://maps.google.com/?cid=9498209844940639633&g_mp=Cilnb29nbGUubWFwcy5wbGFjZXMudjEuUGxhY2VzLlNlYXJjaE5lYXJieRACGAQgAA
Harsh baker,bakery,7900448541,https://harshrao.com/,"near tikona park, DLF Phase 2, Sector 25, Sarhol, Gurugram, Haryana 122002, India",,,https://maps.google.com/?cid=7020085316491892027&g_mp=Cilnb29nbGUubWFwcy5wbGFjZXMudjEuUGxhY2VzLlNlYXJjaE5lYXJieRACGAQgAA
MYndfirst,medical_clinic,9990074440,,"5, L-5, DLF Phase 2, Sector 25, Gurugram, Haryana 122002, India",,,https://maps.google.com/?cid=13813331424840228698&g_mp=Cilnb29nbGUubWFwcy5wbGFjZXMudjEuUGxhY2VzLlNlYXJjaE5lYXJieRACGAQgAA
KAUZEYA,corporate_office,9810480288,,"j block, 4, DLF Phase 2, Sector 25, Gurugram, Haryana 122002, India",,,https://maps.google.com/?cid=17026873634260227723&g_mp=Cilnb29nbGUubWFwcy5wbGFjZXMudjEuUGxhY2VzLlNlYXJjaE5lYXJieRACGAQgAA
Studio Didot,service,7838963973,https://didotco.in/,"L-9/11, DLF Phase 2, Sector 25, Gurugram, Haryana 122002, India",,,https://maps.google.com/?cid=355774099447133013&g_mp=Cilnb29nbGUubWFwcy5wbGFjZXMudjEuUGxhY2VzLlNlYXJjaE5lYXJieRACGAQgAA
SOIN REALTY VENTURES,consultant,9599987786,,"K-9, Phase I, DLF Phase 2, Sector 25, Haryana, Gurugram, Haryana 122002, India",,,https://maps.google.com/?cid=2823113653753597541&g_mp=Cilnb29nbGUubWFwcy5wbGFjZXMudjEuUGxhY2VzLlNlYXJjaE5lYXJieRACGAQgAA
Odwalls,general_store,9650101238,,"Shop No. 148, Central Arcade, Phase I, DLF Phase 2, Sector 25, Gurugram, Haryana 122008, India",,,https://maps.google.com/?cid=12506619710602183625&g_mp=Cilnb29nbGUubWFwcy5wbGFjZXMudjEuUGxhY2VzLlNlYXJjaE5lYXJieRACGAQgAA
NM jewels shop,jewelry_store,7011833723,,"Delhi DLF phase 2, Central Arcade, Phase I, market, Sector 25, Gurugram, Haryana 122022, India",,,https://maps.google.com/?cid=15668124144927252827&g_mp=Cilnb29nbGUubWFwcy5wbGFjZXMudjEuUGxhY2VzLlNlYXJjaE5lYXJieRACGAQgAA
Jobs Infratech,employment_agency,6386954836,,"65, Basement, Akashneem Marg, DLF Phase 2, pin, Gurugram, Haryana 122002, India",,,https://maps.google.com/?cid=792987362920813170&g_mp=Cilnb29nbGUubWFwcy5wbGFjZXMudjEuUGxhY2VzLlNlYXJjaE5lYXJieRACGAQgAA
V5 Engineering Services Pvt. Ltd.,corporate_office,9810340058,,"92, Akashneem Marg, DLF Phase 2, Sector 25, Gurugram, Haryana 122002, India",,,https://maps.google.com/?cid=11088943570790385073&g_mp=Cilnb29nbGUubWFwcy5wbGFjZXMudjEuUGxhY2VzLlNlYXJjaE5lYXJieRACGAQgAA
SMC Global Securities Limited,finance,8064170391,https://store.smctradeonline.com/smc-global-securities-limited-stock-broker-dlf-gurugram-484891/Home?utm_source=locator&utm_medium=googleplaces,"No J/6/4, DLF Phase 2, Sector 25, Gurugram, Haryana 122002, India",,,https://maps.google.com/?cid=11342202321872681659&g_mp=Cilnb29nbGUubWFwcy5wbGFjZXMudjEuUGxhY2VzLlNlYXJjaE5lYXJieRACGAQgAA
SHRI SHYAM TAXI SERVICE,taxi_service,9999901285,,"EWS Flat, Oakwood Estate, 108, Akashneem Marg, DLF Phase 2, Sector 25, Gurugram, Haryana 122005, India",,,https://maps.google.com/?cid=2655178895760839901&g_mp=Cilnb29nbGUubWFwcy5wbGFjZXMudjEuUGxhY2VzLlNlYXJjaE5lYXJieRACGAQgAA
NextWebGen InfoTech Private Limited,service,8860824396,http://www.nextwebgen.com/,"OE-410, OAKWOOD ESTATE OAKWOOD ESTATE CONDOMINIUM ASSOCIATION, Akashneem Marg, DLF Phase 2, Sector 25, Gurugram, Haryana 122002, India",,,https://maps.google.com/?cid=1492513415475222976&g_mp=Cilnb29nbGUubWFwcy5wbGFjZXMudjEuUGxhY2VzLlNlYXJjaE5lYXJieRACGAQgAA
Optimist Brand Design,service,9225676704,https://optimist.co.in/,"Oakwood Estate B-Block, DLF Phase 2, Sector 25, Shahpur, Gurugram, Haryana 122002, India",,,https://maps.google.com/?cid=5308517034558491401&g_mp=Cilnb29nbGUubWFwcy5wbGFjZXMudjEuUGxhY2VzLlNlYXJjaE5lYXJieRACGAQgAA
Prasidhi Realty Solutions,consultant,9818967675,https://prasidhirealtysolutions.in/,"2, Basement, Q-5, DLF Phase 2, Sector 25, Gurugram, Haryana 122002, India",,,https://maps.google.com/?cid=10603619652239784640&g_mp=Cilnb29nbGUubWFwcy5wbGFjZXMudjEuUGxhY2VzLlNlYXJjaE5lYXJieRACGAQgAA
Kajaria Tiles Exclusive Showroom - Shiv Madhav Overseas,building_materials_store,8037150991,https://dealers.kajariaceramics.com/,"Rajendra Market, Hanuman Mandir Gali, near Prachin, Nathupur, Sector 24, Gurugram, Haryana 122002, India",,,https://maps.google.com/?cid=269916746762305224&g_mp=Cilnb29nbGUubWFwcy5wbGFjZXMudjEuUGxhY2VzLlNlYXJjaE5lYXJieRACGAQgAA
Marda lifestyle & Essentials Pvt Ltd,corporate_office,7817801896,http://www.arthadam.com/,"10, Poorvi Marg, DLF Phase 2, Sector 25, Gurugram, Haryana 122002, India",,,https://maps.google.com/?cid=6749617131362146848&g_mp=Cilnb29nbGUubWFwcy5wbGFjZXMudjEuUGxhY2VzLlNlYXJjaE5lYXJieRACGAQgAA
Shree Ram Bhakt Hanuman ji Foundation,corporate_office,7737732147,http://srbhjf.ngo/,"2nd floor, Gaurav plazza, Sikanderpur Rd, opp. metro Pillar no 50, DLF Phase 1, Sector 26, Gurugram, Haryana 122002, India",,,https://maps.google.com/?cid=15546301222669547278&g_mp=Cilnb29nbGUubWFwcy5wbGFjZXMudjEuUGxhY2VzLlNlYXJjaE5lYXJieRACGAQgAA
Ashok Masala Shop,general_store,8851221430,,"11, DLF City, Sikanderpur, DLF Phase 3, Sector 24, Sikanderpur Ghosi, Gurugram, Haryana 122001, India",,,https://maps.google.com/?cid=4542719009035911168&g_mp=Cilnb29nbGUubWFwcy5wbGFjZXMudjEuUGxhY2VzLlNlYXJjaE5lYXJieRACGAQgAA
Arvend Hospital,hospital,9910297981,,"F4P2+28Q, DLF City, DLF Phase 3, Sector 24, Sikanderpur Ghosi, Gurugram, Haryana 122010, India",,,https://maps.google.com/?cid=756090744625611457&g_mp=Cilnb29nbGUubWFwcy5wbGFjZXMudjEuUGxhY2VzLlNlYXJjaE5lYXJieRACGAQgAA
Tiny Tot Play School & Day Care,school,9667279125,,"S 47 S Block Dlf Phase 3 Sector 24 Gurugram, 9, Road No S 47, S Block, Dlf Phase 3, Sector 24, Gurugram, DLF City, DLF Phase 3, Sector 24, Delhi NCR, Gurugram, Haryana 122010, India",,,https://maps.google.com/?cid=17457823849063499704&g_mp=Cilnb29nbGUubWFwcy5wbGFjZXMudjEuUGxhY2VzLlNlYXJjaE5lYXJieRACGAQgAA
shrreenie,buffet_restaurant,9899220835,https://www.instagram.com/shrreenie/,"V28, 13, S Block, DLF Phase 3, Sector 24, Gurugram, Haryana 122010, India",,,https://maps.google.com/?cid=1645270314330465872&g_mp=Cilnb29nbGUubWFwcy5wbGFjZXMudjEuUGxhY2VzLlNlYXJjaE5lYXJieRACGAQgAA
Projector on Rent in Gurgaon I Event Capture,service,7428573845,https://www.eventcapture.in/,"1st Floor, G -13, DLF Phase 3, Guragon, Gurugram, Haryana 122010, India",,,https://maps.google.com/?cid=15054710513995764141&g_mp=Cilnb29nbGUubWFwcy5wbGFjZXMudjEuUGxhY2VzLlNlYXJjaE5lYXJieRACGAQgAA
Mmansha Chadha,astrologer,9810100283,,"W-9/24, 1st Floor, DLF Phase 3, Sector 24, Gurugram, Haryana 122002, India",,,https://maps.google.com/?cid=15179857836689633098&g_mp=Cilnb29nbGUubWFwcy5wbGFjZXMudjEuUGxhY2VzLlNlYXJjaE5lYXJieRACGAQgAA
Sk. Engineering work,service,7827688652,https://sk.engineering.com/,"16, Nathupur Rd, DLF Phase 3, Sector 24, Gurugram, Haryana 122010, India",,,https://maps.google.com/?cid=18381902013885213809&g_mp=Cilnb29nbGUubWFwcy5wbGFjZXMudjEuUGxhY2VzLlNlYXJjaE5lYXJieRACGAQgAA
Obey Me by Mukul Arya,service,9818333089,,"S-7/8, DLF Phase 3, Sector 24, Gurugram, Haryana 122002, India",,,https://maps.google.com/?cid=14827556841326807616&g_mp=Cilnb29nbGUubWFwcy5wbGFjZXMudjEuUGxhY2VzLlNlYXJjaE5lYXJieRACGAQgAA
Gurgaon Industrial Chemicals,,9810119817,,"14, DLF Phase 3, Sector 26, Gurugram, Haryana 122010, India",,,https://maps.google.com/?cid=9139220060766724790&g_mp=Cilnb29nbGUubWFwcy5wbGFjZXMudjEuUGxhY2VzLlNlYXJjaE5lYXJieRACGAQgAA
Sector18 Sarol SarkarischoolGaur Enterprise,school,8178851775,,"129/1, Sarhaul, Sector 18, Gurugram, Haryana 122015, India",,,https://maps.google.com/?cid=9941831762534081582&g_mp=Cilnb29nbGUubWFwcy5wbGFjZXMudjEuUGxhY2VzLlNlYXJjaE5lYXJieRACGAQgAA
Shree Shyam Cyber Cafe,auto_parts_store,9254203015,,"Shop No 04, Sarhaul, Sector 18, Gurugram, Haryana 122015, India",,,https://maps.google.com/?cid=12278919493996985495&g_mp=Cilnb29nbGUubWFwcy5wbGFjZXMudjEuUGxhY2VzLlNlYXJjaE5lYXJieRACGAQgAA
Naveen Store,general_store,7982460039,,"12, near Gajraj Not, Sarhaul, Sector 18, Gurugram, Haryana 122015, India",,,https://maps.google.com/?cid=2976969498775244409&g_mp=Cilnb29nbGUubWFwcy5wbGFjZXMudjEuUGxhY2VzLlNlYXJjaE5lYXJieRACGAQgAA
Akansha Clinic,doctor,9318443981,,"Shop No.2 Sector. 18 Sarhaul, Market, Sarhaul, Sector 18, Gurugram, Haryana 122015, India",,,https://maps.google.com/?cid=4580184087789722933&g_mp=Cilnb29nbGUubWFwcy5wbGFjZXMudjEuUGxhY2VzLlNlYXJjaE5lYXJieRACGAQgAA
Santosh Electronics,service,9871850134,,"Sarhol Sec,18,Mayur Wali Gali Sarhol, Mayur Wali Gali, Sarhaul, Sector 18, Gurugram, Haryana 122015, India",,,https://maps.google.com/?cid=2867910601209488314&g_mp=Cilnb29nbGUubWFwcy5wbGFjZXMudjEuUGxhY2VzLlNlYXJjaE5lYXJieRACGAQgAA
Ms Communication,service,7428066139,,"Shop 4, Police Chowki Wali Gali Sector 18 Sarhol, NCR, Sarhaul, Sector 18, Region, Gurugram, Haryana 122015, India",,,https://maps.google.com/?cid=9319669470683163300&g_mp=Cilnb29nbGUubWFwcy5wbGFjZXMudjEuUGxhY2VzLlNlYXJjaE5lYXJieRACGAQgAA
Sunshine Public School Sarhaul,primary_school,9999076240,,"House Number 885 , Sector-18 , VPO Sarhaul, near Govt School, Sarhaul, Sector 18, Gurugram, Haryana 122015, India",,,https://maps.google.com/?cid=6602817952638976855&g_mp=Cilnb29nbGUubWFwcy5wbGFjZXMudjEuUGxhY2VzLlNlYXJjaE5lYXJieRACGAQgAA
Choudhary Electrical service,electrician,8368715938,,"14A/18, Sarhaul, Sector 18, Gurugram, Sarhol, Haryana 122015, India",,,https://maps.google.com/?cid=12580491818368172933&g_mp=Cilnb29nbGUubWFwcy5wbGFjZXMudjEuUGxhY2VzLlNlYXJjaE5lYXJieRACGAQgAA
Adnan Scrap Enterprises,auto_parts_store,9540372822,,"Hansram Market, opp. Orient Craft 7d, Sarhaul, Sector 18, Gurugram, Haryana 122015, India",,,https://maps.google.com/?cid=7486591901245309127&g_mp=Cilnb29nbGUubWFwcy5wbGFjZXMudjEuUGxhY2VzLlNlYXJjaE5lYXJieRACGAQgAA
PRINCY GENERAL STORE,general_store,8448159206,,"NEAR AMIT CINEMA VILLAGE SARHAUL, Sector 18, Gurugram, Haryana 122015, India",,,https://maps.google.com/?cid=3108387851897928829&g_mp=Cilnb29nbGUubWFwcy5wbGFjZXMudjEuUGxhY2VzLlNlYXJjaE5lYXJieRACGAQgAA
Dr Harshita Sethi,doctor,9811511582,,"lower ground floor, 49, Gulmohar Marg, Mushedpur, DLF Phase 2, Sector 25, Gurugram, Haryana 122002, India",,,https://maps.google.com/?cid=10359822085983839115&g_mp=Cilnb29nbGUubWFwcy5wbGFjZXMudjEuUGxhY2VzLlNlYXJjaE5lYXJieRACGAQgAA
Pasta Dal Cuore,italian_restaurant,9810577069,,"50, Gulmohar Marg, Mushedpur, DLF Phase 2, Sector 25, Gurugram, Haryana 122002, India",,,https://maps.google.com/?cid=15774629866547635234&g_mp=Cilnb29nbGUubWFwcy5wbGFjZXMudjEuUGxhY2VzLlNlYXJjaE5lYXJieRACGAQgAA
Sevati devi memorial digital medical centre,medical_center,8810319629,https://www.sevati.in/,"M4/17a, near Cyber City, Mushedpur, DLF Phase 2, Sector 25, Gurugram, Haryana 122002, India",,,https://maps.google.com/?cid=13063594511951547370&g_mp=Cilnb29nbGUubWFwcy5wbGFjZXMudjEuUGxhY2VzLlNlYXJjaE5lYXJieRACGAQgAA
"Ladies Hub — Women's Clothing & Cosmetics""",clothing_store,7289880321,,"41 /32, U Block, DLF Phase 3, Sector 24, Gurugram, Haryana 122002, India",,,https://maps.google.com/?cid=2621873258529653879&g_mp=Cilnb29nbGUubWFwcy5wbGFjZXMudjEuUGxhY2VzLlNlYXJjaE5lYXJieRACGAQgAA
Ganga Kuteer,school,9811510100,,"42, MM42, Madhya Marg, Mushedpur, DLF Phase 2, Sector 25, Gurugram, Haryana 122002, India",,,https://maps.google.com/?cid=5069872642596350675&g_mp=Cilnb29nbGUubWFwcy5wbGFjZXMudjEuUGxhY2VzLlNlYXJjaE5lYXJieRACGAQgAA
KD MART,store,7297996280,,"Neem marg, Mushedpur, DLF Phase 2, Sector 25, Gurugram, Haryana 122002, India",,,https://maps.google.com/?cid=16956691540045872403&g_mp=Cilnb29nbGUubWFwcy5wbGFjZXMudjEuUGxhY2VzLlNlYXJjaE5lYXJieRACGAQgAA
FOREVER INDIA,,9999183680,https://www.foreverindia.co/,"P4/7, Mushedpur, DLF Phase 2, Sector 25, Gurugram, Haryana 122002, India",,,https://maps.google.com/?cid=17737439964423757486&g_mp=Cilnb29nbGUubWFwcy5wbGFjZXMudjEuUGxhY2VzLlNlYXJjaE5lYXJieRACGAQgAA
8 Insights,service,7982422814,https://8-insights.com/,"Block N, 4, N-14, DLF Phase 2, Sector 25, Gurugram, Haryana 122002, India",,,https://maps.google.com/?cid=16215465115547401565&g_mp=Cilnb29nbGUubWFwcy5wbGFjZXMudjEuUGxhY2VzLlNlYXJjaE5lYXJieRACGAQgAA
AIS FASHION HUB,,9370137231,,"Ais Fashion Hub, near Zepto, Nathupur, Sector 24, Gurugram, Haryana 122010, India",,,https://maps.google.com/?cid=4741762370307894266&g_mp=Cilnb29nbGUubWFwcy5wbGFjZXMudjEuUGxhY2VzLlNlYXJjaE5lYXJieRACGAQgAA
LAKSHMI CAKE SHOP,bakery,9354355278,,"Nathupur, Sector 24, Gurugram, Haryana 122010, India",,,https://maps.google.com/?cid=15091629742826620727&g_mp=Cilnb29nbGUubWFwcy5wbGFjZXMudjEuUGxhY2VzLlNlYXJjaE5lYXJieRACGAQgAA
Raj Bartan Bhandar,hardware_store,9650237248,,"Shop No. 973, Mather Dairy Nathupur, near CHR, DLF Phase 3, Sector 24, Gurugram, Haryana 122010, India",,,https://maps.google.com/?cid=7189499801120795309&g_mp=Cilnb29nbGUubWFwcy5wbGFjZXMudjEuUGxhY2VzLlNlYXJjaE5lYXJieRACGAQgAA
JBMR SUPPLIER,store,9953966895,,"JBMR SUPPLIER, Ambedkar bhawan, Nathupur, Sector 24, Gurugram, Haryana 122002, India",,,https://maps.google.com/?cid=6138049340527743805&g_mp=Cilnb29nbGUubWFwcy5wbGFjZXMudjEuUGxhY2VzLlNlYXJjaE5lYXJieRACGAQgAA
SPOKEN ENGLISH & PUBLIC SPEAKING ACADEMY- SEPS,educational_institution,9266877813,https://www.icoachthecoach.in/,"iCoachTheCoach-ICTC Learning Solutions S-50/24, Ground Floor, beside R.K Public School, S Block, DLF Phase 3, Sector 24, Gurugram, Haryana 122002, India",,,https://maps.google.com/?cid=9997866611512384943&g_mp=Cilnb29nbGUubWFwcy5wbGFjZXMudjEuUGxhY2VzLlNlYXJjaE5lYXJieRACGAQgAA
Paper Bag @GShell,store,9540010111,,"S-52/25, near GD Goenka Global School, S Block, DLF Phase 3, Sector 24, Gurugram, Haryana 122010, India",,,https://maps.google.com/?cid=12390946911905025557&g_mp=Cilnb29nbGUubWFwcy5wbGFjZXMudjEuUGxhY2VzLlNlYXJjaE5lYXJieRACGAQgAA
Cosmetic,cosmetics_store,7503678358,,"S 669/51, Lane number 51, Nathupur Rd, DLF Phase 3, Sector 24, Gurugram, Haryana 122010, India",,,https://maps.google.com/?cid=8120310087849260510&g_mp=Cilnb29nbGUubWFwcy5wbGFjZXMudjEuUGxhY2VzLlNlYXJjaE5lYXJieRACGAQgAA
NITYA PASSION,wholesaler,9811011705,,"S-52, near GD Goenka Global School, S Block, DLF Phase 3, Sector 24, Gurugram, Haryana 122010, India",,,https://maps.google.com/?cid=7354546502296243244&g_mp=Cilnb29nbGUubWFwcy5wbGFjZXMudjEuUGxhY2VzLlNlYXJjaE5lYXJieRACGAQgAA
RJS,employment_agency,9871021271,http://sroyaljobs.com/,"52/5, S Block, DLF Phase 3, Sector 24, Gurugram, Haryana 122002, India",,,https://maps.google.com/?cid=12872231238640852408&g_mp=Cilnb29nbGUubWFwcy5wbGFjZXMudjEuUGxhY2VzLlNlYXJjaE5lYXJieRACGAQgAA
Ayushman Software,corporate_office,9955777299,,"52, S Block, DLF Phase 3, Sector 24, Gurugram, Haryana 122010, India",,,https://maps.google.com/?cid=1177990585718904847&g_mp=Cilnb29nbGUubWFwcy5wbGFjZXMudjEuUGxhY2VzLlNlYXJjaE5lYXJieRACGAQgAA
Omega Technologies,corporate_office,9999366135,,"V 21/7 , DLF City, Phase - III, DLF Phase 3, Sector 24, Gurugram, Haryana 122010, India",,,https://maps.google.com/?cid=15356101377628577084&g_mp=Cilnb29nbGUubWFwcy5wbGFjZXMudjEuUGxhY2VzLlNlYXJjaE5lYXJieRACGAQgAA
Noble Socio-Scientific Welfare Organization,association_or_organization,9810429511,,"H-16/6, DLF City Phase 1, DLF Phase 3, Sector 24, Gurugram, Haryana 122010, India",,,https://maps.google.com/?cid=1355516079100077441&g_mp=Cilnb29nbGUubWFwcy5wbGFjZXMudjEuUGxhY2VzLlNlYXJjaE5lYXJieRACGAQgAA
Bajaj,association_or_organization,7219821111,,"4, Rd, No S, 13, DLF Phase 3, Sector 24, Gurugram, Haryana 122010, India",,,https://maps.google.com/?cid=12366048192219401551&g_mp=Cilnb29nbGUubWFwcy5wbGFjZXMudjEuUGxhY2VzLlNlYXJjaE5lYXJieRACGAQgAA
Sharma Enterprises,hospital,7982085594,,"232, near Mohalla Clinic, Anand Gram, Ghitorni, New Delhi, Delhi 110030, India",,,https://maps.google.com/?cid=9505080092019101581&g_mp=Cilnb29nbGUubWFwcy5wbGFjZXMudjEuUGxhY2VzLlNlYXJjaE5lYXJieRACGAQgAA
Deepak Vyas,cafe,9079161849,,"Shop No.64, Main Market, Sarhaul, Sector 18, Gurugram, Haryana 122015, India",,,https://maps.google.com/?cid=15855923030011707324&g_mp=Cilnb29nbGUubWFwcy5wbGFjZXMudjEuUGxhY2VzLlNlYXJjaE5lYXJieRACGAQgAA
PATIENCE Food Cafe,fast_food_restaurant,9548020337,,"Sarhaul, Sector 18, Sarhol, Gurugram, Haryana 122015, India",,,https://maps.google.com/?cid=1479882483586289900&g_mp=Cilnb29nbGUubWFwcy5wbGFjZXMudjEuUGxhY2VzLlNlYXJjaE5lYXJieRACGAQgAA
BAPI GENERAL STORE,wholesaler,8920542030,,"Gali 5, near Jagdanga Store, Sarhaul, Sector 18, Gurugram, Haryana 122015, India",,,https://maps.google.com/?cid=16484553889111004133&g_mp=Cilnb29nbGUubWFwcy5wbGFjZXMudjEuUGxhY2VzLlNlYXJjaE5lYXJieRACGAQgAA
Avinash,cafe,7508399698,,"Shop No. 94, Main Market, Sarhaul, Sector 18, Gurugram, Haryana 122015, India",,,https://maps.google.com/?cid=1931854751443030811&g_mp=Cilnb29nbGUubWFwcy5wbGFjZXMudjEuUGxhY2VzLlNlYXJjaE5lYXJieRACGAQgAA
H.P. Clothing (India) - Warehouse KG,clothing_store,9886668768,http://www.hp-group.in/,"Plot No. 05, Gali No. 02, Rao Market, opp. Siemens, Sarhaul, Sector 18, Gurugram, Haryana 122015, India",,,https://maps.google.com/?cid=5201702715731951598&g_mp=Cilnb29nbGUubWFwcy5wbGFjZXMudjEuUGxhY2VzLlNlYXJjaE5lYXJieRACGAQgAA
Rao shyam lal memorial public school,school,9810240310,,"7, Sub. Major Laxmi Chand Rd, Maruti Udyog, Sector 18, Gurugram, Haryana 122015, India",,,https://maps.google.com/?cid=12136196316769888927&g_mp=Cilnb29nbGUubWFwcy5wbGFjZXMudjEuUGxhY2VzLlNlYXJjaE5lYXJieRACGAQgAA
Ritu Cosmetic And Gift Gallery,cosmetics_store,8003075425,,"Shop No.506 Sahrol, Sarhaul, Sector 18, Gurugram, Haryana 122015, India",,,https://maps.google.com/?cid=12508997051314204192&g_mp=Cilnb29nbGUubWFwcy5wbGFjZXMudjEuUGxhY2VzLlNlYXJjaE5lYXJieRACGAQgAA
Sakib Garments,clothing_store,8383856103,,"Shop No.3, near Sabji Mandi, Sarhaul, Sector 18, Gurugram, Haryana 122015, India",,,https://maps.google.com/?cid=9750576138399617737&g_mp=Cilnb29nbGUubWFwcy5wbGFjZXMudjEuUGxhY2VzLlNlYXJjaE5lYXJieRACGAQgAA
FASHION POINT,clothing_store,9810379337,,"Shop No.4, near by C-dot, Sarhaul, Sector 18, Gurugram, Haryana 122015, India",,,https://maps.google.com/?cid=9353943715415168330&g_mp=Cilnb29nbGUubWFwcy5wbGFjZXMudjEuUGxhY2VzLlNlYXJjaE5lYXJieRACGAQgAA
SK Footwear,shoe_store,9899284966,,"F3QC+VFJ, Sarhaul, Sector 18, Gurugram, Haryana 122015, India",,,https://maps.google.com/?cid=17231439816443646506&g_mp=Cilnb29nbGUubWFwcy5wbGFjZXMudjEuUGxhY2VzLlNlYXJjaE5lYXJieRACGAQgAA
BHARAT COMMUNICATION,atm,8447864450,,"MAIN MARKET, near SUBJI MANDI, Udyog Vihar, Sector 18, Sarhol, Gurugram, Haryana 122015, India",,,https://maps.google.com/?cid=2938730669096546310&g_mp=Cilnb29nbGUubWFwcy5wbGFjZXMudjEuUGxhY2VzLlNlYXJjaE5lYXJieRACGAQgAA
Yadav Stationery And Gift Items,store,9958849666,,"Sarhaul, near Bharat Communications, Sarhaul, Sector 18, Gurugram, Haryana 122015, India",,,https://maps.google.com/?cid=7299628101103881240&g_mp=Cilnb29nbGUubWFwcy5wbGFjZXMudjEuUGxhY2VzLlNlYXJjaE5lYXJieRACGAQgAA
Proelium Learning Solutions Private Limited,general_contractor,9319080320,,"Plot 29, Sector 18, Gurugram, Haryana 122015, India",,,https://maps.google.com/?cid=2904276238081815983&g_mp=Cilnb29nbGUubWFwcy5wbGFjZXMudjEuUGxhY2VzLlNlYXJjaE5lYXJieRACGAQgAA
Print Pluse,manufacturer,9810314046,,"H.no.27,Sector-18, vpo, Sarhaul, banjara mohalla, Gurugram, Haryana 122015, India",,,https://maps.google.com/?cid=2606797042906320475&g_mp=Cilnb29nbGUubWFwcy5wbGFjZXMudjEuUGxhY2VzLlNlYXJjaE5lYXJieRACGAQgAA
Adarsh General Store,grocery_store,9899770270,,"Shop No1007, Hanuman Mandir Rd, near Chacha Chowk, Sector 18, Faridabad, Gurugram, Haryana 121005, India",,,https://maps.google.com/?cid=2691732062700846384&g_mp=Cilnb29nbGUubWFwcy5wbGFjZXMudjEuUGxhY2VzLlNlYXJjaE5lYXJieRACGAQgAA
ValueServices,service,8800322016,https://www.valueservices.co.in/,"3rd Floor, Plot 31, Sector 18, Gurugram, Haryana 122015, India",,,https://maps.google.com/?cid=613286556175956328&g_mp=Cilnb29nbGUubWFwcy5wbGFjZXMudjEuUGxhY2VzLlNlYXJjaE5lYXJieRACGAQgAA
LOGICORP INTERNATIONAL,service,8860006760,https://www.logicorp.in/,"Mahendra Singh Compound, opp. LUMAX, near PASSPORT OFFICE, Maruti Udyog, Sector 18, Gurugram, Haryana 122015, India",,,https://maps.google.com/?cid=13678179389931547912&g_mp=Cilnb29nbGUubWFwcy5wbGFjZXMudjEuUGxhY2VzLlNlYXJjaE5lYXJieRACGAQgAA
Hi-Tech Engineers,supplier,7503211754,,"18, Sub. Major Laxmi Chand Rd, near passport office, Maruti Udyog, Sector 18, Gurugram, Haryana 122015, India",,,https://maps.google.com/?cid=5710679040693813592&g_mp=Cilnb29nbGUubWFwcy5wbGFjZXMudjEuUGxhY2VzLlNlYXJjaE5lYXJieRACGAQgAA
ROYAL BITE,meal_delivery,9999358896,https://www.royalbite.in/,"Sub. Major Laxmi Chand Rd, Sector 18, Sarhol, Gurugram, Haryana 122015, India",,,https://maps.google.com/?cid=17902535156618146895&g_mp=Cilnb29nbGUubWFwcy5wbGFjZXMudjEuUGxhY2VzLlNlYXJjaE5lYXJieRACGAQgAA
My India Travels,travel_agency,9991913795,,"Shop No 01, near Passport Office, Phase IV, Sector 18, Gurugram, Haryana 122015, India",,,https://maps.google.com/?cid=14935913210259888515&g_mp=Cilnb29nbGUubWFwcy5wbGFjZXMudjEuUGxhY2VzLlNlYXJjaE5lYXJieRACGAQgAA
Shree Maruti Courier Service,courier_service,9712666666,,"Laxmi Chand Road, opposite SMEC Office, Sector 18, Sarhol, Gurugram, Haryana 122015, India",,,https://maps.google.com/?cid=4224288060463978651&g_mp=Cilnb29nbGUubWFwcy5wbGFjZXMudjEuUGxhY2VzLlNlYXJjaE5lYXJieRACGAQgAA
Maully Beauty,store,8796331256,http://www.maullybeauty.com/,"4th floor, M3/27, Mushedpur, DLF Phase 2, Sector 25, Gurugram, Haryana 122002, India",,,https://maps.google.com/?cid=12742155450696883362&g_mp=Cilnb29nbGUubWFwcy5wbGFjZXMudjEuUGxhY2VzLlNlYXJjaE5lYXJieRACGAQgAA
Chaurasiya travels,food_store,9582733862,,"Ramesh pan, dm13, DLF Phase 2, Sector 25, Shahpur, Gurugram, Haryana 122002, India",,,https://maps.google.com/?cid=12307459681877672962&g_mp=Cilnb29nbGUubWFwcy5wbGFjZXMudjEuUGxhY2VzLlNlYXJjaE5lYXJieRACGAQgAA
Gunit Kaur,jewelry_store,9810291184,http://gunitkaur.com/,"64, Jacaranda Marg, DLF Phase 2, Sector 25, Gurugram, Haryana 122002, India",,,https://maps.google.com/?cid=13020950470083237981&g_mp=Cilnb29nbGUubWFwcy5wbGFjZXMudjEuUGxhY2VzLlNlYXJjaE5lYXJieRACGAQgAA
Momentum,clothing_store,9810902029,,"M, 13/24 A, DLF Phase 2, Sector 25, Gurugram, Haryana 122002, India",,,https://maps.google.com/?cid=10055934811357427671&g_mp=Cilnb29nbGUubWFwcy5wbGFjZXMudjEuUGxhY2VzLlNlYXJjaE5lYXJieRACGAQgAA
Filmr Productions,service,8130282018,https://filmrproductions.com/,"5, N-12 Rd, DLF Phase 2, Sector 25, Gurugram, Shahpur, Haryana 122002, India",,,https://maps.google.com/?cid=8679422778351735010&g_mp=Cilnb29nbGUubWFwcy5wbGFjZXMudjEuUGxhY2VzLlNlYXJjaE5lYXJieRACGAQgAA
Nikharv Consultancy,employment_agency,9054640461,http://www.thenikharvconsultancy.com/,"19th Floor, Tower-C, DLF Epitome (Building Number 5) situated at, DLF Cyber City, DLF Phase 2, Sector 24, Gurugram, Haryana 122002, India",,,https://maps.google.com/?cid=5697181469029050134&g_mp=Cilnb29nbGUubWFwcy5wbGFjZXMudjEuUGxhY2VzLlNlYXJjaE5lYXJieRACGAQgAA
Craftoire | Gurugram Studio,,9340762113,https://craftoire.com/,"18th Floor, Tower B, DLF Building, 5 (Epitome, Sikanderpur Rd, DLF Cyber City, DLF Phase 3, Sector 24, Gurugram, Haryana 122002, India",,,https://maps.google.com/?cid=11412717793682502205&g_mp=Cilnb29nbGUubWFwcy5wbGFjZXMudjEuUGxhY2VzLlNlYXJjaE5lYXJieRACGAQgAA
Chhotu Roll Store,food_court,9319902826,,"Shop 12, U Block, DLF Phase 3, Sector 24, Gurugram, Haryana 122002, India",,,https://maps.google.com/?cid=12947011739299720456&g_mp=Cilnb29nbGUubWFwcy5wbGFjZXMudjEuUGxhY2VzLlNlYXJjaE5lYXJieRACGAQgAA
Sonu Vegetables,food_store,7390048204,,"Basement Market, U Block, DLF Phase 3, Nathupur, Gurugram, Haryana 122002, India",,,https://maps.google.com/?cid=5175329654133845420&g_mp=Cilnb29nbGUubWFwcy5wbGFjZXMudjEuUGxhY2VzLlNlYXJjaE5lYXJieRACGAQgAA
Aquatic Public School,school,9990926662,,"SHIV MANDIR, NEAR TOTARAM CHOWK, DLF PHASE 3, Nathupur, Sector 24, Gurugram, Haryana 122010, India",,,https://maps.google.com/?cid=16886609365258211267&g_mp=Cilnb29nbGUubWFwcy5wbGFjZXMudjEuUGxhY2VzLlNlYXJjaE5lYXJieRACGAQgAA
Express Packers And Movers,transportation_service,8796561072,,"Shop No.482, Nathupur, Sector 24, Gurugram, Haryana 122002, India",,,https://maps.google.com/?cid=9465621728375741252&g_mp=Cilnb29nbGUubWFwcy5wbGFjZXMudjEuUGxhY2VzLlNlYXJjaE5lYXJieRACGAQgAA
S T Public School,school,9968581304,,"Nathupur, C 26 28, Dlf Phase 3, Sector 24, Gurugram, Gurugram Division Delhi, 489, Nathupur, Sector 24, Gurugram, Haryana 122002, India",,,https://maps.google.com/?cid=13287169899798913228&g_mp=Cilnb29nbGUubWFwcy5wbGFjZXMudjEuUGxhY2VzLlNlYXJjaE5lYXJieRACGAQgAA
Dilip Hair Cutting Saloon,hair_salon,7042063960,,"6-98, Block A, Nathupur, Sector 26A, Gurugram, Haryana 122002, India",,,https://maps.google.com/?cid=1915434577540150937&g_mp=Cilnb29nbGUubWFwcy5wbGFjZXMudjEuUGxhY2VzLlNlYXJjaE5lYXJieRACGAQgAA
Babu Ali Saloon,barber_shop,7838526781,,"22, Abc, DLF Phase 3, Sector 24, Gurugram, Haryana 122010, India",,,https://maps.google.com/?cid=13864578888463494664&g_mp=Cilnb29nbGUubWFwcy5wbGFjZXMudjEuUGxhY2VzLlNlYXJjaE5lYXJieRACGAQgAA
AggarwaI Care Packer And Mover,manufacturer,8750787426,,"Shop No, 236, Siris Rd, near Govt High School, DLF Phase 3, Sector 24, Gurugram, Haryana 122002, India",,,https://maps.google.com/?cid=13208035920233821946&g_mp=Cilnb29nbGUubWFwcy5wbGFjZXMudjEuUGxhY2VzLlNlYXJjaE5lYXJieRACGAQgAA
Camrria Homes,real_estate_agency,9871016969,http://camrriahomes.com/,"19, Siris Rd, DLF Phase 3, Sector 24, Gurugram, Haryana 122002, India",,,https://maps.google.com/?cid=10178238443770747580&g_mp=Cilnb29nbGUubWFwcy5wbGFjZXMudjEuUGxhY2VzLlNlYXJjaE5lYXJieRACGAQgAA
Banzaara Store,clothing_store,9034347656,https://www.banzaara.com/,"Street No.3, Plot No.5, Pahadi, Ghitorni, New Delhi, Delhi 110030, India",,,https://maps.google.com/?cid=16208990536863485805&g_mp=Cilnb29nbGUubWFwcy5wbGFjZXMudjEuUGxhY2VzLlNlYXJjaE5lYXJieRACGAQgAA
Chaudhary Savita Mbbs,doctor,9899776132,,"Opposite Munjal Saura Sector-18, Sirhaul, Udyog Vihar, Udyog Vihar, Sector 37, Maruti Udyog, Sector 18, Gurugram, Haryana 122015, India",,,https://maps.google.com/?cid=15964347389824002125&g_mp=Cilnb29nbGUubWFwcy5wbGFjZXMudjEuUGxhY2VzLlNlYXJjaE5lYXJieRACGAQgAA
Shubham X Ray,medical_lab,9899824811,,"Shop No 4, Rao Lal Singh Market, opposite Munjal Showalta, Sector 37, Sector 18, Gurugram, Haryana 122015, India",,,https://maps.google.com/?cid=999308976280568446&g_mp=Cilnb29nbGUubWFwcy5wbGFjZXMudjEuUGxhY2VzLlNlYXJjaE5lYXJieRACGAQgAA
Arya B K MBBS,doctor,9810581176,,"Sector 37, Sector 18, Sarhol, Gurugram, Haryana 122015, India",,,https://maps.google.com/?cid=15543710887890393187&g_mp=Cilnb29nbGUubWFwcy5wbGFjZXMudjEuUGxhY2VzLlNlYXJjaE5lYXJieRACGAQgAA
Wendor Innovations Private Limited,manufacturer,7942835016,https://www.wendor-vending.com/,"Plot No. 250, Phase IV, Nimble CoWork, Sector 18, Gurugram, Haryana 122015, India",,,https://maps.google.com/?cid=16910090626567197734&g_mp=Cilnb29nbGUubWFwcy5wbGFjZXMudjEuUGxhY2VzLlNlYXJjaE5lYXJieRACGAQgAA
NHGrid,electric_vehicle_charging_station,7738398035,http://nhgrid.com/,"90B, Udyog Vihar, Sector 18, Gurugram, Haryana 122015, India",,,https://maps.google.com/?cid=11820834942316236277&g_mp=Cilnb29nbGUubWFwcy5wbGFjZXMudjEuUGxhY2VzLlNlYXJjaE5lYXJieRACGAQgAA
Springreen,corporate_office,7604907896,https://springreen.in/,"21-B, Maruti Udyog, Sector 18, Gurugram, Haryana 122015, India",,,https://maps.google.com/?cid=3589213228988470262&g_mp=Cilnb29nbGUubWFwcy5wbGFjZXMudjEuUGxhY2VzLlNlYXJjaE5lYXJieRACGAQgAA
Aakash Service Provider,consultant,7017930985,,"Maruti Udyog, Sector 18, Gurugram, Haryana 122015, India",,,https://maps.google.com/?cid=16598796502446083858&g_mp=Cilnb29nbGUubWFwcy5wbGFjZXMudjEuUGxhY2VzLlNlYXJjaE5lYXJieRACGAQgAA
Mom had Ajam,pharmacy,7303599143,,"Maruti Udyog, Sector 18, Sarhol, Gurugram, Haryana 122015, India",,,https://maps.google.com/?cid=1040999917919644105&g_mp=Cilnb29nbGUubWFwcy5wbGFjZXMudjEuUGxhY2VzLlNlYXJjaE5lYXJieRACGAQgAA
Srokal Enterprises,supplier,9468005221,https://www.srokal.com/,"3rd Floor, UV Phase-4, Plot no 190, Phase-4, Maruti Udyog, Sector 18, Gurugram, Haryana 122015, India",,,https://maps.google.com/?cid=4260769037641723072&g_mp=Cilnb29nbGUubWFwcy5wbGFjZXMudjEuUGxhY2VzLlNlYXJjaE5lYXJieRACGAQgAA
Pandit dabha,vegetarian_restaurant,8512025613,,"Ganpact, Phase-4, Maruti Udyog, Sector 18, Gurugram, Haryana 122015, India",,,https://maps.google.com/?cid=11235442113325521863&g_mp=Cilnb29nbGUubWFwcy5wbGFjZXMudjEuUGxhY2VzLlNlYXJjaE5lYXJieRACGAQgAA
Sauth Indian Fast Food,fast_food_restaurant,7669700320,,"Shop No 99, Phase IV, Udyog Vihar, Sector 18, Gurugram, Haryana 122015, India",,,https://maps.google.com/?cid=6799211231737307393&g_mp=Cilnb29nbGUubWFwcy5wbGFjZXMudjEuUGxhY2VzLlNlYXJjaE5lYXJieRACGAQgAA
Munesh golgappe,food_court,8006726226,,"airtal tower, 17-18, Phase IV, Udyog Vihar, Sector 18, Shahpur, Gurugram, Haryana 122015, India",,,https://maps.google.com/?cid=17968974934332465436&g_mp=Cilnb29nbGUubWFwcy5wbGFjZXMudjEuUGxhY2VzLlNlYXJjaE5lYXJieRACGAQgAA
Smarto Systems Pvt Ltd,educational_institution,7015234929,http://smartosystems.in/,"L 15/3 Dlf Phase 2 Basment, DLF Phase 2, Sector 25, Gurugram, Haryana 122002, India",,,https://maps.google.com/?cid=1775117959484453219&g_mp=Cilnb29nbGUubWFwcy5wbGFjZXMudjEuUGxhY2VzLlNlYXJjaE5lYXJieRACGAQgAA
JAIN INDUSTRIAL SOLUTIONS COMPANY,consultant,9818339561,https://www.jisco.in/,"B-32, PLOT, Road No. N-3, MARUTI INDUSTRIAL AREA, Sector 18, Gurugram, Haryana 122002, India",,,https://maps.google.com/?cid=108219050677510377&g_mp=Cilnb29nbGUubWFwcy5wbGFjZXMudjEuUGxhY2VzLlNlYXJjaE5lYXJieRACGAQgAA
Dtdc Express Limited,courier_service,8506800052,,"Shop No 25 Upper Ground, Main Market, DLF Cyber City, DLF Phase 3, Sector 24, Gurugram, Haryana 122002, India",,,https://maps.google.com/?cid=343419134647403668&g_mp=Cilnb29nbGUubWFwcy5wbGFjZXMudjEuUGxhY2VzLlNlYXJjaE5lYXJieRACGAQgAA
Sitehec Technologies Private Limited,service,6392572657,https://sitehec.com/,"DLF Cyber City, DLF Phase 2, Sector 24, Gurugram, Haryana 122002, India",,,https://maps.google.com/?cid=4057193418438624580&g_mp=Cilnb29nbGUubWFwcy5wbGFjZXMudjEuUGxhY2VzLlNlYXJjaE5lYXJieRACGAQgAA
DEIBRAIN AI CONSULTING PRIVATE LIMITED,,9987796652,https://deibrainai.com/,"DLF Building No. 7A, DLF Cyber City, DLF Phase 2, Sector 24, Gurugram, Haryana 122002, India",,,https://maps.google.com/?cid=4249197319917262274&g_mp=Cilnb29nbGUubWFwcy5wbGFjZXMudjEuUGxhY2VzLlNlYXJjaE5lYXJieRACGAQgAA
Car Wash GGN,car_wash,7017788042,,"S48, S Block, DLF Phase 3, Sector 24, Gurugram, Haryana 122001, India",,,https://maps.google.com/?cid=17113819236160673613&g_mp=Cilnb29nbGUubWFwcy5wbGFjZXMudjEuUGxhY2VzLlNlYXJjaE5lYXJieRACGAQgAA
Govt Girls Primary School,primary_school,6180105601,,"F3VX+264, Balveer Market, Nathupur, Sector 24, Gurugram, Haryana 122002, India",,,https://maps.google.com/?cid=4216121602720535977&g_mp=Cilnb29nbGUubWFwcy5wbGFjZXMudjEuUGxhY2VzLlNlYXJjaE5lYXJieRACGAQgAA
CONVOW Inc.,general_contractor,9599991020,,"9F, Moulsari Ave, DLF Phase 3, Sector 24, Gurugram, Haryana 122002, India",,,https://maps.google.com/?cid=4095198934511713029&g_mp=Cilnb29nbGUubWFwcy5wbGFjZXMudjEuUGxhY2VzLlNlYXJjaE5lYXJieRACGAQgAA
Skumar Automobile,car_repair,9046393106,,"176 Maruti, Gurgaon - Delhi Expy, Maruti Udyog, Sector 18, Gurugram, Haryana 122015, India",,,https://maps.google.com/?cid=7014367876453031126&g_mp=Cilnb29nbGUubWFwcy5wbGFjZXMudjEuUGxhY2VzLlNlYXJjaE5lYXJieRACGAQgAA
Agarwalmilan,local_government_office,8802535099,,"Plot-62, Sector-18, Maruti Udyog, Sector 18, Gurugram, Haryana 122015, India",,,https://maps.google.com/?cid=1399591895653615652&g_mp=Cilnb29nbGUubWFwcy5wbGFjZXMudjEuUGxhY2VzLlNlYXJjaE5lYXJieRACGAQgAA
Vitramo,manufacturer,9871392822,,"303, Udyog Vihar Phase 4 Rd, Maruti Udyog, Sector 18, Gurugram, Haryana 122015, India",,,https://maps.google.com/?cid=18331616148480530718&g_mp=Cilnb29nbGUubWFwcy5wbGFjZXMudjEuUGxhY2VzLlNlYXJjaE5lYXJieRACGAQgAA
Leader Medical Systems Pvt Ltd,health,8588838838,http://www.leaderhealthcare.in/,"190, 3rd Floor, Udyog Vihar Phase 4 Rd, Phase IV, Udyog Vihar, Sector 18, Gurugram, Haryana 122015, India",,,https://maps.google.com/?cid=3097104602659402530&g_mp=Cilnb29nbGUubWFwcy5wbGFjZXMudjEuUGxhY2VzLlNlYXJjaE5lYXJieRACGAQgAA
BIZCON INNOVATIONS PRIVATE LIMITED,supplier,8037528917,,"190, Phase IV, Udyog Vihar, Sector 18, Gurugram, Haryana 122015, India",,,https://maps.google.com/?cid=9655489489415808168&g_mp=Cilnb29nbGUubWFwcy5wbGFjZXMudjEuUGxhY2VzLlNlYXJjaE5lYXJieRACGAQgAA
The Executive Lease,real_estate_agency,7503341344,https://www.theexecutivelease.com/,"Plot 76D, Phase IV, Udyog Vihar, Sector 18, Gurugram, Haryana 122015, India",,,https://maps.google.com/?cid=14402247662060903923&g_mp=Cilnb29nbGUubWFwcy5wbGFjZXMudjEuUGxhY2VzLlNlYXJjaE5lYXJieRACGAQgAA
Cpk Ventures,corporate_office,9897364237,https://cpk.ae/,"76D, Phase IV, Udyog Vihar, Sector 18, Gurugram, Haryana 122015, India",,,https://maps.google.com/?cid=1289552276179391400&g_mp=Cilnb29nbGUubWFwcy5wbGFjZXMudjEuUGxhY2VzLlNlYXJjaE5lYXJieRACGAQgAA
RM COMMUNICATIONS INDIA PVT. LTD.,corporate_office,8130114697,,"5th Floor, Bldg 10, Tower A, DLF Cyber City, DLF Phase 2, Sector 24, Gurugram, Haryana 122002, India",,,https://maps.google.com/?cid=4148129494834323678&g_mp=Cilnb29nbGUubWFwcy5wbGFjZXMudjEuUGxhY2VzLlNlYXJjaE5lYXJieRACGAQgAA
Naturasiip,juice_shop,9315737125,,"DLF Cyber City, Naturasiip, Sector 24, Gurugram, Haryana 120002, India",,,https://maps.google.com/?cid=4202146642278306844&g_mp=Cilnb29nbGUubWFwcy5wbGFjZXMudjEuUGxhY2VzLlNlYXJjaE5lYXJieRACGAQgAA
Café Coffee Day,cafe,9312875369,https://www.cafecoffeeday.com/store-locator/haryana/gurgaon/cyber-city/dlf-6-tower,"6, Tower, A, DLF Building, near Sdlf Assets Ltd, DLF Cyber City, DLF Phase 3, Sector 24, Gurugram, Haryana 122001, India",,,https://maps.google.com/?cid=5680387266478638578&g_mp=Cilnb29nbGUubWFwcy5wbGFjZXMudjEuUGxhY2VzLlNlYXJjaE5lYXJieRACGAQgAA
Pass Toll Pvt Itd,wholesaler,8796911950,,"Nathupur, U Block, DLF Phase 2, Sector 24, Gurugram, Haryana 122002, India",,,https://maps.google.com/?cid=7018951878895057763&g_mp=Cilnb29nbGUubWFwcy5wbGFjZXMudjEuUGxhY2VzLlNlYXJjaE5lYXJieRACGAQgAA
CHATHA MOBILE STORE,cell_phone_store,9872988809,,"House number 2364, Ground floor, U Block, sector 46, Sector 24, Gurugram, Haryana 122003, India",,,https://maps.google.com/?cid=7265422628460957249&g_mp=Cilnb29nbGUubWFwcy5wbGFjZXMudjEuUGxhY2VzLlNlYXJjaE5lYXJieRACGAQgAA
Dharma Karma,service,9560118029,,"U-16/12, U Block, DLF Phase 3, Sector 24, Gurugram, Haryana 122002, India",,,https://maps.google.com/?cid=10727766061557077209&g_mp=Cilnb29nbGUubWFwcy5wbGFjZXMudjEuUGxhY2VzLlNlYXJjaE5lYXJieRACGAQgAA
Belladonna Crumbs,bakery,9810134939,,"W4/9D, DLF Phase 3, Sector 24, Gurugram, Haryana 122002, India",,,https://maps.google.com/?cid=18402746360737892208&g_mp=Cilnb29nbGUubWFwcy5wbGFjZXMudjEuUGxhY2VzLlNlYXJjaE5lYXJieRACGAQgAA
"WONDERKIDZ INTERNATIONAL MONTESSORI SCHOOL, DLF PAHSE 3, GURGAON",school,7503117102,http://www.mycity4kids.com/wonderkidzdlf,"DLF Phase 3, Sector 24, Gurugram, Haryana 122002, India",,,https://maps.google.com/?cid=1168692928730209144&g_mp=Cilnb29nbGUubWFwcy5wbGFjZXMudjEuUGxhY2VzLlNlYXJjaE5lYXJieRACGAQgAA
HDFC ERGO Insurance Agent: Surender Kumar Batra,insurance_agency,8045950513,https://agent.hdfcergo.com/hdfc-ergo-insurance-agent-surender-kumar-batra-insurance-broker-sector-24-gurugram-524658/Home?utm_source=locator&utm_medium=googleplaces,"No 5/10/17, 1st Floor, DLF Phase 3, Sector 24, Gurugram, Haryana 122002, India",,,https://maps.google.com/?cid=14628479122279813038&g_mp=Cilnb29nbGUubWFwcy5wbGFjZXMudjEuUGxhY2VzLlNlYXJjaE5lYXJieRACGAQgAA
dr Mehta,doctor,9811057384,http://www.heartquery.com/,"Ward No 8, 9, V-10, Ward No 8, DLF Phase 3, Sector 24, Gurugram, Haryana 122010, India",,,https://maps.google.com/?cid=2469614744261697633&g_mp=Cilnb29nbGUubWFwcy5wbGFjZXMudjEuUGxhY2VzLlNlYXJjaE5lYXJieRACGAQgAA
Harshita Building Material Supplier,,9990506002,,"V-10, opposite sheetla mata mandir, DLF Phase 3, Sector 24, Gurugram, Haryana 122010, India",,,https://maps.google.com/?cid=3116195588338470572&g_mp=Cilnb29nbGUubWFwcy5wbGFjZXMudjEuUGxhY2VzLlNlYXJjaE5lYXJieRACGAQgAA
SeoLiving,corporate_office,9961512345,http://seoliving.com/,"436, Phase IV, Udyog Vihar, Sector 18, Gurugram, Haryana 122015, India",,,https://maps.google.com/?cid=17324494289559711105&g_mp=Cilnb29nbGUubWFwcy5wbGFjZXMudjEuUGxhY2VzLlNlYXJjaE5lYXJieRACGAQgAA
Hot Cakes Pvt Ltd,manufacturer,9811488888,https://www.goldengrain.in/,"289, Phase IV, Udyog Vihar, Sector 18, Gurugram, Haryana 122015, India",,,https://maps.google.com/?cid=12002905524368628892&g_mp=Cilnb29nbGUubWFwcy5wbGFjZXMudjEuUGxhY2VzLlNlYXJjaE5lYXJieRACGAQgAA
Gaurav Enterprises (NAFABS),manufacturer,8826000412,https://nafabs.in/,"Plot No. 291, Udyog Vihar Phase 4 Rd, Phase IV, Udyog Vihar, Sector 18, Gurugram, Haryana 122016, India",,,https://maps.google.com/?cid=11253385043914991114&g_mp=Cilnb29nbGUubWFwcy5wbGFjZXMudjEuUGxhY2VzLlNlYXJjaE5lYXJieRACGAQgAA
f1Studioz - Enterprise UX / UI Design Company in NCR,service,8488862040,https://f1studioz.com/,"First Floor, AIHP Milestone, Rao Gajraj Singh Marg, Phase V, Udyog Vihar, Sector 19, Gurugram, Haryana 122015, India",,,https://maps.google.com/?cid=9683977435295328849&g_mp=Cilnb29nbGUubWFwcy5wbGFjZXMudjEuUGxhY2VzLlNlYXJjaE5lYXJieRACGAQgAA
"Magre, FLXY DLF Cyberhub",clothing_store,8446051276,https://www.flxy.in/,"Ground floor, near Modern Bazar, DLF Cyber City, Building, Sector 24, Gurugram, Haryana 122002, India",,,https://maps.google.com/?cid=1266543824821196188&g_mp=Cilnb29nbGUubWFwcy5wbGFjZXMudjEuUGxhY2VzLlNlYXJjaE5lYXJieRACGAQgAA
Placement-X,local_government_office,9817595467,https://placementx.com/,"6th Floor, Cyber City, DLF Cyber City, DLF Phase 2, Sector 24, Gurugram, Haryana 122002, India",,,https://maps.google.com/?cid=1771575278465631748&g_mp=Cilnb29nbGUubWFwcy5wbGFjZXMudjEuUGxhY2VzLlNlYXJjaE5lYXJieRACGAQgAA
Cosmoneural Private Limited,service,8168663956,https://www.cosmoneural.com/,"WeWork DLF Forum, Cyber City, DLF Cyber City, DLF Phase 3, Sector 24, Gurugram, Haryana 122002, India",,,https://maps.google.com/?cid=7141503680505333924&g_mp=Cilnb29nbGUubWFwcy5wbGFjZXMudjEuUGxhY2VzLlNlYXJjaE5lYXJieRACGAQgAA
Mktg Labs,service,7678599609,https://mktglabs.in/,"Forum, Cyber City, DLF Cyber City, DLF Phase 3, Sector 24, Gurugram, Haryana 122002, India",,,https://maps.google.com/?cid=15665902100846483397&g_mp=Cilnb29nbGUubWFwcy5wbGFjZXMudjEuUGxhY2VzLlNlYXJjaE5lYXJieRACGAQgAA
Rehman Chicken Corner,restaurant,9625945380,,"16, DLF Cyber City, DLF Phase 3, Sector 24, Gurugram, Haryana 122002, India",,,https://maps.google.com/?cid=14892097986363744440&g_mp=Cilnb29nbGUubWFwcy5wbGFjZXMudjEuUGxhY2VzLlNlYXJjaE5lYXJieRACGAQgAA
"TekGreen E-Waste Management | E-Waste Scrap Buyer in Udyog Vihar, Cyber City, DLF & South City, Gurugram",service,9899353849,https://tekgreenmanagement.online/,"16/6, Galli No. 21, DLF Cyber City Rd, DLF Phase 3, Sector 24, Gurugram, Haryana 122001, India",,,https://maps.google.com/?cid=2596501932608074739&g_mp=Cilnb29nbGUubWFwcy5wbGFjZXMudjEuUGxhY2VzLlNlYXJjaE5lYXJieRACGAQgAA
SoleLease RealEstate Services,corporate_office,8788079455,,"# 20, S Block, DLF Phase 3, Sector 25, Gurugram, Haryana 122002, India",,,https://maps.google.com/?cid=12031323731364686205&g_mp=Cilnb29nbGUubWFwcy5wbGFjZXMudjEuUGxhY2VzLlNlYXJjaE5lYXJieRACGAQgAA
"Pediatric Hospital | Vaccination & Intensivist | Narayana Hospital, Gurugram",health,8062154274,https://www.narayanahealth.org/c/gurugram/paediatric-medicine/dr-bilal-khan?utm_source=Googlemaps&utm_medium=GMB,"Block - V, DLF Phase - III, Nathupur, Sector 24, Gurugram, Haryana 122010, India",,,https://maps.google.com/?cid=9712949103654891290&g_mp=Cilnb29nbGUubWFwcy5wbGFjZXMudjEuUGxhY2VzLlNlYXJjaE5lYXJieRACGAQgAA
"Dr. Siddharth Pande | Best Cardiologist | Narayana Hospital, Gurugram.",doctor,8062154272,https://www.narayanahealth.org/c/gurugram/adult-cardiology/dr-siddharth-pande?utm_source=Googlemaps&utm_medium=GMB,"Plot 3201, Block - V DLF Phase - III, Nathupur, Sector 24, Gurugram, Haryana 122002, India",,,https://maps.google.com/?cid=12389180349610619342&g_mp=Cilnb29nbGUubWFwcy5wbGFjZXMudjEuUGxhY2VzLlNlYXJjaE5lYXJieRACGAQgAA
Dr Manjeeta Nath | Best General practitioner in Gurugram | Narayana Hospitals,health,9953951359,,"Block V, Plot 3201, DLF Phase 3, Sector 24, Gurugram, Haryana 122010, India",,,https://maps.google.com/?cid=4340795400257690406&g_mp=Cilnb29nbGUubWFwcy5wbGFjZXMudjEuUGxhY2VzLlNlYXJjaE5lYXJieRACGAQgAA
FLUENCYHUBB,educational_institution,7015244925,http://fluencyhubb.com/,"5th Floor, DLF Phase 3, Sector 24, Gurugram, Haryana 122010, India",,,https://maps.google.com/?cid=12704598070955920921&g_mp=Cilnb29nbGUubWFwcy5wbGFjZXMudjEuUGxhY2VzLlNlYXJjaE5lYXJieRACGAQgAA
Cozyskyline | Cozy Studio w Skyline View,lodging,8700901523,,"Block V19, Plot no 34/35, DLF Phase 3, Sector 24, Gurugram, Haryana 122010, India",,,https://maps.google.com/?cid=8044995868429064081&g_mp=Cilnb29nbGUubWFwcy5wbGFjZXMudjEuUGxhY2VzLlNlYXJjaE5lYXJieRACGAQgAA
Aman Apartments,service,9999086470,https://www.amanappartment.in/,"14/6, DLF Phase 3, Sector 24, Gurugram, Haryana 122010, India",,,https://maps.google.com/?cid=10812642413373702266&g_mp=Cilnb29nbGUubWFwcy5wbGFjZXMudjEuUGxhY2VzLlNlYXJjaE5lYXJieRACGAQgAA
Capitol Fintrade,finance,8851481629,,"388, Electronic City, Phase IV, Udyog Vihar, Sector 18, Gurugram, Haryana 122015, India",,,https://maps.google.com/?cid=14514117070179377454&g_mp=Cilnb29nbGUubWFwcy5wbGFjZXMudjEuUGxhY2VzLlNlYXJjaE5lYXJieRACGAQgAA
Angel One Ltd. - Madhu Anand,finance,8037467973,https://stockbroker.angelone.in/angel-one-ltd-madhu-anand-stock-broker-udyog-vihar-gurugram-374041/Home?utm_source=locator&utm_medium=googleplaces,"5th Floor, Plot No 334, near Collegedunia, Phase-4, Phase III, Udyog Vihar, Sector 19, Gurugram, Haryana 122015, India",,,https://maps.google.com/?cid=14639474196263270062&g_mp=Cilnb29nbGUubWFwcy5wbGFjZXMudjEuUGxhY2VzLlNlYXJjaE5lYXJieRACGAQgAA
24-7 staff,employment_agency,7644848484,http://24-7staff.com/,"G32J+83R, 335Udyog Vihar, Phase IV, Udyog Vihar, Sector 19, Gurugram, Haryana 122015, India",,,https://maps.google.com/?cid=12643119491625410901&g_mp=Cilnb29nbGUubWFwcy5wbGFjZXMudjEuUGxhY2VzLlNlYXJjaE5lYXJieRACGAQgAA
Vedkee Associates - Company Pvt Ltd Registration,consultant,9810238067,http://vedkee.in/,"612, Third Floor, Udyog Vihar Phase V Rd, Udyog Vihar 3, Udyog Vihar, Sector 19, Gurugram, Haryana 122016, India",,,https://maps.google.com/?cid=6679919985378953021&g_mp=Cilnb29nbGUubWFwcy5wbGFjZXMudjEuUGxhY2VzLlNlYXJjaE5lYXJieRACGAQgAA
Juhst.co,store,8860545815,http://www.juhst.com/,"Lower Ground Floor, Enkay Center Vanijya Nikunj, Udyog Vihar Phase V Rd, Phase V, Udyog Vihar, Sector 19, Gurugram, Haryana 122016, India",,,https://maps.google.com/?cid=12492707344893236271&g_mp=Cilnb29nbGUubWFwcy5wbGFjZXMudjEuUGxhY2VzLlNlYXJjaE5lYXJieRACGAQgAA
Rubby Boutique,clothing_store,9910333404,,"5, Phase V, Udyog Vihar, Sector 19, Gurugram, Haryana 122016, India",,,https://maps.google.com/?cid=15574709923218724773&g_mp=Cilnb29nbGUubWFwcy5wbGFjZXMudjEuUGxhY2VzLlNlYXJjaE5lYXJieRACGAQgAA
Dmadness,consultant,9810133232,http://dmadness.com/,"B-23, Udyog Vihar Phase V Rd, Phase V, Udyog Vihar, Sector 19, Gurugram, Haryana 122016, India",,,https://maps.google.com/?cid=12250300073220739195&g_mp=Cilnb29nbGUubWFwcy5wbGFjZXMudjEuUGxhY2VzLlNlYXJjaE5lYXJieRACGAQgAA
Nav Yuvak Dal,corporate_office,9268430042,https://www.navyuvakdal.com/,"First Floor, Plot No. - 845, Udyog Vihar Phase V Rd, Phase V, Udyog Vihar, Sector 19, Gurugram, Haryana 122016, India",,,https://maps.google.com/?cid=4672100702088842843&g_mp=Cilnb29nbGUubWFwcy5wbGFjZXMudjEuUGxhY2VzLlNlYXJjaE5lYXJieRACGAQgAA
7Days Fat Burner,corporate_office,9654429399,,"2nd Floor, Travel Empire India Pvt Ltd, Udyog Vihar Phase V Rd, Phase V, Udyog Vihar, 1, Gurugram, Haryana 122016, India",,,https://maps.google.com/?cid=8825510771293441788&g_mp=Cilnb29nbGUubWFwcy5wbGFjZXMudjEuUGxhY2VzLlNlYXJjaE5lYXJieRACGAQgAA
"TechDawgs company, Inc.",employment_agency,9899552657,,"Udyog Vihar Phase V Rd, Phase V, Udyog Vihar, Sector 19, Gurugram, Haryana 122016, India",,,https://maps.google.com/?cid=1017253917413630025&g_mp=Cilnb29nbGUubWFwcy5wbGFjZXMudjEuUGxhY2VzLlNlYXJjaE5lYXJieRACGAQgAA
G.k crane service,,8447109411,,"Cyber City, The National Media Centre, Sector 24, Gurugram, Haryana 122002, India",,,https://maps.google.com/?cid=14525410464521080908&g_mp=Cilnb29nbGUubWFwcy5wbGFjZXMudjEuUGxhY2VzLlNlYXJjaE5lYXJieRACGAQgAA
Akil Automobile Service,auto_parts_store,8743004333,,"375, DLF Phase 3, Sector 24, Gurugram, Haryana 122002, India",,,https://maps.google.com/?cid=14491715231220645091&g_mp=Cilnb29nbGUubWFwcy5wbGFjZXMudjEuUGxhY2VzLlNlYXJjaE5lYXJieRACGAQgAA
Sabarjeet Nishad,taxi_service,8076202967,,"2 Dlf Phase 3, Nathupur, Sector 24, Gurugram, Haryana 122010, India",,,https://maps.google.com/?cid=6626042993189571214&g_mp=Cilnb29nbGUubWFwcy5wbGFjZXMudjEuUGxhY2VzLlNlYXJjaE5lYXJieRACGAQgAA
R D Rajpal Junior School,school,9910055643,http://rdrajpalschooldwarka.com/,"F3XX+XX6, Lane Number V-39/2, DLF Phase 3, Sector 24, Gurugram, Haryana 122010, India",,,https://maps.google.com/?cid=6437435966191502942&g_mp=Cilnb29nbGUubWFwcy5wbGFjZXMudjEuUGxhY2VzLlNlYXJjaE5lYXJieRACGAQgAA
Zipphatt,consultant,7042421241,,"IDPL Twp, Udyog Vihar, Sector 19, Gurugram, Haryana 122016, India",,,https://maps.google.com/?cid=2567920198084022640&g_mp=Cilnb29nbGUubWFwcy5wbGFjZXMudjEuUGxhY2VzLlNlYXJjaE5lYXJieRACGAQgAA
Think IT Works (P) Limited,service,7888315005,http://www.thinkitworks.com/,"Plot No. 76 D, Phase IV, Sector 22A, Sector 19, Gurugram, Haryana 122016, India",,,https://maps.google.com/?cid=3803879270331294587&g_mp=Cilnb29nbGUubWFwcy5wbGFjZXMudjEuUGxhY2VzLlNlYXJjaE5lYXJieRACGAQgAA
MBBS Mentor,corporate_office,7838666633,,"667, Phase V, Udyog Vihar, Sector 19, Gurugram, Haryana 122016, India",,,https://maps.google.com/?cid=17425342369402769707&g_mp=Cilnb29nbGUubWFwcy5wbGFjZXMudjEuUGxhY2VzLlNlYXJjaE5lYXJieRACGAQgAA
SAHIB DANG,service,9667443736,https://sahibdang.com/,"855, Udyog Vihar Phase V Rd, Phase V, Udyog Vihar, Sector 19, Gurugram, Haryana 122016, India",,,https://maps.google.com/?cid=5431763846449396937&g_mp=Cilnb29nbGUubWFwcy5wbGFjZXMudjEuUGxhY2VzLlNlYXJjaE5lYXJieRACGAQgAA
Pittara,shopping_mall,8700828415,https://www.pittara.co/,"DLF Cyber Park, Phase II, Udyog Vihar, Sector 20, Gurugram, Haryana 122016, India",,,https://maps.google.com/?cid=9274760749409802535&g_mp=Cilnb29nbGUubWFwcy5wbGFjZXMudjEuUGxhY2VzLlNlYXJjaE5lYXJieRACGAQgAA
Guardini,laundry,7777912291,http://www.guardini.in/,"Unit GF-09, Tower B, DLF Cyber Park, 405-B, Udyog Vihar Phase 1, Udyog Vihar, Sector 20, Gurugram, Haryana 122016, India",,,https://maps.google.com/?cid=5399866341992040367&g_mp=Cilnb29nbGUubWFwcy5wbGFjZXMudjEuUGxhY2VzLlNlYXJjaE5lYXJieRACGAQgAA
Medhaam Pre School & Daycare,child_care_agency,9654122900,https://www.medhaam.com/,"GF 04, Tower 2, DLF Downtown Commercial Site, Block 5, DLF City Phase 3 Rd, next to Ambience Mall, Ambience Island, DLF Phase 3, Sector 25A, Gurugram, Haryana 122010, India",,,https://maps.google.com/?cid=3684084524436437372&g_mp=Cilnb29nbGUubWFwcy5wbGFjZXMudjEuUGxhY2VzLlNlYXJjaE5lYXJieRACGAQgAA
V Life Hub,wellness_center,9990012515,,"C801, Ambience Lagoon Dr, Ambience Island, DLF Phase 3, Sector 24, Gurugram, Haryana 122002, India",,,https://maps.google.com/?cid=6037214964103008547&g_mp=Cilnb29nbGUubWFwcy5wbGFjZXMudjEuUGxhY2VzLlNlYXJjaE5lYXJieRACGAQgAA
Officebing,business_center,7306247247,,"Woxa Tower, Plot number 698, Udyog Vihar Phase V Rd, Phase V, Udyog Vihar, Sector 19, Gurugram, Haryana 122016, India",,,https://maps.google.com/?cid=2223557477763905009&g_mp=Cilnb29nbGUubWFwcy5wbGFjZXMudjEuUGxhY2VzLlNlYXJjaE5lYXJieRACGAQgAA
Rizwan Vilding,service,9911834972,,"1032, Shankar Chowk Rd, Phase V, Udyog Vihar, Sector 20, Gurugram, Haryana 122016, India",,,https://maps.google.com/?cid=17554775789012278475&g_mp=Cilnb29nbGUubWFwcy5wbGFjZXMudjEuUGxhY2VzLlNlYXJjaE5lYXJieRACGAQgAA
D.K.RAHEJA & COMPANY,wholesaler,9811004682,https://www.poly-grip.com/,"323, Phase II, Udyog Vihar, Sector 20, Gurugram, Haryana 122016, India",,,https://maps.google.com/?cid=17891925805913553992&g_mp=Cilnb29nbGUubWFwcy5wbGFjZXMudjEuUGxhY2VzLlNlYXJjaE5lYXJieRACGAQgAA
Trustverge Insurance Broker Pvt Ltd,insurance_agency,9220251113,https://www.trustvergeinsurance.com/,"3rd Floor, Plot No. 355, Udyog Vihar II Rd, Phase II, Udyog Vihar, Sector 19, Gurugram, Haryana 122016, India",,,https://maps.google.com/?cid=16677779775574359304&g_mp=Cilnb29nbGUubWFwcy5wbGFjZXMudjEuUGxhY2VzLlNlYXJjaE5lYXJieRACGAQgAA
Ibis buildcon,general_contractor,9667961726,https://ibisbuildcon.in/,"2nd Floor, Quattro Iconic, Phase II, Udyog Vihar, Sector 20, Gurugram, Haryana 122016, India",,,https://maps.google.com/?cid=3704316454833274389&g_mp=Cilnb29nbGUubWFwcy5wbGFjZXMudjEuUGxhY2VzLlNlYXJjaE5lYXJieRACGAQgAA
Sumanth College,university,9946984540,,"Phase-2, Phase II, Udyog Vihar, Sector 20, Gurugram, Haryana 122016, India",,,https://maps.google.com/?cid=1615298132691909648&g_mp=Cilnb29nbGUubWFwcy5wbGFjZXMudjEuUGxhY2VzLlNlYXJjaE5lYXJieRACGAQgAA
Survey2connect,corporate_office,9899554578,https://survey2connect.com/,"Vi-John Tower, 393, Phase III, Udyog Vihar, Sector 20, Gurugram, Haryana 122016, India",,,https://maps.google.com/?cid=3182705209759917028&g_mp=Cilnb29nbGUubWFwcy5wbGFjZXMudjEuUGxhY2VzLlNlYXJjaE5lYXJieRACGAQgAA
