name,primary_type,all_types,phone,website,address,rating,reviews,status,maps_url,place_id
"C893-D, C block, sudhant lok 1",apartment_complex,apartment_complex|point_of_interest|service|establishment,,,"C893, Block C, Sushant Lok Phase I, Sector 43, Gurugram, Haryana 122009, India",,,OPERATIONAL,https://maps.google.com/?cid=13516461668063015414&g_mp=Cilnb29nbGUubWFwcy5wbGFjZXMudjEuUGxhY2VzLlNlYXJjaE5lYXJieRACGAQgAA,ChIJ9-1XdQAZDTkR9nEUGUYelLs
EITC GROUP( A TRUSTED NAME SINCE 2006),service,wholesaler|point_of_interest|service|establishment,098998 67897,https://www.eitcgroup.com/,"733, Block C, Sushant Lok Phase I, Kanahi, Gurugram, Haryana 122001, India",,,OPERATIONAL,https://maps.google.com/?cid=7885628309669058670&g_mp=Cilnb29nbGUubWFwcy5wbGFjZXMudjEuUGxhY2VzLlNlYXJjaE5lYXJieRACGAQgAA,ChIJi5oqZi4ZDTkRbpiW9Cphb20
"C-742, Sushant Lok Phase - 1, C-Block",apartment_complex,apartment_complex|point_of_interest|service|establishment,,,"c, 742, Sushant Lok Rd, Phase -1, Block C, Sushant Lok Phase I, Sector 43, Gurugram, Haryana 122009, India",3,1,OPERATIONAL,https://maps.google.com/?cid=9023977908809126235&g_mp=Cilnb29nbGUubWFwcy5wbGFjZXMudjEuUGxhY2VzLlNlYXJjaE5lYXJieRACGAQgAA,ChIJv77KfAAZDTkRW1GK0xicO30
Sliceinn Yucca,service,point_of_interest|service|establishment,080767 78706,https://www.sliceinn.in/,"C 576, Block C, Sushant Lok Phase I, Sector 43, Gurugram, Haryana 122009, India",4.4,5,OPERATIONAL,https://maps.google.com/?cid=15065606343627704669&g_mp=Cilnb29nbGUubWFwcy5wbGFjZXMudjEuUGxhY2VzLlNlYXJjaE5lYXJieRACGAQgAA,ChIJTUxZ_HoZDTkRXQnNBSbJE9E
The Gifting Edit,gift_shop,gift_shop|store|point_of_interest|establishment,081307 52709,http://www.thegiftingedit.co/,"Block C, Sushant Lok Phase I, Kanahi, Gurugram, Haryana 122002, India",,,OPERATIONAL,https://maps.google.com/?cid=1474718036315632061&g_mp=Cilnb29nbGUubWFwcy5wbGFjZXMudjEuUGxhY2VzLlNlYXJjaE5lYXJieRACGAQgAA,ChIJk2ttaXqFlQoRvXF0mj1AdxQ
"Cosy Lookout, 893CA, C-Block, Sushant Lok Phase-1, Sector-43",general_contractor,general_contractor|point_of_interest|service|establishment,,http://cosylookout.com/,"893CA, Block C, Sushant Lok Phase I, Sector 43, Gurugram, Haryana 122002, India",,,OPERATIONAL,https://maps.google.com/?cid=3396779746880953130&g_mp=Cilnb29nbGUubWFwcy5wbGFjZXMudjEuUGxhY2VzLlNlYXJjaE5lYXJieRACGAQgAA,ChIJJVCkBGgZDTkRKpsU0S7JIy8
"C-775, Sushant Lok-1",apartment_building,apartment_building|point_of_interest|service|establishment,,,"F35M+3F8, Block C, Sushant Lok Phase I, Sector 43, Gurugram, Haryana 122009, India",,,OPERATIONAL,https://maps.google.com/?cid=2876389108596100041&g_mp=Cilnb29nbGUubWFwcy5wbGFjZXMudjEuUGxhY2VzLlNlYXJjaE5lYXJieRACGAQgAA,ChIJWbUSAQAZDTkRyUusjaf86ic
Edify Learning,corporate_office,corporate_office|point_of_interest|establishment,091777 44117,,"747 b, Block C, Sushant Lok Phase I, Sector 43, Gurugram, Haryana 122009, India",,,OPERATIONAL,https://maps.google.com/?cid=2811789429607113505&g_mp=Cilnb29nbGUubWFwcy5wbGFjZXMudjEuUGxhY2VzLlNlYXJjaE5lYXJieRACGAQgAA,ChIJe6UbwcMYDTkRISPutpZ7BSc
Government Model Sanskriti Senior Secondary School,school,school|educational_institution|point_of_interest|establishment,0124 257 0289,http://gmssssgurugram.com/,"F34P+Q8G, Vyapar Kendra Rd, Block C, DLF Garden Villas, Sector 43, Gurugram, Haryana 122009, India",,,OPERATIONAL,https://maps.google.com/?cid=938074760208937685&g_mp=Cilnb29nbGUubWFwcy5wbGFjZXMudjEuUGxhY2VzLlNlYXJjaE5lYXJieRACGAQgAA,ChIJkfdkOMMYDTkR1XIDNwa2BA0
Rambeer Travels,taxi_service,taxi_service|transportation_service|point_of_interest|service|establishment,095602 61600,https://rambeertravels.com/,"R1 B301, EWS Richmond Park, Block C, DLF Phase IV, Sector 27, Gurugram, Haryana 122009, India",4.8,21,OPERATIONAL,https://maps.google.com/?cid=15168322142706338528&g_mp=Cilnb29nbGUubWFwcy5wbGFjZXMudjEuUGxhY2VzLlNlYXJjaE5lYXJieRACGAQgAA,ChIJF_eBGwAZDTkR4Aq0op-0gNI
Sushant Lok-1,service,point_of_interest|service|establishment,0124 331 4764,,"Sector 68, Gurgaon, Block C2, DLF Garden Villas, Sector 43, Gurugram, Haryana 122009, India",4,34,CLOSED_TEMPORARILY,https://maps.google.com/?cid=16331196650294798784&g_mp=Cilnb29nbGUubWFwcy5wbGFjZXMudjEuUGxhY2VzLlNlYXJjaE5lYXJieRACGAQgAA,ChIJ08G0V8EYDTkRwOneudMQpOI
Exim International Trade Consultants,service,finance|consultant|point_of_interest|service|establishment,098998 67897,http://www.eitcgroup.com/,"733, Vyapar Kendra Rd, Block C, Sushant Lok Phase I, Sector 43, Gurugram, Haryana 122002, India",3,2,OPERATIONAL,https://maps.google.com/?cid=687206556629074536&g_mp=Cilnb29nbGUubWFwcy5wbGFjZXMudjEuUGxhY2VzLlNlYXJjaE5lYXJieRACGAQgAA,ChIJd-3rnjD9DDkRaAIy57hyiQk
Physioway- The Physiotherapy Clinic,medical_clinic,physiotherapist|consultant|medical_clinic|health|point_of_interest|service|establishment,099101 19075,,"c2, 97, near Dlf phase 4, Block C2, Sushant Lok Phase I, Sector 43, Gurugram, Haryana 122009, India",4.9,47,OPERATIONAL,https://maps.google.com/?cid=16947627721067113676&g_mp=Cilnb29nbGUubWFwcy5wbGFjZXMudjEuUGxhY2VzLlNlYXJjaE5lYXJieRACGAQgAA,ChIJl0SjRsQYDTkRzKzEs54RMus
Dietician Archana Batra's Clinic,consultant,consultant|health|point_of_interest|service|establishment,099718 86474,https://www.dtarchanabatra.com/,"House No. 97 (Lower Ground Floor, Power Grid Township Block-C2, Block C2, Sushant Lok Phase I, Sector 43, Gurugram, Haryana 122009, India",4.9,301,OPERATIONAL,https://maps.google.com/?cid=13834171548811595710&g_mp=Cilnb29nbGUubWFwcy5wbGFjZXMudjEuUGxhY2VzLlNlYXJjaE5lYXJieRACGAQgAA,ChIJt-aURsQYDTkRvg-7ILrZ_L8
Lakkadworks - Luxury Interior Designers in Gurgaon,general_contractor,general_contractor|manufacturer|point_of_interest|service|establishment,099993 81022,http://www.lakkadworks.com/,"C2- 23A 3RD FLOOR, Block C2, Sushant Lok Phase I, Sector 43, Gurugram, Haryana 122009, India",4.7,54,OPERATIONAL,https://maps.google.com/?cid=8061986096677409856&g_mp=Cilnb29nbGUubWFwcy5wbGFjZXMudjEuUGxhY2VzLlNlYXJjaE5lYXJieRACGAQgAA,ChIJM-b-Cj8ZDTkRQFSYBKTt4W8
Dr. Yogendra Singh Rajput – Best Cardiologist & Heart Specialist in Gurgaon | Pediatric Cardiologist | Heart Surgeon,doctor,medical_center|doctor|consultant|hospital|medical_clinic|health|point_of_interest|service|establishment,092056 86906,http://svasthyaclinic.com/,"OPD 2, C-410 B, Vyapar Kendra Rd, Block C, Sushant Lok Phase I, Sector 43, Gurugram, Haryana 122009, India",4.8,78,OPERATIONAL,https://maps.google.com/?cid=12043227965185897864&g_mp=Cilnb29nbGUubWFwcy5wbGFjZXMudjEuUGxhY2VzLlNlYXJjaE5lYXJieRACGAQgAA,ChIJFXVQxwoZDTkRiLX0zQYkIqc
JC Taekwondo Academy India,sports_school,sports_school|sports_activity_location|health|point_of_interest|establishment,096432 47992,https://www.instagram.com/jc_taekwondoacademyindia?utm_source=ig_web_button_share_sheet&igsh=ZDNlZDc0MzIxNw==,"Martial Arts Center:, 5th Floor, Sports Complex Building, Excelsior American School, Campus, Block C2, DLF Garden Villas, Sector 43, Gurugram, Haryana 122002, India",5,11,OPERATIONAL,https://maps.google.com/?cid=5474227433326760249&g_mp=Cilnb29nbGUubWFwcy5wbGFjZXMudjEuUGxhY2VzLlNlYXJjaE5lYXJieRACGAQgAA,ChIJ2RX9egMfDTkROdEjz9hc-Es
Artistic Keeda Studios,association_or_organization,association_or_organization|point_of_interest|establishment,072919 14410,https://artistickeedastudios.com/,"3rd floor, Artistic Keeda Studios, Admin Building, Excelsior American School, Block C2, DLF Garden Villas, Sector 43, Gurugram, Haryana 122009, India",4.9,54,OPERATIONAL,https://maps.google.com/?cid=9382763891375187288&g_mp=Cilnb29nbGUubWFwcy5wbGFjZXMudjEuUGxhY2VzLlNlYXJjaE5lYXJieRACGAQgAA,ChIJ1WI8cwAZDTkRWKXHFAxGNoI
Bharat Football Academy,sports_club,sports_club|association_or_organization|point_of_interest|establishment,098711 41009,http://www.bharatfa.com/,"Excelsior American School 1, Sushant Lok Phase I, Block C2, DLF Phase IV, Sector 43, Gurugram, Haryana 122009, Block C2, DLF Garden Villas, Sector 43, Gurugram, Haryana 122001, India",4.7,76,OPERATIONAL,https://maps.google.com/?cid=7569438888461553404&g_mp=Cilnb29nbGUubWFwcy5wbGFjZXMudjEuUGxhY2VzLlNlYXJjaE5lYXJieRACGAQgAA,ChIJg5qv5MUZDTkR_E7Hf5AMDGk
Excelsior Auditorium,auditorium,auditorium|event_venue|point_of_interest|establishment,093111 91645,https://excelsiorauditorium.com/,"near Excelsior American School, Block C2, DLF Phase 1, Sector 43, Gurugram, Haryana 122009, India",4.4,23,OPERATIONAL,https://maps.google.com/?cid=10367667732604624713&g_mp=Cilnb29nbGUubWFwcy5wbGFjZXMudjEuUGxhY2VzLlNlYXJjaE5lYXJieRACGAQgAA,ChIJu64qxt0ZDTkRSZ8tX99a4Y8
"SPEECHKART | Gurugram | Best speech therapy for child & adults, language, swallow & voice therapy",health,health|point_of_interest|service|establishment,098125 05123,http://speechkart.com/,"House no:- 754, near Excelsior American School, Block C2, DLF Garden Villas, Sector 43, Gurugram, Haryana 122009, India",5,266,OPERATIONAL,https://maps.google.com/?cid=12321256855286257496&g_mp=Cilnb29nbGUubWFwcy5wbGFjZXMudjEuUGxhY2VzLlNlYXJjaE5lYXJieRACGAQgAA,ChIJ6U_b0zEZDTkRWBevPdTl_ao
"Hobbeekiids, Daycare and Activity Center",child_care_agency,child_care_agency|educational_institution|point_of_interest|service|establishment,098183 80573,http://www.hobbeekiids.com/,"Hobbeekiids, Daycare and Activity Center, 5th Floor, Upper School Building, Excelsior American School, Block C2, DLF Garden Villas, Sector 43, Gurugram, Haryana 122009, India",4.3,22,OPERATIONAL,https://maps.google.com/?cid=2429390614644169189&g_mp=Cilnb29nbGUubWFwcy5wbGFjZXMudjEuUGxhY2VzLlNlYXJjaE5lYXJieRACGAQgAA,ChIJAwmch_gjDTkR5ZmIfuTttiE
SANKALP SPORTS ACADEMY - Best Sports Academy in DLF Phase 4 Gurgaon,sports_school,sports_school|point_of_interest|establishment,098997 90810,,"Excelsior American School, Block C2, DLF Garden Villas, Sector 43, Gurugram, Haryana 122009, India",4.5,15,OPERATIONAL,https://maps.google.com/?cid=14038902224449965604&g_mp=Cilnb29nbGUubWFwcy5wbGFjZXMudjEuUGxhY2VzLlNlYXJjaE5lYXJieRACGAQgAA,ChIJCTD_7t0YDTkRJA7IHDEz1MI
Sportozen,sports_club,sports_club|association_or_organization|point_of_interest|establishment,093116 83317,https://www.sportozen.com/,"Golf Crse Rd, behind Dell building, Block C2, DLF Phase 1, Sector 43, Gurugram, Haryana 122009, India",5,5,OPERATIONAL,https://maps.google.com/?cid=5589014633884984710&g_mp=Cilnb29nbGUubWFwcy5wbGFjZXMudjEuUGxhY2VzLlNlYXJjaE5lYXJieRACGAQgAA,ChIJ58RRuHYZDTkRhqUsmTIrkE0
Future Fit,gym,yoga_studio|fitness_center|gym|sports_complex|sports_school|sports_activity_location|health|point_of_interest|establishment,085272 69191,https://www.futurefit.in/,"Sports Complex, Excelsior American School, Block C2, DLF Garden Villas, Sector 43, Gurugram, Haryana 122009, India",4.6,27,OPERATIONAL,https://maps.google.com/?cid=10598102319354418219&g_mp=Cilnb29nbGUubWFwcy5wbGFjZXMudjEuUGxhY2VzLlNlYXJjaE5lYXJieRACGAQgAA,ChIJKy7x1NcYDTkRKxRdhugFFJM
Cobalt Blue Foundation,cultural_center,cultural_center|point_of_interest|establishment,085278 87336,https://www.cobaltbluefoundation.com/,"C Suites, Block C2, Sushant Lok Phase I, Sector 43, Gurugram, Haryana 122009, India",5,58,OPERATIONAL,https://maps.google.com/?cid=3736296338583147262&g_mp=Cilnb29nbGUubWFwcy5wbGFjZXMudjEuUGxhY2VzLlNlYXJjaE5lYXJieRACGAQgAA,ChIJVVVVzsUYDTkR_lLXZLn92TM
Zynah Overseas,corporate_office,corporate_office|point_of_interest|establishment,085958 30598,,"236 D block, Block C2, Sushant Lok Phase I, Sector 43, Gurugram, Haryana 122009, India",,,OPERATIONAL,https://maps.google.com/?cid=14298157437975322728&g_mp=Cilnb29nbGUubWFwcy5wbGFjZXMudjEuUGxhY2VzLlNlYXJjaE5lYXJieRACGAQgAA,ChIJVVVVzsUYDTkRaOAgWW9CbcY
Dial 2 cab,taxi_service,taxi_service|transportation_service|point_of_interest|service|establishment,096480 44777,http://www.dial2cab.com/,"21, Phase I, Block C2, Sushant Lok Phase I, Sector 43, Gurugram, Haryana 122002, India",4.6,104,OPERATIONAL,https://maps.google.com/?cid=16080629836053459659&g_mp=Cilnb29nbGUubWFwcy5wbGFjZXMudjEuUGxhY2VzLlNlYXJjaE5lYXJieRACGAQgAA,ChIJVVVVzsUYDTkRy7KDFqPfKd8
GABA & CO.,consultant,lawyer|accounting|finance|consultant|service|point_of_interest|establishment,070425 22108,https://gabaco.in/,"Plot No. 457, Sector 43, Gurugram, Haryana 122003, India",5,9,OPERATIONAL,https://maps.google.com/?cid=2082710212240481477&g_mp=Cilnb29nbGUubWFwcy5wbGFjZXMudjEuUGxhY2VzLlNlYXJjaE5lYXJieRACGAQgAA,ChIJsRRjoRkZDTkRxRysQudF5xw
Luxurynest,real_estate_agency,real_estate_agency|service|point_of_interest|establishment,096674 35358,https://luxurynest.vercel.app/,"plot no 469, Sector 43, Gurugram, Haryana 122001, India",,,OPERATIONAL,https://maps.google.com/?cid=4839544854224026672&g_mp=Cilnb29nbGUubWFwcy5wbGFjZXMudjEuUGxhY2VzLlNlYXJjaE5lYXJieRACGAQgAA,ChIJ899wzecZDTkRMLyXZmeEKUM
The Puzzl Co,manufacturer,store|manufacturer|point_of_interest|establishment,088007 17647,https://www.amazon.in/stores/THEPUZZLCO/page/58EC7CD9-28AA-4CB8-BDA2-B15962418AA3?lp_asin=B0DG367VPW&ref_=cm_sw_r_ud_ast_store_JHJHS06C823126BM2081&store_ref=bl_ast_dp_brandlogo_sto,"473, Urban Estate, 473, Urban Estate, Sector 43, Gurugram, Haryana 122009, India",5,7,OPERATIONAL,https://maps.google.com/?cid=4708898954417678382&g_mp=Cilnb29nbGUubWFwcy5wbGFjZXMudjEuUGxhY2VzLlNlYXJjaE5lYXJieRACGAQgAA,ChIJcbV-cG4ZDTkRLihGdaZeWUE
IDFC FIRST Bank ATM,atm,atm|finance|point_of_interest|establishment,1800 10888,https://nearme.idfcfirst.bank.in/idfc-first-bank/bank-and-atm-in-gurugram/bank-and-atm-in-Sector-42/idfc-first-bank-atm-in-Sector-42-gurugram--17va5u/home,"P Hills, Condominium Association, NH 48, SPR Road, near Kherki Daula Toll Plaza, Palam Hills, Sec 77, Sector 42, Gurugram, Haryana 122009, India",,,OPERATIONAL,https://maps.google.com/?cid=579472044846850537&g_mp=Cilnb29nbGUubWFwcy5wbGFjZXMudjEuUGxhY2VzLlNlYXJjaE5lYXJieRACGAQgAA,ChIJ7XlNhFUZDTkR6aFdLsGyCgg
Speedex Packers And Movers Gurgaon,transportation_service,transportation_service|point_of_interest|establishment,087969 65701,,"Shop No 16/D, Sector 43, Gurugram, Haryana 122009, India",,,OPERATIONAL,https://maps.google.com/?cid=17675152508526484103&g_mp=Cilnb29nbGUubWFwcy5wbGFjZXMudjEuUGxhY2VzLlNlYXJjaE5lYXJieRACGAQgAA,ChIJxYikAuoZDTkRh1qTPY_BSvU
Technical Guftgu,,point_of_interest|establishment,085275 56109,http://www.technicalguftgu.in/,"Sector 43, Gurugram, Haryana 122009, India",5,33,OPERATIONAL,https://maps.google.com/?cid=12003502240863817598&g_mp=Cilnb29nbGUubWFwcy5wbGFjZXMudjEuUGxhY2VzLlNlYXJjaE5lYXJieRACGAQgAA,ChIJDxzGXYEZDTkRfg9L17ABlaY
Fresh Bakes Gurgaon,bakery,bakery|food_store|store|food|point_of_interest|establishment,098913 50735,,"Rapid Metro Station, 579, Golf Course Rd, behind Sec 43, Sector 43, Gurugram, Haryana 122009, India",4.9,63,OPERATIONAL,https://maps.google.com/?cid=4620666767386862446&g_mp=Cilnb29nbGUubWFwcy5wbGFjZXMudjEuUGxhY2VzLlNlYXJjaE5lYXJieRACGAQgAA,ChIJbZZxwCsZDTkRbuOLj_HnH0A
1 Million Suites,hotel,hotel|lodging|point_of_interest|establishment,099580 46044,,"F35W+446, Sector 43, Gurugram, Haryana 122009, India",5,2,OPERATIONAL,https://maps.google.com/?cid=11159044317886464147&g_mp=Cilnb29nbGUubWFwcy5wbGFjZXMudjEuUGxhY2VzLlNlYXJjaE5lYXJieRACGAQgAA,ChIJff5cx84YDTkRk8B2GK_j3Jo
Capital O 72517 Silver Line,hotel,hotel|guest_house|cottage|inn|motel|lodging|point_of_interest|service|establishment,0124 620 1166,https://www.oyorooms.com/101361/,"545, Sector 43 Rd, DLF Phase 5, Sector 43, Gurugram, Haryana 122009, India",,,OPERATIONAL,https://maps.google.com/?cid=17301407088222260330&g_mp=Cilnb29nbGUubWFwcy5wbGFjZXMudjEuUGxhY2VzLlNlYXJjaE5lYXJieRACGAQgAA,ChIJO8XpyJoZDTkRaszpdxTyGvA
RK Film Studio,furniture_store,furniture_store|home_improvement_store|home_goods_store|store|point_of_interest|service|establishment,099114 05056,,"Sector Road, Sector 46, South City II, Sector 49, Sector 43, Gurugram, Haryana 122018, India",,,OPERATIONAL,https://maps.google.com/?cid=8593273847295104839&g_mp=Cilnb29nbGUubWFwcy5wbGFjZXMudjEuUGxhY2VzLlNlYXJjaE5lYXJieRACGAQgAA,ChIJNZk_sgwZDTkRR9et9QhxQXc
FabHotel Gracia Golf,hotel,hotel|lodging|point_of_interest|establishment,070424 24242,https://www.fabhotels.com/hotels-in-gurgaon/fabhotel-gracia-golf-hxunwyxj.html,"H.No. 545, Sector-43, Sector 43, Gurugram, Haryana 122022, India",,,OPERATIONAL,https://maps.google.com/?cid=16338348957583758611&g_mp=Cilnb29nbGUubWFwcy5wbGFjZXMudjEuUGxhY2VzLlNlYXJjaE5lYXJieRACGAQgAA,ChIJzYVuqgcZDTkRE1UnCdB5veI
Hotel Gracia Golf by SAAVI Hotel,hotel,hotel|lodging|point_of_interest|establishment,072900 06494,http://saavihotels.com/,"545, Off, Golf Course Rd, Sector 43, Gurugram, Haryana 122002, India",3.8,204,OPERATIONAL,https://maps.google.com/?cid=2467949711724443147&g_mp=Cilnb29nbGUubWFwcy5wbGFjZXMudjEuUGxhY2VzLlNlYXJjaE5lYXJieRACGAQgAA,ChIJm1rJ0aEZDTkRC_bc4i_rPyI
A s wood work carpenter,manufacturer,manufacturer|point_of_interest|service|establishment,096543 87535,,"Golf Course Rd, Sector 57, Sector 43, Gurugram, Haryana 122009, India",4.5,8,OPERATIONAL,https://maps.google.com/?cid=17668715257184984614&g_mp=Cilnb29nbGUubWFwcy5wbGFjZXMudjEuUGxhY2VzLlNlYXJjaE5lYXJieRACGAQgAA,ChIJVcZs8-8ZDTkRJh4J3uniM_U
Key Management Group,service,point_of_interest|service|establishment,0124 473 5555,https://kmgus.com/,"Tower B, Golf View Towers, Golf Course Rd, Sector 42, Gurugram, Haryana 122009, India",3.7,95,OPERATIONAL,https://maps.google.com/?cid=15336599030987241769&g_mp=Cilnb29nbGUubWFwcy5wbGFjZXMudjEuUGxhY2VzLlNlYXJjaE5lYXJieRACGAQgAA,ChIJ583DNUAZDTkRKTmY2I-L1tQ
ASA Corporate Catalyst India Pvt. Ltd,consultant,accounting|finance|consultant|point_of_interest|service|establishment,0124 433 3100,http://www.asa.in/,"Smartworks Golf View Towers, 9th Floor, TOWER-B, Sector 42, Gurugram, Haryana 122009, India",4.6,13,OPERATIONAL,https://maps.google.com/?cid=17252722246033317133&g_mp=Cilnb29nbGUubWFwcy5wbGFjZXMudjEuUGxhY2VzLlNlYXJjaE5lYXJieRACGAQgAA,ChIJVZUBq-cYDTkRDZ1LU3n7be8
Primis Business Support Solutions,,point_of_interest|establishment,0124 473 5580,http://primisbpo.com/,"Tower-B, 2nd Floor, Golf View Corporate Tower B, Sector 42, Gurugram, Haryana 122009, India",5,2,CLOSED_TEMPORARILY,https://maps.google.com/?cid=557446333388745204&g_mp=Cilnb29nbGUubWFwcy5wbGFjZXMudjEuUGxhY2VzLlNlYXJjaE5lYXJieRACGAQgAA,ChIJxRWxNUAZDTkR9On6mnxyvAc
Hariprasad plumbing service and electrician,plumber,plumber|point_of_interest|service|establishment,070522 32322,https://g.page/r/CVYmiXR6Mt2bEBE/review,"phase 5, 43, Sector 42, Gurugram, Haryana 122009, India",4.8,48,OPERATIONAL,https://maps.google.com/?cid=11231188547254429270&g_mp=Cilnb29nbGUubWFwcy5wbGFjZXMudjEuUGxhY2VzLlNlYXJjaE5lYXJieRACGAQgAA,ChIJ4xHy5hgZDTkRViaJdHoy3Zs
ElectricPe Charging Station,electric_vehicle_charging_station,electric_vehicle_charging_station|transportation_service|point_of_interest|establishment,081470 60222,https://electricpe.com/ev-charging-station/smartworks-golf-view?utm_source=google_map_listing&utm_medium=referral,"Golf View Corporate Tower B, Sector 42, Gurugram, Haryana 122009, India",,,OPERATIONAL,https://maps.google.com/?cid=10823219884834460254&g_mp=Cilnb29nbGUubWFwcy5wbGFjZXMudjEuUGxhY2VzLlNlYXJjaE5lYXJieRACGAQgAA,ChIJVVWli8sYDTkRXpKAMSTNM5Y
SMC Global Securities Limited,finance,finance|point_of_interest|establishment,080 6921 3557,https://store.smctradeonline.com/smc-global-securities-limited-stock-broker-sector-42-gurugram-576260/Home?utm_source=locator&utm_medium=googleplaces,"Golf View Corporate Tower B, 2nd Floor, DLF QE, Sector 42, Gurugram, Haryana 122002, India",,,OPERATIONAL,https://maps.google.com/?cid=17640795200676536231&g_mp=Cilnb29nbGUubWFwcy5wbGFjZXMudjEuUGxhY2VzLlNlYXJjaE5lYXJieRACGAQgAA,ChIJHbI7q4QZDTkRp5-9I8Wx0PQ
ICICI BANK ATM,atm,atm|finance|point_of_interest|establishment,1800 1080,https://www.icicibank.com/,"ICICI Bank ATM, the Magnolias DLF Golf links, Golf Dr, DLF c, ity 5, Sector 42, Gurugram, Haryana 122009, India",,,OPERATIONAL,https://maps.google.com/?cid=3778680540484966938&g_mp=Cilnb29nbGUubWFwcy5wbGFjZXMudjEuUGxhY2VzLlNlYXJjaE5lYXJieRACGAQgAA,ChIJPw3NmP8ZDTkRGppJZ-6RcDQ
Arsh Foods And Beverages,cafe,cafe|food|point_of_interest|establishment,092509 27781,,"67/223, behind HUDA MARKET, Sector 17 A, Sector 42, Gurugram, Haryana 122009, India",5,2,OPERATIONAL,https://maps.google.com/?cid=9085132885094466459&g_mp=Cilnb29nbGUubWFwcy5wbGFjZXMudjEuUGxhY2VzLlNlYXJjaE5lYXJieRACGAQgAA,ChIJR068EE0ZDTkRm4NGUTngFH4
TalbotFORCE,service,point_of_interest|service|establishment,079827 88556,https://talbotforce.com/,"1st Floor, TOWER-B, Metro Station, 42-43, Smartworks GVT, Sector 42, Gurugram, Haryana 122009, India",,,OPERATIONAL,https://maps.google.com/?cid=11067518668372573578&g_mp=Cilnb29nbGUubWFwcy5wbGFjZXMudjEuUGxhY2VzLlNlYXJjaE5lYXJieRACGAQgAA,ChIJnXLCUlQZDTkRiv1ZNZe5l5k
AuthBridge Corporate,corporate_office,corporate_office|point_of_interest|establishment,085068 04541,http://authbridge.com/,"8th Floor, TOWER-B, Golf View Towers, Golf Course Rd, Sector 42, Gurugram, Haryana 122002, India",4,13,OPERATIONAL,https://maps.google.com/?cid=1534058125109671347&g_mp=Cilnb29nbGUubWFwcy5wbGFjZXMudjEuUGxhY2VzLlNlYXJjaE5lYXJieRACGAQgAA,ChIJdxMGnzgZDTkRs7X2q7wRShU
Hero MotoCorp Ltd. Zonal Office ( North),corporate_office,corporate_office|point_of_interest|establishment,097165 52627,,"DLF Center Court, Sector 42, Gurugram, Haryana 122009, India",3.1,43,OPERATIONAL,https://maps.google.com/?cid=15692164720619415218&g_mp=Cilnb29nbGUubWFwcy5wbGFjZXMudjEuUGxhY2VzLlNlYXJjaE5lYXJieRACGAQgAA,ChIJaXZEsO4ZDTkRsuZvOazExdk
Priority Cargo India Pvt.Ltd | Packers And Movers Sector 42,transportation_service,transportation_service|point_of_interest|establishment,093195 76700,https://prioritycargoindia.com/,"Shop No 16, Sector 42, Gurugram, Haryana 122009, India",5,4,OPERATIONAL,https://maps.google.com/?cid=4313732479599635538&g_mp=Cilnb29nbGUubWFwcy5wbGFjZXMudjEuUGxhY2VzLlNlYXJjaE5lYXJieRACGAQgAA,ChIJm58ew60ZDTkRUuyZxtV03Ts
BMW Destination Charging Station,electric_vehicle_charging_station,electric_vehicle_charging_station|transportation_service|point_of_interest|establishment,080707 43743,https://www.bmw.de/de/index.html,"Magnolias Rd, Sector 42, Gurugram, Haryana 122009, India",,,OPERATIONAL,https://maps.google.com/?cid=6566094569671636902&g_mp=Cilnb29nbGUubWFwcy5wbGFjZXMudjEuUGxhY2VzLlNlYXJjaE5lYXJieRACGAQgAA,ChIJZQ2EXssYDTkRpjfm8jh0H1s
Gurugram Cab Service,taxi_service,taxi_service|transportation_service|point_of_interest|service|establishment,099539 86802,https://gurugramcab.com/,"Flat no. 331, First floor, housing board colony, Sector 42, Gurugram, Haryana 122009, India",5,17,OPERATIONAL,https://maps.google.com/?cid=7999153963116987646&g_mp=Cilnb29nbGUubWFwcy5wbGFjZXMudjEuUGxhY2VzLlNlYXJjaE5lYXJieRACGAQgAA,ChIJ0Udbc-oZDTkR_gQ_6yW0Am8
Iconic Home Facilitator LLP,real_estate_agency,real_estate_agency|point_of_interest|service|establishment,095250 02600,,"Plot No 638, near shivnadar school, Sector 42, Gurugram, Haryana 122009, India",5,2,OPERATIONAL,https://maps.google.com/?cid=16649544901066933133&g_mp=Cilnb29nbGUubWFwcy5wbGFjZXMudjEuUGxhY2VzLlNlYXJjaE5lYXJieRACGAQgAA,ChIJiTdzFsYyf48RjcMC3N8QD-c
Postfaym,,point_of_interest|establishment,086290 13570,https://faym.co/,"Second floor, 46 IP, Sector 42, Gurugram, Haryana 122002, India",5,3,OPERATIONAL,https://maps.google.com/?cid=3150256191583206826&g_mp=Cilnb29nbGUubWFwcy5wbGFjZXMudjEuUGxhY2VzLlNlYXJjaE5lYXJieRACGAQgAA,ChIJs5mwbFIZDTkRqr3KwlD1tys
Gurgaon Taxi Rentals,,point_of_interest|establishment,098117 15658,http://www.gurgaontaxirentals.in/,"331 HBC, Sector 42, Gurugram, Haryana 122002, India",5,14,OPERATIONAL,https://maps.google.com/?cid=12720717614889573143&g_mp=Cilnb29nbGUubWFwcy5wbGFjZXMudjEuUGxhY2VzLlNlYXJjaE5lYXJieRACGAQgAA,ChIJ754KpFUZDTkRFxuMA0YRibA
Yamuna Expressway,general_contractor,general_contractor|point_of_interest|service|establishment,098100 99444,,"Sector 42, Gurugram, Haryana 122009, India",4.3,6,OPERATIONAL,https://maps.google.com/?cid=4482176267519019403&g_mp=Cilnb29nbGUubWFwcy5wbGFjZXMudjEuUGxhY2VzLlNlYXJjaE5lYXJieRACGAQgAA,ChIJsx2iqcwYDTkRi0koVpHjMz4
Coursedes Learning Solutions Pvt. Ltd,,point_of_interest|establishment,099900 59930,http://coursedes.com/,"Coursedes Learning Solution, 820, Sector 42, Gurugram, Haryana 122009, India",4.4,7,OPERATIONAL,https://maps.google.com/?cid=11185184496603887453&g_mp=Cilnb29nbGUubWFwcy5wbGFjZXMudjEuUGxhY2VzLlNlYXJjaE5lYXJieRACGAQgAA,ChIJsx2iqcwYDTkRXfdHuwnCOZs
Golf Pavilion,sports_club,sports_club|association_or_organization|point_of_interest|establishment,0124 452 5261,http://www.dlf.in/,"F444+G2Q, DLF Golf Course, Sector 42, Gurugram, Haryana 122009, India",4.7,681,OPERATIONAL,https://maps.google.com/?cid=8973740015809351468&g_mp=Cilnb29nbGUubWFwcy5wbGFjZXMudjEuUGxhY2VzLlNlYXJjaE5lYXJieRACGAQgAA,ChIJl-E3izQfDTkRLE8G3f8giXw
"New 1BHK, Golf Course Rd - 24x7 Backup",lodging,lodging|point_of_interest|establishment,,https://www.booking.com/hotel/in/new-1bhk-golf-course-rd-24x7-backup.en-gb.html?aid=2068758&utm_source=seogooglelocal&utm_medium=description&utm_term=hotel-16702752&utm_campaign=en-gb&label=seogooglelocal-link-imagesaow-hotel-16702752_grp-0_gendate-20260816,"Sector 42, Gurugram, Haryana 122009, India",,,OPERATIONAL,https://maps.google.com/?cid=10561418793231075563&g_mp=Cilnb29nbGUubWFwcy5wbGFjZXMudjEuUGxhY2VzLlNlYXJjaE5lYXJieRACGAQgAA,ChIJoUoMQzMfDTkR60ishm-ykZI
"# 18 Green, Gary Player Course",golf_course,golf_course|athletic_field|sports_activity_location|point_of_interest|establishment,,,"F444+J94, DLF Golf Course, Sector 42, Gurugram, Haryana 122009, India",,,OPERATIONAL,https://maps.google.com/?cid=7427646335109200185&g_mp=Cilnb29nbGUubWFwcy5wbGFjZXMudjEuUGxhY2VzLlNlYXJjaE5lYXJieRACGAQgAA,ChIJk837q2MfDTkROXlqCf1MFGc
"# 9 Green, Gary Player Course",golf_course,golf_course|athletic_field|sports_activity_location|point_of_interest|establishment,,,"F443+8VQ, DLF Golf Course, Sector 42, Gurugram, Haryana 122009, India",,,OPERATIONAL,https://maps.google.com/?cid=3301816736268063000&g_mp=Cilnb29nbGUubWFwcy5wbGFjZXMudjEuUGxhY2VzLlNlYXJjaE5lYXJieRACGAQgAA,ChIJXS_NtFgfDTkRGJGy7tNo0i0
UrbanShift Packers & Movers - Sector 42 Gurgaon,moving_company,moving_company|shipping_service|storage|transportation_service|manufacturer|service|point_of_interest|establishment,1800 572 3936,https://urbanshift.in/packers-and-movers-sector-42-gurgaon,"Shop No.5, The Aralias, Golf Course Rd, Sector 42, Gurugram, Haryana 122009, India",4.8,16,OPERATIONAL,https://maps.google.com/?cid=1615645903296849641&g_mp=Cilnb29nbGUubWFwcy5wbGFjZXMudjEuUGxhY2VzLlNlYXJjaE5lYXJieRACGAQgAA,ChIJ_WHcsrkjDTkR6ebSlGPtaxY
Rahul Anti Bird Nets Dealer,hardware_store,hardware_store|building_materials_store|store|service|point_of_interest|establishment,097556 14736,,"Water Solution 421, near Mcg Office, Sector 42, Gurugram, Haryana 122009, India",5,6,OPERATIONAL,https://maps.google.com/?cid=4182719616360189847&g_mp=Cilnb29nbGUubWFwcy5wbGFjZXMudjEuUGxhY2VzLlNlYXJjaE5lYXJieRACGAQgAA,ChIJQxZRacYZDTkRlw81gFQBDDo
ICICI BANK ATM,atm,atm|finance|point_of_interest|establishment,1800 1080,https://www.icicibank.com/,"ICICI Bank Atm ARALIAS CLUB HOUSE , GURGOAN, HARYANA -12200 2, Sector 42, Gurugram, Haryana 122002, India",5,2,OPERATIONAL,https://maps.google.com/?cid=12484161993952886094&g_mp=Cilnb29nbGUubWFwcy5wbGFjZXMudjEuUGxhY2VzLlNlYXJjaE5lYXJieRACGAQgAA,ChIJNakKHrkfDTkRTn3-hzCnQK0
"# 9 Green, Arnold Palmer Course",golf_course,golf_course|athletic_field|sports_activity_location|point_of_interest|establishment,,,"F444+39V, Golf Dr, DLF Golf Course, Sector 42, Gurugram, Haryana 122009, India",,,OPERATIONAL,https://maps.google.com/?cid=15750325305216102414&g_mp=Cilnb29nbGUubWFwcy5wbGFjZXMudjEuUGxhY2VzLlNlYXJjaE5lYXJieRACGAQgAA,ChIJ9Z7VFwAfDTkRDnBAkmpllNo
"# 1 Green, Arnold Palmer Course",golf_course,golf_course|athletic_field|sports_activity_location|point_of_interest|establishment,,,"F445+XC4, DLF Golf Course, Sector 42, Gurugram, Haryana 122009, India",,,OPERATIONAL,https://maps.google.com/?cid=3355822811070921407&g_mp=Cilnb29nbGUubWFwcy5wbGFjZXMudjEuUGxhY2VzLlNlYXJjaE5lYXJieRACGAQgAA,ChIJlYhOu9QfDTkRv_oIFxFHki4
"GM, HR OFFICE MAINTENANCE A cafeteria",government_office,government_office|point_of_interest|establishment,,,"F445+444, DLF Golf Course, Sector 42, Gurugram, Haryana 122009, India",4.1,10,OPERATIONAL,https://maps.google.com/?cid=4638638593296044671&g_mp=Cilnb29nbGUubWFwcy5wbGFjZXMudjEuUGxhY2VzLlNlYXJjaE5lYXJieRACGAQgAA,ChIJ14fBGBEfDTkRfxLUWjnBX0A
"# 10 Green, Gary Player Course",golf_course,golf_course|athletic_field|sports_activity_location|point_of_interest|establishment,,,"F455+P3W, DLF Golf Course, Sector 42, Gurugram, Haryana 122009, India",,,OPERATIONAL,https://maps.google.com/?cid=11039952311966169150&g_mp=Cilnb29nbGUubWFwcy5wbGFjZXMudjEuUGxhY2VzLlNlYXJjaE5lYXJieRACGAQgAA,ChIJg2ZKFA0fDTkRPvj-syLKNZk
"Ozone Club, Sushant Lok",gym,gym|spa|sports_activity_location|health|point_of_interest|establishment,,http://www.ozoneclubs.com/,"The Palms Town & Country Club, Sushant Lok Phase I, Sector 43, Gurugram, Haryana 122009, India",4.5,34,OPERATIONAL,https://maps.google.com/?cid=8638948374866584318&g_mp=Cilnb29nbGUubWFwcy5wbGFjZXMudjEuUGxhY2VzLlNlYXJjaE5lYXJieRACGAQgAA,ChIJAQBAkugYDTkR_mLcnMa143c
The Palms Town & Country Club,hotel,hotel|banquet_hall|lodging|event_venue|association_or_organization|restaurant|food|point_of_interest|establishment,0124 419 9900,http://www.thepalms.in/,"Phase 1, BLOCK-B, The Palms Town & Country Club, Sushant Lok Phase I, Sector 43, Gurugram, Haryana 122009, India",4.2,4163,OPERATIONAL,https://maps.google.com/?cid=15132048406427518762&g_mp=Cilnb29nbGUubWFwcy5wbGFjZXMudjEuUGxhY2VzLlNlYXJjaE5lYXJieRACGAQgAA,ChIJCbv0LfAYDTkRKscgRdrV_9E
The Luxus Hotels,hotel,hotel|lodging|point_of_interest|establishment,092890 36590,http://theluxushotels.com/,"D-310, 3rd floor, Sushant Shopping Arcade, Sushant Lok Phase I, Sector 43, Gurugram, Haryana 122009, India",3.4,8,OPERATIONAL,https://maps.google.com/?cid=13754374269566247191&g_mp=Cilnb29nbGUubWFwcy5wbGFjZXMudjEuUGxhY2VzLlNlYXJjaE5lYXJieRACGAQgAA,ChIJq6qq-mPhDDkRF-FEPYZa4b4
"Sushant Lok phase 1, Sector 28, gurgaon, haryana",apartment_complex,apartment_complex|service|point_of_interest|establishment,,,"496, B Block Dr, Sushant Lok Phase I, Sector 43, Gurugram, Haryana 122002, India",4.7,3,OPERATIONAL,https://maps.google.com/?cid=18106405908201696869&g_mp=Cilnb29nbGUubWFwcy5wbGFjZXMudjEuUGxhY2VzLlNlYXJjaE5lYXJieRACGAQgAA,ChIJ7-jddwAZDTkRZW5l3T3gRvs
"LivStations, Sushant Lok, Block B Sector 43",housing_complex,housing_complex|service|point_of_interest|establishment,093191 24466,,"572 A, B Block, Sushant Lok Phase I, Sector 43, Gurugram, Haryana 122009, India",5,5,OPERATIONAL,https://maps.google.com/?cid=1077696892033294466&g_mp=Cilnb29nbGUubWFwcy5wbGFjZXMudjEuUGxhY2VzLlNlYXJjaE5lYXJieRACGAQgAA,ChIJw5AY-2oZDTkRguAvCZ2_9A4
"B Block, Sushant Lok 1, Gate no 8",association_or_organization,association_or_organization|service|point_of_interest|establishment,,,"F35H+W4V, Shushant Marg, Block B, Sector 43, Gurugram, Haryana 122009, India",4.2,18,OPERATIONAL,https://maps.google.com/?cid=13957737881673799607&g_mp=Cilnb29nbGUubWFwcy5wbGFjZXMudjEuUGxhY2VzLlNlYXJjaE5lYXJieRACGAQgAA,ChIJPVVvWlUZDTkRtxcu8abYs8E
Dr. Teena Singh,doctor,hospital|doctor|medical_clinic|health|service|point_of_interest|establishment,098185 47588,https://drteenasinghfamilytreepolyclinic.getmy.clinic/?utm_source=gmb&utm_medium=web&utm_campaign=tu,"B, Family tree polyclinic, 526b, Sushant Lok Rd, phase 1, Sector 43, Gurugram, Haryana 122009, India",4.9,247,OPERATIONAL,https://maps.google.com/?cid=3479891454036059776&g_mp=Cilnb29nbGUubWFwcy5wbGFjZXMudjEuUGxhY2VzLlNlYXJjaE5lYXJieRACGAQgAA,ChIJLWKr3c0ZDTkRgKa8FtcOSzA
Dr.(Prof.) Sumiet Snha,consultant,consultant|health|service|point_of_interest|establishment,084488 77746,https://www.drsumitsinha.com/,"B Block, near Huda City Center, Sushant Lok Phase I, Sector 43, Gurugram, Haryana 122009, India",,,OPERATIONAL,https://maps.google.com/?cid=13598349994169316111&g_mp=Cilnb29nbGUubWFwcy5wbGFjZXMudjEuUGxhY2VzLlNlYXJjaE5lYXJieRACGAQgAA,ChIJVb66Re8ZDTkRD7PlxUULt7w
Genesis- The Language School,educational_institution,educational_institution|point_of_interest|establishment,099588 68874,https://www.genesislanguageschool.com/,"4th Floor, Time Square, Sushant Lok Phase I, Kanahi, Gurugram, Haryana 122009, India",4.9,30,OPERATIONAL,https://maps.google.com/?cid=10092047212322509861&g_mp=Cilnb29nbGUubWFwcy5wbGFjZXMudjEuUGxhY2VzLlNlYXJjaE5lYXJieRACGAQgAA,ChIJPUbHbGYZDTkRJVT0OngnDow
PEHLE CHAI,restaurant,restaurant|food|point_of_interest|establishment,074289 08282,http://www.pehlechai.com/,"PLOT NO 728, SHOP NO 1, GROUND FLOOR, SANTOSH PLAZA, 2 & 3, Sushant Lok Phase I, Sector 27, Gurugram, Haryana 122001, India",4.3,1146,OPERATIONAL,https://maps.google.com/?cid=1745921224197083909&g_mp=Cilnb29nbGUubWFwcy5wbGFjZXMudjEuUGxhY2VzLlNlYXJjaE5lYXJieRACGAQgAA,ChIJdy-OP10ZDTkRBRMVZhrCOhg
Profrea Multispeciality Clinic,medical_clinic,medical_clinic|skin_care_clinic|hair_care|beauty_salon|doctor|health|service|point_of_interest|establishment,011 4118 7755,https://profrea.com/,"B728, Second Floor, Santosh Plaza Sushant Lok Phase I, Sector 27, Gurugram, Haryana 122002, Sushant Lok Phase I, Sector 43, Gurugram, Haryana 122001, India",4.9,335,OPERATIONAL,https://maps.google.com/?cid=15664088003034013939&g_mp=Cilnb29nbGUubWFwcy5wbGFjZXMudjEuUGxhY2VzLlNlYXJjaE5lYXJieRACGAQgAA,ChIJoRWgDaAZDTkR8-BM_wsFYtk
Royal Residence,hotel,hotel|lodging|point_of_interest|establishment,099100 90296,,"Plot No-527, opp. Hotel Marriott, Block C, Sushant Lok Phase I, Sector 43, Gurugram, Haryana 122009, India",3.9,27,OPERATIONAL,https://maps.google.com/?cid=4622771042629309747&g_mp=Cilnb29nbGUubWFwcy5wbGFjZXMudjEuUGxhY2VzLlNlYXJjaE5lYXJieRACGAQgAA,ChIJR3Quq8EYDTkRM9XhUcVhJ0A
Drum Lessons by Suyash Grover,educational_institution,educational_institution|service|point_of_interest|establishment,083839 75548,https://www.suyashgrover.com/,"C-Block, Block C, Sushant Lok Phase I, Sector 43, Gurugram, Haryana 122009, India",5,19,OPERATIONAL,https://maps.google.com/?cid=4298315109179318998&g_mp=Cilnb29nbGUubWFwcy5wbGFjZXMudjEuUGxhY2VzLlNlYXJjaE5lYXJieRACGAQgAA,ChIJVXUPxHAZDTkR1uJTf9Gupjs
Seema Mukherjee | Accupressure Practitioner,service,health|service|point_of_interest|establishment,098993 00129,,"B-728, 2nd Floor, OPD 5, Ph 1, Santosh Plaza, Sushant Lok Rd, Sector 27, Sector 43, Gurugram, Haryana 122009, India",,,OPERATIONAL,https://maps.google.com/?cid=13818193682889614412&g_mp=Cilnb29nbGUubWFwcy5wbGFjZXMudjEuUGxhY2VzLlNlYXJjaE5lYXJieRACGAQgAA,ChIJkwE2STgZDTkRTKQuUvEVxL8
"2162, C Block Sushant Lok Phase 1 Sector 43",apartment_building,apartment_building|service|point_of_interest|establishment,,,"2162, Block C Rd, Block C, Sushant Lok Phase I, Sector 43, Gurugram, Haryana 122009, India",5,1,OPERATIONAL,https://maps.google.com/?cid=15028932366270428352&g_mp=Cilnb29nbGUubWFwcy5wbGFjZXMudjEuUGxhY2VzLlNlYXJjaE5lYXJieRACGAQgAA,ChIJqwYQEwAZDTkRwHTrRFx-kdA
Mind Body Life 101 | Psychologist Sanna Masood,medical_clinic,medical_clinic|health|service|point_of_interest|establishment,094694 34177,,"2nd Floor, OPD 6, Profrea Clinics, Santosh Plaza, Ph 1, Sushant Lok Phase I, Sector 43, Gurugram, Haryana 122009, India",5,1,OPERATIONAL,https://maps.google.com/?cid=1687637477242167902&g_mp=Cilnb29nbGUubWFwcy5wbGFjZXMudjEuUGxhY2VzLlNlYXJjaE5lYXJieRACGAQgAA,ChIJxVpRMsQZDTkRXuKnFFixaxc
House of Satva,clothing_store,clothing_store|store|point_of_interest|establishment,095604 28403,,"Santosh Plaza, Plot No 728, B Block Dr, Sushant Lok Phase I, Sector 27, Gurugram, Haryana 122009, India",5,23,OPERATIONAL,https://maps.google.com/?cid=10852386713011026720&g_mp=Cilnb29nbGUubWFwcy5wbGFjZXMudjEuUGxhY2VzLlNlYXJjaE5lYXJieRACGAQgAA,ChIJ1YXe-DoZDTkRIPswkjdsm5Y
The Oil Mill,health_food_store,health_food_store|general_store|asian_grocery_store|grocery_store|wholesaler|supplier|health|food_store|store|food|manufacturer|service|point_of_interest|establishment,083070 00043,https://theoilmill.in/,"Shop no. 136, ground floor, Vyapar Kendra Rd, Block C, Sushant Lok Phase I, Sector 43, Gurugram, Haryana 122009, India",4.2,59,OPERATIONAL,https://maps.google.com/?cid=16704025784026057697&g_mp=Cilnb29nbGUubWFwcy5wbGFjZXMudjEuUGxhY2VzLlNlYXJjaE5lYXJieRACGAQgAA,ChIJE26VBUUZDTkR4cvW5_Ke0Oc
Mirae Asset Sharekhan - Authorised Partner,finance,finance|consultant|service|point_of_interest|establishment,098109 65469,https://stockbroker-branch.sharekhan.com/mirae-asset-sharekhan-authorised-partner-futurestride-holding-india-private-limited-stock-broker-dlf-phase-4-gurugram-129877/Home?utm_source=locator&utm_medium=googleplaces,"Plot No 6015, Block C, DLF Phase IV, Sector 43, Gurugram, Haryana 122009, India",5,6,OPERATIONAL,https://maps.google.com/?cid=15446565602354996260&g_mp=Cilnb29nbGUubWFwcy5wbGFjZXMudjEuUGxhY2VzLlNlYXJjaE5lYXJieRACGAQgAA,ChIJAxaIvwAZDTkRJCQjcJM5XdY
Shri Shyam Ro Solution,service,service|point_of_interest|establishment,099717 50849,,"Shop no 84, Sushant Lok Rd, phase 2, Sushant Lok Phase I, Sector 43, Gurugram, Haryana 122009, India",5,5,OPERATIONAL,https://maps.google.com/?cid=3228404202882399166&g_mp=Cilnb29nbGUubWFwcy5wbGFjZXMudjEuUGxhY2VzLlNlYXJjaE5lYXJieRACGAQgAA,ChIJWUVh6OkZDTkRvvsuiISYzSw
Gurgaon Hypnotherapy Center,service,health|service|point_of_interest|establishment,098990 02121,https://hypnotherapygurgaon.com/,"FF-61, Vyapar Kendra Rd, Block C, Sushant Lok Phase I, Market, Gurugram, Haryana 122009, India",5,1,OPERATIONAL,https://maps.google.com/?cid=7039490424528168569&g_mp=Cilnb29nbGUubWFwcy5wbGFjZXMudjEuUGxhY2VzLlNlYXJjaE5lYXJieRACGAQgAA,ChIJCV0G8h0ZDTkReebDiT5LsWE
"Cashify Mobile Phone Store & Repair Shop | Sushant Lok, Gurugram",cell_phone_store,cell_phone_store|electronics_store|store|service|point_of_interest|establishment,0731 485 1285,https://www.cashify.in/sell-old-mobile-phone?__utmrg=gmbsellpage&utm_source=google&utm_medium=my_business_listing&utm_campaign=gmbsellpage&utm_term=gmblisting&utm_content=gmbsell,"GF 133, Sushant Vyapar Kendra market, Block C, Sushant Lok Phase I, Sector 43, Gurugram, Haryana 122009, India",4.7,1024,OPERATIONAL,https://maps.google.com/?cid=6500882468508869091&g_mp=Cilnb29nbGUubWFwcy5wbGFjZXMudjEuUGxhY2VzLlNlYXJjaE5lYXJieRACGAQgAA,ChIJY5XqM-IZDTkR4yEJdinGN1o
MWM Spaces Pvt. Ltd.,general_contractor,furniture_store|home_improvement_store|home_goods_store|store|manufacturer|general_contractor|service|point_of_interest|establishment,085878 85885,http://www.mwmspaces.com/,"FF 57, Vyapar Kendra Rd, Block C, Sushant Lok Phase I, Sector 43, Gurugram, Haryana 122009, India",4.9,64,OPERATIONAL,https://maps.google.com/?cid=2582341090308954018&g_mp=Cilnb29nbGUubWFwcy5wbGFjZXMudjEuUGxhY2VzLlNlYXJjaE5lYXJieRACGAQgAA,ChIJd6VKquQZDTkRopfCMIpR1iM
Attitude The Family Salon,beauty_salon,beauty_salon|barber_shop|hair_care|health|service|point_of_interest|establishment,098713 15646,https://www.instagram.com/attitudesalongurgaon?igsh=MXg0MW1rY3I5MWdiZw==,"132 and 142 ground floor, Vyapar Kendra Rd, Block C, Sushant Lok Phase I, Sector 43, Gurugram, Haryana 122009, India",4.3,152,OPERATIONAL,https://maps.google.com/?cid=3237066556046853649&g_mp=Cilnb29nbGUubWFwcy5wbGFjZXMudjEuUGxhY2VzLlNlYXJjaE5lYXJieRACGAQgAA,ChIJxehl4X4ZDTkREUZ4y-Fe7Cw
Good To Go Store,food_store,food_store|store|food|point_of_interest|establishment,093500 23335,https://goodtogostore.com/,"SHOP NUMBER 135, GROUND FLOOR GROUND FLOOR, SUSHANT, Vyapar Kendra Rd, Block C, Sushant Lok Phase I, Sector 43, Gurugram, Haryana 122009, India",4.2,42,OPERATIONAL,https://maps.google.com/?cid=8101173254320827886&g_mp=Cilnb29nbGUubWFwcy5wbGFjZXMudjEuUGxhY2VzLlNlYXJjaE5lYXJieRACGAQgAA,ChIJrdq7nmwZDTkR7i2wJycmbXA
Khatri opticals,store,medical_clinic|health|store|service|point_of_interest|establishment,098183 37664,,"GF 134 SUSHANT VYAPAR KENDER, SUSHANT LOK 1, Block C, Sushant Lok Phase I, Sector 43, Gurgaon, Gurugram, Haryana 122009, India",4.9,35,OPERATIONAL,https://maps.google.com/?cid=12859121873215138955&g_mp=Cilnb29nbGUubWFwcy5wbGFjZXMudjEuUGxhY2VzLlNlYXJjaE5lYXJieRACGAQgAA,ChIJP3SBWB4ZDTkRi6xxkDbHdLI
YASHI DENTAL CARE & IMPLANT CENTER,dentist,dentist|dental_clinic|doctor|medical_clinic|health|point_of_interest|establishment,097179 49699,,"SHOP NO 33, Vyapar Kendra Rd, Block C, Sushant Lok Phase I, Sector 43, Gurugram, Haryana 122009, India",5,46,OPERATIONAL,https://maps.google.com/?cid=5589730622792515452&g_mp=Cilnb29nbGUubWFwcy5wbGFjZXMudjEuUGxhY2VzLlNlYXJjaE5lYXJieRACGAQgAA,ChIJx__Hq10ZDTkRfL-rwWK2kk0
As Aushadhi Kendra Pvt Ltd,store,health|store|service|point_of_interest|establishment,096670 91303,,"Gf 122, Vyapar Kendra Rd, Block C, Sushant Lok Phase I, Sector 43, Gurugram, Haryana 122001, India",5,1,OPERATIONAL,https://maps.google.com/?cid=9479010003524316848&g_mp=Cilnb29nbGUubWFwcy5wbGFjZXMudjEuUGxhY2VzLlNlYXJjaE5lYXJieRACGAQgAA,ChIJSwlwEBIZDTkRsO5wUmA1jIM
Kommal Carnatiian Family Salon,beauty_salon,beauty_salon|makeup_artist|beautician|barber_shop|massage_spa|nail_salon|massage|hair_salon|hair_care|spa|health|service|point_of_interest|establishment,098689 53343,https://kommalcarnatiianfamilysalon.in/,"Ground Floor, UGF, 48 & 41, Vyapar Kendra Rd, Block C, Sushant Lok Phase I, Sector 43, Gurugram, Haryana 122009, India",4,63,OPERATIONAL,https://maps.google.com/?cid=3088552058226026237&g_mp=Cilnb29nbGUubWFwcy5wbGFjZXMudjEuUGxhY2VzLlNlYXJjaE5lYXJieRACGAQgAA,ChIJdUJDH8MYDTkR_SbdrLu93Co
Jaiswal Mix & Match,womens_clothing_store,womens_clothing_store|clothing_store|store|point_of_interest|establishment,070118 68251,,"GF-140, 141, Vyapar Kendra Rd, Block C, Sushant Lok Phase I, Sector 43, Gurugram, Haryana 122009, India",3.6,9,CLOSED_TEMPORARILY,https://maps.google.com/?cid=8528162538335462908&g_mp=Cilnb29nbGUubWFwcy5wbGFjZXMudjEuUGxhY2VzLlNlYXJjaE5lYXJieRACGAQgAA,ChIJSa8QzFUZDTkR_GVH_KQeWnY
Luxurious Spa,spa,spa|wellness_center|massage_spa|massage|health|service|point_of_interest|establishment,082875 49618,,"3/1/1/16, C-Block, Vyapar Kendra Market, Block C, Sushant Lok Phase I, Sector 43, Gurugram, Haryana 122009, India",4.6,18,OPERATIONAL,https://maps.google.com/?cid=15396960622592094040&g_mp=Cilnb29nbGUubWFwcy5wbGFjZXMudjEuUGxhY2VzLlNlYXJjaE5lYXJieRACGAQgAA,ChIJazrBISIZDTkRWG9HEhz-rNU
Jagriti Hawan Pooja Samagri Bhandar,store,store|point_of_interest|establishment,093124 12454,https://www.google.co.in/search?q=Jagriti+Hawan+Pooja+Samagri+Bhandar&sxsrf=ALeKk03fgK7u5zuzXul-Bs23S47dr372ag:1627442029274&source=hp&ei=bcsAYa_eDZ2P4-EPnMiK-AM&iflsig=AINFCbYAAAAAYQDZffwpGecuaZJ4yFcFKaze48Zh0yo7&oq=Jagriti+Hawan+Pooja+Samagri+Bhandar&gs_lcp=Cgdnd3Mtd2l6EAMyBAgjECcyBAgAEAoyAggmMgIIJlAAWABgyQZoAHAAeACAAawFiAHsCJIBBTQtMS4xmAEAoAECqgEHZ3dzLXdpeg&sclient=gws-wiz&ved=0ahUKEwjvyK2A5oTyAhWdxzgGHRykAj8Q4dUDCAg&uact=5,"GF-138, Vyapar Kendra Rd, Block C, Sushant Lok Phase I, Sector 43, Gurugram, Haryana 122009, India",3.7,12,OPERATIONAL,https://maps.google.com/?cid=2441219464311937574&g_mp=Cilnb29nbGUubWFwcy5wbGFjZXMudjEuUGxhY2VzLlNlYXJjaE5lYXJieRACGAQgAA,ChIJAQAAQB4ZDTkRJhoVLSv04CE
City Drugs,pharmacy,pharmacy|health|store|point_of_interest|establishment,098715 91200,,"F36M+28X, The Orchid Crescent, Block C, Sushant Lok Phase I, Sector 43, Gurugram, Haryana 122009, India",,,OPERATIONAL,https://maps.google.com/?cid=15378699077434628996&g_mp=Cilnb29nbGUubWFwcy5wbGFjZXMudjEuUGxhY2VzLlNlYXJjaE5lYXJieRACGAQgAA,ChIJF8-aO8MYDTkRhFsewlQdbNU
"7519, Bougainvillea Street",apartment_building,apartment_building|service|point_of_interest|establishment,,,"7519, Block C2, DLF Garden Villas, Sector 43, Gurugram, Haryana 122009, India",,,OPERATIONAL,https://maps.google.com/?cid=6981915527388452072&g_mp=Cilnb29nbGUubWFwcy5wbGFjZXMudjEuUGxhY2VzLlNlYXJjaE5lYXJieRACGAQgAA,ChIJr_PRBQAZDTkR6NTFLS6_5GA
Nirmal Meditative Circle,school,health|school|educational_institution|point_of_interest|establishment,078380 06464,,"2nd Floor, 8111, Bougainvillea St, Block C2, DLF Phase IV, Sector 43, Gurugram, Haryana 122002, India",,,OPERATIONAL,https://maps.google.com/?cid=16270269730469056195&g_mp=Cilnb29nbGUubWFwcy5wbGFjZXMudjEuUGxhY2VzLlNlYXJjaE5lYXJieRACGAQgAA,ChIJHcUVOygZDTkRww5mxB2cy-E
Parth Garg photography,service,service|point_of_interest|establishment,099269 19299,https://parthgargphotography.com/,"7721, Block C2, DLF Phase IV, Sector 43, Gurugram, Haryana 122009, India",4.7,14,OPERATIONAL,https://maps.google.com/?cid=13746947432085266123&g_mp=Cilnb29nbGUubWFwcy5wbGFjZXMudjEuUGxhY2VzLlNlYXJjaE5lYXJieRACGAQgAA,ChIJefEqHVMZDTkRyx5p49r3xr4
Quality Security Systems,supplier,supplier|service|point_of_interest|establishment,099999 53232,,"C1082, Basement, Sushant Lok Rd, Block C2, DLF Garden Villas, Sector 43, Gurugram, Haryana 122009, India",5,2,CLOSED_TEMPORARILY,https://maps.google.com/?cid=520126223600805354&g_mp=Cilnb29nbGUubWFwcy5wbGFjZXMudjEuUGxhY2VzLlNlYXJjaE5lYXJieRACGAQgAA,ChIJOzop8R4ZDTkR6mUXbAvcNwc
"Jamunvilla, 4-BHK Vyapaar Kendra ,C 1081 A Sushant Lok 1 Gurgaon Haryana 122009",lodging,lodging|point_of_interest|establishment,,https://www.vrbo.com/pdp/lo/119258480?MDPCID=VRBO-META.HPA.WEB-ORGANIC.VR,"Block C2, DLF Garden Villas, Sector 43, Gurugram, Haryana 122009, India",,,OPERATIONAL,https://maps.google.com/?cid=3115039068191938178&g_mp=Cilnb29nbGUubWFwcy5wbGFjZXMudjEuUGxhY2VzLlNlYXJjaE5lYXJieRACGAQgAA,ChIJfwXxm8QYDTkRglYLQYfXOis
The Gynae Clinic Dr Anjali Kumar,doctor,doctor|medical_clinic|health|service|point_of_interest|establishment,098107 81931,,"C-1081A Sushant Lok Phase -1 Near Vyapar Kendra Market Behind Safal Mother Dairy Back Side Lane, Block C2, DLF Garden Villas, Sector 43, Gurugram, Haryana 122009, India",4.7,535,OPERATIONAL,https://maps.google.com/?cid=10036329511853070810&g_mp=Cilnb29nbGUubWFwcy5wbGFjZXMudjEuUGxhY2VzLlNlYXJjaE5lYXJieRACGAQgAA,ChIJjc61V8AYDTkR2pnFKoQ0SIs
Banee's Learning Center,educational_institution,educational_institution|point_of_interest|establishment,099108 87118,http://www.learnwithbanee.com/,"7508, Bougainvillea St, Block C2, DLF Garden Villas, Basement, Gurugram, Haryana 122009, India",,,OPERATIONAL,https://maps.google.com/?cid=2543005230625062552&g_mp=Cilnb29nbGUubWFwcy5wbGFjZXMudjEuUGxhY2VzLlNlYXJjaE5lYXJieRACGAQgAA,ChIJg2XSigbiDDkRmP5dqciRSiM
"1080, Gandhi house",apartment_building,apartment_building|service|point_of_interest|establishment,,,"1080, Vyapar Kendra Rd, Block C, Sushant Lok Phase I, Sector 43, Gurugram, Haryana 122009, India",,,OPERATIONAL,https://maps.google.com/?cid=3674180213155520523&g_mp=Cilnb29nbGUubWFwcy5wbGFjZXMudjEuUGxhY2VzLlNlYXJjaE5lYXJieRACGAQgAA,ChIJpy7JNe0ZDTkRC2Dn7W9P_TI
Divine Destiny Numerologist,,point_of_interest|establishment,073525 28052,,"TOWER A1, Regency Park-1, A261, BLOCK C2`, Sushant Lok Phase I, Sector 43, Gurugram, Haryana 122009, India",4.9,59,OPERATIONAL,https://maps.google.com/?cid=17391194708824634350&g_mp=Cilnb29nbGUubWFwcy5wbGFjZXMudjEuUGxhY2VzLlNlYXJjaE5lYXJieRACGAQgAA,ChIJEZ347iMZDTkR7jMl93HvWfE
Brush Strokes - Art Classes In Powai offline and online,educational_institution,store|educational_institution|service|point_of_interest|establishment,098211 30424,,"A 38, Regency Park-1, near Super Mart, Block C2, DLF Phase IV, Sector 43, Gurugram, Haryana 122009, India",5,6,CLOSED_TEMPORARILY,https://maps.google.com/?cid=10324691828465375946&g_mp=Cilnb29nbGUubWFwcy5wbGFjZXMudjEuUGxhY2VzLlNlYXJjaE5lYXJieRACGAQgAA,ChIJufxRLcu35zsRypoO84OsSI8
MOD Design,,summer_camp_organizer|childrens_camp|educational_institution|service|point_of_interest|establishment,088825 50991,https://moddesign3dprinting.com/,"Tower A2, 6th Floor, A-65, Block C2, DLF Phase IV, Sector 43, Gurugram, Haryana 122009, India",4.9,18,OPERATIONAL,https://maps.google.com/?cid=14241496811513722692&g_mp=Cilnb29nbGUubWFwcy5wbGFjZXMudjEuUGxhY2VzLlNlYXJjaE5lYXJieRACGAQgAA,ChIJF2BNE6AZDTkRRDciOOX1o8U
Kriya Veda™️ ( Purity that Heals),store,grocery_store|food_store|store|food|point_of_interest|establishment,098705 55300,https://www.kriyaveda.in/,"Regency Park-1, Block C2, DLF Phase IV, Sector 43, Gurugram, Haryana 122009, India",,,OPERATIONAL,https://maps.google.com/?cid=8581544525915084004&g_mp=Cilnb29nbGUubWFwcy5wbGFjZXMudjEuUGxhY2VzLlNlYXJjaE5lYXJieRACGAQgAA,ChIJIRDKFcgZDTkR5NRdg0fFF3c
Pragati Gold Masale,wholesaler,wholesaler|service|point_of_interest|establishment,098738 82555,,"Second Floor, Regency Park-1, Flat n0 206, Block C2, DLF Phase IV, Sector 43, Gurugram, Haryana 122001, India",,,OPERATIONAL,https://maps.google.com/?cid=17479319359478292435&g_mp=Cilnb29nbGUubWFwcy5wbGFjZXMudjEuUGxhY2VzLlNlYXJjaE5lYXJieRACGAQgAA,ChIJAXTHgOcZDTkR099PGVkEk_I
ICICI BANK ATM,atm,atm|finance|point_of_interest|establishment,1800 1080,https://www.icicibank.com/,"ICICI Bank Atm, Regency Park-1, Block C2, DLF Phase IV, Sector 43, Gurugram, Haryana 122002, India",,,OPERATIONAL,https://maps.google.com/?cid=17186826335652958315&g_mp=Cilnb29nbGUubWFwcy5wbGFjZXMudjEuUGxhY2VzLlNlYXJjaE5lYXJieRACGAQgAA,ChIJtxnoYtwZDTkRa1DsGH7fg-4
Conveneo (Annapurna Retail),convenience_store,convenience_store|food_store|store|food|point_of_interest|establishment,088262 82121,https://www.conveneo.in/,"Shop 3 & 4 Block, Regency Park-1, B 148, Block C2, DLF Phase IV, Sector 43, Gurugram, Haryana 122009, India",5,1,OPERATIONAL,https://maps.google.com/?cid=6375822352784499279&g_mp=Cilnb29nbGUubWFwcy5wbGFjZXMudjEuUGxhY2VzLlNlYXJjaE5lYXJieRACGAQgAA,ChIJzep9TUgZDTkRTyK3OKZ4e1g
Anirudh's Tuition Centre,,point_of_interest|establishment,098119 61196,,"A118, Regency Park-1, near Supermart 2, Block C2, DLF Phase IV, Sector 43, Gurugram, Haryana 122009, India",4.8,8,OPERATIONAL,https://maps.google.com/?cid=9882949223547198812&g_mp=Cilnb29nbGUubWFwcy5wbGFjZXMudjEuUGxhY2VzLlNlYXJjaE5lYXJieRACGAQgAA,ChIJJZALyUgZDTkRXN3A6vRJJ4k
ITALIAN TECHNOLOGY CENTER,association_or_organization,association_or_organization|finance|consultant|service|point_of_interest|establishment,079727 74470,http://www.itc-india.in/,"9019 DLF PHASE 4, Ground Floor, near Jain Mandir, DLF Garden Villas, Sector 43, Gurugram, Haryana 122009, India",,,OPERATIONAL,https://maps.google.com/?cid=7577190043939376648&g_mp=Cilnb29nbGUubWFwcy5wbGFjZXMudjEuUGxhY2VzLlNlYXJjaE5lYXJieRACGAQgAA,ChIJTd-8i9zBwjsRCA6iBDOWJ2k
Eleadora Pharma,corporate_office,corporate_office|point_of_interest|establishment,081309 70015,http://eleadorapharma.com/,"A221, 22nd Floor, Regency 1, DLF-4, Block C2, DLF Garden Villas, Sector 43, Gurugram, Haryana 122009, India",3,2,OPERATIONAL,https://maps.google.com/?cid=6583781892809519499&g_mp=Cilnb29nbGUubWFwcy5wbGFjZXMudjEuUGxhY2VzLlNlYXJjaE5lYXJieRACGAQgAA,ChIJ51caBMUYDTkRi3GPx79KXls
AJIJUR RAHAMAN,car_repair,car_repair|service|point_of_interest|establishment,093183 88587,,"Ajijur Rahaman, Block C2, DLF Phase IV, Sector 43, Gurugram, Haryana 122009, India",5,1,OPERATIONAL,https://maps.google.com/?cid=7426751262451920661&g_mp=Cilnb29nbGUubWFwcy5wbGFjZXMudjEuUGxhY2VzLlNlYXJjaE5lYXJieRACGAQgAA,ChIJBW8Rr5wZDTkRFW-hseweEWc
"Garden Villas, DLF 4 Gurgaon",association_or_organization,association_or_organization|point_of_interest|service|establishment,,,"9225, DLF Phase IV, Sector 43, Gurugram, Haryana 122009, India",,,OPERATIONAL,https://maps.google.com/?cid=14710252295281110758&g_mp=Cilnb29nbGUubWFwcy5wbGFjZXMudjEuUGxhY2VzLlNlYXJjaE5lYXJieRACGAQgAA,ChIJkeBFDQAZDTkR5u6aOIZQJcw
Blue heaven therapy at Homes,massage,massage|point_of_interest|service|establishment,093829 89566,https://www.blueheaventherapyathomes.in/,"Sector 28, Chakkarpur, Sector 43, Gurugram, Haryana 122009, India",5,472,OPERATIONAL,https://maps.google.com/?cid=7905553861131978807&g_mp=Cilnb29nbGUubWFwcy5wbGFjZXMudjEuUGxhY2VzLlNlYXJjaE5lYXJieRACGAQgAA,ChIJp9772VAZDTkRN0h97Vkrtm0
"Police Station, Sector 43",government_office,police|government_office|point_of_interest|service|establishment,092058 92112,https://gurgaon.haryanapolice.gov.in/index,"84, DLF Phase 5, Sector 43, Gurugram, Haryana 122009, India",,,OPERATIONAL,https://maps.google.com/?cid=5891101533344618224&g_mp=Cilnb29nbGUubWFwcy5wbGFjZXMudjEuUGxhY2VzLlNlYXJjaE5lYXJieRACGAQgAA,ChIJFYH8rs8YDTkR8NbD1qFlwVE
Vrindavan Chandrodaya Mandir Gurugram,hindu_temple,hindu_temple|place_of_worship|association_or_organization|point_of_interest|establishment,085858 50033,http://www.vcm.org.in/,"9234, DLF Phase 5, Sector 43, Gurugram, Haryana 122009, India",4.6,68,OPERATIONAL,https://maps.google.com/?cid=12794365907472217578&g_mp=Cilnb29nbGUubWFwcy5wbGFjZXMudjEuUGxhY2VzLlNlYXJjaE5lYXJieRACGAQgAA,ChIJq_16vM8YDTkR6vU_YQG4jrE
Elite Listen - Audiologist & Hearing Aid Clinic,store,electronics_store|association_or_organization|store|health|point_of_interest|service|establishment,088007 92198,https://elitelisten.com/,"Ground Floor 84P, opp. Huda Water Works, Sector 43, Gurugram, Haryana 122002, India",5,113,OPERATIONAL,https://maps.google.com/?cid=4454701759966306291&g_mp=Cilnb29nbGUubWFwcy5wbGFjZXMudjEuUGxhY2VzLlNlYXJjaE5lYXJieRACGAQgAA,ChIJpds-YwAZDTkR818ZD6ZH0j0
HomeGround Studios (TIG.Prod),store,juice_shop|sporting_goods_store|jewelry_store|clothing_store|store|food|point_of_interest|service|establishment,088008 40989,https://thatindecentgenre.com/,"130 sector 43, Golf Crse Rd, Sector 43, Gurugram, Haryana 122009, India",4.9,50,OPERATIONAL,https://maps.google.com/?cid=6250410604711493267&g_mp=Cilnb29nbGUubWFwcy5wbGFjZXMudjEuUGxhY2VzLlNlYXJjaE5lYXJieRACGAQgAA,ChIJRTHQTADhDDkRk74pMlTrvVY
"Vinod Tiwari Rapido,Uber,Raider",service,point_of_interest|service|establishment,084477 50786,,"House No 76, 5, DLF Phase 1, Sector 43, Gurugram, Haryana 122009, India",,,OPERATIONAL,https://maps.google.com/?cid=12644682909345736164&g_mp=Cilnb29nbGUubWFwcy5wbGFjZXMudjEuUGxhY2VzLlNlYXJjaE5lYXJieRACGAQgAA,ChIJrR0LwVwZDTkR5GUBlRzweq8
Space Inn,guest_house,guest_house|lodging|point_of_interest|establishment,098100 95205,,"133, adjoining Golf Course Road, behind Mercedes Benz & Dell Building, Sector 43, Gurugram, Haryana 122009, India",4.4,51,OPERATIONAL,https://maps.google.com/?cid=13717742041973625654&g_mp=Cilnb29nbGUubWFwcy5wbGFjZXMudjEuUGxhY2VzLlNlYXJjaE5lYXJieRACGAQgAA,ChIJg7kxCs8YDTkRNpNHHLU1X74
"157, Krishna Niwas",housing_complex,housing_complex|point_of_interest|service|establishment,,,"157, Tulsi Marg, DLF Phase 5, Sector 43, Gurugram, Haryana 122009, India",5,1,OPERATIONAL,https://maps.google.com/?cid=16192499532878667566&g_mp=Cilnb29nbGUubWFwcy5wbGFjZXMudjEuUGxhY2VzLlNlYXJjaE5lYXJieRACGAQgAA,ChIJB_I6PgAZDTkRLl_pmohQt-A
ROCC’S ACCOUNTS ACADEMY,educational_institution,educational_institution|point_of_interest|establishment,099900 52014,,"III Floor, Ardee City, B-35, Sector 52, Sector 43, Gurugram, Haryana 122002, India",4.8,19,OPERATIONAL,https://maps.google.com/?cid=5880846368301478564&g_mp=Cilnb29nbGUubWFwcy5wbGFjZXMudjEuUGxhY2VzLlNlYXJjaE5lYXJieRACGAQgAA,ChIJ9S0eLpgYDTkRpHJBKZ32nFE
MISO,korean_restaurant,korean_restaurant|asian_restaurant|chinese_restaurant|japanese_restaurant|restaurant|food|point_of_interest|establishment,099588 13906,,"Unit 201D, Second Floor, Global Foyer Mall, Golf Course Rd, Sector 43, Gurugram, Haryana 122009, India",4.3,275,OPERATIONAL,https://maps.google.com/?cid=9446178771227511533&g_mp=Cilnb29nbGUubWFwcy5wbGFjZXMudjEuUGxhY2VzLlNlYXJjaE5lYXJieRACGAQgAA,ChIJZdOAT84YDTkR7QraX4uRF4M
"Mercedes-Benz, T&T Motors, Gurugram Showroom",car_dealer,car_dealer|store|point_of_interest|establishment,074000 25000,https://mercedes-benz-india-locator.com/franchise-partner/mercedes-benz-t-t-motors-gurugram-showroom-mercedes-benz-dealer-golf-course-road-gurugram-564152/Home?utm_source=locator&utm_medium=googleplaces,"Unit No. G1, Global Foyer Mall, Golf Course Rd, Sector 43, Gurugram, Haryana 122002, India",4.2,534,OPERATIONAL,https://maps.google.com/?cid=9120976059506127375&g_mp=Cilnb29nbGUubWFwcy5wbGFjZXMudjEuUGxhY2VzLlNlYXJjaE5lYXJieRACGAQgAA,ChIJoeKW58sYDTkRD3K0r2Y3lH4
X Live,night_club,night_club|point_of_interest|establishment,084484 44679,,"8th Floor, Global Foyer Mall, Sector 43, Gurugram, Haryana 122009, India",3.9,141,OPERATIONAL,https://maps.google.com/?cid=832375885934522853&g_mp=Cilnb29nbGUubWFwcy5wbGFjZXMudjEuUGxhY2VzLlNlYXJjaE5lYXJieRACGAQgAA,ChIJl3kxoggZDTkR5XG6SHUxjQs
Dirtsmash,barber_shop,barber_shop|hair_care|health|point_of_interest|service|establishment,1800 102 6184,https://dirtsmash.in/,"411, 4th floor, Global Foyer Golf Course Road, Sector 43, Gurugram, Haryana 122009, India",4.2,5,OPERATIONAL,https://maps.google.com/?cid=18058751718278497633&g_mp=Cilnb29nbGUubWFwcy5wbGFjZXMudjEuUGxhY2VzLlNlYXJjaE5lYXJieRACGAQgAA,ChIJY4jDQs4YDTkRYQX3JgKTnfo
Media Tribe | Digital Marketing & PR Agency,service,point_of_interest|service|establishment,096430 92184,https://mediatribe.in/,"Office 1538, Horizon One, Golf Course Rd, Sector 43, Gurugram, Haryana 122009, India",5,6,OPERATIONAL,https://maps.google.com/?cid=13841096655010289264&g_mp=Cilnb29nbGUubWFwcy5wbGFjZXMudjEuUGxhY2VzLlNlYXJjaE5lYXJieRACGAQgAA,ChIJX0yHZIgZDTkRcFa8DxN0FcA
Sanjose India,corporate_office,corporate_office|point_of_interest|establishment,0124 405 4483,https://www.grupo-sanjose.com/english/gsj_India_19,"6th Floor, Unit 608, Golf Course Rd, Sector 43, Gurugram, Haryana 122009, India",,,CLOSED_TEMPORARILY,https://maps.google.com/?cid=4000650915949608644&g_mp=Cilnb29nbGUubWFwcy5wbGFjZXMudjEuUGxhY2VzLlNlYXJjaE5lYXJieRACGAQgAA,ChIJv4kwKssZDTkRxH6Ey88qhTc
Mtech India Pvt Ltd,service,point_of_interest|service|establishment,0124 473 8400,https://www.prodigiouserp.com/,"Super Mart l, C-032C, DLF Phase IV, Sector 43, Gurugram, Haryana 122009, India",3.8,36,OPERATIONAL,https://maps.google.com/?cid=15242886736332769852&g_mp=Cilnb29nbGUubWFwcy5wbGFjZXMudjEuUGxhY2VzLlNlYXJjaE5lYXJieRACGAQgAA,ChIJ28W2Z84YDTkRPMqg9rmcidM
SKY2SEA,corporate_office,corporate_office|point_of_interest|establishment,095995 53996,http://sky2seatravels.com/,"5th Floor, Global Foyer Mall, 506, Golf Course Rd, Sector 43, Gurugram, Haryana 122009, India",4.7,7,OPERATIONAL,https://maps.google.com/?cid=12894978670794035131&g_mp=Cilnb29nbGUubWFwcy5wbGFjZXMudjEuUGxhY2VzLlNlYXJjaE5lYXJieRACGAQgAA,ChIJ__8_D7MYDTkRu8_q0scq9LI
Kotak Mahindra Bank ATM,atm,atm|finance|point_of_interest|establishment,1800 4100,https://www.kotak.bank.in/en/reach-us.html?utm_source=google&utm_medium=gmb,"Ground Floor Block - B, Vatika Atrium, Golf Course Rd, Sector 53, Sector 43, Gurugram, Haryana 122050, India",,,OPERATIONAL,https://maps.google.com/?cid=13719104321866368618&g_mp=Cilnb29nbGUubWFwcy5wbGFjZXMudjEuUGxhY2VzLlNlYXJjaE5lYXJieRACGAQgAA,ChIJZx5zuEUZDTkRagZfnbEMZL4
"Integra Ventures (Hospital Planning, Hospital Architecture, Management Consultants, Public Health, NABH Consultants)",consultant,consultant|health|point_of_interest|service|establishment,,https://www.integra-ventures.com/,"4th floor, Global Foyer Mall, 404B, Golf Course Rd, Sector 43, Gurugram, Haryana 122002, India",3,2,OPERATIONAL,https://maps.google.com/?cid=11161002392694959923&g_mp=Cilnb29nbGUubWFwcy5wbGFjZXMudjEuUGxhY2VzLlNlYXJjaE5lYXJieRACGAQgAA,ChIJWxr8-QoZDTkRMy_e6YrY45o
"La La Land Brew Pub, Gurgaon",pub,pub|beer_garden|lounge_bar|brewery|bar|cafe|manufacturer|association_or_organization|night_club|restaurant|food|point_of_interest|service|establishment,080109 50000,,"1st Floor, Global Foyer Mall, Golf Course Rd, Sector 43, Gurugram, Haryana 122009, India",4.3,1482,CLOSED_TEMPORARILY,https://maps.google.com/?cid=10603665172913337137&g_mp=Cilnb29nbGUubWFwcy5wbGFjZXMudjEuUGxhY2VzLlNlYXJjaE5lYXJieRACGAQgAA,ChIJYZAyyN8ZDTkRMTOuTEvJJ5M
The Audio Co.,electronics_store,electronics_store|home_goods_store|store|point_of_interest|service|establishment,098105 02023,http://theaudio.co/,"Plot 41, Sector 42, Gurugram, Haryana 122009, India",5,115,OPERATIONAL,https://maps.google.com/?cid=6235917237028135970&g_mp=Cilnb29nbGUubWFwcy5wbGFjZXMudjEuUGxhY2VzLlNlYXJjaE5lYXJieRACGAQgAA,ChIJuxl0khMZDTkRIiTMEbBtilY
BBW Distributors Private Limited,consultant,consultant|point_of_interest|service|establishment,098105 02023,http://www.bbwdistributors.com/,"41, Sector 42, Gurugram, Haryana 122009, India",5,33,OPERATIONAL,https://maps.google.com/?cid=10330201052540497251&g_mp=Cilnb29nbGUubWFwcy5wbGFjZXMudjEuUGxhY2VzLlNlYXJjaE5lYXJieRACGAQgAA,ChIJJY0blIgZDTkRY-0KIyA_XI8
Deluna Hotels,hotel,hotel|lodging|point_of_interest|establishment,081304 66565,https://www.delunahotels.in/,"Plot no. 43, Sector 42 Main Rd, Sector 42, Gurugram, Haryana 122009, India",4.5,66,OPERATIONAL,https://maps.google.com/?cid=11830686269960873677&g_mp=Cilnb29nbGUubWFwcy5wbGFjZXMudjEuUGxhY2VzLlNlYXJjaE5lYXJieRACGAQgAA,ChIJ7zBiXJYfDTkRzeYbGnsKL6Q
Lady Luck Realtor,real_estate_agency,real_estate_agency|consultant|point_of_interest|service|establishment,099133 71193,,"DLF Phase -5, Golf Course Rd, Sector 42, Gurugram, Haryana 122009, India",4.9,14,OPERATIONAL,https://maps.google.com/?cid=13889710894713978820&g_mp=Cilnb29nbGUubWFwcy5wbGFjZXMudjEuUGxhY2VzLlNlYXJjaE5lYXJieRACGAQgAA,ChIJXSRPqI4ZDTkRxL9MyHcqwsA
PetArinaa,pet_boarding_service,pet_boarding_service|pet_care|point_of_interest|establishment,095604 53929,,"Sector 28, Sector 42, Gurugram, Haryana 122001, India",5,12,OPERATIONAL,https://maps.google.com/?cid=8339670843059700942&g_mp=Cilnb29nbGUubWFwcy5wbGFjZXMudjEuUGxhY2VzLlNlYXJjaE5lYXJieRACGAQgAA,ChIJZzCk-hQ9DTkRzoRBQHJ2vHM
Homedoc,medical_clinic,medical_clinic|health|point_of_interest|establishment,088514 32687,https://www.homedoc.in/,"Whitecoats clinic Physician/Dentist/ENT/Physio/Max blood test/ECG), plot no 372/ P, Golf Crse Rd, above Whitecoats clinic, Sector 42, Gurugram, Haryana 122009, India",4.9,420,OPERATIONAL,https://maps.google.com/?cid=6363521895568150290&g_mp=Cilnb29nbGUubWFwcy5wbGFjZXMudjEuUGxhY2VzLlNlYXJjaE5lYXJieRACGAQgAA,ChIJWV_Yxj8ZDTkREo_C2XLFT1g
Dr Priyanka Choudhary - Home Visit Doctor & General Physician - Kyno Health,doctor,doctor|consultant|medical_clinic|health|point_of_interest|service|establishment,099531 04104,https://www.kynohealth.com/book-doctor/step-1?utm_source=google&utm_medium=gmb+doctor&utm_campaign=doctor,"Rd 42J, Sector 42, Gurugram, Haryana 122009, India",5,4,OPERATIONAL,https://maps.google.com/?cid=15886161557664946550&g_mp=Cilnb29nbGUubWFwcy5wbGFjZXMudjEuUGxhY2VzLlNlYXJjaE5lYXJieRACGAQgAA,ChIJKX3VS40ZDTkRdtkVqcT7dtw
Bright Physiotherapy and Advance Rehab Centre,medical_clinic,chiropractor|medical_clinic|health|point_of_interest|establishment,093559 16787,,"H.No.250, Basement, Golf Crse Rd, Sector 42, Gurugram, Haryana 122009, India",4.9,20,OPERATIONAL,https://maps.google.com/?cid=11424381101632237958&g_mp=Cilnb29nbGUubWFwcy5wbGFjZXMudjEuUGxhY2VzLlNlYXJjaE5lYXJieRACGAQgAA,ChIJyYCIM60ZDTkRhrF5PRWOi54
"OYO Home 35950 Vicky Guest House, Gurugram",hotel,hotel|guest_house|cottage|inn|motel|lodging|point_of_interest|service|establishment,0124 620 1166,https://www.oyorooms.com/54152/,"24/42, Rd 42J, Sector 42, Gurugram, Haryana 122009, India",4.3,33,OPERATIONAL,https://maps.google.com/?cid=9607064513768507608&g_mp=Cilnb29nbGUubWFwcy5wbGFjZXMudjEuUGxhY2VzLlNlYXJjaE5lYXJieRACGAQgAA,ChIJHSvIgIUZDTkR2MhuXUYmU4U
OYO 79954 Hotel Ballantine,hotel,hotel|lodging|point_of_interest|establishment,0124 620 1166,,"240, 42, Huda Sector, Sector 42, Gurugram, Haryana 122009, India",3.3,3,OPERATIONAL,https://maps.google.com/?cid=18147249504071245647&g_mp=Cilnb29nbGUubWFwcy5wbGFjZXMudjEuUGxhY2VzLlNlYXJjaE5lYXJieRACGAQgAA,ChIJr-_tki0ZDTkRT9-MlEb71_s
"347, Sector 42",apartment_complex,apartment_complex|point_of_interest|service|establishment,,,"F462+5J5, Sector 42, Gurugram, Haryana 122009, India",2,1,OPERATIONAL,https://maps.google.com/?cid=17883283334446291805&g_mp=Cilnb29nbGUubWFwcy5wbGFjZXMudjEuUGxhY2VzLlNlYXJjaE5lYXJieRACGAQgAA,ChIJUxsTQsQZDTkRXZtVZ3EvLvg
Dr. Jeensy Sharma,dentist,dentist|dental_clinic|doctor|medical_clinic|health|point_of_interest|establishment,070114 02447,http://www.whitecoatsclinic.com/,"Plot No-372, off Golf Course Road, Sector 42, Gurugram, Haryana 122009, India",4.9,69,OPERATIONAL,https://maps.google.com/?cid=13979482798118526794&g_mp=Cilnb29nbGUubWFwcy5wbGFjZXMudjEuUGxhY2VzLlNlYXJjaE5lYXJieRACGAQgAA,ChIJXVWL6dYfDTkRSt-J1YkZAcI
"Amara - 1bhk, forest view, early check in W-Fi 531-301",lodging,lodging|point_of_interest|establishment,,https://www.bluepillow.com/search/67a23c7d905c444f2d072c1a?dest=ago&cat=Vacation+rental+(other)&lat=28.46106&lng=77.1046&language=en,"Sector 42, Gurugram, Haryana 122009, India",,,OPERATIONAL,https://maps.google.com/?cid=1139127514234521516&g_mp=Cilnb29nbGUubWFwcy5wbGFjZXMudjEuUGxhY2VzLlNlYXJjaE5lYXJieRACGAQgAA,ChIJI7za5DIfDTkRrIfSV3D-zg8
MEHRA BUILDTECH,general_contractor,general_contractor|point_of_interest|service|establishment,076967 56458,,"410, Basement, Golf Course Rd, Sector 42, Gurugram, Haryana 122009, India",,,CLOSED_TEMPORARILY,https://maps.google.com/?cid=17293490566244856456&g_mp=Cilnb29nbGUubWFwcy5wbGFjZXMudjEuUGxhY2VzLlNlYXJjaE5lYXJieRACGAQgAA,ChIJP6qD2qgZDTkRiPKXjwvS_u8
"Kairo - 1bhk, balcony, free parking W-Fi",lodging,lodging|point_of_interest|establishment,,,"Sector 42, Gurugram, Haryana 122009, India",,,OPERATIONAL,https://maps.google.com/?cid=18117776878382518708&g_mp=Cilnb29nbGUubWFwcy5wbGFjZXMudjEuUGxhY2VzLlNlYXJjaE5lYXJieRACGAQgAA,ChIJg64h-zIfDTkRtJHGKxRGb_s
EVRE Charging Station,electric_vehicle_charging_station,electric_vehicle_charging_station|transportation_service|point_of_interest|establishment,090524 90524,https://evre.in/,"F453+QC, Sector 42, Gurugram, Haryana 122009, India",5,1,OPERATIONAL,https://maps.google.com/?cid=13816189129033183383&g_mp=Cilnb29nbGUubWFwcy5wbGFjZXMudjEuUGxhY2VzLlNlYXJjaE5lYXJieRACGAQgAA,ChIJvfb_OzMfDTkRl_Ciwc_2vL8
Kalyra AI Labs,service,point_of_interest|service|establishment,099533 60965,https://www.kalyxailabs.com/,"Fl 3, Shiv Nadar School, 525T, Landmark:, Sector 42, Gurugram, Haryana 122009, India",,,OPERATIONAL,https://maps.google.com/?cid=2193575686069650357&g_mp=Cilnb29nbGUubWFwcy5wbGFjZXMudjEuUGxhY2VzLlNlYXJjaE5lYXJieRACGAQgAA,ChIJ3Y5UvMIfDTkRtYMd5HYlcR4
Preface Institute,,educational_institution|point_of_interest|establishment,099994 88897,https://prefaceinstitute.com/,"525, J Near Camellias Apartments, Sector 42, Gurugram, Haryana 122002, India",5,172,OPERATIONAL,https://maps.google.com/?cid=16214640238034790190&g_mp=Cilnb29nbGUubWFwcy5wbGFjZXMudjEuUGxhY2VzLlNlYXJjaE5lYXJieRACGAQgAA,ChIJFRprc-gZDTkRLqfRPGP5BeE
"Red - Cozy 1bhk, early check in W-Fi",lodging,lodging|point_of_interest|establishment,,https://www.bluepillow.com/search/67a23fb9905c444f2d093b22?dest=ago&cat=Vacation+rental+(other)&lat=28.4615&lng=77.10482&language=en,"Sector 42, Gurugram, Haryana 122009, India",,,OPERATIONAL,https://maps.google.com/?cid=17748053487123021283&g_mp=Cilnb29nbGUubWFwcy5wbGFjZXMudjEuUGxhY2VzLlNlYXJjaE5lYXJieRACGAQgAA,ChIJTySq8TIfDTkR472ZAp3ATfY
"# 11 Green, Gary Player Course",golf_course,golf_course|athletic_field|sports_activity_location|point_of_interest|establishment,,,"F455+XRR, DLF Golf Course, Sector 42, Gurugram, Haryana 122009, India",,,OPERATIONAL,https://maps.google.com/?cid=16528341916368565723&g_mp=Cilnb29nbGUubWFwcy5wbGFjZXMudjEuUGxhY2VzLlNlYXJjaE5lYXJieRACGAQgAA,ChIJz_4GqgQfDTkR2_VY62Z3YOU
"# 17 Green, Gary Player Course",golf_course,golf_course|athletic_field|sports_activity_location|point_of_interest|establishment,,,"F455+GVR, DLF Golf Course, Sector 42, Gurugram, Haryana 122009, India",5,1,OPERATIONAL,https://maps.google.com/?cid=6056764353683787661&g_mp=Cilnb29nbGUubWFwcy5wbGFjZXMudjEuUGxhY2VzLlNlYXJjaE5lYXJieRACGAQgAA,ChIJDQ92svMfDTkRjQ-S7RbzDVQ
"# 12L Green, Gary Player Course",golf_course,golf_course|athletic_field|sports_activity_location|point_of_interest|establishment,,,"F456+XGP, DLF Golf Course, Sector 42, Gurugram, Haryana 122009, India",1,1,OPERATIONAL,https://maps.google.com/?cid=6162643663729468228&g_mp=Cilnb29nbGUubWFwcy5wbGFjZXMudjEuUGxhY2VzLlNlYXJjaE5lYXJieRACGAQgAA,ChIJgcCpF_IfDTkRRCPo1cIbhlU
"# 15 Green, Gary Player Course",golf_course,golf_course|athletic_field|sports_activity_location|point_of_interest|establishment,,,"F456+H7H, DLF Golf Course, Sector 42, Gurugram, Haryana 122009, India",,,OPERATIONAL,https://maps.google.com/?cid=2437038965861231473&g_mp=Cilnb29nbGUubWFwcy5wbGFjZXMudjEuUGxhY2VzLlNlYXJjaE5lYXJieRACGAQgAA,ChIJg_SjSd4fDTkRcavxBwca0iE
Jds Tyre,chauffeur_service,chauffeur_service|transportation_service|point_of_interest|establishment,088829 98057,,"piller no. 185, near Cng Pump, Sector 29, Gurugram, Haryana 122009, India",5,2,OPERATIONAL,https://maps.google.com/?cid=2600811704526831616&g_mp=Cilnb29nbGUubWFwcy5wbGFjZXMudjEuUGxhY2VzLlNlYXJjaE5lYXJieRACGAQgAA,ChIJC03t1-UYDTkRAAAAMHfwFyQ
"Domino's Pizza | Sector 9, Gurugram",pizza_restaurant,pizza_restaurant|italian_restaurant|pizza_delivery|meal_delivery|food_delivery|meal_takeaway|restaurant|food|point_of_interest|establishment,1800 208 1234,https://dominos.co.in/,"Ground Floor And First Floor, Sco 205, Sector-9, Sector 43, Gurugram, Haryana 122007, India",3.8,937,OPERATIONAL,https://maps.google.com/?cid=2482270080056507088&g_mp=Cilnb29nbGUubWFwcy5wbGFjZXMudjEuUGxhY2VzLlNlYXJjaE5lYXJieRACGAQgAA,ChIJ1wwRep4XDTkR0DpZdnzLciI
Jeetu Paratha corner sector 29 gurugram,fast_food_restaurant,fast_food_restaurant|restaurant|food|point_of_interest|establishment,099995 98408,https://www.instagram.com/jeetu_paratha_corner1?igsh=MTY0N3drZzFsOHlzaw==,"CNG Pump Entrance, Metro Station Iffco Chowk, MF Husain Marg, near HUDA City Center, Sector 29, Gurugram, Haryana 122009, India",4.7,12,OPERATIONAL,https://maps.google.com/?cid=16969041165405523420&g_mp=Cilnb29nbGUubWFwcy5wbGFjZXMudjEuUGxhY2VzLlNlYXJjaE5lYXJieRACGAQgAA,ChIJU8-krb0ZDTkR3A36ugglfus
Dr Nidhi Rawal,doctor,doctor|health|point_of_interest|establishment,0712 712 0000,https://www.maxhealthcare.in/doctor/dr-nidhi-rawal,"Max Gurgaon B block, Sushant Lok 1, Near HUDA city center, Sushant Lok Phase I, Sector 43, Gurugram, Haryana 122009, India",3.3,12,OPERATIONAL,https://maps.google.com/?cid=11143154979155755085&g_mp=Cilnb29nbGUubWFwcy5wbGFjZXMudjEuUGxhY2VzLlNlYXJjaE5lYXJieRACGAQgAA,ChIJ-9QBNfQZDTkRTUC0IWpwpJo
ILC (Integrated Learning Circle),educational_institution,educational_institution|point_of_interest|establishment,073030 31659,http://ilc.limited/,"681, B Block Dr, Sushant Lok Phase I, Sector 43, Gurugram, Haryana 122009, India",5,13,OPERATIONAL,https://maps.google.com/?cid=17082069321275320693&g_mp=Cilnb29nbGUubWFwcy5wbGFjZXMudjEuUGxhY2VzLlNlYXJjaE5lYXJieRACGAQgAA,ChIJX4jHzFMZDTkRdak2A4uzD-0
ACS Consultants,employment_agency,employment_agency|point_of_interest|service|establishment,0141 411 2075,,"681, Block B, Sushant Lok Phase I, Sector 43, Gurugram, Haryana 122009, India",3.7,9,OPERATIONAL,https://maps.google.com/?cid=11553469810936745860&g_mp=Cilnb29nbGUubWFwcy5wbGFjZXMudjEuUGxhY2VzLlNlYXJjaE5lYXJieRACGAQgAA,ChIJVVVVVdwYDTkRhI8VhJQrVqA
DLF Sector 29 Police Station,government_office,police|government_office|point_of_interest|service|establishment,0124 239 6700,http://gurgaon.haryanapolice.gov.in/,"MF Husain Marg, Sector 29, NEAR FIRE BRIGADE STATION, Sector 29, Gurugram, Haryana 122009, India",,,OPERATIONAL,https://maps.google.com/?cid=17373265265892977177&g_mp=Cilnb29nbGUubWFwcy5wbGFjZXMudjEuUGxhY2VzLlNlYXJjaE5lYXJieRACGAQgAA,ChIJeSYR0uUYDTkRGeouOrY8GvE
Acumen Juris,consultant,consultant|point_of_interest|service|establishment,011 4987 9479,http://acumenjuris.com/,"B-681, 2nd floor, Sushant Lok Phase I, Sector 43, Gurugram, Haryana 122009, India",4.6,23,OPERATIONAL,https://maps.google.com/?cid=7200877021469592032&g_mp=Cilnb29nbGUubWFwcy5wbGFjZXMudjEuUGxhY2VzLlNlYXJjaE5lYXJieRACGAQgAA,ChIJKSa_rGvjDDkR4Mn3x3-n7mM
Imprint Engine Gurugram,manufacturer,supplier|manufacturer|store|point_of_interest|service|establishment,099102 29962,https://imprintengine.com/,"2nd Floor, B-681, Sushant Lok Phase I, Sector 43, Gurugram, Haryana 122009, India",,,OPERATIONAL,https://maps.google.com/?cid=9442550914942641341&g_mp=Cilnb29nbGUubWFwcy5wbGFjZXMudjEuUGxhY2VzLlNlYXJjaE5lYXJieRACGAQgAA,ChIJYbsBsykZDTkRvSSyQgeuCoM
Tarot Divine Blessings,astrologer,astrologer|point_of_interest|establishment,098974 72571,,"Sushant Lok Phase I, Sector 43, Gurugram, Haryana 122009, India",,,OPERATIONAL,https://maps.google.com/?cid=16816639149533191378&g_mp=Cilnb29nbGUubWFwcy5wbGFjZXMudjEuUGxhY2VzLlNlYXJjaE5lYXJieRACGAQgAA,ChIJ10739Y0ZDTkR0lzaRzW0YOk
"The Pearl Residency, Gurgaon",hotel,hotel|lodging|point_of_interest|establishment,,,"C, 527, Sushant Lok Phase I, Sector 27, Gurugram, Haryana 122009, India",4.2,5,OPERATIONAL,https://maps.google.com/?cid=8266595531377906860&g_mp=Cilnb29nbGUubWFwcy5wbGFjZXMudjEuUGxhY2VzLlNlYXJjaE5lYXJieRACGAQgAA,ChIJ2f64sOcYDTkRrJScZdbYuHI
Truecaller Gurgaon Office,corporate_office,corporate_office|point_of_interest|establishment,098992 60740,http://www.truecaller.com/,"F37G+5V9, Sushant Lok Phase I, Sector 43, Gurugram, Haryana 122009, India",,,OPERATIONAL,https://maps.google.com/?cid=1619782498039322108&g_mp=Cilnb29nbGUubWFwcy5wbGFjZXMudjEuUGxhY2VzLlNlYXJjaE5lYXJieRACGAQgAA,ChIJu3uIUwAZDTkR_FUHmZmfehY
ProGamminghub.in,,point_of_interest|establishment,063778 22540,https://progamminghub.in/,"Sushant Lok Phase I, Sector 43, Gurugram, Haryana 122009, India",,,CLOSED_TEMPORARILY,https://maps.google.com/?cid=5438557321834350991&g_mp=Cilnb29nbGUubWFwcy5wbGFjZXMudjEuUGxhY2VzLlNlYXJjaE5lYXJieRACGAQgAA,ChIJp-0fiUoZDTkRj0mJyhGjeUs
Ravi Mehandi Gurugram,,point_of_interest|establishment,090580 41866,https://www.instagram.com/ravi_mehandi_gurugram?igsh=MWI3MWpucWJkdTAzYQ==,"Sushant Lok Phase I, Sector 43, Gurugram, Haryana 122009, India",5,2,OPERATIONAL,https://maps.google.com/?cid=531099742118627092&g_mp=Cilnb29nbGUubWFwcy5wbGFjZXMudjEuUGxhY2VzLlNlYXJjaE5lYXJieRACGAQgAA,ChIJJ4dNnHoZDTkRFEdIzWbYXgc
Gurugram Affordable Shops,corporate_office,corporate_office|point_of_interest|establishment,098102 39739,http://gurugramaffordableshops.com/,"F37G+5V9, Sushant Lok Phase I, Sector 43, Gurugram, Haryana 122009, India",,,OPERATIONAL,https://maps.google.com/?cid=8007251892071661761&g_mp=Cilnb29nbGUubWFwcy5wbGFjZXMudjEuUGxhY2VzLlNlYXJjaE5lYXJieRACGAQgAA,ChIJyyEasOcYDTkRwYAB7it5H28
Shake Shack Co.,fast_food_restaurant,fast_food_restaurant|restaurant|food|point_of_interest|establishment,093543 55514,,"Shop L4, B-747B, Sushant Lok Phase I, Sector 43, Gurugram, Haryana 122009, India",4.8,13,OPERATIONAL,https://maps.google.com/?cid=5791683479694972169&g_mp=Cilnb29nbGUubWFwcy5wbGFjZXMudjEuUGxhY2VzLlNlYXJjaE5lYXJieRACGAQgAA,ChIJI6CtJgAZDTkRCZW3anAxYFA
KRISHNA BATTERY HOUSE & AIR CONDITIONING,auto_parts_store,auto_parts_store|car_repair|wholesaler|store|service|point_of_interest|establishment,099907 42966,,"SHOP NO, shopping complex, B747B, PH 1, near Sushant Arcade, Sushant Lok Phase I, Sector 43, Gurugram, Haryana 122009, India",4.9,20,OPERATIONAL,https://maps.google.com/?cid=14546253050886172265&g_mp=Cilnb29nbGUubWFwcy5wbGFjZXMudjEuUGxhY2VzLlNlYXJjaE5lYXJieRACGAQgAA,ChIJ3-_cqGcZDTkRaS4DlxSs3sk
RahaCornerAswad,wholesaler,wholesaler|supplier|food|manufacturer|service|point_of_interest|establishment,075039 51589,https://rahacorneraswad.in/,"Shop, No. L3, BLOCK-B, Sushant Lok Phase I, Sector 43, Gurugram, Haryana 122009, India",1,1,OPERATIONAL,https://maps.google.com/?cid=3315282905789482372&g_mp=Cilnb29nbGUubWFwcy5wbGFjZXMudjEuUGxhY2VzLlNlYXJjaE5lYXJieRACGAQgAA,ChIJq0mFlcsZDTkRhMWB2TxAAi4
Balaji Cleaning Agency,service,laundry|service|point_of_interest|establishment,087440 00042,https://www.balajicleaningagency.com/,"Shop No R-4, 747B, B Block Dr, near Sushant Shopping Arcade, Sushant Lok Phase I, Sector 27, Gurugram, Haryana 122009, India",4.7,103,OPERATIONAL,https://maps.google.com/?cid=5896665708552442962&g_mp=Cilnb29nbGUubWFwcy5wbGFjZXMudjEuUGxhY2VzLlNlYXJjaE5lYXJieRACGAQgAA,ChIJAbrU2SwZDTkRUtR-VTgq1VE
Kabadi wala in Gurgaon,,point_of_interest|establishment,099999 25541,https://kabadiwalaingurgaon.in/,"B747B, Kabadi Wala in Gurgaon, Sushant Lok 1 Rd, Block B, Sector 43, Gurugram, Haryana 122001, India",5,12,OPERATIONAL,https://maps.google.com/?cid=15569701941906233853&g_mp=Cilnb29nbGUubWFwcy5wbGFjZXMudjEuUGxhY2VzLlNlYXJjaE5lYXJieRACGAQgAA,ChIJl53USj4ZDTkR_dkHomyxEtg
Rawat General Store,general_store,general_store|food_store|store|food|point_of_interest|establishment,099102 52813,,"B, 747B, Block, Sushant Lok Phase I, Sector 43, Gurugram, Haryana 122009, India",4.8,6,OPERATIONAL,https://maps.google.com/?cid=100223734852582548&g_mp=Cilnb29nbGUubWFwcy5wbGFjZXMudjEuUGxhY2VzLlNlYXJjaE5lYXJieRACGAQgAA,ChIJB_evPtMZDTkRlHzzsfQQZAE
M.H AUTO WORKS,auto_parts_store,auto_parts_store|car_repair|store|service|point_of_interest|establishment,099991 35687,,"near Sushant shopping arcade, Sushant Lok Phase I, Sector 43, Gurugram, Haryana 122009, India",5,5,OPERATIONAL,https://maps.google.com/?cid=3596392711160490892&g_mp=Cilnb29nbGUubWFwcy5wbGFjZXMudjEuUGxhY2VzLlNlYXJjaE5lYXJieRACGAQgAA,ChIJX576dQAZDTkRjGuGxR306DE
Psychology Classes by Akshita,educational_institution,educational_institution|point_of_interest|establishment,097111 26229,https://www.psychologytution.com/blog,"DLF Phase IV, Gurugram, Haryana 122009, India",5,22,OPERATIONAL,https://maps.google.com/?cid=3674806159809340890&g_mp=Cilnb29nbGUubWFwcy5wbGFjZXMudjEuUGxhY2VzLlNlYXJjaE5lYXJieRACGAQgAA,ChIJKYTmiNUZDTkR2mXafbuI_zI
Puja Samagri Kendra,candy_store,candy_store|confectionery|food_store|store|food|point_of_interest|establishment,098992 59520,,"Ugf-157, Vyapar Kendra Rd, Sushant Lok Phase I, Sec 43, Gurugram, Haryana 122009, India",4,2,OPERATIONAL,https://maps.google.com/?cid=7875575068865526461&g_mp=Cilnb29nbGUubWFwcy5wbGFjZXMudjEuUGxhY2VzLlNlYXJjaE5lYXJieRACGAQgAA,ChIJ7cNVHFwZDTkRvfqmbcypS20
360Craft,service,point_of_interest|service|establishment,075597 13757,http://360craft.in/,"5519, DLF Phase IV, Gurugram, Haryana 122009, India",4.8,4,OPERATIONAL,https://maps.google.com/?cid=16482883745175479788&g_mp=Cilnb29nbGUubWFwcy5wbGFjZXMudjEuUGxhY2VzLlNlYXJjaE5lYXJieRACGAQgAA,ChIJO6jGdzMZDTkR7KU-qW_3vuQ
ICICI Bank Branch- Gurgaon- DLF Galleria (DBU),bank,bank|finance|point_of_interest|establishment,1800 1080,https://www.icici.bank.in/branch/haryana/gurgaon/icic0007009,"First Floor, DLF, SF- 100, Galleria Market, DLF Phase IV, Gurugram, Haryana 122009, India",,,OPERATIONAL,https://maps.google.com/?cid=5998431273199719668&g_mp=Cilnb29nbGUubWFwcy5wbGFjZXMudjEuUGxhY2VzLlNlYXJjaE5lYXJieRACGAQgAA,ChIJMWe-TyAZDTkR9NSpQHa1PlM
ICICI Bank Branch- Gurgaon- DLFGalleria,bank,bank|finance|point_of_interest|establishment,1800 1080,https://www.icici.bank.in/branch/haryana/gurgaon/icic0001653,"Shop No. 1, 2 And 3, Dlf Cross Point, opp. Galleria Market, DLF Phase IV, Gurugram, Haryana 122002, India",4,1,OPERATIONAL,https://maps.google.com/?cid=10797011656772878377&g_mp=Cilnb29nbGUubWFwcy5wbGFjZXMudjEuUGxhY2VzLlNlYXJjaE5lYXJieRACGAQgAA,ChIJraXlNcwZDTkRKQCzleWw1pU
AMPM Cafe & Bar,cafe,cafe|asian_restaurant|fast_food_restaurant|bar|pizza_restaurant|italian_restaurant|restaurant|food|point_of_interest|establishment,097177 80594,http://brighthospitality.in/am-pm.php,"DLF, R-003, Galleria Market, DLF Phase IV, Gurugram, Haryana 122002, India",4.2,3620,OPERATIONAL,https://maps.google.com/?cid=18268670139697074469&g_mp=Cilnb29nbGUubWFwcy5wbGFjZXMudjEuUGxhY2VzLlNlYXJjaE5lYXJieRACGAQgAA,ChIJIWdRet4YDTkRJRFuU7Nah_0
FULL CIRCLE HEALTH CARE,health,health|point_of_interest|service|establishment,099109 30108,http://www.puranchakkra.com/,"5506, The Orchid Crescent, DLF Phase IV, Gurugram, Haryana 122002, India",,,OPERATIONAL,https://maps.google.com/?cid=9321084626536604021&g_mp=Cilnb29nbGUubWFwcy5wbGFjZXMudjEuUGxhY2VzLlNlYXJjaE5lYXJieRACGAQgAA,ChIJu0KWLBQZDTkRdaERJhUlW4E
Rural Management Consultants Pvt. Ltd,employment_agency,employment_agency|point_of_interest|service|establishment,097174 49962,https://www.ruralnaukri.com/,"5544, The Orchid Crescent, DLF Phase IV, Gurugram, Haryana 122009, India",3.7,3,OPERATIONAL,https://maps.google.com/?cid=7173509622458171984&g_mp=Cilnb29nbGUubWFwcy5wbGFjZXMudjEuUGxhY2VzLlNlYXJjaE5lYXJieRACGAQgAA,ChIJh4bY-NMdDTkRUEJ3p_5sjWM
Salt & Pepper,grocery_store,grocery_store|food_store|store|restaurant|food|point_of_interest|establishment,098100 38720,https://saltandpepper.co.in/,"Ridgewood Estate, Dlf Phase Iv Gurugram,behind Supermart 2 DLF Phase IV, Sector 43 Sushant Lok Phase 3-122001, DLF Phase IV, Gurugram, Haryana 122001, India",4.6,12,OPERATIONAL,https://maps.google.com/?cid=1920236768738871361&g_mp=Cilnb29nbGUubWFwcy5wbGFjZXMudjEuUGxhY2VzLlNlYXJjaE5lYXJieRACGAQgAA,ChIJTQp21sQYDTkRQQhT1SoNpho
Aṃśuka,clothing_store,clothing_store|store|point_of_interest|establishment,098733 55404,,"5513, The Orchid Crescent, DLF Phase IV, Gurugram, Haryana 122009, India",5,7,OPERATIONAL,https://maps.google.com/?cid=12563844594684659484&g_mp=Cilnb29nbGUubWFwcy5wbGFjZXMudjEuUGxhY2VzLlNlYXJjaE5lYXJieRACGAQgAA,ChIJ7UBBI2sZDTkRHAdkvxe-W64
Alma Mater Matters,,point_of_interest|establishment,1800 123 4572,https://iitiimshaadi.com/,"5544, The Orchid Crescent, DLF Phase IV, Gurugram, Haryana 122009, India",5,2,OPERATIONAL,https://maps.google.com/?cid=15066654281227040950&g_mp=Cilnb29nbGUubWFwcy5wbGFjZXMudjEuUGxhY2VzLlNlYXJjaE5lYXJieRACGAQgAA,ChIJq6qG0NwYDTkRtvgnAj6CF9E
IITIIMShaadi,,point_of_interest|establishment,1800 123 4572,https://iitiimshaadi.com/,"5544, The Orchid Crescent, DLF Phase IV, Gurugram, Haryana 122009, India",4.1,206,OPERATIONAL,https://maps.google.com/?cid=2515822483924173215&g_mp=Cilnb29nbGUubWFwcy5wbGFjZXMudjEuUGxhY2VzLlNlYXJjaE5lYXJieRACGAQgAA,ChIJAWqIXDgZDTkRn8E9QDj_6SI
Ruchika & Rahul Saini,art_gallery,art_gallery|point_of_interest|establishment,098101 34189,https://www.designangels.in/,"5506, DLF Galleria Rd, Sector 28, DLF Phase IV, Gurugram, Haryana 122009, India",5,1,OPERATIONAL,https://maps.google.com/?cid=12754865084136059991&g_mp=Cilnb29nbGUubWFwcy5wbGFjZXMudjEuUGxhY2VzLlNlYXJjaE5lYXJieRACGAQgAA,ChIJhwyeaSsZDTkRV3T2QTdiArE
Modern Homes India,general_contractor,general_contractor|point_of_interest|service|establishment,099999 97821,http://www.modernhomesindia.in/,"Aster Avenue, Galleria Boulevard, DLF Phase IV, Gurugram, Haryana 122009, India",4.8,4,OPERATIONAL,https://maps.google.com/?cid=14235962959723869772&g_mp=Cilnb29nbGUubWFwcy5wbGFjZXMudjEuUGxhY2VzLlNlYXJjaE5lYXJieRACGAQgAA,ChIJn-BxQtsYDTkRTLb18eJMkMU
Positive Minds Clinic,medical_clinic,medical_clinic|health|point_of_interest|establishment,099532 94778,,"5908, Green Avenue, Basement, Opposite Supermart One, DLF Phase IV, Gurugram, Haryana 122009, India",4.7,24,OPERATIONAL,https://maps.google.com/?cid=13004501364047312783&g_mp=Cilnb29nbGUubWFwcy5wbGFjZXMudjEuUGxhY2VzLlNlYXJjaE5lYXJieRACGAQgAA,ChIJdxk7C40ZDTkRj3cf_RZFebQ
Dr. Dipika Thakur Physiotherapist - Physiotherapy Clinic Near Sector 42 & Sector 43 Gurgaon,physiotherapist,physiotherapist|medical_clinic|health|point_of_interest|establishment,088008 18568,http://www.dynafisio.com/,"Near, Supermart-1, Sector 28, DLF Phase IV, Gurugram, Haryana 122001, India",5,97,OPERATIONAL,https://maps.google.com/?cid=11878016702588092874&g_mp=Cilnb29nbGUubWFwcy5wbGFjZXMudjEuUGxhY2VzLlNlYXJjaE5lYXJieRACGAQgAA,ChIJpQAc9tAZDTkRyoHrMUIx16Q
Dr. Shailaja Pokhriyal,medical_clinic,medical_clinic|health|point_of_interest|service|establishment,099532 94778,,"5908, Green Ave, opposite Super Mart one, Basement, DLF Phase IV, Gurugram, Haryana 122009, India",4.3,21,OPERATIONAL,https://maps.google.com/?cid=13376840142414172494&g_mp=Cilnb29nbGUubWFwcy5wbGFjZXMudjEuUGxhY2VzLlNlYXJjaE5lYXJieRACGAQgAA,ChIJ_fNbSX4ZDTkRTlHIaTwVpLk
Dr. B.P Sharma,doctor,doctor|health|point_of_interest|establishment,098992 76948,,"5908, Green Avenue, Basement Opposite Supermart One, 5912, Green Ave, opposite Supermart-1, DLF Phase IV, Gurugram, Haryana 122009, India",5,13,OPERATIONAL,https://maps.google.com/?cid=8512744488077390412&g_mp=Cilnb29nbGUubWFwcy5wbGFjZXMudjEuUGxhY2VzLlNlYXJjaE5lYXJieRACGAQgAA,ChIJ2fqw0wwZDTkRTHKEawJYI3Y
Dr Vikas Khanna,medical_clinic,medical_clinic|health|point_of_interest|service|establishment,098180 89129,https://www.linkedin.com/pulse/art-living-how-live-dr-vikas-khanna?utm_source=share&utm_medium=member_android&utm_campaign=share_via,"g.f 6101, DLF, Prive clinic, phase 4, DLF Phase IV, Gurugram, Haryana 122009, India",4.9,55,OPERATIONAL,https://maps.google.com/?cid=17580774882673345475&g_mp=Cilnb29nbGUubWFwcy5wbGFjZXMudjEuUGxhY2VzLlNlYXJjaE5lYXJieRACGAQgAA,ChIJHSl7mgAZDTkRw8Pa3Zt1-_M
Ein Sof Collections,home_goods_store,gift_shop|furniture_store|home_improvement_store|home_goods_store|store|point_of_interest|service|establishment,083838 96783,,"5803, Basement, Aster Ave, DLF Phase IV, Gurugram, Haryana 122009, India",5,1,OPERATIONAL,https://maps.google.com/?cid=14090204138930960957&g_mp=Cilnb29nbGUubWFwcy5wbGFjZXMudjEuUGxhY2VzLlNlYXJjaE5lYXJieRACGAQgAA,ChIJaad1Wq0ZDTkRPfq34QJ2isM
Dr Amit Bhasin,doctor,skin_care_clinic|hair_care|dental_clinic|dentist|beauty_salon|doctor|medical_clinic|health|point_of_interest|service|establishment,085273 36665,http://priveclinic.in/,"Prive Skin Clinic, 6101, near Super Mart 1, DLF Phase IV, Sector 27, Gurugram, Haryana 122009, India",4.7,253,OPERATIONAL,https://maps.google.com/?cid=14661609642063733588&g_mp=Cilnb29nbGUubWFwcy5wbGFjZXMudjEuUGxhY2VzLlNlYXJjaE5lYXJieRACGAQgAA,ChIJgdZ0IVMfDTkRVKOm9kmAeMs
Grewal Dental Practice,dental_clinic,dental_clinic|medical_clinic|health|point_of_interest|establishment,0124 404 5673,,"5804, Ground Floor, Aster Ave, DLF Phase IV, Gurugram, Haryana 122009, India",5,168,OPERATIONAL,https://maps.google.com/?cid=10140399678433939456&g_mp=Cilnb29nbGUubWFwcy5wbGFjZXMudjEuUGxhY2VzLlNlYXJjaE5lYXJieRACGAQgAA,ChIJc9OQXtsYDTkRAFCKCcjvuYw
Modern Zen Spa & Lounge | Premium Spa,spa,spa|massage_spa|wellness_center|massage|beauty_salon|health|point_of_interest|service|establishment,098214 00437,https://modernzenspa.com/,"6101, 2nd Floor, near super Mart 1, opposite Tower-R, DLF Phase IV, Gurugram, Haryana 122009, India",4.8,170,OPERATIONAL,https://maps.google.com/?cid=4805025183536657589&g_mp=Cilnb29nbGUubWFwcy5wbGFjZXMudjEuUGxhY2VzLlNlYXJjaE5lYXJieRACGAQgAA,ChIJXXl0DqAZDTkRtTSCQfLgrkI
Hotel City Premier,hotel,hotel|bed_and_breakfast|guest_house|lodging|point_of_interest|establishment,0124 437 5652,http://hotelcitypremier.com/,"6303, DLF Phase IV, Gurugram, Haryana 122009, India",3.7,847,OPERATIONAL,https://maps.google.com/?cid=2399909120101060355&g_mp=Cilnb29nbGUubWFwcy5wbGFjZXMudjEuUGxhY2VzLlNlYXJjaE5lYXJieRACGAQgAA,ChIJPZDGPtsYDTkRAw_YJKEwTiE
The Bambooshoots Club,clothing_store,clothing_store|store|point_of_interest|establishment,094569 95876,https://bambooshootsclub.com/,"Floor No : 1st Floor, Building No: 7311, DLF Phase IV, Gurugram, Haryana 122009, India",,,OPERATIONAL,https://maps.google.com/?cid=13594065016534632660&g_mp=Cilnb29nbGUubWFwcy5wbGFjZXMudjEuUGxhY2VzLlNlYXJjaE5lYXJieRACGAQgAA,ChIJG3egLzcZDTkR1IgcrBvSp7w
FabHotel Hygge Stay,hotel,hotel|lodging|point_of_interest|establishment,070424 24242,https://www.fabhotels.com/hotels-in-gurgaon/fabhotel-corporate-prime-dedwmafh.html?utm_source=GMB&utm_medium=organic&utm_campaign=GMB_Traffic,"6512, DLF Phase IV, Gurugram, Haryana 122022, India",5,3,OPERATIONAL,https://maps.google.com/?cid=14168188590728825354&g_mp=Cilnb29nbGUubWFwcy5wbGFjZXMudjEuUGxhY2VzLlNlYXJjaE5lYXJieRACGAQgAA,ChIJGYpXt9MZDTkRCkoi_XSEn8Q
Ishaavvi,clothing_store,clothing_store|store|point_of_interest|establishment,085100 24066,,"6416, behind Super mart, DLF Phase IV, Gurugram, Haryana 122009, India",5,1,OPERATIONAL,https://maps.google.com/?cid=12199717706140666092&g_mp=Cilnb29nbGUubWFwcy5wbGFjZXMudjEuUGxhY2VzLlNlYXJjaE5lYXJieRACGAQgAA,ChIJFaU-BBEZDTkR7MiO6p0aTqk
Yadav Glass & Aluminum Fabricator,building_materials_store,building_materials_store|store|point_of_interest|service|establishment,087003 72669,https://toughenedglassncr.com/,"3201, Chakkarpur, NCR, DLF Phase IV, Gurugram, Region, Haryana 122009, India",4.8,20,OPERATIONAL,https://maps.google.com/?cid=6740017198229993162&g_mp=Cilnb29nbGUubWFwcy5wbGFjZXMudjEuUGxhY2VzLlNlYXJjaE5lYXJieRACGAQgAA,ChIJ7xcyBSAZDTkRyraFgO5ZiV0
"Nova IVF Fertility Center Gurugram - Best IVF Centre in Gurgaon, Haryana",doctor,doctor|medical_clinic|health|point_of_interest|service|establishment,080 4447 4652,https://www.novaivffertility.com/ivf-centre/delhi-ncr/fertility-clinic-gurugram?utm_source=GMB&utm_medium=organic,"Plot No 522, near Supermarket, Sector 27, Gurugram, Haryana 122009, India",4.7,228,OPERATIONAL,https://maps.google.com/?cid=6100269582711150529&g_mp=Cilnb29nbGUubWFwcy5wbGFjZXMudjEuUGxhY2VzLlNlYXJjaE5lYXJieRACGAQgAA,ChIJD5PY2kQZDTkRwVeeZ92CqFQ
ENSO - Sourdough Pizza by Nomad - DLF 4,pizza_restaurant,pizza_restaurant|restaurant|food|point_of_interest|establishment,096546 18566,http://nomadpizza.in/,"near Cafe Soul Garden, Chakarpur, Block C2, DLF Phase IV, Sector 43, Gurugram, Haryana 122009, India",3.1,33,OPERATIONAL,https://maps.google.com/?cid=18325966955918553188&g_mp=Cilnb29nbGUubWFwcy5wbGFjZXMudjEuUGxhY2VzLlNlYXJjaE5lYXJieRACGAQgAA,ChIJOYlOY9wYDTkRZHAS7dnpUv4
Idarzee Apparel,service,tailor|point_of_interest|service|establishment,098118 16346,http://idarzee.com/,"6210, behind Super Mart-1, DLF Phase IV, Sector 27, Gurugram, Haryana 122009, India",4.9,14,OPERATIONAL,https://maps.google.com/?cid=16346535854946196355&g_mp=Cilnb29nbGUubWFwcy5wbGFjZXMudjEuUGxhY2VzLlNlYXJjaE5lYXJieRACGAQgAA,ChIJ4WvUMNsYDTkRgxtBnsCP2uI
"Huda water works, Sector 27",lodging,lodging|point_of_interest|establishment,,,"6130, DLF Phase IV, Sector 27, Gurugram, Haryana 122009, India",5,3,OPERATIONAL,https://maps.google.com/?cid=9961849696457677405&g_mp=Cilnb29nbGUubWFwcy5wbGFjZXMudjEuUGxhY2VzLlNlYXJjaE5lYXJieRACGAQgAA,ChIJA-YFOqkZDTkRXVoxz4SZP4o
Dough Cream Heaven,bakery,bakery|food_store|store|food|point_of_interest|establishment,092208 95558,https://d-doughcreamheaven970.dotpe.in/,"DLF Phase IV, Gurugram, Haryana 122009, India",4.7,35,OPERATIONAL,https://maps.google.com/?cid=13912550274150286057&g_mp=Cilnb29nbGUubWFwcy5wbGFjZXMudjEuUGxhY2VzLlNlYXJjaE5lYXJieRACGAQgAA,ChIJs6hJMrEZDTkR6cJ9MsNOE8E
Ramraj,food_store,food_store|store|food|point_of_interest|establishment,073807 22561,,"547, Sector 30 M Wide Main Rd, near Chowki, Sector 27, Sector 43, Gurugram, Haryana 122009, India",,,OPERATIONAL,https://maps.google.com/?cid=14242674092225329771&g_mp=Cilnb29nbGUubWFwcy5wbGFjZXMudjEuUGxhY2VzLlNlYXJjaE5lYXJieRACGAQgAA,ChIJsRjaxA8ZDTkRa_q_PqAkqMU
Capital O 36121 The Dream Residency,hotel,hotel|guest_house|cottage|inn|motel|lodging|point_of_interest|service|establishment,0124 620 1166,https://www.oyorooms.com/54450,"546, Golf Course Rd, Sector 27, Gurugram, Haryana 122009, India",3.8,22,OPERATIONAL,https://maps.google.com/?cid=2515438488700235678&g_mp=Cilnb29nbGUubWFwcy5wbGFjZXMudjEuUGxhY2VzLlNlYXJjaE5lYXJieRACGAQgAA,ChIJz6xmpXMZDTkRnq9SZfqh6CI
Stones Art Gallery | Corian Mandir Manufacturer,general_contractor,general_contractor|point_of_interest|service|establishment,093687 21328,https://stonesartgallery.com/,"547, Sector 30 M Wide Main Rd, Sector 27, Gurugram, Haryana 122009, India",5,1,OPERATIONAL,https://maps.google.com/?cid=9041930008505861139&g_mp=Cilnb29nbGUubWFwcy5wbGFjZXMudjEuUGxhY2VzLlNlYXJjaE5lYXJieRACGAQgAA,ChIJ0dS7vf8ZDTkRE8TvwG9je30
OYO Home 64961 Decent Spacious Sector 27,hotel,hotel|guest_house|cottage|inn|motel|lodging|point_of_interest|service|establishment,0124 620 1166,https://www.oyorooms.com/88049/,"546, 3, M Wide, Main Rd, Sector 27, Gurugram, Haryana 122009, India",4.6,5,OPERATIONAL,https://maps.google.com/?cid=184186034708053737&g_mp=Cilnb29nbGUubWFwcy5wbGFjZXMudjEuUGxhY2VzLlNlYXJjaE5lYXJieRACGAQgAA,ChIJ7RBc1FkZDTkR6X5cAzlcjgI
Adarsh Nursery,wholesaler,wholesaler|point_of_interest|service|establishment,072172 01530,,"550, Sector 30 M Wide Main Rd, DLF Phase 5, Sector 43, Gurugram, Haryana 122009, India",5,1,OPERATIONAL,https://maps.google.com/?cid=10413854630333010206&g_mp=Cilnb29nbGUubWFwcy5wbGFjZXMudjEuUGxhY2VzLlNlYXJjaE5lYXJieRACGAQgAA,ChIJcS5gE7oZDTkRHlGOf5xxhZA
Corporate Inn,hotel,hotel|lodging|point_of_interest|establishment,097176 76182,,"Golf Course Road Plot No. 546, Near Super Mart 1, Sector - 27, Sector 27, Gurugram, Haryana 122009, India",3.6,61,OPERATIONAL,https://maps.google.com/?cid=16106317171898738936&g_mp=Cilnb29nbGUubWFwcy5wbGFjZXMudjEuUGxhY2VzLlNlYXJjaE5lYXJieRACGAQgAA,ChIJPyYWF9AYDTkR-GjMBiIihd8
Collection O Vtrivel Stay,hotel,hotel|guest_house|cottage|inn|motel|lodging|point_of_interest|service|establishment,0124 620 1166,https://www.oyorooms.com/112866/,"545, 545, Sector 27, Gurugram, Haryana 122009, India",3.3,170,OPERATIONAL,https://maps.google.com/?cid=11961327457565352643&g_mp=Cilnb29nbGUubWFwcy5wbGFjZXMudjEuUGxhY2VzLlNlYXJjaE5lYXJieRACGAQgAA,ChIJI5yC6fUZDTkRwyJP5vIr_6U
OYO Elegant Studio Sector 27,hotel,hotel|guest_house|cottage|inn|motel|lodging|point_of_interest|service|establishment,0124 620 1166,https://www.oyorooms.com/75085/,"545, 545, M Wide Main Rd, Sector 27, Gurugram, Haryana 122009, India",3.6,16,OPERATIONAL,https://maps.google.com/?cid=11904773302370729292&g_mp=Cilnb29nbGUubWFwcy5wbGFjZXMudjEuUGxhY2VzLlNlYXJjaE5lYXJieRACGAQgAA,ChIJHdd36SAZDTkRTH1ciz5ANqU
OYO 79792 Stay In,hotel,hotel|lodging|point_of_interest|establishment,0124 620 1166,,"Plot no-546, Golf Course Rd, near Super Mart 1, Sector 27, Gurugram, Haryana 122009, India",2.3,21,OPERATIONAL,https://maps.google.com/?cid=2488612809442139089&g_mp=Cilnb29nbGUubWFwcy5wbGFjZXMudjEuUGxhY2VzLlNlYXJjaE5lYXJieRACGAQgAA,ChIJScIa9MQZDTkR0RtJOipUiSI
HelloWorld Spiti,lodging,lodging|point_of_interest|service|establishment,088800 08888,https://www.thehelloworld.com/coliving-in-gurugram/helloworld-spiti-pg-in-gurugram-sector_27-833,"HOUSE NO-546, Sector 27, Gurugram, Haryana 122009, India",3.5,11,OPERATIONAL,https://maps.google.com/?cid=13019001815531020119&g_mp=Cilnb29nbGUubWFwcy5wbGFjZXMudjEuUGxhY2VzLlNlYXJjaE5lYXJieRACGAQgAA,ChIJlXR3vBAZDTkRV1_kcCzJrLQ
Collection O Daffodils,hotel,hotel|guest_house|cottage|inn|motel|lodging|point_of_interest|service|establishment,0124 433 0575,https://www.oyorooms.com/192587/,"HOUSE No 1526, Sector 46, Near A M I T Y International School Sector 46 MarketO.823,SEC-57, INDIAnull, Sector 27, Gurugram, Haryana 122009, India",1.8,16,OPERATIONAL,https://maps.google.com/?cid=16295009020616412424&g_mp=Cilnb29nbGUubWFwcy5wbGFjZXMudjEuUGxhY2VzLlNlYXJjaE5lYXJieRACGAQgAA,ChIJrWcDQQcZDTkRCI2gnV6AI-I
The Secret Lodges Banquet Hall Gurgaon,banquet_hall,banquet_hall|wedding_venue|hotel|event_venue|lodging|point_of_interest|service|establishment,099902 40603,https://thesecretlodgesbanquethallgurgaon.lovable.app/,"86P, Sector 43, Gurugram, Haryana 122009, India",5,3,OPERATIONAL,https://maps.google.com/?cid=14419441819134460223&g_mp=Cilnb29nbGUubWFwcy5wbGFjZXMudjEuUGxhY2VzLlNlYXJjaE5lYXJieRACGAQgAA,ChIJs3Np4M8YDTkRPwHs4O8lHMg
Cataract Surgery Specialists at Eye-Q Hospitals in Gurugram,hospital,hospital|doctor|medical_clinic|health|point_of_interest|service|establishment,080 4485 2778,https://www.eyeqindia.com/?utm_source=Google&utm_medium=GMB,"Golf Crse Rd, near Super Mart I, DLF Phase IV, Gurugram, Haryana 122009, India",5,2,OPERATIONAL,https://maps.google.com/?cid=12564247411287332421&g_mp=Cilnb29nbGUubWFwcy5wbGFjZXMudjEuUGxhY2VzLlNlYXJjaE5lYXJieRACGAQgAA,ChIJw5_xfq4ZDTkRRRbny3MsXa4
Glaucoma Surgery Specialists at Eye-Q Hospitals in Gurugram,medical_clinic,hospital|medical_clinic|health|point_of_interest|service|establishment,080 4485 2778,https://www.eyeqindia.com/?utm_source=Google&utm_medium=GMB,"Super Mart 1, near Vyapar Kendra Road, Sector 27, Gurugram, Haryana 122009, India",4.2,11,OPERATIONAL,https://maps.google.com/?cid=7104558638176275818&g_mp=Cilnb29nbGUubWFwcy5wbGFjZXMudjEuUGxhY2VzLlNlYXJjaE5lYXJieRACGAQgAA,ChIJB1L3ILYZDTkRag1umnB2mGI
HDFC Bank ATM,atm,atm|finance|point_of_interest|establishment,1800 1601,https://www.hdfc.bank.in/branch-locator/haryana/gurugram/hdfcbank-atm-onehorizoncentergurugramatm,"Unit No 102, 1st Flr, One Horizon Center, Golf Course Rd, Sector 43, Gurugram, Haryana 122009, India",1,6,OPERATIONAL,https://maps.google.com/?cid=7013864719583203512&g_mp=Cilnb29nbGUubWFwcy5wbGFjZXMudjEuUGxhY2VzLlNlYXJjaE5lYXJieRACGAQgAA,ChIJ5d3BT6cZDTkRuNBmKc1AVmE
M G Associates,general_contractor,finance|general_contractor|consultant|point_of_interest|service|establishment,098112 82527,,"Sector 43, Gurugram, Haryana 122001, India",5,3,OPERATIONAL,https://maps.google.com/?cid=1771281252045733187&g_mp=Cilnb29nbGUubWFwcy5wbGFjZXMudjEuUGxhY2VzLlNlYXJjaE5lYXJieRACGAQgAA,ChIJMxB9Xc4ZDTkRQ71-AeralBg
IndusInd Bank ATM,atm,atm|bank|finance|point_of_interest|service|establishment,1860 267 7777,https://www.indusind.bank.in/in/en/personal/locate-us.html?utm_source=Google_Organic_Search&utm_medium=Organic&utm_campaign=Local+Listings,"Ground Floor, HUDA SCO, SCO No. 1 & 2, Golf Dr, Sector 42, Gurugram, Haryana 122009, India",,,OPERATIONAL,https://maps.google.com/?cid=9135254683102954085&g_mp=Cilnb29nbGUubWFwcy5wbGFjZXMudjEuUGxhY2VzLlNlYXJjaE5lYXJieRACGAQgAA,ChIJqeuH04UZDTkRZUITz7vxxn4
IndusInd Bank,bank,bank|finance|point_of_interest|service|establishment,1860 267 7777,https://www.indusind.bank.in/in/en/personal/locate-us.html?utm_source=Google_Organic_Search&utm_medium=Organic&utm_campaign=Local+Listings,"Ground Floor, Sco No 1-2, Huda Sco, Golf Avenue, Golf Course Rd, Sector 42, Gurugram, Haryana 122009, India",,,OPERATIONAL,https://maps.google.com/?cid=6333896724552908404&g_mp=Cilnb29nbGUubWFwcy5wbGFjZXMudjEuUGxhY2VzLlNlYXJjaE5lYXJieRACGAQgAA,ChIJmV6c9A4ZDTkRdH78NoOF5lc
Jha's kitchen tiffin service,meal_delivery,meal_delivery|food_delivery|food|point_of_interest|establishment,098107 60073,https://www.instagram.com/jhas_kitchen008,"Golf Course Rd, Gurugram, Haryana 122022, India",5,4,OPERATIONAL,https://maps.google.com/?cid=17578733850676375420&g_mp=Cilnb29nbGUubWFwcy5wbGFjZXMudjEuUGxhY2VzLlNlYXJjaE5lYXJieRACGAQgAA,ChIJAVVxk1UZDTkRfC-zEk019PM
KOCA,restaurant,restaurant|food|point_of_interest|establishment,084481 84111,https://kocaofficial.com/,"SCO4-7, Golf Avenue 42, Golf Course Rd, Sector 42, Gurugram, Haryana 122009, India",4.4,438,OPERATIONAL,https://maps.google.com/?cid=2299398458542547363&g_mp=Cilnb29nbGUubWFwcy5wbGFjZXMudjEuUGxhY2VzLlNlYXJjaE5lYXJieRACGAQgAA,ChIJb07vulsZDTkRo2GCHrca6R8
Property Mark Gurgaon,consultant,real_estate_agency|consultant|point_of_interest|service|establishment,070658 11625,,"Golf Course Rd, Gurugram, Haryana 122011, India",5,1,OPERATIONAL,https://maps.google.com/?cid=8085950203831799367&g_mp=Cilnb29nbGUubWFwcy5wbGFjZXMudjEuUGxhY2VzLlNlYXJjaE5lYXJieRACGAQgAA,ChIJM8WytF4hDTkRR07kgt4QN3A
Dr Farzana - Physiotherapist,physiotherapist,physiotherapist|medical_clinic|health|point_of_interest|establishment,096500 91934,http://www.dynafisio.com/,"near Global Foyer Mall, beside Municipal Corporation office, DLF Phase IV, Gurugram, Haryana 122009, India",4.8,37,OPERATIONAL,https://maps.google.com/?cid=18119234461836093021&g_mp=Cilnb29nbGUubWFwcy5wbGFjZXMudjEuUGxhY2VzLlNlYXJjaE5lYXJieRACGAQgAA,ChIJ7-u0JrsZDTkRXabBQ75zdPs
Hazoorilal Jewellers,jewelry_store,jewelry_store|store|point_of_interest|establishment,092118 14700,https://hazoorilaljewellers.com/?utm_source=google&utm_medium=organic&utm_campaign=gbp-listing,"Shop No.4-5, Urban Estate, Golf Avenue 42, Sector 42, Gurugram, Haryana 122002, India",4.8,35,OPERATIONAL,https://maps.google.com/?cid=16807963010682663578&g_mp=Cilnb29nbGUubWFwcy5wbGFjZXMudjEuUGxhY2VzLlNlYXJjaE5lYXJieRACGAQgAA,ChIJ9fsG1Z4ZDTkRmjKlSU7hQek
Venus Steps,shoe_store,shoe_store|store|point_of_interest|establishment,085952 62808,,"F37W+4CM, Golf Dr, Sector 42, Gurugram, Haryana 122009, India",4.4,5,OPERATIONAL,https://maps.google.com/?cid=8028413944868936767&g_mp=Cilnb29nbGUubWFwcy5wbGFjZXMudjEuUGxhY2VzLlNlYXJjaE5lYXJieRACGAQgAA,ChIJmdXPJwAZDTkRP5y0TfKnam8
Effingut Brewpub Gurugram - India's most loved craft brew pub,brewery,brewery|bar|manufacturer|restaurant|food|point_of_interest|service|establishment,092114 55592,https://effingut.com/shop/,"2nd Floor, Golf Avenue 42, Golf Course Rd, Sector 42, Gurugram, Haryana 122009, India",4.4,522,OPERATIONAL,https://maps.google.com/?cid=12960651888924109387&g_mp=Cilnb29nbGUubWFwcy5wbGFjZXMudjEuUGxhY2VzLlNlYXJjaE5lYXJieRACGAQgAA,ChIJeW1izwsZDTkRSyrReDl83bM
"Dr J Arya - Best Physiotherapist Knee, Back & Shoulder Pain, Stroke DLF Phase 1",medical_clinic,physiotherapist|doctor|medical_clinic|health|point_of_interest|service|establishment,096500 91934,http://dynafisio.com/,"Basement, near Supermart 1, DLF Phase IV, Gurugram, Haryana 122002, India",5,49,OPERATIONAL,https://maps.google.com/?cid=1780612177454561310&g_mp=Cilnb29nbGUubWFwcy5wbGFjZXMudjEuUGxhY2VzLlNlYXJjaE5lYXJieRACGAQgAA,ChIJBVkKse0ZDTkRHvjpX1cBthg
"Birdhouse, H. No. 764",apartment_building,apartment_building|point_of_interest|service|establishment,,,"F37X+2C4, Sector 42, Gurugram, Haryana 122009, India",,,OPERATIONAL,https://maps.google.com/?cid=16318200920880774918&g_mp=Cilnb29nbGUubWFwcy5wbGFjZXMudjEuUGxhY2VzLlNlYXJjaE5lYXJieRACGAQgAA,ChIJfcsYPwAZDTkRBv-MrkfldeI
Horizon towers,general_contractor,general_contractor|point_of_interest|service|establishment,099927 00000,,"762, near Golf Course Road, Sector 42, Gurugram, Haryana 122002, India",4.8,20,OPERATIONAL,https://maps.google.com/?cid=2755689762344050775&g_mp=Cilnb29nbGUubWFwcy5wbGFjZXMudjEuUGxhY2VzLlNlYXJjaE5lYXJieRACGAQgAA,ChIJa1_QpmsZDTkRV6CyEz0tPiY
Signz,manufacturer,manufacturer|point_of_interest|establishment,092207 91840,https://www.signz.io/,"765, Sector 42, Gurugram, Haryana 122009, India",1,1,OPERATIONAL,https://maps.google.com/?cid=3733079303927526736&g_mp=Cilnb29nbGUubWFwcy5wbGFjZXMudjEuUGxhY2VzLlNlYXJjaE5lYXJieRACGAQgAA,ChIJm7AWIkYfDTkRUHX2JNmPzjM
Digitos Technology Pvt Ltd,manufacturer,manufacturer|store|point_of_interest|establishment,073031 11044,https://digitos.io/,"Basement Plot, Phase-1, 765, Sector 42 Main Rd, Sector 42, Gurugram, Haryana 122002, India",4.3,38,OPERATIONAL,https://maps.google.com/?cid=15920687877268804416&g_mp=Cilnb29nbGUubWFwcy5wbGFjZXMudjEuUGxhY2VzLlNlYXJjaE5lYXJieRACGAQgAA,ChIJsx2iqcwYDTkRQJN54EWl8dw
Saltstayz Premier,hotel,hotel|lodging|point_of_interest|establishment,088000 12701,https://saltstayz.com/hotels/gurgaon/saltstayz-premier-golf-course-road-and-sector-42,"Plot No. 780, Golf Crse Rd, Sector 42, Gurugram, Haryana 122009, India",4.8,1085,OPERATIONAL,https://maps.google.com/?cid=6612247606630129903&g_mp=Cilnb29nbGUubWFwcy5wbGFjZXMudjEuUGxhY2VzLlNlYXJjaE5lYXJieRACGAQgAA,ChIJgSqaay0ZDTkR76AdQCpsw1s
Hotel Heritage,hotel,hotel|lodging|point_of_interest|establishment,093114 42299,,"PLOT NO 800 /42, Sector 42, Gurugram, Haryana 122009, India",3.2,10,OPERATIONAL,https://maps.google.com/?cid=1349755257081870519&g_mp=Cilnb29nbGUubWFwcy5wbGFjZXMudjEuUGxhY2VzLlNlYXJjaE5lYXJieRACGAQgAA,ChIJ-XkikG0ZDTkRt7gUSEFLuxI
"Alpha Indoor Games | Cricket Bowling Machine, Table Tennis & Pool.",indoor_playground,indoor_playground|playground|point_of_interest|establishment,079055 39603,,"754, Sector 42 Main Rd, Sector 42, Gurugram, Haryana 122009, India",5,242,OPERATIONAL,https://maps.google.com/?cid=10283951209412696580&g_mp=Cilnb29nbGUubWFwcy5wbGFjZXMudjEuUGxhY2VzLlNlYXJjaE5lYXJieRACGAQgAA,ChIJkUWKNnUZDTkRBBp-ZCPvt44
Demon Sports,sporting_goods_store,sporting_goods_store|store|point_of_interest|establishment,083840 18867,,"House No 754, Sector 42 Main Rd, Sector 42, Gurugram, Haryana 122009, India",5,11,OPERATIONAL,https://maps.google.com/?cid=655464256536736157&g_mp=Cilnb29nbGUubWFwcy5wbGFjZXMudjEuUGxhY2VzLlNlYXJjaE5lYXJieRACGAQgAA,ChIJz6C3j08ZDTkRnXHWvUStGAk
Uprise Realtors,service,point_of_interest|service|establishment,098732 47146,,"772, Sector 42, Gurugram, Haryana 122002, India",5,3,OPERATIONAL,https://maps.google.com/?cid=1765865579980130291&g_mp=Cilnb29nbGUubWFwcy5wbGFjZXMudjEuUGxhY2VzLlNlYXJjaE5lYXJieRACGAQgAA,ChIJw3lZD7MZDTkR8wfOl2OdgRg
Aqua gift free water advertisements,service,point_of_interest|service|establishment,093514 06217,,"758, Sector 42, Gurugram, Haryana 122009, India",5,26,OPERATIONAL,https://maps.google.com/?cid=14751194172265690543&g_mp=Cilnb29nbGUubWFwcy5wbGFjZXMudjEuUGxhY2VzLlNlYXJjaE5lYXJieRACGAQgAA,ChIJd5PJuRgYYgsRr3W1yvHEtsw
HomeClone,lodging,real_estate_agency|lodging|point_of_interest|service|establishment,093153 29958,https://homeclone.in/,"758, Sector 42, Gurugram, Haryana 122009, India",2.8,37,OPERATIONAL,https://maps.google.com/?cid=10149334189654346871&g_mp=Cilnb29nbGUubWFwcy5wbGFjZXMudjEuUGxhY2VzLlNlYXJjaE5lYXJieRACGAQgAA,ChIJM2kz8ZCZB44RdwwTCayt2Yw
Consider Done Consultants Limited,service,point_of_interest|service|establishment,098678 16051,https://considerdone.in/,"754, 1st Floor, Sector 42, Gurugram, Haryana 122009, India",,,OPERATIONAL,https://maps.google.com/?cid=4572910506543686098&g_mp=Cilnb29nbGUubWFwcy5wbGFjZXMudjEuUGxhY2VzLlNlYXJjaE5lYXJieRACGAQgAA,ChIJFzWzbsQZDTkR0iEwnOA9dj8
Spur: Instagram & WhatsApp Marketing,service,point_of_interest|service|establishment,070533 48721,https://spurnow.com/,"3rd Floor, 759, Sector 42, Gurugram, Haryana 122009, India",5,3,OPERATIONAL,https://maps.google.com/?cid=3976047089981201647&g_mp=Cilnb29nbGUubWFwcy5wbGFjZXMudjEuUGxhY2VzLlNlYXJjaE5lYXJieRACGAQgAA,ChIJbSE0fh8ZDTkR7xyOKMPBLTc
Cloudberry Labs,service,point_of_interest|service|establishment,082870 68329,https://www.cloudberrylabs.in/,"754, Sector 42 Main Rd, Sector 42, Gurugram, Haryana 122009, India",,,OPERATIONAL,https://maps.google.com/?cid=17882588767807830891&g_mp=Cilnb29nbGUubWFwcy5wbGFjZXMudjEuUGxhY2VzLlNlYXJjaE5lYXJieRACGAQgAA,ChIJtYQpbaAZDTkRa3uTAb23K_g
Sandy old furniture,furniture_store,furniture_store|home_improvement_store|home_goods_store|store|restaurant|food|point_of_interest|service|establishment,090796 78603,,"Sector 42, Sector 43, Gurugram, Haryana 122009, India",5,3,OPERATIONAL,https://maps.google.com/?cid=2593743083257356774&g_mp=Cilnb29nbGUubWFwcy5wbGFjZXMudjEuUGxhY2VzLlNlYXJjaE5lYXJieRACGAQgAA,ChIJCalrnBIZDTkR5mEujJfT_iM
Future Fitness,gym,gym|sports_activity_location|health|point_of_interest|establishment,099994 08340,,"Sector 42 Main Rd, Sector 42, Gurugram, Haryana 122002, India",5,35,OPERATIONAL,https://maps.google.com/?cid=3260787895088720342&g_mp=Cilnb29nbGUubWFwcy5wbGFjZXMudjEuUGxhY2VzLlNlYXJjaE5lYXJieRACGAQgAA,ChIJ16-hfQAZDTkR1imoblClQC0
"Aslan - 1BHK, big balcony, 2 TVs Free Parking",lodging,lodging|point_of_interest|establishment,,https://www.bluepillow.com/search/67a23fb8905c444f2d093900?dest=ago&cat=Vacation+rental+(other)&lat=28.46281&lng=77.10134&language=en,"Sector 42, Gurugram, Haryana 122009, India",,,OPERATIONAL,https://maps.google.com/?cid=5634087494568731009&g_mp=Cilnb29nbGUubWFwcy5wbGFjZXMudjEuUGxhY2VzLlNlYXJjaE5lYXJieRACGAQgAA,ChIJEZi8Xs0YDTkRgWE9w7lMME4
Unifit Realty,consultant,real_estate_agency|consultant|point_of_interest|service|establishment,099581 64422,https://unifitrealty.com/,"727, Golf Course Rd, Sector 42, Gurugram, Haryana 122009, India",4.5,50,OPERATIONAL,https://maps.google.com/?cid=455392085604458021&g_mp=Cilnb29nbGUubWFwcy5wbGFjZXMudjEuUGxhY2VzLlNlYXJjaE5lYXJieRACGAQgAA,ChIJN5mZXM0YDTkRJV76Z7DgUQY
Vaibhav Garg - Sports Performance Nutritionist & Metabolic Disorders Expert,consultant,wellness_center|consultant|medical_clinic|health|point_of_interest|service|establishment,098184 67654,http://www.vaibhavgarg.com/,"697-P, Golf Course Rd, Sector 42, Gurugram, Haryana 122009, India",4.9,207,OPERATIONAL,https://maps.google.com/?cid=17749628548113244947&g_mp=Cilnb29nbGUubWFwcy5wbGFjZXMudjEuUGxhY2VzLlNlYXJjaE5lYXJieRACGAQgAA,ChIJT-6JrYEiDTkREyNseR9ZU_Y
"Mom's Preg-Ladder- Pregnancy, Birth & Beyond",,consultant|educational_institution|medical_clinic|health|point_of_interest|service|establishment,097114 93909,https://momspregladder.com/,"Ground Floor, 697-P, Golf Crse Rd, Sector 42, Gurugram, Haryana 122009, India",4.9,103,OPERATIONAL,https://maps.google.com/?cid=7879888402255185262&g_mp=Cilnb29nbGUubWFwcy5wbGFjZXMudjEuUGxhY2VzLlNlYXJjaE5lYXJieRACGAQgAA,ChIJrWWokfsjDTkRbgUknsD8Wm0
RR premium residency,hotel,hotel|lodging|point_of_interest|establishment,097700 07631,,"676, Sector 42, Gurugram, Haryana 122009, India",4.7,43,OPERATIONAL,https://maps.google.com/?cid=3519632757421928762&g_mp=Cilnb29nbGUubWFwcy5wbGFjZXMudjEuUGxhY2VzLlNlYXJjaE5lYXJieRACGAQgAA,ChIJj6eGNpQZDTkROnH2VVg_2DA
Avidion Softwares Pvt. Ltd,service,point_of_interest|service|establishment,098965 84099,https://www.avidion.ai/,"676, Sector 42 Main Rd, Sector 42, Gurugram, Haryana 122011, India",5,4,OPERATIONAL,https://maps.google.com/?cid=14654188639112548354&g_mp=Cilnb29nbGUubWFwcy5wbGFjZXMudjEuUGxhY2VzLlNlYXJjaE5lYXJieRACGAQgAA,ChIJDRVvTV6H7oIRAlDeEe0iXss
The Urban Loft,bed_and_breakfast,bed_and_breakfast|lodging|point_of_interest|establishment,099587 31290,,"605P, Sector 42, Gurugram, Haryana 122009, India",5,9,OPERATIONAL,https://maps.google.com/?cid=9888718308000370923&g_mp=Cilnb29nbGUubWFwcy5wbGFjZXMudjEuUGxhY2VzLlNlYXJjaE5lYXJieRACGAQgAA,ChIJL-NBujYfDTkR65BDkOjIO4k
KyteHR,service,finance|point_of_interest|service|establishment,088004 43333,https://www.kytehr.com/,"605P, near Shiv Nadar School, Sector 42, Gurugram, Haryana 122009, India",5,2,OPERATIONAL,https://maps.google.com/?cid=14301263172724318005&g_mp=Cilnb29nbGUubWFwcy5wbGFjZXMudjEuUGxhY2VzLlNlYXJjaE5lYXJieRACGAQgAA,ChIJU9AVpxAfDTkRNd-bkRVLeMY
Sybaritic Spaces,service,point_of_interest|service|establishment,099100 40300,https://sybariticspaces.in/,"605P, Sector 42, Gurugram, Haryana 122009, India",5,6,OPERATIONAL,https://maps.google.com/?cid=11561392982364099846&g_mp=Cilnb29nbGUubWFwcy5wbGFjZXMudjEuUGxhY2VzLlNlYXJjaE5lYXJieRACGAQgAA,ChIJm4gy4M4fDTkRBpWBnqlRcqA
ABC Buildcon Pvt Ltd,consultant,real_estate_agency|consultant|point_of_interest|service|establishment,098991 99172,https://abcbuildcon.in/,"605P, Sector 42, Gurugram, Haryana 122009, India",3.9,10,OPERATIONAL,https://maps.google.com/?cid=4002912383345347177&g_mp=Cilnb29nbGUubWFwcy5wbGFjZXMudjEuUGxhY2VzLlNlYXJjaE5lYXJieRACGAQgAA,ChIJG7D8dusZDTkRacpPtJozjTc
Eternal Oasis Gurugram,cultural_center,cultural_center|art_gallery|event_venue|school|educational_institution|health|restaurant|food|point_of_interest|establishment,079828 83571,https://www.eternaloasis.org/,"Landmark, Eternal Oasis, 591A, Sector 42 Main Rd, opposite Shiv Nadar School, Sector 42, Gurugram, Haryana 122002, India",4.5,226,OPERATIONAL,https://maps.google.com/?cid=13016546619902040687&g_mp=Cilnb29nbGUubWFwcy5wbGFjZXMudjEuUGxhY2VzLlNlYXJjaE5lYXJieRACGAQgAA,ChIJ41JBjOwfDTkRb5qSqS8QpLQ
Metamorph fitness studio,fitness_center,fitness_center|gym|sports_activity_location|health|point_of_interest|establishment,092655 69070,,"4th floor, Plot 605P, Sector 42, Gurugram, Haryana 122009, India",5,8,OPERATIONAL,https://maps.google.com/?cid=7330247252246811434&g_mp=Cilnb29nbGUubWFwcy5wbGFjZXMudjEuUGxhY2VzLlNlYXJjaE5lYXJieRACGAQgAA,ChIJE2_s_bkfDTkRKlP04QlFumU
WI THINKERS,service,point_of_interest|service|establishment,093157 56452,,"4th Floor, Plot 605, Sector 42, Gurugram, Haryana 122009, India",3,2,OPERATIONAL,https://maps.google.com/?cid=12176512278473259727&g_mp=Cilnb29nbGUubWFwcy5wbGFjZXMudjEuUGxhY2VzLlNlYXJjaE5lYXJieRACGAQgAA,ChIJ93wrPrcfDTkRz7qUQWep-6g
The Branvetica,service,point_of_interest|service|establishment,094613 71736,https://thebranvetica.com/,"3rd floor, 605, Sector 42, Gurugram, Haryana 122009, India",5,12,CLOSED_TEMPORARILY,https://maps.google.com/?cid=4095018966873001765&g_mp=Cilnb29nbGUubWFwcy5wbGFjZXMudjEuUGxhY2VzLlNlYXJjaE5lYXJieRACGAQgAA,ChIJi4RtayaIJgoRJc_z1A1u1Dg
astitva - aestheticvision.yoga,yoga_studio,yoga_studio|fitness_center|gym|sports_complex|sports_school|sports_activity_location|health|point_of_interest|service|establishment,089299 66222,https://yogone.in/,"Eternal Oasis, 591 A, opposite Shiv Nadar School, Sector 42, Gurugram, Haryana 122009, India",5,1,OPERATIONAL,https://maps.google.com/?cid=17380486442105448136&g_mp=Cilnb29nbGUubWFwcy5wbGFjZXMudjEuUGxhY2VzLlNlYXJjaE5lYXJieRACGAQgAA,ChIJiyecxu8fDTkRyCYwVVXkM_E
The Jewel Label By Uma Agarwal,jewelry_store,jewelry_store|store|point_of_interest|service|establishment,078384 00121,,"605 P First Floor, Sector 42, Gurugram, Haryana 122009, India",5,1,OPERATIONAL,https://maps.google.com/?cid=8156756390320234574&g_mp=Cilnb29nbGUubWFwcy5wbGFjZXMudjEuUGxhY2VzLlNlYXJjaE5lYXJieRACGAQgAA,ChIJNTg_5MAfDTkRTmBvfLieMnE
Memories by Barkha,service,point_of_interest|service|establishment,085954 19756,http://www.memoriesbybarkha.com/,"Plot 605, near The Aralias, Sector 42, Gurugram, Haryana 122009, India",4.9,319,OPERATIONAL,https://maps.google.com/?cid=2343316604634089821&g_mp=Cilnb29nbGUubWFwcy5wbGFjZXMudjEuUGxhY2VzLlNlYXJjaE5lYXJieRACGAQgAA,ChIJ3T8Pdu8ZDTkRXUl9VwkihSA
The visual futurist,service,point_of_interest|service|establishment,085954 19756,,"Basement, The visual futurist, Plot, 605P, Sector 42, Gurugram, Haryana 122009, India",,,OPERATIONAL,https://maps.google.com/?cid=5653967117433011725&g_mp=Cilnb29nbGUubWFwcy5wbGFjZXMudjEuUGxhY2VzLlNlYXJjaE5lYXJieRACGAQgAA,ChIJcQnboXEfDTkRDX5VJiPtdk4
URBBAN HOMES GURUGRAM,general_contractor,general_contractor|point_of_interest|service|establishment,093431 12116,https://www.urbbanhomes.com/,"589 sector 42, golf course road, near shiv nadar school, Sector 42, Gurugram, Haryana 122009, India",5,3,OPERATIONAL,https://maps.google.com/?cid=2485362274912514810&g_mp=Cilnb29nbGUubWFwcy5wbGFjZXMudjEuUGxhY2VzLlNlYXJjaE5lYXJieRACGAQgAA,ChIJFbWfzIwfDTkR-jJRLtLHfSI
Khaansama,service,consultant|point_of_interest|service|establishment,099991 68592,http://khaansama.com/,"605, 3rd Floor, Sector 42, Gurugram, Haryana 122009, India",4.3,26,OPERATIONAL,https://maps.google.com/?cid=17742457361872278191&g_mp=Cilnb29nbGUubWFwcy5wbGFjZXMudjEuUGxhY2VzLlNlYXJjaE5lYXJieRACGAQgAA,ChIJtQp-vQ8eDTkRr1LpkPfeOfY
CANARA BANK ATM,atm,atm|finance|point_of_interest|establishment,1800 1030,,"UNIT NO.1A, MILLENNIUM PLAZA, TOWER-A, Sushant Lok Phase I, Sector 27, Gurugram, Haryana 122009, India",3.7,3,OPERATIONAL,https://maps.google.com/?cid=11462194604266573926&g_mp=Cilnb29nbGUubWFwcy5wbGFjZXMudjEuUGxhY2VzLlNlYXJjaE5lYXJieRACGAQgAA,ChIJPXsNvSgZDTkRZlC1ZUPlEZ8
CANARA BANK - GURGAON MILLENNIUM PLAZA,bank,bank|finance|point_of_interest|establishment,1800 1030,,"UNIT NO.1A, MILLENNIUM PLAZA NEAR HUDA CITY METRO STATION, DLF Phase IV, Sector 43, Gurugram, Haryana 122009, India",3.9,35,OPERATIONAL,https://maps.google.com/?cid=11499912371248624307&g_mp=Cilnb29nbGUubWFwcy5wbGFjZXMudjEuUGxhY2VzLlNlYXJjaE5lYXJieRACGAQgAA,ChIJPwwSrCUZDTkRs_JkXF_ll58
Applied Techno Products,service,manufacturer|service|point_of_interest|establishment,0124 428 8186,https://www.atplonline.net/,"Tower B, MILLENNIUM PLAZA, 303, Sector 27, Sector 43, Gurugram, Haryana 122001, India",4.8,13,OPERATIONAL,https://maps.google.com/?cid=8559278987109561033&g_mp=Cilnb29nbGUubWFwcy5wbGFjZXMudjEuUGxhY2VzLlNlYXJjaE5lYXJieRACGAQgAA,ChIJPwAAwNAYDTkRyXIhyOOqyHY
Coffee Island | HQ27,coffee_shop,coffee_shop|cafe|food_store|store|food|point_of_interest|establishment,088821 51799,http://www.coffeeisland.in/,"HQ27 661, @, B Block Dr, Sushant Lok Phase I, Sector 43, Gurugram, Haryana 122009, India",4.8,437,OPERATIONAL,https://maps.google.com/?cid=16070148152172232090&g_mp=Cilnb29nbGUubWFwcy5wbGFjZXMudjEuUGxhY2VzLlNlYXJjaE5lYXJieRACGAQgAA,ChIJV3I5NwAZDTkRmj0g4pmiBN8
Samsudin,fast_food_restaurant,fast_food_restaurant|restaurant|food|point_of_interest|establishment,097287 60019,,"Shop 66, Sushant Lok Phase I, Sector 29, Gurugram, Haryana 122009, India",5,2,OPERATIONAL,https://maps.google.com/?cid=7287316529680430180&g_mp=Cilnb29nbGUubWFwcy5wbGFjZXMudjEuUGxhY2VzLlNlYXJjaE5lYXJieRACGAQgAA,ChIJ49n7MAkZDTkRZDRvHca_IWU
WaterMarc,,point_of_interest|establishment,098117 74654,http://www.watermarc.ai/,"1st Floor, TOWER-A, MILLENNIUM PLAZA, Unit No. 101, Sector 27, Sector 43, Gurugram, Haryana 122009, India",,,OPERATIONAL,https://maps.google.com/?cid=9184348720372880693&g_mp=Cilnb29nbGUubWFwcy5wbGFjZXMudjEuUGxhY2VzLlNlYXJjaE5lYXJieRACGAQgAA,ChIJyRcYf0sZDTkRNZUjG4BcdX8
SBI Branch Millenium Plaza Gurugram,bank,bank|finance|point_of_interest|establishment,1800 1234,https://bank.sbi/,"MILLENNIUM PLAZA, Sushant Lok Phase I, Sector-27, Gurugram, Haryana 122009, India",3.8,26,OPERATIONAL,https://maps.google.com/?cid=11780893125297615107&g_mp=Cilnb29nbGUubWFwcy5wbGFjZXMudjEuUGxhY2VzLlNlYXJjaE5lYXJieRACGAQgAA,ChIJc-yB8EcZDTkRA7E0LuEjfqM
"ICICI Bank Ltd.,Gurgaon - Millennium Plaza",bank,bank|finance|service|point_of_interest|establishment,1800 1080,https://maps.icicibank.com/mobile,"ICICI Bank Ltd., Unit No. 1B, UGF, Tower-A, Millennium Plaza Complex, Sector-27, Sector 43, Gurugram, Haryana 122009, India",1,2,OPERATIONAL,https://maps.google.com/?cid=10766956766008599445&g_mp=Cilnb29nbGUubWFwcy5wbGFjZXMudjEuUGxhY2VzLlNlYXJjaE5lYXJieRACGAQgAA,ChIJ9fejNRHB1DsRlWPuBSLqa5U
Secure Connection Private Limited,,point_of_interest|establishment,098715 20394,https://honeywellconnection.com/,"6th floor, TOWER-A, MILLENNIUM PLAZA, Unit No – 601 to 603, Sector-27, Sector 43, Gurugram, Haryana 122009, India",5,55,OPERATIONAL,https://maps.google.com/?cid=8285563089646508832&g_mp=Cilnb29nbGUubWFwcy5wbGFjZXMudjEuUGxhY2VzLlNlYXJjaE5lYXJieRACGAQgAA,ChIJjZA4ip4iDTkRINt3Mrs7_HI
Save Farmer Families,corporate_office,corporate_office|point_of_interest|establishment,0124 437 9352,,"Kanta Seengal Memorial Charitable Trust, 1004, Tower B, 10th Floor, Millennium Plaza, Sector – 27, Sushant Lok Phase I, Sector 43, Gurugram, Haryana 122009, India",,,OPERATIONAL,https://maps.google.com/?cid=10156972152165976091&g_mp=Cilnb29nbGUubWFwcy5wbGFjZXMudjEuUGxhY2VzLlNlYXJjaE5lYXJieRACGAQgAA,ChIJqSVho-YYDTkRG0hjw1vQ9Iw
REINHART INDIA PVT. LTD.,corporate_office,corporate_office|point_of_interest|establishment,0124 449 7230,http://www.reinhart.com/,"Unit No 401-404 Tower A (4th Floor) Millennium Plaza, Sushant Lok Phase I, Sector 27, Gurugram, Haryana 122009, India",5,9,OPERATIONAL,https://maps.google.com/?cid=12533534995162605216&g_mp=Cilnb29nbGUubWFwcy5wbGFjZXMudjEuUGxhY2VzLlNlYXJjaE5lYXJieRACGAQgAA,ChIJtS1ho-YYDTkRoCaYLqwP8K0
The Hi-Tech Gears Ltd.,corporate_office,corporate_office|point_of_interest|establishment,0124 471 5100,http://www.thehitechgears.com/,"14th Floor, Tower B, MILLENNIUM PLAZA, Sushant Lok Phase I, Sector 43, Gurugram, Haryana 122009, India",4.3,15,OPERATIONAL,https://maps.google.com/?cid=11258616577148495648&g_mp=Cilnb29nbGUubWFwcy5wbGFjZXMudjEuUGxhY2VzLlNlYXJjaE5lYXJieRACGAQgAA,ChIJP4a-gyofDTkRIKdCTyCkPpw
Dr. Sanjana Jon,service,point_of_interest|service|establishment,083680 19664,http://www.sanjanajon.org/,"Block B, 321, Phase 1, Phase 2, Sushant Lok Phase I, Sector 27, Gurugram, Haryana 122002, India",4.6,11,OPERATIONAL,https://maps.google.com/?cid=4881455348521077349&g_mp=Cilnb29nbGUubWFwcy5wbGFjZXMudjEuUGxhY2VzLlNlYXJjaE5lYXJieRACGAQgAA,ChIJKyD9JOcYDTkRZYqHw8ZpvkM
Eagle Decor,general_contractor,general_contractor|point_of_interest|service|establishment,090151 12366,https://www.4cwindows.com/,"C-326C, Sushant Lok Phase I, Sector 43, Gurugram, Haryana 122009, India",5,3,OPERATIONAL,https://maps.google.com/?cid=17413232624032330614&g_mp=Cilnb29nbGUubWFwcy5wbGFjZXMudjEuUGxhY2VzLlNlYXJjaE5lYXJieRACGAQgAA,ChIJJ9qZJ-cYDTkRdrOw8s86qPE
Harpreet Singh Marwah | Healing Hands – Pain Relief & Energy Healing in Gurugram,consultant,wellness_center|consultant|medical_clinic|health|point_of_interest|service|establishment,092175 54026,https://harpreetsinghmarwah.com/,"1st Floor, B-416, Sushant Lok Phase I, phase1, Gurugram, Haryana 122002, India",5,26,OPERATIONAL,https://maps.google.com/?cid=4279797628665130520&g_mp=Cilnb29nbGUubWFwcy5wbGFjZXMudjEuUGxhY2VzLlNlYXJjaE5lYXJieRACGAQgAA,ChIJi5kVxJMZDTkRGO4kl0TlZDs
PhysiofyMe,physiotherapist,physiotherapist|health|point_of_interest|establishment,084486 62326,,"Phase 2, Sushant Lok Phase I, Sector 43, Gurugram, Haryana 122009, India",5,4,OPERATIONAL,https://maps.google.com/?cid=9236127287951317504&g_mp=Cilnb29nbGUubWFwcy5wbGFjZXMudjEuUGxhY2VzLlNlYXJjaE5lYXJieRACGAQgAA,ChIJG8hoOecYDTkRAFqhUtVQLYA
Sales Training Team Building Training,service,point_of_interest|service|establishment,083838 50546,http://6a4798de4e8e7.site123.me/,"1nd floor, A-202, Phase 2, Sushant Lok Phase I, Sector 43, Gurugram, Haryana 122009, India",5,70,OPERATIONAL,https://maps.google.com/?cid=11799344880490919192&g_mp=Cilnb29nbGUubWFwcy5wbGFjZXMudjEuUGxhY2VzLlNlYXJjaE5lYXJieRACGAQgAA,ChIJ0Qj08vsZDTkRGDX8N6exv6M
Arqe Skin & Laser Clinic By Maleka,medical_clinic,skin_care_clinic|hair_care|beauty_salon|body_art_service|medical_clinic|health|point_of_interest|service|establishment,086170 28008,,"2nd Floor, 4112, Ashoka Marg, near Galeriya Market, Sushant Lok Phase I, Sector 43, Gurugram, Haryana 122002, India",5,1,OPERATIONAL,https://maps.google.com/?cid=9380366487591037646&g_mp=Cilnb29nbGUubWFwcy5wbGFjZXMudjEuUGxhY2VzLlNlYXJjaE5lYXJieRACGAQgAA,ChIJaW5dvC8ZDTkRzqrXA5_BLYI
M.S.TOUR& TRAVELS,taxi_service,taxi_service|transportation_service|point_of_interest|service|establishment,097111 33418,,"Ridgewood Estate, Ews210, DLF Phase IV, Gurugram, Haryana 122009, India",5,2,OPERATIONAL,https://maps.google.com/?cid=16881789615221026458&g_mp=Cilnb29nbGUubWFwcy5wbGFjZXMudjEuUGxhY2VzLlNlYXJjaE5lYXJieRACGAQgAA,ChIJ8feCVFgZDTkRmq4gJDYqSOo
Craftevent.in,service,catering_service|supplier|food_delivery|manufacturer|store|food|point_of_interest|service|establishment,089203 92184,http://www.victoryawnigscanopy.com/,"B-63(2nd floor, Sushant Lok Phase I, phase1, Gurugram, Haryana 122009, India",5,104,OPERATIONAL,https://maps.google.com/?cid=3012491952115293311&g_mp=Cilnb29nbGUubWFwcy5wbGFjZXMudjEuUGxhY2VzLlNlYXJjaE5lYXJieRACGAQgAA,ChIJL2K-1q0ZDTkRfxyONniFzik
FabHotel Vizion Rezi,hotel,hotel|extended_stay_hotel|lodging|point_of_interest|establishment,070424 24242,https://www.fabhotels.com/hotels-in-gurgaon/?utm_source=Google_Maps&utm_medium=organic&utm_campaign=Google_Maps_Clicks,"B58, Sushant Lok Phase I, Sector 43, Gurugram, Haryana 122009, India",4.1,59,OPERATIONAL,https://maps.google.com/?cid=13028455413963860335&g_mp=Cilnb29nbGUubWFwcy5wbGFjZXMudjEuUGxhY2VzLlNlYXJjaE5lYXJieRACGAQgAA,ChIJ1zsggCUZDTkRb6lU2StfzrQ
"Affinity Salon, Sushant Lok 1",beauty_salon,beauty_salon|point_of_interest|service|establishment,0124 447 0606,http://affinityelite.co.in/,"64, BLOCK-B, Sushant Lok Phase I, Sector 43, Gurugram, Haryana 122009, India",4.7,342,OPERATIONAL,https://maps.google.com/?cid=13261262881669020659&g_mp=Cilnb29nbGUubWFwcy5wbGFjZXMudjEuUGxhY2VzLlNlYXJjaE5lYXJieRACGAQgAA,ChIJKf-GX8kZDTkR83v0ZlR4Cbg
Avanti Tenantry-Gurugram,lodging,lodging|point_of_interest|service|establishment,099100 38666,,"B-58, near Galleria Market, Sushant Lok Phase I, Sector 43, Gurugram, Haryana 122009, India",4.6,31,OPERATIONAL,https://maps.google.com/?cid=12103047110285199200&g_mp=Cilnb29nbGUubWFwcy5wbGFjZXMudjEuUGxhY2VzLlNlYXJjaE5lYXJieRACGAQgAA,ChIJedvwynAZDTkRYAde3Dip9qc
Master Vani kabir – Spiritual Healer in Gurgaon,wellness_center,wellness_center|health|point_of_interest|establishment,097171 94782,https://www.mastervanikabir.com/,"B-65, Second Floor, Sushant Lok Phase I, Sector 43, Gurugram, Haryana 122009, India",4.5,18,OPERATIONAL,https://maps.google.com/?cid=5337154914927094368&g_mp=Cilnb29nbGUubWFwcy5wbGFjZXMudjEuUGxhY2VzLlNlYXJjaE5lYXJieRACGAQgAA,ChIJT5SMgwQZDTkRYKp1Hx5iEUo
Ridge Valley School,school,school|educational_institution|point_of_interest|establishment,096500 90345,https://ridgevalleyschool.org/,"4111 4112, DLF Phase IV, Gurugram, Haryana 122009, India",,,OPERATIONAL,https://maps.google.com/?cid=1323996266295141224&g_mp=Cilnb29nbGUubWFwcy5wbGFjZXMudjEuUGxhY2VzLlNlYXJjaE5lYXJieRACGAQgAA,ChIJ7ZSX7t0YDTkRaCN34JbHXxI
Cheesecake and Co.,bakery,bakery|food_store|store|food|point_of_interest|establishment,080762 45510,,"no 3, Sushant Lok 1 Rd, Block A, Sushant Lok Phase I, Sector 43, Gurugram, Haryana 122009, India",2.8,58,OPERATIONAL,https://maps.google.com/?cid=9941711801118184587&g_mp=Cilnb29nbGUubWFwcy5wbGFjZXMudjEuUGxhY2VzLlNlYXJjaE5lYXJieRACGAQgAA,ChIJ3R_HGZYZDTkRi1T1rDUO-Ik
Yoga With Sapna - Yoga Classes in Gurgaon,yoga_studio,yoga_studio|fitness_center|gym|sports_complex|sports_school|sports_activity_location|health|point_of_interest|establishment,098100 95433,https://yogawithsapna.com/,"B, 54-A, Ashoka Marg, behind DLF Galleria Road, Sushant Lok Phase I, Sector 43, Gurugram, Haryana 122009, India",4.8,21,OPERATIONAL,https://maps.google.com/?cid=13828124182591237431&g_mp=Cilnb29nbGUubWFwcy5wbGFjZXMudjEuUGxhY2VzLlNlYXJjaE5lYXJieRACGAQgAA,ChIJy6rqWigZDTkRN-1W9a1d578
Pour and Palate | Coffee and Cuisine,cafe,cafe|food|point_of_interest|establishment,085278 88903,https://pourandpalate.com/,"1st Floor, B-65, opposite Vipul Square, Sushant Lok Phase I, Sector 43, Gurugram, Haryana 122002, India",4.8,925,OPERATIONAL,https://maps.google.com/?cid=12964690226623013793&g_mp=Cilnb29nbGUubWFwcy5wbGFjZXMudjEuUGxhY2VzLlNlYXJjaE5lYXJieRACGAQgAA,ChIJxSx50_UZDTkRoePXPBLV67M
UniformsnAll,clothing_store,clothing_store|store|point_of_interest|establishment,0124 424 6461,,"4502, HIBISCUS Ln, near Galleria Market, DLF Phase IV, Gurugram, Haryana 122009, India",1,1,CLOSED_TEMPORARILY,https://maps.google.com/?cid=8474450935412180825&g_mp=Cilnb29nbGUubWFwcy5wbGFjZXMudjEuUGxhY2VzLlNlYXJjaE5lYXJieRACGAQgAA,ChIJuadda9wYDTkRWUe45zlMm3U
Pooja Taxi,car_rental,car_rental|point_of_interest|service|establishment,097282 47506,,"EWS Ridgewood, DLF Phase IV, Gurugram, Haryana 122009, India",,,OPERATIONAL,https://maps.google.com/?cid=15321582792736221456&g_mp=Cilnb29nbGUubWFwcy5wbGFjZXMudjEuUGxhY2VzLlNlYXJjaE5lYXJieRACGAQgAA,ChIJO32RB90ZDTkREKnHbV8yodQ
Yog with Mercy,,yoga_studio|fitness_center|gym|sports_complex|sports_school|sports_activity_location|health|point_of_interest|service|establishment,080768 60526,,"Ridgewood Estate, Galleria Boulevard, next to Galleria Market, opposite Hamilton Court, DLF Phase IV, Gurugram, Haryana 122009, India",5,49,OPERATIONAL,https://maps.google.com/?cid=7690699439943551138&g_mp=Cilnb29nbGUubWFwcy5wbGFjZXMudjEuUGxhY2VzLlNlYXJjaE5lYXJieRACGAQgAA,ChIJ6eiP3MUZDTkRooghwGTaumo
𝐇𝐨𝐦𝐞 𝐓𝐮𝐢𝐭𝐢𝐨𝐧 𝐛𝐲 𝐀𝐧𝐚𝐧𝐝 𝐈𝐁,service,school|educational_institution|point_of_interest|service|establishment,090315 85966,https://chat.whatsapp.com/CwFr7gjpjMMC2fBTo8uQR5,"Marigold Ln, Galleria Market, DLF Phase IV, Gurugram, Haryana 122009, India",5,34,OPERATIONAL,https://maps.google.com/?cid=6052503435474844548&g_mp=Cilnb29nbGUubWFwcy5wbGFjZXMudjEuUGxhY2VzLlNlYXJjaE5lYXJieRACGAQgAA,ChIJ2TzvG64ZDTkRhDtPmc7P_lM
ColourStory,painter,painter|point_of_interest|service|establishment,096676 98253,,"A101, Block A, DLF Phase IV, RidgeWoodEstate, Gurugram, Haryana 122009, India",4.6,55,OPERATIONAL,https://maps.google.com/?cid=7272390341710796316&g_mp=Cilnb29nbGUubWFwcy5wbGFjZXMudjEuUGxhY2VzLlNlYXJjaE5lYXJieRACGAQgAA,ChIJ9YMQvbUZDTkRHFanKXy47GQ
Harmony Suites Service Apartment DLF Phase 4 Gurgaon,lodging,extended_stay_hotel|hotel|real_estate_agency|apartment_building|lodging|point_of_interest|service|establishment,070426 03652,http://www.harmonysuites.in/,"4502, HIBISCUS Ln, DLF Phase IV, Gurugram, Haryana 122009, India",4.9,20,OPERATIONAL,https://maps.google.com/?cid=3831988783079955072&g_mp=Cilnb29nbGUubWFwcy5wbGFjZXMudjEuUGxhY2VzLlNlYXJjaE5lYXJieRACGAQgAA,ChIJQ-W6e0YZDTkRgBrD1n71LTU
"4 bedroom Duplex Villa Opp to Galleria Market DLF Phase 4 | Harmony Suites, GGN",lodging,lodging|point_of_interest|establishment,,,"DLF Phase IV, Gurugram, Haryana 122009, India",,,OPERATIONAL,https://maps.google.com/?cid=16797107398633474628&g_mp=Cilnb29nbGUubWFwcy5wbGFjZXMudjEuUGxhY2VzLlNlYXJjaE5lYXJieRACGAQgAA,ChIJH1XKQ9wYDTkRREqiJS9QG-k
Gullel Kids,book_store,book_store|store|point_of_interest|establishment,089203 42400,http://www.gulelkids.com/,"DLF Phase IV, Sector 27, Gurugram, Haryana 122009, India",5,2,OPERATIONAL,https://maps.google.com/?cid=15531962019430755400&g_mp=Cilnb29nbGUubWFwcy5wbGFjZXMudjEuUGxhY2VzLlNlYXJjaE5lYXJieRACGAQgAA,ChIJn8_vXCgZDTkRSGwHMSqdjNc
Playful Neuro Development Centre,consultant,consultant|medical_clinic|health|point_of_interest|service|establishment,099119 00900,https://playfulneurodevelopmentcentre.com/,"GH-4211, Amaltas Dr, DLF Phase IV, Gurugram, Haryana 122009, India",5,10,OPERATIONAL,https://maps.google.com/?cid=4719885009966340307&g_mp=Cilnb29nbGUubWFwcy5wbGFjZXMudjEuUGxhY2VzLlNlYXJjaE5lYXJieRACGAQgAA,ChIJv50MSAAZDTkR0xi812hmgEE
RD Digital India,service,point_of_interest|service|establishment,091193 53965,,"114, REGENCY PARK-2, 2, रीजेंसी पार्क मार्ग, DLF फेस IV, गुरुग्राम, हरियाणा 122009, India",,,OPERATIONAL,https://maps.google.com/?cid=6535791823427134425&g_mp=Cilnb29nbGUubWFwcy5wbGFjZXMudjEuUGxhY2VzLlNlYXJjaE5lYXJieRACGAQgAA,ChIJpyYI5lUZDTkR2eNGCQnMs1o
Inner Wisdom Light | Best Tarot Reader In Gurgaon | Best Reiki Healer In Gurgaon,service,spa|health|point_of_interest|service|establishment,093102 16101,https://innerwisdomlight.com/,"X196, 19th floor, REGENCY PARK-2, near Shriram school, near Galleria market, DLF Phase IV, Gurugram, Haryana 122009, India",5,44,OPERATIONAL,https://maps.google.com/?cid=6432510120195625034&g_mp=Cilnb29nbGUubWFwcy5wbGFjZXMudjEuUGxhY2VzLlNlYXJjaE5lYXJieRACGAQgAA,ChIJmRk2cXIlDTkRSpBdmN_dRFk
Brush Strokes,educational_institution,educational_institution|point_of_interest|service|establishment,098211 30424,https://www.instagram.com/brushstrokesartclasses/,"W 147, REGENCY PARK-2, DLF Phase IV, Sector 27, Gurugram, Haryana 122009, India",4.9,8,OPERATIONAL,https://maps.google.com/?cid=14945922763696560315&g_mp=Cilnb29nbGUubWFwcy5wbGFjZXMudjEuUGxhY2VzLlNlYXJjaE5lYXJieRACGAQgAA,ChIJX6wsDxgZDTkRu9iOEpGVas8
MD. Car Battery & Jump Start,auto_parts_store,auto_parts_store|car_repair|store|point_of_interest|service|establishment,098713 52170,,"Dlf Ph 4, Sector 27, Hamilton Ct Rd, near REGENCY PARK-2, DLF Phase IV, Gurugram, Haryana 122002, India",4.9,14,OPERATIONAL,https://maps.google.com/?cid=2800558040417058797&g_mp=Cilnb29nbGUubWFwcy5wbGFjZXMudjEuUGxhY2VzLlNlYXJjaE5lYXJieRACGAQgAA,ChIJPcHur1EZDTkR7T_sI7OU3SY
Divya Bhargava,consultant,consultant|health|point_of_interest|service|establishment,097113 14443,https://www.mydietplan.in/,"W-21, REGENCY PARK-2, DLF Phase IV, Gurugram, Haryana 122009, India",5,7,OPERATIONAL,https://maps.google.com/?cid=16512247623210044131&g_mp=Cilnb29nbGUubWFwcy5wbGFjZXMudjEuUGxhY2VzLlNlYXJjaE5lYXJieRACGAQgAA,ChIJ0dpS-EoZDTkR4wq5SLpJJ-U
Dr. Mukesh Mall - Acupressure & Personal Yoga Trainer at Home in Gurugram,,massage|medical_clinic|health|point_of_interest|service|establishment,099905 68775,https://www.devnaturecare.com/,"Y 128, 2, Regency Park Road, DLF Phase IV, Gurugram, Haryana 122009, India",5,36,OPERATIONAL,https://maps.google.com/?cid=7359564606154374955&g_mp=Cilnb29nbGUubWFwcy5wbGFjZXMudjEuUGxhY2VzLlNlYXJjaE5lYXJieRACGAQgAA,ChIJpcIZSzsZDTkRK39eQwRtImY
Shree krishna taxi service,taxi_service,taxi_service|transportation_service|point_of_interest|service|establishment,097171 73982,,"REGENCY PARK-2, EWS-027, near Galleria Market, near Supermart-1, DLF Phase IV, Gurugram, Haryana 122002, India",5,171,OPERATIONAL,https://maps.google.com/?cid=3902456291282701136&g_mp=Cilnb29nbGUubWFwcy5wbGFjZXMudjEuUGxhY2VzLlNlYXJjaE5lYXJieRACGAQgAA,ChIJSRGsBbgZDTkRUMtkIVJPKDY
Komal K & Co,corporate_office,corporate_office|point_of_interest|establishment,0124 402 7343,,"W 98, REGENCY PARK-2, DLF Phase IV, Gurugram, Haryana 122009, India",3,1,OPERATIONAL,https://maps.google.com/?cid=1008800790765271349&g_mp=Cilnb29nbGUubWFwcy5wbGFjZXMudjEuUGxhY2VzLlNlYXJjaE5lYXJieRACGAQgAA,ChIJAQAAldsYDTkRNXmybvn6_w0
Wilson's Scissor Art Salon,hair_salon,hair_salon|hair_care|point_of_interest|service|establishment,0124 424 0909,,"REGENCY PARK-2, above Hdfc Bank, DLF Phase IV, Gurugram, Haryana 122002, India",4.5,10,OPERATIONAL,https://maps.google.com/?cid=11401123953475909187&g_mp=Cilnb29nbGUubWFwcy5wbGFjZXMudjEuUGxhY2VzLlNlYXJjaE5lYXJieRACGAQgAA,ChIJ877DTnsZDTkRQ_Ygd9TtOJ4
Triaksha Techno Consults,corporate_office,corporate_office|point_of_interest|establishment,098112 11556,http://www.triaksha.in/,"X 171, 2, Regency Park Road, DLF Phase IV, Gurugram, Haryana 122009, India",,,OPERATIONAL,https://maps.google.com/?cid=11103332156283703612&g_mp=Cilnb29nbGUubWFwcy5wbGFjZXMudjEuUGxhY2VzLlNlYXJjaE5lYXJieRACGAQgAA,ChIJT5CSqhwZDTkRPFF2psT1Fpo
Easydose Pharmacy,pharmacy,pharmacy|store|health|point_of_interest|establishment,092665 32929,,"2, Regency Park Road, DLF Phase IV, Sector 27, Gurugram, Haryana 122009, India",5,7,OPERATIONAL,https://maps.google.com/?cid=15067968443030048831&g_mp=Cilnb29nbGUubWFwcy5wbGFjZXMudjEuUGxhY2VzLlNlYXJjaE5lYXJieRACGAQgAA,ChIJRwZGCQAZDTkRPxCaJXctHNE
"X 26, Regency Park 2, DLF City Phase 4",apartment_building,apartment_building|point_of_interest|service|establishment,,,"F38P+8HQ, DLF Phase IV, Gurugram, Haryana 122009, India",,,OPERATIONAL,https://maps.google.com/?cid=17658123779875924245&g_mp=Cilnb29nbGUubWFwcy5wbGFjZXMudjEuUGxhY2VzLlNlYXJjaE5lYXJieRACGAQgAA,ChIJ41hwLgAZDTkRFelhYwVCDvU
"Cluster 27 Classroom, Mission Learning Foundation",school,school|educational_institution|point_of_interest|establishment,098185 41729,http://www.missionlearning.org/,"F38Q+5P4, Sector 27, Gurugram, Haryana 122009, India",5,1,OPERATIONAL,https://maps.google.com/?cid=9407508371143517370&g_mp=Cilnb29nbGUubWFwcy5wbGFjZXMudjEuUGxhY2VzLlNlYXJjaE5lYXJieRACGAQgAA,ChIJ9QD6XNoYDTkRuuSFOwUvjoI
Harsh kaushik & Associates,consultant,consultant|service|point_of_interest|establishment,095608 80827,,"363, Sector 27, Gurugram, Haryana 122009, India",5,1,CLOSED_TEMPORARILY,https://maps.google.com/?cid=16246226246272740380&g_mp=Cilnb29nbGUubWFwcy5wbGFjZXMudjEuUGxhY2VzLlNlYXJjaE5lYXJieRACGAQgAA,ChIJTcMCwJIZDTkRHOy23bEwduE
Aakaar Holistic Home Care,health,health|service|point_of_interest|establishment,079887 47886,http://aakaarholistichomecare.com/,"SCO. 400, Sector 27, Gurugram, Haryana 122009, India",,,OPERATIONAL,https://maps.google.com/?cid=15137724890016356269&g_mp=Cilnb29nbGUubWFwcy5wbGFjZXMudjEuUGxhY2VzLlNlYXJjaE5lYXJieRACGAQgAA,ChIJ7wo2ZtoYDTkRrZcDmZUAFNI
Single Surface,service,service|point_of_interest|establishment,087450 07008,https://singlesurface.com/,"Unit No.405, Sector 27, Gurugram, Haryana 122009, India",5,60,CLOSED_TEMPORARILY,https://maps.google.com/?cid=6760157108038406467&g_mp=Cilnb29nbGUubWFwcy5wbGFjZXMudjEuUGxhY2VzLlNlYXJjaE5lYXJieRACGAQgAA,ChIJK5pVHMcYDTkRQxF2qhLn0F0
Sandbox Ads,service,point_of_interest|service|establishment,097170 73760,https://sandboxads-apps.com/,"Wework – HQ-27 Sushant Lok Phase I, Sector 27 Gurugram Haryana - 122003, Sector 27, Gurugram, Haryana 122009, India",,,OPERATIONAL,https://maps.google.com/?cid=4961569293528461742&g_mp=Cilnb29nbGUubWFwcy5wbGFjZXMudjEuUGxhY2VzLlNlYXJjaE5lYXJieRACGAQgAA,ChIJvye0A7IZDTkRrvE_JfwI20Q
Say PC Enterprises,electronics_store,electronics_store|manufacturer|wholesaler|store|point_of_interest|service|establishment,097111 11454,,"121, near Community Centre DLF City Phase I., Sector 27, Gurugram, Haryana 122009, India",4.9,96,OPERATIONAL,https://maps.google.com/?cid=17838901641605328395&g_mp=Cilnb29nbGUubWFwcy5wbGFjZXMudjEuUGxhY2VzLlNlYXJjaE5lYXJieRACGAQgAA,ChIJ7T7BZkMZDTkRC64ES4eCkPc
Restin Hotel - Golf Course Road & DLF Phase I,hotel,hotel|lodging|point_of_interest|establishment,099535 05741,,"Plot No 124, Sector 27, Gurugram, Haryana 122009, India",5,164,OPERATIONAL,https://maps.google.com/?cid=2906854345149860876&g_mp=Cilnb29nbGUubWFwcy5wbGFjZXMudjEuUGxhY2VzLlNlYXJjaE5lYXJieRACGAQgAA,ChIJC1HO6pUZDTkRDEx1MKA4Vyg
"Dr Raavi Asparagus Physiotherapy Clinic | M.P.T( Orthopaedic),M.T.F.I | Physiotherapy Clinic in DLF Phase 1| Gurgaon |",medical_clinic,medical_clinic|health|point_of_interest|establishment,098102 69973,http://drraavigaur.com/,"121, Sector 27, Gurugram, Haryana 122009, India",4.9,28,OPERATIONAL,https://maps.google.com/?cid=13559249373638660637&g_mp=Cilnb29nbGUubWFwcy5wbGFjZXMudjEuUGxhY2VzLlNlYXJjaE5lYXJieRACGAQgAA,ChIJOwmZkdAYDTkRHZKrIHchLLw
Soil and soul organic,farm,farm|point_of_interest|service|establishment,093197 37979,,"Sector 27, Gurugram, Haryana 122002, India",,,OPERATIONAL,https://maps.google.com/?cid=5346523671151929057&g_mp=Cilnb29nbGUubWFwcy5wbGFjZXMudjEuUGxhY2VzLlNlYXJjaE5lYXJieRACGAQgAA,ChIJzYgpwBcZDTkR4WY6qvOqMko
"B530, Sushant Lok Phase 1",apartment_building,apartment_building|point_of_interest|service|establishment,,,"B530, Sushant Lok Phase I, Sector 27, Gurugram, Haryana 122009, India",,,OPERATIONAL,https://maps.google.com/?cid=11906982962717831402&g_mp=Cilnb29nbGUubWFwcy5wbGFjZXMudjEuUGxhY2VzLlNlYXJjaE5lYXJieRACGAQgAA,ChIJfc6gOgAZDTkR6rBsL-sZPqU
SG BATTERY HOUSE,auto_parts_store,auto_parts_store|car_repair|store|point_of_interest|service|establishment,098119 98272,https://sg-battery-house.grexa.site/,"Shop no .6, F9/13A, Golf Course Rd, Block F, DLF Phase 1, Sector 26A, Gurugram, Haryana 122002, India",5,9,OPERATIONAL,https://maps.google.com/?cid=4756211554785845561&g_mp=Cilnb29nbGUubWFwcy5wbGFjZXMudjEuUGxhY2VzLlNlYXJjaE5lYXJieRACGAQgAA,ChIJm0kp-2AZDTkROWGepzV1AUI
Headlocks Luxury Salon,beauty_salon,beauty_salon|barber_shop|nail_salon|hair_salon|hair_care|health|point_of_interest|service|establishment,088268 36444,https://headlocksluxurysalon.com/,"F9/13A, Golf Course Rd, Block F, DLF Phase 1, Sector 26A, Gurugram, Haryana 122002, India",4.6,324,OPERATIONAL,https://maps.google.com/?cid=10781337835545371262&g_mp=Cilnb29nbGUubWFwcy5wbGFjZXMudjEuUGxhY2VzLlNlYXJjaE5lYXJieRACGAQgAA,ChIJzfBIP-YZDTkRfiIps6MBn5U
9 Muses Wellness Clinic - Aesthetic Clinic in Gurgaon by Dr Geeta Grewal,skin_care_clinic,skin_care_clinic|wellness_center|hair_care|dentist|beauty_salon|doctor|body_art_service|medical_clinic|health|point_of_interest|service|establishment,095996 68341,https://9mclinic.com/,"F9/13, Golf Course Rd, above Headlocks Luxury Salon, Block F, DLF Phase 1, Sector 26A, Gurugram, Haryana 122002, India",4.7,105,OPERATIONAL,https://maps.google.com/?cid=16470519286377589582&g_mp=Cilnb29nbGUubWFwcy5wbGFjZXMudjEuUGxhY2VzLlNlYXJjaE5lYXJieRACGAQgAA,ChIJu-T1b_oZDTkRTqvBwgYKk-Q
Presto Estates,real_estate_agency,real_estate_agency|point_of_interest|service|establishment,074240 01000,,"F 9/13 a, Dlf Phase 1 Gurugram Delhi, Block F, DLF Phase 1, Sector 26A, Gurugram, Haryana 122002, India",5,2,OPERATIONAL,https://maps.google.com/?cid=1705856008721096041&g_mp=Cilnb29nbGUubWFwcy5wbGFjZXMudjEuUGxhY2VzLlNlYXJjaE5lYXJieRACGAQgAA,ChIJp2SbpdEYDTkRaV3JfQBrrBc
Chindia Cultural Hotel,inn,inn|lodging|point_of_interest|establishment,087502 68352,,"F-9/14 A, Golf Course Rd, Above Headlocks Luxury Salon, Block F, DLF Phase 1, Sector 26A, Gurugram, Haryana 122002, India",2,2,OPERATIONAL,https://maps.google.com/?cid=18027370835913746078&g_mp=Cilnb29nbGUubWFwcy5wbGFjZXMudjEuUGxhY2VzLlNlYXJjaE5lYXJieRACGAQgAA,ChIJLXIDC9EYDTkRnibgHEMWLvo
"EssKayEss Villas, Delhi",hotel,hotel|lodging|point_of_interest|establishment,,,"F-9/14 A, Golf Course Rd, Block F, DLF Phase 1, Sector 26A, Gurugram, Haryana 122002, India",,,OPERATIONAL,https://maps.google.com/?cid=4521244756297298179&g_mp=Cilnb29nbGUubWFwcy5wbGFjZXMudjEuUGxhY2VzLlNlYXJjaE5lYXJieRACGAQgAA,ChIJLXIDC9EYDTkRA7GyuSawvj4
LG Best Shop - Mahadev Electronics,,cell_phone_store|home_goods_store|store|point_of_interest|service|establishment,093126 53662,https://www.lg.com/in?utm_source=google&utm_medium=gmb,"Mahadev Electronics, F9/13A, DLF Phase 1, Golf Course Rd, Block F, DLF Phase 1, Sector 26A, Gurugram, Haryana 122002, India",4.7,743,OPERATIONAL,https://maps.google.com/?cid=11818470983888899809&g_mp=Cilnb29nbGUubWFwcy5wbGFjZXMudjEuUGxhY2VzLlNlYXJjaE5lYXJieRACGAQgAA,ChIJBxiRmNEYDTkR4Y71Lr6kA6Q
Supp Nutrition Pvt. Ltd.,corporate_office,corporate_office|point_of_interest|establishment,092686 34567,,"F9/13A, 2nd Floor, Block F, DLF Phase 1, Sector 26A, Gurugram, Haryana 122002, India",4.8,37,CLOSED_TEMPORARILY,https://maps.google.com/?cid=3429359370192168556&g_mp=Cilnb29nbGUubWFwcy5wbGFjZXMudjEuUGxhY2VzLlNlYXJjaE5lYXJieRACGAQgAA,ChIJ-5aj18kZDTkRbCZ2ey2Ily8
Studio 17,hair_salon,nail_salon|makeup_artist|hair_salon|hair_care|beauty_salon|point_of_interest|service|establishment,085868 58555,https://www.studio17salon.in/,"F, 9/13, Golf Course Rd, Block F, DLF Phase 1, Sector 26A, Gurugram, Haryana 122002, India",4.8,103,OPERATIONAL,https://maps.google.com/?cid=9717003661330173670&g_mp=Cilnb29nbGUubWFwcy5wbGFjZXMudjEuUGxhY2VzLlNlYXJjaE5lYXJieRACGAQgAA,ChIJ0z2Ct6oZDTkR5k7B2li72YY
Fun Station golf course road,cafe,cafe|food|point_of_interest|establishment,098718 64446,,"Golf Course Road, Block F4, 1, Block F, DLF Phase 1, Sector 26A, Gurugram, Haryana 122002, India",3.9,194,CLOSED_TEMPORARILY,https://maps.google.com/?cid=7087056372276358930&g_mp=Cilnb29nbGUubWFwcy5wbGFjZXMudjEuUGxhY2VzLlNlYXJjaE5lYXJieRACGAQgAA,ChIJF2Yd4cMZDTkREm-zxDhIWmI
Priyanshi Jain,service,point_of_interest|service|establishment,092119 75957,https://www.priyanshijain.com/,"Ground Floor, Plot No. 1, F-4, Block F, DLF Phase 1, Sector 26A, Gurugram, Haryana 122002, India",5,42,OPERATIONAL,https://maps.google.com/?cid=8553347714588723960&g_mp=Cilnb29nbGUubWFwcy5wbGFjZXMudjEuUGxhY2VzLlNlYXJjaE5lYXJieRACGAQgAA,ChIJYUrbAugZDTkR-Mp1yG2Ys3Y
Cafe Amour,cafe,cafe|food|point_of_interest|establishment,099900 60656,http://cafeamour.in/,"Golf Course Rd, Block F, DLF Phase 1, Sector 26A, Gurugram, Haryana 122002, India",4,9,OPERATIONAL,https://maps.google.com/?cid=15858501452827418779&g_mp=Cilnb29nbGUubWFwcy5wbGFjZXMudjEuUGxhY2VzLlNlYXJjaE5lYXJieRACGAQgAA,ChIJz5RnJWsZDTkRm2DLpQy3FNw
Kapda Story,home_goods_store,home_goods_store|manufacturer|educational_institution|wholesaler|store|point_of_interest|service|establishment,098181 34449,,"F-4/1, Golf Course Rd, Block F, DLF Phase 1, Sector 26A, Gurugram, Haryana 122002, India",4.5,50,OPERATIONAL,https://maps.google.com/?cid=11278545417012399001&g_mp=Cilnb29nbGUubWFwcy5wbGFjZXMudjEuUGxhY2VzLlNlYXJjaE5lYXJieRACGAQgAA,ChIJn3Zd21EZDTkRmUsi7ExxhZw
Mentor Language Institute,educational_institution,educational_institution|point_of_interest|establishment,099105 48708,http://mentorworld.in/,"Golf Course Rd, Block F, DLF Phase 1, Sector 26A, Gurugram, Haryana 122002, India",5,15,OPERATIONAL,https://maps.google.com/?cid=44513300090485447&g_mp=Cilnb29nbGUubWFwcy5wbGFjZXMudjEuUGxhY2VzLlNlYXJjaE5lYXJieRACGAQgAA,ChIJ035CqJwZDTkRx3qsT5wkngA
Wadhwa residency,hotel,hotel|lodging|point_of_interest|establishment,099101 79479,,"E 2/12, Bodhi Marg, Block F, DLF Phase 1, Sector 26A, Gurugram, Haryana 122002, India",,,OPERATIONAL,https://maps.google.com/?cid=4729293865369697123&g_mp=Cilnb29nbGUubWFwcy5wbGFjZXMudjEuUGxhY2VzLlNlYXJjaE5lYXJieRACGAQgAA,ChIJTYN-k1YZDTkRY3vLs7bToUE
CGS Immigration,travel_agency,travel_agency|lawyer|consultant|service|point_of_interest|establishment,098107 66083,http://www.cgsimmigrations.com/,"Mega Mall, Block E, DLF Phase 1, Sector 26A, Gurugram, Haryana 122002, India",2.5,11,OPERATIONAL,https://maps.google.com/?cid=8066908925635582151&g_mp=Cilnb29nbGUubWFwcy5wbGFjZXMudjEuUGxhY2VzLlNlYXJjaE5lYXJieRACGAQgAA,ChIJx74-WigZDTkRx9jvc-1q828
Outfit Fashion,store,store|point_of_interest|establishment,096505 01444,,"The Shopping Mall, C-119, Arjun Marg, Block E, DLF Phase 1, Sector 26A, Gurugram, Haryana 122002, India",4.5,10,OPERATIONAL,https://maps.google.com/?cid=12772800107693620178&g_mp=Cilnb29nbGUubWFwcy5wbGFjZXMudjEuUGxhY2VzLlNlYXJjaE5lYXJieRACGAQgAA,ChIJP6bBxzkZDTkR0jsmVgYaQrE
Zayn,clothing_store,wholesaler|clothing_store|store|manufacturer|service|point_of_interest|establishment,099104 94695,http://www.zayncouture.in/,"7, Market Rd, opposite E1 Block, Block E, DLF Phase 1, Sector 26A, Gurugram, Haryana 122002, India",4.3,9,OPERATIONAL,https://maps.google.com/?cid=11974913631016451698&g_mp=Cilnb29nbGUubWFwcy5wbGFjZXMudjEuUGxhY2VzLlNlYXJjaE5lYXJieRACGAQgAA,ChIJJfeQ3dIYDTkRcv63aIBwL6Y
FINMART REALTY - Property Dealers Dlf Phase 1,consultant,real_estate_agency|consultant|service|point_of_interest|establishment,076760 00014,http://finmartrealty.com/,"Plot No 9, FINMART REALTY, Bodhi Marg, Block E, DLF Phase 1, Sector 26, Gurugram, Haryana 122002, India",4.9,57,OPERATIONAL,https://maps.google.com/?cid=11116433171773683493&g_mp=Cilnb29nbGUubWFwcy5wbGFjZXMudjEuUGxhY2VzLlNlYXJjaE5lYXJieRACGAQgAA,ChIJXyp7x9YZDTkRJXfwhBKBRZo
Dental Excellence,dental_clinic,dental_clinic|medical_clinic|dentist|health|service|point_of_interest|establishment,075278 58585,https://dentalexcellenceggn.com/,"E block, shopping mall, 2, Market Rd, behind Arjun Marg, Block E, DLF Phase 1, Sector 26A, Gurugram, Haryana 122002, India",5,106,OPERATIONAL,https://maps.google.com/?cid=12543624586801561562&g_mp=Cilnb29nbGUubWFwcy5wbGFjZXMudjEuUGxhY2VzLlNlYXJjaE5lYXJieRACGAQgAA,ChIJP1Ti1x8ZDTkR2r8pTBroE64
Fairbuild - Design N' Build Studio,service,service|point_of_interest|establishment,093100 14398,http://www.fairbuild.co.in/,"7, Bodhi Marg, Block E, DLF Phase 1, Sector 26A, Gurugram, Haryana 122002, India",5,4,OPERATIONAL,https://maps.google.com/?cid=10724974019992761454&g_mp=Cilnb29nbGUubWFwcy5wbGFjZXMudjEuUGxhY2VzLlNlYXJjaE5lYXJieRACGAQgAA,ChIJU-aNVqMZDTkRbjT2PgzD1pQ
Andreu World Showroom,furniture_store,furniture_store|home_improvement_store|home_goods_store|store|service|point_of_interest|establishment,088608 44286,https://www.andreuworld.com/,"F-2/20, Near DLF, Block F, DLF Phase 1, Sector 26A, Gurugram, Haryana 122002, India",5,10,OPERATIONAL,https://maps.google.com/?cid=9700018532887313718&g_mp=Cilnb29nbGUubWFwcy5wbGFjZXMudjEuUGxhY2VzLlNlYXJjaE5lYXJieRACGAQgAA,ChIJj6hHvloZDTkRNj10d3ZjnYY
Global Landbase,consultant,real_estate_agency|consultant|service|point_of_interest|establishment,098912 22282,https://globallandbase.com/,"8, Bodhi Marg, Block F, DLF Phase 1, Sector 26A, Gurugram, Haryana 122002, India",4,3,OPERATIONAL,https://maps.google.com/?cid=7700226992787458491&g_mp=Cilnb29nbGUubWFwcy5wbGFjZXMudjEuUGxhY2VzLlNlYXJjaE5lYXJieRACGAQgAA,ChIJz8mSv1EZDTkRu4n4Aqez3Go
The Immersion Room,art_studio,art_studio|yoga_studio|fitness_center|performing_arts_theater|live_music_venue|event_venue|sports_school|sports_complex|gym|sports_activity_location|health|service|point_of_interest|establishment,092114 31002,https://www.theimmersionroomproject.com/,"E5, Market Rd, Block E, DLF Phase 1, Sector 26A, Gurugram, Haryana 122002, India",4.9,110,OPERATIONAL,https://maps.google.com/?cid=199559030915956875&g_mp=Cilnb29nbGUubWFwcy5wbGFjZXMudjEuUGxhY2VzLlNlYXJjaE5lYXJieRACGAQgAA,ChIJhfVmL2IZDTkRi4B3neH5xAI
"E-8/10, DLF Phase 1, Gurgaon",association_or_organization,association_or_organization|point_of_interest|service|establishment,,,"E-9-8, Block E, DLF Phase 1, Sector 26A, Gurugram, Haryana 122002, India",,,OPERATIONAL,https://maps.google.com/?cid=16617994338923346806&g_mp=Cilnb29nbGUubWFwcy5wbGFjZXMudjEuUGxhY2VzLlNlYXJjaE5lYXJieRACGAQgAA,ChIJVW9OMgAZDTkRdnv6Ks75nuY
Bidada Foods Pvt Ltd,corporate_office,corporate_office|point_of_interest|establishment,0124 404 8477,,"77, Arjun Marg, Block E, DLF Phase 1, Sector 26A, Gurugram, Haryana 122002, India",5,10,CLOSED_TEMPORARILY,https://maps.google.com/?cid=2411269568749802699&g_mp=Cilnb29nbGUubWFwcy5wbGFjZXMudjEuUGxhY2VzLlNlYXJjaE5lYXJieRACGAQgAA,ChIJeepaH9MYDTkRy5QKt-WMdiE
HIWA,consultant,consultant|health|point_of_interest|service|establishment,095809 08899,,"E 3- 8, DLF Phase 1, Block E, DLF Phase 1, Sector 26A, Gurugram, Haryana 122002, India",3,1,CLOSED_TEMPORARILY,https://maps.google.com/?cid=779731122521209012&g_mp=Cilnb29nbGUubWFwcy5wbGFjZXMudjEuUGxhY2VzLlNlYXJjaE5lYXJieRACGAQgAA,ChIJNzNOPicEDTkRtHgxIlMp0go
"EduVouchers - Official PTE, GRE, TOEFL, IELTS, DUOLINGO Exam Vouchers in India",consultant,consultant|point_of_interest|service|establishment,092668 08333,https://eduvouchers.com/,"5th Floor, DLF Two Horizon Centre, Block E, DLF Phase 1, 5, Gurugram, Haryana 122002, India",4.8,4,OPERATIONAL,https://maps.google.com/?cid=11248619161448353822&g_mp=Cilnb29nbGUubWFwcy5wbGFjZXMudjEuUGxhY2VzLlNlYXJjaE5lYXJieRACGAQgAA,ChIJhYQzI1mVBU0RHhDIk4cfG5w
JobQlick,employment_agency,employment_agency|local_government_office|government_office|point_of_interest|service|establishment,092178 15288,https://jobqlick.com/,"5th Floor, DLF Two Horizone Center, Block E, DLF Phase 1, 5, Gurugram, Haryana 122002, India",4.3,7,OPERATIONAL,https://maps.google.com/?cid=16085678030339045552&g_mp=Cilnb29nbGUubWFwcy5wbGFjZXMudjEuUGxhY2VzLlNlYXJjaE5lYXJieRACGAQgAA,ChIJu1a3X5AKtmYRsPipafHOO98
ICICI BANK ATM,atm,atm|finance|point_of_interest|establishment,1800 1080,https://www.icicibank.com/,"K12 Kb12, ICICI Bank ATM, K6/7, Qutab Plz Rd, Block E, DLF Phase 1, Gur gaon, Gurugram, Haryana 122002, India",5,1,OPERATIONAL,https://maps.google.com/?cid=5613592447506409093&g_mp=Cilnb29nbGUubWFwcy5wbGFjZXMudjEuUGxhY2VzLlNlYXJjaE5lYXJieRACGAQgAA,ChIJVUy4rvUZDTkRhWZvw5Z8500
"6/6 Eye Centre | Dr. Ashwani Aggarwal (MS - Ophthalmology, MBBS - Ophthalmologist/ Eye Surgeon) | Delhi Gurgaon",medical_clinic,doctor|store|medical_clinic|health|point_of_interest|service|establishment,096502 86258,,"74, Arjun Marg, Block E, DLF Phase 1, Sector 26A, Gurugram, Haryana 122002, India",4.5,99,OPERATIONAL,https://maps.google.com/?cid=16576746984165132265&g_mp=Cilnb29nbGUubWFwcy5wbGFjZXMudjEuUGxhY2VzLlNlYXJjaE5lYXJieRACGAQgAA,ChIJVUz_INMYDTkR6cewAo5vDOY
WB Homes,general_contractor,general_contractor|point_of_interest|service|establishment,092205 08805,https://www.wbhomes.in/,"83, near Arjun Marg, Basement, Block E, DLF Phase 1, market, Gurugram, Haryana 122002, India",5,2,OPERATIONAL,https://maps.google.com/?cid=14819098268862276974&g_mp=Cilnb29nbGUubWFwcy5wbGFjZXMudjEuUGxhY2VzLlNlYXJjaE5lYXJieRACGAQgAA,ChIJ24K6jGoZDTkRbmUkT1wDqM0
EMG Entertainment,,point_of_interest|establishment,098919 00000,https://www.emg.co.in/,"37, Arjun Marg, Block E, DLF Phase 1, Sector 26A, Gurugram, Haryana 122002, India",5,18,OPERATIONAL,https://maps.google.com/?cid=9024640619271769962&g_mp=Cilnb29nbGUubWFwcy5wbGFjZXMudjEuUGxhY2VzLlNlYXJjaE5lYXJieRACGAQgAA,ChIJ54JlKTMfDTkRak9BIdT2PX0
FORMIS,manufacturer,manufacturer|health|point_of_interest|establishment,093119 60160,https://www.heyformis.com/,"02, 2nd Floor, FORMIS BASECAMP, Block H, 37, Arjun Marg, Block E, DLF Phase 1, Sector 26A, Gurugram, Haryana 122002, India",5,4,OPERATIONAL,https://maps.google.com/?cid=9672624917424503461&g_mp=Cilnb29nbGUubWFwcy5wbGFjZXMudjEuUGxhY2VzLlNlYXJjaE5lYXJieRACGAQgAA,ChIJ2XxXuIYfDTkRpfqtWB0RPIY
Eventador Productions,service,point_of_interest|service|establishment,085278 25268,http://www.eventador.productions/,"Second Floor, 37, Arjun Marg, Block E, DLF Phase 1, Sector 26A, Gurugram, Haryana 122001, India",4.9,36,OPERATIONAL,https://maps.google.com/?cid=2604768524971540871&g_mp=Cilnb29nbGUubWFwcy5wbGFjZXMudjEuUGxhY2VzLlNlYXJjaE5lYXJieRACGAQgAA,ChIJAY3F3YMdDTkRhwEMPSz_JSQ
GreatCircle Infotech LLP,corporate_office,corporate_office|point_of_interest|establishment,0124 410 8955,,"33, Arjun Marg, Block E, DLF Phase 1, Sector 26A, Gurugram, Haryana 122002, India",4.7,3,OPERATIONAL,https://maps.google.com/?cid=6347498724551080944&g_mp=Cilnb29nbGUubWFwcy5wbGFjZXMudjEuUGxhY2VzLlNlYXJjaE5lYXJieRACGAQgAA,ChIJj1E2utMYDTkR8LscoXXYFlg
Kai Studio,jewelry_store,jewelry_store|store|point_of_interest|establishment,079826 63475,https://www.kaistudio.co.in/,"E - Block, Block E, DLF Phase 1, Sector 52A, Gurugram, Haryana 122002, India",5,2,OPERATIONAL,https://maps.google.com/?cid=14314640867684459930&g_mp=Cilnb29nbGUubWFwcy5wbGFjZXMudjEuUGxhY2VzLlNlYXJjaE5lYXJieRACGAQgAA,ChIJo-YnV84ZDTkRmiWf5QbSp8Y
Graphicosmos Digital marketing agency in Gurgaon,service,marketing_consultant|consultant|point_of_interest|service|establishment,093117 55300,https://graphicosmos.in/,"34, Arjun Marg, Block E, DLF Phase 1, Sector 26A, Gurugram, Haryana 122001, India",5,4,OPERATIONAL,https://maps.google.com/?cid=7106572162187818553&g_mp=Cilnb29nbGUubWFwcy5wbGFjZXMudjEuUGxhY2VzLlNlYXJjaE5lYXJieRACGAQgAA,ChIJAeG7i9cfDTkROXbisbqdn2I
Ace Consulting,service,point_of_interest|service|establishment,091150 90909,https://aceconsulting.co.in/,"3rd Floor, 49, Arjun Marg, Block E, DLF Phase 1, Sector 26A, Gurugram, Haryana 122002, India",5,71,OPERATIONAL,https://maps.google.com/?cid=4451655570824254663&g_mp=Cilnb29nbGUubWFwcy5wbGFjZXMudjEuUGxhY2VzLlNlYXJjaE5lYXJieRACGAQgAA,ChIJmSsg05EjDTkRx1Re4Sd1xz0
Felix Advisory Private Limited,corporate_office,corporate_office|point_of_interest|establishment,0124 425 2720,http://felixadvisory.com/,"45, Arjun Marg, Block E, Block D, Sector 26A, Gurugram, Haryana 122002, India",4.4,68,OPERATIONAL,https://maps.google.com/?cid=13820518493449474675&g_mp=Cilnb29nbGUubWFwcy5wbGFjZXMudjEuUGxhY2VzLlNlYXJjaE5lYXJieRACGAQgAA,ChIJcbUpcCsfDTkRc9LFdVhYzL8
SGT Homz,real_estate_agency,real_estate_agency|point_of_interest|service|establishment,099717 85550,https://sgthomz.com/,"41, Arjun Marg, Block E, DLF Phase 1, Sector 26A, Gurugram, Haryana 122002, India",5,3,OPERATIONAL,https://maps.google.com/?cid=14722631197379553719&g_mp=Cilnb29nbGUubWFwcy5wbGFjZXMudjEuUGxhY2VzLlNlYXJjaE5lYXJieRACGAQgAA,ChIJTZiyQQAfDTkRt2nk9hFLUcw
https://artbynilladri.in/,,art_gallery|point_of_interest|establishment,097111 13049,https://artbynilladri.in/,"D, Block G, DLF Phase 1, Sector 26A, Gurugram, Haryana 122002, India",5,2,OPERATIONAL,https://maps.google.com/?cid=17916903207429752665&g_mp=Cilnb29nbGUubWFwcy5wbGFjZXMudjEuUGxhY2VzLlNlYXJjaE5lYXJieRACGAQgAA,ChIJkZ-6UgAfDTkRWUfoEYqgpfg
VPM PACKERS AND MOVERS,moving_company,moving_company|transportation_service|point_of_interest|service|establishment,098999 71136,https://vpmpackersandmovers.com/,"Shop No 32, Valley Souk , Shopping Complex , Valley View Apartment, Faridabad - Gurgaon Rd, DLF Golf Course, Sector 42, Gurugram, Haryana 122002, India",4.8,55,OPERATIONAL,https://maps.google.com/?cid=5230410794169848539&g_mp=Cilnb29nbGUubWFwcy5wbGFjZXMudjEuUGxhY2VzLlNlYXJjaE5lYXJieRACGAQgAA,ChIJq44cXy4fDTkR29Lcx-cmlkg
Gurgaon Service Center,service,point_of_interest|service|establishment,1800 572 5699,,"plot no:- 510, Mehrauli-Gurgaon Rd, Sector 28, Sector 29, Gurugram, Haryana 122009, India",3.3,16,OPERATIONAL,https://maps.google.com/?cid=2996275946625941680&g_mp=Cilnb29nbGUubWFwcy5wbGFjZXMudjEuUGxhY2VzLlNlYXJjaE5lYXJieRACGAQgAA,ChIJQQfKux4ZDTkRsMCvNxnplCk
A One Car Battery and Jump Start Service,auto_parts_store,auto_parts_store|car_repair|store|point_of_interest|service|establishment,082876 29829,https://alamcarbreakdownservice.in/,"opp. Hyundai Motor, near Crown Plaza Hotel, Sector 29, Gurugram, Haryana 122009, India",4.8,16,OPERATIONAL,https://maps.google.com/?cid=3164010497462606321&g_mp=Cilnb29nbGUubWFwcy5wbGFjZXMudjEuUGxhY2VzLlNlYXJjaE5lYXJieRACGAQgAA,ChIJm3gr1949DTkR8ZndpsjS6Cs
Himesh Tea Shop,general_store,general_store|food_store|store|food|point_of_interest|establishment,077018 09369,,"Shop Np 78, Sector 29, Gurugram, Haryana 122009, India",5,1,OPERATIONAL,https://maps.google.com/?cid=13471950917766043734&g_mp=Cilnb29nbGUubWFwcy5wbGFjZXMudjEuUGxhY2VzLlNlYXJjaE5lYXJieRACGAQgAA,ChIJi32glW0ZDTkRVljxdPv79bo
REC Power Distribution Company Limited,corporate_office,corporate_office|point_of_interest|establishment,0120 438 3783,,"REC Power Distribution Company Ltd. (RECPDCL REC Corporate Headquarter C& D-Block, Plot No. I-4 Sector-29 Landmark- Near IFFCO Chowk, Metro Station, Sector 29, Gurugram, Haryana 122009, India",4.4,77,OPERATIONAL,https://maps.google.com/?cid=18054238940786499765&g_mp=Cilnb29nbGUubWFwcy5wbGFjZXMudjEuUGxhY2VzLlNlYXJjaE5lYXJieRACGAQgAA,ChIJtRn6IfXkDDkRtaCaQ6mKjfo
Venture X Sec 29,coworking_space,coworking_space|point_of_interest|establishment,096505 07442,https://venturexindia.com/location/venturex-sector-29/,"389-390, Sector 29, Gurugram, Haryana 122009, India",,,OPERATIONAL,https://maps.google.com/?cid=2327901319954254140&g_mp=Cilnb29nbGUubWFwcy5wbGFjZXMudjEuUGxhY2VzLlNlYXJjaE5lYXJieRACGAQgAA,ChIJ3W4wApjlkqMRPEkJsOpdTiA
Better wash,laundry,laundry|point_of_interest|service|establishment,099116 09160,http://betterwash.in/,"Gali No. 12, near Atul Kataria Chowk, Sukhrali Enclave, Sector 29, Gurugram, Haryana 122009, India",4.6,77,OPERATIONAL,https://maps.google.com/?cid=4377399446942701495&g_mp=Cilnb29nbGUubWFwcy5wbGFjZXMudjEuUGxhY2VzLlNlYXJjaE5lYXJieRACGAQgAA,ChIJ5QncoloZDTkRt9cCw5qlvzw
Manjila Kumari,general_store,general_store|food_store|store|food|point_of_interest|establishment,084485 71909,,"Front Off Iffko Tokyo, Shop No 5, Sector 29, Gurugram, Haryana 122009, India",5,1,OPERATIONAL,https://maps.google.com/?cid=13358733236217117425&g_mp=Cilnb29nbGUubWFwcy5wbGFjZXMudjEuUGxhY2VzLlNlYXJjaE5lYXJieRACGAQgAA,ChIJ81GF288ZDTkR8frsyRnBY7k
DNA Labs India,health,medical_lab|doctor|medical_clinic|health|point_of_interest|service|establishment,011 4084 9842,https://dnalabsindia.com/,"Health Care Solution Point, 1610, near Galleria Market, DLF Phase IV, Sector 29, Gurugram, Haryana 122009, India",5,1,OPERATIONAL,https://maps.google.com/?cid=15237840908635127134&g_mp=Cilnb29nbGUubWFwcy5wbGFjZXMudjEuUGxhY2VzLlNlYXJjaE5lYXJieRACGAQgAA,ChIJwTnmQqYZDTkRXr0cp5Kvd9M
ICICI BANK ATM,atm,atm|finance|point_of_interest|establishment,1800 1080,https://www.icicibank.com/,"ICICI Bank Atm, REC Limited, Metro Station Iffco Chowk, Plot no I-4, near IFFCO chowk, Sector 29, Gurugram, Haryana 122007, India",,,OPERATIONAL,https://maps.google.com/?cid=13130910116744070691&g_mp=Cilnb29nbGUubWFwcy5wbGFjZXMudjEuUGxhY2VzLlNlYXJjaE5lYXJieRACGAQgAA,ChIJu44kmz8ZDTkRIwYdPi5dOrY
Korner 27,bar,bar|point_of_interest|establishment,092057 00432,https://www.facebook.com/bibulouslounge,"No 603, Hamilton Ct Rd, near Bestech Centre Point, Block A, Sushant Lok Phase I, Sector 43, Gurugram, Haryana 122009, India",4.5,135,OPERATIONAL,https://maps.google.com/?cid=9287801543140058878&g_mp=Cilnb29nbGUubWFwcy5wbGFjZXMudjEuUGxhY2VzLlNlYXJjaE5lYXJieRACGAQgAA,ChIJN-CPZHwZDTkR_iYwa0vm5IA
Vita Dairy,food_store,food_store|store|food|point_of_interest|establishment,099581 32126,http://www.vitaindia.com/,"Block A, F39F+7P3, Sector 28, Sushant Lok Phase I, Sector 43, Gurugram, Haryana 122002, India",4.2,57,OPERATIONAL,https://maps.google.com/?cid=15963012984557939569&g_mp=Cilnb29nbGUubWFwcy5wbGFjZXMudjEuUGxhY2VzLlNlYXJjaE5lYXJieRACGAQgAA,ChIJha69b-EYDTkRcSuG2bsDiN0
Amron Associates Pvt Ltd,supplier,supplier|point_of_interest|service|establishment,0124 400 5434,http://amron.co.in/,"TF 2A/2B, 3rd Floor, Block A, Sushant Lok Phase I, Sector 43, Gurugram, Haryana 122009, India",5,3,CLOSED_TEMPORARILY,https://maps.google.com/?cid=18172172931456451898&g_mp=Cilnb29nbGUubWFwcy5wbGFjZXMudjEuUGxhY2VzLlNlYXJjaE5lYXJieRACGAQgAA,ChIJ_____wwZDTkROkVuOACHMPw
Blessed Cure - Healing with Homeopathy,health,medical_clinic|health|point_of_interest|establishment,0124 408 4348,https://www.linkedin.com/in/dr-mallika-batra-35822732b/,"UGF, A - 603, Galleria Boulevard, next to Bestech Centre Point, Block A, Sushant Lok Phase I, Sector 43, Gurugram, Haryana 122009, India",4.7,28,OPERATIONAL,https://maps.google.com/?cid=4982470975391528164&g_mp=Cilnb29nbGUubWFwcy5wbGFjZXMudjEuUGxhY2VzLlNlYXJjaE5lYXJieRACGAQgAA,ChIJj2k6YcwZDTkR5PTnL_RKJUU
Red Hot Café,restaurant,thai_restaurant|asian_restaurant|dim_sum_restaurant|cantonese_restaurant|chinese_restaurant|cafe|restaurant|food|point_of_interest|establishment,098118 37421,,"UG-1, Centre Point Mall, Sushant Lok Phase I, UG 1, near IFCCO Metro Station, Sector 28, Sushant Lok Phase I, Sector 43, Gurugram, Haryana 122009, India",4,179,OPERATIONAL,https://maps.google.com/?cid=225329197280517838&g_mp=Cilnb29nbGUubWFwcy5wbGFjZXMudjEuUGxhY2VzLlNlYXJjaE5lYXJieRACGAQgAA,ChIJAQAAQB4ZDTkRzt5tCbaHIAM
SBI ATM,atm,atm|finance|point_of_interest|establishment,1800 1234,https://bank.sbi/,"609, Sushant Lok 1 Rd, Block A, Sushant Lok Phase I, Sector 43, Gurugram, Haryana 122009, India",3.7,3,OPERATIONAL,https://maps.google.com/?cid=15460681825788552060&g_mp=Cilnb29nbGUubWFwcy5wbGFjZXMudjEuUGxhY2VzLlNlYXJjaE5lYXJieRACGAQgAA,ChIJZyywb-EYDTkRfON20zRgj9Y
Dr. Rajesh Sharma MD DM,doctor,doctor|health|point_of_interest|establishment,0124 428 8569,,"UG-4, Bestech Centre Point, Pizza Hut Complex, A Block, Sushant Lok I, Block A, Sushant Lok Phase I, Sector 43, Gurugram, Haryana 122009, India",4.9,11,OPERATIONAL,https://maps.google.com/?cid=8554618908169516809&g_mp=Cilnb29nbGUubWFwcy5wbGFjZXMudjEuUGxhY2VzLlNlYXJjaE5lYXJieRACGAQgAA,ChIJAQAAQB4ZDTkRCbdImpIcuHY
Advanced Pediatric Centre,doctor,doctor|health|point_of_interest|establishment,093122 22533,,"UG-4 Centre Point, A Block, near Pizza Hut, Block A, Sushant Lok Phase I, Sector 43, Gurugram, Haryana 122009, India",4.4,11,OPERATIONAL,https://maps.google.com/?cid=6918053366475502544&g_mp=Cilnb29nbGUubWFwcy5wbGFjZXMudjEuUGxhY2VzLlNlYXJjaE5lYXJieRACGAQgAA,ChIJAQAAQB4ZDTkR0LP3JeLcAWA
Terrè,bar_and_grill,bar_and_grill|bar|restaurant|food|point_of_interest|establishment,097181 22700,http://terre.co.in/,"Terrè, Hamilton Ct Rd, near Bestech Centre Point, Block A, near IFFICO Metro Station, Sector 28, Sushant Lok Phase I, Sector 43, Gurugram, Haryana 122009, India",4.1,124,OPERATIONAL,https://maps.google.com/?cid=7427866626214906869&g_mp=Cilnb29nbGUubWFwcy5wbGFjZXMudjEuUGxhY2VzLlNlYXJjaE5lYXJieRACGAQgAA,ChIJQ2ogl4UZDTkR9cuEjlcVFWc
Continua kids,school,school|educational_institution|point_of_interest|establishment,088007 84904,https://continuakids.com/,"A, 603, Block A, Sushant Lok Phase I, Sector 27, Gurugram, Haryana 122009, India",5,1,OPERATIONAL,https://maps.google.com/?cid=11044163737927791875&g_mp=Cilnb29nbGUubWFwcy5wbGFjZXMudjEuUGxhY2VzLlNlYXJjaE5lYXJieRACGAQgAA,ChIJfQXhgvMZDTkRA7VvuGfARJk
Anytime Fitness,gym,gym|fitness_center|sports_activity_location|health|point_of_interest|establishment,090901 09050,https://www.anytimefitness.com/en-in/locations/gurugram-haryana-in-1018,"2nd floor, Bestech Centre Point, A Block, Sushant Lok Phase I, Sector 43, Gurugram, Haryana 122002, India",4.5,617,OPERATIONAL,https://maps.google.com/?cid=8147010200627815212&g_mp=Cilnb29nbGUubWFwcy5wbGFjZXMudjEuUGxhY2VzLlNlYXJjaE5lYXJieRACGAQgAA,ChIJhyyul-EYDTkRLKPn3Zz-D3E
Excellence Table Tennis Academy,sports_club,sports_complex|sports_club|sports_activity_location|association_or_organization|point_of_interest|establishment,096504 30062,http://esaindia.in/,"Sector 28, Sushant Lok Phase I, Sector 43, Gurugram, Haryana 122002, India",4.8,130,OPERATIONAL,https://maps.google.com/?cid=15560180206202778462&g_mp=Cilnb29nbGUubWFwcy5wbGFjZXMudjEuUGxhY2VzLlNlYXJjaE5lYXJieRACGAQgAA,ChIJb1WgJNwZDTkRXvPHx3Td8Nc
Burger Singh | Sushant Lok | Gurugram,fast_food_restaurant,fast_food_restaurant|restaurant|food|point_of_interest|establishment,087671 21212,https://burgersinghonline.com/,"Shop UG-8, District Centre Point Building, Sushant Lok 1 Rd, Phase 1, Block A, Sushant Lok Phase I, Sector 43, Gurugram, Haryana 122009, India",4,455,OPERATIONAL,https://maps.google.com/?cid=17839890704102748836&g_mp=Cilnb29nbGUubWFwcy5wbGFjZXMudjEuUGxhY2VzLlNlYXJjaE5lYXJieRACGAQgAA,ChIJNc_Rb-EYDTkRpHLWWRMGlPc
Perch Service Apartment - MG Road,lodging,bed_and_breakfast|guest_house|hotel|lodging|point_of_interest|service|establishment,084484 44240,https://www.theperch.in/properties/perch-service-apartment-mg-road,"A-603, Block A, Sushant Lok Phase I, Sector 43, Gurugram, Haryana 122002, India",4.7,266,CLOSED_TEMPORARILY,https://maps.google.com/?cid=5498924732262242745&g_mp=Cilnb29nbGUubWFwcy5wbGFjZXMudjEuUGxhY2VzLlNlYXJjaE5lYXJieRACGAQgAA,ChIJ08AqHb8ZDTkRudkZ0egaUEw
HDFC Bank ATM,atm,atm|finance|point_of_interest|establishment,1800 1601,https://www.hdfc.bank.in/branch-locator/haryana/gurugram/hdfcbank-atm-sushantplazaablockatm,"Upper Ground Floor, Sushant Plaza, Block A, Sushant Lok Phase I, Sector 43, Gurugram, Haryana 122009, India",1,2,OPERATIONAL,https://maps.google.com/?cid=12627580039010694854&g_mp=Cilnb29nbGUubWFwcy5wbGFjZXMudjEuUGxhY2VzLlNlYXJjaE5lYXJieRACGAQgAA,ChIJ-SAl1j4ZDTkRxrYLRiQtPq8
Axis Bank ATM,atm,atm|finance|point_of_interest|establishment,1860 500 5555,https://branch.axisbank.com/axis-bank-atm-sushant-lok-a-block-atm-sushant-lok-phase-1-gurgaon-90347/Home?utm_source=locator&utm_medium=googleplaces,"SN 4, 5, 6, 7, GF, Sushant Plaza, Block A, Sushant Lok Phase I, Sector 43, Gurugram, Haryana 122009, India",,,OPERATIONAL,https://maps.google.com/?cid=3865451629031534096&g_mp=Cilnb29nbGUubWFwcy5wbGFjZXMudjEuUGxhY2VzLlNlYXJjaE5lYXJieRACGAQgAA,ChIJjXTCvRMZDTkREC7hzMbXpDU
Dlf Phase 4,store,supplier|manufacturer|store|point_of_interest|establishment,098183 33849,,"F39G+5RJ, Hamilton Ct Rd, Sushant Lok Phase I, Sector 43, Gurugram, Haryana 122009, India",4.6,9,OPERATIONAL,https://maps.google.com/?cid=4285132857705889391&g_mp=Cilnb29nbGUubWFwcy5wbGFjZXMudjEuUGxhY2VzLlNlYXJjaE5lYXJieRACGAQgAA,ChIJFbBZ5-AYDTkRb_7pZqHZdzs
"Ayurdham,847 B.",hospital,hospital|health|point_of_interest|service|establishment,0124 421 7499,,"C, Sushant Lok 1 Rd, Block A, Sushant Lok Phase I, Sector 43, Gurugram, Haryana 122009, India",,,OPERATIONAL,https://maps.google.com/?cid=5944282952750111856&g_mp=Cilnb29nbGUubWFwcy5wbGFjZXMudjEuUGxhY2VzLlNlYXJjaE5lYXJieRACGAQgAA,ChIJO5Hm5uAYDTkRcJwU89lVflI
Crea Worldwide,corporate_office,corporate_office|point_of_interest|establishment,0124 411 3551,http://www.creaworldwide.com/,"A-744, 2nd floor, Block A, Sushant Lok Phase I, Sector 43, Gurugram, Haryana 122009, India",5,9,OPERATIONAL,https://maps.google.com/?cid=9627553234445029247&g_mp=Cilnb29nbGUubWFwcy5wbGFjZXMudjEuUGxhY2VzLlNlYXJjaE5lYXJieRACGAQgAA,ChIJIWyobNUYDTkRf09CY6jwm4U
Gray Cells Matter Gurgaon,doctor,doctor|medical_clinic|health|point_of_interest|establishment,097117 92689,https://graycellsmatter.com/,"A-744, Block A, Sushant Lok Phase I, Sector 27, Gurugram, Haryana 122009, India",4.8,11,OPERATIONAL,https://maps.google.com/?cid=18006178639096204729&g_mp=Cilnb29nbGUubWFwcy5wbGFjZXMudjEuUGxhY2VzLlNlYXJjaE5lYXJieRACGAQgAA,ChIJJUbT4YYZDTkRuU2OSRLM4vk
Ananda Homes,service,point_of_interest|service|establishment,098110 87022,,"A -741, NCR, ब्लॉक A, सुशांत लोक फेस I, सेक्टर 43, गुरुग्राम, हरियाणा 122009, India",4.7,3,OPERATIONAL,https://maps.google.com/?cid=13048048666504873897&g_mp=Cilnb29nbGUubWFwcy5wbGFjZXMudjEuUGxhY2VzLlNlYXJjaE5lYXJieRACGAQgAA,ChIJVZUBq-cYDTkRqUcIcyH7E7U
St. Xaviers Blessings,school,school|educational_institution|point_of_interest|establishment,085880 89999,,"Plot 4103, 04, near Galleria Market, Sector 28, DLF City IV, Gurugram, Haryana 122009, India",,,OPERATIONAL,https://maps.google.com/?cid=51321673861108803&g_mp=Cilnb29nbGUubWFwcy5wbGFjZXMudjEuUGxhY2VzLlNlYXJjaE5lYXJieRACGAQgAA,ChIJoYtUstcZDTkRQxTFW8pUtgA
Gitanjali International School,school,school|educational_institution|point_of_interest|establishment,093112 26080,https://gitanjaliinternationalschooldlf.com/,"04, F3CH+6Q9, near Galleria Market, Sector 28, DLF Phase IV, Gurugram, Haryana 122009, India",,,OPERATIONAL,https://maps.google.com/?cid=10673368203907671163&g_mp=Cilnb29nbGUubWFwcy5wbGFjZXMudjEuUGxhY2VzLlNlYXJjaE5lYXJieRACGAQgAA,ChIJA0jAI6UZDTkRe6Td3tRrH5Q
Bhatia Properties,general_contractor,general_contractor|point_of_interest|service|establishment,098111 16650,http://bhatiarealty.com/,"1221, Basement, Sector 28, DLF Phase IV, Gurugram, Haryana 122009, India",,,OPERATIONAL,https://maps.google.com/?cid=3913856712007833393&g_mp=Cilnb29nbGUubWFwcy5wbGFjZXMudjEuUGxhY2VzLlNlYXJjaE5lYXJieRACGAQgAA,ChIJX0v3KjkZDTkRMVcBbfHPUDY
Clair Skin Clinic,skin_care_clinic,skin_care_clinic|hair_care|beauty_salon|doctor|medical_clinic|health|point_of_interest|service|establishment,084479 15975,https://www.clairskin.in/?utm_medium=gmb&utm_source=profile,"A 1139 Shushant Lok, 2, near Galleria Merket, Sector 28, DLF Phase IV, Sector 43, Gurugram, Haryana 122009, India",4.4,69,OPERATIONAL,https://maps.google.com/?cid=5042098602668703745&g_mp=Cilnb29nbGUubWFwcy5wbGFjZXMudjEuUGxhY2VzLlNlYXJjaE5lYXJieRACGAQgAA,ChIJc9ManQoZDTkRAcCPBvch-UU
Global Gems International Laboratories,service,point_of_interest|service|establishment,0124 423 5066,http://myggil.com/,"C-3187, Sushant lok, Block A, Sushant Lok Phase I, Sector 43, Gurugram, Haryana 122009, India",4,12,OPERATIONAL,https://maps.google.com/?cid=11885416455596267579&g_mp=Cilnb29nbGUubWFwcy5wbGFjZXMudjEuUGxhY2VzLlNlYXJjaE5lYXJieRACGAQgAA,ChIJccxkH94YDTkRO9hlc0t78aQ
BW Networks Studios,marketing_consultant,marketing_consultant|consultant|point_of_interest|service|establishment,075080 52470,,"Ground Floor, 1214, Cabin 5, Sector 28, DLF Phase IV, Gurugram, Haryana 122009, India",5,16,OPERATIONAL,https://maps.google.com/?cid=17876178303263212138&g_mp=Cilnb29nbGUubWFwcy5wbGFjZXMudjEuUGxhY2VzLlNlYXJjaE5lYXJieRACGAQgAA,ChIJ0c-YnjUZDTkRaoKMa3TxFPg
COCOON - THE NURTURE ROOM,medical_clinic,medical_clinic|health|point_of_interest|service|establishment,081789 58473,,"1222, opp. GALLARIA MARKET, Sector 28, DLF Phase IV, Gurugram, Haryana 122009, India",5,6,OPERATIONAL,https://maps.google.com/?cid=2398464874719117313&g_mp=Cilnb29nbGUubWFwcy5wbGFjZXMudjEuUGxhY2VzLlNlYXJjaE5lYXJieRACGAQgAA,ChIJBw8xP14ZDTkRAYDijxgPSSE
Gfunk Studio,association_or_organization,association_or_organization|point_of_interest|establishment,099107 02562,,"1224 Basement, near Gitanjali International School, Sector 28, DLF Phase IV, Gurugram, Haryana 122009, India",4.9,101,OPERATIONAL,https://maps.google.com/?cid=5684113026176702046&g_mp=Cilnb29nbGUubWFwcy5wbGFjZXMudjEuUGxhY2VzLlNlYXJjaE5lYXJieRACGAQgAA,ChIJeRYyBxzsxE8RXtZufK4G4k4
Fertilityworld,medical_clinic,medical_clinic|health|point_of_interest|establishment,093118 50412,http://fertilityworld.in/,"4003 3rd floor, 4, DLF City, Phase 3 Road, Block A, DLF Phase 3, Sector 24, Gurugram, Haryana 122009, India",5,41,OPERATIONAL,https://maps.google.com/?cid=12953405086892243067&g_mp=Cilnb29nbGUubWFwcy5wbGFjZXMudjEuUGxhY2VzLlNlYXJjaE5lYXJieRACGAQgAA,ChIJNzrnqjIhDTkRezjz40u9w7M
FabHotel The Runner,hotel,hotel|lodging|point_of_interest|establishment,070424 24242,https://www.fabhotels.com/hotels-in-gurgaon/fabhotel-the-runner-jdjefcxu.html,"4006, Sushant Lok 1 Rd, Sector 28, DLF Phase IV, Sector 43, Gurugram, Haryana 122009, India",3.8,78,OPERATIONAL,https://maps.google.com/?cid=11537193789179996834&g_mp=Cilnb29nbGUubWFwcy5wbGFjZXMudjEuUGxhY2VzLlNlYXJjaE5lYXJieRACGAQgAA,ChIJq4mNRWoZDTkRoqrq5J9YHKA
Townhouse by OYO Galleria Market Near Golf Course Road,hotel,hotel|guest_house|cottage|inn|motel|lodging|point_of_interest|service|establishment,0124 433 0575,https://www.oyorooms.com/106414/,"Plot no 4007 Galleria Market road, golf course road, Sector 28, DLF Phase IV, Gurugram, Haryana 122007, India",3.8,1513,OPERATIONAL,https://maps.google.com/?cid=1512509559686212724&g_mp=Cilnb29nbGUubWFwcy5wbGFjZXMudjEuUGxhY2VzLlNlYXJjaE5lYXJieRACGAQgAA,ChIJhy3iGt4YDTkRdKx6UG6D_RQ
Decothrive,home_goods_store,home_goods_store|store|point_of_interest|service|establishment,093547 47493,,"611 , 6th Floor, DLF Galleria Rd, Sector 28, DLF Phase IV, Gurugram, Haryana 122009, India",4.2,10,CLOSED_TEMPORARILY,https://maps.google.com/?cid=11604873806760162891&g_mp=Cilnb29nbGUubWFwcy5wbGFjZXMudjEuUGxhY2VzLlNlYXJjaE5lYXJieRACGAQgAA,ChIJ86LyEN4YDTkRS7Ys8z3LDKE
Bajaj Finance Fixed Deposit,finance,finance|point_of_interest|establishment,011 4474 3621,https://nearme.bajajfinserv.in/investments/bajaj-finance-fixed-deposit-investment-company-sector-28-gurugram-172625/Home?utm_source=locator&utm_medium=googleplaces,"1st Flr, DLF Cross Point, GL/102 & 103, Sector 28, DLF Phase IV, Gurugram, Haryana 122009, India",4.7,3,OPERATIONAL,https://maps.google.com/?cid=17598598077202925590&g_mp=Cilnb29nbGUubWFwcy5wbGFjZXMudjEuUGxhY2VzLlNlYXJjaE5lYXJieRACGAQgAA,ChIJRQmZyywZDTkRFoiNuLXHOvQ
Bajaj Finance Personal Loan,finance,finance|point_of_interest|establishment,022 4180 4799,https://nearme.bajajfinserv.in/salaried-personal-loan/bajaj-finance-personal-loan-loan-agency-sector-28-gurugram-281556/Home?utm_source=locator&utm_medium=googleplaces,"1st Floor, DLF City, Sn Gl 102 & Gl 103, Dlf Cross Point, Sector 28, DLF Phase IV, Gurugram, Haryana 122022, India",4.4,7,OPERATIONAL,https://maps.google.com/?cid=5488945270618101728&g_mp=Cilnb29nbGUubWFwcy5wbGFjZXMudjEuUGxhY2VzLlNlYXJjaE5lYXJieRACGAQgAA,ChIJoWcEheEZDTkR4JfAVqSmLEw
Bajaj Finance Personal Loan,finance,finance|point_of_interest|establishment,022 4180 4799,https://nearme.bajajfinserv.in/salaried-personal-loan/bajaj-finance-personal-loan-loan-agency-sector-28-gurugram-269638/Home?utm_source=locator&utm_medium=googleplaces,"1st Flr, Dlf City Dlf Cross Point, Sn Gl 102 & Gl 103, Sector 28, DLF Phase IV, Gurugram, Haryana 122009, India",3.3,4,OPERATIONAL,https://maps.google.com/?cid=8709339704657924094&g_mp=Cilnb29nbGUubWFwcy5wbGFjZXMudjEuUGxhY2VzLlNlYXJjaE5lYXJieRACGAQgAA,ChIJR0Sw1KUZDTkR_k9XPFHK3Xg
RYBA -Turkish & Middle Eastern Kitchen,turkish_restaurant,turkish_restaurant|breakfast_restaurant|mediterranean_restaurant|lebanese_restaurant|restaurant|food|point_of_interest|establishment,098105 43308,https://www.instagram.com/ryba.gurgaon/,"204, 2nd floor, Crosspoint Mall, Sector 28, DLF Phase IV, Gurugram, Haryana 122009, India",4.6,486,OPERATIONAL,https://maps.google.com/?cid=11673415144395522255&g_mp=Cilnb29nbGUubWFwcy5wbGFjZXMudjEuUGxhY2VzLlNlYXJjaE5lYXJieRACGAQgAA,ChIJky_FmlgZDTkRz0BctTlNAKI
Pasta tales,italian_restaurant,italian_restaurant|restaurant|food|point_of_interest|establishment,074280 72365,https://pastatales.dotpe.in/order,"1126, Lotus Villas, Sector 28, DLF City IV, Gurugram, Haryana 122009, India",3.8,13,OPERATIONAL,https://maps.google.com/?cid=10072561531721959566&g_mp=Cilnb29nbGUubWFwcy5wbGFjZXMudjEuUGxhY2VzLlNlYXJjaE5lYXJieRACGAQgAA,ChIJfZQVQqkZDTkRjkiNrFjtyIs
not JUST paranthas,restaurant,restaurant|food|point_of_interest|establishment,098116 36780,https://www.notjustparanthas.in/,"Hamilton Ct Rd, Sector 28, DLF City IV, Gurugram, Haryana 122009, India",4.5,129,OPERATIONAL,https://maps.google.com/?cid=14076025624771521933&g_mp=Cilnb29nbGUubWFwcy5wbGFjZXMudjEuUGxhY2VzLlNlYXJjaE5lYXJieRACGAQgAA,ChIJVTpkG00ZDTkRjW3NTboWWMM
Dietitian Archana,consultant,wellness_center|consultant|health|point_of_interest|service|establishment,099718 86474,,"Doctorshub,603, Crosspoint Mall, Sector 28, DLF Phase IV, Gurugram, Haryana 122009, India",5,2,OPERATIONAL,https://maps.google.com/?cid=15330203037968138041&g_mp=Cilnb29nbGUubWFwcy5wbGFjZXMudjEuUGxhY2VzLlNlYXJjaE5lYXJieRACGAQgAA,ChIJRXIQccUZDTkROX-0rHDSv9Q
Dr Vishwadeep Sharma Orthopedic Surgeon Gurgaon,doctor,doctor|health|point_of_interest|establishment,098186 67368,https://www.delhishoulderandknee.com/knee-gurgaon/,"Crosspoint Mall, 7th Floor, Room No 1, 702-703, Sector 28, DLF City IV, Gurugram, Haryana 122009, India",,,OPERATIONAL,https://maps.google.com/?cid=3910725867132845300&g_mp=Cilnb29nbGUubWFwcy5wbGFjZXMudjEuUGxhY2VzLlNlYXJjaE5lYXJieRACGAQgAA,ChIJS1krN6cZDTkR9HxizHSwRTY
Mediscape,medical_clinic,medical_clinic|health|point_of_interest|establishment,0124 414 8127,https://mediscape.in/,"7th Floor, Crosspoint Mall, 702-703, Sector 28, DLF City IV, Gurugram, Haryana 122009, India",3.8,51,OPERATIONAL,https://maps.google.com/?cid=7631256783518783585&g_mp=Cilnb29nbGUubWFwcy5wbGFjZXMudjEuUGxhY2VzLlNlYXJjaE5lYXJieRACGAQgAA,ChIJS6Yxkt4YDTkRYVhty5yr52k
"Dilli BC - DLF Phase 4, Gurgaon",north_indian_restaurant,north_indian_restaurant|kebab_shop|indian_restaurant|meal_delivery|food_delivery|restaurant|food|point_of_interest|establishment,096430 07347,,"F39M+56W, Hamilton Ct Rd, Sector 28, DLF Phase IV, Gurugram, Haryana 122009, India",4.1,17,CLOSED_TEMPORARILY,https://maps.google.com/?cid=4774745102487236392&g_mp=Cilnb29nbGUubWFwcy5wbGFjZXMudjEuUGxhY2VzLlNlYXJjaE5lYXJieRACGAQgAA,ChIJ8StvlZsZDTkRKK_Jfl9NQ0I
Stellar Dental Care,dental_clinic,dental_clinic|medical_clinic|health|point_of_interest|establishment,0124 447 7940,https://stellardental63.com/,"3rd Floor, 302 DLF, Crosspoint Mall, Sector 28, DLF City IV, Gurugram, Haryana 122001, India",,,OPERATIONAL,https://maps.google.com/?cid=16881634145059829469&g_mp=Cilnb29nbGUubWFwcy5wbGFjZXMudjEuUGxhY2VzLlNlYXJjaE5lYXJieRACGAQgAA,ChIJVRB1IWAZDTkR3XZl7M-cR-o
"Dr Neeraj Comprehensive Spine Clinic Gurugram , Best Spine Doctor in Gurgaon, Best Spine Doctor in Gurugram",doctor,physiotherapist|doctor|medical_clinic|health|point_of_interest|establishment,096433 84676,,"Mediscape, 702-703, 7th Floor, DLF Cross Point Mall, Sector 28, DLF Phase IV, Gurugram, Haryana 122009, India",,,OPERATIONAL,https://maps.google.com/?cid=12672440870693717816&g_mp=Cilnb29nbGUubWFwcy5wbGFjZXMudjEuUGxhY2VzLlNlYXJjaE5lYXJieRACGAQgAA,ChIJfaSVqakZDTkROEfXltSN3a8
Antiflame Fire Pro Equipments,manufacturer,supplier|manufacturer|point_of_interest|service|establishment,095608 62101,,"Crosspoint Mall, Sector 28, DLF Phase IV, Gurugram, Haryana 122009, India",5,3,OPERATIONAL,https://maps.google.com/?cid=11968869512814625605&g_mp=Cilnb29nbGUubWFwcy5wbGFjZXMudjEuUGxhY2VzLlNlYXJjaE5lYXJieRACGAQgAA,ChIJO-AS0IkZDTkRRYNRemj3GaY
Cognizen care clinic,doctor,doctor|hospital|medical_clinic|health|point_of_interest|service|establishment,095995 95489,,"506, 5th floor, Crosspoint Mall, Sector 28, DLF Phase IV, Gurugram, Haryana 122002, India",,,OPERATIONAL,https://maps.google.com/?cid=8629844181365643166&g_mp=Cilnb29nbGUubWFwcy5wbGFjZXMudjEuUGxhY2VzLlNlYXJjaE5lYXJieRACGAQgAA,ChIJ-8uFdYwZDTkRnldFYY9dw3c
Milann- The Fertility Center,medical_clinic,hospital|medical_clinic|health|point_of_interest|service|establishment,0124 433 8602,https://www.milann.co.in/,"Unit 301, Crosspoint Mall, Sector 28, DLF Phase IV, Gurugram, Haryana 122009, India",4.9,53,CLOSED_TEMPORARILY,https://maps.google.com/?cid=8398477751355463368&g_mp=Cilnb29nbGUubWFwcy5wbGFjZXMudjEuUGxhY2VzLlNlYXJjaE5lYXJieRACGAQgAA,ChIJpdLmUWsZDTkRyFaQjwRjjXQ
The Pasta Bowl Company,italian_restaurant,italian_restaurant|restaurant|food|point_of_interest|establishment,099719 70077,http://www.thepastabowlcompany.com/,"2nd Floor, Crosspoint Mall, Sector 28, DLF Phase IV, Gurugram, Haryana 122009, India",4.4,1689,OPERATIONAL,https://maps.google.com/?cid=17604618042406961897&g_mp=Cilnb29nbGUubWFwcy5wbGFjZXMudjEuUGxhY2VzLlNlYXJjaE5lYXJieRACGAQgAA,ChIJC5o_kt4YDTkR6YIZGNYqUPQ
SANCHA Tea Boutique,tea_store,tea_store|tea_house|food_store|store|food|point_of_interest|establishment,0124 425 5511,http://www.sanchatea.com/,"209, DLF Cross Point Market, DLF City, Hamilton Ct Rd, Sector 28, DLF Phase IV, Gurugram, Haryana 122009, India",4.6,107,OPERATIONAL,https://maps.google.com/?cid=15857794568578146937&g_mp=Cilnb29nbGUubWFwcy5wbGFjZXMudjEuUGxhY2VzLlNlYXJjaE5lYXJieRACGAQgAA,ChIJ6SbEk94YDTkReSI4VSQ0Etw
Rahul car accessories,auto_parts_store,auto_parts_store|car_repair|store|service|point_of_interest|establishment,099106 20260,,"Shop no 1, opp. THE SHRI RAM SCHOOL, Sector 28, DLF Phase IV, Haryana, Gurugram, Haryana 122009, India",4.1,7,OPERATIONAL,https://maps.google.com/?cid=13754282074848854582&g_mp=Cilnb29nbGUubWFwcy5wbGFjZXMudjEuUGxhY2VzLlNlYXJjaE5lYXJieRACGAQgAA,ChIJWcunzYUZDTkRNoLje6wG4b4
CAR SERVICE ZONE,car_repair,auto_parts_store|car_repair|insurance_agency|store|service|point_of_interest|establishment,097119 12000,https://carservicezone.in/,"OFFICE NO, 011, GROUND FLOOR, R.P-2, Sector 28, DLF Phase IV, Gurugram, Haryana 122009, India",4.8,25,OPERATIONAL,https://maps.google.com/?cid=7585785523539436584&g_mp=Cilnb29nbGUubWFwcy5wbGFjZXMudjEuUGxhY2VzLlNlYXJjaE5lYXJieRACGAQgAA,ChIJFRBsG2kZDTkRKGTeEL4fRmk
Shri Shyam Enterpris,hardware_store,hardware_store|building_materials_store|store|service|point_of_interest|establishment,080100 27007,,"2, Sector 28, DLF Phase IV, Gurugram, Haryana 122009, India",5,1,OPERATIONAL,https://maps.google.com/?cid=15103581418455646965&g_mp=Cilnb29nbGUubWFwcy5wbGFjZXMudjEuUGxhY2VzLlNlYXJjaE5lYXJieRACGAQgAA,ChIJbb400gQZDTkR9UI9I0ezmtE
Kar ades car accessories shop,auto_parts_store,auto_parts_store|car_repair|electronics_store|store|service|point_of_interest|establishment,088009 16634,,"Shop no 5, Sukhbir Singh market, near Hamilton Court Road, DLF Phase IV, Gurugram, Haryana 122009, India",,,OPERATIONAL,https://maps.google.com/?cid=9745295190750209021&g_mp=Cilnb29nbGUubWFwcy5wbGFjZXMudjEuUGxhY2VzLlNlYXJjaE5lYXJieRACGAQgAA,ChIJuy78ZP8ZDTkR_SP921c-Poc
Home Health Care,health,health|service|point_of_interest|establishment,099902 11277,https://omikahealthcare.com/,"office no- 901, Galleria Tower, Sector 28, DLF Phase IV, Gurugram, Haryana 122009, India",,,OPERATIONAL,https://maps.google.com/?cid=1915790187718016735&g_mp=Cilnb29nbGUubWFwcy5wbGFjZXMudjEuUGxhY2VzLlNlYXJjaE5lYXJieRACGAQgAA,ChIJk2gdY2EZDTkR334cgwZBlho
Meerut walo ki mashoor shahi chicken biryani,indian_restaurant,indian_restaurant|restaurant|food|point_of_interest|establishment,072918 11582,http://chrome.com/,"Hamilton Ct Rd, Sector 28, DLF Phase IV, Gurugram, Haryana 122009, India",4.4,30,OPERATIONAL,https://maps.google.com/?cid=4523953622352933592&g_mp=Cilnb29nbGUubWFwcy5wbGFjZXMudjEuUGxhY2VzLlNlYXJjaE5lYXJieRACGAQgAA,ChIJofAB2B4ZDTkR2DKwwNlPyD4
Bosch Car Service - Qutab Auto,car_repair,car_wash|auto_parts_store|car_repair|store|service|point_of_interest|establishment,098116 05656,https://www.qutabauto.in/,"Khasra No. 458, Part 2, Bosch Qutab Auto, Galleria Market, Road, Sector 28, DLF City IV, Gurugram, Haryana 122009, India",4.7,251,CLOSED_TEMPORARILY,https://maps.google.com/?cid=8561068420871538892&g_mp=Cilnb29nbGUubWFwcy5wbGFjZXMudjEuUGxhY2VzLlNlYXJjaE5lYXJieRACGAQgAA,ChIJ2YPH7UUZDTkRzMjcy14Gz3Y
John Key Maker,locksmith,locksmith|service|point_of_interest|establishment,085879 31658,https://john-key-maker.grexa.site/,"Shop No. 1003, Rp 2 Roads, Man Gate, Hamilton Ct Rd, Sector 28, DLF Phase IV, Gurugram, Haryana 122009, India",4.9,270,OPERATIONAL,https://maps.google.com/?cid=8132634494041548436&g_mp=Cilnb29nbGUubWFwcy5wbGFjZXMudjEuUGxhY2VzLlNlYXJjaE5lYXJieRACGAQgAA,ChIJhVH-WtkYDTkRlGZv2fvr3HA
Shivam,food_delivery,food_delivery|food|point_of_interest|establishment,092509 63294,,"Shivam Vita dairy, society, Hamilton Ct Rd, opp. REGENCY PARK-2, Sector 28, DLF City IV, Gurugram, Haryana 122505, India",,,CLOSED_TEMPORARILY,https://maps.google.com/?cid=10860900032943464057&g_mp=Cilnb29nbGUubWFwcy5wbGFjZXMudjEuUGxhY2VzLlNlYXJjaE5lYXJieRACGAQgAA,ChIJeQ2Ceh0ZDTkReZ6fVAmruZY
Technic Auto Mobile,car_repair,car_repair|service|point_of_interest|establishment,099539 55048,,"Sector 28, DLF City IV, Gurugram, Haryana 122002, India",3,10,OPERATIONAL,https://maps.google.com/?cid=18037276881095394201&g_mp=Cilnb29nbGUubWFwcy5wbGFjZXMudjEuUGxhY2VzLlNlYXJjaE5lYXJieRACGAQgAA,ChIJKbAB2I8ZDTkRmYMO_cFHUfo
Fine Flowers,florist,florist|store|point_of_interest|establishment,075036 50345,,"Galleria Market, Sector 28, DLF Phase IV, Gurugram, Haryana 122009, India",5,2,OPERATIONAL,https://maps.google.com/?cid=9304914808712354279&g_mp=Cilnb29nbGUubWFwcy5wbGFjZXMudjEuUGxhY2VzLlNlYXJjaE5lYXJieRACGAQgAA,ChIJL3rDBQAZDTkR51mSDriyIYE
Star Motors and Spare Parts,car_repair,car_repair|service|point_of_interest|establishment,098185 61557,,"Hamilton Ct Rd, DLF Phase IV, Gurugram, Haryana 122009, India",4.4,7,OPERATIONAL,https://maps.google.com/?cid=403711366266385202&g_mp=Cilnb29nbGUubWFwcy5wbGFjZXMudjEuUGxhY2VzLlNlYXJjaE5lYXJieRACGAQgAA,ChIJCW6KJ3cZDTkRMnMYQllFmgU
DLF,corporate_office,corporate_office|point_of_interest|establishment,080909 09171,https://www.dlf.in/,"8, Km THE SHRI RAM SCHOOL 0, Aravali, Sector 28, DLF Phase IV, Gurugram, Haryana 122009, India",,,OPERATIONAL,https://maps.google.com/?cid=5755425596295320405&g_mp=Cilnb29nbGUubWFwcy5wbGFjZXMudjEuUGxhY2VzLlNlYXJjaE5lYXJieRACGAQgAA,ChIJVVUV8NsYDTkRVZNfFhZh308
Systumm Café,cafe,cafe|food|point_of_interest|establishment,096503 74445,https://instagram.com/systummcafe,"Road, near Hamilton Court Galleria Market, DLF Phase IV, Sector 27, Gurugram, Haryana 122009, India",4.8,127,OPERATIONAL,https://maps.google.com/?cid=5692801181464623106&g_mp=Cilnb29nbGUubWFwcy5wbGFjZXMudjEuUGxhY2VzLlNlYXJjaE5lYXJieRACGAQgAA,ChIJhUXSX74ZDTkRAngfRoPkAE8
Big Wheelzz,tire_shop,tire_shop|auto_parts_store|car_repair|store|service|point_of_interest|establishment,085060 01020,,"Shop Number 4, And 5, Galleria Boulevard, near Hamilton Court Road, DLF Phase IV, Gurugram, Haryana 122002, India",4.2,50,OPERATIONAL,https://maps.google.com/?cid=8559570379709742394&g_mp=Cilnb29nbGUubWFwcy5wbGFjZXMudjEuUGxhY2VzLlNlYXJjaE5lYXJieRACGAQgAA,ChIJ8zivtGYZDTkROv2N6OizyXY
Dr Rajat Chopra - Neurologist,medical_clinic,medical_clinic|health|point_of_interest|establishment,086920 22346,https://neurocareclinic.inspiroxindia.in/,"194 - P, Sector 27, Gurugram, Haryana 122009, India",5,4,OPERATIONAL,https://maps.google.com/?cid=1435035673661894981&g_mp=Cilnb29nbGUubWFwcy5wbGFjZXMudjEuUGxhY2VzLlNlYXJjaE5lYXJieRACGAQgAA,ChIJe0TmlWoZDTkRRXGhkFdF6hM
Dr Vipul Rastogi,medical_clinic,medical_clinic|health|point_of_interest|service|establishment,098104 66411,https://www.gurgaonclinics.com/,"clinics ,194 P, Sector 27, Gurugram, Haryana 122009, India",4.6,30,OPERATIONAL,https://maps.google.com/?cid=8651551305343075432&g_mp=Cilnb29nbGUubWFwcy5wbGFjZXMudjEuUGxhY2VzLlNlYXJjaE5lYXJieRACGAQgAA,ChIJq0XwslriDDkRaIQKBxN8EHg
Dr. Sanjana Saraf,medical_clinic,medical_clinic|health|point_of_interest|service|establishment,098999 90972,https://www.sanjanasaraf.com/,"194 P, Hamilton Ct Rd, Sector 27, Landmark:, Gurugram, Haryana 122009, India",,,OPERATIONAL,https://maps.google.com/?cid=16429730496371980599&g_mp=Cilnb29nbGUubWFwcy5wbGFjZXMudjEuUGxhY2VzLlNlYXJjaE5lYXJieRACGAQgAA,ChIJxV8GdSUZDTkRN3mnh9YgAuQ
Furrvy,pet_boarding_service,pet_boarding_service|veterinary_care|pet_care|store|point_of_interest|service|establishment,06355 093 941,https://furrvy.com/,"199, Sector 27, Gurugram, Haryana 122009, India",4.8,108,OPERATIONAL,https://maps.google.com/?cid=3655836248770563175&g_mp=Cilnb29nbGUubWFwcy5wbGFjZXMudjEuUGxhY2VzLlNlYXJjaE5lYXJieRACGAQgAA,ChIJIesjWF2MeGcRZ0z35LIjvDI
Saltstayz Premier,hotel,hotel|lodging|point_of_interest|establishment,088000 27657,https://saltstayz.com/hotels/gurgaon/saltstayz-premier-galleria-market-and-sector-27,"Plot no 200 P, Sector 27, Gurugram, Haryana 122009, India",4.8,2125,OPERATIONAL,https://maps.google.com/?cid=1628512630843833247&g_mp=Cilnb29nbGUubWFwcy5wbGFjZXMudjEuUGxhY2VzLlNlYXJjaE5lYXJieRACGAQgAA,ChIJNWPPK70ZDTkRn_uuCZyjmRY
OYO Hotel Spring Brook,hotel,hotel|guest_house|cottage|inn|motel|lodging|point_of_interest|service|establishment,0124 620 1166,https://www.oyorooms.com/175717,"HUDA, Sector 28, Chakkarpur, Gurugram, Haryana 122009, India",3.7,3,OPERATIONAL,https://maps.google.com/?cid=12322208547361198142&g_mp=Cilnb29nbGUubWFwcy5wbGFjZXMudjEuUGxhY2VzLlNlYXJjaE5lYXJieRACGAQgAA,ChIJjcvJT60ZDTkRPhC_UWNHAas
"198P , Sector 28",service,point_of_interest|service|establishment,,,"198, Sector 28 Rd, Sector 28, Chakkarpur, Gurugram, Haryana 122009, India",,,OPERATIONAL,https://maps.google.com/?cid=18135218246010768849&g_mp=Cilnb29nbGUubWFwcy5wbGFjZXMudjEuUGxhY2VzLlNlYXJjaE5lYXJieRACGAQgAA,ChIJQ7KJUAAZDTkR0Y2nBek8rfs
ShyamNNaina,clothing_store,clothing_store|store|point_of_interest|establishment,098997 91260,http://shyamnnaina.in/,"Plot 219, Sector 28, Chakkarpur, Gurugram, Haryana 122009, India",5,7,OPERATIONAL,https://maps.google.com/?cid=10651649849411660997&g_mp=Cilnb29nbGUubWFwcy5wbGFjZXMudjEuUGxhY2VzLlNlYXJjaE5lYXJieRACGAQgAA,ChIJm4PuimvjDDkRxWwGahpD0pM
Style Q Boutique,clothing_store,market|manufacturer|wholesaler|clothing_store|store|point_of_interest|service|establishment,098109 97352,,"208, behind CP Sharma Associates, Sector 27, Gurugram, Haryana 122002, India",4.9,31,OPERATIONAL,https://maps.google.com/?cid=3340755624828635292&g_mp=Cilnb29nbGUubWFwcy5wbGFjZXMudjEuUGxhY2VzLlNlYXJjaE5lYXJieRACGAQgAA,ChIJxcGeTqwZDTkRnIhMa4q_XC4
Flats On Rent 28,lodging,lodging|point_of_interest|establishment,090909 08778,http://housr.in/,"Plot No. 219, Sector 28, Chakkarpur, Gurugram, Haryana 122009, India",4.5,41,OPERATIONAL,https://maps.google.com/?cid=15654936074181832675&g_mp=Cilnb29nbGUubWFwcy5wbGFjZXMudjEuUGxhY2VzLlNlYXJjaE5lYXJieRACGAQgAA,ChIJnXcqtqsZDTkR428Og2qBQdk
ISN AND COMPANY,plumber,plumber|point_of_interest|service|establishment,082856 35556,,"Pot No. 209, Sector 28, Chakkarpur, Gurugram, Haryana 122009, India",,,OPERATIONAL,https://maps.google.com/?cid=15935129378783221587&g_mp=Cilnb29nbGUubWFwcy5wbGFjZXMudjEuUGxhY2VzLlNlYXJjaE5lYXJieRACGAQgAA,ChIJq6pGg9kYDTkRU9dD-L3zJN0
Ursa Skin Clinic,doctor,skin_care_clinic|hair_care|beauty_salon|doctor|body_art_service|medical_clinic|health|point_of_interest|service|establishment,074474 07557,https://ursaskin.com/,"193, Hamilton Ct Rd, Sector 27, Gurugram, Haryana 122009, India",4.8,357,OPERATIONAL,https://maps.google.com/?cid=5617689018576175377&g_mp=Cilnb29nbGUubWFwcy5wbGFjZXMudjEuUGxhY2VzLlNlYXJjaE5lYXJieRACGAQgAA,ChIJG1Q-mBsZDTkREYHYCmYK9k0
"Agilus Diagnostics (formerly SRL) - Sector 27, Gurugram | Blood Test | Full Body Checkup | Pathology Lab",medical_clinic,medical_lab|doctor|medical_clinic|health|point_of_interest|service|establishment,077038 04202,https://agilusdiagnostics.com/,"Plot No 9, Hamilton Court Road, Sector 27, Gurugram Haryana - 122009, Sector 27, Gurugram, Haryana 122022, India",,,OPERATIONAL,https://maps.google.com/?cid=1776135088127301789&g_mp=Cilnb29nbGUubWFwcy5wbGFjZXMudjEuUGxhY2VzLlNlYXJjaE5lYXJieRACGAQgAA,ChIJb77Fhl8ZDTkRnVjvyHMZphg
"Adv.Sukhraj Singh Salwara, Gurgaon House",association_or_organization,association_or_organization|point_of_interest|service|establishment,,,"Flate No.506, Block C, Jan Pratinidhi Apartments, Sector 28, Chakkarpur, Gurugram, Haryana 122009, India",5,2,OPERATIONAL,https://maps.google.com/?cid=110833783883871458&g_mp=Cilnb29nbGUubWFwcy5wbGFjZXMudjEuUGxhY2VzLlNlYXJjaE5lYXJieRACGAQgAA,ChIJIS5PUjsZDTkR4rSCPb3CiQE
Gutwell - Gastroenterologist and Liver Specialist in Gurgaon | Endoscopy Centre,doctor,doctor|consultant|health|point_of_interest|service|establishment,093100 09882,https://gutwell.co.in/,"House No. 9, Hamilton Ct Rd, Sector 27, Gurugram, Haryana 122009, India",4.6,43,OPERATIONAL,https://maps.google.com/?cid=7950144566636808081&g_mp=Cilnb29nbGUubWFwcy5wbGFjZXMudjEuUGxhY2VzLlNlYXJjaE5lYXJieRACGAQgAA,ChIJt0X3JewZDTkRkYdjl1yWVG4
Gurgaon Meditation गुड़गांव ध्यान केंद्र 마음수련,health,health|point_of_interest|establishment,070422 39996,https://gurgaonmeditation.org/,"F/N 202, Block-1, Jan Pratinidhi Apartments, Sector 28, Chakkarpur, Gurugram, Haryana 122009, India",4.6,43,OPERATIONAL,https://maps.google.com/?cid=11297181625105604438&g_mp=Cilnb29nbGUubWFwcy5wbGFjZXMudjEuUGxhY2VzLlNlYXJjaE5lYXJieRACGAQgAA,ChIJRVWVM9cYDTkRVl99P9Wmx5w
astrology Vastu Numerology,astrologer,astrologer|consultant|point_of_interest|service|establishment,096535 61556,,"196 P, near Jan Pratinidhi Apartments, Sector 28, Chakkarpur, Gurugram, Haryana 122002, India",4.8,126,OPERATIONAL,https://maps.google.com/?cid=5175996831824168057&g_mp=Cilnb29nbGUubWFwcy5wbGFjZXMudjEuUGxhY2VzLlNlYXJjaE5lYXJieRACGAQgAA,ChIJY0qrx84ZDTkReURt57HV1Ec
Fitfinity gym,gym,gym|sports_activity_location|health|point_of_interest|establishment,099103 63547,,"Jan Pratinidhi Apartments, Golf Crse Rd, Sector 28, Chakkarpur, Gurugram, Haryana 122009, India",4.8,26,OPERATIONAL,https://maps.google.com/?cid=14459293576893939224&g_mp=Cilnb29nbGUubWFwcy5wbGFjZXMudjEuUGxhY2VzLlNlYXJjaE5lYXJieRACGAQgAA,ChIJ94ZEPrMZDTkRGL7ZSea6qcg
The Infinity unisex salon,beauty_salon,beauty_salon|point_of_interest|service|establishment,099534 96377,,"Jan Pratinidhi Apartments, Golf Crse Rd, Sector 28, Chakkarpur, Gurugram, Haryana 122009, India",4.2,5,OPERATIONAL,https://maps.google.com/?cid=9643578399099564977&g_mp=Cilnb29nbGUubWFwcy5wbGFjZXMudjEuUGxhY2VzLlNlYXJjaE5lYXJieRACGAQgAA,ChIJ24iGaiAZDTkRsbP1yXXf1IU
SM Hydra Farana Hydraulic Crane Service Gurgaon,service,point_of_interest|service|establishment,085069 64748,https://smcraneservice.online/,"DLF Phase 1, Plot No. 167, Hamilton Ct Rd, Sector 28, Chakkarpur, Gurugram, Haryana 122009, India",4,4,OPERATIONAL,https://maps.google.com/?cid=13288097755743085214&g_mp=Cilnb29nbGUubWFwcy5wbGFjZXMudjEuUGxhY2VzLlNlYXJjaE5lYXJieRACGAQgAA,ChIJGyN72PcZDTkRnmK7Z4HOaLg
ElectricPe Charging Station,electric_vehicle_charging_station,electric_vehicle_charging_station|transportation_service|point_of_interest|establishment,081470 60222,https://electricpe.com/ev-charging-station/jan-pratinidhi-apartment-sector-28?utm_source=google_map_listing&utm_medium=referral,"Janpratinidhi Apartment, Sector 28, Chakkarpur, Gurugram, Haryana 122009, India",,,OPERATIONAL,https://maps.google.com/?cid=10289952770732814211&g_mp=Cilnb29nbGUubWFwcy5wbGFjZXMudjEuUGxhY2VzLlNlYXJjaE5lYXJieRACGAQgAA,ChIJ_wguUNcYDTkRg28Tx4ZBzY4
Dr. Mansi Bhayana - Homoeopathic physician,health,health|point_of_interest|establishment,097111 91728,http://www.drmansibhayana.com/,"14, Paschim Marg, DLF Phase 1, Sector 26A, Gurugram, Haryana 122002, India",5,100,OPERATIONAL,https://maps.google.com/?cid=16959313822710268093&g_mp=Cilnb29nbGUubWFwcy5wbGFjZXMudjEuUGxhY2VzLlNlYXJjaE5lYXJieRACGAQgAA,ChIJwaTrGfUZDTkRvYAERRGWW-s
THE FACE ROUTINE,dentist,wellness_center|dentist|doctor|health|point_of_interest|establishment,087199 20561,,"10A, C-Block, Paschim Marg, DLF Phase 1, Sector 26, Gurugram, Haryana 122002, India",5,77,OPERATIONAL,https://maps.google.com/?cid=6647490924593382030&g_mp=Cilnb29nbGUubWFwcy5wbGFjZXMudjEuUGxhY2VzLlNlYXJjaE5lYXJieRACGAQgAA,ChIJQWKsEv0ZDTkRjoIFqMahQFw
Be Home Realty,consultant,real_estate_agency|consultant|point_of_interest|service|establishment,078381 07333,https://www.behomerealty.co.in/,"B 14/30, Paschim Marg, DLF Phase 1, Sector 26A, Gurugram, Haryana 122022, Block C, Sector 26A, Gurugram, Haryana 122002, India",5,2,OPERATIONAL,https://maps.google.com/?cid=4176045884674325251&g_mp=Cilnb29nbGUubWFwcy5wbGFjZXMudjEuUGxhY2VzLlNlYXJjaE5lYXJieRACGAQgAA,ChIJgdXEF-MZDTkRA7u-QZtL9Dk
NKPRealtors,service,point_of_interest|service|establishment,078360 08900,https://nkprealtors.com/,"Paschim Marg, DLF Phase 1, Sector 26A, Gurugram, Haryana 122002, India",5,1,OPERATIONAL,https://maps.google.com/?cid=6267795205536243260&g_mp=Cilnb29nbGUubWFwcy5wbGFjZXMudjEuUGxhY2VzLlNlYXJjaE5lYXJieRACGAQgAA,ChIJ3do0vo2c0UwRPF7i_oeu-1Y
Royal Properties,consultant,real_estate_agency|finance|general_contractor|consultant|point_of_interest|service|establishment,098113 03827,http://royalpropertiesgurugram.com/,"Arjun Marg, DLF Phase 1, Sector 26A, Gurugram, Haryana 122002, India",5,1,CLOSED_TEMPORARILY,https://maps.google.com/?cid=16998383659194253747&g_mp=Cilnb29nbGUubWFwcy5wbGFjZXMudjEuUGxhY2VzLlNlYXJjaE5lYXJieRACGAQgAA,ChIJmfyW9w0ZDTkRswEUcuBj5us
Rawls Salon,beauty_salon,beauty_salon|point_of_interest|service|establishment,098704 30081,https://www.rawls.co.in/,"Plot no. 102-A, Arjun Marg, Phase -1, Urban estate, Golf Crse Rd, Block C, Sector 26A, Gurugram, Haryana 122002, India",4.9,385,OPERATIONAL,https://maps.google.com/?cid=10248822959926275269&g_mp=Cilnb29nbGUubWFwcy5wbGFjZXMudjEuUGxhY2VzLlNlYXJjaE5lYXJieRACGAQgAA,ChIJlXisfQYZDTkRxexFdC4iO44
"Affinity Salon - Golf Course Road, Gurugram",hair_salon,barber_shop|nail_salon|makeup_artist|massage_spa|hair_salon|hair_care|massage|spa|beauty_salon|health|point_of_interest|service|establishment,0124 408 1100,https://www.instagram.com/affinitysalon_golfcourseroad/,"102-A, Arjun Marg, DLF Phase 1, Sector 26, Gurugram, Haryana 122002, India",4.3,73,OPERATIONAL,https://maps.google.com/?cid=5974413881929604930&g_mp=Cilnb29nbGUubWFwcy5wbGFjZXMudjEuUGxhY2VzLlNlYXJjaE5lYXJieRACGAQgAA,ChIJIQAAADAYDTkRQp-TlcVh6VI
Dr Pallavi Singh,doctor,doctor|health|point_of_interest|establishment,096257 23234,https://drpallavi.com/,"102 A, Basement, Arjun Marg, Golf Course Rd, DLF Phase 1, Sector 26A, Gurugram, Haryana 122002, India",5,49,OPERATIONAL,https://maps.google.com/?cid=8579678402612160663&g_mp=Cilnb29nbGUubWFwcy5wbGFjZXMudjEuUGxhY2VzLlNlYXJjaE5lYXJieRACGAQgAA,ChIJ2X4H5IsZDTkRl-jJ0gwkEXc
Fitclub - Golf Course Road,fitness_center,fitness_center|gym|sports_activity_location|health|point_of_interest|establishment,088710 17101,https://fitclub.in/,"102A, second Floor DLF Phase 1 Golf Course Road, Arjun Marg, Block C, Sector 26A, Gurugram, Haryana 122002, India",4.6,42,OPERATIONAL,https://maps.google.com/?cid=14162380379798743121&g_mp=Cilnb29nbGUubWFwcy5wbGFjZXMudjEuUGxhY2VzLlNlYXJjaE5lYXJieRACGAQgAA,ChIJndf79lYZDTkRUajdf-vhisQ
DR. GARGI'S Clinic,skin_care_clinic,skin_care_clinic|hair_care|beauty_salon|doctor|medical_clinic|health|point_of_interest|service|establishment,077107 10000,https://drgargis.com/,"102 A, Basement, Arjun Marg, Golf Crse Rd, DLF Phase 1, Sector 26A, Gurugram, Haryana 122002, India",4.9,79,OPERATIONAL,https://maps.google.com/?cid=16783687618068750727&g_mp=Cilnb29nbGUubWFwcy5wbGFjZXMudjEuUGxhY2VzLlNlYXJjaE5lYXJieRACGAQgAA,ChIJKVR6H70ZDTkRhyEcAPei6-g
"Dr Gargi Taneja, MD Dermatology (AIIMS)",doctor,skin_care_clinic|hair_care|beauty_salon|doctor|medical_clinic|health|point_of_interest|service|establishment,092205 03194,https://drgargis.com/,"102 A, Basement, Arjun Marg, Golf Crse Rd, DLF Phase 1, Sector 26A, Gurugram, Haryana 122002, India",4.8,497,OPERATIONAL,https://maps.google.com/?cid=4630070522404838766&g_mp=Cilnb29nbGUubWFwcy5wbGFjZXMudjEuUGxhY2VzLlNlYXJjaE5lYXJieRACGAQgAA,ChIJwXiMKl8ZDTkRbp3y5JtQQUA
Tinkering - After School Activity Centre,corporate_office,corporate_office|point_of_interest|establishment,088009 11388,,"28°28'05. 77°05'52., 4""N, Rd Number 9, West Punjabi Bagh, Punjabi Bagh, Delhi, Gurugram, Haryana 122002, India",,,CLOSED_TEMPORARILY,https://maps.google.com/?cid=618006554623093665&g_mp=Cilnb29nbGUubWFwcy5wbGFjZXMudjEuUGxhY2VzLlNlYXJjaE5lYXJieRACGAQgAA,ChIJSVZ889MYDTkRoSss5a-Zkwg
Diwani ji all India ambulance service,health,health|point_of_interest|establishment,093505 92527,,"Block C, Sector 26A, Gurugram, Haryana 122002, India",,,OPERATIONAL,https://maps.google.com/?cid=13006576360298526835&g_mp=Cilnb29nbGUubWFwcy5wbGFjZXMudjEuUGxhY2VzLlNlYXJjaE5lYXJieRACGAQgAA,ChIJF_dRPwAZDTkRcziWs0mkgLQ
Get Back Lost,service,point_of_interest|service|establishment,088822 42133,https://getbacklost.in/,"8, Bodhi Marg, DLF Phase 1, Sector 26A, Gurugram, Haryana 122002, India",5,3,OPERATIONAL,https://maps.google.com/?cid=3837071773689002552&g_mp=Cilnb29nbGUubWFwcy5wbGFjZXMudjEuUGxhY2VzLlNlYXJjaE5lYXJieRACGAQgAA,ChIJO_fwX9MZDTkRODpp0HIEQDU
Saluja Realtors,real_estate_agency,real_estate_agency|general_contractor|point_of_interest|service|establishment,099100 72803,http://www.salujarealtors.com/,"C - 8/5, near DLF shopping mall, DLF Phase 1, Sector 26A, Gurugram, Haryana 122002, India",4.6,19,OPERATIONAL,https://maps.google.com/?cid=8512431438826952781&g_mp=Cilnb29nbGUubWFwcy5wbGFjZXMudjEuUGxhY2VzLlNlYXJjaE5lYXJieRACGAQgAA,ChIJB3kTsCwjDTkRTdgl9ko7InY
The Ramen Project,ramen_restaurant,ramen_restaurant|japanese_restaurant|restaurant|food|point_of_interest|establishment,093107 25023,,"5, C-11 St, DLF Phase 1, Sector 26A, Gurugram, Haryana 122002, India",5,51,CLOSED_TEMPORARILY,https://maps.google.com/?cid=7930449496266118396&g_mp=Cilnb29nbGUubWFwcy5wbGFjZXMudjEuUGxhY2VzLlNlYXJjaE5lYXJieRACGAQgAA,ChIJS2Ro8dMYDTkR_BQersydDm4
KITES CREATIVES,service,point_of_interest|service|establishment,088828 44448,,"15 GROUND FLOOR, C-3 Ln, Block C, Sector 26A, Gurugram, Haryana 122002, India",4.6,11,OPERATIONAL,https://maps.google.com/?cid=15426935688978292768&g_mp=Cilnb29nbGUubWFwcy5wbGFjZXMudjEuUGxhY2VzLlNlYXJjaE5lYXJieRACGAQgAA,ChIJUYyFYWQZDTkRIOBYEkZ8F9Y
Complete Bathing Solution,market,market|point_of_interest|establishment,092112 30134,,"A27/62, DLF Phase 1, Sector 26A, Gurugram, Haryana 122002, India",,,CLOSED_TEMPORARILY,https://maps.google.com/?cid=9890002150050886990&g_mp=Cilnb29nbGUubWFwcy5wbGFjZXMudjEuUGxhY2VzLlNlYXJjaE5lYXJieRACGAQgAA,ChIJGQt1siwZDTkRTvWhVY5YQIk
Saarlegal,consultant,consultant|point_of_interest|service|establishment,098991 93903,http://www.saarlegal.com/,"The Shopping Mall, O-144, Arjun Marg, DLF Phase 1, Sector 26A, Gurugram, Haryana 122002, India",5,1,OPERATIONAL,https://maps.google.com/?cid=9805307774092186991&g_mp=Cilnb29nbGUubWFwcy5wbGFjZXMudjEuUGxhY2VzLlNlYXJjaE5lYXJieRACGAQgAA,ChIJgU1jHC0fDTkRbxUkRHhzE4g
CareMS India (Gurgaon Haryana),service,plumber|electrician|general_contractor|manufacturer|point_of_interest|service|establishment,011 4100 1188,http://www.carems.in/,"A-55, 8, DLF Phase 1, Sector 26A, Gurugram, Haryana 122002, India",4.8,4,OPERATIONAL,https://maps.google.com/?cid=10554230096685109609&g_mp=Cilnb29nbGUubWFwcy5wbGFjZXMudjEuUGxhY2VzLlNlYXJjaE5lYXJieRACGAQgAA,ChIJW89mu0YfDTkRaRGnrlooeJI
Acharya Monica,consultant,astrologer|consultant|point_of_interest|service|establishment,098182 45656,http://vastugurukul.co.in/,"B 13/7, DLF Phase 1, Sector 26A, Gurugram, Haryana 122002, India",5,60,OPERATIONAL,https://maps.google.com/?cid=17558183912487378911&g_mp=Cilnb29nbGUubWFwcy5wbGFjZXMudjEuUGxhY2VzLlNlYXJjaE5lYXJieRACGAQgAA,ChIJLUwa6JMfDTkR39_JvD0zq_M
Japan International Academy,school,school|educational_institution|point_of_interest|establishment,0124 401 6000,https://jiakindergarten.org/,"11, Club Marg, DLF Phase 1, Sector 26A, Gurugram, Haryana 122002, India",,,OPERATIONAL,https://maps.google.com/?cid=8762744694417223368&g_mp=Cilnb29nbGUubWFwcy5wbGFjZXMudjEuUGxhY2VzLlNlYXJjaE5lYXJieRACGAQgAA,ChIJKXDqhywfDTkRyG4tYN-Fm3k
21 Residency,hotel,hotel|lodging|point_of_interest|establishment,099106 30632,,"7, Club Marg, Block D, Sector 26A, Gurugram, Haryana 122002, India",3.7,11,CLOSED_TEMPORARILY,https://maps.google.com/?cid=15964033444032716996&g_mp=Cilnb29nbGUubWFwcy5wbGFjZXMudjEuUGxhY2VzLlNlYXJjaE5lYXJieRACGAQgAA,ChIJG4nTiCwfDTkRxKAGFtaji90
ENCHANTÉ Designer Boutique,service,womens_clothing_store|clothing_store|store|point_of_interest|service|establishment,098119 92934,,"Club Marg, DLF Phase 1, Sector 26, Gurugram, Haryana 122002, India",4,5,OPERATIONAL,https://maps.google.com/?cid=8722907119101425590&g_mp=Cilnb29nbGUubWFwcy5wbGFjZXMudjEuUGxhY2VzLlNlYXJjaE5lYXJieRACGAQgAA,ChIJh27Iz9UYDTkRtjfEEs_9DXk
Summer Fields Primary and Middle School (Nursery to 8th),school,school|educational_institution|point_of_interest|establishment,0124 235 0941,http://www.sfsdlf.com/,"Block D, Sector 26A, Gurugram, Haryana 122002, India",,,OPERATIONAL,https://maps.google.com/?cid=6793279770915659373&g_mp=Cilnb29nbGUubWFwcy5wbGFjZXMudjEuUGxhY2VzLlNlYXJjaE5lYXJieRACGAQgAA,ChIJF5UPwCwfDTkRbV5GlfWTRl4
MusicTek,school,school|educational_institution|point_of_interest|service|establishment,0124 425 5537,http://www.musictek.org/,"DLF Phase 1, Sector 26A, Gurugram, Haryana 122002, India",4.9,100,OPERATIONAL,https://maps.google.com/?cid=15269140850288202970&g_mp=Cilnb29nbGUubWFwcy5wbGFjZXMudjEuUGxhY2VzLlNlYXJjaE5lYXJieRACGAQgAA,ChIJx1d0OB8ZDTkR2pTVNrTi5tM
Chamakandcharms,jewelry_store,jewelry_store|store|point_of_interest|establishment,088003 81888,,"19/2, G Block, DLF Phase 1, Sector 26, Gurugram, Haryana 122002, India",,,CLOSED_TEMPORARILY,https://maps.google.com/?cid=1918126129772371795&g_mp=Cilnb29nbGUubWFwcy5wbGFjZXMudjEuUGxhY2VzLlNlYXJjaE5lYXJieRACGAQgAA,ChIJbQL6oy8fDTkRUx96Z42Nnho
Bed & Oats,bed_and_breakfast,bed_and_breakfast|lodging|point_of_interest|establishment,097737 70290,,"34, G - 19 Rd, G Block, DLF Phase 1, Sector 26, Gurugram, Haryana 122002, India",4.4,154,OPERATIONAL,https://maps.google.com/?cid=11304528446602394781&g_mp=Cilnb29nbGUubWFwcy5wbGFjZXMudjEuUGxhY2VzLlNlYXJjaE5lYXJieRACGAQgAA,ChIJ68GHdMseDTkRnbwIbbrA4Zw
HDFC ERGO General Insurance,insurance_agency,insurance_agency|health|point_of_interest|service|establishment,022 6234 6234,https://agent.hdfcergo.com/hdfc-ergo-general-insurance-insurance-broker-palam-vihar-gurugram-458456/Home,"G/19/34, 1st Floor, Palam Vihar, near RBS Public School, G Block, DLF Phase 1, Sector 26, Gurugram, Haryana 122002, India",,,OPERATIONAL,https://maps.google.com/?cid=17538210024179815711&g_mp=Cilnb29nbGUubWFwcy5wbGFjZXMudjEuUGxhY2VzLlNlYXJjaE5lYXJieRACGAQgAA,ChIJM9Xr9B0fDTkRH9Vudxg9ZPM
MB INTERNATIONAL,corporate_office,corporate_office|point_of_interest|establishment,0124 645 8444,,"1, G - 19 Rd, G Block, DLF Phase 1, Sector 26, Gurugram, Haryana 122002, India",,,CLOSED_TEMPORARILY,https://maps.google.com/?cid=17220812824011538203&g_mp=Cilnb29nbGUubWFwcy5wbGFjZXMudjEuUGxhY2VzLlNlYXJjaE5lYXJieRACGAQgAA,ChIJOUpUBywfDTkRG_-yDgae_O4
Hariom Butique,clothing_store,clothing_store|store|point_of_interest|establishment,072178 40017,,"A2/76A, Phase 5, Holika Chowk, Aya Nagar, New Delhi, Delhi 110047, India",5,1,OPERATIONAL,https://maps.google.com/?cid=9024810277664576339&g_mp=Cilnb29nbGUubWFwcy5wbGFjZXMudjEuUGxhY2VzLlNlYXJjaE5lYXJieRACGAQgAA,ChIJwXIpyn4fDTkRU9N9zSGRPn0
Unique Stationary,store,store|point_of_interest|establishment,098979 66117,,"F3C8+GVV Leisure Valley Park, Sector 29, Gurugram, Haryana 122009, India",5,1,CLOSED_TEMPORARILY,https://maps.google.com/?cid=10823891086772481077&g_mp=Cilnb29nbGUubWFwcy5wbGFjZXMudjEuUGxhY2VzLlNlYXJjaE5lYXJieRACGAQgAA,ChIJEVxTiisZDTkRNSyXkpgvNpY
Bhushan Verma,general_store,general_store|food_store|store|food|point_of_interest|establishment,092501 20808,,"Shop No 123, near by Merto Station, Sector 29, Gurugram, Haryana 122009, India",,,OPERATIONAL,https://maps.google.com/?cid=11296843882702376851&g_mp=Cilnb29nbGUubWFwcy5wbGFjZXMudjEuUGxhY2VzLlNlYXJjaE5lYXJieRACGAQgAA,ChIJ51xGjvAZDTkRkw-Fd6hzxpw
Hamid Rehman,store,store|point_of_interest|establishment,098115 43763,,"Shop 7 Sector 29 Market Mine Road, Sector 29, Gurugram, Haryana 122009, India",5,1,CLOSED_TEMPORARILY,https://maps.google.com/?cid=5010407047676313843&g_mp=Cilnb29nbGUubWFwcy5wbGFjZXMudjEuUGxhY2VzLlNlYXJjaE5lYXJieRACGAQgAA,ChIJ84pUMEIZDTkR80Dc4KmKiEU
Jivancharya,supermarket,supermarket|grocery_store|food_store|store|food|point_of_interest|establishment,073919 83006,https://jivancharya.com/,"Park, Leisure Valley Rd, near Roots Cafe, Sector 29, Gurugram, Haryana 122009, India",5,31,OPERATIONAL,https://maps.google.com/?cid=17183833394846345192&g_mp=Cilnb29nbGUubWFwcy5wbGFjZXMudjEuUGxhY2VzLlNlYXJjaE5lYXJieRACGAQgAA,ChIJhxzZ_HAZDTkR6KdPw209ee4
Gurugram Dronacharya Toastmasters Club,non_profit_organization,non_profit_organization|association_or_organization|point_of_interest|establishment,098710 94179,https://www.facebook.com/share/17MiCpohP5/,"Soch Hall, Sustainable Oasis, near Roots Cafe, Sector 29, Gurugram, Haryana 122002, India",5,10,OPERATIONAL,https://maps.google.com/?cid=8232385453229687169&g_mp=Cilnb29nbGUubWFwcy5wbGFjZXMudjEuUGxhY2VzLlNlYXJjaE5lYXJieRACGAQgAA,ChIJsViQHgA9DTkRgUHZ4fNOP3I
Roots - Cafe in the Park,cafe,cafe|breakfast_restaurant|coffee_shop|food_store|store|restaurant|food|point_of_interest|establishment,099711 34920,https://redcedarhospitality.com/,"Leisure Valley Rd, Near Rajiv Gandhi Park, Sector 29, Gurugram, Haryana 122009, India",4.3,6126,OPERATIONAL,https://maps.google.com/?cid=18202590629100659353&g_mp=Cilnb29nbGUubWFwcy5wbGFjZXMudjEuUGxhY2VzLlNlYXJjaE5lYXJieRACGAQgAA,ChIJ0WNzy-IYDTkRmSJmV7yXnPw
Wellness Forever,store,store|health|point_of_interest|service|establishment,088000 03434,,"Shop no. - 10, Roots Cafe, Leisure Valley Rd, near Rajiv Gandhi Park, Sector 29, Gurugram, Haryana 122001, India",5,1,OPERATIONAL,https://maps.google.com/?cid=11817708198231869394&g_mp=Cilnb29nbGUubWFwcy5wbGFjZXMudjEuUGxhY2VzLlNlYXJjaE5lYXJieRACGAQgAA,ChIJb15kSJ4ZDTkR0gfVTv7uAKQ
KisaanSay,shopping_mall,shopping_mall|point_of_interest|establishment,070110 66191,https://www.kisaansay.in/,"Leisure Valley Rd, near Rajiv Gandhi Park, Sector 29, Gurugram, Haryana 122009, India",5,7,OPERATIONAL,https://maps.google.com/?cid=1991875195273558444&g_mp=Cilnb29nbGUubWFwcy5wbGFjZXMudjEuUGxhY2VzLlNlYXJjaE5lYXJieRACGAQgAA,ChIJy_WZfwcZDTkRrDkxy--PpBs
Sanjay Soni,general_store,general_store|food_store|store|food|point_of_interest|establishment,095405 84858,,"Shop No -78, Park, Iffochowk Metro Station, near Leisure Valley Road, Sector 29, Gurugram, Haryana 122009, India",3,1,OPERATIONAL,https://maps.google.com/?cid=12205282161688344987&g_mp=Cilnb29nbGUubWFwcy5wbGFjZXMudjEuUGxhY2VzLlNlYXJjaE5lYXJieRACGAQgAA,ChIJMfJTDeIZDTkRm3nYrnXfYak
Zhaviah Studio,clothing_store,clothing_store|store|point_of_interest|establishment,099718 45887,https://www.zhaviahstudio.com/,"2, SOHAAT -Sustainable Oasis, Sector 29, Gurugram, Haryana 122009, India",5,3,OPERATIONAL,https://maps.google.com/?cid=7809957277136113382&g_mp=Cilnb29nbGUubWFwcy5wbGFjZXMudjEuUGxhY2VzLlNlYXJjaE5lYXJieRACGAQgAA,ChIJrbdgk58ZDTkR5s6svsOKYmw
Sustainable Oasis,,point_of_interest|establishment,096253 64441,https://sustainableoasis.green/,"Rajiv Gandhi Renewable Energy Park, Leisure Valley Rd, Sector 29, Gurugram, Haryana 122009, India",5,24,OPERATIONAL,https://maps.google.com/?cid=15433872630494177217&g_mp=Cilnb29nbGUubWFwcy5wbGFjZXMudjEuUGxhY2VzLlNlYXJjaE5lYXJieRACGAQgAA,ChIJqxux5JQZDTkRwac6oWIhMNY
New Leaf Ecoscapes Nursery,farm,farm|wholesaler|point_of_interest|service|establishment,088148 82699,,"Rajiv Gandhi Renewable Energy Park, Leisure Valley Rd, Sector 29, Gurugram, Haryana 122009, India",5,13,OPERATIONAL,https://maps.google.com/?cid=13787765521387423885&g_mp=Cilnb29nbGUubWFwcy5wbGFjZXMudjEuUGxhY2VzLlNlYXJjaE5lYXJieRACGAQgAA,ChIJxeweCgkZDTkRjQit5LD7V78
Rajiv Gandhi Renewable Energy Park,service,point_of_interest|service|establishment,0124 257 5616,https://rgrep.in/,"19-20, Leisure Valley Road, Sector 29, Gurugram, Haryana 122009, India",4.4,78,OPERATIONAL,https://maps.google.com/?cid=13892113749505114270&g_mp=Cilnb29nbGUubWFwcy5wbGFjZXMudjEuUGxhY2VzLlNlYXJjaE5lYXJieRACGAQgAA,ChIJ58bOc_0YDTkRnoCSAtqzysA
Tranciscolabs | Mobile App Development Company | Web Development Company,service,point_of_interest|service|establishment,095801 74570,https://tranciscolabs.com/,"RGREP, Park, Leisure Valley Rd, Sector 29, Gurugram, Haryana 122009, India",4.4,168,OPERATIONAL,https://maps.google.com/?cid=3181544507855758260&g_mp=Cilnb29nbGUubWFwcy5wbGFjZXMudjEuUGxhY2VzLlNlYXJjaE5lYXJieRACGAQgAA,ChIJ04TngC8ZDTkRtGPWk98dJyw
Love Kush Nursery & Garden Centre,garden_center,garden_center|store|point_of_interest|service|establishment,093313 00007,https://lovekushnursery.vercel.app/,"Metro Pillar No. 133, IFFCO Chowk, August Kranti Marg, near Platinum Tower, Sector 29, Gurugram, Haryana 122002, India",,,OPERATIONAL,https://maps.google.com/?cid=17105716743184844895&g_mp=Cilnb29nbGUubWFwcy5wbGFjZXMudjEuUGxhY2VzLlNlYXJjaE5lYXJieRACGAQgAA,ChIJoc_2zpQZDTkRXwj8eb-2Y-0
Nempal Vej Briyani UP 38,food_court,food_court|food|point_of_interest|establishment,098739 70969,,"Shop No 65, Iffco Iffco Metro, Sector 29, Gurugram, Haryana 122009, India",4.3,3,OPERATIONAL,https://maps.google.com/?cid=5673799970469539153&g_mp=Cilnb29nbGUubWFwcy5wbGFjZXMudjEuUGxhY2VzLlNlYXJjaE5lYXJieRACGAQgAA,ChIJTz5bIj0ZDTkRUW11FgNjvU4
POOLA WOOD CARVING,furniture_store,furniture_store|home_improvement_store|home_goods_store|store|point_of_interest|service|establishment,063090 41298,,"SHOP NO 1, PARK, NEAR, Leisure Valley Rd, Sector 29, Gurugram, Haryana 122009, India",4.8,4,OPERATIONAL,https://maps.google.com/?cid=15338908095972378356&g_mp=Cilnb29nbGUubWFwcy5wbGFjZXMudjEuUGxhY2VzLlNlYXJjaE5lYXJieRACGAQgAA,ChIJX1HEB_oZDTkR9AbM7qS_3tQ
Sachin Pal,food_court,food_court|food|point_of_interest|establishment,097739 58027,,"IFFCO Maitro, Sector 29, Gurugram, Haryana 122009, India",5,1,CLOSED_TEMPORARILY,https://maps.google.com/?cid=9871490764998328699&g_mp=Cilnb29nbGUubWFwcy5wbGFjZXMudjEuUGxhY2VzLlNlYXJjaE5lYXJieRACGAQgAA,ChIJVSEEhhQZDTkRe0FGo4yU_og
sudama pandey,bar,bar|point_of_interest|establishment,063077 47063,,"shop, no 56, Sector 29, Gurugram, Haryana 122009, India",,,CLOSED_TEMPORARILY,https://maps.google.com/?cid=4161049323268283728&g_mp=Cilnb29nbGUubWFwcy5wbGFjZXMudjEuUGxhY2VzLlNlYXJjaE5lYXJieRACGAQgAA,ChIJw8slQmwZDTkRUB1JNlAEvzk
New Khaira Tpt. Gurgaon,transportation_service,transportation_service|point_of_interest|establishment,097951 16767,http://www.newkhaira.com/,"375, Sector 29, Gurugram, Haryana 122009, India",5,4,OPERATIONAL,https://maps.google.com/?cid=4594713968755679490&g_mp=Cilnb29nbGUubWFwcy5wbGFjZXMudjEuUGxhY2VzLlNlYXJjaE5lYXJieRACGAQgAA,ChIJB17pOgAZDTkRAiE1wAK0wz8
GROUP-2 CARE SERVICES,service,point_of_interest|service|establishment,093108 82164,http://www.g2cs.co.in/,"A-622, Sushant Lok Phase I, Sector 29, Gurugram, Haryana 122009, India",4.6,11,OPERATIONAL,https://maps.google.com/?cid=13261097277599230250&g_mp=Cilnb29nbGUubWFwcy5wbGFjZXMudjEuUGxhY2VzLlNlYXJjaE5lYXJieRACGAQgAA,ChIJsRicl-EYDTkRKqkzs7bhCLg
Tatvam Tech Systems Private Limited,finance,finance|point_of_interest|establishment,098337 77227,,"A 562 G, Block A, Sushant Lok Phase I, Sector 43, Gurugram, Haryana 122009, India",5,1,OPERATIONAL,https://maps.google.com/?cid=15278451089603085187&g_mp=Cilnb29nbGUubWFwcy5wbGFjZXMudjEuUGxhY2VzLlNlYXJjaE5lYXJieRACGAQgAA,ChIJG3I69-EYDTkRg8P4OVH2B9Q
Growth Packers And Movers,transportation_service,transportation_service|point_of_interest|establishment,091383 72007,https://growthpackersmovers.com/,"563G, Block A, Sushant Lok Phase I, Sector 43, Gurugram, Haryana 122009, India",5,11,OPERATIONAL,https://maps.google.com/?cid=16221210724599799837&g_mp=Cilnb29nbGUubWFwcy5wbGFjZXMudjEuUGxhY2VzLlNlYXJjaE5lYXJieRACGAQgAA,ChIJwwQbO50ZDTkRHSCH2jVRHeE
Lime Tree Head Office Gurgaon,,point_of_interest|establishment,099710 97003,https://www.limetreehotels.com/,"2nd Floor, A- 587, near Iffco Chowk Metro Station, Sector 28, Sushant Lok Phase I, Sector 43, Gurugram, Haryana 122009, India",1,1,OPERATIONAL,https://maps.google.com/?cid=6199171677568421636&g_mp=Cilnb29nbGUubWFwcy5wbGFjZXMudjEuUGxhY2VzLlNlYXJjaE5lYXJieRACGAQgAA,ChIJubNsapkYDTkRBM8gz8vhB1Y
"Lime Tree Hotel Sushant Lok Gurgaon at IFFCO Metro close to Leisure Valley , Sector 29",hotel,hotel|lodging|point_of_interest|establishment,096670 79001,https://www.limetreehotels.com/sushant-lok-hotel-in-gurgaon/,"A-587, Sushant Lok Phase-1 Sector -28, Gurgaon, Block A, Sushant Lok Phase I, Sector 43, Delhi NCR, Gurugram, Haryana 122009, India",4.5,1136,OPERATIONAL,https://maps.google.com/?cid=12158555094538136318&g_mp=Cilnb29nbGUubWFwcy5wbGFjZXMudjEuUGxhY2VzLlNlYXJjaE5lYXJieRACGAQgAA,ChIJvbq6qMAYDTkR_ir2j3Ddu6g
"Meeting, Banquet & Conference Hall |Treebo Iffco Chowk",event_venue,private_guest_room|inn|motel|event_venue|lodging|point_of_interest|service|establishment,,http://treebo.com/,"Block A, Metro Station Iffco Chowk, 520 A, near IFFCO Chowk, Sector 28, Sushant Lok Phase I, Gurugram, Haryana 122002, India",,,OPERATIONAL,https://maps.google.com/?cid=7980659619877591172&g_mp=Cilnb29nbGUubWFwcy5wbGFjZXMudjEuUGxhY2VzLlNlYXJjaE5lYXJieRACGAQgAA,ChIJ4aI6O_4ZDTkRhJgbFKT_wG4
Jubair Ansari,tea_store,tea_store|food_store|store|food|point_of_interest|establishment,099711 75171,,"Block A, Sushant Lok Phase I, Sector 43, Gurugram, Haryana 122009, India",,,OPERATIONAL,https://maps.google.com/?cid=14873499190915131069&g_mp=Cilnb29nbGUubWFwcy5wbGFjZXMudjEuUGxhY2VzLlNlYXJjaE5lYXJieRACGAQgAA,ChIJqygiNOYZDTkRvWaOAbZIac4
Aval International,hotel,hotel|lodging|point_of_interest|establishment,0124 411 2379,,"520, A Block Service Rd, Sector 28, Sushant Lok Phase I, Gurugram, Haryana 122002, India",4.4,74,CLOSED_TEMPORARILY,https://maps.google.com/?cid=2357045986425945317&g_mp=Cilnb29nbGUubWFwcy5wbGFjZXMudjEuUGxhY2VzLlNlYXJjaE5lYXJieRACGAQgAA,ChIJc6iN_B4ZDTkR5bwtJNbotSA
"LCG 05, Laburnum Apts",apartment_building,apartment_building|point_of_interest|service|establishment,,,"841, Sushant Lok 1 Rd, Block A, Sushant Lok Phase I, Sector 43, Gurugram, Haryana 122009, India",5,2,OPERATIONAL,https://maps.google.com/?cid=16763221319296390016&g_mp=Cilnb29nbGUubWFwcy5wbGFjZXMudjEuUGxhY2VzLlNlYXJjaE5lYXJieRACGAQgAA,ChIJSeYrWPMZDTkRgJPqe_nsoug
God spa,massage_spa,massage_spa|massage|spa|point_of_interest|service|establishment,093542 47250,,"Sushant shopping arcade gate no 1 second floor, G 227, G-Block, Block A, Sushant Lok Phase I, Sector 43, Gurugram, Haryana 122009, India",4.5,4,OPERATIONAL,https://maps.google.com/?cid=11163711240140834383&g_mp=Cilnb29nbGUubWFwcy5wbGFjZXMudjEuUGxhY2VzLlNlYXJjaE5lYXJieRACGAQgAA,ChIJO9z720sZDTkRT0ahmzl47Zo
Narang Realtors,corporate_office,corporate_office|point_of_interest|establishment,098100 05469,,"First Floor, BLOCK-C, C1-2907B, Block A, Sushant Lok Phase I, Sector 43, Gurugram, Haryana 122009, India",,,OPERATIONAL,https://maps.google.com/?cid=13760949276144267599&g_mp=Cilnb29nbGUubWFwcy5wbGFjZXMudjEuUGxhY2VzLlNlYXJjaE5lYXJieRACGAQgAA,ChIJy1TzibUZDTkRT3G_QHW2-L4
Whips & Desserts,dessert_shop,dessert_shop|car_repair|confectionery|food_store|store|food|point_of_interest|service|establishment,085059 92296,,"E-Block, Block A, Sushant Lok Phase I, Sector 43, Gurugram, Haryana 122002, India",4,3,OPERATIONAL,https://maps.google.com/?cid=3562272247612846237&g_mp=Cilnb29nbGUubWFwcy5wbGFjZXMudjEuUGxhY2VzLlNlYXJjaE5lYXJieRACGAQgAA,ChIJlWmw5B4ZDTkRnTAySLy7bzE
GANPATIESTATE,general_contractor,general_contractor|point_of_interest|service|establishment,097111 10119,,"house number 04, E-Block, Block A, Sushant Lok Phase I, Sector 43, Gurugram, Haryana 122001, India",,,OPERATIONAL,https://maps.google.com/?cid=1566400231067917570&g_mp=Cilnb29nbGUubWFwcy5wbGFjZXMudjEuUGxhY2VzLlNlYXJjaE5lYXJieRACGAQgAA,ChIJ____v8IYDTkRAp3kBLb4vBU
"ITC Laburnum Apartments, Gurgaon",condominium_complex,condominium_complex|point_of_interest|service|establishment,,,"BLOCK-A, Sector 28, Sushant Lok Phase I, Sector 43, Gurugram, Haryana 122009, India",5,1,OPERATIONAL,https://maps.google.com/?cid=2022650605458385839&g_mp=Cilnb29nbGUubWFwcy5wbGFjZXMudjEuUGxhY2VzLlNlYXJjaE5lYXJieRACGAQgAA,ChIJ-W8XdQAZDTkRr2sTWwLmERw
Tata Sky DTH,wholesaler,wholesaler|point_of_interest|service|establishment,098184 50340,,"C 2434/35, Peach Tree Rd, near Gurugram, Block A, Sushant Lok Phase I, Sector 43, Gurugram, Haryana 122001, India",5,1,OPERATIONAL,https://maps.google.com/?cid=911351920983859057&g_mp=Cilnb29nbGUubWFwcy5wbGFjZXMudjEuUGxhY2VzLlNlYXJjaE5lYXJieRACGAQgAA,ChIJtbF70OAYDTkRcd-cW77FpQw
Healing Harrmony by Pooja,service,health|point_of_interest|service|establishment,096258 19367,https://healingharrmony.com/,"Laburnum Condominium, Block A, Sushant Lok Phase I, Sector 43, Gurugram, Haryana 122002, India",5,7,OPERATIONAL,https://maps.google.com/?cid=3373999307929328570&g_mp=Cilnb29nbGUubWFwcy5wbGFjZXMudjEuUGxhY2VzLlNlYXJjaE5lYXJieRACGAQgAA,ChIJEUaS16AZDTkRupuKjX7a0i4
"3611, DLF Phase 4",apartment_building,apartment_building|service|point_of_interest|establishment,,,"3611, DLF Galleria Rd, Sector 28, DLF Phase IV, Gurugram, Haryana 122009, India",,,OPERATIONAL,https://maps.google.com/?cid=5766407252239184855&g_mp=Cilnb29nbGUubWFwcy5wbGFjZXMudjEuUGxhY2VzLlNlYXJjaE5lYXJieRACGAQgAA,ChIJn_DKj3gZDTkR1_PzG9hkBlA
Zink Fitness Studio,fitness_center,fitness_center|gym|sports_activity_location|health|school|educational_institution|point_of_interest|establishment,088822 94727,https://zinkfitness.in/,"4th Floor, Plot No. 3807, near Mother’s Pride School, next to Ivy Apartments, Block A, DLF Phase IV, Sector 43, Gurugram, Haryana 122009, India",4.5,85,OPERATIONAL,https://maps.google.com/?cid=5788669281099026034&g_mp=Cilnb29nbGUubWFwcy5wbGFjZXMudjEuUGxhY2VzLlNlYXJjaE5lYXJieRACGAQgAA,ChIJXSrGWigZDTkRco4fngp8VVA
"3613, Phase IV, Sector 28",apartment_building,apartment_building|service|point_of_interest|establishment,,,"3613, Sector 28, DLF Phase IV, Gurugram, Haryana 122009, India",,,OPERATIONAL,https://maps.google.com/?cid=13707727963210814159&g_mp=Cilnb29nbGUubWFwcy5wbGFjZXMudjEuUGxhY2VzLlNlYXJjaE5lYXJieRACGAQgAA,ChIJx4AaSAAZDTkRz5LetPShO74
"3617, DLF Phase 4",apartment_building,apartment_building|service|point_of_interest|establishment,,,"3618, DLF Galleria Rd, Sector 28, DLF Phase IV, Gurugram, Haryana 122009, India",5,1,OPERATIONAL,https://maps.google.com/?cid=4445090717414831511&g_mp=Cilnb29nbGUubWFwcy5wbGFjZXMudjEuUGxhY2VzLlNlYXJjaE5lYXJieRACGAQgAA,ChIJvXHnXwAZDTkRl7Xl1XQisD0
"3618, DLF Phase 4",apartment_building,apartment_building|service|point_of_interest|establishment,,,"3618, DLF Galleria Rd, Sector 28, DLF Phase IV, Gurugram, Haryana 122009, India",,,OPERATIONAL,https://maps.google.com/?cid=14360709307153886407&g_mp=Cilnb29nbGUubWFwcy5wbGFjZXMudjEuUGxhY2VzLlNlYXJjaE5lYXJieRACGAQgAA,ChIJPZsNHAAZDTkRx6yNTwd9S8c
Haryana Branch of AIOTA,service,medical_clinic|health|school|educational_institution|service|point_of_interest|establishment,099101 99877,http://www.sochindia.co.in/,"1st & 2nd Floor, adjacent IVY APARTMENT, opposite Traffic Tower, Block A, Sushant Lok Phase I, Sector 43, Gurugram, Haryana 122009, India",4.1,9,OPERATIONAL,https://maps.google.com/?cid=13384812818326774343&g_mp=Cilnb29nbGUubWFwcy5wbGFjZXMudjEuUGxhY2VzLlNlYXJjaE5lYXJieRACGAQgAA,ChIJVVVVeN4YDTkRR2J2rVdowLk
"Office of the Deputy Commissioner of Police (DCP) East, Gurugram",government_office,government_office|point_of_interest|establishment,0124 257 2659,http://gurgaon.haryanapolice.gov.in/,"F3CH+GWG, Sector 28, DLF City IV, Gurugram, Haryana 122009, India",5,1,OPERATIONAL,https://maps.google.com/?cid=15520240634114262261&g_mp=Cilnb29nbGUubWFwcy5wbGFjZXMudjEuUGxhY2VzLlNlYXJjaE5lYXJieRACGAQgAA,ChIJv0QRCAAZDTkR9cT2gKD4Ytc
"SOCH & Feeding Clinic, Dr. Manish & Dr. Malvika Samnani",service,health|service|point_of_interest|establishment,099101 99877,https://sochindia.co.in/,"1st & 2nd Floor, adjacent IVY APARTMENT, opposite Traffic Tower, Block A, Sushant Lok Phase I, Sector 43, Gurugram, Haryana 122009, India",4.5,11,OPERATIONAL,https://maps.google.com/?cid=10124047401894698664&g_mp=Cilnb29nbGUubWFwcy5wbGFjZXMudjEuUGxhY2VzLlNlYXJjaE5lYXJieRACGAQgAA,ChIJVQgTYzUZDTkRqF4m93jXf4w
"Vidyamandir Classes, Gurugram",,point_of_interest|establishment,0124 414 8541,,"3807 Chander Lok Road, Near, Sushant Lok Road, Galleria Market, Block A, DLF Phase IV, Sector 43, Gurugram, Haryana 122009, India",4.2,274,OPERATIONAL,https://maps.google.com/?cid=18393990942958409891&g_mp=Cilnb29nbGUubWFwcy5wbGFjZXMudjEuUGxhY2VzLlNlYXJjaE5lYXJieRACGAQgAA,ChIJV3LVd-AYDTkRo9jJnE6VRP8
"Goels 3705, dlf phase 4",apartment_building,apartment_building|service|point_of_interest|establishment,,,"3705, DLF Galleria Rd, Sector 28, DLF Phase IV, Gurugram, Haryana 122009, India",5,3,OPERATIONAL,https://maps.google.com/?cid=1385257627787135186&g_mp=Cilnb29nbGUubWFwcy5wbGFjZXMudjEuUGxhY2VzLlNlYXJjaE5lYXJieRACGAQgAA,ChIJ8U8B3xUZDTkR0ginGnlsORM
DCP Traffic Gurgaon Police,government_office,police|government_office|service|point_of_interest|establishment,0124 238 6000,http://gurgaon.haryanapolice.gov.in/ps-dlf-sec-29.htm,"Block A, Sector 28, Sushant Lok Phase I, Sector 43, Gurugram, Haryana 122009, India",,,OPERATIONAL,https://maps.google.com/?cid=7512440077781404957&g_mp=Cilnb29nbGUubWFwcy5wbGFjZXMudjEuUGxhY2VzLlNlYXJjaE5lYXJieRACGAQgAA,ChIJG6Je-98YDTkRHY2RuHKMQWg
JK Full Home Deep Cleaning Service,service,point_of_interest|service|establishment,082501 35473,https://jk-full-home-deep.grexa.site/,"2623, Sector 28, DLF Phase IV, Gurugram, Haryana 122002, India",4.8,148,OPERATIONAL,https://maps.google.com/?cid=4861462553747405890&g_mp=Cilnb29nbGUubWFwcy5wbGFjZXMudjEuUGxhY2VzLlNlYXJjaE5lYXJieRACGAQgAA,ChIJAZcivUwlBCMRQjz6fG9id0M
Garg Traders,grocery_store,grocery_store|general_store|food_store|store|food|point_of_interest|establishment,098108 42684,,"Shop No-1, Ganesh Mandir Road, Near Bihari Market, Chakkarpur, DLF City IV, Sector 28, Sector 28, DLF City IV, Gurugram, Haryana 122002, India",3.9,35,OPERATIONAL,https://maps.google.com/?cid=6765314256031659878&g_mp=Cilnb29nbGUubWFwcy5wbGFjZXMudjEuUGxhY2VzLlNlYXJjaE5lYXJieRACGAQgAA,ChIJzS1kod8YDTkRZjenwHg5410
The Sassy Kitchen,restaurant,restaurant|food|point_of_interest|establishment,072900 15756,,"House No, 2725, Sector 28, DLF Phase IV, Gurugram, Haryana 122002, India",5,5,OPERATIONAL,https://maps.google.com/?cid=10430135835414800560&g_mp=Cilnb29nbGUubWFwcy5wbGFjZXMudjEuUGxhY2VzLlNlYXJjaE5lYXJieRACGAQgAA,ChIJjSiXXIcZDTkRsKj49EdJv5A
Helpers Connect,employment_agency,employment_agency|point_of_interest|service|establishment,074172 35075,,"H No. 2540, near Galleria Market, Sector 28, DLF Phase IV, Gurugram, Haryana 122002, India",5,1,OPERATIONAL,https://maps.google.com/?cid=15793585159808899801&g_mp=Cilnb29nbGUubWFwcy5wbGFjZXMudjEuUGxhY2VzLlNlYXJjaE5lYXJieRACGAQgAA,ChIJW67PEN8YDTkR2VpKXAYWLts
Arjun Hotels and Apartments,hotel,hotel|lodging|point_of_interest|establishment,095683 89703,,"H No-22, Sector 28, DLF Phase 1, Gurugram, Haryana 122002, India",3.3,3,OPERATIONAL,https://maps.google.com/?cid=3920408555153010020&g_mp=Cilnb29nbGUubWFwcy5wbGFjZXMudjEuUGxhY2VzLlNlYXJjaE5lYXJieRACGAQgAA,ChIJs_kNDt8YDTkRZC1MSM8WaDY
Bestech Central Boulevard,corporate_office,corporate_office|point_of_interest|establishment,095996 01283,,"Shop No-25 Ground Floor Adminton Mall Hotel Bristol, A Block, Sector 28, DLF Phase 1, Gurugram, Haryana 122002, India",,,OPERATIONAL,https://maps.google.com/?cid=10907809486858025333&g_mp=Cilnb29nbGUubWFwcy5wbGFjZXMudjEuUGxhY2VzLlNlYXJjaE5lYXJieRACGAQgAA,ChIJiUUPDt8YDTkRdfnOre9SYJc
Qmono Express,chinese_restaurant,chinese_restaurant|restaurant|food|point_of_interest|establishment,093196 15111,,"Sushant Market, 1, Sector 28, DLF City IV, Gurugram, Haryana 122002, India",4.1,14,OPERATIONAL,https://maps.google.com/?cid=11554890387218583028&g_mp=Cilnb29nbGUubWFwcy5wbGFjZXMudjEuUGxhY2VzLlNlYXJjaE5lYXJieRACGAQgAA,ChIJ0498mOAYDTkR9E29NJY3W6A
Apple Repair Service Centre,service,cell_phone_store|store|point_of_interest|service|establishment,096543 38915,http://www.appleproductsrepaircenter.in/,"Shop No - 30B, Saraswati Vihar, DLF Phase 1, Gurugram, Haryana 122002, India",4.8,608,OPERATIONAL,https://maps.google.com/?cid=11154595476971924918&g_mp=Cilnb29nbGUubWFwcy5wbGFjZXMudjEuUGxhY2VzLlNlYXJjaE5lYXJieRACGAQgAA,ChIJe3eC7yUZDTkRti0XmnwVzZo
Car Wash Hub,car_wash,car_wash|point_of_interest|service|establishment,099537 55559,,"Bihari Market ( Sushant Market, HNO - 2640, Sector 28, DLF Phase IV, Gurugram, Haryana 122002, India",5,5,OPERATIONAL,https://maps.google.com/?cid=14039879791472104542&g_mp=Cilnb29nbGUubWFwcy5wbGFjZXMudjEuUGxhY2VzLlNlYXJjaE5lYXJieRACGAQgAA,ChIJr3QkNhoZDTkRXlThq0is18I
Sound-Squirrel Studio,store,store|point_of_interest|service|establishment,098101 02801,http://sound-squirrel.com/,"Office No 5 & 6, First Floor 2640, Sushant Market, Sector 28, DLF Phase IV, Gurugram, Haryana 122002, India",4.5,125,OPERATIONAL,https://maps.google.com/?cid=9057027336364161208&g_mp=Cilnb29nbGUubWFwcy5wbGFjZXMudjEuUGxhY2VzLlNlYXJjaE5lYXJieRACGAQgAA,ChIJzaTL0QkZDTkRuPj8UGAGsX0
Roger Travels,travel_agency,travel_agency|point_of_interest|service|establishment,070026 23287,,"2619, Sector 28, DLF Phase IV, Gurugram, Haryana 122002, India",,,OPERATIONAL,https://maps.google.com/?cid=6506067414950675590&g_mp=Cilnb29nbGUubWFwcy5wbGFjZXMudjEuUGxhY2VzLlNlYXJjaE5lYXJieRACGAQgAA,ChIJx7AoBXUZDTkRhgTh4NcxSlo
Saini Readymade and Boot House,shoe_store,shoe_store|store|point_of_interest|establishment,075330 44822,,"Baba Market, Jaina Market, Sector 28, DLF City IV, Gurugram, Haryana 122002, India",,,CLOSED_TEMPORARILY,https://maps.google.com/?cid=7088281122505581802&g_mp=Cilnb29nbGUubWFwcy5wbGFjZXMudjEuUGxhY2VzLlNlYXJjaE5lYXJieRACGAQgAA,ChIJESPF39gYDTkR6mQNJyCiXmI
Kirana Genral Store,general_store,general_store|food_store|store|food|point_of_interest|establishment,093557 57193,,"Shop No.1, Vijay Hall, Jaina Market, Sector 28, Chakkarpur, Gurugram, Haryana 122002, India",,,CLOSED_TEMPORARILY,https://maps.google.com/?cid=14643122728359840543&g_mp=Cilnb29nbGUubWFwcy5wbGFjZXMudjEuUGxhY2VzLlNlYXJjaE5lYXJieRACGAQgAA,ChIJAbN2Cn0ZDTkRH0tW8onSNss
ADARSH CLINIC,doctor,doctor|medical_clinic|health|point_of_interest|establishment,095558 82116,,"Shop No.10 Sector.28, Vijay Cinema Hall Rd, Jaina Market, Sector 28, Chakkarpur, Market, Gurugram, Haryana 122002, India",5,1,OPERATIONAL,https://maps.google.com/?cid=11010761204974299181&g_mp=Cilnb29nbGUubWFwcy5wbGFjZXMudjEuUGxhY2VzLlNlYXJjaE5lYXJieRACGAQgAA,ChIJEzuXz9gYDTkRLSglefoUzpg
Rishu Boutique,clothing_store,clothing_store|store|point_of_interest|establishment,098712 10649,,"F3CP+9FW Baba Market, Jaina Market, A Block, Chakkarpur, Gurugram, Haryana 122002, India",2.3,3,OPERATIONAL,https://maps.google.com/?cid=8189185815017423468&g_mp=Cilnb29nbGUubWFwcy5wbGFjZXMudjEuUGxhY2VzLlNlYXJjaE5lYXJieRACGAQgAA,ChIJOWM129gYDTkRbALITxzVpXE
Vijay General Store,general_store,general_store|food_store|store|food|point_of_interest|establishment,096504 87398,,"Near. Vijay Hall, F3CP+9GM, Jaina Market, Sector 28, Chakkarpur, Gurugram, Haryana 122002, India",4.7,3,OPERATIONAL,https://maps.google.com/?cid=713319350067585886&g_mp=Cilnb29nbGUubWFwcy5wbGFjZXMudjEuUGxhY2VzLlNlYXJjaE5lYXJieRACGAQgAA,ChIJTfZU3NgYDTkRXuMwaCs45gk
RCB Public School,school,school|educational_institution|point_of_interest|establishment,0124 641 0050,,"Baba Market, Near Vijay Hall, Chakkarpur, F3CP+9C2, Jaina Market, Sector 28, DLF City IV, Gurugram, Haryana 122002, India",,,CLOSED_TEMPORARILY,https://maps.google.com/?cid=6790493720781394000&g_mp=Cilnb29nbGUubWFwcy5wbGFjZXMudjEuUGxhY2VzLlNlYXJjaE5lYXJieRACGAQgAA,ChIJrz282tgYDTkRUBCyvA-uPF4
S R Medical Store,pharmacy,pharmacy|store|health|point_of_interest|establishment,088002 13104,,"Shop No 8, NCR, opposite Vijay Cinema Hall Road, Sector 28, Chakkarpur, Gurugram, Region, Haryana 122002, India",3,2,OPERATIONAL,https://maps.google.com/?cid=3734142811786216939&g_mp=Cilnb29nbGUubWFwcy5wbGFjZXMudjEuUGxhY2VzLlNlYXJjaE5lYXJieRACGAQgAA,ChIJIeSW3NgYDTkR64UYXRpX0jM
Pooja clinic,doctor,doctor|health|point_of_interest|establishment,099713 90343,,"Shop no 10, anju market, near Vijay Cinema Hall Road, Sector 28, Chakkarpur, Gurugram, Haryana 122002, India",,,OPERATIONAL,https://maps.google.com/?cid=11900358073300255670&g_mp=Cilnb29nbGUubWFwcy5wbGFjZXMudjEuUGxhY2VzLlNlYXJjaE5lYXJieRACGAQgAA,ChIJSQse2kMZDTkRtoMD652QJqU
Rahaman Clinic,medical_clinic,medical_clinic|health|point_of_interest|establishment,097171 73223,,"Vijay Cinema Hall Road, Chakkarpur, opp. R.C.B. Public School, Jaina Market, Sector 28, Chakkarpur, Gurugram, Haryana 122002, India",,,OPERATIONAL,https://maps.google.com/?cid=11386874097093608171&g_mp=Cilnb29nbGUubWFwcy5wbGFjZXMudjEuUGxhY2VzLlNlYXJjaE5lYXJieRACGAQgAA,ChIJf70YxdgYDTkR64JcO6lNBp4
Ershan Saloon,hair_salon,hair_salon|hair_care|point_of_interest|service|establishment,088103 56372,,"Jaina Market, Sector 28, DLF City IV, Gurugram, Haryana 122002, India",5,1,OPERATIONAL,https://maps.google.com/?cid=6200394354791359727&g_mp=Cilnb29nbGUubWFwcy5wbGFjZXMudjEuUGxhY2VzLlNlYXJjaE5lYXJieRACGAQgAA,ChIJufypTtcZDTkR7yStiNA5DFY
HAPPY NEST Deep Cleaning Services,service,point_of_interest|service|establishment,083481 70984,https://happynestdeepcleaning.com/,"Shop no. 0C, house. 766, Vijay Cinema hall raod, Chakkarpur, Jaina Market, Sector 28, DLF Phase IV, Gurugram, Haryana 122022, India",5,24,OPERATIONAL,https://maps.google.com/?cid=3239360994532315879&g_mp=Cilnb29nbGUubWFwcy5wbGFjZXMudjEuUGxhY2VzLlNlYXJjaE5lYXJieRACGAQgAA,ChIJe5Xe-aoZDTkR59JaYqmF9Cw
बबलू हेयर ड्रेसर ब्यूटी सैलून,hair_salon,hair_salon|hair_care|point_of_interest|service|establishment,079063 25342,,"F3CP+8J2, Vijay Cinema Hall Rd, Sector 28, DLF City IV, Gurugram, Haryana 122002, India",,,OPERATIONAL,https://maps.google.com/?cid=17570750456826287771&g_mp=Cilnb29nbGUubWFwcy5wbGFjZXMudjEuUGxhY2VzLlNlYXJjaE5lYXJieRACGAQgAA,ChIJEzVM3NgYDTkRm9YpWHLY1_M
Dipali Clinic,dental_clinic,dental_clinic|medical_clinic|health|point_of_interest|establishment,089205 40909,,"Shop No, 735, Vijay Cinema Hall Rd, Chakkarpur, Sector 28 Chakarpur, Sec 28, Sector 28, Chakkarpur, Gurugram, Haryana 122002, India",,,OPERATIONAL,https://maps.google.com/?cid=17277289064494921503&g_mp=Cilnb29nbGUubWFwcy5wbGFjZXMudjEuUGxhY2VzLlNlYXJjaE5lYXJieRACGAQgAA,ChIJnbdSVqQZDTkRH_f1et1Cxe8
NK EMBROIDERY,service,supplier|store|point_of_interest|service|establishment,098105 53786,,"SHOP NUMBER, 10, KAILASH MARKET, Ambedkar Colony, Sector 28, Chakkarpur, Gurugram, Haryana 122002, India",5,4,OPERATIONAL,https://maps.google.com/?cid=11599482183672084250&g_mp=Cilnb29nbGUubWFwcy5wbGFjZXMudjEuUGxhY2VzLlNlYXJjaE5lYXJieRACGAQgAA,ChIJVV4-raUZDTkRGjc_4Jaj-aA
Sugandha Salon & Academy,beauty_salon,beauty_salon|nail_salon|makeup_artist|beautician|school|educational_institution|point_of_interest|service|establishment,097185 00470,,"Bhardwaj Villa, 334p, near Maruti Suzuki Academy, Sector 28, Chakkarpur, Gurugram, Haryana 122002, India",4.8,146,OPERATIONAL,https://maps.google.com/?cid=11565397326419005807&g_mp=Cilnb29nbGUubWFwcy5wbGFjZXMudjEuUGxhY2VzLlNlYXJjaE5lYXJieRACGAQgAA,ChIJgZK17W4ZDTkRbxF1n5eLgKA
OM Shanti Yoga Services,,point_of_interest|establishment,098117 75444,https://www.omshantiyoga.in/,"D904, Sector 28, Jaina Market, Sector 28, Chakkarpur, Gurugram, Haryana 122009, India",5,21,OPERATIONAL,https://maps.google.com/?cid=9111579101378500423&g_mp=Cilnb29nbGUubWFwcy5wbGFjZXMudjEuUGxhY2VzLlNlYXJjaE5lYXJieRACGAQgAA,ChIJ1xb9AVYZDTkRR9eJ4OrUcn4
"Sector-28, Gurugram",apartment_complex,apartment_complex|point_of_interest|service|establishment,,,"301, Sector 28, Chakkarpur, Gurugram, Haryana 122009, India",4.8,12,OPERATIONAL,https://maps.google.com/?cid=8369905196416621530&g_mp=Cilnb29nbGUubWFwcy5wbGFjZXMudjEuUGxhY2VzLlNlYXJjaE5lYXJieRACGAQgAA,ChIJH221VAAZDTkR2tsbNG7gJ3Q
S.k garments,clothing_store,clothing_store|store|point_of_interest|establishment,085278 72737,,"Sector 28, Chakkarpur, Gurugram, Haryana 122009, India",5,1,OPERATIONAL,https://maps.google.com/?cid=6384366095048207077&g_mp=Cilnb29nbGUubWFwcy5wbGFjZXMudjEuUGxhY2VzLlNlYXJjaE5lYXJieRACGAQgAA,ChIJ3ZLPG7UZDTkR5WplOyPTmVg
Fellmonger,shoe_store,shoe_store|store|point_of_interest|establishment,098991 35310,https://fellmonger.in/,"343P, Golf Course Rd, Sector 28, Chakkarpur, Gurugram, Haryana 122002, India",4.9,38,OPERATIONAL,https://maps.google.com/?cid=15839117734424853569&g_mp=Cilnb29nbGUubWFwcy5wbGFjZXMudjEuUGxhY2VzLlNlYXJjaE5lYXJieRACGAQgAA,ChIJgzfk04EZDTkRQbz7A6nZz9s
Carelan,hospital,hospital|health|point_of_interest|service|establishment,092899 04613,http://www.carelan.in/,"Ground Floor Plot no.359, near Maruti Suzuki Training school, Sector 28, DLF Phase 1, Gurugram, Haryana 122009, India",5,3,OPERATIONAL,https://maps.google.com/?cid=4013993590358835195&g_mp=Cilnb29nbGUubWFwcy5wbGFjZXMudjEuUGxhY2VzLlNlYXJjaE5lYXJieRACGAQgAA,ChIJvcI3VHIZDTkR-38IROeRtDc
OYO Townhouse 283 Mintstayz Sector 28,hotel,hotel|guest_house|cottage|motel|inn|lodging|service|point_of_interest|establishment,0124 620 1166,https://www.oyorooms.com/106726/,"H.No. 56, 75, Golf Crse Rd, Sector 28, Chakkarpur, Gurugram, Haryana 122002, India",3.9,210,OPERATIONAL,https://maps.google.com/?cid=9845932567182466411&g_mp=Cilnb29nbGUubWFwcy5wbGFjZXMudjEuUGxhY2VzLlNlYXJjaE5lYXJieRACGAQgAA,ChIJeduaygAZDTkRa11c_YDHo4g
"Dr. Lipika Rk Gupta’s Clinic | MBBS, MS General Surgery",doctor,doctor|medical_center|hospital|medical_clinic|local_government_office|consultant|health|government_office|service|point_of_interest|establishment,088262 67934,https://www.drlipikaclinic.com/,"house number 56 basement, Sector 28, Chakkarpur, Gurugram, Haryana 122002, India",4.9,138,OPERATIONAL,https://maps.google.com/?cid=14324446042861549804&g_mp=Cilnb29nbGUubWFwcy5wbGFjZXMudjEuUGxhY2VzLlNlYXJjaE5lYXJieRACGAQgAA,ChIJpYILRaoZDTkR7DgDJcinysY
iMedicalHub,medical_center,medical_center|hospital|health|service|point_of_interest|establishment,098104 25485,,"Plot No. 56, Sector 28, Chakkarpur, Gurugram, Haryana 122002, India",5,3,OPERATIONAL,https://maps.google.com/?cid=12720289167206757191&g_mp=Cilnb29nbGUubWFwcy5wbGFjZXMudjEuUGxhY2VzLlNlYXJjaE5lYXJieRACGAQgAA,ChIJ01h0kiAZDTkRR7ObQ5qLh7A
Trisight Financial Advisers,consultant,insurance_agency|finance|consultant|health|service|point_of_interest|establishment,093544 79646,,"HOUSE NUMBER 56, Sector 28, Chakkarpur, Gurugram, Haryana 122002, India",5,5,OPERATIONAL,https://maps.google.com/?cid=4145935783066503049&g_mp=Cilnb29nbGUubWFwcy5wbGFjZXMudjEuUGxhY2VzLlNlYXJjaE5lYXJieRACGAQgAA,ChIJRcSOGd4ZDTkRiYdC66BSiTk
PROBITY CORPADVISORS,accounting,accounting|finance|service|point_of_interest|establishment,098717 14933,http://probityca.com/,"55, Third Floor, Metro Station, Golf Crse Rd, Sector 28, DLF Phase 1, Gurugram, Haryana 122002, India",,,OPERATIONAL,https://maps.google.com/?cid=15441796666249006617&g_mp=Cilnb29nbGUubWFwcy5wbGFjZXMudjEuUGxhY2VzLlNlYXJjaE5lYXJieRACGAQgAA,ChIJsSP8020iDTkRGU6V-UBITNY
Easy Lane Management Private Limited,service,service|point_of_interest|establishment,072177 41682,http://www.elmpl.in/,"Plot no 57, Sector 28, Chakkarpur, Gurugram, Haryana 122002, India",3.3,7,OPERATIONAL,https://maps.google.com/?cid=2888315561157321044&g_mp=Cilnb29nbGUubWFwcy5wbGFjZXMudjEuUGxhY2VzLlNlYXJjaE5lYXJieRACGAQgAA,ChIJ_4ZeRKoZDTkRVOEDLrNbFSg
Saltstayz Express - Golf Course Road & DLF Phase-1,hotel,hotel|lodging|event_venue|point_of_interest|establishment,095991 99605,,"Plot No. 75, Metro, Global, Foyer Mall, Golf Crse Rd, near DLF Phase-1, Sector 28, Chakkarpur, Gurugram, Haryana 122002, India",4.7,2007,OPERATIONAL,https://maps.google.com/?cid=16920317736509926552&g_mp=Cilnb29nbGUubWFwcy5wbGFjZXMudjEuUGxhY2VzLlNlYXJjaE5lYXJieRACGAQgAA,ChIJ3VQnN78ZDTkRmGxqa1UL0eo
ShutterDown Photograhy and Films | Lakshya Chawla,service,service|point_of_interest|establishment,095993 14849,http://www.shutterdown.in/,"74, First Floor, Sector 28, Chakkarpur, Gurugram, Haryana 122002, India",4.5,39,OPERATIONAL,https://maps.google.com/?cid=1872698868785417929&g_mp=Cilnb29nbGUubWFwcy5wbGFjZXMudjEuUGxhY2VzLlNlYXJjaE5lYXJieRACGAQgAA,ChIJrQOmNm0ZDTkRyQ47_bIp_Rk
Mushin Technologies,service,service|point_of_interest|establishment,097170 86212,https://www.mushintechnologies.com/,"Sector 28, DLF Phase 1, Gurugram, Haryana 122002, India",5,7,OPERATIONAL,https://maps.google.com/?cid=3288587599419538382&g_mp=Cilnb29nbGUubWFwcy5wbGFjZXMudjEuUGxhY2VzLlNlYXJjaE5lYXJieRACGAQgAA,ChIJh6Fd9boZDTkRzvsnfP9ooy0
Flameback Tech,manufacturer,electronics_store|store|manufacturer|service|point_of_interest|establishment,099993 33268,https://www.flamebacktech.com/,"Sector 28, DLF Phase 1, Gurugram, Haryana 122002, India",5,16,OPERATIONAL,https://maps.google.com/?cid=4394694040324006862&g_mp=Cilnb29nbGUubWFwcy5wbGFjZXMudjEuUGxhY2VzLlNlYXJjaE5lYXJieRACGAQgAA,ChIJXWQoY5ZhokYRzuMJEvIW_Tw
Novella Kitchens - Modular Kitchens and Wardrobes,furniture_store,furniture_store|home_improvement_store|home_goods_store|store|manufacturer|general_contractor|service|point_of_interest|establishment,098109 02360,https://www.novellakitchens.com/,"Basement, 79, Golf Crse Rd, Sector 28, Chakkarpur, Gurugram, Haryana 122002, India",5,46,OPERATIONAL,https://maps.google.com/?cid=17379571150642401469&g_mp=Cilnb29nbGUubWFwcy5wbGFjZXMudjEuUGxhY2VzLlNlYXJjaE5lYXJieRACGAQgAA,ChIJsYDrv-8ZDTkRvdCqbuGjMPE
Oceano Apex Pvt. Ltd.,consultant,consultant|service|point_of_interest|establishment,099908 88009,http://www.oceanoapex.com/,"Second Floor, Building No. 74, Sector 28, DLF Phase 1, Gurugram, Haryana 122002, India",5,25,OPERATIONAL,https://maps.google.com/?cid=3019865900385203973&g_mp=Cilnb29nbGUubWFwcy5wbGFjZXMudjEuUGxhY2VzLlNlYXJjaE5lYXJieRACGAQgAA,ChIJy5gykIwZDTkRBXfGVQm46Ck
The Gut Feel Show by Prranav Vashistha (Podcaster in Delhi NCR),medical_clinic,medical_clinic|health|point_of_interest|establishment,098992 33429,,"B15, Paschim Marg, DLF Phase 1, Sector 26A, Gurugram, Haryana 122002, India",4.9,15,OPERATIONAL,https://maps.google.com/?cid=8544021985803163093&g_mp=Cilnb29nbGUubWFwcy5wbGFjZXMudjEuUGxhY2VzLlNlYXJjaE5lYXJieRACGAQgAA,ChIJIXNsxosZDTkR1dXsWLp2knY
Beatifics,dental_clinic,dental_clinic|doctor|medical_clinic|dentist|health|point_of_interest|establishment,073034 31444,https://www.beatificsdentalclinic.com/,"B-15/6, GF B - Block, DLF Phase 1, Sector 26A, Gurugram, Haryana 122002, India",5,68,CLOSED_TEMPORARILY,https://maps.google.com/?cid=3741712488010415215&g_mp=Cilnb29nbGUubWFwcy5wbGFjZXMudjEuUGxhY2VzLlNlYXJjaE5lYXJieRACGAQgAA,ChIJrSCs5h8ZDTkRb_yA86477TM
Neha Tarun,clothing_store,clothing_store|store|point_of_interest|establishment,085958 93683,https://nehatarun.com/,"B 15/16, Paschim Marg, Block B, Sector 26A, Gurugram, Haryana 122002, India",5,13,OPERATIONAL,https://maps.google.com/?cid=13068342867665182825&g_mp=Cilnb29nbGUubWFwcy5wbGFjZXMudjEuUGxhY2VzLlNlYXJjaE5lYXJieRACGAQgAA,ChIJm_6fJNsZDTkRaWAxXpkUXLU
Dr. Vrinda Gupta (Dentist) | Best Dentist | Dental Clinic | Dental Implants | Invisalign in DLF Phase 1,dentist,dentist|doctor|health|point_of_interest|establishment,073034 31444,http://www.beatificsdentalclinic.com/,"Beatifics Dental Clinic B-15/6, B-Block, DLF Phase 1, Sector 26A, Gurugram, Haryana 122002, India",5,3,OPERATIONAL,https://maps.google.com/?cid=11698293986889065160&g_mp=Cilnb29nbGUubWFwcy5wbGFjZXMudjEuUGxhY2VzLlNlYXJjaE5lYXJieRACGAQgAA,ChIJnf4mb_gZDTkRyGKcnmawWKI
pestexpertsolution,service,service|point_of_interest|establishment,099907 20393,https://pestexpertsolution.in/,"House No-B16/7, G-F, DLF Phase 1, Sector 26A, Gurugram, Haryana 122002, India",4.9,63,OPERATIONAL,https://maps.google.com/?cid=10130046904676928147&g_mp=Cilnb29nbGUubWFwcy5wbGFjZXMudjEuUGxhY2VzLlNlYXJjaE5lYXJieRACGAQgAA,ChIJG3h9LoMZDTkRk0pQD_0nlYw
Art Avenue,service,service|point_of_interest|establishment,098280 59636,https://artavenue.com/,"3rd Floor, B-14/23, DLF Phase 1, Sector 26A, Gurugram, Haryana 122002, India",,,OPERATIONAL,https://maps.google.com/?cid=4665306787051693477&g_mp=Cilnb29nbGUubWFwcy5wbGFjZXMudjEuUGxhY2VzLlNlYXJjaE5lYXJieRACGAQgAA,ChIJDSsMbogZDTkRpWVvEs5_vkA
George’s Dermatology Clinic,doctor,doctor|health|point_of_interest|establishment,089207 64239,,"Block B B, Block B, DLF Phase 1, Sector 26A, Gurugram, Haryana 122002, India",,,OPERATIONAL,https://maps.google.com/?cid=14220303435065788015&g_mp=Cilnb29nbGUubWFwcy5wbGFjZXMudjEuUGxhY2VzLlNlYXJjaE5lYXJieRACGAQgAA,ChIJq3qgPQAZDTkRbwZdvaGqWMU
Dr. Aakash Sharma,physiotherapist,physiotherapist|hospital|doctor|medical_clinic|health|service|point_of_interest|establishment,080 4482 5869,https://www.apollo247.com/doctors/dr-aakash-sharma-bf7c979c-29d1-480b-ada3-124d57995897?utm_source=gmb_docverse&utm_medium=clinics&utm_campaign=doctors,"B 11, 1, Ashoka Cresent Marg, Block B, Sector 26A, Gurugram, Haryana 122002, India",5,3,OPERATIONAL,https://maps.google.com/?cid=4898230071981747230&g_mp=Cilnb29nbGUubWFwcy5wbGFjZXMudjEuUGxhY2VzLlNlYXJjaE5lYXJieRACGAQgAA,ChIJva4Fd8QZDTkRHqybbEwC-kM
SURI REALTORS,general_contractor,general_contractor|service|point_of_interest|establishment,098998 99907,,"15/23, Paschim Marg, DLF Phase 1, Sector 26A, Gurugram, Haryana 122002, India",,,OPERATIONAL,https://maps.google.com/?cid=13762457425106808101&g_mp=Cilnb29nbGUubWFwcy5wbGFjZXMudjEuUGxhY2VzLlNlYXJjaE5lYXJieRACGAQgAA,ChIJof7xvWAfDTkRJa3tixwS_r4
Shivpriya Cables,corporate_office,corporate_office|point_of_interest|establishment,0124 498 6630,,"B/12, Paschim Marg, Block B, Sector 26A, Gurugram, Haryana 122002, India",2.8,4,OPERATIONAL,https://maps.google.com/?cid=14759039774947804829&g_mp=Cilnb29nbGUubWFwcy5wbGFjZXMudjEuUGxhY2VzLlNlYXJjaE5lYXJieRACGAQgAA,ChIJ9R6VM6sZDTkRnQagg3qk0sw
Needh Design Studio,service,general_contractor|service|point_of_interest|establishment,060051 76168,https://needhdesignstudio.com/,"FIRST FLOOR, B14/29, Paschim Marg, Block B, Sector 26A, Gurugram, Haryana 122002, India",5,4,OPERATIONAL,https://maps.google.com/?cid=12192079788435331093&g_mp=Cilnb29nbGUubWFwcy5wbGFjZXMudjEuUGxhY2VzLlNlYXJjaE5lYXJieRACGAQgAA,ChIJ81GeKQAZDTkRFVjonvj3Mqk
Dr Tapasya Juneja Kapoor,dentist,dental_clinic|dentist|medical_clinic|health|point_of_interest|establishment,098108 25259,http://drtapasya.com/,"Tapasya Kapoor Dental Clinic 20, Dr, B - 9, DLF Phase 1, Sector 26A, Gurugram, Haryana 122002, India",5,443,OPERATIONAL,https://maps.google.com/?cid=14132991700538210383&g_mp=Cilnb29nbGUubWFwcy5wbGFjZXMudjEuUGxhY2VzLlNlYXJjaE5lYXJieRACGAQgAA,ChIJzYmuuCgZDTkRT7gfZBJ5IsQ
DELITE GLOBAL NEST,travel_agency,travel_agency|point_of_interest|service|establishment,098100 61678,http://deliteglobalnest.com/,"2, B - 9, DLF Phase 1, Sector 26A, Gurugram, Haryana 122002, India",5,11,OPERATIONAL,https://maps.google.com/?cid=12724953705530534877&g_mp=Cilnb29nbGUubWFwcy5wbGFjZXMudjEuUGxhY2VzLlNlYXJjaE5lYXJieRACGAQgAA,ChIJI1wnYCgZDTkR3StwufkdmLA
Natural or Nothing,food,food|point_of_interest|establishment,095992 95211,https://www.naturalornothing.co/,"CEF Group - Tower B, 9th Floor, SAS Tower, near Medanta Hospital, Block B, Sector 26A, Gurugram, Haryana 122002, India",,,OPERATIONAL,https://maps.google.com/?cid=13730345885608487934&g_mp=Cilnb29nbGUubWFwcy5wbGFjZXMudjEuUGxhY2VzLlNlYXJjaE5lYXJieRACGAQgAA,ChIJHURZP_wZDTkR_qvwItb8i74
Nilesh Yadav,consultant,accounting|finance|consultant|point_of_interest|service|establishment,095484 06807,,"C Block 10/ 2 Arjun Marg, C-BLOCK, Gali Number 10, Block B, Sector 26A, Gurugram, Haryana 122002, India",,,OPERATIONAL,https://maps.google.com/?cid=6324820810062967773&g_mp=Cilnb29nbGUubWFwcy5wbGFjZXMudjEuUGxhY2VzLlNlYXJjaE5lYXJieRACGAQgAA,ChIJeTQD5QUZDTkR3TPNMwRHxlc
OYO 4815 DLF Phase 1,hotel,hotel|guest_house|cottage|inn|motel|lodging|point_of_interest|service|establishment,0124 620 1166,https://www.oyorooms.com/7872/,"Plot No.B, 11-8, DLF Phase 1, Sector 26A, Gurugram, Haryana 122002, India",4.2,23,OPERATIONAL,https://maps.google.com/?cid=1840989896104591045&g_mp=Cilnb29nbGUubWFwcy5wbGFjZXMudjEuUGxhY2VzLlNlYXJjaE5lYXJieRACGAQgAA,ChIJF5nVO9QYDTkRxb5leI6CjBk
Nail Spa by Gurpreet,corporate_office,corporate_office|point_of_interest|establishment,093504 61370,http://www.nailspaindia.com/,"B 11/8, DLF Phase 1, Sector 26, Gurugram, Haryana 122002, India",5,4,OPERATIONAL,https://maps.google.com/?cid=9902891889473155607&g_mp=Cilnb29nbGUubWFwcy5wbGFjZXMudjEuUGxhY2VzLlNlYXJjaE5lYXJieRACGAQgAA,ChIJ-fWJdSofDTkRF_IkqbQjbok
Headlines Fitness,fitness_center,fitness_center|gym|sports_activity_location|health|point_of_interest|establishment,078381 33247,,"B-11, 1, Basement, Ashoka Cresent Marg, DLF Phase 1, Sector 26A, Gurugram, Haryana 122002, India",5,28,OPERATIONAL,https://maps.google.com/?cid=11501335570243298032&g_mp=Cilnb29nbGUubWFwcy5wbGFjZXMudjEuUGxhY2VzLlNlYXJjaE5lYXJieRACGAQgAA,ChIJ-XPbaSgZDTkR8KLqssPznJ8
"Value Wellness Clinic – Laser, Skin & Hair Clinic in Gurgaon",wellness_center,wellness_center|health|point_of_interest|establishment,073777 37309,http://valuewellness.in/,"B-11/1, Ashoka Cresent Marg, DLF Phase 1, Sector 26A, Gurugram, Haryana 122002, India",4.3,237,OPERATIONAL,https://maps.google.com/?cid=1589179337137559362&g_mp=Cilnb29nbGUubWFwcy5wbGFjZXMudjEuUGxhY2VzLlNlYXJjaE5lYXJieRACGAQgAA,ChIJCaJ4QEQZDTkRQpd58i_mDRY
GlamMefy Studioz - DLF Phase I,beauty_salon,beauty_salon|nail_salon|makeup_artist|point_of_interest|service|establishment,088006 00880,https://glammefystudioz.in/,"Ground Floor, B-11/1, Ashoka Cresent Marg, DLF Phase 1, Sector 26A, Gurugram, Haryana 122002, India",4.8,90,OPERATIONAL,https://maps.google.com/?cid=1357665981934013764&g_mp=Cilnb29nbGUubWFwcy5wbGFjZXMudjEuUGxhY2VzLlNlYXJjaE5lYXJieRACGAQgAA,ChIJZSg7SGMZDTkRRA3PcARm1xI
visionofpawan.studio,hair_salon,hair_salon|hair_care|point_of_interest|service|establishment,098119 40592,,"B11/1, DLF Phase 1, Sector 26A, Gurugram, Haryana 122002, India",5,19,OPERATIONAL,https://maps.google.com/?cid=5071019919693270530&g_mp=Cilnb29nbGUubWFwcy5wbGFjZXMudjEuUGxhY2VzLlNlYXJjaE5lYXJieRACGAQgAA,ChIJh3xt3-EZDTkRAk4_4r_hX0Y
Dr.Madhukar singh (Best Physiotherapist in Gurgoan)/ Home care physiotherapy,physiotherapist,physiotherapist|chiropractor|wellness_center|massage|doctor|medical_clinic|health|point_of_interest|service|establishment,092170 71599,https://physiotherapistathome.in/,"near QUTUB PLAZA, DLF Phase 1, Sector 26A, Gurugram, Haryana 122022, India",5,6,OPERATIONAL,https://maps.google.com/?cid=4945859429271908481&g_mp=Cilnb29nbGUubWFwcy5wbGFjZXMudjEuUGxhY2VzLlNlYXJjaE5lYXJieRACGAQgAA,ChIJeQKAUFYZDTkRgbDEVvI4o0Q
Regalia suites Gurgaon,guest_house,guest_house|lodging|point_of_interest|establishment,0124 410 6350,,"B-1A/1 Ashoka Crescent, Road, DLF Phase 1, Sector 26A, Gurugram, Haryana 122002, India",4.5,4,OPERATIONAL,https://maps.google.com/?cid=6623674013034339558&g_mp=Cilnb29nbGUubWFwcy5wbGFjZXMudjEuUGxhY2VzLlNlYXJjaE5lYXJieRACGAQgAA,ChIJTb5YDQgZDTkR5tzlzmsE7Fs
Mehendiratta’s Home,corporate_office,corporate_office|point_of_interest|establishment,098110 40115,,"Block B Sector lock B1A/ 2, Block B, Sector 26A, Gurugram, Haryana 122002, India",5,1,OPERATIONAL,https://maps.google.com/?cid=10829218671288283740&g_mp=Cilnb29nbGUubWFwcy5wbGFjZXMudjEuUGxhY2VzLlNlYXJjaE5lYXJieRACGAQgAA,ChIJKWwqyAQZDTkRXHIqgQEdSZY
"7th floor, AIPL Business Club, Sector 62",point_of_interest,point_of_interest|establishment,,,"Dlf Qutub Enclave, B-2/4, Block B, Sector 26A, Gurugram, Haryana 122002, India",1,1,CLOSED_TEMPORARILY,https://maps.google.com/?cid=5683333033119861460&g_mp=Cilnb29nbGUubWFwcy5wbGFjZXMudjEuUGxhY2VzLlNlYXJjaE5lYXJieRACGAQgAA,ChIJ4X4mNAAZDTkR1EpaM0hB304
TBC Express Salon,corporate_office,corporate_office|point_of_interest|establishment,0124 426 9205,,"A-42, 1st Floor, Ashoka Crecent Road, DLF Phase 1, Block B, Sector 26A, Gurugram, Haryana 122002, India",,,OPERATIONAL,https://maps.google.com/?cid=10255368816046634413&g_mp=Cilnb29nbGUubWFwcy5wbGFjZXMudjEuUGxhY2VzLlNlYXJjaE5lYXJieRACGAQgAA,ChIJB9Rfz9QYDTkRrfUTWZpjUo4
"Axis Bank - Qutab Plaza, Gurgaon",bank,bank|finance|point_of_interest|establishment,1860 500 5555,https://branch.axisbank.com/axis-bank-qutab-plaza-gurgaon-banks-dlf-phase-1-gurugram-39681/Home?utm_source=locator&utm_medium=googleplaces,"B-5, B-4, Qutab Plz Rd, DLF Phase 1, Sector 26A, Gurugram, Haryana 122002, India",3.8,52,OPERATIONAL,https://maps.google.com/?cid=5813349107643403085&g_mp=Cilnb29nbGUubWFwcy5wbGFjZXMudjEuUGxhY2VzLlNlYXJjaE5lYXJieRACGAQgAA,ChIJ2UEMpjcZDTkRTUtrhDYqrVA
Daily Dose,liquor_store,liquor_store|store|food|point_of_interest|establishment,093338 88666,https://dailydosegurugram.in/,"Shop No, B 10, DLF Phase 1, Sector 26A, Gurugram, Haryana 122002, India",4.2,6,OPERATIONAL,https://maps.google.com/?cid=5214531848049267932&g_mp=Cilnb29nbGUubWFwcy5wbGFjZXMudjEuUGxhY2VzLlNlYXJjaE5lYXJieRACGAQgAA,ChIJQWtZdEEZDTkR3BTwiBa9XUg
Apollo 24|7 Lab Test | Blood Test | Near Me | DLF Phase 1 | Home Collection | Gurugram,medical_clinic,medical_lab|doctor|consultant|medical_clinic|health|point_of_interest|service|establishment,080 4885 1037,https://www.apollo247.com/lab-tests-city/gurgaon,"Shop No. C/3, DLF Qutub Plaza, DLF Phase 1, Sector 26A, Gurugram, Haryana 122002, India",4.5,4,OPERATIONAL,https://maps.google.com/?cid=2386375125418754741&g_mp=Cilnb29nbGUubWFwcy5wbGFjZXMudjEuUGxhY2VzLlNlYXJjaE5lYXJieRACGAQgAA,ChIJ57rMy_YZDTkRtcJpc4gbHiE
TRISHA UNISEX SALON,hair_salon,hair_salon|hair_care|beauty_salon|point_of_interest|service|establishment,085953 41080,,"gate no. 6, Ground B-3, near Qutab Plaza Road, DLF Phase 1, Sector 26A, Gurugram, Haryana 122002, India",3.9,19,OPERATIONAL,https://maps.google.com/?cid=17477158373366522434&g_mp=Cilnb29nbGUubWFwcy5wbGFjZXMudjEuUGxhY2VzLlNlYXJjaE5lYXJieRACGAQgAA,ChIJRa-ZoaAZDTkRQmLBT_FWi_I
Vastrini Boutique,womens_clothing_store,womens_clothing_store|clothing_store|store|point_of_interest|establishment,097115 13513,,"Ground Floor, B-5, Qutub Plaza Market, DLF Phase 1, Sector 26A, Sikanderpur, Gurugram, Haryana 122002, India",5,2,OPERATIONAL,https://maps.google.com/?cid=3207151399570852083&g_mp=Cilnb29nbGUubWFwcy5wbGFjZXMudjEuUGxhY2VzLlNlYXJjaE5lYXJieRACGAQgAA,ChIJPR2C0NQYDTkR80hRqDQXgiw
Aadhya Physiotherapy,medical_clinic,medical_clinic|health|point_of_interest|establishment,097117 83200,,"Qutub Plaza Market, AB1, DLF Phase 1, Sector 26A, Gurugram, Haryana 122002, India",5,6,OPERATIONAL,https://maps.google.com/?cid=6433403870463158625&g_mp=Cilnb29nbGUubWFwcy5wbGFjZXMudjEuUGxhY2VzLlNlYXJjaE5lYXJieRACGAQgAA,ChIJp4B5sKYZDTkRYWmUC7wKSFk
Tunday Kababi,restaurant,restaurant|kebab_shop|north_indian_restaurant|indian_restaurant|food|point_of_interest|establishment,0124 425 8611,https://tundaykababigurgaon.in/,"B, 2, Qutab Plz Rd, DLF Phase 1, Sector 26A, Gurugram, Haryana 122002, India",3.9,1844,OPERATIONAL,https://maps.google.com/?cid=225427309270168003&g_mp=Cilnb29nbGUubWFwcy5wbGFjZXMudjEuUGxhY2VzLlNlYXJjaE5lYXJieRACGAQgAA,ChIJXX0sKdUYDTkRw3G4g_HgIAM
Bizloan Private Limited,finance,finance|point_of_interest|establishment,092114 31777,http://www.bizloanindia.com/,"DLF, 132, Qutab Plz Rd, DLF Phase 1, Sector 26A, Gurugram, Haryana 122002, India",3.3,44,OPERATIONAL,https://maps.google.com/?cid=2073093884922562494&g_mp=Cilnb29nbGUubWFwcy5wbGFjZXMudjEuUGxhY2VzLlNlYXJjaE5lYXJieRACGAQgAA,ChIJKbL9J9UYDTkRvgfYlOcbxRw
Garg Dastak Qutub Plaza,asian_grocery_store,asian_grocery_store|grocery_store|food_store|store|food|point_of_interest|establishment,085888 53644,https://gargdastak.com/,"Qutub Plaza, Shop No B-12, ground floor, Complex Shop, Dlf Qutub Enclave, DLF Phase 1, Sector 26A, Gurugram, Haryana 122002, India",3.4,37,OPERATIONAL,https://maps.google.com/?cid=548329906847545565&g_mp=Cilnb29nbGUubWFwcy5wbGFjZXMudjEuUGxhY2VzLlNlYXJjaE5lYXJieRACGAQgAA,ChIJVVVVVVUWDTkR3fheJSUPnAc
Technovian Private Limited,womens_clothing_store,womens_clothing_store|educational_institution|wholesaler|clothing_store|store|point_of_interest|service|establishment,098098 00323,,"B3, QUTUB PLAZA, 1, Phase, Block A, Sector 26A, Gurugram, Haryana 122002, India",,,CLOSED_TEMPORARILY,https://maps.google.com/?cid=4604967556510384128&g_mp=Cilnb29nbGUubWFwcy5wbGFjZXMudjEuUGxhY2VzLlNlYXJjaE5lYXJieRACGAQgAA,ChIJUcj9z9QYDTkRAAAAMJgh6D8
Tata 1mg Pharmacy & Lab Tests,pharmacy,pharmacy|store|health|point_of_interest|establishment,092892 22806,https://retailstore.1mg.com/tata-1mg-pharmacy-lab-tests-qutub-plaza-pharmacy-shop-dlf-city-gurugram-292918/Home?utm_source=locator&utm_medium=googleplaces,"Ground Floor, Qutab Complex, B/11, DLF Phase 1, Sector 26A, Gurugram, Haryana 122002, India",4.6,43,OPERATIONAL,https://maps.google.com/?cid=16198786091043161440&g_mp=Cilnb29nbGUubWFwcy5wbGFjZXMudjEuUGxhY2VzLlNlYXJjaE5lYXJieRACGAQgAA,ChIJWV6s8y8ZDTkRYIUq_R-mzeA
Adharshila Associates,,point_of_interest|establishment,098910 55444,,"Silver Oaks Apartments, EWS, 204, Kachnar Marg, G Block, DLF Phase 1, Sector 26, Gurugram, Haryana 122002, India",5,7,OPERATIONAL,https://maps.google.com/?cid=1631637548352685588&g_mp=Cilnb29nbGUubWFwcy5wbGFjZXMudjEuUGxhY2VzLlNlYXJjaE5lYXJieRACGAQgAA,ChIJgdEWDysfDTkRFEbAl7S9pBY
"Suryansh Tyagi,Gharora,Tigaon",store,store|point_of_interest|establishment,,,"F4C3+CJ2, Block D, Sector 26A, Gharora, Gurugram, Haryana 122002, India",,,CLOSED_TEMPORARILY,https://maps.google.com/?cid=14396087055104658867&g_mp=Cilnb29nbGUubWFwcy5wbGFjZXMudjEuUGxhY2VzLlNlYXJjaE5lYXJieRACGAQgAA,ChIJT34HGwAfDTkRs80cI-csycc
Gas stove repair,store,store|point_of_interest|establishment,095403 15820,,"G Block, DLF Phase 1, Sector 26, Gurugram, Haryana 122002, India",3.9,7,OPERATIONAL,https://maps.google.com/?cid=10702152246699151817&g_mp=Cilnb29nbGUubWFwcy5wbGFjZXMudjEuUGxhY2VzLlNlYXJjaE5lYXJieRACGAQgAA,ChIJwV0RbhkfDTkRydGmFMSuhZQ
"DLF PHASE-1, Sector 26",association_or_organization,association_or_organization|point_of_interest|service|establishment,,,"F4C4+43Q, G Block, DLF Phase 1, Sector 26, Gurugram, Haryana 122002, India",4.5,2,OPERATIONAL,https://maps.google.com/?cid=10786439887365394292&g_mp=Cilnb29nbGUubWFwcy5wbGFjZXMudjEuUGxhY2VzLlNlYXJjaE5lYXJieRACGAQgAA,ChIJW41WUQAfDTkRdM-Ete0hsZU
Volano Entertainment Pvt. Ltd.,corporate_office,corporate_office|point_of_interest|establishment,098113 02278,,"36, Shahtoot Marg, Block D, Sector 26A, Gurugram, Haryana 122002, India",3.6,11,OPERATIONAL,https://maps.google.com/?cid=12475871500200094968&g_mp=Cilnb29nbGUubWFwcy5wbGFjZXMudjEuUGxhY2VzLlNlYXJjaE5lYXJieRACGAQgAA,ChIJP5eUdXLiDDkR-KzYiAczI60
Leadership Asset - OD & Training Consulting,consultant,consultant|point_of_interest|service|establishment,098104 31970,,"Silver Oaks Ave, G Block, DLF Phase 1, Sector 26, Gurugram, Haryana 122002, India",,,CLOSED_TEMPORARILY,https://maps.google.com/?cid=9210326374940284829&g_mp=Cilnb29nbGUubWFwcy5wbGFjZXMudjEuUGxhY2VzLlNlYXJjaE5lYXJieRACGAQgAA,ChIJK9_USiofDTkRnRe6Iwqn0X8
121 Square,bar,bar|point_of_interest|establishment,089293 42065,,"DLF Silver Oaks, G Block, DLF Phase 1, Sector 26, Gurugram, Haryana 122002, India",4.8,9,CLOSED_TEMPORARILY,https://maps.google.com/?cid=7169054042800879236&g_mp=Cilnb29nbGUubWFwcy5wbGFjZXMudjEuUGxhY2VzLlNlYXJjaE5lYXJieRACGAQgAA,ChIJFS3S1PAfDTkRhHa5LKuYfWM
I Eat Right,consultant,consultant|health|point_of_interest|service|establishment,098100 38656,http://www.ieatright.in/,"Silver Oaks Apartments, Silver Oak 2, Kachnar Marg, G Block, DLF Phase 1, Sector 26, Gurugram, Haryana 122002, India",5,94,OPERATIONAL,https://maps.google.com/?cid=5831790620957748738&g_mp=Cilnb29nbGUubWFwcy5wbGFjZXMudjEuUGxhY2VzLlNlYXJjaE5lYXJieRACGAQgAA,ChIJK9_USiofDTkRAi6k7quu7lA
Subway Airtel Office,sandwich_shop,sandwich_shop|breakfast_restaurant|fast_food_restaurant|cafe|restaurant|food|point_of_interest|establishment,087961 44773,https://subway.in/,"Airtel Office Building, Plot No. 16, Udyog Vihar, Phase 4, Sector 26A, Gurugram, Haryana 122002, India",5,4,OPERATIONAL,https://maps.google.com/?cid=17041918529281286832&g_mp=Cilnb29nbGUubWFwcy5wbGFjZXMudjEuUGxhY2VzLlNlYXJjaE5lYXJieRACGAQgAA,ChIJq1msHIMfDTkRsGL1RJwOgew
Peak Traders,corporate_office,corporate_office|point_of_interest|establishment,0124 235 6613,http://www.peaktraders.in/,"130 EWS Silver Oak Complex, G Block, DLF Phase 1, Sector 26, Gurugram, Haryana 122002, India",4,4,OPERATIONAL,https://maps.google.com/?cid=14461877238385855320&g_mp=Cilnb29nbGUubWFwcy5wbGFjZXMudjEuUGxhY2VzLlNlYXJjaE5lYXJieRACGAQgAA,ChIJx-uqk6kfDTkRWMtL27nossg
Blue Sapphire Lex Chambers (Advocates & Solicitors),consultant,consultant|service|point_of_interest|establishment,098105 35958,https://www.bluesapphirelexchambers.co/,"G 16/22, G Block, DLF Phase 1, Sector 26, Gurugram, Haryana 122002, India",5,4,OPERATIONAL,https://maps.google.com/?cid=18343203877958432456&g_mp=Cilnb29nbGUubWFwcy5wbGFjZXMudjEuUGxhY2VzLlNlYXJjaE5lYXJieRACGAQgAA,ChIJa5Tcq_wfDTkRyLZHlL0mkP4
Crossdoor,service,service|point_of_interest|establishment,095999 28206,http://crossdoor.in/,"#D4-1001, The Legend, Sector 57, G Block, DLF Phase 1, Sector 26, Gurugram, Haryana 122002, India",5,3,CLOSED_TEMPORARILY,https://maps.google.com/?cid=12893321695227998180&g_mp=Cilnb29nbGUubWFwcy5wbGFjZXMudjEuUGxhY2VzLlNlYXJjaE5lYXJieRACGAQgAA,ChIJ3XxJ2SsfDTkR5O_mIsVH7rI
The Legend,hotel,hotel|lodging|point_of_interest|establishment,0124 404 4715,http://www.thelegend.in/,"H-34/16, DLF Phase 1, G Block, DLF Phase 1, Sector 26, Gurugram, Haryana 122002, India",4.1,17,OPERATIONAL,https://maps.google.com/?cid=18086937828850809257&g_mp=Cilnb29nbGUubWFwcy5wbGFjZXMudjEuUGxhY2VzLlNlYXJjaE5lYXJieRACGAQgAA,ChIJ3XxJ2SsfDTkRqTk6ayC2Afs
"Blissful 3BHK Golf Course Rd by Micasso Homes, No Party",lodging,lodging|point_of_interest|establishment,,https://www.booking.com/hotel/in/blissful-3bhk-golf-course-rd-by-micasso-homes-no-party.en-gb.html?aid=2068758&utm_source=seogooglelocal&utm_medium=description&utm_term=hotel-15045114&utm_campaign=en-gb&label=seogooglelocal-link-imagesaow-hotel-15045114_grp-2_gendate-20260816,"G Block, DLF Phase 1, Sector 26, Gurugram, Haryana 122002, India",,,OPERATIONAL,https://maps.google.com/?cid=15726278133300467569&g_mp=Cilnb29nbGUubWFwcy5wbGFjZXMudjEuUGxhY2VzLlNlYXJjaE5lYXJieRACGAQgAA,ChIJ0fcC7ysfDTkRcRdeDqT2Pto
"Blissful 5BHK, Golf Course Road by Micasso home, No Party",lodging,lodging|point_of_interest|establishment,,https://www.booking.com/hotel/in/blissful-5bhk-golf-course-road-by-micasso-home-no-party.en-gb.html?aid=2068758&utm_source=seogooglelocal&utm_medium=description&utm_term=hotel-15044616&utm_campaign=en-gb&label=seogooglelocal-link-imagesaow-hotel-15044616_grp-0_gendate-20260816,"G Block, DLF Phase 1, Sector 26, Gurugram, Haryana 122002, India",,,OPERATIONAL,https://maps.google.com/?cid=4226400553732101523&g_mp=Cilnb29nbGUubWFwcy5wbGFjZXMudjEuUGxhY2VzLlNlYXJjaE5lYXJieRACGAQgAA,ChIJ0fcC7ysfDTkRk1W3Q-kwpzo
"Blissful 5BHK, Golf Course Road by Micasso home, No Party",lodging,lodging|point_of_interest|establishment,,https://www.bluepillow.com/search/695e9b45ac408a6eb70c04e6?dest=bkng&cat=Apartment&lat=28.47036&lng=77.10735&language=en,"G Block, DLF Phase 1, Sector 26, Gurugram, Haryana 122002, India",,,OPERATIONAL,https://maps.google.com/?cid=7468044601019027657&g_mp=Cilnb29nbGUubWFwcy5wbGFjZXMudjEuUGxhY2VzLlNlYXJjaE5lYXJieRACGAQgAA,ChIJsUUC7ysfDTkRyVCDSv_So2c
SBI ATM,atm,atm|finance|point_of_interest|establishment,1800 1234,https://bank.sbi/,"House No- 411/9, Shiv Puri, Old Railwary Road, G Block, DLF Phase 1, Sector 26, Gurugram, Haryana 122001, India",,,OPERATIONAL,https://maps.google.com/?cid=14095079451176902375&g_mp=Cilnb29nbGUubWFwcy5wbGFjZXMudjEuUGxhY2VzLlNlYXJjaE5lYXJieRACGAQgAA,ChIJ62iZADgfDTkR555O-BTIm8M
HDFC ERGO Insurance Agent: Mithilesh Kumar Singh,insurance_agency,insurance_agency|health|point_of_interest|service|establishment,080 4595 1324,https://agent.hdfcergo.com/hdfc-ergo-insurance-agent-mithilesh-kumar-singh-insurance-broker-aya-nagar-new-delhi-466160/Home?utm_source=locator&utm_medium=googleplaces,"A2/76A, near Kali Mandir, Ishwar Colony, Phase 5, Aya Nagar Extension, Aya Nagar, New Delhi, Delhi 110047, India",,,OPERATIONAL,https://maps.google.com/?cid=4757992363260247355&g_mp=Cilnb29nbGUubWFwcy5wbGFjZXMudjEuUGxhY2VzLlNlYXJjaE5lYXJieRACGAQgAA,ChIJSdigi-IfDTkRO_0lcNjIB0I
Oganis IT Solutions Delhi,service,point_of_interest|service|establishment,099996 40167,https://www.oganis.com/,"A2/76A, A/2/134, near Kali Mandir, Ishwar Colony, Phase 5, Aya Nagar Extension, Aya Nagar, New Delhi, Delhi 110047, India",5,2,CLOSED_TEMPORARILY,https://maps.google.com/?cid=7712049641456832074&g_mp=Cilnb29nbGUubWFwcy5wbGFjZXMudjEuUGxhY2VzLlNlYXJjaE5lYXJieRACGAQgAA,ChIJ8WZb-f4fDTkRSo426Um0Bms
Shiv Amara travel Delhi,tourist_information_center,tourist_information_center|tour_agency|travel_agency|point_of_interest|service|establishment,098711 12265,https://shiv-amara-travel.grexa.site/,"Gali No. 8, near by Mehta general Store, opposite air force, Ishwar Colony, Phase 5, Aya Nagar Extension, Aya Nagar, New Delhi, Delhi 110047, India",5,13,OPERATIONAL,https://maps.google.com/?cid=9700313508446037401&g_mp=Cilnb29nbGUubWFwcy5wbGFjZXMudjEuUGxhY2VzLlNlYXJjaE5lYXJieRACGAQgAA,ChIJ-XnaTyEfDTkRmWXZ0L1vnoY
Junior Doctor Saurav,hospital,hospital|health|service|point_of_interest|establishment,088739 34955,,"Paras colony, 320/2, Gali No. 8, Ishwar Colony, Block G, Aya Nagar Extension, Aya Nagar, New Delhi, Delhi 110047, India",,,OPERATIONAL,https://maps.google.com/?cid=546267101133416452&g_mp=Cilnb29nbGUubWFwcy5wbGFjZXMudjEuUGxhY2VzLlNlYXJjaE5lYXJieRACGAQgAA,ChIJz057zMYfDTkRBCiKwwi7lAc
Smartech Decors,painter,painter|service|point_of_interest|establishment,098187 60876,http://www.smartechdecors.com/,"Ground Floor, Plot No. 652B, Gali No. 7, Ishwar Colony, Phase 5, Shambhu Colony, Aya Nagar, Mandi Pahari, New Delhi, Delhi 110047, India",,,CLOSED_TEMPORARILY,https://maps.google.com/?cid=4469740889182646764&g_mp=Cilnb29nbGUubWFwcy5wbGFjZXMudjEuUGxhY2VzLlNlYXJjaE5lYXJieRACGAQgAA,ChIJl5--tFgfDTkR7DHFMai1Bz4
DS EXPRESS LOGISTICS,transportation_service,transportation_service|point_of_interest|establishment,097177 94554,http://dsexpress.in/,"House No 268, E Block, Phase 5, Aya Nagar Extension, Aya Nagar, New Delhi, Delhi 110047, India",,,OPERATIONAL,https://maps.google.com/?cid=9962671450426259234&g_mp=Cilnb29nbGUubWFwcy5wbGFjZXMudjEuUGxhY2VzLlNlYXJjaE5lYXJieRACGAQgAA,ChIJtf7Z7_sfDTkRIjeVUOaEQoo
IPTS TOUR & TRAVELS,travel_agency,travel_agency|tourist_attraction|tourist_information_center|tour_agency|transportation_service|service|point_of_interest|establishment,093123 52255,http://www.ipts.co.in//,"A2/171, near Bhairav, Mandir, Ishwar Colony, Phase 5, Aya Nagar Extension, Aya Nagar, New Delhi, Delhi 110047, India",4.9,87,OPERATIONAL,https://maps.google.com/?cid=2092119017136110378&g_mp=Cilnb29nbGUubWFwcy5wbGFjZXMudjEuUGxhY2VzLlNlYXJjaE5lYXJieRACGAQgAA,ChIJZ9MEwyEfDTkRKrs8XCmzCB0
Wood Expert Interiors,general_contractor,general_contractor|point_of_interest|service|establishment,085120 60736,,"Basement Floor, OM Tower 2, opp. Huda Ground, Sector 29, Gurugram, Haryana 122022, India",,,OPERATIONAL,https://maps.google.com/?cid=12628337754551186927&g_mp=Cilnb29nbGUubWFwcy5wbGFjZXMudjEuUGxhY2VzLlNlYXJjaE5lYXJieRACGAQgAA,ChIJpbPshFwZDTkR73Wtq0feQK8
Haseen steel fabricator,service,manufacturer|point_of_interest|service|establishment,097288 60115,,"Millenium city center metro, Sector 29, Gurugram, Haryana 122002, India",5,1,OPERATIONAL,https://maps.google.com/?cid=14775449869469388618&g_mp=Cilnb29nbGUubWFwcy5wbGFjZXMudjEuUGxhY2VzLlNlYXJjaE5lYXJieRACGAQgAA,ChIJ4UWUQGEZDTkRSo9QYl_xDM0
Desi Khidki,fast_food_restaurant,fast_food_restaurant|restaurant|food|point_of_interest|establishment,090502 00031,,"F3F8+4HW, Sector 29, Gurugram, Haryana 122009, India",4,1,OPERATIONAL,https://maps.google.com/?cid=4556824926724109115&g_mp=Cilnb29nbGUubWFwcy5wbGFjZXMudjEuUGxhY2VzLlNlYXJjaE5lYXJieRACGAQgAA,ChIJB5Vh6gIZDTkROzMJtSAYPT8
ReSet by plan B - sector 29,lounge_bar,lounge_bar|bar|night_club|restaurant|food|point_of_interest|establishment,099909 33556,,"Plot No-6, Leisure Valley Rd, near NRCTC Office, Sector 29, Gurugram, Haryana 122002, India",4.5,2069,OPERATIONAL,https://maps.google.com/?cid=5822045676630651539&g_mp=Cilnb29nbGUubWFwcy5wbGFjZXMudjEuUGxhY2VzLlNlYXJjaE5lYXJieRACGAQgAA,ChIJC4t4TgAZDTkRkzKrRbIPzFA
"Agraga Agency for Pantry Boys, House Keeping, Drivers, Cook, Waiters",employment_agency,employment_agency|point_of_interest|service|establishment,,,"Near, August Kranti Marg, Sector 29, Gurugram, Haryana 122009, India",5,2,OPERATIONAL,https://maps.google.com/?cid=11845076638387153917&g_mp=Cilnb29nbGUubWFwcy5wbGFjZXMudjEuUGxhY2VzLlNlYXJjaE5lYXJieRACGAQgAA,ChIJfzNurUQZDTkR_StY2HEqYqQ
Power Grid Corporation of India Limited - Corporate Office,government_office,government_office|point_of_interest|establishment,0124 282 2000,,"Plot No.2, Power Grid Corporation Of India, Near, August Kranti Marg, Sector 29, Gurugram, Haryana 122009, India",4.6,148,OPERATIONAL,https://maps.google.com/?cid=12849515279195159674&g_mp=Cilnb29nbGUubWFwcy5wbGFjZXMudjEuUGxhY2VzLlNlYXJjaE5lYXJieRACGAQgAA,ChIJVVVVVSUYDTkRerxhGBGmUrI
ICICI Bank Gurgaon Power Grid Sector 29,bank,bank|finance|point_of_interest|establishment,1800 1080,,"ICICI Bank Ltd, Plot No. 2, Corporate Office, Power Grid Corporation Of India, near Iffco Chowk, Ltd, Sector 29, Gurugram, Haryana 122009, India",3.7,12,OPERATIONAL,https://maps.google.com/?cid=6521956397056300848&g_mp=Cilnb29nbGUubWFwcy5wbGFjZXMudjEuUGxhY2VzLlNlYXJjaE5lYXJieRACGAQgAA,ChIJh7itqB0ZDTkRMJcgz8mkglo
Naresh Kumar,tea_store,tea_store|food_store|store|food|point_of_interest|establishment,098718 10552,,"Shop No2 Sector 29, Power Grid Corporation Of India, Sector 29, Gurugram, Haryana 122009, India",5,2,CLOSED_TEMPORARILY,https://maps.google.com/?cid=1380945584648462657&g_mp=Cilnb29nbGUubWFwcy5wbGFjZXMudjEuUGxhY2VzLlNlYXJjaE5lYXJieRACGAQgAA,ChIJzwjBwYIZDTkRQaEdU7EaKhM
Party Passport,tour_agency,tour_agency|travel_agency|point_of_interest|service|establishment,092204 79977,https://partypassport.travel/,"Office 205, Venture X, Sector 29, Gurugram, Haryana 122009, India",4.9,72,OPERATIONAL,https://maps.google.com/?cid=5490443849020858163&g_mp=Cilnb29nbGUubWFwcy5wbGFjZXMudjEuUGxhY2VzLlNlYXJjaE5lYXJieRACGAQgAA,ChIJ9WWJB_j-j6QRM98dUJf5MUw
Konverge Technologies Pvt Ltd,corporate_office,corporate_office|point_of_interest|establishment,0124 450 1540,http://www.konverge.co.in/,"409-410, Sector 29, Gurugram, Haryana 122001, India",3.6,43,OPERATIONAL,https://maps.google.com/?cid=1166799199146396643&g_mp=Cilnb29nbGUubWFwcy5wbGFjZXMudjEuUGxhY2VzLlNlYXJjaE5lYXJieRACGAQgAA,ChIJsf3D4DcYDTkR48tUjbBNMRA
"#267,Kewal Tea Stall",coffee_shop,coffee_shop|cafe|food_store|store|food|point_of_interest|establishment,,,"2, Sector-29 Thane Rd, Sector 29, Gurugram, Haryana 122009, India",,,OPERATIONAL,https://maps.google.com/?cid=4906922445788510810&g_mp=Cilnb29nbGUubWFwcy5wbGFjZXMudjEuUGxhY2VzLlNlYXJjaE5lYXJieRACGAQgAA,ChIJvXMQMQAZDTkRWnqdaffjGEQ
Rose spa,spa,spa|point_of_interest|establishment,088827 08072,https://sites.google.com/view/rose-spa-07/home,"Gate No. 2, SCO -386, near Iffco Chowk Metro Station, Sector 29, Gurugram, Haryana 122009, India",5,6,OPERATIONAL,https://maps.google.com/?cid=12291007514830856262&g_mp=Cilnb29nbGUubWFwcy5wbGFjZXMudjEuUGxhY2VzLlNlYXJjaE5lYXJieRACGAQgAA,ChIJh571UagZDTkRRmAm1TZukqo
Motilal Oswal Financial Services Limited,finance,finance|consultant|point_of_interest|service|establishment,097311 77546,https://stockbroker.motilaloswal.com/motilal-oswal-financial-services-limited-step-by-step-trading-llp-stock-broker-sector-29-gurugram-30903/Home?utm_source=locator&utm_medium=googleplaces,"SCO 393 SF, above Basera Property, Sector 29, Gurugram, Haryana 122009, India",4.8,108,OPERATIONAL,https://maps.google.com/?cid=14313729959716378342&g_mp=Cilnb29nbGUubWFwcy5wbGFjZXMudjEuUGxhY2VzLlNlYXJjaE5lYXJieRACGAQgAA,ChIJSaVhVY4ZDTkR5tbCm4-VpMY
A2Y Realty,real_estate_agency,real_estate_agency|point_of_interest|service|establishment,098730 95311,,"1st floor, IFFCO Chowk, metro station, Sector 29, Gurugram, Haryana 122002, India",,,OPERATIONAL,https://maps.google.com/?cid=13018511796062576967&g_mp=Cilnb29nbGUubWFwcy5wbGFjZXMudjEuUGxhY2VzLlNlYXJjaE5lYXJieRACGAQgAA,ChIJ3WxCvOIZDTkRR-GK5IALq7Q
E-tender services by Nandini enterprise New Delhi,service,point_of_interest|service|establishment,062050 27681,,"Millenium city centre, Sector 29, Gurugram, Haryana 122009, India",,,OPERATIONAL,https://maps.google.com/?cid=11508530537753391318&g_mp=Cilnb29nbGUubWFwcy5wbGFjZXMudjEuUGxhY2VzLlNlYXJjaE5lYXJieRACGAQgAA,ChIJXwHI6gkZDTkR1rCGnYyDtp8
Dr. Paithankar's Clinic,doctor,medical_center|doctor|hospital|health|point_of_interest|service|establishment,094796 92613,https://gastroenterologistingurgaon.com/,"Ground floor, Unit no 394, Metro Station Iffco Chowk, near IFFCO Chowk, Sector 29, Gurugram, Haryana 122022, India",4.9,129,OPERATIONAL,https://maps.google.com/?cid=2490858999557280132&g_mp=Cilnb29nbGUubWFwcy5wbGFjZXMudjEuUGxhY2VzLlNlYXJjaE5lYXJieRACGAQgAA,ChIJWzvMaDUZDTkRhFEyHhBPkSI
Bada Hospitality Pvt Ltd,general_hospital,general_hospital|hospital|health|point_of_interest|service|establishment,084480 26418,,"Sco Number 389 390, Sector -29 Road, Sector-29 Gurugram, NCR, Sector 29, Region, Gurugram, Haryana 122009, India",,,OPERATIONAL,https://maps.google.com/?cid=11031928065599960967&g_mp=Cilnb29nbGUubWFwcy5wbGFjZXMudjEuUGxhY2VzLlNlYXJjaE5lYXJieRACGAQgAA,ChIJ4TXNhB0ZDTkRh3e_QSBIGZk
L&T Finance Ltd.,finance,finance|point_of_interest|establishment,1800 268 0000,https://www.ltfinance.com/?utm_source=googlebusinesslisting&utm_medium=gmb&utm_campaign=finance,"1st floor, Metro Station, SCO 392, near IFFCO Chowk, Sector 29, Gurugram, Haryana 122015, India",4.5,39,OPERATIONAL,https://maps.google.com/?cid=8572659498536357765&g_mp=Cilnb29nbGUubWFwcy5wbGFjZXMudjEuUGxhY2VzLlNlYXJjaE5lYXJieRACGAQgAA,ChIJVSeiY04ZDTkRhU-j3mQ0-HY
Grihum Housing Finance Limited - Home Loan Gurugram,finance,finance|point_of_interest|establishment,1800 266 3204,https://grihumhousing.com/,"1st Floor, SCO 391, Sector 29, Gurugram, Haryana 122022, India",5,1,OPERATIONAL,https://maps.google.com/?cid=778067752068356173&g_mp=Cilnb29nbGUubWFwcy5wbGFjZXMudjEuUGxhY2VzLlNlYXJjaE5lYXJieRACGAQgAA,ChIJLQ9BCrkZDTkRTZg4hX9AzAo
Niva Bupa Health Insurance,insurance_agency,insurance_agency|point_of_interest|service|establishment,087004 14163,https://www.nivabupa.com/,"389, Sector 29, Gurugram, Haryana 122001, India",2.7,35,OPERATIONAL,https://maps.google.com/?cid=6552373994317615500&g_mp=Cilnb29nbGUubWFwcy5wbGFjZXMudjEuUGxhY2VzLlNlYXJjaE5lYXJieRACGAQgAA,ChIJq7ETsqkfDTkRjBHPjm617lo
"Stilly - AI Powered Advanced Digital Hearing Aids Invisible, RIC, Rechargeable",store,association_or_organization|store|health|point_of_interest|service|establishment,099106 30377,https://stilly.in/,"Gurugram, Sushant Lok Phase 1, Sector 28, Chattarpur, Delhi, New Delhi, Delhi 110074, India",5,1,OPERATIONAL,https://maps.google.com/?cid=3925835277907653231&g_mp=Cilnb29nbGUubWFwcy5wbGFjZXMudjEuUGxhY2VzLlNlYXJjaE5lYXJieRACGAQgAA,ChIJeW64iP0ZDTkRb_JhomJeezY
"A-548, Sushant Lok - 1",housing_complex,housing_complex|point_of_interest|service|establishment,,,"548, A Block Service Rd, Indian Airlines Pilots Society, Sushant Lok Phase I, Gurugram, Haryana 122009, India",5,1,OPERATIONAL,https://maps.google.com/?cid=15089487571055932660&g_mp=Cilnb29nbGUubWFwcy5wbGFjZXMudjEuUGxhY2VzLlNlYXJjaE5lYXJieRACGAQgAA,ChIJB-BwPwAZDTkR9PR1k_-gaNE
TIPY TIPY TAP,store,store|point_of_interest|establishment,098994 30009,https://tipytipytap.in/,"Basement, A-538A, Sector 28, Sushant Lok Phase I, Gurugram, Haryana 122002, India",5,11,OPERATIONAL,https://maps.google.com/?cid=9512250791942322873&g_mp=Cilnb29nbGUubWFwcy5wbGFjZXMudjEuUGxhY2VzLlNlYXJjaE5lYXJieRACGAQgAA,ChIJr4KwtaMZDTkRuXomfLJNAoQ
Capital O 30176 Kanisk Inn,hotel,hotel|guest_house|cottage|inn|motel|lodging|point_of_interest|service|establishment,0124 620 1166,https://www.oyorooms.com/51246,"540-A, Block A, Sushant Lok Phase I, Sector 26, Gurugram, Haryana 122009, India",3.4,105,OPERATIONAL,https://maps.google.com/?cid=16957616656929517045&g_mp=Cilnb29nbGUubWFwcy5wbGFjZXMudjEuUGxhY2VzLlNlYXJjaE5lYXJieRACGAQgAA,ChIJOQmAk0UZDTkR9e2HEYGOVes
Irenic Legal,lawyer,lawyer|consultant|point_of_interest|service|establishment,096547 47331,https://ireniclegal.com/,"540, Block A, Sushant Lok Phase I, Gurugram, Haryana 122009, India",,,OPERATIONAL,https://maps.google.com/?cid=5709310503230789604&g_mp=Cilnb29nbGUubWFwcy5wbGFjZXMudjEuUGxhY2VzLlNlYXJjaE5lYXJieRACGAQgAA,ChIJh8igGjAZDTkR5Fd6SaeLO08
Webrigo Business Solutions LLP,service,point_of_interest|service|establishment,099535 67826,https://webrigo.com/,"540, Block A, Sushant Lok Phase I, Gurugram, Haryana 122009, India",4.9,33,OPERATIONAL,https://maps.google.com/?cid=4780139186458655127&g_mp=Cilnb29nbGUubWFwcy5wbGFjZXMudjEuUGxhY2VzLlNlYXJjaE5lYXJieRACGAQgAA,ChIJd0rQUw59uaYRl_nKiUN3VkI
Dress my Angel,clothing_store,clothing_store|store|point_of_interest|establishment,088002 16898,http://dressmyangel.com/,"A-540A, Sector 28, Sushant Lok Phase I, Gurugram, Haryana 122009, India",,,OPERATIONAL,https://maps.google.com/?cid=3854000594748603148&g_mp=Cilnb29nbGUubWFwcy5wbGFjZXMudjEuUGxhY2VzLlNlYXJjaE5lYXJieRACGAQgAA,ChIJVXHsI3gZDTkRDHsiHh8pfDU
OYO 3719 White Castle,hotel,hotel|guest_house|cottage|inn|motel|lodging|point_of_interest|service|establishment,0124 620 1166,https://www.oyorooms.com/5760/,"Plot No. A, Iffco Metro, 540, Sector 28, Sushant Lok Phase I, Near, Gurugram, Haryana 122009, India",4.4,12,OPERATIONAL,https://maps.google.com/?cid=3339061393365985516&g_mp=Cilnb29nbGUubWFwcy5wbGFjZXMudjEuUGxhY2VzLlNlYXJjaE5lYXJieRACGAQgAA,ChIJ95aO2R0ZDTkR7OjMaqW6Vi4
Alicorn Solutions LLP,manufacturer,supplier|manufacturer|point_of_interest|establishment,098113 07879,http://www.alicornsolutions.in/,"A-Block, 35, Block A, Sushant Lok Phase I, Gurugram, Haryana 122009, India",,,CLOSED_TEMPORARILY,https://maps.google.com/?cid=14861380040144181623&g_mp=Cilnb29nbGUubWFwcy5wbGFjZXMudjEuUGxhY2VzLlNlYXJjaE5lYXJieRACGAQgAA,ChIJY6fJQFw-gK8Rd9nfVGg6Ps4
Kaniskinn,hotel,hotel|lodging|point_of_interest|establishment,073109 88024,,"A 173, Block A, Sushant Lok Phase I, Gurugram, Haryana 122009, India",3.3,7,OPERATIONAL,https://maps.google.com/?cid=1296474388583271936&g_mp=Cilnb29nbGUubWFwcy5wbGFjZXMudjEuUGxhY2VzLlNlYXJjaE5lYXJieRACGAQgAA,ChIJ95aO2R0ZDTkRAM7lX5YA_hE
OYO Royal Residency,hotel,hotel|guest_house|cottage|inn|motel|lodging|point_of_interest|service|establishment,0124 433 0575,https://www.oyorooms.com/164284/,"A173, Sushant Lok 1 Rd, Sector 28, Sushant Lok Phase I, Gurugram, Haryana 122009, India",2.1,64,OPERATIONAL,https://maps.google.com/?cid=13339840037606263779&g_mp=Cilnb29nbGUubWFwcy5wbGFjZXMudjEuUGxhY2VzLlNlYXJjaE5lYXJieRACGAQgAA,ChIJr16GacEZDTkR4wsOMtahILk
Roots Chiropractor Clinic in New Delhi,chiropractor,chiropractor|health|point_of_interest|establishment,087007 48563,http://drwaseemchiropractor.com/,"299-A, Sector 28, Sushant Lok Phase I, Gurugram, Haryana 122009, India",5,2,OPERATIONAL,https://maps.google.com/?cid=2278030461615824542&g_mp=Cilnb29nbGUubWFwcy5wbGFjZXMudjEuUGxhY2VzLlNlYXJjaE5lYXJieRACGAQgAA,ChIJ8xuCJ2MZDTkRnl4hpKIwnR8
Staykr,service,point_of_interest|service|establishment,095990 85990,https://staykr.com/,"Ground Floor, A-173, Sector 28, Sushant Lok Phase I, Gurugram, Haryana 122009, India",3.9,8,OPERATIONAL,https://maps.google.com/?cid=13059755482255823527&g_mp=Cilnb29nbGUubWFwcy5wbGFjZXMudjEuUGxhY2VzLlNlYXJjaE5lYXJieRACGAQgAA,ChIJt98_HAsZDTkRp5JR5WqSPbU
Capital O Birdhouse Residency Near Kingdom of Dreams,hotel,hotel|guest_house|cottage|inn|motel|lodging|point_of_interest|service|establishment,0124 620 1166,https://www.oyorooms.com/110784/,"A, 173, Sector 28, Sushant Lok Phase I, Sector 28, Gurugram, Haryana 122009, India",1,1,OPERATIONAL,https://maps.google.com/?cid=8806564233677847817&g_mp=Cilnb29nbGUubWFwcy5wbGFjZXMudjEuUGxhY2VzLlNlYXJjaE5lYXJieRACGAQgAA,ChIJ8ZhDkJYZDTkRCT0H6IIzN3o
Manan Regency,guest_house,guest_house|lodging|point_of_interest|establishment,098117 18239,,"173, Indian Airlines Pilots Society, Sushant Lok Phase I, Gurugram, Haryana 122009, India",3.9,99,OPERATIONAL,https://maps.google.com/?cid=14350991091008092329&g_mp=Cilnb29nbGUubWFwcy5wbGFjZXMudjEuUGxhY2VzLlNlYXJjaE5lYXJieRACGAQgAA,ChIJKbY9sh8ZDTkRqThVylz2KMc
Carlson Horels Asia Pacific,hotel,hotel|lodging|point_of_interest|establishment,0124 272 5000,,"859-A, 859-A, Phase 1, Block A, Sushant Lok Phase I, Gurugram, Haryana 122009, India",3.5,20,OPERATIONAL,https://maps.google.com/?cid=2035391973911028040&g_mp=Cilnb29nbGUubWFwcy5wbGFjZXMudjEuUGxhY2VzLlNlYXJjaE5lYXJieRACGAQgAA,ChIJAQAAQB4ZDTkRSOGlXzcqPxw
Collection O Staykr,hotel,hotel|guest_house|cottage|inn|motel|lodging|point_of_interest|service|establishment,0124 620 1166,https://www.oyorooms.com/201663/,"A 173, Sector 28, Sushant Lok Phase I, Gurugram, Haryana 122009, India",1.7,31,OPERATIONAL,https://maps.google.com/?cid=678471357064065318&g_mp=Cilnb29nbGUubWFwcy5wbGFjZXMudjEuUGxhY2VzLlNlYXJjaE5lYXJieRACGAQgAA,ChIJv9IhwhwZDTkRJrEUxBpqagk
Hotel O MG ROAD THE MARKER RESIDENCY,hotel,hotel|guest_house|cottage|inn|motel|lodging|point_of_interest|service|establishment,0124 433 0575,https://www.oyorooms.com/201663/,"A 173, Sector 28, Sushant Lok Phase I, Gurugram, Haryana 122009, India",,,OPERATIONAL,https://maps.google.com/?cid=9016707283338059284&g_mp=Cilnb29nbGUubWFwcy5wbGFjZXMudjEuUGxhY2VzLlNlYXJjaE5lYXJieRACGAQgAA,ChIJIyTQP9QZDTkRFN4Ka4DHIX0
Paper Chopsticks,restaurant,restaurant|asian_restaurant|thai_restaurant|chinese_restaurant|food|point_of_interest|establishment,097170 73689,https://hawapani.fun/,"Shop no. 23, First Floor, Neo Mart, Vakil Market Chakkerpur, Near Zaigon restaurant, Sector 28, DLF Phase IV, Gurugram, Haryana 122009, India",4.9,30,OPERATIONAL,https://maps.google.com/?cid=4340966305258345972&g_mp=Cilnb29nbGUubWFwcy5wbGFjZXMudjEuUGxhY2VzLlNlYXJjaE5lYXJieRACGAQgAA,ChIJEyEmZgAZDTkR9BXd7to1Pjw
Apex Beauty Parlour,beauty_salon,beauty_salon|service|point_of_interest|establishment,098710 11180,,"Shop No 5, Shiv Mandir, Vakil market, Chanderlok, DLF Phase IV, Gurugram, Haryana 122009, India",4.7,14,OPERATIONAL,https://maps.google.com/?cid=10601411386523585701&g_mp=Cilnb29nbGUubWFwcy5wbGFjZXMudjEuUGxhY2VzLlNlYXJjaE5lYXJieRACGAQgAA,ChIJyaAYGyAZDTkRpQyFw3zHH5M
T.O.O.K The Olive Oil Kitchen,mediterranean_restaurant,mediterranean_restaurant|restaurant|food|point_of_interest|establishment,096544 57626,,"2nd Floor,Vijay Complex, Vakil market, Sector 28, DLF Phase IV, Gurugram, Haryana 122009, India",4.5,37,OPERATIONAL,https://maps.google.com/?cid=1480514838072136247&g_mp=Cilnb29nbGUubWFwcy5wbGFjZXMudjEuUGxhY2VzLlNlYXJjaE5lYXJieRACGAQgAA,ChIJKdc2lxUZDTkRNxL8r2bYixQ
MCBC - Meal Combo Box Company,restaurant,restaurant|food|point_of_interest|establishment,096255 55105,https://order.mcbc.ing/,"Shop No. 4&5, First Floor, Vakil (Neo) Market Plot 36/2, DLF Phase 4, Sector 28, Chakkarpur, Gurugram, Haryana 122009, India",4.4,9,OPERATIONAL,https://maps.google.com/?cid=14004035433691811&g_mp=Cilnb29nbGUubWFwcy5wbGFjZXMudjEuUGxhY2VzLlNlYXJjaE5lYXJieRACGAQgAA,ChIJN8wfWf4ZDTkRo3pylZjAMQA
Shanti Marche,general_store,general_store|food_store|store|food|point_of_interest|establishment,098185 61207,,"Indian Tawa Story, Shop No 4,5,6,7 1st Floor, Neo Mart, Vakil market, Vakil, Sector 28, DLF Phase IV, Gurugram, Haryana 122009, India",,,OPERATIONAL,https://maps.google.com/?cid=1085707460592670322&g_mp=Cilnb29nbGUubWFwcy5wbGFjZXMudjEuUGxhY2VzLlNlYXJjaE5lYXJieRACGAQgAA,ChIJo4XZT4sZDTkRchae3i41EQ8
Pecorrano,restaurant,restaurant|food|point_of_interest|establishment,093101 33690,,"Shop no 29, Ground Floor, Neo Mart, Vakil Market, DLF Phase-IV, Sector 28, Chakkarpur, Gurugram, Haryana 122002, India",5,2,OPERATIONAL,https://maps.google.com/?cid=8897101704752439346&g_mp=Cilnb29nbGUubWFwcy5wbGFjZXMudjEuUGxhY2VzLlNlYXJjaE5lYXJieRACGAQgAA,ChIJbVrGk8cZDTkRMqBKktzaeHs
Currynama by Seven Seas,meal_delivery,meal_delivery|food_delivery|food|point_of_interest|establishment,088009 94067,http://www.currynama.com/,"SHOP NO- 1, 2 & 3, FIRST FLOOR, NEO MART, VAKIL MARKET, KHASRA NO- 36/ 2/ 5, DLF PHASE- IV, Sector 28, Chakkarpur, Gurugram, Haryana 122009, India",4.5,95,OPERATIONAL,https://maps.google.com/?cid=8662832820432008668&g_mp=Cilnb29nbGUubWFwcy5wbGFjZXMudjEuUGxhY2VzLlNlYXJjaE5lYXJieRACGAQgAA,ChIJWY0GakwZDTkR3PVxco2QOHg
Seven Burgers,restaurant,restaurant|food|point_of_interest|establishment,092180 19720,https://sevenburgers.in/,"Shop No-1,2&3, First floor, Khasra No-36, Neo Mart, Vakil market, 2/5, Sector 28, DLF Phase IV, Gurugram, Haryana 122009, India",4.2,13,OPERATIONAL,https://maps.google.com/?cid=15005592366280333246&g_mp=Cilnb29nbGUubWFwcy5wbGFjZXMudjEuUGxhY2VzLlNlYXJjaE5lYXJieRACGAQgAA,ChIJo_HQA1MZDTkRvtdzDMGSPtA
Microfresh Health & Dental Clinic,dental_clinic,dental_clinic|medical_clinic|health|point_of_interest|establishment,097115 36605,,"Shop No.10, Vakil Market, Chanderlok, Chakkarpur, Gurugram, Haryana 122009, India",,,OPERATIONAL,https://maps.google.com/?cid=8172834412516982593&g_mp=Cilnb29nbGUubWFwcy5wbGFjZXMudjEuUGxhY2VzLlNlYXJjaE5lYXJieRACGAQgAA,ChIJy0f3GSAZDTkRQb8pvpi9a3E
The Nashta Company,restaurant,restaurant|food|point_of_interest|establishment,098180 51404,,"Shop No. 4&5, First Floor, Neo Mart, Vakil Market, DLF Phase 4, Sector 28, Chakkarpur, Gurugram, Haryana 122009, India",4,1,OPERATIONAL,https://maps.google.com/?cid=9150708685610014702&g_mp=Cilnb29nbGUubWFwcy5wbGFjZXMudjEuUGxhY2VzLlNlYXJjaE5lYXJieRACGAQgAA,ChIJbR2t-dMZDTkR7tfdKBHZ_X4
Tadka Rani,indian_restaurant,indian_restaurant|restaurant|food|point_of_interest|establishment,095995 20068,https://www.tadkarani.com/,"Shop No. 4&5, First Floor, Vakil (Neo) Market Plot 36/2, DLF Phase 4, Sector 28, Chakkarpur, Gurugram, Haryana 122009, India",3.6,14,OPERATIONAL,https://maps.google.com/?cid=9099295549613997424&g_mp=Cilnb29nbGUubWFwcy5wbGFjZXMudjEuUGxhY2VzLlNlYXJjaE5lYXJieRACGAQgAA,ChIJ6VBQX9AZDTkRcP0InRcxR34
Boba bhai,asian_grocery_store,asian_grocery_store|grocery_store|food_store|store|food|point_of_interest|establishment,079756 73970,,"6, Chanderlok, DLF Phase IV, Gurugram, Haryana 122009, India",4.3,54,OPERATIONAL,https://maps.google.com/?cid=1668097249447407541&g_mp=Cilnb29nbGUubWFwcy5wbGFjZXMudjEuUGxhY2VzLlNlYXJjaE5lYXJieRACGAQgAA,ChIJD-f-ZgAZDTkRtW8eRJxFJhc
Balaji Store,supermarket,supermarket|grocery_store|food_store|store|food|point_of_interest|establishment,088604 66640,,"Vakil market, Chanderlok, DLF City IV, Gurugram, Haryana 122002, India",4.4,199,OPERATIONAL,https://maps.google.com/?cid=5504128005369874923&g_mp=Cilnb29nbGUubWFwcy5wbGFjZXMudjEuUGxhY2VzLlNlYXJjaE5lYXJieRACGAQgAA,ChIJPdoL3CoZDTkR68lZPkKXYkw
Ocean Incorporation,store,health|store|service|point_of_interest|establishment,087440 34544,,"Shop No.20, 1st Floor, Vakil Market, Shiv Complex, Chanderlok, Chakkarpur, Gurugram, Haryana 122009, India",,,OPERATIONAL,https://maps.google.com/?cid=11807156743890189447&g_mp=Cilnb29nbGUubWFwcy5wbGFjZXMudjEuUGxhY2VzLlNlYXJjaE5lYXJieRACGAQgAA,ChIJmyKZGSAZDTkRh7zuZoBy26M
The Good Phat,restaurant,restaurant|food|point_of_interest|establishment,097738 70123,http://www.thegoodphat.in/,"Shop no.1, First Floor, Vakil (Neo) Market, Plot 36/2, DLF Phase 4, Sector 28, Chakkarpur, Gurugram, Haryana 122009, India",4.8,23,CLOSED_TEMPORARILY,https://maps.google.com/?cid=15793177895366124196&g_mp=Cilnb29nbGUubWFwcy5wbGFjZXMudjEuUGxhY2VzLlNlYXJjaE5lYXJieRACGAQgAA,ChIJB32oFxAZDTkRpGLZt56jLNs
Casual Need,,point_of_interest|establishment,091555 82475,https://www.instagram.com/casual_need?igsh=cXU2MjFlbW12cnJk,"Building 163, Shop -2, Jaina Market, A Block, DLF Phase 1, Gurugram, Haryana 122002, India",5,2,OPERATIONAL,https://maps.google.com/?cid=17309862632215499633&g_mp=Cilnb29nbGUubWFwcy5wbGFjZXMudjEuUGxhY2VzLlNlYXJjaE5lYXJieRACGAQgAA,ChIJD2i8EBsZDTkRcVMDOFr8OPA
The Painting Service & Painting contactor | wall paint,,point_of_interest|establishment,098114 25513,https://www.iconpaint.link/,"147/148, Jaina Market, Saraswati Vihar, Chakkarpur, Gurugram, Haryana 122002, India",4.9,74,OPERATIONAL,https://maps.google.com/?cid=14670860172561640631&g_mp=Cilnb29nbGUubWFwcy5wbGFjZXMudjEuUGxhY2VzLlNlYXJjaE5lYXJieRACGAQgAA,ChIJebE8PK0ZDTkRt2z27phdmcs
NK Global,manufacturer,manufacturer|point_of_interest|establishment,085869 34780,,"PLOT NO 155-156, 2nd Floor, F3FM+C3H, Saraswati Vihar, Chakkarpur, Gurugram, Haryana 122002, India",4.2,6,OPERATIONAL,https://maps.google.com/?cid=9509172856026955495&g_mp=Cilnb29nbGUubWFwcy5wbGFjZXMudjEuUGxhY2VzLlNlYXJjaE5lYXJieRACGAQgAA,ChIJtemvoCQYDTkR5_5Fr1Re94M
"Ghosh House, 157 Saraswati Vihar",association_or_organization,association_or_organization|point_of_interest|service|establishment,,,"F3FM+F66, Saraswati Vihar, Chakkarpur, Gurugram, Haryana 122002, India",,,OPERATIONAL,https://maps.google.com/?cid=9060817646822909985&g_mp=Cilnb29nbGUubWFwcy5wbGFjZXMudjEuUGxhY2VzLlNlYXJjaE5lYXJieRACGAQgAA,ChIJzemJZgAZDTkRIWh4vaR9vn0
Suman Make Over & Parlour,beauty_salon,beauty_salon|point_of_interest|service|establishment,087504 20694,,"239-238, Nathuram Market, Saraswati Vihar, Chakkarpur, Gurugram, Haryana 122002, India",4.7,3,OPERATIONAL,https://maps.google.com/?cid=3854637667756955426&g_mp=Cilnb29nbGUubWFwcy5wbGFjZXMudjEuUGxhY2VzLlNlYXJjaE5lYXJieRACGAQgAA,ChIJl5gvb-QZDTkRIld-PIlsfjU
SAYAAN HOMOEOPATHIC,medical_clinic,medical_clinic|health|point_of_interest|establishment,095606 21333,,"Plot no 939, near OIL MIL Oil mil, Jaina Market, Sector 28, Chakkarpur, Gurugram, Haryana 122002, India",5,12,OPERATIONAL,https://maps.google.com/?cid=15140237045723430305&g_mp=Cilnb29nbGUubWFwcy5wbGFjZXMudjEuUGxhY2VzLlNlYXJjaE5lYXJieRACGAQgAA,ChIJ9cBRlwcZDTkRof2NbWDtHNI
"232, Saraswati Vihar",apartment_complex,apartment_complex|point_of_interest|service|establishment,,,"F3FM+945, Nathuram Market, Saraswati Vihar, Chakkarpur, Gurugram, Haryana 122002, India",5,1,OPERATIONAL,https://maps.google.com/?cid=13399897080751512786&g_mp=Cilnb29nbGUubWFwcy5wbGFjZXMudjEuUGxhY2VzLlNlYXJjaE5lYXJieRACGAQgAA,ChIJcQGAeAAZDTkR0tz8NGb_9bk
Education Point( Tutition Center),educational_institution,educational_institution|point_of_interest|establishment,088003 18139,,"180, Nathuram Market, A Block, Chakkarpur, Gurugram, Haryana 122002, India",,,OPERATIONAL,https://maps.google.com/?cid=7572328742879822982&g_mp=Cilnb29nbGUubWFwcy5wbGFjZXMudjEuUGxhY2VzLlNlYXJjaE5lYXJieRACGAQgAA,ChIJmfWBmyAZDTkRhgTVKd9QFmk
"Keshav Park, Saraswati Vihar",park,park|point_of_interest|establishment,,,"180, Nathuram Market, A Block, Chakkarpur, Gurugram, Haryana 122002, India",3.9,33,OPERATIONAL,https://maps.google.com/?cid=10008316215875037594&g_mp=Cilnb29nbGUubWFwcy5wbGFjZXMudjEuUGxhY2VzLlNlYXJjaE5lYXJieRACGAQgAA,ChIJo-FXmyAZDTkRmmkDb5Ku5Io
Mirae Asset Sharekhan - Authorised Partner,finance,finance|point_of_interest|establishment,080 6417 1454,https://stockbroker-branch.sharekhan.com/mirae-asset-sharekhan-authorised-partner-brightmoon-capital-private-limited-stock-broker-sector-27-gurugram-545428/Home?utm_source=locator&utm_medium=googleplaces,"No 494, Lower Ground Floor, near Gas Godown, Nathuram Market, Sector 28, Chakkarpur, Sector 27, Gurugram, Haryana 122001, India",,,OPERATIONAL,https://maps.google.com/?cid=9615146921638597674&g_mp=Cilnb29nbGUubWFwcy5wbGFjZXMudjEuUGxhY2VzLlNlYXJjaE5lYXJieRACGAQgAA,ChIJkV19PQgZDTkRKpR1ly7db4U
Atul Bagaria,insurance_agency,insurance_agency|finance|health|point_of_interest|service|establishment,099903 34949,,"116, 1st Floor, Vipul Agora Office, No -116, Mehrauli-Gurgaon Rd, near Sahara Mall, Nathuram Market, Sector 28, Chakkarpur, Gurugram, Haryana 122002, India",,,OPERATIONAL,https://maps.google.com/?cid=3564938661840416553&g_mp=Cilnb29nbGUubWFwcy5wbGFjZXMudjEuUGxhY2VzLlNlYXJjaE5lYXJieRACGAQgAA,ChIJLTfz74kZDTkRKe8NOdM0eTE
OYO For U,hotel,hotel|guest_house|cottage|inn|motel|lodging|point_of_interest|service|establishment,0124 620 1166,https://www.oyorooms.com/39130/,"For, U 1275, Sec46, near Bakhtawar Chowk, Nathuram Market, Sector 28, Chakkarpur, Gurugram, Haryana 122002, India",3.8,69,OPERATIONAL,https://maps.google.com/?cid=10201041584931386157&g_mp=Cilnb29nbGUubWFwcy5wbGFjZXMudjEuUGxhY2VzLlNlYXJjaE5lYXJieRACGAQgAA,ChIJSxn48vIZDTkRLbPSKEZhkY0
Townhouse Royal Suites,hotel,hotel|guest_house|cottage|inn|motel|lodging|point_of_interest|service|establishment,0124 433 0575,https://www.oyorooms.com/201057/,"rapid metro station, plot no. 107, near dlf phase 1, Nathuram Market, Sector 28, Chakkarpur, Gurugram, Haryana 122002, India",3.1,9,OPERATIONAL,https://maps.google.com/?cid=16519554135773749954&g_mp=Cilnb29nbGUubWFwcy5wbGFjZXMudjEuUGxhY2VzLlNlYXJjaE5lYXJieRACGAQgAA,ChIJgyNsYYcZDTkRwiKhTvY-QeU
Dhanush photography0930,service,point_of_interest|service|establishment,098916 10488,,"125, A Block, Gurugram, Haryana 122002, India",5,1,OPERATIONAL,https://maps.google.com/?cid=104750655074114337&g_mp=Cilnb29nbGUubWFwcy5wbGFjZXMudjEuUGxhY2VzLlNlYXJjaE5lYXJieRACGAQgAA,ChIJPafzBC8ZDTkRIZuucSomdAE
"248, Saraswati Vihar",apartment_building,apartment_building|point_of_interest|service|establishment,,,"229, Nathuram Market, A Block, Chakkarpur, Gurugram, Haryana 122002, India",,,OPERATIONAL,https://maps.google.com/?cid=5963587815195368373&g_mp=Cilnb29nbGUubWFwcy5wbGFjZXMudjEuUGxhY2VzLlNlYXJjaE5lYXJieRACGAQgAA,ChIJAYqEcgAZDTkRtVuRf4XrwlI
GY Digital,service,point_of_interest|service|establishment,098733 96676,https://yadavgaurav.com/,"58, Basement, Sector 28, Chakkarpur, Gurugram, Haryana 122002, India",5,4,OPERATIONAL,https://maps.google.com/?cid=7928066651945088173&g_mp=Cilnb29nbGUubWFwcy5wbGFjZXMudjEuUGxhY2VzLlNlYXJjaE5lYXJieRACGAQgAA,ChIJDe-yMm8ZDTkRrbTOgJ0mBm4
FLEX UNISEX GYM,gym,gym|sports_activity_location|health|point_of_interest|establishment,098999 88916,,"Sector 28, Chakkarpur, Gurugram, Haryana 122002, India",5,4,OPERATIONAL,https://maps.google.com/?cid=4398404001648883908&g_mp=Cilnb29nbGUubWFwcy5wbGFjZXMudjEuUGxhY2VzLlNlYXJjaE5lYXJieRACGAQgAA,ChIJycZpXicZDTkRxDjwwCJFCj0
Shankar Mehta,food_store,food_store|store|food|point_of_interest|establishment,080104 37237,,"Shop No.3, Vijay Senema Road, Sector 28, Chakkarpur, Gurugram, Haryana 122002, India",4.5,11,OPERATIONAL,https://maps.google.com/?cid=10086088996782950108&g_mp=Cilnb29nbGUubWFwcy5wbGFjZXMudjEuUGxhY2VzLlNlYXJjaE5lYXJieRACGAQgAA,ChIJkw2W7xUZDTkR3EY5EoH8-Is
A.k Sujit General Store,general_store,general_store|food_store|store|food|point_of_interest|establishment,099903 10134,,"near Number Dar House, Sector 28, Chakkarpur, Gurugram, Haryana 122002, India",5,2,OPERATIONAL,https://maps.google.com/?cid=18169304703913951305&g_mp=Cilnb29nbGUubWFwcy5wbGFjZXMudjEuUGxhY2VzLlNlYXJjaE5lYXJieRACGAQgAA,ChIJ1daqhigZDTkRSQCg9FxWJvw
Ajay Singh,grocery_store,grocery_store|food_store|store|food|point_of_interest|establishment,099993 84169,,"F3FP+G8W, NH 48, near numberdar house, Sector 28, Chakkarpur, Gurugram, Haryana 122002, India",4.8,4,OPERATIONAL,https://maps.google.com/?cid=3906367493295308800&g_mp=Cilnb29nbGUubWFwcy5wbGFjZXMudjEuUGxhY2VzLlNlYXJjaE5lYXJieRACGAQgAA,ChIJl1w7UCcZDTkRAAAA0Ik0NjY
Health Care Clinic,medical_clinic,medical_clinic|health|point_of_interest|establishment,099906 41173,,"H.No 71, Chakarpur, Sector 28, Near Yadav Choupal, Gurugram, NCR, Sector 28, Chakkarpur, Region, Gurugram, Haryana 122002, India",,,CLOSED_TEMPORARILY,https://maps.google.com/?cid=2153358706846813793&g_mp=Cilnb29nbGUubWFwcy5wbGFjZXMudjEuUGxhY2VzLlNlYXJjaE5lYXJieRACGAQgAA,ChIJM6-ToNgYDTkRYU6Zu1VE4h0
Satguru General Store,general_store,general_store|food_store|store|food|point_of_interest|establishment,085108 70204,,"House No 71, Sector 28, Chakkarpur, Gurugram, Haryana 122002, India",,,OPERATIONAL,https://maps.google.com/?cid=9295309166738432240&g_mp=Cilnb29nbGUubWFwcy5wbGFjZXMudjEuUGxhY2VzLlNlYXJjaE5lYXJieRACGAQgAA,ChIJ6eb6_ysZDTkR8GDgQHCS_4A
"Evangel Bible Church, india",church,church|place_of_worship|association_or_organization|point_of_interest|establishment,,,"Evangel Bible Church, Sector 28, Chakkarpur, Gurugram, Haryana 122002, India",,,OPERATIONAL,https://maps.google.com/?cid=3522124834387614159&g_mp=Cilnb29nbGUubWFwcy5wbGFjZXMudjEuUGxhY2VzLlNlYXJjaE5lYXJieRACGAQgAA,ChIJHypREAAZDTkRz1lBOOAZ4TA
HKI Film Academy,school,school|educational_institution|point_of_interest|establishment,088266 95678,,"Building No. 84, VPO - Chakkarpur, MG Road< Gurugram - 122002 Near Sahara Mall, Sector 28, Chakkarpur, Gurugram, Haryana 122002, India",,,CLOSED_TEMPORARILY,https://maps.google.com/?cid=13490768660846556934&g_mp=Cilnb29nbGUubWFwcy5wbGFjZXMudjEuUGxhY2VzLlNlYXJjaE5lYXJieRACGAQgAA,ChIJmf_nwUMZDTkRBje7sJ7WOLs
Modicare,medical_clinic,medical_clinic|health|point_of_interest|establishment,088988 88011,https://www.modicare.com/,"Shop No. 5, Sector. 28 Chakkarpur Market Power House Gurugram Haryana, Power House, Gurugram, NCR, Sector 28, Chakkarpur, Region, Gurugram, Haryana 122002, India",5,1,OPERATIONAL,https://maps.google.com/?cid=11337515208845635255&g_mp=Cilnb29nbGUubWFwcy5wbGFjZXMudjEuUGxhY2VzLlNlYXJjaE5lYXJieRACGAQgAA,ChIJgfAgiycZDTkRty7VggPyVp0
UK International Pest Control,service,service|point_of_interest|establishment,091932 58577,http://ukinternationalpestcontrol.in/,"Shop 10, Main Market Sikanderpur, Metro Station, near Sikanderpur, A Block, DLF Phase 1, Gurugram, Haryana 122002, India",5,3,OPERATIONAL,https://maps.google.com/?cid=2530657350836591086&g_mp=Cilnb29nbGUubWFwcy5wbGFjZXMudjEuUGxhY2VzLlNlYXJjaE5lYXJieRACGAQgAA,ChIJeXEtdtgYDTkR7pnY3HOzHiM
Muskan Danto Ka Aspatal,dental_clinic,dental_clinic|medical_clinic|health|point_of_interest|establishment,092509 08344,,"Gurugram, Shop No. 1, Jyoti Market, Shani Durga Mandir Chakkarpur, A Block, Chakkarpur, Sector 28, Gurugram Delhi, Sector 28, Chakkarpur, Gurugram, Haryana 122002, India",,,OPERATIONAL,https://maps.google.com/?cid=5014377171958796987&g_mp=Cilnb29nbGUubWFwcy5wbGFjZXMudjEuUGxhY2VzLlNlYXJjaE5lYXJieRACGAQgAA,ChIJeXEtdtgYDTkRu5JueHillkU
Danto Ka Clinic,dental_clinic,dental_clinic|medical_clinic|health|point_of_interest|establishment,089201 65597,,"Gurugram, House No. 143, Shop No. 2, Near Haim Gold School, A Block, Chakkarpur, Sector 28, Gurugram Delhi, Sector 28, Chakkarpur, Gurugram, Haryana 122002, India",,,OPERATIONAL,https://maps.google.com/?cid=388197999714269929&g_mp=Cilnb29nbGUubWFwcy5wbGFjZXMudjEuUGxhY2VzLlNlYXJjaE5lYXJieRACGAQgAA,ChIJeXEtdtgYDTkR6Xp8IwYoYwU
Dr. Sunil Sekhri,medical_clinic,medical_clinic|doctor|health|point_of_interest|establishment,098107 02715,https://www.eka.care/doctor/sunil-sekhri,"B 302, The IVY, A Block, Sushant Lok Phase I, Gurugram, Haryana 122002, India",3.4,27,OPERATIONAL,https://maps.google.com/?cid=6973562495236398002&g_mp=Cilnb29nbGUubWFwcy5wbGFjZXMudjEuUGxhY2VzLlNlYXJjaE5lYXJieRACGAQgAA,ChIJUe4Kr5r9DDkRsluNUyQSx2A
Singh Car Key Point,hardware_store,hardware_store|building_materials_store|store|service|point_of_interest|establishment,088510 46324,,"A Block, DLF Phase 1, Sarhol, Gurugram, Haryana 122002, India",,,CLOSED_TEMPORARILY,https://maps.google.com/?cid=3289207364555544056&g_mp=Cilnb29nbGUubWFwcy5wbGFjZXMudjEuUGxhY2VzLlNlYXJjaE5lYXJieRACGAQgAA,ChIJJS26d_IZDTkR-JXuzKucpS0
Lakshmi Butik,clothing_store,clothing_store|store|point_of_interest|establishment,096674 94125,,"Shop No.4, Lakshmi Butik, Sector 28, Chakkarpur, Gurugram, Haryana 122002, India",3.7,3,OPERATIONAL,https://maps.google.com/?cid=1621098341150535664&g_mp=Cilnb29nbGUubWFwcy5wbGFjZXMudjEuUGxhY2VzLlNlYXJjaE5lYXJieRACGAQgAA,ChIJS7g43WIZDTkR8K9AMlpMfxY
DOOARS CAFE & RESTURANT,chinese_restaurant,chinese_restaurant|restaurant|food|point_of_interest|establishment,096508 57201,,"House No.248, Gali No. 5, Sector 28, chakkarur, Gurugram, Haryana 122002, India",5,4,OPERATIONAL,https://maps.google.com/?cid=6358934414269229683&g_mp=Cilnb29nbGUubWFwcy5wbGFjZXMudjEuUGxhY2VzLlNlYXJjaE5lYXJieRACGAQgAA,ChIJ65JSymEZDTkRcyqGoCh5P1g
Vortex Holdings,service,service|point_of_interest|establishment,099992 21963,,"Metro Station, Plot no - 359, near DLF Phase - 1, Sector 28, Chakkarpur, Gurugram, Haryana 122002, India",5,1,OPERATIONAL,https://maps.google.com/?cid=10069235323710988362&g_mp=Cilnb29nbGUubWFwcy5wbGFjZXMudjEuUGxhY2VzLlNlYXJjaE5lYXJieRACGAQgAA,ChIJdRCdrv4ZDTkRSuCbhS0cvYs
"House no 273, Ambedkar Colony",apartment_building,apartment_building|service|point_of_interest|establishment,,,"F3FQ+CW9, 273, Ambedkar Colony, Sector 28, Chakkarpur, Gurugram, Haryana 122002, India",,,OPERATIONAL,https://maps.google.com/?cid=17462676268969549819&g_mp=Cilnb29nbGUubWFwcy5wbGFjZXMudjEuUGxhY2VzLlNlYXJjaE5lYXJieRACGAQgAA,ChIJh88DWAAZDTkR-9-Sn4vjV_I
Imperial Decor,store,building_materials_store|home_goods_store|store|point_of_interest|service|establishment,099114 60844,http://imperialdecor.in/,"55/12, Sector 28, DLF Phase 1, Gurugram, Haryana 122002, India",4.7,56,OPERATIONAL,https://maps.google.com/?cid=14482165342665836291&g_mp=Cilnb29nbGUubWFwcy5wbGFjZXMudjEuUGxhY2VzLlNlYXJjaE5lYXJieRACGAQgAA,ChIJ5ZMvky4ZDTkRAwcSPKb8-sg
SAFIYA HAIR STYLE SALON UNISEX,hair_salon,hair_salon|hair_care|point_of_interest|service|establishment,087501 49527,,"Plot No A55/12 Near Rapid Metro Station A BLOCK, Sector 28, DLF Phase 1, Gurugram, Haryana 122002, India",5,51,OPERATIONAL,https://maps.google.com/?cid=14732878791743251573&g_mp=Cilnb29nbGUubWFwcy5wbGFjZXMudjEuUGxhY2VzLlNlYXJjaE5lYXJieRACGAQgAA,ChIJWRAzyeoZDTkRdSS-9DOzdcw
M3M,corporate_office,corporate_office|point_of_interest|establishment,093505 51265,,"A55-14, Street Number 55, Sector 28, Chakkarpur, Gurugram, Haryana 122002, India",4,2,OPERATIONAL,https://maps.google.com/?cid=10110958937192935235&g_mp=Cilnb29nbGUubWFwcy5wbGFjZXMudjEuUGxhY2VzLlNlYXJjaE5lYXJieRACGAQgAA,ChIJP_kf59cYDTkRQy_yTZVXUYw
Enter A Designe Experience Center,general_contractor,general_contractor|manufacturer|point_of_interest|service|establishment,098111 08771,https://enteradesigne.in/,"A-55/11, Sector 28, DLF Phase 1, Gurugram, Haryana 122002, India",,,OPERATIONAL,https://maps.google.com/?cid=11237706351085426515&g_mp=Cilnb29nbGUubWFwcy5wbGFjZXMudjEuUGxhY2VzLlNlYXJjaE5lYXJieRACGAQgAA,ChIJYfDvTpcZDTkRUxeZ6mJa9Js
The Helping Hands Therapy Centre,physiotherapist,physiotherapist|health|point_of_interest|establishment,086302 29144,http://thhtc.org.in/,"120, Golf Course Rd, Sector 28, Sushant Lok Phase I, Gurugram, Haryana 122002, India",,,OPERATIONAL,https://maps.google.com/?cid=13811024231903984703&g_mp=Cilnb29nbGUubWFwcy5wbGFjZXMudjEuUGxhY2VzLlNlYXJjaE5lYXJieRACGAQgAA,ChIJuYbxHygZDTkRP_zybl2dqr8
Refilo,service,point_of_interest|service|establishment,087662 84098,https://refilo.in/,"DLF Cyber City, 55, Golf Course Rd, Sector 28, DLF Phase 2, Sector 54, Gurugram, Haryana 122002, India",5,3,OPERATIONAL,https://maps.google.com/?cid=1537984374846642582&g_mp=Cilnb29nbGUubWFwcy5wbGFjZXMudjEuUGxhY2VzLlNlYXJjaE5lYXJieRACGAQgAA,ChIJIyY525QZDTkRltnV7KMEWBU
Kamal Enterprises,general_contractor,general_contractor|point_of_interest|service|establishment,095360 51755,https://www.kamalpoolconstruction.com/,"A-55/12, 1st Floor Village Chakkarpur, Sector 28, DLF Phase 1, Gurugram, Haryana 122002, India",4.8,33,OPERATIONAL,https://maps.google.com/?cid=15116212264005488933&g_mp=Cilnb29nbGUubWFwcy5wbGFjZXMudjEuUGxhY2VzLlNlYXJjaE5lYXJieRACGAQgAA,ChIJyXbeUvQZDTkRJVFzCfeSx9E
Naturesum,store,store|point_of_interest|establishment,078381 97122,https://naturesum.com/,"A16/3, A - 12, Sector 26A, Gurugram, Haryana 122002, India",5,1,OPERATIONAL,https://maps.google.com/?cid=9752926923175299391&g_mp=Cilnb29nbGUubWFwcy5wbGFjZXMudjEuUGxhY2VzLlNlYXJjaE5lYXJieRACGAQgAA,ChIJgZs-ijcZDTkRPwk1CF1bWYc
THE DHOL WALA,,point_of_interest|establishment,098998 80053,https://the-dhol-wala.grexa.site/,"Office No 12, DLF Phase 1, Sector 26, Gurugram, Haryana 122002, India",4.9,131,OPERATIONAL,https://maps.google.com/?cid=12240438143162869250&g_mp=Cilnb29nbGUubWFwcy5wbGFjZXMudjEuUGxhY2VzLlNlYXJjaE5lYXJieRACGAQgAA,ChIJQVItJhAZDTkRAmZdeqPF3qk
A & A Enterprises,car_repair,car_repair|point_of_interest|service|establishment,083770 03597,,"Plot 24, Phase I, Udyog Vihar, Sector 20, Gurugram, Haryana 122002, India",,,OPERATIONAL,https://maps.google.com/?cid=7307017368719656665&g_mp=Cilnb29nbGUubWFwcy5wbGFjZXMudjEuUGxhY2VzLlNlYXJjaE5lYXJieRACGAQgAA,ChIJBc5d3YoZDTkR2QYlJpW9Z2U
Soni Sapphire,jewelry_store,jewelry_store|store|point_of_interest|establishment,0124 487 4387,https://www.sonisapphire.com/,"First Floor, Property No. 22, DLF, Road A-14 Qutub Enclave Complex, Phase 1, Gurugram, Haryana 122002, India",5,98,OPERATIONAL,https://maps.google.com/?cid=16577615386876719338&g_mp=Cilnb29nbGUubWFwcy5wbGFjZXMudjEuUGxhY2VzLlNlYXJjaE5lYXJieRACGAQgAA,ChIJ64Hu8qsZDTkR6jDWxVyFD-Y
The Trial Box,meal_takeaway,meal_takeaway|restaurant|food|point_of_interest|establishment,0124 460 1666,http://www.thetrialbox.com/,"DLF Cyber City, DLF Phase 1, Gurugram, Haryana 122002, India",4.1,50,OPERATIONAL,https://maps.google.com/?cid=3125972134740993335&g_mp=Cilnb29nbGUubWFwcy5wbGFjZXMudjEuUGxhY2VzLlNlYXJjaE5lYXJieRACGAQgAA,ChIJR6ZXQQQZDTkRN6UBLRivYSs
Sumit Suri & Associates,consultant,accounting|finance|consultant|service|point_of_interest|establishment,0124 405 0018,,"A-8/5, DLF City Phase-1, Opp. DT Mega Mall, Near A Block Summerfields School, Block A, Sector 26, Gurugram, Haryana 122002, India",,,OPERATIONAL,https://maps.google.com/?cid=4349598908689203529&g_mp=Cilnb29nbGUubWFwcy5wbGFjZXMudjEuUGxhY2VzLlNlYXJjaE5lYXJieRACGAQgAA,ChIJP4a-gyofDTkRScHYiynhXDw
"Summer Fields School, DLF Gurugram",school,school|educational_institution|point_of_interest|establishment,0124 235 6536,http://sfsdlf.com/,"Dlf Qutub Enclave, Phase I Road, Block A, Sector 26A, Gurugram, Haryana 122002, India",,,OPERATIONAL,https://maps.google.com/?cid=17106255455747086223&g_mp=Cilnb29nbGUubWFwcy5wbGFjZXMudjEuUGxhY2VzLlNlYXJjaE5lYXJieRACGAQgAA,ChIJkQP269UYDTkRj5fkRLSgZe0
Prisha Holidayz,travel_agency,travel_agency|service|point_of_interest|establishment,070425 67467,http://www.prishaholidayz.com/,"Prisha Holidays, 3326 A , Ground Floor Chanderlok Near Gallaria Market DLF -4, Block A, Sector 26A, Gurugram, Haryana 122002, India",4.8,35,OPERATIONAL,https://maps.google.com/?cid=13280247626555943224&g_mp=Cilnb29nbGUubWFwcy5wbGFjZXMudjEuUGxhY2VzLlNlYXJjaE5lYXJieRACGAQgAA,ChIJe0iNTssZDTkROGkXxtrqTLg
AADHAR CARD CENTER,,point_of_interest|establishment,099113 33911,,"Union Bank of India, Dlf Qutub Enclave, QUTUB PLAZA, A2/8, Sikanderpur, Block A, Sector 26A, Gurugram, Haryana 122001, India",2.1,10,OPERATIONAL,https://maps.google.com/?cid=4898005801296480535&g_mp=Cilnb29nbGUubWFwcy5wbGFjZXMudjEuUGxhY2VzLlNlYXJjaE5lYXJieRACGAQgAA,ChIJXy0G1jUZDTkRF0kUVlM2-UM
Second Innings Centre,service,health|service|point_of_interest|establishment,098711 99936,,"A-10/19, DLF Phase 1, Sector 26A, Gurugram, Haryana 122002, India",4.5,26,OPERATIONAL,https://maps.google.com/?cid=5703543175308275186&g_mp=Cilnb29nbGUubWFwcy5wbGFjZXMudjEuUGxhY2VzLlNlYXJjaE5lYXJieRACGAQgAA,ChIJbcJu99UYDTkR8m1anUwOJ08
DPSG STARZ Preschool,preschool,preschool|child_care_agency|school|educational_institution|service|point_of_interest|establishment,085950 20202,https://www.dpsgs.org/palam-vihar/blog/and-dpsg-starz-gets-appreciated-again,"F3FX+M44, A-10 St, Sector D, Sector 26A, Gurugram, Haryana 122002, India",5,1,OPERATIONAL,https://maps.google.com/?cid=15175799311616849631&g_mp=Cilnb29nbGUubWFwcy5wbGFjZXMudjEuUGxhY2VzLlNlYXJjaE5lYXJieRACGAQgAA,ChIJQUs_9tUYDTkR3zaKrxFFm9I
Habitare Suites,hotel,hotel|lodging|point_of_interest|establishment,0124 447 7737,,"No. 24 Shatoot Marg DLF – I Qutab Plaza Tower, DLF Phase I, GURGAON, HARYANA, 122002, 24/8, Shahtoot Marg, Block A, Sector 26A, Gurugram, Haryana 122002, India",3.6,7,OPERATIONAL,https://maps.google.com/?cid=14652621711842654028&g_mp=Cilnb29nbGUubWFwcy5wbGFjZXMudjEuUGxhY2VzLlNlYXJjaE5lYXJieRACGAQgAA,ChIJvWWbOdUYDTkRTLeOYtCRWMs
RAMAN COMPUTER,,electronics_store|store|point_of_interest|service|establishment,099103 14034,,"A1/3 basement, Qutab Plz Rd, DLF Phase 1, Sector 26, Gurugram, Haryana 122002, India",5,112,OPERATIONAL,https://maps.google.com/?cid=4266545836931022526&g_mp=Cilnb29nbGUubWFwcy5wbGFjZXMudjEuUGxhY2VzLlNlYXJjaE5lYXJieRACGAQgAA,ChIJvY9W5qAZDTkRvv4xZNXQNTs
Propenza Technologies,corporate_office,corporate_office|point_of_interest|establishment,0124 410 4805,,"D4, A/8, Shahtoot Marg, DLF Phase 1, Sector 26A, Gurugram, Haryana 122002, India",,,OPERATIONAL,https://maps.google.com/?cid=13823363586180014304&g_mp=Cilnb29nbGUubWFwcy5wbGFjZXMudjEuUGxhY2VzLlNlYXJjaE5lYXJieRACGAQgAA,ChIJIaIiZtUYDTkR4GBUO_Fz1r8
"RedMat Pilates, Golf Course Rd Studio",gym,gym|sports_complex|sports_school|sports_activity_location|health|point_of_interest|establishment,092059 33669,http://www.redmatpilates.com/,"A-1/3, Deodar Marg (Basement Level, Dlf Qutub Enclave, Near, Qutab Plz Rd, Block A, Sector 26A, Gurugram, Haryana 122002, India",4.9,79,OPERATIONAL,https://maps.google.com/?cid=2215589765561977300&g_mp=Cilnb29nbGUubWFwcy5wbGFjZXMudjEuUGxhY2VzLlNlYXJjaE5lYXJieRACGAQgAA,ChIJ8WAq3M4YDTkR1AlQMCdbvx4
Hair & skin factory gurgaon,hospital,hospital|health|point_of_interest|service|establishment,063664 48817,,"Basement, 19, Deodar Marg, DLF Phase 1, Sector 26A, Gurugram, Haryana 122002, India",5,2,CLOSED_TEMPORARILY,https://maps.google.com/?cid=4084001115456476922&g_mp=Cilnb29nbGUubWFwcy5wbGFjZXMudjEuUGxhY2VzLlNlYXJjaE5lYXJieRACGAQgAA,ChIJXVYUDUoZDTkR-hYVZWBJrTg
Acne Removal Delhi,skin_care_clinic,skin_care_clinic|medical_clinic|health|point_of_interest|establishment,0124 436 5790,,"A 1 / 10, DLF phase 1, Block A, Sector 26A, Gurugram, Haryana 122002, India",,,OPERATIONAL,https://maps.google.com/?cid=12759041109394998198&g_mp=Cilnb29nbGUubWFwcy5wbGFjZXMudjEuUGxhY2VzLlNlYXJjaE5lYXJieRACGAQgAA,ChIJ0-p9FNUYDTkRtkMY6Ek4EbE
Adventis ENT & Cochlear Implant Clinic,doctor,doctor|medical_clinic|health|point_of_interest|establishment,082855 11959,http://www.adventis.in/,"Basement, 19 Deodar Marg , DLF City – I, Block A, Sector 26A, Gurugram, Haryana 122002, India",5,3,OPERATIONAL,https://maps.google.com/?cid=11348322226648049483&g_mp=Cilnb29nbGUubWFwcy5wbGFjZXMudjEuUGxhY2VzLlNlYXJjaE5lYXJieRACGAQgAA,ChIJU1i_iSkZDTkRS-cGbPBWfZ0
The Woodbury,hotel,hotel|lodging|point_of_interest|establishment,099990 71320,http://thewoodbury.in/,"1, Kusum Marg, G Block, DLF Phase 1, Sector 26, Gurugram, Haryana 122002, India",4.5,319,OPERATIONAL,https://maps.google.com/?cid=12687338478839678924&g_mp=Cilnb29nbGUubWFwcy5wbGFjZXMudjEuUGxhY2VzLlNlYXJjaE5lYXJieRACGAQgAA,ChIJoY6Dp7cfDTkRzEdiSCB7ErA
Plaza Chemist,drugstore,drugstore|pharmacy|store|health|point_of_interest|establishment,098105 46404,,"O, 12, Qutab Plz Rd, DLF Phase 1, Sector 26A, Gurugram, Haryana 122002, India",4.3,7,OPERATIONAL,https://maps.google.com/?cid=8404052705403994534&g_mp=Cilnb29nbGUubWFwcy5wbGFjZXMudjEuUGxhY2VzLlNlYXJjaE5lYXJieRACGAQgAA,ChIJpQH-O8gZDTkRpgFEs2gxoXQ
SRK Residency,real_estate_agency,real_estate_agency|point_of_interest|service|establishment,098100 47296,http://www.srkresidency.com/,"217, Qutab Plaza, G Block, DLF Phase 1, Sector 26, Gurugram, Haryana 122002, India",4.6,23,OPERATIONAL,https://maps.google.com/?cid=2331839680871058058&g_mp=Cilnb29nbGUubWFwcy5wbGFjZXMudjEuUGxhY2VzLlNlYXJjaE5lYXJieRACGAQgAA,ChIJUZH2OcsYDTkRisp6y9VbXCA
YogOne | Home Yoga Classes,yoga_studio,yoga_studio|fitness_center|physiotherapist|gym|sports_complex|sports_school|sports_activity_location|health|point_of_interest|service|establishment,096396 30998,http://yogone.in/,"aestheticvision.yoga Qutub Plaza A-1, DLF Phase 1, Sector 26, Gurugram, Haryana 122009, India",4.8,17,OPERATIONAL,https://maps.google.com/?cid=2134850460468831603&g_mp=Cilnb29nbGUubWFwcy5wbGFjZXMudjEuUGxhY2VzLlNlYXJjaE5lYXJieRACGAQgAA,ChIJC-jWTX4ZDTkRc-XS0C6DoB0
"17, Kachnar Marg",apartment_building,apartment_building|point_of_interest|service|establishment,,,"17, Kachnar Marg, G Block, DLF Phase 1, Sector 26, Gurugram, Haryana 122002, India",,,OPERATIONAL,https://maps.google.com/?cid=1836267299272569051&g_mp=Cilnb29nbGUubWFwcy5wbGFjZXMudjEuUGxhY2VzLlNlYXJjaE5lYXJieRACGAQgAA,ChIJNxJBCQAfDTkR27DONWG7exk
Taanvi Food Point,restaurant,restaurant|food|point_of_interest|establishment,096547 04978,https://www.lytmeals.in/vendor-details/Taanvi%20Food%20Point,"House Number 379, Village, near by Wine Shop, G Block, Nathupur, Sector 26, Gurugram, Haryana 122002, India",4.3,15,OPERATIONAL,https://maps.google.com/?cid=3341980213700508335&g_mp=Cilnb29nbGUubWFwcy5wbGFjZXMudjEuUGxhY2VzLlNlYXJjaE5lYXJieRACGAQgAA,ChIJ5c57GzofDTkRr7oAPEwZYS4
B D Jewellers,jewelry_store,jewelry_store|store|point_of_interest|establishment,098912 50912,,"ICICI ATM, QUTUB PLAZA, J- 6, Ashoka Cresent Marg, G Block, DLF Phase 1, Sector 26, Gurugram, Haryana 122002, India",4.8,9,OPERATIONAL,https://maps.google.com/?cid=9916349976814372620&g_mp=Cilnb29nbGUubWFwcy5wbGFjZXMudjEuUGxhY2VzLlNlYXJjaE5lYXJieRACGAQgAA,ChIJ___P19QYDTkRDEd5zMPznYk
Nasha Mukti Kendra Longlife Wellbeing,health,health|point_of_interest|service|establishment,096090 00049,http://www.longlifewellbeing.weebly.com/,"House No, ASF Insignia Tower, 191, And, near Ram Mandir, Sec 55, New Gwal Pahari, Gwal Pahari, Gurugram, Haryana 122002, India",5,9,OPERATIONAL,https://maps.google.com/?cid=13734191588601943766&g_mp=Cilnb29nbGUubWFwcy5wbGFjZXMudjEuUGxhY2VzLlNlYXJjaE5lYXJieRACGAQgAA,ChIJFfIra0AhDTkR1tbGo3ummb4
Jawed Habib Hair Studio - DLF Phase I,hair_salon,hair_salon|hair_care|beauty_salon|point_of_interest|service|establishment,092050 94432,,"Shop No. 2, Silver Oaks Society, opp. Qutub Plaza, G Block, DLF Phase 1, Sector 26, Gurugram, Haryana 122002, India",4.8,340,OPERATIONAL,https://maps.google.com/?cid=5403554665741659182&g_mp=Cilnb29nbGUubWFwcy5wbGFjZXMudjEuUGxhY2VzLlNlYXJjaE5lYXJieRACGAQgAA,ChIJ29K8CBgfDTkRLqzv11ZI_Uo
Fruit Uncle mini Store,grocery_store,grocery_store|food_store|store|food|point_of_interest|establishment,099907 30014,http://fruituncle.in/,"Silver Oaks Apartments, G Block, DLF Phase 1, Sector 26, Gurugram, Haryana 122002, India",5,1,OPERATIONAL,https://maps.google.com/?cid=4933227706120297913&g_mp=Cilnb29nbGUubWFwcy5wbGFjZXMudjEuUGxhY2VzLlNlYXJjaE5lYXJieRACGAQgAA,ChIJ0T0eJQAfDTkRuV1qG3ZYdkQ
Key Exposervices LLP India,service,event_venue|point_of_interest|service|establishment,098111 18811,http://keyexposervices.com/,"Bounce Dr, G Block, DLF Phase 1, Sector 26, Gurugram, Haryana 122002, India",5,17,OPERATIONAL,https://maps.google.com/?cid=1526755930071393038&g_mp=Cilnb29nbGUubWFwcy5wbGFjZXMudjEuUGxhY2VzLlNlYXJjaE5lYXJieRACGAQgAA,ChIJjSLBQyofDTkRDmOg5m0gMBU
VSKOUT,corporate_office,corporate_office|point_of_interest|establishment,098107 72447,https://www.vskout.com/#!/landing,"Silver Oak Apartment Ln, G Block, DLF Phase 1, Sector 26, Gurugram, Haryana 122002, India",4.2,5,OPERATIONAL,https://maps.google.com/?cid=5370155867753372548&g_mp=Cilnb29nbGUubWFwcy5wbGFjZXMudjEuUGxhY2VzLlNlYXJjaE5lYXJieRACGAQgAA,ChIJlxixeIkfDTkRhFvrNU-ghko
Vita Dairy,food_store,food_store|store|food|point_of_interest|establishment,083687 57142,https://www.vitaindia.org.in/,"F4F4+2WJ, G Block, DLF Phase 1, Sector 26, Gurugram, Haryana 122002, India",4.3,25,OPERATIONAL,https://maps.google.com/?cid=12119714901572303975&g_mp=Cilnb29nbGUubWFwcy5wbGFjZXMudjEuUGxhY2VzLlNlYXJjaE5lYXJieRACGAQgAA,ChIJ9-1ljTQfDTkRZ7w5b33gMag
Axis Bank ATM,atm,atm|bank|finance|point_of_interest|establishment,1860 500 5555,https://branch.axisbank.com/axis-bank-atm-atm-sector-26-gurugram-168707/Home?utm_source=locator&utm_medium=googleplaces,"Silver Oaks Ave, G Block, DLF Phase 1, Sector 26, Gurugram, Haryana 122002, India",,,OPERATIONAL,https://maps.google.com/?cid=3736284480166998880&g_mp=Cilnb29nbGUubWFwcy5wbGFjZXMudjEuUGxhY2VzLlNlYXJjaE5lYXJieRACGAQgAA,ChIJUUOvwO0fDTkRYLMoZPDy2TM
Akhilm Yoga Point,,yoga_studio|fitness_center|wellness_center|gym|sports_complex|sports_school|consultant|sports_activity_location|health|point_of_interest|service|establishment,070076 81258,https://yoga-studios.ueniweb.com/?utm_campaign=gmb,"Community Centre, Silver Oaks Ave, G Block, DLF Phase 1, Sector 26, Gurugram, Haryana 122002, India",5,108,OPERATIONAL,https://maps.google.com/?cid=15592755917733592616&g_mp=Cilnb29nbGUubWFwcy5wbGFjZXMudjEuUGxhY2VzLlNlYXJjaE5lYXJieRACGAQgAA,ChIJ5yrIOuMZDTkRKH7hqeSYZNg
Maths Gurukool,school,school|educational_institution|point_of_interest|establishment,088022 88022,http://mathsgurukool.com/,"Silver Oaks Apartments, G Block, DLF Phase 1, Sector 26, Gurugram, Haryana 122002, India",,,OPERATIONAL,https://maps.google.com/?cid=3577594641777669872&g_mp=Cilnb29nbGUubWFwcy5wbGFjZXMudjEuUGxhY2VzLlNlYXJjaE5lYXJieRACGAQgAA,ChIJjSLBQyofDTkR8LZ_LV8rpjE
Optic World,store,store|health|point_of_interest|service|establishment,098100 44265,,"4, G Block, DLF Phase 1, Sector 26, Gurugram, Haryana 122002, India",5,1,OPERATIONAL,https://maps.google.com/?cid=2946860909212294700&g_mp=Cilnb29nbGUubWFwcy5wbGFjZXMudjEuUGxhY2VzLlNlYXJjaE5lYXJieRACGAQgAA,ChIJa2UGTCofDTkRLF4VQGJa5Sg
Dayal Management Consultants,consultant,consultant|point_of_interest|service|establishment,098100 14098,,"4, G Block, DLF Phase 1, Sector 26, Gurugram, Haryana 122002, India",,,CLOSED_TEMPORARILY,https://maps.google.com/?cid=8863737326680322901&g_mp=Cilnb29nbGUubWFwcy5wbGFjZXMudjEuUGxhY2VzLlNlYXJjaE5lYXJieRACGAQgAA,ChIJa2UGTCofDTkRVbMm8yJSAns
Durga Optical,store,store|health|point_of_interest|service|establishment,0124 404 8999,,"24, G - 18 Rd, G Block, DLF Phase 1, Sector 26, Gurugram, Haryana 122002, India",,,CLOSED_TEMPORARILY,https://maps.google.com/?cid=12960250957996539229&g_mp=Cilnb29nbGUubWFwcy5wbGFjZXMudjEuUGxhY2VzLlNlYXJjaE5lYXJieRACGAQgAA,ChIJTQCp1isfDTkRXb1Md5QP3LM
The Golden Dragon,chinese_restaurant,chinese_restaurant|restaurant|food|point_of_interest|establishment,0124 405 8000,http://www.goldendragonindia.com/various-locations.html,"24, G - 18 Rd, G Block, DLF Phase 1, Sector 26, Gurugram, Haryana 122002, India",4.1,19,OPERATIONAL,https://maps.google.com/?cid=12600694590403621418&g_mp=Cilnb29nbGUubWFwcy5wbGFjZXMudjEuUGxhY2VzLlNlYXJjaE5lYXJieRACGAQgAA,ChIJTQCp1isfDTkRKrIx-Peo3q4
W.CHANNEL MANAGEMENT AND SERVICES PVT.LTD.,chauffeur_service,chauffeur_service|auto_parts_store|car_repair|transportation_service|store|point_of_interest|service|establishment,070114 04044,,"G4/8, DLF phase I, G Block, DLF Phase 1, Sector 26, Gurugram, Haryana 122002, India",5,2,OPERATIONAL,https://maps.google.com/?cid=6381313067784158131&g_mp=Cilnb29nbGUubWFwcy5wbGFjZXMudjEuUGxhY2VzLlNlYXJjaE5lYXJieRACGAQgAA,ChIJdQTPsEYZDTkRszvV7Wz6jlg
Anisha photocopy and stationery store,store,store|point_of_interest|establishment,089470 61468,,"Shop num.3, Cluster_hauz Khas (Saket) 1 H-Block, near heritage public school, Arjan Garh, Aya Nagar, New Delhi, Delhi 110047, India",,,OPERATIONAL,https://maps.google.com/?cid=4855754087690418041&g_mp=Cilnb29nbGUubWFwcy5wbGFjZXMudjEuUGxhY2VzLlNlYXJjaE5lYXJieRACGAQgAA,ChIJXxEXI04fDTkReTdwqZ0aY0M
Manju Shukla Tours And Travels Delhi NCR,taxi_service,taxi_service|transportation_service|point_of_interest|service|establishment,097735 33592,,"Arjan Garh, Aya Nagar, New Delhi, Delhi 110047, India",,,OPERATIONAL,https://maps.google.com/?cid=1674409263739050308&g_mp=Cilnb29nbGUubWFwcy5wbGFjZXMudjEuUGxhY2VzLlNlYXJjaE5lYXJieRACGAQgAA,ChIJh_sb7iAfDTkRRBnKnVqyPBc
Hampery,gift_shop,gift_shop|store|point_of_interest|establishment,099582 92611,https://hampery.com/,"F- 241, Street Number 19, Arjan Garh, Aya Nagar, New Delhi, Delhi 110047, India",5,37,OPERATIONAL,https://maps.google.com/?cid=17138922873829884032&g_mp=Cilnb29nbGUubWFwcy5wbGFjZXMudjEuUGxhY2VzLlNlYXJjaE5lYXJieRACGAQgAA,ChIJMSL-W8sfDTkRgIByP4yv2e0
Arshad bhai,manufacturer,manufacturer|point_of_interest|service|establishment,090605 63538,,"Arjan Garh, Aya Nagar, New Delhi, Delhi 110047, India",3,1,OPERATIONAL,https://maps.google.com/?cid=15127866277434960529&g_mp=Cilnb29nbGUubWFwcy5wbGFjZXMudjEuUGxhY2VzLlNlYXJjaE5lYXJieRACGAQgAA,ChIJddj39gUfDTkRkSoffDr68NE
Bharat electric and electronics,service,point_of_interest|service|establishment,085789 37486,,"Arjan Garh, Aya Nagar, New Delhi, Delhi 110047, India",5,1,OPERATIONAL,https://maps.google.com/?cid=6357487713948517574&g_mp=Cilnb29nbGUubWFwcy5wbGFjZXMudjEuUGxhY2VzLlNlYXJjaE5lYXJieRACGAQgAA,ChIJ1zEJJ2UfDTkRxsTPdWRVOlg
Thakur Printer,manufacturer,manufacturer|store|point_of_interest|service|establishment,098993 22450,,"Unnamed Road, Ishwar Colony, Phase 5, Aya Nagar Extension, Aya Nagar, New Delhi, Delhi 110047, India",,,OPERATIONAL,https://maps.google.com/?cid=15123142477846667065&g_mp=Cilnb29nbGUubWFwcy5wbGFjZXMudjEuUGxhY2VzLlNlYXJjaE5lYXJieRACGAQgAA,ChIJFeeXhSUfDTkROd-rL_Ux4NE
"Mother Mary Public School, Aya Nagar, Delhi",primary_school,primary_school|school|educational_institution|point_of_interest|establishment,097736 19981,http://www.mmpsayanagar.in/,"Ishwar Colony, Phase 5, Aya Nagar Extension, Aya Nagar, New Delhi, Delhi 110047, India",,,OPERATIONAL,https://maps.google.com/?cid=9029591475427550528&g_mp=Cilnb29nbGUubWFwcy5wbGFjZXMudjEuUGxhY2VzLlNlYXJjaE5lYXJieRACGAQgAA,ChIJlcyN4SAfDTkRQCXBJ5uNT30
Ch.Harswaroop bhawan aya nagar,food_delivery,food_delivery|food|point_of_interest|establishment,099531 40052,,"A2/300, 47, Ishwar Colony, Phase 5, Aya Nagar Extension, Aya Nagar, New Delhi, Delhi 110047, India",,,OPERATIONAL,https://maps.google.com/?cid=16968125429803817989&g_mp=Cilnb29nbGUubWFwcy5wbGFjZXMudjEuUGxhY2VzLlNlYXJjaE5lYXJieRACGAQgAA,ChIJyWW6i5wfDTkRBZy6ay3keus
Go Global Logistics,courier_service,courier_service|shipping_service|transportation_service|point_of_interest|service|establishment,098911 18945,,"A2/212, Ishwar Colony, Phase 5, Aya Nagar Extension, Aya Nagar, New Delhi, Delhi 110047, India",5,16,CLOSED_TEMPORARILY,https://maps.google.com/?cid=12022973544702558463&g_mp=Cilnb29nbGUubWFwcy5wbGFjZXMudjEuUGxhY2VzLlNlYXJjaE5lYXJieRACGAQgAA,ChIJFZxblVMfDTkR_0DqC70u2qY
Bishnu Sukmati Placement Agency,consultant,consultant|point_of_interest|service|establishment,084486 78774,,"A7/87, Ishwar Colony, Phase 5, Aya Nagar Extension, Aya Nagar, New Delhi, Delhi 110047, India",5,2,OPERATIONAL,https://maps.google.com/?cid=13897954508177237780&g_mp=Cilnb29nbGUubWFwcy5wbGFjZXMudjEuUGxhY2VzLlNlYXJjaE5lYXJieRACGAQgAA,ChIJcfsawuAfDTkRFGdxnP1z38A
DIRECTION TRANSPORT & TRAVELS SOLUTIONS PVT. LTD. | CAR RENTAL SERVICE | CAB SERVICE,taxi_service,taxi_service|car_rental|airport_shuttle_service|transportation_service|point_of_interest|service|establishment,098185 59316,http://www.directiontravels.in/,"Ground, Floor H. No - A2, 88, Phase 5, Aya Nagar Extension, Aya Nagar, New Delhi, Delhi 110047, India",,,OPERATIONAL,https://maps.google.com/?cid=16411910555229055436&g_mp=Cilnb29nbGUubWFwcy5wbGFjZXMudjEuUGxhY2VzLlNlYXJjaE5lYXJieRACGAQgAA,ChIJv06dZzwfDTkRzGnpKbLRwuM
Darshan Travels,taxi_service,taxi_service|transportation_service|point_of_interest|service|establishment,098181 19349,http://www.thedarshantravels.in/,"A2/76A, Phase 5, Aya Nagar Extension, Aya Nagar, New Delhi, Delhi 110047, India",5,49,OPERATIONAL,https://maps.google.com/?cid=8391766132291921678&g_mp=Cilnb29nbGUubWFwcy5wbGFjZXMudjEuUGxhY2VzLlNlYXJjaE5lYXJieRACGAQgAA,ChIJD6kaC10fDTkRDudp-dWKdXQ
Iskcon Hare Krishna Centre,association_or_organization,association_or_organization|point_of_interest|establishment,098705 16619,,"F4FF+985, Phase 5, Mansarovar Dham, Aya Nagar, New Delhi, Delhi 110047, India",4.3,3,OPERATIONAL,https://maps.google.com/?cid=8917368028428042176&g_mp=Cilnb29nbGUubWFwcy5wbGFjZXMudjEuUGxhY2VzLlNlYXJjaE5lYXJieRACGAQgAA,ChIJdafqsSEfDTkRwP_gwfnawHs
Roy Imaging,electronics_store,electronics_store|home_goods_store|store|point_of_interest|service|establishment,096500 38840,https://royimaging.com/,"A7/94 Phase 5, Near Mother Mary School, Aya Nagar, Phase 5, Aya Nagar Extension, Aya Nagar, New Delhi, Delhi 110047, India",4.9,180,OPERATIONAL,https://maps.google.com/?cid=18284793922360704547&g_mp=Cilnb29nbGUubWFwcy5wbGFjZXMudjEuUGxhY2VzLlNlYXJjaE5lYXJieRACGAQgAA,ChIJAblOTSAfDTkRI_6HBTKjwP0
Stela Global,electronics_store,electronics_store|store|point_of_interest|establishment,070659 88963,http://www.stelaglobal.com/,"A7/94, Phase 5, Aya Nagar Extension, Aya Nagar, New Delhi, Delhi 110047, India",,,OPERATIONAL,https://maps.google.com/?cid=3982550937549846260&g_mp=Cilnb29nbGUubWFwcy5wbGFjZXMudjEuUGxhY2VzLlNlYXJjaE5lYXJieRACGAQgAA,ChIJsTEJEcIfDTkR9LaOLPrcRDc
Subhash Car Rantial For Outstation,health,health|point_of_interest|service|establishment,099715 10407,,"F3G8+FQ9, IFFCO Chowk Flyover, Heritage City, Sector 17, Gurugram, Haryana 122009, India",,,OPERATIONAL,https://maps.google.com/?cid=8387265304080391480&g_mp=Cilnb29nbGUubWFwcy5wbGFjZXMudjEuUGxhY2VzLlNlYXJjaE5lYXJieRACGAQgAA,ChIJSxr0RAMZDTkROJ2rPluNZXQ
Raghuveer Namkeen,food_court,food_court|food|point_of_interest|establishment,070785 08634,,"90, Ifcco Chowk, Block C, Sector 17C, Sector 17, Gurugram, Haryana 122007, India",2.5,2,CLOSED_TEMPORARILY,https://maps.google.com/?cid=8994126850606147756&g_mp=Cilnb29nbGUubWFwcy5wbGFjZXMudjEuUGxhY2VzLlNlYXJjaE5lYXJieRACGAQgAA,ChIJT8s_VSkZDTkRrKguu7eO0Xw
Heera Motors,car_repair,car_wash|car_repair|point_of_interest|service|establishment,098715 04882,,"10, Iffco chowk, NH 48, Sector 29, Gurugram, Haryana 122009, India",4.2,5,OPERATIONAL,https://maps.google.com/?cid=12634347066620981084&g_mp=Cilnb29nbGUubWFwcy5wbGFjZXMudjEuUGxhY2VzLlNlYXJjaE5lYXJieRACGAQgAA,ChIJJ5KOTHEZDTkRXC_xqrc3Vq8
"IB DP(HL/SL) math home tuition,IGCSE( A ,AS and AP) in Delhi,Gurgaon/Noida",consultant,consultant|point_of_interest|service|establishment,087459 29369,,"F3G8+RR4, NH 236, Block C, Heritage City, Sector 25, Gurugram, Haryana 122001, India",5,1,CLOSED_TEMPORARILY,https://maps.google.com/?cid=16149211439273419621&g_mp=Cilnb29nbGUubWFwcy5wbGFjZXMudjEuUGxhY2VzLlNlYXJjaE5lYXJieRACGAQgAA,ChIJaz94pwQZDTkRZSOR6D2GHeA
Sss,beauty_salon,beauty_salon|point_of_interest|service|establishment,082781 45689,,"F3G9+R9H, Sector 29, Gurugram, Haryana 122009, India",3.7,6,OPERATIONAL,https://maps.google.com/?cid=17037931230661553600&g_mp=Cilnb29nbGUubWFwcy5wbGFjZXMudjEuUGxhY2VzLlNlYXJjaE5lYXJieRACGAQgAA,ChIJEbC1CgAZDTkRwK0d9y7kcuw
Raj Kalpna travels PVT LTD,,point_of_interest|establishment,088266 01883,https://www.google.com/search?q=raj+kalpana+travels&client=ms-android-oneplus-rvo3&sca_esv=9beffc660237a68f&sxsrf=AE3TifN6tQDTdQ6G1ARnZZHzhLIFJprnjQ:1762607515689&ei=m0EPaareKZTuseMP-92l6AI&oq=raj+kalpana+travels&gs_lp=EhNtb2JpbGUtZ3dzLXdpei1zZXJwIhNyYWoga2FscGFuYSB0cmF2ZWxzMgoQABiwAxjWBBhHMgoQABiwAxjWBBhHMgoQABiwAxjWBBhHMgoQABiwAxjWBBhHMgoQABiwAxjWBBhHMgoQABiwAxjWBBhHMgoQABiwAxjWBBhHMgoQABiwAxjWBBhHMg0QABiABBiwAxhDGIoFMg0QABiABBiwAxhDGIoFMg0QABiABBiwAxhDGIoFMhkQLhiABBiwAxhDGMcBGMgDGIoFGK8B2AEBMhkQLhiABBiwAxjRAxhDGMcBGMgDGIoF2AEBSN8NUABYAHABeAGQAQCYAQCgAQCqAQC4AQPIAQCYAgGgAiuYAwCIBgGQBg26BgQIARgIkgcBMaAHALIHALgHAMIHAzQtMcgHKA&sclient=mobile-gws-wiz-serp,"heera moters, Iffco chowk, Sector 29, Gurugram, Haryana 122009, India",4.5,2,OPERATIONAL,https://maps.google.com/?cid=7246929649145368734&g_mp=Cilnb29nbGUubWFwcy5wbGFjZXMudjEuUGxhY2VzLlNlYXJjaE5lYXJieRACGAQgAA,ChIJk0LaYAAZDTkRnlCOuR5EkmQ
Daily Treats,bakery,bakery|dessert_shop|confectionery|food_store|store|restaurant|food|point_of_interest|establishment,098991 91917,https://www.marriott.com/en-us/hotels/delwi-the-westin-gurgaon-new-delhi/dining/,"The Westin, 1, Mehrauli-Gurgaon Rd, Sector 29, Gurugram, New Delhi, Haryana 122002, India",4,10,OPERATIONAL,https://maps.google.com/?cid=18120518496394512547&g_mp=Cilnb29nbGUubWFwcy5wbGFjZXMudjEuUGxhY2VzLlNlYXJjaE5lYXJieRACGAQgAA,ChIJi7Z2fBwZDTkRo4h925ADefs
Railway Energy Management Company Limited (REMCL),corporate_office,corporate_office|point_of_interest|establishment,011 6920 3000,,"RITES bhawan, RITES Bhawan, 1, Leisure Valley Rd, Sector 29, Gurugram, Haryana 122009, India",5,2,OPERATIONAL,https://maps.google.com/?cid=11208766885408901847&g_mp=Cilnb29nbGUubWFwcy5wbGFjZXMudjEuUGxhY2VzLlNlYXJjaE5lYXJieRACGAQgAA,ChIJfdcFasAZDTkR14r1fhiKjZs
RITES Limited,government_office,government_office|point_of_interest|establishment,0124 257 1666,http://www.rites.com/,"Shikhar, Plot No.01, Sector 29, Gurugram, Haryana 122001, India",4.4,150,OPERATIONAL,https://maps.google.com/?cid=12502046597940401607&g_mp=Cilnb29nbGUubWFwcy5wbGFjZXMudjEuUGxhY2VzLlNlYXJjaE5lYXJieRACGAQgAA,ChIJPX9hWRwZDTkRx1WeYyQxgK0
"The Westin Gurgaon, New Delhi",hotel,hotel|wedding_venue|event_venue|lodging|point_of_interest|service|establishment,0124 497 7777,https://www.marriott.com/en-us/hotels/delwi-the-westin-gurgaon-new-delhi/overview/?scid=f2ae0541-1279-4f24-b197-a979c79310b0,"1, Mehrauli-Gurgaon Rd, Sector 29, New Delhi, Gurugram, Haryana 122009, India",4.4,22127,OPERATIONAL,https://maps.google.com/?cid=4384020785292259994&g_mp=Cilnb29nbGUubWFwcy5wbGFjZXMudjEuUGxhY2VzLlNlYXJjaE5lYXJieRACGAQgAA,ChIJH2m_gRwZDTkRmjJGO60r1zw
ChargeZone Charging Station,electric_vehicle_charging_station,electric_vehicle_charging_station|transportation_service|point_of_interest|establishment,1800 121 2025,https://ev-stations.chargezone.co.in/near-me/gurugram/Sector-29/chargezone-charging-station-in-Sector-29-gurugram--5pIBZV/home,"1, Mehrauli-Gurgaon Rd, Sector 29, Gurugram, Haryana 122009, India",4.3,3,OPERATIONAL,https://maps.google.com/?cid=3174126186868870580&g_mp=Cilnb29nbGUubWFwcy5wbGFjZXMudjEuUGxhY2VzLlNlYXJjaE5lYXJieRACGAQgAA,ChIJCSjsG-oZDTkRtI2VIPPCDCw
EEST,restaurant,thai_restaurant|chinese_restaurant|japanese_restaurant|restaurant|food|point_of_interest|establishment,072900 13904,https://www.marriott.com/hotels/hotel-information/restaurant/details/delwi-the-westin-gurgaon-new-delhi/5968748/,"First floor, The Westin, 1, Mehrauli-Gurgaon Rd, above lobby level, Sector 29, Gurugram, New Delhi, Haryana 122002, India",4.3,328,OPERATIONAL,https://maps.google.com/?cid=16219208140577068349&g_mp=Cilnb29nbGUubWFwcy5wbGFjZXMudjEuUGxhY2VzLlNlYXJjaE5lYXJieRACGAQgAA,ChIJ2YHafhwZDTkRPVU47d4zFuE
STORY Club and Lounge,association_or_organization,lounge_bar|bar|association_or_organization|night_club|point_of_interest|establishment,096542 45577,https://www.instagram.com/storyclubgurgaon/,"The Westin, 1, Mehrauli-Gurgaon Rd, Sector 29, Gurugram, New Delhi, Haryana 122009, India",4.3,820,OPERATIONAL,https://maps.google.com/?cid=14071336953442378773&g_mp=Cilnb29nbGUubWFwcy5wbGFjZXMudjEuUGxhY2VzLlNlYXJjaE5lYXJieRACGAQgAA,ChIJCwgRgRwZDTkRFaTC8GduR8M
Prego,italian_restaurant,italian_restaurant|pizza_restaurant|grocery_store|food_store|store|restaurant|food|point_of_interest|establishment,072900 13903,http://www.westingurgaon.com/dining-prego,"The Westin, 1, Mehrauli-Gurgaon Rd, Sector 29, Gurugram, New Delhi, Haryana 122002, India",4.2,403,OPERATIONAL,https://maps.google.com/?cid=15525967865706641838&g_mp=Cilnb29nbGUubWFwcy5wbGFjZXMudjEuUGxhY2VzLlNlYXJjaE5lYXJieRACGAQgAA,ChIJSf0BhhwZDTkRrvmShYNRd9c
Heavenly Spa By Westin,spa,spa|point_of_interest|establishment,0124 497 8000,https://www.marriott.com/en-us/hotels/delwi-the-westin-gurgaon-new-delhi/experiences/,"The Westin, 1, Mehrauli-Gurgaon Rd, Sector 29, Gurugram, New Delhi, Haryana 122002, India",4.1,29,OPERATIONAL,https://maps.google.com/?cid=5697809672193059770&g_mp=Cilnb29nbGUubWFwcy5wbGFjZXMudjEuUGxhY2VzLlNlYXJjaE5lYXJieRACGAQgAA,ChIJFddlfBwZDTkRuivaZLWvEk8
Sunset Story Rooftop Bar,lounge_bar,lounge_bar|bar|night_club|point_of_interest|establishment,098991 91917,https://www.marriott.com/en-us/hotels/delwi-the-westin-gurgaon-new-delhi/overview/?scid=f2ae0541-1279-4f24-b197-a979c79310b0,"The Westin, 1, Mehrauli-Gurgaon Rd, Sector 29, Gurugram, New Delhi, Haryana 122002, India",3.7,50,OPERATIONAL,https://maps.google.com/?cid=9467567913657952776&g_mp=Cilnb29nbGUubWFwcy5wbGFjZXMudjEuUGxhY2VzLlNlYXJjaE5lYXJieRACGAQgAA,ChIJ0euPBZwZDTkRCOp3LNuOY4M
Seasonal Tastes,restaurant,restaurant|breakfast_restaurant|buffet_restaurant|food|point_of_interest|establishment,0124 497 7831,https://www.marriott.com/en-us/dining/restaurant-bar/delwi-the-westin-gurgaon-new-delhi/5968746-seasonal-tastes.mi,"The Westin, 1, Mehrauli-Gurgaon Rd, Sector 29, Gurugram, New Delhi, Haryana 122002, India",4.2,1453,OPERATIONAL,https://maps.google.com/?cid=15739444843620965751&g_mp=Cilnb29nbGUubWFwcy5wbGFjZXMudjEuUGxhY2VzLlNlYXJjaE5lYXJieRACGAQgAA,ChIJccb0fBwZDTkRd53hsbG9bdo
Pet Shops,pet_store,pet_store|store|point_of_interest|establishment,093062 16407,,"188, Sohna Road, near by School, Sector 29, Gurugram, Haryana 122009, India",5,1,OPERATIONAL,https://maps.google.com/?cid=10763452931292961643&g_mp=Cilnb29nbGUubWFwcy5wbGFjZXMudjEuUGxhY2VzLlNlYXJjaE5lYXJieRACGAQgAA,ChIJIWdcciwZDTkRa5ta7ml3X5U
Power Plant Engineers Limited,corporate_office,corporate_office|point_of_interest|establishment,0124 661 2000,,"Ist Floor, Tower B, Jindal Centre, Plot No. 2, Sector 29, Gurugram, Haryana 122009, India",5,1,OPERATIONAL,https://maps.google.com/?cid=5353678143263528968&g_mp=Cilnb29nbGUubWFwcy5wbGFjZXMudjEuUGxhY2VzLlNlYXJjaE5lYXJieRACGAQgAA,ChIJ6_7AfhwZDTkRCNj-AugVTEo
Exotica Nursery,farm,farm|wholesaler|point_of_interest|service|establishment,085270 05609,,"Metro Pillar No. 134, IFFCO Chowk, Metro Station, Sector-29, August Kranti Marg, near Platinum Tower, Sector 28, Gurugram, Haryana 122002, India",5,7,OPERATIONAL,https://maps.google.com/?cid=1834585036746869878&g_mp=Cilnb29nbGUubWFwcy5wbGFjZXMudjEuUGxhY2VzLlNlYXJjaE5lYXJieRACGAQgAA,ChIJW9ARNj8ZDTkRdkyL8V7BdRk
Yashika Nursery,wholesaler,wholesaler|point_of_interest|service|establishment,099996 14929,,"Metro Pillar No.135, Mehrauli-Gurgaon Rd, near Platinum Tower, near IFFCO Chowk Metro Station, Sector 28, Gurugram, Haryana 122009, India",5,20,OPERATIONAL,https://maps.google.com/?cid=4558095642194466384&g_mp=Cilnb29nbGUubWFwcy5wbGFjZXMudjEuUGxhY2VzLlNlYXJjaE5lYXJieRACGAQgAA,ChIJA_ceMykZDTkRUNZBNdabQT8
NARAYANA EDUCATIONAL INSTITUTIONS,school,school|educational_institution|point_of_interest|establishment,098733 38852,http://narayanaschool.org/,"Essel Towers, Mehrauli-Gurgaon Rd, Indian Airlines Pilots Society, Sushant Lok Phase I, Gurugram, Haryana 122009, India",,,OPERATIONAL,https://maps.google.com/?cid=10141771886484490392&g_mp=Cilnb29nbGUubWFwcy5wbGFjZXMudjEuUGxhY2VzLlNlYXJjaE5lYXJieRACGAQgAA,ChIJq6qaoB4ZDTkRmIjzHszPvow
Cobaltqube Media Pvt. Ltd.,service,service|point_of_interest|establishment,099713 75550,https://cobaltqubemedia.com/,"EC-2, Essel Towers, D-202, Mehrauli-Gurgaon Rd, Sector 28, Sushant Lok Phase I, Gurugram, Haryana 122009, India",,,OPERATIONAL,https://maps.google.com/?cid=11380490822503727622&g_mp=Cilnb29nbGUubWFwcy5wbGFjZXMudjEuUGxhY2VzLlNlYXJjaE5lYXJieRACGAQgAA,ChIJg28nRBRzvqsRBoLtTBug750
Uniformsonweb,manufacturer,wholesaler|clothing_store|store|manufacturer|service|point_of_interest|establishment,098911 94126,http://uniformsonweb.com/,"Essel Towers, 819 Ews, Sector 28, Sushant Lok Phase I, Gurugram, Haryana 122009, India",4.8,18,OPERATIONAL,https://maps.google.com/?cid=7843565520081786143&g_mp=Cilnb29nbGUubWFwcy5wbGFjZXMudjEuUGxhY2VzLlNlYXJjaE5lYXJieRACGAQgAA,ChIJcwECEDMYTWYRHxX6lEjx2Ww
"FORTUNE HOME GURGAON,NEAR MAX,FORTIS,MEDANTA",bed_and_breakfast,bed_and_breakfast|lodging|point_of_interest|establishment,091361 51536,,"Essel Tower Road, NEAR, Mehrauli-Gurgaon Rd, Sector 28, Sushant Lok Phase I, Gurugram, Haryana 122009, India",5,1,OPERATIONAL,https://maps.google.com/?cid=8905642261636185496&g_mp=Cilnb29nbGUubWFwcy5wbGFjZXMudjEuUGxhY2VzLlNlYXJjaE5lYXJieRACGAQgAA,ChIJq6qaoB4ZDTkRmP2H7XMyl3s
Yuvhraj Singh Institute of Performing Arts,sports_school,sports_school|point_of_interest|establishment,098998 90686,,"Nursery Site, Srgps, Essel Towers, Mehrauli-Gurgaon Rd, near Iffco Chowk, Sector 28, Sushant Lok Phase I, Gurugram, Haryana 122009, India",5,2,CLOSED_TEMPORARILY,https://maps.google.com/?cid=3439216258781909103&g_mp=Cilnb29nbGUubWFwcy5wbGFjZXMudjEuUGxhY2VzLlNlYXJjaE5lYXJieRACGAQgAA,ChIJ39Lb7usZDTkRb5BxMveMui8
Stratxglobal Solutions Private Limited,corporate_office,corporate_office|point_of_interest|establishment,099711 09910,,"703, Pearl Court 3, Essel Towers, Mehrauli-Gurgaon Rd, Sector 28, Sushant Lok Phase I, Gurugram, Haryana 122009, India",,,OPERATIONAL,https://maps.google.com/?cid=50217747122574554&g_mp=Cilnb29nbGUubWFwcy5wbGFjZXMudjEuUGxhY2VzLlNlYXJjaE5lYXJieRACGAQgAA,ChIJq6qaoB4ZDTkR2lSpYsZosgA
Vani Physiotherapy Clinic,doctor,doctor|physiotherapist|hospital|medical_clinic|health|service|point_of_interest|establishment,088005 06858,https://www.apollo247.com/hospital/9e61c4d7-121a-4725-a0f3-0b93a5689a05,"Shop 2,3, Essel Convinient Centre, Essel Towers, Mehrauli-Gurgaon Rd, Sector 28, Sushant Lok Phase I, Gurugram, Haryana 122009, India",4.8,21,OPERATIONAL,https://maps.google.com/?cid=1641289883072684361&g_mp=Cilnb29nbGUubWFwcy5wbGFjZXMudjEuUGxhY2VzLlNlYXJjaE5lYXJieRACGAQgAA,ChIJTdU1HuMZDTkRSWH95XMIxxY
Spice Club,restaurant,restaurant|food|point_of_interest|establishment,098910 18986,,"1ST FLOOR CLUB, Essel Towers, Sector 28, Sushant Lok Phase I, Gurugram, Haryana 122009, India",5,12,OPERATIONAL,https://maps.google.com/?cid=9233948482811207219&g_mp=Cilnb29nbGUubWFwcy5wbGFjZXMudjEuUGxhY2VzLlNlYXJjaE5lYXJieRACGAQgAA,ChIJMTxOuEoZDTkRMx44uDiTJYA
ITRUSTE,corporate_office,corporate_office|point_of_interest|establishment,098360 07617,,"H13/1, 13th Floor, H-Block Pilot Court, Essel Towers, Mehrauli-Gurgaon Rd, Sector 28, Sushant Lok Phase I, Gurugram, Haryana 122009, India",,,OPERATIONAL,https://maps.google.com/?cid=1058009593456554958&g_mp=Cilnb29nbGUubWFwcy5wbGFjZXMudjEuUGxhY2VzLlNlYXJjaE5lYXJieRACGAQgAA,ChIJq6qaoB4ZDTkRzvPuoh7Org4
Essel Stationery Store,store,store|point_of_interest|establishment,098101 26099,,"Shop no.6 , Essel Towers Shopping Complex, Essel Towers Mehrauli-Gurgaon Road Indian Airlines Pilots Society, Sector 28, Sushant Lok Phase I, Gurugram, Haryana 122002, India",5,4,OPERATIONAL,https://maps.google.com/?cid=9573809899282068747&g_mp=Cilnb29nbGUubWFwcy5wbGFjZXMudjEuUGxhY2VzLlNlYXJjaE5lYXJieRACGAQgAA,ChIJ6eohNMgZDTkRC3XTEWEB3YQ
Tiffin Service Gurgaon,food_store,food_store|store|food|point_of_interest|establishment,098107 98207,,"Essel Towers, 14 CC, Mehrauli-Gurgaon Rd, Sector 28, Sushant Lok Phase I, Gurugram, Haryana 122009, India",3.9,15,CLOSED_TEMPORARILY,https://maps.google.com/?cid=10329716093307997549&g_mp=Cilnb29nbGUubWFwcy5wbGFjZXMudjEuUGxhY2VzLlNlYXJjaE5lYXJieRACGAQgAA,ChIJTw8wPDAZDTkRbU1CxA6GWo8
Karni Sena,non_profit_organization,non_profit_organization|association_or_organization|service|point_of_interest|establishment,092679 78789,,"C-1002, 10TH FLOOR, Pilot Court, Essel Towers, Mehrauli-Gurgaon Rd, Sector 28, Sushant Lok Phase I, Gurugram, Haryana 122009, India",5,18,OPERATIONAL,https://maps.google.com/?cid=3933704425171988420&g_mp=Cilnb29nbGUubWFwcy5wbGFjZXMudjEuUGxhY2VzLlNlYXJjaE5lYXJieRACGAQgAA,ChIJ30seR-wZDTkRxC_CQVVTlzY
Modebyzara,womens_clothing_store,womens_clothing_store|clothing_store|store|point_of_interest|establishment,089209 96256,https://modebyzara.ueniweb.com/?utm_campaign=gmb,"Flat No 11 Ews, Essel Towers, Sector 28, Sushant Lok Phase I, Gurugram, Haryana 122009, India",,,CLOSED_TEMPORARILY,https://maps.google.com/?cid=4051082858953436932&g_mp=Cilnb29nbGUubWFwcy5wbGFjZXMudjEuUGxhY2VzLlNlYXJjaE5lYXJieRACGAQgAA,ChIJVfQSaXUZDTkRBO-Xi2VWODg
Kunal Alag Photography,service,point_of_interest|service|establishment,098912 43457,https://www.kunalalagphotography.com/,"B-401, Orlov Court - 5, Essel Towers, Mehrauli-Gurgaon Rd, Indian Airlines Pilots Society, Sushant Lok Phase I, Gurugram, Haryana 122009, India",5,8,OPERATIONAL,https://maps.google.com/?cid=7548652834911000425&g_mp=Cilnb29nbGUubWFwcy5wbGFjZXMudjEuUGxhY2VzLlNlYXJjaE5lYXJieRACGAQgAA,ChIJScvbB6EZDTkRaZedRcIzwmg
"ORLOV COURT 5 , Essel towers",apartment_building,apartment_building|point_of_interest|service|establishment,,,"Orlov Court 5, Essel Towers, Mehrauli-Gurgaon Rd, Sector 28, Sushant Lok Phase I, Gurugram, Haryana 122009, India",3.8,8,OPERATIONAL,https://maps.google.com/?cid=6772248005476451421&g_mp=Cilnb29nbGUubWFwcy5wbGFjZXMudjEuUGxhY2VzLlNlYXJjaE5lYXJieRACGAQgAA,ChIJ3V-SdSYZDTkRXYRFGa7b-10
24x7 Pest Control Gurugram(Gurgaon),service,point_of_interest|service|establishment,098100 34344,http://www.24x7pestcontrol.co.in/,"686, Ground Floor, Saraswati Vihar, Oppt. Sahara Mall, Sector 28, Sushant Lok Phase I, Gurugram, Haryana 122009, India",4.4,1034,OPERATIONAL,https://maps.google.com/?cid=1078049198519058897&g_mp=Cilnb29nbGUubWFwcy5wbGFjZXMudjEuUGxhY2VzLlNlYXJjaE5lYXJieRACGAQgAA,ChIJC75JPB8ZDTkR0YEfyAgA9g4
Essel Prime (Essel Tower Club),association_or_organization,banquet_hall|event_venue|association_or_organization|point_of_interest|establishment,099111 14258,http://www.siyaevent.com/,"229, Indian Airlines Pilots Society, Sushant Lok Phase I, Gurugram, Haryana 122009, India",4.1,226,OPERATIONAL,https://maps.google.com/?cid=16709182036653269725&g_mp=Cilnb29nbGUubWFwcy5wbGFjZXMudjEuUGxhY2VzLlNlYXJjaE5lYXJieRACGAQgAA,ChIJO0SZ5h4ZDTkR3WIOhojw4uc
Mughal Sarai (Authentic Mughlai),north_indian_restaurant,north_indian_restaurant|indian_restaurant|restaurant|food|point_of_interest|establishment,088606 44837,http://mugalsarai.dotpe.in/,"Club Essel Tower, Essel Towers, Mehrauli-Gurgaon Rd, Indian Airlines Pilots Society, Sushant Lok Phase I, Gurugram, Haryana 122009, India",4.5,68,OPERATIONAL,https://maps.google.com/?cid=15180943864773972803&g_mp=Cilnb29nbGUubWFwcy5wbGFjZXMudjEuUGxhY2VzLlNlYXJjaE5lYXJieRACGAQgAA,ChIJS_G8-x4ZDTkRQ5P_TgOMrdI
IndusInd Bank ATM,atm,atm|bank|finance|point_of_interest|service|establishment,1860 267 7777,https://www.indusind.bank.in/in/en/personal/locate-us.html?utm_source=Google_Organic_Search&utm_medium=Organic&utm_campaign=Local+Listings,"Essel Tower, M G Road, Gurgaon Ph-4, Sector 28, Sushant Lok Phase I, Gurugram, Haryana 122009, India",1,1,OPERATIONAL,https://maps.google.com/?cid=10769739325580747069&g_mp=Cilnb29nbGUubWFwcy5wbGFjZXMudjEuUGxhY2VzLlNlYXJjaE5lYXJieRACGAQgAA,ChIJT7wewB4ZDTkRPaHLKNvMdZU
G m home,electronics_store,electronics_store|store|point_of_interest|establishment,098110 76997,,"1357, Maruti Vihar, Maruti Housing Colony, Gurugram, Haryana 122002, India",3,1,CLOSED_TEMPORARILY,https://maps.google.com/?cid=17083827612703613555&g_mp=Cilnb29nbGUubWFwcy5wbGFjZXMudjEuUGxhY2VzLlNlYXJjaE5lYXJieRACGAQgAA,ChIJ63Mzn1MZDTkRc2I1I7PyFe0
Sunshine Preschool & Daycare,preschool,preschool|child_care_agency|school|educational_institution|point_of_interest|service|establishment,098119 30092,http://sunshineeducators.com/,"H.No. 1305, Ground Floor, Maruti Vihar, Maruti Housing Colony, Gurugram, Haryana 122002, India",4.8,20,OPERATIONAL,https://maps.google.com/?cid=14554938215228400691&g_mp=Cilnb29nbGUubWFwcy5wbGFjZXMudjEuUGxhY2VzLlNlYXJjaE5lYXJieRACGAQgAA,ChIJ1zsAe-AZDTkRM2Ry_jCH_ck
Aastrostar - Sarrita Z Goyaal,astrologer,astrologer|point_of_interest|establishment,092058 50966,https://aastrostar.in/,"1360, Mehrauli-Gurgaon Rd, Maruti Vihar, Maruti Housing Colony, Gurugram, Haryana 122002, India",5,3,OPERATIONAL,https://maps.google.com/?cid=15162626333850387231&g_mp=Cilnb29nbGUubWFwcy5wbGFjZXMudjEuUGxhY2VzLlNlYXJjaE5lYXJieRACGAQgAA,ChIJyQ2NTekZDTkRH8Miy1B4bNI
MoneyGram,finance,finance|point_of_interest|establishment,099101 21404,https://www.moneygram.com/r/in/en?utm_source=google&utm_medium=organic&utm_campaign=gbp,"1031, Maruti Vihar, Chakkarpur, Gurugram, Haryana 122002, India",,,OPERATIONAL,https://maps.google.com/?cid=6436561464901954428&g_mp=Cilnb29nbGUubWFwcy5wbGFjZXMudjEuUGxhY2VzLlNlYXJjaE5lYXJieRACGAQgAA,ChIJR53PrXsZDTkRfOtyyoxCU1k
Dr. Geetanjali Sikka | Best Periodontist Doctor Near Me | 12 Years Exp. | Gurugram,dentist,dental_clinic|dentist|medical_clinic|health|point_of_interest|establishment,099539 72547,https://www.apollo247.com/doctors/-7d8f0a44-361d-4924-aa20-c1639961b69c?utm_source=gmb_docverse&utm_medium=clinics&utm_campaign=doctors,"1030, Main Road, opposite Houseing Board Shopping Market, opposite Union Bank, Maruti Vihar, Chakkarpur, Gurugram, Haryana 122002, India",,,OPERATIONAL,https://maps.google.com/?cid=6862591882564922574&g_mp=Cilnb29nbGUubWFwcy5wbGFjZXMudjEuUGxhY2VzLlNlYXJjaE5lYXJieRACGAQgAA,ChIJjfkvpvUZDTkRzuzCJvXSPF8
Aman Electronic All Electrical,service,point_of_interest|service|establishment,098995 14698,https://gmbwala.com/aman-electronic-all-electrial/,"1026 G F, Maruti Vihar, Chakkarpur, Gurugram, Haryana 122002, India",,,OPERATIONAL,https://maps.google.com/?cid=4938743065708582339&g_mp=Cilnb29nbGUubWFwcy5wbGFjZXMudjEuUGxhY2VzLlNlYXJjaE5lYXJieRACGAQgAA,ChIJHyYN1LIZDTkRw9V71KbwiUQ
Gopala Academy,educational_institution,educational_institution|point_of_interest|establishment,070119 58549,https://golpalaacademy.web.app/login,"Maruti Vihar, housing society, Gurugram, Haryana 122002, India",5,1,OPERATIONAL,https://maps.google.com/?cid=16811119874884598426&g_mp=Cilnb29nbGUubWFwcy5wbGFjZXMudjEuUGxhY2VzLlNlYXJjaE5lYXJieRACGAQgAA,ChIJd33tdeAZDTkRmnoBA3UYTek
Dr Sushmita Dindwal,medical_clinic,doctor|medical_clinic|health|point_of_interest|service|establishment,082873 47579,https://www.apollo247.com/doctors/dr-sushmita-dindwal-549bf125-c8bd-4fcd-be74-2121b894e863?utm_source=gmb_docverse&utm_medium=clinics&utm_campaign=doctors,"H 1234 GF, Sector 28, Maruti Housing Colony, Gurugram, Haryana 122010, India",5,8,OPERATIONAL,https://maps.google.com/?cid=1656514532406095714&g_mp=Cilnb29nbGUubWFwcy5wbGFjZXMudjEuUGxhY2VzLlNlYXJjaE5lYXJieRACGAQgAA,ChIJ8RCnXKsZDTkRYm9WzTAf_RY
Sher Khan General Store,general_store,general_store|food_store|store|food|point_of_interest|establishment,098188 97049,,"Sector 28A, Maruti Housing Colony, Gurugram, Haryana 122009, India",,,CLOSED_TEMPORARILY,https://maps.google.com/?cid=14420476861913716813&g_mp=Cilnb29nbGUubWFwcy5wbGFjZXMudjEuUGxhY2VzLlNlYXJjaE5lYXJieRACGAQgAA,ChIJgyfAIbgZDTkRTVgbjk3TH8g
BT Gyms,gym,gym|sports_activity_location|health|point_of_interest|establishment,093134 90007,,"Saraswati Vihar, Maruti Housing Colony, Gurugram, Haryana 122002, India",5,90,OPERATIONAL,https://maps.google.com/?cid=10491548141714302372&g_mp=Cilnb29nbGUubWFwcy5wbGFjZXMudjEuUGxhY2VzLlNlYXJjaE5lYXJieRACGAQgAA,ChIJLTHGfq8ZDTkRpGXKwnJ3mZE
Bature king,fast_food_restaurant,fast_food_restaurant|restaurant|food|point_of_interest|establishment,098738 20886,,"Shop No 729, near by Bijli Bord, Saraswati Vihar, Maruti Housing Colony, Gurugram, Haryana 122009, India",4,1,CLOSED_TEMPORARILY,https://maps.google.com/?cid=6722399567324679615&g_mp=Cilnb29nbGUubWFwcy5wbGFjZXMudjEuUGxhY2VzLlNlYXJjaE5lYXJieRACGAQgAA,ChIJ-UlKipwZDTkRv42gKMrCSl0
Gurugram Bakery,cake_shop,cake_shop|bakery|manufacturer|food_store|wholesaler|store|food|point_of_interest|service|establishment,099712 19608,,"637, Sector 28, Maruti Housing Colony, Gurugram, Haryana 122002, India",4.9,247,OPERATIONAL,https://maps.google.com/?cid=7323026642162519076&g_mp=Cilnb29nbGUubWFwcy5wbGFjZXMudjEuUGxhY2VzLlNlYXJjaE5lYXJieRACGAQgAA,ChIJGVapHK8ZDTkRJIzRlu6doGU
APL FASIONS,clothing_store,clothing_store|store|point_of_interest|establishment,087440 04113,,"Shop No. 3, H. No. 636, Saraswati Vihar, Maruti Housing Colony, Gurugram, Haryana 122002, India",5,1,OPERATIONAL,https://maps.google.com/?cid=1976945455947296964&g_mp=Cilnb29nbGUubWFwcy5wbGFjZXMudjEuUGxhY2VzLlNlYXJjaE5lYXJieRACGAQgAA,ChIJ24jQGiEZDTkRxLAP-mqFbxs
Sai garments,clothing_store,clothing_store|store|point_of_interest|establishment,099717 52098,,"Shop no 14, Krishna Market Rd, Sector 28, Maruti Housing Colony, Gurugram, Haryana 122002, India",,,OPERATIONAL,https://maps.google.com/?cid=2295671709062677645&g_mp=Cilnb29nbGUubWFwcy5wbGFjZXMudjEuUGxhY2VzLlNlYXJjaE5lYXJieRACGAQgAA,ChIJwf7gUh4ZDTkRjUSYo0Hd2x8
Schneider Electric - M. S. Electricals,service,store|point_of_interest|service|establishment,08071 775 541,https://retailpavilion-in.se.com/in/en/store/schneider-electric-m-s-electricals-electrical-store-gurgaon-haryana-122002-101539,"Shop No. 2, Phase-1, Krishna Market Rd, Block H, Sikanderpur, Maruti Housing Colony, Sikanderpur Ghosi, Gurugram, Haryana 122002, India",,,OPERATIONAL,https://maps.google.com/?cid=13774327046701316145&g_mp=Cilnb29nbGUubWFwcy5wbGFjZXMudjEuUGxhY2VzLlNlYXJjaE5lYXJieRACGAQgAA,ChIJwRPUzYMZDTkRMfivLng9KL8
Smile Glow Dental Care,dentist,dentist|health|point_of_interest|establishment,073558 34282,,"H no 645, near Aggarwal rasoi, Saraswati Vihar, Chakkarpur, Gurugram, Haryana 122009, India",4.9,53,OPERATIONAL,https://maps.google.com/?cid=10991497871380350180&g_mp=Cilnb29nbGUubWFwcy5wbGFjZXMudjEuUGxhY2VzLlNlYXJjaE5lYXJieRACGAQgAA,ChIJxXWxFdcZDTkR5IQWHRSliZg
Desire Men'S Parlour,barber_shop,barber_shop|hair_care|health|point_of_interest|service|establishment,084330 38599,,"Shop No-729, Huda Complex, Chakkarpur Lane, Gurugram, NCR, Sector 28, Maruti Housing Colony, Region, Gurugram, Haryana 122009, India",4,5,OPERATIONAL,https://maps.google.com/?cid=13387406303993870506&g_mp=Cilnb29nbGUubWFwcy5wbGFjZXMudjEuUGxhY2VzLlNlYXJjaE5lYXJieRACGAQgAA,ChIJt5JhBCEZDTkRqjhhnRqfybk
Dreamers cake and cafe,cake_shop,cake_shop|bakery|manufacturer|food_store|wholesaler|store|food|point_of_interest|service|establishment,099712 19608,,"639, Mehrauli-Gurgaon Rd, Saraswati Vihar, Maruti Housing Colony, Gurugram, Haryana 122009, India",5,14,OPERATIONAL,https://maps.google.com/?cid=15530905827154777504&g_mp=Cilnb29nbGUubWFwcy5wbGFjZXMudjEuUGxhY2VzLlNlYXJjaE5lYXJieRACGAQgAA,ChIJsZSm9ewZDTkRoNWaQ5DciNc
"A 45/14, Dlf Phase 1",apartment_building,apartment_building|point_of_interest|service|establishment,,,"14, A-45, Sector 28, Chakkarpur, Gurugram, Haryana 122002, India",4,2,OPERATIONAL,https://maps.google.com/?cid=6030789020431210950&g_mp=Cilnb29nbGUubWFwcy5wbGFjZXMudjEuUGxhY2VzLlNlYXJjaE5lYXJieRACGAQgAA,ChIJBX9ocQ0ZDTkRxtkgXqmqsVM
Rudra Creators,general_contractor,general_contractor|consultant|point_of_interest|service|establishment,0124 257 2242,http://www.rudraa.co.in/,"Plot No.42, Near DPS, Sector 28, Chakkarpur, Gurugram, Haryana 122002, India",3.7,6,OPERATIONAL,https://maps.google.com/?cid=18393446452366714968&g_mp=Cilnb29nbGUubWFwcy5wbGFjZXMudjEuUGxhY2VzLlNlYXJjaE5lYXJieRACGAQgAA,ChIJIX4SKicZDTkRWKh8hBimQv8
Tarot For All,,physiotherapist|jewelry_store|store|health|point_of_interest|service|establishment,098734 21002,http://www.tarotforall.co.in/,"503, Sheeba Apartment,DLF Phase 4, Near Galleria Market,Sector 28, Sector 28, Chakkarpur, Gurugram, Haryana 122002, India",4.7,18,CLOSED_TEMPORARILY,https://maps.google.com/?cid=2010859079227720075&g_mp=Cilnb29nbGUubWFwcy5wbGFjZXMudjEuUGxhY2VzLlNlYXJjaE5lYXJieRACGAQgAA,ChIJZePg0yYZDTkRi8G8tq0B6Bs
Sammeer Khurshi Chicken Shop,butcher_shop,butcher_shop|manufacturer|food_store|store|food|point_of_interest|service|establishment,097114 52212,http://www.gatipackers.co.in/,"Shop No 29, Todal Mal Market, A-46, Chakkarpur, Sector 28, Sector 28, Chakkarpur, Gurugram, Haryana 122002, India",5,1,OPERATIONAL,https://maps.google.com/?cid=13517398366571759697&g_mp=Cilnb29nbGUubWFwcy5wbGFjZXMudjEuUGxhY2VzLlNlYXJjaE5lYXJieRACGAQgAA,ChIJVQScuiAZDTkRUYj0NjJyl7s
Sanitary store & Hardware,home_goods_store,home_goods_store|building_materials_store|store|point_of_interest|service|establishment,098732 45225,https://dealers.kajariaceramics.com/kajaria-tiles-prima-showroom-kb-tiles-kajaria-authorised-dealer-store-shop-shop-2-chotu-market-sec52-shyam-sweets-wazirabad-gurugram-haryana-122001,"Shop No 15 Jaina Market DLF Phase IV, Sector 28, Chakkarpur, Gurugram, Haryana 122002, India",3.4,5,OPERATIONAL,https://maps.google.com/?cid=5767210344005089580&g_mp=Cilnb29nbGUubWFwcy5wbGFjZXMudjEuUGxhY2VzLlNlYXJjaE5lYXJieRACGAQgAA,ChIJjwfRZN8YDTkRLLlhe0A_CVA
Galib Khan,bakery,bakery|food_store|store|food|point_of_interest|establishment,093193 47006,,"38, Krishna Market Rd, Sector 28, Chakkarpur, Gurugram, Haryana 122002, India",3.5,2,OPERATIONAL,https://maps.google.com/?cid=4543967396578221598&g_mp=Cilnb29nbGUubWFwcy5wbGFjZXMudjEuUGxhY2VzLlNlYXJjaE5lYXJieRACGAQgAA,ChIJI6U7TqwZDTkRHl4AsEVqDz8
Auto King Agency,car_repair,car_repair|point_of_interest|service|establishment,092121 67409,,"Nambardar Market, A-46 St, opposite P.G, Sector 28, Chakkarpur, Gurugram, Haryana 122002, India",2.8,4,CLOSED_TEMPORARILY,https://maps.google.com/?cid=1843794838653739658&g_mp=Cilnb29nbGUubWFwcy5wbGFjZXMudjEuUGxhY2VzLlNlYXJjaE5lYXJieRACGAQgAA,ChIJGwR8NCEZDTkRiqKnDKN5lhk
Nishant Taxi Service,taxi_service,taxi_service|transportation_service|point_of_interest|service|establishment,098108 24177,,"Shop No.2, Nambardar Market, A-46 Road, Sector 28, Chakkarpur, Gurugram, Haryana 122002, India",1,1,OPERATIONAL,https://maps.google.com/?cid=3215172239568429746&g_mp=Cilnb29nbGUubWFwcy5wbGFjZXMudjEuUGxhY2VzLlNlYXJjaE5lYXJieRACGAQgAA,ChIJD4DgzCYZDTkRsmIs_x2Wniw
Leevangers: Vandana Dresses (Since 1987),service,point_of_interest|service|establishment,098715 10227,,"Shop No. 5, 6, 7 & 8, Chakkarpur Market, opp. Universal Gym, behind Sahara Mall, Sector 28, Chakkarpur, DLF PH 2, Gurugram, Haryana 122002, India",4.3,33,CLOSED_TEMPORARILY,https://maps.google.com/?cid=7874095849832054542&g_mp=Cilnb29nbGUubWFwcy5wbGFjZXMudjEuUGxhY2VzLlNlYXJjaE5lYXJieRACGAQgAA,ChIJU1rkuCQZDTkRDv-d6HRoRm0
Men At Work Decorators,general_contractor,general_contractor|point_of_interest|service|establishment,098915 07773,,"Nambardar Market, Sahara Grace, society Road, behind Sahara Mall, Sector 28, Chakkarpur, Gurugram, Haryana 122002, India",4.8,17,OPERATIONAL,https://maps.google.com/?cid=10862157082281544651&g_mp=Cilnb29nbGUubWFwcy5wbGFjZXMudjEuUGxhY2VzLlNlYXJjaE5lYXJieRACGAQgAA,ChIJVZUBq-cYDTkRy4vi71AivpY
Ashu Sofa Emporium,manufacturer,manufacturer|store|point_of_interest|service|establishment,091131 26995,,"A-45/30, Sector 28, DLF Phase 1, Gurugram, Haryana 122002, India",4,4,OPERATIONAL,https://maps.google.com/?cid=9752416187147054420&g_mp=Cilnb29nbGUubWFwcy5wbGFjZXMudjEuUGxhY2VzLlNlYXJjaE5lYXJieRACGAQgAA,ChIJ-4zEOMQZDTkRVG2rCNqKV4c
Dr. Harsh Kannojiya Dermatologist in Gurgaon | Skin Hair Specialist | Laser Hair Removal | Antiaging | Uncover Clinic,doctor,skin_care_clinic|hair_care|beauty_salon|doctor|medical_clinic|health|point_of_interest|service|establishment,097520 07200,https://uncover.co.in/,"3rd floor, Chamber 2 A-14, 9, Golf Crse Rd, A Block, DLF Phase 1, Gurugram, Haryana 122002, India",,,OPERATIONAL,https://maps.google.com/?cid=11992523656180053779&g_mp=Cilnb29nbGUubWFwcy5wbGFjZXMudjEuUGxhY2VzLlNlYXJjaE5lYXJieRACGAQgAA,ChIJifEImu0ZDTkRE7cU57kAbqY
Dr. Akriti Dermatologist in Golf Course Road | Skin Hair Specialist | Laser Hair Removal | Antiaging | Uncover,doctor,hair_care|beauty_salon|doctor|health|point_of_interest|service|establishment,097520 07200,https://uncover.co.in/,"3rd Floor, Sector 28, DLF Phase 1, Gurugram, Haryana 122002, India",1,1,OPERATIONAL,https://maps.google.com/?cid=11255412224337640642&g_mp=Cilnb29nbGUubWFwcy5wbGFjZXMudjEuUGxhY2VzLlNlYXJjaE5lYXJieRACGAQgAA,ChIJI_9TCa0ZDTkRwvw7yMhBM5w
Dr. Aditi Digani Dermatologist in Gurgaon | Skin Hair Specialist | Laser Hair Removal | Antiaging | Uncover Clinic,doctor,skin_care_clinic|hair_care|beauty_salon|doctor|medical_clinic|health|point_of_interest|service|establishment,097520 07200,https://uncover.co.in/,"3rd floor, Chamber 2 A-14, 9, Golf Crse Rd, A Block, DLF Phase 1, Gurugram, Haryana 122002, India",,,OPERATIONAL,https://maps.google.com/?cid=16178078308591261525&g_mp=Cilnb29nbGUubWFwcy5wbGFjZXMudjEuUGxhY2VzLlNlYXJjaE5lYXJieRACGAQgAA,ChIJyVUiLbUZDTkRVdcIrIEUhOA
Dr. Deeksha Gola Dermatologist in Gurgaon | Skin Hair Specialist | Laser Hair Removal | Antiaging | Uncover Clinic,doctor,skin_care_clinic|hair_care|beauty_salon|doctor|medical_clinic|health|point_of_interest|service|establishment,097520 07200,https://uncover.co.in/,"3rd floor, Chamber 2 A-14, 9, Golf Crse Rd, A Block, DLF Phase 1, Gurugram, Haryana 122002, India",,,OPERATIONAL,https://maps.google.com/?cid=16439702998409455304&g_mp=Cilnb29nbGUubWFwcy5wbGFjZXMudjEuUGxhY2VzLlNlYXJjaE5lYXJieRACGAQgAA,ChIJUbH-3vMZDTkRyKYemcaOJeQ
"Siddharth Yadav, Senior Advocate",lawyer,lawyer|consultant|point_of_interest|service|establishment,,,"A-48/21, DLF Phase 1 Behind Mega Mall, Golf Course Rd, Sector 28, DLF Phase 1, Gurugram, Haryana 122002, India",4,1,CLOSED_TEMPORARILY,https://maps.google.com/?cid=17776727544751612689&g_mp=Cilnb29nbGUubWFwcy5wbGFjZXMudjEuUGxhY2VzLlNlYXJjaE5lYXJieRACGAQgAA,ChIJk_a1RjkZDTkREWPSTYSfs_Y
Raj Tv Installation,service,point_of_interest|service|establishment,099992 26262,,"Dayal public School, Sector 28, Chakkarpur, Gurugram, Haryana 122002, India",5,27,OPERATIONAL,https://maps.google.com/?cid=13008809785310044044&g_mp=Cilnb29nbGUubWFwcy5wbGFjZXMudjEuUGxhY2VzLlNlYXJjaE5lYXJieRACGAQgAA,ChIJDxHorGIZDTkRjN8HfJOTiLQ
ArjunSainiFriendHouse,hotel,hotel|lodging|point_of_interest|establishment,0788 021 9041,,"BLOCK-A, A46/9, Sector 28, DLF Phase 1, Gurugram, Haryana 122002, India",5,2,OPERATIONAL,https://maps.google.com/?cid=4897582972336612035&g_mp=Cilnb29nbGUubWFwcy5wbGFjZXMudjEuUGxhY2VzLlNlYXJjaE5lYXJieRACGAQgAA,ChIJnX5-VwAZDTkRwyIgzMO190M
Omega women’s clinic and diagnostic centre,doctor,doctor|health|point_of_interest|establishment,092891 89900,https://omegawomenclinic.com/,"23, A-48 St, A Block, Chakkarpur, Gurugram, Haryana 122002, India",4.6,27,OPERATIONAL,https://maps.google.com/?cid=12028844748814084576&g_mp=Cilnb29nbGUubWFwcy5wbGFjZXMudjEuUGxhY2VzLlNlYXJjaE5lYXJieRACGAQgAA,ChIJc5Uhn1IZDTkR4OliR5EK76Y
Dr Ashna Gupta,medical_clinic,medical_clinic|health|point_of_interest|service|establishment,089203 36229,,"A46, Sector 28, DLF Phase 1, Gurugram, Haryana 122002, India",5,12,OPERATIONAL,https://maps.google.com/?cid=10027591827967899988&g_mp=Cilnb29nbGUubWFwcy5wbGFjZXMudjEuUGxhY2VzLlNlYXJjaE5lYXJieRACGAQgAA,ChIJS74wsaUZDTkRVPmimqMpKYs
National Plywood & Hardware,building_materials_store,hardware_store|building_materials_store|store|point_of_interest|service|establishment,098113 44674,,"H. No. 925, A-46 St, near Oil Mill, Jaina Market, Sector 28, Chakkarpur, Gurugram, Haryana 122002, India",3,2,OPERATIONAL,https://maps.google.com/?cid=3909175436109168428&g_mp=Cilnb29nbGUubWFwcy5wbGFjZXMudjEuUGxhY2VzLlNlYXJjaE5lYXJieRACGAQgAA,ChIJk7owYt8YDTkRLD_48VguQDY
NAZIA Boutique Mega mall,womens_clothing_store,womens_clothing_store|clothing_store|store|point_of_interest|establishment,096548 94711,,"SHOP NO. 238, 2ND FLOOR, Dt Mega Mall, 133, Golf Course Rd, Sector 28, DLF Phase 1, Gurugram, Haryana 122002, India",3.2,24,OPERATIONAL,https://maps.google.com/?cid=17425768066341687577&g_mp=Cilnb29nbGUubWFwcy5wbGFjZXMudjEuUGxhY2VzLlNlYXJjaE5lYXJieRACGAQgAA,ChIJVU-ztOQZDTkRGVGkDLvD1PE
Travel N Time,travel_agency,travel_agency|transportation_service|service|point_of_interest|establishment,098112 08099,http://www.travelntime.com/,"LG-25, Mega Mall, A Block, DLF Phase 1, Gurugram, Haryana 122002, India",4.8,228,OPERATIONAL,https://maps.google.com/?cid=17513527715170255138&g_mp=Cilnb29nbGUubWFwcy5wbGFjZXMudjEuUGxhY2VzLlNlYXJjaE5lYXJieRACGAQgAA,ChIJEc94USoZDTkRIoGukqqMDPM
Santushti,clothing_store,clothing_store|store|point_of_interest|establishment,0124 438 1556,,"Shop No: 17, DT Mega Mall, Golf Course Rd, Sikanderpur GhosiSikanderpur Ghosi, DLF Phase 1, Gurugram, Haryana 122002, India",3.8,34,OPERATIONAL,https://maps.google.com/?cid=1653919216400872143&g_mp=Cilnb29nbGUubWFwcy5wbGFjZXMudjEuUGxhY2VzLlNlYXJjaE5lYXJieRACGAQgAA,ChIJl18RWygZDTkRzzLEtMPm8xY
Archit Power Services,manufacturer,manufacturer|point_of_interest|establishment,098118 05204,http://www.architpower.com/,"2Nd Floor, Dt Mega Mall, 225, Golf Course Rd, A Block, DLF Phase 1, Gurugram, Haryana 122002, India",3.7,6,OPERATIONAL,https://maps.google.com/?cid=584204740199035674&g_mp=Cilnb29nbGUubWFwcy5wbGFjZXMudjEuUGxhY2VzLlNlYXJjaE5lYXJieRACGAQgAA,ChIJkXHQKVwYDTkRGrOprx2DGwg
Beebay,clothing_store,clothing_store|store|point_of_interest|establishment,0124 421 0008,,"Shop No. MMS-117, Mega Mall, Golf Course Rd, A Block, DLF Phase 1, Gurugram, Haryana 122002, India",4.4,8,CLOSED_TEMPORARILY,https://maps.google.com/?cid=17584433906870788193&g_mp=Cilnb29nbGUubWFwcy5wbGFjZXMudjEuUGxhY2VzLlNlYXJjaE5lYXJieRACGAQgAA,ChIJeZr7RSgZDTkRYSBe03h1CPQ
Leo Toys,toy_store,toy_store|child_care_agency|clothing_store|store|service|point_of_interest|establishment,0124 400 9051,,"No.UG-14, Dt Mega Mall, Golf Course Rd, Sector 28, DLF Phase 1, Gurugram, Haryana 122002, India",4.2,51,OPERATIONAL,https://maps.google.com/?cid=15933746036379441468&g_mp=Cilnb29nbGUubWFwcy5wbGFjZXMudjEuUGxhY2VzLlNlYXJjaE5lYXJieRACGAQgAA,ChIJDcf-WigZDTkRPFmvd5kJIN0
Aura Day Spa,spa,massage_spa|massage|spa|service|point_of_interest|establishment,0124 437 1778,http://auradayspa.in/,"First Floor, Dt Mega Mall, Golf Course Rd, Sector 28, DLF Phase 1, Gurugram, Haryana 122002, India",4.8,300,OPERATIONAL,https://maps.google.com/?cid=16388201674264974467&g_mp=Cilnb29nbGUubWFwcy5wbGFjZXMudjEuUGxhY2VzLlNlYXJjaE5lYXJieRACGAQgAA,ChIJ62lFWigZDTkRg5QGJpiWbuM
C & R Textile Pvt Ltd,home_goods_store,home_goods_store|store|service|point_of_interest|establishment,0124 421 8993,,"116,1st Floor, DT Mega Mall, DLF City-1, Sector 28, DLF Phase 1, Gurugram, Haryana 122002, India",,,CLOSED_TEMPORARILY,https://maps.google.com/?cid=4520742014151746336&g_mp=Cilnb29nbGUubWFwcy5wbGFjZXMudjEuUGxhY2VzLlNlYXJjaE5lYXJieRACGAQgAA,ChIJk5MrWigZDTkRIOOy8ujmvD4
"Fabindia, DLF Mega Mall, DLF Phase 1",clothing_store,clothing_store|store|point_of_interest|establishment,092899 81338,http://www.fabindia.com/,"Shop No MS0029, Upper Ground Floor, DLF Mega Mall, Golf Course Rd, near by HDFC Bank, Sector 28, DLF Phase 1, Gurugram, Haryana 122002, India",4.2,91,OPERATIONAL,https://maps.google.com/?cid=9549380026157325045&g_mp=Cilnb29nbGUubWFwcy5wbGFjZXMudjEuUGxhY2VzLlNlYXJjaE5lYXJieRACGAQgAA,ChIJqRm3SCgZDTkR9VpR_Ik2hoQ
Jubilant Foodworks Limited,wholesaler,wholesaler|supplier|food|manufacturer|service|point_of_interest|establishment,0124 405 8978,http://www.jubilantfoodworks.com/,"Top Floor, Dt Mega Mall, Golf Course Rd, Saraswati Vihar, DLF Phase 1, Gurugram, Haryana 122002, India",2.3,3,OPERATIONAL,https://maps.google.com/?cid=2950641867406031391&g_mp=Cilnb29nbGUubWFwcy5wbGFjZXMudjEuUGxhY2VzLlNlYXJjaE5lYXJieRACGAQgAA,ChIJ_6fAWigZDTkRH7ohLiXJ8ig
Moksa,wholesaler,wholesaler|store|service|point_of_interest|establishment,099104 93746,https://www.moksa.in/,"LG-15, Lower Ground, Mega Mall, Golf Course Rd, Sector 28, DLF Phase 1, Gurugram, Haryana 122002, India",4.9,194,OPERATIONAL,https://maps.google.com/?cid=13253682285681082662&g_mp=Cilnb29nbGUubWFwcy5wbGFjZXMudjEuUGxhY2VzLlNlYXJjaE5lYXJieRACGAQgAA,ChIJ5Xd6WigZDTkRJoHoW9GJ7rc
ICICI BANK ATM,atm,atm|finance|point_of_interest|establishment,1800 1080,https://www.icicibank.com/,"Property ID -6NUER2M8, Icici Bank Atm, opposite Mandi, Sector 28, DLF Phase 1, Gurugram, Haryana 122506, India",,,OPERATIONAL,https://maps.google.com/?cid=17415639001108401177&g_mp=Cilnb29nbGUubWFwcy5wbGFjZXMudjEuUGxhY2VzLlNlYXJjaE5lYXJieRACGAQgAA,ChIJfasbNvZrDTkRGUyBRWbHsPE
International Society For Olympiad,corporate_office,corporate_office|point_of_interest|establishment,555185089,http://isfo.in/,"11, Deodar Marg, Block A, Sector 26A, Gurugram, Haryana 122002, India",2.2,18,CLOSED_TEMPORARILY,https://maps.google.com/?cid=1202778781672161255&g_mp=Cilnb29nbGUubWFwcy5wbGFjZXMudjEuUGxhY2VzLlNlYXJjaE5lYXJieRACGAQgAA,ChIJE__JgikZDTkR5z_y6O0gsRA
Geno Diets | Best Dietician & Nutritionist in Gurgaon,consultant,doctor|medical_clinic|consultant|health|service|point_of_interest|establishment,096022 70319,https://www.genodiets.com/,"Block-A, A-14/15, Golf Course Rd, DLF Phase 1, Gurugram, Haryana 122002, India",,,OPERATIONAL,https://maps.google.com/?cid=17030116587560954771&g_mp=Cilnb29nbGUubWFwcy5wbGFjZXMudjEuUGxhY2VzLlNlYXJjaE5lYXJieRACGAQgAA,ChIJ7bXsh5UZDTkRk-sOlc4gV-w
Image Clinic,skin_care_clinic,skin_care_clinic|medical_clinic|health|point_of_interest|establishment,070446 46990,https://imageclinicindia.com/,"Second Floor, A-14, 9, Golf Course Rd, DLF Phase 2, Gurugram, Haryana 122002, India",4.8,25,OPERATIONAL,https://maps.google.com/?cid=14296513112044429434&g_mp=Cilnb29nbGUubWFwcy5wbGFjZXMudjEuUGxhY2VzLlNlYXJjaE5lYXJieRACGAQgAA,ChIJhRFJVZIZDTkRemAf4u1qZ8Y
Theme Music Institute Gurgaon (DLF Phase 1),educational_institution,educational_institution|service|point_of_interest|establishment,098990 88659,http://www.thememusic.in/,"22/12 A, Sector 28, DLF Phase 1, Gurugram, Haryana 122002, India",4.8,111,OPERATIONAL,https://maps.google.com/?cid=6304707236200003777&g_mp=Cilnb29nbGUubWFwcy5wbGFjZXMudjEuUGxhY2VzLlNlYXJjaE5lYXJieRACGAQgAA,ChIJVVVVVVUWDTkRwTiJ2tPRflc
Horizon Design Studio,service,service|point_of_interest|establishment,0124 256 1122,http://www.horizondesignstudio.com/,"2nd Floor, A-14/6 DLF Phase 1, Gurugram, Haryana 122002, India",4,27,OPERATIONAL,https://maps.google.com/?cid=1428712360115542255&g_mp=Cilnb29nbGUubWFwcy5wbGFjZXMudjEuUGxhY2VzLlNlYXJjaE5lYXJieRACGAQgAA,ChIJ49eGsCkZDTkR75jlZlLO0xM
CHIRAG ESTATE,service,service|point_of_interest|establishment,097170 09994,,"6, Sector 26A, Gurugram, Haryana 122002, India",5,3,OPERATIONAL,https://maps.google.com/?cid=9493164736442006778&g_mp=Cilnb29nbGUubWFwcy5wbGFjZXMudjEuUGxhY2VzLlNlYXJjaE5lYXJieRACGAQgAA,ChIJg_DQONYZDTkR-vzj5Qd_voM
SOLEBRITY,shoe_store,shoe_store|store|point_of_interest|establishment,098113 89123,http://www.solebrity.in/,"Ardee Mall, Sector 52, Gurugram, Haryana 122002, India",4.2,65,OPERATIONAL,https://maps.google.com/?cid=16094743780435902006&g_mp=Cilnb29nbGUubWFwcy5wbGFjZXMudjEuUGxhY2VzLlNlYXJjaE5lYXJieRACGAQgAA,ChIJO_wrdO8ZDTkRNj7P1zEEXN8
"Dr. Isha Narang Dermatologist, Gurgaon I Skin & Hair Specialist I Imperial London & MAMC",doctor,doctor|hair_care|beauty_salon|medical_clinic|health|service|point_of_interest|establishment,097520 07200,https://uncover.co.in/,"Clinic No 9, Golf Course Rd, A Block, DLF Phase 1, Gurugram, Haryana 122002, India",,,OPERATIONAL,https://maps.google.com/?cid=9754788246339663452&g_mp=Cilnb29nbGUubWFwcy5wbGFjZXMudjEuUGxhY2VzLlNlYXJjaE5lYXJieRACGAQgAA,ChIJhZbcHWbjDDkRXDY7Gjr4X4c
Apple MacBook Repair Center,,point_of_interest|establishment,093112 37716,http://applerepairingcenter.com/,"Office - S 36, 23, Faridabad - Gurgaon Rd, Sikanderpur, DLF Phase 1, Gurugram, Haryana 122001, India",4.8,505,OPERATIONAL,https://maps.google.com/?cid=10773256899257614038&g_mp=Cilnb29nbGUubWFwcy5wbGFjZXMudjEuUGxhY2VzLlNlYXJjaE5lYXJieRACGAQgAA,ChIJXRYFzS4ZDTkR1r5GGhJMgpU
EVAS Properties,service,real_estate_agency|point_of_interest|service|establishment,099991 45949,https://evasproperties.com/?utm_source=Google&utm_medium=GMB,"Block H, DLF Phase 1, Sector 26, Gurugram, Haryana 122002, India",4.5,4,OPERATIONAL,https://maps.google.com/?cid=764309590046042412&g_mp=Cilnb29nbGUubWFwcy5wbGFjZXMudjEuUGxhY2VzLlNlYXJjaE5lYXJieRACGAQgAA,ChIJX4BPQkwZDTkRLGkezYVfmwo
Virasat,grocery_store,grocery_store|food_store|store|food|point_of_interest|establishment,098100 24261,,"29/1, Shahtoot Marg, DLF Phase 1, Sector 26A, Gurugram, Haryana 122002, India",4.9,17,OPERATIONAL,https://maps.google.com/?cid=13326775281013871915&g_mp=Cilnb29nbGUubWFwcy5wbGFjZXMudjEuUGxhY2VzLlNlYXJjaE5lYXJieRACGAQgAA,ChIJ5ZGdndMfDTkRK9VJgoI38rg
Rk glass interior designer,store,store|point_of_interest|establishment,098713 67977,https://rk-glass-interior.grexa.site/,"Sectar 26, Rajendra Market, Sikanderpur, DLF Phase 1, Sector 26, Gurugram, Haryana 122002, India",5,6,OPERATIONAL,https://maps.google.com/?cid=1389390653816142236&g_mp=Cilnb29nbGUubWFwcy5wbGFjZXMudjEuUGxhY2VzLlNlYXJjaE5lYXJieRACGAQgAA,ChIJn9ctX3sZDTkRnHn1NnAbSBM
"Dr. Bharti's Holistic Wellness Clinic - Gurugram | Arthritis, Sciatica, Joint Pain, Psoriasis, Liver Treatment",medical_clinic,wellness_center|doctor|consultant|medical_clinic|health|point_of_interest|service|establishment,092147 00222,http://drbhartis.com/,"14, Kachnar Marg, near Dr. Roli Bawa MDS BDS, Block H, DLF Phase 1, Sector 26, Gurugram, Haryana 122002, India",4.7,35,OPERATIONAL,https://maps.google.com/?cid=1080918153178576385&g_mp=Cilnb29nbGUubWFwcy5wbGFjZXMudjEuUGxhY2VzLlNlYXJjaE5lYXJieRACGAQgAA,ChIJMeOw-CQZDTkRAfZ6V1UxAA8
Satayam Generators,store,store|point_of_interest|establishment,098114 57345,,"36/20A, Block H, DLF Phase 1, Sector 26, Gurugram, Haryana 122002, India",4.5,2,OPERATIONAL,https://maps.google.com/?cid=723115226006637272&g_mp=Cilnb29nbGUubWFwcy5wbGFjZXMudjEuUGxhY2VzLlNlYXJjaE5lYXJieRACGAQgAA,ChIJhXHGWRkZDTkR2ErNgXcFCQo
Dr. Roli Bawa MDS BDS,dental_clinic,dental_clinic|medical_clinic|health|point_of_interest|establishment,099100 90619,,"14, Kachnar Marg, Block H, DLF Phase 1, Sector 26, Gurugram, Haryana 122002, India",5,1,OPERATIONAL,https://maps.google.com/?cid=7458400585505137480&g_mp=Cilnb29nbGUubWFwcy5wbGFjZXMudjEuUGxhY2VzLlNlYXJjaE5lYXJieRACGAQgAA,ChIJ80iJSioZDTkRSGOZ89CPgWc
Sikka Dr Vijay Kumar,doctor,doctor|health|point_of_interest|establishment,098683 34277,,"Block H, Dlf Qutub Enclave, 25/11, Faridabad - Gurgaon Rd, next to GURUDWARA) GURGAON Sikanderpur Metro Station, Block H, DLF Phase 1, Sector 26, Gurugram, Haryana 122002, India",4.3,6,OPERATIONAL,https://maps.google.com/?cid=8632558235612772794&g_mp=Cilnb29nbGUubWFwcy5wbGFjZXMudjEuUGxhY2VzLlNlYXJjaE5lYXJieRACGAQgAA,ChIJf0YatSsZDTkRunmSYPoBzXc
Dr. Geetanjali Dental surgeon,dentist,dentist|health|point_of_interest|establishment,099539 72547,,"H Block, 25/11, near Gurudwara, Block H, DLF Phase 3, QE-1, Gurugram, Haryana 122002, India",,,OPERATIONAL,https://maps.google.com/?cid=15173134015967867727&g_mp=Cilnb29nbGUubWFwcy5wbGFjZXMudjEuUGxhY2VzLlNlYXJjaE5lYXJieRACGAQgAA,ChIJb9CbtFIZDTkRTzMpL__MkdI
Levepa Gurugram,makeup_artist,makeup_artist|point_of_interest|establishment,099110 01326,https://www.levepa.com/,"H, Block, 25/10, Block H, DLF Phase 1, Sector 26, Gurugram, Haryana 122002, India",,,CLOSED_TEMPORARILY,https://maps.google.com/?cid=10225255876457499678&g_mp=Cilnb29nbGUubWFwcy5wbGFjZXMudjEuUGxhY2VzLlNlYXJjaE5lYXJieRACGAQgAA,ChIJ1fcUYr0ZDTkRHoy5PQto540
OYO 822616 krishana Residency,hotel,hotel|lodging|point_of_interest|establishment,0124 620 1166,https://www.oyorooms.com/229700/,"H-7/9, Block H, DLF Phase 1, Sector 26, Gurugram, Haryana 122002, India",5,1,OPERATIONAL,https://maps.google.com/?cid=918475491543504806&g_mp=Cilnb29nbGUubWFwcy5wbGFjZXMudjEuUGxhY2VzLlNlYXJjaE5lYXJieRACGAQgAA,ChIJ1a6UnvAZDTkRplda4JcUvww
Maharajas,corporate_office,corporate_office|travel_agency|point_of_interest|service|establishment,0124 460 0300,http://maharajas-express-india.org/,"House, H, Caper, Block H, DLF Phase 1, Sector 26, Gurugram, Haryana 122002, India",,,OPERATIONAL,https://maps.google.com/?cid=10061610718800260109&g_mp=Cilnb29nbGUubWFwcy5wbGFjZXMudjEuUGxhY2VzLlNlYXJjaE5lYXJieRACGAQgAA,ChIJq6qmxyoZDTkRDSxa2qMFoos
SRL Diagnostics Home collection,medical_clinic,medical_clinic|health|point_of_interest|establishment,091115 91115,http://www.srldiagnostic.in/,"F4G2+HJP, St 1, Block H, DLF Phase 1, Sector 33, Gurugram, Haryana 122002, India",4.5,2,OPERATIONAL,https://maps.google.com/?cid=17320681031919521963&g_mp=Cilnb29nbGUubWFwcy5wbGFjZXMudjEuUGxhY2VzLlNlYXJjaE5lYXJieRACGAQgAA,ChIJ5-Veka4ZDTkRq9BoL6FrX_A
Babal Productions,service,point_of_interest|service|establishment,088822 27882,http://www.fraud.com/,"H-7 8, Block H, DLF Phase 1, Sector 26, Gurugram, Haryana 122001, India",4.6,59,OPERATIONAL,https://maps.google.com/?cid=13093190443919855154&g_mp=Cilnb29nbGUubWFwcy5wbGFjZXMudjEuUGxhY2VzLlNlYXJjaE5lYXJieRACGAQgAA,ChIJdwJuXeUZDTkRMs5hilZbtLU
Expastudio - Architecture and Interiors,service,general_contractor|point_of_interest|service|establishment,097178 69230,http://expastudio.design/,"H-7/11, Block H, DLF Phase 1, Sector 26, Gurugram, Haryana 122001, India",4.2,28,OPERATIONAL,https://maps.google.com/?cid=10246558973474322034&g_mp=Cilnb29nbGUubWFwcy5wbGFjZXMudjEuUGxhY2VzLlNlYXJjaE5lYXJieRACGAQgAA,ChIJ83muVYMZDTkRcjYHCBkXM44
SV Shine Solutions,,general_contractor|manufacturer|point_of_interest|service|establishment,086858 98397,https://svshinesolutions.in/,"12, H-3 Rd, Block H, DLF Phase 2, Sector 26, Gurugram, Haryana 122002, India",4.9,92,OPERATIONAL,https://maps.google.com/?cid=12443375765453837302&g_mp=Cilnb29nbGUubWFwcy5wbGFjZXMudjEuUGxhY2VzLlNlYXJjaE5lYXJieRACGAQgAA,ChIJDa8aGKgZDTkR9pOUslTAr6w
Oye Furnitures,furniture_store,furniture_store|home_improvement_store|home_goods_store|store|point_of_interest|service|establishment,098100 68271,,"18, H-3 Rd, Block H, DLF Phase 1, Sector 26, Gurugram, Haryana 122002, India",2,1,OPERATIONAL,https://maps.google.com/?cid=5403646538581312487&g_mp=Cilnb29nbGUubWFwcy5wbGFjZXMudjEuUGxhY2VzLlNlYXJjaE5lYXJieRACGAQgAA,ChIJz9EeyCoZDTkR54Pop-Wb_Uo
Interior Design NCR,general_contractor,general_contractor|point_of_interest|service|establishment,083779 79909,,"Shivam Traders, S.K Paints and Hardware, near SIkenderpur, Sikanderpur, DLF Phase 1, metro, Gurugram, Haryana 122002, India",5,1,OPERATIONAL,https://maps.google.com/?cid=5004398268338983792&g_mp=Cilnb29nbGUubWFwcy5wbGFjZXMudjEuUGxhY2VzLlNlYXJjaE5lYXJieRACGAQgAA,ChIJdcJ491gZDTkRcNPs6rUxc0U
"#Nutritionist #wellness #coach #Diabetes, weight management program",health,health|point_of_interest|establishment,099100 25736,https://www.jotform.com/build/220633489084460,"2nd Floor, 3, H-2 Rd, Block H, DLF Phase 1, Sector 26, Gurugram, Haryana 122002, India",,,OPERATIONAL,https://maps.google.com/?cid=17263933169844775976&g_mp=Cilnb29nbGUubWFwcy5wbGFjZXMudjEuUGxhY2VzLlNlYXJjaE5lYXJieRACGAQgAA,ChIJIdWBrmUZDTkRKGyu7r_Ple8
Raj detective agency,service,point_of_interest|service|establishment,089871 48567,https://www.rajindiadetectivenetwork.com/,"phase 1 D, Dlf, block 4, Champa Marg, Block H, DLF Phase 1, Sector 26, Gurugram, Haryana 122002, India",4.5,8,OPERATIONAL,https://maps.google.com/?cid=15471983816101812813&g_mp=Cilnb29nbGUubWFwcy5wbGFjZXMudjEuUGxhY2VzLlNlYXJjaE5lYXJieRACGAQgAA,ChIJfdxBP5UZDTkRTVpXgU6Ht9Y
COLDWIRE TECHNOLOGIES PRIVATE LIMITED,service,corporate_office|point_of_interest|service|establishment,096506 79666,http://www.cwtindia.com/,"F4G2+6V6, H-1 Rd, Block H, DLF Phase 1, Sector 26, Gurugram, Haryana 122002, India",5,3,OPERATIONAL,https://maps.google.com/?cid=2902203506156748000&g_mp=Cilnb29nbGUubWFwcy5wbGFjZXMudjEuUGxhY2VzLlNlYXJjaE5lYXJieRACGAQgAA,ChIJF-eYsSoZDTkR4LxdWrayRig
Mamta tour travel,taxi_service,taxi_service|transportation_service|point_of_interest|service|establishment,088149 56372,,"H16/6, Block H, DLF Phase 1, Sector 26, Gurugram, Haryana 122002, India",,,OPERATIONAL,https://maps.google.com/?cid=16198509790216874599&g_mp=Cilnb29nbGUubWFwcy5wbGFjZXMudjEuUGxhY2VzLlNlYXJjaE5lYXJieRACGAQgAA,ChIJR9qzOeAZDTkRZ2qQsNSqzOA
Sankat Mochan Hanuman Mandir,hindu_temple,hindu_temple|place_of_worship|association_or_organization|point_of_interest|establishment,096960 85344,,"Police Station, near DLF Phase 1, G Block, DLF Phase 1, Sector 26, Gurugram, Haryana 122002, India",4.2,5,OPERATIONAL,https://maps.google.com/?cid=14555269122281904842&g_mp=Cilnb29nbGUubWFwcy5wbGFjZXMudjEuUGxhY2VzLlNlYXJjaE5lYXJieRACGAQgAA,ChIJkVxu02AfDTkRyhrTSya0_sk
Jayceetech Softwares,service,point_of_interest|service|establishment,085272 64450,http://jayceetechsoftwares.com/,"102, 101, Silver Oaks Ave, G Block, DLF Phase 1, Sector 26, Gurugram, Haryana 122002, India",,,OPERATIONAL,https://maps.google.com/?cid=4514416020557460418&g_mp=Cilnb29nbGUubWFwcy5wbGFjZXMudjEuUGxhY2VzLlNlYXJjaE5lYXJieRACGAQgAA,ChIJK4K2etUeDTkRwvOoyXNtpj4
Dr Manoshi Bhattacharya,doctor,doctor|health|point_of_interest|establishment,0129 405 2556,,"Apartment, Silver Oaks Ave, G Block, DLF Phase 1, Sector 26, Faridabad, Gurugram, Haryana 122002, India",,,CLOSED_TEMPORARILY,https://maps.google.com/?cid=8645807448278420377&g_mp=Cilnb29nbGUubWFwcy5wbGFjZXMudjEuUGxhY2VzLlNlYXJjaE5lYXJieRACGAQgAA,ChIJY7YMLjzcDDkRmcsPFxEU_Hc
Eleve Wellness Aerial Yoga,yoga_studio,yoga_studio|fitness_center|gym|sports_complex|sports_school|sports_activity_location|health|point_of_interest|establishment,098729 98527,https://elevewellness.in/,"DLF Phase 1, 10/11, G Block, DLF Phase 1, Sector 26, Gurugram, Haryana 122002, India",4.7,24,OPERATIONAL,https://maps.google.com/?cid=1106756395604244569&g_mp=Cilnb29nbGUubWFwcy5wbGFjZXMudjEuUGxhY2VzLlNlYXJjaE5lYXJieRACGAQgAA,ChIJTfQUrOUZDTkRWfjh9BP9Ww8
Sambandh,corporate_office,corporate_office|point_of_interest|establishment,098186 33552,http://sambandhhealth.org/,"104, 11, Silver Oaks Ave, G Block, DLF Phase 1, Sector 26, Gurugram, Haryana 122002, India",4,1,OPERATIONAL,https://maps.google.com/?cid=10856542932683917907&g_mp=Cilnb29nbGUubWFwcy5wbGFjZXMudjEuUGxhY2VzLlNlYXJjaE5lYXJieRACGAQgAA,ChIJiwJaetUeDTkRUwpn30YwqpY
MomDadICare,corporate_office,corporate_office|point_of_interest|establishment,092134 09447,,"100, 11 East, Silver Oaks Ave, G Block, DLF Phase 1, Sector 26, Gurugram, Haryana 122002, India",,,CLOSED_TEMPORARILY,https://maps.google.com/?cid=13766761883855783709&g_mp=Cilnb29nbGUubWFwcy5wbGFjZXMudjEuUGxhY2VzLlNlYXJjaE5lYXJieRACGAQgAA,ChIJ9QJaetUeDTkRHYeccv5cDb8
Acco53,hotel,hotel|guest_house|lodging|point_of_interest|establishment,098734 56000,,"53, Silver Oaks Ave, G Block, DLF Phase 1, Sector 26, Gurugram, Haryana 122002, India",4.2,63,OPERATIONAL,https://maps.google.com/?cid=5580802049537232724&g_mp=Cilnb29nbGUubWFwcy5wbGFjZXMudjEuUGxhY2VzLlNlYXJjaE5lYXJieRACGAQgAA,ChIJwWtTY9UeDTkRVE9wTOX9ck0
DLF PHASE 1 POLICE STATION,government_office,police|government_office|point_of_interest|service|establishment,0124 256 7223,http://gurgaon.haryanapolice.gov.in/ps-dlf-1.htm,"Plot No, 18, Silver Oaks Ave, G Block, DLF Phase 1, Sector 26, Gurugram, Haryana 122002, India",,,OPERATIONAL,https://maps.google.com/?cid=16725346198674861987&g_mp=Cilnb29nbGUubWFwcy5wbGFjZXMudjEuUGxhY2VzLlNlYXJjaE5lYXJieRACGAQgAA,ChIJ4XSGnNUeDTkRo-9xxcBdHOg
Mohanty solutions,general_contractor,general_contractor|point_of_interest|service|establishment,073270 17965,https://mohantysolutions.co.in/,"Sikanderpur, DLF Phase 1, Sector 26, Gurugram, Haryana 122002, India",5,25,OPERATIONAL,https://maps.google.com/?cid=12974127877120914106&g_mp=Cilnb29nbGUubWFwcy5wbGFjZXMudjEuUGxhY2VzLlNlYXJjaE5lYXJieRACGAQgAA,ChIJuQ2yjhkfDTkRuvJIepBcDbQ
Divine Wellness & Relaxation,massage_spa,massage_spa|massage|spa|point_of_interest|service|establishment,093826 40381,http://divinewellnessmassage.in/,"536, G Block, DLF Phase 1, Sector 26, Gurugram, Haryana 122002, India",4.9,17,CLOSED_TEMPORARILY,https://maps.google.com/?cid=8448708661467427951&g_mp=Cilnb29nbGUubWFwcy5wbGFjZXMudjEuUGxhY2VzLlNlYXJjaE5lYXJieRACGAQgAA,ChIJf0tikAgfDTkRbzSIscPXP3U
Gurgaon Solar,service,point_of_interest|service|establishment,099711 36369,http://www.gurgaonsolar.com/,"Plot Number 3, H-8 Rd, Block H, DLF Phase 1, Sector 26, Gurugram, Haryana 122002, India",4,14,OPERATIONAL,https://maps.google.com/?cid=16746681487109058564&g_mp=Cilnb29nbGUubWFwcy5wbGFjZXMudjEuUGxhY2VzLlNlYXJjaE5lYXJieRACGAQgAA,ChIJjR2a6-cYDTkRBPC-tRUqaOg
Water Shield Solutions,service,point_of_interest|service|establishment,093553 89866,http://watershieldsolutions.com/?utm_source=gmb&utm_medium=referral,"Shop No. 12, Welding Market, 55-56, Road, near Rapid Metro Station, Sikanderpur, Sector 26, Gurugram, Haryana 122002, India",4.9,114,OPERATIONAL,https://maps.google.com/?cid=17489306003064017241&g_mp=Cilnb29nbGUubWFwcy5wbGFjZXMudjEuUGxhY2VzLlNlYXJjaE5lYXJieRACGAQgAA,ChIJQyXPySwjDTkRWdG8wCV_tvI
Kendriya Vidyalaya Arjangarh,school,school|educational_institution|point_of_interest|establishment,011 2650 3073,https://arjangarhafs.kvs.ac.in/,"Arjan Garh, Kendriya Vidyalaya Hauz Khas 1, Arjan Garh, Aya Nagar, New Delhi, Delhi 110047, India",,,OPERATIONAL,https://maps.google.com/?cid=2755746302608693354&g_mp=Cilnb29nbGUubWFwcy5wbGFjZXMudjEuUGxhY2VzLlNlYXJjaE5lYXJieRACGAQgAA,ChIJAwAAjB8fDTkRalgWYqlgPiY
Mother Dairy Milk Shop 14148,food_store,food_store|store|food|point_of_interest|establishment,076699 20074,https://www.motherdairy.com/,"Milk Shop 14148 Shopping Complex Airforce Station, Mehrauli - Badarpur Rd, Arjan Garh, Aya Nagar, New Delhi, Delhi 110047, India",,,OPERATIONAL,https://maps.google.com/?cid=8148271041923135973&g_mp=Cilnb29nbGUubWFwcy5wbGFjZXMudjEuUGxhY2VzLlNlYXJjaE5lYXJieRACGAQgAA,ChIJ8e3CIr8fDTkR5TluW1d5FHE
Viicotech UPVC Hardware,hardware_store,hardware_store|building_materials_store|store|point_of_interest|service|establishment,087004 54220,http://www.viicotech.com/,"Z1, Phase 5, Aya Nagar Extension, Aya Nagar, New Delhi, Delhi 110047, India",5,3,OPERATIONAL,https://maps.google.com/?cid=327765877458480081&g_mp=Cilnb29nbGUubWFwcy5wbGFjZXMudjEuUGxhY2VzLlNlYXJjaE5lYXJieRACGAQgAA,ChIJUToyyycfDTkR0StoN1R1jAQ
"Air Force School Arjangarh, New Delhi",primary_school,primary_school|school|educational_institution|point_of_interest|establishment,011 2650 2216,http://afarjangarh.com/,"F4GF+M4, Arjan Garh, Aya Nagar, New Delhi, Delhi 110047, India",,,OPERATIONAL,https://maps.google.com/?cid=16699188893464388044&g_mp=Cilnb29nbGUubWFwcy5wbGFjZXMudjEuUGxhY2VzLlNlYXJjaE5lYXJieRACGAQgAA,ChIJzdwrHhEfDTkRzOEXkNJvv-c
Mayank Hospital,hospital,hospital|health|point_of_interest|service|establishment,088023 56284,,"B-133 Deep Vihar Friday Market Road Vikas Nagar Uttam Nagar New Delhi 59, Arjan Garh, Aya Nagar, Delhi, New Delhi, Delhi 110047, India",3.8,8,OPERATIONAL,https://maps.google.com/?cid=1343566964340945900&g_mp=Cilnb29nbGUubWFwcy5wbGFjZXMudjEuUGxhY2VzLlNlYXJjaE5lYXJieRACGAQgAA,ChIJo1GkAWUfDTkR7PN9GQlPpRI
Mittal Medical Shop,pharmacy,pharmacy|health|store|point_of_interest|establishment,093113 15552,,"The IFFCO Dispensary, Sector 17-B, Block B, IFFCO Colony, Sector 17, Gurugram, Haryana 122015, India",5,2,OPERATIONAL,https://maps.google.com/?cid=13189965256382058636&g_mp=Cilnb29nbGUubWFwcy5wbGFjZXMudjEuUGxhY2VzLlNlYXJjaE5lYXJieRACGAQgAA,ChIJCcb4tNIZDTkRjJBlaoQrDLc
Fortis Healthworld,store,pharmacy|health|store|service|point_of_interest|establishment,0124 426 3735,,"Iffco Dispensary, Iffco Colony, Sector-17B, Block B, IFFCO Colony, Sector 17, Gurugram, Haryana 122015, India",4.5,2,CLOSED_TEMPORARILY,https://maps.google.com/?cid=15042263498662974054&g_mp=Cilnb29nbGUubWFwcy5wbGFjZXMudjEuUGxhY2VzLlNlYXJjaE5lYXJieRACGAQgAA,ChIJeRU10QQZDTkRZpKhZ_TawNA
Saree Collection,womens_clothing_store,womens_clothing_store|clothing_store|store|point_of_interest|establishment,072068 97218,,"489, Sohna Road, near by School, Block B, IFFCO Colony, Sector 17, Gurugram, Haryana 122015, India",,,OPERATIONAL,https://maps.google.com/?cid=6660316567239747725&g_mp=Cilnb29nbGUubWFwcy5wbGFjZXMudjEuUGxhY2VzLlNlYXJjaE5lYXJieRACGAQgAA,ChIJibEwNmkZDTkRjWj5SaEyblw
Abhishek Singh,womens_clothing_store,womens_clothing_store|clothing_store|store|point_of_interest|establishment,090680 09586,,"214, Sohna Road, near by School, Block B, IFFCO Colony, Sector 17, Gurugram, Haryana 122015, India",,,OPERATIONAL,https://maps.google.com/?cid=14929550653262037996&g_mp=Cilnb29nbGUubWFwcy5wbGFjZXMudjEuUGxhY2VzLlNlYXJjaE5lYXJieRACGAQgAA,ChIJo-RH2XUZDTkR7IPiDzhrMM8
Sant Memorial Public School,government_office,government_office|school|educational_institution|point_of_interest|establishment,098189 84542,https://www.linkedin.com/company/smps-gurgaon/,"Sector 17-B, Block B, IFFCO Colony, Sector 17, Gurugram, Haryana 122001, India",,,OPERATIONAL,https://maps.google.com/?cid=17059417160802913796&g_mp=Cilnb29nbGUubWFwcy5wbGFjZXMudjEuUGxhY2VzLlNlYXJjaE5lYXJieRACGAQgAA,ChIJAQAAAAcZDTkRBE7c6IU5v-w
"DR KHOJA ,B 1142 FIRST FLOOR ,IFFCO COLONY",association_or_organization,association_or_organization|service|point_of_interest|establishment,,,"1142, Block B, IFFCO Colony, Sector 17, Gurugram, Haryana 122015, India",,,OPERATIONAL,https://maps.google.com/?cid=9588359887912048097&g_mp=Cilnb29nbGUubWFwcy5wbGFjZXMudjEuUGxhY2VzLlNlYXJjaE5lYXJieRACGAQgAA,ChIJ746mbgAZDTkR4RWaSYSyEIU
"B-1141, iffco colony",apartment_building,apartment_building|service|point_of_interest|establishment,,,"1141, Block B, IFFCO Colony, Sector 17, Gurugram, Haryana 122015, India",,,OPERATIONAL,https://maps.google.com/?cid=6228952929759642469&g_mp=Cilnb29nbGUubWFwcy5wbGFjZXMudjEuUGxhY2VzLlNlYXJjaE5lYXJieRACGAQgAA,ChIJk8JPfwAZDTkRZcPz7K-vcVY
Ashok Kumar Shop,clothing_store,clothing_store|store|point_of_interest|establishment,075038 28276,,"25 Iffco Chowk, Block B, IFFCO Colony, Sector 17, Gurugram, Haryana 122015, India",3.7,3,OPERATIONAL,https://maps.google.com/?cid=438957853692021846&g_mp=Cilnb29nbGUubWFwcy5wbGFjZXMudjEuUGxhY2VzLlNlYXJjaE5lYXJieRACGAQgAA,ChIJ72QfrEIZDTkRVkyunNd9FwY
Yahya Khan General Store,general_store,general_store|food_store|store|food|point_of_interest|establishment,098132 71350,,"10 Iffco Chowk, Sector 25, Gurugram, Haryana 122002, India",,,CLOSED_TEMPORARILY,https://maps.google.com/?cid=9893456348191256246&g_mp=Cilnb29nbGUubWFwcy5wbGFjZXMudjEuUGxhY2VzLlNlYXJjaE5lYXJieRACGAQgAA,ChIJu4U8CWUZDTkRtu7FgiGeTIk
Flying Academy India,educational_institution,educational_institution|point_of_interest|establishment,095605 70493,http://www.flyingacademy.com/,"ABW Tower, Mehrauli Gurgaon Service Rd, Heritage City, Sector 25, Gurugram, Haryana 122002, India",4.4,26,OPERATIONAL,https://maps.google.com/?cid=6731810647428726602&g_mp=Cilnb29nbGUubWFwcy5wbGFjZXMudjEuUGxhY2VzLlNlYXJjaE5lYXJieRACGAQgAA,ChIJB9WimBsZDTkRSn8u_x0ybF0
ICICI Bank Branch- Gurgaon - ABW Tower,bank,bank|finance|point_of_interest|establishment,1800 1080,https://www.icici.bank.in/branch/haryana/gurgaon/icic0005391,"Shop No. 2, ABW Tower, Iffco Chowk, Sector 25, Gurugram, Haryana 122001, India",3,2,OPERATIONAL,https://maps.google.com/?cid=13013308355563716260&g_mp=Cilnb29nbGUubWFwcy5wbGFjZXMudjEuUGxhY2VzLlNlYXJjaE5lYXJieRACGAQgAA,ChIJ-58xybYZDTkRpH7_fQCPmLQ
"RBL Bank Ltd - IFFCO, Gurgaon Branch & ATM",bank,bank|atm|finance|point_of_interest|establishment,022 6232 7777,https://www.rblbank.com/,"Ground Floor, Block A Unit no – 7 & 14 IFFCO Chowk, Sector 25, Gurugram, Haryana 122002, India",2.8,109,OPERATIONAL,https://maps.google.com/?cid=1054826635970805028&g_mp=Cilnb29nbGUubWFwcy5wbGFjZXMudjEuUGxhY2VzLlNlYXJjaE5lYXJieRACGAQgAA,ChIJLUNBRyIZDTkRJP2omDx_ow4
ICICI Lombard General Insurance Co. Ltd,service,insurance_agency|health|service|point_of_interest|establishment,1800 2666,https://www.icicilombard.com/?utm_source=google&utm_medium=maps&utm_content=mehrauli-gurgaon-road-gurgaon&utm_campaign=google-places,"ABW Towers, Unit No, 5th Floor, IFFCO Chowk, 511 & 512, Mehrauli-Gurgaon Rd, Sector 25, Gurugram, Haryana 122002, India",2.8,48,OPERATIONAL,https://maps.google.com/?cid=6573052185928277139&g_mp=Cilnb29nbGUubWFwcy5wbGFjZXMudjEuUGxhY2VzLlNlYXJjaE5lYXJieRACGAQgAA,ChIJtaqZVCsZDTkRkxxcOCMsOFs
LoadQuot,shipping_service,shipping_service|transportation_service|service|point_of_interest|establishment,099997 09477,,"318-319/2 Second Floor Badam Singh Market, Rangpuri (Mahipalpur, Off, Gurgaon - Delhi Expy, near Radisson Hotel, Sector 25, New Delhi, Gurugram, Haryana 122002, India",,,OPERATIONAL,https://maps.google.com/?cid=8332018151233425854&g_mp=Cilnb29nbGUubWFwcy5wbGFjZXMudjEuUGxhY2VzLlNlYXJjaE5lYXJieRACGAQgAA,ChIJo2gkDBsZDTkRvhFgFl1GoXM
Bullero Capital,finance,finance|point_of_interest|establishment,0124 411 0803,,"306 ABW Towers, Mehrauli-Gurgaon Rd, IFFCO Chowk, Gurugram, Haryana 122002, India",,,OPERATIONAL,https://maps.google.com/?cid=8291139498959597700&g_mp=Cilnb29nbGUubWFwcy5wbGFjZXMudjEuUGxhY2VzLlNlYXJjaE5lYXJieRACGAQgAA,ChIJF2hqmRsZDTkRhHCyKnILEHM
Rajesh Das Bel Juice Shop,manufacturer,store|manufacturer|service|point_of_interest|establishment,082878 37288,,"10 Service Road Near Roca Iffco Chowk, Sector 25, Gurugram, Haryana 122002, India",,,OPERATIONAL,https://maps.google.com/?cid=9264320076715651396&g_mp=Cilnb29nbGUubWFwcy5wbGFjZXMudjEuUGxhY2VzLlNlYXJjaE5lYXJieRACGAQgAA,ChIJ54PGyqQZDTkRRPEnegZ6kYA
Sunjay Singh,womens_clothing_store,womens_clothing_store|clothing_store|store|point_of_interest|establishment,092036 67401,,"231, Sohna Road, near by School, Sector 25, Gurugram, Haryana 122002, India",5,1,OPERATIONAL,https://maps.google.com/?cid=1005556863383032716&g_mp=Cilnb29nbGUubWFwcy5wbGFjZXMudjEuUGxhY2VzLlNlYXJjaE5lYXJieRACGAQgAA,ChIJMdwhXgEZDTkRjNNmu6N09A0
Siddharth Grease & Lubes Pvt. Ltd.,manufacturer,manufacturer|point_of_interest|establishment,0124 461 5100,http://www.siddharthpetro.com/,"5th Floor, ABW Tower, Unit No. 503, MG Road, near Iffco Chowk, Sector 25, Gurugram, Haryana 122002, India",3,1,OPERATIONAL,https://maps.google.com/?cid=7132286798498246500&g_mp=Cilnb29nbGUubWFwcy5wbGFjZXMudjEuUGxhY2VzLlNlYXJjaE5lYXJieRACGAQgAA,ChIJqaAMmRsZDTkRZC-yBA75-mI
Ageas Federal Life Insurance,insurance_agency,insurance_agency|service|point_of_interest|establishment,086579 30316,https://www.ageasfederal.com/,"4th Floor, ABW Tower, 401, MG Rd Upas, IFFCO Chowk, Sector 25, Gurugram, Haryana 122002, India",5,2,OPERATIONAL,https://maps.google.com/?cid=7876207050216905755&g_mp=Cilnb29nbGUubWFwcy5wbGFjZXMudjEuUGxhY2VzLlNlYXJjaE5lYXJieRACGAQgAA,ChIJje3iTi4ZDTkRGxybDZXoTW0
Kobelco Welding India Private Limited,corporate_office,corporate_office|point_of_interest|establishment,0124 401 0063,http://www.kobelcowelding.in/,"Seva Corporate Park Unit No. 205, 2nd Floor, Corporate Suites,Mg Road, Mehrauli Gurgaon Service Rd, DLF Phase 2, Sector 25, Gurugram, Haryana 122002, India",4.7,6,OPERATIONAL,https://maps.google.com/?cid=3935488546329856979&g_mp=Cilnb29nbGUubWFwcy5wbGFjZXMudjEuUGxhY2VzLlNlYXJjaE5lYXJieRACGAQgAA,ChIJ2a6_3xsZDTkR0wucVfupnTY
Renesola Solutions Private Limited,manufacturer,home_improvement_store|home_goods_store|consultant|manufacturer|wholesaler|store|point_of_interest|service|establishment,0124 462 8368,https://renesolaindia.com/,"Unit No. 201B, 2nd Floor, Sewa Corporate Park, Mehrauli-Gurgaon Rd, DLF Phase 2, Sector 25, Gurugram, Haryana 122002, India",4.3,11,OPERATIONAL,https://maps.google.com/?cid=1127586021665420831&g_mp=Cilnb29nbGUubWFwcy5wbGFjZXMudjEuUGxhY2VzLlNlYXJjaE5lYXJieRACGAQgAA,ChIJeQeIXZcZDTkRHzYQM4P9pQ8
Shriram Wealth Gurugram,consultant,finance|consultant|point_of_interest|service|establishment,1800 268 3996,https://www.shriramwealth.in/,"Unit no 201A, Seva corporate park, Mehrauli-Gurgaon Rd, DLF Phase 2, Sector 25, Gurugram, Haryana 122002, India",,,OPERATIONAL,https://maps.google.com/?cid=11525926957775766043&g_mp=Cilnb29nbGUubWFwcy5wbGFjZXMudjEuUGxhY2VzLlNlYXJjaE5lYXJieRACGAQgAA,ChIJa_zxysAZDTkRG8JSSYBR9J8
abcoffee Sewa Corporate Park,coffee_shop,coffee_shop|coffee_stand|snack_bar|coffee_roastery|cafe|confectionery|food_store|meal_takeaway|store|restaurant|food|point_of_interest|establishment,092178 44050,https://www.abcoffee.in/our-decks,"Ground Floor, 201A, Mehrauli-Gurgaon Rd, next to Kotak Bank Sewa Corporate Park, DLF Phase 2, Sector 25, Sarhol, Gurugram, Haryana 122002, India",4.8,20,OPERATIONAL,https://maps.google.com/?cid=3871337248929542913&g_mp=Cilnb29nbGUubWFwcy5wbGFjZXMudjEuUGxhY2VzLlNlYXJjaE5lYXJieRACGAQgAA,ChIJCQa7rawZDTkRAfMueLfAuTU
TPV Technology India Pvt Ltd.,manufacturer,manufacturer|point_of_interest|establishment,0124 270 6600,http://www.aocindia.com/,"TPV Technology India Pvt. Ltd. Unit No, 3rd Floor, SEWA Corporate Park, 307-308, Mehrauli-Gurgaon Rd, DLF Phase 2, Sector 25, Gurugram, Haryana 122002, India",4.4,20,OPERATIONAL,https://maps.google.com/?cid=2005829978799434374&g_mp=Cilnb29nbGUubWFwcy5wbGFjZXMudjEuUGxhY2VzLlNlYXJjaE5lYXJieRACGAQgAA,ChIJawkH3ucYDTkRhmorBr0j1hs
Poonawalla Fincorp,finance,finance|point_of_interest|establishment,1800 266 3201,https://poonawallafincorp.com/?utm_source=gmb_listing&utm_medium=organic&utm_campaign=gmb,"Unit No. 402, 4th Floor, Sewa Corporate Suites, Mehrauli-Gurgaon Rd, DLF Phase 2, Sector 25, Gurugram, Haryana 122002, India",3.5,53,OPERATIONAL,https://maps.google.com/?cid=7983454592289313174&g_mp=Cilnb29nbGUubWFwcy5wbGFjZXMudjEuUGxhY2VzLlNlYXJjaE5lYXJieRACGAQgAA,ChIJC-l8hEs5DTkRlpHdTaftym4
Indian Overseas Bank,bank,bank|finance|point_of_interest|establishment,089259 51436,https://locate.iob.in/indian-overseas-bank-dlf-qutab-enclave-branch-public-sector-bank-mg-road-gurugram-379013/Home,"No G/07, Sewa Corporate Park, Mehrauli-Gurgaon Rd, DLF Phase 2, Sector 25, Gurugram, Haryana 122002, India",5,3,OPERATIONAL,https://maps.google.com/?cid=18369193989265997462&g_mp=Cilnb29nbGUubWFwcy5wbGFjZXMudjEuUGxhY2VzLlNlYXJjaE5lYXJieRACGAQgAA,ChIJwy6aArIZDTkRlr5w7Jt87P4
SBI Specialised PBB Gurgaon,bank,bank|finance|point_of_interest|establishment,1800 1234,https://bank.sbi/,"G-10, Corporate Sewa Park, DLF Phase 2, Sector 25, Gurugram, Haryana 122002, India",,,OPERATIONAL,https://maps.google.com/?cid=9780104352598008315&g_mp=Cilnb29nbGUubWFwcy5wbGFjZXMudjEuUGxhY2VzLlNlYXJjaE5lYXJieRACGAQgAA,ChIJS0Dsr6YZDTkR-yHbahfpuYc
Nachi Technology India Pvt Ltd,corporate_office,corporate_office|point_of_interest|establishment,0124 450 2900,https://www.nachi-india.com/,"Unit No 108, 1st Floor Sewa Corporate Park, Mehrauli-Gurgaon Rd, DLF Phase 2, Sector 25, Gurugram, Haryana 122002, India",4.7,11,CLOSED_TEMPORARILY,https://maps.google.com/?cid=5728709740427216729&g_mp=Cilnb29nbGUubWFwcy5wbGFjZXMudjEuUGxhY2VzLlNlYXJjaE5lYXJieRACGAQgAA,ChIJ9XukCu4YDTkRWQd8Kyh3gE8
MYRA CAFE,fast_food_restaurant,fast_food_restaurant|restaurant|food|point_of_interest|establishment,096500 27127,http://myracafe.com/?utm_source=gmb&utm_medium=referral,"Sewa Corporate Park, DLF Phase 2, Sector 25, Gurugram, Haryana 122002, India",4.8,119,OPERATIONAL,https://maps.google.com/?cid=12599935626647080246&g_mp=Cilnb29nbGUubWFwcy5wbGFjZXMudjEuUGxhY2VzLlNlYXJjaE5lYXJieRACGAQgAA,ChIJCSrxO2kZDTkRNo0W87H2264
Abhay Vegetables Shop,food_store,food_store|store|food|point_of_interest|establishment,097857 97527,,"7 Honda Chok, DLF Phase 2, Sector 25, Gurugram, Haryana 122002, India",,,CLOSED_TEMPORARILY,https://maps.google.com/?cid=1212501255126996375&g_mp=Cilnb29nbGUubWFwcy5wbGFjZXMudjEuUGxhY2VzLlNlYXJjaE5lYXJieRACGAQgAA,ChIJRzFgajIZDTkRl1WPqXer0xA
The NeuroLeadership Institute,,point_of_interest|establishment,080767 20030,https://brainbasedcoaching.co.in/,"101-102 First Floor, Sewa Corporate Park, Mehrauli-Gurgaon Rd, DLF Phase 2, Sector 25, Gurugram, Haryana 122002, India",5,7,OPERATIONAL,https://maps.google.com/?cid=16666464792163904265&g_mp=Cilnb29nbGUubWFwcy5wbGFjZXMudjEuUGxhY2VzLlNlYXJjaE5lYXJieRACGAQgAA,ChIJgVDPSm0ZDTkRCet7_mwtS-c
HDFC Bank,bank,bank|atm|finance|point_of_interest|service|establishment,1800 1601,https://www.hdfc.bank.in/branch-locator/haryana/gurugram/hdfcbank-branch-corporatesewapark,"Unit No 6, Ground Floor, Corporate Sewa Park, Mehrauli-Gurgaon Rd, DLF Phase 2, Sector 25, Gurugram, Haryana 122002, India",3.3,42,OPERATIONAL,https://maps.google.com/?cid=5551214863084539528&g_mp=Cilnb29nbGUubWFwcy5wbGFjZXMudjEuUGxhY2VzLlNlYXJjaE5lYXJieRACGAQgAA,ChIJvaQs3hsZDTkRiM4FooHgCU0
Tortuga Expedition pvt. Ltd,corporate_office,corporate_office|point_of_interest|establishment,091491 93383,,"Sikandara Building Number 2, Alt F, Mehrauli-Gurgaon Rd, Sector 28, Sushant Lok Phase I, Gurugram, Haryana 122009, India",2.3,3,OPERATIONAL,https://maps.google.com/?cid=7867625344611002065&g_mp=Cilnb29nbGUubWFwcy5wbGFjZXMudjEuUGxhY2VzLlNlYXJjaE5lYXJieRACGAQgAA,ChIJDWCyxBgZDTkR0SZmA5FrL20
DANG and Associates,consultant,accounting|finance|consultant|service|point_of_interest|establishment,086999 95566,,"2nd Floor, Vatika Business Centre, Mehrauli-Gurgaon Rd, Sector 28, Sushant Lok Phase I, Gurugram, Haryana 122009, India",,,OPERATIONAL,https://maps.google.com/?cid=8527620953557917458&g_mp=Cilnb29nbGUubWFwcy5wbGFjZXMudjEuUGxhY2VzLlNlYXJjaE5lYXJieRACGAQgAA,ChIJDWCyxBgZDTkREl__cxMyWHY
Vijay Yadav G Shop,general_store,general_store|food_store|store|food|point_of_interest|establishment,084334 38515,,"32, 8, Mehrauli-Gurgaon Rd, DLF Phase 2, Sector 26, Gurugram, Haryana 122002, India",,,CLOSED_TEMPORARILY,https://maps.google.com/?cid=13822303483249561079&g_mp=Cilnb29nbGUubWFwcy5wbGFjZXMudjEuUGxhY2VzLlNlYXJjaE5lYXJieRACGAQgAA,ChIJu1PfrV0ZDTkR9w28yMiv0r8
Goodyear Autocare - New Tyre World,tire_shop,tire_shop|auto_parts_store|car_repair|store|service|point_of_interest|establishment,095602 25481,https://www.goodyear.co.in/,"MG Road Metro Station, Metro Pillar Number 112, Central Mall, 113, near Gurgaon, Sector 28, Sushant Lok Phase I, Gurugram, Haryana 122009, India",4.5,30,OPERATIONAL,https://maps.google.com/?cid=14694038746030938256&g_mp=Cilnb29nbGUubWFwcy5wbGFjZXMudjEuUGxhY2VzLlNlYXJjaE5lYXJieRACGAQgAA,ChIJqQU4fE4ZDTkRkBgAHWO268s
Moneytecture | Wealth Management Company,consultant,finance|consultant|service|point_of_interest|establishment,099997 26005,https://moneytecture.com/,"Avanta Offices Business Centre Private Limited 1st floor, 01-069, 01-070, MGF Metropolis Mall, Mehrauli-Gurgaon Rd, Sector 28, Sushant Lok Phase I, Gurugram, Haryana 122009, India",,,OPERATIONAL,https://maps.google.com/?cid=11269600352387344227&g_mp=Cilnb29nbGUubWFwcy5wbGFjZXMudjEuUGxhY2VzLlNlYXJjaE5lYXJieRACGAQgAA,ChIJ940qcbcZDTkRYyeqxM-pZZw
The Cake Studio by Menakshi,bakery,bakery|pastry_shop|dessert_shop|cake_shop|wholesaler|confectionery|food_store|store|food|manufacturer|service|point_of_interest|establishment,099104 89454,https://thecakestudiobymenakshi.com/,"Beverly Park-1, 608, Mehrauli-Gurgaon Rd, Sector 28, Sushant Lok Phase I, Gurugram, Haryana 122002, India",4.9,125,OPERATIONAL,https://maps.google.com/?cid=481846792349986150&g_mp=Cilnb29nbGUubWFwcy5wbGFjZXMudjEuUGxhY2VzLlNlYXJjaE5lYXJieRACGAQgAA,ChIJR1Fd6CcZDTkRZq0uzhrdrwY
Party Night Club,night_club,sports_club|night_club|bar|association_or_organization|point_of_interest|establishment,088605 88499,https://party-night-club.localo.site/?utm_source=google_profile&utm_campaign=localo&utm_medium=mainlink,"3rd Floor, opposite Mehrauli-Gurgaon Road, Sector 28, Sushant Lok Phase I, Gurugram, Haryana 122009, India",5,6,OPERATIONAL,https://maps.google.com/?cid=18178014570981489862&g_mp=Cilnb29nbGUubWFwcy5wbGFjZXMudjEuUGxhY2VzLlNlYXJjaE5lYXJieRACGAQgAA,ChIJy3tt1SwfDTkRxvw56fBHRfw
"Right Gold - MG Road, Gurugram",jewelry_store,jewelry_store|store|point_of_interest|establishment,088880 00700,https://www.rightgold.com/,"M3M Jewels, Mehrauli-Gurgaon Rd, DLF Phase 2, Sector 25, Gurugram, Haryana 122002, India",,,CLOSED_TEMPORARILY,https://maps.google.com/?cid=1090254474743785415&g_mp=Cilnb29nbGUubWFwcy5wbGFjZXMudjEuUGxhY2VzLlNlYXJjaE5lYXJieRACGAQgAA,ChIJX8vGzbQZDTkRxyfiGatcIQ8
RD GURJAR GENERAL STORE,general_store,general_store|food_store|store|food|point_of_interest|establishment,094146 94683,,"46, Mehrauli-Gurgaon Rd, Heritage City, Sector 14, Gurugram, Haryana 122002, India",5,2,OPERATIONAL,https://maps.google.com/?cid=12085908753067665962&g_mp=Cilnb29nbGUubWFwcy5wbGFjZXMudjEuUGxhY2VzLlNlYXJjaE5lYXJieRACGAQgAA,ChIJ4b-SI84ZDTkRKuphHvrFuac
M3M Jewel,general_contractor,general_contractor|service|point_of_interest|establishment,1800 123 3333,https://m3mindia.com/retail/m3m-jewel,"Mehrauli-Gurgaon Rd, DLF Phase 2, Sector 25, Gurugram, Haryana 122002, India",4.2,11,OPERATIONAL,https://maps.google.com/?cid=9970777281397810404&g_mp=Cilnb29nbGUubWFwcy5wbGFjZXMudjEuUGxhY2VzLlNlYXJjaE5lYXJieRACGAQgAA,ChIJtfK5E-0ZDTkR5GRAKBxRX4o
House & Home Estate,real_estate_agency,real_estate_agency|service|point_of_interest|establishment,098117 44667,,"Beverly Park 1, Sector 28, Sushant Lok Phase I, Gurugram, Haryana 122009, India",,,OPERATIONAL,https://maps.google.com/?cid=5856613591970339344&g_mp=Cilnb29nbGUubWFwcy5wbGFjZXMudjEuUGxhY2VzLlNlYXJjaE5lYXJieRACGAQgAA,ChIJqxZUMNIZDTkRENodQAjfRlE
Calm Spa,spa,spa|massage_spa|massage|point_of_interest|service|establishment,096258 05637,https://calmspa.co.in/,"Lower Ground, Shop No - 30, City Centre Mall, Mehrauli-Gurgaon Rd, Sector 28, Maruti Housing Colony, Gurugram, Haryana 122001, India",5,24,OPERATIONAL,https://maps.google.com/?cid=7979793373294730793&g_mp=Cilnb29nbGUubWFwcy5wbGFjZXMudjEuUGxhY2VzLlNlYXJjaE5lYXJieRACGAQgAA,ChIJRUSbecIZDTkRKZ4_VMvrvW4
The Kam Spa - Spa in MG Road,spa,spa|massage_spa|massage|point_of_interest|service|establishment,088000 02832,https://thekamspa.com/,"LG 30, DLF City, Centre Mall, Sector 28, Maruti Housing Colony, Gurugram, Haryana 122002, India",4.8,119,OPERATIONAL,https://maps.google.com/?cid=11273813962317318213&g_mp=Cilnb29nbGUubWFwcy5wbGFjZXMudjEuUGxhY2VzLlNlYXJjaE5lYXJieRACGAQgAA,ChIJn6W9A0oZDTkRRUjDRxGidJw
Crown Male Spa,spa,spa|massage_spa|wellness_center|massage|health|point_of_interest|service|establishment,079822 84955,https://maletomale.luxuryspa-center.com/,"Shop 30, City Centre Mall, Sector 28, Maruti Housing Colony, Gurugram, Haryana 122009, India",4.9,67,OPERATIONAL,https://maps.google.com/?cid=685291909662088043&g_mp=Cilnb29nbGUubWFwcy5wbGFjZXMudjEuUGxhY2VzLlNlYXJjaE5lYXJieRACGAQgAA,ChIJGwhFnzAZDTkRa5vbalylggk
Smartbox,shipping_service,shipping_service|point_of_interest|service|establishment,088827 60760,https://smartbox.in/,"Gali Number 4, Model Town, Sector 11, Sector 28, Maruti Housing Colony, Gurugram, Haryana 122009, India",4.5,4,OPERATIONAL,https://maps.google.com/?cid=5510930688858380724&g_mp=Cilnb29nbGUubWFwcy5wbGFjZXMudjEuUGxhY2VzLlNlYXJjaE5lYXJieRACGAQgAA,ChIJ1xB-DyIZDTkRtNkza0PCekw
Bilakis Tea Stall,tea_store,tea_store|food_store|store|food|point_of_interest|establishment,075839 85379,,"41, Mehrauli-Gurgaon Rd, Sector 28, Maruti Housing Colony, Sector 14, Gurugram, Haryana 122009, India",4,2,CLOSED_TEMPORARILY,https://maps.google.com/?cid=5878207736136683078&g_mp=Cilnb29nbGUubWFwcy5wbGFjZXMudjEuUGxhY2VzLlNlYXJjaE5lYXJieRACGAQgAA,ChIJOZSX9z8ZDTkRRk5hvMqWk1E
Awadesh,tea_store,tea_store|food_store|store|food|point_of_interest|establishment,063983 99394,,"Shop No 788, Mehrauli-Gurgaon Rd, near MGF Metropolitan Mall, Sector 28, Maruti Housing Colony, Gurugram, Haryana 122009, India",5,1,CLOSED_TEMPORARILY,https://maps.google.com/?cid=14263362200090051850&g_mp=Cilnb29nbGUubWFwcy5wbGFjZXMudjEuUGxhY2VzLlNlYXJjaE5lYXJieRACGAQgAA,ChIJGZ8LRj8ZDTkRCgUat1mk8cU
Vinay Tea Stall,tea_store,tea_store|food_store|store|food|point_of_interest|establishment,096431 81115,,"Shop No 1, Metro Station, behind Mehrauli-Gurgaon Road, Sector 28, Maruti Housing Colony, Gurugram, Haryana 122009, India",4,4,OPERATIONAL,https://maps.google.com/?cid=18341055371373755477&g_mp=Cilnb29nbGUubWFwcy5wbGFjZXMudjEuUGxhY2VzLlNlYXJjaE5lYXJieRACGAQgAA,ChIJ50Tyap0ZDTkRVbyAaK-EiP4
Beyond Sleep | Luxury Mattress Store in Gurugram,furniture_store,furniture_store|home_improvement_store|home_goods_store|manufacturer|store|point_of_interest|service|establishment,070489 77566,https://beyondsleep.in/,"Shop no- . LGF-001, A & B, Lower Ground Floor, DLF City, Center, Mehrauli-Gurgaon Rd, Sector 28, Maruti Housing Colony, Gurugram, Haryana 122001, India",4.2,46,OPERATIONAL,https://maps.google.com/?cid=6303480871228888568&g_mp=Cilnb29nbGUubWFwcy5wbGFjZXMudjEuUGxhY2VzLlNlYXJjaE5lYXJieRACGAQgAA,ChIJEb0NaHQfDTkR-FURgnR2elc
USA MALE SPA-Male To Male Spa Center - Gurgaon,massage_spa,massage_spa|massage|spa|point_of_interest|service|establishment,088004 20201,https://sites.google.com/view/usamensspa/home,"Shop No - 30, City Centre Mall, Mehrauli-Gurgaon Rd, Sector 28, Maruti Housing Colony, Gurugram, Sarhol, Haryana 122009, India",5,1,OPERATIONAL,https://maps.google.com/?cid=15942857999813370450&g_mp=Cilnb29nbGUubWFwcy5wbGFjZXMudjEuUGxhY2VzLlNlYXJjaE5lYXJieRACGAQgAA,ChIJERRN9RUZDTkRUuJex-FoQN0
Jitender car driving school,educational_institution,educational_institution|point_of_interest|establishment,088180 72098,,"Near, Mehrauli-Gurgaon Rd, Sector 28, Maruti Housing Colony, metro, Gurugram, Haryana 122009, India",5,32,OPERATIONAL,https://maps.google.com/?cid=17132108228891807238&g_mp=Cilnb29nbGUubWFwcy5wbGFjZXMudjEuUGxhY2VzLlNlYXJjaE5lYXJieRACGAQgAA,ChIJT-IrjvcZDTkRBo6kFKp5we0
Bablu Chaat Shop,food_court,food_court|food|point_of_interest|establishment,088001 52242,,"1, Mehrauli-Gurgaon Rd, Sector 28, Maruti Housing Colony, Gurugram, Haryana 122009, India",5,3,OPERATIONAL,https://maps.google.com/?cid=8614444795138454428&g_mp=Cilnb29nbGUubWFwcy5wbGFjZXMudjEuUGxhY2VzLlNlYXJjaE5lYXJieRACGAQgAA,ChIJby3m3foZDTkRnLNwX-anjHc
Nidhee Creation and fabrics,home_goods_store,home_goods_store|store|point_of_interest|service|establishment,098996 00265,,"Shop No, 2nd Floor, City Center Mall, 221, Mehrauli-Gurgaon Rd, Sector 28, Maruti Housing Colony, Gurugram, Haryana 122002, India",4.7,32,OPERATIONAL,https://maps.google.com/?cid=3029442606791888477&g_mp=Cilnb29nbGUubWFwcy5wbGFjZXMudjEuUGxhY2VzLlNlYXJjaE5lYXJieRACGAQgAA,ChIJI6mWjzofDTkRXY5DDQC-Cio
Flex Body Spa MG Road,spa,massage_spa|massage|spa|beauty_salon|health|point_of_interest|service|establishment,092201 45309,https://www.flexbodyspa.in/,"3rd Floor, MGF Metropolis Mall, SN016, Mehrauli-Gurgaon Rd, next City Centre Mall, Sector 28, Maruti Housing Colony, Gurugram, Haryana 122009, India",5,56,OPERATIONAL,https://maps.google.com/?cid=18060246517549173835&g_mp=Cilnb29nbGUubWFwcy5wbGFjZXMudjEuUGxhY2VzLlNlYXJjaE5lYXJieRACGAQgAA,ChIJVZh6M8oZDTkRSwyBOoXiovo
Alankrit Weaves,clothing_store,clothing_store|store|point_of_interest|establishment,070424 15575,https://www.alankritweaves.com/,"UG-16, Ground Floor, DLF City Center Mall, near Mehrauli-Gurgaon Road, Sector 28, Maruti Housing Colony, Gurugram, Haryana 122009, India",5,13,OPERATIONAL,https://maps.google.com/?cid=2722978388426756808&g_mp=Cilnb29nbGUubWFwcy5wbGFjZXMudjEuUGxhY2VzLlNlYXJjaE5lYXJieRACGAQgAA,ChIJFcK23GIfDTkRyBI-1Wr2ySU
Apple Service Centre,service,point_of_interest|service|establishment,097179 22042,https://appleservicecentergurgaon.com/,"210, City Centre Mall, Sector 28, Maruti Housing Colony, Gurugram, Haryana 122001, India",4.5,22,OPERATIONAL,https://maps.google.com/?cid=10990534584758640965&g_mp=Cilnb29nbGUubWFwcy5wbGFjZXMudjEuUGxhY2VzLlNlYXJjaE5lYXJieRACGAQgAA,ChIJQ9R_NYQZDTkRRSEvePk4hpg
Woodland,shoe_store,shoe_store|store|point_of_interest|establishment,0124 420 1229,https://www.woodlandworldwide.com/,"Mehrauli-Gurgaon Rd, Sector 28, Maruti Housing Colony, Gurugram, Haryana 122009, India",3.9,292,OPERATIONAL,https://maps.google.com/?cid=8075568576882586399&g_mp=Cilnb29nbGUubWFwcy5wbGFjZXMudjEuUGxhY2VzLlNlYXJjaE5lYXJieRACGAQgAA,ChIJI4a-gyofDTkRH7NkoNUuEnA
DPI Daylighting Private Limited,manufacturer,manufacturer|point_of_interest|establishment,098110 30204,http://dpidaylighting.com/,"501, MGF Metropolis Mall, Mehrauli-Gurgaon Rd, Sector 28, Maruti Housing Colony, Gurugram, Haryana 122009, India",5,16,OPERATIONAL,https://maps.google.com/?cid=16253974282587412114&g_mp=Cilnb29nbGUubWFwcy5wbGFjZXMudjEuUGxhY2VzLlNlYXJjaE5lYXJieRACGAQgAA,ChIJO897ywU3DTkRkhb1JX63keE
Purpose Spa,massage_spa,massage_spa|massage|spa|point_of_interest|service|establishment,092896 46492,https://www.purposespa.com/,"UPPER GROUND FLOOR, MGF Metropolis Mall, near Lifestyle Stores, Sector 28, Maruti Housing Colony, Gurugram, Haryana 122009, India",4.7,163,OPERATIONAL,https://maps.google.com/?cid=18060931671441458659&g_mp=Cilnb29nbGUubWFwcy5wbGFjZXMudjEuUGxhY2VzLlNlYXJjaE5lYXJieRACGAQgAA,ChIJR5Iwy0kZDTkR48XeDKpRpfo
Baby Brand Saffron,wholesaler,supplier|manufacturer|wholesaler|food|point_of_interest|service|establishment,078791 23123,http://www.babysaffron.com/,"Showroom No.5, 2nd Floor, MGF Metropolitan Mall, Mehrauli-Gurgaon Rd, Sector 28, Maruti Housing Colony, Gurugram, Haryana 122002, India",4.7,46,OPERATIONAL,https://maps.google.com/?cid=12259912692765675308&g_mp=Cilnb29nbGUubWFwcy5wbGFjZXMudjEuUGxhY2VzLlNlYXJjaE5lYXJieRACGAQgAA,ChIJ17rLPSIZDTkRLM-ZZaP1I6o
Krishna boys and girls pg,service,point_of_interest|service|establishment,098731 11243,,"House no. 914, Swami Vivekananda Block, Saraswati Vihar, Chakkarpur, Gurugram, Sarhol, Haryana 122009, India",4.1,14,OPERATIONAL,https://maps.google.com/?cid=3643583177104696926&g_mp=Cilnb29nbGUubWFwcy5wbGFjZXMudjEuUGxhY2VzLlNlYXJjaE5lYXJieRACGAQgAA,ChIJ5fdxrLgZDTkRXibqVJibkDI
Spar Hypermarket,hypermarket,hypermarket|shopping_mall|supermarket|grocery_store|food_store|store|food|point_of_interest|establishment,088677 91886,https://www.sparindia.com/en/?utm_source=GBL&utm_medium=organic,"Metro Station, MGF Metropolis Mall, Mehrauli-Gurgaon Rd, near Lower Ground, Sector 28, Maruti Housing Colony, Gurugram, Haryana 122009, India",4.2,3800,OPERATIONAL,https://maps.google.com/?cid=8071595933369217833&g_mp=Cilnb29nbGUubWFwcy5wbGFjZXMudjEuUGxhY2VzLlNlYXJjaE5lYXJieRACGAQgAA,ChIJcQ1-LyIZDTkRKbP1erwRBHA
The Oxygen Spa,spa,spa|point_of_interest|establishment,096253 96199,https://massagespas.in/gurgaon/the-oxygen-spa-mg-road-gurgaon,"No. 367/B64, Add::-Shop, Sector 28, Maruti Housing Colony, Gurugram, Haryana 122009, India",5,21,OPERATIONAL,https://maps.google.com/?cid=14473266136877053237&g_mp=Cilnb29nbGUubWFwcy5wbGFjZXMudjEuUGxhY2VzLlNlYXJjaE5lYXJieRACGAQgAA,ChIJnfHZJvsZDTkRNTU_bN5e28g
Sandhu Homes,lodging,lodging|point_of_interest|establishment,088995 85926,,"913, Swami Vivekanand Block, Saraswati Vihar, Maruti Housing Colony, Gurugram, Sarhol, Haryana 122009, India",1,1,OPERATIONAL,https://maps.google.com/?cid=12725738857272568346&g_mp=Cilnb29nbGUubWFwcy5wbGFjZXMudjEuUGxhY2VzLlNlYXJjaE5lYXJieRACGAQgAA,ChIJtc-daAAZDTkRGuodHBHomrA
Solaris ChemTech Industries Limited,manufacturer,manufacturer|point_of_interest|establishment,0124 280 4242,http://solarischemtech.com/,"Sector 28, Maruti Housing Colony, Gurugram, Haryana 122009, India",4.7,3,OPERATIONAL,https://maps.google.com/?cid=9691373467342439729&g_mp=Cilnb29nbGUubWFwcy5wbGFjZXMudjEuUGxhY2VzLlNlYXJjaE5lYXJieRACGAQgAA,ChIJVVVVVVUWDTkRMYWXStKsfoY
Torq Rides - MG Road,service,point_of_interest|service|establishment,095601 98483,https://www.torqrides.com/,"Basement 2, Pillar No. 5, MGF Metropolis Mall, Metro Station, next to DLF City Centre, next to Mehrauli-Gurgaon Road, Sector 28, Maruti Housing Colony, Gurugram, Haryana 122009, India",4.9,357,OPERATIONAL,https://maps.google.com/?cid=6448174781484551582&g_mp=Cilnb29nbGUubWFwcy5wbGFjZXMudjEuUGxhY2VzLlNlYXJjaE5lYXJieRACGAQgAA,ChIJYZJHqTkZDTkRns0ExMyEfFk
Acveti,service,point_of_interest|service|establishment,098717 77335,https://acveti.com/,"UG-006, MGF, MGF Metropolitan Mall, Mehrauli-Gurgaon Rd, Sector 28, Maruti Housing Colony, Gurugram, Haryana 122009, India",5,20,OPERATIONAL,https://maps.google.com/?cid=11090509544867568113&g_mp=Cilnb29nbGUubWFwcy5wbGFjZXMudjEuUGxhY2VzLlNlYXJjaE5lYXJieRACGAQgAA,ChIJL95PJvMZDTkR8Rnpx6tn6Zk
Alz Day Spa MG Road Gurgaon Massage Parlour,spa,spa|massage_spa|massage|point_of_interest|service|establishment,088106 43162,https://spa-center.co.in/alz-day-spa/,"Shop No.-187, 1st Floor, MGF Metropolis Mall, Mehrauli-Gurgaon Rd, Sector 28, Maruti Housing Colony, Gurugram, Haryana 122009, India",4.6,19,OPERATIONAL,https://maps.google.com/?cid=2633408747063736829&g_mp=Cilnb29nbGUubWFwcy5wbGFjZXMudjEuUGxhY2VzLlNlYXJjaE5lYXJieRACGAQgAA,ChIJ_aVIRF4ZDTkR_fkjlU2_iyQ
SCoRe Corporate Office,educational_institution,educational_institution|point_of_interest|establishment,098115 72673,http://scoreindia.org/,"412-A, MGF Metropolis, Metro Station, Mehrauli-Gurgaon Rd, next to MG Road, Sector 28, Maruti Housing Colony, Gurugram, Haryana 122009, India",4.6,10,CLOSED_TEMPORARILY,https://maps.google.com/?cid=1344320389088067014&g_mp=Cilnb29nbGUubWFwcy5wbGFjZXMudjEuUGxhY2VzLlNlYXJjaE5lYXJieRACGAQgAA,ChIJc1gG0yMZDTkRxr3od0X8pxI
Nurturing Souls by Megha,health,medical_clinic|health|point_of_interest|service|establishment,081308 85511,https://www.nurturingsouls.co.in/,"A2/602, SAHARA GRACE CONDOMINIUM, Mehrauli-Gurgaon Rd, behind Sahara Mall, Sector 28, Chakkarpur, Gurugram, Haryana 122002, India",5,19,OPERATIONAL,https://maps.google.com/?cid=2877664963852080984&g_mp=Cilnb29nbGUubWFwcy5wbGFjZXMudjEuUGxhY2VzLlNlYXJjaE5lYXJieRACGAQgAA,ChIJYc5q_qoZDTkRWJf9wAmF7yc
Dr. Deepika Aggarwal,doctor,doctor|health|point_of_interest|establishment,098103 27133,https://drdeepikaaggarwal.com/,"A8 / 108, SAHARA GRACE CONDOMINIUM, Mehrauli-Gurgaon Rd, behind Sahara Mall, Sector 28, Chakkarpur, Gurugram, Haryana 122002, India",4.9,531,OPERATIONAL,https://maps.google.com/?cid=1745081279145564786&g_mp=Cilnb29nbGUubWFwcy5wbGFjZXMudjEuUGxhY2VzLlNlYXJjaE5lYXJieRACGAQgAA,ChIJ61hki-YZDTkRctqncy3GNxg
AHAMYO- PHYSIOTHERAPY | DIET/NUTRITION | MENTAL WELLNESS,medical_clinic,chiropractor|physiotherapist|doctor|consultant|medical_clinic|health|point_of_interest|service|establishment,095602 64949,https://www.ahamyo.com/,"SAHARA GRACE CONDOMINIUM, Sector 28, Chakkarpur, Gurugram, Haryana 122002, India",5,4,OPERATIONAL,https://maps.google.com/?cid=9532051148040850517&g_mp=Cilnb29nbGUubWFwcy5wbGFjZXMudjEuUGxhY2VzLlNlYXJjaE5lYXJieRACGAQgAA,ChIJ4bYa-Q0ZDTkRVUzUIwSmSIQ
Lalita Devi Shops,juice_shop,juice_shop|food|point_of_interest|establishment,095250 38206,,"Chakkar pur, Sector 28, Chakkarpur, Gurugram, Haryana 122002, India",,,OPERATIONAL,https://maps.google.com/?cid=17205853263546672309&g_mp=Cilnb29nbGUubWFwcy5wbGFjZXMudjEuUGxhY2VzLlNlYXJjaE5lYXJieRACGAQgAA,ChIJuwWDPW0ZDTkRteQx92F4x-4
Jitendra Kumar fast food,fast_food_restaurant,fast_food_restaurant|restaurant|food|point_of_interest|establishment,085955 98382,,"Sector 28A, Chakkarpur, Gurugram, Haryana 122002, India",,,CLOSED_TEMPORARILY,https://maps.google.com/?cid=2012327491888487860&g_mp=Cilnb29nbGUubWFwcy5wbGFjZXMudjEuUGxhY2VzLlNlYXJjaE5lYXJieRACGAQgAA,ChIJm_5wfvAZDTkRtB3ELTE57Rs
Florastar,florist,florist|store|point_of_interest|establishment,097692 23030,,"81, Mehrauli-Gurgaon Rd, near Sahara Mall, besides, DLF Phase 1, Gurugram, Haryana 122002, India",4,1,CLOSED_TEMPORARILY,https://maps.google.com/?cid=17241730649743207885&g_mp=Cilnb29nbGUubWFwcy5wbGFjZXMudjEuUGxhY2VzLlNlYXJjaE5lYXJieRACGAQgAA,ChIJnT3-PCQZDTkRza3o4qzuRu8
"Gym,sahara mall str 4",gym,gym|sports_activity_location|health|point_of_interest|establishment,,,"Sahara Mall, Mehrauli-Gurgaon Rd, A Block, DLF Phase 1, Gurugram, Haryana 122002, India",,,OPERATIONAL,https://maps.google.com/?cid=17197113046014900231&g_mp=Cilnb29nbGUubWFwcy5wbGFjZXMudjEuUGxhY2VzLlNlYXJjaE5lYXJieRACGAQgAA,ChIJ-0w7aQAZDTkRBzj0fTNrqO4
Pramod Electrical,service,point_of_interest|service|establishment,099716 79497,,"Neyer. Shara. Mall, Chakkar pur, 799, Grace Rd, Sector 28, Chakkarpur, Gurugram, Haryana 122002, India",4,3,OPERATIONAL,https://maps.google.com/?cid=3331332963231942147&g_mp=Cilnb29nbGUubWFwcy5wbGFjZXMudjEuUGxhY2VzLlNlYXJjaE5lYXJieRACGAQgAA,ChIJiRRvKugZDTkRA0b9Da5FOy4
Unistar,real_estate_agency,real_estate_agency|point_of_interest|service|establishment,0124 410 4111,http://www.unistar.in/,"Ground Floor, Sahara Mall, 62, Mehrauli-Gurgaon Rd, Sector 28, Chakkarpur, Gurugram, Haryana 122002, India",4.5,10,OPERATIONAL,https://maps.google.com/?cid=17724089788934611980&g_mp=Cilnb29nbGUubWFwcy5wbGFjZXMudjEuUGxhY2VzLlNlYXJjaE5lYXJieRACGAQgAA,ChIJFRmNPiQZDTkRDGSTvMGd-PU
Lok Kalyan Samiti,non_profit_organization,non_profit_organization|association_or_organization|point_of_interest|establishment,0124 235 0790,https://lokkalyansamiti.org/,"Sahara Mall, Near, Mehrauli-Gurgaon Rd, Sector 28, Chakkarpur, Gurugram, Haryana 122001, India",4.3,462,OPERATIONAL,https://maps.google.com/?cid=13621886097662813793&g_mp=Cilnb29nbGUubWFwcy5wbGFjZXMudjEuUGxhY2VzLlNlYXJjaE5lYXJieRACGAQgAA,ChIJAQAAcNgYDTkRYSYG5jupCr0
Geeta Cargo Packers And Movers,transportation_service,transportation_service|point_of_interest|establishment,092667 40022,,"Shop No.32, Mehrauli-Gurgaon Rd, Sector 28, DLF Phase 1, Gurugram, Haryana 122002, India",5,2,OPERATIONAL,https://maps.google.com/?cid=10700639624037740808&g_mp=Cilnb29nbGUubWFwcy5wbGFjZXMudjEuUGxhY2VzLlNlYXJjaE5lYXJieRACGAQgAA,ChIJFx-i0i0ZDTkRCDE9LAtPgJQ
Studio Crypt,service,point_of_interest|service|establishment,020 1978 8346,http://studiocrypt.com/,"A 35, 2, GF, Golf Course Rd, Sector 28, DLF Phase 1, Gurugram, Haryana 122002, India",3.7,3,CLOSED_TEMPORARILY,https://maps.google.com/?cid=17314653941307602237&g_mp=Cilnb29nbGUubWFwcy5wbGFjZXMudjEuUGxhY2VzLlNlYXJjaE5lYXJieRACGAQgAA,ChIJMf2q9SMZDTkRPfV0zAUCSvA
Taneja Sons,clothing_store,clothing_store|store|point_of_interest|establishment,0124 410 1919,,"Mehrauli-Gurgaon Rd, A Block, Ghatta Kanarpur, Gurugram, Haryana 122002, India",,,CLOSED_TEMPORARILY,https://maps.google.com/?cid=15449684434477744543&g_mp=Cilnb29nbGUubWFwcy5wbGFjZXMudjEuUGxhY2VzLlNlYXJjaE5lYXJieRACGAQgAA,ChIJi_790yUZDTkRn4HtICNOaNY
The Recruiters,service,point_of_interest|service|establishment,0124 414 2010,https://www.therecruiters.net/,"SF-10, MGF Mega City Mall, Mehrauli-Gurgaon Rd, Sector 28, DLF Phase 1, Gurugram, Haryana 122002, India",4.7,57,OPERATIONAL,https://maps.google.com/?cid=7601018883878720591&g_mp=Cilnb29nbGUubWFwcy5wbGFjZXMudjEuUGxhY2VzLlNlYXJjaE5lYXJieRACGAQgAA,ChIJD7X62CUZDTkRT5SgKGc-fGk
Stone Wood Sales Corporation,furniture_store,furniture_store|home_improvement_store|home_goods_store|store|point_of_interest|service|establishment,0124 427 7829,,"Shop No. 11, SF-11, Second Floor, MGF Mega City Mall, Metro Station, Mehrauli-Gurgaon Rd, near Sikanderpur, Saraswati Vihar, DLF Phase 1, Gurugram, Haryana 122002, India",,,CLOSED_TEMPORARILY,https://maps.google.com/?cid=16967283483521657642&g_mp=Cilnb29nbGUubWFwcy5wbGFjZXMudjEuUGxhY2VzLlNlYXJjaE5lYXJieRACGAQgAA,ChIJZ3_ywiUZDTkRKiuphm7md-s
Alcor Spa,spa,spa|massage|point_of_interest|service|establishment,0124 421 9908,https://alcorspa.in/,"Shop 22 - 24, First Floor Shop 22 - 24, MGF Mega City Mall, Mehrauli-Gurgaon Rd, Sector 28, DLF Phase 1, Gurugram, Haryana 122002, India",4.7,232,OPERATIONAL,https://maps.google.com/?cid=17168614567592417665&g_mp=Cilnb29nbGUubWFwcy5wbGFjZXMudjEuUGxhY2VzLlNlYXJjaE5lYXJieRACGAQgAA,ChIJa1hJzGoZDTkRgVnxavwrQ-4
Labana World Travel Pvt. Ltd.,travel_agency,travel_agency|tour_agency|point_of_interest|service|establishment,0124 492 8686,,"F3HQ+QPG, Mehrauli-Gurgaon Rd, A Block, DLF Phase 1, Gurugram, Haryana 122002, India",5,4,CLOSED_TEMPORARILY,https://maps.google.com/?cid=16931731951567111157&g_mp=Cilnb29nbGUubWFwcy5wbGFjZXMudjEuUGxhY2VzLlNlYXJjaE5lYXJieRACGAQgAA,ChIJDcZloCMZDTkR9QNKdYCY-eo
Bello Jewels,jewelry_store,jewelry_store|astrologer|store|point_of_interest|service|establishment,095551 49149,,"3/1/1/16, Mehrauli-Gurgaon Rd, Sector 28, DLF Phase IV, Gurugram, Haryana 122002, India",3.7,33,CLOSED_TEMPORARILY,https://maps.google.com/?cid=8771488407883464694&g_mp=Cilnb29nbGUubWFwcy5wbGFjZXMudjEuUGxhY2VzLlNlYXJjaE5lYXJieRACGAQgAA,ChIJXZlhFC8ZDTkR9r9ZzzuWunk
Eventss Abode,,point_of_interest|service|establishment,098182 15234,https://www.eventsabode.com/,"A 35/29, Sector 28, DLF Phase 1, Gurugram, Haryana 122002, India",4.9,13,OPERATIONAL,https://maps.google.com/?cid=453597042207751576&g_mp=Cilnb29nbGUubWFwcy5wbGFjZXMudjEuUGxhY2VzLlNlYXJjaE5lYXJieRACGAQgAA,ChIJV1VVVToZDTkRmP31SxuASwY
Axiom Landbase Pvt Ltd,real_estate_agency,real_estate_agency|consultant|service|point_of_interest|establishment,099993 44441,http://www.axiomlandbase.in/,"Shop No.143 First Floor, Edmonton Mall The Bristol Hotel, Sector 28, DLF Phase 1, Gurugram, Haryana 122002, India",4.2,137,OPERATIONAL,https://maps.google.com/?cid=11285572292608360673&g_mp=Cilnb29nbGUubWFwcy5wbGFjZXMudjEuUGxhY2VzLlNlYXJjaE5lYXJieRACGAQgAA,ChIJVR8IGiQZDTkR4YDp4zRonpw
Axiom Plus Services,consultant,real_estate_agency|consultant|service|point_of_interest|establishment,087500 00878,https://www.axiomplusservices.in/,"112, First Floor, Edmonton Mall, The Bristol Hotel, Sector 28, DLF Phase 1, Gurugram, Haryana 122002, India",5,3,OPERATIONAL,https://maps.google.com/?cid=4879412319093770486&g_mp=Cilnb29nbGUubWFwcy5wbGFjZXMudjEuUGxhY2VzLlNlYXJjaE5lYXJieRACGAQgAA,ChIJyyIjsyEZDTkR9sg_6KYnt0M
Eduvisors,consultant,consultant|service|point_of_interest|establishment,098117 99162,http://eduvisors.com/,"6, Edmonton Mall, The Bristol Hotel, Sector 28, DLF Phase 1, Gurugram, Haryana 122002, India",1,1,OPERATIONAL,https://maps.google.com/?cid=15447077892598280331&g_mp=Cilnb29nbGUubWFwcy5wbGFjZXMudjEuUGxhY2VzLlNlYXJjaE5lYXJieRACGAQgAA,ChIJX1KGNuoZDTkRizAcToALX9Y
Palmyra,buffet_restaurant,buffet_restaurant|breakfast_restaurant|restaurant|food|point_of_interest|establishment,0124 435 1111,http://thebristolhotel.com/,"""The Bristol Hotel "", F3HR+MMH, NH 236, Saraswati Vihar, DLF Phase 1, Sector 26, Gurugram, Haryana 122002, India",4.1,112,OPERATIONAL,https://maps.google.com/?cid=8412386215605762483&g_mp=Cilnb29nbGUubWFwcy5wbGFjZXMudjEuUGxhY2VzLlNlYXJjaE5lYXJieRACGAQgAA,ChIJ____P1wZDTkRs_mSPrHMvnQ
Palm Floors,corporate_office,corporate_office|point_of_interest|establishment,0124 410 2698,https://www.palmfloors.com/,"#138, Ist Floor, Edmonton Mall, Hotel Bristol, Sector 28, DLF Phase 1, Gurugram, Haryana 122002, India",5,7,OPERATIONAL,https://maps.google.com/?cid=1115452870125044398&g_mp=Cilnb29nbGUubWFwcy5wbGFjZXMudjEuUGxhY2VzLlNlYXJjaE5lYXJieRACGAQgAA,ChIJPf0xsygZDTkRrkJ-t3nieg8
"MyRaasta - RN Sports - Car Service Center on Golf Course Road, Gurugram",car_repair,car_repair|service|point_of_interest|establishment,096820 08200,https://workshop.myraasta.in/myraasta-rn-sports-car-service-center-on-golf-course-road-gurugram-car-service-station-golf-course-road-gurugram-335005/Home,"54, Golf Course Rd, near Rapid Metro Station Dlf Phase 2, Sector 28, DLF Phase 1, Gurugram, Haryana 122002, India",,,OPERATIONAL,https://maps.google.com/?cid=918864420986187301&g_mp=Cilnb29nbGUubWFwcy5wbGFjZXMudjEuUGxhY2VzLlNlYXJjaE5lYXJieRACGAQgAA,ChIJN2Zhd94ZDTkRJW6gkVJ2wAw
Dipak Electricals And Rrepairing Shop,hardware_store,hardware_store|building_materials_store|store|service|point_of_interest|establishment,080057 95953,,"Shop Number - 1, 79, Sikenderpur Sikenderpur, Sector 28, DLF Phase 1, Sector 17, Gurugram, Haryana 122002, India",3,2,OPERATIONAL,https://maps.google.com/?cid=7817322060872303096&g_mp=Cilnb29nbGUubWFwcy5wbGFjZXMudjEuUGxhY2VzLlNlYXJjaE5lYXJieRACGAQgAA,ChIJgSbN2PEZDTkR-EEeFf-0fGw
Money Studio,consultant,finance|consultant|service|point_of_interest|establishment,098914 88201,https://moneystudio.in/,"Suite no 9 Ground Floor, Edmonton Mall, The Bristol Hotel, Mehrauli-Gurgaon Rd, Sector 28, DLF Phase 1, Gurugram, Haryana 122002, India",5,11,OPERATIONAL,https://maps.google.com/?cid=3920792685204127355&g_mp=Cilnb29nbGUubWFwcy5wbGFjZXMudjEuUGxhY2VzLlNlYXJjaE5lYXJieRACGAQgAA,ChIJnx89ZpIZDTkRe76Khyx0aTY
Meesra,service,service|point_of_interest|establishment,072104 99455,https://www.meesra.in/?utm_source=google&utm_medium=wix_google_business_profile&utm_campaign=1623651962380560511,"Office Number 27, The Bristol Hotel, Sikanderpur, DLF Phase 1, Gurugram, Haryana 122002, India",5,18,CLOSED_TEMPORARILY,https://maps.google.com/?cid=11391063803655773310&g_mp=Cilnb29nbGUubWFwcy5wbGFjZXMudjEuUGxhY2VzLlNlYXJjaE5lYXJieRACGAQgAA,ChIJaQFgYxUZDTkRfly2Ti0wFZ4
Rudra Law Firm,consultant,lawyer|consultant|service|point_of_interest|establishment,098100 84594,http://www.rudralawfirm.com/,"118, 1st Floor, Edmonton Mall, Hotel Bristol, Bristol Chowk, Mehrauli-Gurgaon Rd, Sector 28, DLF Phase 1, Gurugram, Haryana 122002, India",4,37,OPERATIONAL,https://maps.google.com/?cid=17245909918720374764&g_mp=Cilnb29nbGUubWFwcy5wbGFjZXMudjEuUGxhY2VzLlNlYXJjaE5lYXJieRACGAQgAA,ChIJRVXjc_IZDTkR7Le2xbLHVe8
Davar Realtors & Infrastructure Pvt. Ltd.,service,real_estate_agency|finance|general_contractor|service|point_of_interest|establishment,098913 46999,http://www.davarrealtors.com/,"Shop No 37, Ground Floor,, Hotel Bristol, M G Road, Sector 28, DLF Phase 1, Gurugram, Haryana 122002, India",5,11,OPERATIONAL,https://maps.google.com/?cid=8885387111641181804&g_mp=Cilnb29nbGUubWFwcy5wbGFjZXMudjEuUGxhY2VzLlNlYXJjaE5lYXJieRACGAQgAA,ChIJVVVVVVUWDTkRbO40UYA8T3s
Digital Alchemist | Marketing Agency,service,service|point_of_interest|establishment,093559 99920,https://www.digitalalchemist.co.in/,"110A, The Bristol Hotel, Edmonton Commercial Mall, Sector 28, DLF Phase 1, Gurugram, Haryana 122002, India",5,3,OPERATIONAL,https://maps.google.com/?cid=18303594868146185637&g_mp=Cilnb29nbGUubWFwcy5wbGFjZXMudjEuUGxhY2VzLlNlYXJjaE5lYXJieRACGAQgAA,ChIJx26q_N0ZDTkRpSWEVI5uA_4
Arrow Powertech Private Limited | UPS and Battery Manufacturer & Service Provider,supplier,wholesaler|supplier|manufacturer|service|point_of_interest|establishment,099090 07070,https://www.arrowpowertech.com/,"35, Ground Floor, Edmonton Mall Complex, The Bristol Hotel, Sector 28, DLF Phase 1, Gurugram, Haryana 122002, India",5,1,OPERATIONAL,https://maps.google.com/?cid=6962636628222002333&g_mp=Cilnb29nbGUubWFwcy5wbGFjZXMudjEuUGxhY2VzLlNlYXJjaE5lYXJieRACGAQgAA,ChIJKU_Jj9gZDTkRncRLrR9BoGA
Motif Advisors Pvt. Ltd.,finance,finance|point_of_interest|establishment,0124 423 5991,https://www.motifpeople.in/,"119-120 First floor, Edmonton Shopping Mall, The Bristol Hotel, Sector 28, DLF Phase 1, Gurugram, Haryana 122002, India",5,1,OPERATIONAL,https://maps.google.com/?cid=1858770451245969550&g_mp=Cilnb29nbGUubWFwcy5wbGFjZXMudjEuUGxhY2VzLlNlYXJjaE5lYXJieRACGAQgAA,ChIJZ86zJDEYDTkRjjCCkeCtyxk
Hotel Amisa,hotel,hotel|lodging|point_of_interest|establishment,075686 66455,,"34, Plot number 17, Late, Amisa, Block H, DLF Phase 1, Sector 26, Gurugram, Haryana 122002, India",2,1,OPERATIONAL,https://maps.google.com/?cid=7067385528845621227&g_mp=Cilnb29nbGUubWFwcy5wbGFjZXMudjEuUGxhY2VzLlNlYXJjaE5lYXJieRACGAQgAA,ChIJ4d1HrtEeDTkR61eUobFlFGI
Dr Khoslas,dentist,dentist|health|point_of_interest|establishment,096678 07776,http://www.newdelhidentalclinic.com/,"H-35/20, Block H, DLF Phase 1, Sector 26, Gurugram, Haryana 122002, India",4.8,108,OPERATIONAL,https://maps.google.com/?cid=11868766086758845994&g_mp=Cilnb29nbGUubWFwcy5wbGFjZXMudjEuUGxhY2VzLlNlYXJjaE5lYXJieRACGAQgAA,ChIJOUxa5hkZDTkRKs52W99TtqQ
JASRA FACILITY SERVICES PVT LTD,service,point_of_interest|service|establishment,099998 81131,,"13, H-35 Rd, Block H, DLF Phase 1, Sector 26, Gurugram, Haryana 122002, India",5,1,OPERATIONAL,https://maps.google.com/?cid=11505501731717793674&g_mp=Cilnb29nbGUubWFwcy5wbGFjZXMudjEuUGxhY2VzLlNlYXJjaE5lYXJieRACGAQgAA,ChIJ1yTU6NIYDTkRikeuwd3Aq58
Manoj Negi Vfx,service,point_of_interest|service|establishment,099582 99729,https://manoj-negi-vfx.grexa.site/,"Block H, DLF Phase 1, Sector 26, Gurugram, Haryana 122002, India",4.9,23,OPERATIONAL,https://maps.google.com/?cid=3491880123761088735&g_mp=Cilnb29nbGUubWFwcy5wbGFjZXMudjEuUGxhY2VzLlNlYXJjaE5lYXJieRACGAQgAA,ChIJJ2UHSSkZDTkR39gGx3imdTA
Epoch Elder Care - Vermeer,health,doctor|association_or_organization|health|point_of_interest|service|establishment,079961 82777,https://www.epocheldercare.com/our-homes/delhi-ncr,"H - 34/16, Block H, DLF Phase 1, Sector 26, Gurugram, Haryana 122002, India",4.2,45,OPERATIONAL,https://maps.google.com/?cid=292474202540318235&g_mp=Cilnb29nbGUubWFwcy5wbGFjZXMudjEuUGxhY2VzLlNlYXJjaE5lYXJieRACGAQgAA,ChIJvXGSdF8ZDTkRG55h1LwTDwQ
Double Tree Resorts and Holidays,tour_agency,tour_agency|resort_hotel|hotel|travel_agency|lodging|point_of_interest|service|establishment,073039 44472,https://www.doubletreeresortsandholidays.com/,"4th Floor, Vashisth Complex, 427, sikanderpur, Sector 28, DLF Phase 1, Sector 26, Gurugram, Haryana 122002, India",4.6,47,OPERATIONAL,https://maps.google.com/?cid=6171341754056815722&g_mp=Cilnb29nbGUubWFwcy5wbGFjZXMudjEuUGxhY2VzLlNlYXJjaE5lYXJieRACGAQgAA,ChIJl2RF484fDTkRarQXzqACpVU
Tavisha Villa Golf Course Road MG road Gurgaon,guest_house,guest_house|extended_stay_hotel|hotel|lodging|point_of_interest|establishment,099993 93158,http://www.tavishahotels.com/,"18, H-34 Rd, Block H, DLF Phase 1, Sector 26, Gurugram, Haryana 122002, India",4,543,OPERATIONAL,https://maps.google.com/?cid=17582597063564712555&g_mp=Cilnb29nbGUubWFwcy5wbGFjZXMudjEuUGxhY2VzLlNlYXJjaE5lYXJieRACGAQgAA,ChIJh7ypMCkZDTkRa9qZat_uAfQ
"H-35/11, DLF Phase - I",housing_complex,housing_complex|point_of_interest|service|establishment,,,"11, Rd No, H-35 Rd, Block H, DLF Phase 1, Sector 26, Gurugram, Haryana 122002, India",5,1,OPERATIONAL,https://maps.google.com/?cid=14645561360999623084&g_mp=Cilnb29nbGUubWFwcy5wbGFjZXMudjEuUGxhY2VzLlNlYXJjaE5lYXJieRACGAQgAA,ChIJNURGQgAZDTkRrKmRWnZ8P8s
priti gupta,jewelry_store,jewelry_store|store|point_of_interest|establishment,098736 27591,,"Preeti Gupta Old Delhi, near Chawri metro, Block H, DLF Phase 1, Sector 26, Gurugram, Haryana 122002, India",1,1,OPERATIONAL,https://maps.google.com/?cid=12387171771920546894&g_mp=Cilnb29nbGUubWFwcy5wbGFjZXMudjEuUGxhY2VzLlNlYXJjaE5lYXJieRACGAQgAA,ChIJu5ZgwIIZDTkRTvwRtRgT6Ks
VEDAROMA,health,health|point_of_interest|establishment,099581 32684,,"H33/18, Block H, DLF Phase 1, Sector 26, Gurugram, Haryana 122002, India",,,OPERATIONAL,https://maps.google.com/?cid=13519289141011122770&g_mp=Cilnb29nbGUubWFwcy5wbGFjZXMudjEuUGxhY2VzLlNlYXJjaE5lYXJieRACGAQgAA,ChIJ21o5_e0ZDTkRUorDcdgpnrs
Nisha Kumari,general_store,general_store|food_store|store|food|point_of_interest|establishment,099580 88007,,"shop no 2Sikandarpur, near by Shiv Mandir Marg, Block H, DLF Phase 1, Sector 26, Gurugram, Haryana 122002, India",5,2,OPERATIONAL,https://maps.google.com/?cid=11961938295323280912&g_mp=Cilnb29nbGUubWFwcy5wbGFjZXMudjEuUGxhY2VzLlNlYXJjaE5lYXJieRACGAQgAA,ChIJE28kWt4ZDTkREMbipYBXAaY
Umrao. Bhawan,hotel,hotel|lodging|point_of_interest|establishment,098733 37157,,"2113, H-33 Rd, Block H, DLF Phase 1, Sector 26, Gurugram, Haryana 122002, India",4.3,3,OPERATIONAL,https://maps.google.com/?cid=15164954224920093037&g_mp=Cilnb29nbGUubWFwcy5wbGFjZXMudjEuUGxhY2VzLlNlYXJjaE5lYXJieRACGAQgAA,ChIJrSZwMaMZDTkRbeFrK4W9dNI
Noblestone Realtors,real_estate_agency,real_estate_agency|point_of_interest|service|establishment,097607 31119,https://noblestonerealtors.com/,"20, H-33 Rd, Block H, DLF Phase 1, Sector 26, Gurugram, Haryana 122002, India",5,20,OPERATIONAL,https://maps.google.com/?cid=14374969178202885468&g_mp=Cilnb29nbGUubWFwcy5wbGFjZXMudjEuUGxhY2VzLlNlYXJjaE5lYXJieRACGAQgAA,ChIJfYuFQzwZDTkRXM34Q04mfsc
Loop Charging Station,electric_vehicle_charging_station,electric_vehicle_charging_station|transportation_service|point_of_interest|establishment,088602 12258,https://loopglobal.com/,"H8, 3, Block H, DLF Phase 1, Sector 26, Gurugram, Haryana 122002, India",,,OPERATIONAL,https://maps.google.com/?cid=14479635333292473340&g_mp=Cilnb29nbGUubWFwcy5wbGFjZXMudjEuUGxhY2VzLlNlYXJjaE5lYXJieRACGAQgAA,ChIJqxuS7CsZDTkR_LsXhp7_8cg
Merazuddin Taxi Wale,taxi_service,taxi_service|transportation_service|point_of_interest|service|establishment,099689 96503,,"Shop No 0, 3, Block H, DLF Phase 2, Sector 26, Gurugram, Haryana 122002, India",5,1,OPERATIONAL,https://maps.google.com/?cid=4912774659885236224&g_mp=Cilnb29nbGUubWFwcy5wbGFjZXMudjEuUGxhY2VzLlNlYXJjaE5lYXJieRACGAQgAA,ChIJq3GS7CsZDTkRAAAAMIauLUQ
Jio Internet Service Provider in Delhi NCR,service,point_of_interest|service|establishment,072178 88787,http://www.jio.com/,"House, Building No-4, Reliance Jio 3, Block H, DLF Phase 1, Sector 26, Gurugram, Haryana 122002, India",4.4,13,OPERATIONAL,https://maps.google.com/?cid=17353186978589067654&g_mp=Cilnb29nbGUubWFwcy5wbGFjZXMudjEuUGxhY2VzLlNlYXJjaE5lYXJieRACGAQgAA,ChIJjdTRq0IZDTkRhkm8q53n0vA
OYO SD Royal Inn,hotel,hotel|guest_house|cottage|inn|motel|lodging|point_of_interest|service|establishment,0124 620 1166,https://www.oyorooms.com/14629,"Plot No.G, 319, near Silver Oaks, Block H, DLF Phase 1, Sector 26, Gurugram, Haryana 122002, India",3.7,67,OPERATIONAL,https://maps.google.com/?cid=15868952599579324672&g_mp=Cilnb29nbGUubWFwcy5wbGFjZXMudjEuUGxhY2VzLlNlYXJjaE5lYXJieRACGAQgAA,ChIJl1zEnSofDTkRAPFv30_YOdw
Zinglife by Manju,consultant,consultant|health|point_of_interest|service|establishment,098717 09499,,"U 23/7 Ground Floor Pink Town Houses, Block H, DLF Phase 3, Sector 26, Gurugram, Haryana 122002, India",5,10,OPERATIONAL,https://maps.google.com/?cid=13853452544671372718&g_mp=Cilnb29nbGUubWFwcy5wbGFjZXMudjEuUGxhY2VzLlNlYXJjaE5lYXJieRACGAQgAA,ChIJl5Gc_HsZDTkRrlXezbBZQcA
Kazin Dmc private limited,tour_agency,tour_agency|travel_agency|point_of_interest|service|establishment,0124 420 0130,https://kazindmc.com/,"A10, 3, Block H, DLF Phase 1, Sector 26, Gurugram, Haryana 122002, India",4.8,6,OPERATIONAL,https://maps.google.com/?cid=5760899860289426892&g_mp=Cilnb29nbGUubWFwcy5wbGFjZXMudjEuUGxhY2VzLlNlYXJjaE5lYXJieRACGAQgAA,ChIJy4-dLWIZDTkRzBUmf-bT8k8
Mithlesh yadav Electrician,service,point_of_interest|service|establishment,095078 97178,https://call.whatsapp.com/video/3U7chpqauL3nvZKtQPutKJ,"2/73, Block H, Virendra Gram, Sector 26, Gurugram, Haryana 122002, India",5,7,OPERATIONAL,https://maps.google.com/?cid=13955571205370321506&g_mp=Cilnb29nbGUubWFwcy5wbGFjZXMudjEuUGxhY2VzLlNlYXJjaE5lYXJieRACGAQgAA,ChIJj0gShWIZDTkRYprETRImrME
Digital Tykoon,service,point_of_interest|service|establishment,078569 95371,https://www.digitaltykoon.com/,"2/76, Block H, Sikanderpur, Sector 26, Gurugram, Haryana 122002, India",5,7,OPERATIONAL,https://maps.google.com/?cid=4884946799511096793&g_mp=Cilnb29nbGUubWFwcy5wbGFjZXMudjEuUGxhY2VzLlNlYXJjaE5lYXJieRACGAQgAA,ChIJdZx5Gm8ZDTkR2U2KizvRykM
HRmc Party Organiser Any Time Party,service,point_of_interest|service|establishment,097167 42144,http://www.facebook.com/rmcpartyorganiser,"Block H, DLF Phase 1, Sector 26, Gurugram, Haryana 122002, India",5,8,OPERATIONAL,https://maps.google.com/?cid=12865407499917246118&g_mp=Cilnb29nbGUubWFwcy5wbGFjZXMudjEuUGxhY2VzLlNlYXJjaE5lYXJieRACGAQgAA,ChIJ____P9QeDTkRpr42E_Ubi7I
Navratan Lohiya store,general_store,general_store|food_store|store|food|point_of_interest|establishment,098104 37101,,"2/77, Block H, Virendra Gram, Sector 26, Gurugram, Haryana 122002, India",2.7,3,OPERATIONAL,https://maps.google.com/?cid=12479724508259682985&g_mp=Cilnb29nbGUubWFwcy5wbGFjZXMudjEuUGxhY2VzLlNlYXJjaE5lYXJieRACGAQgAA,ChIJF9vioVUZDTkRqQqO4VHjMK0
Jai Ambe General Store,general_store,general_store|food_store|store|food|point_of_interest|establishment,097175 28472,,"G6588, Viridh Ashram Marg, Block H, DLF Phase 1, Sector 26, Gurugram, Sikanderpur, Haryana 122002, India",,,OPERATIONAL,https://maps.google.com/?cid=7933649304986764588&g_mp=Cilnb29nbGUubWFwcy5wbGFjZXMudjEuUGxhY2VzLlNlYXJjaE5lYXJieRACGAQgAA,ChIJbxtmVCsZDTkRLMVCNAL8GW4
Global Lab,service,point_of_interest|service|establishment,081694 31450,http://www.globallab.co.in/,"Rao Dataram Complex Shop No 2 Shagoon Homes, H-36/23, H Block, Rapid Metro Station, near Sikanderpur, Sikanderpur, DLF City Phase 1, Sector 26, Gurugram, Haryana 122002, India",5,2,OPERATIONAL,https://maps.google.com/?cid=5497788114027818271&g_mp=Cilnb29nbGUubWFwcy5wbGFjZXMudjEuUGxhY2VzLlNlYXJjaE5lYXJieRACGAQgAA,ChIJix4FXmwZDTkRHy3-QikRTEw
Sanjna Beauty Parlour,cosmetics_store,cosmetics_store|store|point_of_interest|establishment,081785 75097,,"near Shiv Mandir, Sikanderpur, Sector 26, Kherki Majra, Gurugram, Haryana 122002, India",,,CLOSED_TEMPORARILY,https://maps.google.com/?cid=13833186792793052554&g_mp=Cilnb29nbGUubWFwcy5wbGFjZXMudjEuUGxhY2VzLlNlYXJjaE5lYXJieRACGAQgAA,ChIJp1YgESUfDTkRihUOwBha-b8
Purple Inn,inn,inn|lodging|point_of_interest|establishment,080889 88711,,"F4H4+44X, Sikanderpur, Sector 26, Gurugram, Haryana 122002, India",,,CLOSED_TEMPORARILY,https://maps.google.com/?cid=14773817620757531565&g_mp=Cilnb29nbGUubWFwcy5wbGFjZXMudjEuUGxhY2VzLlNlYXJjaE5lYXJieRACGAQgAA,ChIJwwCuQF56rzsRrcuo3dkkB80
HISPL,corporate_office,corporate_office|point_of_interest|establishment,12440511918,http://www.hispl.net/,"H 36/18, Sikanderpur, DLF Phase 1, Sector 26, Gurugram, Haryana 122002, India",4,2,OPERATIONAL,https://maps.google.com/?cid=11840248387483115280&g_mp=Cilnb29nbGUubWFwcy5wbGFjZXMudjEuUGxhY2VzLlNlYXJjaE5lYXJieRACGAQgAA,ChIJAQAAANUeDTkREJ9SFC0DUaQ
IDP Education - Best Study Abroad Consultants in Gurgaon,consultant,consultant|health|educational_institution|service|point_of_interest|establishment,0124 441 1888,https://www.idp.com/india/study-abroad-consultants/gurgaon/?utm_source=local&utm_medium=organic&utm_campaign=gmb&utm_term=plcid_13307715636369651287,"5th - 7th Floor, TOWER-B, Global Gateway Towers, 210, Mehrauli-Gurgaon Rd, near Guru Dronacharya Metro Station, Sikanderpur, Sector 26, Sikanderpur Ghosi, Gurugram, Haryana 122002, India",4.9,1543,OPERATIONAL,https://maps.google.com/?cid=10827168241695339257&g_mp=Cilnb29nbGUubWFwcy5wbGFjZXMudjEuUGxhY2VzLlNlYXJjaE5lYXJieRACGAQgAA,ChIJC1-ph-0YDTkR-TKkqSbUQZY
Dhanuka Agritech Limited,manufacturer,manufacturer|corporate_office|point_of_interest|establishment,0124 434 5000,http://www.dhanuka.com/,"Global Gateway Towers, Mehrauli-Gurgaon Rd, near Guru Dronacharya Metro Station, Sikanderpur, Sector 26, Gurugram, Haryana 122002, India",4.6,46,OPERATIONAL,https://maps.google.com/?cid=12798572695002008659&g_mp=Cilnb29nbGUubWFwcy5wbGFjZXMudjEuUGxhY2VzLlNlYXJjaE5lYXJieRACGAQgAA,ChIJVVVVVVUWDTkRU8ybbQ6qnbE
Brain Discovery: Pre-School & Day Care,child_care_agency,preschool|primary_school|child_care_agency|school|educational_institution|service|point_of_interest|establishment,099900 30811,,"F4G3+X75, H-11 Rd, Block H, DLF Phase 1, Sector 26, Gurugram, Haryana 122002, India",5,1,OPERATIONAL,https://maps.google.com/?cid=13935457647112014663&g_mp=Cilnb29nbGUubWFwcy5wbGFjZXMudjEuUGxhY2VzLlNlYXJjaE5lYXJieRACGAQgAA,ChIJC278Aa0fDTkRR8ucluWwZME
We Love Pet Shop,pet_store,pet_store|store|point_of_interest|establishment,084139 42861,https://www.welovepetshop.co.in/,"Sikanderpur, Sector 26, Gurugram, Haryana 122002, India",5,2,OPERATIONAL,https://maps.google.com/?cid=2282711855229548235&g_mp=Cilnb29nbGUubWFwcy5wbGFjZXMudjEuUGxhY2VzLlNlYXJjaE5lYXJieRACGAQgAA,ChIJj8tllL4fDTkRy7aHh1bSrR8
SkilZ AC Service AC Repair,service,service|point_of_interest|establishment,093116 53436,https://ac-service-center.com/skilz-ac-service/,"Shop no 11, Sikanderpur Rd, Sikanderpur, Sector 26, Gurugram, Haryana 122002, India",4.4,65,OPERATIONAL,https://maps.google.com/?cid=1138917932908047101&g_mp=Cilnb29nbGUubWFwcy5wbGFjZXMudjEuUGxhY2VzLlNlYXJjaE5lYXJieRACGAQgAA,ChIJo_jttGAfDTkR_WpOY9M_zg8
AJ GLASS And Aluminum Work,,point_of_interest|establishment,098119 15557,,"F4H4+QP7, Sikanderpur, Sector 26, Gurugram, Haryana 122002, India",5,1,OPERATIONAL,https://maps.google.com/?cid=11085779581138534162&g_mp=Cilnb29nbGUubWFwcy5wbGFjZXMudjEuUGxhY2VzLlNlYXJjaE5lYXJieRACGAQgAA,ChIJEbWDewAfDTkREn8KSMuZ2Jk
BS interior and carpenter contractor,manufacturer,manufacturer|point_of_interest|service|establishment,091055 32618,,"Sikandarpur metro station, Sikanderpur, Sector 26, Gurugram, Haryana 122002, India",5,2,OPERATIONAL,https://maps.google.com/?cid=9013385473581325357&g_mp=Cilnb29nbGUubWFwcy5wbGFjZXMudjEuUGxhY2VzLlNlYXJjaE5lYXJieRACGAQgAA,ChIJ4bFhQH8fDTkRLRx7UFX6FX0
Keshav Footwear,store,store|point_of_interest|establishment,083830 33169,,"V.K FOOTWEAR, SHOP NO 01, NUMBERDAR MARKET, opposite SABJI MANDI, near COMMUNITY CENTER, Sikanderpur, Sector 26, Sikanderpur Ghosi, Gurugram, Haryana 122002, India",5,1,CLOSED_TEMPORARILY,https://maps.google.com/?cid=5621620587744820658&g_mp=Cilnb29nbGUubWFwcy5wbGFjZXMudjEuUGxhY2VzLlNlYXJjaE5lYXJieRACGAQgAA,ChIJC-vtwEcZDTkRsn2N0iMCBE4
Wecure Medilife,drugstore,drugstore|store|health|point_of_interest|establishment,075299 17328,,"near Sarva Haryana Gramin Bank, Sikanderpur, Sector 26, Gurugram, Haryana 122002, India",,,CLOSED_TEMPORARILY,https://maps.google.com/?cid=2395325371718300194&g_mp=Cilnb29nbGUubWFwcy5wbGFjZXMudjEuUGxhY2VzLlNlYXJjaE5lYXJieRACGAQgAA,ChIJ-___P9QeDTkRIvK_DrznPSE
COURIER SERVICES,courier_service,courier_service|shipping_service|point_of_interest|service|establishment,0124 414 6859,,"SHOP NO 10, Dhaniram Complex, Sikanderpur, Sector 26, Gurugram, Haryana 122002, India",3,1,CLOSED_TEMPORARILY,https://maps.google.com/?cid=2054556853916364181&g_mp=Cilnb29nbGUubWFwcy5wbGFjZXMudjEuUGxhY2VzLlNlYXJjaE5lYXJieRACGAQgAA,ChIJEwwjLCwZDTkRlW2HuJJAgxw
Total Water Treatment,service,point_of_interest|service|establishment,098711 31422,,"Shop Number 46, First Floor, Rao Jagmal Complex, Sikanderpur, Sector 26, Gurugram, Haryana 122002, India",,,OPERATIONAL,https://maps.google.com/?cid=13552961408398502062&g_mp=Cilnb29nbGUubWFwcy5wbGFjZXMudjEuUGxhY2VzLlNlYXJjaE5lYXJieRACGAQgAA,ChIJ-___P9QeDTkRrqgrIpjKFbw
A Bath Collection,building_materials_store,building_materials_store|home_goods_store|store|point_of_interest|service|establishment,093104 36609,https://qliqo.in/A-Bath-Collection-,"Shop, no. 1, Rajendra Market, Sikanderpur, Sector 26, Gurugram, Haryana 122002, India",5,2,OPERATIONAL,https://maps.google.com/?cid=12112825922557478363&g_mp=Cilnb29nbGUubWFwcy5wbGFjZXMudjEuUGxhY2VzLlNlYXJjaE5lYXJieRACGAQgAA,ChIJ-___P9QeDTkR24UuBABnGag
Pearl Films,service,point_of_interest|service|establishment,096673 99989,,"Shop 308, Vashisht Complex, Sikanderpur, Sector 26, Gurugram, Haryana 122022, India",5,3,OPERATIONAL,https://maps.google.com/?cid=15858932716665063532&g_mp=Cilnb29nbGUubWFwcy5wbGFjZXMudjEuUGxhY2VzLlNlYXJjaE5lYXJieRACGAQgAA,ChIJa-Y-vegfDTkRbEikFUg_Ftw
"AJAY Electrician, Contactor",electrician,electrician|painter|plumber|furniture_store|home_improvement_store|home_goods_store|store|point_of_interest|service|establishment,099118 83957,,"Sikanderpur, Sector 76, Sector 26, Faridabad, Gurugram, Haryana 122002, India",5,7,OPERATIONAL,https://maps.google.com/?cid=17121226661151345794&g_mp=Cilnb29nbGUubWFwcy5wbGFjZXMudjEuUGxhY2VzLlNlYXJjaE5lYXJieRACGAQgAA,ChIJt4tc1Z4ZDTkRgozfqO_Qmu0
Suraj Paan Shop,store,store|point_of_interest|establishment,095994 72860,,"Dlf Phase 1 Suset Bulwera, Road, near Jio Tower, Arjan Garh, Aya Nagar, Gurugram, Haryana 122002, India",,,CLOSED_TEMPORARILY,https://maps.google.com/?cid=1391630567678806165&g_mp=Cilnb29nbGUubWFwcy5wbGFjZXMudjEuUGxhY2VzLlNlYXJjaE5lYXJieRACGAQgAA,ChIJ_ZbzAgkfDTkRlQgSzaAQUBM
Varun Marbles | Sikanderpur Marble Market,supplier,building_materials_store|supplier|general_contractor|home_goods_store|manufacturer|store|point_of_interest|service|establishment,098103 98802,https://varunmarbles.in/,"420, Metro Pillar Number 6, 33, Mehrauli-Gurgaon Rd, Arjan Garh, Aya Nagar, Gurugram, Haryana 122002, India",4.5,112,OPERATIONAL,https://maps.google.com/?cid=17816192954593145644&g_mp=Cilnb29nbGUubWFwcy5wbGFjZXMudjEuUGxhY2VzLlNlYXJjaE5lYXJieRACGAQgAA,ChIJVVVVVVUWDTkRLHNXFBnVP_c
Jogendra Singh (Marble & Granite Supplier),manufacturer,supplier|manufacturer|point_of_interest|establishment,098100 04145,,"Marble Market, near Aya Nagar, Arjan Garh, Aya Nagar, New Delhi, Gurugram, Delhi 110047, India",5,18,OPERATIONAL,https://maps.google.com/?cid=12155605757418106518&g_mp=Cilnb29nbGUubWFwcy5wbGFjZXMudjEuUGxhY2VzLlNlYXJjaE5lYXJieRACGAQgAA,ChIJASzC3LgfDTkRlm6ZgAhjsag
REVV IT AUTOSPORTS,car_dealer,car_dealer|store|point_of_interest|establishment,098992 97000,https://revvitautosports.com/,"542 GROUND FLOOR, Metro Station, 541, Mehrauli-Gurgaon Rd, near ARJAN GARH, Arjan Garh, Aya Nagar, New Delhi, Delhi 110047, India",,,OPERATIONAL,https://maps.google.com/?cid=15873994482343558713&g_mp=Cilnb29nbGUubWFwcy5wbGFjZXMudjEuUGxhY2VzLlNlYXJjaE5lYXJieRACGAQgAA,ChIJu8IjmQYfDTkROT6ZruDBS9w
Hanu light furniture,furniture_store,furniture_store|home_improvement_store|home_goods_store|store|point_of_interest|service|establishment,097372 60668,,"Metro Station Pillar No 189, Parking Area, Mehrauli-Gurgaon Rd, Arjan Garh, Aya Nagar, New Delhi, Delhi 110038, India",,,CLOSED_TEMPORARILY,https://maps.google.com/?cid=1559929649278133631&g_mp=Cilnb29nbGUubWFwcy5wbGFjZXMudjEuUGxhY2VzLlNlYXJjaE5lYXJieRACGAQgAA,ChIJnaQgXn8fDTkRf6XSS8D7pRU
Arjan Garh Post Office,post_office,post_office|shipping_service|association_or_organization|finance|government_office|service|point_of_interest|establishment,011 2650 2032,https://www.indiapost.gov.in/vas/Pages/IndiaPostHome.aspx,"F4HC+G23, Air Force Station Rd, Arjan Garh, Aya Nagar, New Delhi, Delhi 110047, India",2.9,68,OPERATIONAL,https://maps.google.com/?cid=4684707850159147554&g_mp=Cilnb29nbGUubWFwcy5wbGFjZXMudjEuUGxhY2VzLlNlYXJjaE5lYXJieRACGAQgAA,ChIJN502BFw8DTkRIko4FfhsA0E
Safal Mother Dairy,grocery_store,grocery_store|food_store|store|food|point_of_interest|establishment,0120 439 9619,https://www.motherdairy.com/,"Arjan Garh, Aya Nagar, New Delhi, Delhi 110047, India",4.1,290,OPERATIONAL,https://maps.google.com/?cid=15007171757918802126&g_mp=Cilnb29nbGUubWFwcy5wbGFjZXMudjEuUGxhY2VzLlNlYXJjaE5lYXJieRACGAQgAA,ChIJ02kZJdkeDTkRzlAG0jMvRNA
Tryclean - The Healthy Dry Cleaners & Laundry Service,laundry,laundry|service|point_of_interest|establishment,097111 13500,http://www.tryclean.in/,"Shop No 1, 203, Mehrauli-Gurgaon Rd, opposite Metro Pillar No, Arjan Garh, Aya Nagar, New Delhi, Delhi 110047, India",4.8,113,OPERATIONAL,https://maps.google.com/?cid=810753786930435955&g_mp=Cilnb29nbGUubWFwcy5wbGFjZXMudjEuUGxhY2VzLlNlYXJjaE5lYXJieRACGAQgAA,ChIJPSexSfMfDTkRc5dKDkZgQAs
Mohd. Iqbal Qureshi Mutton And Chicken Shop,butcher_shop,butcher_shop|food_store|store|food|manufacturer|service|point_of_interest|establishment,092139 22977,,"Urhfh, Abc, South Delhi NCR Region, F4HC+G88, Arjan Garh, Aya Nagar, New Delhi, Delhi 110047, India",5,1,OPERATIONAL,https://maps.google.com/?cid=12288277817042560594&g_mp=Cilnb29nbGUubWFwcy5wbGFjZXMudjEuUGxhY2VzLlNlYXJjaE5lYXJieRACGAQgAA,ChIJhRZ-JN8eDTkRUmYiipG7iKo
GKS ASSOCIATES Pest Control Services,service,service|point_of_interest|establishment,097598 82938,,"13, Arjan Garh, Aya Nagar, New Delhi, Delhi 110047, India",5,7,OPERATIONAL,https://maps.google.com/?cid=7741432911719297593&g_mp=Cilnb29nbGUubWFwcy5wbGFjZXMudjEuUGxhY2VzLlNlYXJjaE5lYXJieRACGAQgAA,ChIJhw1UL3EfDTkROfKLozcYb2s
Green Chick Chop,butcher_shop,butcher_shop|food_store|store|restaurant|food|manufacturer|service|point_of_interest|establishment,097173 33001,https://greenchickchopindia.com/,"Shop no 2,MG Road, 100m from Air Force Station, Arjan Garh, Aya Nagar, New Delhi, Delhi 110047, India",4,192,OPERATIONAL,https://maps.google.com/?cid=6788551894988555727&g_mp=Cilnb29nbGUubWFwcy5wbGFjZXMudjEuUGxhY2VzLlNlYXJjaE5lYXJieRACGAQgAA,ChIJeYOPEN8eDTkRzwUZMPvHNV4
SGR. Properties,real_estate_agency,real_estate_agency|service|point_of_interest|establishment,099101 18861,,"F4HC+FVV, Mehrauli-Gurgaon Rd, Arjan Garh, Aya Nagar, New Delhi, Delhi 110047, India",5,2,OPERATIONAL,https://maps.google.com/?cid=8565748567717683087&g_mp=Cilnb29nbGUubWFwcy5wbGFjZXMudjEuUGxhY2VzLlNlYXJjaE5lYXJieRACGAQgAA,ChIJDfpfD98eDTkRj58fZvCm33Y
Bachon Ka Crash,child_care_agency,child_care_agency|service|point_of_interest|establishment,099532 92678,,"155/A-1, Arjan Garh, Aya Nagar, New Delhi, Delhi 110047, India",,,OPERATIONAL,https://maps.google.com/?cid=15542209772385461362&g_mp=Cilnb29nbGUubWFwcy5wbGFjZXMudjEuUGxhY2VzLlNlYXJjaE5lYXJieRACGAQgAA,ChIJDfpfD98eDTkRcuSjG3EFsdc
GMB Expert in Arjan Garh,service,service|point_of_interest|establishment,085954 50922,,"Metro Station, Mehrauli-Gurgaon Rd, below Arjan Garh, Arjan Garh, Aya Nagar, New Delhi, Delhi 110085, India",4.5,2,OPERATIONAL,https://maps.google.com/?cid=12523631666331667457&g_mp=Cilnb29nbGUubWFwcy5wbGFjZXMudjEuUGxhY2VzLlNlYXJjaE5lYXJieRACGAQgAA,ChIJ8QbO69YfDTkRAUyIwaXgzK0
D'Decor Gurgaon,store,general_contractor|home_goods_store|store|point_of_interest|service|establishment,098107 56545,https://drapesy.com/d-decor/,"Shop No 1, Opp, Metro Pillar Number 191, Metro station, Arjan Garh, Aya Nagar, New Delhi, Delhi 110047, India",4.6,58,OPERATIONAL,https://maps.google.com/?cid=11611780101071846257&g_mp=Cilnb29nbGUubWFwcy5wbGFjZXMudjEuUGxhY2VzLlNlYXJjaE5lYXJieRACGAQgAA,ChIJPfbIKEMdDTkRcTtW5npUJaE
Drapesy,store,store|point_of_interest|service|establishment,098107 56545,http://www.drapesy.com/,"Pillar No. 191, Metro Station, Plot No. 9, Mehrauli-Gurgaon Rd, near Arjangarh, Arjan Garh, Aya Nagar, New Delhi, Delhi 110047, India",4.9,184,OPERATIONAL,https://maps.google.com/?cid=17115803667059886278&g_mp=Cilnb29nbGUubWFwcy5wbGFjZXMudjEuUGxhY2VzLlNlYXJjaE5lYXJieRACGAQgAA,ChIJw9aUNr4fDTkRxshudMCMh-0
Wicker Delight (Luxury Outdoor Furniture),furniture_store,furniture_store|home_improvement_store|home_goods_store|store|point_of_interest|service|establishment,099991 71862,http://wickerdelight.in/,"Metro Pillar 190, 191, Mehrauli-Gurgaon Rd, Arjan Garh, Aya Nagar, New Delhi, Delhi 110047, India",4.7,20,OPERATIONAL,https://maps.google.com/?cid=5243382442304097953&g_mp=Cilnb29nbGUubWFwcy5wbGFjZXMudjEuUGxhY2VzLlNlYXJjaE5lYXJieRACGAQgAA,ChIJqbeqFCcfDTkRoU4O94w8xEg
Pooja cane furnitures,furniture_store,furniture_store|home_improvement_store|home_goods_store|store|point_of_interest|service|establishment,070426 99130,,"Arjan garh, pillar -191, Mehrauli-Gurgaon Rd, Aya Nagar, metro, New Delhi, Delhi 110047, India",,,OPERATIONAL,https://maps.google.com/?cid=9766396010904334873&g_mp=Cilnb29nbGUubWFwcy5wbGFjZXMudjEuUGxhY2VzLlNlYXJjaE5lYXJieRACGAQgAA,ChIJe0297vwfDTkRGbK-ZW01iYc
Systems Healthy Food,consultant,consultant|health|point_of_interest|service|establishment,011 2551 7046,http://nevedole.com/,"Metro Station, Plot 999 Shop, 4, Mehrauli-Gurgaon Rd, next to Arjan Garh, Arjan Garh, Aya Nagar, New Delhi, Delhi 110047, India",,,OPERATIONAL,https://maps.google.com/?cid=2210785167272345890&g_mp=Cilnb29nbGUubWFwcy5wbGFjZXMudjEuUGxhY2VzLlNlYXJjaE5lYXJieRACGAQgAA,ChIJebWRNN4eDTkRIoH4eWVJrh4
Pain Rehab Healthcare,medical_clinic,medical_clinic|health|point_of_interest|establishment,080 4805 5457,,"4, Mehrauli-Gurgaon Rd, Arjan Garh, Aya Nagar, New Delhi, Delhi 110047, India",,,OPERATIONAL,https://maps.google.com/?cid=10353960775385061333&g_mp=Cilnb29nbGUubWFwcy5wbGFjZXMudjEuUGxhY2VzLlNlYXJjaE5lYXJieRACGAQgAA,ChIJc3WONN4eDTkR1Zcns3eosI8
WICKER CRAFT (luxury outdoor furniture),furniture_store,furniture_store|home_improvement_store|home_goods_store|store|point_of_interest|service|establishment,099993 38125,,"Opposite, Metro Pillar No 191, Metro Station, Arjan Garh, Aya Nagar, New Delhi, Delhi 110047, India",,,OPERATIONAL,https://maps.google.com/?cid=7887419193223806531&g_mp=Cilnb29nbGUubWFwcy5wbGFjZXMudjEuUGxhY2VzLlNlYXJjaE5lYXJieRACGAQgAA,ChIJYULJBDMfDTkRQ_6zhve9dW0
librarian,library,library|point_of_interest|service|establishment,098106 21708,,"Block B, IFFCO Colony, Sector 17, Gurugram, Haryana 122002, India",,,OPERATIONAL,https://maps.google.com/?cid=13090172428360952069&g_mp=Cilnb29nbGUubWFwcy5wbGFjZXMudjEuUGxhY2VzLlNlYXJjaE5lYXJieRACGAQgAA,ChIJZUDza9IZDTkRBSkRCXiiqbU
Cafe Coffee Day,cafe,cafe|food|point_of_interest|establishment,0124 327 6645,https://www.cafecoffeeday.com/store-locator/haryana/gurgaon/sector-17/inside-max-hospital-2,"F3J7+PQ2, Block B, IFFCO Colony, Sector 17, Gurugram, Haryana 122001, India",,,OPERATIONAL,https://maps.google.com/?cid=11202172577730569894&g_mp=Cilnb29nbGUubWFwcy5wbGFjZXMudjEuUGxhY2VzLlNlYXJjaE5lYXJieRACGAQgAA,ChIJS9P9jwUZDTkRpqZAmJscdps
Gateway2India Internal Auditor,accounting,accounting|finance|consultant|point_of_interest|service|establishment,098104 01608,http://gateway2india.net/,"934, Sector 17-B, Block B, IFFCO Colony, Annexe, Gurugram, Haryana 122015, India",3,2,OPERATIONAL,https://maps.google.com/?cid=5008302900078458596&g_mp=Cilnb29nbGUubWFwcy5wbGFjZXMudjEuUGxhY2VzLlNlYXJjaE5lYXJieRACGAQgAA,ChIJ8bqn4AQZDTkR5Da81vMQgUU
Thukral Hospital,hospital,hospital|atm|finance|health|point_of_interest|service|establishment,0124 234 1141,,"956, Sector 17-B, Gurgaon, Sector 17, 1010, Shaheed Ripon Katyal Marg, Sector 17-B, Block B, IFFCO Colony, Sector 17, Gurugram, Haryana 122015, India",3.4,65,OPERATIONAL,https://maps.google.com/?cid=17595900937457754672&g_mp=Cilnb29nbGUubWFwcy5wbGFjZXMudjEuUGxhY2VzLlNlYXJjaE5lYXJieRACGAQgAA,ChIJAQAAAAcZDTkRMOIh8KwyMfQ
THE KRAFTMAN,shopping_mall,shopping_mall|point_of_interest|establishment,098999 51086,,"951, Sector 17-B, Block B, IFFCO Colony, Sector 17, Gurugram, Haryana 122015, India",4.9,8,CLOSED_TEMPORARILY,https://maps.google.com/?cid=17754688541834415714&g_mp=Cilnb29nbGUubWFwcy5wbGFjZXMudjEuUGxhY2VzLlNlYXJjaE5lYXJieRACGAQgAA,ChIJYfBwzS4ZDTkRYg69ESlTZfY
BSNL PGMTD Gurgaon Office,telecommunications_service_provider,telecommunications_service_provider|point_of_interest|service|establishment,1800 345 1500,http://www.bsnl.co.in/,"Plot no. 81, Shaheed Ripon Katyal Marg, Sector 18, Gurugram, Haryana 122015, India",4.2,228,OPERATIONAL,https://maps.google.com/?cid=1742107487175255779&g_mp=Cilnb29nbGUubWFwcy5wbGFjZXMudjEuUGxhY2VzLlNlYXJjaE5lYXJieRACGAQgAA,ChIJC-jlvRoZDTkR4yahjYc1LRg
Bpm Realty,point_of_interest,point_of_interest|establishment,098111 52291,,"Sector 85, 86, Sector 17/18 Dividing Rd, Sector 86, Sector 18, Gurugram, Sarhol, Haryana 122015, India",,,OPERATIONAL,https://maps.google.com/?cid=11337827775284558947&g_mp=Cilnb29nbGUubWFwcy5wbGFjZXMudjEuUGxhY2VzLlNlYXJjaE5lYXJieRACGAQgAA,ChIJp1sVSAUZDTkRY7xkjkoOWJ0
FranklinCovey Training & Consulting LLP,consultant,consultant|point_of_interest|service|establishment,096500 13640,http://www.franklincoveysouthasia.com/,"Plot Number 1128, Sector 17-B, Block B, IFFCO Colony, Sector 17, Gurugram, Haryana 122001, India",4.2,46,OPERATIONAL,https://maps.google.com/?cid=14152323917317543325&g_mp=Cilnb29nbGUubWFwcy5wbGFjZXMudjEuUGxhY2VzLlNlYXJjaE5lYXJieRACGAQgAA,ChIJB0-j9A8ZDTkRnRX63Z4nZ8Q
Auto Cab,taxi_service,taxi_service|transportation_service|point_of_interest|service|establishment,097172 92901,,"Lic Office Road, Sarhaul, Sector 18, Gurugram, Haryana 122015, India",5,2,OPERATIONAL,https://maps.google.com/?cid=15437246262182461481&g_mp=Cilnb29nbGUubWFwcy5wbGFjZXMudjEuUGxhY2VzLlNlYXJjaE5lYXJieRACGAQgAA,ChIJLWdH7tAZDTkRKcCcd68dPNY
SBA Campus-2,,point_of_interest|establishment,092053 41658,,"79, Shaheed Ripon Katyal Marg, Sector 18, Gurugram, Haryana 122015, India",4.6,77,OPERATIONAL,https://maps.google.com/?cid=18065725429794128773&g_mp=Cilnb29nbGUubWFwcy5wbGFjZXMudjEuUGxhY2VzLlNlYXJjaE5lYXJieRACGAQgAA,ChIJPxRQWAUZDTkRhcOe5I9Ztvo
Amway Nutrilite Artistry Dealer Gurgaon DLF,consultant,cosmetics_store|health_food_store|consultant|food_store|wholesaler|store|health|food|point_of_interest|service|establishment,098183 00456,,"H.No.889, 1st Floor, CH Baktawar Singh Road, near IFFCO, Sector 17-B, Block B, Institutional Area, Sector 32, Gurugram, Haryana 122015, India",,,CLOSED_TEMPORARILY,https://maps.google.com/?cid=7551713620390253832&g_mp=Cilnb29nbGUubWFwcy5wbGFjZXMudjEuUGxhY2VzLlNlYXJjaE5lYXJieRACGAQgAA,ChIJbeo5GGoYDTkRCBXX7IYTzWg
ICICI BANK ATM,atm,atm|finance|point_of_interest|establishment,1800 1080,https://www.icicibank.com/,"ICICI Bank Atm , Jade Services Pvt Ltd, N ear, IFFCO CHOWK, Plot No 82 A, Sector 18, Gurugram, Haryana 122001, India",,,OPERATIONAL,https://maps.google.com/?cid=5742967506579234482&g_mp=Cilnb29nbGUubWFwcy5wbGFjZXMudjEuUGxhY2VzLlNlYXJjaE5lYXJieRACGAQgAA,ChIJmR06onsZDTkRsh5ECoUes08
Indian Oil Corporate Business Technology Center (CBTC),government_office,government_office|point_of_interest|establishment,0124 286 1100,,"Plot No. 83, Sector 17/18 Dividing Rd, Sector 18, Sarhol, Gurugram, Haryana 122015, India",4.5,149,OPERATIONAL,https://maps.google.com/?cid=14772777998016319124&g_mp=Cilnb29nbGUubWFwcy5wbGFjZXMudjEuUGxhY2VzLlNlYXJjaE5lYXJieRACGAQgAA,ChIJgxxglBoZDTkRlA541VFzA80
"COIS, IOCL",government_office,government_office|point_of_interest|establishment,,,"81/1, Sector 18, Sarhol, Gurugram, Haryana 122015, India",,,OPERATIONAL,https://maps.google.com/?cid=6751596137424576880&g_mp=Cilnb29nbGUubWFwcy5wbGFjZXMudjEuUGxhY2VzLlNlYXJjaE5lYXJieRACGAQgAA,ChIJs1awEwAZDTkRcGEXXup8sl0
Kotak Mahindra Bank,bank,bank|insurance_agency|finance|point_of_interest|service|establishment,1800 4100,https://www.kotak.bank.in/en/reach-us.html?utm_source=google&utm_medium=gmb,"Unit No. 8&9, “Sewa Corporate Park”, MG road, Revenue State Of, Tehsil, Sarhol, Gurugram, Haryana 122015, India",2.8,126,OPERATIONAL,https://maps.google.com/?cid=6164758965595230207&g_mp=Cilnb29nbGUubWFwcy5wbGFjZXMudjEuUGxhY2VzLlNlYXJjaE5lYXJieRACGAQgAA,ChIJK_MFDSIZDTkR_0817p2fjVU
The Food Corner,restaurant,restaurant|food|point_of_interest|establishment,099907 49508,,"Sector 18, Gurugram, Haryana 122015, India",3.3,3,OPERATIONAL,https://maps.google.com/?cid=8497682003740311337&g_mp=Cilnb29nbGUubWFwcy5wbGFjZXMudjEuUGxhY2VzLlNlYXJjaE5lYXJieRACGAQgAA,ChIJ4YUO0HwZDTkRKb8rf8LU7XU
BITHI,food_court,food_court|food|point_of_interest|establishment,083481 91937,,"Sector 18, Gurugram, Haryana 122015, India",,,CLOSED_TEMPORARILY,https://maps.google.com/?cid=10152054180956384353&g_mp=Cilnb29nbGUubWFwcy5wbGFjZXMudjEuUGxhY2VzLlNlYXJjaE5lYXJieRACGAQgAA,ChIJPYUghMoZDTkRYaxsXH1X44w
Indian Oil Gurugram Divisional Office,government_office,government_office|point_of_interest|establishment,0124 234 0313,https://locator.iocl.com/,"Plot No. 83, Institutional Area, Sector 18, Gurugram, Haryana 122015, India",4.2,119,OPERATIONAL,https://maps.google.com/?cid=6172795033486701239&g_mp=Cilnb29nbGUubWFwcy5wbGFjZXMudjEuUGxhY2VzLlNlYXJjaE5lYXJieRACGAQgAA,ChIJNcZLjRoZDTkRtzJFymAsqlU
Parvesh Kumar ......,fast_food_restaurant,fast_food_restaurant|restaurant|food|point_of_interest|establishment,097111 44075,,"11 Sarhaul Near Iffco Chauck, Sector 18, Gurugram, Haryana 122015, India",3.5,2,OPERATIONAL,https://maps.google.com/?cid=3770692373250680373&g_mp=Cilnb29nbGUubWFwcy5wbGFjZXMudjEuUGxhY2VzLlNlYXJjaE5lYXJieRACGAQgAA,ChIJCWAUtU4ZDTkRNabhSLwwVDQ
Tistabene Bilaspur,shopping_mall,shopping_mall|point_of_interest|establishment,073003 00100,https://www.tistabene.com/,"Highway King Bilaspur Manesar, F3JC+GXX, Jaipur - Delhi Expy, Sector 18, Bilaspur, Gurugram, Haryana 122015, India",2.3,3,CLOSED_TEMPORARILY,https://maps.google.com/?cid=12068267388342653583&g_mp=Cilnb29nbGUubWFwcy5wbGFjZXMudjEuUGxhY2VzLlNlYXJjaE5lYXJieRACGAQgAA,ChIJoY1c6MQZDTkRj1KY0D8Ze6c
Zen Ali key maker,locksmith,locksmith|point_of_interest|service|establishment,099103 93679,https://zen-ali-key-maker.grexa.site/,"Iffco chowk metro staisan gate, 1, Sector 18, Gurugram, Haryana 122015, India",4.9,55,OPERATIONAL,https://maps.google.com/?cid=11821518763632384942&g_mp=Cilnb29nbGUubWFwcy5wbGFjZXMudjEuUGxhY2VzLlNlYXJjaE5lYXJieRACGAQgAA,ChIJN8K01TIZDTkRrlvss654DqQ
Aquabrim Wireless Water Level Controller,electronics_store,electronics_store|store|point_of_interest|establishment,095995 95187,http://www.aquabrim.com/,"F3JF+X3R, Sector 18, Sarhol, Gurugram, Haryana 122015, India",4.5,8,OPERATIONAL,https://maps.google.com/?cid=2248178002807430045&g_mp=Cilnb29nbGUubWFwcy5wbGFjZXMudjEuUGxhY2VzLlNlYXJjaE5lYXJieRACGAQgAA,ChIJDzLYRGwZDTkRnRsvcfshMx8
Smart24x7 Response Services Pvt Ltd,service,point_of_interest|service|establishment,0124 480 7777,https://smart24x7.com/,"House No. 10, Gulmohar Marg, DLF Phase 2, Sector 25, Gurugram, Haryana 122002, India",4,2,OPERATIONAL,https://maps.google.com/?cid=1083931543893401468&g_mp=Cilnb29nbGUubWFwcy5wbGFjZXMudjEuUGxhY2VzLlNlYXJjaE5lYXJieRACGAQgAA,ChIJq6p-I14ZDTkRfF-bCv_lCg8
All Friends Studio,service,point_of_interest|service|establishment,084477 31106,https://allfriends.studio/,"Plot #10, Mehrauli-Gurgaon Road, Gulmohar Marg, Near Privat Hospital, DLF Phase 2, Sector 25, Gurugram, Haryana 122002, India",3.3,13,OPERATIONAL,https://maps.google.com/?cid=5639375656241414757&g_mp=Cilnb29nbGUubWFwcy5wbGFjZXMudjEuUGxhY2VzLlNlYXJjaE5lYXJieRACGAQgAA,ChIJ6b3wTHkZDTkRZUJB2UcWQ04
V3 Events & Wedding,service,point_of_interest|service|establishment,085060 00001,http://www.v3events.in/,"9, L-25, near by Privat Hospital, DLF Phase 2, Sector 25, Gurugram, Haryana 122002, India",4.6,55,OPERATIONAL,https://maps.google.com/?cid=10957107789266792782&g_mp=Cilnb29nbGUubWFwcy5wbGFjZXMudjEuUGxhY2VzLlNlYXJjaE5lYXJieRACGAQgAA,ChIJraaPijoZDTkRTrHpKHt3D5g
Via Golden Gate by Fab,hotel,hotel|lodging|point_of_interest|establishment,070424 24242,http://travelplusapp.com/,"L-27/7, DLF Phase 2, Sector 25, &, MG Road, opposite American Public School, DLF Phase 2, Metro, Gurugram, Haryana 122002, India",4.8,17,OPERATIONAL,https://maps.google.com/?cid=1093772323986871712&g_mp=Cilnb29nbGUubWFwcy5wbGFjZXMudjEuUGxhY2VzLlNlYXJjaE5lYXJieRACGAQgAA,ChIJH4gQgQ0ZDTkRoBVkNCLcLQ8
Rventures Holidays,travel_agency,travel_agency|point_of_interest|service|establishment,0124 420 3022,http://www.rventuresholidays.com/,"L-16/, 2, DLF Phase 2, Sector 25, Gurugram, Haryana 122002, India",4.7,14,CLOSED_TEMPORARILY,https://maps.google.com/?cid=3715160452195117546&g_mp=Cilnb29nbGUubWFwcy5wbGFjZXMudjEuUGxhY2VzLlNlYXJjaE5lYXJieRACGAQgAA,ChIJGwwxDhkZDTkR6mmrXL_mjjM
Gaia Tales,,point_of_interest|establishment,095991 07606,https://www.gaiatales.com/,"L-16/, 2, DLF Phase 2, Sector 25, Gurugram, Haryana 122002, India",5,2,OPERATIONAL,https://maps.google.com/?cid=4103996620883321665&g_mp=Cilnb29nbGUubWFwcy5wbGFjZXMudjEuUGxhY2VzLlNlYXJjaE5lYXJieRACGAQgAA,ChIJgTOpTukZDTkRQWMnyy5T9Dg
Medi Mantra,consultant,consultant|health|point_of_interest|service|establishment,087501 01101,,"L-16/3, DLF Phase 2, Sector 25, Gurugram, Haryana 122002, India",3.7,3,OPERATIONAL,https://maps.google.com/?cid=4755867773701773320&g_mp=Cilnb29nbGUubWFwcy5wbGFjZXMudjEuUGxhY2VzLlNlYXJjaE5lYXJieRACGAQgAA,ChIJndJIdfIYDTkRCNg44oo8AEI
Kotak Mahindra Bank ATM,atm,atm|finance|point_of_interest|establishment,1800 4100,https://www.kotak.bank.in/en/reach-us.html?utm_source=google&utm_medium=gmb,"Jmd Regent Square, Mehrauli-Gurgaon Rd, opposite Bristol Hotel, DLF Phase 2, Sector 25, Gurugram, Haryana 122002, India",,,OPERATIONAL,https://maps.google.com/?cid=13594796922596716111&g_mp=Cilnb29nbGUubWFwcy5wbGFjZXMudjEuUGxhY2VzLlNlYXJjaE5lYXJieRACGAQgAA,ChIJZ81BV1YZDTkRT27z1MVrqrw
Jagdish Fruits and Vegetables,food_store,food_store|store|food|point_of_interest|establishment,075038 20525,,"Heritage City, Sector 25, Gurugram, Haryana 122002, India",4.9,8,OPERATIONAL,https://maps.google.com/?cid=6403095587777213688&g_mp=Cilnb29nbGUubWFwcy5wbGFjZXMudjEuUGxhY2VzLlNlYXJjaE5lYXJieRACGAQgAA,ChIJdTiEYi8ZDTkR-PRUFINd3Fg
Steelcase Asia Pacific Holdings India Pvt. Ltd,furniture_store,furniture_store|home_improvement_store|supplier|home_goods_store|store|point_of_interest|service|establishment,0124 307 7203,https://www.steelcase.com/countries/india/,"Ground Floor, B.No.9, DLF Cyber City Ph-III, Heritage City, Sector 25, Gurugram, Haryana 122001, India",2.3,3,CLOSED_TEMPORARILY,https://maps.google.com/?cid=12910823383411223175&g_mp=Cilnb29nbGUubWFwcy5wbGFjZXMudjEuUGxhY2VzLlNlYXJjaE5lYXJieRACGAQgAA,ChIJ7YQXSRgZDTkRh2oIdnZ1LLM
scissor art salon,beauty_salon,beauty_salon|point_of_interest|service|establishment,098118 60015,,"shop no 1, block no 50, 2, Mehrauli-Gurgaon Rd, near herwa office, Heritage City, Sector 25, Gurugram, Haryana 122002, India",3.2,10,OPERATIONAL,https://maps.google.com/?cid=6605650933433324472&g_mp=Cilnb29nbGUubWFwcy5wbGFjZXMudjEuUGxhY2VzLlNlYXJjaE5lYXJieRACGAQgAA,ChIJHyAvdxQZDTkRuFOFlYb8q1s
Wilson's Personal Care Unisex Salon,barber_shop,barber_shop|hair_care|health|point_of_interest|service|establishment,099997 93666,,"Shop No.1, Block 50, Heritage City, Sector 25, Gurugram, Haryana 122002, India",5,1,OPERATIONAL,https://maps.google.com/?cid=5789315171517581505&g_mp=Cilnb29nbGUubWFwcy5wbGFjZXMudjEuUGxhY2VzLlNlYXJjaE5lYXJieRACGAQgAA,ChIJOw8h2zkZDTkRwcgVs3nHV1A
Wordwave,service,point_of_interest|service|establishment,072920 80529,http://ai.wordwave.in/,"L - 27/12, Mehrauli-Gurgaon Rd, DLF Phase 2, Sector 25, Gurugram, Haryana 122002, India",4.3,4,OPERATIONAL,https://maps.google.com/?cid=16827868008898493786&g_mp=Cilnb29nbGUubWFwcy5wbGFjZXMudjEuUGxhY2VzLlNlYXJjaE5lYXJieRACGAQgAA,ChIJY6zorhkZDTkRWv2N1cuYiOk
"Tower 17, heritage city",apartment_building,apartment_building|point_of_interest|service|establishment,,,"Building 17, Mehrauli-Gurgaon Rd, Heritage City, Sector 25, Gurugram, Haryana 122002, India",3.7,3,OPERATIONAL,https://maps.google.com/?cid=18191148030594222448&g_mp=Cilnb29nbGUubWFwcy5wbGFjZXMudjEuUGxhY2VzLlNlYXJjaE5lYXJieRACGAQgAA,ChIJt5qECJoZDTkRcIkdxMDwc_w
Train with Saif,fitness_center,fitness_center|gym|sports_activity_location|health|point_of_interest|establishment,098180 02289,,"Heritage mini store, community centre, opposite children park, Heritage City, Sector 25, Gurugram, Haryana 122002, India",4.8,26,OPERATIONAL,https://maps.google.com/?cid=18191486695257958941&g_mp=Cilnb29nbGUubWFwcy5wbGFjZXMudjEuUGxhY2VzLlNlYXJjaE5lYXJieRACGAQgAA,ChIJIRAW1PUZDTkRHWoYR8Qkdfw
Mochi Shoes,shoe_store,shoe_store|store|point_of_interest|establishment,0124 401 8349,https://store.mochishoes.com/mochi-shoes-shop-gurugram-haryana-gmm,"Shop No.53 To 56 Gr, MGF, MGF Metropolitan Mall, M.E.RD, Heritage City, Sector 25, Gurugram, Haryana 122009, India",4.8,431,OPERATIONAL,https://maps.google.com/?cid=8579783599210376506&g_mp=Cilnb29nbGUubWFwcy5wbGFjZXMudjEuUGxhY2VzLlNlYXJjaE5lYXJieRACGAQgAA,ChIJw__aCs4ZDTkROi2o0LmDEXc
The Grills King,buffet_restaurant,buffet_restaurant|restaurant|food|point_of_interest|establishment,0124 400 5772,,"Ground Floor, MGF Metropolitan Mall, Mehrauli-Gurgaon Rd, Heritage City, Sector 25, Gurugram, Haryana 122009, India",4.2,79,OPERATIONAL,https://maps.google.com/?cid=13311061213443357878&g_mp=Cilnb29nbGUubWFwcy5wbGFjZXMudjEuUGxhY2VzLlNlYXJjaE5lYXJieRACGAQgAA,ChIJBzr9bSIZDTkRtnzFCqZjurg
Jockey Exclusive Store,clothing_store,clothing_store|womens_clothing_store|sportswear_store|sporting_goods_store|store|point_of_interest|establishment,078400 09702,https://stores.jockey.in/jockey-exclusive-store-sarhol-gurugram-44934/home?utm_source=GMB,"First Floor, MGF Metropolitan Mall, FC 0104, Mehrauli-Gurgaon Rd, DLF Phase 2, Sector 25, Sarhol, Gurugram, Haryana 122009, India",4.9,1463,OPERATIONAL,https://maps.google.com/?cid=713564408631784906&g_mp=Cilnb29nbGUubWFwcy5wbGFjZXMudjEuUGxhY2VzLlNlYXJjaE5lYXJieRACGAQgAA,ChIJWVDfMEEZDTkRyvXbjAwX5wk
Inc.5,shoe_store,shoe_store|store|service|point_of_interest|establishment,0124 415 8757,https://inc5shop.com/,"Shop no. GF-19 and GF-20, Ground Floor, Metropolitan Mall, Revenue estate of villages, Mehrauli-Gurgaon Rd, DLF Phase 2, situated at, Gurugram, Haryana 122002, India",4.9,80,OPERATIONAL,https://maps.google.com/?cid=17153018567550655045&g_mp=Cilnb29nbGUubWFwcy5wbGFjZXMudjEuUGxhY2VzLlNlYXJjaE5lYXJieRACGAQgAA,ChIJDcz_6oQZDTkRRVqJsIHDC-4
Margam Nrityalaya Bharatnatyam Dance Academy,sports_school,sports_school|point_of_interest|establishment,095992 63063,https://www.facebook.com/MargamNrityalaya/,"K-3/54, K-3 Rd, Heritage City, Sector 25, Gurugram, Haryana 122002, India",4.8,83,OPERATIONAL,https://maps.google.com/?cid=4402761349817001257&g_mp=Cilnb29nbGUubWFwcy5wbGFjZXMudjEuUGxhY2VzLlNlYXJjaE5lYXJieRACGAQgAA,ChIJuSGtsBwZDTkRKWWp7h7AGT0
Empire,bar,bar|vegetarian_restaurant|restaurant|food|point_of_interest|establishment,090157 56778,https://www.socialgoat.in/nightlife/Delhi-NCR/outlet/Suburbia-The-Empire-MGF-Metropolitan-Mall,"Mehrauli-Gurgaon Rd, DLF Phase 2, Sector 25, Gurugram, Haryana 122009, India",3.9,289,OPERATIONAL,https://maps.google.com/?cid=8100147574535301581&g_mp=Cilnb29nbGUubWFwcy5wbGFjZXMudjEuUGxhY2VzLlNlYXJjaE5lYXJieRACGAQgAA,ChIJmTRQYyIZDTkRzSlreE2BaXA
MR.DIY,home_improvement_store,home_improvement_store|home_goods_store|store|service|point_of_interest|establishment,1800 532 2829,https://www.mrdiy.co.in/,"MR.DIY, MGF, Second Floor, MGF Metropolitan Mall, Mehrauli-Gurgaon Rd, Heritage City, Sector 25, Sarhol, Gurugram, Haryana 122009, India",3.9,52,OPERATIONAL,https://maps.google.com/?cid=15004875845760359006&g_mp=Cilnb29nbGUubWFwcy5wbGFjZXMudjEuUGxhY2VzLlNlYXJjaE5lYXJieRACGAQgAA,ChIJ5bpRFzkZDTkRXppiHRUHPNA
Sabhyata,clothing_store,clothing_store|store|point_of_interest|establishment,088006 21939,http://www.sabhyataclothing.com/,"First Floor, MGF Metropolitan Mall, Mehrauli-Gurgaon Rd, Heritage City, Sector 25, Gurugram, Haryana 122009, India",3.3,12,OPERATIONAL,https://maps.google.com/?cid=15059100824801195628&g_mp=Cilnb29nbGUubWFwcy5wbGFjZXMudjEuUGxhY2VzLlNlYXJjaE5lYXJieRACGAQgAA,ChIJMQtLghgZDTkRbDYR42ms_NA
Studio Design Box,service,service|point_of_interest|establishment,099581 31009,http://www.studiodesignbox.com/,"K-3/51, K-3 Rd, DLF Phase 2, Sector 25, Gurugram, Haryana 122022, India",4.8,27,OPERATIONAL,https://maps.google.com/?cid=8567770813438785051&g_mp=Cilnb29nbGUubWFwcy5wbGFjZXMudjEuUGxhY2VzLlNlYXJjaE5lYXJieRACGAQgAA,ChIJ27wn0nwZDTkRG3b6KynW5nY
The Belgian Waffle Co,dessert_restaurant,dessert_restaurant|family_restaurant|ice_cream_shop|dessert_shop|cafe|cake_shop|wholesaler|confectionery|bakery|food_store|store|restaurant|food|manufacturer|service|point_of_interest|establishment,086579 37731,https://thebelgianwaffle.co/,"3rd Floor, Food court, MGF, MGF Metropolitan Mall, Mehrauli-Gurgaon Rd, Heritage City, Sector 25, Gurugram, Sarhol, Haryana 122009, India",4.7,72,OPERATIONAL,https://maps.google.com/?cid=10131643066822836266&g_mp=Cilnb29nbGUubWFwcy5wbGFjZXMudjEuUGxhY2VzLlNlYXJjaE5lYXJieRACGAQgAA,ChIJZ15tcuEZDTkRKkAGhbDTmow
Safari Bag Exclusive Store - Sector 25,store,store|point_of_interest|establishment,099589 22701,https://stores.safaribags.com/safari-bags/bag-store-in-gurugram/bag-store-in-Sector-25/safari-bag-exclusive-store-in-Sector-25-gurugram--63IH6c/home,"Shop No FF 18, MG Metro Station, nearby Jockey Showroom, DLF Phase 2, Sector 25, Gurugram, Haryana 122009, India",,,OPERATIONAL,https://maps.google.com/?cid=17673456163501076366&g_mp=Cilnb29nbGUubWFwcy5wbGFjZXMudjEuUGxhY2VzLlNlYXJjaE5lYXJieRACGAQgAA,ChIJ51DnhQYZDTkRjm_rIr66RPU
"ID Footwear Outlet - MGF Mall, Gurgaon",shoe_store,shoe_store|store|point_of_interest|establishment,,https://idcult.com/pages/store-location,"Second Floor Shop No. 26, MGF Metropolitan Mall, metro station, near Mehrauli-Gurgaon Road, Heritage City, Sector 25, Gurugram, Sarhol, Haryana 122009, India",5,3,OPERATIONAL,https://maps.google.com/?cid=1544246828720887261&g_mp=Cilnb29nbGUubWFwcy5wbGFjZXMudjEuUGxhY2VzLlNlYXJjaE5lYXJieRACGAQgAA,ChIJp5gmkhkZDTkR3ZVuF09EbhU
Kashvee,clothing_store,clothing_store|store|point_of_interest|establishment,0124 427 4444,,"DLF City Phase II, F3JJ+G5R, Mehrauli-Gurgaon Rd, Heritage City, Sector 25, Gurugram, Haryana 122009, India",,,CLOSED_TEMPORARILY,https://maps.google.com/?cid=8093401547207794314&g_mp=Cilnb29nbGUubWFwcy5wbGFjZXMudjEuUGxhY2VzLlNlYXJjaE5lYXJieRACGAQgAA,ChIJ661FYyIZDTkRit7qldOJUXA
Aurelia - MG Road,womens_clothing_store,womens_clothing_store|clothing_store|store|point_of_interest|establishment,088792 02101,https://stores.shopforaurelia.com/aurelia-mg-road-mg-road-ladies-clothes-shop-mg-road-gurugram-455761/Home?utm_source=locator&utm_medium=googleplaces,"GF, MGF Metropolitan Mall, SN 47 & 48, Mehrauli-Gurgaon Rd, DLF Phase 2, Sector 25, Gurugram, Haryana 122002, India",3.4,5,OPERATIONAL,https://maps.google.com/?cid=440929035231447416&g_mp=Cilnb29nbGUubWFwcy5wbGFjZXMudjEuUGxhY2VzLlNlYXJjaE5lYXJieRACGAQgAA,ChIJqcQ_6QsZDTkReEkgFJ9-HgY
"Enamor Exclusive Store - MGF Metropolitan Mall, Gurugram",womens_clothing_store,womens_clothing_store|sportswear_store|sporting_goods_store|clothing_store|store|point_of_interest|establishment,0124 402 8670,https://www.enamor.co.in/,"1st Floor, MGF Metropolitan Mall, Metro Station, No. 34, near Mehrauli-Gurgaon Road, DLF Phase 2, Sector 25, Gurugram, Haryana 122002, India",4.9,87,OPERATIONAL,https://maps.google.com/?cid=13564911011522551752&g_mp=Cilnb29nbGUubWFwcy5wbGFjZXMudjEuUGxhY2VzLlNlYXJjaE5lYXJieRACGAQgAA,ChIJU7OWJE4ZDTkRyB-W67E-QLw
"K-4/8,",medical_clinic,medical_clinic|health|point_of_interest|establishment,,,"k-4/5, DLF Phase 2, Sector 25, Gurugram, Sarhol, Haryana 122009, India",,,OPERATIONAL,https://maps.google.com/?cid=3794928489959023940&g_mp=Cilnb29nbGUubWFwcy5wbGFjZXMudjEuUGxhY2VzLlNlYXJjaE5lYXJieRACGAQgAA,ChIJR-c9CrcZDTkRRGUE8FpLqjQ
Glamour Glitz Gurugram,jewelry_store,jewelry_store|store|point_of_interest|establishment,098713 85709,http://glamourglitz.in/,"3, K-4, DLF Phase 2, Sector 25, Gurugram, Haryana 122008, India",5,2,OPERATIONAL,https://maps.google.com/?cid=8851064733826549007&g_mp=Cilnb29nbGUubWFwcy5wbGFjZXMudjEuUGxhY2VzLlNlYXJjaE5lYXJieRACGAQgAA,ChIJ8yP-1bsZDTkRDwW4_3pM1Xo
Family Counselling Marriage,health,health|point_of_interest|service|establishment,099900 03332,,"F3JM+Q77, K-3 Rd, DLF Phase 2, Sector 25, Gurugram, Haryana 122002, India",,,OPERATIONAL,https://maps.google.com/?cid=2773405550118623522&g_mp=Cilnb29nbGUubWFwcy5wbGFjZXMudjEuUGxhY2VzLlNlYXJjaE5lYXJieRACGAQgAA,ChIJQasKDyMZDTkRItnqWKcdfSY
Art Of Relationships,health,health|point_of_interest|service|establishment,099900 03332,,"F3JM+Q77, K-3 Rd, DLF Phase 2, Sector 25, Gurugram, Haryana 122002, India",,,OPERATIONAL,https://maps.google.com/?cid=15860375510237719359&g_mp=Cilnb29nbGUubWFwcy5wbGFjZXMudjEuUGxhY2VzLlNlYXJjaE5lYXJieRACGAQgAA,ChIJQasKDyMZDTkRPysGpH5fG9w
Radha Tent house,supplier,supplier|point_of_interest|service|establishment,083830 30209,,"Wazirabad devilal Park sec 52 gurgaon . Sector 43, shop.no 301, DLF Phase 1, Sector 25, Gurugram, Haryana 122101, India",,,OPERATIONAL,https://maps.google.com/?cid=3640305925332475197&g_mp=Cilnb29nbGUubWFwcy5wbGFjZXMudjEuUGxhY2VzLlNlYXJjaE5lYXJieRACGAQgAA,ChIJQ_LX9VcZDTkRPR0xsfP2hDI
Kai Travels Pvt Ltd,tour_agency,tour_agency|travel_agency|point_of_interest|service|establishment,098103 96898,http://www.kaitravels.com/,"K3/23, DLF Phase 2, Sector 25, Gurugram, Haryana 122002, India",5,1,OPERATIONAL,https://maps.google.com/?cid=5732419031197814372&g_mp=Cilnb29nbGUubWFwcy5wbGFjZXMudjEuUGxhY2VzLlNlYXJjaE5lYXJieRACGAQgAA,ChIJETOlY4kZDTkRZA48urykjU8
THE MANOJ BHATIA,general_contractor,real_estate_agency|finance|general_contractor|consultant|point_of_interest|service|establishment,099715 09411,https://delhincrprops.com/,"BVM 30, DLF Phase 2, Sector 25, Gurugram, Haryana 122002, India",5,1,OPERATIONAL,https://maps.google.com/?cid=4292839082938062173&g_mp=Cilnb29nbGUubWFwcy5wbGFjZXMudjEuUGxhY2VzLlNlYXJjaE5lYXJieRACGAQgAA,ChIJ5eoIxlUZDTkRXdVvyGY6kzs
ATP Infratech Pvt. Ltd.,service,point_of_interest|service|establishment,085276 66888,http://www.atpinfratech.com/,"2, K-2, DLF Phase 2, Sector 25, Gurugram, Haryana 122002, India",4.7,7,OPERATIONAL,https://maps.google.com/?cid=6834628426162406065&g_mp=Cilnb29nbGUubWFwcy5wbGFjZXMudjEuUGxhY2VzLlNlYXJjaE5lYXJieRACGAQgAA,ChIJe8zhCiMZDTkRsYIymVd62V4
Tata Power Charging Station,electric_vehicle_charging_station,electric_vehicle_charging_station|transportation_service|point_of_interest|establishment,1800 833 2233,https://onelink.to/5695dc,"F3JM+F65, Mehrauli-Gurgaon Rd, Heritage City, Sector 25, Gurugram, Haryana 122009, India",,,OPERATIONAL,https://maps.google.com/?cid=6854809233236495244&g_mp=Cilnb29nbGUubWFwcy5wbGFjZXMudjEuUGxhY2VzLlNlYXJjaE5lYXJieRACGAQgAA,ChIJcVkQpiMZDTkRjAsh5q0sIV8
Markdraft Pvt. Ltd. Crockery House,store,store|point_of_interest|establishment,078290 00729,https://www.markdraft.in/,"K2/2, DLF Phase 2, Sector 25, Gurugram, Haryana 122002, India",,,OPERATIONAL,https://maps.google.com/?cid=10261079287931157729&g_mp=Cilnb29nbGUubWFwcy5wbGFjZXMudjEuUGxhY2VzLlNlYXJjaE5lYXJieRACGAQgAA,ChIJXzv0aWIZDTkR4TxBMT-tZo4
White Domus,furniture_store,furniture_store|sculpture|art_studio|home_improvement_store|home_goods_store|manufacturer|store|point_of_interest|service|establishment,099713 21803,https://whitedomus.com/,"1, K-5A Rd, DLF Phase 2, Sector 25, Gurugram, Haryana 122002, India",3.8,6,OPERATIONAL,https://maps.google.com/?cid=9349863856275880102&g_mp=Cilnb29nbGUubWFwcy5wbGFjZXMudjEuUGxhY2VzLlNlYXJjaE5lYXJieRACGAQgAA,ChIJn7BIoiMZDTkRpniWu6NjwYE
Shah Dental Care Lounge,dental_clinic,dental_clinic|medical_clinic|health|point_of_interest|establishment,099903 20555,https://shahdentalcarelounge.com/,"K3/86, DLF Phase 2, Sector 25, Gurugram, Haryana 122002, India",5,75,OPERATIONAL,https://maps.google.com/?cid=13272583984427660711&g_mp=Cilnb29nbGUubWFwcy5wbGFjZXMudjEuUGxhY2VzLlNlYXJjaE5lYXJieRACGAQgAA,ChIJhbzob4sZDTkRp3VZC9CwMbg
pankaj mahato Shop,tea_store,tea_store|food_store|store|restaurant|food|point_of_interest|establishment,096503 11143,,"On Road, Sector 28, DLF Phase 2, Sector 25, Gurugram, Haryana 122002, India",,,OPERATIONAL,https://maps.google.com/?cid=6521956881865375744&g_mp=Cilnb29nbGUubWFwcy5wbGFjZXMudjEuUGxhY2VzLlNlYXJjaE5lYXJieRACGAQgAA,ChIJJcBYYiQZDTkRAAAAsDqlglo
9YARDS Realtors PVT Ltd.,consultant,real_estate_agency|finance|consultant|service|point_of_interest|establishment,099996 13065,http://9yardsrealtors.com/,"Ground floor, DM 26, Dakshin Marg, DLF Phase 2, Sector 25, Gurugram, Haryana 122002, India",5,83,OPERATIONAL,https://maps.google.com/?cid=10704126692675021545&g_mp=Cilnb29nbGUubWFwcy5wbGFjZXMudjEuUGxhY2VzLlNlYXJjaE5lYXJieRACGAQgAA,ChIJDV9r7QUZDTkR6eqrm4OyjJQ
Samrat,bakery,bakery|fast_food_restaurant|vegetarian_restaurant|food_store|store|restaurant|food|point_of_interest|establishment,0124 238 8793,http://www.samratcake.com/,"Central Arcade, 4, Dakshin Marg, DLF Phase 2, Sector 25, Gurugram, Haryana 122002, India",3.9,3087,OPERATIONAL,https://maps.google.com/?cid=15697778587273362690&g_mp=Cilnb29nbGUubWFwcy5wbGFjZXMudjEuUGxhY2VzLlNlYXJjaE5lYXJieRACGAQgAA,ChIJY6OtjyQZDTkRAn0paXS22dk
Dr N Sony | Dentist & Dental Surgeon in Dlf Gurgaon,dentist,dentist|dental_clinic|medical_clinic|health|point_of_interest|establishment,096688 02542,,"Uma Sanjeevani Hospital, 1, Dakshin Marg, DLF Phase 2, Sector 25, Gurugram, Haryana 122002, India",5,21,OPERATIONAL,https://maps.google.com/?cid=12507148720575542485&g_mp=Cilnb29nbGUubWFwcy5wbGFjZXMudjEuUGxhY2VzLlNlYXJjaE5lYXJieRACGAQgAA,ChIJz11-MUwZDTkR1fTi4n5Rkq0
Dr Arnav Sharma- Psychiatrist (MD),doctor,doctor|medical_clinic|health|service|point_of_interest|establishment,095406 60333,https://mentalhp.me/,"Uma Sanjeevnani Health Centre Pvt. Ltd, 1, Dakshin Marg, opposite Sahara Mall, DLF Phase 2, Sector 25, Gurugram, Sarhol, Haryana 122002, India",,,OPERATIONAL,https://maps.google.com/?cid=17038435253370789919&g_mp=Cilnb29nbGUubWFwcy5wbGFjZXMudjEuUGxhY2VzLlNlYXJjaE5lYXJieRACGAQgAA,ChIJherPfbQZDTkRH6Co5ZaudOw
Grow More Spices & Pulses Pvt Ltd,manufacturer,manufacturer|point_of_interest|establishment,0124 354 0024,https://www.growmoreindia.net/,"Shop No 5, Central Arcade, Dakshin Marg, beside Samrat bakery, DLF Phase 2, Sector 25, Gurugram, Sarhol, Haryana 122002, India",3.1,19,OPERATIONAL,https://maps.google.com/?cid=9676903652210638200&g_mp=Cilnb29nbGUubWFwcy5wbGFjZXMudjEuUGxhY2VzLlNlYXJjaE5lYXJieRACGAQgAA,ChIJDY6KmPkZDTkReP2x65lES4Y
"Dr Mehak Singhal | Best ENT Specialist & Allergy Doctor in Gurgaon, ENT Surgeon, Endoscopic Sinus Surgery, Ear Treatment DLF",doctor,doctor|health|point_of_interest|establishment,089292 48497,https://drmehaksinghal.wixsite.com/gurgaon,"Uma Sanjeevani Hospital, 1, Dakshin Marg, DLF Phase 2, Sector 25, Gurugram, Haryana 122002, India",4.9,73,OPERATIONAL,https://maps.google.com/?cid=10804495488027843349&g_mp=Cilnb29nbGUubWFwcy5wbGFjZXMudjEuUGxhY2VzLlNlYXJjaE5lYXJieRACGAQgAA,ChIJR_B5MeEZDTkRFds11WZH8ZU
Uma Sanjeevani Health Centre And Hospital,general_hospital,general_hospital|hospital|health|service|point_of_interest|establishment,098104 76125,https://www.umasanjeevani.in/,"1, Dakshin Marg, DLF Phase 2, Sector 25, Gurugram, Sarhol, Haryana 122002, India",3.7,279,OPERATIONAL,https://maps.google.com/?cid=15605427507362295835&g_mp=Cilnb29nbGUubWFwcy5wbGFjZXMudjEuUGxhY2VzLlNlYXJjaE5lYXJieRACGAQgAA,ChIJx0aMZyQZDTkRG3BwCKOdkdg
Dr Neelima Tripathi,doctor,doctor|health|point_of_interest|establishment,088604 92111,,"1, Dakshin Marg, DLF Phase 2, Sector 25, Gurugram, Sarhol, Haryana 122002, India",5,1,OPERATIONAL,https://maps.google.com/?cid=4812514818025810791&g_mp=Cilnb29nbGUubWFwcy5wbGFjZXMudjEuUGxhY2VzLlNlYXJjaE5lYXJieRACGAQgAA,ChIJpWer0ZkZDTkRZ2u7rLp8yUI
DR.RAHUL SINGHANIA CHIROPRACTOR,doctor,doctor|health|point_of_interest|establishment,088688 84554,,"K2/2, opposite ICICI BANK, DLF Phase 2, Sector 25, Gurugram, Haryana 122002, India",4.8,62,OPERATIONAL,https://maps.google.com/?cid=9048462154952211287&g_mp=Cilnb29nbGUubWFwcy5wbGFjZXMudjEuUGxhY2VzLlNlYXJjaE5lYXJieRACGAQgAA,ChIJQbEmcKsZDTkRV_t9nWOYkn0
csc center & Sah cyber cafe,internet_cafe,internet_cafe|service|point_of_interest|establishment,099582 20124,,"k2/1, Dakshin Marg, DLF Phase 2, Sector 25, Gurugram, Haryana 122002, India",5,2,OPERATIONAL,https://maps.google.com/?cid=5367555491193072974&g_mp=Cilnb29nbGUubWFwcy5wbGFjZXMudjEuUGxhY2VzLlNlYXJjaE5lYXJieRACGAQgAA,ChIJj7zKwCACd4cRTq3C3EdjfUo
GNC LIVE WELL,consultant,consultant|health|service|point_of_interest|establishment,0124 410 8818,http://www.gnc.com/,"Dakshin Marg, DLF Phase 2, Sector 25, Gurugram, Sarhol, Haryana 122002, India",5,5,OPERATIONAL,https://maps.google.com/?cid=1557304276757080698&g_mp=Cilnb29nbGUubWFwcy5wbGFjZXMudjEuUGxhY2VzLlNlYXJjaE5lYXJieRACGAQgAA,ChIJIYNlNgAZDTkRempNH_2nnBU
Guardian Pharmacy,pharmacy,pharmacy|health|store|point_of_interest|establishment,092057 80404,,"Dakshin Marg, DLF Phase 2, Sector 25, Gurugram, Haryana 122002, India",3,6,OPERATIONAL,https://maps.google.com/?cid=18338852566685266972&g_mp=Cilnb29nbGUubWFwcy5wbGFjZXMudjEuUGxhY2VzLlNlYXJjaE5lYXJieRACGAQgAA,ChIJ3x99jiMZDTkRHDSJ-T6xgP4
FabHotel New Journey Hospitality,hotel,hotel|lodging|point_of_interest|establishment,0124 467 9840,http://www.newjourney.co.in/,"NEW JOURNEY HOSPITALITY, 11, J-5, DLF Phase 2, Sector 25, Gurugram, Haryana 122002, India",4.9,319,OPERATIONAL,https://maps.google.com/?cid=8000894909899378038&g_mp=Cilnb29nbGUubWFwcy5wbGFjZXMudjEuUGxhY2VzLlNlYXJjaE5lYXJieRACGAQgAA,ChIJY7fWNwAZDTkRdo3IrYfjCG8
Workspace24 Design Studio,service,point_of_interest|service|establishment,087583 05834,https://www.instagram.com/workspace24designstudio/,"11 Basement, J-5, DLF Phase 2, Sector 25, Gurugram, Shahpur, Haryana 122002, India",5,7,OPERATIONAL,https://maps.google.com/?cid=6633472905094523857&g_mp=Cilnb29nbGUubWFwcy5wbGFjZXMudjEuUGxhY2VzLlNlYXJjaE5lYXJieRACGAQgAA,ChIJCbxR3XoZDTkR0WtWJ3bUDlw
Kalister Events & Decoration Gurgaon),service,supplier|manufacturer|store|point_of_interest|service|establishment,098108 23803,https://instagram.com/kalister_events?igshid=1c57dejk4x3ln,"11, J-5, DLF Phase 2, Sector 25, Gurugram, Haryana 122002, India",5,34,OPERATIONAL,https://maps.google.com/?cid=2771154982441156267&g_mp=Cilnb29nbGUubWFwcy5wbGFjZXMudjEuUGxhY2VzLlNlYXJjaE5lYXJieRACGAQgAA,ChIJH7njAE8fDTkRq371OcYedSY
Bamboo Chick Blind Gurgaon,store,store|point_of_interest|establishment,098718 01263,https://sites.google.com/view/devblindshop/home,"Metro Pillar No 80 81, JMD Arcade, Sikanderpur, DLF Phase 2, Sector 25, Gurugram, Haryana 122004, India",5,18,OPERATIONAL,https://maps.google.com/?cid=11634020674672909769&g_mp=Cilnb29nbGUubWFwcy5wbGFjZXMudjEuUGxhY2VzLlNlYXJjaE5lYXJieRACGAQgAA,ChIJHYoBn4MZDTkRyd1t9ylYdKE
Primedeals-A Real Estate Enterprise - Your Property Our Priority,consultant,real_estate_agency|consultant|point_of_interest|service|establishment,098102 99636,http://www.primedealsindia.com/,"J5/8 FIRST FLOOR DLF PHASE 2, Dakshin Marg, Heritage City, Sector 25, Gurugram, Haryana 122002, India",,,OPERATIONAL,https://maps.google.com/?cid=7336054755428723330&g_mp=Cilnb29nbGUubWFwcy5wbGFjZXMudjEuUGxhY2VzLlNlYXJjaE5lYXJieRACGAQgAA,ChIJeaQieiQZDTkRguoklu7mzmU
World of Wild – Wildlife & Birding Tours India,tour_agency,tour_agency|travel_agency|point_of_interest|service|establishment,092862 92864,https://worldofwild.in/,"Plot No-J10/10, DLF Phase 2, Sector 25, Gurugram, Haryana 122002, India",5,37,OPERATIONAL,https://maps.google.com/?cid=14334882835438713042&g_mp=Cilnb29nbGUubWFwcy5wbGFjZXMudjEuUGxhY2VzLlNlYXJjaE5lYXJieRACGAQgAA,ChIJP3N_LSkZDTkR0jgrR_2778Y
Suhail Khan Shop,grocery_store,grocery_store|food_store|store|food|point_of_interest|establishment,084451 72969,,"Suhail Khan Shop, near Mg Metro, DLF Phase 2, Sector 25, Gurugram, Haryana 122002, India",,,CLOSED_TEMPORARILY,https://maps.google.com/?cid=4895142053118817296&g_mp=Cilnb29nbGUubWFwcy5wbGFjZXMudjEuUGxhY2VzLlNlYXJjaE5lYXJieRACGAQgAA,ChIJ8Y9yCN4ZDTkREDQ5AcMJ70M
Veekay Clinic,doctor,doctor|medical_clinic|health|point_of_interest|establishment,099996 36026,http://www.veekayclinic.com/,"5, J-5, DLF Phase 2, Sector 25, Gurugram, Haryana 122002, India",4.6,247,OPERATIONAL,https://maps.google.com/?cid=17896231947877341530&g_mp=Cilnb29nbGUubWFwcy5wbGFjZXMudjEuUGxhY2VzLlNlYXJjaE5lYXJieRACGAQgAA,ChIJ_____9QYDTkRWtk5ZyMwXPg
Doctor Chamber,doctor,doctor|health|point_of_interest|establishment,077387 42059,,"Main, Market, Sector 28, Chakkarpur, Gurugram, Haryana 122002, India",,,OPERATIONAL,https://maps.google.com/?cid=10300105652307759229&g_mp=Cilnb29nbGUubWFwcy5wbGFjZXMudjEuUGxhY2VzLlNlYXJjaE5lYXJieRACGAQgAA,ChIJd9U7U2IZDTkRfRDMuoRT8Y4
Navin Store,child_care_agency,child_care_agency|clothing_store|store|point_of_interest|service|establishment,099113 84301,,"Haryana5677, Sector 25, Gurugram, Haryana 122002, India",,,OPERATIONAL,https://maps.google.com/?cid=14533385195669375080&g_mp=Cilnb29nbGUubWFwcy5wbGFjZXMudjEuUGxhY2VzLlNlYXJjaE5lYXJieRACGAQgAA,ChIJK6T96sgZDTkRaEjLk9X0sMk
Youth Sports Academy,sports_club,sports_club|association_or_organization|point_of_interest|establishment,070878 37166,,"K-8A Rd, DLF Phase 2, Sector 25, Gurugram, Sarhol, Haryana 122002, India",,,CLOSED_TEMPORARILY,https://maps.google.com/?cid=5705307073519500008&g_mp=Cilnb29nbGUubWFwcy5wbGFjZXMudjEuUGxhY2VzLlNlYXJjaE5lYXJieRACGAQgAA,ChIJma4sEgAZDTkR6DqnK45SLU8
BALWAN SO BHAGWAN ZOMATO SERVICE,restaurant,restaurant|food|point_of_interest|establishment,093505 04490,,"Shop No -76, No -2, near Metro Station Gate, Sikanderpur, DLF Phase 2, Sector 25, Gurugram, Haryana 122002, India",,,CLOSED_TEMPORARILY,https://maps.google.com/?cid=1475306062233466603&g_mp=Cilnb29nbGUubWFwcy5wbGFjZXMudjEuUGxhY2VzLlNlYXJjaE5lYXJieRACGAQgAA,ChIJ8TucsD4ZDTkR6_ZnDgxXeRQ
PRASHANT KUMAR PANDEY SWAP STATION,electronics_store,electronics_store|store|point_of_interest|establishment,097189 29880,,"Shop No -49, Gate No -2, near Metro Station, Sikanderpur, DLF Phase 2, Sector 25, Gurugram, Haryana 122002, India",,,CLOSED_TEMPORARILY,https://maps.google.com/?cid=1715962733692535750&g_mp=Cilnb29nbGUubWFwcy5wbGFjZXMudjEuUGxhY2VzLlNlYXJjaE5lYXJieRACGAQgAA,ChIJf9Qd78wZDTkRxkONxQNT0Bc
Rajesh Kumar Tiwari Rapido Service,electronics_store,electronics_store|store|point_of_interest|establishment,082923 98611,,"Shop No 58, near Platina Tower 2 Metro Station Sikanderpur, DLF Phase 2, Sector 25, Gurugram, Haryana 122002, India",,,CLOSED_TEMPORARILY,https://maps.google.com/?cid=6640763563131812041&g_mp=Cilnb29nbGUubWFwcy5wbGFjZXMudjEuUGxhY2VzLlNlYXJjaE5lYXJieRACGAQgAA,ChIJdSM2C4oZDTkRyTjUwUa7KFw
INDU DEVI RAPIDO SERVICE,electronics_store,electronics_store|store|point_of_interest|establishment,077018 52486,,"Shop No -25, No -2, near Metro Station Gate, Sikanderpur, DLF Phase 2, Sector 25, Gurugram, Haryana 122002, India",,,CLOSED_TEMPORARILY,https://maps.google.com/?cid=4079180556428066444&g_mp=Cilnb29nbGUubWFwcy5wbGFjZXMudjEuUGxhY2VzLlNlYXJjaE5lYXJieRACGAQgAA,ChIJ5_JB1yoZDTkRjD6TiBopnDg
Chunnu Store,child_care_agency,child_care_agency|clothing_store|store|point_of_interest|service|establishment,091402 39768,,"Gv Haryana122002, DLF Phase 2, Sector 25, Gurugram, Haryana 122002, India",,,OPERATIONAL,https://maps.google.com/?cid=1777259021176647661&g_mp=Cilnb29nbGUubWFwcy5wbGFjZXMudjEuUGxhY2VzLlNlYXJjaE5lYXJieRACGAQgAA,ChIJeVEvrpgZDTkR7a8X16kXqhg
Umesh Pratap Store,child_care_agency,child_care_agency|clothing_store|store|point_of_interest|service|establishment,088824 02098,,"DLF Phase 2, Sector 25, Gurugram, Haryana 122002, India",,,OPERATIONAL,https://maps.google.com/?cid=11721977901822261320&g_mp=Cilnb29nbGUubWFwcy5wbGFjZXMudjEuUGxhY2VzLlNlYXJjaE5lYXJieRACGAQgAA,ChIJ0wv1198ZDTkRSDgYx8vUrKI
Mohd Irfan Rider,child_care_agency,child_care_agency|clothing_store|store|point_of_interest|service|establishment,093356 81561,,"46, Gurgoun, Sector 25, Gurugram, Haryana 122002, India",,,CLOSED_TEMPORARILY,https://maps.google.com/?cid=16246838229632555238&g_mp=Cilnb29nbGUubWFwcy5wbGFjZXMudjEuUGxhY2VzLlNlYXJjaE5lYXJieRACGAQgAA,ChIJv12chVsZDTkR5hh8WEpdeOE
MR DHANANJAY SINGH UBER SERVICE,electronics_store,electronics_store|store|point_of_interest|establishment,085276 40826,,"Shop No -32, No -2, near Metro Station Gate, Sikanderpur, DLF Phase 2, Sector 25, Gurugram, Haryana 122002, India",,,CLOSED_TEMPORARILY,https://maps.google.com/?cid=7402767125637586346&g_mp=Cilnb29nbGUubWFwcy5wbGFjZXMudjEuUGxhY2VzLlNlYXJjaE5lYXJieRACGAQgAA,ChIJD1Lgl9MZDTkRql2Rrnrpu2Y
MR SARATH MANDAL UBER SERVICE,electronics_store,electronics_store|store|point_of_interest|establishment,077971 20938,,"Shop No -47, near Metro Station, Sikanderpur, DLF Phase 2, Sector 25, Gurugram, Haryana 122002, India",,,OPERATIONAL,https://maps.google.com/?cid=17939894813341331059&g_mp=Cilnb29nbGUubWFwcy5wbGFjZXMudjEuUGxhY2VzLlNlYXJjaE5lYXJieRACGAQgAA,ChIJqbz3rJ8ZDTkRcy4VeUhP9_g
SHIVA KUMAR BLINKIT STORE,child_care_agency,child_care_agency|clothing_store|store|point_of_interest|service|establishment,082528 69544,,"Shop No -45, near Metro Station, Sikanderpur, DLF Phase 2, Sector 25, Gurugram, Haryana 122002, India",,,OPERATIONAL,https://maps.google.com/?cid=16020599315152933791&g_mp=Cilnb29nbGUubWFwcy5wbGFjZXMudjEuUGxhY2VzLlNlYXJjaE5lYXJieRACGAQgAA,ChIJDybITTkZDTkRn5OORDKaVN4
ADITYA SINGH UBER SERVICE,electronics_store,electronics_store|store|point_of_interest|establishment,087653 40880,,"Shop No -87, near Platina Tower 2 Metro Station Sikanderpur, DLF Phase 2, Sector 25, Gurugram, Haryana 122002, India",,,CLOSED_TEMPORARILY,https://maps.google.com/?cid=11393206725153872581&g_mp=Cilnb29nbGUubWFwcy5wbGFjZXMudjEuUGxhY2VzLlNlYXJjaE5lYXJieRACGAQgAA,ChIJj3zH0zAZDTkRxVpjGSfNHJ4
SOMPRIYA KUMAR MEDICOS,pharmacy,pharmacy|store|health|point_of_interest|establishment,070048 80596,,"Shop No 65, near Metro Station, Sikanderpur, DLF Phase 2, Sector 25, Gurugram, Haryana 122002, India",,,OPERATIONAL,https://maps.google.com/?cid=9244970171381318565&g_mp=Cilnb29nbGUubWFwcy5wbGFjZXMudjEuUGxhY2VzLlNlYXJjaE5lYXJieRACGAQgAA,ChIJma8a1uoZDTkRpQNEkGO7TIA
SHREE RADHE MILK PARLER & GENERAL STORE,electronics_store,electronics_store|store|point_of_interest|establishment,082074 19015,,"Shop No. 15, Sikanderpur, Metro, Sector 25, Gurugram, Haryana 122002, India",,,OPERATIONAL,https://maps.google.com/?cid=15439496424586804059&g_mp=Cilnb29nbGUubWFwcy5wbGFjZXMudjEuUGxhY2VzLlNlYXJjaE5lYXJieRACGAQgAA,ChIJ6zOXGssZDTkRW_toOjIcRNY
SUDHANSHU SWIGGY STORE,restaurant,restaurant|food|point_of_interest|establishment,092362 60608,,"Shop No 58, near Metro Station, Sikanderpur, DLF Phase 2, Sector 25, Gurugram, Haryana 122002, India",,,CLOSED_TEMPORARILY,https://maps.google.com/?cid=15483395346990660140&g_mp=Cilnb29nbGUubWFwcy5wbGFjZXMudjEuUGxhY2VzLlNlYXJjaE5lYXJieRACGAQgAA,ChIJD_WHc5AZDTkRLHpQlggS4NY
GOVINDAS RAPIDO SERVICE,electronics_store,electronics_store|store|point_of_interest|establishment,087459 54219,,"Shop No -43, No -2, near Metro Station Gate, Sikanderpur, DLF Phase 2, Sector 25, Gurugram, Haryana 122002, India",,,CLOSED_TEMPORARILY,https://maps.google.com/?cid=9727738347218449578&g_mp=Cilnb29nbGUubWFwcy5wbGFjZXMudjEuUGxhY2VzLlNlYXJjaE5lYXJieRACGAQgAA,ChIJ_URR2jIZDTkRqrTmrXze_4Y
Rohit Shop,car_wash,car_wash|point_of_interest|service|establishment,088650 08929,,"Shop NoG67Sikanderpur, Metro Station, DLF Phase 2, Sector 25, Gurugram, Haryana 122002, India",,,OPERATIONAL,https://maps.google.com/?cid=9580104470109106299&g_mp=Cilnb29nbGUubWFwcy5wbGFjZXMudjEuUGxhY2VzLlNlYXJjaE5lYXJieRACGAQgAA,ChIJKUXuQoUZDTkRezD8C0Je84Q
Sharma Paints & Hardware Store,building_materials_store,hardware_store|home_goods_store|building_materials_store|store|service|point_of_interest|establishment,098733 46561,,"Shop No: 17, Gangania Complex, 17, Mehrauli-Gurgaon Rd, near Metro Pillar Number 61, Sikanderpur, DLF Phase 1, Sector 26, Gurugram, Haryana 122002, India",3,8,OPERATIONAL,https://maps.google.com/?cid=1338399767172095132&g_mp=Cilnb29nbGUubWFwcy5wbGFjZXMudjEuUGxhY2VzLlNlYXJjaE5lYXJieRACGAQgAA,ChIJMXJw7C4ZDTkRnBzCQX_zkhI
Apple Products Repair Center,service,service|point_of_interest|establishment,096543 38915,http://www.appleproductsrepaircenter.in/,"Shop No 102,metro pillar No 61, 2nd Floor, Ganganiya Complex, near Sikanderpur Road, Block H, DLF Phase 1, Sector 26, Gurugram, Haryana 122002, India",4.8,2412,OPERATIONAL,https://maps.google.com/?cid=2774634410117819496&g_mp=Cilnb29nbGUubWFwcy5wbGFjZXMudjEuUGxhY2VzLlNlYXJjaE5lYXJieRACGAQgAA,ChIJpx5t97sZDTkRaOylnEt7gSY
Saras Prem Diamond Tools,building_materials_store,building_materials_store|store|service|point_of_interest|establishment,098912 14868,,"Opp Pillar No. 62, Mehrauli-Gurgaon Road, DLF City I, Sikanderpur, Sector 26, Block H, DLF Phase 1, Sector 26, Gurugram, Haryana 122002, India",4.3,44,OPERATIONAL,https://maps.google.com/?cid=1758536978946193772&g_mp=Cilnb29nbGUubWFwcy5wbGFjZXMudjEuUGxhY2VzLlNlYXJjaE5lYXJieRACGAQgAA,ChIJqbQ-7C4ZDTkRbPl5shCUZxg
Hitech Pneumatics,corporate_office,corporate_office|point_of_interest|establishment,080 4860 1673,,"Shop No. 16, Gangania Complex, Mehrauli-Gurgaon Rd, Sikanderpur, DLF Phase 1, Sector 26, Gurugram, Haryana 122002, India",,,OPERATIONAL,https://maps.google.com/?cid=11432324488697679109&g_mp=Cilnb29nbGUubWFwcy5wbGFjZXMudjEuUGxhY2VzLlNlYXJjaE5lYXJieRACGAQgAA,ChIJVVWZlC4ZDTkRBQ3TKY3Gp54
DAKSH CONSTRUCTIONS & INTERIOR,general_contractor,home_goods_store|store|general_contractor|service|point_of_interest|establishment,080 6924 5436,https://dakshconstructions.in/,"Shop No 3, 1st Floor, Gangania Complex, Mehrauli-Gurgaon Rd, Sikanderpur Market, Block H, DLF Phase 1, Sector 26, Gurugram, Haryana 122002, India",4.9,77,OPERATIONAL,https://maps.google.com/?cid=7185105799896904272&g_mp=Cilnb29nbGUubWFwcy5wbGFjZXMudjEuUGxhY2VzLlNlYXJjaE5lYXJieRACGAQgAA,ChIJq6qqqqojDTkRUDJ0HKiftmM
Louis Furnishing,home_goods_store,home_goods_store|home_improvement_store|building_materials_store|store|service|point_of_interest|establishment,097114 44607,,"1st Floor, Gangania Complex, Mehrauli-Gurgaon Rd, Sikanderpur, DLF Phase 1, Sector 26, Gurugram, Haryana 122002, India",5,1,CLOSED_TEMPORARILY,https://maps.google.com/?cid=12883257560060287189&g_mp=Cilnb29nbGUubWFwcy5wbGFjZXMudjEuUGxhY2VzLlNlYXJjaE5lYXJieRACGAQgAA,ChIJp3df6y4ZDTkR1VhCEX6GyrI
"NavKirti Decor: Wallpaper,Vinyl Floor, Carpet Flooring, Glass Film , Pvc Panel Wholesaler/Retailer",store,store|point_of_interest|establishment,081787 81599,,"Shop no 12, 1st Floor, Metro Pillar 58, DS Tower, Mehrauli-Gurgaon Rd, Sikanderpur, DLF Phase 1, Sector 26, Gurugram, Haryana 122002, India",5,1,OPERATIONAL,https://maps.google.com/?cid=10906355100740015745&g_mp=Cilnb29nbGUubWFwcy5wbGFjZXMudjEuUGxhY2VzLlNlYXJjaE5lYXJieRACGAQgAA,ChIJWVoofgUZDTkRgdbgBS4oW5c
Printing hub,manufacturer,store|manufacturer|service|point_of_interest|establishment,099716 01186,https://www.instagram.com/printinghubgurgaon/,"Shop N4, Gangania Complex, Mehrauli-Gurgaon Rd, opp. Main Market, near Metro Pillar No.61, Sikanderpur, DLF Phase 1, Sector 26, Gurugram, Haryana 122002, India",4.6,54,OPERATIONAL,https://maps.google.com/?cid=9860701909617095080&g_mp=Cilnb29nbGUubWFwcy5wbGFjZXMudjEuUGxhY2VzLlNlYXJjaE5lYXJieRACGAQgAA,ChIJrzBc6y4ZDTkRqDG-fiRA2Ig
Bharat Toughened Glass,building_materials_store,building_materials_store|store|service|point_of_interest|establishment,092204 86864,http://bharat.grexa.site/,"Shop no 4, pillar no, 61, Sikanderpur Rd, Block H, DLF Phase 1, Sector 26, Sikanderpur Ghosi, Gurugram, Haryana 122002, India",5,35,OPERATIONAL,https://maps.google.com/?cid=17208593927519299816&g_mp=Cilnb29nbGUubWFwcy5wbGFjZXMudjEuUGxhY2VzLlNlYXJjaE5lYXJieRACGAQgAA,ChIJEfhho_sZDTkR6Gi7hQA10e4
Spectrum lighting,home_improvement_store,home_improvement_store|home_goods_store|store|service|point_of_interest|establishment,099994 14501,,"Metro Pillar Number 61, Sikanderpur Rd, Block H, DLF Phase 1, Sector 26, Gurugram, Haryana 122002, India",4,5,OPERATIONAL,https://maps.google.com/?cid=3728253495083209106&g_mp=Cilnb29nbGUubWFwcy5wbGFjZXMudjEuUGxhY2VzLlNlYXJjaE5lYXJieRACGAQgAA,ChIJXb2O5yMZDTkRkhEL98xqvTM
INDIAN GLASS AND ALUMINIUM GLASS FILMS,,car_repair|building_materials_store|supplier|store|manufacturer|general_contractor|service|point_of_interest|establishment,091614 08391,https://indian-glass.grexa.site/,"metro Pilar no 61, Gangania Complex, Sikanderpur Market, Sikanderpur, DLF Phase 1, Sector 26, Gurugram, Haryana 122002, India",5,78,OPERATIONAL,https://maps.google.com/?cid=12606065583316815861&g_mp=Cilnb29nbGUubWFwcy5wbGFjZXMudjEuUGxhY2VzLlNlYXJjaE5lYXJieRACGAQgAA,ChIJGxqSt8oZDTkR9U_gtNu98a4
Eastman Dealer - Kishan Battery & Auto Electric Works,,wholesaler|supplier|service|point_of_interest|establishment,0612 415 7887,https://eastman-dealers.eaplworld.com/near-me/gurugram/Sector-26/eastman-dealer-kishan-battery-auto-electric-works-in-Sector-26-gurugram--2oOX7t/home,"Shop No 3, Number 61, Gangania Complex, Mehrauli-Gurgaon Rd, opposite Metro Pillar, Sikanderpur, DLF Phase 1, Sector 26, Gurugram, Haryana 122002, India",,,OPERATIONAL,https://maps.google.com/?cid=2963490858000979242&g_mp=Cilnb29nbGUubWFwcy5wbGFjZXMudjEuUGxhY2VzLlNlYXJjaE5lYXJieRACGAQgAA,ChIJv2dYtF4ZDTkRKhVE7jtvICk
Maruti Electricals,service,store|service|point_of_interest|establishment,098101 44483,,"Gangania Complex, Mehrauli-Gurgaon Rd, Sikanderpur, DLF Phase 1, Sector 26, Gurugram, Haryana 122002, India",5,4,OPERATIONAL,https://maps.google.com/?cid=344762192420369817&g_mp=Cilnb29nbGUubWFwcy5wbGFjZXMudjEuUGxhY2VzLlNlYXJjaE5lYXJieRACGAQgAA,ChIJPb4BOywZDTkRmXUzK2PXyAQ
V Mobile,,point_of_interest|establishment,098138 48349,,"Metro Pillar Number 61, opposite Sikanderpur Market, Block H, DLF Phase 1, Sector 26, Gurugram, Haryana 122002, India",,,OPERATIONAL,https://maps.google.com/?cid=2468775743176907503&g_mp=Cilnb29nbGUubWFwcy5wbGFjZXMudjEuUGxhY2VzLlNlYXJjaE5lYXJieRACGAQgAA,ChIJDQhJtkIZDTkR7xopUnXaQiI
Talent Study Circle,,point_of_interest|establishment,099538 00064,,"2nd Floor, Gaurav Plaza, Opp. Metro Pillar No.50, Near Guru Dronacharya metro Stn., sikanderpur, Sikanderpur, DLF Phase 1, Sector 26, Gurugram, Haryana 122002, India",3.9,31,OPERATIONAL,https://maps.google.com/?cid=2322159438437843795&g_mp=Cilnb29nbGUubWFwcy5wbGFjZXMudjEuUGxhY2VzLlNlYXJjaE5lYXJieRACGAQgAA,ChIJtVucQSwZDTkRU4Pot7T3OSA
PR Dezign & Print,manufacturer,manufacturer|store|point_of_interest|service|establishment,098993 22450,https://pr-dezign-print.grexa.site/,"Shop No. 25B, Near Metro Pillar 50 Mehrauli-Gurgaon Rd, Sikanderpur Rd, Sikanderpur, DLF Phase 1, Sector 26, Gurugram, Haryana 122002, India",5,12,OPERATIONAL,https://maps.google.com/?cid=7632925104718369763&g_mp=Cilnb29nbGUubWFwcy5wbGFjZXMudjEuUGxhY2VzLlNlYXJjaE5lYXJieRACGAQgAA,ChIJbw_4wboZDTkR41PmF_GY7Wk
Allied Pest Control,service,point_of_interest|service|establishment,099909 09314,http://www.thealliedpestcontrol.com/,"Mehrauli Gurgaon Road,Opp Gurgaon Gramin Bank,Metro Pillar No-50,, Sikanderpur,Gurgaon, Sikanderpur, DLF Phase 1, Sector 26, Gurugram, Haryana 122002, India",4.7,3,OPERATIONAL,https://maps.google.com/?cid=3678049135916972937&g_mp=Cilnb29nbGUubWFwcy5wbGFjZXMudjEuUGxhY2VzLlNlYXJjaE5lYXJieRACGAQgAA,ChIJdZGXeSwZDTkRiXvDtDMOCzM
Sandeep Cosmetic,cosmetics_store,cosmetics_store|store|point_of_interest|establishment,091425 18538,,"Shop 3, Numberdar Market, Sikanderpur, DLF Phase 1, Sector 26, Gurugram, Haryana 122002, India",,,OPERATIONAL,https://maps.google.com/?cid=1491821166257674524&g_mp=Cilnb29nbGUubWFwcy5wbGFjZXMudjEuUGxhY2VzLlNlYXJjaE5lYXJieRACGAQgAA,ChIJhZ6APHAZDTkRHJkyW3IDtBQ
Lata Enterprises,supplier,supplier|government_office|manufacturer|point_of_interest|service|establishment,080 6246 3185,https://www.lataenterprisesropurifiers.in/,"Shop No 194, Mishri Devi Complex, Sikanderpur Market, Sikanderpur, DLF Phase 1, Sector 26, Gurugram, Haryana 122002, India",4.9,148,OPERATIONAL,https://maps.google.com/?cid=9148081191968196472&g_mp=Cilnb29nbGUubWFwcy5wbGFjZXMudjEuUGxhY2VzLlNlYXJjaE5lYXJieRACGAQgAA,ChIJKRFyZk8ZDTkReEeyH2CD9H4
Sai Art 'N' Glass,store,store|point_of_interest|establishment,099991 85661,,"Gaurav Plaza, 50, Mehrauli-Gurgaon Rd, near Metro Pillar No, Sikanderpur, DLF Phase 1, Sector 26, Gurugram, Haryana 122002, India",,,CLOSED_TEMPORARILY,https://maps.google.com/?cid=11017243837361004976&g_mp=Cilnb29nbGUubWFwcy5wbGFjZXMudjEuUGxhY2VzLlNlYXJjaE5lYXJieRACGAQgAA,ChIJh0rhRiwZDTkRsKHD8eUc5Zg
Beyond Curtains By Charu Sawhney,general_contractor,general_contractor|home_goods_store|store|point_of_interest|service|establishment,098111 84365,,"Shop No 2, Gaurav Plaza, opposite Metro Pillar No. 50, Sikanderpur, DLF Phase 1, Sector 26, Gurugram, Haryana 122002, India",5,19,OPERATIONAL,https://maps.google.com/?cid=12772233501506353136&g_mp=Cilnb29nbGUubWFwcy5wbGFjZXMudjEuUGxhY2VzLlNlYXJjaE5lYXJieRACGAQgAA,ChIJ48sBmdIZDTkR8DehDbMWQLE
Shree Shyam Molding,general_contractor,general_contractor|point_of_interest|service|establishment,093500 52254,,"Mamchand, Market Sikanderpur, near H Block, Sikanderpur, DLF Phase 1, Sector 26, Gurugram, Haryana 122002, India",5,1,OPERATIONAL,https://maps.google.com/?cid=3314421072015351889&g_mp=Cilnb29nbGUubWFwcy5wbGFjZXMudjEuUGxhY2VzLlNlYXJjaE5lYXJieRACGAQgAA,ChIJf90zAgAfDTkRUWCLiWcw_y0
RO Care India,,supplier|manufacturer|store|point_of_interest|service|establishment,093115 87744,https://www.rocareindia.com/ro-service-sector-26-gurgaon,"Shop No-120, Market Sikanderpur, Shri Ram Bacchan, near H Block, Sikanderpur, DLF Phase 1, Sector 26, Gurugram, Haryana 122002, India",5,1,OPERATIONAL,https://maps.google.com/?cid=7646034182088949600&g_mp=Cilnb29nbGUubWFwcy5wbGFjZXMudjEuUGxhY2VzLlNlYXJjaE5lYXJieRACGAQgAA,ChIJmSqRHSoZDTkRYP_nA5QrHGo
Faizan Brass Arts,store,store|point_of_interest|establishment,099903 33992,,"Metro pillar 63, Market Sikanderpur, Sikanderpur, DLF Phase 1, Sector 26, Gurugram, Haryana 122002, India",4.4,7,OPERATIONAL,https://maps.google.com/?cid=13768463748517858715&g_mp=Cilnb29nbGUubWFwcy5wbGFjZXMudjEuUGxhY2VzLlNlYXJjaE5lYXJieRACGAQgAA,ChIJu1v1IoUfDTkRmw1AsdRoE78
Raja Hotel,restaurant,restaurant|food|point_of_interest|establishment,088519 77229,,"Sukanderpur, Sikanderpur, DLF Phase 1, Sector 26, Gurugram, Haryana 122002, India",,,OPERATIONAL,https://maps.google.com/?cid=6005344684154006614&g_mp=Cilnb29nbGUubWFwcy5wbGFjZXMudjEuUGxhY2VzLlNlYXJjaE5lYXJieRACGAQgAA,ChIJ5QngdKcZDTkRVqzHLCxFV1M
AS Balloon & Decorator,,point_of_interest|establishment,092668 22432,https://asballoondecorator.com/,"Shop No. 4 First Floor, Market Sikanderpur, opposite Metro Pillar No. 49, near Mehrauli-Gurgaon Road, Sikanderpur, DLF Phase 1, Sector 26, Gurugram, Haryana 122002, India",5,49,OPERATIONAL,https://maps.google.com/?cid=12423069203291571380&g_mp=Cilnb29nbGUubWFwcy5wbGFjZXMudjEuUGxhY2VzLlNlYXJjaE5lYXJieRACGAQgAA,ChIJPTdr7SwZDTkRtARKwp6bZ6w
Codenexus,,point_of_interest|establishment,093192 10584,,"2nd Floor, Gaurav Plaza, Sikanderpur, DLF Phase 1, Guru Dronacharya, Gurugram, Haryana 122002, India",5,53,OPERATIONAL,https://maps.google.com/?cid=2393300933845980800&g_mp=Cilnb29nbGUubWFwcy5wbGFjZXMudjEuUGxhY2VzLlNlYXJjaE5lYXJieRACGAQgAA,ChIJmTN8LZgZDTkRgBaA4oS2NiE
HUSSAIN COMMUNICATION & MOBILE REPAIRING,service,point_of_interest|service|establishment,098103 06462,,"house no 314, shop 1, 50, Sikanderpur Rd, near Metro Piller, Sikanderpur, DLF Phase 1, Sector 26, Gurugram, Haryana 122002, India",4.9,36,OPERATIONAL,https://maps.google.com/?cid=13372173721167017840&g_mp=Cilnb29nbGUubWFwcy5wbGFjZXMudjEuUGxhY2VzLlNlYXJjaE5lYXJieRACGAQgAA,ChIJXVGwfNIZDTkRcDf5jCaBk7k
Go Brionuts,food_store,food_store|wholesaler|store|food|point_of_interest|service|establishment,093151 88797,http://www.gobrionuts.com/,"Shop no. 7, Gaurav Plaza, Sikanderpur Rd, opposite metro pillar no. 50, Sikanderpur, DLF Phase 1, Sector 26, Gurugram, Haryana 122002, India",5,26,OPERATIONAL,https://maps.google.com/?cid=16482183263876666204&g_mp=Cilnb29nbGUubWFwcy5wbGFjZXMudjEuUGxhY2VzLlNlYXJjaE5lYXJieRACGAQgAA,ChIJL8BQsNoZDTkRXNNBJlp6vOQ
United plywood and timber,general_contractor,general_contractor|service|point_of_interest|establishment,088263 59979,,"Gurudrona charya metro station, near Rajendra market, Sikanderpur, Sector 26, Gurugram, Haryana 122002, India",,,CLOSED_TEMPORARILY,https://maps.google.com/?cid=10999942321152744785&g_mp=Cilnb29nbGUubWFwcy5wbGFjZXMudjEuUGxhY2VzLlNlYXJjaE5lYXJieRACGAQgAA,ChIJJc-mAEUZDTkRUV0YykKlp5g
FARDEEN STORE,clothing_store,clothing_store|store|point_of_interest|establishment,086306 35107,,"Shop No 55, Gate No 1, Dronacharya Metro Station, Sikanderpur, Sector 26, Gurugram, Haryana 122002, India",,,CLOSED_TEMPORARILY,https://maps.google.com/?cid=6395305245895408420&g_mp=Cilnb29nbGUubWFwcy5wbGFjZXMudjEuUGxhY2VzLlNlYXJjaE5lYXJieRACGAQgAA,ChIJBepnyd8ZDTkRJLvJwzywwFg
Muin Khan Shop,store,store|point_of_interest|establishment,070426 17494,,"8 Guru Dronacharya Metro, Sikanderpur, Sector 26, Gurugram, Haryana 122002, India",,,CLOSED_TEMPORARILY,https://maps.google.com/?cid=2524220491277073598&g_mp=Cilnb29nbGUubWFwcy5wbGFjZXMudjEuUGxhY2VzLlNlYXJjaE5lYXJieRACGAQgAA,ChIJ1Qf05OEZDTkRvvxUtSnVByM
HDFC,bank,bank|finance|point_of_interest|establishment,1800 1601,https://www.hdfc.bank.in/branch-locator/haryana/gurugram/hdfcbank-branch-globalbusinesspark,"Unit Number 1 5, GF, JMD Regent Plaza, to, Mehrauli-Gurgaon Rd, near Guru Dronacharya Metro Station, Sikanderpur, Sector 26, Gurugram, Haryana 122002, India",1.4,9,OPERATIONAL,https://maps.google.com/?cid=11471396728945696435&g_mp=Cilnb29nbGUubWFwcy5wbGFjZXMudjEuUGxhY2VzLlNlYXJjaE5lYXJieRACGAQgAA,ChIJ__9PsiwZDTkRs95iAoyWMp8
Aman Enterprises,clothing_store,clothing_store|store|point_of_interest|establishment,087005 40771,,"Shop No 55, gate no 1, Dronacharya Metro Station, Sikanderpur, Sector 26, Gurugram, Haryana 122002, India",,,CLOSED_TEMPORARILY,https://maps.google.com/?cid=6563275395365817343&g_mp=Cilnb29nbGUubWFwcy5wbGFjZXMudjEuUGxhY2VzLlNlYXJjaE5lYXJieRACGAQgAA,ChIJGT67bHsZDTkR_0vXxzJwFVs
Tea Stall Sachin,tea_store,tea_store|food_store|store|food|point_of_interest|establishment,091616 90404,,"3e, Old Post Office Road, Sikanderpur, DLF Phase 2, Aya Nagar, Gurugram, Haryana 122002, India",4,1,OPERATIONAL,https://maps.google.com/?cid=12719635326060108423&g_mp=Cilnb29nbGUubWFwcy5wbGFjZXMudjEuUGxhY2VzLlNlYXJjaE5lYXJieRACGAQgAA,ChIJnSH0EG0ZDTkRh5pSAvA4hbA
Faber Capital,consultant,finance|consultant|service|point_of_interest|establishment,0124 420 9929,,"904 - B, Global Business Park MG Road, Sikanderpur, Sector 26, Gurugram, Haryana 122002, India",,,OPERATIONAL,https://maps.google.com/?cid=9696626778354679848&g_mp=Cilnb29nbGUubWFwcy5wbGFjZXMudjEuUGxhY2VzLlNlYXJjaE5lYXJieRACGAQgAA,ChIJg9JFsSwZDTkRKABfE65WkYY
Chupa Chups,candy_store,candy_store|confectionery|food_store|store|food|point_of_interest|establishment,0124 672 6371,http://chupachups.in/,"1st. Floor, GLOBAL BUSINESS PARK, Mehrauli-Gurgaon Rd, Sikanderpur, Sector 26, Gurugram, Haryana 122002, India",5,2,OPERATIONAL,https://maps.google.com/?cid=6028055151352215631&g_mp=Cilnb29nbGUubWFwcy5wbGFjZXMudjEuUGxhY2VzLlNlYXJjaE5lYXJieRACGAQgAA,ChIJfc1FsSwZDTkRT_jP3jj0p1M
WHSmith Store,department_store,department_store|store|point_of_interest|establishment,070424 03337,https://www.whsmithindia.com/,"Guru Dronacharya Metro Station, GE/K/-PD-2, Unpaid Area, Gate 1 Guru Dronacharya, Sikanderpur, Sector 26, Gurugram, Haryana 122010, India",3.3,4,CLOSED_TEMPORARILY,https://maps.google.com/?cid=18343594559356649043&g_mp=Cilnb29nbGUubWFwcy5wbGFjZXMudjEuUGxhY2VzLlNlYXJjaE5lYXJieRACGAQgAA,ChIJTyW1yywZDTkRU749LhCKkf4
Annanya Designs & Interiors,service,service|point_of_interest|establishment,099112 61611,https://www.annanyainterior.com/,"7th Floor, Tower D, GLOBAL BUSINESS PARK, MR-1, Sikanderpur, Sector 26, Gurugram, Haryana 122002, India",4.6,16,OPERATIONAL,https://maps.google.com/?cid=8043818905620739070&g_mp=Cilnb29nbGUubWFwcy5wbGFjZXMudjEuUGxhY2VzLlNlYXJjaE5lYXJieRACGAQgAA,ChIJE8bmPrkZDTkR_nMYO61ioW8
Simon India Limited,consultant,consultant|service|point_of_interest|establishment,0124 451 8500,http://www.simonindia.com/,"8th Floor, Adventz, GLOBAL BUSINESS PARK, Mehrauli-Gurgaon Rd, near Guru Dronacharya metro station, Sikanderpur, Sector 26, Gurugram, Haryana 122002, India",4.8,13,OPERATIONAL,https://maps.google.com/?cid=613429031393153399&g_mp=Cilnb29nbGUubWFwcy5wbGFjZXMudjEuUGxhY2VzLlNlYXJjaE5lYXJieRACGAQgAA,ChIJ9QUI9AYfDTkRd9EZN3RWgwg
Panerai Boutique,store,store|point_of_interest|service|establishment,092113 10968,https://www.ethoswatches.com/locatestore/sgep-gurugram/,"GF-11, Ethos City of Time, Emaar capital tower 2, Mehrauli-Gurgaon Rd, Sikanderpur, Sector 26, Gurugram, Haryana 122002, India",5,2,OPERATIONAL,https://maps.google.com/?cid=13554669395713328727&g_mp=Cilnb29nbGUubWFwcy5wbGFjZXMudjEuUGxhY2VzLlNlYXJjaE5lYXJieRACGAQgAA,ChIJnUhknSsfDTkRVwZa6__bG7w
Ethos Watch Boutiques,store,store|point_of_interest|service|establishment,092113 10966,https://www.ethoswatches.com/locatestore/sge2-gurugram/,"GF-3,4,5, Emaar capital tower 2, Mehrauli-Gurgaon Rd, Sikanderpur, Sector 26, Gurugram, Haryana 122002, India",3,2,OPERATIONAL,https://maps.google.com/?cid=17499104956295167371&g_mp=Cilnb29nbGUubWFwcy5wbGFjZXMudjEuUGxhY2VzLlNlYXJjaE5lYXJieRACGAQgAA,ChIJgwdMqFkfDTkRiz1AVz5P2fI
Sage Publications India,,point_of_interest|establishment,011 4053 9222,http://www.sagepub.com/,"10th Floor, Emaar capital tower 2, Mehrauli-Gurgaon Rd, Sikanderpur, Sector 26, Gurugram, Haryana 122002, India",4.1,173,OPERATIONAL,https://maps.google.com/?cid=13139191901982537801&g_mp=Cilnb29nbGUubWFwcy5wbGFjZXMudjEuUGxhY2VzLlNlYXJjaE5lYXJieRACGAQgAA,ChIJZ3YY9lfhDDkRSbhboWvJV7Y
Rockman Industries Corporate Office,corporate_office,corporate_office|point_of_interest|establishment,0124 470 7700,https://www.rockman.in/,"9th floor Unit No 3&4, Emaar CAPITAL TOWER-2, near Guru Dronacharya Metro Station, Sikanderpur, Sector 26, Gurugram, Haryana 122002, India",4.5,59,OPERATIONAL,https://maps.google.com/?cid=6859485754366738745&g_mp=Cilnb29nbGUubWFwcy5wbGFjZXMudjEuUGxhY2VzLlNlYXJjaE5lYXJieRACGAQgAA,ChIJGxLH-lEfDTkROcHhUvPJMV8
Dezan Shira & Associates New Delhi,consultant,consultant|point_of_interest|service|establishment,0124 400 1785,http://www.dezshira.com/,"Unit No, 11th Floor, Emaar Capital Tower, 1101-A, Mehrauli-Gurgaon Rd, Sikanderpur, Sector 26, Gurugram, Haryana 122002, India",4.5,13,OPERATIONAL,https://maps.google.com/?cid=18108267652422583514&g_mp=Cilnb29nbGUubWFwcy5wbGFjZXMudjEuUGxhY2VzLlNlYXJjaE5lYXJieRACGAQgAA,ChIJHbuUAYvhDDkR2kRY-Hx9Tfs
Ulysse Nardin Boutique,store,store|point_of_interest|service|establishment,092113 10963,https://www.ethoswatches.com/locatestore/sgeu-gurugram/,"Ethos City of Time, Emaar capital tower 2, Mehrauli-Gurgaon Rd, Sikanderpur, Sector 26, Gurugram, Haryana 122002, India",5,1,OPERATIONAL,https://maps.google.com/?cid=6256334734947530567&g_mp=Cilnb29nbGUubWFwcy5wbGFjZXMudjEuUGxhY2VzLlNlYXJjaE5lYXJieRACGAQgAA,ChIJN5klvl0fDTkRRzd8QEv30lY
Fig at MG,cafe,cafe|food|point_of_interest|establishment,084471 02226,https://www.instagram.com/figatmgroad/,"Ground Floor, TOWER-A, Global Gateway Towers, Unit 1, Mehrauli-Gurgaon Rd, Sikanderpur, Sector 26, Gurugram, Haryana 122002, India",4.4,1028,OPERATIONAL,https://maps.google.com/?cid=128419131791281617&g_mp=Cilnb29nbGUubWFwcy5wbGFjZXMudjEuUGxhY2VzLlNlYXJjaE5lYXJieRACGAQgAA,ChIJjZ5VkrsZDTkR0Y3IHIU8yAE
WTW (Willis Towers Watson),consultant,consultant|point_of_interest|service|establishment,0124 432 2800,https://www.wtwco.com/,"7th Floor, Unit 07-001, Emaar Capital Towers, 2, Mehrauli-Gurgaon Rd, Sikanderpur, Sector 26, Sikanderpur Ghosi, Gurugram, Haryana 122002, India",4.5,73,OPERATIONAL,https://maps.google.com/?cid=18366032784887909254&g_mp=Cilnb29nbGUubWFwcy5wbGFjZXMudjEuUGxhY2VzLlNlYXJjaE5lYXJieRACGAQgAA,ChIJFWkLo-8YDTkRhgtsrIJB4f4
Tudor Boutique,store,store|point_of_interest|service|establishment,099995 57069,https://www.ethoswatches.com/,"Ethos City of Time, GF-02, Guru Dronacharya Metro Station, Emaar capital tower 2, Sikanderpur, Sector 26, Gurugram, Haryana 122022, India",5,3,OPERATIONAL,https://maps.google.com/?cid=5788956108861536268&g_mp=Cilnb29nbGUubWFwcy5wbGFjZXMudjEuUGxhY2VzLlNlYXJjaE5lYXJieRACGAQgAA,ChIJLYHpWR8fDTkRDPgE6eiAVlA
H. Moser & Cie. | Gurugram | India,store,store|point_of_interest|service|establishment,096344 35134,https://www.ethoswatches.com/locatestore/sgem-gurugram/,"GF-12, Emaar capital tower 2, Mehrauli-Gurgaon Rd, Sikanderpur, Sector 26, Gurugram, Haryana 122002, India",4.1,14,OPERATIONAL,https://maps.google.com/?cid=117470270424508583&g_mp=Cilnb29nbGUubWFwcy5wbGFjZXMudjEuUGxhY2VzLlNlYXJjaE5lYXJieRACGAQgAA,ChIJPU6hSh0fDTkRp2hSrJZWoQE
Kearney,consultant,consultant|point_of_interest|service|establishment,0124 409 0700,https://www.kearney.com/?utm_campaign=gmb-listing&utm_medium=organic&utm_source=google,"8th Floor, Emaar Mgf Capital Tower, Mehrauli-Gurgaon Rd, Sikanderpur, Sector 26, Sikanderpur Ghosi, Gurugram, Haryana 122002, India",4.5,84,OPERATIONAL,https://maps.google.com/?cid=2308184810095558384&g_mp=Cilnb29nbGUubWFwcy5wbGFjZXMudjEuUGxhY2VzLlNlYXJjaE5lYXJieRACGAQgAA,ChIJlQNEVCsZDTkR8L6yAdtRCCA
Mitsubishi Electric India Private Limited,manufacturer,manufacturer|corporate_office|point_of_interest|establishment,0124 673 9300,https://www.mitsubishielectric.in/,"3rd Floor, Global Gateway Tower A, Global Gateway Towers, Mehrauli-Gurgaon Rd, Sikanderpur, Sector 26, Gurugram, Haryana 122002, India",4.2,119,OPERATIONAL,https://maps.google.com/?cid=10051434585976850946&g_mp=Cilnb29nbGUubWFwcy5wbGFjZXMudjEuUGxhY2VzLlNlYXJjaE5lYXJieRACGAQgAA,ChIJP3tCtzcZDTkRAso5TIDefYs
Bumpers,child_care_agency,child_care_agency|clothing_store|store|service|point_of_interest|establishment,078385 22214,https://bumpersbabyco.com/,"Emaar Mgf Capital Tower Tower 1, GF015, Sikanderpur, Sector 26, Gurugram, Haryana 122002, India",,,OPERATIONAL,https://maps.google.com/?cid=10831432082185494946&g_mp=Cilnb29nbGUubWFwcy5wbGFjZXMudjEuUGxhY2VzLlNlYXJjaE5lYXJieRACGAQgAA,ChIJ20rJE_kfDTkRoqFvYxf6UJY
"Gallagher Insurance, Risk Management & Consulting",insurance_agency,insurance_agency|consultant|service|point_of_interest|establishment,098102 67981,https://locations.ajg.com/in/haryana/gurugram/dlf-forum-dlf-cybercity-phase-iii?utm_source=google&utm_medium=Google_My_Business&utm_campaign=GMB_website_click_Unit+No.+509%2C+5th+Floor%2C+Tower+1%2C+The+Capital+Tower%2C+MG+Road%2C+Sector+26+Gurugram&y_source=1_MzA2MTQyMzYtNzE1LWxvY2F0aW9uLndlYnNpdGU%3D,"5th Floor, Tower-1, The Capital Tower, Unit No. 509, Mehrauli-Gurgaon Rd, Sikanderpur, Sector 26, Gurugram, Haryana 122002, India",3.8,8,OPERATIONAL,https://maps.google.com/?cid=5893530739458491163&g_mp=Cilnb29nbGUubWFwcy5wbGFjZXMudjEuUGxhY2VzLlNlYXJjaE5lYXJieRACGAQgAA,ChIJr_6e8gkZDTkRG8NEdvsGylE
Uamesh Paan Stall,store,store|point_of_interest|establishment,088828 48050,,"Shop No 155, near Gurudonachrya Metro, S Block, Sikanderpur, DLF Phase 3, Sector 24, Gurugram, Haryana 122002, India",,,CLOSED_TEMPORARILY,https://maps.google.com/?cid=4194394019551687770&g_mp=Cilnb29nbGUubWFwcy5wbGFjZXMudjEuUGxhY2VzLlNlYXJjaE5lYXJieRACGAQgAA,ChIJAYn--kwfDTkRWrRmTyN7NTo
Universal Harvest Food,shopping_mall,shopping_mall|point_of_interest|establishment,095200 30018,,"Phase 1, DLF Grand Mall, Mehrauli-Gurgaon Rd, Sikanderpur, Sector 26, Gurugram, Haryana 122002, India",4.5,2,OPERATIONAL,https://maps.google.com/?cid=2494527803181700108&g_mp=Cilnb29nbGUubWFwcy5wbGFjZXMudjEuUGxhY2VzLlNlYXJjaE5lYXJieRACGAQgAA,ChIJJUHg2BofDTkRDBT7BtJXniI
Seven Step Consulting,service,consultant|service|point_of_interest|establishment,081156 09560,https://www.sevenstepconsulting.com/,"1006, 10th Floor, Emaar Mgf Capital Tower, 1, Mehrauli-Gurgaon Rd, Sikanderpur, Sector 26, Gurugram, Haryana 122002, India",5,10,OPERATIONAL,https://maps.google.com/?cid=12879329141999752758&g_mp=Cilnb29nbGUubWFwcy5wbGFjZXMudjEuUGxhY2VzLlNlYXJjaE5lYXJieRACGAQgAA,ChIJayip_kEfDTkRNlY79p2RvLI
Priyanka India Pvt Ltd,consultant,consultant|service|point_of_interest|establishment,093112 60122,http://www.priyankaindia.com/,"Unit GF-15, Emaar Mgf Capital Tower, 1 - Downtown, Mehrauli-Gurgaon Rd, Sikanderpur, Sector 26, Gurugram, Haryana 122002, India",,,OPERATIONAL,https://maps.google.com/?cid=13790576828560488954&g_mp=Cilnb29nbGUubWFwcy5wbGFjZXMudjEuUGxhY2VzLlNlYXJjaE5lYXJieRACGAQgAA,ChIJQ8rf0W4fDTkR-rkUWo_4Yb8
Sentro Space,real_estate_agency,real_estate_agency|service|point_of_interest|establishment,501842869,,"408, Capital Tower, 1, Mehrauli-Gurgaon Rd, Sikanderpur, Sector 26, Gurugram, Haryana 122002, India",5,2,OPERATIONAL,https://maps.google.com/?cid=15118926473660499607&g_mp=Cilnb29nbGUubWFwcy5wbGFjZXMudjEuUGxhY2VzLlNlYXJjaE5lYXJieRACGAQgAA,ChIJnbZjqqAfDTkRl4bIN4Y30dE
Coral Drugs Pvt. Limited,manufacturer,health|manufacturer|point_of_interest|establishment,011 2335 6298,https://coraldrugs.com/,"8-004 (8th Floor Emaar Capital Tower 1, Mehrauli-Gurgaon Rd, near Guru Dronacharya Metro Station, Sikanderpur, Sector 26, Gurugram, Haryana 122002, India",3.5,2,OPERATIONAL,https://maps.google.com/?cid=15075196249693314277&g_mp=Cilnb29nbGUubWFwcy5wbGFjZXMudjEuUGxhY2VzLlNlYXJjaE5lYXJieRACGAQgAA,ChIJdYOUDOcZDTkR5VxFBh7bNdE
Dura Conveyor Belting Pvt. Ltd.,manufacturer,manufacturer|point_of_interest|establishment,093111 24432,https://durabelting.in/,"710, 7th Floor, Emaar Mgf Capital Tower, 1, Mehrauli-Gurgaon Rd, Sikanderpur, Sector 26, Gurugram, Haryana 122002, India",4.8,6,OPERATIONAL,https://maps.google.com/?cid=5376749770559481016&g_mp=Cilnb29nbGUubWFwcy5wbGFjZXMudjEuUGxhY2VzLlNlYXJjaE5lYXJieRACGAQgAA,ChIJWTzlaH4ZDTkRuGRc2G0Nnko
Greenedge ECO Solutions,manufacturer,manufacturer|point_of_interest|establishment,0124 489 6091,https://greenedgeltd.com/,"Unit 1002-05, Emaar Mgf Capital Tower, 1, Mehrauli-Gurgaon Rd, Sikanderpur, Sector 26, Gurugram, Haryana 122002, India",5,9,OPERATIONAL,https://maps.google.com/?cid=9984717240806472599&g_mp=Cilnb29nbGUubWFwcy5wbGFjZXMudjEuUGxhY2VzLlNlYXJjaE5lYXJieRACGAQgAA,ChIJ4dlK5xJ-lacRl_v84G3XkIo
The Clarks Hotels and Resorts,corporate_office,corporate_office|fine_dining_restaurant|family_restaurant|vegetarian_restaurant|buffet_restaurant|restaurant|food|point_of_interest|establishment,092058 67733,https://www.theclarkshotels.com/?utm_source=google&utm_medium=organic,"Emaar Mgf Capital Tower, 707, Mehrauli-Gurgaon Rd, Sikanderpur, Sector 26, Gurugram, Haryana 122002, India",4.6,18,OPERATIONAL,https://maps.google.com/?cid=14935858074664973065&g_mp=Cilnb29nbGUubWFwcy5wbGFjZXMudjEuUGxhY2VzLlNlYXJjaE5lYXJieRACGAQgAA,ChIJgbSsdXAfDTkRCTMODMnTRs8
KRecycling Pvt Ltd,service,wholesaler|manufacturer|service|point_of_interest|establishment,098993 10325,http://www.krecyclinginc.com/,"Capital Tower, Emaar Mgf Capital Tower, CT-08-002, Mehrauli-Gurgaon Rd, Sikanderpur, Sector 26, Gurugram, Haryana 122002, India",4.3,3,OPERATIONAL,https://maps.google.com/?cid=2128480668190616172&g_mp=Cilnb29nbGUubWFwcy5wbGFjZXMudjEuUGxhY2VzLlNlYXJjaE5lYXJieRACGAQgAA,ChIJgSgIGKAZDTkRbKrJ-uPhiR0
Jlk Enterprises,home_goods_store,home_goods_store|store|service|point_of_interest|establishment,0124 405 4333,,"Sf-08, Mgf""the Plaza"", Mehrauli Gurgaon Road, Mehrauli Gurgaon Road, Arjan Garh, Aya Nagar, Gurugram, Haryana 122002, India",5,23,CLOSED_TEMPORARILY,https://maps.google.com/?cid=15091685481430409892&g_mp=Cilnb29nbGUubWFwcy5wbGFjZXMudjEuUGxhY2VzLlNlYXJjaE5lYXJieRACGAQgAA,ChIJg94RWhkZDTkRpGKUdvxvcNE
Aero Club,shoe_store,shoe_store|store|point_of_interest|establishment,0124 406 8078,http://aeroclubofindia.in/,"G Floor, Cs-023-a, Dlf-2, Dlf City Centre, Dlf City Centre, Arjan Garh, Aya Nagar, Gurugram, Haryana 122002, India",1,1,CLOSED_TEMPORARILY,https://maps.google.com/?cid=5302602286851246772&g_mp=Cilnb29nbGUubWFwcy5wbGFjZXMudjEuUGxhY2VzLlNlYXJjaE5lYXJieRACGAQgAA,ChIJVVVVVVUWDTkRtErxfK-glkk
Deepak Tours & Travels,travel_agency,travel_agency|service|point_of_interest|establishment,0124 235 1391,,"Vashisht Complex, 306, Main Mehrauli Gurgaon Road, Sikanderpur, Aya Nagar, Gurugram, Haryana 122002, India",1.7,6,CLOSED_TEMPORARILY,https://maps.google.com/?cid=2706102826588997394&g_mp=Cilnb29nbGUubWFwcy5wbGFjZXMudjEuUGxhY2VzLlNlYXJjaE5lYXJieRACGAQgAA,ChIJWcYCLtEeDTkREoeE6C4CjiU
Hotel & restaurant,hotel,hotel|lodging|point_of_interest|establishment,083687 86879,,"Arjan Garh, Aya Nagar, Gurugram, Haryana 122002, India",5,1,OPERATIONAL,https://maps.google.com/?cid=1931737442264180564&g_mp=Cilnb29nbGUubWFwcy5wbGFjZXMudjEuUGxhY2VzLlNlYXJjaE5lYXJieRACGAQgAA,ChIJ-5sxEzcfDTkRVGd6Dfjozho
Supreme Marble & Granite - Somany Dealer,supplier,home_goods_store|building_materials_store|supplier|store|manufacturer|service|point_of_interest|establishment,087503 01675,,"Marble Market, Mehrauli-Gurgaon Rd, opposite Metro Pillar N0. 14, Sikanderpur, Arjan Garh, Aya Nagar, Gurugram, Haryana 122002, India",5,16,OPERATIONAL,https://maps.google.com/?cid=17746394006255436774&g_mp=Cilnb29nbGUubWFwcy5wbGFjZXMudjEuUGxhY2VzLlNlYXJjaE5lYXJieRACGAQgAA,ChIJ513B1dYeDTkR5gP6AlPbR_Y
Uday Industries,,service|point_of_interest|establishment,099187 84217,,"19 sarasvati vihar, Mehrauli-Gurgaon Rd, DLF Phase 1, sector - 28, Gurugram, Haryana 122010, India",4.3,13,CLOSED_TEMPORARILY,https://maps.google.com/?cid=6832719242616069075&g_mp=Cilnb29nbGUubWFwcy5wbGFjZXMudjEuUGxhY2VzLlNlYXJjaE5lYXJieRACGAQgAA,ChIJZW2rqEofDTkR01sbKvOx0l4
Shri adihnath marble and granite,,supplier|manufacturer|point_of_interest|establishment,098104 09434,,"Shri adihnath marble and granites, marble market, Mehrauli-Gurgaon Rd, opposite pillar metro 14, Sikanderpur, Arjan Garh, Aya Nagar, Gurugram, Haryana 122002, India",4.8,5,OPERATIONAL,https://maps.google.com/?cid=4870474098467507333&g_mp=Cilnb29nbGUubWFwcy5wbGFjZXMudjEuUGxhY2VzLlNlYXJjaE5lYXJieRACGAQgAA,ChIJdUB03NMeDTkRhYzlPmNml0M
saniya stone,wholesaler,wholesaler|service|point_of_interest|establishment,070074 31625,,"MDR137, G Block, DLF Phase 1, Sector 26, Gurugram, Haryana 122002, India",5,2,OPERATIONAL,https://maps.google.com/?cid=13064260194052066436&g_mp=Cilnb29nbGUubWFwcy5wbGFjZXMudjEuUGxhY2VzLlNlYXJjaE5lYXJieRACGAQgAA,ChIJ9ZPkTwAfDTkRhMy_122TTbU
Jain Enterprises (The Marble and granite firm),manufacturer,supplier|manufacturer|point_of_interest|establishment,098992 67260,,"Jain Enterprises, 14, Mehrauli-Gurgaon Rd, opposite metro pillar no, Arjan Garh, Sector 24, Gurugram, Haryana 122002, India",5,9,CLOSED_TEMPORARILY,https://maps.google.com/?cid=10318889857501008760&g_mp=Cilnb29nbGUubWFwcy5wbGFjZXMudjEuUGxhY2VzLlNlYXJjaE5lYXJieRACGAQgAA,ChIJ38_3OS0fDTkReJO6UKcPNI8
Via Le Regent by Fab,hotel,hotel|lodging|point_of_interest|establishment,070424 24242,https://www.fabhotels.com/hotels-in-gurgaon/fabhotel-le-regent-odbpfuzy.html,"Plot No: 40, Qutab Enclave, DLF Phase 1, Sector 26, Gurugram, Haryana 122002, India",1,2,OPERATIONAL,https://maps.google.com/?cid=4865874630819415141&g_mp=Cilnb29nbGUubWFwcy5wbGFjZXMudjEuUGxhY2VzLlNlYXJjaE5lYXJieRACGAQgAA,ChIJe3ITVccfDTkRZYSTOzIPh0M
Brando Enterprises,corporate_office,corporate_office|point_of_interest|establishment,098108 28696,http://brandoenterprises.com/,"Kh, No. 668, 2, Mehrauli-Gurgaon Rd, Sikanderpur, Ghitorni, New Delhi, Gurugram, Haryana 122002, India",,,OPERATIONAL,https://maps.google.com/?cid=4729478648270160412&g_mp=Cilnb29nbGUubWFwcy5wbGFjZXMudjEuUGxhY2VzLlNlYXJjaE5lYXJieRACGAQgAA,ChIJUQmjR9EeDTkRHALw0sV7okE
OSWAL MARBLES,manufacturer,wholesaler|supplier|manufacturer|service|point_of_interest|establishment,098183 50816,http://www.oswalmarble.com/,"Oswal Marbles Sikanderpur Marble Market, Mehrauli-Gurgaon Rd, opp. metro pillar no.20, Sikanderpur, Sector 26, Gurugram, Haryana 122002, India",4.4,20,OPERATIONAL,https://maps.google.com/?cid=15506263502717675066&g_mp=Cilnb29nbGUubWFwcy5wbGFjZXMudjEuUGxhY2VzLlNlYXJjaE5lYXJieRACGAQgAA,ChIJVVVVVVUWDTkROmYXAYBQMdc
vikas marble and granite,manufacturer,supplier|manufacturer|point_of_interest|establishment,098103 24426,,"Metro Pillar Number 9, Mehrauli-Gurgaon Rd, opp. sikandarpur, Arjan Garh, Aya Nagar, Gurugram, Haryana 122002, India",5,1,OPERATIONAL,https://maps.google.com/?cid=2326564128387662514&g_mp=Cilnb29nbGUubWFwcy5wbGFjZXMudjEuUGxhY2VzLlNlYXJjaE5lYXJieRACGAQgAA,ChIJazLzM2EfDTkRsoK2g7-dSSA
O.P. Marbles,manufacturer,supplier|manufacturer|point_of_interest|establishment,098109 92638,http://www.opmarbles.com/,"Plot No. 31, Marble Market, 8, Mehrauli-Gurgaon Rd, opposite Metro Pillar No, Sikanderpur, Arjan Garh, Aya Nagar, Gurugram, Haryana 122002, India",4.8,125,OPERATIONAL,https://maps.google.com/?cid=1097929095904150252&g_mp=Cilnb29nbGUubWFwcy5wbGFjZXMudjEuUGxhY2VzLlNlYXJjaE5lYXJieRACGAQgAA,ChIJXxN1OwQYDTkR7MLuFbKgPA8
City Marble & Granite,supplier,supplier|point_of_interest|establishment,098993 30109,,"Marble Market, opposite Pillar No 3, Sikanderpur, Arjan Garh, Aya Nagar, Sikanderpur Ghosi, Gurugram, Haryana 122002, India",3,2,OPERATIONAL,https://maps.google.com/?cid=10539176508413912478&g_mp=Cilnb29nbGUubWFwcy5wbGFjZXMudjEuUGxhY2VzLlNlYXJjaE5lYXJieRACGAQgAA,ChIJvdtqcNUfDTkRniUnCTKtQpI
Tirupati Marbles,manufacturer,supplier|manufacturer|point_of_interest|establishment,098187 88527,,"opposite Pillar number 9, Arjan Garh, Aya Nagar, Gurugram, Haryana 122002, India",,,OPERATIONAL,https://maps.google.com/?cid=15392924314866688215&g_mp=Cilnb29nbGUubWFwcy5wbGFjZXMudjEuUGxhY2VzLlNlYXJjaE5lYXJieRACGAQgAA,ChIJfSKEMHYZDTkR1yAa8hunntU
Bilawat marbles,wholesaler,building_materials_store|supplier|general_contractor|home_goods_store|manufacturer|wholesaler|store|point_of_interest|service|establishment,095404 40836,https://www.bilawatmarbles.com/,"Opposite Near Pillar No. 223, M.G. Road, Border, Sikanderpur, Marbles Market, Aya Nagar, Gurugram, Haryana 122002, India",4.3,26,OPERATIONAL,https://maps.google.com/?cid=5313974533976159780&g_mp=Cilnb29nbGUubWFwcy5wbGFjZXMudjEuUGxhY2VzLlNlYXJjaE5lYXJieRACGAQgAA,ChIJC0bvspIfDTkRJPYeG68Hv0k
Servesar Granites,manufacturer,supplier|manufacturer|point_of_interest|establishment,095609 95550,https://servesargranites.com/,"Metro Pillar Number 6 opo, Mehrauli-Gurgaon Rd, Arjan Garh, Aya Nagar, Gurugram, Haryana 122002, India",5,1,OPERATIONAL,https://maps.google.com/?cid=10414436641653630005&g_mp=Cilnb29nbGUubWFwcy5wbGFjZXMudjEuUGxhY2VzLlNlYXJjaE5lYXJieRACGAQgAA,ChIJKzccYSUeDTkRNaSTkfKCh5A
Goel Marble House,supplier,supplier|point_of_interest|establishment,098113 14956,https://goelmarbles.com/,"plot no 25, Arjan Garh, Aya Nagar, Gurugram, Haryana 122002, India",4,4,OPERATIONAL,https://maps.google.com/?cid=15106186820942178550&g_mp=Cilnb29nbGUubWFwcy5wbGFjZXMudjEuUGxhY2VzLlNlYXJjaE5lYXJieRACGAQgAA,ChIJVVVVVVUWDTkR9ijyrOD0o9E
Khandelwal Marbles,manufacturer,supplier|manufacturer|point_of_interest|establishment,098110 68254,,"11, Mehrauli-Gurgaon Rd, opp. Metro Piller, Sikanderpur, Marble Market, Aya Nagar, Gurugram, Haryana 122002, India",5,5,OPERATIONAL,https://maps.google.com/?cid=18183320238463539829&g_mp=Cilnb29nbGUubWFwcy5wbGFjZXMudjEuUGxhY2VzLlNlYXJjaE5lYXJieRACGAQgAA,ChIJbXX5VaoZDTkRdVrK4mohWPw
"Marble Market, Sikanderpur , Gurgaon",manufacturer,supplier|manufacturer|point_of_interest|establishment,,,"F4J6+CV4, Mehrauli-Gurgaon Rd, Arjan Garh, Aya Nagar, Gurugram, Haryana 122002, India",4.3,44,OPERATIONAL,https://maps.google.com/?cid=6445309675887377390&g_mp=Cilnb29nbGUubWFwcy5wbGFjZXMudjEuUGxhY2VzLlNlYXJjaE5lYXJieRACGAQgAA,ChIJwdQcSdceDTkR7runYgBXclk
"MCD TOLL BOOTH, Ayanagar Border",toll_station,toll_station|transportation_service|point_of_interest|establishment,,,"NH 148A, Arjan Garh, Aya Nagar, New Delhi, Delhi 110038, India",3.5,301,OPERATIONAL,https://maps.google.com/?cid=3068853896081488510&g_mp=Cilnb29nbGUubWFwcy5wbGFjZXMudjEuUGxhY2VzLlNlYXJjaE5lYXJieRACGAQgAA,ChIJR1KrQqMfDTkRfrqC51vClio
FabriCare D'Décor,furniture_store,furniture_store|home_improvement_store|home_goods_store|store|point_of_interest|service|establishment,098107 56545,https://fabricare.ddecor.com/,"DWINDO, Opposite, metro pillar number 342, Arjan Garh, Aya Nagar, New Delhi, Delhi 110047, India",,,OPERATIONAL,https://maps.google.com/?cid=12194198465924101236&g_mp=Cilnb29nbGUubWFwcy5wbGFjZXMudjEuUGxhY2VzLlNlYXJjaE5lYXJieRACGAQgAA,ChIJYzQpWqQfDTkRdPQEquV-Oqk
The 7th Galaxy Lamps & Lights,home_improvement_store,home_improvement_store|home_goods_store|store|point_of_interest|service|establishment,098100 14593,http://www.the7thgalaxy.com/,"Shop No. 2, Plot No 9, Main, Mehrauli-Gurgaon Rd, Arjan Garh, Aya Nagar, New Delhi, Delhi 110047, India",4.1,30,OPERATIONAL,https://maps.google.com/?cid=9196506916329456650&g_mp=Cilnb29nbGUubWFwcy5wbGFjZXMudjEuUGxhY2VzLlNlYXJjaE5lYXJieRACGAQgAA,ChIJcdG8N_ceDTkRCoQ9slCOoH8
Crave Design,car_repair,tire_shop|auto_parts_store|car_repair|store|point_of_interest|service|establishment,099116 62275,,"Mehrauli-Gurgaon Rd, opp. Metro Pillar No 190, Arjan Garh, Aya Nagar, New Delhi, Delhi 110047, India",4.3,135,OPERATIONAL,https://maps.google.com/?cid=8132558863294522463&g_mp=Cilnb29nbGUubWFwcy5wbGFjZXMudjEuUGxhY2VzLlNlYXJjaE5lYXJieRACGAQgAA,ChIJ4Ry4NuQeDTkRX-SfsTKn3HA
Sound oF Music,manufacturer,manufacturer|point_of_interest|service|establishment,098100 50300,http://www.soundofmusic.cc/,"No. 1000, Opposite Pillar #188, Metro Station, next to Arjan Garh, Arjan Garh, Aya Nagar, New Delhi, Delhi 110047, India",4.6,9,OPERATIONAL,https://maps.google.com/?cid=18249150369432684808&g_mp=Cilnb29nbGUubWFwcy5wbGFjZXMudjEuUGxhY2VzLlNlYXJjaE5lYXJieRACGAQgAA,ChIJT-3VEesfDTkRCEm5ppIBQv0
Mahindra United Automobiles,car_dealer,car_dealer|store|point_of_interest|establishment,074289 80166,https://www.unitedautomobiles.com/,"No. 1000, Metro Station Arjan Garh, opposite side Pillar no. 188, next to Arjan Garh, Arjan Garh, Aya Nagar, New Delhi, Delhi 110047, India",4.9,610,OPERATIONAL,https://maps.google.com/?cid=9268697310656767938&g_mp=Cilnb29nbGUubWFwcy5wbGFjZXMudjEuUGxhY2VzLlNlYXJjaE5lYXJieRACGAQgAA,ChIJk6ur_FIfDTkRwqdQrBgHoYA
Oviesseglobal,general_contractor,general_contractor|point_of_interest|service|establishment,098109 13216,http://www.oviesseglobal.com/,"999, First Floor, Shop No 3, Metro station, Main, Mehrauli-Gurgaon Rd, near Arjan Garh, Arjan Garh, Aya Nagar, New Delhi, Delhi 110047, India",4.7,3,CLOSED_TEMPORARILY,https://maps.google.com/?cid=7986469552512238051&g_mp=Cilnb29nbGUubWFwcy5wbGFjZXMudjEuUGxhY2VzLlNlYXJjaE5lYXJieRACGAQgAA,ChIJpR_DhvofDTkR4wH3br6j1W4
Rynox Exclusive Store - Delhi,sporting_goods_store,sporting_goods_store|store|point_of_interest|establishment,097177 44139,,"Shop No - 203/01, Ground Floor, Situated at MG Road Aya Nagar crossing, Arjan Garh, Aya Nagar, Delhi, New Delhi, Delhi 110047, India",4.8,321,OPERATIONAL,https://maps.google.com/?cid=4605613888538399128&g_mp=Cilnb29nbGUubWFwcy5wbGFjZXMudjEuUGxhY2VzLlNlYXJjaE5lYXJieRACGAQgAA,ChIJuwv4iI0fDTkRmNHvFm5t6j8
NS.ONE DELHI,store,auto_parts_store|car_repair|store|point_of_interest|service|establishment,087429 04179,http://www.nsone.in/,"Mehrauli-Gurgaon Rd, opposite pillar no 190, near Metro Station Arjan Garh, Arjan Garh, Aya Nagar, New Delhi, Delhi 110047, India",4.3,219,OPERATIONAL,https://maps.google.com/?cid=15191504017442765281&g_mp=Cilnb29nbGUubWFwcy5wbGFjZXMudjEuUGxhY2VzLlNlYXJjaE5lYXJieRACGAQgAA,ChIJx_QxMN4eDTkR4XmYc2oQ09I
BENVANSHI HANDICRAFT,home_goods_store,home_goods_store|store|point_of_interest|service|establishment,099580 11682,,"203/1, Opp Pillar No 190, Near Metro Station, Mehrauli-Gurgaon Rd, Arjan Garh, Aya Nagar, New Delhi, Delhi 110047, India",4.8,8,OPERATIONAL,https://maps.google.com/?cid=14365300957936495145&g_mp=Cilnb29nbGUubWFwcy5wbGFjZXMudjEuUGxhY2VzLlNlYXJjaE5lYXJieRACGAQgAA,ChIJc7fYM94eDTkRKSpiURzNW8c
Dainese/Moto Madness,store,store|point_of_interest|establishment,098739 96179,http://www.motomadness.in/?utm_source=google&utm_medium=wix_google_business_profile&utm_campaign=14732518217374523786,"Kh. No. 203/1, G/F Opp Pillar No.190 M.G.Road, Ghitorni, Side, Aya Nagar, New Delhi, Delhi 110047, India",4.6,57,OPERATIONAL,https://maps.google.com/?cid=17806517060687224668&g_mp=Cilnb29nbGUubWFwcy5wbGFjZXMudjEuUGxhY2VzLlNlYXJjaE5lYXJieRACGAQgAA,ChIJIdbUmAEfDTkRXN8xeex0Hfc
ComfortZone Bean Bags – Manufacturer & Wholesale,manufacturer,manufacturer|point_of_interest|establishment,084470 54314,https://comfortzone-bean-328361.grexa.site/,"Metro Station, Mehrauli-Gurgaon Rd, near ARJANGARH, Aya Nagar, New Delhi, Delhi 110047, India",4.8,5,OPERATIONAL,https://maps.google.com/?cid=3703331695753174772&g_mp=Cilnb29nbGUubWFwcy5wbGFjZXMudjEuUGxhY2VzLlNlYXJjaE5lYXJieRACGAQgAA,ChIJHQxIt4YfDTkR9B7QYo7gZDM
Village Article,furniture_store,gift_shop|furniture_store|home_improvement_store|supplier|home_goods_store|manufacturer|store|point_of_interest|service|establishment,098995 23228,,"Shop No - 2, Arjangarh, Opposite pillar no - 189, M.G Road, Aya nagar, Arjan Garh, Aya Nagar, New Delhi, Delhi 110047, India",4.4,16,OPERATIONAL,https://maps.google.com/?cid=12854225234459411598&g_mp=Cilnb29nbGUubWFwcy5wbGFjZXMudjEuUGxhY2VzLlNlYXJjaE5lYXJieRACGAQgAA,ChIJV0RbF94eDTkRjsTQAr9hY7I
Latest Outdoor Furniture,manufacturer,furniture_store|home_improvement_store|home_goods_store|manufacturer|store|point_of_interest|service|establishment,084481 15357,https://www.latestoutdoorfurnitures.com/,"Shop No. 2, Metro Station Arjan Garh, Mehrauli-Gurgaon Rd, nr. Arjan Garh, opp. Metro Pillar No. 191, Arjan Garh, Aya Nagar, Delhi, New Delhi, Delhi 110047, India",4.8,34,OPERATIONAL,https://maps.google.com/?cid=5379106431103097374&g_mp=Cilnb29nbGUubWFwcy5wbGFjZXMudjEuUGxhY2VzLlNlYXJjaE5lYXJieRACGAQgAA,ChIJazqgABwfDTkRHlrrosxspko
KFC,restaurant,restaurant|chicken_restaurant|fast_food_restaurant|meal_takeaway|food|point_of_interest|establishment,079 4272 6339,https://restaurants.kfc.co.in/kfc-kfc-arjangarh-metro-restaurants-arjangarh-new-delhi-327221/Home?utm_source=locator&utm_medium=googleplaces,"Shop No 1 Metro Station Gate No 2, Arjan Garh, Aya Nagar, New Delhi, Delhi 110047, India",4.8,741,OPERATIONAL,https://maps.google.com/?cid=11528819486501381528&g_mp=Cilnb29nbGUubWFwcy5wbGFjZXMudjEuUGxhY2VzLlNlYXJjaE5lYXJieRACGAQgAA,ChIJlfSIka0fDTkRmCWEnD2Y_p8
WITHIN,manufacturer,manufacturer|point_of_interest|establishment,088002 28312,http://www.within.net.in/,"Khasra no. 541, Mehrauli-Gurgaon Rd, Arjan Garh, Aya Nagar, Gurugram, New Delhi, Delhi 110047, India",4.6,48,OPERATIONAL,https://maps.google.com/?cid=18056469441579534496&g_mp=Cilnb29nbGUubWFwcy5wbGFjZXMudjEuUGxhY2VzLlNlYXJjaE5lYXJieRACGAQgAA,ChIJBZ8iMfIeDTkRoEgLM0p3lfo
The Belgian Waffle Co.,dessert_restaurant,dessert_restaurant|ice_cream_shop|family_restaurant|cake_shop|cafe|dessert_shop|bakery|manufacturer|confectionery|food_store|wholesaler|store|restaurant|food|point_of_interest|service|establishment,086570 64363,https://thebelgianwaffle.co/,"SHOP NO.4, GATE NO.2, METRO STATION, Arjan Garh, CHANKYA PURI, New Delhi, Delhi 110010, India",4.1,35,OPERATIONAL,https://maps.google.com/?cid=15811852494779085396&g_mp=Cilnb29nbGUubWFwcy5wbGFjZXMudjEuUGxhY2VzLlNlYXJjaE5lYXJieRACGAQgAA,ChIJAXxKlaofDTkRVHIuuBH8bts
Wow! Momo,restaurant,fast_food_restaurant|chinese_restaurant|indian_restaurant|meal_delivery|food_delivery|restaurant|food|point_of_interest|establishment,091474 08699,https://restaurants.wowmomo.com/wow-momo-arjan-garh-metro-momo-restaurant-arjangarh-new-delhi-431722/Home?utm_source=locator&utm_medium=googleplaces,"Shop No 3, Outside Gate, 2, Metro Station, Arjan Garh, Aya Nagar, New Delhi, Delhi 110047, India",4,55,OPERATIONAL,https://maps.google.com/?cid=2888077930086015554&g_mp=Cilnb29nbGUubWFwcy5wbGFjZXMudjEuUGxhY2VzLlNlYXJjaE5lYXJieRACGAQgAA,ChIJlVUjz4ofDTkRQiJsYpODFCg
Subway Arjangarh Metro Station,sandwich_shop,sandwich_shop|breakfast_restaurant|fast_food_restaurant|cafe|restaurant|food|point_of_interest|establishment,092204 48260,https://subway.in/,"Arjangarh Metro Station, Shop No 3, Gate No 2, Metro Station Arjan Garh, Aya Nagar, New Delhi, Delhi 110047, India",3.8,36,OPERATIONAL,https://maps.google.com/?cid=2029893872989415903&g_mp=Cilnb29nbGUubWFwcy5wbGFjZXMudjEuUGxhY2VzLlNlYXJjaE5lYXJieRACGAQgAA,ChIJW7_jsVQfDTkR36lG_7ihKxw
Kaseyyaka,womens_clothing_store,womens_clothing_store|clothing_store|store|point_of_interest|establishment,088261 93131,http://www.indokuni.com/,"Metro Pillar No, Metro Station, 182-183, Mehrauli-Gurgaon Rd, near Arjan Garh, Aya Nagar, New Delhi, Delhi 110047, India",5,33,OPERATIONAL,https://maps.google.com/?cid=10108515937025293059&g_mp=Cilnb29nbGUubWFwcy5wbGFjZXMudjEuUGxhY2VzLlNlYXJjaE5lYXJieRACGAQgAA,ChIJj3Rw910fDTkRA3vEALCpSIw
Gemini Architectural Design,,general_contractor|consultant|manufacturer|educational_institution|point_of_interest|service|establishment,099105 08457,http://www.geminiarchitectural.com/,"Arjan Garh Metro Station, Mehrauli-Gurgaon Rd, near HDFC ATM, Aya Nagar, New Delhi, Delhi 110047, India",4.1,70,OPERATIONAL,https://maps.google.com/?cid=6609641747916177355&g_mp=Cilnb29nbGUubWFwcy5wbGFjZXMudjEuUGxhY2VzLlNlYXJjaE5lYXJieRACGAQgAA,ChIJM1VVlZUdDTkRy78ifSYquls
Jhankar Banquets,banquet_hall,banquet_hall|garden|wedding_venue|event_venue|point_of_interest|service|establishment,011 2650 3038,http://www.jhankarbanquets.com/#!/p_Contact,"Mehrauli-Gurgaon Rd, Aya Nagar, New Delhi, Delhi 110047, India",4.1,1207,OPERATIONAL,https://maps.google.com/?cid=4452121602626344949&g_mp=Cilnb29nbGUubWFwcy5wbGFjZXMudjEuUGxhY2VzLlNlYXJjaE5lYXJieRACGAQgAA,ChIJIa6aluAeDTkR9ddiXQIdyT0
Home Town Mega Mart,clothing_store,clothing_store|store|point_of_interest|establishment,080101 09140,,"A1/51, Aya Nagar, New Delhi, Delhi 110047, India",4.7,3,OPERATIONAL,https://maps.google.com/?cid=5985699336118125151&g_mp=Cilnb29nbGUubWFwcy5wbGFjZXMudjEuUGxhY2VzLlNlYXJjaE5lYXJieRACGAQgAA,ChIJc7uHt-ofDTkRX8KcJdV5EVM
Om Sai Furniture,furniture_store,furniture_store|home_improvement_store|home_goods_store|store|point_of_interest|service|establishment,098997 27975,,"Aya Nagar Crossing, M.G.Road, Near Arjan Garh Metro Station, Pillar No. 191, Aya Nagar, New Delhi, Delhi 110047, India",3,4,OPERATIONAL,https://maps.google.com/?cid=11525007089158541016&g_mp=Cilnb29nbGUubWFwcy5wbGFjZXMudjEuUGxhY2VzLlNlYXJjaE5lYXJieRACGAQgAA,ChIJ0f8_nOAeDTkR2E4nr-IM8Z8
Professional Comtech,corporate_office,corporate_office|point_of_interest|establishment,098100 70396,http://professionalcomtech.com/,"Metro Station Arjan Garh C-3(concourse, near, Lift No-3, Arjan Garh, Aya Nagar, New Delhi, Delhi 110047, India",,,OPERATIONAL,https://maps.google.com/?cid=2723119855007408515&g_mp=Cilnb29nbGUubWFwcy5wbGFjZXMudjEuUGxhY2VzLlNlYXJjaE5lYXJieRACGAQgAA,ChIJVVUVnOAeDTkRg6GHlhR3yiU
PGC,corporate_office,corporate_office|point_of_interest|establishment,099995 02334,http://pgcministries.in/,"G-190, First Floor, Block-G, Bandh Road, Yellow Line Nearest, Metro Station Arjan Garh, is, opp. Maxgain, Arjan Garh, Aya Nagar, New Delhi, Delhi 110047, India",4,1,OPERATIONAL,https://maps.google.com/?cid=10332073933622899801&g_mp=Cilnb29nbGUubWFwcy5wbGFjZXMudjEuUGxhY2VzLlNlYXJjaE5lYXJieRACGAQgAA,ChIJVVUVnOAeDTkRWXSqPoDmYo8
BIM,service,general_contractor|point_of_interest|service|establishment,095997 91456,https://wstbimsolution.com/,"House no: 59, near Metro Station Arjan Garh, आया नगर, नई दिल्ली, दिल्ली 110047, India",,,OPERATIONAL,https://maps.google.com/?cid=334444343229423723&g_mp=Cilnb29nbGUubWFwcy5wbGFjZXMudjEuUGxhY2VzLlNlYXJjaE5lYXJieRACGAQgAA,ChIJazqgABwfDTkRayBUs1svpAQ
Shivansh mobile accessories shop,,point_of_interest|establishment,098999 91004,,"Arjangargh Metro station, Arjan Garh, Aya Nagar, New Delhi, Delhi 110047, India",4.8,4,OPERATIONAL,https://maps.google.com/?cid=16676325553745533763&g_mp=Cilnb29nbGUubWFwcy5wbGFjZXMudjEuUGxhY2VzLlNlYXJjaE5lYXJieRACGAQgAA,ChIJK_XN6HYfDTkRQ5vFdbw1buc
The Local Talk,service,point_of_interest|service|establishment,098784 34581,http://www.thelocaltalk.in/,"Plot 76D, Phase 4, Udyog Vihar, Sector 18, Gurugram, Haryana 122015, India",5,1,OPERATIONAL,https://maps.google.com/?cid=5790767346414818156&g_mp=Cilnb29nbGUubWFwcy5wbGFjZXMudjEuUGxhY2VzLlNlYXJjaE5lYXJieRACGAQgAA,ChIJbxZFFagZDTkRbJP8gzjwXFA
CANARA BANK ATM,atm,atm|bank|finance|point_of_interest|establishment,1800 1030,,"IFFCO CHOWK, OFF DELHI JAIPUR EXPRESS HIGHWAY SECTOR 18, PLOT NO 80, GURGAON, Sector 18, Gurugram, Haryana 122015, India",1.3,4,OPERATIONAL,https://maps.google.com/?cid=14515532278752636345&g_mp=Cilnb29nbGUubWFwcy5wbGFjZXMudjEuUGxhY2VzLlNlYXJjaE5lYXJieRACGAQgAA,ChIJqYycAxAZDTkRuW3EcLOHcck
Kotak Mahindra Bank ATM,atm,atm|bank|insurance_agency|finance|point_of_interest|service|establishment,1800 4100,https://www.kotak.bank.in/en/reach-us.html?utm_source=google&utm_medium=gmb,"Sco 91, Urban Estate, Sector -22, Gurugram, Haryana 122015, India",4,4,OPERATIONAL,https://maps.google.com/?cid=7389441059572258581&g_mp=Cilnb29nbGUubWFwcy5wbGFjZXMudjEuUGxhY2VzLlNlYXJjaE5lYXJieRACGAQgAA,ChIJ0cAcG_QZDTkRFZd9JH6RjGY
Jack Rabbit Consultant,consultant,accounting|finance|consultant|point_of_interest|service|establishment,074500 05002,https://thejackrabbit.in/,"Khasra No.10,18,2, Mutation 1326, Plot no.91-92, Sector 18, Sarhol, Gurugram, Haryana 122016, India",,,OPERATIONAL,https://maps.google.com/?cid=7159728448849039180&g_mp=Cilnb29nbGUubWFwcy5wbGFjZXMudjEuUGxhY2VzLlNlYXJjaE5lYXJieRACGAQgAA,ChIJu7BVQ-UZDTkRTM_nIRd3XGM
TIS LIVING,manufacturer,furniture_store|home_improvement_store|supplier|general_contractor|home_goods_store|manufacturer|wholesaler|store|point_of_interest|service|establishment,098710 12000,https://www.tisliving.com/,"Plot 101, 102, Plot number 105, Sarhaul, Sector 18, Sarhol, Gurugram, Haryana 122015, India",4.5,62,OPERATIONAL,https://maps.google.com/?cid=7154203415377390421&g_mp=Cilnb29nbGUubWFwcy5wbGFjZXMudjEuUGxhY2VzLlNlYXJjaE5lYXJieRACGAQgAA,ChIJE2w2WN_hDDkRVat0CBrWSGM
Mohit General Store,general_store,general_store|food_store|store|food|point_of_interest|establishment,083750 00620,,"F3M9+JCG, Sarhaul, Sector 18, Gurugram, Haryana 122015, India",5,5,OPERATIONAL,https://maps.google.com/?cid=3860280073988473752&g_mp=Cilnb29nbGUubWFwcy5wbGFjZXMudjEuUGxhY2VzLlNlYXJjaE5lYXJieRACGAQgAA,ChIJNQtjCGoZDTkRmAOaT0Z4kjU
Pasupati Spinning & weaving Mills Ltd,manufacturer,manufacturer|point_of_interest|establishment,093120 73925,http://pasupatitextiles.com/,"Plot no 99, Sector 18, Gurugram, Haryana 122015, India",4.3,6,OPERATIONAL,https://maps.google.com/?cid=14550227550617338063&g_mp=Cilnb29nbGUubWFwcy5wbGFjZXMudjEuUGxhY2VzLlNlYXJjaE5lYXJieRACGAQgAA,ChIJky3mrxQZDTkRzwCm693K7Mk
Canara Bank - Centre of Excellence (e-RSTC),,point_of_interest|establishment,1800 425 0018,,"Plot No.80, Near, IFFCO CHOWK, Sector 18, Gurugram, Haryana 122015, India",4.7,631,OPERATIONAL,https://maps.google.com/?cid=10171040842366940883&g_mp=Cilnb29nbGUubWFwcy5wbGFjZXMudjEuUGxhY2VzLlNlYXJjaE5lYXJieRACGAQgAA,ChIJU3SD4AYZDTkR03ZF9cHLJo0
National Centre For Cold Chain Development (NCCD),government_office,government_office|point_of_interest|establishment,0124 297 9650,https://www.nccd.gov.in/,"85, Sector 18, Gurugram, Haryana 122015, India",5,1,OPERATIONAL,https://maps.google.com/?cid=15145977963578084985&g_mp=Cilnb29nbGUubWFwcy5wbGFjZXMudjEuUGxhY2VzLlNlYXJjaE5lYXJieRACGAQgAA,ChIJUx9hB9YZDTkReU73BrZSMdI
National Horticulture Board,government_office,government_office|point_of_interest|establishment,0124 234 2992,http://nhb.gov.in/,"Plot No. 85, Institutional Area, Sector 18, Gurugram, Haryana 122015, India",3.9,44,OPERATIONAL,https://maps.google.com/?cid=9149623061304333987&g_mp=Cilnb29nbGUubWFwcy5wbGFjZXMudjEuUGxhY2VzLlNlYXJjaE5lYXJieRACGAQgAA,ChIJ2QoBfRAZDTkRo1bEjbL9-X4
Indian Overseas Bank,bank,bank|finance|point_of_interest|establishment,089259 51935,https://locate.iob.in/indian-overseas-bank-nhb-gurgaon-public-sector-bank-sector-18-gurugram-379503/Home,"Plot No 85, Institutional Area, Sector 18, Gurugram, Haryana 122015, India",3.3,21,OPERATIONAL,https://maps.google.com/?cid=16087377343856841362&g_mp=Cilnb29nbGUubWFwcy5wbGFjZXMudjEuUGxhY2VzLlNlYXJjaE5lYXJieRACGAQgAA,ChIJtdemgBAZDTkRkhJBrHXYQd8
"Block F, FCI RESIDENTIAL COMPLX",government_office,government_office|point_of_interest|establishment,,,"F3MC+GMW, Sector 18, Sarhol, Gurugram, Haryana 122015, India",5,1,OPERATIONAL,https://maps.google.com/?cid=12437351323705991922&g_mp=Cilnb29nbGUubWFwcy5wbGFjZXMudjEuUGxhY2VzLlNlYXJjaE5lYXJieRACGAQgAA,ChIJwR0wRyUZDTkR8uI6DCJZmqw
TRANSPORT INDIA PASS,fast_food_restaurant,fast_food_restaurant|restaurant|food|point_of_interest|establishment,072900 00731,,"Shaheed Ripon Katyal Marg, Sarhaul, Sector 18, Gurugram, Haryana 122015, India",,,OPERATIONAL,https://maps.google.com/?cid=15555307316125719225&g_mp=Cilnb29nbGUubWFwcy5wbGFjZXMudjEuUGxhY2VzLlNlYXJjaE5lYXJieRACGAQgAA,ChIJ1eYQ6DgZDTkRuVq1pZaN39c
"Gurugram Project Division, CPWD office",local_government_office,local_government_office|government_office|point_of_interest|establishment,,,"84, Sector 18, Gurugram, Haryana 122015, India",,,OPERATIONAL,https://maps.google.com/?cid=536185576868151512&g_mp=Cilnb29nbGUubWFwcy5wbGFjZXMudjEuUGxhY2VzLlNlYXJjaE5lYXJieRACGAQgAA,ChIJdYxqagAZDTkR2ADq-vDpcAc
SBI Branch State Bank Academy Campus 2,bank,bank|finance|point_of_interest|establishment,1800 1234,https://bank.sbi/,"State Bank Academy Campus 2, Plot No 79, Sector 18, Gurugram, Haryana 122015, India",3.3,7,OPERATIONAL,https://maps.google.com/?cid=6941674120684431018&g_mp=Cilnb29nbGUubWFwcy5wbGFjZXMudjEuUGxhY2VzLlNlYXJjaE5lYXJieRACGAQgAA,ChIJIdpbMIIZDTkRqubqjdXHVWA
lendhill services & Engineering,,supplier|general_contractor|manufacturer|point_of_interest|service|establishment,081307 56566,,"Lendhill Services & Engineering Behind Sunpharma, Vill, Sarhaul, Sector 18, Gurugram, Haryana 122015, India",,,OPERATIONAL,https://maps.google.com/?cid=13921222356217035231&g_mp=Cilnb29nbGUubWFwcy5wbGFjZXMudjEuUGxhY2VzLlNlYXJjaE5lYXJieRACGAQgAA,ChIJvWRsajAZDTkR3_mKpfkdMsE
Vijay General Store,general_store,general_store|food_store|store|food|point_of_interest|establishment,088512 03515,,"Shop No 01, Sector 18, F3Pc+8C8, Lane Number 6, Sarhaul, Gurugram Delhi NCR, Sector 18, Gurugram, Haryana 122015, India",3.3,4,OPERATIONAL,https://maps.google.com/?cid=1232548838949168209&g_mp=Cilnb29nbGUubWFwcy5wbGFjZXMudjEuUGxhY2VzLlNlYXJjaE5lYXJieRACGAQgAA,ChIJ9zPM_hAZDTkRUaTigaPkGhE
Gaye Mata Ki Rasoi,restaurant,restaurant|north_indian_restaurant|indian_restaurant|food|point_of_interest|establishment,072899 27974,https://magicpin.in/Gurgaon/Sector-18/Restaurant/Gaye-Mata-Ki-Rasoi/store/3ac6b8/?utm_source=gbp,"Plot 1A, Lane 2, near Sector 17, Sarhaul, Sector 18, Gurugram, Haryana 122015, India",2.9,24,OPERATIONAL,https://maps.google.com/?cid=4652770177483581426&g_mp=Cilnb29nbGUubWFwcy5wbGFjZXMudjEuUGxhY2VzLlNlYXJjaE5lYXJieRACGAQgAA,ChIJfwfxm-4ZDTkR8qdwMtP1kUA
Jitendra Automobile Service,chauffeur_service,chauffeur_service|transportation_service|point_of_interest|establishment,075429 40702,,"90, Sarhaul, Sector 18, Gurugram, Haryana 122015, India",,,OPERATIONAL,https://maps.google.com/?cid=3105292127625908159&g_mp=Cilnb29nbGUubWFwcy5wbGFjZXMudjEuUGxhY2VzLlNlYXJjaE5lYXJieRACGAQgAA,ChIJ0x7nJ78ZDTkRv4_1zrw2GCs
Laxmanrao Inamdar National Academy For Cooperative Research And Development,,point_of_interest|establishment,098998 56157,https://www.ncdc.in/index.jsp?page=linac,"plot no 89, Sector 18, Gurugram, Haryana 122015, India",4.7,9,OPERATIONAL,https://maps.google.com/?cid=13576802234829942051&g_mp=Cilnb29nbGUubWFwcy5wbGFjZXMudjEuUGxhY2VzLlNlYXJjaE5lYXJieRACGAQgAA,ChIJSZ_tAJ4ZDTkRI63EGLN9arw
C-PRAV Certification Services Private Limited,,point_of_interest|establishment,099023 85494,http://www.c-prav.com/,"90-B, 91Springboard, Jaipur - Delhi Expy, Sector 18, Gurugram, Haryana 122015, India",5,1,OPERATIONAL,https://maps.google.com/?cid=18073993733459001053&g_mp=Cilnb29nbGUubWFwcy5wbGFjZXMudjEuUGxhY2VzLlNlYXJjaE5lYXJieRACGAQgAA,ChIJ6a699lEZDTkR3b51W4q50_o
QuickDocs,consultant,lawyer|travel_agency|local_government_office|government_office|consultant|point_of_interest|service|establishment,099990 02343,,"91SpringBoard, Plot, 90B, Udyog Vihar, Sector 18, Gurugram, Haryana 122015, India",4.8,230,OPERATIONAL,https://maps.google.com/?cid=17814649697482685489&g_mp=Cilnb29nbGUubWFwcy5wbGFjZXMudjEuUGxhY2VzLlNlYXJjaE5lYXJieRACGAQgAA,ChIJCxOkgt8ZDTkRMbx5iINZOvc
adidas Outlet,sportswear_store,sportswear_store|sporting_goods_store|shoe_store|clothing_store|store|point_of_interest|establishment,011 2694 4264,https://www.adidas.co.in/,"Upper Ground Floor, Abul Fazal Part II, G-13A, Jasola, Sector 18, New Delhi, Gurugram, Delhi 110025, India",,,OPERATIONAL,https://maps.google.com/?cid=6221424704519922497&g_mp=Cilnb29nbGUubWFwcy5wbGFjZXMudjEuUGxhY2VzLlNlYXJjaE5lYXJieRACGAQgAA,ChIJoVB3CYIZDTkRQeO_Zc7wVlY
Weekender Holidays,travel_agency,travel_agency|point_of_interest|service|establishment,088005 91097,https://www.weekenderholidays.com/,"Plot 23, Maruti Industrial Area, Sector 18, Gurugram, Haryana 122015, India",5,5,OPERATIONAL,https://maps.google.com/?cid=16601272548453128451&g_mp=Cilnb29nbGUubWFwcy5wbGFjZXMudjEuUGxhY2VzLlNlYXJjaE5lYXJieRACGAQgAA,ChIJdd9bqMMZDTkRAxn-7WyRY-Y
Chandan Rai,service,point_of_interest|service|establishment,070561 77239,,"88, Jaipur - Delhi Expy, Sector 18, Sarhol, Gurugram, Haryana 122015, India",,,OPERATIONAL,https://maps.google.com/?cid=9498209844940639633&g_mp=Cilnb29nbGUubWFwcy5wbGFjZXMudjEuUGxhY2VzLlNlYXJjaE5lYXJieRACGAQgAA,ChIJUSAGsAoZDTkRkQ3OwYdr0IM
Harsh baker,bakery,bakery|food_store|store|food|point_of_interest|establishment,079004 48541,https://harshrao.com/,"near tikona park, DLF Phase 2, Sector 25, Sarhol, Gurugram, Haryana 122002, India",,,OPERATIONAL,https://maps.google.com/?cid=7020085316491892027&g_mp=Cilnb29nbGUubWFwcy5wbGFjZXMudjEuUGxhY2VzLlNlYXJjaE5lYXJieRACGAQgAA,ChIJgTOMoiQZDTkRO1VvvmZabGE
"Block 43, Heritage City",condominium_complex,condominium_complex|point_of_interest|service|establishment,,,"1653, Street Number 1, Heritage City, Sector 25, Gurugram, Haryana 122002, India",4.9,14,OPERATIONAL,https://maps.google.com/?cid=15977075445689481342&g_mp=Cilnb29nbGUubWFwcy5wbGFjZXMudjEuUGxhY2VzLlNlYXJjaE5lYXJieRACGAQgAA,ChIJJ6vajxcZDTkRfvjvuXf5ud0
"Block 40, Heritage City",apartment_building,apartment_building|point_of_interest|service|establishment,,,"F3MG+FWR, Mehrauli-Gurgaon Rd, Heritage City, Sector 25, Gurugram, Haryana 122002, India",4.8,4,OPERATIONAL,https://maps.google.com/?cid=14379825693484515623&g_mp=Cilnb29nbGUubWFwcy5wbGFjZXMudjEuUGxhY2VzLlNlYXJjaE5lYXJieRACGAQgAA,ChIJDR7VvyIZDTkRJwEu2Ednj8c
"Block 42, Heritage City",apartment_building,apartment_building|point_of_interest|service|establishment,,,"Block No. 42, Heritage City, Sector 25, Gurugram, Haryana 122002, India",,,OPERATIONAL,https://maps.google.com/?cid=5597139598147016628&g_mp=Cilnb29nbGUubWFwcy5wbGFjZXMudjEuUGxhY2VzLlNlYXJjaE5lYXJieRACGAQgAA,ChIJ2WURALUZDTkRtFfTQc8IrU0
Purple Aquarium Studios,,point_of_interest|establishment,098107 56518,http://purpleaquarium.in/,"10, Gulmohar Marg, DLF Phase 2, Sector 25, Gurugram, Haryana 122002, India",3.6,9,OPERATIONAL,https://maps.google.com/?cid=17738718444845475541&g_mp=Cilnb29nbGUubWFwcy5wbGFjZXMudjEuUGxhY2VzLlNlYXJjaE5lYXJieRACGAQgAA,ChIJ0yXi1O8ZDTkR1SavG3GWLPY
MYndfirst,medical_clinic,medical_clinic|health|point_of_interest|establishment,099900 74440,,"5, L-5, DLF Phase 2, Sector 25, Gurugram, Haryana 122002, India",,,CLOSED_TEMPORARILY,https://maps.google.com/?cid=13813331424840228698&g_mp=Cilnb29nbGUubWFwcy5wbGFjZXMudjEuUGxhY2VzLlNlYXJjaE5lYXJieRACGAQgAA,ChIJBT-nZEoZDTkRWp9Xpr7Psr8
We Connect Technologies Pvt. Ltd.,supplier,supplier|service|point_of_interest|establishment,0124 401 3233,,"L3/32, DLF Phase 2, Sector 25, Gurugram, Haryana 122002, India",4.7,6,OPERATIONAL,https://maps.google.com/?cid=5689852367163748&g_mp=Cilnb29nbGUubWFwcy5wbGFjZXMudjEuUGxhY2VzLlNlYXJjaE5lYXJieRACGAQgAA,ChIJ18OQVj0ZDTkRZFEr_eM2FAA
RK- Aluminium Fabricators,,health|point_of_interest|establishment,098103 61843,https://www.rkaluminiumdoors.in/,"Shop No. L-8, B747, Sushant Lok Phase I, Sector 25, Gurugram, Haryana 122009, India",4.9,11,OPERATIONAL,https://maps.google.com/?cid=12888046950046501478&g_mp=Cilnb29nbGUubWFwcy5wbGFjZXMudjEuUGxhY2VzLlNlYXJjaE5lYXJieRACGAQgAA,ChIJ7_VY2YgZDTkRZgoU0mqK27I
"Sanjeev Egg, Bread, Tea stall",store,store|tea_store|general_store|convenience_store|wholesaler|supplier|food_store|food|service|point_of_interest|establishment,094102 24896,,"L-9, near Mother Diary, DLF Phase 2, Sector 25, Gurugram, Haryana 122002, India",5,1,OPERATIONAL,https://maps.google.com/?cid=13980728534603960236&g_mp=Cilnb29nbGUubWFwcy5wbGFjZXMudjEuUGxhY2VzLlNlYXJjaE5lYXJieRACGAQgAA,ChIJeWbX-nwZDTkRrI88doeGBcI
CakeZone,bakery,bakery|candy_store|dessert_shop|cake_shop|wholesaler|confectionery|food_store|store|food|manufacturer|service|point_of_interest|establishment,098801 25283,https://www.cakezone.com/,"GROUND FLOOR, PLOT NO.3807, DLF PHASE-4, IVY APARTMENTS, DLF Phase 2, Sector 25, Gurugram, Haryana 122002, India",2,8,OPERATIONAL,https://maps.google.com/?cid=13107283245278524856&g_mp=Cilnb29nbGUubWFwcy5wbGFjZXMudjEuUGxhY2VzLlNlYXJjaE5lYXJieRACGAQgAA,ChIJcRERUvAZDTkRuHVBjaps5rU
recycling Station,service,service|point_of_interest|establishment,098119 51255,,"Plot NO.747-B, 4, near ridgewood GateNo.1, Sector 28, DLF Phase 2, Sector 25, Gurugram, Haryana 122002, India",4.9,50,OPERATIONAL,https://maps.google.com/?cid=9884174190604557232&g_mp=Cilnb29nbGUubWFwcy5wbGFjZXMudjEuUGxhY2VzLlNlYXJjaE5lYXJieRACGAQgAA,ChIJDZcy0rAZDTkRsJsRyQ6kK4k
KAUZEYA,corporate_office,corporate_office|point_of_interest|establishment,098104 80288,,"j block, 4, DLF Phase 2, Sector 25, Gurugram, Haryana 122002, India",,,OPERATIONAL,https://maps.google.com/?cid=17026873634260227723&g_mp=Cilnb29nbGUubWFwcy5wbGFjZXMudjEuUGxhY2VzLlNlYXJjaE5lYXJieRACGAQgAA,ChIJXT1DRT0ZDTkRi5aLrVubS-w
Studio Didot,service,service|point_of_interest|establishment,078389 63973,https://didotco.in/,"L-9/11, DLF Phase 2, Sector 25, Gurugram, Haryana 122002, India",,,OPERATIONAL,https://maps.google.com/?cid=355774099447133013&g_mp=Cilnb29nbGUubWFwcy5wbGFjZXMudjEuUGxhY2VzLlNlYXJjaE5lYXJieRACGAQgAA,ChIJ8xoLozQZDTkRVbPUkaj27wQ
"Mother Dairy Milk Shop - Sector 25, Gurugram",food_store,food_store|store|food|point_of_interest|establishment,1800 180 1018,https://booth.motherdairy.com/%20mother-dairy/gurugram/Sector-25/mother-dairy-milk-shop-in-Sector-25-gurugram--5HR1Tx/home,"Booth No 901, L5, L-9, nearby SIPS Guest House, DLF Phase 2, Sector 25, Gurugram, Haryana 122002, India",4.3,177,OPERATIONAL,https://maps.google.com/?cid=13501208255520219698&g_mp=Cilnb29nbGUubWFwcy5wbGFjZXMudjEuUGxhY2VzLlNlYXJjaE5lYXJieRACGAQgAA,ChIJrSfvNRgZDTkRMqLaPGDtXbs
The Sweet Space,restaurant,restaurant|bakery|food_store|store|food|point_of_interest|establishment,074282 24400,,"47, K-10, Phase I, DLF Phase 2, Sector 25, Gurugram, Haryana 122002, India",4.9,75,OPERATIONAL,https://maps.google.com/?cid=15922300211128414396&g_mp=Cilnb29nbGUubWFwcy5wbGFjZXMudjEuUGxhY2VzLlNlYXJjaE5lYXJieRACGAQgAA,ChIJ3cLyMQAZDTkRvLBvm65f99w
Kumar Clinic,medical_clinic,medical_clinic|health|point_of_interest|establishment,0124 235 9278,,"Phase-III 10/14, Block Kgf, Dlf Qutab Enclave, Dlf Qutab Enclave, Phase I, DLF Phase 2, Sector 25, Gurugram, Haryana 122002, India",5,1,CLOSED_TEMPORARILY,https://maps.google.com/?cid=6163039455353011905&g_mp=Cilnb29nbGUubWFwcy5wbGFjZXMudjEuUGxhY2VzLlNlYXJjaE5lYXJieRACGAQgAA,ChIJVVVVxUQZDTkRwX4IQbuDh1U
"V A N and Company LLP, Chartered Accountants",consultant,accounting|finance|consultant|service|point_of_interest|establishment,0124 425 4293,http://www.van.net.in/,"29, K-9, Phase I, Phase ii, DLF Phase 2, Sector 25, Gurugram, Haryana 122002, India",4.8,17,OPERATIONAL,https://maps.google.com/?cid=1947009933426803497&g_mp=Cilnb29nbGUubWFwcy5wbGFjZXMudjEuUGxhY2VzLlNlYXJjaE5lYXJieRACGAQgAA,ChIJZw1LQSMZDTkRKcMPADgrBRs
Cost Accountant Priyam Varshney,consultant,consultant|accounting|finance|service|point_of_interest|establishment,078276 75444,http://pvandco.in/,"K-9/29, Phase I, DLF Phase 2, Sector 25, Gurugram, Haryana 122002, India",5,5,OPERATIONAL,https://maps.google.com/?cid=8431448716366122881&g_mp=Cilnb29nbGUubWFwcy5wbGFjZXMudjEuUGxhY2VzLlNlYXJjaE5lYXJieRACGAQgAA,ChIJrw3-Ay4ZDTkRgQ_tkO-FAnU
CA Vibhu batra,consultant,accounting|finance|consultant|service|point_of_interest|establishment,096509 47778,,"K-9/29, Phase I, DLF Phase 2, Sector 25, Gurugram, Haryana 122002, India",4.7,15,OPERATIONAL,https://maps.google.com/?cid=6587071122557378300&g_mp=Cilnb29nbGUubWFwcy5wbGFjZXMudjEuUGxhY2VzLlNlYXJjaE5lYXJieRACGAQgAA,ChIJaaIRCBgZDTkR_B5EQkn6aVs
SOIN REALTY VENTURES,consultant,real_estate_agency|consultant|service|point_of_interest|establishment,095999 87786,,"K-9, Phase I, DLF Phase 2, Sector 25, Haryana, Gurugram, Haryana 122002, India",,,OPERATIONAL,https://maps.google.com/?cid=2823113653753597541&g_mp=Cilnb29nbGUubWFwcy5wbGFjZXMudjEuUGxhY2VzLlNlYXJjaE5lYXJieRACGAQgAA,ChIJFRd5ZKgZDTkRZc6JHOm2LSc
Crocs,shoe_store,shoe_store|store|point_of_interest|establishment,0124 495 3351,https://www.crocs.in/store-locator,"K-9, Phase I, DLF Cyber City, DLF Phase 2, Sector 25, Gurugram, Haryana 122002, India",,,OPERATIONAL,https://maps.google.com/?cid=2408416869387378010&g_mp=Cilnb29nbGUubWFwcy5wbGFjZXMudjEuUGxhY2VzLlNlYXJjaE5lYXJieRACGAQgAA,ChIJfzlxzDwZDTkRWp3k4mFqbCE
Odwalls,general_store,general_store|food_store|store|food|point_of_interest|establishment,096501 01238,,"Shop No. 148, Central Arcade, Phase I, DLF Phase 2, Sector 25, Gurugram, Haryana 122008, India",,,OPERATIONAL,https://maps.google.com/?cid=12506619710602183625&g_mp=Cilnb29nbGUubWFwcy5wbGFjZXMudjEuUGxhY2VzLlNlYXJjaE5lYXJieRACGAQgAA,ChIJu7xLFYUZDTkRyYNXJ11wkK0
NM jewels shop,jewelry_store,jewelry_store|store|point_of_interest|establishment,070118 33723,,"Delhi DLF phase 2, Central Arcade, Phase I, market, Sector 25, Gurugram, Haryana 122022, India",,,OPERATIONAL,https://maps.google.com/?cid=15668124144927252827&g_mp=Cilnb29nbGUubWFwcy5wbGFjZXMudjEuUGxhY2VzLlNlYXJjaE5lYXJieRACGAQgAA,ChIJZRcjqiwZDTkRWyEcg-VbcNk
The S studio,beauty_salon,beauty_salon|makeup_artist|beautician|hair_salon|hair_care|service|point_of_interest|establishment,080 6452 5757,https://www.thesstudiounisexsalon.in/,"Shop no. 124,125 Ground, Central Arcade, market, Phase I, DLF Phase 2, Sector 25, Gurugram, Haryana 122002, India",5,19,OPERATIONAL,https://maps.google.com/?cid=16366010367215281956&g_mp=Cilnb29nbGUubWFwcy5wbGFjZXMudjEuUGxhY2VzLlNlYXJjaE5lYXJieRACGAQgAA,ChIJuxj_6ngZDTkRJCc62Le_H-M
M.J.Buildvest Pvt. Ltd,corporate_office,corporate_office|point_of_interest|establishment,095993 89671,,"K9/44, Phase I, DLF Phase 2, Sector 25, Gurugram, Haryana 122002, India",3,2,OPERATIONAL,https://maps.google.com/?cid=18364821546105774489&g_mp=Cilnb29nbGUubWFwcy5wbGFjZXMudjEuUGxhY2VzLlNlYXJjaE5lYXJieRACGAQgAA,ChIJx_H80TwZDTkRmSETK-Xz3P4
Physio 4 U,physiotherapist,physiotherapist|health|point_of_interest|establishment,097165 60218,,"Phase I, DLF Phase 2, Sector 25, Gurugram, Haryana 122002, India",5,17,OPERATIONAL,https://maps.google.com/?cid=5119997387476914247&g_mp=Cilnb29nbGUubWFwcy5wbGFjZXMudjEuUGxhY2VzLlNlYXJjaE5lYXJieRACGAQgAA,ChIJjZMXUEIFDTkRR1B9O3_iDUc
SANCTUS INNOVATIONS PVT LTD,service,service|point_of_interest|establishment,081309 65743,https://www.sanctusinnovations.com/,"House No, Ground Floor, 85, Akashneem Marg, DLF Phase 2, Sector 25, Gurugram, Haryana 124002, India",5,3,OPERATIONAL,https://maps.google.com/?cid=4672058801306570015&g_mp=Cilnb29nbGUubWFwcy5wbGFjZXMudjEuUGxhY2VzLlNlYXJjaE5lYXJieRACGAQgAA,ChIJBahd7xUZDTkRH42d5bl81kA
PS Crane Service,,point_of_interest|establishment,073033 78154,http://pscraneservices.site/,"Akashneem Marg, DLF Phase 2, Sector 25, Shahpur, Gurugram, Haryana 122002, India",5,15,OPERATIONAL,https://maps.google.com/?cid=15338163337354109965&g_mp=Cilnb29nbGUubWFwcy5wbGFjZXMudjEuUGxhY2VzLlNlYXJjaE5lYXJieRACGAQgAA,ChIJuzqP3PwZDTkRDWTpTUoa3NQ
BRD Technologies Private Limited,corporate_office,corporate_office|point_of_interest|establishment,0124 406 0071,http://brdtech.in/,"22 GF, Akashneem Marg, DLF Phase 2, Sector 25, Gurugram, Haryana 122002, India",,,OPERATIONAL,https://maps.google.com/?cid=16734655811142912152&g_mp=Cilnb29nbGUubWFwcy5wbGFjZXMudjEuUGxhY2VzLlNlYXJjaE5lYXJieRACGAQgAA,ChIJrwLrsyQZDTkRmIiZ1ctwPeg
Sarikas Art Club,educational_institution,educational_institution|service|point_of_interest|establishment,098104 63863,,"142 4th floor, Akashneem Marg, DLF Phase 2, DLF2, Gurugram, Haryana 122002, India",5,3,CLOSED_TEMPORARILY,https://maps.google.com/?cid=10667251110369044825&g_mp=Cilnb29nbGUubWFwcy5wbGFjZXMudjEuUGxhY2VzLlNlYXJjaE5lYXJieRACGAQgAA,ChIJQZP8jzgZDTkRWSlwC16wCZQ
Jobs Infratech,employment_agency,employment_agency|service|point_of_interest|establishment,063869 54836,,"65, Basement, Akashneem Marg, DLF Phase 2, pin, Gurugram, Haryana 122002, India",,,OPERATIONAL,https://maps.google.com/?cid=792987362920813170&g_mp=Cilnb29nbGUubWFwcy5wbGFjZXMudjEuUGxhY2VzLlNlYXJjaE5lYXJieRACGAQgAA,ChIJrwLrsyQZDTkRctJEHs5BAQs
WATER TANK CLEANERS By JMD WATER SOLUTIONS,service,service|point_of_interest|establishment,095342 86666,http://jmdwatersolutions.com/,"Ews-208 Oakwood Estate, Akashneem Marg, DLF Phase 2, Sector 25, Gurugram, Haryana 122002, India",4.7,13,OPERATIONAL,https://maps.google.com/?cid=14782285403630666153&g_mp=Cilnb29nbGUubWFwcy5wbGFjZXMudjEuUGxhY2VzLlNlYXJjaE5lYXJieRACGAQgAA,ChIJcWyBT1AZDTkRqQHZM0E6Jc0
V5 Engineering Services Pvt. Ltd.,corporate_office,corporate_office|point_of_interest|establishment,098103 40058,,"92, Akashneem Marg, DLF Phase 2, Sector 25, Gurugram, Haryana 122002, India",,,OPERATIONAL,https://maps.google.com/?cid=11088943570790385073&g_mp=Cilnb29nbGUubWFwcy5wbGFjZXMudjEuUGxhY2VzLlNlYXJjaE5lYXJieRACGAQgAA,ChIJrwLrsyQZDTkRsQVQB23X45k
Cure2heal,consultant,consultant|health|service|point_of_interest|establishment,074280 91114,,"Oakwood Estate, B-65, Akashneem Marg, DLF Phase 2, Sector 25, Gurugram, Haryana 122002, India",3.3,7,CLOSED_TEMPORARILY,https://maps.google.com/?cid=17973020691839729505&g_mp=Cilnb29nbGUubWFwcy5wbGFjZXMudjEuUGxhY2VzLlNlYXJjaE5lYXJieRACGAQgAA,ChIJfQd8CYkZDTkRYT_aFRj_bPk
Kutub Estate,real_estate_agency,real_estate_agency|general_contractor|service|point_of_interest|establishment,099909 03623,http://www.kutubestate.com/,"41, Akashneem Marg, DLF Phase 2, Sector 25, Gurugram, Haryana 122002, India",4.8,70,OPERATIONAL,https://maps.google.com/?cid=3511033006487276974&g_mp=Cilnb29nbGUubWFwcy5wbGFjZXMudjEuUGxhY2VzLlNlYXJjaE5lYXJieRACGAQgAA,ChIJuXa2wpoZDTkRro1YyuqxuTA
Serenity Surrender,health,health|point_of_interest|establishment,093107 70215,http://www.serenitysurrender.com/,"C-115, Oakwood Est Rd, DLF Phase 2, Sector 25, Gurugram, Haryana 122002, India",4.8,9,OPERATIONAL,https://maps.google.com/?cid=13680771196036617404&g_mp=Cilnb29nbGUubWFwcy5wbGFjZXMudjEuUGxhY2VzLlNlYXJjaE5lYXJieRACGAQgAA,ChIJG0aSKSUZDTkRvJQoQevc270
White House Dry Cleaner,laundry,laundry|point_of_interest|service|establishment,098737 77713,,"Shop No. 1, Akasheem Marg., Oakwood State, DLF Phase 2, Sector 25, Gurugram, Haryana 122002, India",3.8,9,OPERATIONAL,https://maps.google.com/?cid=718764196313733608&g_mp=Cilnb29nbGUubWFwcy5wbGFjZXMudjEuUGxhY2VzLlNlYXJjaE5lYXJieRACGAQgAA,ChIJMd7SOCUZDTkR6JmMdjqQ-Qk
SMC Global Securities Limited,finance,finance|consultant|point_of_interest|service|establishment,080 6417 0391,https://store.smctradeonline.com/smc-global-securities-limited-stock-broker-dlf-gurugram-484891/Home?utm_source=locator&utm_medium=googleplaces,"No J/6/4, DLF Phase 2, Sector 25, Gurugram, Haryana 122002, India",,,OPERATIONAL,https://maps.google.com/?cid=11342202321872681659&g_mp=Cilnb29nbGUubWFwcy5wbGFjZXMudjEuUGxhY2VzLlNlYXJjaE5lYXJieRACGAQgAA,ChIJCST3brYZDTkRu_rUDeuYZ50
SHRI SHYAM TAXI SERVICE,taxi_service,taxi_service|transportation_service|point_of_interest|service|establishment,099999 01285,,"EWS Flat, Oakwood Estate, 108, Akashneem Marg, DLF Phase 2, Sector 25, Gurugram, Haryana 122005, India",,,OPERATIONAL,https://maps.google.com/?cid=2655178895760839901&g_mp=Cilnb29nbGUubWFwcy5wbGFjZXMudjEuUGxhY2VzLlNlYXJjaE5lYXJieRACGAQgAA,ChIJZ0tNrF0ZDTkR3VTwUCMX2SQ
S G Rawat and Co (DLF Phase 2),consultant,accounting|finance|consultant|point_of_interest|service|establishment,0124 405 9391,,"111-112, Oakwood Estate (E.W.S) Akashneem Marg, DLF City, Phase-II, Gurgoan -122002, Akashneem Marg, DLF Phase 2, Sector 25, Gurugram, Haryana 122002, India",5,5,OPERATIONAL,https://maps.google.com/?cid=1824151508317483388&g_mp=Cilnb29nbGUubWFwcy5wbGFjZXMudjEuUGxhY2VzLlNlYXJjaE5lYXJieRACGAQgAA,ChIJv8s5QCUZDTkRfLHBzSGwUBk
NextWebGen InfoTech Private Limited,service,point_of_interest|service|establishment,088608 24396,http://www.nextwebgen.com/,"OE-410, OAKWOOD ESTATE OAKWOOD ESTATE CONDOMINIUM ASSOCIATION, Akashneem Marg, DLF Phase 2, Sector 25, Gurugram, Haryana 122002, India",,,OPERATIONAL,https://maps.google.com/?cid=1492513415475222976&g_mp=Cilnb29nbGUubWFwcy5wbGFjZXMudjEuUGxhY2VzLlNlYXJjaE5lYXJieRACGAQgAA,ChIJvWVqCewZDTkRwNnnLwt5thQ
CBR Properties | Buy | Sell | Rent flat villa Rooms Shops,consultant,real_estate_agency|consultant|point_of_interest|service|establishment,099582 86606,,"Akashneem Marg, DLF Phase 2, Sector 25, haryana, Gurugram, Haryana 122002, India",5,6,OPERATIONAL,https://maps.google.com/?cid=14185519444019999148&g_mp=Cilnb29nbGUubWFwcy5wbGFjZXMudjEuUGxhY2VzLlNlYXJjaE5lYXJieRACGAQgAA,ChIJETIPgNMZDTkRrHE1t8YW3cQ
TEN Events & Entertainment LLP,,point_of_interest|establishment,099108 04033,http://www.tenevents.in/,"59, Akashneem Marg, DLF Phase 2, Sector 25, Gurugram, Haryana 122002, India",4.9,42,OPERATIONAL,https://maps.google.com/?cid=1970484893722948260&g_mp=Cilnb29nbGUubWFwcy5wbGFjZXMudjEuUGxhY2VzLlNlYXJjaE5lYXJieRACGAQgAA,ChIJOSTtsDwYDTkRpDKhHZKRWBs
Optimist Brand Design,service,point_of_interest|service|establishment,092256 76704,https://optimist.co.in/,"Oakwood Estate B-Block, DLF Phase 2, Sector 25, Shahpur, Gurugram, Haryana 122002, India",,,OPERATIONAL,https://maps.google.com/?cid=5308517034558491401&g_mp=Cilnb29nbGUubWFwcy5wbGFjZXMudjEuUGxhY2VzLlNlYXJjaE5lYXJieRACGAQgAA,ChIJR12YZDAZDTkRCQv4AB6kq0k
RaseoTech Digital,service,service|point_of_interest|establishment,083689 80333,http://ai.raseotech.com/,"Q-5/2, DLF Phase 2, Sector 25, Gurugram, Haryana 122002, India",4.2,18,OPERATIONAL,https://maps.google.com/?cid=2037106357744691628&g_mp=Cilnb29nbGUubWFwcy5wbGFjZXMudjEuUGxhY2VzLlNlYXJjaE5lYXJieRACGAQgAA,ChIJAU436C8ZDTkRrOkPd3BBRRw
Prasidhi Realty Solutions,consultant,real_estate_agency|consultant|service|point_of_interest|establishment,098189 67675,https://prasidhirealtysolutions.in/,"2, Basement, Q-5, DLF Phase 2, Sector 25, Gurugram, Haryana 122002, India",,,OPERATIONAL,https://maps.google.com/?cid=10603619652239784640&g_mp=Cilnb29nbGUubWFwcy5wbGFjZXMudjEuUGxhY2VzLlNlYXJjaE5lYXJieRACGAQgAA,ChIJm2QdoWYZDTkRwHoaseSfJ5M
Bipin Bihari Pal Rider,child_care_agency,child_care_agency|clothing_store|store|service|point_of_interest|establishment,080929 60316,,"Shop No 23, Sikanderpur, DLF Phase 2, Sector 25, Gurugram, Haryana 122002, India",5,3,OPERATIONAL,https://maps.google.com/?cid=3495208706030581188&g_mp=Cilnb29nbGUubWFwcy5wbGFjZXMudjEuUGxhY2VzLlNlYXJjaE5lYXJieRACGAQgAA,ChIJrylfhM8ZDTkRxDXOusx5gTA
Batra Properties,real_estate_agency,real_estate_agency|service|point_of_interest|establishment,098717 74175,,"19, Bougainvilla Marg, near BRISTOL HOTEL, DLF Phase 2, Sector 25, Gurugram, Haryana 122002, India",4.4,37,OPERATIONAL,https://maps.google.com/?cid=98830748639888311&g_mp=Cilnb29nbGUubWFwcy5wbGFjZXMudjEuUGxhY2VzLlNlYXJjaE5lYXJieRACGAQgAA,ChIJyf8xki8ZDTkRtwOR0QoeXwE
Zip Delivery Office,corporate_office,corporate_office|point_of_interest|establishment,096509 00650,,"5, Q-5/5, 23, Road, DLF Phase 2, Sector 25, Gurugram, Haryana 122002, India",5,2,CLOSED_TEMPORARILY,https://maps.google.com/?cid=6325139075923575757&g_mp=Cilnb29nbGUubWFwcy5wbGFjZXMudjEuUGxhY2VzLlNlYXJjaE5lYXJieRACGAQgAA,ChIJRcLB5y8ZDTkRzQNeP3pox1c
shimmmi,manufacturer,manufacturer|point_of_interest|establishment,084337 16663,https://www.shimmmi.com/,"Q4/1, 1st Floor, DLF Phase 2, Sector 25, Gurugram, Haryana 122002, India",5,2,OPERATIONAL,https://maps.google.com/?cid=17233831102496469846&g_mp=Cilnb29nbGUubWFwcy5wbGFjZXMudjEuUGxhY2VzLlNlYXJjaE5lYXJieRACGAQgAA,ChIJWah3O7wZDTkRVnNhNxTeKu8
The Skill Code,consultant,consultant|service|point_of_interest|establishment,099999 60606,http://theskillcode.com/,"Block Q DLF City Phase 2 Road, DLF Phase 2, Sector 25, Gurugram, Haryana 122002, India",5,7,OPERATIONAL,https://maps.google.com/?cid=16644781086068000393&g_mp=Cilnb29nbGUubWFwcy5wbGFjZXMudjEuUGxhY2VzLlNlYXJjaE5lYXJieRACGAQgAA,ChIJ4_pl6i8ZDTkRiUY5vzUk_uY
HairKraft Unisex Salon,beauty_salon,beauty_salon|service|point_of_interest|establishment,0124 405 4159,,"22, Bougainvilla Marg, DLF Phase 2, Sector 25, Gurugram, Haryana 122002, India",4.2,263,OPERATIONAL,https://maps.google.com/?cid=10021137037405401579&g_mp=Cilnb29nbGUubWFwcy5wbGFjZXMudjEuUGxhY2VzLlNlYXJjaE5lYXJieRACGAQgAA,ChIJ4Zw2NdQYDTkR6zEPkAo7Eos
Center For Advanced Homeopathy(A Planett Wellness) Gurugram,physiotherapist,physiotherapist|health|point_of_interest|establishment,092127 74419,,"22 BVM, DLF Phase 2, Sector 25, Gurugram, Haryana 122002, India",4.2,37,OPERATIONAL,https://maps.google.com/?cid=16442231277643462655&g_mp=Cilnb29nbGUubWFwcy5wbGFjZXMudjEuUGxhY2VzLlNlYXJjaE5lYXJieRACGAQgAA,ChIJt0H96C8ZDTkR_3fBejuKLuQ
CHANDA ESTATE,general_contractor,general_contractor|service|point_of_interest|establishment,098119 40340,https://chandaestate.in/,"24, Bougainvilla Marg, DLF Phase 2, Sector 25, Gurugram, Shahpur, Haryana 122002, India",4.5,39,OPERATIONAL,https://maps.google.com/?cid=1433815439193310022&g_mp=Cilnb29nbGUubWFwcy5wbGFjZXMudjEuUGxhY2VzLlNlYXJjaE5lYXJieRACGAQgAA,ChIJt074WAAZDTkRRoOWlovv5RM
Kanika Chanda,makeup_artist,makeup_artist|nail_salon|tanning_studio|beauty_salon|school|educational_institution|service|point_of_interest|establishment,098993 22789,https://kanikachanda.com/,"24, Bougainvilla Marg, DLF Phase 2, Sector 25, Gurugram, Haryana 122002, India",5,23,OPERATIONAL,https://maps.google.com/?cid=17503019648336775893&g_mp=Cilnb29nbGUubWFwcy5wbGFjZXMudjEuUGxhY2VzLlNlYXJjaE5lYXJieRACGAQgAA,ChIJ8fWjH7IZDTkR1crLm6I35_I
Capital O 1007 Hotel Villa 24,hotel,hotel|guest_house|cottage|motel|inn|lodging|service|point_of_interest|establishment,0124 620 1166,https://www.oyorooms.com/1121,"Plot No, 24, Bougainvilla Marg, DLF Phase 2, Sector 25, Gurugram, Haryana 122002, India",3.8,218,OPERATIONAL,https://maps.google.com/?cid=11796817853805483675&g_mp=Cilnb29nbGUubWFwcy5wbGFjZXMudjEuUGxhY2VzLlNlYXJjaE5lYXJieRACGAQgAA,ChIJ73gn4S8ZDTkRm9YP-FW3tqM
Sir Meccanica India Pvt Ltd,manufacturer,manufacturer|point_of_interest|establishment,0124 410 8866,http://sirmeccanicaindia.com/,"22, Bougainvilla Marg, DLF Phase 2, Sector 25, Gurugram, Haryana 122002, India",,,OPERATIONAL,https://maps.google.com/?cid=7767800742677812082&g_mp=Cilnb29nbGUubWFwcy5wbGFjZXMudjEuUGxhY2VzLlNlYXJjaE5lYXJieRACGAQgAA,ChIJP2L25i8ZDTkRcpNTsZ7FzGs
Hotel Journey Residency,hotel,hotel|lodging|point_of_interest|establishment,070424 24242,https://www.fabhotels.com/hotels-in-gurgaon/fabhotel-new-journey-hospitality-rfxheaqn.html,"DLF Phase 2, Sector 25, Gurugram, Haryana 122002, India",5,1,OPERATIONAL,https://maps.google.com/?cid=10355277450991981889&g_mp=Cilnb29nbGUubWFwcy5wbGFjZXMudjEuUGxhY2VzLlNlYXJjaE5lYXJieRACGAQgAA,ChIJc3CakVcZDTkRQVX9IPpVtY8
Dust Reta- Building Material Supplier in Gurgoan,,wholesaler|supplier|manufacturer|general_contractor|service|point_of_interest|establishment,092164 71647,http://dustreta.com/,"NH148A Nearest, metro station, Sikanderpur, Nathupur, Sector 24, Gurugram, Haryana 122002, India",5,263,OPERATIONAL,https://maps.google.com/?cid=10783136052647876406&g_mp=Cilnb29nbGUubWFwcy5wbGFjZXMudjEuUGxhY2VzLlNlYXJjaE5lYXJieRACGAQgAA,ChIJeaTz1nMZDTkRNtfIvhtlpZU
GAY PARTY G ZONE,bar,bar|point_of_interest|establishment,072899 98583,,"Nathupur, Sector 24, Gurugram, Haryana 122002, India",3.9,14,OPERATIONAL,https://maps.google.com/?cid=953941233144756791&g_mp=Cilnb29nbGUubWFwcy5wbGFjZXMudjEuUGxhY2VzLlNlYXJjaE5lYXJieRACGAQgAA,ChIJ9YPECs8BDTkRN_owUn8UPQ0
Kajaria Tiles Exclusive Showroom - Shiv Madhav Overseas,building_materials_store,wholesaler|home_goods_store|building_materials_store|supplier|store|manufacturer|service|point_of_interest|establishment,080 3715 0991,https://dealers.kajariaceramics.com/,"Rajendra Market, Hanuman Mandir Gali, near Prachin, Nathupur, Sector 24, Gurugram, Haryana 122002, India",,,OPERATIONAL,https://maps.google.com/?cid=269916746762305224&g_mp=Cilnb29nbGUubWFwcy5wbGFjZXMudjEuUGxhY2VzLlNlYXJjaE5lYXJieRACGAQgAA,ChIJZfq0LDcZDTkRyD6y4dnvvgM
MOHD UWAIS WORK SHOP,manufacturer,manufacturer|service|point_of_interest|establishment,099107 06512,,"Shop 15, Sikanderpur, Nathupur, Sector 24, Gurugram, Haryana 122002, India",5,1,OPERATIONAL,https://maps.google.com/?cid=7084213088546717696&g_mp=Cilnb29nbGUubWFwcy5wbGFjZXMudjEuUGxhY2VzLlNlYXJjaE5lYXJieRACGAQgAA,ChIJAddrDi4ZDTkRAAAAMEUuUGI
Ecube Sales Solutions Private Limited,consultant,consultant|service|point_of_interest|establishment,0124 427 9247,https://ecubesalesolutions.com/,"Creator's Gurukul, Metro Pillar Number 33, 34, Main Road, opp. Rapid, DLF Phase 2, Sector 25, Gurugram, Haryana 122002, India",,,CLOSED_TEMPORARILY,https://maps.google.com/?cid=18023485596993926539&g_mp=Cilnb29nbGUubWFwcy5wbGFjZXMudjEuUGxhY2VzLlNlYXJjaE5lYXJieRACGAQgAA,ChIJR1AfeMcZDTkRizUxb6hIIPo
LOHIA TYRE WORLD,tire_shop,tire_shop|auto_parts_store|car_repair|store|service|point_of_interest|establishment,092100 03825,,"MG road, Sikanderpur Rd, near pahalvan dhaba, Nathupur, Sector 24, Gurugram, Haryana 122002, India",5,5,OPERATIONAL,https://maps.google.com/?cid=7491408139818634471&g_mp=Cilnb29nbGUubWFwcy5wbGFjZXMudjEuUGxhY2VzLlNlYXJjaE5lYXJieRACGAQgAA,ChIJ0xN_eJofDTkR5wxcEQPU9mc
Ecogas Impex. Pvt. Ltd.,car_repair,car_repair|service|point_of_interest|establishment,099104 50099,,"1, Mehrauli Gurgaon Road, Sikanderpur Rd, near Power House, Nathupur, Sector 24, Gurugram, Haryana 122002, India",4.4,104,OPERATIONAL,https://maps.google.com/?cid=18043853356558672521&g_mp=Cilnb29nbGUubWFwcy5wbGFjZXMudjEuUGxhY2VzLlNlYXJjaE5lYXJieRACGAQgAA,ChIJ7XRsGi4ZDTkRiWLrAAelaPo
Karma- A Unit of Lockup,restaurant,restaurant|bar|food|point_of_interest|establishment,095822 04219,,"F3MW+WC7, Mehrauli-Gurgaon Rd, Sikanderpur, Nathupur, Sector 24, Gurugram, Haryana 122002, India",3.8,116,OPERATIONAL,https://maps.google.com/?cid=7926934873613503373&g_mp=Cilnb29nbGUubWFwcy5wbGFjZXMudjEuUGxhY2VzLlNlYXJjaE5lYXJieRACGAQgAA,ChIJuaD9kvgfDTkRjYtj00QhAm4
EVO CNG | EVO AUTOGAS SYSTEMS PVT LTD,car_repair,car_wash|car_repair|service|point_of_interest|establishment,093134 18433,http://www.evoautogas.com/,"1, Mehrauli-Gurgaon Rd, Nathupur, Sector 24, Gurugram, Haryana 122002, India",4,157,OPERATIONAL,https://maps.google.com/?cid=12292987776579451648&g_mp=Cilnb29nbGUubWFwcy5wbGFjZXMudjEuUGxhY2VzLlNlYXJjaE5lYXJieRACGAQgAA,ChIJP3LjDi4ZDTkRALs8c0B3mao
Car Hub,car_wash,car_wash|service|point_of_interest|establishment,093134 18433,https://www.carpaintprotection.in/,"Shop No 2, Sikanderpur By Pass, Building, Mehrauli-Gurgaon Rd, opposite DLF City Court, Nathupur, Sector 24, Gurugram, Haryana 122002, India",4.1,61,OPERATIONAL,https://maps.google.com/?cid=8951401685165128697&g_mp=Cilnb29nbGUubWFwcy5wbGFjZXMudjEuUGxhY2VzLlNlYXJjaE5lYXJieRACGAQgAA,ChIJVbKBCi4ZDTkR-bsZ9mfEOXw
Kajal Brass Arts,manufacturer,store|manufacturer|service|point_of_interest|establishment,098180 35656,,"Shop No. 1, ECO CNG SHOP, near Furniture Market, Nathupur, Sector 24, Gurugram, Sikanderpur Ghosi, Haryana 122010, India",4.4,14,OPERATIONAL,https://maps.google.com/?cid=9073356569535473531&g_mp=Cilnb29nbGUubWFwcy5wbGFjZXMudjEuUGxhY2VzLlNlYXJjaE5lYXJieRACGAQgAA,ChIJY7ZgCS4ZDTkRe2eeL7oJ630
Expert In Car Service,car_repair,car_repair|service|point_of_interest|establishment,099584 92977,,"Mg Road Nathupur Sector 24 Gurugram, Block 1, Mehrauli-Gurugram Road, Nathupur, Sector 24, Gurugram, Nathupur, Sector 24, Delhi NCR, Gurugram, Haryana 122002, India",5,1,OPERATIONAL,https://maps.google.com/?cid=4941208864024009605&g_mp=Cilnb29nbGUubWFwcy5wbGFjZXMudjEuUGxhY2VzLlNlYXJjaE5lYXJieRACGAQgAA,ChIJq6qVGi4ZDTkRhZspPUizkkQ
MobiDoor,service,service|point_of_interest|establishment,089233 17942,https://mobidoor.in/,"1, Mehrauli-Gurgaon Rd, DLF City, Garden Estate, Nathupur, Sector 14, Gurugram, Haryana 122002, India",3,10,OPERATIONAL,https://maps.google.com/?cid=18139677127410926914&g_mp=Cilnb29nbGUubWFwcy5wbGFjZXMudjEuUGxhY2VzLlNlYXJjaE5lYXJieRACGAQgAA,ChIJMTb-lnzvDDkRQkWbPz0Uvfs
Website Designer Gurgaon,service,service|point_of_interest|establishment,088284 38867,https://websitedesigneringurgaon.co.in/,"1st Floor, 10, Poorvi Marg, DLF Phase 2, Sector 25, Gurugram, Haryana 122002, India",5,3,OPERATIONAL,https://maps.google.com/?cid=15718814991990015131&g_mp=Cilnb29nbGUubWFwcy5wbGFjZXMudjEuUGxhY2VzLlNlYXJjaE5lYXJieRACGAQgAA,ChIJZ53A9fwZDTkRm0SmD_RyJNo
Goodyear Autocare - Lohia Tyre World,tire_shop,tire_shop|auto_parts_store|car_repair|store|service|point_of_interest|establishment,08071 370 726,https://autocare.goodyear.co.in/goodyear-autocare-lohia-tyre-world-tyre-shop-sector-24-gurugram-338878/Home?utm_source=locator&utm_medium=googleplaces,"Ground Floor, Mehrauli-Gurgaon Rd, beside Pahalwan Dhaba, Nathupur, Sector 24, Gurugram, Haryana 122002, India",4.8,222,OPERATIONAL,https://maps.google.com/?cid=1449055789573525754&g_mp=Cilnb29nbGUubWFwcy5wbGFjZXMudjEuUGxhY2VzLlNlYXJjaE5lYXJieRACGAQgAA,ChIJERoXCi4ZDTkR-tBALZAUHBQ
Marda lifestyle & Essentials Pvt Ltd,corporate_office,corporate_office|point_of_interest|establishment,078178 01896,http://www.arthadam.com/,"10, Poorvi Marg, DLF Phase 2, Sector 25, Gurugram, Haryana 122002, India",,,OPERATIONAL,https://maps.google.com/?cid=6749617131362146848&g_mp=Cilnb29nbGUubWFwcy5wbGFjZXMudjEuUGxhY2VzLlNlYXJjaE5lYXJieRACGAQgAA,ChIJM_rhKf4ZDTkRIFq7HAV1q10
Shree Ram Bhakt Hanuman ji Foundation,corporate_office,corporate_office|point_of_interest|establishment,077377 32147,http://srbhjf.ngo/,"2nd floor, Gaurav plazza, Sikanderpur Rd, opp. metro Pillar no 50, DLF Phase 1, Sector 26, Gurugram, Haryana 122002, India",,,OPERATIONAL,https://maps.google.com/?cid=15546301222669547278&g_mp=Cilnb29nbGUubWFwcy5wbGFjZXMudjEuUGxhY2VzLlNlYXJjaE5lYXJieRACGAQgAA,ChIJ2cnXvi0ZDTkRDndwHJiOv9c
Hindustan Shuttering and Scaffolding (Gurugram),service,service|point_of_interest|establishment,098991 48217,http://www.scaffoldrental.in/,"Furniture Market, Adjoining Garden Estate MG Road Sikanderpur DLF II &, DLF Phase 3, Sector 24, Gurugram, Haryana 122010, India",4.8,6,OPERATIONAL,https://maps.google.com/?cid=12879397046275441610&g_mp=Cilnb29nbGUubWFwcy5wbGFjZXMudjEuUGxhY2VzLlNlYXJjaE5lYXJieRACGAQgAA,ChIJa7oq0TkZDTkRyoN2KGDPvLI
Asif used office furniture - old furniture office chair repairing shop Sikandarpur second hand furniture,furniture_store,laundry|furniture_store|home_improvement_store|home_goods_store|supplier|store|manufacturer|service|point_of_interest|establishment,095993 05200,https://asiffurniture-32g9884.public.builtwithrocket.new/,"Shop no 113, shree ram furniture market, Sikanderpur, Nathupur, Sector 24, Gurugram, Haryana 122002, India",4.8,108,OPERATIONAL,https://maps.google.com/?cid=10150213588103234503&g_mp=Cilnb29nbGUubWFwcy5wbGFjZXMudjEuUGxhY2VzLlNlYXJjaE5lYXJieRACGAQgAA,ChIJXTLO8-EZDTkRx4M88XrN3Iw
MS Furniture,manufacturer,manufacturer|general_contractor|service|point_of_interest|establishment,070425 53588,,"Furniture Market, in front of flyover, Sikanderpur, Nathupur, Sector 24, Gurugram, Haryana 122002, India",2,4,OPERATIONAL,https://maps.google.com/?cid=8156816982408259629&g_mp=Cilnb29nbGUubWFwcy5wbGFjZXMudjEuUGxhY2VzLlNlYXJjaE5lYXJieRACGAQgAA,ChIJia7tUwAZDTkRLWhRLtTVMnE
Om Sai Steel Fabricators,service,service|point_of_interest|establishment,098115 16933,,"Shri Ram Market, near Garden Estate, DLF City, Sikanderpur, Nathupur, Sector 24, Gurugram, Haryana 122010, India",5,1,OPERATIONAL,https://maps.google.com/?cid=3423352870057561852&g_mp=Cilnb29nbGUubWFwcy5wbGFjZXMudjEuUGxhY2VzLlNlYXJjaE5lYXJieRACGAQgAA,ChIJpb0quy0ZDTkR_E6YMEwxgi8
Sk Enterprises,furniture_store,furniture_store|home_improvement_store|home_goods_store|supplier|store|service|point_of_interest|establishment,087897 55135,https://youtube.com/shorts/3Tr6SHYpv5Y?si=G0mHb-6JMVy1nJBO,"Mehrauli-Gurgaon Rd, Sikanderpur, DLF Phase 1, Sector 24, Gurugram, Haryana 122010, India",5,46,OPERATIONAL,https://maps.google.com/?cid=4966705376520568786&g_mp=Cilnb29nbGUubWFwcy5wbGFjZXMudjEuUGxhY2VzLlNlYXJjaE5lYXJieRACGAQgAA,ChIJs6RKGyEfDTkR0v-HpzlI7UQ
Fiza Enterprises,furniture_store,furniture_store|home_improvement_store|home_goods_store|store|service|point_of_interest|establishment,098914 17872,,"Shop No. 4, Mehrauli-Gurugram Road, Garden Estate, Nathupur, Sector 24, 122002, Nathupur, Sector 24, Gurugram, Haryana 122010, India",1,1,OPERATIONAL,https://maps.google.com/?cid=14590224401168719359&g_mp=Cilnb29nbGUubWFwcy5wbGFjZXMudjEuUGxhY2VzLlNlYXJjaE5lYXJieRACGAQgAA,ChIJzwhyxy0ZDTkR_93lYMrjeso
Royal Wood Furniture,manufacturer,furniture_store|home_improvement_store|home_goods_store|finance|store|manufacturer|service|point_of_interest|establishment,097181 89498,http://royalswoodfurniture.com/,"Shop No. 6, Shri Ram Market, Dlf Phase 3, Mehrauli Gurugram Road, Garden Estate, Nathupur, Gurugram, Haryana, 122002, Nathupur, Sector 24, Gurugram, Haryana 122010, India",2.8,66,OPERATIONAL,https://maps.google.com/?cid=12493123884747662858&g_mp=Cilnb29nbGUubWFwcy5wbGFjZXMudjEuUGxhY2VzLlNlYXJjaE5lYXJieRACGAQgAA,ChIJjYhBKdIZDTkRCiZVVft9YK0
Sofa repair and new sofa Roshan,furniture_store,furniture_store|home_improvement_store|home_goods_store|store|service|point_of_interest|establishment,099718 39118,,"F3MX+G76, Sikanderpur, Nathupur, Sector 26, Gurugram, Haryana 122010, India",5,2,OPERATIONAL,https://maps.google.com/?cid=12021144577356214008&g_mp=Cilnb29nbGUubWFwcy5wbGFjZXMudjEuUGxhY2VzLlNlYXJjaE5lYXJieRACGAQgAA,ChIJQesqNgAZDTkR-C7uZk2v06Y
Bharat Enterprises,furniture_store,furniture_store|home_improvement_store|home_goods_store|supplier|store|service|point_of_interest|establishment,098719 40311,,"Shop no 5,Shri Ram Furniture Market, Mehrauli-Gurgaon Rd, Nathupur, Sector 24, Gurugram, Haryana 122010, India",4.2,11,OPERATIONAL,https://maps.google.com/?cid=16204916467550021292&g_mp=Cilnb29nbGUubWFwcy5wbGFjZXMudjEuUGxhY2VzLlNlYXJjaE5lYXJieRACGAQgAA,ChIJJWvURUwZDTkRrGYyf6tt4-A
Yogita Enterprises,furniture_store,furniture_store|home_improvement_store|home_goods_store|supplier|store|service|point_of_interest|establishment,099106 54231,,"Shop No-15, Shree ram furniture market, Nathupur, Sector 24, Gurugram, Haryana 122001, India",5,2,OPERATIONAL,https://maps.google.com/?cid=7820935593355867662&g_mp=Cilnb29nbGUubWFwcy5wbGFjZXMudjEuUGxhY2VzLlNlYXJjaE5lYXJieRACGAQgAA,ChIJvW7HvjQZDTkRDnYvLXyLiWw
Car workshop,car_repair,car_repair|service|point_of_interest|establishment,099585 85322,,"Shree Ram market, near by furniture market, DLF Phase 3, Sector 24, Gurugram, Haryana 122010, India",4.9,133,OPERATIONAL,https://maps.google.com/?cid=11712297011432754456&g_mp=Cilnb29nbGUubWFwcy5wbGFjZXMudjEuUGxhY2VzLlNlYXJjaE5lYXJieRACGAQgAA,ChIJDxU7EEUZDTkRGI1R1hNwiqI
S H Traders,furniture_store,furniture_store|home_improvement_store|home_goods_store|store|service|point_of_interest|establishment,099114 56590,,"Shop No, 22, Mehrauli-Gurgaon Rd, Nathupur, Sector 24, Gurugram, Haryana 122010, India",3.7,9,OPERATIONAL,https://maps.google.com/?cid=15314078942994124456&g_mp=Cilnb29nbGUubWFwcy5wbGFjZXMudjEuUGxhY2VzLlNlYXJjaE5lYXJieRACGAQgAA,ChIJA_e4bF0ZDTkRqE50Q6mJhtQ
Royal Furniture & interior decorator,furniture_store,furniture_store|home_improvement_store|home_goods_store|store|service|point_of_interest|establishment,088603 19418,,"Sikanderpur, Nathupur, Sector 26, Gurugram, Haryana 122002, India",3,8,CLOSED_TEMPORARILY,https://maps.google.com/?cid=7996634804554290217&g_mp=Cilnb29nbGUubWFwcy5wbGFjZXMudjEuUGxhY2VzLlNlYXJjaE5lYXJieRACGAQgAA,ChIJtX6E8LMZDTkRKdT7m_zA-W4
Indian Wood Furniture,furniture_store,furniture_store|home_improvement_store|home_goods_store|store|service|point_of_interest|establishment,096549 54239,,"Sope No 34, 122022, Mahroli Road, near by Sikandra Pur, Sector 24, Gorgao, Gurugram, Haryana 122010, India",1,5,OPERATIONAL,https://maps.google.com/?cid=15041210239331300438&g_mp=Cilnb29nbGUubWFwcy5wbGFjZXMudjEuUGxhY2VzLlNlYXJjaE5lYXJieRACGAQgAA,ChIJ4_HKVRUZDTkRVnRPWwUdvdA
Daksh Automobile : Car Service | Car Repair | Car Rubbing & Polishing | Car Wash | Dlf Gurgaon,car_repair,car_repair|service|point_of_interest|establishment,097111 41471,https://biz-map-showcase.lovable.app/,"Shri Ram Market, new flyover, near Garden Estate, Sikanderpur, Nathupur, Sector 24, Gurugram, Haryana 122010, India",4.7,579,OPERATIONAL,https://maps.google.com/?cid=5665248546002028267&g_mp=Cilnb29nbGUubWFwcy5wbGFjZXMudjEuUGxhY2VzLlNlYXJjaE5lYXJieRACGAQgAA,ChIJi7JDZX0fDTkR68a_bIkBn04
"MA-1/4, Garden Estate",condominium_complex,condominium_complex|service|point_of_interest|establishment,,,"MA-1/4, Garden Estate, Nathupur, Sector 24, Gurugram, Haryana 122002, India",4.6,7,OPERATIONAL,https://maps.google.com/?cid=8620344486781166239&g_mp=Cilnb29nbGUubWFwcy5wbGFjZXMudjEuUGxhY2VzLlNlYXJjaE5lYXJieRACGAQgAA,ChIJF0acLt8ZDTkRn6IWYKOdoXc
Akash Auto Service,taxi_service,taxi_service|transportation_service|service|point_of_interest|establishment,090054 61183,,"3, Secondarpur, DLF City, DLF Phase 3, Sector 24, Sikanderpur Ghosi, Gurugram, Haryana 122002, India",3,1,OPERATIONAL,https://maps.google.com/?cid=11146095862350875440&g_mp=Cilnb29nbGUubWFwcy5wbGFjZXMudjEuUGxhY2VzLlNlYXJjaE5lYXJieRACGAQgAA,ChIJWX0waVoZDTkRMAvg2yHjrpo
Ashok Masala Shop,general_store,general_store|food_store|store|food|point_of_interest|establishment,088512 21430,,"11, DLF City, Sikanderpur, DLF Phase 3, Sector 24, Sikanderpur Ghosi, Gurugram, Haryana 122001, India",,,OPERATIONAL,https://maps.google.com/?cid=4542719009035911168&g_mp=Cilnb29nbGUubWFwcy5wbGFjZXMudjEuUGxhY2VzLlNlYXJjaE5lYXJieRACGAQgAA,ChIJZaSqai0ZDTkRAAAA0N76Cj8
SPREADING SMILES GYAN KENDRA slum school Nathupur Jhuggies Gurgaon Gurugram Haryana India,school,school|educational_institution|point_of_interest|establishment,098116 11402,,"S 34 Lane DLF Phase 3 Nathupur Behind G D Goenka school, behind park Nathupur, Sector 24 on MG Road Neelakant hospital road, St Stephan Hospital, road, opp. wine shop, S Block, DLF Phase 3, Sector 24, Gurugram, Haryana 122010, India",4.9,10,OPERATIONAL,https://maps.google.com/?cid=11618479142893984989&g_mp=Cilnb29nbGUubWFwcy5wbGFjZXMudjEuUGxhY2VzLlNlYXJjaE5lYXJieRACGAQgAA,ChIJH2EBwC0ZDTkR3Rx7HjkhPaE
Arvend Hospital,hospital,hospital|health|service|point_of_interest|establishment,099102 97981,,"F4P2+28Q, DLF City, DLF Phase 3, Sector 24, Sikanderpur Ghosi, Gurugram, Haryana 122010, India",,,OPERATIONAL,https://maps.google.com/?cid=756090744625611457&g_mp=Cilnb29nbGUubWFwcy5wbGFjZXMudjEuUGxhY2VzLlNlYXJjaE5lYXJieRACGAQgAA,ChIJ____Py0ZDTkRwcJeu4Ysfgo
Tiny Tot Play School & Day Care,school,school|educational_institution|point_of_interest|establishment,096672 79125,,"S 47 S Block Dlf Phase 3 Sector 24 Gurugram, 9, Road No S 47, S Block, Dlf Phase 3, Sector 24, Gurugram, DLF City, DLF Phase 3, Sector 24, Delhi NCR, Gurugram, Haryana 122010, India",,,OPERATIONAL,https://maps.google.com/?cid=17457823849063499704&g_mp=Cilnb29nbGUubWFwcy5wbGFjZXMudjEuUGxhY2VzLlNlYXJjaE5lYXJieRACGAQgAA,ChIJczp0EC0ZDTkRuMfFkkumRvI
Nuevo Polymers,corporate_office,corporate_office|point_of_interest|establishment,0124 427 0494,http://nuevopolymers.net/,"W6, 13, S Block, DLF Phase 3, Sector 24, Gurugram, Haryana 122010, India",,,OPERATIONAL,https://maps.google.com/?cid=16700841139583646555&g_mp=Cilnb29nbGUubWFwcy5wbGFjZXMudjEuUGxhY2VzLlNlYXJjaE5lYXJieRACGAQgAA,ChIJl6gXaC0ZDTkRW_scF4hOxec
shrreenie,buffet_restaurant,dessert_restaurant|buffet_restaurant|restaurant|food|point_of_interest|establishment,098992 20835,https://www.instagram.com/shrreenie/,"V28, 13, S Block, DLF Phase 3, Sector 24, Gurugram, Haryana 122010, India",,,OPERATIONAL,https://maps.google.com/?cid=1645270314330465872&g_mp=Cilnb29nbGUubWFwcy5wbGFjZXMudjEuUGxhY2VzLlNlYXJjaE5lYXJieRACGAQgAA,ChIJ_cTB3bIZDTkRUKYpRaIs1RY
Priyanka.mk,makeup_artist,makeup_artist|point_of_interest|establishment,092668 27609,,"Garden Estate, DLF Phase 3, Sector 24, Gurugram, Haryana 122002, India",5,10,OPERATIONAL,https://maps.google.com/?cid=10233150685510187117&g_mp=Cilnb29nbGUubWFwcy5wbGFjZXMudjEuUGxhY2VzLlNlYXJjaE5lYXJieRACGAQgAA,ChIJOYsbFRcZDTkRbTjhtlR0A44
Akshaya Patra,non_profit_organization,non_profit_organization|association_or_organization|point_of_interest|establishment,080 3014 3400,https://www.akshayapatra.org/,"F4M3+HVJ, Garden Estate, Nathupur, Sector 24, Gurugram, Haryana 122010, India",5,2,OPERATIONAL,https://maps.google.com/?cid=10679967049311851314&g_mp=Cilnb29nbGUubWFwcy5wbGFjZXMudjEuUGxhY2VzLlNlYXJjaE5lYXJieRACGAQgAA,ChIJ50Y50U8fDTkRMhMcS3LdNpQ
Wedding Photographer | PK Suri Worldwide Studios,service,point_of_interest|service|establishment,098671 89997,https://pksuri.com/,"2nd floor, Plot no 1, Road No. S-25, Near CGS Veterinary Hospital DLF City Phase III, Nathupur, Sector 24, Gurugram, Haryana 122010, India",5,2,OPERATIONAL,https://maps.google.com/?cid=17049082844643672237&g_mp=Cilnb29nbGUubWFwcy5wbGFjZXMudjEuUGxhY2VzLlNlYXJjaE5lYXJieRACGAQgAA,ChIJmdd2bCUZDTkRrUAxbYSCmuw
Millora Cyber Suites,hotel,hotel|lodging|point_of_interest|establishment,096501 22240,,"24/1, S Block Main Rd, S Block, DLF Phase 3, Sector 24, Gurugram, Haryana 122010, India",4.9,64,OPERATIONAL,https://maps.google.com/?cid=9350971915176428413&g_mp=Cilnb29nbGUubWFwcy5wbGFjZXMudjEuUGxhY2VzLlNlYXJjaE5lYXJieRACGAQgAA,ChIJEYdOCQAfDTkRfcO-zGlTxYE
"Shreejee Niwas, S-24/8, Sector 24, DLF Phase 3",apartment_building,apartment_building|point_of_interest|service|establishment,,,"F4M3+WQ4, Garden Estate, Nathupur, Sector 24, Gurugram, Haryana 122010, India",,,OPERATIONAL,https://maps.google.com/?cid=2404119967307098887&g_mp=Cilnb29nbGUubWFwcy5wbGFjZXMudjEuUGxhY2VzLlNlYXJjaE5lYXJieRACGAQgAA,ChIJYcCkBYIfDTkRB2vDaF8mXSE
YOUR HIGHNESS GIRLS PG,service,point_of_interest|service|establishment,081975 07842,,"S-24/1, DLF Phase 3, Sector 24, Gurugram, Haryana 122010, India",5,1,OPERATIONAL,https://maps.google.com/?cid=16922394313452838845&g_mp=Cilnb29nbGUubWFwcy5wbGFjZXMudjEuUGxhY2VzLlNlYXJjaE5lYXJieRACGAQgAA,ChIJN26ddHQfDTkRvV9yKvhr2Oo
Pooja Salon & academy,beauty_salon,beauty_salon|educational_institution|point_of_interest|service|establishment,099103 00084,http://www.poojamakeoversalon.com/,"S-24/1, near Neelkanth Hospital, DLF Phase 3, Sector 24, Gurugram, Haryana 122010, India",4.6,114,OPERATIONAL,https://maps.google.com/?cid=1686477258375305336&g_mp=Cilnb29nbGUubWFwcy5wbGFjZXMudjEuUGxhY2VzLlNlYXJjaE5lYXJieRACGAQgAA,ChIJa0imRtIZDTkReBg8kyGSZxc
Apt Network Private Limited,,event_venue|point_of_interest|service|establishment,0124 404 1871,https://www.aptnetwork.in/,"BUILDING NO -12, 2ND FLOOR, ROAD, NO - 22, BLOCK - S, 22/12, DLF Phase 3, Sector 24, Gurugram, Haryana 122002, India",4.8,50,OPERATIONAL,https://maps.google.com/?cid=7135225498469172185&g_mp=Cilnb29nbGUubWFwcy5wbGFjZXMudjEuUGxhY2VzLlNlYXJjaE5lYXJieRACGAQgAA,ChIJWy8GiwYZDTkR2YOQbMlpBWM
UMANG WORLD,consultant,consultant|health|point_of_interest|service|establishment,098103 04667,http://www.umangworld.com/,"Second Floor, S-22/12, DLF Phase 3, Sector 24, Gurugram, Haryana 122010, India",5,47,OPERATIONAL,https://maps.google.com/?cid=11739998409602892509&g_mp=Cilnb29nbGUubWFwcy5wbGFjZXMudjEuUGxhY2VzLlNlYXJjaE5lYXJieRACGAQgAA,ChIJRwL_iiAZDTkR3QIINFra7KI
IPM INTERNATIONAL MOVERS AND PACKERS,transportation_service,transportation_service|point_of_interest|establishment,093107 84602,http://www.ipmipm.com/,"Shop No 45/7, U Block, DLF Phase 3, Sector 24, Gurugram, Haryana 122010, India",5,2,OPERATIONAL,https://maps.google.com/?cid=12027103549169096674&g_mp=Cilnb29nbGUubWFwcy5wbGFjZXMudjEuUGxhY2VzLlNlYXJjaE5lYXJieRACGAQgAA,ChIJzeFTyFQfDTkR4lcQpfTa6KY
MOJO Pizza - 2X Toppings,pizza_restaurant,pizza_restaurant|restaurant|food|point_of_interest|establishment,080 6817 2526,https://eatclub.in/,"GROUND FLOOR, S 3, LOHIA MARKET, Nathupur, Sector 24, Gurugram, Haryana 122010, India",4.7,55,OPERATIONAL,https://maps.google.com/?cid=9545268695909348474&g_mp=Cilnb29nbGUubWFwcy5wbGFjZXMudjEuUGxhY2VzLlNlYXJjaE5lYXJieRACGAQgAA,ChIJLRZstD4fDTkRejRVUU6bd4Q
Projector on Rent in Gurgaon I Event Capture,service,point_of_interest|service|establishment,074285 73845,https://www.eventcapture.in/,"1st Floor, G -13, DLF Phase 3, Guragon, Gurugram, Haryana 122010, India",,,OPERATIONAL,https://maps.google.com/?cid=15054710513995764141&g_mp=Cilnb29nbGUubWFwcy5wbGFjZXMudjEuUGxhY2VzLlNlYXJjaE5lYXJieRACGAQgAA,ChIJhYxzgsAfDTkRrVEO_3IT7dA
CHINESE LIVE COUNTER,chinese_restaurant,chinese_restaurant|restaurant|food|point_of_interest|establishment,095215 70040,,"U 51/1, near Yadav property, U Block, DLF Phase 3, Sector 24, Gurugram, Haryana 122002, India",4.8,9,OPERATIONAL,https://maps.google.com/?cid=7154305169687778505&g_mp=Cilnb29nbGUubWFwcy5wbGFjZXMudjEuUGxhY2VzLlNlYXJjaE5lYXJieRACGAQgAA,ChIJ3e4T3FEZDTkRyRT7jaUySWM
Mmansha Chadha,astrologer,astrologer|point_of_interest|establishment,098101 00283,,"W-9/24, 1st Floor, DLF Phase 3, Sector 24, Gurugram, Haryana 122002, India",,,OPERATIONAL,https://maps.google.com/?cid=15179857836689633098&g_mp=Cilnb29nbGUubWFwcy5wbGFjZXMudjEuUGxhY2VzLlNlYXJjaE5lYXJieRACGAQgAA,ChIJRbnDOtIeDTkRSq_QsEawqdI
"Brahma Kumaris (T Block, DLF)",health,health|point_of_interest|establishment,,,"T 7/16, 1st Floor, DLF Phase 3, Moulsari Ave, Enclave, Sector 24, Gurugram, Haryana 122002, India",,,OPERATIONAL,https://maps.google.com/?cid=9665284517317311&g_mp=Cilnb29nbGUubWFwcy5wbGFjZXMudjEuUGxhY2VzLlNlYXJjaE5lYXJieRACGAQgAA,ChIJfzvOBgAfDTkRv8pOaoZWIgA
PG in DLF Phase 3 by Blossom Stayz,lodging,lodging|point_of_interest|establishment,080 4568 8221,https://www.blossomstayz.com/dlfphase3,"1, T19 Rd, DLF Phase 3, Sector 24, Gurugram, Haryana 122010, India",1,1,OPERATIONAL,https://maps.google.com/?cid=1073676777493167172&g_mp=Cilnb29nbGUubWFwcy5wbGFjZXMudjEuUGxhY2VzLlNlYXJjaE5lYXJieRACGAQgAA,ChIJ06fIrxUfDTkRRPwQLld35g4
Twiddles by Yuvraj Singh,health_food_store,health_food_store|food_store|store|health|food|point_of_interest|establishment,096258 90911,https://www.twiddles.in/,"7, Nathupur Rd, DLF Phase 3, Sector 24, Gurugram, Haryana 122010, India",5,2,OPERATIONAL,https://maps.google.com/?cid=6985705673937486892&g_mp=Cilnb29nbGUubWFwcy5wbGFjZXMudjEuUGxhY2VzLlNlYXJjaE5lYXJieRACGAQgAA,ChIJF_Z0uIofDTkRLIR5cEw28mA
EHI International Pvt Ltd,association_or_organization,association_or_organization|point_of_interest|establishment,0124 426 4900,https://ehii.in/,"7, Nathupur Rd, DLF Phase 3, Sector 24, Gurugram, Haryana 122002, India",4.8,10,OPERATIONAL,https://maps.google.com/?cid=9190226710208093675&g_mp=Cilnb29nbGUubWFwcy5wbGFjZXMudjEuUGxhY2VzLlNlYXJjaE5lYXJieRACGAQgAA,ChIJPZoyFz8fDTkR651CQ4A-in8
Almost Spa,spa,massage_spa|massage|spa|point_of_interest|service|establishment,082877 23261,https://almostspagurgaon.blogspot.com/,"Shop No.120, 1st Floor, Supermart 1, DLF Phase-4, Sector-43, Gurugram, Haryana 122003, India",4.7,159,OPERATIONAL,https://maps.google.com/?cid=2002297410475664949&g_mp=Cilnb29nbGUubWFwcy5wbGFjZXMudjEuUGxhY2VzLlNlYXJjaE5lYXJieRACGAQgAA,ChIJzTMd5GgZDTkRNSYW3uKWyRs
Reboot-Wellness,medical_clinic,doctor|medical_clinic|health|point_of_interest|service|establishment,0124 456 9456,https://reboot-wellness.com/,"Ground Floor, 7, Nathupur Rd, near Neelkanth Hospital, DLF Phase 3, Sector 24, Gurugram, Haryana 122010, India",4.8,61,OPERATIONAL,https://maps.google.com/?cid=11134644907448724545&g_mp=Cilnb29nbGUubWFwcy5wbGFjZXMudjEuUGxhY2VzLlNlYXJjaE5lYXJieRACGAQgAA,ChIJoV6v1V7hDDkRQeyXqIw0hpo
OYO Moonlight Residency,hotel,hotel|guest_house|cottage|inn|motel|lodging|point_of_interest|service|establishment,0124 620 1166,https://www.oyorooms.com/47952,"5, Nathupur Rd, DLF Phase 3, Sector 24, Gurugram, Delhi 122010, India",3.3,186,OPERATIONAL,https://maps.google.com/?cid=1712419628281923489&g_mp=Cilnb29nbGUubWFwcy5wbGFjZXMudjEuUGxhY2VzLlNlYXJjaE5lYXJieRACGAQgAA,ChIJtwnmQZcfDTkRoYcmQpS8wxc
Sk. Engineering work,service,point_of_interest|service|establishment,078276 88652,https://sk.engineering.com/,"16, Nathupur Rd, DLF Phase 3, Sector 24, Gurugram, Haryana 122010, India",,,OPERATIONAL,https://maps.google.com/?cid=18381902013885213809&g_mp=Cilnb29nbGUubWFwcy5wbGFjZXMudjEuUGxhY2VzLlNlYXJjaE5lYXJieRACGAQgAA,ChIJG7pwoxQfDTkRcWyqeX2iGf8
Tron Labs,service,service|point_of_interest|establishment,0124 404 9048,http://www.tronlabs.co/,"S-9/13, DLF Phase 3, Sector 24, Gurugram, Haryana 122010, India",5,3,OPERATIONAL,https://maps.google.com/?cid=13614277823321176854&g_mp=Cilnb29nbGUubWFwcy5wbGFjZXMudjEuUGxhY2VzLlNlYXJjaE5lYXJieRACGAQgAA,ChIJmYzL30gfDTkRFnuJfIyh77w
Swarnimm Sangeet Mahavidyalaya,,point_of_interest|establishment,095603 45674,,"S 9/1, S 9th Rd, DLF Phase 3, Sector 24, Gurugram, Haryana 122010, India",5,17,OPERATIONAL,https://maps.google.com/?cid=17031532270212115518&g_mp=Cilnb29nbGUubWFwcy5wbGFjZXMudjEuUGxhY2VzLlNlYXJjaE5lYXJieRACGAQgAA,ChIJB0i9VlkfDTkRPmyY4lwoXOw
Obey Me by Mukul Arya,service,pet_care|service|point_of_interest|establishment,098183 33089,,"S-7/8, DLF Phase 3, Sector 24, Gurugram, Haryana 122002, India",,,OPERATIONAL,https://maps.google.com/?cid=14827556841326807616&g_mp=Cilnb29nbGUubWFwcy5wbGFjZXMudjEuUGxhY2VzLlNlYXJjaE5lYXJieRACGAQgAA,ChIJ_dCgCocfDTkRQIoyLmMQxs0
LUSH & BEYOND,home_goods_store,wholesaler|furniture_store|home_improvement_store|home_goods_store|store|manufacturer|general_contractor|service|point_of_interest|establishment,098105 49299,http://www.lushandbeyond.com/,"C3/19, DLF Phase 1, Sector 26, Gurugram, Haryana 122002, India",4.5,26,OPERATIONAL,https://maps.google.com/?cid=15015258435994744251&g_mp=Cilnb29nbGUubWFwcy5wbGFjZXMudjEuUGxhY2VzLlNlYXJjaE5lYXJieRACGAQgAA,ChIJaXkxyB8fDTkRu3UnSP7pYNA
Gurgaon Industrial Chemicals,,point_of_interest|establishment,098101 19817,,"14, DLF Phase 3, Sector 26, Gurugram, Haryana 122010, India",,,CLOSED_TEMPORARILY,https://maps.google.com/?cid=9139220060766724790&g_mp=Cilnb29nbGUubWFwcy5wbGFjZXMudjEuUGxhY2VzLlNlYXJjaE5lYXJieRACGAQgAA,ChIJ1QZBQdIYDTkRtuIfPjkI1X4
"Sunrise point Aravali Biodiversity Park, Gurugram",park,park|point_of_interest|establishment,,,"F4M6+6W, DLF Phase 3, Sector 24, Gurugram, Haryana 122002, India",4.8,11,OPERATIONAL,https://maps.google.com/?cid=7855337707121214818&g_mp=Cilnb29nbGUubWFwcy5wbGFjZXMudjEuUGxhY2VzLlNlYXJjaE5lYXJieRACGAQgAA,ChIJPR3PbjIfDTkRYgWxdwbEA20
Spiritual Monk past life regression therapy healing mind,service,medical_clinic|health|point_of_interest|service|establishment,099999 92734,,"998, M.G. Road,, Aya Nagar Crossing, Aya Nagar, Arjan Garh, Aya Nagar, New Delhi, Delhi 110038, India",5,1,OPERATIONAL,https://maps.google.com/?cid=7411891407707015057&g_mp=Cilnb29nbGUubWFwcy5wbGFjZXMudjEuUGxhY2VzLlNlYXJjaE5lYXJieRACGAQgAA,ChIJcc1J-t0eDTkRkYclJvdT3GY
Sector18 Sarol SarkarischoolGaur Enterprise,school,school|educational_institution|point_of_interest|establishment,081788 51775,,"129/1, Sarhaul, Sector 18, Gurugram, Haryana 122015, India",,,OPERATIONAL,https://maps.google.com/?cid=9941831762534081582&g_mp=Cilnb29nbGUubWFwcy5wbGFjZXMudjEuUGxhY2VzLlNlYXJjaE5lYXJieRACGAQgAA,ChIJnzlWWw8ZDTkRLiSKXlB7-Ik
New Style Hair Cut Saloon,barber_shop,barber_shop|hair_care|health|point_of_interest|service|establishment,078408 02074,,"128, Village Sarhaul, Sector 18, Gurgaon, 122015, Gurugram, NCR, Sarhaul, Sector 18, Region, Gurugram, Haryana 122015, India",5,2,OPERATIONAL,https://maps.google.com/?cid=3175576280805834145&g_mp=Cilnb29nbGUubWFwcy5wbGFjZXMudjEuUGxhY2VzLlNlYXJjaE5lYXJieRACGAQgAA,ChIJF6J33xEZDTkRoX2Wbs3pESw
Medy Win Pharmacy,pharmacy,pharmacy|store|health|point_of_interest|establishment,078400 33213,,"Shop No. 206, Banjara Gali Village Sarhaul, Sector 18, Gurugram, NCR, Sarhaul, Sector 18, Region, Gurugram, Haryana 122015, India",5,4,OPERATIONAL,https://maps.google.com/?cid=5922787716160613021&g_mp=Cilnb29nbGUubWFwcy5wbGFjZXMudjEuUGxhY2VzLlNlYXJjaE5lYXJieRACGAQgAA,ChIJvzG5IA4ZDTkRnerMLQz4MVI
Cyber Point,,point_of_interest|establishment,085870 11649,,"house no.227 near durga mandir banjara basti sarhaul, Sarhaul, Sector 18, Gurugram, Haryana 122015, India",4.9,62,OPERATIONAL,https://maps.google.com/?cid=17088432532962792235&g_mp=Cilnb29nbGUubWFwcy5wbGFjZXMudjEuUGxhY2VzLlNlYXJjaE5lYXJieRACGAQgAA,ChIJs-B_XqcZDTkRK9N5r9lOJu0
THEBULLSGYM,gym,gym|sports_activity_location|health|point_of_interest|establishment,095824 01612,,"Plot No-5, near Durga Mandir, Sarhaul, Sector 18, Sarhol, Gurugram, Haryana 122015, India",5,2,OPERATIONAL,https://maps.google.com/?cid=10478061993734510084&g_mp=Cilnb29nbGUubWFwcy5wbGFjZXMudjEuUGxhY2VzLlNlYXJjaE5lYXJieRACGAQgAA,ChIJSQsMlHwZDTkRBBYRP96NaZE
Jha साहब Tour & Travels,travel_agency,travel_agency|point_of_interest|service|establishment,085870 11649,,"H.No 227, VPO, Sarhaul, Sector 18, Gurugram, Haryana 122015, India",,,OPERATIONAL,https://maps.google.com/?cid=5923637428190614894&g_mp=Cilnb29nbGUubWFwcy5wbGFjZXMudjEuUGxhY2VzLlNlYXJjaE5lYXJieRACGAQgAA,ChIJB6CPXGsZDTkRbpWCLdv8NFI
Shree Shyam Cyber Cafe,auto_parts_store,auto_parts_store|internet_cafe|car_repair|store|point_of_interest|service|establishment,092542 03015,,"Shop No 04, Sarhaul, Sector 18, Gurugram, Haryana 122015, India",,,OPERATIONAL,https://maps.google.com/?cid=12278919493996985495&g_mp=Cilnb29nbGUubWFwcy5wbGFjZXMudjEuUGxhY2VzLlNlYXJjaE5lYXJieRACGAQgAA,ChIJGYvb3xEZDTkRlzxPKTl8Z6o
Naveen Store,general_store,general_store|food_store|store|food|point_of_interest|establishment,079824 60039,,"12, near Gajraj Not, Sarhaul, Sector 18, Gurugram, Haryana 122015, India",,,OPERATIONAL,https://maps.google.com/?cid=2976969498775244409&g_mp=Cilnb29nbGUubWFwcy5wbGFjZXMudjEuUGxhY2VzLlNlYXJjaE5lYXJieRACGAQgAA,ChIJXTgk3M8ZDTkRec6rifxRUCk
Akansha Clinic,doctor,doctor|health|point_of_interest|establishment,093184 43981,,"Shop No.2 Sector. 18 Sarhaul, Market, Sarhaul, Sector 18, Gurugram, Haryana 122015, India",,,OPERATIONAL,https://maps.google.com/?cid=4580184087789722933&g_mp=Cilnb29nbGUubWFwcy5wbGFjZXMudjEuUGxhY2VzLlNlYXJjaE5lYXJieRACGAQgAA,ChIJc8_CjsEZDTkRNV2aNikVkD8
Munna Communication,service,point_of_interest|service|establishment,098187 93016,,"Police station, 134, Road, Sarhaul, Sector 18, Sarhol, Gurugram, Haryana 122015, India",4,3,OPERATIONAL,https://maps.google.com/?cid=17162682148782273166&g_mp=Cilnb29nbGUubWFwcy5wbGFjZXMudjEuUGxhY2VzLlNlYXJjaE5lYXJieRACGAQgAA,ChIJ8wUllgoZDTkRjvIah3sYLu4
Zamir General Cosmetic,cosmetics_store,cosmetics_store|store|point_of_interest|establishment,099991 51538,,"Shop 1 Gali No 5 Sec-18 , Sahroul, Sarhaul, Sector 18, Gurugram, Haryana 122015, India",3.7,3,OPERATIONAL,https://maps.google.com/?cid=1645272373949104128&g_mp=Cilnb29nbGUubWFwcy5wbGFjZXMudjEuUGxhY2VzLlNlYXJjaE5lYXJieRACGAQgAA,ChIJ3S4r3hEZDTkRAAAA0IEu1RY
Santosh Electronics,service,point_of_interest|service|establishment,098718 50134,,"Sarhol Sec,18,Mayur Wali Gali Sarhol, Mayur Wali Gali, Sarhaul, Sector 18, Gurugram, Haryana 122015, India",,,OPERATIONAL,https://maps.google.com/?cid=2867910601209488314&g_mp=Cilnb29nbGUubWFwcy5wbGFjZXMudjEuUGxhY2VzLlNlYXJjaE5lYXJieRACGAQgAA,ChIJr52aqWIZDTkRuiOrOH_dzCc
PRITHVI'S FITNESS CLUB,gym,gym|sports_activity_location|health|point_of_interest|establishment,095404 65522,,"near AXIS BANK ATM, Sarhaul, Sector 18, Gurugram, Haryana 122015, India",4.7,7,OPERATIONAL,https://maps.google.com/?cid=10172248031686160966&g_mp=Cilnb29nbGUubWFwcy5wbGFjZXMudjEuUGxhY2VzLlNlYXJjaE5lYXJieRACGAQgAA,ChIJDcV2p6UZDTkRRvLRn7AVK40
Sunil Electrical And Paint Hardware,hardware_store,hardware_store|building_materials_store|store|point_of_interest|service|establishment,087001 65707,,"Sarhaul, Sector 18, Sarhol, Gurugram, Haryana 122015, India",4.5,2,OPERATIONAL,https://maps.google.com/?cid=4371681037713574393&g_mp=Cilnb29nbGUubWFwcy5wbGFjZXMudjEuUGxhY2VzLlNlYXJjaE5lYXJieRACGAQgAA,ChIJCZK13xEZDTkR-Yk63L1Uqzw
छवि क्लीनिक,point_of_interest,point_of_interest|establishment,099101 43726,,"F3P9+V6Q, Chowki Rd, Sarhaul, Sector 18, Gurugram, Haryana 122015, India",,,CLOSED_TEMPORARILY,https://maps.google.com/?cid=4682284979382536314&g_mp=Cilnb29nbGUubWFwcy5wbGFjZXMudjEuUGxhY2VzLlNlYXJjaE5lYXJieRACGAQgAA,ChIJ41Fl4BEZDTkRekg-hWHR-kA
Royal Looks Salon,barber_shop,barber_shop|hair_care|health|point_of_interest|service|establishment,097565 67982,,"Lane Number 4, Sarhaul, Sector 18, Gurugram, Haryana 122015, India",3.8,12,OPERATIONAL,https://maps.google.com/?cid=4626389472164961690&g_mp=Cilnb29nbGUubWFwcy5wbGFjZXMudjEuUGxhY2VzLlNlYXJjaE5lYXJieRACGAQgAA,ChIJ4SNJaiMZDTkRmt3_mLY8NEA
Ms Communication,service,point_of_interest|service|establishment,074280 66139,,"Shop 4, Police Chowki Wali Gali Sector 18 Sarhol, NCR, Sarhaul, Sector 18, Region, Gurugram, Haryana 122015, India",,,OPERATIONAL,https://maps.google.com/?cid=9319669470683163300&g_mp=Cilnb29nbGUubWFwcy5wbGFjZXMudjEuUGxhY2VzLlNlYXJjaE5lYXJieRACGAQgAA,ChIJnWLMHg4ZDTkRpGofgAEeVoE
Sunshine Public School Sarhaul,primary_school,primary_school|school|educational_institution|point_of_interest|establishment,099990 76240,,"House Number 885 , Sector-18 , VPO Sarhaul, near Govt School, Sarhaul, Sector 18, Gurugram, Haryana 122015, India",,,OPERATIONAL,https://maps.google.com/?cid=6602817952638976855&g_mp=Cilnb29nbGUubWFwcy5wbGFjZXMudjEuUGxhY2VzLlNlYXJjaE5lYXJieRACGAQgAA,ChIJlcQiGjwZDTkRV0Oe1_HroVs
Jagmal Yaduvanshi house,,point_of_interest|establishment,099110 02143,,"Unnamed Road, Sarhaul, Sector 18, Gurugram, Haryana 122015, India",5,1,OPERATIONAL,https://maps.google.com/?cid=14471587683250638334&g_mp=Cilnb29nbGUubWFwcy5wbGFjZXMudjEuUGxhY2VzLlNlYXJjaE5lYXJieRACGAQgAA,ChIJyXmJJ7YZDTkR_o0S_FJo1cg
Sanchi Fashion,clothing_store,clothing_store|store|point_of_interest|establishment,098893 21593,,"Shop N 502, Sushant Lok Phase I, Sector 18, Gurugram, Haryana 122015, India",3,1,OPERATIONAL,https://maps.google.com/?cid=5661939614059365079&g_mp=Cilnb29nbGUubWFwcy5wbGFjZXMudjEuUGxhY2VzLlNlYXJjaE5lYXJieRACGAQgAA,ChIJ78gXTk0ZDTkR14K4qxRAk04
Choudhary Electrical service,electrician,electrician|service|point_of_interest|establishment,083687 15938,,"14A/18, Sarhaul, Sector 18, Gurugram, Sarhol, Haryana 122015, India",,,OPERATIONAL,https://maps.google.com/?cid=12580491818368172933&g_mp=Cilnb29nbGUubWFwcy5wbGFjZXMudjEuUGxhY2VzLlNlYXJjaE5lYXJieRACGAQgAA,ChIJIcczNwAZDTkRhQOLjafilq4
Adnan Scrap Enterprises,auto_parts_store,auto_parts_store|car_repair|store|service|point_of_interest|establishment,095403 72822,,"Hansram Market, opp. Orient Craft 7d, Sarhaul, Sector 18, Gurugram, Haryana 122015, India",,,CLOSED_TEMPORARILY,https://maps.google.com/?cid=7486591901245309127&g_mp=Cilnb29nbGUubWFwcy5wbGFjZXMudjEuUGxhY2VzLlNlYXJjaE5lYXJieRACGAQgAA,ChIJdQPmNcsZDTkRxwALJKu35Wc
Advance Beauty Point,beauty_salon,beauty_salon|service|point_of_interest|establishment,097160 62514,,"Sarhaul, Sector 18, Gurugram, Haryana 122015, India",4.7,7,OPERATIONAL,https://maps.google.com/?cid=133825845516062524&g_mp=Cilnb29nbGUubWFwcy5wbGFjZXMudjEuUGxhY2VzLlNlYXJjaE5lYXJieRACGAQgAA,ChIJ518JEhEZDTkRPE_Av-Vx2wE
Tutorbeam Home Tuition Gurugram,,point_of_interest|establishment,088104 99219,,"Hansram Market, Anath Road, Sarhaul, Sector 18, Gurugram, Haryana 122015, India",5,1,OPERATIONAL,https://maps.google.com/?cid=17020616813100656352&g_mp=Cilnb29nbGUubWFwcy5wbGFjZXMudjEuUGxhY2VzLlNlYXJjaE5lYXJieRACGAQgAA,ChIJ0WWa2gQZDTkR4Obn-s9gNew
A B PAYMENT,store,store|point_of_interest|establishment,096435 59896,,"near GOVT school, Sarhaul, Sector 18, Gurugram, Haryana 122015, India",5,1,OPERATIONAL,https://maps.google.com/?cid=11211016685733227193&g_mp=Cilnb29nbGUubWFwcy5wbGFjZXMudjEuUGxhY2VzLlNlYXJjaE5lYXJieRACGAQgAA,ChIJQeVmTRAZDTkRuSob9EaIlZs
ChargeZone Charging Station,electric_vehicle_charging_station,electric_vehicle_charging_station|transportation_service|point_of_interest|establishment,1800 121 2025,https://ev-stations.chargezone.co.in/near-me/gurugram/Sarhol/chargezone-charging-station-in-Sarhol-gurugram--2IK8X7/home,"K39, nearby SUN PHARMA, Sector 18, Sarhol, Gurugram, Haryana 122015, India",4.4,27,OPERATIONAL,https://maps.google.com/?cid=6992664779163543430&g_mp=Cilnb29nbGUubWFwcy5wbGFjZXMudjEuUGxhY2VzLlNlYXJjaE5lYXJieRACGAQgAA,ChIJh0vFiU4ZDTkRhqdtY5HvCmE
"स्वाद, APANA TIFFIN DELIVERY SARVICE",food,food|point_of_interest|service|establishment,,,"house no 1, 542, samsaan wali gali, near by amit cinema, Sarhaul, Sector 18, Gurugram, Haryana 122015, India",,,OPERATIONAL,https://maps.google.com/?cid=17644564595606184735&g_mp=Cilnb29nbGUubWFwcy5wbGFjZXMudjEuUGxhY2VzLlNlYXJjaE5lYXJieRACGAQgAA,ChIJ7Sl2wbQZDTkRH2OKyQMW3vQ
Milo Drive Hub,transportation_service,transportation_service|point_of_interest|establishment,092179 80022,https://milodrive.com/,"Udyog Vihar, K-9, Sector 18, Sarhol, Gurugram, Haryana 122002, India",3.9,10,OPERATIONAL,https://maps.google.com/?cid=496001546482114405&g_mp=Cilnb29nbGUubWFwcy5wbGFjZXMudjEuUGxhY2VzLlNlYXJjaE5lYXJieRACGAQgAA,ChIJKyNg-uQZDTkRZV8cUscm4gY
MMH,,general_contractor|point_of_interest|service|establishment,079 6979 8179,https://mmh.homes/,"91 springboard, 21B, Sector 18, Gurugram, Haryana 122015, India",4.7,26,OPERATIONAL,https://maps.google.com/?cid=7778969278822692204&g_mp=Cilnb29nbGUubWFwcy5wbGFjZXMudjEuUGxhY2VzLlNlYXJjaE5lYXJieRACGAQgAA,ChIJHaV8axMZDTkRbDXnJlhz9Gs
Kaze Living,grocery_store,food_delivery|grocery_store|food_store|store|food|point_of_interest|establishment,095683 72538,https://kazeliving.com/,"21B, Sector 18, Gurugram, Haryana 122015, India",3.6,359,OPERATIONAL,https://maps.google.com/?cid=14718474998049987660&g_mp=Cilnb29nbGUubWFwcy5wbGFjZXMudjEuUGxhY2VzLlNlYXJjaE5lYXJieRACGAQgAA,ChIJa39ceBzvDDkRTNw8ZgeHQsw
Trantor Software Pvt Ltd.,corporate_office,corporate_office|point_of_interest|establishment,065064 67818,http://trantorinc.com/,"Cabin 2, 2nd floor, 91 Springboard, Business Hub Private Limited, 21-B, Sector 18, Gurugram, Sarhol, Haryana 122015, India",4.1,24,OPERATIONAL,https://maps.google.com/?cid=4714344907833581446&g_mp=Cilnb29nbGUubWFwcy5wbGFjZXMudjEuUGxhY2VzLlNlYXJjaE5lYXJieRACGAQgAA,ChIJq6o6I1sZDTkRhp8XTLe3bEE
Ola Electric Mobility Swapping Station,gas_station,gas_station|point_of_interest|service|establishment,080 3311 3311,,"F3PF+M79, Lane Number 6, Sector 18, Gurugram, Haryana 122015, India",3.5,13,OPERATIONAL,https://maps.google.com/?cid=17483736663354820924&g_mp=Cilnb29nbGUubWFwcy5wbGFjZXMudjEuUGxhY2VzLlNlYXJjaE5lYXJieRACGAQgAA,ChIJvbugwQ8ZDTkRPMm8zdy1ovI
PRINCY GENERAL STORE,general_store,general_store|food_store|store|food|point_of_interest|establishment,084481 59206,,"NEAR AMIT CINEMA VILLAGE SARHAUL, Sector 18, Gurugram, Haryana 122015, India",,,OPERATIONAL,https://maps.google.com/?cid=3108387851897928829&g_mp=Cilnb29nbGUubWFwcy5wbGFjZXMudjEuUGxhY2VzLlNlYXJjaE5lYXJieRACGAQgAA,ChIJ86ukGUcZDTkRffyDSEg2Iys
Ola Charging Station,electric_vehicle_charging_station,electric_vehicle_charging_station|transportation_service|point_of_interest|establishment,080 6896 4050,https://olaelectric.com/,"F3PF+M72, Unnamed Road, Sector 18, Gurugram, Haryana 122015, India",4,48,OPERATIONAL,https://maps.google.com/?cid=349323785109742766&g_mp=Cilnb29nbGUubWFwcy5wbGFjZXMudjEuUGxhY2VzLlNlYXJjaE5lYXJieRACGAQgAA,ChIJpVOA4nEZDTkRrqQPuyEM2QQ
Guddu bike repair,car_repair,car_repair|point_of_interest|service|establishment,099907 77114,,"Lane Number 6, Sector 18, Gurugram, Haryana 122015, India",4.4,22,OPERATIONAL,https://maps.google.com/?cid=9076835496885333352&g_mp=Cilnb29nbGUubWFwcy5wbGFjZXMudjEuUGxhY2VzLlNlYXJjaE5lYXJieRACGAQgAA,ChIJc9TqXAAZDTkRaK2BFMtl930
Nahar Spinning Mills Limited,service,manufacturer|point_of_interest|service|establishment,0124 243 0531,http://www.owmnahar.com/woollen_mill/about.php,"Plot No. 22-B, Sector-18, Udyog Vihar, Sector 18, Gurugram, Haryana 122015, India",3,2,OPERATIONAL,https://maps.google.com/?cid=11105285445131372343&g_mp=Cilnb29nbGUubWFwcy5wbGFjZXMudjEuUGxhY2VzLlNlYXJjaE5lYXJieRACGAQgAA,ChIJcWLZ-xYZDTkRNwdfJkbmHZo
Apollo 24|7 Doctor Tele-Consult Near Me | Sector 18 | Gurgaon,doctor,doctor|consultant|medical_clinic|health|point_of_interest|service|establishment,080 6220 7719,https://www.apollo247.com/specialties,"Occupational Health CenterOld Palam, Gurgaon - Delhi Expy, Sector 18, Gurugram, Haryana 122015, India",5,1,OPERATIONAL,https://maps.google.com/?cid=1214979992692306988&g_mp=Cilnb29nbGUubWFwcy5wbGFjZXMudjEuUGxhY2VzLlNlYXJjaE5lYXJieRACGAQgAA,ChIJxXYHlEMZDTkRLLShud153BA
ICICI BANK ATM,atm,atm|finance|point_of_interest|establishment,1800 1080,https://www.icicibank.com/,"ICICI Bank Atm Genpact, Plot No 22, Sector 18, Gurgaon 12200 1, Sector 18, Gurugram, Haryana 122001, India",,,OPERATIONAL,https://maps.google.com/?cid=13490678020009624478&g_mp=Cilnb29nbGUubWFwcy5wbGFjZXMudjEuUGxhY2VzLlNlYXJjaE5lYXJieRACGAQgAA,ChIJjwiqmRoZDTkRngPYuS6EOLs
Bry-Air (Asia) Pvt. Ltd.,manufacturer,supplier|manufacturer|association_or_organization|point_of_interest|establishment,0124 409 1111,http://www.bryair.com/,"21-C, Sector 18, Gurugram, Haryana 122015, India",4.1,46,OPERATIONAL,https://maps.google.com/?cid=14808407118355521586&g_mp=Cilnb29nbGUubWFwcy5wbGFjZXMudjEuUGxhY2VzLlNlYXJjaE5lYXJieRACGAQgAA,ChIJ7erNgKL9DDkRMmDy2tAHgs0
91Springboard 21B Udyog Vihar,coworking_space,coworking_space|point_of_interest|establishment,095975 19191,http://www.91springboard.com/,"Sector 18, Gurugram, Haryana 122015, India",4.3,51,OPERATIONAL,https://maps.google.com/?cid=7280659721936045501&g_mp=Cilnb29nbGUubWFwcy5wbGFjZXMudjEuUGxhY2VzLlNlYXJjaE5lYXJieRACGAQgAA,ChIJiWw4rxAZDTkRvQV-SHEZCmU
IIMPACT,non_profit_organization,non_profit_organization|association_or_organization|point_of_interest|establishment,0124 427 6865,http://iimpact.org/,"M – 2/3, Ground Floor, Mushedpur, DLF Phase 2, Sector 25, Gurugram, Haryana 122002, India",4.6,19,OPERATIONAL,https://maps.google.com/?cid=12376927956873732217&g_mp=Cilnb29nbGUubWFwcy5wbGFjZXMudjEuUGxhY2VzLlNlYXJjaE5lYXJieRACGAQgAA,ChIJH9yavz4ZDTkReWAPqGauw6s
Dr Harshita Sethi,doctor,doctor|health|point_of_interest|establishment,098115 11582,,"lower ground floor, 49, Gulmohar Marg, Mushedpur, DLF Phase 2, Sector 25, Gurugram, Haryana 122002, India",,,OPERATIONAL,https://maps.google.com/?cid=10359822085983839115&g_mp=Cilnb29nbGUubWFwcy5wbGFjZXMudjEuUGxhY2VzLlNlYXJjaE5lYXJieRACGAQgAA,ChIJNRekmdAZDTkRiyNQa0x7xY8
Antara Integrated Wellness Clinic (AIWC),wellness_center,wellness_center|doctor|health|point_of_interest|establishment,070426 17222,https://www.antaraiwc.com/,"49, Gulmohar Marg, opp. Bharti Airtel, Mushedpur, DLF Phase 2, Sector 25, Gurugram, Haryana 122002, India",4.8,23,OPERATIONAL,https://maps.google.com/?cid=8808909355708137598&g_mp=Cilnb29nbGUubWFwcy5wbGFjZXMudjEuUGxhY2VzLlNlYXJjaE5lYXJieRACGAQgAA,ChIJJ4fjPkkZDTkRfkCZLWOIP3o
Antara Care Home,health,health|service|point_of_interest|establishment,0731 437 7609,https://old-age-homes.antaraseniorcare.com/care-homes/gurugram/dlf-phase-/antara-care-homes-in-dlf-phase-2-gurugram--5lNbAe/home,"49, Gulmohar Marg, opp. Airtel building, Mushedpur, DLF Phase 2, Sector 25, Gurugram, Haryana 122002, India",4.4,136,OPERATIONAL,https://maps.google.com/?cid=9521333312496016000&g_mp=Cilnb29nbGUubWFwcy5wbGFjZXMudjEuUGxhY2VzLlNlYXJjaE5lYXJieRACGAQgAA,ChIJCetVmOYZDTkRgBprlzOSIoQ
Dr Pankaj Verma,doctor,doctor|medical_center|hospital|consultant|health|service|point_of_interest|establishment,072310 31111,http://www.drpankajverma.in/,"G-49, Antara Care, Gulmohar Marg, Mushedpur, DLF Phase 2, Sector 25, Gurugram, Haryana 122002, India",4.9,430,OPERATIONAL,https://maps.google.com/?cid=560461277437901282&g_mp=Cilnb29nbGUubWFwcy5wbGFjZXMudjEuUGxhY2VzLlNlYXJjaE5lYXJieRACGAQgAA,ChIJBWoYZerJbTkR4jkM-I8oxwc
OYO Hotel Stately Suites Near Leisure Valley Park,hotel,hotel|guest_house|cottage|motel|inn|lodging|service|point_of_interest|establishment,0124 620 1166,https://www.oyorooms.com/1242/,"Plot Number-49, Gulmohar Marg, Mushedpur, DLF Phase 2, Sector 25, Gurugram, Haryana 122002, India",3.8,25,OPERATIONAL,https://maps.google.com/?cid=16451500635461519068&g_mp=Cilnb29nbGUubWFwcy5wbGFjZXMudjEuUGxhY2VzLlNlYXJjaE5lYXJieRACGAQgAA,ChIJoxysgD0ZDTkR3AbMBqp4T-Q
Medview Diagnostics,medical_clinic,doctor|medical_clinic|health|service|point_of_interest|establishment,072177 68678,http://www.medviewdiagnostics.in/,"153, Akashneem Marg, Mushedpur, DLF Phase 2, Sector 25, Gurugram, Haryana 122002, India",4.9,220,OPERATIONAL,https://maps.google.com/?cid=11683200384166940036&g_mp=Cilnb29nbGUubWFwcy5wbGFjZXMudjEuUGxhY2VzLlNlYXJjaE5lYXJieRACGAQgAA,ChIJJ48sej0ZDTkRhE36YdkQI6I
"FabHotel Phoenix Hospitality - Hotel in DLF Phase 2, Gurgaon",hotel,hotel|lodging|point_of_interest|establishment,070424 24242,https://www.fabhotels.com/hotels-in-gurgaon/fabhotel-phoenix-hospitality-wonxgsby.html?utm_source=GMB&utm_medium=organic&utm_campaign=GMB_Traffic,"28, M-1, DLF Phase 2, Sector 25, Gurugram, Haryana 122002, India",4.3,270,OPERATIONAL,https://maps.google.com/?cid=7497602160717583904&g_mp=Cilnb29nbGUubWFwcy5wbGFjZXMudjEuUGxhY2VzLlNlYXJjaE5lYXJieRACGAQgAA,ChIJP2UXfj0ZDTkRINbF8HDVDGg
"House No. 151, Akashneem Marg, DLF Phase 2",service,service|point_of_interest|establishment,,,"151, Akashneem Marg, Mushedpur, DLF Phase 2, Sector 25, Gurugram, Haryana 122002, India",,,OPERATIONAL,https://maps.google.com/?cid=1989563295646886319&g_mp=Cilnb29nbGUubWFwcy5wbGFjZXMudjEuUGxhY2VzLlNlYXJjaE5lYXJieRACGAQgAA,ChIJT3PwSQAZDTkRrykwt0ZZnBs
Pasta Dal Cuore,italian_restaurant,italian_restaurant|restaurant|food|point_of_interest|establishment,098105 77069,,"50, Gulmohar Marg, Mushedpur, DLF Phase 2, Sector 25, Gurugram, Haryana 122002, India",,,OPERATIONAL,https://maps.google.com/?cid=15774629866547635234&g_mp=Cilnb29nbGUubWFwcy5wbGFjZXMudjEuUGxhY2VzLlNlYXJjaE5lYXJieRACGAQgAA,ChIJp-kNKBYZDTkRIuTWOkm-6to
ExcelDes Architects & Interior Designers,general_contractor,corporate_office|home_goods_store|consultant|store|manufacturer|general_contractor|service|point_of_interest|establishment,098735 77619,https://exceldes.com/best-luxury-interior-designers-in-gurgaon/,"146, Akashneem Marg, DLF Phase 2, Sector 25, Gurugram, Haryana 122002, India",5,15,OPERATIONAL,https://maps.google.com/?cid=7862708578924014315&g_mp=Cilnb29nbGUubWFwcy5wbGFjZXMudjEuUGxhY2VzLlNlYXJjaE5lYXJieRACGAQgAA,ChIJySU86swZDTkR66ouS8vzHW0
STEPiNN Premium - Akashneem Marg,hotel,hotel|lodging|point_of_interest|establishment,0124 437 7445,,"57, Akashneem Marg, DLF Phase 2, Sector 25, Gurugram, Haryana 122002, India",,,CLOSED_TEMPORARILY,https://maps.google.com/?cid=10268711414750171590&g_mp=Cilnb29nbGUubWFwcy5wbGFjZXMudjEuUGxhY2VzLlNlYXJjaE5lYXJieRACGAQgAA,ChIJZUcmbj0ZDTkRxtEuMaDKgY4
"EWS Building, MGF The Vilas Tower",apartment_building,apartment_building|point_of_interest|service|establishment,,,"2, Mushedpur, DLF Phase 2, Sector 25, Gurugram, Shahpur, Haryana 122002, India",,,OPERATIONAL,https://maps.google.com/?cid=6943300052857671571&g_mp=Cilnb29nbGUubWFwcy5wbGFjZXMudjEuUGxhY2VzLlNlYXJjaE5lYXJieRACGAQgAA,ChIJgWYNLgAZDTkRk0-IY5yOW2A
Dwellcon,general_contractor,general_contractor|point_of_interest|service|establishment,082848 54762,http://dwellcon.in/,"207, EWS, MGF THE VILLAS, Mushedpur, DLF Phase 2, Sector 25, Gurugram, Haryana 122008, India",5,1,OPERATIONAL,https://maps.google.com/?cid=3480007825602501028&g_mp=Cilnb29nbGUubWFwcy5wbGFjZXMudjEuUGxhY2VzLlNlYXJjaE5lYXJieRACGAQgAA,ChIJP6HRCzQZDTkRpNmd9K14SzA
DHBVN Bill Payment,government_office,government_office|point_of_interest|establishment,1800 180 4334,http://epayment.dhbvn.org.in/,"2, Mushedpur, DLF Phase 2, Sector 25, Gurugram, Shahpur, Haryana 122002, India",2.2,133,OPERATIONAL,https://maps.google.com/?cid=15685540658833287442&g_mp=Cilnb29nbGUubWFwcy5wbGFjZXMudjEuUGxhY2VzLlNlYXJjaE5lYXJieRACGAQgAA,ChIJIVgR-jwZDTkREmm0px88rtk
Amalgus,point_of_interest,point_of_interest|establishment,098588 98588,http://amalgus.com/,"Level 16, Building, 9A, Mushedpur, DLF Phase 2, Sector 24, Gurugram, Haryana 122002, India",,,CLOSED_TEMPORARILY,https://maps.google.com/?cid=1398833118958616165&g_mp=Cilnb29nbGUubWFwcy5wbGFjZXMudjEuUGxhY2VzLlNlYXJjaE5lYXJieRACGAQgAA,ChIJi6L98TwZDTkRZX6Uc0-naRM
Nalanda FOUNDATION,corporate_office,corporate_office|point_of_interest|establishment,011 4128 1100,,"2/1, K-5 Rd, Mushedpur, Heritage City, Sector 25, Gurugram, Haryana 122002, India",5,1,OPERATIONAL,https://maps.google.com/?cid=5776417694610897183&g_mp=Cilnb29nbGUubWFwcy5wbGFjZXMudjEuUGxhY2VzLlNlYXJjaE5lYXJieRACGAQgAA,ChIJAbmy_zwZDTkRHzmQ2Un1KVA
Sevati devi memorial digital medical centre,medical_center,medical_center|consultant|hospital|health|point_of_interest|service|establishment,088103 19629,https://www.sevati.in/,"M4/17a, near Cyber City, Mushedpur, DLF Phase 2, Sector 25, Gurugram, Haryana 122002, India",,,OPERATIONAL,https://maps.google.com/?cid=13063594511951547370&g_mp=Cilnb29nbGUubWFwcy5wbGFjZXMudjEuUGxhY2VzLlNlYXJjaE5lYXJieRACGAQgAA,ChIJF8P15RAZDTkR6kudpv41S7U
Vedic Karma Ayurveda (Adding health to your life naturally...),health,pharmacy|doctor|hospital|store|health|point_of_interest|service|establishment,080 4435 3279,https://www.apollo247.com/doctors/dr-rosy-kaur-a66389bd-b4cf-4def-b0b2-0a23685aa1c3?utm_source=gmb_docverse&utm_medium=clinics&utm_campaign=doctors,"M4/12, Ground Floor, Mushedpur, DLF Phase 2, Sector 25, Gurugram, Haryana 122002, India",4.8,66,OPERATIONAL,https://maps.google.com/?cid=10711488364301613679&g_mp=Cilnb29nbGUubWFwcy5wbGFjZXMudjEuUGxhY2VzLlNlYXJjaE5lYXJieRACGAQgAA,ChIJIUxOIIIZDTkRb3rtWerZppQ
Mint Relocation Packers And Movers,moving_company,moving_company|shipping_service|storage|transportation_service|service|point_of_interest|establishment,092052 38183,https://mintrelocationpackers.com/packers-and-movers-DLF-Phase-2-Sector-25-Gurugram/,"M-9/38, Mushedpur, DLF Phase 2, Sector 25, Gurugram, Haryana 122002, India",5,54,OPERATIONAL,https://maps.google.com/?cid=1223863792820261837&g_mp=Cilnb29nbGUubWFwcy5wbGFjZXMudjEuUGxhY2VzLlNlYXJjaE5lYXJieRACGAQgAA,ChIJbU6PoP0ZDTkRzZODoKIJ_BA
Nishwarth sewa foundation,association_or_organization,association_or_organization|point_of_interest|establishment,097111 93686,http://nishwarthsewafoundation.org/,"K10/40, Mushedpur, DLF Phase 2, Sector 25, Gurugram, Haryana 122008, India",5,9,OPERATIONAL,https://maps.google.com/?cid=7994349904533215146&g_mp=Cilnb29nbGUubWFwcy5wbGFjZXMudjEuUGxhY2VzLlNlYXJjaE5lYXJieRACGAQgAA,ChIJWWRKoAIZDTkRqlfh3eGi8W4
"Ladies Hub — Women's Clothing & Cosmetics""",clothing_store,clothing_store|store|point_of_interest|establishment,072898 80321,,"41 /32, U Block, DLF Phase 3, Sector 24, Gurugram, Haryana 122002, India",,,OPERATIONAL,https://maps.google.com/?cid=2621873258529653879&g_mp=Cilnb29nbGUubWFwcy5wbGFjZXMudjEuUGxhY2VzLlNlYXJjaE5lYXJieRACGAQgAA,ChIJEbxINgEZDTkRd4TBXNbDYiQ
Ganga Kuteer,school,health|school|educational_institution|point_of_interest|establishment,098115 10100,,"42, MM42, Madhya Marg, Mushedpur, DLF Phase 2, Sector 25, Gurugram, Haryana 122002, India",,,OPERATIONAL,https://maps.google.com/?cid=5069872642596350675&g_mp=Cilnb29nbGUubWFwcy5wbGFjZXMudjEuUGxhY2VzLlNlYXJjaE5lYXJieRACGAQgAA,ChIJwT7icjsZDTkR0yptnk7OW0Y
Interspace Associates,association_or_organization,association_or_organization|point_of_interest|establishment,098711 97770,,"Block P, 43, Mushedpur, DLF Phase 2, Sector 25, Gurugram, Haryana 122002, India",4.6,18,OPERATIONAL,https://maps.google.com/?cid=15570657110426012106&g_mp=Cilnb29nbGUubWFwcy5wbGFjZXMudjEuUGxhY2VzLlNlYXJjaE5lYXJieRACGAQgAA,ChIJYd00czsZDTkRyklaIiUWFtg
A Step Ahead,preschool,preschool|child_care_agency|school|educational_institution|service|point_of_interest|establishment,0124 256 0833,,"19, Madhya Marg, DLF Phase 2, Mushedpur, DLF Phase 2, Sector 25, Gurugram, Haryana 122002, India",5,17,CLOSED_TEMPORARILY,https://maps.google.com/?cid=6572275635864001277&g_mp=Cilnb29nbGUubWFwcy5wbGFjZXMudjEuUGxhY2VzLlNlYXJjaE5lYXJieRACGAQgAA,ChIJQc8ICjsZDTkR_dqgkd5pNVs
KD MART,store,store|point_of_interest|establishment,072979 96280,,"Neem marg, Mushedpur, DLF Phase 2, Sector 25, Gurugram, Haryana 122002, India",,,OPERATIONAL,https://maps.google.com/?cid=16956691540045872403&g_mp=Cilnb29nbGUubWFwcy5wbGFjZXMudjEuUGxhY2VzLlNlYXJjaE5lYXJieRACGAQgAA,ChIJh2UIQlcZDTkREz1Ogh1FUus
Dr Anju Dhingra Homoeopathy Clinic,health,skin_care_clinic|doctor|medical_clinic|health|point_of_interest|establishment,098100 77630,https://www.practo.com/gurgaon/clinic/dr-anju-dhingra-homoeopathy-clinic-dlf-phase-ii,"M-15/27, Mushedpur, DLF Phase 2, Sector 25, Gurugram, Haryana 122002, India",5,55,OPERATIONAL,https://maps.google.com/?cid=10364352593706339434&g_mp=Cilnb29nbGUubWFwcy5wbGFjZXMudjEuUGxhY2VzLlNlYXJjaE5lYXJieRACGAQgAA,ChIJhZQIbj0ZDTkRaszDcsWT1Y8
FOREVER INDIA,,point_of_interest|establishment,099991 83680,https://www.foreverindia.co/,"P4/7, Mushedpur, DLF Phase 2, Sector 25, Gurugram, Haryana 122002, India",,,OPERATIONAL,https://maps.google.com/?cid=17737439964423757486&g_mp=Cilnb29nbGUubWFwcy5wbGFjZXMudjEuUGxhY2VzLlNlYXJjaE5lYXJieRACGAQgAA,ChIJC0o5zrAZDTkRrp5LsKsLKPY
Valuable Businesses,finance,finance|consultant|point_of_interest|service|establishment,098713 79950,http://www.buysellrun.com/,"P-4/7, adjacent to Jacaranda Marg, Mushedpur, DLF Phase 2, Sector 25, Gurugram, Haryana 122002, India",5,1,OPERATIONAL,https://maps.google.com/?cid=12497045013679166279&g_mp=Cilnb29nbGUubWFwcy5wbGFjZXMudjEuUGxhY2VzLlNlYXJjaE5lYXJieRACGAQgAA,ChIJQTd17ToZDTkRR9NpTjpsbq0
Rawmet Resources Pvt Ltd,corporate_office,corporate_office|point_of_interest|establishment,0124 428 4200,,"P-4/10, DLF Phase-II, P-5, P-4, DLF Phase 2, Sector 25, Gurugram, Haryana 122002, India",,,OPERATIONAL,https://maps.google.com/?cid=3690058976040097419&g_mp=Cilnb29nbGUubWFwcy5wbGFjZXMudjEuUGxhY2VzLlNlYXJjaE5lYXJieRACGAQgAA,ChIJKWEm7DoZDTkRi5Ycgxa5NTM
Conscious Flow Acdemy,sports_school,sports_school|sports_activity_location|health|point_of_interest|establishment,093155 63220,https://www.consciousflowacademy.in/,"Basement Level, 69, P-3, Mushedpur, DLF Phase 2, Sector 25, Gurugram, Haryana 122002, India",3,2,OPERATIONAL,https://maps.google.com/?cid=9566576788720617365&g_mp=Cilnb29nbGUubWFwcy5wbGFjZXMudjEuUGxhY2VzLlNlYXJjaE5lYXJieRACGAQgAA,ChIJWan_gLUZDTkRlYcwSOdOw4Q
VRK HOME ESTATES PVT LTD,consultant,real_estate_agency|general_contractor|consultant|point_of_interest|service|establishment,098999 91114,https://www.vrkhomeestates.com/,"P 4, 5, Jacaranda Marg, DLF Phase 2, Sector 25, Gurugram, Haryana 122002, India",4.7,16,OPERATIONAL,https://maps.google.com/?cid=14963916229188195575&g_mp=Cilnb29nbGUubWFwcy5wbGFjZXMudjEuUGxhY2VzLlNlYXJjaE5lYXJieRACGAQgAA,ChIJ9wVjLfEZDTkR9xR3OYeCqs8
"Sportozen: Box Cricket, Football Turf & Cricket Ground",athletic_field,event_venue|athletic_field|sports_club|sports_activity_location|association_or_organization|point_of_interest|establishment,093116 83317,https://sportozen.com/event-management/,"P -4, Dlf Phase 2, and, near Cyber Hub, Sikandarpur, Metro, Gurugram, Haryana 122002, DLF Phase 2, Sector 25, Gurugram, Haryana 122002, India",4.7,72,OPERATIONAL,https://maps.google.com/?cid=12689342317851361916&g_mp=Cilnb29nbGUubWFwcy5wbGFjZXMudjEuUGxhY2VzLlNlYXJjaE5lYXJieRACGAQgAA,ChIJ5dt3XMAZDTkRfMLcaJuZGbA
Yogam Health Clinic,doctor,doctor|health|point_of_interest|establishment,072310 31111,,"Ground Floor, 6, P-3, Mushedpur, DLF Phase 2, Sector 25, Gurugram, Haryana 122002, India",4.3,11,OPERATIONAL,https://maps.google.com/?cid=8610851039661214180&g_mp=Cilnb29nbGUubWFwcy5wbGFjZXMudjEuUGxhY2VzLlNlYXJjaE5lYXJieRACGAQgAA,ChIJZTSdJsgfDTkR5EnP-GXjf3c
Cyber Service Apartments Gurgaon- DLF Cyber City,lodging,extended_stay_hotel|hotel|apartment_building|lodging|point_of_interest|service|establishment,085888 84595,http://cyberserviceapartmentsgurgaon.com/,"20, Jacaranda Marg, DLF City, DLF Phase 2, Sector 25, Gurugram, Haryana 122002, India",4.8,44,OPERATIONAL,https://maps.google.com/?cid=11813022651059835315&g_mp=Cilnb29nbGUubWFwcy5wbGFjZXMudjEuUGxhY2VzLlNlYXJjaE5lYXJieRACGAQgAA,ChIJl7MGtTsZDTkRs5EQWINJ8KM
Comfort sofa,furniture_store,furniture_store|home_improvement_store|home_goods_store|store|point_of_interest|service|establishment,095205 11064,http://comfortsofarepair.in/,"Mushedpur, Malbi town, Sector 25, Gurugram, Haryana 122002, India",4.9,23,OPERATIONAL,https://maps.google.com/?cid=9971016984604737949&g_mp=Cilnb29nbGUubWFwcy5wbGFjZXMudjEuUGxhY2VzLlNlYXJjaE5lYXJieRACGAQgAA,ChIJ91FadBkjDTkRnYHAaB4rYIo
Gaurangi Jewels,jewelry_store,jewelry_store|store|point_of_interest|establishment,076786 68024,,"34, Poorvi Marg, DLF Phase 2, Sector 25, Gurugram, Haryana 122002, India",5,1,OPERATIONAL,https://maps.google.com/?cid=8157865654560250728&g_mp=Cilnb29nbGUubWFwcy5wbGFjZXMudjEuUGxhY2VzLlNlYXJjaE5lYXJieRACGAQgAA,ChIJqTG2GtMZDTkRaFtsMZePNnE
Sonu Battery,,point_of_interest|establishment,093061 23635,https://sonu-battery.grexa.site/,"Shop No.7, DLF Cyber City, DLF Phase 2, Sector 25, Gurugram, Haryana 122002, India",5,3,OPERATIONAL,https://maps.google.com/?cid=14468470854793510353&g_mp=Cilnb29nbGUubWFwcy5wbGFjZXMudjEuUGxhY2VzLlNlYXJjaE5lYXJieRACGAQgAA,ChIJ-_JfjwEZDTkR0T0Pz5VVysg
English Training,,educational_institution|point_of_interest|establishment,072920 13634,,"0117, Second Floor, DLF Phase 2, Purvi Marg, Adjacent stairs of Phase II Rapid Metro Station, on Main Road Below Rapid Metro station, opposite Knite Ryder Lounge, DLF Phase 2, Sector 25, Gurugram, Haryana 122002, India",4.4,7,OPERATIONAL,https://maps.google.com/?cid=3058018054760765033&g_mp=Cilnb29nbGUubWFwcy5wbGFjZXMudjEuUGxhY2VzLlNlYXJjaE5lYXJieRACGAQgAA,ChIJQ45Ei44ZDTkRaRa__jdDcCo
TrainingYA,,university|consultant|educational_institution|service|point_of_interest|establishment,073030 66379,https://www.trainingya.com/,"0117, Second Floor, Purvi Marg Opposite Building 5 Cybercity Below Phase II -Rapid Metro Station on Main Raod, DLF Phase 2, Sector 25, Gurugram, Haryana 122002, India",4.7,152,OPERATIONAL,https://maps.google.com/?cid=13839353878734094244&g_mp=Cilnb29nbGUubWFwcy5wbGFjZXMudjEuUGxhY2VzLlNlYXJjaE5lYXJieRACGAQgAA,ChIJrT-Fku8YDTkRpL_eVgdDD8A
BBRE,general_contractor,real_estate_agency|general_contractor|service|point_of_interest|establishment,098102 20005,https://www.bbreindia.com/,"Q-5/25, Q-5, DLF Phase 2, Sector 25, Gurugram, Haryana 122002, India",4.2,21,OPERATIONAL,https://maps.google.com/?cid=900211187987021746&g_mp=Cilnb29nbGUubWFwcy5wbGFjZXMudjEuUGxhY2VzLlNlYXJjaE5lYXJieRACGAQgAA,ChIJP-yhUQgZDTkRsn_MUk4xfgw
Choudhary Automobile,store,store|point_of_interest|establishment,089202 36259,,"DLF Phase 2 Metro Station Gate Note, 2, DLF Phase 2, Sector 25, Gurugram, Haryana 122002, India",4.2,5,OPERATIONAL,https://maps.google.com/?cid=16092959324429534243&g_mp=Cilnb29nbGUubWFwcy5wbGFjZXMudjEuUGxhY2VzLlNlYXJjaE5lYXJieRACGAQgAA,ChIJdxbREtkZDTkRI8RuzT2tVd8
8 Insights,service,service|point_of_interest|establishment,079824 22814,https://8-insights.com/,"Block N, 4, N-14, DLF Phase 2, Sector 25, Gurugram, Haryana 122002, India",,,OPERATIONAL,https://maps.google.com/?cid=16215465115547401565&g_mp=Cilnb29nbGUubWFwcy5wbGFjZXMudjEuUGxhY2VzLlNlYXJjaE5lYXJieRACGAQgAA,ChIJB4IgLfIZDTkRXf3w_5vnCOE
Kanishka General Store,general_store,general_store|food_store|store|food|point_of_interest|establishment,070235 36817,,"Shop No 2, near Hanuman Mandir, T Block, Nathupur, Sector 24, Gurugram, Haryana 122010, India",4.7,3,CLOSED_TEMPORARILY,https://maps.google.com/?cid=13629133811521769122&g_mp=Cilnb29nbGUubWFwcy5wbGFjZXMudjEuUGxhY2VzLlNlYXJjaE5lYXJieRACGAQgAA,ChIJ1XuvsbMZDTkRok4FyP1oJL0
SNAP Timber & Plywood,building_materials_store,building_materials_store|wholesaler|store|point_of_interest|service|establishment,092133 87113,,"Near k.P.S.S.N School, Main Sector 55- 56 Road, DLF Phase 3, Mehrauli-Gurgaon Rd, Phase III, Nathupur, Sector 24, Gurugram, Haryana 122010, India",5,2,OPERATIONAL,https://maps.google.com/?cid=13667702092898805645&g_mp=Cilnb29nbGUubWFwcy5wbGFjZXMudjEuUGxhY2VzLlNlYXJjaE5lYXJieRACGAQgAA,ChIJtR0hwjEZDTkRjacYj6Nurb0
Unique Interior,general_contractor,general_contractor|point_of_interest|service|establishment,089201 19270,,"Shop No. - 10, BM Plaza, near by Krishna Market Road, Sector 28, DLF Phase 3, Sector 24, Gurugram, Haryana 122010, India",5,2,OPERATIONAL,https://maps.google.com/?cid=15620615599835202531&g_mp=Cilnb29nbGUubWFwcy5wbGFjZXMudjEuUGxhY2VzLlNlYXJjaE5lYXJieRACGAQgAA,ChIJHdwT7DEZDTkR40MaYSCTx9g
Pine House,building_materials_store,building_materials_store|store|point_of_interest|service|establishment,098912 47788,,"Main Nathupur Rd, Near Balvedre Palace, F3PW+J37, U Block, DLF Phase 3, Sector 24, Gurugram, Haryana 122010, India",1,1,CLOSED_TEMPORARILY,https://maps.google.com/?cid=14710087079562579260&g_mp=Cilnb29nbGUubWFwcy5wbGFjZXMudjEuUGxhY2VzLlNlYXJjaE5lYXJieRACGAQgAA,ChIJZc6zJDEYDTkRPA1k8EK6JMw
Five Star Timber And Traders,manufacturer,building_materials_store|supplier|manufacturer|store|point_of_interest|service|establishment,090344 06652,,"F3PV+PVX, Nathupur Rd, U Block, Nathupur, Sector 24, Gurugram, Haryana 122010, India",5,2,OPERATIONAL,https://maps.google.com/?cid=4795058648135094689&g_mp=Cilnb29nbGUubWFwcy5wbGFjZXMudjEuUGxhY2VzLlNlYXJjaE5lYXJieRACGAQgAA,ChIJX1kdVRMZDTkRodFBZ294i0I
"नाथूपुर, माता मंदिर वाली गली",service,point_of_interest|service|establishment,,,"F3PW+M95, Mata Mandir Rd, U Block, DLF Phase 3, Sector 24, Gurugram, Haryana 122010, India",5,1,OPERATIONAL,https://maps.google.com/?cid=7497759216176369836&g_mp=Cilnb29nbGUubWFwcy5wbGFjZXMudjEuUGxhY2VzLlNlYXJjaE5lYXJieRACGAQgAA,ChIJP5U9KwAZDTkRrJCaQ0hkDWg
"Rao Ramsingh Marg, Nathupur Timber Market",service,point_of_interest|service|establishment,,,"F3PW+H33, U Block, Nathupur, Sector 24, Gurugram, Haryana 122010, India",5,1,OPERATIONAL,https://maps.google.com/?cid=7277986365800989240&g_mp=Cilnb29nbGUubWFwcy5wbGFjZXMudjEuUGxhY2VzLlNlYXJjaE5lYXJieRACGAQgAA,ChIJLVXwVwAZDTkROEK0DQqaAGU
Neeraj Education Hub |LIBRARY|,educational_institution,educational_institution|point_of_interest|establishment,099531 02555,,"U Block, Nathupur, Sector 24, Gurugram, Haryana 122010, India",5,6,OPERATIONAL,https://maps.google.com/?cid=5850914203029686294&g_mp=Cilnb29nbGUubWFwcy5wbGFjZXMudjEuUGxhY2VzLlNlYXJjaE5lYXJieRACGAQgAA,ChIJJ321T3oZDTkRFkjf2nefMlE
AIS FASHION HUB,,point_of_interest|establishment,093701 37231,,"Ais Fashion Hub, near Zepto, Nathupur, Sector 24, Gurugram, Haryana 122010, India",,,OPERATIONAL,https://maps.google.com/?cid=4741762370307894266&g_mp=Cilnb29nbGUubWFwcy5wbGFjZXMudjEuUGxhY2VzLlNlYXJjaE5lYXJieRACGAQgAA,ChIJjb9n2JsZDTkR-iuEu8AfzkE
Ismaeel Auto Mobile,point_of_interest,point_of_interest|establishment,097613 22368,,"Nathupur, Sector 24, Gurugram, Haryana 122010, India",,,CLOSED_TEMPORARILY,https://maps.google.com/?cid=9845089733603587519&g_mp=Cilnb29nbGUubWFwcy5wbGFjZXMudjEuUGxhY2VzLlNlYXJjaE5lYXJieRACGAQgAA,ChIJQVDFaTIZDTkRv3VJgfPIoIg
LAKSHMI CAKE SHOP,bakery,bakery|food_store|store|food|point_of_interest|establishment,093543 55278,,"Nathupur, Sector 24, Gurugram, Haryana 122010, India",,,OPERATIONAL,https://maps.google.com/?cid=15091629742826620727&g_mp=Cilnb29nbGUubWFwcy5wbGFjZXMudjEuUGxhY2VzLlNlYXJjaE5lYXJieRACGAQgAA,ChIJG2ZKaDIZDTkRN4fmzko9cNE
Ved Coaching Classes,,educational_institution|point_of_interest|establishment,089208 07569,,"Shop No 986, Nathupur 24, Sector 24, Gurugram, Haryana 122010, India",5,1,OPERATIONAL,https://maps.google.com/?cid=8377204464478321305&g_mp=Cilnb29nbGUubWFwcy5wbGFjZXMudjEuUGxhY2VzLlNlYXJjaE5lYXJieRACGAQgAA,ChIJ2REKAUMZDTkRmfoLfBPPQXQ
Ashok Traders,general_store,general_store|food_store|store|food|point_of_interest|establishment,094683 43800,,"Bihari Mandi, Nathupur, Sector 24, Gurugram, Haryana 122010, India",5,2,OPERATIONAL,https://maps.google.com/?cid=3896503696156773209&g_mp=Cilnb29nbGUubWFwcy5wbGFjZXMudjEuUGxhY2VzLlNlYXJjaE5lYXJieRACGAQgAA,ChIJyyuOyqQZDTkRWctrk3cpEzY
Bajarang Store,general_store,general_store|food_store|store|food|point_of_interest|establishment,099904 00525,,"Nathupur, Ravindra Marry, Near Sabzi Mandi, F3PX+WCG, Nathupur, Sector 24, Gurugram, Haryana 122010, India",4.1,7,OPERATIONAL,https://maps.google.com/?cid=16147368015059064478&g_mp=Cilnb29nbGUubWFwcy5wbGFjZXMudjEuUGxhY2VzLlNlYXJjaE5lYXJieRACGAQgAA,ChIJwT1M9aQZDTkRnpYZQ6j5FuA
Siddique Communication 2.o,service,point_of_interest|service|establishment,078602 39098,https://youtube.com/@mobile__junction_?si=9j-uYOY4-W4F-dUi,"DLF Phase 3, near by white house PG, Nathupur, Sector 24, Gurugram, Haryana 122010, India",4.5,28,OPERATIONAL,https://maps.google.com/?cid=10550263412234906731&g_mp=Cilnb29nbGUubWFwcy5wbGFjZXMudjEuUGxhY2VzLlNlYXJjaE5lYXJieRACGAQgAA,ChIJC85JYQAZDTkRa-wP_awQapI
Shiv Clinic,medical_clinic,medical_clinic|health|point_of_interest|establishment,098111 27014,,"Shop No. U 47, U Block, Gali Number 47, Nathupur, Sector 24, Complex No. Nathupur, Gali No, near Ammbedkar Bhawan, DLF Phase 3, Sector 24, Gurugram, Haryana 122010, India",5,1,CLOSED_TEMPORARILY,https://maps.google.com/?cid=6733904272244072733&g_mp=Cilnb29nbGUubWFwcy5wbGFjZXMudjEuUGxhY2VzLlNlYXJjaE5lYXJieRACGAQgAA,ChIJdXluaDIZDTkRHeGXAkKic10
Raj Bartan Bhandar,hardware_store,hardware_store|building_materials_store|store|point_of_interest|service|establishment,096502 37248,,"Shop No. 973, Mather Dairy Nathupur, near CHR, DLF Phase 3, Sector 24, Gurugram, Haryana 122010, India",,,OPERATIONAL,https://maps.google.com/?cid=7189499801120795309&g_mp=Cilnb29nbGUubWFwcy5wbGFjZXMudjEuUGxhY2VzLlNlYXJjaE5lYXJieRACGAQgAA,ChIJN8e0jC0ZDTkRreqLPvo7xmM
Malik Cycle Work Shop,store,store|point_of_interest|establishment,099688 71703,,"Village Nathupur, near by Tota Ram Chowk, R Block, DLF Phase 3, Sector 24, Gurugram, Haryana 122010, India",5,1,OPERATIONAL,https://maps.google.com/?cid=942318253212090905&g_mp=Cilnb29nbGUubWFwcy5wbGFjZXMudjEuUGxhY2VzLlNlYXJjaE5lYXJieRACGAQgAA,ChIJaxiq-L8ZDTkRGcISbHXJEw0
Manoj Sweet Corner,candy_store,candy_store|confectionery|food_store|store|food|point_of_interest|establishment,099903 21006,,"Rawindra Marg Nathupur, Phase III, F3PX+X9M, Nathupur, Sector 24, Gurugram, Haryana 122010, India",4.5,18,OPERATIONAL,https://maps.google.com/?cid=7274989213281621281&g_mp=Cilnb29nbGUubWFwcy5wbGFjZXMudjEuUGxhY2VzLlNlYXJjaE5lYXJieRACGAQgAA,ChIJQaAQGTIZDTkRIRVzGiX09WQ
JBMR SUPPLIER,store,supplier|store|point_of_interest|establishment,099539 66895,,"JBMR SUPPLIER, Ambedkar bhawan, Nathupur, Sector 24, Gurugram, Haryana 122002, India",,,OPERATIONAL,https://maps.google.com/?cid=6138049340527743805&g_mp=Cilnb29nbGUubWFwcy5wbGFjZXMudjEuUGxhY2VzLlNlYXJjaE5lYXJieRACGAQgAA,ChIJA_FfOYQZDTkRPRP6u1q7LlU
Chick maker in gurgaon karan,store,store|point_of_interest|establishment,096340 88127,,"Shop no.20 C3 / 20 baba Bhagawan shahsi Sector 24 gurugram Nathupur gurugram NCR, Nathupur, Sector 24, Gurugram, Haryana 122010, India",5,30,OPERATIONAL,https://maps.google.com/?cid=6350131577762755221&g_mp=Cilnb29nbGUubWFwcy5wbGFjZXMudjEuUGxhY2VzLlNlYXJjaE5lYXJieRACGAQgAA,ChIJWYbbKUQZDTkRlTKKiQYzIFg
Pooja Clinic,medical_clinic,medical_clinic|health|point_of_interest|establishment,063938 53338,,"Shop No-3 U Block Samadhi Asthal, Nathupur, Sector 24, Gurugram, Haryana 122010, India",5,2,OPERATIONAL,https://maps.google.com/?cid=14578947523978220049&g_mp=Cilnb29nbGUubWFwcy5wbGFjZXMudjEuUGxhY2VzLlNlYXJjaE5lYXJieRACGAQgAA,ChIJW3lRCRsZDTkREVLIzYfTUso
Pooja General Store,general_store,general_store|food_store|store|food|point_of_interest|establishment,0124 425 7270,,"M.A, Road, opp. Sai Mandir, DLF Phase 3, Sector 24, Gurugram, Haryana 122002, India",3.4,9,CLOSED_TEMPORARILY,https://maps.google.com/?cid=4489838489419657692&g_mp=Cilnb29nbGUubWFwcy5wbGFjZXMudjEuUGxhY2VzLlNlYXJjaE5lYXJieRACGAQgAA,ChIJmcOp_jIZDTkR3DG8ZFEcTz4
SPOKEN ENGLISH & PUBLIC SPEAKING ACADEMY- SEPS,educational_institution,educational_institution|point_of_interest|establishment,092668 77813,https://www.icoachthecoach.in/,"iCoachTheCoach-ICTC Learning Solutions S-50/24, Ground Floor, beside R.K Public School, S Block, DLF Phase 3, Sector 24, Gurugram, Haryana 122002, India",,,OPERATIONAL,https://maps.google.com/?cid=9997866611512384943&g_mp=Cilnb29nbGUubWFwcy5wbGFjZXMudjEuUGxhY2VzLlNlYXJjaE5lYXJieRACGAQgAA,ChIJ_RIA2gQZDTkRrx3vUraOv4o
Paper Bag @GShell,store,supplier|store|manufacturer|service|point_of_interest|establishment,095400 10111,,"S-52/25, near GD Goenka Global School, S Block, DLF Phase 3, Sector 24, Gurugram, Haryana 122010, India",,,OPERATIONAL,https://maps.google.com/?cid=12390946911905025557&g_mp=Cilnb29nbGUubWFwcy5wbGFjZXMudjEuUGxhY2VzLlNlYXJjaE5lYXJieRACGAQgAA,ChIJQ4irJYEZDTkRFY7S-pB89as
"S52/19, JAI GURU JI",apartment_building,apartment_building|service|point_of_interest|establishment,,,"No S, 52, Rd, S Block, DLF Phase 3, Sector 24, Gurugram, Sikanderpur Ghosi, Haryana 122010, India",,,OPERATIONAL,https://maps.google.com/?cid=9638442793867742101&g_mp=Cilnb29nbGUubWFwcy5wbGFjZXMudjEuUGxhY2VzLlNlYXJjaE5lYXJieRACGAQgAA,ChIJE-ovIwAZDTkRlQtphKegwoU
Cosmetic,cosmetics_store,cosmetics_store|store|point_of_interest|establishment,075036 78358,,"S 669/51, Lane number 51, Nathupur Rd, DLF Phase 3, Sector 24, Gurugram, Haryana 122010, India",,,CLOSED_TEMPORARILY,https://maps.google.com/?cid=8120310087849260510&g_mp=Cilnb29nbGUubWFwcy5wbGFjZXMudjEuUGxhY2VzLlNlYXJjaE5lYXJieRACGAQgAA,ChIJbVQUdYoZDTkR3rVGbAAjsXA
Sky Wash Laundry,laundry,laundry|service|point_of_interest|establishment,096543 49983,https://skywash.online/,"S Block, DLF Phase 3, Sector 24, Gurugram, Haryana 122002, India",4.9,46,OPERATIONAL,https://maps.google.com/?cid=15139275494793725140&g_mp=Cilnb29nbGUubWFwcy5wbGFjZXMudjEuUGxhY2VzLlNlYXJjaE5lYXJieRACGAQgAA,ChIJT0aXlcQZDTkR1MT059mCGdI
NITYA PASSION,wholesaler,wholesaler|service|point_of_interest|establishment,098110 11705,,"S-52, near GD Goenka Global School, S Block, DLF Phase 3, Sector 24, Gurugram, Haryana 122010, India",,,CLOSED_TEMPORARILY,https://maps.google.com/?cid=7354546502296243244&g_mp=Cilnb29nbGUubWFwcy5wbGFjZXMudjEuUGxhY2VzLlNlYXJjaE5lYXJieRACGAQgAA,ChIJVZcFBxMZDTkRLIx16ROZEGY
RJS,employment_agency,employment_agency|service|point_of_interest|establishment,098710 21271,http://sroyaljobs.com/,"52/5, S Block, DLF Phase 3, Sector 24, Gurugram, Haryana 122002, India",,,OPERATIONAL,https://maps.google.com/?cid=12872231238640852408&g_mp=Cilnb29nbGUubWFwcy5wbGFjZXMudjEuUGxhY2VzLlNlYXJjaE5lYXJieRACGAQgAA,ChIJQQPLrzIZDTkRuN3fjRxao7I
Ayushman Software,corporate_office,corporate_office|point_of_interest|establishment,099557 77299,,"52, S Block, DLF Phase 3, Sector 24, Gurugram, Haryana 122010, India",,,OPERATIONAL,https://maps.google.com/?cid=1177990585718904847&g_mp=Cilnb29nbGUubWFwcy5wbGFjZXMudjEuUGxhY2VzLlNlYXJjaE5lYXJieRACGAQgAA,ChIJQQPLrzIZDTkRD5iHSjIQWRA
Spoonful of Soul,restaurant,restaurant|food|point_of_interest|establishment,098913 60400,,"27, Nathupur Rd, Nathupur, Sector 24, Gurugram, Haryana 122002, India",4,4,CLOSED_TEMPORARILY,https://maps.google.com/?cid=18071696742919501001&g_mp=Cilnb29nbGUubWFwcy5wbGFjZXMudjEuUGxhY2VzLlNlYXJjaE5lYXJieRACGAQgAA,ChIJT5zVZM0eDTkRyfRMknCQy_o
Clean & Bright (Laundary Services),laundry,laundry|service|point_of_interest|establishment,089796 57171,,"NR 27, KL House, S Block, DLF Phase 3, Sector 24, Gurugram, Haryana 122002, India",4,6,CLOSED_TEMPORARILY,https://maps.google.com/?cid=12563658151105304529&g_mp=Cilnb29nbGUubWFwcy5wbGFjZXMudjEuUGxhY2VzLlNlYXJjaE5lYXJieRACGAQgAA,ChIJm-ukwP0fDTkR0ZcS-IUUW64
Via Singh Suite,hotel,hotel|lodging|point_of_interest|establishment,070424 24242,https://www.fabhotels.com/hotels-in-gurgaon/fabhotel-singh-suite-i.html?utm_source=GMB&utm_medium=organic&utm_campaign=GMB_Traffic,"29, Nathupur Rd, DLF Phase 3, Sector 24, Gurugram, Haryana 122010, India",3.8,156,OPERATIONAL,https://maps.google.com/?cid=16090309103394561156&g_mp=Cilnb29nbGUubWFwcy5wbGFjZXMudjEuUGxhY2VzLlNlYXJjaE5lYXJieRACGAQgAA,ChIJsbue63QfDTkRhBwRIuFCTN8
DTDC - Nathupura,courier_service,courier_service|shipping_service|service|point_of_interest|establishment,099533 25531,,"NR-27, Nathupur Rd, Nathupur, Sector 24, Gurugram, Haryana 122010, India",3.2,15,OPERATIONAL,https://maps.google.com/?cid=279359177189620580&g_mp=Cilnb29nbGUubWFwcy5wbGFjZXMudjEuUGxhY2VzLlNlYXJjaE5lYXJieRACGAQgAA,ChIJg4DBec0eDTkRZPshCbF74AM
Om Bikaner - Sweets And Snacks,candy_store,candy_store|confectionery|food_store|store|food|point_of_interest|establishment,090454 87804,,"Shop No, S 2, S Block, DLF Phase 3, Sector 24, Nathupur, Gurugram, Haryana 122010, India",2.7,12,OPERATIONAL,https://maps.google.com/?cid=8324438946963618115&g_mp=Cilnb29nbGUubWFwcy5wbGFjZXMudjEuUGxhY2VzLlNlYXJjaE5lYXJieRACGAQgAA,ChIJ6QlUOUIfDTkRQ3kxFB5ZhnM
Furakan Ansari,store,store|point_of_interest|establishment,097162 10450,,"Shop 10 Nr Toad, DLF Phase 1, Sector 24, Gurugram, Haryana 122010, India",5,1,CLOSED_TEMPORARILY,https://maps.google.com/?cid=4514259512055562240&g_mp=Cilnb29nbGUubWFwcy5wbGFjZXMudjEuUGxhY2VzLlNlYXJjaE5lYXJieRACGAQgAA,ChIJV_HNb80eDTkRAAAA0BvfpT4
Fifozone Pet Shop,pet_store,pet_store|store|point_of_interest|establishment,083681 17542,http://fifozone.com/,"S27/9AA, Basment, DLF Phase 3, Sector 24, Gurugram, Haryana 122010, India",4.7,28,OPERATIONAL,https://maps.google.com/?cid=10651823371186739241&g_mp=Cilnb29nbGUubWFwcy5wbGFjZXMudjEuUGxhY2VzLlNlYXJjaE5lYXJieRACGAQgAA,ChIJD8QTxLUfDTkRKRjKmevg0pM
Hotel O by OYO NR29,hotel,hotel|guest_house|cottage|motel|inn|lodging|service|point_of_interest|establishment,0124 433 0575,https://www.oyorooms.com/19430/,"Nr29, Neelkanth Hospital, Nr29, DLF Phase 3, Sector 24, Gurugram, Haryana 122010, India",4,66,OPERATIONAL,https://maps.google.com/?cid=4614658122553543247&g_mp=Cilnb29nbGUubWFwcy5wbGFjZXMudjEuUGxhY2VzLlNlYXJjaE5lYXJieRACGAQgAA,ChIJL58n8IYfDTkRT8qs6hyPCkA
Grill & Wok,restaurant,restaurant|food|point_of_interest|establishment,0124 423 2234,,"Shop no 6, Nathupur Road, DLF phase 3, DLF Phase 3, Sector 24, Gurugram, Haryana 122010, India",4.4,11,CLOSED_TEMPORARILY,https://maps.google.com/?cid=8312976850921432109&g_mp=Cilnb29nbGUubWFwcy5wbGFjZXMudjEuUGxhY2VzLlNlYXJjaE5lYXJieRACGAQgAA,ChIJiXbYlTIZDTkRLaQ34WagXXM
Commune Siris,lodging,guest_house|hostel|lodging|point_of_interest|establishment,099712 94321,https://communeapartment.com/,"Cyber city, Siris Rd, DLF Phase 3, Sector 24, Gurugram, Haryana 122010, India",4.7,15,OPERATIONAL,https://maps.google.com/?cid=9408115525855432339&g_mp=Cilnb29nbGUubWFwcy5wbGFjZXMudjEuUGxhY2VzLlNlYXJjaE5lYXJieRACGAQgAA,ChIJfTRDl2ofDTkRk05zdDlXkII
Omega Technologies,corporate_office,corporate_office|point_of_interest|establishment,099993 66135,,"V 21/7 , DLF City, Phase - III, DLF Phase 3, Sector 24, Gurugram, Haryana 122010, India",,,CLOSED_TEMPORARILY,https://maps.google.com/?cid=15356101377628577084&g_mp=Cilnb29nbGUubWFwcy5wbGFjZXMudjEuUGxhY2VzLlNlYXJjaE5lYXJieRACGAQgAA,ChIJUVep-c0eDTkRPB1wxNfUG9U
Noble Socio-Scientific Welfare Organization,association_or_organization,association_or_organization|point_of_interest|service|establishment,098104 29511,,"H-16/6, DLF City Phase 1, DLF Phase 3, Sector 24, Gurugram, Haryana 122010, India",,,OPERATIONAL,https://maps.google.com/?cid=1355516079100077441&g_mp=Cilnb29nbGUubWFwcy5wbGFjZXMudjEuUGxhY2VzLlNlYXJjaE5lYXJieRACGAQgAA,ChIJx-Kq-c0eDTkRgSUXLrHCzxI
Janvi The Bike Care,car_repair,car_repair|point_of_interest|service|establishment,080769 61158,,"28, Moulsari Ave, Ambience Island, DLF Phase 3, Sector 24, Gurugram, Haryana 122002, India",4.5,13,OPERATIONAL,https://maps.google.com/?cid=11272744922022394717&g_mp=Cilnb29nbGUubWFwcy5wbGFjZXMudjEuUGxhY2VzLlNlYXJjaE5lYXJieRACGAQgAA,ChIJySDeU5UZDTkRXbu78MfVcJw
"FixWheel - Two Wheeler Repair in Sector 24, Gurgaon",car_repair,auto_parts_store|car_repair|store|point_of_interest|service|establishment,,https://www.fixwheel.app/,"Shop No, 28/A, Moulsari Ave, Ambience Island, DLF Phase 3, Sector 24, Gurugram, Haryana 122002, India",,,OPERATIONAL,https://maps.google.com/?cid=5523421463824337528&g_mp=Cilnb29nbGUubWFwcy5wbGFjZXMudjEuUGxhY2VzLlNlYXJjaE5lYXJieRACGAQgAA,ChIJhzrT1JofDTkReIoEmI4ip0w
FabHotel SR 69 Posh,hotel,hotel|lodging|point_of_interest|establishment,070424 24242,https://www.fabhotels.com/hotels-in-gurgaon/fabhotel-sr-69-posh.html?utm_source=GMB&utm_medium=organic&utm_campaign=GMB_Traffic,"69, Siris Rd, DLF Phase 3, Sector 24, Gurugram, Haryana 122002, India",4.3,82,OPERATIONAL,https://maps.google.com/?cid=4610400978680312329&g_mp=Cilnb29nbGUubWFwcy5wbGFjZXMudjEuUGxhY2VzLlNlYXJjaE5lYXJieRACGAQgAA,ChIJnZLzmOsfDTkRCXJaXkNv-z8
OYO Hotel Camria,hotel,hotel|guest_house|cottage|inn|motel|lodging|point_of_interest|service|establishment,0124 620 1166,https://www.oyorooms.com/515/,"69, Siris Rd, DLF Phase 3, Sector 24, Gurugram, Haryana 122010, India",4,174,OPERATIONAL,https://maps.google.com/?cid=15044934677487738241&g_mp=Cilnb29nbGUubWFwcy5wbGFjZXMudjEuUGxhY2VzLlNlYXJjaE5lYXJieRACGAQgAA,ChIJnwvY9c0eDTkRgd2csGBYytA
Adidev Press Private Limited,,point_of_interest|establishment,074282 30663,https://www.adidevpress.com/,"1st Floor, DLF Downtown, DLF Phase 3, Sector 25A, Gurugram, Haryana 122010, India",4.9,71,OPERATIONAL,https://maps.google.com/?cid=6597139503153027359&g_mp=Cilnb29nbGUubWFwcy5wbGFjZXMudjEuUGxhY2VzLlNlYXJjaE5lYXJieRACGAQgAA,ChIJW0j50MtwAjoRHxkiy2y_jVs
Energy Extreme Solar Ventures Pvt.Ltd,service,point_of_interest|service|establishment,096105 00855,,"K15 , Akashneem Marg, Mehrauli-Gurgaon Rd, Sec-25, DLF Phase 2, Sector 24, Gurugram, Haryana 122010, India",5,2,CLOSED_TEMPORARILY,https://maps.google.com/?cid=13984855503104349854&g_mp=Cilnb29nbGUubWFwcy5wbGFjZXMudjEuUGxhY2VzLlNlYXJjaE5lYXJieRACGAQgAA,ChIJNT6e9oQfDTkRnpazMfwvFMI
Legal Settle,consultant,consultant|point_of_interest|service|establishment,080763 94397,https://legalsettle.in/,"18/1, Siris Rd, S Block, DLF Phase 3, Sector 24, Gurugram, Haryana 122002, India",4.9,15,OPERATIONAL,https://maps.google.com/?cid=13239759498112096670&g_mp=Cilnb29nbGUubWFwcy5wbGFjZXMudjEuUGxhY2VzLlNlYXJjaE5lYXJieRACGAQgAA,ChIJJQElIYMZDTkRnlmTxB0Tvbc
Glossy Gaze Car Detailers,car_wash,car_wash|point_of_interest|service|establishment,088823 58262,,"Glossy Gaze Car Detailers, Siris Rd, DLF Phase 3, Sector 24, Gurugram, Haryana 122002, India",5,1,OPERATIONAL,https://maps.google.com/?cid=4962714486558866356&g_mp=Cilnb29nbGUubWFwcy5wbGFjZXMudjEuUGxhY2VzLlNlYXJjaE5lYXJieRACGAQgAA,ChIJlejJT8kfDTkRtLsGLYga30Q
Nix Advisory | Chartered Accountants,consultant,accounting|finance|consultant|point_of_interest|service|establishment,099531 94161,https://www.nixadvisory.com/,"S 19, 18, Siris Rd, DLF Phase 3, Sector 24, Gurugram, Haryana 122010, India",4.9,151,OPERATIONAL,https://maps.google.com/?cid=14673221964489539629&g_mp=Cilnb29nbGUubWFwcy5wbGFjZXMudjEuUGxhY2VzLlNlYXJjaE5lYXJieRACGAQgAA,ChIJCR5ojgQfDTkRLcDbd6LBocs
SATGURU PROPERTIES,consultant,real_estate_agency|consultant|point_of_interest|service|establishment,098996 87762,,"DLF Phase 3, Sector 24, Gurugram, Haryana 122002, India",4.7,3,OPERATIONAL,https://maps.google.com/?cid=4805451442412035059&g_mp=Cilnb29nbGUubWFwcy5wbGFjZXMudjEuUGxhY2VzLlNlYXJjaE5lYXJieRACGAQgAA,ChIJRUNtVwAfDTkR85tbYqBksEI
Jain & Associates,service,point_of_interest|service|establishment,0124 406 5318,https://jain-associates.com/,"S 13/21, DLF City, DLF Phase 3, Sector 24, Gurugram, Haryana 122010, India",4.3,14,OPERATIONAL,https://maps.google.com/?cid=11238256304279766931&g_mp=Cilnb29nbGUubWFwcy5wbGFjZXMudjEuUGxhY2VzLlNlYXJjaE5lYXJieRACGAQgAA,ChIJS6GZJ8oeDTkRk8dj35BO9ps
BMSF Design Consultants Pvt. Ltd.,service,point_of_interest|service|establishment,011 4177 1821,http://www.bmsfdesign.com/,"S-13/25, Ground Floor, DLF Phase-III, DLF Phase 3, Sector 24, Gurugram, Haryana 122010, India",4.7,48,OPERATIONAL,https://maps.google.com/?cid=3943678611828173573&g_mp=Cilnb29nbGUubWFwcy5wbGFjZXMudjEuUGxhY2VzLlNlYXJjaE5lYXJieRACGAQgAA,ChIJP4a-gyofDTkRBetSjs3CujY
Ignited Minds - Art classes in Gurgaon Online & Offline,educational_institution,educational_institution|point_of_interest|service|establishment,095823 40608,,"S13/4, DLF Phase 3, Sector 24, Gurugram, Haryana 122010, India",5,77,OPERATIONAL,https://maps.google.com/?cid=3102582087827781856&g_mp=Cilnb29nbGUubWFwcy5wbGFjZXMudjEuUGxhY2VzLlNlYXJjaE5lYXJieRACGAQgAA,ChIJkYwpiZAfDTkR4Ph2f_iVDis
Bajaj,association_or_organization,association_or_organization|point_of_interest|service|establishment,072198 21111,,"4, Rd, No S, 13, DLF Phase 3, Sector 24, Gurugram, Haryana 122010, India",,,OPERATIONAL,https://maps.google.com/?cid=12366048192219401551&g_mp=Cilnb29nbGUubWFwcy5wbGFjZXMudjEuUGxhY2VzLlNlYXJjaE5lYXJieRACGAQgAA,ChIJsbn3VF8fDTkRT02ZDFAHnas
Path Sanjivani Charitable Trust,service,point_of_interest|service|establishment,098737 37062,,"212, pahari Road No Zero, Anand Gram, Ghitorni, New Delhi, Delhi 110030, India",4.3,60,OPERATIONAL,https://maps.google.com/?cid=17635020068305621240&g_mp=Cilnb29nbGUubWFwcy5wbGFjZXMudjEuUGxhY2VzLlNlYXJjaE5lYXJieRACGAQgAA,ChIJiZ5qsMIeDTkR-NA9WlEtvPQ
Sharma Enterprises,hospital,hospital|health|point_of_interest|service|establishment,079820 85594,,"232, near Mohalla Clinic, Anand Gram, Ghitorni, New Delhi, Delhi 110030, India",,,OPERATIONAL,https://maps.google.com/?cid=9505080092019101581&g_mp=Cilnb29nbGUubWFwcy5wbGFjZXMudjEuUGxhY2VzLlNlYXJjaE5lYXJieRACGAQgAA,ChIJY25UflkfDTkRjY9vzvvT6IM
Ashok Bairagi,service,point_of_interest|service|establishment,098992 66345,,"House no 230 gali no 9, pahadi, Anand Gram, Ghitorni, New Delhi, Delhi 110030, India",5,1,OPERATIONAL,https://maps.google.com/?cid=122141145454711252&g_mp=Cilnb29nbGUubWFwcy5wbGFjZXMudjEuUGxhY2VzLlNlYXJjaE5lYXJieRACGAQgAA,ChIJ7ejvFQAfDTkR1JFJg7nusQE
Excitel Broadband,service,store|point_of_interest|service|establishment,011 6965 7070,https://broadband-nearme.excitel.com/excitel-broadband-speed-plus-broadband-ghitorni-internet-service-provider-ghitorni-new-delhi-254049/Home?utm_source=locator&utm_medium=googleplaces,"No 57, Mangu Mohalla, Anand Gram, Ghitorni, New Delhi, Delhi 110030, India",1,1,OPERATIONAL,https://maps.google.com/?cid=15222314127537927216&g_mp=Cilnb29nbGUubWFwcy5wbGFjZXMudjEuUGxhY2VzLlNlYXJjaE5lYXJieRACGAQgAA,ChIJVwXlcQ4fDTkRMPRONwyGQNM
Azim outdoor furniture,furniture_store,furniture_store|home_improvement_store|home_goods_store|store|point_of_interest|service|establishment,088602 66496,,"F4QF+7QQ, Anand Gram, Ghitorni, New Delhi, Delhi 110030, India",5,2,CLOSED_TEMPORARILY,https://maps.google.com/?cid=12042637535898297584&g_mp=Cilnb29nbGUubWFwcy5wbGFjZXMudjEuUGxhY2VzLlNlYXJjaE5lYXJieRACGAQgAA,ChIJmy_Z2sgfDTkR8OQAxggLIKc
AARP INTERIOR'S AND CONSTRUCTION,general_contractor,general_contractor|consultant|point_of_interest|service|establishment,095402 74449,,"House No. 170 Gali, no 7, Anand Gram, Ghitorni, New Delhi, Delhi 110030, India",5,8,OPERATIONAL,https://maps.google.com/?cid=2698023754020431995&g_mp=Cilnb29nbGUubWFwcy5wbGFjZXMudjEuUGxhY2VzLlNlYXJjaE5lYXJieRACGAQgAA,ChIJk-dICqofDTkReyj0PU9OcSU
HARSH CHEM,manufacturer,manufacturer|sporting_goods_store|wholesaler|supplier|store|food|service|point_of_interest|establishment,085955 19364,,"OPPOSITE SIEMENS SECTOR 18 RAO BHARAT SINGH COMPLEX, Sarhaul, Sector 18, Gurugram, Haryana 122015, India",3.7,3,CLOSED_TEMPORARILY,https://maps.google.com/?cid=8415017603879964685&g_mp=Cilnb29nbGUubWFwcy5wbGFjZXMudjEuUGxhY2VzLlNlYXJjaE5lYXJieRACGAQgAA,ChIJ____MK8ZDTkRDZDsEe0lyHQ
YES BANK,bank,bank|finance|point_of_interest|establishment,1800 1200,https://www.yes.bank.in/,"Ground Floor and Basement, SCO-32, Sarhaul, Sector 18, Gurugram, Haryana 122015, India",2.3,3,OPERATIONAL,https://maps.google.com/?cid=1550670764172767942&g_mp=Cilnb29nbGUubWFwcy5wbGFjZXMudjEuUGxhY2VzLlNlYXJjaE5lYXJieRACGAQgAA,ChIJT6T-AU0ZDTkRxvIZHtgWhRU
Deepak Vyas,cafe,cafe|food|point_of_interest|establishment,090791 61849,,"Shop No.64, Main Market, Sarhaul, Sector 18, Gurugram, Haryana 122015, India",,,OPERATIONAL,https://maps.google.com/?cid=15855923030011707324&g_mp=Cilnb29nbGUubWFwcy5wbGFjZXMudjEuUGxhY2VzLlNlYXJjaE5lYXJieRACGAQgAA,ChIJrYJLB6EZDTkRvH_IzfyNC9w
PATIENCE Food Cafe,fast_food_restaurant,fast_food_restaurant|restaurant|food|point_of_interest|establishment,095480 20337,,"Sarhaul, Sector 18, Sarhol, Gurugram, Haryana 122015, India",,,CLOSED_TEMPORARILY,https://maps.google.com/?cid=1479882483586289900&g_mp=Cilnb29nbGUubWFwcy5wbGFjZXMudjEuUGxhY2VzLlNlYXJjaE5lYXJieRACGAQgAA,ChIJwajjfqEZDTkR7NB7L0eZiRQ
PR kulhad company,manufacturer,supplier|manufacturer|service|point_of_interest|establishment,081788 66276,,"Subedar major laxmi chand road, building no 5, Gali no 2, Maruti Udyog, Sector 18, Gurugram, Sarhol, Haryana 122015, India",5,3,OPERATIONAL,https://maps.google.com/?cid=14719746013082094018&g_mp=Cilnb29nbGUubWFwcy5wbGFjZXMudjEuUGxhY2VzLlNlYXJjaE5lYXJieRACGAQgAA,ChIJkTT63BsZDTkRwgm7pQILR8w
New tech polymer,corporate_office,corporate_office|point_of_interest|establishment,085277 70237,,"Unit no 7, rao bharat singh market, Sarhaul, Sector 18, Sarhol, Gurugram, Haryana 122015, India",5,3,OPERATIONAL,https://maps.google.com/?cid=12107814179590750548&g_mp=Cilnb29nbGUubWFwcy5wbGFjZXMudjEuUGxhY2VzLlNlYXJjaE5lYXJieRACGAQgAA,ChIJTzG0z6AZDTkRVMHxrNiYB6g
Mahabeer General Store,general_store,general_store|food_store|store|food|point_of_interest|establishment,096507 09208,,"F3R9+25P, opp. SIEMENS COMPANY, Sarhaul, Sector 18, Gurugram, Haryana 122015, India",5,1,OPERATIONAL,https://maps.google.com/?cid=8912261222852686501&g_mp=Cilnb29nbGUubWFwcy5wbGFjZXMudjEuUGxhY2VzLlNlYXJjaE5lYXJieRACGAQgAA,ChIJac9tvUMZDTkRpXKf7Vy2rns
"Suraj apparts , sarhaul ,sector 18 nagaro left side",general_store,general_store|food_store|store|food|point_of_interest|establishment,,,"SURAJ APPARTS, Sarhaul, Sector 18, Sarhol, Gurugram, Haryana 122015, India",5,1,OPERATIONAL,https://maps.google.com/?cid=10989209451871990300&g_mp=Cilnb29nbGUubWFwcy5wbGFjZXMudjEuUGxhY2VzLlNlYXJjaE5lYXJieRACGAQgAA,ChIJ4Y1SOQAZDTkRHPIx7cWDgZg
Hemant,taxi_service,taxi_service|transportation_service|service|point_of_interest|establishment,088155 98665,,"Plot No.245, Sarhaul, Sector 18, Sarhol, Gurugram, Haryana 122015, India",5,1,OPERATIONAL,https://maps.google.com/?cid=11516807087654352803&g_mp=Cilnb29nbGUubWFwcy5wbGFjZXMudjEuUGxhY2VzLlNlYXJjaE5lYXJieRACGAQgAA,ChIJrSiDYC8ZDTkRo7dWDgfr058
BAPI GENERAL STORE,wholesaler,wholesaler|service|point_of_interest|establishment,089205 42030,,"Gali 5, near Jagdanga Store, Sarhaul, Sector 18, Gurugram, Haryana 122015, India",,,OPERATIONAL,https://maps.google.com/?cid=16484553889111004133&g_mp=Cilnb29nbGUubWFwcy5wbGFjZXMudjEuUGxhY2VzLlNlYXJjaE5lYXJieRACGAQgAA,ChIJe61I9bwZDTkR5dM-WWzmxOQ
CLASQUIN INDIA DELHI,shipping_service,shipping_service|transportation_service|service|point_of_interest|establishment,0124 402 4900,http://www.clasquin.com/,"Novus Tower, Ground Floor, East Wing, Plot no-18, Sub. Major Laxmi Chand Rd, Phase IV, Sarhaul, Sector 18, Shahpur, Gurugram, Haryana 122015, India",4.6,7,OPERATIONAL,https://maps.google.com/?cid=16480628363102515314&g_mp=Cilnb29nbGUubWFwcy5wbGFjZXMudjEuUGxhY2VzLlNlYXJjaE5lYXJieRACGAQgAA,ChIJv1CL9qoZDTkRcvDzmS30tuQ
Kavya Digital Solution,service,service|point_of_interest|establishment,099113 88747,http://kavyadigitalsolution.com/,"NO - 54B, PLOT, Sarhaul, Sector 18, Gurugram, Haryana 122015, India",4.8,36,OPERATIONAL,https://maps.google.com/?cid=4090588396600482984&g_mp=Cilnb29nbGUubWFwcy5wbGFjZXMudjEuUGxhY2VzLlNlYXJjaE5lYXJieRACGAQgAA,ChIJKZ-8kg0ZDTkRqNy0TXmwxDg
Avinash,cafe,cafe|food|point_of_interest|establishment,075083 99698,,"Shop No. 94, Main Market, Sarhaul, Sector 18, Gurugram, Haryana 122015, India",,,OPERATIONAL,https://maps.google.com/?cid=1931854751443030811&g_mp=Cilnb29nbGUubWFwcy5wbGFjZXMudjEuUGxhY2VzLlNlYXJjaE5lYXJieRACGAQgAA,ChIJA52HQ5cZDTkRG5NpOalTzxo
H.P. Clothing (India) - Warehouse KG,clothing_store,clothing_store|store|point_of_interest|establishment,098866 68768,http://www.hp-group.in/,"Plot No. 05, Gali No. 02, Rao Market, opp. Siemens, Sarhaul, Sector 18, Gurugram, Haryana 122015, India",,,OPERATIONAL,https://maps.google.com/?cid=5201702715731951598&g_mp=Cilnb29nbGUubWFwcy5wbGFjZXMudjEuUGxhY2VzLlNlYXJjaE5lYXJieRACGAQgAA,ChIJJ6H8p6QZDTkR7j9jZg8pMEg
Rao shyam lal memorial public school,school,school|educational_institution|point_of_interest|establishment,098102 40310,,"7, Sub. Major Laxmi Chand Rd, Maruti Udyog, Sector 18, Gurugram, Haryana 122015, India",,,OPERATIONAL,https://maps.google.com/?cid=12136196316769888927&g_mp=Cilnb29nbGUubWFwcy5wbGFjZXMudjEuUGxhY2VzLlNlYXJjaE5lYXJieRACGAQgAA,ChIJ7WvBDBIZDTkRnyp58T9ubKg
Ritu Cosmetic And Gift Gallery,cosmetics_store,cosmetics_store|store|point_of_interest|establishment,080030 75425,,"Shop No.506 Sahrol, Sarhaul, Sector 18, Gurugram, Haryana 122015, India",,,CLOSED_TEMPORARILY,https://maps.google.com/?cid=12508997051314204192&g_mp=Cilnb29nbGUubWFwcy5wbGFjZXMudjEuUGxhY2VzLlNlYXJjaE5lYXJieRACGAQgAA,ChIJUe8ui1QZDTkRIO7964rimK0
Sakib Garments,clothing_store,clothing_store|store|point_of_interest|establishment,083838 56103,,"Shop No.3, near Sabji Mandi, Sarhaul, Sector 18, Gurugram, Haryana 122015, India",,,CLOSED_TEMPORARILY,https://maps.google.com/?cid=9750576138399617737&g_mp=Cilnb29nbGUubWFwcy5wbGFjZXMudjEuUGxhY2VzLlNlYXJjaE5lYXJieRACGAQgAA,ChIJZ7ipEykZDTkRyZK1TFYBUYc
Raju Faishon,clothing_store,clothing_store|store|point_of_interest|establishment,077018 60940,,"Sabji Mandi, Sarhaul, Sector 18, Gurugram, Haryana 122015, India",3,1,OPERATIONAL,https://maps.google.com/?cid=10064427396395515103&g_mp=Cilnb29nbGUubWFwcy5wbGFjZXMudjEuUGxhY2VzLlNlYXJjaE5lYXJieRACGAQgAA,ChIJodLBzBMZDTkR3zzdtWQHrIs
FASHION POINT,clothing_store,clothing_store|store|point_of_interest|establishment,098103 79337,,"Shop No.4, near by C-dot, Sarhaul, Sector 18, Gurugram, Haryana 122015, India",,,OPERATIONAL,https://maps.google.com/?cid=9353943715415168330&g_mp=Cilnb29nbGUubWFwcy5wbGFjZXMudjEuUGxhY2VzLlNlYXJjaE5lYXJieRACGAQgAA,ChIJTxnzdGEZDTkRSpVR9j_iz4E
SK Footwear,shoe_store,shoe_store|store|point_of_interest|establishment,098992 84966,,"F3QC+VFJ, Sarhaul, Sector 18, Gurugram, Haryana 122015, India",,,OPERATIONAL,https://maps.google.com/?cid=17231439816443646506&g_mp=Cilnb29nbGUubWFwcy5wbGFjZXMudjEuUGxhY2VzLlNlYXJjaE5lYXJieRACGAQgAA,ChIJOU6-sYAZDTkRKlKlizdfIu8
BHARAT COMMUNICATION,atm,atm|finance|point_of_interest|establishment,084478 64450,,"MAIN MARKET, near SUBJI MANDI, Udyog Vihar, Sector 18, Sarhol, Gurugram, Haryana 122015, India",,,OPERATIONAL,https://maps.google.com/?cid=2938730669096546310&g_mp=Cilnb29nbGUubWFwcy5wbGFjZXMudjEuUGxhY2VzLlNlYXJjaE5lYXJieRACGAQgAA,ChIJD2zECj8ZDTkRBrALNvl3yCg
Quality Wash,laundry,laundry|point_of_interest|service|establishment,096548 02503,,"Nr. Mother Dairy, Sarhaul, Sector 18, Gurugram, Haryana 122015, India",4.8,21,OPERATIONAL,https://maps.google.com/?cid=1742943654195672139&g_mp=Cilnb29nbGUubWFwcy5wbGFjZXMudjEuUGxhY2VzLlNlYXJjaE5lYXJieRACGAQgAA,ChIJ_TG7FFAZDTkRS7Ta2wQuMBg
JYOTI SILAI CENTER,tailor,tailor|point_of_interest|service|establishment,082958 03978,,"near SHANI MANDIR, Sarhaul, Sector 18, Gurugram, Haryana 122015, India",4.5,6,OPERATIONAL,https://maps.google.com/?cid=716122479797806848&g_mp=Cilnb29nbGUubWFwcy5wbGFjZXMudjEuUGxhY2VzLlNlYXJjaE5lYXJieRACGAQgAA,ChIJu4VFgIoZDTkRACcF6Jkt8Ak
Diara Makeup Studio And Salon by Priya,makeup_artist,makeup_artist|beauty_salon|point_of_interest|service|establishment,097119 11919,https://www.diaramakeupstudioandsalon.com/,"377, Sarhaul, Sector 18, Gurugram, Haryana 122015, India",5,25,OPERATIONAL,https://maps.google.com/?cid=11105315415109672556&g_mp=Cilnb29nbGUubWFwcy5wbGFjZXMudjEuUGxhY2VzLlNlYXJjaE5lYXJieRACGAQgAA,ChIJt9DXlx0ZDTkRbB5IFIgBHpo
Baba Medical Store,pharmacy,pharmacy|store|health|point_of_interest|establishment,099998 49779,,"near Mother Dairy Booth, Sarhaul, Sector 18, Sarhol, Gurugram, Haryana 122015, India",3,1,OPERATIONAL,https://maps.google.com/?cid=13441593164082495137&g_mp=Cilnb29nbGUubWFwcy5wbGFjZXMudjEuUGxhY2VzLlNlYXJjaE5lYXJieRACGAQgAA,ChIJ8Us_sBgZDTkRob50IMQhiro
Yadav Stationery And Gift Items,store,store|point_of_interest|establishment,099588 49666,,"Sarhaul, near Bharat Communications, Sarhaul, Sector 18, Gurugram, Haryana 122015, India",,,CLOSED_TEMPORARILY,https://maps.google.com/?cid=7299628101103881240&g_mp=Cilnb29nbGUubWFwcy5wbGFjZXMudjEuUGxhY2VzLlNlYXJjaE5lYXJieRACGAQgAA,ChIJ-ThV_LcZDTkRGIzBNhV9TWU
AK Footwear,shoe_store,shoe_store|store|point_of_interest|establishment,097165 63325,,"Shop No. 1, 2, Sub. Major Laxmi Chand Rd, Sarhaul, Sector 18, Sarhol, Gurugram, Haryana 122015, India",5,1,CLOSED_TEMPORARILY,https://maps.google.com/?cid=2953652701777718687&g_mp=Cilnb29nbGUubWFwcy5wbGFjZXMudjEuUGxhY2VzLlNlYXJjaE5lYXJieRACGAQgAA,ChIJrzQdVd4ZDTkRn21Vr3t7_Sg
Proelium Learning Solutions Private Limited,general_contractor,general_contractor|point_of_interest|service|establishment,093190 80320,,"Plot 29, Sector 18, Gurugram, Haryana 122015, India",,,OPERATIONAL,https://maps.google.com/?cid=2904276238081815983&g_mp=Cilnb29nbGUubWFwcy5wbGFjZXMudjEuUGxhY2VzLlNlYXJjaE5lYXJieRACGAQgAA,ChIJQVyrErwZDTkRr3V53NkPTig
The DryLicious,manufacturer,manufacturer|point_of_interest|establishment,093118 11612,http://thedrylicious.in/,"Building No. 6A, Rao Lal Singh Market, Sector 18, Gurugram, Haryana 122015, India",4.6,32,OPERATIONAL,https://maps.google.com/?cid=13875731095243262790&g_mp=Cilnb29nbGUubWFwcy5wbGFjZXMudjEuUGxhY2VzLlNlYXJjaE5lYXJieRACGAQgAA,ChIJ6zZRbxIZDTkRRgvREup_kMA
S K Dental Clinic,dental_clinic,dental_clinic|medical_clinic|health|point_of_interest|establishment,087085 42898,,"Lane no.1, Vill Sarhol, opposite to The fitness point gym, Sector 18, Gurugram, Haryana 122015, India",4.6,46,OPERATIONAL,https://maps.google.com/?cid=14073298929412730438&g_mp=Cilnb29nbGUubWFwcy5wbGFjZXMudjEuUGxhY2VzLlNlYXJjaE5lYXJieRACGAQgAA,ChIJT873hCoZDTkRRu6HEdBmTsM
Amar Medicose,pharmacy,pharmacy|store|health|point_of_interest|establishment,073030 77056,,"Shop No-175, Showa Company, near Munjhal, Sarhaul, Sector 18, Gurugram, Haryana 122015, India",1,1,OPERATIONAL,https://maps.google.com/?cid=17172992877989656500&g_mp=Cilnb29nbGUubWFwcy5wbGFjZXMudjEuUGxhY2VzLlNlYXJjaE5lYXJieRACGAQgAA,ChIJJ3eE3Z0ZDTkRtPfiPgm6Uu4
IT support,,furniture_store|home_improvement_store|home_goods_store|association_or_organization|store|point_of_interest|service|establishment,098732 05138,,"Rao Lal Singh Market, Sector 18, Gurugram, Haryana 122001, India",5,1,OPERATIONAL,https://maps.google.com/?cid=13797643965562764497&g_mp=Cilnb29nbGUubWFwcy5wbGFjZXMudjEuUGxhY2VzLlNlYXJjaE5lYXJieRACGAQgAA,ChIJGRmXI0cZDTkR0TyuaBUUe78
Print Pluse,manufacturer,manufacturer|store|point_of_interest|service|establishment,098103 14046,,"H.no.27,Sector-18, vpo, Sarhaul, banjara mohalla, Gurugram, Haryana 122015, India",,,OPERATIONAL,https://maps.google.com/?cid=2606797042906320475&g_mp=Cilnb29nbGUubWFwcy5wbGFjZXMudjEuUGxhY2VzLlNlYXJjaE5lYXJieRACGAQgAA,ChIJMSRqAYEZDTkRW074Xxk0LSQ
Adarsh General Store,grocery_store,grocery_store|food_store|store|food|point_of_interest|establishment,098997 70270,,"Shop No1007, Hanuman Mandir Rd, near Chacha Chowk, Sector 18, Faridabad, Gurugram, Haryana 121005, India",,,OPERATIONAL,https://maps.google.com/?cid=2691732062700846384&g_mp=Cilnb29nbGUubWFwcy5wbGFjZXMudjEuUGxhY2VzLlNlYXJjaE5lYXJieRACGAQgAA,ChIJtyArYPYZDTkRMD3Qswz0WiU
Dynamic Fashions Pvt. Ltd Manaser,clothing_store,clothing_store|store|point_of_interest|establishment,0124 234 5187,,"Plot No-29, Sector 18, Maruti Industrial Complex, Sector 18, Gurugram, Haryana 122015, India",3.8,35,CLOSED_TEMPORARILY,https://maps.google.com/?cid=5740914950257604749&g_mp=Cilnb29nbGUubWFwcy5wbGFjZXMudjEuUGxhY2VzLlNlYXJjaE5lYXJieRACGAQgAA,ChIJQ5UmFhQZDTkRjXjVB7vTq08
ValueServices,service,point_of_interest|service|establishment,088003 22016,https://www.valueservices.co.in/,"3rd Floor, Plot 31, Sector 18, Gurugram, Haryana 122015, India",,,OPERATIONAL,https://maps.google.com/?cid=613286556175956328&g_mp=Cilnb29nbGUubWFwcy5wbGFjZXMudjEuUGxhY2VzLlNlYXJjaE5lYXJieRACGAQgAA,ChIJ6zZRbxIZDTkRaPljnt_Uggg
LOGICORP INTERNATIONAL,service,point_of_interest|service|establishment,088600 06760,https://www.logicorp.in/,"Mahendra Singh Compound, opp. LUMAX, near PASSPORT OFFICE, Maruti Udyog, Sector 18, Gurugram, Haryana 122015, India",,,OPERATIONAL,https://maps.google.com/?cid=13678179389931547912&g_mp=Cilnb29nbGUubWFwcy5wbGFjZXMudjEuUGxhY2VzLlNlYXJjaE5lYXJieRACGAQgAA,ChIJ1Uc6wcVmiS0RCG3wXq-n0r0
Hi-Tech Engineers,supplier,supplier|manufacturer|point_of_interest|establishment,075032 11754,,"18, Sub. Major Laxmi Chand Rd, near passport office, Maruti Udyog, Sector 18, Gurugram, Haryana 122015, India",,,OPERATIONAL,https://maps.google.com/?cid=5710679040693813592&g_mp=Cilnb29nbGUubWFwcy5wbGFjZXMudjEuUGxhY2VzLlNlYXJjaE5lYXJieRACGAQgAA,ChIJXTuNxRUZDTkRWMHSvlRoQE8
ROYAL BITE,meal_delivery,meal_delivery|food_delivery|food|point_of_interest|establishment,099993 58896,https://www.royalbite.in/,"Sub. Major Laxmi Chand Rd, Sector 18, Sarhol, Gurugram, Haryana 122015, India",,,OPERATIONAL,https://maps.google.com/?cid=17902535156618146895&g_mp=Cilnb29nbGUubWFwcy5wbGFjZXMudjEuUGxhY2VzLlNlYXJjaE5lYXJieRACGAQgAA,ChIJHx-A_PUZDTkRT7Qqjd-Ucvg
DESIGN LOUNGE @ G M Associates,service,point_of_interest|service|establishment,088004 95007,,"Mahindra Compound, near PASSPORT OFFICE, Udyog Vihar, Sector 18, Sarhol, Gurugram, Haryana 122015, India",4.9,15,OPERATIONAL,https://maps.google.com/?cid=11445407993123534600&g_mp=Cilnb29nbGUubWFwcy5wbGFjZXMudjEuUGxhY2VzLlNlYXJjaE5lYXJieRACGAQgAA,ChIJo8gMIkQZDTkRCHeL6-1B1p4
Deepanshu Mechanical & Electrical Services,manufacturer,supplier|manufacturer|point_of_interest|establishment,098115 70868,https://deepanshumechanicalelectricalservices.com/,"Sub.Major Laxmi Chand Rd, Sector 18, Sarhol, Sector 18, Gurugram, Haryana 122015, India",4.9,8,OPERATIONAL,https://maps.google.com/?cid=7967420100746273419&g_mp=Cilnb29nbGUubWFwcy5wbGFjZXMudjEuUGxhY2VzLlNlYXJjaE5lYXJieRACGAQgAA,ChIJm4MDTA8ZDTkRi-JJUV72kW4
Global Network International,courier_service,courier_service|shipping_service|point_of_interest|service|establishment,0124 401 1871,http://www.gniexpress.com/,"Shed No 3,Mahindra Market, opp. Passport Office, Phase IV, Udyog Vihar, Sector 18, Gurugram, Haryana 122015, India",5,5,OPERATIONAL,https://maps.google.com/?cid=7521249049351769959&g_mp=Cilnb29nbGUubWFwcy5wbGFjZXMudjEuUGxhY2VzLlNlYXJjaE5lYXJieRACGAQgAA,ChIJDeTvyRUZDTkRZ0_bPSnYYGg
Shree Vinayak Industries,manufacturer,supplier|manufacturer|point_of_interest|establishment,087005 78040,,"Mahindra Singh Compound, near Passport Office, opp. Lumax Industries, Phase IV, Sector 18, Gurugram, Haryana 122015, India",5,18,OPERATIONAL,https://maps.google.com/?cid=9878815598119096307&g_mp=Cilnb29nbGUubWFwcy5wbGFjZXMudjEuUGxhY2VzLlNlYXJjaE5lYXJieRACGAQgAA,ChIJV_nCZGgZDTkR8w96P3KaGIk
FlyMyParcel,courier_service,courier_service|shipping_service|point_of_interest|service|establishment,098113 91139,http://www.flymyparcel.com/,"Mahindra Market, near Passport office, Sector 18, Gurugram, Haryana 122015, India",4.6,5,OPERATIONAL,https://maps.google.com/?cid=2541786200634344889&g_mp=Cilnb29nbGUubWFwcy5wbGFjZXMudjEuUGxhY2VzLlNlYXJjaE5lYXJieRACGAQgAA,ChIJk0ykxxUZDTkRucXMHxU9RiM
Kartik International,courier_service,courier_service|shipping_service|point_of_interest|service|establishment,088532 22925,http://www.kartikinternational.com/,"Godown-1, Mahendra Singh Compound, near Passport Office, Sector 18, Gurugram, Haryana 122015, India",5,7,OPERATIONAL,https://maps.google.com/?cid=10371184804709298000&g_mp=Cilnb29nbGUubWFwcy5wbGFjZXMudjEuUGxhY2VzLlNlYXJjaE5lYXJieRACGAQgAA,ChIJdec_WNAZDTkRUG-giKHZ7Y8
My India Travels,travel_agency,travel_agency|point_of_interest|service|establishment,099919 13795,,"Shop No 01, near Passport Office, Phase IV, Sector 18, Gurugram, Haryana 122015, India",,,OPERATIONAL,https://maps.google.com/?cid=14935913210259888515&g_mp=Cilnb29nbGUubWFwcy5wbGFjZXMudjEuUGxhY2VzLlNlYXJjaE5lYXJieRACGAQgAA,ChIJ02gYLEAZDTkRg9maTe4FR88
Shree Maruti Courier Service,courier_service,courier_service|shipping_service|point_of_interest|service|establishment,097126 66666,,"Laxmi Chand Road, opposite SMEC Office, Sector 18, Sarhol, Gurugram, Haryana 122015, India",,,OPERATIONAL,https://maps.google.com/?cid=4224288060463978651&g_mp=Cilnb29nbGUubWFwcy5wbGFjZXMudjEuUGxhY2VzLlNlYXJjaE5lYXJieRACGAQgAA,ChIJxUvlxKkZDTkRmxjhGJyvnzo
Passport makers,,travel_agency|point_of_interest|service|establishment,099688 75644,https://passportmakers.com/,"shop no 1, mahender singh compound, near PSK, Sector 18, Gurugram, haryana, Haryana 122001, India",4.9,337,OPERATIONAL,https://maps.google.com/?cid=12287180745857050734&g_mp=Cilnb29nbGUubWFwcy5wbGFjZXMudjEuUGxhY2VzLlNlYXJjaE5lYXJieRACGAQgAA,ChIJ-VyrtYz9DDkRbijUv8nVhKo
BMW Destination Charging Station,electric_vehicle_charging_station,electric_vehicle_charging_station|transportation_service|point_of_interest|establishment,080707 43743,https://www.bmw.de/de/index.html,"F3QH+QP8, Sector 18, Gurugram, Shahpur, Haryana 122015, India",,,OPERATIONAL,https://maps.google.com/?cid=6775426951602309482&g_mp=Cilnb29nbGUubWFwcy5wbGFjZXMudjEuUGxhY2VzLlNlYXJjaE5lYXJieRACGAQgAA,ChIJtR4oBz4ZDTkRagndK-omB14
One Impression,service,point_of_interest|service|establishment,093111 24148,http://www.oneimpression.io/,"RMZ Infinity Park, Sector 18, Gurugram, Haryana 122015, India",4.3,376,OPERATIONAL,https://maps.google.com/?cid=14349101119855059055&g_mp=Cilnb29nbGUubWFwcy5wbGFjZXMudjEuUGxhY2VzLlNlYXJjaE5lYXJieRACGAQgAA,ChIJx10BlskjDTkRb-Ael3E_Isc
PNB Housing Finance Limited,finance,finance|consultant|point_of_interest|service|establishment,1800 120 8800,https://branch.pnbhousing.com/udyog-vihar-gurugram-haryana,"No. 15, RMZ Building, behind Startek, Phase IV, Udyog Vihar, Sector 18, Gurugram, Haryana 122015, India",5,8,OPERATIONAL,https://maps.google.com/?cid=11317755717499438980&g_mp=Cilnb29nbGUubWFwcy5wbGFjZXMudjEuUGxhY2VzLlNlYXJjaE5lYXJieRACGAQgAA,ChIJzcgjJNIZDTkRhEczbNy-EJ0
Cisco System India Pvt. Ltd.,service,point_of_interest|service|establishment,0124 440 2000,https://www.cisco.com/c/en_in/index.html,"Udyog Vihar Phase-IV Plot No 15 RMZ Infinity, Sector 18, Gurugram, Haryana 122015, India",4.7,311,OPERATIONAL,https://maps.google.com/?cid=11903509454925338766&g_mp=Cilnb29nbGUubWFwcy5wbGFjZXMudjEuUGxhY2VzLlNlYXJjaE5lYXJieRACGAQgAA,ChIJMZKA-RUZDTkRjhhUIcjCMaU
Pragya Pizza Express,food_court,food_court|food|point_of_interest|establishment,062003 59350,,"NH8, DLF Phase 2, Sector 18, Shahpur, Gurugram, Haryana 122015, India",5,177,OPERATIONAL,https://maps.google.com/?cid=1720003481886901133&g_mp=Cilnb29nbGUubWFwcy5wbGFjZXMudjEuUGxhY2VzLlNlYXJjaE5lYXJieRACGAQgAA,ChIJRyhkywIZDTkRjcNNxg2u3hc
Serentica Renewables,,point_of_interest|establishment,0124 456 2000,http://www.serenticaglobal.com/,"5th Floor, RMZ Infinity, Plot No 15, Phase IV, Sector 18, Gurugram, Shahpur, Haryana 122015, India",4.9,16,OPERATIONAL,https://maps.google.com/?cid=1683058788371369425&g_mp=Cilnb29nbGUubWFwcy5wbGFjZXMudjEuUGxhY2VzLlNlYXJjaE5lYXJieRACGAQgAA,ChIJVVVVkUEZDTkR0Y35AA1tWxc
Kuvings India,home_goods_store,electronics_store|home_goods_store|store|point_of_interest|service|establishment,1800 102 2239,,"CoWrks India Pvt. Ltd, Gurgaon Central, RMZ Infinity, Phase IV, Sector 18, Gurugram, Haryana 122015, India",1.3,23,CLOSED_TEMPORARILY,https://maps.google.com/?cid=8605663243421049365&g_mp=Cilnb29nbGUubWFwcy5wbGFjZXMudjEuUGxhY2VzLlNlYXJjaE5lYXJieRACGAQgAA,ChIJ7V6IM_8ZDTkRFWK_CCB1bXc
Hotel Platinum,hotel,hotel|guest_house|cottage|inn|motel|lodging|point_of_interest|service|establishment,0124 620 1166,https://www.oyorooms.com/42062/,"13, M-11A, DLF Phase 2, Sector 25, Gurugram, Haryana 122002, India",2.7,129,OPERATIONAL,https://maps.google.com/?cid=15590705987883292674&g_mp=Cilnb29nbGUubWFwcy5wbGFjZXMudjEuUGxhY2VzLlNlYXJjaE5lYXJieRACGAQgAA,ChIJCfPkh6YZDTkRAthWLX5QXdg
FabExpress Chirag Inn,inn,inn|lodging|point_of_interest|establishment,070424 24242,https://www.fabhotels.com//hotels-in-gurgaon/fabexpress-chirag-inn.html?utm_source=Google_Maps&utm_medium=organic&utm_campaign=Google_Maps_Clicks,"DLF Square, 13, M-11, near Gurugram, DLF Phase 2, Sector 25, Gurugram, Haryana 122002, India",3.7,69,OPERATIONAL,https://maps.google.com/?cid=10169717443133197502&g_mp=Cilnb29nbGUubWFwcy5wbGFjZXMudjEuUGxhY2VzLlNlYXJjaE5lYXJieRACGAQgAA,ChIJrctDIjwZDTkRvkwMECIYIo0
Guild Hotel,hotel,hotel|lodging|point_of_interest|establishment,096430 40849,,"F3RM+3G7, M-11, DLF Phase 2, Sector 25, Gurugram, Haryana 122002, India",3.5,4,OPERATIONAL,https://maps.google.com/?cid=730384196592624772&g_mp=Cilnb29nbGUubWFwcy5wbGFjZXMudjEuUGxhY2VzLlNlYXJjaE5lYXJieRACGAQgAA,ChIJp0zlnz4ZDTkRhGR2m47YIgo
Project Power Gym,gym,gym|sports_activity_location|health|point_of_interest|establishment,098995 55975,,"10, M-11A, Block M, DLF Phase 2, Sector 25, Gurugram, Haryana 122002, India",5,37,OPERATIONAL,https://maps.google.com/?cid=12948303028814295403&g_mp=Cilnb29nbGUubWFwcy5wbGFjZXMudjEuUGxhY2VzLlNlYXJjaE5lYXJieRACGAQgAA,ChIJSe8dKiMZDTkRazGXbACdsbM
Live as GRG1045,hotel,hotel|guest_house|cottage|inn|motel|lodging|point_of_interest|service|establishment,0124 620 1166,https://www.oyorooms.com/19773/,"M Block, 10, M-11A, DLF Phase 2, Sector 25, Gurugram, Haryana 122002, India",3.4,45,OPERATIONAL,https://maps.google.com/?cid=2679825647404272648&g_mp=Cilnb29nbGUubWFwcy5wbGFjZXMudjEuUGxhY2VzLlNlYXJjaE5lYXJieRACGAQgAA,ChIJJ9rlITwZDTkRCEyDXTqnMCU
Jai Shiv Dhaba,indian_restaurant,indian_restaurant|restaurant|food|point_of_interest|establishment,087503 38452,,"9, M-11A, DLF Phase 2, Sector 25, Gurugram, Haryana 122002, India",4.4,11,CLOSED_TEMPORARILY,https://maps.google.com/?cid=7964702866282748134&g_mp=Cilnb29nbGUubWFwcy5wbGFjZXMudjEuUGxhY2VzLlNlYXJjaE5lYXJieRACGAQgAA,ChIJJcPJ7MoZDTkR5phR3g5PiG4
Sphynx Learning-Online English Speaking,educational_institution,educational_institution|point_of_interest|establishment,087438 98601,https://www.sphynxlearning.com/,"6, M-11A, near DLF Phase 2, DLF Phase 2, Sector 25, Shahpur, Gurugram, Haryana 122002, India",5,64,OPERATIONAL,https://maps.google.com/?cid=2707306993530533916&g_mp=Cilnb29nbGUubWFwcy5wbGFjZXMudjEuUGxhY2VzLlNlYXJjaE5lYXJieRACGAQgAA,ChIJkzLSm8DxQ60RHHhR311JkiU
Maully Beauty,store,store|point_of_interest|establishment,087963 31256,http://www.maullybeauty.com/,"4th floor, M3/27, Mushedpur, DLF Phase 2, Sector 25, Gurugram, Haryana 122002, India",,,OPERATIONAL,https://maps.google.com/?cid=12742155450696883362&g_mp=Cilnb29nbGUubWFwcy5wbGFjZXMudjEuUGxhY2VzLlNlYXJjaE5lYXJieRACGAQgAA,ChIJt-fzApoZDTkRolyYH9861bA
Big Growth Digital,service,point_of_interest|service|establishment,079914 79011,http://www.biggrowthdigital.com/,"72, DLF Square, near nestle, Mushedpur, DLF Phase 2, Sector 25, Gurugram, Haryana 122002, India",4,30,OPERATIONAL,https://maps.google.com/?cid=6730773923057508076&g_mp=Cilnb29nbGUubWFwcy5wbGFjZXMudjEuUGxhY2VzLlNlYXJjaE5lYXJieRACGAQgAA,ChIJ53BZaJ0ZDTkR7B5OyziDaF0
Park Luxury Studio,hotel,hotel|lodging|point_of_interest|establishment,095921 67532,,"8, M-1, Mushedpur, DLF Phase 2, Sector 25, Gurugram, Haryana 122002, India",2.3,3,OPERATIONAL,https://maps.google.com/?cid=5018824808317381339&g_mp=Cilnb29nbGUubWFwcy5wbGFjZXMudjEuUGxhY2VzLlNlYXJjaE5lYXJieRACGAQgAA,ChIJPxUwLjwZDTkR2-qsgZJypkU
Chaurasiya travels,food_store,food_store|store|food|point_of_interest|establishment,095827 33862,,"Ramesh pan, dm13, DLF Phase 2, Sector 25, Shahpur, Gurugram, Haryana 122002, India",,,CLOSED_TEMPORARILY,https://maps.google.com/?cid=12307459681877672962&g_mp=Cilnb29nbGUubWFwcy5wbGFjZXMudjEuUGxhY2VzLlNlYXJjaE5lYXJieRACGAQgAA,ChIJwbxUFTMZDTkRAsTCeV_hzKo
OYO Flagship Moulsari Avenue,hotel,hotel|guest_house|cottage|inn|motel|lodging|point_of_interest|service|establishment,0124 620 1166,https://www.oyorooms.com/4519,"M 28A, Moulsari Avenue Metro, near Micromax, Block M, DLF Phase 3, Sector 25, Gurugram, Haryana 122002, India",3.6,406,OPERATIONAL,https://maps.google.com/?cid=324274726887090818&g_mp=Cilnb29nbGUubWFwcy5wbGFjZXMudjEuUGxhY2VzLlNlYXJjaE5lYXJieRACGAQgAA,ChIJRZadJUoZDTkRguq9YSUOgAQ
Origami Classes,,point_of_interest|establishment,098162 47807,,"M-13, DLF Phase 2, Sector 25, Gurugram, Haryana 122002, India",5,5,OPERATIONAL,https://maps.google.com/?cid=8395700000435431865&g_mp=Cilnb29nbGUubWFwcy5wbGFjZXMudjEuUGxhY2VzLlNlYXJjaE5lYXJieRACGAQgAA,ChIJXQcdnbUZDTkRuWmzBquEg3Q
"M-13/24C, GF, DLF Phase 2",apartment_complex,apartment_complex|point_of_interest|service|establishment,,,"24c, M-13, DLF Phase 2, Sector 25, Gurugram, Haryana 122002, India",,,OPERATIONAL,https://maps.google.com/?cid=15770563779062834131&g_mp=Cilnb29nbGUubWFwcy5wbGFjZXMudjEuUGxhY2VzLlNlYXJjaE5lYXJieRACGAQgAA,ChIJESE6AAAZDTkR06OudjNM3No
Achievers,general_contractor,corporate_office|finance|general_contractor|point_of_interest|service|establishment,098101 10168,http://www.achieversindia.net/,"7 A, Jacaranda Marg, DLF Phase 2, Sector 25, Gurugram, Haryana 122002, India",4,4,OPERATIONAL,https://maps.google.com/?cid=16611169020385796782&g_mp=Cilnb29nbGUubWFwcy5wbGFjZXMudjEuUGxhY2VzLlNlYXJjaE5lYXJieRACGAQgAA,ChIJ_6BXVocZDTkRrqIR3Da6huY
Atomic Health & Fitness Gym,gym,gym|fitness_center|consultant|sports_activity_location|health|point_of_interest|service|establishment,088268 37563,https://sites.google.com/view/atomichealthfitnessgym,"M-13, Block M, Mushedpur, DLF Phase 2, Sector 25, Gurugram, Haryana 122002, India",4.9,56,OPERATIONAL,https://maps.google.com/?cid=15121769802576929703&g_mp=Cilnb29nbGUubWFwcy5wbGFjZXMudjEuUGxhY2VzLlNlYXJjaE5lYXJieRACGAQgAA,ChIJ1-15qHEZDTkRp6PTUYRR29E
Deepak Gulati & Associates,consultant,accounting|finance|consultant|point_of_interest|service|establishment,0124 436 3743,http://www.dga.in/,"1, Jacaranda Marg, DLF Phase 2, Sector 25, Gurugram, Haryana 122002, India",5,3,OPERATIONAL,https://maps.google.com/?cid=8752516913897569755&g_mp=Cilnb29nbGUubWFwcy5wbGFjZXMudjEuUGxhY2VzLlNlYXJjaE5lYXJieRACGAQgAA,ChIJd6G24jsZDTkR2312p8Ivd3k
Gunit Kaur,jewelry_store,jewelry_store|store|point_of_interest|service|establishment,098102 91184,http://gunitkaur.com/,"64, Jacaranda Marg, DLF Phase 2, Sector 25, Gurugram, Haryana 122002, India",,,CLOSED_TEMPORARILY,https://maps.google.com/?cid=13020950470083237981&g_mp=Cilnb29nbGUubWFwcy5wbGFjZXMudjEuUGxhY2VzLlNlYXJjaE5lYXJieRACGAQgAA,ChIJVxDf4DsZDTkRXVhE73a1s7Q
Momentum,clothing_store,clothing_store|store|point_of_interest|establishment,098109 02029,,"M, 13/24 A, DLF Phase 2, Sector 25, Gurugram, Haryana 122002, India",,,OPERATIONAL,https://maps.google.com/?cid=10055934811357427671&g_mp=Cilnb29nbGUubWFwcy5wbGFjZXMudjEuUGxhY2VzLlNlYXJjaE5lYXJieRACGAQgAA,ChIJf0A8yxcZDTkR17dxq27bjYs
"Alive Wellness Clinics - Shahpur, Gurugram",wellness_center,wellness_center|skin_care_clinic|massage_spa|hair_care|massage|spa|beauty_salon|doctor|medical_clinic|health|point_of_interest|service|establishment,097174 25333,https://branches.alivewellnessclinics.com/alivewellness-shahpur-gurugram/aws06/category,"3, Jacaranda Marg, near DLF Square, Building, DLF Phase 2, Sector 25, Gurugram, Haryana 122002, India",4.3,182,OPERATIONAL,https://maps.google.com/?cid=7041602127534783474&g_mp=Cilnb29nbGUubWFwcy5wbGFjZXMudjEuUGxhY2VzLlNlYXJjaE5lYXJieRACGAQgAA,ChIJc77nhPYZDTkR8ntYtdPLuGE
Filmr Productions,service,point_of_interest|service|establishment,081302 82018,https://filmrproductions.com/,"5, N-12 Rd, DLF Phase 2, Sector 25, Gurugram, Shahpur, Haryana 122002, India",,,OPERATIONAL,https://maps.google.com/?cid=8679422778351735010&g_mp=Cilnb29nbGUubWFwcy5wbGFjZXMudjEuUGxhY2VzLlNlYXJjaE5lYXJieRACGAQgAA,ChIJDV3xm_UZDTkR4tAWBwiBc3g
Dust Reta,,supplier|manufacturer|point_of_interest|service|establishment,092164 71647,https://dustreta.com/,"N Block, DLF Phase 2, Sector 25, Gurugram, Haryana 122002, India",5,1,OPERATIONAL,https://maps.google.com/?cid=16138300868860889261&g_mp=Cilnb29nbGUubWFwcy5wbGFjZXMudjEuUGxhY2VzLlNlYXJjaE5lYXJieRACGAQgAA,ChIJLzDvde0ZDTkRrcjUxiLD9t8
GLIDA Charging Station,electric_vehicle_charging_station,electric_vehicle_charging_station|transportation_service|point_of_interest|establishment,1800 120 3578,https://onelink.to/5695dc,"The Oberoi Centre, Building, N-11, DLF Cyber City, DLF Phase 2, Sector 24, Gurugram, Haryana 122002, India",,,OPERATIONAL,https://maps.google.com/?cid=4130641352928428837&g_mp=Cilnb29nbGUubWFwcy5wbGFjZXMudjEuUGxhY2VzLlNlYXJjaE5lYXJieRACGAQgAA,ChIJPcXteDgZDTkRJYPW52z8Ujk
Comfort physio care,medical_clinic,medical_clinic|health|point_of_interest|establishment,087556 26897,,"5, N-12 Rd, near Gauri Shankar mandir, DLF Phase 2, Sector 25, Gurugram, Haryana 122002, India",5,2,OPERATIONAL,https://maps.google.com/?cid=13490828206779431934&g_mp=Cilnb29nbGUubWFwcy5wbGFjZXMudjEuUGxhY2VzLlNlYXJjaE5lYXJieRACGAQgAA,ChIJpY4IScYZDTkR_nvozsYMObs
mini shopping online,car_dealer,car_dealer|store|point_of_interest|establishment,020 8603 9990,https://www.mini.in/en_IN/home/footer/contact-us.html,"F3QQ+WHJ, N-11, DLF Phase 2, Sector 25, Gurugram, Haryana 122002, India",,,OPERATIONAL,https://maps.google.com/?cid=851936054040220219&g_mp=Cilnb29nbGUubWFwcy5wbGFjZXMudjEuUGxhY2VzLlNlYXJjaE5lYXJieRACGAQgAA,ChIJh0j6YCMZDTkRO1Jq0FOv0gs
Medzone Diagnostic,hospital,hospital|health|point_of_interest|service|establishment,088826 04678,,"5, N-12 Rd, DLF Phase 2, Sector 25, Gurugram, Haryana 122002, India",2,4,OPERATIONAL,https://maps.google.com/?cid=4781848822049814043&g_mp=Cilnb29nbGUubWFwcy5wbGFjZXMudjEuUGxhY2VzLlNlYXJjaE5lYXJieRACGAQgAA,ChIJcb7IoaUZDTkRGzbmFyuKXEI
Sunil flower s decoration,store,store|point_of_interest|establishment,098710 75030,,"Gauri Shankar Mandir, N-12 Rd, DLF Phase 2, Sector 25, Gurugram, Haryana 122002, India",5,1,OPERATIONAL,https://maps.google.com/?cid=993086540696616067&g_mp=Cilnb29nbGUubWFwcy5wbGFjZXMudjEuUGxhY2VzLlNlYXJjaE5lYXJieRACGAQgAA,ChIJTcArwsEZDTkRg3xxefImyA0
PUSHPAN - The Family Clinic,doctor,doctor|health|point_of_interest|establishment,096252 32142,,"N-12/8, near Gauri Shankar Mandir, DLF Phase 2, Sector 25, Gurugram, Haryana 122008, India",4.7,34,OPERATIONAL,https://maps.google.com/?cid=9229108421705693710&g_mp=Cilnb29nbGUubWFwcy5wbGFjZXMudjEuUGxhY2VzLlNlYXJjaE5lYXJieRACGAQgAA,ChIJQ_ULofEZDTkRDnpVLTZhFIA
SGS Innovation (Branch Office),general_contractor,general_contractor|point_of_interest|service|establishment,088260 25915,http://www.sgsinnovation.com/,"DLF Phase 2, Sector 25, Gurugram, Shahpur, Haryana 122002, India",4.2,5,OPERATIONAL,https://maps.google.com/?cid=13008185067161996096&g_mp=Cilnb29nbGUubWFwcy5wbGFjZXMudjEuUGxhY2VzLlNlYXJjaE5lYXJieRACGAQgAA,ChIJb16MdQAZDTkRQEu79GVbhrQ
trophy manufacturer,store,store|point_of_interest|establishment,099718 49206,http://www.angelstrophies.com/,"N-13/10, N-13, DLF Phase 2, Sector 25, Gurugram, Haryana 122002, India",1,1,OPERATIONAL,https://maps.google.com/?cid=14377649317521194594&g_mp=Cilnb29nbGUubWFwcy5wbGFjZXMudjEuUGxhY2VzLlNlYXJjaE5lYXJieRACGAQgAA,ChIJ12XzeHIZDTkRYv780-Crh8c
Shree Balaji Building Material,,point_of_interest|establishment,093117 19974,https://shreebalajibuildingmaterial.in/,"Pillar No. 64, Rapid Metro, DLF Cyber City, DLF Phase 2, Sector 25, Gurugram, Haryana 122002, India",4.8,6,OPERATIONAL,https://maps.google.com/?cid=10088724339477216220&g_mp=Cilnb29nbGUubWFwcy5wbGFjZXMudjEuUGxhY2VzLlNlYXJjaE5lYXJieRACGAQgAA,ChIJOTZmnLcZDTkR3Htgm1VZAow
LivaNova India Pvt. Ltd.,health,health|point_of_interest|establishment,0124 459 9400,https://www.livanova.com/,"7th Floor, Building Number 5, 4A, DLF Cyber City, DLF Phase 2, Sector 24, Gurugram, Haryana 122002, India",5,1,OPERATIONAL,https://maps.google.com/?cid=15130361327392598664&g_mp=Cilnb29nbGUubWFwcy5wbGFjZXMudjEuUGxhY2VzLlNlYXJjaE5lYXJieRACGAQgAA,ChIJO5IRIwDnDDkRiCqLknbX-dE
Nikharv Consultancy,employment_agency,employment_agency|point_of_interest|service|establishment,090546 40461,http://www.thenikharvconsultancy.com/,"19th Floor, Tower-C, DLF Epitome (Building Number 5) situated at, DLF Cyber City, DLF Phase 2, Sector 24, Gurugram, Haryana 122002, India",,,OPERATIONAL,https://maps.google.com/?cid=5697181469029050134&g_mp=Cilnb29nbGUubWFwcy5wbGFjZXMudjEuUGxhY2VzLlNlYXJjaE5lYXJieRACGAQgAA,ChIJq6qqvzAZDTkRFidqclx0EE8
Craftoire | Gurugram Studio,,point_of_interest|establishment,093407 62113,https://craftoire.com/,"18th Floor, Tower B, DLF Building, 5 (Epitome, Sikanderpur Rd, DLF Cyber City, DLF Phase 3, Sector 24, Gurugram, Haryana 122002, India",,,OPERATIONAL,https://maps.google.com/?cid=11412717793682502205&g_mp=Cilnb29nbGUubWFwcy5wbGFjZXMudjEuUGxhY2VzLlNlYXJjaE5lYXJieRACGAQgAA,ChIJD2tnKZYZDTkRPbI5vl0eYp4
WILMARFORD,consultant,consultant|point_of_interest|service|establishment,083778 47922,,"Ground Floor, Tower B, Building No, Delhi NCR 5, DLF Cyber City, DLF Phase 2, 3, Gurugram, Haryana 122002, India",3.5,2,OPERATIONAL,https://maps.google.com/?cid=56610225038080779&g_mp=Cilnb29nbGUubWFwcy5wbGFjZXMudjEuUGxhY2VzLlNlYXJjaE5lYXJieRACGAQgAA,ChIJwQ_4VDgZDTkRC7sMIrMeyQA
NRM International,corporate_office,corporate_office|point_of_interest|establishment,0124 334 1700,https://nrminternational.com/,"Level 14, Building 5, Tower B, Epitome, DLF Cyber City, DLF Phase 2, Sector 24, Gurugram, Haryana 122002, India",4.8,31,OPERATIONAL,https://maps.google.com/?cid=2752852469840325711&g_mp=Cilnb29nbGUubWFwcy5wbGFjZXMudjEuUGxhY2VzLlNlYXJjaE5lYXJieRACGAQgAA,ChIJIx7QzjYZDTkRT6zjb7wYNCY
ELAARSON,service,point_of_interest|service|establishment,099900 55738,https://www.elaarson.com/,"Tower B, Building, Ground Floor, Building Number 5, DLF Cyber City, DLF Phase 3, Sector 24, Gurugram, Haryana 122002, India",4.9,44,OPERATIONAL,https://maps.google.com/?cid=11220897234629911526&g_mp=Cilnb29nbGUubWFwcy5wbGFjZXMudjEuUGxhY2VzLlNlYXJjaE5lYXJieRACGAQgAA,ChIJFQurDUoZDTkR5mNHg5WiuJs
Converge Electronics Trading (India) Private Limited,,point_of_interest|establishment,072049 57933,http://www.converge.com/,"15th Floor, Building 5, Tower B, DLF Cyber City, DLF Phase 2, Sector 24, Gurugram, Haryana 122002, India",4.5,4,OPERATIONAL,https://maps.google.com/?cid=11420460945717264668&g_mp=Cilnb29nbGUubWFwcy5wbGFjZXMudjEuUGxhY2VzLlNlYXJjaE5lYXJieRACGAQgAA,ChIJadxegKEZDTkRHAGz0LigfZ4
Summit Online Trade Solutions Pvt. Ltd.,corporate_office,corporate_office|point_of_interest|establishment,0124 432 4091,https://sugaldamani.com/,"16th Floor, Tower - B, Building No. 5, DLF Epitome, DLF Cyber City, DLF Phase 3, Sector 24, Gurugram, Haryana 122002, India",,,OPERATIONAL,https://maps.google.com/?cid=8852965173896183736&g_mp=Cilnb29nbGUubWFwcy5wbGFjZXMudjEuUGxhY2VzLlNlYXJjaE5lYXJieRACGAQgAA,ChIJ9UCYtisZDTkRuH_8rusM3Ho
UnitedLex BPO Pvt. Ltd.,corporate_office,corporate_office|point_of_interest|establishment,0124 304 8830,,"Bldg 14, KWALS Food Court, Tower B, 122002, DLF Cyber City, DLF Phase 2, Sector 24, Gurugram, Haryana 122002, India",,,OPERATIONAL,https://maps.google.com/?cid=11261205083013147257&g_mp=Cilnb29nbGUubWFwcy5wbGFjZXMudjEuUGxhY2VzLlNlYXJjaE5lYXJieRACGAQgAA,ChIJl_azCgAZDTkReWrSy1vWR5w
Ramboll India Private Limited,consultant,consultant|point_of_interest|service|establishment,0124 461 1999,https://www.ramboll.com/contact-us/india,"Level 17 Building No. 5 Tower B, DLF Cyber City, Phase - III, Sector 24, Gurugram, Haryana 122002, India",4.5,381,OPERATIONAL,https://maps.google.com/?cid=985732392553979520&g_mp=Cilnb29nbGUubWFwcy5wbGFjZXMudjEuUGxhY2VzLlNlYXJjaE5lYXJieRACGAQgAA,ChIJDwAAQDgZDTkRgJ7GbWMGrg0
Make my trip,travel_agency,travel_agency|point_of_interest|service|establishment,0124 439 5000,http://www.makemytrip.com/,"19th Floor Tower B , Building No. 5, Level 19 DLF Epitome, near DLF Cyber City, DLF Cyber City, DLF Phase 2, Sector 24, Gurugram, Haryana 122002, India",3,598,OPERATIONAL,https://maps.google.com/?cid=6812245938366178716&g_mp=Cilnb29nbGUubWFwcy5wbGFjZXMudjEuUGxhY2VzLlNlYXJjaE5lYXJieRACGAQgAA,ChIJ8WTxWtsZDTkRnOXpjpb1iV4
NRM Serviced Apartments,lodging,hotel|apartment_building|lodging|point_of_interest|service|establishment,0124 334 1700,http://nrmservicedapartments.com/,"14th Floor, Tower 5B, DLF Epitome, MG Road, DLF Phase 2 - Cybercity, DLF Cyber City, DLF Phase 2, Sector 24, Gurugram, Haryana 122002, India",4.2,68,OPERATIONAL,https://maps.google.com/?cid=10053795312724384282&g_mp=Cilnb29nbGUubWFwcy5wbGFjZXMudjEuUGxhY2VzLlNlYXJjaE5lYXJieRACGAQgAA,ChIJC6kssDcZDTkRGpps05FBhos
Sk Tea Stall,tea_store,tea_store|food_store|store|food|point_of_interest|establishment,098109 63677,,"F3QR+RX5, near Sikenderpur Matro Nathupur, DLF Cyber City, DLF Phase 3, Sector 24, Gurugram, Haryana 122002, India",5,4,OPERATIONAL,https://maps.google.com/?cid=17656211459894773712&g_mp=Cilnb29nbGUubWFwcy5wbGFjZXMudjEuUGxhY2VzLlNlYXJjaE5lYXJieRACGAQgAA,ChIJPQjqe_sZDTkR0Ic1ssZ2B_U
Thoughtfocus,service,point_of_interest|service|establishment,0124 486 9000,http://www.thoughtfocus.com/,"8th Floor, Tower B, Building No. 5, DLF Epitome, DLF Cyber City, DLF Cyber City, DLF Phase 2, Sector 24, Gurugram, Haryana 122002, India",3.9,89,CLOSED_TEMPORARILY,https://maps.google.com/?cid=16673454182285358021&g_mp=Cilnb29nbGUubWFwcy5wbGFjZXMudjEuUGxhY2VzLlNlYXJjaE5lYXJieRACGAQgAA,ChIJn_EomjAZDTkRxbPeMT0CZOc
Jeps Pharmaceutica,store,store|health|point_of_interest|service|establishment,098913 82526,,"103 Stop N Shop, U Block, DLF Phase 3, Sector 24, Gurugram, Haryana 122010, India",5,2,OPERATIONAL,https://maps.google.com/?cid=11294700012106650633&g_mp=Cilnb29nbGUubWFwcy5wbGFjZXMudjEuUGxhY2VzLlNlYXJjaE5lYXJieRACGAQgAA,ChIJbZDHpzYZDTkRCZQ3stHVvpw
Grandmas's Kitchen,fast_food_restaurant,fast_food_restaurant|food_store|store|restaurant|food|point_of_interest|establishment,099532 80323,,"16, 26, Behind RBS, U Block, DLF Phase 3, Sector 24, Gurugram, Haryana 122002, India",1.9,14,CLOSED_TEMPORARILY,https://maps.google.com/?cid=8906701713814816345&g_mp=Cilnb29nbGUubWFwcy5wbGFjZXMudjEuUGxhY2VzLlNlYXJjaE5lYXJieRACGAQgAA,ChIJb7D8FzEZDTkRWYZL3AT2mns
Paratha Home,indian_restaurant,indian_restaurant|restaurant|food|point_of_interest|establishment,095998 40240,,"Shop No 117 Basement Market, U Block, DLF Phase 3, Sector 24, Gurugram, Haryana 122010, India",4.3,3,CLOSED_TEMPORARILY,https://maps.google.com/?cid=11206801175557772634&g_mp=Cilnb29nbGUubWFwcy5wbGFjZXMudjEuUGxhY2VzLlNlYXJjaE5lYXJieRACGAQgAA,ChIJLeaT-VIZDTkRWhWNAUuOhps
Cafe aroma beans,coffee_shop,coffee_shop|cafe|food_store|store|food|point_of_interest|establishment,099584 11163,,"Road no 1, U Block, DLF Phase 3, Sector 24, Gurugram, Haryana 122002, India",4.9,22,OPERATIONAL,https://maps.google.com/?cid=2897287860888420269&g_mp=Cilnb29nbGUubWFwcy5wbGFjZXMudjEuUGxhY2VzLlNlYXJjaE5lYXJieRACGAQgAA,ChIJC2PB_-EZDTkRrT9OgPU7NSg
My Biryani,north_indian_restaurant,north_indian_restaurant|indian_restaurant|restaurant|food|point_of_interest|establishment,084484 94085,,"Shop 211, Basement Market, U Block, DLF Phase 3, Sector 24, Gurugram, Haryana 122010, India",4.3,26,OPERATIONAL,https://maps.google.com/?cid=15496816004419152411&g_mp=Cilnb29nbGUubWFwcy5wbGFjZXMudjEuUGxhY2VzLlNlYXJjaE5lYXJieRACGAQgAA,ChIJL54fFTEZDTkRG-r95AzAD9c
Delhi 6 Cafe,restaurant,restaurant|food|point_of_interest|establishment,090340 07427,,"Shop 101, Stop & Shop market, U Block, DLF Phase 3, Sector 24, Gurugram, Haryana 122002, India",3.8,4,OPERATIONAL,https://maps.google.com/?cid=4865618936576156460&g_mp=Cilnb29nbGUubWFwcy5wbGFjZXMudjEuUGxhY2VzLlNlYXJjaE5lYXJieRACGAQgAA,ChIJdTW-R7oZDTkRLCMJx6QmhkM
Fire & Spice,restaurant,restaurant|food|point_of_interest|establishment,0124 461 2393,,"Shop no 104, Basement Market, U Block, DLF Phase 3, Sector 24, Gurugram, Haryana 122002, India",4.9,17,OPERATIONAL,https://maps.google.com/?cid=12359499947177773460&g_mp=Cilnb29nbGUubWFwcy5wbGFjZXMudjEuUGxhY2VzLlNlYXJjaE5lYXJieRACGAQgAA,ChIJXy-HajUfDTkRlIn98LfDhas
Momo Magic Cafe,restaurant,restaurant|food|point_of_interest|establishment,092663 64482,https://momomagiccafe.in/outlets/,"Stop and Shop Complex, Basement Market, 106, U Block, DLF Phase 3, Sector 24, Gurugram, Haryana 122010, India",5,63,OPERATIONAL,https://maps.google.com/?cid=169476126636925160&g_mp=Cilnb29nbGUubWFwcy5wbGFjZXMudjEuUGxhY2VzLlNlYXJjaE5lYXJieRACGAQgAA,ChIJD6EPZmAZDTkR6GAapqMZWgI
Beingz Fit,gym,gym|sports_activity_location|health|point_of_interest|establishment,099993 22544,,"66, Galli No. 15, U Block, DLF Phase 3, Sector 24, Gurugram, Haryana 122010, India",5,2,OPERATIONAL,https://maps.google.com/?cid=9556831219028075008&g_mp=Cilnb29nbGUubWFwcy5wbGFjZXMudjEuUGxhY2VzLlNlYXJjaE5lYXJieRACGAQgAA,ChIJXZH2JrgZDTkRACKIBFyvoIQ
Kachori Kaka,restaurant,restaurant|food|point_of_interest|establishment,088260 00547,https://oldschoolfoods.in/,"Street No. 69, U Block, DLF Phase 3, Sector 24, Gurugram, Haryana 122002, India",4.8,114,OPERATIONAL,https://maps.google.com/?cid=15181974917113145164&g_mp=Cilnb29nbGUubWFwcy5wbGFjZXMudjEuUGxhY2VzLlNlYXJjaE5lYXJieRACGAQgAA,ChIJb6WVbTgZDTkRTGdr4781sdI
Chhotu Roll Store,food_court,food_court|food|point_of_interest|establishment,093199 02826,,"Shop 12, U Block, DLF Phase 3, Sector 24, Gurugram, Haryana 122002, India",,,OPERATIONAL,https://maps.google.com/?cid=12947011739299720456&g_mp=Cilnb29nbGUubWFwcy5wbGFjZXMudjEuUGxhY2VzLlNlYXJjaE5lYXJieRACGAQgAA,ChIJ_yJZdZ0ZDTkRCK3Fp5QGrbM
Mobile Hub,cell_phone_store,cell_phone_store|store|point_of_interest|service|establishment,093111 11730,,"Stop & Shop, U Block, DLF Phase 3, Sector 24, Gurugram, Haryana 122010, India",2,1,CLOSED_TEMPORARILY,https://maps.google.com/?cid=327950600494708541&g_mp=Cilnb29nbGUubWFwcy5wbGFjZXMudjEuUGxhY2VzLlNlYXJjaE5lYXJieRACGAQgAA,ChIJ-XHZ70EZDTkRPfdcZlUdjQQ
The Momo Bar,fast_food_restaurant,fast_food_restaurant|restaurant|food|point_of_interest|establishment,0124 414 7252,,"Shop No 202, Basement market, U Block, DLF Phase 3, T point, Gurugram, Haryana 122002, India",4.4,97,OPERATIONAL,https://maps.google.com/?cid=11531449309453595557&g_mp=Cilnb29nbGUubWFwcy5wbGFjZXMudjEuUGxhY2VzLlNlYXJjaE5lYXJieRACGAQgAA,ChIJzVpIt74ZDTkRpbNn-wzwB6A
Build Brilliantly,service,point_of_interest|service|establishment,063975 85602,https://buildbrilliantly.com/,"U 59 Rd, U Block, DLF Phase 3, Sector 24, Gurugram, Haryana 122010, India",5,2,OPERATIONAL,https://maps.google.com/?cid=318243283418526547&g_mp=Cilnb29nbGUubWFwcy5wbGFjZXMudjEuUGxhY2VzLlNlYXJjaE5lYXJieRACGAQgAA,ChIJVxB4y6cZDTkRU7NQhJSgagQ
Style Loft #1,clothing_store,clothing_store|wholesaler|store|point_of_interest|service|establishment,098185 09401,,"Shop No. 206, Basement Market, U Block, DLF Phase 3, Sector 24, Gurugram, Haryana 122010, India",4.8,63,OPERATIONAL,https://maps.google.com/?cid=17914511889987765227&g_mp=Cilnb29nbGUubWFwcy5wbGFjZXMudjEuUGxhY2VzLlNlYXJjaE5lYXJieRACGAQgAA,ChIJeQrKQTEZDTkR64M7F6Yhnfg
Star Cafe,cafe,cafe|food|point_of_interest|establishment,078986 12847,,"Basement Market, 107, U Block, DLF Phase 3, Sector 24, Gurugram, Haryana 122002, India",4.5,13,CLOSED_TEMPORARILY,https://maps.google.com/?cid=12569511867653410113&g_mp=Cilnb29nbGUubWFwcy5wbGFjZXMudjEuUGxhY2VzLlNlYXJjaE5lYXJieRACGAQgAA,ChIJCUvSctMZDTkRQc2Jj3Lgb64
Sonu Vegetables,food_store,food_store|store|food|point_of_interest|establishment,073900 48204,,"Basement Market, U Block, DLF Phase 3, Nathupur, Gurugram, Haryana 122002, India",,,CLOSED_TEMPORARILY,https://maps.google.com/?cid=5175329654133845420&g_mp=Cilnb29nbGUubWFwcy5wbGFjZXMudjEuUGxhY2VzLlNlYXJjaE5lYXJieRACGAQgAA,ChIJUUStLUQZDTkRrG0xfuZ20kc
Neha Beauty Parlour,beauty_salon,beauty_salon|point_of_interest|service|establishment,097186 28990,,"Street No. 1, 44 Block, Nathupur, Sector 24, Gurugram, Haryana 122002, India",2.3,3,CLOSED_TEMPORARILY,https://maps.google.com/?cid=7527458004594637957&g_mp=Cilnb29nbGUubWFwcy5wbGFjZXMudjEuUGxhY2VzLlNlYXJjaE5lYXJieRACGAQgAA,ChIJD4EM0iYZDTkRhbyISSzndmg
OYO Hotel Aerosky Near Aravali Biodiversity Park,hotel,hotel|guest_house|cottage|inn|motel|lodging|point_of_interest|service|establishment,0124 620 1166,https://www.oyorooms.com/48940/,"U-62/17-18 Nathupur, DLF Phase 3, Sector 24, Gurugram, Haryana 122002, India",4.3,36,OPERATIONAL,https://maps.google.com/?cid=7702206213594198953&g_mp=Cilnb29nbGUubWFwcy5wbGFjZXMudjEuUGxhY2VzLlNlYXJjaE5lYXJieRACGAQgAA,ChIJUYzsfLYZDTkRqbMWRL6742o
Show Buzz India,,point_of_interest|establishment,098995 72211,http://www.showbuzzindia.com/,"Khasra No.-686, Nathupur Village, V-10 Block, next to Water Tank, behind DLF City Club, DLF Phase 3, Sector 24, Gurugram, Haryana 122002, India",4,2,OPERATIONAL,https://maps.google.com/?cid=11230669115579133625&g_mp=Cilnb29nbGUubWFwcy5wbGFjZXMudjEuUGxhY2VzLlNlYXJjaE5lYXJieRACGAQgAA,ChIJGUCyyCkZDTkRuW4L2A5a25s
Vidya School,non_profit_organization,non_profit_organization|association_or_organization|point_of_interest|establishment,0124 404 9559,http://vidya-india.org/,"Plot No. 3126, Block S, Near St. Stephen's Hospital, DLF Phase - 3, Sector 24, Nathupur, Sector 24, Gurugram, Haryana 122010, India",4.4,109,OPERATIONAL,https://maps.google.com/?cid=65319657732859200&g_mp=Cilnb29nbGUubWFwcy5wbGFjZXMudjEuUGxhY2VzLlNlYXJjaE5lYXJieRACGAQgAA,ChIJ6R8zhi0ZDTkRQGUE9OEP6AA
Advernest,service,point_of_interest|service|establishment,091055 62784,,"u40, 13, U Block, Nathupur, Sector 24, Gurugram, Haryana 122002, India",4.8,8,OPERATIONAL,https://maps.google.com/?cid=1712663579222495992&g_mp=Cilnb29nbGUubWFwcy5wbGFjZXMudjEuUGxhY2VzLlNlYXJjaE5lYXJieRACGAQgAA,ChIJ9a4Xn7YZDTkR-FJOg3OaxBc
"Khushi Garments,",clothing_store,clothing_store|store|point_of_interest|establishment,099110 65194,,"Shop 141, Nathupur, Sector 24, Gurugram, Haryana 122002, India",4,2,OPERATIONAL,https://maps.google.com/?cid=6884040167712096256&g_mp=Cilnb29nbGUubWFwcy5wbGFjZXMudjEuUGxhY2VzLlNlYXJjaE5lYXJieRACGAQgAA,ChIJqQEuxjMZDTkRAAAAMA8GiV8
Aquatic Public School,school,primary_school|government_office|school|educational_institution|point_of_interest|establishment,099909 26662,,"SHIV MANDIR, NEAR TOTARAM CHOWK, DLF PHASE 3, Nathupur, Sector 24, Gurugram, Haryana 122010, India",,,OPERATIONAL,https://maps.google.com/?cid=16886609365258211267&g_mp=Cilnb29nbGUubWFwcy5wbGFjZXMudjEuUGxhY2VzLlNlYXJjaE5lYXJieRACGAQgAA,ChIJAbRUetIeDTkRww8Apb9JWeo
Ayushman Poly Clinic,doctor,doctor|health|point_of_interest|establishment,094585 27632,,"41, Block C, Nathupur, DLF Phase 3, Sector 24, Gurugram, Haryana 122010, India",1,1,OPERATIONAL,https://maps.google.com/?cid=13194922519580906744&g_mp=Cilnb29nbGUubWFwcy5wbGFjZXMudjEuUGxhY2VzLlNlYXJjaE5lYXJieRACGAQgAA,ChIJzZ8T8EQZDTkR-BRsMh_IHbc
Cudwarm By Paru Creations,womens_clothing_store,womens_clothing_store|clothing_store|store|point_of_interest|establishment,085279 81816,https://cudwarm.com/,"PLOT NO 86, B, 2nd Floor, Block C, Nathupur, Sector 24, Faridabad, Gurugram, Haryana 122002, India",5,2,OPERATIONAL,https://maps.google.com/?cid=152093666474769352&g_mp=Cilnb29nbGUubWFwcy5wbGFjZXMudjEuUGxhY2VzLlNlYXJjaE5lYXJieRACGAQgAA,ChIJK58PKQIZDTkRyLvQQmJYHAI
Dharmendra General Store,general_store,general_store|food_store|store|food|point_of_interest|establishment,097992 50871,,"2, near Bargad Chowk, Nathupur, Sector 24, Gurugram, Haryana 122002, India",1,1,CLOSED_TEMPORARILY,https://maps.google.com/?cid=14900444295451492571&g_mp=Cilnb29nbGUubWFwcy5wbGFjZXMudjEuUGxhY2VzLlNlYXJjaE5lYXJieRACGAQgAA,ChIJrVtT8-UZDTkR28DhCSQDyc4
PSC Facility Management Services,service,electrician|employment_agency|general_contractor|consultant|point_of_interest|service|establishment,079729 58171,https://www.pscfacilitymanagement.com/,"T, 485, Nathupur Rd, DLF Phase 3, Sector 24, Gurugram, Haryana 122002, India",5,15,OPERATIONAL,https://maps.google.com/?cid=7863454046845287363&g_mp=Cilnb29nbGUubWFwcy5wbGFjZXMudjEuUGxhY2VzLlNlYXJjaE5lYXJieRACGAQgAA,ChIJ4yL61Z9_uAwRwzvSEcuZIG0
"Govt Dispensary Nathupur, Gurugram",hospital,hospital|health|point_of_interest|service|establishment,,,"F4Q3+RM3, Unnamed Road, DLF Phase 3, Sector 24, Gurugram, Haryana 122002, India",3.6,36,OPERATIONAL,https://maps.google.com/?cid=11034266495481214940&g_mp=Cilnb29nbGUubWFwcy5wbGFjZXMudjEuUGxhY2VzLlNlYXJjaE5lYXJieRACGAQgAA,ChIJlahPRvwfDTkR3PcmZOqWIZk
Express Packers And Movers,transportation_service,transportation_service|point_of_interest|establishment,087965 61072,,"Shop No.482, Nathupur, Sector 24, Gurugram, Haryana 122002, India",,,OPERATIONAL,https://maps.google.com/?cid=9465621728375741252&g_mp=Cilnb29nbGUubWFwcy5wbGFjZXMudjEuUGxhY2VzLlNlYXJjaE5lYXJieRACGAQgAA,ChIJawOSIlAfDTkRRBsOms-kXIM
Metro Hair Cutting Saloon,hair_salon,hair_salon|hair_care|point_of_interest|service|establishment,091366 93752,,"Shop, Street No. 1, Nathupur, Sector 24, Gurugram, Haryana 122002, India",4,1,OPERATIONAL,https://maps.google.com/?cid=17118814320311760797&g_mp=Cilnb29nbGUubWFwcy5wbGFjZXMudjEuUGxhY2VzLlNlYXJjaE5lYXJieRACGAQgAA,ChIJCQCyv4ofDTkRnXcNyuw-ku0
S T Public School,school,school|educational_institution|point_of_interest|establishment,099685 81304,,"Nathupur, C 26 28, Dlf Phase 3, Sector 24, Gurugram, Gurugram Division Delhi, 489, Nathupur, Sector 24, Gurugram, Haryana 122002, India",,,CLOSED_TEMPORARILY,https://maps.google.com/?cid=13287169899798913228&g_mp=Cilnb29nbGUubWFwcy5wbGFjZXMudjEuUGxhY2VzLlNlYXJjaE5lYXJieRACGAQgAA,ChIJW3oW7sweDTkRzODGG6CCZbg
Dilip Hair Cutting Saloon,hair_salon,hair_salon|hair_care|point_of_interest|service|establishment,070420 63960,,"6-98, Block A, Nathupur, Sector 26A, Gurugram, Haryana 122002, India",,,OPERATIONAL,https://maps.google.com/?cid=1915434577540150937&g_mp=Cilnb29nbGUubWFwcy5wbGFjZXMudjEuUGxhY2VzLlNlYXJjaE5lYXJieRACGAQgAA,ChIJHa7Pr64fDTkRmfbHkJn9lBo
"Balaji Electronics, Electrical & Plumber",point_of_interest,point_of_interest|establishment,,,"DLF Phase 3, Sector 24, Gurugram, Haryana 122002, India",5,1,OPERATIONAL,https://maps.google.com/?cid=13895245396412513216&g_mp=Cilnb29nbGUubWFwcy5wbGFjZXMudjEuUGxhY2VzLlNlYXJjaE5lYXJieRACGAQgAA,ChIJVfYiHc0eDTkRwLsMYBHU1cA
Babu Ali Saloon,barber_shop,barber_shop|hair_care|health|point_of_interest|service|establishment,078385 26781,,"22, Abc, DLF Phase 3, Sector 24, Gurugram, Haryana 122010, India",,,CLOSED_TEMPORARILY,https://maps.google.com/?cid=13864578888463494664&g_mp=Cilnb29nbGUubWFwcy5wbGFjZXMudjEuUGxhY2VzLlNlYXJjaE5lYXJieRACGAQgAA,ChIJiz_lHM0eDTkRCC4_lwrhaMA
OYO Rv Homes Near Aravali Biodiversity Park,hotel,hotel|guest_house|cottage|inn|motel|lodging|point_of_interest|service|establishment,0124 620 1166,https://www.oyorooms.com/12200/,"Plot No. T149, DLF Phase 3, Sector 24, Gurugram, Haryana 122002, India",3.6,185,OPERATIONAL,https://maps.google.com/?cid=16150774087296796664&g_mp=Cilnb29nbGUubWFwcy5wbGFjZXMudjEuUGxhY2VzLlNlYXJjaE5lYXJieRACGAQgAA,ChIJXT1L3cweDTkR-MfoQHYTI-A
OYO Siris Inn,hotel,hotel|guest_house|cottage|inn|motel|lodging|point_of_interest|service|establishment,0124 620 1166,https://www.oyorooms.com/19577/,"T1/1 T1/1, 1222, DLF Phase 3, Sector 24, Gurugram, Haryana 122002, India",3.8,122,OPERATIONAL,https://maps.google.com/?cid=8076272690775584475&g_mp=Cilnb29nbGUubWFwcy5wbGFjZXMudjEuUGxhY2VzLlNlYXJjaE5lYXJieRACGAQgAA,ChIJLcSFMsweDTkR2-7d6jivFHA
Townhouse by OYO T Block Sector 24,hotel,hotel|inn|lodging|point_of_interest|service|establishment,0124 620 1784,https://www.oyorooms.com/298010/,"T-1/1, Plot No, Siris Rd, DLF Phase 3, Sector 24, Gurugram, Haryana 122018, India",4.5,135,OPERATIONAL,https://maps.google.com/?cid=13153704496529740519&g_mp=Cilnb29nbGUubWFwcy5wbGFjZXMudjEuUGxhY2VzLlNlYXJjaE5lYXJieRACGAQgAA,ChIJFcIbYcAfDTkR5xIdXIxYi7Y
Shop Sanjh,clothing_store,clothing_store|store|point_of_interest|establishment,078272 19180,https://www.shopsanjh.com/,"T1, T1/3, 3, DLF Phase 3, Sector 24, Gurugram, Haryana 122002, India",5,3,OPERATIONAL,https://maps.google.com/?cid=12618010002754019775&g_mp=Cilnb29nbGUubWFwcy5wbGFjZXMudjEuUGxhY2VzLlNlYXJjaE5lYXJieRACGAQgAA,ChIJBeSF0zYfDTkRv6F6kj4tHK8
Dark Knight Studio,service,point_of_interest|service|establishment,096255 06933,https://www.instagram.com/dark.knightstudios?igsh=cGtzMXlwNHFjeHJ4,"T 1/2, T 1 lane, Siris road, T-1 Ln, near Siris 18 inn, DLF Phase 3, Sector 24, Gurugram, Haryana 122010, India",5,1,OPERATIONAL,https://maps.google.com/?cid=15849854634260975489&g_mp=Cilnb29nbGUubWFwcy5wbGFjZXMudjEuUGxhY2VzLlNlYXJjaE5lYXJieRACGAQgAA,ChIJT9Dl7OofDTkRgU-0UND-9ds
AggarwaI Care Packer And Mover,manufacturer,moving_company|transportation_service|manufacturer|point_of_interest|service|establishment,087507 87426,,"Shop No, 236, Siris Rd, near Govt High School, DLF Phase 3, Sector 24, Gurugram, Haryana 122002, India",,,OPERATIONAL,https://maps.google.com/?cid=13208035920233821946&g_mp=Cilnb29nbGUubWFwcy5wbGFjZXMudjEuUGxhY2VzLlNlYXJjaE5lYXJieRACGAQgAA,ChIJVxlYLcweDTkR-vYitrBeTLc
Mansoori old scrap,service,point_of_interest|service|establishment,097182 12605,,"Shop no 5 Siris Road dlf fh 3, Nathupur, Sector 24, Gurugram, Haryana 122002, India",4.9,10,OPERATIONAL,https://maps.google.com/?cid=9587158046590176818&g_mp=Cilnb29nbGUubWFwcy5wbGFjZXMudjEuUGxhY2VzLlNlYXJjaE5lYXJieRACGAQgAA,ChIJOdNLJPsfDTkRMg6JzHJtDIU
Siris 18,hotel,hotel|lodging|point_of_interest|establishment,098180 07965,,"18, Siris Rd, DLF Phase 3, Sector 24, Gurugram, Haryana 122002, India",3.9,398,OPERATIONAL,https://maps.google.com/?cid=13936441789979429255&g_mp=Cilnb29nbGUubWFwcy5wbGFjZXMudjEuUGxhY2VzLlNlYXJjaE5lYXJieRACGAQgAA,ChIJpw7iMcweDTkRhwmiNPgvaME
Muskan traders,furniture_store,furniture_store|home_improvement_store|supplier|home_goods_store|store|point_of_interest|service|establishment,097115 05076,,"Bhairo Mandir, Nathupur, Sector 24, Gurugram, Haryana 122022, India",5,1,OPERATIONAL,https://maps.google.com/?cid=8451640849043012733&g_mp=Cilnb29nbGUubWFwcy5wbGFjZXMudjEuUGxhY2VzLlNlYXJjaE5lYXJieRACGAQgAA,ChIJLer8PsAfDTkRfbxj0JJCSnU
Camrria Homes,real_estate_agency,real_estate_agency|point_of_interest|service|establishment,098710 16969,http://camrriahomes.com/,"19, Siris Rd, DLF Phase 3, Sector 24, Gurugram, Haryana 122002, India",,,OPERATIONAL,https://maps.google.com/?cid=10178238443770747580&g_mp=Cilnb29nbGUubWFwcy5wbGFjZXMudjEuUGxhY2VzLlNlYXJjaE5lYXJieRACGAQgAA,ChIJ___rL8weDTkRvBouIPBdQI0
Nathupur Cricket Ground,athletic_field,athletic_field|sports_activity_location|point_of_interest|establishment,093139 93509,,"F4Q6+QCP, DLF Phase 3, Sector 24, Gurugram, Haryana 122002, India",4.1,35,OPERATIONAL,https://maps.google.com/?cid=3574607499266468684&g_mp=Cilnb29nbGUubWFwcy5wbGFjZXMudjEuUGxhY2VzLlNlYXJjaE5lYXJieRACGAQgAA,ChIJwxaYGIkfDTkRTKs53ZSOmzE
"Manpower Services for Pantry Boys, House Keeping, Cook, Waiters, Drivers",employment_agency,employment_agency|point_of_interest|service|establishment,,,"F4Q6+6HJ, near Rajkiya Varisht Madhyamik Vidyalay, Nathupur, Sector 24, Gurugram, Haryana 122010, India",,,OPERATIONAL,https://maps.google.com/?cid=13331245745385271498&g_mp=Cilnb29nbGUubWFwcy5wbGFjZXMudjEuUGxhY2VzLlNlYXJjaE5lYXJieRACGAQgAA,ChIJ_ZogcowfDTkRynAgm18ZArk
BLESSINGS S 14/7,consultant,consultant|point_of_interest|service|establishment,098101 49014,,"S 14/7, DLF Phase 3, Sector 24, Gurugram, Haryana 122010, India",5,1,OPERATIONAL,https://maps.google.com/?cid=1497716314052080996&g_mp=Cilnb29nbGUubWFwcy5wbGFjZXMudjEuUGxhY2VzLlNlYXJjaE5lYXJieRACGAQgAA,ChIJ2bYMVKEfDTkRZLVhaQ31yBQ
Nyay Vidhi,consultant,consultant|point_of_interest|service|establishment,096546 50071,,"S16/10, DLF Phase 3, Sector 24, Gurugram, Haryana 122010, India",5,8,OPERATIONAL,https://maps.google.com/?cid=18072954726655391277&g_mp=Cilnb29nbGUubWFwcy5wbGFjZXMudjEuUGxhY2VzLlNlYXJjaE5lYXJieRACGAQgAA,ChIJv4sAFv8ZDTkRLfYCvJEI0Po
Banzaara Store,clothing_store,clothing_store|store|point_of_interest|establishment,090343 47656,https://www.banzaara.com/,"Street No.3, Plot No.5, Pahadi, Ghitorni, New Delhi, Delhi 110030, India",,,OPERATIONAL,https://maps.google.com/?cid=16208990536863485805&g_mp=Cilnb29nbGUubWFwcy5wbGFjZXMudjEuUGxhY2VzLlNlYXJjaE5lYXJieRACGAQgAA,ChIJzQCTfyQfDTkRbY9qrQPn8eA
DR Lohia Studio,art_studio,art_studio|point_of_interest|establishment,098106 04680,,"zero No. Road 1 Ghitorni Enclave (Pahadi, Anand Gram, Ghitorni, New Delhi, Delhi 110030, India",4.8,13,OPERATIONAL,https://maps.google.com/?cid=4623552734959194984&g_mp=Cilnb29nbGUubWFwcy5wbGFjZXMudjEuUGxhY2VzLlNlYXJjaE5lYXJieRACGAQgAA,ChIJJ6znKC0fDTkRaFOHP7coKkA
Naveen dyer/dyes Delhi,laundry,laundry|point_of_interest|service|establishment,098218 84509,,"Plot no-117,khasra no-630, ghitorni enclave pahadi via, Zero Number Rd, Anand Gram, Ghitorni, New Delhi, Delhi 110030, India",5,5,OPERATIONAL,https://maps.google.com/?cid=4945450462267962596&g_mp=Cilnb29nbGUubWFwcy5wbGFjZXMudjEuUGxhY2VzLlNlYXJjaE5lYXJieRACGAQgAA,ChIJ0VWYYvAfDTkR5PTFSf7EoUQ
KB TECHNOLOGY,service,point_of_interest|service|establishment,082878 77797,,"KB TECHNOLOGY 87, Anand Gram, Ghitorni, New Delhi, Delhi 110030, India",4.5,16,OPERATIONAL,https://maps.google.com/?cid=1388538658440048311&g_mp=Cilnb29nbGUubWFwcy5wbGFjZXMudjEuUGxhY2VzLlNlYXJjaE5lYXJieRACGAQgAA,ChIJR1oRVAAfDTkRt243lY0URRM
"Coil Store, Maruti Suzuki",manufacturer,manufacturer|point_of_interest|establishment,,,"F3V9+2CQ, Maruti Udyog, 4fewgf, Gurugram, Haryana 122015, India",,,CLOSED_TEMPORARILY,https://maps.google.com/?cid=12022434693745694150&g_mp=Cilnb29nbGUubWFwcy5wbGFjZXMudjEuUGxhY2VzLlNlYXJjaE5lYXJieRACGAQgAA,ChIJ8Yt-XAAZDTkRxlULCKhE2KY
Cut for Brand,service,service|point_of_interest|establishment,082877 66077,,"Nagarro Software, Maruti Udyog, Sector 18, Gurugram, Haryana 122015, India",5,12,OPERATIONAL,https://maps.google.com/?cid=465026929306829375&g_mp=Cilnb29nbGUubWFwcy5wbGFjZXMudjEuUGxhY2VzLlNlYXJjaE5lYXJieRACGAQgAA,ChIJqUpA5K0ZDTkRPwJTRIcbdAY
Lakeforest Wines,liquor_store,liquor_store|store|food|point_of_interest|establishment,093952 05451,https://website-6160677347278884058213-winestore.business.site/?utm_source=gmb&utm_medium=referral,"6A, Sub. Major Laxmi Chand Rd, Sector 37, Maruti Udyog, Sector 18, Gurugram, Haryana 122015, India",5,11,CLOSED_TEMPORARILY,https://maps.google.com/?cid=937292867643947595&g_mp=Cilnb29nbGUubWFwcy5wbGFjZXMudjEuUGxhY2VzLlNlYXJjaE5lYXJieRACGAQgAA,ChIJ2_i1uSsZDTkRS7psquXuAQ0
"Plaksha Office, Gurugram",university,university|school|educational_institution|point_of_interest|establishment,073035 80960,https://www.plaksha.edu.in/,"Ground Floor, Nagarro Corporate Office, Maruti Udyog, Sector 18, Gurugram, Haryana 122015, India",5,6,OPERATIONAL,https://maps.google.com/?cid=5657060204044721501&g_mp=Cilnb29nbGUubWFwcy5wbGFjZXMudjEuUGxhY2VzLlNlYXJjaE5lYXJieRACGAQgAA,ChIJB11v7QUZDTkRXZ0Vf0jqgU4
shubham communication,cell_phone_store,cell_phone_store|finance|store|service|point_of_interest|establishment,0124 401 1813,,"SHUBHAM COMMUNICATIONS ,opp.siemens, Sarhaul, Sector 18, Gurugram, Haryana 122015, India",4.9,80,OPERATIONAL,https://maps.google.com/?cid=602993906397574839&g_mp=Cilnb29nbGUubWFwcy5wbGFjZXMudjEuUGxhY2VzLlNlYXJjaE5lYXJieRACGAQgAA,ChIJAQAAABEZDTkRt3aNWMNDXgg
Uttarakhand Bohra Bhojnalaya,restaurant,restaurant|food|point_of_interest|establishment,099997 02972,,"Shop No 01, Sarol, Siemens, NCR, Maruti Udyog, Sector 18, Gurugram, Region, Haryana 122015, India",3.9,7,OPERATIONAL,https://maps.google.com/?cid=5780538983442817139&g_mp=Cilnb29nbGUubWFwcy5wbGFjZXMudjEuUGxhY2VzLlNlYXJjaE5lYXJieRACGAQgAA,ChIJXbWqcBIZDTkRcyBoLpSZOFA
Bharat Properties,service,service|point_of_interest|establishment,098730 80958,,"Shop No., Rao Bharat Singh Market, Sector 18 Sarhaul Gurugram, Gurugram, Sarhaul, Sector 18, Gurugram, Haryana 122015, India",5,1,OPERATIONAL,https://maps.google.com/?cid=6434053185429109430&g_mp=Cilnb29nbGUubWFwcy5wbGFjZXMudjEuUGxhY2VzLlNlYXJjaE5lYXJieRACGAQgAA,ChIJqcKyiA0ZDTkRtvp4d0hZSlk
Prakash Parcel Services Limited,transportation_service,transportation_service|shipping_service|moving_company|point_of_interest|service|establishment,093505 56777,http://www.pps.in/,"Sector 37, Maruti Udyog, Sector 18, Gurugram, Haryana 122015, India",5,3,OPERATIONAL,https://maps.google.com/?cid=6109165949916475626&g_mp=Cilnb29nbGUubWFwcy5wbGFjZXMudjEuUGxhY2VzLlNlYXJjaE5lYXJieRACGAQgAA,ChIJkeAp_hIZDTkR6vCuThAeyFQ
DTDC - Sector 18,courier_service,courier_service|shipping_service|point_of_interest|service|establishment,098105 48641,,"office-2, Chhattar Singh Market ciemens ltd sectore 18 Opp, Plot no 6, Sector 37, Maruti Udyog, Sector 18, Gurugram, Haryana 122015, India",2.9,54,OPERATIONAL,https://maps.google.com/?cid=5461537583557547352&g_mp=Cilnb29nbGUubWFwcy5wbGFjZXMudjEuUGxhY2VzLlNlYXJjaE5lYXJieRACGAQgAA,ChIJrTQk-RIZDTkRWJVk635Hy0s
Dr R S Yadav,doctor,doctor|health|point_of_interest|establishment,0124 403 2286,,"Sector 37, Sarhaul, Sector 18, Gurugram, Haryana 122001, India",2.5,2,CLOSED_TEMPORARILY,https://maps.google.com/?cid=2891220870459753955&g_mp=Cilnb29nbGUubWFwcy5wbGFjZXMudjEuUGxhY2VzLlNlYXJjaE5lYXJieRACGAQgAA,ChIJAQAAABEZDTkR4wXzNhCuHyg
Chaudhary Savita Mbbs,doctor,doctor|health|point_of_interest|establishment,098997 76132,,"Opposite Munjal Saura Sector-18, Sirhaul, Udyog Vihar, Udyog Vihar, Sector 37, Maruti Udyog, Sector 18, Gurugram, Haryana 122015, India",,,CLOSED_TEMPORARILY,https://maps.google.com/?cid=15964347389824002125&g_mp=Cilnb29nbGUubWFwcy5wbGFjZXMudjEuUGxhY2VzLlNlYXJjaE5lYXJieRACGAQgAA,ChIJAQAAABEZDTkRTehkSV7BjN0
Bhatotia Tourist Taxi Servics,taxi_service,taxi_service|transportation_service|point_of_interest|service|establishment,0124 427 8466,,"Shop No 1 Rao Market, Opposite Siemens, Sector 18, Sector 18, Sector 37, Maruti Udyog, Sector 18, Gurugram, Haryana 122001, India",,,OPERATIONAL,https://maps.google.com/?cid=13564843632938439585&g_mp=Cilnb29nbGUubWFwcy5wbGFjZXMudjEuUGxhY2VzLlNlYXJjaE5lYXJieRACGAQgAA,ChIJAQAAABEZDTkRodMDH2oBQLw
International Medical Devices Private Limited,store,store|health|point_of_interest|service|establishment,0124 401 1566,,"17, Maruti Complex, Industrial Estate, Sector 18, Industrial Estate, Sector 37, Maruti Udyog, Sector 18, Gurugram, Haryana 122001, India",5,1,CLOSED_TEMPORARILY,https://maps.google.com/?cid=15803275758132943245&g_mp=Cilnb29nbGUubWFwcy5wbGFjZXMudjEuUGxhY2VzLlNlYXJjaE5lYXJieRACGAQgAA,ChIJAQAAABEZDTkRjVkOm5KDUNs
Shubham X Ray,medical_lab,medical_lab|health|point_of_interest|service|establishment,098998 24811,,"Shop No 4, Rao Lal Singh Market, opposite Munjal Showalta, Sector 37, Sector 18, Gurugram, Haryana 122015, India",,,CLOSED_TEMPORARILY,https://maps.google.com/?cid=999308976280568446&g_mp=Cilnb29nbGUubWFwcy5wbGFjZXMudjEuUGxhY2VzLlNlYXJjaE5lYXJieRACGAQgAA,ChIJAQAAABEZDTkRfgIQKDhC3g0
Arya B K MBBS,doctor,doctor|health|point_of_interest|establishment,098105 81176,,"Sector 37, Sector 18, Sarhol, Gurugram, Haryana 122015, India",,,CLOSED_TEMPORARILY,https://maps.google.com/?cid=15543710887890393187&g_mp=Cilnb29nbGUubWFwcy5wbGFjZXMudjEuUGxhY2VzLlNlYXJjaE5lYXJieRACGAQgAA,ChIJAQAAABEZDTkRYxgUzLJattc
Wendor Innovations Private Limited,manufacturer,supplier|manufacturer|point_of_interest|establishment,079 4283 5016,https://www.wendor-vending.com/,"Plot No. 250, Phase IV, Nimble CoWork, Sector 18, Gurugram, Haryana 122015, India",,,OPERATIONAL,https://maps.google.com/?cid=16910090626567197734&g_mp=Cilnb29nbGUubWFwcy5wbGFjZXMudjEuUGxhY2VzLlNlYXJjaE5lYXJieRACGAQgAA,ChIJ51aC7hIZDTkRJlQz1NS1rOo
Rao Transport Services,moving_company,shipping_service|moving_company|transportation_service|point_of_interest|service|establishment,097115 80039,,"7B, Sub. Major Laxmi Chand Rd, Sector 37, Maruti Udyog, Sector 18, Gurugram, Haryana 122015, India",5,1,OPERATIONAL,https://maps.google.com/?cid=13108516061659963964&g_mp=Cilnb29nbGUubWFwcy5wbGFjZXMudjEuUGxhY2VzLlNlYXJjaE5lYXJieRACGAQgAA,ChIJKxD3qxMZDTkRPKK---fN6rU
NHGrid,electric_vehicle_charging_station,electric_vehicle_charging_station|transportation_service|point_of_interest|establishment,077383 98035,http://nhgrid.com/,"90B, Udyog Vihar, Sector 18, Gurugram, Haryana 122015, India",,,OPERATIONAL,https://maps.google.com/?cid=11820834942316236277&g_mp=Cilnb29nbGUubWFwcy5wbGFjZXMudjEuUGxhY2VzLlNlYXJjaE5lYXJieRACGAQgAA,ChIJ__9GExMZDTkR9c1IJcAKDKQ
Cross Border Consultant,government_office,government_office|point_of_interest|service|establishment,072178 44832,,"90B, Udyog Vihar, Sector 18, Gurugram, Haryana 122015, India",5,2,CLOSED_TEMPORARILY,https://maps.google.com/?cid=17961316162401017825&g_mp=Cilnb29nbGUubWFwcy5wbGFjZXMudjEuUGxhY2VzLlNlYXJjaE5lYXJieRACGAQgAA,ChIJ_6x3oBsZDTkR4R9l9uJpQ_k
Gauri Shankar,restaurant,restaurant|food|point_of_interest|establishment,079797 65098,,"H.No 220, Sector 37, Maruti Udyog, Sector 18, Sarhol, Gurugram, Haryana 122015, India",5,1,OPERATIONAL,https://maps.google.com/?cid=690500417225313692&g_mp=Cilnb29nbGUubWFwcy5wbGFjZXMudjEuUGxhY2VzLlNlYXJjaE5lYXJieRACGAQgAA,ChIJa3o7QfUZDTkRnE35lXgmlQk
Springreen,corporate_office,corporate_office|point_of_interest|establishment,076049 07896,https://springreen.in/,"21-B, Maruti Udyog, Sector 18, Gurugram, Haryana 122015, India",,,OPERATIONAL,https://maps.google.com/?cid=3589213228988470262&g_mp=Cilnb29nbGUubWFwcy5wbGFjZXMudjEuUGxhY2VzLlNlYXJjaE5lYXJieRACGAQgAA,ChIJ37lxgbsZDTkR9pP9UGpyzzE
Orix Multi-brand Car repair Workshop,car_repair,car_repair|point_of_interest|service|establishment,098186 48119,,"Maruti industrial area, Plot no. 12, Maruti Udyog, Sector 18, Gurugram, Haryana 122015, India",5,2,OPERATIONAL,https://maps.google.com/?cid=8696299844751774036&g_mp=Cilnb29nbGUubWFwcy5wbGFjZXMudjEuUGxhY2VzLlNlYXJjaE5lYXJieRACGAQgAA,ChIJg-m0_GYXDTkRVNG2QqJ2r3g
Aakash Service Provider,consultant,finance|consultant|point_of_interest|service|establishment,070179 30985,,"Maruti Udyog, Sector 18, Gurugram, Haryana 122015, India",,,CLOSED_TEMPORARILY,https://maps.google.com/?cid=16598796502446083858&g_mp=Cilnb29nbGUubWFwcy5wbGFjZXMudjEuUGxhY2VzLlNlYXJjaE5lYXJieRACGAQgAA,ChIJ-w5zDiwZDTkREo9Li3nFWuY
V2 Retail Limited (Corporate Office),corporate_office,corporate_office|point_of_interest|establishment,081309 07705,https://v2retail.com/,"2nd Floor, 13, Sub. Major Laxmi Chand Rd, Maruti Udyog, Sector 18, Gurugram, Haryana 122015, India",4.2,30,OPERATIONAL,https://maps.google.com/?cid=6531971942002820235&g_mp=Cilnb29nbGUubWFwcy5wbGFjZXMudjEuUGxhY2VzLlNlYXJjaE5lYXJieRACGAQgAA,ChIJy4kaPxMZDTkRi4Tlld85plo
Incuspaze Gurgaon Campus 2,coworking_space,coworking_space|business_center|event_venue|point_of_interest|service|establishment,099306 62621,https://www.incuspaze.com/gurugram/space-details/incuspaze-campus-2?utm_source=gmb&utm_medium=organic&utm_campaign=incuspaze&utm_content=gurgaon_Campus_2,"Plot No. 13, Phase IV, Maruti Udyog, Sector 18, Gurugram, Haryana 122001, India",4.4,44,OPERATIONAL,https://maps.google.com/?cid=1313220424752790551&g_mp=Cilnb29nbGUubWFwcy5wbGFjZXMudjEuUGxhY2VzLlNlYXJjaE5lYXJieRACGAQgAA,ChIJEcmf5XwZDTkRF3wtwQR_ORI
Coforge,corporate_office,corporate_office|point_of_interest|establishment,022 4010 3100,https://www.coforge.com/,"5th & 6th Floor, Plot No-13, Phase IV, Maruti Udyog, Sector 18, Gurugram, Haryana 122015, India",3.8,121,OPERATIONAL,https://maps.google.com/?cid=1783602518538126328&g_mp=Cilnb29nbGUubWFwcy5wbGFjZXMudjEuUGxhY2VzLlNlYXJjaE5lYXJieRACGAQgAA,ChIJ26dG2hAZDTkR-AP1aQqhwBg
Mom had Ajam,pharmacy,pharmacy|store|health|point_of_interest|establishment,073035 99143,,"Maruti Udyog, Sector 18, Sarhol, Gurugram, Haryana 122015, India",,,OPERATIONAL,https://maps.google.com/?cid=1040999917919644105&g_mp=Cilnb29nbGUubWFwcy5wbGFjZXMudjEuUGxhY2VzLlNlYXJjaE5lYXJieRACGAQgAA,ChIJt0QOkFkZDTkRyanP7uhfcg4
Hertz,car_rental,car_rental|point_of_interest|service|establishment,095123 41234,https://www.hertz.com/rentacar/reservation/,"PLOT 12 SEC 18 MARUTI INDUSTRI, Maruti Udyog, Sector 18, New Delhi, Gurugram, Haryana 122015, India",4.5,6,OPERATIONAL,https://maps.google.com/?cid=5498151886079032769&g_mp=Cilnb29nbGUubWFwcy5wbGFjZXMudjEuUGxhY2VzLlNlYXJjaE5lYXJieRACGAQgAA,ChIJjwAIcJgZDTkRwX3iigJcTUw
Aakash Educational Services Limited - Corporate Office,corporate_office,corporate_office|point_of_interest|establishment,011 4762 3456,https://iacst.aakash.ac.in/iacstexam/?utm_source=google_local&utm_medium=organic,"Plot No. 13, Udyog Vihar, Sector 18, Gurugram, Haryana 122015, India",4.1,580,OPERATIONAL,https://maps.google.com/?cid=1782991545618665779&g_mp=Cilnb29nbGUubWFwcy5wbGFjZXMudjEuUGxhY2VzLlNlYXJjaE5lYXJieRACGAQgAA,ChIJq6qqatwaDTkRMxEgMl11vhg
Parmananda Ayurveda Panchkarma & Physiotherapy Centre,medical_clinic,medical_clinic|health|point_of_interest|establishment,070158 26490,,"18, Delhi, F3Vf+896, Msil Internal Road, Maruti Udyog, Sector 18, Gurugram Delhi, NCR, Maruti Udyog, Sector 18, Gurugram, Haryana 122015, India",5,1,OPERATIONAL,https://maps.google.com/?cid=7224401278646907935&g_mp=Cilnb29nbGUubWFwcy5wbGFjZXMudjEuUGxhY2VzLlNlYXJjaE5lYXJieRACGAQgAA,ChIJLzvCYBMZDTkRH3SguK86QmQ
3minds,service,point_of_interest|service|establishment,080 4709 5333,https://www.3mindsdigital.com/,"Plot No-13, Phase-4, Maruti Udyog, Sector 18, Gurugram, Haryana 122015, India",5,7,OPERATIONAL,https://maps.google.com/?cid=443156214521314057&g_mp=Cilnb29nbGUubWFwcy5wbGFjZXMudjEuUGxhY2VzLlNlYXJjaE5lYXJieRACGAQgAA,ChIJ_0e_sPYZDTkRCbuMqjpoJgY
ORIX Auto Infrastructure Services Limited,car_rental,car_rental|auto_parts_store|car_repair|car_dealer|store|point_of_interest|service|establishment,0124 495 6425,,"Plot no 12, Near Munjals Shobha Maruti Indl. Area, Udyog Vihar, Sector 18, Gurugram, Haryana 122015, India",4.3,251,OPERATIONAL,https://maps.google.com/?cid=10973821608973504522&g_mp=Cilnb29nbGUubWFwcy5wbGFjZXMudjEuUGxhY2VzLlNlYXJjaE5lYXJieRACGAQgAA,ChIJVVVVVVUWDTkRChBfj5zYSpg
MyChoize - Self Drive Car Rentals in Gurgaon,car_rental,car_rental|point_of_interest|service|establishment,095123 41234,https://www.mychoize.com/self-drive-car-rentals-delhi?utm_source=google_maps&utm_campaign=maps_listing,"Plot No 12, near Munjals Shobha Maruti Indl. Area, Udyog Vihar, Sector 18, Sarhol, Gurugram, Haryana 122015, India",4.7,1387,OPERATIONAL,https://maps.google.com/?cid=10797259946491878474&g_mp=Cilnb29nbGUubWFwcy5wbGFjZXMudjEuUGxhY2VzLlNlYXJjaE5lYXJieRACGAQgAA,ChIJdSJW9GkZDTkRSpwzCreS15U
ICICI BANK ATM,atm,atm|finance|point_of_interest|establishment,1800 1080,https://www.icicibank.com/,"Plot 14, ICICI Bank ATM, Ameriprise India LLP, Udyog Vihar, Sector 18, Gurugram, Haryana 122015, India",,,OPERATIONAL,https://maps.google.com/?cid=18243765465432408204&g_mp=Cilnb29nbGUubWFwcy5wbGFjZXMudjEuUGxhY2VzLlNlYXJjaE5lYXJieRACGAQgAA,ChIJW53bUI4ZDTkRjECj_AfgLv0
Srokal Enterprises,supplier,supplier|service|point_of_interest|establishment,094680 05221,https://www.srokal.com/,"3rd Floor, UV Phase-4, Plot no 190, Phase-4, Maruti Udyog, Sector 18, Gurugram, Haryana 122015, India",,,CLOSED_TEMPORARILY,https://maps.google.com/?cid=4260769037641723072&g_mp=Cilnb29nbGUubWFwcy5wbGFjZXMudjEuUGxhY2VzLlNlYXJjaE5lYXJieRACGAQgAA,ChIJr2x9W8kZDTkRwCyeft1KITs
Pandit dabha,vegetarian_restaurant,vegetarian_restaurant|restaurant|food|point_of_interest|establishment,085120 25613,,"Ganpact, Phase-4, Maruti Udyog, Sector 18, Gurugram, Haryana 122015, India",,,CLOSED_TEMPORARILY,https://maps.google.com/?cid=11235442113325521863&g_mp=Cilnb29nbGUubWFwcy5wbGFjZXMudjEuUGxhY2VzLlNlYXJjaE5lYXJieRACGAQgAA,ChIJy1UBOYcZDTkRx1s7-xJP7Js
Elite Proteins,store,fitness_center|wellness_center|health_food_store|wholesaler|gym|sports_activity_location|consultant|health|food_store|store|food|service|point_of_interest|establishment,070651 26702,http://eliteproteins.com/,"249, Intellect Building, Second Floor, Phase-4, Udyog Vihar, Sector 18, Gurugram, Haryana 122015, India",2.2,10,OPERATIONAL,https://maps.google.com/?cid=8542751983667045990&g_mp=Cilnb29nbGUubWFwcy5wbGFjZXMudjEuUGxhY2VzLlNlYXJjaE5lYXJieRACGAQgAA,ChIJ____oxUZDTkRZua87qrzjXY
Passport Makers - Passport agent in gurgaon,,point_of_interest|establishment,099688 75644,https://passportmakers.com/,"4, Phase-4, Udyog Vihar, Sector 18, Gurugram, Haryana 122015, India",5,1,OPERATIONAL,https://maps.google.com/?cid=16116773199268474409&g_mp=Cilnb29nbGUubWFwcy5wbGFjZXMudjEuUGxhY2VzLlNlYXJjaE5lYXJieRACGAQgAA,ChIJ8SIg43wZDTkRKe7um9VHqt8
tezsamchar,point_of_interest,point_of_interest|establishment,0124 437 0390,https://tezsamachar.in/contact-us/,"18, Sub. Major Laxmi Chand Rd, Phase-4, Maruti Udyog, Sector 18, Gurugram, Haryana 122015, India",3,2,OPERATIONAL,https://maps.google.com/?cid=7096879001806677542&g_mp=Cilnb29nbGUubWFwcy5wbGFjZXMudjEuUGxhY2VzLlNlYXJjaE5lYXJieRACGAQgAA,ChIJ3cpppBUZDTkRJqad7NktfWI
OMRON Automation Pvt Ltd,manufacturer,manufacturer|service|point_of_interest|establishment,0124 712 2700,https://www.omron-ap.co.in/,"6th Floor, B-Block, Sewa Tower, Plot no.19, Sector -18, Udyog Vihar, Maruti Industrial Complex, Phase-4, Maruti Udyog, Sector 18, Gurugram, Haryana 122015, India",4.5,24,OPERATIONAL,https://maps.google.com/?cid=8321943475847832299&g_mp=Cilnb29nbGUubWFwcy5wbGFjZXMudjEuUGxhY2VzLlNlYXJjaE5lYXJieRACGAQgAA,ChIJc8dI0UAZDTkR6yLK7n97fXM
GR Infraprojects Limited,general_contractor,general_contractor|service|point_of_interest|establishment,0124 643 5000,http://www.grinfra.com/,"GR One, Maruti Industrial Complex, Plot 7B, Phase-4, Maruti Udyog, Sector 18, Gurugram, Haryana 122015, India",4.5,303,OPERATIONAL,https://maps.google.com/?cid=2508863108439438318&g_mp=Cilnb29nbGUubWFwcy5wbGFjZXMudjEuUGxhY2VzLlNlYXJjaE5lYXJieRACGAQgAA,ChIJsZGeF3geDTkR7nOdYLRF0SI
Folkroom Inc.,service,service|point_of_interest|establishment,099104 39090,http://folkroom.in/,"Incuspaze, Plot No 17 Maruti, Phase-4, Phase IV, Maruti Udyog, Sector 18, Gurugram, Haryana 122015, India",5,4,OPERATIONAL,https://maps.google.com/?cid=3920321656843202145&g_mp=Cilnb29nbGUubWFwcy5wbGFjZXMudjEuUGxhY2VzLlNlYXJjaE5lYXJieRACGAQgAA,ChIJA-Tf800ZDTkRYe5oscbHZzY
DDB Mudra Ltd.,service,service|point_of_interest|establishment,0124 661 4400,https://ddbmudragroup.com/,"Novus Tower, 18, Sub. Major Laxmi Chand Rd, Phase-4, Phase IV, Maruti Udyog, Sector 18, Gurugram, Haryana 122015, India",4.5,101,CLOSED_TEMPORARILY,https://maps.google.com/?cid=9212513405590626713&g_mp=Cilnb29nbGUubWFwcy5wbGFjZXMudjEuUGxhY2VzLlNlYXJjaE5lYXJieRACGAQgAA,ChIJCZ7SLOMZDTkRmeHA5CFs2X8
Smec India Private Limited,consultant,consultant|service|point_of_interest|establishment,0124 450 1100,,"18, Sub. Major Laxmi Chand Rd, Phase-4, Maruti Udyog, Sector 18, Gurugram, Haryana 122015, India",4.5,164,CLOSED_TEMPORARILY,https://maps.google.com/?cid=15139321970075119187&g_mp=Cilnb29nbGUubWFwcy5wbGFjZXMudjEuUGxhY2VzLlNlYXJjaE5lYXJieRACGAQgAA,ChIJ____bzgZDTkRUy6Yxh6tGdI
APL LOGISTICS | VASCOR,service,service|point_of_interest|establishment,1800 123 827 267,http://www.apllvascor.com/,"Plot No 19, 4th Floor, Sewa Tower, Phase-4, Phase IV, Maruti Udyog, Sector 18, Gurugram, Haryana 122015, India",4.4,66,OPERATIONAL,https://maps.google.com/?cid=4667896067267145762&g_mp=Cilnb29nbGUubWFwcy5wbGFjZXMudjEuUGxhY2VzLlNlYXJjaE5lYXJieRACGAQgAA,ChIJAQDA2DcZDTkRIrDm2b2yx0A
Hexalog,service,shipping_service|storage|transportation_service|finance|service|point_of_interest|establishment,1800 313 5991,https://www.hexalog.in/,"AIHP millennium, First floor, Plot no. 92, 93, Phase IV, Udyog Vihar, Sector 18, Gurugram, Haryana 122015, India",5,3,OPERATIONAL,https://maps.google.com/?cid=12807286761438823868&g_mp=Cilnb29nbGUubWFwcy5wbGFjZXMudjEuUGxhY2VzLlNlYXJjaE5lYXJieRACGAQgAA,ChIJl3xetMLYoU8RvMUfIHSfvLE
AIHP Millennium,real_estate_agency,corporate_office|real_estate_agency|service|point_of_interest|establishment,078610 04918,https://aihp.in/location/udyog-vihar/millennium,"Plot number 92, 93, Phase IV, Udyog Vihar, Sector 18, Gurugram, Haryana 122015, India",4.3,24,OPERATIONAL,https://maps.google.com/?cid=6083567884305965448&g_mp=Cilnb29nbGUubWFwcy5wbGFjZXMudjEuUGxhY2VzLlNlYXJjaE5lYXJieRACGAQgAA,ChIJ1y6M89YZDTkRiCEIN8IsbVQ
RSK Business Solutions Private Limited - Software Development Company,service,service|point_of_interest|establishment,0124 420 1376,https://www.rsk-bsl.com/,"3rd floor, AIHP Millenium, Plot number 92 and 93, Phase IV, Udyog Vihar, Sector 18, Gurugram, Haryana 122015, India",4.5,30,OPERATIONAL,https://maps.google.com/?cid=11661072979809613728&g_mp=Cilnb29nbGUubWFwcy5wbGFjZXMudjEuUGxhY2VzLlNlYXJjaE5lYXJieRACGAQgAA,ChIJ9dn1EW8ZDTkRoDd1lRd01KE
Mohit Kashyap,car_dealer,car_dealer|store|point_of_interest|establishment,093688 37652,,"95, Phase IV, Udyog Vihar, Sector 18, , Shahpur, Phase IV, Sector Tikona, Sector 18, Sarhol, Gurugram, Haryana 122015, India",5,2,OPERATIONAL,https://maps.google.com/?cid=9019890539378758503&g_mp=Cilnb29nbGUubWFwcy5wbGFjZXMudjEuUGxhY2VzLlNlYXJjaE5lYXJieRACGAQgAA,ChIJ8XNIJ0QZDTkRZ9OT-KcWLX0
Sauth Indian Fast Food,fast_food_restaurant,fast_food_restaurant|restaurant|food|point_of_interest|establishment,076697 00320,,"Shop No 99, Phase IV, Udyog Vihar, Sector 18, Gurugram, Haryana 122015, India",,,OPERATIONAL,https://maps.google.com/?cid=6799211231737307393&g_mp=Cilnb29nbGUubWFwcy5wbGFjZXMudjEuUGxhY2VzLlNlYXJjaE5lYXJieRACGAQgAA,ChIJL2F9BhQZDTkRAWGMbJemW14
First Remedy Office,pharmacy,pharmacy|health|store|point_of_interest|establishment,090333 02482,https://www.firstremedy.in/,"Tag Tower, First REMEDY Pharmacy & Wellness, Phase IV, Udyog Vihar, Sector 18, Gurugram, Haryana 122015, India",5,2,OPERATIONAL,https://maps.google.com/?cid=9814286658026413528&g_mp=Cilnb29nbGUubWFwcy5wbGFjZXMudjEuUGxhY2VzLlNlYXJjaE5lYXJieRACGAQgAA,ChIJIXBnj8AZDTkR2B2Fl7dZM4g
Gojavas Head Office,,point_of_interest|establishment,081308 82921,http://gojavas.com/,"107, Phase IV, Udyog Vihar, Sector 18, Gurugram, Haryana 122015, India",3.1,20,OPERATIONAL,https://maps.google.com/?cid=9803422406088964169&g_mp=Cilnb29nbGUubWFwcy5wbGFjZXMudjEuUGxhY2VzLlNlYXJjaE5lYXJieRACGAQgAA,ChIJg11JzD8ZDTkRSbgJ0rzADIg
GeneStore,service,service|point_of_interest|establishment,488700165,http://www.genestore.org/,"107, Phase IV, Udyog Vihar, Sector 18, Gurugram, Haryana 122015, India",5,3,CLOSED_TEMPORARILY,https://maps.google.com/?cid=585374405455378787&g_mp=Cilnb29nbGUubWFwcy5wbGFjZXMudjEuUGxhY2VzLlNlYXJjaE5lYXJieRACGAQgAA,ChIJpWSG8DYZDTkRY_nFmeuqHwg
Munesh golgappe,food_court,food_court|food|point_of_interest|establishment,080067 26226,,"airtal tower, 17-18, Phase IV, Udyog Vihar, Sector 18, Shahpur, Gurugram, Haryana 122015, India",,,CLOSED_TEMPORARILY,https://maps.google.com/?cid=17968974934332465436&g_mp=Cilnb29nbGUubWFwcy5wbGFjZXMudjEuUGxhY2VzLlNlYXJjaE5lYXJieRACGAQgAA,ChIJY2uYcwQZDTkRHOHIwn-fXvk
Craft and Glory,manufacturer,manufacturer|service|point_of_interest|establishment,088261 92277,https://craftandglory.in/,"BUILDING NO. 20, Phase IV, Udyog Vihar, Sector 18, Gurugram, Haryana 122015, India",4.1,295,OPERATIONAL,https://maps.google.com/?cid=12703546476308810022&g_mp=Cilnb29nbGUubWFwcy5wbGFjZXMudjEuUGxhY2VzLlNlYXJjaE5lYXJieRACGAQgAA,ChIJ39L6Y3EZDTkRJkkNxDYQTLA
ICICI BANK ATM,bank,bank|finance|point_of_interest|establishment,1800 1080,https://www.icici.bank.in/,"ICICI Bank ATM, Encalm hospitality pvt ltd Opp cenur hotel delhi airport Delhi, Phase IV, Udyog Vihar, Sector 18, Gurugram, Haryana 122015, India",,,OPERATIONAL,https://maps.google.com/?cid=16445340611192600105&g_mp=Cilnb29nbGUubWFwcy5wbGFjZXMudjEuUGxhY2VzLlNlYXJjaE5lYXJieRACGAQgAA,ChIJ1941MooZDTkRKbZwnCeWOeQ
Generic Remedy,manufacturer,health|manufacturer|point_of_interest|establishment,092206 01709,https://genericremedy.com/,"2nd Floor, Tag Tower, Plot No- 17/18, Phase IV, Udyog Vihar, Sector 18, Gurugram, Haryana 122015, India",5,3,OPERATIONAL,https://maps.google.com/?cid=5576638403392003010&g_mp=Cilnb29nbGUubWFwcy5wbGFjZXMudjEuUGxhY2VzLlNlYXJjaE5lYXJieRACGAQgAA,ChIJayOyUokZDTkRwlv74hQzZE0
"Exit 18, NH8, DLF Cyber Hub",off_roading_area,off_roading_area|sports_activity_location|point_of_interest|establishment,,,"56, Jaipur - Delhi Expy, Phase IV, Udyog Vihar, Sector 18, Gurugram, Haryana 122015, India",3.9,75,OPERATIONAL,https://maps.google.com/?cid=11499212682764309334&g_mp=Cilnb29nbGUubWFwcy5wbGFjZXMudjEuUGxhY2VzLlNlYXJjaE5lYXJieRACGAQgAA,ChIJ01B04z4ZDTkRVlPVcAJplZ8
Vidyanjali Preschool,preschool,preschool|child_care_agency|school|educational_institution|point_of_interest|service|establishment,098112 22071,,"DLF Cyber City, National Media Center, Shanker Chowk, NH-8, Phase IV, Udyog Vihar, Sector 18, Gurugram, Haryana 122015, India",3.7,3,CLOSED_TEMPORARILY,https://maps.google.com/?cid=7900403534016309513&g_mp=Cilnb29nbGUubWFwcy5wbGFjZXMudjEuUGxhY2VzLlNlYXJjaE5lYXJieRACGAQgAA,ChIJZcFtmjoZDTkRCWlI8yffo20
Joint Electricity Regulatory Commission(JERC),government_office,government_office|point_of_interest|establishment,0124 234 3302,http://jercuts.gov.in/,"3& 4 Floor Plot, on the Highway no 55-56, Service Road, Phase IV, Udyog Vihar, Sector 18, Gurugram, Haryana 122015, India",4,23,OPERATIONAL,https://maps.google.com/?cid=13405017328210772144&g_mp=Cilnb29nbGUubWFwcy5wbGFjZXMudjEuUGxhY2VzLlNlYXJjaE5lYXJieRACGAQgAA,ChIJbZ7BPkcZDTkRsID1tzwwCLo
Santa Fe Relocations,transportation_service,transportation_service|point_of_interest|establishment,093580 85135,,"Shop No 3, 77 NH 48, DLF Phase 2, Sector 25, Gurugram, Haryana 122002, India",5,8,OPERATIONAL,https://maps.google.com/?cid=3421645195784980138&g_mp=Cilnb29nbGUubWFwcy5wbGFjZXMudjEuUGxhY2VzLlNlYXJjaE5lYXJieRACGAQgAA,ChIJQWW7C8IZDTkRqoYvSi0gfC8
Qohl,clothing_store,clothing_store|store|point_of_interest|establishment,078648 22123,http://www.qohl.in/,"DLF Phase 2, Sector 25, Gurugram, Haryana 122002, India",5,20,OPERATIONAL,https://maps.google.com/?cid=3867328253927015295&g_mp=Cilnb29nbGUubWFwcy5wbGFjZXMudjEuUGxhY2VzLlNlYXJjaE5lYXJieRACGAQgAA,ChIJpXu3VmQZDTkRf8MmlY6CqzU
Pathkind Labs,medical_clinic,medical_lab|medical_center|hospital|medical_clinic|health|point_of_interest|service|establishment,095134 45417,https://nearby.pathkindlabs.com/pathkind-labs-sector-18-gurugram-28574/home?utm_source=GMB,"Plot No 55-56, Phase IV, Udyog Vihar, Sector 18, Gurugram, Haryana 122015, India",4.8,6196,OPERATIONAL,https://maps.google.com/?cid=7931440721018313346&g_mp=Cilnb29nbGUubWFwcy5wbGFjZXMudjEuUGxhY2VzLlNlYXJjaE5lYXJieRACGAQgAA,ChIJG0f46gsZDTkRglpdLVAjEm4
PARASNATH BUILDWELL PVT. LTD,,point_of_interest|service|establishment,098106 72262,https://www.parasnathbolt.com/,"Plot No.12 Sector-56, Phase IV, Industrial Area, Kundli, Gurugram, Haryana 122015, India",4.9,7,OPERATIONAL,https://maps.google.com/?cid=18130355604654850325&g_mp=Cilnb29nbGUubWFwcy5wbGFjZXMudjEuUGxhY2VzLlNlYXJjaE5lYXJieRACGAQgAA,ChIJsd8EAT8ZDTkRFQH3Gl32m_s
R Company,corporate_office,corporate_office|point_of_interest|establishment,077000 00627,,"F3RM+MG2, DLF Phase 2, Sector 25, Shahpur, Gurugram, Haryana 122002, India",5,2,CLOSED_TEMPORARILY,https://maps.google.com/?cid=7512518926798357357&g_mp=Cilnb29nbGUubWFwcy5wbGFjZXMudjEuUGxhY2VzLlNlYXJjaE5lYXJieRACGAQgAA,ChIJx_WY6j4ZDTkRbQM3MCnUQWg
Axis Max Life Insurance,service,insurance_agency|health|point_of_interest|service|establishment,0124 412 1500,https://www.axismaxlife.com/branches/haryana/gurugram/jacaranda-marg-dlf-city-phase-2-gurugram,"11th Floor, DLF Square, Building, Jacaranda Marg, DLF Phase 2, Sector 25, Gurugram, Haryana 122002, India",4.1,184,OPERATIONAL,https://maps.google.com/?cid=14070284309126687923&g_mp=Cilnb29nbGUubWFwcy5wbGFjZXMudjEuUGxhY2VzLlNlYXJjaE5lYXJieRACGAQgAA,ChIJS-64pJ0ZDTkRs6w_FgixQ8M
Blackberrys CORPORATE OFFICE,clothing_store,clothing_store|store|point_of_interest|service|establishment,0124 464 8800,https://blackberrys.com/?utm_source=locator&utm_medium=googleplaces,"No 58 & 59 Phase, 4, Phase IV, Udyog Vihar, Sector 18, Gurugram, Haryana 122015, India",4.4,108,OPERATIONAL,https://maps.google.com/?cid=18331209812300756007&g_mp=Cilnb29nbGUubWFwcy5wbGFjZXMudjEuUGxhY2VzLlNlYXJjaE5lYXJieRACGAQgAA,ChIJcenvwqQZDTkRJ3RXjTOKZf4
Freedo- Corporate Office,service,point_of_interest|service|establishment,095998 19940,https://freedo.rentals/,"47, Phase IV, Udyog Vihar, Sector 18, Gurugram, Haryana 122015, India",4.6,194,OPERATIONAL,https://maps.google.com/?cid=5925893632736499070&g_mp=Cilnb29nbGUubWFwcy5wbGFjZXMudjEuUGxhY2VzLlNlYXJjaE5lYXJieRACGAQgAA,ChIJ12qBUz4ZDTkRfhUCvNwAPVI
HERO ELECTRIC VECHILES PRIVATE LIMITED,corporate_office,corporate_office|point_of_interest|establishment,0124 683 0000,https://heroelectric.in/,"57, Phase IV, Udyog Vihar, Sector 18, Gurugram, Haryana 122015, India",3.5,201,OPERATIONAL,https://maps.google.com/?cid=18062731644824870678&g_mp=Cilnb29nbGUubWFwcy5wbGFjZXMudjEuUGxhY2VzLlNlYXJjaE5lYXJieRACGAQgAA,ChIJq6q6Bj8ZDTkRFl_-Aru2q_o
Mohan Clothing Co Pvt ltd,corporate_office,corporate_office|point_of_interest|establishment,08071 811 173,http://www.blackberrys.com/,"58, Jaipur - Delhi Expy, Phase IV, Udyog Vihar, Sector 18, Gurugram, Haryana 122015, India",3.2,47,OPERATIONAL,https://maps.google.com/?cid=14407360968597867877&g_mp=Cilnb29nbGUubWFwcy5wbGFjZXMudjEuUGxhY2VzLlNlYXJjaE5lYXJieRACGAQgAA,ChIJcQKOc08ZDTkRZY0arHc68cc
HORIZON8 Builders & Consultants Pvt. Ltd.,general_contractor,general_contractor|point_of_interest|service|establishment,096678 80736,https://horizon8.in/,"N-3/38, DLF Phase 2, Sector 25, Gurugram, Haryana 122002, India",4.2,5,OPERATIONAL,https://maps.google.com/?cid=16096755526299138357&g_mp=Cilnb29nbGUubWFwcy5wbGFjZXMudjEuUGxhY2VzLlNlYXJjaE5lYXJieRACGAQgAA,ChIJSRYccOwZDTkRNbld7d0pY98
Roots,beauty_salon,hair_care|beauty_salon|point_of_interest|service|establishment,092550 00023,http://rootssalon.in/,"N3/27A, DLF Phase 2, Sector 25, Gurugram, Haryana 122002, India",4.3,10,OPERATIONAL,https://maps.google.com/?cid=454592679140115933&g_mp=Cilnb29nbGUubWFwcy5wbGFjZXMudjEuUGxhY2VzLlNlYXJjaE5lYXJieRACGAQgAA,ChIJpdPAH3YZDTkR3cWjFaIJTwY
Continental,service,point_of_interest|service|establishment,0124 408 8220,http://www.continentaleng.co.in/,"G.F, K- L, Road No. N-3, DLF Phase 2, Sector 25, Gurugram, Haryana 122002, India",,,OPERATIONAL,https://maps.google.com/?cid=2870287644678882134&g_mp=Cilnb29nbGUubWFwcy5wbGFjZXMudjEuUGxhY2VzLlNlYXJjaE5lYXJieRACGAQgAA,ChIJETjKPjkZDTkRVgNHyGdP1Sc
Smarto Systems Pvt Ltd,educational_institution,educational_institution|point_of_interest|establishment,070152 34929,http://smartosystems.in/,"L 15/3 Dlf Phase 2 Basment, DLF Phase 2, Sector 25, Gurugram, Haryana 122002, India",,,CLOSED_TEMPORARILY,https://maps.google.com/?cid=1775117959484453219&g_mp=Cilnb29nbGUubWFwcy5wbGFjZXMudjEuUGxhY2VzLlNlYXJjaE5lYXJieRACGAQgAA,ChIJs7HcIzkZDTkRY7F8EWF8ohg
JAIN INDUSTRIAL SOLUTIONS COMPANY,consultant,finance|consultant|point_of_interest|service|establishment,098183 39561,https://www.jisco.in/,"B-32, PLOT, Road No. N-3, MARUTI INDUSTRIAL AREA, Sector 18, Gurugram, Haryana 122002, India",,,OPERATIONAL,https://maps.google.com/?cid=108219050677510377&g_mp=Cilnb29nbGUubWFwcy5wbGFjZXMudjEuUGxhY2VzLlNlYXJjaE5lYXJieRACGAQgAA,ChIJV_9OJf0ZDTkR6SCQOad4gAE
Packers And Movers In Gurgaon - Packers And Movers - Movers And Packers - Best Packers And Movers In Gurgaon,manufacturer,manufacturer|point_of_interest|establishment,098990 34149,,"DLF Cyber City, DLF Phase 2, Sector 25, Gurugram, Haryana 122002, India",5,2,OPERATIONAL,https://maps.google.com/?cid=8742188926746319806&g_mp=Cilnb29nbGUubWFwcy5wbGFjZXMudjEuUGxhY2VzLlNlYXJjaE5lYXJieRACGAQgAA,ChIJKxgQNfAZDTkRvlsRwoJ-Unk
Avon Express Packers And Movers in Gurgaon,transportation_service,transportation_service|point_of_interest|establishment,082951 29512,https://www.avonexpressmovers.in/,"Shop No. 24, Block N, DLF Phase 2, Sector 25, Gurugram, Haryana 122002, India",4.6,55,OPERATIONAL,https://maps.google.com/?cid=15535142474224752638&g_mp=Cilnb29nbGUubWFwcy5wbGFjZXMudjEuUGxhY2VzLlNlYXJjaE5lYXJieRACGAQgAA,ChIJuScwwIEZDTkR_tc_h8Xpl9c
Hair Now,medical_clinic,hair_care|medical_clinic|health|point_of_interest|establishment,099990 03675,http://hairnow.in/,"N-1/2, N-1, DLF Phase 2, Sector 25, Gurugram, Haryana 122002, India",4.7,39,OPERATIONAL,https://maps.google.com/?cid=706423532802638977&g_mp=Cilnb29nbGUubWFwcy5wbGFjZXMudjEuUGxhY2VzLlNlYXJjaE5lYXJieRACGAQgAA,ChIJg8VGUwcZDTkRgYSt1XW4zQk
Ahuja Residency DLF Phase-II,guest_house,guest_house|lodging|point_of_interest|establishment,092890 97564,https://ahujaresidences.com/hotels/ahuja-residency-dlf-phase-2/?utm_source=Google&utm_medium=GMB,"N3/36, DLF Phase 2, Sector 25, Gurugram, Haryana 122002, India",4.6,807,OPERATIONAL,https://maps.google.com/?cid=15229236252904847984&g_mp=Cilnb29nbGUubWFwcy5wbGFjZXMudjEuUGxhY2VzLlNlYXJjaE5lYXJieRACGAQgAA,ChIJLetdODkZDTkRcPrkHq8dWdM
S.S.Electronics & Electrical,service,store|point_of_interest|service|establishment,098910 56623,,"Shop no. 1, U - 37 Road, Balbir Market, Nathupur, DLF Phase - 3, DLF Cyber City, DLF Phase 2, Sector 24, Gurugram, Haryana 122002, India",3,2,OPERATIONAL,https://maps.google.com/?cid=1308162030030529281&g_mp=Cilnb29nbGUubWFwcy5wbGFjZXMudjEuUGxhY2VzLlNlYXJjaE5lYXJieRACGAQgAA,ChIJOdSvl4sZDTkRAaOfdG-GJxI
Hii Style Furniture,furniture_store,storage|furniture_store|home_improvement_store|supplier|general_contractor|home_goods_store|manufacturer|store|point_of_interest|service|establishment,099996 65133,http://www.hiistylefurniture.com/,"Cyber Hub, Dlf Cyber City, DLF Cyber City, DLF Phase 2, Sector 24, Gurugram, Haryana 122002, India",1,5,OPERATIONAL,https://maps.google.com/?cid=16552462455033943147&g_mp=Cilnb29nbGUubWFwcy5wbGFjZXMudjEuUGxhY2VzLlNlYXJjaE5lYXJieRACGAQgAA,ChIJVaML5SkZDTkRa9RJducotuU
The Village Cafe,vegetarian_restaurant,vegetarian_restaurant|restaurant|food|point_of_interest|establishment,099900 08431,,"F3RQ+QF9, DLF Cyber City, DLF Phase 2, Sector 24, Gurugram, Haryana 122002, India",4.2,15,OPERATIONAL,https://maps.google.com/?cid=8407938046647594875&g_mp=Cilnb29nbGUubWFwcy5wbGFjZXMudjEuUGxhY2VzLlNlYXJjaE5lYXJieRACGAQgAA,ChIJCUdL4RgZDTkRe-_rMxv_rnQ
Danone Foods & Beverages India Pvt Ltd,corporate_office,corporate_office|point_of_interest|establishment,0124 471 4900,,"The Centruim, Office Premise No. 1, 3rd Floor, Level 4, Phoenix Market City, LBS Marg, Kurla West, DLF Cyber City, DLF Phase 2, Sector 24, Mumbai, Gurugram, Maharashtra 122002, India",3.8,15,CLOSED_TEMPORARILY,https://maps.google.com/?cid=8964870912543906405&g_mp=Cilnb29nbGUubWFwcy5wbGFjZXMudjEuUGxhY2VzLlNlYXJjaE5lYXJieRACGAQgAA,ChIJBWJH6TkZDTkRZVpp15ieaXw
Dtdc Express Limited,courier_service,courier_service|shipping_service|point_of_interest|service|establishment,085068 00052,,"Shop No 25 Upper Ground, Main Market, DLF Cyber City, DLF Phase 3, Sector 24, Gurugram, Haryana 122002, India",,,OPERATIONAL,https://maps.google.com/?cid=343419134647403668&g_mp=Cilnb29nbGUubWFwcy5wbGFjZXMudjEuUGxhY2VzLlNlYXJjaE5lYXJieRACGAQgAA,ChIJnbrXuaIZDTkRlAS7KeIRxAQ
Medanta Mediclinic - Cybercity,medical_center,medical_center|medical_lab|wellness_center|doctor|hospital|medical_clinic|health|point_of_interest|service|establishment,0124 414 1472,https://www.medanta.org/,"Bldg No, 10C, DLF Cyber City, DLF Phase 2, Sector 24, Gurugram, Haryana 122002, India",4.3,443,OPERATIONAL,https://maps.google.com/?cid=7674520908184201163&g_mp=Cilnb29nbGUubWFwcy5wbGFjZXMudjEuUGxhY2VzLlNlYXJjaE5lYXJieRACGAQgAA,ChIJm1LkVTgZDTkRy6egyRpggWo
Integrity Infolabs,service,point_of_interest|service|establishment,089208 93901,,"DLF Tower 8th Rd, DLF Cyber City, DLF Phase 2, Sector 24, Gurugram, Haryana 122002, India",5,8,OPERATIONAL,https://maps.google.com/?cid=2922572303244516556&g_mp=Cilnb29nbGUubWFwcy5wbGFjZXMudjEuUGxhY2VzLlNlYXJjaE5lYXJieRACGAQgAA,ChIJJ-gEPAwZDTkRzNxIfQYQjyg
Sitehec Technologies Private Limited,service,point_of_interest|service|establishment,063925 72657,https://sitehec.com/,"DLF Cyber City, DLF Phase 2, Sector 24, Gurugram, Haryana 122002, India",,,CLOSED_TEMPORARILY,https://maps.google.com/?cid=4057193418438624580&g_mp=Cilnb29nbGUubWFwcy5wbGFjZXMudjEuUGxhY2VzLlNlYXJjaE5lYXJieRACGAQgAA,ChIJvR_3DQe1DjkRREUWC-sLTjg
Electric Vehicle Charging Station,electric_vehicle_charging_station,electric_vehicle_charging_station|transportation_service|point_of_interest|establishment,081086 57712,,"DLF Tower 10th Rd, DLF Cyber City, DLF Phase 2, Sector 24, Gurugram, Haryana 122002, India",4.3,6,OPERATIONAL,https://maps.google.com/?cid=11556149018299465164&g_mp=Cilnb29nbGUubWFwcy5wbGFjZXMudjEuUGxhY2VzLlNlYXJjaE5lYXJieRACGAQgAA,ChIJO1rULmoZDTkRzP03F06wX6A
General Electric,corporate_office,corporate_office|point_of_interest|establishment,0124 480 8000,http://www.ge.com/in/careers,"Building 7A, Phase III, DLF Phase 2, Sector 25, Gurugram, Haryana 122002, India",4.5,225,OPERATIONAL,https://maps.google.com/?cid=7349092700691387529&g_mp=Cilnb29nbGUubWFwcy5wbGFjZXMudjEuUGxhY2VzLlNlYXJjaE5lYXJieRACGAQgAA,ChIJ9bccaTcZDTkRiVQgxt84_WU
TRUSTMORE TECHNOLOGIES (P) LIMITED (Escrowpay),finance,finance|point_of_interest|service|establishment,098103 36644,https://escrowpayindia.com/,"DLF Building No. 7A, DLF Cyber City, DLF Phase 2, Sector 24, Gurugram, Haryana 122002, India",4.3,12,OPERATIONAL,https://maps.google.com/?cid=9655776017235147271&g_mp=Cilnb29nbGUubWFwcy5wbGFjZXMudjEuUGxhY2VzLlNlYXJjaE5lYXJieRACGAQgAA,ChIJJX1SNX4jDTkRB3oJEiE1AIY
DEIBRAIN AI CONSULTING PRIVATE LIMITED,,point_of_interest|establishment,099877 96652,https://deibrainai.com/,"DLF Building No. 7A, DLF Cyber City, DLF Phase 2, Sector 24, Gurugram, Haryana 122002, India",,,OPERATIONAL,https://maps.google.com/?cid=4249197319917262274&g_mp=Cilnb29nbGUubWFwcy5wbGFjZXMudjEuUGxhY2VzLlNlYXJjaE5lYXJieRACGAQgAA,ChIJrTrI9osZDTkRwtU1AnMu-Do
DKSCORE Private Limited,,point_of_interest|establishment,074288 98085,https://www.dkscore.com/,"Ground & Ist Floor, DLF Building No. 7A, DLF Cyber City, DLF Phase 2, Sector 24, Gurugram, Haryana 122002, India",5,2,OPERATIONAL,https://maps.google.com/?cid=5099344710445674967&g_mp=Cilnb29nbGUubWFwcy5wbGFjZXMudjEuUGxhY2VzLlNlYXJjaE5lYXJieRACGAQgAA,ChIJdTaCt8UZDTkR17FhJf-CxEY
Sembcorp India,corporate_office,corporate_office|point_of_interest|establishment,0124 698 6700,http://www.sembcorpindia.com/,"Level 5, DLF Building No. 7A, DLF Cyber City Rd, DLF Cyber City, DLF Phase 3, Sector 24, Gurugram, Haryana 122002, India",4.5,88,OPERATIONAL,https://maps.google.com/?cid=16636835732771139618&g_mp=Cilnb29nbGUubWFwcy5wbGFjZXMudjEuUGxhY2VzLlNlYXJjaE5lYXJieRACGAQgAA,ChIJRU18WzgZDTkRInBZBvTp4eY
The Anna's Hut,south_indian_restaurant,south_indian_restaurant|indian_restaurant|restaurant|food|point_of_interest|establishment,083686 93202,https://magicpin.in/Gurgaon/Dlf-phase-3/Restaurant/The-annas-hut/store/a78967/?utm_source=gbp,"U-16/31, 32, near Yadav Properties, U Block, DLF Phase 3, Sector 24, Gurugram, Haryana 122002, India",3.4,23,OPERATIONAL,https://maps.google.com/?cid=15315028223252708110&g_mp=Cilnb29nbGUubWFwcy5wbGFjZXMudjEuUGxhY2VzLlNlYXJjaE5lYXJieRACGAQgAA,ChIJy4cGTUIZDTkRDjsPzAbpidQ
Standard Chartered Bank Gurugram Branch,bank,atm|bank|finance|point_of_interest|establishment,1800 3000 1616,https://www.sc.com/in/,"DLF Building No. 7A, 1/F, SC Tower, DLF Cyber City, DLF Phase 2, Sector 24, Gurugram, Haryana 122002, India",4.2,446,OPERATIONAL,https://maps.google.com/?cid=11973347521757929780&g_mp=Cilnb29nbGUubWFwcy5wbGFjZXMudjEuUGxhY2VzLlNlYXJjaE5lYXJieRACGAQgAA,ChIJ_Ta8nwQZDTkRNGGvLiLgKaY
"91Springboard DLF Cyber City, Gurugram",coworking_space,coworking_space|point_of_interest|establishment,095975 19191,https://www.91springboard.com/co-working-office-space-gurugram/91springboard-platinum-dlf-cyber-city/,"DLF Building No. 7A, 7A, DLF Cyber City, DLF Phase 2, Sector 24, Gurugram, Haryana 122002, India",4.1,15,OPERATIONAL,https://maps.google.com/?cid=11494166623833083504&g_mp=Cilnb29nbGUubWFwcy5wbGFjZXMudjEuUGxhY2VzLlNlYXJjaE5lYXJieRACGAQgAA,ChIJwfl1cccZDTkRcM64SqV7g58
SAMRAT LAUNDRY & DRYCLEANING SERVICES,laundry,laundry|service|point_of_interest|establishment,085279 01289,,"U block 42/08 DLF phase 3 Sector 24 Gurgaon Gali Number 42 Building, Number 8, U Block, DLF Phase 3, Sector 24, Gurugram, Haryana 122010, India",4.9,63,OPERATIONAL,https://maps.google.com/?cid=4911675917868234261&g_mp=Cilnb29nbGUubWFwcy5wbGFjZXMudjEuUGxhY2VzLlNlYXJjaE5lYXJieRACGAQgAA,ChIJteyQin4fDTkRFXZgYDnHKUQ
K2S ACADEMY,educational_institution,educational_institution|point_of_interest|establishment,098119 30005,,"U-35/38, Galli No 42, U Block, DLF Phase 3, Sector 24, Gurugram, Haryana 122002, India",4.9,9,OPERATIONAL,https://maps.google.com/?cid=16712225234675385551&g_mp=Cilnb29nbGUubWFwcy5wbGFjZXMudjEuUGxhY2VzLlNlYXJjaE5lYXJieRACGAQgAA,ChIJ25IoqBEZDTkRz0QlR07A7ec
Made 2 Fit,gym,gym|sports_activity_location|health|point_of_interest|establishment,098181 37179,,"U-42 Rd, U Block, Nathupur, Sector 24, Gurugram, Haryana 122002, India",4,21,CLOSED_TEMPORARILY,https://maps.google.com/?cid=6173903412606045375&g_mp=Cilnb29nbGUubWFwcy5wbGFjZXMudjEuUGxhY2VzLlNlYXJjaE5lYXJieRACGAQgAA,ChIJo-aQuDYZDTkRv4z0aXEcrlU
Bold Branding - Digital Marketing Company,service,service|point_of_interest|establishment,093550 22322,https://boldbrandingdigital.com/,"11, U-42 Rd, U Block, DLF Phase 3, Sector 24, Gurugram, Haryana 122002, India",4.9,11,OPERATIONAL,https://maps.google.com/?cid=8319223813525926073&g_mp=Cilnb29nbGUubWFwcy5wbGFjZXMudjEuUGxhY2VzLlNlYXJjaE5lYXJieRACGAQgAA,ChIJxev2oPcZDTkRufAuNPvRc3M
Admya Infotech,service,service|point_of_interest|establishment,085069 47372,http://www.admyainfotech.com/,"3, U-42 Rd, U Block, DLF Phase 3, Sector 24, Gurugram, Haryana 122002, India",3.5,4,OPERATIONAL,https://maps.google.com/?cid=17722107214613442954&g_mp=Cilnb29nbGUubWFwcy5wbGFjZXMudjEuUGxhY2VzLlNlYXJjaE5lYXJieRACGAQgAA,ChIJBbv8FzEZDTkRivFrrp2S8fU
Super Placement Services,consultant,employment_agency|local_government_office|association_or_organization|consultant|government_office|service|point_of_interest|establishment,098187 51559,http://www.superplacement.in/,"Gali no-1, Basai Enclave Part-1, Near Olive Garden Gurugram, Circle-2, U Block, DLF Phase 3, Sector 24, Gurugram, Haryana 122002, India",4.4,118,OPERATIONAL,https://maps.google.com/?cid=7746826139796797271&g_mp=Cilnb29nbGUubWFwcy5wbGFjZXMudjEuUGxhY2VzLlNlYXJjaE5lYXJieRACGAQgAA,ChIJg5EoBzEZDTkRV3dMZ1RBgms
Car Wash GGN,car_wash,car_wash|point_of_interest|service|establishment,070177 88042,,"S48, S Block, DLF Phase 3, Sector 24, Gurugram, Haryana 122001, India",,,OPERATIONAL,https://maps.google.com/?cid=17113819236160673613&g_mp=Cilnb29nbGUubWFwcy5wbGFjZXMudjEuUGxhY2VzLlNlYXJjaE5lYXJieRACGAQgAA,ChIJFQMSz9MZDTkRTZeaIex_gO0
Roshan Apartments,lodging,lodging|point_of_interest|service|establishment,096545 49408,,"F3RX+VCC, नया मोहल्ला मार्ग, U Block, DLF Phase 3, Sector 24, Gurugram, Haryana 122002, India",4,27,OPERATIONAL,https://maps.google.com/?cid=7989717347094620943&g_mp=Cilnb29nbGUubWFwcy5wbGFjZXMudjEuUGxhY2VzLlNlYXJjaE5lYXJieRACGAQgAA,ChIJh2HfykkZDTkRD-tZiZgt4W4
Brilliant Hair Saloon,hair_salon,hair_salon|hair_care|point_of_interest|service|establishment,072478 61511,,"Face3, near Sec24, DLF Phase 3, Sector 24, Gurugram, Haryana 122002, India",5,2,OPERATIONAL,https://maps.google.com/?cid=13028478371375063399&g_mp=Cilnb29nbGUubWFwcy5wbGFjZXMudjEuUGxhY2VzLlNlYXJjaE5lYXJieRACGAQgAA,ChIJYesS3jMZDTkRZ6GrCQ10zrQ
Chinese Live Counter,fast_food_restaurant,fast_food_restaurant|restaurant|food|point_of_interest|establishment,095215 70040,,"U 51, 2, Balveer Market, DLF Phase 3, Sector 24, Gurugram, Haryana 122002, India",,,OPERATIONAL,https://maps.google.com/?cid=17961440526549652215&g_mp=Cilnb29nbGUubWFwcy5wbGFjZXMudjEuUGxhY2VzLlNlYXJjaE5lYXJieRACGAQgAA,ChIJ50r21c0ZDTkR9xJMv_7aQ_k
C.B.S. Akash Health Club,gym,gym|sports_activity_location|health|point_of_interest|establishment,095822 61309,,"F3RX+R9X, नया मोहल्ला मार्ग, near primary school, CBS, नाथूपुर, सेक्टर २४, गुरुग्राम, हरियाणा 122002, India",3.9,149,OPERATIONAL,https://maps.google.com/?cid=6793889674815729688&g_mp=Cilnb29nbGUubWFwcy5wbGFjZXMudjEuUGxhY2VzLlNlYXJjaE5lYXJieRACGAQgAA,ChIJ77E2cjQZDTkRGPCV5qm-SF4
GATI HOME RELOCATION PACKERS MOVERS,transportation_service,transportation_service|point_of_interest|establishment,095217 85017,,"Block-U, Balveer Market, Nathupur, Sector 24, Shop23, Gurugram, Haryana 122002, India",5,33,OPERATIONAL,https://maps.google.com/?cid=16978596154988743041&g_mp=Cilnb29nbGUubWFwcy5wbGFjZXMudjEuUGxhY2VzLlNlYXJjaE5lYXJieRACGAQgAA,ChIJ9ypmzPAZDTkRgcnqGj8XoOs
Kumkum Jewellers,jewelry_store,jewelry_store|store|point_of_interest|establishment,095556 44440,,"776, नया मोहल्ला मार्ग, near Kapil Dairy, Balveer Market, U Block, DLF Phase 3, Sector 24, Gurugram, Haryana 122002, India",4,39,OPERATIONAL,https://maps.google.com/?cid=1527551822747608204&g_mp=Cilnb29nbGUubWFwcy5wbGFjZXMudjEuUGxhY2VzLlNlYXJjaE5lYXJieRACGAQgAA,ChIJmZUx-DIZDTkRjCTfGkr0MhU
Royal Star Fashion,clothing_store,clothing_store|store|point_of_interest|establishment,092137 95842,,"Galli Number 37, DLF Phase 3, Sector 24, Gurugram, Haryana 122002, India",5,1,OPERATIONAL,https://maps.google.com/?cid=15403114412415874689&g_mp=Cilnb29nbGUubWFwcy5wbGFjZXMudjEuUGxhY2VzLlNlYXJjaE5lYXJieRACGAQgAA,ChIJCYN8FYoZDTkRgXa_6vLawtU
City Like Tailor,tailor,tailor|point_of_interest|service|establishment,099991 32408,,"House No, 766, नया मोहल्ला मार्ग, Balveer Market, U Block, Nathupur, Sector 24, Gurugram, Haryana 122002, India",3.5,4,OPERATIONAL,https://maps.google.com/?cid=10375778050555806853&g_mp=Cilnb29nbGUubWFwcy5wbGFjZXMudjEuUGxhY2VzLlNlYXJjaE5lYXJieRACGAQgAA,ChIJ3UBbcv4ZDTkRhYSs6ykr_o8
Suraj Garments,clothing_store,clothing_store|store|point_of_interest|establishment,097181 28434,,"B1/11, Road No. 59, opposite CBS Apartment, U Block, DLF Phase 3, Sector 24, Gurugram, Haryana 122002, India",5,3,OPERATIONAL,https://maps.google.com/?cid=10905928765856800996&g_mp=Cilnb29nbGUubWFwcy5wbGFjZXMudjEuUGxhY2VzLlNlYXJjaE5lYXJieRACGAQgAA,ChIJ4YAPdicZDTkR5OCbMm6kWZc
Alam halal chicken shof 💝,point_of_interest,point_of_interest|establishment,095551 20585,,"F3RX+RC8, T 24 Rd, U Block, Nathupur, Sector 24, Gurugram, Haryana 122002, India",1,1,OPERATIONAL,https://maps.google.com/?cid=3161260196310313068&g_mp=Cilnb29nbGUubWFwcy5wbGFjZXMudjEuUGxhY2VzLlNlYXJjaE5lYXJieRACGAQgAA,ChIJGcA9CQAZDTkRbGioQ2YN3ys
Purniya Clinic,medical_clinic,medical_clinic|health|point_of_interest|establishment,092890 42045,,"772, NCR, near Rbs Hospital, Balveer Market, U Block, Nathupur, Sector 24, Gurugram, Region, Haryana 122002, India",5,1,OPERATIONAL,https://maps.google.com/?cid=7193485291572700092&g_mp=Cilnb29nbGUubWFwcy5wbGFjZXMudjEuUGxhY2VzLlNlYXJjaE5lYXJieRACGAQgAA,ChIJtb3uEjQZDTkRvCMwjcJk1GM
Govt Girls Primary School,primary_school,primary_school|school|educational_institution|point_of_interest|establishment,061801 05601,,"F3VX+264, Balveer Market, Nathupur, Sector 24, Gurugram, Haryana 122002, India",,,CLOSED_TEMPORARILY,https://maps.google.com/?cid=4216121602720535977&g_mp=Cilnb29nbGUubWFwcy5wbGFjZXMudjEuUGxhY2VzLlNlYXJjaE5lYXJieRACGAQgAA,ChIJralCEzQZDTkRqRUCfEKsgjo
Om Prakash Mandal,bakery,bakery|food_store|store|food|point_of_interest|establishment,070656 88663,,"5, Balveer Market, U Block, DLF Phase 3, Sector 24, Gurugram, Haryana 122002, India",5,1,CLOSED_TEMPORARILY,https://maps.google.com/?cid=10481617225190059216&g_mp=Cilnb29nbGUubWFwcy5wbGFjZXMudjEuUGxhY2VzLlNlYXJjaE5lYXJieRACGAQgAA,ChIJaXaijRcZDTkR0KwRE1UvdpE
Zolo Breeze Co-Living | Redefining PG,service,point_of_interest|service|establishment,088801 08010,https://zolostays.com/pg-hostel-near-DLF-Phase-3-in-Gurugram-for-couple-Zolo-Breeze-ZGG007,"Khasra No. 342, Near, T29, 10 Road, opposite Hanuman Mandir, Nathupur, Sector 24, Gurugram, Haryana 122002, India",3.9,178,OPERATIONAL,https://maps.google.com/?cid=9260091132718659558&g_mp=Cilnb29nbGUubWFwcy5wbGFjZXMudjEuUGxhY2VzLlNlYXJjaE5lYXJieRACGAQgAA,ChIJi_KXLrcZDTkR5rdwudJzgoA
Farmvillabooking,,point_of_interest|establishment,081307 90743,https://farmvillabooking.com/,"T 29, DLF Phase 3, Sector 24, Gurugram, Haryana 122002, DLF Phase 3, Sector 24, Gurugram, Haryana 122001, India",5,3,OPERATIONAL,https://maps.google.com/?cid=12253016104962424187&g_mp=Cilnb29nbGUubWFwcy5wbGFjZXMudjEuUGxhY2VzLlNlYXJjaE5lYXJieRACGAQgAA,ChIJYUX6oXUZDTkRe_1sazp1C6o
Gem Sanskriti,jewelry_store,jewelry_store|store|point_of_interest|service|establishment,072660 52344,,"9, T 29 Rd, DLF Phase 3, Sector 24, Gurugram, Haryana 122010, India",5,1,OPERATIONAL,https://maps.google.com/?cid=7496033751162714500&g_mp=Cilnb29nbGUubWFwcy5wbGFjZXMudjEuUGxhY2VzLlNlYXJjaE5lYXJieRACGAQgAA,ChIJ99jgJdMZDTkRhHlkIvtCB2g
"T29, Krishna Apartment",apartment_building,apartment_building|point_of_interest|service|establishment,,,"T877, DLF Phase 3, Sector 24, Gurugram, Haryana 122002, India",,,OPERATIONAL,https://maps.google.com/?cid=4110204144437771320&g_mp=Cilnb29nbGUubWFwcy5wbGFjZXMudjEuUGxhY2VzLlNlYXJjaE5lYXJieRACGAQgAA,ChIJJcdhMAAZDTkRODyNf-RgCjk
OYO LIFE GRG1571 DLF Phase 3,hotel,hotel|guest_house|cottage|inn|motel|lodging|point_of_interest|service|establishment,0124 620 1166,https://www.oyorooms.com/62857/,"U28A/5, DLF Phase 3, Sector 24, Gurugram, Haryana 122002, India",5,1,OPERATIONAL,https://maps.google.com/?cid=16893060572984454229&g_mp=Cilnb29nbGUubWFwcy5wbGFjZXMudjEuUGxhY2VzLlNlYXJjaE5lYXJieRACGAQgAA,ChIJ_Xfs_O4ZDTkRVSzlfRY1cOo
Priti General Store,general_store,general_store|food_store|store|food|point_of_interest|establishment,099711 88541,,"T 29/10, Dlf Phase 3 Sofia Apartments, Hanuman Mandir, Nathupur, Sector 24, Gurugram, Haryana 122002, India",2.8,4,OPERATIONAL,https://maps.google.com/?cid=17273081238165988890&g_mp=Cilnb29nbGUubWFwcy5wbGFjZXMudjEuUGxhY2VzLlNlYXJjaE5lYXJieRACGAQgAA,ChIJbQYOsDQZDTkRGiZZkd5Ptu8
Rampal,store,store|point_of_interest|establishment,088495 12038,,"T880, DLF Phase 3, Sector 24, Gurugram, Haryana 122002, India",5,2,OPERATIONAL,https://maps.google.com/?cid=8485771235076265771&g_mp=Cilnb29nbGUubWFwcy5wbGFjZXMudjEuUGxhY2VzLlNlYXJjaE5lYXJieRACGAQgAA,ChIJdVkhQAAZDTkRK9fyj_qDw3U
Muscle Asylum,store,store|health|point_of_interest|establishment,085956 78835,http://www.muscleasylum.in/,"S 27/7, DLF Phase 3, Sector 24, Gurugram, Haryana 122010, India",4.2,33,OPERATIONAL,https://maps.google.com/?cid=15850128220034659161&g_mp=Cilnb29nbGUubWFwcy5wbGFjZXMudjEuUGxhY2VzLlNlYXJjaE5lYXJieRACGAQgAA,ChIJna92QrUZDTkRWXOPd6P39ts
Naani ki Matthi,food,food|point_of_interest|establishment,098730 36637,http://www.naanikimatthi.com/,"S 27/1A, DLF Phase 3, Sector 24, Gurugram, Haryana 122002, India",4.7,12,OPERATIONAL,https://maps.google.com/?cid=8741945442318186902&g_mp=Cilnb29nbGUubWFwcy5wbGFjZXMudjEuUGxhY2VzLlNlYXJjaE5lYXJieRACGAQgAA,ChIJF3OsZBkfDTkRlnk4HxChUXk
Future Info Edge PVT. LTD.,guest_house,guest_house|lodging|point_of_interest|establishment,0124 428 6511,,"T26/12, DLF Phase 3, Sector 24, Gurugram, Haryana 122002, India",3.4,5,OPERATIONAL,https://maps.google.com/?cid=17451603145558610929&g_mp=Cilnb29nbGUubWFwcy5wbGFjZXMudjEuUGxhY2VzLlNlYXJjaE5lYXJieRACGAQgAA,ChIJDSC8YMseDTkR8VMcLJmMMPI
Central university of Haryana Transit office,corporate_office,corporate_office|point_of_interest|establishment,0124 235 0283,,"T-25/8, DLF Phase 3, Sector 24, Gurugram, Haryana 122002, India",4.5,34,OPERATIONAL,https://maps.google.com/?cid=15504151045790849024&g_mp=Cilnb29nbGUubWFwcy5wbGFjZXMudjEuUGxhY2VzLlNlYXJjaE5lYXJieRACGAQgAA,ChIJTWPwesseDTkRAFhdTDvPKdc
STEPiNN ACME,hotel,hotel|lodging|point_of_interest|establishment,098994 79622,,"S5/16, DLF PHASE-3, SECTOR 24, GURGAON Gurgaon, DLF Phase 3, Sector 24, Gurugram, Haryana 122002, India",3,1,OPERATIONAL,https://maps.google.com/?cid=14685398098869341732&g_mp=Cilnb29nbGUubWFwcy5wbGFjZXMudjEuUGxhY2VzLlNlYXJjaE5lYXJieRACGAQgAA,ChIJT3uDaMseDTkRJM5NrMMDzcs
FabHotel Moon Hospitality,hotel,hotel|extended_stay_hotel|lodging|point_of_interest|establishment,070424 24242,https://www.fabhotels.com/hotels-in-gurgaon/?utm_source=Google_Maps&utm_medium=organic&utm_campaign=Google_Maps_Clicks,"-122002, T-26/12, DLF Phase 3, Sector 24, DLF Phase 3, Sector 24, Gurugram, Haryana 122002, India",3.6,71,OPERATIONAL,https://maps.google.com/?cid=2978859717113246824&g_mp=Cilnb29nbGUubWFwcy5wbGFjZXMudjEuUGxhY2VzLlNlYXJjaE5lYXJieRACGAQgAA,ChIJA_m-YMseDTkRaHRBSiEJVyk
OYO Home Moonlight Hositality Near Aravali Biodiversity Park,hotel,hotel|guest_house|cottage|motel|inn|lodging|service|point_of_interest|establishment,0124 620 1166,https://www.oyorooms.com/170660,"Plot No, 12, T 26, near Sai Baba Mandir & City Club, DLF Phase 3, Sector 24, Gurugram, Haryana 122002, India",3.3,38,OPERATIONAL,https://maps.google.com/?cid=7712177218491661447&g_mp=Cilnb29nbGUubWFwcy5wbGFjZXMudjEuUGxhY2VzLlNlYXJjaE5lYXJieRACGAQgAA,ChIJLZBnZ8seDTkRhzwOwVEoB2s
Shiv Shakti Packers And Movers,transportation_service,transportation_service|point_of_interest|establishment,099963 51595,http://www.shivshaktimovers.in/,"T25/8, DLF Phase 3, Sector 24, Gurugram, Haryana 122002, India",4.5,22,OPERATIONAL,https://maps.google.com/?cid=11556651317641432884&g_mp=Cilnb29nbGUubWFwcy5wbGFjZXMudjEuUGxhY2VzLlNlYXJjaE5lYXJieRACGAQgAA,ChIJB2Y99lUfDTkRNE8RxSR5YaA
Mapple Crafts,service,service|point_of_interest|establishment,099714 22612,,"T-7, T Block, DLF Phase 3, Sector 24, Gurugram, Haryana 122002, India",5,30,OPERATIONAL,https://maps.google.com/?cid=5744713707033414139&g_mp=Cilnb29nbGUubWFwcy5wbGFjZXMudjEuUGxhY2VzLlNlYXJjaE5lYXJieRACGAQgAA,ChIJMf0MGzUfDTkR-0kLBK5SuU8
Blackstorm Event & Entertainment,,point_of_interest|establishment,098733 18982,https://www.blackstormevents.com/,"6 Basement, T -15 Rd, T Block, DLF Phase 3, Sector 24, Gurugram, Haryana 122001, India",5,1,OPERATIONAL,https://maps.google.com/?cid=16066656829038590819&g_mp=Cilnb29nbGUubWFwcy5wbGFjZXMudjEuUGxhY2VzLlNlYXJjaE5lYXJieRACGAQgAA,ChIJRZ89JGcfDTkRY_vy3kI7-N4
Wanya Estate,general_contractor,general_contractor|service|point_of_interest|establishment,0124 447 8806,http://wanyaestate.website3.me/,"6, T -15 Rd, T Block, DLF Phase 3, Sector 24, Gurugram, Haryana 122002, India",5,10,OPERATIONAL,https://maps.google.com/?cid=889656552616658510&g_mp=Cilnb29nbGUubWFwcy5wbGFjZXMudjEuUGxhY2VzLlNlYXJjaE5lYXJieRACGAQgAA,ChIJE4fMmgUfDTkRTobQxuuxWAw
Collection O by OYO Grand Casa,hotel,hotel|guest_house|cottage|motel|inn|lodging|service|point_of_interest|establishment,0124 433 0575,https://www.oyorooms.com/189933/,"T 23 Rd, T Block, Nathupur, Sector 24, Gurugram, Haryana 122002, India",3.7,49,OPERATIONAL,https://maps.google.com/?cid=14404211413170153561&g_mp=Cilnb29nbGUubWFwcy5wbGFjZXMudjEuUGxhY2VzLlNlYXJjaE5lYXJieRACGAQgAA,ChIJ1cgL21QfDTkRWWiip_YJ5sc
FORESTHERBS,corporate_office,corporate_office|point_of_interest|establishment,0124 410 9232,http://forestherb.com/,"V-17/18, DLF PHASE-III, DLF Phase 3, Sector 24, Gurugram, Haryana 122002, India",,,OPERATIONAL,https://maps.google.com/?cid=14265071343246762145&g_mp=Cilnb29nbGUubWFwcy5wbGFjZXMudjEuUGxhY2VzLlNlYXJjaE5lYXJieRACGAQgAA,ChIJVflDccseDTkRoeDTnc6298U
SDM Exim Pvt. Ltd.,corporate_office,corporate_office|point_of_interest|establishment,0124 403 7329,,"T 7/16, DLF City Phase III, DLF Phase 3, Sector 24, Gurugram, Haryana 122002, India",5,2,OPERATIONAL,https://maps.google.com/?cid=11938903920311561195&g_mp=Cilnb29nbGUubWFwcy5wbGFjZXMudjEuUGxhY2VzLlNlYXJjaE5lYXJieRACGAQgAA,ChIJmeVDccseDTkR62uwSdyBr6U
CONVOW Inc.,general_contractor,manufacturer|general_contractor|service|point_of_interest|establishment,095999 91020,,"9F, Moulsari Ave, DLF Phase 3, Sector 24, Gurugram, Haryana 122002, India",,,CLOSED_TEMPORARILY,https://maps.google.com/?cid=4095198934511713029&g_mp=Cilnb29nbGUubWFwcy5wbGFjZXMudjEuUGxhY2VzLlNlYXJjaE5lYXJieRACGAQgAA,ChIJE51EccseDTkRBfsg0LsR1Tg
37 @ SIRIS ROAD,hotel,hotel|lodging|point_of_interest|establishment,098105 00332,http://www.37sirisroad.com/,"Block T, 37, Siris Rd, near City Club, T Block, DLF Phase 3, Sector 24, Gurugram, Haryana 122002, India",4.2,117,OPERATIONAL,https://maps.google.com/?cid=6230928968931805709&g_mp=Cilnb29nbGUubWFwcy5wbGFjZXMudjEuUGxhY2VzLlNlYXJjaE5lYXJieRACGAQgAA,ChIJIS5MFsweDTkRDQrfZeK0eFY
FabHotel Rivlet Residency,hotel,hotel|lodging|point_of_interest|establishment,070424 24242,https://www.fabhotels.com/hotels-in-gurgaon/fabhotel-rivlet-premium-iii.html?utm_source=GMB&utm_medium=organic&utm_campaign=GMB_Traffic,"37, Siris Rd, T Block, DLF Phase 3, Sector 24, Gurugram, Haryana 122002, India",4.6,287,OPERATIONAL,https://maps.google.com/?cid=17243364627167371360&g_mp=Cilnb29nbGUubWFwcy5wbGFjZXMudjEuUGxhY2VzLlNlYXJjaE5lYXJieRACGAQgAA,ChIJ73h-x7AfDTkRYODY5sS8TO8
Weddingaro,wedding_venue,wedding_venue|event_venue|point_of_interest|service|establishment,072900 06773,http://weddingaro.com/,"37, Siris Rd, T Block, DLF Phase 3, Sector 24, Gurugram, Haryana 122002, India",3,1,CLOSED_TEMPORARILY,https://maps.google.com/?cid=3748332163537240361&g_mp=Cilnb29nbGUubWFwcy5wbGFjZXMudjEuUGxhY2VzLlNlYXJjaE5lYXJieRACGAQgAA,ChIJJzfBk7UfDTkRKQHPQz7ABDQ
OYO Camria Executive,hotel,hotel|guest_house|cottage|inn|motel|lodging|point_of_interest|service|establishment,0124 620 1166,https://www.oyorooms.com/7949/,"37, Siris Rd, T Block, DLF Phase 3, Sector 24, Gurugram, Haryana 122002, India",3.7,15,OPERATIONAL,https://maps.google.com/?cid=15411959547519203775&g_mp=Cilnb29nbGUubWFwcy5wbGFjZXMudjEuUGxhY2VzLlNlYXJjaE5lYXJieRACGAQgAA,ChIJU4cLF8weDTkRv3mSao1H4tU
OYO 11524 Hotel Sabhyata Residency,hotel,hotel|guest_house|cottage|inn|motel|lodging|point_of_interest|service|establishment,0124 620 1206,https://www.oyorooms.com/18476,"37, Siris Rd, T Block, DLF Phase 3, Sector 24, Gurugram, Haryana 122002, India",3.3,245,OPERATIONAL,https://maps.google.com/?cid=3162338409730211434&g_mp=Cilnb29nbGUubWFwcy5wbGFjZXMudjEuUGxhY2VzLlNlYXJjaE5lYXJieRACGAQgAA,ChIJYYBYB8weDTkRav6KYwfi4is
OMI by Aldott,restaurant,restaurant|food|point_of_interest|establishment,088008 87353,https://www.thealdott.com/,"5th Floor, The Aldott, 81, Moulsari Ave, DLF Phase 3, Sector 24, Gurugram, Haryana 122002, India",4,13,OPERATIONAL,https://maps.google.com/?cid=774273037069650918&g_mp=Cilnb29nbGUubWFwcy5wbGFjZXMudjEuUGxhY2VzLlNlYXJjaE5lYXJieRACGAQgAA,ChIJ_ZrM6ScfDTkR5guzlTnFvgo
The Aldott Boutique Hotel,hotel,hotel|event_venue|lodging|restaurant|food|point_of_interest|establishment,098110 13689,http://www.thealdott.com/,"81, Moulsari Ave, DLF Phase 3, Sector 24, Gurugram, Haryana 122002, India",4.5,1023,OPERATIONAL,https://maps.google.com/?cid=16258023425846428993&g_mp=Cilnb29nbGUubWFwcy5wbGFjZXMudjEuUGxhY2VzLlNlYXJjaE5lYXJieRACGAQgAA,ChIJq5SJS2YfDTkRQUWOxyoaoOE
Cafe OMI,cafe,cafe|food|point_of_interest|establishment,098110 08684,http://www.thealdott.com/,"The Aldott, 81, Moulsari Ave, DLF Phase 3, Sector 24, Gurugram, Haryana 122002, India",4.5,51,OPERATIONAL,https://maps.google.com/?cid=4956889282761145308&g_mp=Cilnb29nbGUubWFwcy5wbGFjZXMudjEuUGxhY2VzLlNlYXJjaE5lYXJieRACGAQgAA,ChIJkTHRBpUfDTkR3DvrOYpoykQ
Xtracare Logistics Pvt. Ltd.,shipping_service,shipping_service|transportation_service|point_of_interest|service|establishment,099992 21851,http://xclpl.com/,"81, Moulsari Ave, DLF Phase 3, Sector 24, Gurugram, Haryana 122002, India",4.2,16,OPERATIONAL,https://maps.google.com/?cid=24196804108459802&g_mp=Cilnb29nbGUubWFwcy5wbGFjZXMudjEuUGxhY2VzLlNlYXJjaE5lYXJieRACGAQgAA,ChIJ8UkXjDYZDTkRGp-Ved32VQA
"82, Moulsari Avenue",housing_complex,housing_complex|point_of_interest|service|establishment,,,"82, Moulsari Ave, T Block, DLF Phase 3, Sector 24, Gurugram, Haryana 122002, India",5,1,OPERATIONAL,https://maps.google.com/?cid=7295326000997003367&g_mp=Cilnb29nbGUubWFwcy5wbGFjZXMudjEuUGxhY2VzLlNlYXJjaE5lYXJieRACGAQgAA,ChIJm1nTXyEfDTkRZ_AYelg0PmU
Designarche,clothing_store,clothing_store|store|point_of_interest|establishment,093156 03326,https://www.designarche.com/,"80, Moulsari Ave, DLF Phase 3, Sector 24, Gurugram, Haryana 122002, India",4.6,58,OPERATIONAL,https://maps.google.com/?cid=200754472334446832&g_mp=Cilnb29nbGUubWFwcy5wbGFjZXMudjEuUGxhY2VzLlNlYXJjaE5lYXJieRACGAQgAA,ChIJkbFJHDIfDTkR8NCQAiE5yQI
Siesta Service Apartments,lodging,lodging|point_of_interest|service|establishment,085108 70144,,"MA Gurgoan Haryana 1220002, 80, Moulsari Ave, DLF Phase 3, Sector 24, Gurugram, Haryana 122002, India",3.7,32,CLOSED_TEMPORARILY,https://maps.google.com/?cid=16676532100255801659&g_mp=Cilnb29nbGUubWFwcy5wbGFjZXMudjEuUGxhY2VzLlNlYXJjaE5lYXJieRACGAQgAA,ChIJBwLP8MseDTkRO2El0Zbxbuc
OYO 7685 Bird house,hotel,hotel|guest_house|cottage|inn|motel|lodging|point_of_interest|service|establishment,0124 620 1166,https://www.oyorooms.com/12860/,"Plot No. W5, 33, DLF City Phase 3 Rd, T Block, DLF Phase 3, Sector 24, Gurugram, Haryana 122002, India",3.7,149,OPERATIONAL,https://maps.google.com/?cid=5015491803859784603&g_mp=Cilnb29nbGUubWFwcy5wbGFjZXMudjEuUGxhY2VzLlNlYXJjaE5lYXJieRACGAQgAA,ChIJ-5OWA8weDTkRmxPy7jibmkU
AMK Properties,real_estate_agency,real_estate_agency|point_of_interest|service|establishment,098105 77988,,"31, Ground Floor, Siris Rd, T Block, DLF Phase 3, Sector 24, Gurugram, Haryana 122002, India",5,4,OPERATIONAL,https://maps.google.com/?cid=3639577119752408770&g_mp=Cilnb29nbGUubWFwcy5wbGFjZXMudjEuUGxhY2VzLlNlYXJjaE5lYXJieRACGAQgAA,ChIJqz5lWtUfDTkRwk57axtggjI
Blissful Bites by Juhie,bakery,bakery|food_store|store|food|point_of_interest|establishment,098917 46380,,"14, V-2, V Block, DLF Phase 3, Sector 24, Gurugram, Haryana 122002, India",4.8,14,OPERATIONAL,https://maps.google.com/?cid=8652780845392911685&g_mp=Cilnb29nbGUubWFwcy5wbGFjZXMudjEuUGxhY2VzLlNlYXJjaE5lYXJieRACGAQgAA,ChIJZyI5bFIfDTkRRd3yoFXaFHg
DLF Phase 3 Art of Living Center,yoga_studio,yoga_studio|fitness_center|gym|sports_complex|sports_school|sports_activity_location|health|point_of_interest|establishment,080676 12345,https://www.artofliving.org/in-en/gurgaon&amp,"V1/26, V-1, DLF Phase 3, Sector 24, Gurugram, Haryana 122002, India",5,2,OPERATIONAL,https://maps.google.com/?cid=16479641461880537929&g_mp=Cilnb29nbGUubWFwcy5wbGFjZXMudjEuUGxhY2VzLlNlYXJjaE5lYXJieRACGAQgAA,ChIJVzvuU8keDTkRSUMwwZhys-Q
"North Point Biodiversity Park,DLF-3,Gurgaon",park,park|point_of_interest|establishment,,,"Biodiversity Park, Nathupur, Sector 24, Gurugram, Haryana 122010, India",4.8,38,OPERATIONAL,https://maps.google.com/?cid=17620474418170302591&g_mp=Cilnb29nbGUubWFwcy5wbGFjZXMudjEuUGxhY2VzLlNlYXJjaE5lYXJieRACGAQgAA,ChIJNxZCQWgfDTkRfxDmRCCAiPQ
Skumar Automobile,car_repair,car_repair|point_of_interest|service|establishment,090463 93106,,"176 Maruti, Gurgaon - Delhi Expy, Maruti Udyog, Sector 18, Gurugram, Haryana 122015, India",,,CLOSED_TEMPORARILY,https://maps.google.com/?cid=7014367876453031126&g_mp=Cilnb29nbGUubWFwcy5wbGFjZXMudjEuUGxhY2VzLlNlYXJjaE5lYXJieRACGAQgAA,ChIJNa3x5psZDTkR1tzkf2sKWGE
FlyMyParcel,courier_service,courier_service|shipping_service|transportation_service|point_of_interest|service|establishment,098118 51185,http://www.flymyparcel.com/,"shed no 3,mahendra complex, Behind Airterl Building Sec, Maruti Udyog, Sector 18, Gurugram, Haryana 122015, India",1.8,10,CLOSED_TEMPORARILY,https://maps.google.com/?cid=8434814691335269532&g_mp=Cilnb29nbGUubWFwcy5wbGFjZXMudjEuUGxhY2VzLlNlYXJjaE5lYXJieRACGAQgAA,ChIJsVDPSm0ZDTkRnOxIr0V7DnU
Impact,employment_agency,employment_agency|point_of_interest|service|establishment,0124 669 0600,,"Plot number - 75, 1st floor, Sector 18, Maruti Udyog, Sector 18, Gurugram, Haryana 122015, India",,,OPERATIONAL,https://maps.google.com/?cid=6407255864773217643&g_mp=Cilnb29nbGUubWFwcy5wbGFjZXMudjEuUGxhY2VzLlNlYXJjaE5lYXJieRACGAQgAA,ChIJgVDPSm0ZDTkRa43YDEMl61g
Agarwalmilan,local_government_office,local_government_office|government_office|point_of_interest|establishment,088025 35099,,"Plot-62, Sector-18, Maruti Udyog, Sector 18, Gurugram, Haryana 122015, India",,,CLOSED_TEMPORARILY,https://maps.google.com/?cid=1399591895653615652&g_mp=Cilnb29nbGUubWFwcy5wbGFjZXMudjEuUGxhY2VzLlNlYXJjaE5lYXJieRACGAQgAA,ChIJgVDPSm0ZDTkRJAjz6mlZbBM
K2B Learning,,point_of_interest|establishment,098106 92616,http://k2blearning.com/,"Plot 23, Maruti Industrial Area, Sector 18, Maruti Udyog, Sector 18, Gurugram, Haryana 122015, India",5,3,CLOSED_TEMPORARILY,https://maps.google.com/?cid=12099069985846089116&g_mp=Cilnb29nbGUubWFwcy5wbGFjZXMudjEuUGxhY2VzLlNlYXJjaE5lYXJieRACGAQgAA,ChIJgVDPSm0ZDTkRnFXyagyI6Kc
SBI ATM,atm,atm|finance|point_of_interest|establishment,1800 1234,https://bank.sbi/,"Ltd, Palam Golf Road, Maruti Udyog, Sector 18, Gurugram, Haryana 122015, India",5,1,OPERATIONAL,https://maps.google.com/?cid=13395605482135270528&g_mp=Cilnb29nbGUubWFwcy5wbGFjZXMudjEuUGxhY2VzLlNlYXJjaE5lYXJieRACGAQgAA,ChIJMTfaHvQjDTkRgLTyiTbA5rk
Machino Plastics Limited,manufacturer,manufacturer|point_of_interest|establishment,0124 234 1218,http://www.machino.com/,"Place No 3, Maruti Join Venture Complex, Sector 18, Jaipur - Delhi Expy, Phase IV, Maruti Udyog, Sector 18, Gurugram, Haryana 122015, India",4.4,51,OPERATIONAL,https://maps.google.com/?cid=3488114072198670471&g_mp=Cilnb29nbGUubWFwcy5wbGFjZXMudjEuUGxhY2VzLlNlYXJjaE5lYXJieRACGAQgAA,ChIJJYzf3cwZDTkRh2hxkURFaDA
Vitramo,manufacturer,manufacturer|point_of_interest|establishment,098713 92822,,"303, Udyog Vihar Phase 4 Rd, Maruti Udyog, Sector 18, Gurugram, Haryana 122015, India",,,OPERATIONAL,https://maps.google.com/?cid=18331616148480530718&g_mp=Cilnb29nbGUubWFwcy5wbGFjZXMudjEuUGxhY2VzLlNlYXJjaE5lYXJieRACGAQgAA,ChIJX1xjdx8ZDTkRHhn_EMP7Zv4
SKH Metals Ltd.,manufacturer,manufacturer|point_of_interest|establishment,0124 262 5201,http://krishnagroup.co.in/skh-metals/about_us.html,"141, Phase IV, Maruti Udyog, Sector 18, Gurugram, Haryana 122015, India",4,27,OPERATIONAL,https://maps.google.com/?cid=17277631360734191084&g_mp=Cilnb29nbGUubWFwcy5wbGFjZXMudjEuUGxhY2VzLlNlYXJjaE5lYXJieRACGAQgAA,ChIJtTTkpGoZDTkR7N21iC56xu8
Shree Jee knitwear pvt ltd,service,point_of_interest|service|establishment,099534 41262,,"Plot no 131, Phase IV, Udyog Vihar, Sector 18, Gurugram, Haryana 122015, India",4.5,4,OPERATIONAL,https://maps.google.com/?cid=12477886290115800750&g_mp=Cilnb29nbGUubWFwcy5wbGFjZXMudjEuUGxhY2VzLlNlYXJjaE5lYXJieRACGAQgAA,ChIJz4M0_p8ZDTkRrq4RXnhbKq0
Grand Prints Pvt. Ltd.,manufacturer,manufacturer|point_of_interest|establishment,098184 50927,https://www.grandprintsindia.com/,"133-134, Phase IV, Udyog Vihar, Sector 18, Gurugram, Haryana 122015, India",4.6,14,OPERATIONAL,https://maps.google.com/?cid=16235808966677310437&g_mp=Cilnb29nbGUubWFwcy5wbGFjZXMudjEuUGxhY2VzLlNlYXJjaE5lYXJieRACGAQgAA,ChIJAQAAAGkZDTkR5Svn8zsuUeE
Verb Electric,store,store|point_of_interest|establishment,1860 120 1245,https://verbelectric.com/default.aspx,"VERB, ELECTRIC 136, Phase IV, Udyog Vihar, Sector 18, Gurugram, Haryana 122015, India",3.8,8,OPERATIONAL,https://maps.google.com/?cid=16186551475991590563&g_mp=Cilnb29nbGUubWFwcy5wbGFjZXMudjEuUGxhY2VzLlNlYXJjaE5lYXJieRACGAQgAA,ChIJYzDNs80ZDTkRo7YNsc4uouA
Pimitinfotech,manufacturer,manufacturer|point_of_interest|establishment,0124 406 8721,http://pimitinfotech.com/,"UV-136, Phase IV, Udyog Vihar, Sector 18, Gurugram, Haryana 122015, India",1,1,CLOSED_TEMPORARILY,https://maps.google.com/?cid=9147808991250704695&g_mp=Cilnb29nbGUubWFwcy5wbGFjZXMudjEuUGxhY2VzLlNlYXJjaE5lYXJieRACGAQgAA,ChIJ_by2rWoZDTkRN2mfdM-L834
Jawa Pharmaceuticals (INDIA) Pvt. Ltd.,manufacturer,manufacturer|point_of_interest|establishment,0124 401 7871,http://www.jawapharma.com/,"129, Phase IV, Udyog Vihar, Sector gurgaon 12201518, Phase IV, Udyog Vihar, Sector 18, Gurugram, Haryana 122015, India",3.6,35,OPERATIONAL,https://maps.google.com/?cid=4590561957615382800&g_mp=Cilnb29nbGUubWFwcy5wbGFjZXMudjEuUGxhY2VzLlNlYXJjaE5lYXJieRACGAQgAA,ChIJuYoSXBUZDTkREDEWU8fztD8
Checkmate Services Pvt Ltd,service,point_of_interest|service|establishment,098737 17873,,"138, Phase IV, Udyog Vihar, Sector 18, Gurugram, Haryana 122015, India",3.6,81,OPERATIONAL,https://maps.google.com/?cid=10054480452044081334&g_mp=Cilnb29nbGUubWFwcy5wbGFjZXMudjEuUGxhY2VzLlNlYXJjaE5lYXJieRACGAQgAA,ChIJmcaEsLEZDTkRtkgyQbOwiIs
Axis Bank ATM,atm,atm|finance|point_of_interest|establishment,1860 500 5555,https://branch.axisbank.com/axis-bank-near-shiv-mandir-atm-gurgaon-haryana-47957/Home?utm_source=locator&utm_medium=googleplaces,"House No 186, near Shiv Mandir, Phase IV, Udyog Vihar, Sector 19, Gurugram, Haryana 122015, India",3,2,OPERATIONAL,https://maps.google.com/?cid=1533673245843877796&g_mp=Cilnb29nbGUubWFwcy5wbGFjZXMudjEuUGxhY2VzLlNlYXJjaE5lYXJieRACGAQgAA,ChIJT9-Lj3MZDTkRpG8L_LCzSBU
Meatington,manufacturer,manufacturer|point_of_interest|establishment,074156 56741,http://meatington.com/,"223, Phase IV, Udyog Vihar, Sector 18, Gurugram, Haryana 122015, India",4.8,65,OPERATIONAL,https://maps.google.com/?cid=10824758019031915517&g_mp=Cilnb29nbGUubWFwcy5wbGFjZXMudjEuUGxhY2VzLlNlYXJjaE5lYXJieRACGAQgAA,ChIJE5uMvpIZDTkR_Vv19xBEOZY
The High Life Cuisine,food,food|point_of_interest|establishment,074156 56741,http://thehighlifekitchen.com/,"223, Phase IV, Udyog Vihar, Sector 18, Gurugram, Haryana 122015, India",2.2,6,OPERATIONAL,https://maps.google.com/?cid=16400094381309618380&g_mp=Cilnb29nbGUubWFwcy5wbGFjZXMudjEuUGxhY2VzLlNlYXJjaE5lYXJieRACGAQgAA,ChIJQ-uDT20ZDTkRzOjWyPLWmOM
International Call Center Services Provider,,point_of_interest|establishment,098181 23888,,"223, Phase IV, Udyog Vihar, Sector 18, Gurugram, Haryana 122015, India",3.6,18,OPERATIONAL,https://maps.google.com/?cid=6935146480752914908&g_mp=Cilnb29nbGUubWFwcy5wbGFjZXMudjEuUGxhY2VzLlNlYXJjaE5lYXJieRACGAQgAA,ChIJccWM-T8ZDTkR3PGT8vqWPmA
Leader Medical Systems Pvt Ltd,health,health|point_of_interest|establishment,085888 38838,http://www.leaderhealthcare.in/,"190, 3rd Floor, Udyog Vihar Phase 4 Rd, Phase IV, Udyog Vihar, Sector 18, Gurugram, Haryana 122015, India",,,OPERATIONAL,https://maps.google.com/?cid=3097104602659402530&g_mp=Cilnb29nbGUubWFwcy5wbGFjZXMudjEuUGxhY2VzLlNlYXJjaE5lYXJieRACGAQgAA,ChIJVQz30nUZDTkRIrO9GTog-yo
Winster Solutions I Schuco Showroom,,point_of_interest|establishment,098186 30201,http://www.winster.in/,"191, Phase IV, Udyog Vihar, Sector 18, Gurugram, Haryana 122016, India",4.4,14,OPERATIONAL,https://maps.google.com/?cid=16439882472269622130&g_mp=Cilnb29nbGUubWFwcy5wbGFjZXMudjEuUGxhY2VzLlNlYXJjaE5lYXJieRACGAQgAA,ChIJNdRZo3EZDTkRcivNnAEyJuQ
Seitz India Pvt Ltd,corporate_office,corporate_office|point_of_interest|establishment,099119 19858,,"191, Phase IV, Udyog Vihar, Sector 18, Gurugram, Haryana 122015, India",3.5,4,OPERATIONAL,https://maps.google.com/?cid=3033969528124969714&g_mp=Cilnb29nbGUubWFwcy5wbGFjZXMudjEuUGxhY2VzLlNlYXJjaE5lYXJieRACGAQgAA,ChIJVV2H-z8ZDTkR8pI_DzbTGio
Mafatlal Industries limited,store,supplier|store|point_of_interest|service|establishment,084848 49378,,"2nd Floor, Plot, no 225, Phase IV, Udyog Vihar, Sector 18, Gurugram, Haryana 122015, India",4.6,5,OPERATIONAL,https://maps.google.com/?cid=14119072966804054392&g_mp=Cilnb29nbGUubWFwcy5wbGFjZXMudjEuUGxhY2VzLlNlYXJjaE5lYXJieRACGAQgAA,ChIJ9y0EwoAZDTkReCEtqA4G8cM
Pulse E -tehchnologies Private Limited,,point_of_interest|establishment,0124 234 1993,,"222, Phase IV, Udyog Vihar, Sector 18, Gurugram, Haryana 122005, India",4.8,6,OPERATIONAL,https://maps.google.com/?cid=12122216599033414443&g_mp=Cilnb29nbGUubWFwcy5wbGFjZXMudjEuUGxhY2VzLlNlYXJjaE5lYXJieRACGAQgAA,ChIJq6qq6j8ZDTkRKwO7Q8XDOqg
Terra Group,general_contractor,general_contractor|point_of_interest|service|establishment,086969 08884,http://www.terragroup.co.in/,"190, Phase IV, Udyog Vihar, Sector 18, Gurugram, Haryana 122015, India",3.7,22,OPERATIONAL,https://maps.google.com/?cid=11679220795950425082&g_mp=Cilnb29nbGUubWFwcy5wbGFjZXMudjEuUGxhY2VzLlNlYXJjaE5lYXJieRACGAQgAA,ChIJkWP_FcYZDTkR-uP6S2_tFKI
BuildUP WorkSpaces,corporate_office,corporate_office|point_of_interest|establishment,074283 90838,,"190, Phase IV, Udyog Vihar, Sector 18, Gurugram, Haryana 122015, India",5,4,CLOSED_TEMPORARILY,https://maps.google.com/?cid=8861778173983779266&g_mp=Cilnb29nbGUubWFwcy5wbGFjZXMudjEuUGxhY2VzLlNlYXJjaE5lYXJieRACGAQgAA,ChIJ_y7uHAAZDTkRwumcKkxc-3o
BIZCON INNOVATIONS PRIVATE LIMITED,supplier,supplier|point_of_interest|establishment,080 3752 8917,,"190, Phase IV, Udyog Vihar, Sector 18, Gurugram, Haryana 122015, India",,,CLOSED_TEMPORARILY,https://maps.google.com/?cid=9655489489415808168&g_mp=Cilnb29nbGUubWFwcy5wbGFjZXMudjEuUGxhY2VzLlNlYXJjaE5lYXJieRACGAQgAA,ChIJlXf5_D8ZDTkRqKQlnYgw_4U
YELLOWWOOD CORPORATIONS PVT. LTD.,employment_agency,employment_agency|point_of_interest|service|establishment,094311 20399,http://yellowood.co.in/,"Plot No.-75, Phase IV, Udyog Vihar, Sector 18, Gurugram, Haryana 122015, India",5,1,OPERATIONAL,https://maps.google.com/?cid=15127051399926245448&g_mp=Cilnb29nbGUubWFwcy5wbGFjZXMudjEuUGxhY2VzLlNlYXJjaE5lYXJieRACGAQgAA,ChIJZ2aaej8ZDTkRSOitBxoV7tE
Designberry studios,general_contractor,general_contractor|point_of_interest|service|establishment,093159 62316,https://designberrystudios.com/,"D, 76, Phase IV, Udyog Vihar, Sector 18, Gurugram, Haryana 122015, India",5,24,OPERATIONAL,https://maps.google.com/?cid=9166208179228280555&g_mp=Cilnb29nbGUubWFwcy5wbGFjZXMudjEuUGxhY2VzLlNlYXJjaE5lYXJieRACGAQgAA,ChIJh4xG8qYZDTkR64YuPMbpNH8
Arista Vault,corporate_office,corporate_office|point_of_interest|establishment,096255 61926,http://www.aristavault.com/,"Plot No. 76, D, First floor, Phase-4, Phase IV, Udyog Vihar, Sector 18, Gurugram, Haryana 122015, India",4.4,124,OPERATIONAL,https://maps.google.com/?cid=7834178885426993732&g_mp=Cilnb29nbGUubWFwcy5wbGFjZXMudjEuUGxhY2VzLlNlYXJjaE5lYXJieRACGAQgAA,ChIJ2Vf3iE4ZDTkRRNq9ZDCYuGw
ALLIED MEDICAL LIMITED,manufacturer,manufacturer|point_of_interest|establishment,1800 102 7879,https://www.alliedmed.co.in/,"B No, 76-77, Phase IV, Udyog Vihar, Sector 18, Gurugram, Haryana 122015, India",4.2,23,OPERATIONAL,https://maps.google.com/?cid=12821607064205614634&g_mp=Cilnb29nbGUubWFwcy5wbGFjZXMudjEuUGxhY2VzLlNlYXJjaE5lYXJieRACGAQgAA,ChIJQ71ccD8ZDTkRKl6db7F_77E
The Executive Lease,real_estate_agency,real_estate_agency|point_of_interest|service|establishment,075033 41344,https://www.theexecutivelease.com/,"Plot 76D, Phase IV, Udyog Vihar, Sector 18, Gurugram, Haryana 122015, India",,,OPERATIONAL,https://maps.google.com/?cid=14402247662060903923&g_mp=Cilnb29nbGUubWFwcy5wbGFjZXMudjEuUGxhY2VzLlNlYXJjaE5lYXJieRACGAQgAA,ChIJ_-syR_gZDTkR8x1XOPEP38c
Fume Coworking Gurugram,coworking_space,coworking_space|point_of_interest|establishment,083838 74274,http://www.fumecoworking.in/,"Plot- 76-D, Phase IV, Udyog Vihar, Sector 18, Gurugram, Haryana 122015, India",4.5,153,OPERATIONAL,https://maps.google.com/?cid=12804166651249412614&g_mp=Cilnb29nbGUubWFwcy5wbGFjZXMudjEuUGxhY2VzLlNlYXJjaE5lYXJieRACGAQgAA,ChIJjR-5pk8ZDTkRBsqf3LqJsbE
Eikova Digital LLP,service,point_of_interest|service|establishment,092660 16338,https://www.eikova.in/,"Plot 76 D, Phase IV, Udyog Vihar, Sector 18, Gurugram, Haryana 122015, India",5,2,OPERATIONAL,https://maps.google.com/?cid=14870005251868993950&g_mp=Cilnb29nbGUubWFwcy5wbGFjZXMudjEuUGxhY2VzLlNlYXJjaE5lYXJieRACGAQgAA,ChIJMTtijs4XDTkRninY7f3eXM4
Harley's Ivory Lounge - Gurgaon,bakery,bakery|pastry_shop|cake_shop|coffee_shop|cafe|dessert_shop|manufacturer|confectionery|food_store|wholesaler|store|restaurant|food|point_of_interest|service|establishment,073969 40777,https://www.harleys.com/,"76 C, Phase IV, Udyog Vihar, Sector 18, Gurugram, Haryana 122015, India",4.9,134,OPERATIONAL,https://maps.google.com/?cid=1885947141153248516&g_mp=Cilnb29nbGUubWFwcy5wbGFjZXMudjEuUGxhY2VzLlNlYXJjaE5lYXJieRACGAQgAA,ChIJL10uH3kZDTkRBFWaxe46LBo
Home painting & renovation,,point_of_interest|establishment,087506 64444,https://home-renovation.in/,"Phase IV, Udyog Vihar, Sector 18, Gurugram, Haryana 122015, India",4.8,16,OPERATIONAL,https://maps.google.com/?cid=2562183531010527024&g_mp=Cilnb29nbGUubWFwcy5wbGFjZXMudjEuUGxhY2VzLlNlYXJjaE5lYXJieRACGAQgAA,ChIJy_sa8ogZDTkRMA89r1i0jiM
Logical Showsha,service,point_of_interest|service|establishment,082852 88098,https://www.logicalshowsha.com/,"First Floor, 76D, Phase IV, Udyog Vihar, Sector 18, Gurugram, Haryana 122015, India",5,4,OPERATIONAL,https://maps.google.com/?cid=17193253568760684554&g_mp=Cilnb29nbGUubWFwcy5wbGFjZXMudjEuUGxhY2VzLlNlYXJjaE5lYXJieRACGAQgAA,ChIJ99Y4ChMZDTkRCqAy6wa1mu4
CYK Hospitalities,consultant,marketing_consultant|finance|consultant|point_of_interest|service|establishment,082852 88098,https://www.conceptyourkitchen.com/,"76-D, 76D, Phase IV, Udyog Vihar, Sector 18, Gurugram, Haryana 122015, India",4.5,32,OPERATIONAL,https://maps.google.com/?cid=12449399902342748902&g_mp=Cilnb29nbGUubWFwcy5wbGFjZXMudjEuUGxhY2VzLlNlYXJjaE5lYXJieRACGAQgAA,ChIJ_4LueT8ZDTkR5hrsXUAnxaw
Cpk Ventures,corporate_office,corporate_office|point_of_interest|establishment,098973 64237,https://cpk.ae/,"76D, Phase IV, Udyog Vihar, Sector 18, Gurugram, Haryana 122015, India",,,OPERATIONAL,https://maps.google.com/?cid=1289552276179391400&g_mp=Cilnb29nbGUubWFwcy5wbGFjZXMudjEuUGxhY2VzLlNlYXJjaE5lYXJieRACGAQgAA,ChIJ16RjK5YZDTkRqBP4fPZo5RE
Woro®,service,manufacturer|point_of_interest|service|establishment,097111 01156,http://woromedia.com/,"Phase IV, Udyog Vihar, Sector 18, Gurugram, Haryana 122015, India",5,40,OPERATIONAL,https://maps.google.com/?cid=6971822111012157054&g_mp=Cilnb29nbGUubWFwcy5wbGFjZXMudjEuUGxhY2VzLlNlYXJjaE5lYXJieRACGAQgAA,ChIJz9J93AcHDTkRfvYXjEXjwGA
IGZY - Cloud Cameras and IoT Solutions,service,point_of_interest|service|establishment,098762 98763,https://igzy.com/,"76-B, 1st Floor, Phase IV, Udyog Vihar, Sector 18, Gurugram, Haryana 122015, India",4.7,30,OPERATIONAL,https://maps.google.com/?cid=4697346391140891397&g_mp=Cilnb29nbGUubWFwcy5wbGFjZXMudjEuUGxhY2VzLlNlYXJjaE5lYXJieRACGAQgAA,ChIJefiqdz8ZDTkRBXvqtqdTMEE
Kochartech,corporate_office,corporate_office|point_of_interest|establishment,098770 98771,https://www.kochartech.com/,"76-B, Phase IV, Udyog Vihar, Sector 18, Gurugram, Haryana 122015, India",4.6,182,OPERATIONAL,https://maps.google.com/?cid=16958903153725853871&g_mp=Cilnb29nbGUubWFwcy5wbGFjZXMudjEuUGxhY2VzLlNlYXJjaE5lYXJieRACGAQgAA,ChIJefiqdz8ZDTkRr9AU8pAgWus
Myva Technologies,service,point_of_interest|service|establishment,0124 438 8212,https://myvatechnologies.com/,"PLOT NO, 76D, Phase IV, Udyog Vihar, Sector 18, Gurugram, Haryana 122015, India",4.7,3,OPERATIONAL,https://maps.google.com/?cid=12728998320808291362&g_mp=Cilnb29nbGUubWFwcy5wbGFjZXMudjEuUGxhY2VzLlNlYXJjaE5lYXJieRACGAQgAA,ChIJl4OxzDjcyqcRImxSGoh8prA
Durga Auto Center,car_repair,car_repair|point_of_interest|service|establishment,088007 68581,,"Shanker chowk, pillar no. 91, N-10, near mukesh dhaba, behind building, N.H 10, Sector 25, Gurugram, Haryana 122002, India",4.2,5,OPERATIONAL,https://maps.google.com/?cid=10490088979591514109&g_mp=Cilnb29nbGUubWFwcy5wbGFjZXMudjEuUGxhY2VzLlNlYXJjaE5lYXJieRACGAQgAA,ChIJWXvkFfEZDTkR_cfKGllIlJE
Yum Yum Cha,asian_restaurant,asian_restaurant|restaurant|food|point_of_interest|establishment,098100 02993,http://yumyumcha.in/,"Tuli House, 90, Phase IV, DLF Phase 2, Sector 24, Gurugram, Haryana 122015, India",4.4,17,OPERATIONAL,https://maps.google.com/?cid=10879940551539383280&g_mp=Cilnb29nbGUubWFwcy5wbGFjZXMudjEuUGxhY2VzLlNlYXJjaE5lYXJieRACGAQgAA,ChIJ-1XOiz8ZDTkR8Fvfh0lQ_ZY
DLF office,corporate_office,corporate_office|point_of_interest|establishment,0124 456 8900,https://www.dlf.in/,"DLF Cyber City, DLF Phase 2, Sector 24, Gurugram, Haryana 122002, India",4.3,7,OPERATIONAL,https://maps.google.com/?cid=2375527672288050915&g_mp=Cilnb29nbGUubWFwcy5wbGFjZXMudjEuUGxhY2VzLlNlYXJjaE5lYXJieRACGAQgAA,ChIJVUNxTGoZDTkR4_7W9NSR9yA
"Udyog Vihar to Maruti Kunj , Bike Service",transportation_service,transportation_service|point_of_interest|establishment,,,"Plot No. 448-451, Rao Gajraj Singh Marg, Phase V, Udyog Vihar, Sector 19, Gurugram, Haryana 122016, India",4.5,2,OPERATIONAL,https://maps.google.com/?cid=16117022121542193356&g_mp=Cilnb29nbGUubWFwcy5wbGFjZXMudjEuUGxhY2VzLlNlYXJjaE5lYXJieRACGAQgAA,ChIJlZT4GQAZDTkRzJCiVzoqq98
SpaceLess Studio,service,point_of_interest|service|establishment,085868 52303,https://spacelessstudio.com/,"10A, DLF Cyber City, DLF Phase 2, Sector 24, Gurugram, Haryana 122002, India",5,2,OPERATIONAL,https://maps.google.com/?cid=7874801446166446174&g_mp=Cilnb29nbGUubWFwcy5wbGFjZXMudjEuUGxhY2VzLlNlYXJjaE5lYXJieRACGAQgAA,ChIJ0VVBCgAZDTkRXsB7WzHqSG0
"SNITCH - DLF Phase 2, Gurugram",clothing_store,clothing_store|store|point_of_interest|establishment,,https://www.snitch.com/,"Basement, Ground Floor, Bms Office, UGF/A - 1C, Street No. 1, DLF Cyber City, DLF Phase 2, Sector 24, Gurugram, Haryana 122002, India",3.5,33,OPERATIONAL,https://maps.google.com/?cid=15802983752843264047&g_mp=Cilnb29nbGUubWFwcy5wbGFjZXMudjEuUGxhY2VzLlNlYXJjaE5lYXJieRACGAQgAA,ChIJxXPj0TAZDTkRLwB-0_55T9s
SSP India Private Limited,service,point_of_interest|service|establishment,0124 713 0701,,"5th Floor Tower A, Building 10, Cowrks India Private Limited, DLF Phase 2, DLF Cybercity, Sector 24, DLF Cyber City, DLF Phase 2, Sector 24, Gurugram, Haryana 122002, India",4,127,CLOSED_TEMPORARILY,https://maps.google.com/?cid=12550010949855029961&g_mp=Cilnb29nbGUubWFwcy5wbGFjZXMudjEuUGxhY2VzLlNlYXJjaE5lYXJieRACGAQgAA,ChIJZ-1eqzkZDTkRySpfUXeYKq4
ARISE Student First,non_profit_organization,non_profit_organization|association_or_organization|point_of_interest|establishment,0124 662 0975,https://ariseedu.in/,"5th Floor, Building #10 A, DLF Cyber City, DLF Phase 2, Sector 24, Gurugram, Haryana 122002, India",5,1,OPERATIONAL,https://maps.google.com/?cid=7882470181195748289&g_mp=Cilnb29nbGUubWFwcy5wbGFjZXMudjEuUGxhY2VzLlNlYXJjaE5lYXJieRACGAQgAA,ChIJ8xfM8-ab6YYRwRPI3t0oZG0
"COWRKS Gurgaon, DLF Cybercity Tower 10A",coworking_space,coworking_space|business_center|real_estate_agency|corporate_office|event_venue|point_of_interest|service|establishment,095386 11122,https://www.cowrks.com/coworking-space-delhi-ncr/cybercity-sector24?utm_source=GMB&utm_medium=Organic&utm_campaign=GGN_DLF_CyberCity,"5th Floor Building no, 10 A, DLF Cyber City, DLF Phase 2, Sector 24, Gurugram, Haryana 122002, India",4.6,150,OPERATIONAL,https://maps.google.com/?cid=11712912797258875430&g_mp=Cilnb29nbGUubWFwcy5wbGFjZXMudjEuUGxhY2VzLlNlYXJjaE5lYXJieRACGAQgAA,ChIJo3HOGK8ZDTkRJgK-pSGgjKI
"UNIQLO DLF Cyberhub, Gurugram",clothing_store,clothing_store|womens_clothing_store|store|point_of_interest|establishment,092207 09309,https://www.uniqlo.com/in/en/,"Ground Floor, Tower A, Tower C, DLF Cyber City, DLF Phase 2, Sector 24, Gurugram, Haryana 122002, India",4.2,1070,OPERATIONAL,https://maps.google.com/?cid=9934885292880284939&g_mp=Cilnb29nbGUubWFwcy5wbGFjZXMudjEuUGxhY2VzLlNlYXJjaE5lYXJieRACGAQgAA,ChIJGaVs-d8ZDTkRC81hXonN34k
RM COMMUNICATIONS INDIA PVT. LTD.,corporate_office,corporate_office|point_of_interest|establishment,081301 14697,,"5th Floor, Bldg 10, Tower A, DLF Cyber City, DLF Phase 2, Sector 24, Gurugram, Haryana 122002, India",,,OPERATIONAL,https://maps.google.com/?cid=4148129494834323678&g_mp=Cilnb29nbGUubWFwcy5wbGFjZXMudjEuUGxhY2VzLlNlYXJjaE5lYXJieRACGAQgAA,ChIJ5dh45foZDTkR3qDrPcwdkTk
HarperCollins Publishers India Ltd,,corporate_office|point_of_interest|establishment,0120 404 4800,https://harpercollins.co.in/,"Building No 10 Tower A, 4th, Cyber City, DLF Cyber City, DLF Phase 2, Sector 24, Gurugram, Haryana 122002, India",4.3,100,OPERATIONAL,https://maps.google.com/?cid=17303004589268020338&g_mp=Cilnb29nbGUubWFwcy5wbGFjZXMudjEuUGxhY2VzLlNlYXJjaE5lYXJieRACGAQgAA,ChIJudVWXg3lDDkRcixGqv-eIPA
Docquity,service,educational_institution|health|point_of_interest|service|establishment,011 4987 4140,http://www.docquity.com/,"5th Floor, Smart Works, Tower B, DLF Cyber City, Sector 42, Sector 24, Gurugram, Haryana 122002, India",4.4,10,OPERATIONAL,https://maps.google.com/?cid=10214341784203140360&g_mp=Cilnb29nbGUubWFwcy5wbGFjZXMudjEuUGxhY2VzLlNlYXJjaE5lYXJieRACGAQgAA,ChIJJ1spy33jDDkRCJ3bHbyhwI0
Snapsathi,service,point_of_interest|service|establishment,092055 07043,http://www.snapsathi.in/,"8th floor, Building No, 8, DLF Cyber City, DLF Phase 2, Sector 24, Gurugram, Haryana 122002, India",5,7,OPERATIONAL,https://maps.google.com/?cid=2252398052211441111&g_mp=Cilnb29nbGUubWFwcy5wbGFjZXMudjEuUGxhY2VzLlNlYXJjaE5lYXJieRACGAQgAA,ChIJO3uNrHcZDTkR1z3YQhggQh8
BharatPe,corporate_office,corporate_office|point_of_interest|establishment,088825 55444,https://bharatpe.com/,"7th Floor, Tower C, DLF Cyber City, DLF Phase 2, Sector 24, Gurugram, Haryana 122002, India",2.4,660,OPERATIONAL,https://maps.google.com/?cid=2639463733132939505&g_mp=Cilnb29nbGUubWFwcy5wbGFjZXMudjEuUGxhY2VzLlNlYXJjaE5lYXJieRACGAQgAA,ChIJ7XCS4mnjDDkR8VDq4kdCoSQ
Naturasiip,juice_shop,juice_shop|food|point_of_interest|establishment,093157 37125,,"DLF Cyber City, Naturasiip, Sector 24, Gurugram, Haryana 120002, India",,,OPERATIONAL,https://maps.google.com/?cid=4202146642278306844&g_mp=Cilnb29nbGUubWFwcy5wbGFjZXMudjEuUGxhY2VzLlNlYXJjaE5lYXJieRACGAQgAA,ChIJQWbNraQZDTkRHFQZcxsGUTo
Camdin Patisserie & Boulangerie,pastry_shop,pastry_shop|dessert_shop|bakery|confectionery|food_store|store|food|point_of_interest|establishment,0124 401 2453,,"Dlf Cyber Hub, DLF Cyber City, DLF Phase 2, Sector 24, Gurugram, Haryana 122002, India",3.2,21,OPERATIONAL,https://maps.google.com/?cid=2871446342798119296&g_mp=Cilnb29nbGUubWFwcy5wbGFjZXMudjEuUGxhY2VzLlNlYXJjaE5lYXJieRACGAQgAA,ChIJkaUqJAAZDTkRgJETNjxt2Sc
"DLF CyberHub (Gurugram, Haryana)",business_center,business_center|point_of_interest|service|establishment,095994 00502,https://www.dlfcyberhub.com/,"Ground Floor, Building, 10C, DLF Cyber City, DLF Phase 2, Sector 24, Gurugram, Haryana 122002, India",4.7,77704,OPERATIONAL,https://maps.google.com/?cid=3397972214007736897&g_mp=Cilnb29nbGUubWFwcy5wbGFjZXMudjEuUGxhY2VzLlNlYXJjaE5lYXJieRACGAQgAA,ChIJBd-UYzgZDTkRQSqUtLkFKC8
Visuals Frame,service,point_of_interest|service|establishment,098212 01649,https://visuals-frame.grexa.site/,"DLF Cyber City, DLF Phase 3, Sector 24, Gurugram, Haryana 122002, India",5,4,OPERATIONAL,https://maps.google.com/?cid=10663199668509033004&g_mp=Cilnb29nbGUubWFwcy5wbGFjZXMudjEuUGxhY2VzLlNlYXJjaE5lYXJieRACGAQgAA,ChIJCQOVniM4mqYRLEKLOppL-5M
Café Coffee Day,cafe,cafe|food|point_of_interest|establishment,093128 75369,https://www.cafecoffeeday.com/store-locator/haryana/gurgaon/cyber-city/dlf-6-tower,"6, Tower, A, DLF Building, near Sdlf Assets Ltd, DLF Cyber City, DLF Phase 3, Sector 24, Gurugram, Haryana 122001, India",,,CLOSED_TEMPORARILY,https://maps.google.com/?cid=5680387266478638578&g_mp=Cilnb29nbGUubWFwcy5wbGFjZXMudjEuUGxhY2VzLlNlYXJjaE5lYXJieRACGAQgAA,ChIJb1-pazgZDTkR8oUcdR_K1E4
Fluence India,,point_of_interest|establishment,090031 36464,http://fluenceindia.in/,"7th Floor, Building no, 8B, DLF Cyber City, DLF Phase 2, Sector 24, Gurugram, Haryana 122002, India",5,4,OPERATIONAL,https://maps.google.com/?cid=442049164819316705&g_mp=Cilnb29nbGUubWFwcy5wbGFjZXMudjEuUGxhY2VzLlNlYXJjaE5lYXJieRACGAQgAA,ChIJ1aObTzgZDTkR4T9Qkl95IgY
MLM Software Company in Haryana,service,point_of_interest|service|establishment,070373 95111,http://mlmsoftwarecompany.in/,"5th Floor, 8B, DLF Cyber City, DLF Phase 2, Sector 24, Gurugram, Haryana 122002, India",5,1,OPERATIONAL,https://maps.google.com/?cid=15322608967607860388&g_mp=Cilnb29nbGUubWFwcy5wbGFjZXMudjEuUGxhY2VzLlNlYXJjaE5lYXJieRACGAQgAA,ChIJh_6hPtYZDTkRpDx7YqzXpNQ
Havas Media,service,point_of_interest|service|establishment,0124 468 4400,http://in.havas.com/,"Havas Village, 6th Floor, Building 8, DLF Cyber City, DLF Phase 2, Sector 24, Gurugram, Haryana 122002, India",4.5,56,OPERATIONAL,https://maps.google.com/?cid=4402754038594861425&g_mp=Cilnb29nbGUubWFwcy5wbGFjZXMudjEuUGxhY2VzLlNlYXJjaE5lYXJieRACGAQgAA,ChIJBwAATTgZDTkRcfncp3i5GT0
"Looks Salon, Building No.8B, DLF CyberCity, Gurugram",hair_salon,hair_salon|nail_salon|hair_care|beauty_salon|point_of_interest|service|establishment,0124 423 2277,http://www.lookssalon.in/,"2, Building, SHOP, 8B, DLF Cyber City, DLF Phase 2, Sector 24, Gurugram, Haryana 122002, India",3.8,1220,OPERATIONAL,https://maps.google.com/?cid=12794951017812574735&g_mp=Cilnb29nbGUubWFwcy5wbGFjZXMudjEuUGxhY2VzLlNlYXJjaE5lYXJieRACGAQgAA,ChIJT5nlVzgZDTkRD8I9_yjMkLE
Konica Minolta Business Solutions India Pvt Ltd,store,supplier|wholesaler|store|point_of_interest|service|establishment,0124 665 2000,http://www.konicaminolta.in/,"Building no: 8, Tower –C, 10th Floor, DLF Cyber City, Phase 2, DLF Cyber City, DLF Phase 2, Sector 24, Gurugram, Haryana 122002, India",4.5,79,OPERATIONAL,https://maps.google.com/?cid=15593252233608450187&g_mp=Cilnb29nbGUubWFwcy5wbGFjZXMudjEuUGxhY2VzLlNlYXJjaE5lYXJieRACGAQgAA,ChIJvx398DcZDTkRi1BMNUpcZtg
Replicoak Concierge Services (OPC) Pvt Ltd,consultant,consultant|service|point_of_interest|establishment,076976 92776,,"T12/5, 4th Floor, DLF साइबर सिटी, DLF फेस 3, सेक्टर २४, गुरुग्राम, हरियाणा 122002, India",5,3,OPERATIONAL,https://maps.google.com/?cid=8610705268430706916&g_mp=Cilnb29nbGUubWFwcy5wbGFjZXMudjEuUGxhY2VzLlNlYXJjaE5lYXJieRACGAQgAA,ChIJWWo1-M0eDTkR5Jhl9tFef3c
HASEEN STEEL FABRICATOR,service,service|point_of_interest|establishment,097288 60115,,"DLF Cyber City, DLF Phase 2, Sector 24, Gurugram, Haryana 122002, India",5,2,OPERATIONAL,https://maps.google.com/?cid=8404067089719199376&g_mp=Cilnb29nbGUubWFwcy5wbGFjZXMudjEuUGxhY2VzLlNlYXJjaE5lYXJieRACGAQgAA,ChIJHfQ2DwEZDTkRkIZDz30-oXQ
Sidel India Pvt. Ltd,manufacturer,manufacturer|point_of_interest|establishment,0124 484 4170,http://www.sidel.com/,"7th Floor, Infinity Tower, A, DLF Cyber City, DLF Phase 2, Sector 24, Gurugram, Haryana 122002, India",4.7,3,OPERATIONAL,https://maps.google.com/?cid=8337981188479839707&g_mp=Cilnb29nbGUubWFwcy5wbGFjZXMudjEuUGxhY2VzLlNlYXJjaE5lYXJieRACGAQgAA,ChIJVb-CCNMeDTkR2-0647Z1tnM
Work IBM,corporate_office,corporate_office|point_of_interest|establishment,0124 434 7000,http://www.ibm.com/,"4th Floor Infinity Tower-A Building No 8 Near Cyber City Phase 2, DLF Cyber City, Block A, Sector 24, Gurugram, Haryana 122002, India",4.4,451,OPERATIONAL,https://maps.google.com/?cid=11629403785402465397&g_mp=Cilnb29nbGUubWFwcy5wbGFjZXMudjEuUGxhY2VzLlNlYXJjaE5lYXJieRACGAQgAA,ChIJJcjS8DcZDTkRdTx_qiDxY6E
Dr.Sarita Sukhija- IVF Training in Delhi NCR,doctor,doctor|health|point_of_interest|establishment,098112 33328,,"world laparoscopy hospital 8th Road , Dlf cyber city , phase 2, DLF Cyber City, DLF Phase 2, Sector 24, Gurugram, Haryana 122002, India",5,2,CLOSED_TEMPORARILY,https://maps.google.com/?cid=4301088238653253000&g_mp=Cilnb29nbGUubWFwcy5wbGFjZXMudjEuUGxhY2VzLlNlYXJjaE5lYXJieRACGAQgAA,ChIJqzFjbTgZDTkRiKWJBPeIsDs
Dr. Nidhi Mishra | Obstetrician & Gynecologist,doctor,doctor|health|point_of_interest|establishment,098114 16832,https://www.laparoscopyhospital.in/doctors/dr-nidhi-mishra/,"World Laparoscopy Hospital, X-100, DLF Cyber City, DLF Phase 2, Sector 24, Gurugram, Haryana 122002, India",5,2,OPERATIONAL,https://maps.google.com/?cid=10564411144506908759&g_mp=Cilnb29nbGUubWFwcy5wbGFjZXMudjEuUGxhY2VzLlNlYXJjaE5lYXJieRACGAQgAA,ChIJbV-bd7UZDTkRVyCDmfZTnJI
World Laparoscopy Hospital,medical_clinic,hospital|medical_clinic|health|service|point_of_interest|establishment,098114 16838,https://www.laparoscopyhospital.com/,"F3VR+RJC Cyber City, X23, DLF Cyber City, DLF Phase 2, Sector 24, Gurugram, Delhi, Haryana 122002, India",4.9,1264,OPERATIONAL,https://maps.google.com/?cid=6582454305793765801&g_mp=Cilnb29nbGUubWFwcy5wbGFjZXMudjEuUGxhY2VzLlNlYXJjaE5lYXJieRACGAQgAA,ChIJc5ff4lMYDTkRqfET11CTWVs
Data entry solutions,government_office,government_office|point_of_interest|establishment,075730 81682,,"26, DLF Tower 8th Rd, DLF Cyber City, DLF Phase 2, Sector 24, Gurugram, Haryana 122002, India",1,1,OPERATIONAL,https://maps.google.com/?cid=9130759057817511608&g_mp=Cilnb29nbGUubWFwcy5wbGFjZXMudjEuUGxhY2VzLlNlYXJjaE5lYXJieRACGAQgAA,ChIJ41_celYZDTkRuKbkevz4tn4
FLAVORZ FOOD,restaurant,restaurant|food|point_of_interest|establishment,099719 06087,,"Shop No 2, U 21, 1, Galli No. 15, U Block, Nathupur, Sector 24, Gurugram, Haryana 122002, India",5,28,OPERATIONAL,https://maps.google.com/?cid=16613193876155769763&g_mp=Cilnb29nbGUubWFwcy5wbGFjZXMudjEuUGxhY2VzLlNlYXJjaE5lYXJieRACGAQgAA,ChIJcZDMq6UZDTkRo6P1VM_rjeY
Best Packers And Movers,manufacturer,storage|transportation_service|manufacturer|store|point_of_interest|service|establishment,092050 94005,https://bestpackersgurugram.in/,"16, Galli No. 15, U Block, DLF Phase 3, Sector 24, Gurugram, Haryana 122002, India",4.8,111,OPERATIONAL,https://maps.google.com/?cid=9445433964274262402&g_mp=Cilnb29nbGUubWFwcy5wbGFjZXMudjEuUGxhY2VzLlNlYXJjaE5lYXJieRACGAQgAA,ChIJV_rztoEZDTkRgiH6fSXsFIM
Live under GRG2852,hotel,hotel|guest_house|cottage|inn|motel|lodging|point_of_interest|service|establishment,0124 620 1166,https://www.oyorooms.com/205901/,"Galli No. 15, U Block, DLF Phase 3, Sector 24, Gurugram, Haryana 122002, India",,,OPERATIONAL,https://maps.google.com/?cid=11408103722450272611&g_mp=Cilnb29nbGUubWFwcy5wbGFjZXMudjEuUGxhY2VzLlNlYXJjaE5lYXJieRACGAQgAA,ChIJj-jydLkZDTkRY8F1keS5UZ4
SquareAlley Spaces,finance,real_estate_agency|finance|general_contractor|consultant|point_of_interest|service|establishment,098717 28883,https://www.squarealley.in/,"Galli No. 15, U Block, DLF Phase 3, Sector 24, Gurugram, Haryana 122010, India",5,1,OPERATIONAL,https://maps.google.com/?cid=8854318670474925775&g_mp=Cilnb29nbGUubWFwcy5wbGFjZXMudjEuUGxhY2VzLlNlYXJjaE5lYXJieRACGAQgAA,ChIJHTBu36QY_IIRz1bEKevb4Ho
DingDing – Daily Meals,meal_delivery,meal_delivery|food_delivery|food|point_of_interest|establishment,097521 98673,https://www.dingdingdaily.com/,"18-19, Galli No. 15, nearby Address: Henxs Cafe, U Block, DLF Phase 3, Sector 24, Gurugram, Haryana 122002, India",4.4,78,OPERATIONAL,https://maps.google.com/?cid=18104836684162437191&g_mp=Cilnb29nbGUubWFwcy5wbGFjZXMudjEuUGxhY2VzLlNlYXJjaE5lYXJieRACGAQgAA,ChIJkceEII8ZDTkRR5D2awpNQfs
Devsons Constructions Private Limited,general_contractor,general_contractor|point_of_interest|service|establishment,0124 404 5551,http://www.devsons.com/,"U -15 / 16, Rd, U Block, DLF Phase 3, Sector 24, Gurugram, Haryana 122002, India",4.7,3,CLOSED_TEMPORARILY,https://maps.google.com/?cid=10282031562342887800&g_mp=Cilnb29nbGUubWFwcy5wbGFjZXMudjEuUGxhY2VzLlNlYXJjaE5lYXJieRACGAQgAA,ChIJ--abYzUZDTkReHHNujodsY4
Computers on Hire,service,point_of_interest|service|establishment,098107 54892,,"36/36, 2nd floor office, 5, near u block park, U Block, DLF Phase 3, Sector 24, Gurugram, Haryana 122002, India",5,10,OPERATIONAL,https://maps.google.com/?cid=13856619081417570630&g_mp=Cilnb29nbGUubWFwcy5wbGFjZXMudjEuUGxhY2VzLlNlYXJjaE5lYXJieRACGAQgAA,ChIJBelEsWUZDTkRRjnLl6OZTMA
HENXS CAFE,cafe,cafe|north_indian_restaurant|coffee_shop|indian_restaurant|food_store|store|restaurant|food|point_of_interest|establishment,093107 23545,,"Building, 18,19, Street, no - 15, U Block, DLF Phase 3, Sector 24, Gurugram, Haryana 122002, India",4.8,129,CLOSED_TEMPORARILY,https://maps.google.com/?cid=4124703520509674264&g_mp=Cilnb29nbGUubWFwcy5wbGFjZXMudjEuUGxhY2VzLlNlYXJjaE5lYXJieRACGAQgAA,ChIJse7BLt0ZDTkRGEPIj__jPTk
Lets Laundry,laundry,laundry|point_of_interest|service|establishment,099110 59059,,"26, Galli No. 15, U Block, DLF Phase 3, Sector 24, Gurugram, Haryana 122002, India",4.4,450,OPERATIONAL,https://maps.google.com/?cid=1951337755555448267&g_mp=Cilnb29nbGUubWFwcy5wbGFjZXMudjEuUGxhY2VzLlNlYXJjaE5lYXJieRACGAQgAA,ChIJKT4K-OoZDTkRy8WwnFmLFBs
Chai Meri Wali,tea_store,tea_store|food_store|store|food|point_of_interest|establishment,080003 78223,,"Shop No 15, 29, U Block, DLF Phase 3, Sector 24, Gurugram, Haryana 122002, India",4.6,24,OPERATIONAL,https://maps.google.com/?cid=11719150017392591909&g_mp=Cilnb29nbGUubWFwcy5wbGFjZXMudjEuUGxhY2VzLlNlYXJjaE5lYXJieRACGAQgAA,ChIJZ3qjafIZDTkRJcQyoNnIoqI
Yogi Tea Stall And Cold Drinks,tea_store,tea_store|cafe|food_store|store|food|point_of_interest|establishment,093582 54967,,"street 20, U Block, DLF Phase 3, Sector 24, Gurugram, Haryana 122002, India",5,3,OPERATIONAL,https://maps.google.com/?cid=9995657943837758247&g_mp=Cilnb29nbGUubWFwcy5wbGFjZXMudjEuUGxhY2VzLlNlYXJjaE5lYXJieRACGAQgAA,ChIJ-ceQ18oZDTkRJ9PCzvC1t4o
Aaalsee,food,food|point_of_interest|establishment,072898 91873,,"Rm No 1 U, 8/41, U Block, DLF Phase 3, Sector 24, Gurugram, Haryana 122002, India",5,2,OPERATIONAL,https://maps.google.com/?cid=7230834586568434128&g_mp=Cilnb29nbGUubWFwcy5wbGFjZXMudjEuUGxhY2VzLlNlYXJjaE5lYXJieRACGAQgAA,ChIJS4nMX08ZDTkR0CEF8r4VWWQ
MUM CAFE & BAKERY,bakery,bakery|food_store|store|food|point_of_interest|establishment,098702 41130,,"24, Galli No. 15, U Block, DLF Phase 3, Sector 24, Gurugram, Haryana 122002, India",5,2,CLOSED_TEMPORARILY,https://maps.google.com/?cid=14406691046387749830&g_mp=Cilnb29nbGUubWFwcy5wbGFjZXMudjEuUGxhY2VzLlNlYXJjaE5lYXJieRACGAQgAA,ChIJu7rXQEQZDTkRxhO-QC3Z7sc
Sip & Savour Cafe,cafe,cafe|food|point_of_interest|establishment,089303 02025,,"U15/30, U Block, DLF Phase 3, Sector 24, Gurugram, Haryana 122002, India",5,33,OPERATIONAL,https://maps.google.com/?cid=4732070524149102581&g_mp=Cilnb29nbGUubWFwcy5wbGFjZXMudjEuUGxhY2VzLlNlYXJjaE5lYXJieRACGAQgAA,ChIJYQbv6-IZDTkR9fcA9BGxq0E
Pass Toll Pvt Itd,wholesaler,wholesaler|point_of_interest|service|establishment,087969 11950,,"Nathupur, U Block, DLF Phase 2, Sector 24, Gurugram, Haryana 122002, India",,,OPERATIONAL,https://maps.google.com/?cid=7018951878895057763&g_mp=Cilnb29nbGUubWFwcy5wbGFjZXMudjEuUGxhY2VzLlNlYXJjaE5lYXJieRACGAQgAA,ChIJy7h8LgQZDTkRY7sZvYtTaGE
Healthylife with Dietitian Manju Mohan,consultant,consultant|medical_clinic|health|point_of_interest|service|establishment,098717 09499,https://healthylifewithdietitianmanjumohan.in/,"U-23, Ground Floor, 7, Pink Town House Rd, U Block, DLF Phase 3, Sector 24, Gurugram, Haryana 122002, India",5,9,OPERATIONAL,https://maps.google.com/?cid=10216755677451901315&g_mp=Cilnb29nbGUubWFwcy5wbGFjZXMudjEuUGxhY2VzLlNlYXJjaE5lYXJieRACGAQgAA,ChIJn2iOBDUZDTkRg9l5byg1yY0
CHATHA MOBILE STORE,cell_phone_store,cell_phone_store|store|point_of_interest|establishment,098729 88809,,"House number 2364, Ground floor, U Block, sector 46, Sector 24, Gurugram, Haryana 122003, India",,,OPERATIONAL,https://maps.google.com/?cid=7265422628460957249&g_mp=Cilnb29nbGUubWFwcy5wbGFjZXMudjEuUGxhY2VzLlNlYXJjaE5lYXJieRACGAQgAA,ChIJk8hO9YoZDTkRQQ6AAGP302Q
Dharma Karma,service,point_of_interest|service|establishment,095601 18029,,"U-16/12, U Block, DLF Phase 3, Sector 24, Gurugram, Haryana 122002, India",,,OPERATIONAL,https://maps.google.com/?cid=10727766061557077209&g_mp=Cilnb29nbGUubWFwcy5wbGFjZXMudjEuUGxhY2VzLlNlYXJjaE5lYXJieRACGAQgAA,ChIJWaReSWcZDTkR2dSZFGWu4JQ
"H.No.26, Road 24A, U block DLF Ph3",association_or_organization,association_or_organization|point_of_interest|service|establishment,,,"26, Rd No U, 24 A, U Block, DLF Phase 3, Sector 24, Gurugram, Haryana 122002, India",,,OPERATIONAL,https://maps.google.com/?cid=7193117569030449264&g_mp=Cilnb29nbGUubWFwcy5wbGFjZXMudjEuUGxhY2VzLlNlYXJjaE5lYXJieRACGAQgAA,ChIJ6_LhCAAZDTkRcGiueVEW02M
Hotel O Sunny Inn,hotel,hotel|guest_house|cottage|inn|motel|lodging|point_of_interest|service|establishment,0124 620 1166,https://www.oyorooms.com/51329/,"U15, 33, U Block, DLF Phase 3, Sector 24, Gurugram, Haryana 122002, India",2.1,9,OPERATIONAL,https://maps.google.com/?cid=11531094129853101392&g_mp=Cilnb29nbGUubWFwcy5wbGFjZXMudjEuUGxhY2VzLlNlYXJjaE5lYXJieRACGAQgAA,ChIJX0Drs78ZDTkRUHV8SQStBqA
OYO 61753 Comfort Studio Near TCS,hotel,hotel|guest_house|cottage|inn|motel|lodging|point_of_interest|service|establishment,0124 620 1166,https://www.oyorooms.com/82899/,"U15, 33, U Block, DLF Phase 3, Sector 24, Gurugram, Haryana 122002, India",3.8,44,OPERATIONAL,https://maps.google.com/?cid=5375988882478729057&g_mp=Cilnb29nbGUubWFwcy5wbGFjZXMudjEuUGxhY2VzLlNlYXJjaE5lYXJieRACGAQgAA,ChIJn6Mrpg0ZDTkRYQeYyGdZm0o
Piclelo – Vintage Photobooth (Delhi NCR),service,point_of_interest|service|establishment,082002 32407,https://piclelo.in/,"U24A, 8, Pink Town House Rd, U Block, DLF Phase 3, Sector 24, Gurugram, Haryana 122010, India",5,54,OPERATIONAL,https://maps.google.com/?cid=7448264901437358363&g_mp=Cilnb29nbGUubWFwcy5wbGFjZXMudjEuUGxhY2VzLlNlYXJjaE5lYXJieRACGAQgAA,ChIJVdssmVMZDTkRGwEvG3eNXWc
"Agilus Diagnostics – Pink Town House, Gurugram",medical_clinic,medical_clinic|health|point_of_interest|establishment,085100 85050,https://agilusdiagnostics.com/,"Shop No-4,U-25/31A,Ganga Appartment,Pink Town House, U Block, DLF Phase 3, Sector 24, Gurugram, Haryana 122002, India",5,4,OPERATIONAL,https://maps.google.com/?cid=18023191607415693185&g_mp=Cilnb29nbGUubWFwcy5wbGFjZXMudjEuUGxhY2VzLlNlYXJjaE5lYXJieRACGAQgAA,ChIJxV_5g-4ZDTkRgV_QpkY9H_o
jmjleanconsultinggroup,consultant,consultant|point_of_interest|service|establishment,098102 10338,https://jmjleanconsultinggroup.com/,"U-23/9, First Floor, Pink town houses, U Block, DLF Phase 3, Sector 24, Gurugram, Haryana 122002, India",5,10,OPERATIONAL,https://maps.google.com/?cid=8327941329639544695&g_mp=Cilnb29nbGUubWFwcy5wbGFjZXMudjEuUGxhY2VzLlNlYXJjaE5lYXJieRACGAQgAA,ChIJu3S_AdoZDTkRd5d1F4TKknM
Metropolis Labs | Blood Test & Diagnostic Centre in DLF Phase 3,medical_lab,medical_lab|medical_clinic|health|point_of_interest|service|establishment,011 4119 4344,https://www.metropolisindia.com/labs/,"GROUND FLOOR, PINK TOWN HOUSE, 20, U-25 Rd, U Block, DLF Phase 3, Sector 24, Gurugram, Haryana 122002, India",,,OPERATIONAL,https://maps.google.com/?cid=9668303352288527592&g_mp=Cilnb29nbGUubWFwcy5wbGFjZXMudjEuUGxhY2VzLlNlYXJjaE5lYXJieRACGAQgAA,ChIJpdn7NzgZDTkR6ETgjay2LIY
Metropolis Labs | Blood Test & Diagnostic Centre in DLF Phase 3,medical_clinic,medical_clinic|health|point_of_interest|establishment,011 4119 4344,https://www.metropolisindia.com/labs/,"GROUND FLOOR, U-25, Pink Town House Rd, U Block, DLF Phase 3, Sector 24, Gurugram, Haryana 122010, India",,,OPERATIONAL,https://maps.google.com/?cid=5128771810436136447&g_mp=Cilnb29nbGUubWFwcy5wbGFjZXMudjEuUGxhY2VzLlNlYXJjaE5lYXJieRACGAQgAA,ChIJfe6gstPhDDkR_z0Vx8kOLUc
Stok Palace Heritage Hotel,hotel,hotel|lodging|point_of_interest|establishment,096228 27727,http://stokpalaceheritage.com/,"Ground Floor, U-26A/6, Qutub Enclave, White Town Houses, DLF Phase 3, Sector 24, Gurugram, Haryana 122002, India",5,2,OPERATIONAL,https://maps.google.com/?cid=10817989639435138603&g_mp=Cilnb29nbGUubWFwcy5wbGFjZXMudjEuUGxhY2VzLlNlYXJjaE5lYXJieRACGAQgAA,ChIJ____szUZDTkRKzZjykI4IZY
Travel League,travel_agency,travel_agency|point_of_interest|service|establishment,096501 03767,http://www.travelleague.in/,"U-23 Road, U Block, DLF Phase 3, Sector 24, Gurugram, Haryana 122002, India",5,1,CLOSED_TEMPORARILY,https://maps.google.com/?cid=17700626789573327897&g_mp=Cilnb29nbGUubWFwcy5wbGFjZXMudjEuUGxhY2VzLlNlYXJjaE5lYXJieRACGAQgAA,ChIJ6e4OsTUZDTkRGfxHfkhCpfU
"W4/2, DLF Phase 3",apartment_building,apartment_building|point_of_interest|service|establishment,,,"W4/2, DLF Phase 3, Sector 24, Gurugram, Haryana 122002, India",,,OPERATIONAL,https://maps.google.com/?cid=6219851854707397168&g_mp=Cilnb29nbGUubWFwcy5wbGFjZXMudjEuUGxhY2VzLlNlYXJjaE5lYXJieRACGAQgAA,ChIJa_OHGAAZDTkRMJJjw05aUVY
"Govt. Primary School, W Block",primary_school,primary_school|school|educational_institution|point_of_interest|establishment,,,"F4W2+6GV, DLF Phase 3, Sector 24, Gurugram, Haryana 122002, India",,,OPERATIONAL,https://maps.google.com/?cid=13975417065083945673&g_mp=Cilnb29nbGUubWFwcy5wbGFjZXMudjEuUGxhY2VzLlNlYXJjaE5lYXJieRACGAQgAA,ChIJJcYedbEZDTkRycJCmMan8sE
Belladonna Crumbs,bakery,bakery|food_store|store|food|point_of_interest|establishment,098101 34939,,"W4/9D, DLF Phase 3, Sector 24, Gurugram, Haryana 122002, India",,,OPERATIONAL,https://maps.google.com/?cid=18402746360737892208&g_mp=Cilnb29nbGUubWFwcy5wbGFjZXMudjEuUGxhY2VzLlNlYXJjaE5lYXJieRACGAQgAA,ChIJFUjAQ30ZDTkRcAdlK1CwY_8
Smile By Design,dental_clinic,dental_clinic|dentist|doctor|medical_clinic|health|point_of_interest|service|establishment,098182 93593,https://smilebydesign.co/,"10, V-30, near DLF City Club, DLF Phase 3, Sector 24, Gurugram, Haryana 122002, India",5,46,OPERATIONAL,https://maps.google.com/?cid=17932255751973518511&g_mp=Cilnb29nbGUubWFwcy5wbGFjZXMudjEuUGxhY2VzLlNlYXJjaE5lYXJieRACGAQgAA,ChIJT4m-B0AfDTkRrzzW5Zgr3Pg
"Dr Nikita Gupta | Orthodontist & Dentist | Clear Aligners, Braces and Invisalign | Gurugram",dentist,dentist|health|point_of_interest|establishment,096259 72909,https://alignandsmileorthodontics.com/,"1st floor, 10, V-30, near DLF City Club, DLF Phase 3, Sector 24, Gurugram, Haryana 122002, India",5,3,OPERATIONAL,https://maps.google.com/?cid=7667448508389980765&g_mp=Cilnb29nbGUubWFwcy5wbGFjZXMudjEuUGxhY2VzLlNlYXJjaE5lYXJieRACGAQgAA,ChIJzf09Dj4fDTkRXfouZMs_aGo
Association for Stimulating Know-how (ASK),association_or_organization,corporate_office|association_or_organization|point_of_interest|establishment,0124 406 0354,http://www.askindia.org/,"3, V-30, DLF Phase 3, Sector 24, Gurugram, Haryana 122002, India",3.7,26,OPERATIONAL,https://maps.google.com/?cid=12696301493086333086&g_mp=Cilnb29nbGUubWFwcy5wbGFjZXMudjEuUGxhY2VzLlNlYXJjaE5lYXJieRACGAQgAA,ChIJE1fCA8seDTkRniisqPBSMrA
Sona Finance Private Limited,finance,finance|point_of_interest|establishment,0124 406 1961,http://www.mitrata.in/,"F4V4+X3Q, V-29, 11 A, DLF Phase 3, Sector 24, Gurugram, Haryana 122002, India",4.6,7,OPERATIONAL,https://maps.google.com/?cid=13238881782004447055&g_mp=Cilnb29nbGUubWFwcy5wbGFjZXMudjEuUGxhY2VzLlNlYXJjaE5lYXJieRACGAQgAA,ChIJbesJmvQZDTkRT_fDj9b0ubc
Orcadent - Best Dental Clinic in Gurgaon | | Root Canal | Implants | Laser Treatment | Aligners | Cosmetic Dentist,dentist,dentist|dental_clinic|doctor|medical_clinic|health|point_of_interest|establishment,098705 59065,https://orcadentindia.com/dentist-in-gurgaon/,"Orcadent V29/2, near DLF City, DLF Phase 3, CLub, Gurugram, Haryana 122010, India",5,113,OPERATIONAL,https://maps.google.com/?cid=14000625962518480487&g_mp=Cilnb29nbGUubWFwcy5wbGFjZXMudjEuUGxhY2VzLlNlYXJjaE5lYXJieRACGAQgAA,ChIJ1ciHeZUfDTkRZ4YGaSI3TMI
"WONDERKIDZ INTERNATIONAL MONTESSORI SCHOOL, DLF PAHSE 3, GURGAON",school,preschool|child_care_agency|school|educational_institution|point_of_interest|service|establishment,075031 17102,http://www.mycity4kids.com/wonderkidzdlf,"DLF Phase 3, Sector 24, Gurugram, Haryana 122002, India",,,CLOSED_TEMPORARILY,https://maps.google.com/?cid=1168692928730209144&g_mp=Cilnb29nbGUubWFwcy5wbGFjZXMudjEuUGxhY2VzLlNlYXJjaE5lYXJieRACGAQgAA,ChIJM66fqsseDTkReJt51AYIOBA
Dr. Shubhankar Mehrotra-Consult With Best Periodontics Doctor Near Me | Gingivitis | 5+ Yrs. of Exp.,dentist,dentist|doctor|health|point_of_interest|establishment,080 4482 5976,https://www.apollo247.com/doctors/Dr%20id0d30e6cd-3690-4a03-8a6f-5c2dadcbd1f8,"V-29, DLF Phase 3, Sector 24, Gurugram, Haryana 122002, India",5,3,OPERATIONAL,https://maps.google.com/?cid=16627047373417031320&g_mp=Cilnb29nbGUubWFwcy5wbGFjZXMudjEuUGxhY2VzLlNlYXJjaE5lYXJieRACGAQgAA,ChIJ_9OKqLIZDTkRmCYdBH4jv-Y
SUNIL KUMAR,chauffeur_service,chauffeur_service|transportation_service|point_of_interest|establishment,098115 56683,,"Sai Mandir, UG-9, Moulsari Ave, DLF Phase 3, Sector 24, Gurugram, Haryana 122002, India",5,1,OPERATIONAL,https://maps.google.com/?cid=9258003069066082582&g_mp=Cilnb29nbGUubWFwcy5wbGFjZXMudjEuUGxhY2VzLlNlYXJjaE5lYXJieRACGAQgAA,ChIJJ5B3YHUfDTkRFvkohb0Ie4A
Shree Shirdi Sai Baba Mandir,hindu_temple,hindu_temple|place_of_worship|association_or_organization|point_of_interest|establishment,099995 72949,,"Moulsari Ave, Near City Club, DLF Phase 3, Sector 24, Gurugram, Haryana 122002, India",4.7,404,OPERATIONAL,https://maps.google.com/?cid=15071074643230559480&g_mp=Cilnb29nbGUubWFwcy5wbGFjZXMudjEuUGxhY2VzLlNlYXJjaE5lYXJieRACGAQgAA,ChIJ94i9IsseDTkR-IwnvYk2J9E
Positive Pediatrics Clinic,doctor,doctor|hospital|medical_clinic|health|point_of_interest|service|establishment,099993 36537,https://positivepediatrics.in/,"V, 31/1, near Sai Mandir, DLF Phase 3, Sector 24, Gurugram, Haryana 122002, India",4.8,35,OPERATIONAL,https://maps.google.com/?cid=4622381730948765081&g_mp=Cilnb29nbGUubWFwcy5wbGFjZXMudjEuUGxhY2VzLlNlYXJjaE5lYXJieRACGAQgAA,ChIJDQjRhXQfDTkRmdV0obH_JUA
Under The Dryer | Hair · Beauty · Care,beauty_salon,beauty_salon|barber_shop|massage_spa|hair_salon|hair_care|massage|spa|health|point_of_interest|service|establishment,096546 25324,https://www.underthedryer.co.in/,"LG-8, Maulsari Arcade, Moulsari Ave, DLF Phase 3, Sector 24, Gurugram, Haryana 122010, India",4.2,5,OPERATIONAL,https://maps.google.com/?cid=919008247387799976&g_mp=Cilnb29nbGUubWFwcy5wbGFjZXMudjEuUGxhY2VzLlNlYXJjaE5lYXJieRACGAQgAA,ChIJkRiHrJkfDTkRqEE0wyH5wAw
HDFC ERGO Insurance Agent: Surender Kumar Batra,insurance_agency,insurance_agency|point_of_interest|service|establishment,080 4595 0513,https://agent.hdfcergo.com/hdfc-ergo-insurance-agent-surender-kumar-batra-insurance-broker-sector-24-gurugram-524658/Home?utm_source=locator&utm_medium=googleplaces,"No 5/10/17, 1st Floor, DLF Phase 3, Sector 24, Gurugram, Haryana 122002, India",,,OPERATIONAL,https://maps.google.com/?cid=14628479122279813038&g_mp=Cilnb29nbGUubWFwcy5wbGFjZXMudjEuUGxhY2VzLlNlYXJjaE5lYXJieRACGAQgAA,ChIJqX5ttXcfDTkRrs-0t0HMAss
Lawrence Travels x Royal Indian Trains,travel_agency,travel_agency|point_of_interest|service|establishment,098101 45718,http://www.royalindiantrains.com/,"3rd Floor, 50, V-10, DLF Phase 3, Sector 24, Gurugram, Haryana 122010, India",4.9,18,OPERATIONAL,https://maps.google.com/?cid=12396353987031194619&g_mp=Cilnb29nbGUubWFwcy5wbGFjZXMudjEuUGxhY2VzLlNlYXJjaE5lYXJieRACGAQgAA,ChIJVVVVWoX7DDkR-9v9wkWyCKw
dr Mehta,doctor,doctor|health|point_of_interest|establishment,098110 57384,http://www.heartquery.com/,"Ward No 8, 9, V-10, Ward No 8, DLF Phase 3, Sector 24, Gurugram, Haryana 122010, India",,,OPERATIONAL,https://maps.google.com/?cid=2469614744261697633&g_mp=Cilnb29nbGUubWFwcy5wbGFjZXMudjEuUGxhY2VzLlNlYXJjaE5lYXJieRACGAQgAA,ChIJlZISy8seDTkRYSDJe4bVRSI
The Pinecone Studio,service,point_of_interest|service|establishment,099990 39111,,"1, V-9, V Block, DLF Phase 3, Sector 24, Gurugram, Haryana 122001, India",5,22,OPERATIONAL,https://maps.google.com/?cid=7728497819552620083&g_mp=Cilnb29nbGUubWFwcy5wbGFjZXMudjEuUGxhY2VzLlNlYXJjaE5lYXJieRACGAQgAA,ChIJLcBVNZ4fDTkRM57QzdEjQWs
Harshita Building Material Supplier,,point_of_interest|establishment,099905 06002,,"V-10, opposite sheetla mata mandir, DLF Phase 3, Sector 24, Gurugram, Haryana 122010, India",,,CLOSED_TEMPORARILY,https://maps.google.com/?cid=3116195588338470572&g_mp=Cilnb29nbGUubWFwcy5wbGFjZXMudjEuUGxhY2VzLlNlYXJjaE5lYXJieRACGAQgAA,ChIJ9xQJfNUfDTkRrM6NlWDzPis
Pinku raj electrical,electrician,electrician|point_of_interest|service|establishment,083681 44623,,"above V-12/2, DLF Phase 3, Sector 24, Gurugram, Haryana 122002, India",3.7,3,OPERATIONAL,https://maps.google.com/?cid=7209643141557644214&g_mp=Cilnb29nbGUubWFwcy5wbGFjZXMudjEuUGxhY2VzLlNlYXJjaE5lYXJieRACGAQgAA,ChIJ1edDjLQZDTkRtuvfKT3MDWQ
AAVS,,point_of_interest|establishment,093508 74962,https://sites.google.com/view/aavsartcenter/home,"V-11/37, DLF Phase 3, Sector 24, Gurugram, Haryana 122010, India",5,3,OPERATIONAL,https://maps.google.com/?cid=5014378798955933514&g_mp=Cilnb29nbGUubWFwcy5wbGFjZXMudjEuUGxhY2VzLlNlYXJjaE5lYXJieRACGAQgAA,ChIJT-7FIboZDTkRSq8ESfOmlkU
Vaibhav Garg,consultant,consultant|health|point_of_interest|service|establishment,098184 67654,http://www.vaibhavgarg.com/,"V-11/35, DLF Phase 3, Sector 24, Gurugram, Haryana 122010, India",5,3,OPERATIONAL,https://maps.google.com/?cid=16238417487032952703&g_mp=Cilnb29nbGUubWFwcy5wbGFjZXMudjEuUGxhY2VzLlNlYXJjaE5lYXJieRACGAQgAA,ChIJ69hEccseDTkRfycXbatyWuE
"V12/29, Infinity Building",apartment_building,apartment_building|point_of_interest|service|establishment,,,"F4W5+5QH, V12/29, Lane No. 12, DLF Phase 3, Sector 24, Gurugram, Haryana 122010, India",,,OPERATIONAL,https://maps.google.com/?cid=13143965497719862217&g_mp=Cilnb29nbGUubWFwcy5wbGFjZXMudjEuUGxhY2VzLlNlYXJjaE5lYXJieRACGAQgAA,ChIJQw-lPAAfDTkRyTOV__q-aLY
Dimension Architects,service,point_of_interest|service|establishment,098100 12051,http://www.dimensionarchitects.in/,"44, V-10, DLF Phase 3, Sector 24, Gurugram, Haryana 122010, India",4,10,OPERATIONAL,https://maps.google.com/?cid=18186282190243156350&g_mp=Cilnb29nbGUubWFwcy5wbGFjZXMudjEuUGxhY2VzLlNlYXJjaE5lYXJieRACGAQgAA,ChIJ9xP3E8seDTkRftF0BkynYvw
VNS ACCESSORIES,service,service|point_of_interest|establishment,096540 10181,http://www.vnsindia.in/,"441, Electronic City, Phase IV, Udyog Vihar, Sector 18, Gurugram, Haryana 122015, India",4,27,OPERATIONAL,https://maps.google.com/?cid=15200911476807632498&g_mp=Cilnb29nbGUubWFwcy5wbGFjZXMudjEuUGxhY2VzLlNlYXJjaE5lYXJieRACGAQgAA,ChIJVVVVlT8ZDTkRcgZHRXN89NI
Shopperr B2B,electronics_store,electronics_store|store|point_of_interest|establishment,01234 567 890,http://globalshopperr.com/,"5th And 6th Floor, Plot No 436, Phase IV, Udyog Vihar, Sector 18, Gurugram, Haryana 122015, India",,,CLOSED_TEMPORARILY,https://maps.google.com/?cid=452604586745243405&g_mp=Cilnb29nbGUubWFwcy5wbGFjZXMudjEuUGxhY2VzLlNlYXJjaE5lYXJieRACGAQgAA,ChIJxxnylGsZDTkRDaepQHn5RwY
AKVM Solutions Pvt. Ltd.,travel_agency,travel_agency|service|point_of_interest|establishment,0124 414 7685,https://akvmsolutions.com/,"436, Phase IV, Udyog Vihar, Sector 18, Gurugram, Haryana 122015, India",4.7,24,OPERATIONAL,https://maps.google.com/?cid=11213310700252696879&g_mp=Cilnb29nbGUubWFwcy5wbGFjZXMudjEuUGxhY2VzLlNlYXJjaE5lYXJieRACGAQgAA,ChIJ4fRgQJM5f6gRLxGm1KuunZs
Creationist Technovations pvt ltd,building_materials_store,corporate_office|home_goods_store|building_materials_store|store|service|point_of_interest|establishment,093114 94800,,"436, Phase IV, Udyog Vihar, Sector 18, Gurugram, Haryana 122015, India",2.8,4,OPERATIONAL,https://maps.google.com/?cid=1837771511890151117&g_mp=Cilnb29nbGUubWFwcy5wbGFjZXMudjEuUGxhY2VzLlNlYXJjaE5lYXJieRACGAQgAA,ChIJL7oISikZDTkRzYaLAHQTgRk
SeoLiving,corporate_office,corporate_office|point_of_interest|establishment,099615 12345,http://seoliving.com/,"436, Phase IV, Udyog Vihar, Sector 18, Gurugram, Haryana 122015, India",,,CLOSED_TEMPORARILY,https://maps.google.com/?cid=17324494289559711105&g_mp=Cilnb29nbGUubWFwcy5wbGFjZXMudjEuUGxhY2VzLlNlYXJjaE5lYXJieRACGAQgAA,ChIJxxnylGsZDTkRgW19asT3bPA
Usha Tubes (P) Ltd,building_materials_store,building_materials_store|supplier|store|service|point_of_interest|establishment,0124 401 8701,,"Plot 438, Rao Gajraj Singh Marg, Electronic City, Phase IV, Udyog Vihar, Sector 18, Gurugram, Haryana 122015, India",5,2,CLOSED_TEMPORARILY,https://maps.google.com/?cid=5852126796108397525&g_mp=Cilnb29nbGUubWFwcy5wbGFjZXMudjEuUGxhY2VzLlNlYXJjaE5lYXJieRACGAQgAA,ChIJq6qq6j8ZDTkR1fuVrlDuNlE
Digidarts,service,service|point_of_interest|establishment,089294 47313,https://www.digidarts.com/,"436 (4th Floor, Phase IV, Udyog Vihar, Sector 18, Gurugram, Haryana 122015, India",4.2,89,OPERATIONAL,https://maps.google.com/?cid=10400968125085274029&g_mp=Cilnb29nbGUubWFwcy5wbGFjZXMudjEuUGxhY2VzLlNlYXJjaE5lYXJieRACGAQgAA,ChIJjRvjHjAZDTkRrU_eL2epV5A
Uniba Workwear Corporate,service,service|point_of_interest|establishment,096677 97500,http://www.uniba.in/,"435, Phase IV, Udyog Vihar, Sector 18, Gurugram, Haryana 122015, India",4.2,6,OPERATIONAL,https://maps.google.com/?cid=5786578271724025670&g_mp=Cilnb29nbGUubWFwcy5wbGFjZXMudjEuUGxhY2VzLlNlYXJjaE5lYXJieRACGAQgAA,ChIJj1a_jSQZDTkRRrcaj0cOTlA
DM REFLECTIVE MATERIAL INDIA PVT. LTD.,corporate_office,corporate_office|point_of_interest|establishment,0124 460 1780,http://www.dmreflective.in/,"435, Phase IV, Udyog Vihar, Sector 18, Gurugram, Haryana 122015, India",4.5,15,OPERATIONAL,https://maps.google.com/?cid=15015884744158045497&g_mp=Cilnb29nbGUubWFwcy5wbGFjZXMudjEuUGxhY2VzLlNlYXJjaE5lYXJieRACGAQgAA,ChIJIaMBwGsZDTkROWW_A54jY9A
ikOOji,manufacturer,furniture_store|home_improvement_store|home_goods_store|store|manufacturer|service|point_of_interest|establishment,092897 49484,,"435, Phase IV, Udyog Vihar, Sector 18, Gurugram, Haryana 122015, India",4.4,68,OPERATIONAL,https://maps.google.com/?cid=18254668937994539146&g_mp=Cilnb29nbGUubWFwcy5wbGFjZXMudjEuUGxhY2VzLlNlYXJjaE5lYXJieRACGAQgAA,ChIJ1fShIk0ZDTkRipCFha6cVf0
Corporate Serve Technologies Pvt Ltd,service,service|point_of_interest|establishment,099584 94663,https://www.corporateservetech.com/,"1st Floor, 408, Udyog Vihar Phase 4 Rd, Electronic City, Phase IV, Udyog Vihar, Sector 19, Gurugram, Haryana 122015, India",5,2,OPERATIONAL,https://maps.google.com/?cid=9909275133894697146&g_mp=Cilnb29nbGUubWFwcy5wbGFjZXMudjEuUGxhY2VzLlNlYXJjaE5lYXJieRACGAQgAA,ChIJo46ghSYZDTkRuqBnkTvRhIk
Jbm,manufacturer,manufacturer|point_of_interest|establishment,0124 467 4500,http://www.jbm-group.com/,"MSIL Mullahera, Plot 5, Maruti Udyog, Sector 18, Gurugram, Haryana 122015, India",4,70,OPERATIONAL,https://maps.google.com/?cid=12101828636713185057&g_mp=Cilnb29nbGUubWFwcy5wbGFjZXMudjEuUGxhY2VzLlNlYXJjaE5lYXJieRACGAQgAA,ChIJAQAAAGkZDTkRIW_w3wZV8qc
OmTrax Packaging Solutions Ltd.,shipping_service,shipping_service|transportation_service|point_of_interest|service|establishment,097111 91760,http://www.omtrax.com/,"F3XH+5CV, Maruti Udyog, Sector 18, Gurgaon -Haryana, Gurugram, Haryana 122015, India",3.7,7,OPERATIONAL,https://maps.google.com/?cid=1845128034203548165&g_mp=Cilnb29nbGUubWFwcy5wbGFjZXMudjEuUGxhY2VzLlNlYXJjaE5lYXJieRACGAQgAA,ChIJpTgFiWoZDTkRBTrR0ys2mxk
Caparo Maruti Ltd,manufacturer,manufacturer|point_of_interest|establishment,0124 431 8222,https://www.caparo.co.in/,"F3XH+999, Phase IV, Sarhaul, Sector 18, Gurugram, Haryana 122015, India",4.1,67,OPERATIONAL,https://maps.google.com/?cid=7469592346963088781&g_mp=Cilnb29nbGUubWFwcy5wbGFjZXMudjEuUGxhY2VzLlNlYXJjaE5lYXJieRACGAQgAA,ChIJk4y2D0cZDTkRjRW2-alSqWc
Shubham Housing Finance - Head Office,finance,finance|consultant|point_of_interest|service|establishment,1800 258 2225,https://www.shubham.co/,"Shubham House, 425, Phase IV, Udyog Vihar, Sector 18, Gurugram, Haryana 122015, India",2.6,141,OPERATIONAL,https://maps.google.com/?cid=14953326951092341532&g_mp=Cilnb29nbGUubWFwcy5wbGFjZXMudjEuUGxhY2VzLlNlYXJjaE5lYXJieRACGAQgAA,ChIJa6ndkSwZDTkRHEsiyqLjhM8
Yaskawa India Pvt.,corporate_office,corporate_office|point_of_interest|establishment,0124 475 8500,https://www.fanucindia.com/,"426, Rao Gajraj Singh Marg, Phase IV, Udyog Vihar, Sector 18, Gurugram, Haryana 122015, India",4.3,72,CLOSED_TEMPORARILY,https://maps.google.com/?cid=12102610356951388935&g_mp=Cilnb29nbGUubWFwcy5wbGFjZXMudjEuUGxhY2VzLlNlYXJjaE5lYXJieRACGAQgAA,ChIJVSPVS2oZDTkRBxMNTf8b9ac
VConsyst Software Solutions,service,point_of_interest|service|establishment,0124 438 2364,http://www.vconsyst.co.uk/,"F3XG+QP5, NH 8, Phase IV, Sector 22A, Sector 18, Gurugram, Haryana 122015, India",4.3,6,OPERATIONAL,https://maps.google.com/?cid=17589099480196811107&g_mp=Cilnb29nbGUubWFwcy5wbGFjZXMudjEuUGxhY2VzLlNlYXJjaE5lYXJieRACGAQgAA,ChIJO8dGSmoZDTkRY4kjRMkIGfQ
SG Controls & Switchgear Pvt Ltd,store,store|point_of_interest|establishment,092121 36202,,"147, Phase IV, Udyog Vihar, Sector 18, Gurugram, Haryana 122015, India",4.2,35,OPERATIONAL,https://maps.google.com/?cid=2987378746464278393&g_mp=Cilnb29nbGUubWFwcy5wbGFjZXMudjEuUGxhY2VzLlNlYXJjaE5lYXJieRACGAQgAA,ChIJq6qq6j8ZDTkReReOYCRNdSk
Applied Energy Technologies Private Limited,corporate_office,corporate_office|point_of_interest|establishment,0124 433 0450,https://www.appliedenergytechnologies.com/,"288A, 3rd Floor, Phase IV, Udyog Vihar, Sector 18, Gurugram, Haryana 122015, India",5,7,OPERATIONAL,https://maps.google.com/?cid=8372831362650872333&g_mp=Cilnb29nbGUubWFwcy5wbGFjZXMudjEuUGxhY2VzLlNlYXJjaE5lYXJieRACGAQgAA,ChIJz_54e5IZDTkRDRoOX8NFMnQ
Hot Cakes Pvt Ltd,manufacturer,manufacturer|wholesaler|food|point_of_interest|service|establishment,098114 88888,https://www.goldengrain.in/,"289, Phase IV, Udyog Vihar, Sector 18, Gurugram, Haryana 122015, India",,,OPERATIONAL,https://maps.google.com/?cid=12002905524368628892&g_mp=Cilnb29nbGUubWFwcy5wbGFjZXMudjEuUGxhY2VzLlNlYXJjaE5lYXJieRACGAQgAA,ChIJGwc1MgsZDTkRnNyQ9PrikqY
CBSL GROUP,corporate_office,corporate_office|point_of_interest|establishment,011 4759 7700,https://www.cbslgroup.in/,"288A, Phase IV, Udyog Vihar, Sector 18, Gurugram, Haryana 122015, India",4.2,40,OPERATIONAL,https://maps.google.com/?cid=16494503293060792436&g_mp=Cilnb29nbGUubWFwcy5wbGFjZXMudjEuUGxhY2VzLlNlYXJjaE5lYXJieRACGAQgAA,ChIJc_A1e_AZDTkRdEBmeVo_6OQ
In Jobs Center,employment_agency,employment_agency|point_of_interest|service|establishment,078382 11325,,"309-310, 4, Phase IV, Udyog Vihar, Sector 18, Gurugram, Haryana 122015, India",4.5,15,OPERATIONAL,https://maps.google.com/?cid=12030264881742454967&g_mp=Cilnb29nbGUubWFwcy5wbGFjZXMudjEuUGxhY2VzLlNlYXJjaE5lYXJieRACGAQgAA,ChIJiUHZwNMZDTkRt6AdvisW9KY
"Ads Media (powered by INTERCEDE MEDIA HOUSE), Digital Marketing Company",service,point_of_interest|service|establishment,099902 97717,https://www.ads-media.in/,"310, Phase IV, Udyog Vihar, Sector 18, Gurugram, Haryana 122001, India",5,3,OPERATIONAL,https://maps.google.com/?cid=8296474630628689993&g_mp=Cilnb29nbGUubWFwcy5wbGFjZXMudjEuUGxhY2VzLlNlYXJjaE5lYXJieRACGAQgAA,ChIJq_oA4UEZDTkRScipTrj_InM
Sentiss Pharma Pvt Ltd,manufacturer,corporate_office|manufacturer|association_or_organization|wholesaler|health|point_of_interest|service|establishment,0124 495 1100,http://www.sentisspharma.com/,"261, Phase IV, Udyog Vihar, Sector 18, Gurugram, Haryana 122015, India",4.6,44,OPERATIONAL,https://maps.google.com/?cid=5890639777764579927&g_mp=Cilnb29nbGUubWFwcy5wbGFjZXMudjEuUGxhY2VzLlNlYXJjaE5lYXJieRACGAQgAA,ChIJcc5G8bv7DDkRV5px_arBv1E
Shigan Techsolutions,manufacturer,manufacturer|point_of_interest|establishment,098184 27177,,"Plot-227, Phase-IV, Udyog Vihar, Phase IV, Udyog Vihar, Sector 18, Gurugram, Haryana 122015, India",5,2,OPERATIONAL,https://maps.google.com/?cid=9981424150567816248&g_mp=Cilnb29nbGUubWFwcy5wbGFjZXMudjEuUGxhY2VzLlNlYXJjaE5lYXJieRACGAQgAA,ChIJAQAAAGkZDTkROIwZj2EkhYo
Gaurav Enterprises (NAFABS),manufacturer,manufacturer|store|point_of_interest|establishment,088260 00412,https://nafabs.in/,"Plot No. 291, Udyog Vihar Phase 4 Rd, Phase IV, Udyog Vihar, Sector 18, Gurugram, Haryana 122016, India",,,OPERATIONAL,https://maps.google.com/?cid=11253385043914991114&g_mp=Cilnb29nbGUubWFwcy5wbGFjZXMudjEuUGxhY2VzLlNlYXJjaE5lYXJieRACGAQgAA,ChIJVeyM0UltwEsRCiY_DxMOLJw
Gaurav Fabtech Industries : Nafabs The No.1 Elastic,manufacturer,manufacturer|point_of_interest|establishment,098110 26142,http://gauravfabtech.in/,"Plot No.291, 291, Phase IV, Udyog Vihar, Sector 18, Gurugram, Haryana 122015, India",4.5,2,OPERATIONAL,https://maps.google.com/?cid=6824357312629062268&g_mp=Cilnb29nbGUubWFwcy5wbGFjZXMudjEuUGxhY2VzLlNlYXJjaE5lYXJieRACGAQgAA,ChIJO8YoM0AZDTkRfDqYn9H8tF4
CBSL- IDPA (Intelligent Data Processing and Automation),service,point_of_interest|service|establishment,074832 32244,https://cbslgroup.in/,"288A, Phase IV, Udyog Vihar, Sector 18, Gurugram, Haryana 122015, India",5,3,OPERATIONAL,https://maps.google.com/?cid=8451289702088655586&g_mp=Cilnb29nbGUubWFwcy5wbGFjZXMudjEuUGxhY2VzLlNlYXJjaE5lYXJieRACGAQgAA,ChIJx8KgldgZDTkR4kLpCjUDSXU
Capital Business Systems Pvt. Ltd.(Head Office),service,storage|finance|point_of_interest|service|establishment,0124 461 7700,https://cbslgroup.in/,"288 A, Phase IV, Udyog Vihar, Sector 19, Gurugram, Haryana 122015, India",4.5,2,OPERATIONAL,https://maps.google.com/?cid=7756279451425896108&g_mp=Cilnb29nbGUubWFwcy5wbGFjZXMudjEuUGxhY2VzLlNlYXJjaE5lYXJieRACGAQgAA,ChIJ_VfU9WIZDTkRrPbmCBHXo2s
GRACO INDIA PVT. Ltd,corporate_office,corporate_office|point_of_interest|establishment,0124 661 0200,http://www.graco.com/,"Plot No. 262, Phase IV, Udyog Vihar, Sector 18, Gurugram, Haryana 122015, India",4.4,84,OPERATIONAL,https://maps.google.com/?cid=3987891999465478897&g_mp=Cilnb29nbGUubWFwcy5wbGFjZXMudjEuUGxhY2VzLlNlYXJjaE5lYXJieRACGAQgAA,ChIJq6pWzEEZDTkR8RrDDqXWVzc
f1Studioz - Enterprise UX / UI Design Company in NCR,service,service|point_of_interest|establishment,084888 62040,https://f1studioz.com/,"First Floor, AIHP Milestone, Rao Gajraj Singh Marg, Phase V, Udyog Vihar, Sector 19, Gurugram, Haryana 122015, India",,,OPERATIONAL,https://maps.google.com/?cid=9683977435295328849&g_mp=Cilnb29nbGUubWFwcy5wbGFjZXMudjEuUGxhY2VzLlNlYXJjaE5lYXJieRACGAQgAA,ChIJ5XnjC7kZDTkRUSqtYytmZIY
Snapdeal,service,service|point_of_interest|establishment,0124 410 8642,http://www.tcs.com,"Sector 18, Phase IV, Udyog Vihar, Sector 18, Gurugram, Haryana 122015, India",3.6,36,OPERATIONAL,https://maps.google.com/?cid=6461501653442071078&g_mp=Cilnb29nbGUubWFwcy5wbGFjZXMudjEuUGxhY2VzLlNlYXJjaE5lYXJieRACGAQgAA,ChIJI0LQukAZDTkRJooD8YTdq1k
Innovative Facility Solutions,service,service|point_of_interest|establishment,0124 405 7117,,"AIHP Tower, 3rd Floor, Wing - A, 249 G, Phase IV, Udyog Vihar, Sector 18, Gurugram, Haryana 122015, India",4.1,7,OPERATIONAL,https://maps.google.com/?cid=5914094151344944337&g_mp=Cilnb29nbGUubWFwcy5wbGFjZXMudjEuUGxhY2VzLlNlYXJjaE5lYXJieRACGAQgAA,ChIJAQAAAHUZDTkR0XQh40sVE1I
Alyte,association_or_organization,association_or_organization|service|point_of_interest|establishment,1800 266 0851,,"Ground Floor Plot No 249G, AIHP Tower, Phase IV, Udyog Vihar, Sector 18, Gurugram, Haryana 122015, India",1,1,OPERATIONAL,https://maps.google.com/?cid=8912211054094704685&g_mp=Cilnb29nbGUubWFwcy5wbGFjZXMudjEuUGxhY2VzLlNlYXJjaE5lYXJieRACGAQgAA,ChIJVVUV8kAZDTkRLeCfGryIrns
CNH SANKALP,service,service|point_of_interest|establishment,1800 313 1844,http://sankalpcnhi.com/,"249 G, Level 2, Wing A, AIHP Tower, Phase IV, Udyog Vihar, Sector 18, Gurugram, Haryana 122015, India",3,4,CLOSED_TEMPORARILY,https://maps.google.com/?cid=2680539318330242915&g_mp=Cilnb29nbGUubWFwcy5wbGFjZXMudjEuUGxhY2VzLlNlYXJjaE5lYXJieRACGAQgAA,ChIJVVUV8kAZDTkRY7eK004wMyU
DHANVARSHA TAFE,manufacturer,manufacturer|point_of_interest|establishment,1800 212 2034,http://tafedhanvarsha.com/,"249 G, Level 2, AIHP Tower, Wing A, Phase IV, Udyog Vihar, Sector 18, Gurugram, Haryana 122015, India",4.5,2,CLOSED_TEMPORARILY,https://maps.google.com/?cid=5478954525587401679&g_mp=Cilnb29nbGUubWFwcy5wbGFjZXMudjEuUGxhY2VzLlNlYXJjaE5lYXJieRACGAQgAA,ChIJVVUV8kAZDTkRz-snvhwoCUw
Authoriseddealer,service,service|point_of_interest|establishment,099991 21121,http://authoriseddealer.com/,"249G First, AIHP Tower, Phase IV, Udyog Vihar, Sector 18, Gurugram, Haryana 122015, India",4,1,OPERATIONAL,https://maps.google.com/?cid=9978349214997340521&g_mp=Cilnb29nbGUubWFwcy5wbGFjZXMudjEuUGxhY2VzLlNlYXJjaE5lYXJieRACGAQgAA,ChIJAQAwgSMZDTkRaeG2VL43eoo
Edge Business Solutions Private Limited,service,service|point_of_interest|establishment,098112 92956,,"4th floor, AIHP Tower, 249 G, Phase IV, Udyog Vihar, Sector 18, Gurugram, Haryana 122015, India",5,4,OPERATIONAL,https://maps.google.com/?cid=16583663012594269658&g_mp=Cilnb29nbGUubWFwcy5wbGFjZXMudjEuUGxhY2VzLlNlYXJjaE5lYXJieRACGAQgAA,ChIJ3wIqpKAdDTkR2j13XKUBJeY
Natura Vitalis Industries Pvt Ltd,manufacturer,manufacturer|point_of_interest|establishment,0124 436 4795,https://www.nvitalis.com/,"Plot No, 583, Udyog Vihar Phase V Rd, near Trident Hotel, Udyog Vihar, Industrial Area, Gurugram, Haryana 122016, India",,,OPERATIONAL,https://maps.google.com/?cid=7453681846101381588&g_mp=Cilnb29nbGUubWFwcy5wbGFjZXMudjEuUGxhY2VzLlNlYXJjaE5lYXJieRACGAQgAA,ChIJrVhkizoZDTkR1JGm0SXMcGc
Galactic Client Services Pvt Ltd,,point_of_interest|establishment,097119 90616,http://www.galacticcs.com/,"AIHP Tower, 249 Wing B, Ground Floor, Phase IV, Udyog Vihar, Sector 18, Gurugram, Haryana 122015, India",3.4,47,OPERATIONAL,https://maps.google.com/?cid=13803152508594734700&g_mp=Cilnb29nbGUubWFwcy5wbGFjZXMudjEuUGxhY2VzLlNlYXJjaE5lYXJieRACGAQgAA,ChIJM7sf8JQZDTkRbMZUBxOmjr8
Pixelwork Interactive,service,service|point_of_interest|establishment,098910 98122,https://www.pixelworkinteractive.com/,"249, Udyog Vihar Phase V Rd, Phase IV, Udyog Vihar, Sector 18, Gurugram, Haryana 122015, India",4.4,19,OPERATIONAL,https://maps.google.com/?cid=7144993265104591791&g_mp=Cilnb29nbGUubWFwcy5wbGFjZXMudjEuUGxhY2VzLlNlYXJjaE5lYXJieRACGAQgAA,ChIJWZK3jzcZDTkRrxse0YQdKGM
International Shared Support Centre Private Limited (ISSC),accounting,accounting|finance|point_of_interest|service|establishment,0124 411 5728,https://issc.co.in/,"2nd Floor, 448-A, Udyog Vihar Phase V Rd, Phase V, Udyog Vihar, Sector 19, Gurugram, Haryana 122016, India",4.6,22,OPERATIONAL,https://maps.google.com/?cid=2750506780820926121&g_mp=Cilnb29nbGUubWFwcy5wbGFjZXMudjEuUGxhY2VzLlNlYXJjaE5lYXJieRACGAQgAA,ChIJ18vk5yMZDTkRqW4iJ1jDKyY
Moksha Media Group,service,point_of_interest|service|establishment,074288 12223,https://www.moksha.in/,"Fourth Floor, Enkay Center Vanijya Nikunj Wing A, near Cyber City, Phase V, Udyog Vihar, Sector 19, Gurugram, Haryana 122016, India",4,20,OPERATIONAL,https://maps.google.com/?cid=11600152434875132704&g_mp=Cilnb29nbGUubWFwcy5wbGFjZXMudjEuUGxhY2VzLlNlYXJjaE5lYXJieRACGAQgAA,ChIJM857OTcZDTkRIGsd5S0F_KA
Freight Plan India Pvt Ltd.,corporate_office,corporate_office|point_of_interest|establishment,0124 411 0157,http://www.freightplan.com/,"Enkay Centre, A-Block, 2nd Floor, Vanijya Nikunj, Udyog Vihar Phase V Rd, Phase V, Udyog Vihar, Sector 19, Gurugram, Haryana 122016, India",4.2,6,OPERATIONAL,https://maps.google.com/?cid=17465497753945152249&g_mp=Cilnb29nbGUubWFwcy5wbGFjZXMudjEuUGxhY2VzLlNlYXJjaE5lYXJieRACGAQgAA,ChIJCSU0pCYZDTkR-ZpIyavpYfI
Agrow Allied Ventures Pvt. Ltd.,manufacturer,manufacturer|point_of_interest|establishment,0124 460 0414,https://agrowallied.in/,"7th Floor, ENKAY TOWER, 701-714, opp. Cyber City, Phase V, Udyog Vihar, Sector 19, Gurugram, Haryana 122016, India",4.6,9,OPERATIONAL,https://maps.google.com/?cid=6750687514263094484&g_mp=Cilnb29nbGUubWFwcy5wbGFjZXMudjEuUGxhY2VzLlNlYXJjaE5lYXJieRACGAQgAA,ChIJhfRFh5QZDTkR1ARRDYdCr10
UDYOG VIHAR PROPERTY,real_estate_agency,real_estate_agency|point_of_interest|service|establishment,098111 10319,http://www.udyogviharproperty.com/,"460, Phase V, Udyog Vihar, Sector 19, Gurugram, Haryana 122016, India",4.5,24,OPERATIONAL,https://maps.google.com/?cid=3606661982111968559&g_mp=Cilnb29nbGUubWFwcy5wbGFjZXMudjEuUGxhY2VzLlNlYXJjaE5lYXJieRACGAQgAA,ChIJN5NDP0cZDTkRL62wvPZvDTI
One success marketing,finance,finance|point_of_interest|establishment,072052 89369,,"opposite Hdfc bank, Phase V, Udyog Vihar, Sector 19, Gurugram, Haryana 122016, India",4.7,6,OPERATIONAL,https://maps.google.com/?cid=17411877523991997838&g_mp=Cilnb29nbGUubWFwcy5wbGFjZXMudjEuUGxhY2VzLlNlYXJjaE5lYXJieRACGAQgAA,ChIJ0TyZXNMZDTkRjq0mIltqo_E
"Unity Small Finance Bank - Udyog Vihar, Gurgaon",bank,bank|finance|point_of_interest|service|establishment,1800 209 1122,https://unity.bank.in/,"Ground Floor, Hall A, Enkay Centre, Phase V, Udyog Vihar, Sector 19, Gurugram, Haryana 122016, India",5,32,OPERATIONAL,https://maps.google.com/?cid=4536260686899854782&g_mp=Cilnb29nbGUubWFwcy5wbGFjZXMudjEuUGxhY2VzLlNlYXJjaE5lYXJieRACGAQgAA,ChIJm9gHy9wZDTkRvj08gw8J9D4
Splice Studioz,service,point_of_interest|service|establishment,0124 400 8808,,"Ground Floor,Vanijya Nikunj,Enkay Tower,Plot - B, Udyog Vihar,Phase V., Phase V, Udyog Vihar, Sector 19, Gurugram, Haryana 122016, India",4.8,10,OPERATIONAL,https://maps.google.com/?cid=15925646124978718649&g_mp=Cilnb29nbGUubWFwcy5wbGFjZXMudjEuUGxhY2VzLlNlYXJjaE5lYXJieRACGAQgAA,ChIJL7aZP0cZDTkRucfu4cVCA90
WaBluetick,service,marketing_consultant|consultant|manufacturer|point_of_interest|service|establishment,022 6962 2688,https://wabluetick.com/,"First Floor situated at Enkay Tower, Plot No. B&B1, Vanijya Nikunj, Phase V, Udyog Vihar, Sector 19, Gurugram, Haryana 122016, India",5,1,OPERATIONAL,https://maps.google.com/?cid=6669781907556612654&g_mp=Cilnb29nbGUubWFwcy5wbGFjZXMudjEuUGxhY2VzLlNlYXJjaE5lYXJieRACGAQgAA,ChIJn-tZIFIZDTkRLjo9kU7Tj1w
ICICI BANK ATM,point_of_interest,point_of_interest|atm|finance|establishment,1800 1080,https://www.icicibank.com/,"S, ICICI Bank Atm, Vanijyani kunj, ENKAY TOWER, Plot B-B1, Phase V, Udyog Vihar, Sector 19, Gurugram, Haryana 122002, India",,,OPERATIONAL,https://maps.google.com/?cid=17787499784813031097&g_mp=Cilnb29nbGUubWFwcy5wbGFjZXMudjEuUGxhY2VzLlNlYXJjaE5lYXJieRACGAQgAA,ChIJDcFts-QZDTkRuS4e5M_k2fY
Elite Safety Sciences,corporate_office,corporate_office|point_of_interest|establishment,0124 477 6161,https://elitessafety.com/,"Enkay Center, 2nd Floor, Phase V, Udyog Vihar, Sector 19, Gurugram, Haryana 122016, India",4.2,20,OPERATIONAL,https://maps.google.com/?cid=12442406310805659655&g_mp=Cilnb29nbGUubWFwcy5wbGFjZXMudjEuUGxhY2VzLlNlYXJjaE5lYXJieRACGAQgAA,ChIJHXlKqAMZDTkRB2Cm8p1OrKw
"IDFC FIRST Bank - Gurugram, Udyog Vihar Branch",bank,bank|finance|point_of_interest|establishment,1800 10888,https://nearme.idfcfirst.bank.in/idfc-first-bank/bank-and-atm-in-gurugram/bank-and-atm-in-Udyog-Vihar/idfc-first-bank-in-Udyog-Vihar-gurugram--OciOuB/home,"Unit No 5, Ground Floor, Enkay Centre, nearby Post Office, Phase V, Udyog Vihar, Sector 19, Gurugram, Haryana 122016, India",4.2,46,OPERATIONAL,https://maps.google.com/?cid=1035725494007557971&g_mp=Cilnb29nbGUubWFwcy5wbGFjZXMudjEuUGxhY2VzLlNlYXJjaE5lYXJieRACGAQgAA,ChIJwdo8jfAZDTkRU-8ia9miXw4
TENON PRIME,service,point_of_interest|service|establishment,081309 50950,,"458, Phase V, Udyog Vihar, Sector 19, Gurugram, Haryana 122016, India",5,5,CLOSED_TEMPORARILY,https://maps.google.com/?cid=15237821726836264414&g_mp=Cilnb29nbGUubWFwcy5wbGFjZXMudjEuUGxhY2VzLlNlYXJjaE5lYXJieRACGAQgAA,ChIJ_YMOO0cZDTkR3g3OiiCed9M
IDFC FIRST Bank ATM,atm,atm|finance|point_of_interest|establishment,1800 10888,https://nearme.idfcfirst.bank.in/idfc-first-bank/bank-and-atm-in-gurugram/bank-and-atm-in-Udyog-Vihar/idfc-first-bank-atm-in-Udyog-Vihar-gurugram--5yDq4I/home,"Unit No 5, Ground Floor, Enkay Centre, nearby Post Office, Phase V, Udyog Vihar, Sector 19, Gurugram, Haryana 122016, India",5,1,OPERATIONAL,https://maps.google.com/?cid=1005905859806606790&g_mp=Cilnb29nbGUubWFwcy5wbGFjZXMudjEuUGxhY2VzLlNlYXJjaE5lYXJieRACGAQgAA,ChIJA9v5tuUZDTkRxrVBywyy9Q0
"Block X, House No’s 17, Cyber City, DLF Phase II,",apartment_building,apartment_building|point_of_interest|service|establishment,,,"Cyber City, DLF Cyber City, DLF Phase 2, Sector 24, Gurugram, Haryana 122002, India",,,OPERATIONAL,https://maps.google.com/?cid=5796284912362582152&g_mp=Cilnb29nbGUubWFwcy5wbGFjZXMudjEuUGxhY2VzLlNlYXJjaE5lYXJieRACGAQgAA,ChIJrUX3MwAZDTkRiPBT8mqKcFA
"Comet, FLXY DLF Cyberhub",clothing_store,clothing_store|store|point_of_interest|establishment,,,"FLXY store, Cyber City, 10, DLF Tower 8th Rd, near modern bazaar, DLF Cyber City, DLF Phase 2, Sector 24, Gurugram, Haryana 122002, India",,,OPERATIONAL,https://maps.google.com/?cid=3937654251277137621&g_mp=Cilnb29nbGUubWFwcy5wbGFjZXMudjEuUGxhY2VzLlNlYXJjaE5lYXJieRACGAQgAA,ChIJ_zuvbcQZDTkR1Tauz61bpTY
"Underrated Club, FLXY DLF Cyberhub",clothing_store,clothing_store|store|point_of_interest|establishment,,http://www.underratedclub.com/,"FLXY store, Cyber City, 10, DLF Tower 8th Rd, near modern bazaar, DLF Cyber City, DLF Phase 2, Sector 24, Gurugram, Haryana 122002, India",,,OPERATIONAL,https://maps.google.com/?cid=6345404779684748279&g_mp=Cilnb29nbGUubWFwcy5wbGFjZXMudjEuUGxhY2VzLlNlYXJjaE5lYXJieRACGAQgAA,ChIJu8QoyT0ZDTkR99ssGQdoD1g
"Magre, FLXY DLF Cyberhub",clothing_store,clothing_store|store|point_of_interest|establishment,084460 51276,https://www.flxy.in/,"Ground floor, near Modern Bazar, DLF Cyber City, Building, Sector 24, Gurugram, Haryana 122002, India",,,OPERATIONAL,https://maps.google.com/?cid=1266543824821196188&g_mp=Cilnb29nbGUubWFwcy5wbGFjZXMudjEuUGxhY2VzLlNlYXJjaE5lYXJieRACGAQgAA,ChIJx43SfgYZDTkRnJXu8uWqkxE
"Cai Store, FLXY DLF Cyberhub",clothing_store,clothing_store|shoe_store|store|point_of_interest|establishment,084460 51276,http://flxy.in/,"FLXY store, Cyber City, 10, DLF Tower 8th Rd, near modern bazaar, DLF Cyber City, DLF Phase 2, Sector 24, Gurugram, Haryana 122002, India",,,OPERATIONAL,https://maps.google.com/?cid=15079599974062173712&g_mp=Cilnb29nbGUubWFwcy5wbGFjZXMudjEuUGxhY2VzLlNlYXJjaE5lYXJieRACGAQgAA,ChIJV95v1fsZDTkREC73AEiARdE
"Joker & Witch , FLXY DLF Cyberhub",clothing_store,clothing_store|jewelry_store|store|point_of_interest|service|establishment,084460 51276,https://www.flxy.in/,"FLXY store, Cyber City, 10, DLF Tower 8th Rd, near modern bazaar, DLF Cyber City, DLF Phase 2, Sector 24, Gurugram, Haryana 122002, India",,,OPERATIONAL,https://maps.google.com/?cid=4347933533151241422&g_mp=Cilnb29nbGUubWFwcy5wbGFjZXMudjEuUGxhY2VzLlNlYXJjaE5lYXJieRACGAQgAA,ChIJab7ODhoZDTkRziR9FoP2Vjw
"Lino Perros, FLXY DLF Cyberhub",clothing_store,clothing_store|store|point_of_interest|establishment,084460 51276,https://www.flxy.in/,"FLXY store, Cyber City, 10, DLF Tower 8th Rd, near modern bazaar, DLF Cyber City, DLF Phase 2, Sector 24, Gurugram, Haryana 122002, India",,,OPERATIONAL,https://maps.google.com/?cid=14409136164623386492&g_mp=Cilnb29nbGUubWFwcy5wbGFjZXMudjEuUGxhY2VzLlNlYXJjaE5lYXJieRACGAQgAA,ChIJIYQOQW8ZDTkRfIectP-I98c
Sr luxury flower decoration,florist,florist|store|point_of_interest|establishment,092177 60205,https://sr-luxury-flower.grexa.site/,"Cyber City sector road, DLF Cyber City, DLF Phase 2, Sector 24, Gurugram, Haryana 122002, India",5,23,OPERATIONAL,https://maps.google.com/?cid=5338674266355678747&g_mp=Cilnb29nbGUubWFwcy5wbGFjZXMudjEuUGxhY2VzLlNlYXJjaE5lYXJieRACGAQgAA,ChIJxfV9H5kZDTkRGz6msfXHFko
Placement-X,local_government_office,local_government_office|government_office|point_of_interest|establishment,098175 95467,https://placementx.com/,"6th Floor, Cyber City, DLF Cyber City, DLF Phase 2, Sector 24, Gurugram, Haryana 122002, India",,,OPERATIONAL,https://maps.google.com/?cid=1771575278465631748&g_mp=Cilnb29nbGUubWFwcy5wbGFjZXMudjEuUGxhY2VzLlNlYXJjaE5lYXJieRACGAQgAA,ChIJT7IIElcZDTkRBMbOXVTmlRg
Plumcot Systems Private Limited,consultant,consultant|point_of_interest|service|establishment,070041 98267,http://plumcotsystems.com/,"Cyber City, DLF Tower 8th Rd, DLF Cyber City, DLF Phase 2, Sector 24, Gurugram, Haryana 122002, India",4.3,3,OPERATIONAL,https://maps.google.com/?cid=13907964070841078553&g_mp=Cilnb29nbGUubWFwcy5wbGFjZXMudjEuUGxhY2VzLlNlYXJjaE5lYXJieRACGAQgAA,ChIJhcFwfGcYDTkRGdNgh6IDA8E
OneOrg.AI Business AI Platform For Organizations,,point_of_interest|establishment,092117 10607,https://www.oneorg.ai/,"Cyber City, Level 18, Tower A, No. 5, DLF Building, DLF Cyber City, DLF Phase 2, Sector 24, Gurugram, Haryana 122002, India",5,8,OPERATIONAL,https://maps.google.com/?cid=12062441907043037767&g_mp=Cilnb29nbGUubWFwcy5wbGFjZXMudjEuUGxhY2VzLlNlYXJjaE5lYXJieRACGAQgAA,ChIJR5xlX5MfDTkRR_IVQQFnZqc
HDFC ERGO General Insurance,insurance_agency,insurance_agency|health|point_of_interest|service|establishment,022 6234 6234,http://www.hdfcergo.com/,"3rd Floor, Tower B, Building, No 10, DLF Cyber City, DLF Phase 2, Sector 24, Gurugram, Haryana 122002, India",,,OPERATIONAL,https://maps.google.com/?cid=3437403529331578314&g_mp=Cilnb29nbGUubWFwcy5wbGFjZXMudjEuUGxhY2VzLlNlYXJjaE5lYXJieRACGAQgAA,ChIJMyitU9EZDTkRypV7O0wctC8
Cosmoneural Private Limited,service,point_of_interest|service|establishment,081686 63956,https://www.cosmoneural.com/,"WeWork DLF Forum, Cyber City, DLF Cyber City, DLF Phase 3, Sector 24, Gurugram, Haryana 122002, India",,,OPERATIONAL,https://maps.google.com/?cid=7141503680505333924&g_mp=Cilnb29nbGUubWFwcy5wbGFjZXMudjEuUGxhY2VzLlNlYXJjaE5lYXJieRACGAQgAA,ChIJ_cNUD7WFDTkRpEiqlsK3G2M
Simpplr Software India Private Limited,service,point_of_interest|service|establishment,0124 502 6021,https://www.simpplr.com/,"1st Floor, Wework, DLF Forum, 01-137 & 139, DLF Cyber City, DLF Phase 3, Sector 24, Gurugram, Haryana 122002, India",4.8,19,OPERATIONAL,https://maps.google.com/?cid=2936152316764698250&g_mp=Cilnb29nbGUubWFwcy5wbGFjZXMudjEuUGxhY2VzLlNlYXJjaE5lYXJieRACGAQgAA,ChIJ3c-PDVAZDTkRijYzx_lOvyg
Empliance Technologies Private Limited,,point_of_interest|establishment,080822 02202,http://empliance.in/,"WeWork Forum, DLF forum, DLF Cyber City, DLF Phase 3, Sector 24, Gurugram, Haryana 122002, India",3.8,6,OPERATIONAL,https://maps.google.com/?cid=1245836050547704959&g_mp=Cilnb29nbGUubWFwcy5wbGFjZXMudjEuUGxhY2VzLlNlYXJjaE5lYXJieRACGAQgAA,ChIJWVfJ93AZDTkRf4RFiUkZShE
Nextwork Technologies Private Ltd,service,point_of_interest|service|establishment,081784 41410,,"Wework, DLF Cyber City Rd, DLF Cyber City, DLF Phase 3, Sector 24, Gurugram, Haryana 122002, India",4.7,95,CLOSED_TEMPORARILY,https://maps.google.com/?cid=6907472214015034762&g_mp=Cilnb29nbGUubWFwcy5wbGFjZXMudjEuUGxhY2VzLlNlYXJjaE5lYXJieRACGAQgAA,ChIJ22tgORcZDTkRikU_nGFF3F8
Vector Logo,service,manufacturer|point_of_interest|service|establishment,088609 00327,https://www.vectorlogo.in/,"Vector Logo, DLF Cyber City Rd, DLF Cyber City, DLF Phase 3, Sector 24, Gurugram, Haryana 122002, India",5,6,OPERATIONAL,https://maps.google.com/?cid=3058418609628421216&g_mp=Cilnb29nbGUubWFwcy5wbGFjZXMudjEuUGxhY2VzLlNlYXJjaE5lYXJieRACGAQgAA,ChIJC5ZBshIZDTkRYJxYcYWvcSo
VacationBox,travel_agency,travel_agency|point_of_interest|service|establishment,098104 05204,,"WeWork, DLF Forum, Cyber City, DLF Cyber City, DLF Phase 3, Sector 24, Gurugram, Haryana 122002, India",5,39,OPERATIONAL,https://maps.google.com/?cid=16625077741617182841&g_mp=Cilnb29nbGUubWFwcy5wbGFjZXMudjEuUGxhY2VzLlNlYXJjaE5lYXJieRACGAQgAA,ChIJe7v1NjEfDTkReXhYYB8kuOY
ننګرهار اچین,service,point_of_interest|service|establishment,093183 98188,https://heybuddy.co.in/,"Wework DLF Forum, Cyber City, DLF Cyber City, DLF Phase 3, Sector 24, Gurugram, Haryana 122002, India",5,6,OPERATIONAL,https://maps.google.com/?cid=11765256150240624666&g_mp=Cilnb29nbGUubWFwcy5wbGFjZXMudjEuUGxhY2VzLlNlYXJjaE5lYXJieRACGAQgAA,ChIJm9L5nYoZDTkRGoCSNiKWRqM
Mktg Labs,service,point_of_interest|service|establishment,076785 99609,https://mktglabs.in/,"Forum, Cyber City, DLF Cyber City, DLF Phase 3, Sector 24, Gurugram, Haryana 122002, India",,,OPERATIONAL,https://maps.google.com/?cid=15665902100846483397&g_mp=Cilnb29nbGUubWFwcy5wbGFjZXMudjEuUGxhY2VzLlNlYXJjaE5lYXJieRACGAQgAA,ChIJMUtI9ZIZDTkRxRcAj_V2aNk
LingVoo,educational_institution,educational_institution|point_of_interest|establishment,085728 98038,,"9th Floor, Forum, WeWork Coworking, DLF Cyber City, DLF Phase 2, Sector 24, Gurugram, Haryana 122002, India",5,6,OPERATIONAL,https://maps.google.com/?cid=7845766583033759514&g_mp=Cilnb29nbGUubWFwcy5wbGFjZXMudjEuUGxhY2VzLlNlYXJjaE5lYXJieRACGAQgAA,ChIJT6tuT-oZDTkRGodbfCPD4Ww
Livelyup IT Solutions,service,point_of_interest|service|establishment,096671 44817,http://www.livelyup.io/,"HD341 WeWork, DLF Forum, Cyber City, DLF Cyber City, DLF Phase 3, Sector 24, Gurugram, Haryana 122002, India",5,10,OPERATIONAL,https://maps.google.com/?cid=5447744477593423884&g_mp=Cilnb29nbGUubWFwcy5wbGFjZXMudjEuUGxhY2VzLlNlYXJjaE5lYXJieRACGAQgAA,ChIJj82RFtAZDTkRDFANLr1Gmks
Dyson Technology India Pvt Ltd,corporate_office,corporate_office|point_of_interest|establishment,1800 258 6688,https://www.dyson.in/?utm_source=GMB&utm_medium=Organic&utm_campaign=Corporate_Office,"3rd Floor, WeWork Forum, DLF Cyber City, DLF Phase 2, Sector 24, Gurugram, Haryana 122002, India",3.7,19,OPERATIONAL,https://maps.google.com/?cid=18146176653954235881&g_mp=Cilnb29nbGUubWFwcy5wbGFjZXMudjEuUGxhY2VzLlNlYXJjaE5lYXJieRACGAQgAA,ChIJGUcp4zEhDTkR6b1tMoYr1Ps
Shree Om Food Plaza,north_indian_restaurant,north_indian_restaurant|indian_restaurant|restaurant|food|point_of_interest|establishment,098714 96475,,"93, The National Media Centre, Sector 24, Gurugram, Haryana 122002, India",3.7,3191,OPERATIONAL,https://maps.google.com/?cid=6319023909024058117&g_mp=Cilnb29nbGUubWFwcy5wbGFjZXMudjEuUGxhY2VzLlNlYXJjaE5lYXJieRACGAQgAA,ChIJy9gj5kkZDTkRBUuUAMSusVc
Chaklo chaap DLF,food_court,food_court|food|point_of_interest|establishment,085859 59589,,"Chaklo chaap DLF, The National Media Centre, Sector 24, Gurugram, Haryana 122022, India",5,5,OPERATIONAL,https://maps.google.com/?cid=1530384221294239772&g_mp=Cilnb29nbGUubWFwcy5wbGFjZXMudjEuUGxhY2VzLlNlYXJjaE5lYXJieRACGAQgAA,ChIJG17GpI0ZDTkRHCAbSFcEPRU
Axis Bank ATM,atm,atm|finance|point_of_interest|establishment,1860 500 5555,https://branch.axisbank.com/axis-bank-atm-gurugram-99015-CITI131/Home,"DLF Cyber City, DLF Phase 2, Sector 24, Gurugram, Haryana 122002, India",,,OPERATIONAL,https://maps.google.com/?cid=8681337123726956581&g_mp=Cilnb29nbGUubWFwcy5wbGFjZXMudjEuUGxhY2VzLlNlYXJjaE5lYXJieRACGAQgAA,ChIJV5DJNlkZDTkRJRgoSx5Oeng
Service Tax Solutions,consultant,accounting|finance|local_government_office|government_office|consultant|point_of_interest|service|establishment,0124 430 9062,,"Plot 44A, National Highway 8, Sez-5, Sector 24, behind Indian Post Office, The National Media Centre, Sector 24, Gurugram, Haryana 122002, India",5,1,CLOSED_TEMPORARILY,https://maps.google.com/?cid=2576140456470852952&g_mp=Cilnb29nbGUubWFwcy5wbGFjZXMudjEuUGxhY2VzLlNlYXJjaE5lYXJieRACGAQgAA,ChIJ4byJwICcZzkRWDV1nxhKwCM
"BT India, Tower C, 10th Floor",corporate_office,corporate_office|point_of_interest|establishment,,,"Bldg 6, 8b, DLF Cyber City Rd, DLF Cyber City, DLF Phase 3, Sector 24, Gurugram, Haryana 122002, India",4.5,57,OPERATIONAL,https://maps.google.com/?cid=17864839702671070191&g_mp=Cilnb29nbGUubWFwcy5wbGFjZXMudjEuUGxhY2VzLlNlYXJjaE5lYXJieRACGAQgAA,ChIJN0ro4zUZDTkR7xMBvw6p7Pc
Rehman Chicken Corner,restaurant,restaurant|food|point_of_interest|establishment,096259 45380,,"16, DLF Cyber City, DLF Phase 3, Sector 24, Gurugram, Haryana 122002, India",,,CLOSED_TEMPORARILY,https://maps.google.com/?cid=14892097986363744440&g_mp=Cilnb29nbGUubWFwcy5wbGFjZXMudjEuUGxhY2VzLlNlYXJjaE5lYXJieRACGAQgAA,ChIJ_wW8WBgZDTkRuGCFhTdcq84
Statiq Charging Station,electric_vehicle_charging_station,electric_vehicle_charging_station|transportation_service|point_of_interest|establishment,080707 43743,https://onelink.to/5695dc,"DLF Building Number 9B, DLF Cyber City, DLF P, Sector 24, Gurugram, Haryana 122002, India",4.3,3,OPERATIONAL,https://maps.google.com/?cid=10013604709363422772&g_mp=Cilnb29nbGUubWFwcy5wbGFjZXMudjEuUGxhY2VzLlNlYXJjaE5lYXJieRACGAQgAA,ChIJSRRu10kZDTkRNBbJxm1494o
Hotdoggin Foods LLP,fast_food_restaurant,fast_food_restaurant|restaurant|food|point_of_interest|establishment,096674 46867,,"BT India, 8th Floor, Building No 14, DLF Cyber City DLF Phase 3, Sector 24, Gurgaon, Haryana - 122022, DLF Cyber City, DLF Phase 2, Sector 24, Gurugram, Haryana 122002, India",4,1,OPERATIONAL,https://maps.google.com/?cid=11897200396905236334&g_mp=Cilnb29nbGUubWFwcy5wbGFjZXMudjEuUGxhY2VzLlNlYXJjaE5lYXJieRACGAQgAA,ChIJd5OV4KkZDTkRbkcsF7pYG6U
"TekGreen E-Waste Management | E-Waste Scrap Buyer in Udyog Vihar, Cyber City, DLF & South City, Gurugram",service,point_of_interest|service|establishment,098993 53849,https://tekgreenmanagement.online/,"16/6, Galli No. 21, DLF Cyber City Rd, DLF Phase 3, Sector 24, Gurugram, Haryana 122001, India",,,OPERATIONAL,https://maps.google.com/?cid=2596501932608074739&g_mp=Cilnb29nbGUubWFwcy5wbGFjZXMudjEuUGxhY2VzLlNlYXJjaE5lYXJieRACGAQgAA,ChIJbdC2GS0ZDTkR8zO4N8CgCCQ
Brawn Globus,corporate_office,corporate_office|general_contractor|point_of_interest|service|establishment,084700 00200,https://www.brawnglobus.com/,"W12, 3, DLF Phase 3, Sector 24, Gurugram, Haryana 122002, India",4,4,OPERATIONAL,https://maps.google.com/?cid=15022902924826187042&g_mp=Cilnb29nbGUubWFwcy5wbGFjZXMudjEuUGxhY2VzLlNlYXJjaE5lYXJieRACGAQgAA,ChIJX9PBozIfDTkRIhVxiZ0SfNA
Gati Car Bike Household Transport Ltd,transportation_service,transportation_service|point_of_interest|establishment,079765 80140,http://gaticourierpackersmovers.com/,"Shop.No-21, DLF Phase 3, Sector 24, Gurugram, Haryana 122002, India",3.5,13,OPERATIONAL,https://maps.google.com/?cid=8207858471735179037&g_mp=Cilnb29nbGUubWFwcy5wbGFjZXMudjEuUGxhY2VzLlNlYXJjaE5lYXJieRACGAQgAA,ChIJy8pVs4EZDTkRHbd0_sor6HE
"V Block 33/13,",apartment_building,apartment_building|point_of_interest|service|establishment,,,"13, Rd No, V-33, DLF Phase 3, Sector 24, Gurugram, Haryana 122010, India",,,OPERATIONAL,https://maps.google.com/?cid=10516628811054408351&g_mp=Cilnb29nbGUubWFwcy5wbGFjZXMudjEuUGxhY2VzLlNlYXJjaE5lYXJieRACGAQgAA,ChIJF3evCQAZDTkRn2KJJS-S8pE
"My Flat , Gurgaon",apartment_building,apartment_building|point_of_interest|service|establishment,,,"53, Rd No V 20, DLF Phase 3, Sector 24, Gurugram, Haryana 122002, India",,,OPERATIONAL,https://maps.google.com/?cid=16244186776109852573&g_mp=Cilnb29nbGUubWFwcy5wbGFjZXMudjEuUGxhY2VzLlNlYXJjaE5lYXJieRACGAQgAA,ChIJiV_Z_RMZDTkRnScgt87xbuE
SoleLease RealEstate Services,corporate_office,corporate_office|point_of_interest|establishment,087880 79455,,"# 20, S Block, DLF Phase 3, Sector 25, Gurugram, Haryana 122002, India",,,OPERATIONAL,https://maps.google.com/?cid=12031323731364686205&g_mp=Cilnb29nbGUubWFwcy5wbGFjZXMudjEuUGxhY2VzLlNlYXJjaE5lYXJieRACGAQgAA,ChIJMaEsC0oZDTkRfSm4YTDZ96Y
Royal Cuisine Caterers,catering_service,catering_service|food_delivery|food|point_of_interest|service|establishment,099110 65459,https://royalcuisinecaterers.com/index.html,"S- 5/16, DLF Phase 3, Sector 24, Gurugram, Haryana 122002, India",4.8,17,OPERATIONAL,https://maps.google.com/?cid=5513032994449191752&g_mp=Cilnb29nbGUubWFwcy5wbGFjZXMudjEuUGxhY2VzLlNlYXJjaE5lYXJieRACGAQgAA,ChIJFQurDUoZDTkRSPMmlUw6gkw
India Photo Archive,association_or_organization,association_or_organization|point_of_interest|service|establishment,098100 09099,http://indiaphotoarchive.org/,"T 23, 5, DLF Phase 3, Sector 24, Gurugram, Haryana 122002, India",5,1,OPERATIONAL,https://maps.google.com/?cid=3655425619705150618&g_mp=Cilnb29nbGUubWFwcy5wbGFjZXMudjEuUGxhY2VzLlNlYXJjaE5lYXJieRACGAQgAA,ChIJFQurDUoZDTkRmjxj3TuuujI
Cargo Globe,shipping_service,shipping_service|transportation_service|point_of_interest|service|establishment,0124 421 0103,,"T-22/10, DLF Phase 3, DLF Phase 3, Sector 24, Gurugram, Haryana 122002, India",,,OPERATIONAL,https://maps.google.com/?cid=10070493665825893289&g_mp=Cilnb29nbGUubWFwcy5wbGFjZXMudjEuUGxhY2VzLlNlYXJjaE5lYXJieRACGAQgAA,ChIJqUuidUoZDTkRqatfIKKUwYs
FEEDBACK FOUNDATION,association_or_organization,association_or_organization|point_of_interest|establishment,0124 421 1841,http://www.feedbackfoundation.in/,"Unnamed Road, G Block, DLF Phase 1, Sector 26, Gurugram, Haryana 122002, India",4.4,13,OPERATIONAL,https://maps.google.com/?cid=12805398679028103755&g_mp=Cilnb29nbGUubWFwcy5wbGFjZXMudjEuUGxhY2VzLlNlYXJjaE5lYXJieRACGAQgAA,ChIJP4a-gyofDTkRS_q5rkDqtbE
HisabBooks,corporate_office,corporate_office|point_of_interest|establishment,098968 78425,,"37/24, V Block, Moulsari Avenue Road, DLF Phase 3, DLF Phase 3, Sector 24, Gurugram, Haryana 122002, India",5,1,OPERATIONAL,https://maps.google.com/?cid=15831146858300501980&g_mp=Cilnb29nbGUubWFwcy5wbGFjZXMudjEuUGxhY2VzLlNlYXJjaE5lYXJieRACGAQgAA,ChIJJwjAZUoZDTkR3O8KzDCIs9s
"IGP: Flowers, Cakes & Personalized Gifts",gift_shop,gift_shop|store|point_of_interest|establishment,080765 16167,https://www.igp.com/,"VPO Nathupur, Khasra Nambar 772, 1 -773, near KL House, DLF Phase 3, Sector 24, Gurugram, Haryana 122022, India",3,2,OPERATIONAL,https://maps.google.com/?cid=12798658959357964829&g_mp=Cilnb29nbGUubWFwcy5wbGFjZXMudjEuUGxhY2VzLlNlYXJjaE5lYXJieRACGAQgAA,ChIJ70qx7D4ZDTkRHfLmaYP4nbE
Between 2 buns,restaurant,restaurant|food|point_of_interest|establishment,098090 00901,,"V-23/1, V block, Sector 24, DLF phase 3 Gurgaon - 122001, DLF Phase 3, Sector 24, Gurugram, Haryana 122002, India",5,1,OPERATIONAL,https://maps.google.com/?cid=9832644792909154820&g_mp=Cilnb29nbGUubWFwcy5wbGFjZXMudjEuUGxhY2VzLlNlYXJjaE5lYXJieRACGAQgAA,ChIJ2fFoAioZDTkRBMrx81eSdIg
DecorCera,manufacturer,manufacturer|point_of_interest|establishment,0124 432 0202,,"W9/2 DLF City Phase- 3, Gurgaon, Haryana- 122002 Under New Delhi Capital, Region,, DLF Phase 3, Sector 24, Gurugram, Haryana 122002, India",5,43,CLOSED_TEMPORARILY,https://maps.google.com/?cid=12429098995967587965&g_mp=Cilnb29nbGUubWFwcy5wbGFjZXMudjEuUGxhY2VzLlNlYXJjaE5lYXJieRACGAQgAA,ChIJ3UOqCkoZDTkRffbPRK8Hfaw
"Pediatric Hospital | Vaccination & Intensivist | Narayana Hospital, Gurugram",health,doctor|health|point_of_interest|establishment,080 6215 4274,https://www.narayanahealth.org/c/gurugram/paediatric-medicine/dr-bilal-khan?utm_source=Googlemaps&utm_medium=GMB,"Block - V, DLF Phase - III, Nathupur, Sector 24, Gurugram, Haryana 122010, India",,,OPERATIONAL,https://maps.google.com/?cid=9712949103654891290&g_mp=Cilnb29nbGUubWFwcy5wbGFjZXMudjEuUGxhY2VzLlNlYXJjaE5lYXJieRACGAQgAA,ChIJlQS9S8sZDTkRGm_MlL9Ty4Y
"Chai Point - Narayana Hospital, Gurugram",cafe,cafe|tea_store|juice_shop|dessert_shop|sandwich_shop|tea_house|confectionery|bakery|food_store|store|restaurant|food|point_of_interest|establishment,088801 41000,https://shop.chaipoint.com/?utm_source=gmb&utm_medium=organic&utm_campaign=sulekhapromanage-chai-point,"No 3201, Narayana Hospital, Ground Floor Block V, DLF Phase - III, Nathupur, Sector 24, Gurugram, Haryana 122010, India",4.8,184,OPERATIONAL,https://maps.google.com/?cid=2362160453426684230&g_mp=Cilnb29nbGUubWFwcy5wbGFjZXMudjEuUGxhY2VzLlNlYXJjaE5lYXJieRACGAQgAA,ChIJQbSiSXcZDTkRRiH5yGoUyCA
"Dr. Siddharth Pande | Best Cardiologist | Narayana Hospital, Gurugram.",doctor,doctor|health|point_of_interest|establishment,080 6215 4272,https://www.narayanahealth.org/c/gurugram/adult-cardiology/dr-siddharth-pande?utm_source=Googlemaps&utm_medium=GMB,"Plot 3201, Block - V DLF Phase - III, Nathupur, Sector 24, Gurugram, Haryana 122002, India",,,OPERATIONAL,https://maps.google.com/?cid=12389180349610619342&g_mp=Cilnb29nbGUubWFwcy5wbGFjZXMudjEuUGxhY2VzLlNlYXJjaE5lYXJieRACGAQgAA,ChIJnT2SgswZDTkRznHKJOM176s
Dr Randeep Singh,doctor,doctor|medical_clinic|health|point_of_interest|establishment,080 6215 4256,https://www.narayanahealth.org/c/gurugram/medical-oncology-cancer-care/dr-randeep-singh?utm_source=Googlemaps&utm_medium=GMB,"Block - V, DLF Phase - III, Plot 3201, Lane Number V-37, Nathupur, Sector 24, Gurugram, Haryana 122010, India",4.8,76,OPERATIONAL,https://maps.google.com/?cid=2640706569411297275&g_mp=Cilnb29nbGUubWFwcy5wbGFjZXMudjEuUGxhY2VzLlNlYXJjaE5lYXJieRACGAQgAA,ChIJ7SAIKjoZDTkR-__MQaKspSQ
"Dr. Vikas Gupta| Paediatric Cardiology | Narayana Hospital, Gurugram",doctor,doctor|health|point_of_interest|establishment,080 6215 4227,https://www.narayanahealth.org/c/gurugram/cardiology-paediatrics/dr-vikas-gupta,"Block - V, DLF Phase - III, Plot 3201, Lane Number V-37, Nathupur, Sector 24, Gurugram, Haryana 122002, India",5,4,OPERATIONAL,https://maps.google.com/?cid=10981921524012044906&g_mp=Cilnb29nbGUubWFwcy5wbGFjZXMudjEuUGxhY2VzLlNlYXJjaE5lYXJieRACGAQgAA,ChIJwTDTcFgZDTkRalL0_XCfZ5g
"Dr. Rachit Saxena | Narayana Hospital, Gurugram",doctor,hospital|doctor|medical_clinic|consultant|health|service|point_of_interest|establishment,080 6215 4262,https://www.narayanahealth.org/?utm_source=GooglePlaces&utm_medium=GBP,"Block - V, DLF Phase - III, Plot 3201, Lane Number V-37, Nathupur, Sector 24, Gurugram, Haryana 122010, India",5,47,OPERATIONAL,https://maps.google.com/?cid=16786553148274878723&g_mp=Cilnb29nbGUubWFwcy5wbGFjZXMudjEuUGxhY2VzLlNlYXJjaE5lYXJieRACGAQgAA,ChIJuQz_PwEZDTkRA6kjPibR9eg
"Emergency Hospital Gurugram | 24/7 Ambulance Service | Narayana Hospital, Gurugram",service,hospital|health|service|point_of_interest|establishment,080 6215 4161,https://www.narayanahealth.org/ocaapp/doctors/gurugram/critical-care-medicine/?utm_source=Googlemaps&utm_medium=GMB,"Block - V, DLF Phase - III, Plot 3201, Lane Number V-37, Nathupur, Sector 24, Gurugram, Haryana 122010, India",5,5,OPERATIONAL,https://maps.google.com/?cid=7508041364423160979&g_mp=Cilnb29nbGUubWFwcy5wbGFjZXMudjEuUGxhY2VzLlNlYXJjaE5lYXJieRACGAQgAA,ChIJfbiV0G8ZDTkRk7RhddfrMWg
Creative aura art and craft classes,educational_institution,educational_institution|service|point_of_interest|establishment,077398 77688,https://www.instagram.com/creative_aura03?igsh=MWhqdjluY3hzenY3bA==,"PLOT, V36, PEAS IN POD , LANE, opposite Narayana Superspeciality Hospital, U Block, DLF Phase 3, Sector 24, Gurugram, Haryana 122002, India",4.8,21,OPERATIONAL,https://maps.google.com/?cid=14630287706228715133&g_mp=Cilnb29nbGUubWFwcy5wbGFjZXMudjEuUGxhY2VzLlNlYXJjaE5lYXJieRACGAQgAA,ChIJS1cnqSkZDTkRfe6Geyc5Ccs
Dr Manjeeta Nath | Best General practitioner in Gurugram | Narayana Hospitals,health,doctor|health|point_of_interest|establishment,099539 51359,,"Block V, Plot 3201, DLF Phase 3, Sector 24, Gurugram, Haryana 122010, India",,,OPERATIONAL,https://maps.google.com/?cid=4340795400257690406&g_mp=Cilnb29nbGUubWFwcy5wbGFjZXMudjEuUGxhY2VzLlNlYXJjaE5lYXJieRACGAQgAA,ChIJS_61WWsZDTkRJlsCA2uaPTw
Oval bean cafe,cafe,cafe|food|point_of_interest|establishment,084688 13866,https://ovalbeancafe.com/,"Narayana Superspeciality Hospital, DLF Phase 3, Sector 24, Gurugram, Haryana 122010, India",4.4,14,OPERATIONAL,https://maps.google.com/?cid=1055038408341662988&g_mp=Cilnb29nbGUubWFwcy5wbGFjZXMudjEuUGxhY2VzLlNlYXJjaE5lYXJieRACGAQgAA,ChIJ9y8zYeYfDTkRDC2Zsdc_pA4
Dr Mukesh Nandal - Gastroenterologist and hepatologist in Gurgaon | Liver Care | Endoscopy Centre,doctor,doctor|health|point_of_interest|establishment,095997 29737,https://drmukeshnandal.com/,"Narayana Superspeciality Hospital, DLF Phase 3, Sector 24, Gurugram, Haryana 122010, India",4.9,291,OPERATIONAL,https://maps.google.com/?cid=8935839492522483190&g_mp=Cilnb29nbGUubWFwcy5wbGFjZXMudjEuUGxhY2VzLlNlYXJjaE5lYXJieRACGAQgAA,ChIJJa_HS84ZDTkR9p21oax6Anw
Dr Shivani Deswal,doctor,doctor|consultant|health|service|point_of_interest|establishment,098733 95362,https://www.childgastrolivercarebydrshivanideswal.com/,"Narayana Superspeciality Hospital, DLF Phase 3, Sector 24, Gurugram, Haryana 122010, India",4.9,236,OPERATIONAL,https://maps.google.com/?cid=7986204646254216826&g_mp=Cilnb29nbGUubWFwcy5wbGFjZXMudjEuUGxhY2VzLlNlYXJjaE5lYXJieRACGAQgAA,ChIJN0NOVFUZDTkReoaOI9Cy1G4
Healthcare@home,health,health|service|point_of_interest|establishment,099902 11277,https://omikahealthcare.com/,"nearby Narayana Superspeciality Hospital, DLF Phase 3, Sector 24, Gurugram, Haryana 122010, India",,,OPERATIONAL,https://maps.google.com/?cid=17825936748748826625&g_mp=Cilnb29nbGUubWFwcy5wbGFjZXMudjEuUGxhY2VzLlNlYXJjaE5lYXJieRACGAQgAA,ChIJ0QXlXlwZDTkRAWjB8QZzYvc
"Urology & Renal Transplant Department | Narayana Hospital, Gurugram",doctor,doctor|medical_clinic|health|point_of_interest|establishment,080675 06842,https://www.narayanahealth.org/?utm_source=Googlemaps&utm_medium=GMB,"Plot 3201, Block - V DLF Phase - III, Nathupur, Sector 24, Gurugram, Haryana 122002, India",4.9,62,OPERATIONAL,https://maps.google.com/?cid=13718002566088282643&g_mp=Cilnb29nbGUubWFwcy5wbGFjZXMudjEuUGxhY2VzLlNlYXJjaE5lYXJieRACGAQgAA,ChIJ13cOvKYZDTkRE9KWG6ciYL4
Heart Hospital Gurugram | Heart Care Center | Narayana Hospital,doctor,doctor|medical_clinic|consultant|health|service|point_of_interest|establishment,080 6215 4221,https://www.narayanahealth.org/ocaapp/doctors/gurugram/cardiology/?utm_source=Googlemaps&utm_medium=GMB,"Plot 3201, V Block, Narayana Superspeciality Hospital, DLF Phase 3, Sector 24, Gurugram, Haryana 122010, India",4.8,37,OPERATIONAL,https://maps.google.com/?cid=4003769705250967048&g_mp=Cilnb29nbGUubWFwcy5wbGFjZXMudjEuUGxhY2VzLlNlYXJjaE5lYXJieRACGAQgAA,ChIJs-qoy_8ZDTkRCE70g1U_kDc
Gulmi Kitchen,restaurant,restaurant|food|point_of_interest|establishment,088514 71661,,"V22/2, DLF Phase 3, Sector 24, Gurugram, Haryana 122010, India",4.8,117,OPERATIONAL,https://maps.google.com/?cid=2959184079607447948&g_mp=Cilnb29nbGUubWFwcy5wbGFjZXMudjEuUGxhY2VzLlNlYXJjaE5lYXJieRACGAQgAA,ChIJw0IMQQ8fDTkRjEH-8T0iESk
Raj general Store,asian_grocery_store,general_store|asian_grocery_store|grocery_store|food_store|store|food|point_of_interest|establishment,070504 77332,,"Street no 20, shop no 22, 1-2, opposite Ambience island, V Block, DLF Phase 3, Sector 24, Gurugram, Haryana 122010, India",4.6,7,OPERATIONAL,https://maps.google.com/?cid=17830944223126367084&g_mp=Cilnb29nbGUubWFwcy5wbGFjZXMudjEuUGxhY2VzLlNlYXJjaE5lYXJieRACGAQgAA,ChIJIR36N5EfDTkRbCtAbUw9dPc
IB Teach,educational_institution,educational_institution|point_of_interest|establishment,092893 25337,https://www.ibteach.com/,"DLF Forum, Cyber City, DLF Phase 3, Sector 24, Gurugram, Haryana 122010, India",5,5,OPERATIONAL,https://maps.google.com/?cid=8433248951685584222&g_mp=Cilnb29nbGUubWFwcy5wbGFjZXMudjEuUGxhY2VzLlNlYXJjaE5lYXJieRACGAQgAA,ChIJR_3u3r4ZDTkRXpWngz3rCHU
THINKWIDE TECH INDIA PRIVATE LIMITED,service,service|point_of_interest|establishment,0124 506 1145,https://thinkwidetech.com/,"WeWork DLF Forum, Cyber City, DLF Phase 3, Sector 24, Gurugram, Haryana 122010, India",5,2,OPERATIONAL,https://maps.google.com/?cid=2820477392849553210&g_mp=Cilnb29nbGUubWFwcy5wbGFjZXMudjEuUGxhY2VzLlNlYXJjaE5lYXJieRACGAQgAA,ChIJGcaJcUkZDTkROkfRyT5ZJCc
Kashiba U,clothing_store,clothing_store|store|point_of_interest|establishment,099192 59050,https://www.kashibau.com/,"HD-596 WeWork DLF Forum, Cyber City, DLF Phase 3, Sector 24, Gurugram, Haryana 122010, India",5,7,OPERATIONAL,https://maps.google.com/?cid=15804792532712942699&g_mp=Cilnb29nbGUubWFwcy5wbGFjZXMudjEuUGxhY2VzLlNlYXJjaE5lYXJieRACGAQgAA,ChIJJ5U9GD4ZDTkRa-wZNRLnVds
Unified Mentor,,educational_institution|point_of_interest|establishment,062838 00330,https://unifiedmentor.com/,"WeWork DLF Forum, Cyber City, DLF Phase 3, Sector 24, Gurugram, Haryana 122010, India",4.5,3787,OPERATIONAL,https://maps.google.com/?cid=12453878442385951308&g_mp=Cilnb29nbGUubWFwcy5wbGFjZXMudjEuUGxhY2VzLlNlYXJjaE5lYXJieRACGAQgAA,ChIJEZ3saxcfDTkRTEpPunUQ1aw
Safarfever,travel_agency,travel_agency|service|point_of_interest|establishment,087001 83446,https://safarfever.com/,"WeWork DLF Forum, Cyber City, HD-442, DLF Phase 3, Sector 24, Gurugram, Haryana 122010, India",4.9,83,OPERATIONAL,https://maps.google.com/?cid=13776558092149090454&g_mp=Cilnb29nbGUubWFwcy5wbGFjZXMudjEuUGxhY2VzLlNlYXJjaE5lYXJieRACGAQgAA,ChIJT8N2W9dvRUsRlmgU7pcqML8
Ticketing Partners,travel_agency,travel_agency|service|point_of_interest|establishment,099938 05700,https://www.ticketingpartners.com/,"WeWork DLF Forum, DLF Phase 3, Sector 24, Gurugram, Haryana 122010, India",5,9,OPERATIONAL,https://maps.google.com/?cid=7320623823464017620&g_mp=Cilnb29nbGUubWFwcy5wbGFjZXMudjEuUGxhY2VzLlNlYXJjaE5lYXJieRACGAQgAA,ChIJI7N0THzjDDkR1K7Vw5QUmGU
FLUENCYHUBB,educational_institution,educational_institution|point_of_interest|establishment,070152 44925,http://fluencyhubb.com/,"5th Floor, DLF Phase 3, Sector 24, Gurugram, Haryana 122010, India",,,CLOSED_TEMPORARILY,https://maps.google.com/?cid=12704598070955920921&g_mp=Cilnb29nbGUubWFwcy5wbGFjZXMudjEuUGxhY2VzLlNlYXJjaE5lYXJieRACGAQgAA,ChIJAQAsgMoeDTkRGc5wOaLMT7A
"TYCHR | #1 Online IB, IGCSE, AS/A Levels, SAT, ACT and AP Tutoring",educational_institution,educational_institution|point_of_interest|establishment,088250 12255,https://lp.tychr.com/,"WeWork DLF Forum, Cyber City, HD-213, DLF Phase 3, DLF, Gurugram, Haryana 122010, India",4.8,58,OPERATIONAL,https://maps.google.com/?cid=10345949509149299084&g_mp=Cilnb29nbGUubWFwcy5wbGFjZXMudjEuUGxhY2VzLlNlYXJjaE5lYXJieRACGAQgAA,ChIJn7O0x9gZDTkRjJH4bEMylI8
Midnight Rider,fast_food_restaurant,fast_food_restaurant|restaurant|food|point_of_interest|establishment,097115 38340,,"V23/1-2, V Block, DLF Phase 3, Sector 24, Gurugram, Haryana 122010, India",4.1,30,OPERATIONAL,https://maps.google.com/?cid=502434890569820150&g_mp=Cilnb29nbGUubWFwcy5wbGFjZXMudjEuUGxhY2VzLlNlYXJjaE5lYXJieRACGAQgAA,ChIJCTHAZLUeDTkR9ict994B-QY
Cozyskyline | Cozy Studio w Skyline View,lodging,lodging|service|point_of_interest|establishment,087009 01523,,"Block V19, Plot no 34/35, DLF Phase 3, Sector 24, Gurugram, Haryana 122010, India",,,OPERATIONAL,https://maps.google.com/?cid=8044995868429064081&g_mp=Cilnb29nbGUubWFwcy5wbGFjZXMudjEuUGxhY2VzLlNlYXJjaE5lYXJieRACGAQgAA,ChIJC8EGlsofDTkRkRczPR6RpW8
BrownBricks Apartments,lodging,lodging|service|point_of_interest|establishment,095550 34206,,"30, V-20, DLF Phase 3, Sector 24, Gurugram, Haryana 122010, India",4.6,152,OPERATIONAL,https://maps.google.com/?cid=13839298595074884350&g_mp=Cilnb29nbGUubWFwcy5wbGFjZXMudjEuUGxhY2VzLlNlYXJjaE5lYXJieRACGAQgAA,ChIJxdxAC8oeDTkR_kIAnL8QD8A
Police Station dlf phase 3,government_office,police|government_office|service|point_of_interest|establishment,0124 256 6380,http://gurgaon.haryanapolice.gov.in/contact.htm,"F4W4+RWC, 18th Road, near Sai Baba Temple, V Block, DLF Phase 3, Sector 24, Gurugram, Haryana 122010, India",,,OPERATIONAL,https://maps.google.com/?cid=13678711805486582507&g_mp=Cilnb29nbGUubWFwcy5wbGFjZXMudjEuUGxhY2VzLlNlYXJjaE5lYXJieRACGAQgAA,ChIJKbg2EcoeDTkR60r4BuqL1L0
FabHotel Happy Feet,guest_house,guest_house|lodging|point_of_interest|establishment,070424 24242,https://www.fabhotels.com/hotels-in-gurgaon/fabexpress-happy-feet.html,"16/1, Police Station, nearby Phase 3, V Block, DLF Phase 3, Sector 24, Gurugram, Haryana 122010, India",3.8,13,OPERATIONAL,https://maps.google.com/?cid=1084289481941446287&g_mp=Cilnb29nbGUubWFwcy5wbGFjZXMudjEuUGxhY2VzLlNlYXJjaE5lYXJieRACGAQgAA,ChIJ6aJMYLYfDTkRj-7P_IkrDA8
Homesphere Apartments by Aanandam Hospitality,lodging,real_estate_agency|lodging|consultant|service|point_of_interest|establishment,098711 39797,https://aanandamhospitality.com/,"Building number 1, Lane, V-20, DLF Phase 3, Sector 24, Gurugram, Haryana 122010, India",4.6,27,OPERATIONAL,https://maps.google.com/?cid=14874318913225349840&g_mp=Cilnb29nbGUubWFwcy5wbGFjZXMudjEuUGxhY2VzLlNlYXJjaE5lYXJieRACGAQgAA,ChIJFbJ9MIkfDTkR0Nqrej4ybM4
OYO 47183 Royal Inn,hotel,hotel|guest_house|cottage|motel|inn|lodging|service|point_of_interest|establishment,0124 620 1166,https://www.oyorooms.com/76158/,"T Block, T17/4, Galli Number 17, DLF Phase 3, Sector 24, Gurugram, Haryana 122010, India",3.9,54,OPERATIONAL,https://maps.google.com/?cid=13114453062845705210&g_mp=Cilnb29nbGUubWFwcy5wbGFjZXMudjEuUGxhY2VzLlNlYXJjaE5lYXJieRACGAQgAA,ChIJ2aQ0m8weDTkR-qtzypPl_7U
"V-15/5, V Block, DLF Phase 3",condominium_complex,condominium_complex|point_of_interest|service|establishment,,,"F4W5+QPF, V Block, DLF Phase 3, Sector 24, Gurugram, Haryana 122010, India",5,1,OPERATIONAL,https://maps.google.com/?cid=4181593371500124756&g_mp=Cilnb29nbGUubWFwcy5wbGFjZXMudjEuUGxhY2VzLlNlYXJjaE5lYXJieRACGAQgAA,ChIJd-qhSgAfDTkRVJpkLwQBCDo
"V-14/6, DLF Phase-3",apartment_building,apartment_building|point_of_interest|service|establishment,,,"V-14/6, DLF Phase 3, Sector 24, Gurugram, Haryana 122010, India",,,OPERATIONAL,https://maps.google.com/?cid=5059525381817206159&g_mp=Cilnb29nbGUubWFwcy5wbGFjZXMudjEuUGxhY2VzLlNlYXJjaE5lYXJieRACGAQgAA,ChIJTXeHAAAfDTkRj4VJO4cLN0Y
Aman Apartments,service,point_of_interest|service|establishment,099990 86470,https://www.amanappartment.in/,"14/6, DLF Phase 3, Sector 24, Gurugram, Haryana 122010, India",,,OPERATIONAL,https://maps.google.com/?cid=10812642413373702266&g_mp=Cilnb29nbGUubWFwcy5wbGFjZXMudjEuUGxhY2VzLlNlYXJjaE5lYXJieRACGAQgAA,ChIJWxCiqoMZDTkRekB2tPw4DpY
Rajinder Arora Home Office,service,point_of_interest|service|establishment,098100 18857,http://www.ishtihaar.com/,"V 6/14, DLF Phase 3, Sector 24, Gurugram, Haryana 122010, India",3,1,OPERATIONAL,https://maps.google.com/?cid=13891106576471869998&g_mp=Cilnb29nbGUubWFwcy5wbGFjZXMudjEuUGxhY2VzLlNlYXJjaE5lYXJieRACGAQgAA,ChIJHXX1k1MfDTkRLsqyQ9Ufx8A
Dhruv Kapoor - Headquarters,service,point_of_interest|service|establishment,095600 41259,https://www.dhruvkapoor.com/,"382, Electronic City, Phase IV, Udyog Vihar, Sector 18, Gurugram, Haryana 122015, India",3.7,9,OPERATIONAL,https://maps.google.com/?cid=13295619967690297556&g_mp=Cilnb29nbGUubWFwcy5wbGFjZXMudjEuUGxhY2VzLlNlYXJjaE5lYXJieRACGAQgAA,ChIJ7QCc-5IZDTkR1FDF2uqHg7g
SUKHMANI INDIA,,point_of_interest|service|establishment,0124 414 1522,,"384, Electronic City, Phase IV, Udyog Vihar, Sector 18, Gurugram, Haryana 122015, India",4.4,5,OPERATIONAL,https://maps.google.com/?cid=598736864387885979&g_mp=Cilnb29nbGUubWFwcy5wbGFjZXMudjEuUGxhY2VzLlNlYXJjaE5lYXJieRACGAQgAA,ChIJO828-WsZDTkRm2vFgwEkTwg
My Garaage,chauffeur_service,chauffeur_service|transportation_service|point_of_interest|establishment,098995 29242,,"Sohna Road Sohna, G32F+2MW, Road, Electronic City, Phase IV, Udyog Vihar, Sector 18, Gurugram, Haryana 122015, India",3.7,3,OPERATIONAL,https://maps.google.com/?cid=4113316156146712576&g_mp=Cilnb29nbGUubWFwcy5wbGFjZXMudjEuUGxhY2VzLlNlYXJjaE5lYXJieRACGAQgAA,ChIJJ5tO-msZDTkRAAAAMEBvFTk
Baker By Chance Office,bakery,bakery|food_store|store|food|point_of_interest|establishment,095991 51070,https://www.bakerbychance.com/,"Plot no 385, Udyog Vihar Phase 4 Rd, Electronic City, Phase IV, Udyog Vihar, Sector 19, Gurugram, Haryana 122015, India",4.1,85,OPERATIONAL,https://maps.google.com/?cid=8137923202514800637&g_mp=Cilnb29nbGUubWFwcy5wbGFjZXMudjEuUGxhY2VzLlNlYXJjaE5lYXJieRACGAQgAA,ChIJtR3J6ksZDTkR_c9NPwm273A
Zeroday Ops Private Limited,,association_or_organization|point_of_interest|establishment,097180 47774,http://www.zerodayops.com/,"Plot 378-379, Udyog Vihar Phase 4 Rd, near nokia building, Electronic City, Phase IV, Udyog Vihar, Sector 19, Gurugram, Haryana 122015, India",5,3,OPERATIONAL,https://maps.google.com/?cid=2683876234726984531&g_mp=Cilnb29nbGUubWFwcy5wbGFjZXMudjEuUGxhY2VzLlNlYXJjaE5lYXJieRACGAQgAA,ChIJzcVCAwAZDTkRU8sDODcLPyU
Iqrup+Ritz,furniture_store,furniture_store|home_improvement_store|general_contractor|home_goods_store|store|point_of_interest|service|establishment,095991 10672,http://www.iqrupandritz.com/,"Electronic City, Phase IV, Udyog Vihar, Sector 18, Gurugram, Haryana 122015, India",4.1,39,OPERATIONAL,https://maps.google.com/?cid=15150631762105075922&g_mp=Cilnb29nbGUubWFwcy5wbGFjZXMudjEuUGxhY2VzLlNlYXJjaE5lYXJieRACGAQgAA,ChIJJzdW92sZDTkR0ggG71DbQdI
Luster Automotive,store,store|point_of_interest|establishment,0124 436 6874,,"Plot No. 380, Plot No, 381, Electronic City, Phase IV, Udyog Vihar, Sector 18, Gurugram, Haryana 122015, India",4.5,13,OPERATIONAL,https://maps.google.com/?cid=3305544937284016371&g_mp=Cilnb29nbGUubWFwcy5wbGFjZXMudjEuUGxhY2VzLlNlYXJjaE5lYXJieRACGAQgAA,ChIJX72ZlT8ZDTkR85jnX5un3y0
Avanços Coffee Co. (Specialty Coffee Studio),cafe,cafe|coffee_roastery|coffee_shop|food_store|store|food|point_of_interest|establishment,096190 51704,https://avancoscoffee.com/,"Ground Floor, 378-379, Electronic City, Phase IV, Udyog Vihar, Sector 18, Gurugram, Haryana 122015, India",4.8,26,OPERATIONAL,https://maps.google.com/?cid=16350112867204062609&g_mp=Cilnb29nbGUubWFwcy5wbGFjZXMudjEuUGxhY2VzLlNlYXJjaE5lYXJieRACGAQgAA,ChIJs_MVCAAZDTkRkd09rwZF5-I
AlzaSyno Life Sciences,manufacturer,manufacturer|health|point_of_interest|establishment,092668 59299,https://alzasyno.com/,"378-379, Electronic City, Phase IV, Udyog Vihar, Sector 19, Gurugram, Haryana 122015, India",1,1,OPERATIONAL,https://maps.google.com/?cid=4127558198119623396&g_mp=Cilnb29nbGUubWFwcy5wbGFjZXMudjEuUGxhY2VzLlNlYXJjaE5lYXJieRACGAQgAA,ChIJFyEmhX0ZDTkR5Oqr_E8ISDk
Prime Vacations,travel_agency,travel_agency|point_of_interest|service|establishment,082879 77251,http://primevacations.in/,"BJW, Plot No, 378-379, Electronic City, Phase IV, Udyog Vihar, Sector 19, Gurugram, Haryana 122015, India",4.5,136,OPERATIONAL,https://maps.google.com/?cid=12490763541359204641&g_mp=Cilnb29nbGUubWFwcy5wbGFjZXMudjEuUGxhY2VzLlNlYXJjaE5lYXJieRACGAQgAA,ChIJ34JOolcZDTkRIZkdEEMbWK0
Sriram Cables Private Limited,corporate_office,corporate_office|point_of_interest|establishment,088750 28951,https://www.sriramcables.com/,"378-379, Electronic City, Phase IV, Udyog Vihar, Sector 18, Gurugram, Haryana 122015, India",5,1,OPERATIONAL,https://maps.google.com/?cid=16542285923336500060&g_mp=Cilnb29nbGUubWFwcy5wbGFjZXMudjEuUGxhY2VzLlNlYXJjaE5lYXJieRACGAQgAA,ChIJJdpydMEZDTkRXLNqCWcBkuU
INTERNATIONAL EQUIPMENT CO.,corporate_office,corporate_office|point_of_interest|establishment,073031 99889,http://iec-indulge.com/,"395 Electronic City, Electronic City, Phase IV, Udyog Vihar, Sector 18, Gurugram, Haryana 122015, India",5,15,OPERATIONAL,https://maps.google.com/?cid=2183434367454417253&g_mp=Cilnb29nbGUubWFwcy5wbGFjZXMudjEuUGxhY2VzLlNlYXJjaE5lYXJieRACGAQgAA,ChIJbxMsqzkZDTkRZRGAJv0dTR4
7DaysNatural,manufacturer,manufacturer|point_of_interest|establishment,088000 07761,https://7daysnatural.in/,"Plot No. 394, Electronic City, Phase IV, Udyog Vihar, Sector 18, Gurugram, Haryana 122015, India",4.8,163,OPERATIONAL,https://maps.google.com/?cid=10990108189064025784&g_mp=Cilnb29nbGUubWFwcy5wbGFjZXMudjEuUGxhY2VzLlNlYXJjaE5lYXJieRACGAQgAA,ChIJt-yrnugZDTkRuNZFfCu1hJg
AIHP 390 - 391,real_estate_agency,real_estate_agency|point_of_interest|service|establishment,078610 04918,https://aihp.in/location/udyog-vihar/aihp-390-91,"390-391, Electronic City, Phase IV, Udyog Vihar, Sector 18, Gurugram, Haryana 122015, India",,,OPERATIONAL,https://maps.google.com/?cid=12761812609762592344&g_mp=Cilnb29nbGUubWFwcy5wbGFjZXMudjEuUGxhY2VzLlNlYXJjaE5lYXJieRACGAQgAA,ChIJL7H2o2wZDTkRWAYAH_QQG7E
Capitol Fintrade,finance,finance|point_of_interest|establishment,088514 81629,,"388, Electronic City, Phase IV, Udyog Vihar, Sector 18, Gurugram, Haryana 122015, India",,,OPERATIONAL,https://maps.google.com/?cid=14514117070179377454&g_mp=Cilnb29nbGUubWFwcy5wbGFjZXMudjEuUGxhY2VzLlNlYXJjaE5lYXJieRACGAQgAA,ChIJe2a0NQAZDTkRLqF5hJOAbMk
JBS Group,service,service|point_of_interest|establishment,0124 652 4138,,"Plot-6, Rao Gajraj Singh Marg, Phase IV, Udyog Vihar, Sector 22, Gurugram, Haryana 122015, India",3,8,CLOSED_TEMPORARILY,https://maps.google.com/?cid=6200992941514103746&g_mp=Cilnb29nbGUubWFwcy5wbGFjZXMudjEuUGxhY2VzLlNlYXJjaE5lYXJieRACGAQgAA,ChIJIVQj2Z8ZDTkRwhun3TlaDlY
S.R cctv sales & services,service,service|point_of_interest|establishment,074088 68093,https://wa.me/message/2GHT52SEX3CYD1,"OFFICE, ASF CENTER, 105, Phase IV, Udyog Vihar, Sector 18, Gurugram, Haryana 122015, India",5,71,OPERATIONAL,https://maps.google.com/?cid=17435811124277235097&g_mp=Cilnb29nbGUubWFwcy5wbGFjZXMudjEuUGxhY2VzLlNlYXJjaE5lYXJieRACGAQgAA,ChIJMSGHshYZDTkRmU1ZsdZx-PE
Vinay Auto Private Limited,manufacturer,manufacturer|point_of_interest|establishment,0124 424 2255,http://www.vineycorp.com/contact.html,"Gp 59, near Electricity Bill Office, Phase IV, Udyog Vihar, Sector 18, Gurugram, Haryana 122016, India",3,2,OPERATIONAL,https://maps.google.com/?cid=10792830961326524743&g_mp=Cilnb29nbGUubWFwcy5wbGFjZXMudjEuUGxhY2VzLlNlYXJjaE5lYXJieRACGAQgAA,ChIJAQAAQGYZDTkRR4m0kpPWx5U
City Mart Supermarket,supermarket,supermarket|grocery_store|food_store|store|food|point_of_interest|establishment,099710 32433,https://www.citymartfranchisee.com/,"Tower, Plot Not ,463, 3rd Floor, Woxa IT Park, Rao Gajraj Singh Marg, Phase V, Udyog Vihar, Sector 19, Gurugram, Haryana 122015, India",3.7,3,OPERATIONAL,https://maps.google.com/?cid=1679226726088145831&g_mp=Cilnb29nbGUubWFwcy5wbGFjZXMudjEuUGxhY2VzLlNlYXJjaE5lYXJieRACGAQgAA,ChIJ4ZR-a5IZDTkRp3vTec_PTRc
Paxcom India Pvt. Ltd.,service,service|point_of_interest|establishment,0124 469 2969,http://paxcom.ai/,"7th Floor, Nimai Tower, Plot No- 412-415, Phase IV, Udyog Vihar, Sector 18, Gurugram, Haryana 122015, India",4.1,60,OPERATIONAL,https://maps.google.com/?cid=12279156549720092269&g_mp=Cilnb29nbGUubWFwcy5wbGFjZXMudjEuUGxhY2VzLlNlYXJjaE5lYXJieRACGAQgAA,ChIJk7NElm4ZDTkRbS56_9JTaKo
GST Corporation Ltd.,shopping_mall,shopping_mall|point_of_interest|establishment,0124 424 0095,http://healthgenie.in/,"416, Rao Gajraj Singh Marg, Phase IV, Udyog Vihar, Sector 18, Gurugram, Haryana 122015, India",4,12,CLOSED_TEMPORARILY,https://maps.google.com/?cid=15508614396702626991&g_mp=Cilnb29nbGUubWFwcy5wbGFjZXMudjEuUGxhY2VzLlNlYXJjaE5lYXJieRACGAQgAA,ChIJcwmlNmoZDTkRrxT4KaCqOdc
HostBooks Limited,service,service|point_of_interest|establishment,091523 43434,https://www.hostbooks.com/,"1st Floor, Nimai Tower, 412-415, Phase IV, Udyog Vihar, Sector 18, Gurugram, Haryana 122015, India",4.5,970,OPERATIONAL,https://maps.google.com/?cid=11084054655467534438&g_mp=Cilnb29nbGUubWFwcy5wbGFjZXMudjEuUGxhY2VzLlNlYXJjaE5lYXJieRACGAQgAA,ChIJW1sJM2wZDTkRZjgouvt40pk
ASF Center,business_center,business_center|service|point_of_interest|establishment,0124 477 7200,http://www.asfinfrastructure.com/,"ASF Centre, 362-363, Phase IV, Udyog Vihar, Sector 18, Gurugram, Haryana 122015, India",4.2,1038,OPERATIONAL,https://maps.google.com/?cid=16349878131202690055&g_mp=Cilnb29nbGUubWFwcy5wbGFjZXMudjEuUGxhY2VzLlNlYXJjaE5lYXJieRACGAQgAA,ChIJmdNnu0AZDTkRB4xD84hv5uI
ICICI BANK ATM,atm,atm|finance|point_of_interest|establishment,1800 1080,https://www.icicibank.com/,"ICICI Bank Atm, Jasper Infotech Pvt Ltd, ASF CENTER, 362-36 3, Phase IV, Udyog Vihar, Sector 18, Gurugram, Haryana 122015, India",,,OPERATIONAL,https://maps.google.com/?cid=5751141666960153136&g_mp=Cilnb29nbGUubWFwcy5wbGFjZXMudjEuUGxhY2VzLlNlYXJjaE5lYXJieRACGAQgAA,ChIJXbcvrm0ZDTkRMJobEOAo0E8
Canvas: from the house of Tulsi,clothing_store,clothing_store|store|point_of_interest|establishment,0124 459 4994,https://shopcanvas.in/,"415A, Phase IV, Udyog Vihar, Sector 18, Gurugram, Haryana 122015, India",5,2,OPERATIONAL,https://maps.google.com/?cid=5667812078768269376&g_mp=Cilnb29nbGUubWFwcy5wbGFjZXMudjEuUGxhY2VzLlNlYXJjaE5lYXJieRACGAQgAA,ChIJJ7fo0RwZDTkRQKimaA4dqE4
Helpholics: Digital Marketing Agency,service,point_of_interest|service|establishment,081300 61727,http://helpholics.com/,"336, 2nd floor, Udyog Vihar Phase - 4, Phase III, Udyog Vihar, Sector 19, Gurugram, Haryana 122015, India",5,6,OPERATIONAL,https://maps.google.com/?cid=17062497435886887464&g_mp=Cilnb29nbGUubWFwcy5wbGFjZXMudjEuUGxhY2VzLlNlYXJjaE5lYXJieRACGAQgAA,ChIJH1Jz_asZDTkRKCINVwQryuw
Kshm,corporate_office,corporate_office|point_of_interest|establishment,078272 70004,https://shopkshm.com/,"Plot No- 334, Udyog Vihar Phase 4 Rd, Phase III, Udyog Vihar, Sector 19, Gurugram, Haryana 122015, India",4.8,151,OPERATIONAL,https://maps.google.com/?cid=17672549040868505372&g_mp=Cilnb29nbGUubWFwcy5wbGFjZXMudjEuUGxhY2VzLlNlYXJjaE5lYXJieRACGAQgAA,ChIJzZMyWlwZDTkRHDejMLiBQfU
Angel One Ltd. - Madhu Anand,finance,finance|consultant|point_of_interest|service|establishment,080 3746 7973,https://stockbroker.angelone.in/angel-one-ltd-madhu-anand-stock-broker-udyog-vihar-gurugram-374041/Home?utm_source=locator&utm_medium=googleplaces,"5th Floor, Plot No 334, near Collegedunia, Phase-4, Phase III, Udyog Vihar, Sector 19, Gurugram, Haryana 122015, India",,,OPERATIONAL,https://maps.google.com/?cid=14639474196263270062&g_mp=Cilnb29nbGUubWFwcy5wbGFjZXMudjEuUGxhY2VzLlNlYXJjaE5lYXJieRACGAQgAA,ChIJJU6ZAe0ZDTkRrvbE3jfcKcs
24-7 staff,employment_agency,employment_agency|point_of_interest|service|establishment,076448 48484,http://24-7staff.com/,"G32J+83R, 335Udyog Vihar, Phase IV, Udyog Vihar, Sector 19, Gurugram, Haryana 122015, India",,,OPERATIONAL,https://maps.google.com/?cid=12643119491625410901&g_mp=Cilnb29nbGUubWFwcy5wbGFjZXMudjEuUGxhY2VzLlNlYXJjaE5lYXJieRACGAQgAA,ChIJnUMD-kEZDTkRVWEmBzFida8
Vartulz,service,point_of_interest|service|establishment,099100 19393,http://codecube.in/,"307, Phase IV, Udyog Vihar, Phase 04, Gurugram, Haryana 122015, India",5,2,CLOSED_TEMPORARILY,https://maps.google.com/?cid=11599645375519705360&g_mp=Cilnb29nbGUubWFwcy5wbGFjZXMudjEuUGxhY2VzLlNlYXJjaE5lYXJieRACGAQgAA,ChIJMZBM4UEZDTkREMla8AI4-qA
I-Process Services (India) Private Limited,corporate_office,corporate_office|point_of_interest|establishment,0124 476 3400,https://www.iprocess.in/,"313, Rao Gajraj Singh Marg, Phase IV, Udyog Vihar, Sector 18, Gurugram, Haryana 122015, India",3.4,63,OPERATIONAL,https://maps.google.com/?cid=16379911643749483462&g_mp=Cilnb29nbGUubWFwcy5wbGFjZXMudjEuUGxhY2VzLlNlYXJjaE5lYXJieRACGAQgAA,ChIJQwC3WroZDTkRxgP5AdsiUeM
Indigo Consulting,marketing_consultant,marketing_consultant|consultant|point_of_interest|service|establishment,0124 488 4400,http://www.indigo.co.in/,"315, Udyog Vihar Phase 4 Rd, Phase III, Udyog Vihar, Sector 19, Gurugram, Haryana 122015, India",4.6,27,OPERATIONAL,https://maps.google.com/?cid=6439150536253116835&g_mp=Cilnb29nbGUubWFwcy5wbGFjZXMudjEuUGxhY2VzLlNlYXJjaE5lYXJieRACGAQgAA,ChIJlZ-w7UEZDTkRoxGi8Et1XFk
Pushpendra Tea Stall,restaurant,restaurant|food|point_of_interest|establishment,098707 55437,,"Shop No.55, Phase IV, Udyog Vihar, Sector 19, Gurugram, Haryana 122015, India",5,1,OPERATIONAL,https://maps.google.com/?cid=3460482523470694298&g_mp=Cilnb29nbGUubWFwcy5wbGFjZXMudjEuUGxhY2VzLlNlYXJjaE5lYXJieRACGAQgAA,ChIJNUoSOUEZDTkRmgfrSoUaBjA
Besimple London,clothing_store,clothing_store|store|point_of_interest|establishment,085888 68026,https://besimple.co.in/,"435, Phase IV, Udyog Vihar, Sector 18, Gurugram, Haryana 122022, India",4.5,10,OPERATIONAL,https://maps.google.com/?cid=17394507407734617232&g_mp=Cilnb29nbGUubWFwcy5wbGFjZXMudjEuUGxhY2VzLlNlYXJjaE5lYXJieRACGAQgAA,ChIJkfWRh5EZDTkRkDTsyFO0ZfE
Leo Burnett,service,point_of_interest|service|establishment,0124 488 4400,https://leoburnett.com/,"Big Apple, Second Floor, Udyog Vihar Phase IV, 315, Rao Gajraj Singh Marg, Phase III, Udyog Vihar, Sector 19, Gurugram, Haryana 122015, India",4.3,207,OPERATIONAL,https://maps.google.com/?cid=16231099097744744954&g_mp=Cilnb29nbGUubWFwcy5wbGFjZXMudjEuUGxhY2VzLlNlYXJjaE5lYXJieRACGAQgAA,ChIJbYzGd-njDDkR-iE9I6JyQOE
Impressions Services Private Limited,corporate_office,corporate_office|point_of_interest|establishment,097175 64777,https://www.impressionsgroup.in/,"604, Udyog Vihar Phase V Rd, Udyog Vihar 3, Phase III, Udyog Vihar, Sector 19, Gurugram, Haryana 122015, India",4.1,112,OPERATIONAL,https://maps.google.com/?cid=3618509938255639445&g_mp=Cilnb29nbGUubWFwcy5wbGFjZXMudjEuUGxhY2VzLlNlYXJjaE5lYXJieRACGAQgAA,ChIJdQkickEZDTkRlbPy_Z2HNzI
Unbox Industry,manufacturer,manufacturer|point_of_interest|service|establishment,084188 41816,https://unboxindustry.com/,"619, Ground Floor, Udyog Vihar Phase V Rd, Udyog Vihar 3, Udyog Vihar, Sector 19, Gurugram, Haryana 122016, India",5,4,OPERATIONAL,https://maps.google.com/?cid=7957888270802089509&g_mp=Cilnb29nbGUubWFwcy5wbGFjZXMudjEuUGxhY2VzLlNlYXJjaE5lYXJieRACGAQgAA,ChIJK3KLJ6MZDTkRJfZnNzgZcG4
Dotline Informatics Private Limited,service,point_of_interest|service|establishment,098102 99937,https://dotlineinfo.com/,"621, Udyog Vihar Phase V Rd, Udyog Vihar 3, Phase V, Udyog Vihar, Sector 19, Gurugram, Haryana 122016, India",4.8,50,OPERATIONAL,https://maps.google.com/?cid=1703726451202540071&g_mp=Cilnb29nbGUubWFwcy5wbGFjZXMudjEuUGxhY2VzLlNlYXJjaE5lYXJieRACGAQgAA,ChIJqeeVR9gZDTkRJ0JdPi7apBc
Accucaro Consulting Private Limited,consultant,consultant|point_of_interest|service|establishment,0124 427 6962,http://www.accucaro.com/,"621, Udyog Vihar Phase V Rd, Udyog Vihar 3, Phase V, Udyog Vihar, Sector 19, Gurugram, Haryana 122016, India",3.9,50,OPERATIONAL,https://maps.google.com/?cid=16274140420526601212&g_mp=Cilnb29nbGUubWFwcy5wbGFjZXMudjEuUGxhY2VzLlNlYXJjaE5lYXJieRACGAQgAA,ChIJAQBM-d8ZDTkR_HNQBn1c2eE
Vedkee Associates - Company Pvt Ltd Registration,consultant,accounting|finance|consultant|point_of_interest|service|establishment,098102 38067,http://vedkee.in/,"612, Third Floor, Udyog Vihar Phase V Rd, Udyog Vihar 3, Udyog Vihar, Sector 19, Gurugram, Haryana 122016, India",,,OPERATIONAL,https://maps.google.com/?cid=6679919985378953021&g_mp=Cilnb29nbGUubWFwcy5wbGFjZXMudjEuUGxhY2VzLlNlYXJjaE5lYXJieRACGAQgAA,ChIJT-Pwg-oZDTkRPYeLwNXXs1w
Septic And Sewage Tank Cleaners Gurgaon Co,service,point_of_interest|service|establishment,087964 79658,,"604, Phase III, Udyog Vihar, Sector 19, Gurugram, Haryana 122015, India",5,1,OPERATIONAL,https://maps.google.com/?cid=2191959606966372146&g_mp=Cilnb29nbGUubWFwcy5wbGFjZXMudjEuUGxhY2VzLlNlYXJjaE5lYXJieRACGAQgAA,ChIJvTy82GsZDTkRMkc8J6Znax4
Variety Innovation Venture Private Limited,manufacturer,manufacturer|point_of_interest|service|establishment,086043 86046,https://www.unboxindustry.com/,"619, Ground Floor, Udyog Vihar 3, Phase V, Udyog Vihar, Sector 19, Gurugram, Haryana 122016, India",4.1,17,OPERATIONAL,https://maps.google.com/?cid=13184623289774185828&g_mp=Cilnb29nbGUubWFwcy5wbGFjZXMudjEuUGxhY2VzLlNlYXJjaE5lYXJieRACGAQgAA,ChIJx1QSUl4BDTkRZB1V5AYx-bY
Social India Craft,corporate_office,corporate_office|point_of_interest|establishment,084488 09111,,"612, 3rd Floor, Udyog Vihar Phase - V, Udyog Vihar 3, Udyog Vihar, Sector 19, Gurugram, Haryana 122016, India",5,1,OPERATIONAL,https://maps.google.com/?cid=11282383065134675858&g_mp=Cilnb29nbGUubWFwcy5wbGFjZXMudjEuUGxhY2VzLlNlYXJjaE5lYXJieRACGAQgAA,ChIJ_wdbZUEZDTkRkjc8AZ8Tk5w
Friends Garments,service,corporate_office|point_of_interest|service|establishment,0124 400 4204,http://www.friendsgarments.in/,"605, Udyog Vihar Phase V Rd, Udyog Vihar 3, Phase III, Udyog Vihar, Sector 19, Gurugram, Haryana 122016, India",4.5,17,OPERATIONAL,https://maps.google.com/?cid=4981541417129581810&g_mp=Cilnb29nbGUubWFwcy5wbGFjZXMudjEuUGxhY2VzLlNlYXJjaE5lYXJieRACGAQgAA,ChIJkY5uekEZDTkR8pzniYb9IUU
BookMyTrip,transportation_service,taxi_service|tour_agency|travel_agency|transportation_service|point_of_interest|service|establishment,084484 40612,https://www.bookmytrip.co/,"Plot No, 612, Udyog Vihar Phase V Rd, Udyog Vihar 3, Udyog Vihar, Sector 19, Gurugram, Haryana 122016, India",4.4,28,OPERATIONAL,https://maps.google.com/?cid=14959851325936845096&g_mp=Cilnb29nbGUubWFwcy5wbGFjZXMudjEuUGxhY2VzLlNlYXJjaE5lYXJieRACGAQgAA,ChIJy94b0MUZDTkRKEEfL4URnM8
Medical Squad,health,health|point_of_interest|establishment,098991 00013,http://www.medicalsquad.in/,"Plot no, 620, Udyog Vihar Phase V Rd, Udyog Vihar 3, Udyog Vihar, Sector 19, Gurugram, Haryana 122016, India",4,2,OPERATIONAL,https://maps.google.com/?cid=2630627434809766536&g_mp=Cilnb29nbGUubWFwcy5wbGFjZXMudjEuUGxhY2VzLlNlYXJjaE5lYXJieRACGAQgAA,ChIJsXbBJ0EZDTkRiLI73LbdgSQ
1589 Hotels Pvt Ltd (Corporate Office),corporate_office,corporate_office|hotel|lodging|point_of_interest|establishment,0124 449 7024,,"2nd Floor, Skylark Building, Plot No. 814, Udyog Vihar Phase V Rd, Phase V, Udyog Vihar, Sector 19, Gurugram, Haryana 122016, India",4,4,CLOSED_TEMPORARILY,https://maps.google.com/?cid=6169947569631295274&g_mp=Cilnb29nbGUubWFwcy5wbGFjZXMudjEuUGxhY2VzLlNlYXJjaE5lYXJieRACGAQgAA,ChIJE-lku9n9DDkRKneo8p8OoFU
IMT Alumni Association,non_profit_organization,non_profit_organization|association_or_organization|point_of_interest|establishment,081783 75310,http://www.imtalumni.com/,"796, Udyog Vihar Phase V Rd, Phase V, Udyog Vihar, Sector 19, Gurugram, Haryana 122016, India",5,5,OPERATIONAL,https://maps.google.com/?cid=1886149839441983198&g_mp=Cilnb29nbGUubWFwcy5wbGFjZXMudjEuUGxhY2VzLlNlYXJjaE5lYXJieRACGAQgAA,ChIJk5-bOs0ZDTkR3nYZJUnzLBo
Juhst.co,store,store|point_of_interest|establishment,088605 45815,http://www.juhst.com/,"Lower Ground Floor, Enkay Center Vanijya Nikunj, Udyog Vihar Phase V Rd, Phase V, Udyog Vihar, Sector 19, Gurugram, Haryana 122016, India",,,OPERATIONAL,https://maps.google.com/?cid=12492707344893236271&g_mp=Cilnb29nbGUubWFwcy5wbGFjZXMudjEuUGxhY2VzLlNlYXJjaE5lYXJieRACGAQgAA,ChIJ4wiVLyYZDTkRL1RGFyQDX60
Rubby Boutique,clothing_store,clothing_store|store|point_of_interest|establishment,099103 33404,,"5, Phase V, Udyog Vihar, Sector 19, Gurugram, Haryana 122016, India",,,CLOSED_TEMPORARILY,https://maps.google.com/?cid=15574709923218724773&g_mp=Cilnb29nbGUubWFwcy5wbGFjZXMudjEuUGxhY2VzLlNlYXJjaE5lYXJieRACGAQgAA,ChIJ0VfarBIZDTkRpRc0JSh8JNg
Accentill,employment_agency,employment_agency|point_of_interest|service|establishment,0124 422 1000,,"Enkay Centre, Wing A, Second Floor Plot No A, Vanijiya Nikunj, Udyog Vihar Phase V Rd, Phase V, Udyog Vihar, Sector 19, Gurugram, Haryana 122016, India",,,OPERATIONAL,https://maps.google.com/?cid=4983698434911018509&g_mp=Cilnb29nbGUubWFwcy5wbGFjZXMudjEuUGxhY2VzLlNlYXJjaE5lYXJieRACGAQgAA,ChIJW17vtkYZDTkRDZ6KYFKnKUU
Dmadness,consultant,consultant|point_of_interest|service|establishment,098101 33232,http://dmadness.com/,"B-23, Udyog Vihar Phase V Rd, Phase V, Udyog Vihar, Sector 19, Gurugram, Haryana 122016, India",,,CLOSED_TEMPORARILY,https://maps.google.com/?cid=12250300073220739195&g_mp=Cilnb29nbGUubWFwcy5wbGFjZXMudjEuUGxhY2VzLlNlYXJjaE5lYXJieRACGAQgAA,ChIJW17vtkYZDTkRe5BDAAPPAao
Nav Yuvak Dal,corporate_office,corporate_office|point_of_interest|establishment,092684 30042,https://www.navyuvakdal.com/,"First Floor, Plot No. - 845, Udyog Vihar Phase V Rd, Phase V, Udyog Vihar, Sector 19, Gurugram, Haryana 122016, India",,,OPERATIONAL,https://maps.google.com/?cid=4672100702088842843&g_mp=Cilnb29nbGUubWFwcy5wbGFjZXMudjEuUGxhY2VzLlNlYXJjaE5lYXJieRACGAQgAA,ChIJW17vtkYZDTkRW87brtWi1kA
Stitch n Stitch,wholesaler,wholesaler|point_of_interest|service|establishment,098112 92990,,"PLOT NO, 68A, Udyog Vihar Phase V Rd, Phase V, Udyog Vihar, Sector 19, Gurugram, Haryana 122016, India",3.5,2,CLOSED_TEMPORARILY,https://maps.google.com/?cid=7680248736340113447&g_mp=Cilnb29nbGUubWFwcy5wbGFjZXMudjEuUGxhY2VzLlNlYXJjaE5lYXJieRACGAQgAA,ChIJm9TniKcZDTkRJ_gxtIi5lWo
NUFA,corporate_office,corporate_office|point_of_interest|establishment,096678 21110,,"846 – Ground Floor, Udyog Vihar Phase V Rd, Phase V, Udyog Vihar, Sector 19, Gurugram, Haryana 122016, India",1,1,OPERATIONAL,https://maps.google.com/?cid=15440164984753360784&g_mp=Cilnb29nbGUubWFwcy5wbGFjZXMudjEuUGxhY2VzLlNlYXJjaE5lYXJieRACGAQgAA,ChIJW17vtkYZDTkRkA-mhT98RtY
LANCO,,point_of_interest|establishment,044 2815 7247,http://www.lancogroup.com/,"3rd Floor, No.25, Gopathi Narayanaswami Chetty Rd, Phase V, Udyog Vihar, T. Nagar, Chennai, Gurugram, Tamil Nadu 122016, India",,,OPERATIONAL,https://maps.google.com/?cid=12754028582464877143&g_mp=Cilnb29nbGUubWFwcy5wbGFjZXMudjEuUGxhY2VzLlNlYXJjaE5lYXJieRACGAQgAA,ChIJW17vtkYZDTkRV3L_CGxp_7A
Trishul Homecare,corporate_office,corporate_office|point_of_interest|establishment,0124 460 0414,http://trishulhomecare.com/,"701-710, Enkay Tower, 7th Floor, Udyog Vihar Phase V, opp. Cyber City, Phase V, Udyog Vihar, Sector 19, Gurugram, Haryana 122016, India",4.3,6,OPERATIONAL,https://maps.google.com/?cid=15201094573286255073&g_mp=Cilnb29nbGUubWFwcy5wbGFjZXMudjEuUGxhY2VzLlNlYXJjaE5lYXJieRACGAQgAA,ChIJW17vtkYZDTkR4WnYvfki9dI
Himalayan Leaf Pvt Ltd.,corporate_office,corporate_office|point_of_interest|establishment,080 4860 3265,http://himalayan-leaf.in/,"B-85, 1st Floor, Udyog Vihar Phase V Rd, Phase V, Udyog Vihar, Sector 19, Gurugram, Haryana 122016, India",3,1,OPERATIONAL,https://maps.google.com/?cid=8438188538124111965&g_mp=Cilnb29nbGUubWFwcy5wbGFjZXMudjEuUGxhY2VzLlNlYXJjaE5lYXJieRACGAQgAA,ChIJW17vtkYZDTkRXRCpmsR3GnU
7Days Fat Burner,corporate_office,corporate_office|point_of_interest|establishment,096544 29399,,"2nd Floor, Travel Empire India Pvt Ltd, Udyog Vihar Phase V Rd, Phase V, Udyog Vihar, 1, Gurugram, Haryana 122016, India",,,OPERATIONAL,https://maps.google.com/?cid=8825510771293441788&g_mp=Cilnb29nbGUubWFwcy5wbGFjZXMudjEuUGxhY2VzLlNlYXJjaE5lYXJieRACGAQgAA,ChIJV_2P4UAZDTkR_E5UdEmDeno
"TechDawgs company, Inc.",employment_agency,employment_agency|point_of_interest|service|establishment,098995 52657,,"Udyog Vihar Phase V Rd, Phase V, Udyog Vihar, Sector 19, Gurugram, Haryana 122016, India",,,OPERATIONAL,https://maps.google.com/?cid=1017253917413630025&g_mp=Cilnb29nbGUubWFwcy5wbGFjZXMudjEuUGxhY2VzLlNlYXJjaE5lYXJieRACGAQgAA,ChIJW17vtkYZDTkRSWDQWQwDHg4
HI3 Technologies Pvt. Ltd,service,point_of_interest|service|establishment,084451 58129,,"Plot No - 21B, Ground Floor, Udyog Vihar Phase V Rd, Phase V, Udyog Vihar, Sector 19, Gurugram, Haryana 122016, India",4.2,20,CLOSED_TEMPORARILY,https://maps.google.com/?cid=13274902602042180533&g_mp=Cilnb29nbGUubWFwcy5wbGFjZXMudjEuUGxhY2VzLlNlYXJjaE5lYXJieRACGAQgAA,ChIJW17vtkYZDTkRtQOiRpXtObg
Gifts of Love,gift_shop,gift_shop|store|point_of_interest|establishment,063518 23508,https://giftsoflove.in/,"551, Ist & IInd Floor, Udyog Vihar Phase V Rd, Phase V, Udyog Vihar, Sector 19, Gurugram, Haryana 122016, India",3,2,OPERATIONAL,https://maps.google.com/?cid=15002686910955349642&g_mp=Cilnb29nbGUubWFwcy5wbGFjZXMudjEuUGxhY2VzLlNlYXJjaE5lYXJieRACGAQgAA,ChIJx6MRrdgYDTkRimblA0JANNA
Cilantro,fine_dining_restaurant,fine_dining_restaurant|restaurant|food|point_of_interest|establishment,0124 245 0505,http://www.tridenthotels.com/hotels-in-gurgaon/restaurant-in-gurgaon/dining-cilantro,"443, Udyog Vihar Phase V Rd, Phase V, Udyog Vihar, Sector 19, Gurugram, Haryana 122016, India",4.5,440,OPERATIONAL,https://maps.google.com/?cid=7270854526747312238&g_mp=Cilnb29nbGUubWFwcy5wbGFjZXMudjEuUGxhY2VzLlNlYXJjaE5lYXJieRACGAQgAA,ChIJ1c-QaUYZDTkRboBQYKtD52Q
Saffron,indian_restaurant,indian_restaurant|restaurant|food|point_of_interest|establishment,0124 245 0505,https://www.tridenthotels.com/hotels-in-gurgaon/restaurant-in-gurgaon/saffron?utm_source=GMBlisting&utm_medium=organic,"443, Udyog Vihar, Phase V, Phase V, Udyog Vihar, Sector 19, Gurugram, Haryana 122016, India",4.5,76,OPERATIONAL,https://maps.google.com/?cid=2289836230612355993&g_mp=Cilnb29nbGUubWFwcy5wbGFjZXMudjEuUGxhY2VzLlNlYXJjaE5lYXJieRACGAQgAA,ChIJVVVVFUIZDTkRmQt4b-shxx8
Lyrah - Alfresco Bar,bar,bar|point_of_interest|establishment,0124 245 0505,https://www.tridenthotels.com/hotels-in-gurgaon/,"Trident, 443, Udyog Vihar Phase V Rd, Phase V, Udyog Vihar, Sector 19, Gurugram, Haryana 122016, India",4.6,36,OPERATIONAL,https://maps.google.com/?cid=14589411690191798419&g_mp=Cilnb29nbGUubWFwcy5wbGFjZXMudjEuUGxhY2VzLlNlYXJjaE5lYXJieRACGAQgAA,ChIJs1KMZRUZDTkRk0DQW6IAeMo
The Bar,bar,bar|point_of_interest|establishment,0124 245 0505,https://www.tridenthotels.com/hotels-in-gurgaon/restaurant-in-gurgaon/the-bar?utm_source=GMBlisting&utm_medium=organic,"443, Udyog Vihar Phase V Rd, Phase V, Udyog Vihar, Sector 19, Gurugram, Haryana 122016, India",4.6,5,OPERATIONAL,https://maps.google.com/?cid=12381316428052009411&g_mp=Cilnb29nbGUubWFwcy5wbGFjZXMudjEuUGxhY2VzLlNlYXJjaE5lYXJieRACGAQgAA,ChIJnQ-xaEYZDTkRw5G_ObFF06s
Sandouk,gift_shop,gift_shop|store|point_of_interest|establishment,0124 245 0505,,"443, Shankar Chowk Rd, Phase V, Udyog Vihar, Sector 19, Gurugram, Haryana 122016, India",4.7,13,OPERATIONAL,https://maps.google.com/?cid=7553196735684525946&g_mp=Cilnb29nbGUubWFwcy5wbGFjZXMudjEuUGxhY2VzLlNlYXJjaE5lYXJieRACGAQgAA,ChIJo1GAbkYZDTkRer8dnWlY0mg
First Coffee | DLF Atrium,cafe,cafe|coffee_shop|coffee_roastery|food_store|store|food|point_of_interest|establishment,092173 56974,https://nearme.firstcoffee.co.in/first-coffee-dlf-atrium-48094/home?utm_source=GBP,"Tower 3, Ground Floor, DLF Phase III Atrium Place, Phase V, Udyog Vihar, Sector 19, Gurugram, Haryana 122016, India",5,2,OPERATIONAL,https://maps.google.com/?cid=10105880570471587597&g_mp=Cilnb29nbGUubWFwcy5wbGFjZXMudjEuUGxhY2VzLlNlYXJjaE5lYXJieRACGAQgAA,ChIJXx4hrdwZDTkRDR976dVMP4w
Tata Power Charging Station,electric_vehicle_charging_station,electric_vehicle_charging_station|transportation_service|point_of_interest|establishment,1800 833 2233,https://www.tatapower.com/,"443, Shankar Chowk Rd, Phase V, Udyog Vihar, Sector 19, Gurugram, Haryana 122016, India",5,2,OPERATIONAL,https://maps.google.com/?cid=1223997284586476576&g_mp=Cilnb29nbGUubWFwcy5wbGFjZXMudjEuUGxhY2VzLlNlYXJjaE5lYXJieRACGAQgAA,ChIJmeEaF0YZDTkRINTRmQuD_BA
"Swimming Pool, The Oberoi Gurgaon",swimming_pool,swimming_pool|sports_activity_location|point_of_interest|establishment,096616 70969,,"G32Q+859, Phase V, Udyog Vihar, Sector 19, Gurugram, Haryana 122016, India",4.2,11,OPERATIONAL,https://maps.google.com/?cid=12405593853274673828&g_mp=Cilnb29nbGUubWFwcy5wbGFjZXMudjEuUGxhY2VzLlNlYXJjaE5lYXJieRACGAQgAA,ChIJL4O84d4ZDTkRpNI0xOGFKaw
Oberoi Spa,spa,spa|point_of_interest|establishment,0124 483 1234,https://www.oberoihotels.com/hotels-in-gurgaon/spa-fitness/,"G32Q+HCM, 2, Phase V, Udyog Vihar, Sector 19, Gurugram, Haryana 122016, India",4.6,5,OPERATIONAL,https://maps.google.com/?cid=10878113734934855073&g_mp=Cilnb29nbGUubWFwcy5wbGFjZXMudjEuUGxhY2VzLlNlYXJjaE5lYXJieRACGAQgAA,ChIJES0zgp4ZDTkRof0Wpc7S9pY
Altius Telecom Infrastructure Trust,corporate_office,corporate_office|point_of_interest|establishment,0124 446 4000,http://www.altiusinfra.com/,"Atrium Place,12th Floor, Tower 2, Block C, Vanijya Nikunj, Phase V, Udyog Vihar, Sector 19, Gurugram, Haryana 122016, India",4.2,387,OPERATIONAL,https://maps.google.com/?cid=12947762069844844089&g_mp=Cilnb29nbGUubWFwcy5wbGFjZXMudjEuUGxhY2VzLlNlYXJjaE5lYXJieRACGAQgAA,ChIJUWqpXBQZDTkROd5gmQCxr7M
Anmol Food,fast_food_restaurant,fast_food_restaurant|restaurant|food|point_of_interest|establishment,092051 82542,,"Shop 1, Shankar Chowk Rd, Phase V, DLF Phase 3, Sector 19, Gurugram, Haryana 122016, India",5,1,CLOSED_TEMPORARILY,https://maps.google.com/?cid=9620871323013025098&g_mp=Cilnb29nbGUubWFwcy5wbGFjZXMudjEuUGxhY2VzLlNlYXJjaE5lYXJieRACGAQgAA,ChIJS3qjFQkZDTkRSg3vpX4zhIU
Earthwatch Institute India,corporate_office,corporate_office|point_of_interest|establishment,0124 408 8958,http://earthwatch.org/,"186, National Media Centre Rd, The National Media Centre, Sector 24, Gurugram, Haryana 122002, India",5,1,OPERATIONAL,https://maps.google.com/?cid=13103575689859774385&g_mp=Cilnb29nbGUubWFwcy5wbGFjZXMudjEuUGxhY2VzLlNlYXJjaE5lYXJieRACGAQgAA,ChIJaU60-kgZDTkRsTeJCapA2bU
ZARA,clothing_store,clothing_store|store|point_of_interest|establishment,1800 315 7808,https://www.zara.com/in/en/stores-locator/zara-gurgaon-ambience-mall-gurgaon-s1479,"NH-8, Ambience Island, The National Media Centre, Sector 24, Gurugram, Haryana 122002, India",4.3,7637,OPERATIONAL,https://maps.google.com/?cid=7029432428772010110&g_mp=Cilnb29nbGUubWFwcy5wbGFjZXMudjEuUGxhY2VzLlNlYXJjaE5lYXJieRACGAQgAA,ChIJcV9EiE4ZDTkRfiiR6YyPjWE
Nurturing Paths,service,physiotherapist|medical_clinic|health|point_of_interest|service|establishment,097171 67067,http://www.nurturingpaths.com/,"National Media Campus, Shankar Chowk Rd, near Mothers Mount School, The National Media Centre, Sector 24, Gurugram, Haryana 122002, India",4.9,17,OPERATIONAL,https://maps.google.com/?cid=13244844668514198483&g_mp=Cilnb29nbGUubWFwcy5wbGFjZXMudjEuUGxhY2VzLlNlYXJjaE5lYXJieRACGAQgAA,ChIJnYKdAUYZDTkR0-MDRA0kz7c
Mothers' Mount Preschool & Daycare,preschool,preschool|summer_camp_organizer|child_care_agency|school|educational_institution|point_of_interest|service|establishment,099711 30067,http://www.mothersmountschool.com/,"Media Campus, Shankar Chowk Rd, The National Media Centre, Sector 24, Gurugram, Haryana 122002, India",5,51,OPERATIONAL,https://maps.google.com/?cid=9755703986982200894&g_mp=Cilnb29nbGUubWFwcy5wbGFjZXMudjEuUGxhY2VzLlNlYXJjaE5lYXJieRACGAQgAA,ChIJAT4dWT4ZDTkRPqbvlRY5Y4c
G.k crane service,,point_of_interest|establishment,084471 09411,,"Cyber City, The National Media Centre, Sector 24, Gurugram, Haryana 122002, India",,,CLOSED_TEMPORARILY,https://maps.google.com/?cid=14525410464521080908&g_mp=Cilnb29nbGUubWFwcy5wbGFjZXMudjEuUGxhY2VzLlNlYXJjaE5lYXJieRACGAQgAA,ChIJWQKgKAcZDTkRTFCFytuflMk
Sunrisers Hosting - Web Hosting Company,service,point_of_interest|service|establishment,085951 04872,https://www.sunrisershosting.com/,"Jaipur - Delhi Expy, near Sarhol, Udyog Vihar, Sector 18, Gurugram, Haryana 122016, India",4.7,15,OPERATIONAL,https://maps.google.com/?cid=10942631017618510100&g_mp=Cilnb29nbGUubWFwcy5wbGFjZXMudjEuUGxhY2VzLlNlYXJjaE5lYXJieRACGAQgAA,ChIJ_ZFj3S8ZDTkRFJFSGe8I3Jc
YES BANK ATM,bank,bank|finance|point_of_interest|establishment,1800 1200,https://www.yesbank.in/,"Basement, GF, +4 Floors, Plot No-444, Udyog Vihar Phase V Rd, Phase V, Udyog Vihar, Sector 19, Gurugram, Haryana 122016, India",,,OPERATIONAL,https://maps.google.com/?cid=13751361343845160314&g_mp=Cilnb29nbGUubWFwcy5wbGFjZXMudjEuUGxhY2VzLlNlYXJjaE5lYXJieRACGAQgAA,ChIJA8iJE1UZDTkRetXtzUim1r4
BraaiCraft,manufacturer,manufacturer|point_of_interest|establishment,099808 51233,https://www.braaicraft.com/,"150, The National Media Centre, Sector 24, Gurugram, Haryana 122002, India",5,7,OPERATIONAL,https://maps.google.com/?cid=10202035394158606253&g_mp=Cilnb29nbGUubWFwcy5wbGFjZXMudjEuUGxhY2VzLlNlYXJjaE5lYXJieRACGAQgAA,ChIJBSxF4u8ZDTkRrTfJZiPplI0
Akil Automobile Service,auto_parts_store,auto_parts_store|car_repair|store|service|point_of_interest|establishment,087430 04333,,"375, DLF Phase 3, Sector 24, Gurugram, Haryana 122002, India",,,OPERATIONAL,https://maps.google.com/?cid=14491715231220645091&g_mp=Cilnb29nbGUubWFwcy5wbGFjZXMudjEuUGxhY2VzLlNlYXJjaE5lYXJieRACGAQgAA,ChIJSWLCQ_cZDTkR4zwG7zjqHMk
Needleads,service,service|point_of_interest|establishment,087505 00075,https://theneedleads.com/,"Block 5, unit number 819 8th floor, Commercial Site, DLF City Phase 3 Rd, Ambience Island, Sector 25 A, Sector 24, Gurugram, Haryana 122002, India",5,1,OPERATIONAL,https://maps.google.com/?cid=9001570182434302523&g_mp=Cilnb29nbGUubWFwcy5wbGFjZXMudjEuUGxhY2VzLlNlYXJjaE5lYXJieRACGAQgAA,ChIJaUKl8N4ZDTkRO6q-eGMA7Hw
The Hariyali,store,store|point_of_interest|establishment,085954 63153,,"G32W+346, Moulsari Ave, DLF Phase 2, Sector 24, Gurugram, Haryana 122002, India",5,3,OPERATIONAL,https://maps.google.com/?cid=12355195756500622757&g_mp=Cilnb29nbGUubWFwcy5wbGFjZXMudjEuUGxhY2VzLlNlYXJjaE5lYXJieRACGAQgAA,ChIJHbU-NDUZDTkRpR2idBR5dqs
Durga Automobile,car_repair,car_repair|service|point_of_interest|establishment,098185 61919,,"5, Dlf Phase-3, Near, NH-8, opposite National Medi Center, The National Media Centre, Sector 24, Gurugram, Haryana 122002, India",5,8,OPERATIONAL,https://maps.google.com/?cid=16928075880210131694&g_mp=Cilnb29nbGUubWFwcy5wbGFjZXMudjEuUGxhY2VzLlNlYXJjaE5lYXJieRACGAQgAA,ChIJi_ESdkkZDTkR7mrIAlOb7Oo
Apna Mech Bike Service Center DLF,car_repair,car_repair|service|point_of_interest|establishment,080017 00157,https://apnamech.com/gurgaon/,"Rapid Metro Station Moulsari Avenue, Main Road, DLF Phase 3, Sector 24, Gurugram, Haryana 122002, India",5,1,OPERATIONAL,https://maps.google.com/?cid=5806261045997745293&g_mp=Cilnb29nbGUubWFwcy5wbGFjZXMudjEuUGxhY2VzLlNlYXJjaE5lYXJieRACGAQgAA,ChIJpzlKPWIZDTkRjTTij6j7k1A
Nk Auto Electrician,car_repair,car_repair|service|point_of_interest|establishment,098994 86636,,"National Media Centre Rd, DLF Phase 3, Sector 24, Gurugram, Haryana 122002, India",5,4,OPERATIONAL,https://maps.google.com/?cid=3741001336713440282&g_mp=Cilnb29nbGUubWFwcy5wbGFjZXMudjEuUGxhY2VzLlNlYXJjaE5lYXJieRACGAQgAA,ChIJT6wqI0oZDTkRGuwQI-W06jM
R.A Steel Fabrication Interior,service,service|point_of_interest|establishment,088267 86993,,"National Media Centre Rd, The National Media Centre, Sector 24, Gurugram, Haryana 122002, India",4.7,3,OPERATIONAL,https://maps.google.com/?cid=16024855521636604828&g_mp=Cilnb29nbGUubWFwcy5wbGFjZXMudjEuUGxhY2VzLlNlYXJjaE5lYXJieRACGAQgAA,ChIJ08UynEkZDTkRnFsbkDG5Y94
Dribble Cafe,cafe,cafe|coffee_shop|bakery|food_store|store|restaurant|food|point_of_interest|establishment,0124 717 8600,,"Plot 1, Near Metro Pillar 142, Moulsari Ave, DLF Phase 3, Sector 24, Gurugram, Haryana 122002, India",4,942,OPERATIONAL,https://maps.google.com/?cid=9792976293292516138&g_mp=Cilnb29nbGUubWFwcy5wbGFjZXMudjEuUGxhY2VzLlNlYXJjaE5lYXJieRACGAQgAA,ChIJ_4r7vWcZDTkRKqOFpw2k54c
Vita,food_store,food_store|store|food|point_of_interest|establishment,088602 16305,,"Block-V, 37, 38, Behind Ambianes Mall, DLF Phase III, DLF Phase 3, Sector 24, Gurugram, Haryana 122002, India",4.3,3,OPERATIONAL,https://maps.google.com/?cid=2294533163597722983&g_mp=Cilnb29nbGUubWFwcy5wbGFjZXMudjEuUGxhY2VzLlNlYXJjaE5lYXJieRACGAQgAA,ChIJZ1eayksZDTkRZ3WYXcHR1x8
"Bedchambers Serviced Apartments, DLF Cybercity Gurgaon",lodging,real_estate_agency|hotel|lodging|service|point_of_interest|establishment,085888 88655,https://bedchambers.in/Apartments/bedchambers-serviced-apartments-dlf-cybercity-gurgaon/,"V40, 1, DLF Phase 3, Sector 24, Gurugram, Haryana 122002, India",4.9,265,OPERATIONAL,https://maps.google.com/?cid=4838707718266024628&g_mp=Cilnb29nbGUubWFwcy5wbGFjZXMudjEuUGxhY2VzLlNlYXJjaE5lYXJieRACGAQgAA,ChIJyaKSCs0fDTkRtPIvfwiLJkM
Sabarjeet Nishad,taxi_service,taxi_service|transportation_service|service|point_of_interest|establishment,080762 02967,,"2 Dlf Phase 3, Nathupur, Sector 24, Gurugram, Haryana 122010, India",,,OPERATIONAL,https://maps.google.com/?cid=6626042993189571214&g_mp=Cilnb29nbGUubWFwcy5wbGFjZXMudjEuUGxhY2VzLlNlYXJjaE5lYXJieRACGAQgAA,ChIJtTUdnHkZDTkRjsqH-_5u9Fs
Practical Nirvana - Past Life Regression,service,medical_clinic|health|service|point_of_interest|establishment,098712 60053,https://pastliferegressiontherapy.in/,"DLF Phase 3, Sector 24, Gurugram, Haryana 122002, India",5,7,OPERATIONAL,https://maps.google.com/?cid=11769064801863041021&g_mp=Cilnb29nbGUubWFwcy5wbGFjZXMudjEuUGxhY2VzLlNlYXJjaE5lYXJieRACGAQgAA,ChIJQd0MdxcZDTkR_X-ZBRUeVKM
Enkay Residency V Block,lodging,lodging|point_of_interest|establishment,096679 84441,http://www.enkayresidency.com/,"V-39/18 & 19, DLF Phase 3, Sector 24, Gurugram, Haryana 122010, India",4.2,353,OPERATIONAL,https://maps.google.com/?cid=14663836967261945784&g_mp=Cilnb29nbGUubWFwcy5wbGFjZXMudjEuUGxhY2VzLlNlYXJjaE5lYXJieRACGAQgAA,ChIJmVfJVEoZDTkRuL_jhQdqgMs
"Open parking, Ambience Island",transportation_service,transportation_service|point_of_interest|establishment,,,"Home V-11/43 Galli, No 11, DLF Phase 3, Sector 24, Gurugram, Haryana 122010, India",5,4,OPERATIONAL,https://maps.google.com/?cid=2541061116124564148&g_mp=Cilnb29nbGUubWFwcy5wbGFjZXMudjEuUGxhY2VzLlNlYXJjaE5lYXJieRACGAQgAA,ChIJDT4bilgZDTkRtIopO5-pQyM
Mehendiratta Deepak,corporate_office,corporate_office|point_of_interest|establishment,098110 40115,,"Home V-11/43 Galli No 11, DLF Phase 3, Sector 24, Gurugram, Haryana 122010, India",5,1,OPERATIONAL,https://maps.google.com/?cid=5668442975420953448&g_mp=Cilnb29nbGUubWFwcy5wbGFjZXMudjEuUGxhY2VzLlNlYXJjaE5lYXJieRACGAQgAA,ChIJK73gYCgZDTkRaDOGe9paqk4
Levi's Exclusive Store,clothing_store,clothing_store|womens_clothing_store|store|point_of_interest|establishment,011 4087 0039,https://stores.levi.in/levi-s-exclusive-store-clothing-shop-vasant-kunj-new-delhi-329433/Home?utm_source=locator&utm_medium=googleplaces,"1st Floor, Ambience Mall, SN F/117 & 120, DLF Phase 3, Vasant Kunj, New Delhi, Gurugram, Delhi 110070, India",5,2,OPERATIONAL,https://maps.google.com/?cid=16702073182883986933&g_mp=Cilnb29nbGUubWFwcy5wbGFjZXMudjEuUGxhY2VzLlNlYXJjaE5lYXJieRACGAQgAA,ChIJs4eHSLYZDTkR9b1ghhGvyec
Selectandyou,clothing_store,clothing_store|store|point_of_interest|establishment,099109 54060,https://selectandyou.com/,"V, 39/14A, DLF Phase 3, Sector 24, Gurugram, Haryana 122010, India",3.7,81,OPERATIONAL,https://maps.google.com/?cid=15593968979350260556&g_mp=Cilnb29nbGUubWFwcy5wbGFjZXMudjEuUGxhY2VzLlNlYXJjaE5lYXJieRACGAQgAA,ChIJExsJk_8ZDTkRTAuilCroaNg
R D Rajpal Junior School,school,school|educational_institution|point_of_interest|establishment,099100 55643,http://rdrajpalschooldwarka.com/,"F3XX+XX6, Lane Number V-39/2, DLF Phase 3, Sector 24, Gurugram, Haryana 122010, India",,,OPERATIONAL,https://maps.google.com/?cid=6437435966191502942&g_mp=Cilnb29nbGUubWFwcy5wbGFjZXMudjEuUGxhY2VzLlNlYXJjaE5lYXJieRACGAQgAA,ChIJy7Az-UoZDTkRXgYrfeddVlk
Capital O Tipsyy Near Aravali Biodiversity Park,hotel,hotel|guest_house|cottage|inn|motel|lodging|point_of_interest|service|establishment,0124 433 0575,https://www.oyorooms.com/50770/,"14, V-39/14, DLF Phase 3, Sector 24, Gurugram, Haryana 122010, India",2.6,194,OPERATIONAL,https://maps.google.com/?cid=13670299544664989514&g_mp=Cilnb29nbGUubWFwcy5wbGFjZXMudjEuUGxhY2VzLlNlYXJjaE5lYXJieRACGAQgAA,ChIJ_7RAcl0ZDTkRSt_w7AGptr0
Tipsyy Inn Suites 006,hotel,hotel|lodging|point_of_interest|establishment,084470 28439,,"DLF Phase 3, Sector 24, Gurugram, Haryana 122010, India",3.6,8,OPERATIONAL,https://maps.google.com/?cid=696296408331568482&g_mp=Cilnb29nbGUubWFwcy5wbGFjZXMudjEuUGxhY2VzLlNlYXJjaE5lYXJieRACGAQgAA,ChIJHzEX8UoZDTkRYsX77OS9qQk
Treebo Zion Residency Inn,hotel,hotel|lodging|point_of_interest|establishment,093555 54455,,"F3XX+QX8, Lane Number V-39/2, DLF Phase 3, Sector 24, Gurugram, Haryana 122010, India",3.4,14,OPERATIONAL,https://maps.google.com/?cid=16531973059770781206&g_mp=Cilnb29nbGUubWFwcy5wbGFjZXMudjEuUGxhY2VzLlNlYXJjaE5lYXJieRACGAQgAA,ChIJt2W4tksZDTkRFg73X-hdbeU
Think1,,point_of_interest|establishment,088754 69153,http://think1.co.in/,"14/7, DLF Phase 3, Pink Town, Gurugram, Haryana 122002, India",3,2,CLOSED_TEMPORARILY,https://maps.google.com/?cid=11939191548383023553&g_mp=Cilnb29nbGUubWFwcy5wbGFjZXMudjEuUGxhY2VzLlNlYXJjaE5lYXJieRACGAQgAA,ChIJwWYU-EoZDTkRwVG36nSHsKU
Waterproofing Solutions,service,point_of_interest|service|establishment,093152 06003,,"U-56, 14, DLF Phase 3, Sector 24, Gurugram, Haryana 122010, India",4.8,99,OPERATIONAL,https://maps.google.com/?cid=14154554697097034370&g_mp=Cilnb29nbGUubWFwcy5wbGFjZXMudjEuUGxhY2VzLlNlYXJjaE5lYXJieRACGAQgAA,ChIJFzB9EO4ZDTkRgjpOwoAUb8Q
24 Seven Days,service,point_of_interest|service|establishment,099909 91120,https://24sevendays.com/,"S-31, LGF 13 & 14, DLF Phase 3, Sector 24, Gurugram, Haryana 122010, India",3.7,120,OPERATIONAL,https://maps.google.com/?cid=10029140803784895187&g_mp=Cilnb29nbGUubWFwcy5wbGFjZXMudjEuUGxhY2VzLlNlYXJjaE5lYXJieRACGAQgAA,ChIJ-Z_lpyEZDTkR02r5o2yqLos
OYO Rooms 319 Near Moulsari Avenue,hotel,hotel|guest_house|cottage|inn|motel|lodging|point_of_interest|service|establishment,0124 620 1166,https://www.oyorooms.com/3408,"opposite V39-14, DLF Phase 3, Sector 24, Gurugram, Haryana 122010, India",3.7,29,OPERATIONAL,https://maps.google.com/?cid=10193189977447250035&g_mp=Cilnb29nbGUubWFwcy5wbGFjZXMudjEuUGxhY2VzLlNlYXJjaE5lYXJieRACGAQgAA,ChIJwWYU-EoZDTkRc7jQVUd8dY0
Nuumaaish Designs,service,point_of_interest|service|establishment,082997 54319,https://anuragyadav7149.wixstudio.com/nuumaaish,"DLF Phase 3, Sector 24, Gurugram, Haryana 122002, India",5,6,OPERATIONAL,https://maps.google.com/?cid=1318082698742019199&g_mp=Cilnb29nbGUubWFwcy5wbGFjZXMudjEuUGxhY2VzLlNlYXJjaE5lYXJieRACGAQgAA,ChIJ33UIyxkfDTkRfzQbIzvFShI
Dr Suman Sachdev,health,doctor|health|point_of_interest|establishment,098996 47718,,"Caitriona, Apartments, Ambience Island, DLF Phase 3, Sector 24, Gurugram, Haryana 122010, India",4.8,4,OPERATIONAL,https://maps.google.com/?cid=6754694770957299402&g_mp=Cilnb29nbGUubWFwcy5wbGFjZXMudjEuUGxhY2VzLlNlYXJjaE5lYXJieRACGAQgAA,ChIJVVVVxUQZDTkRyi4ZNRt_vV0
Sweven football Academy Dlf phase 3 Gurugram,sports_club,sports_club|association_or_organization|point_of_interest|establishment,085277 01544,https://www.swevenfootballacademy.com/,"near ADOT, Ambience Island, DLF Phase 3, Sector 24, Gurugram, Haryana 122010, India",5,1,OPERATIONAL,https://maps.google.com/?cid=18065190526750872156&g_mp=Cilnb29nbGUubWFwcy5wbGFjZXMudjEuUGxhY2VzLlNlYXJjaE5lYXJieRACGAQgAA,ChIJhxyRTkAfDTkRXNK8EhJztPo
"BluO Studio4 DLF CyberCity - Balcony, Gym TT, Lift",lodging,lodging|point_of_interest|establishment,,,"DLF Phase 3, Sector 24, Gurugram, Haryana 122010, India",,,OPERATIONAL,https://maps.google.com/?cid=16391047724904404656&g_mp=Cilnb29nbGUubWFwcy5wbGFjZXMudjEuUGxhY2VzLlNlYXJjaE5lYXJieRACGAQgAA,ChIJ7VXFa0oZDTkRsNZm8w-zeOM
Maa ki Rasoi,indian_restaurant,indian_restaurant|restaurant|food|point_of_interest|establishment,084485 52646,,"V block lane, no V-21, DLF PHASE 3, Nathupur, Sector 24, Gurugram, Haryana 122002, India",5,2,OPERATIONAL,https://maps.google.com/?cid=8720045819822660999&g_mp=Cilnb29nbGUubWFwcy5wbGFjZXMudjEuUGxhY2VzLlNlYXJjaE5lYXJieRACGAQgAA,ChIJxTD-j9YfDTkRh92o63jTA3k
Anvi General Store,general_store,general_store|food_store|store|food|point_of_interest|establishment,080768 42149,,"10, Lane Number V-21, DLF Phase 3, Sector 24, Gurugram, Haryana 122010, India",4.4,100,OPERATIONAL,https://maps.google.com/?cid=8451190963005434354&g_mp=Cilnb29nbGUubWFwcy5wbGFjZXMudjEuUGxhY2VzLlNlYXJjaE5lYXJieRACGAQgAA,ChIJZSurZbUeDTkR8inujmepSHU
Alpha We - Wellness & Education,health,health|point_of_interest|establishment,070824 50480,https://www.instagram.com/alphawe__/,"W-1/2, near SAI BABA MANDIR, DLF Phase 3, Sector 24, Gurugram, Haryana 122010, India",4.8,8,OPERATIONAL,https://maps.google.com/?cid=8403619679599845541&g_mp=Cilnb29nbGUubWFwcy5wbGFjZXMudjEuUGxhY2VzLlNlYXJjaE5lYXJieRACGAQgAA,ChIJQ9ZoWjcfDTkRpeAHBpOnn3Q
The Ritz by FNP Venues,wedding_venue,wedding_venue|banquet_hall|event_venue|point_of_interest|service|establishment,078278 12345,https://www.fnpvenues.com/wedding-venues-gurgaon/the-ritz/,"Ambience Golf Drive, NH - 8, behind the leela Hotel, DLF Phase 3, Sector 24, Gurugram, Haryana 122010, India",4.5,1689,OPERATIONAL,https://maps.google.com/?cid=15445133800963698074&g_mp=Cilnb29nbGUubWFwcy5wbGFjZXMudjEuUGxhY2VzLlNlYXJjaE5lYXJieRACGAQgAA,ChIJEe-pDbYeDTkRmu3RMlwjWNY
Udman Square,wedding_venue,wedding_venue|event_venue|point_of_interest|service|establishment,078278 12345,https://www.fnpvenues.com/udman-square/,"NH - 8, Golf Dr, behind the leela Hotel, Ambience Island, DLF Phase 3, Sector 24, Gurugram, Haryana 122010, India",,,OPERATIONAL,https://maps.google.com/?cid=2990324064085435409&g_mp=Cilnb29nbGUubWFwcy5wbGFjZXMudjEuUGxhY2VzLlNlYXJjaE5lYXJieRACGAQgAA,ChIJfdrMO2UfDTkREWQdk-TDfyk
Club Riviera by FNP Venues,wedding_venue,wedding_venue|banquet_hall|event_venue|point_of_interest|service|establishment,078278 12345,https://www.fnpvenues.com/wedding-venues-gurgaon/club-riviera/,"NH - 8, Golf Dr, behind the leela Hotel Ambience, DLF Phase 3, Sector 24, Gurugram, Haryana 122010, India",4.5,1998,OPERATIONAL,https://maps.google.com/?cid=11325007856856792892&g_mp=Cilnb29nbGUubWFwcy5wbGFjZXMudjEuUGxhY2VzLlNlYXJjaE5lYXJieRACGAQgAA,ChIJBafP_bUeDTkRPP90sqSCKp0
Rajeshwari Events & Catering Services,store,breakfast_restaurant|supplier|manufacturer|food_store|store|restaurant|food|point_of_interest|service|establishment,070066 54906,https://rajeshwari-events-and-entertainment.my.canva.site/,"DLF Phase 3, cyberhub, Gurugram, Haryana 122002, India",4.3,96,OPERATIONAL,https://maps.google.com/?cid=4297581033177205720&g_mp=Cilnb29nbGUubWFwcy5wbGFjZXMudjEuUGxhY2VzLlNlYXJjaE5lYXJieRACGAQgAA,ChIJFRWz9lwZDTkR2Mv7Gy4TpDs
DN Cricket Academy,athletic_field,athletic_field|sports_activity_location|point_of_interest|establishment,097160 00285,,"The Grand Western Green Farm House, Nathupur Road, Behind Ambience Mall, Rajokari, Rajokri Village, Rajokri, New Delhi, Delhi 110038, India",3.6,38,OPERATIONAL,https://maps.google.com/?cid=14073331082986464866&g_mp=Cilnb29nbGUubWFwcy5wbGFjZXMudjEuUGxhY2VzLlNlYXJjaE5lYXJieRACGAQgAA,ChIJf400FaweDTkRYibfZw6ETsM
THE NURSERYS,service,point_of_interest|service|establishment,078277 34874,http://thenurserys.in/,"The Nurserys, metro station, near Udyog Vihar, IDPL Twp, Sector 22A, Sector 19, Gurugram, Haryana 122016, India",4.9,10,OPERATIONAL,https://maps.google.com/?cid=6290694227194992785&g_mp=Cilnb29nbGUubWFwcy5wbGFjZXMudjEuUGxhY2VzLlNlYXJjaE5lYXJieRACGAQgAA,ChIJJaIa3GgZDTkRkdiO8hEJTVc
Simba’s Barkery- PET Bakery,dog_cafe,dog_cafe|point_of_interest|establishment,088002 83344,https://simbasbarkery.in/,"IDPL Twp, Udyog Vihar, Sector 19, Gurugram, Haryana 122016, India",5,15,OPERATIONAL,https://maps.google.com/?cid=13933193203044742409&g_mp=Cilnb29nbGUubWFwcy5wbGFjZXMudjEuUGxhY2VzLlNlYXJjaE5lYXJieRACGAQgAA,ChIJiwHM9aIZDTkRCXVenmWlXME
Solar Fresh,corporate_office,corporate_office|point_of_interest|establishment,078891 45677,http://solarfresh.in/,"419, IDPL Twp, Udyog Vihar, Sector 19, Gurugram, Haryana 122016, India",5,1,OPERATIONAL,https://maps.google.com/?cid=4762585745832433740&g_mp=Cilnb29nbGUubWFwcy5wbGFjZXMudjEuUGxhY2VzLlNlYXJjaE5lYXJieRACGAQgAA,ChIJJaIa3GgZDTkRTFiuqIAaGEI
Zipphatt,consultant,consultant|health|point_of_interest|service|establishment,070424 21241,,"IDPL Twp, Udyog Vihar, Sector 19, Gurugram, Haryana 122016, India",,,OPERATIONAL,https://maps.google.com/?cid=2567920198084022640&g_mp=Cilnb29nbGUubWFwcy5wbGFjZXMudjEuUGxhY2VzLlNlYXJjaE5lYXJieRACGAQgAA,ChIJJaIa3GgZDTkRcFFZktAVoyM
Think IT Works (P) Limited,service,manufacturer|point_of_interest|service|establishment,078883 15005,http://www.thinkitworks.com/,"Plot No. 76 D, Phase IV, Sector 22A, Sector 19, Gurugram, Haryana 122016, India",,,CLOSED_TEMPORARILY,https://maps.google.com/?cid=3803879270331294587&g_mp=Cilnb29nbGUubWFwcy5wbGFjZXMudjEuUGxhY2VzLlNlYXJjaE5lYXJieRACGAQgAA,ChIJzUFyKXMZDTkRe6OR5AoYyjQ
Atrium Place Tower 2,corporate_office,corporate_office|business_center|coworking_space|point_of_interest|service|establishment,0124 238 0748,https://www.dlf.in/offices/gurugram/atriumplace,"IDPL Twp, Udyog Vihar, Sector 19, Gurugram, Haryana 122001, India",3.5,2,OPERATIONAL,https://maps.google.com/?cid=5018466777714627614&g_mp=Cilnb29nbGUubWFwcy5wbGFjZXMudjEuUGxhY2VzLlNlYXJjaE5lYXJieRACGAQgAA,ChIJ88Y1-SIZDTkRHpTHAvIspUU
Saburi Overseas ESolutions Pvt. Ltd,corporate_office,corporate_office|point_of_interest|establishment,098990 20276,,"IDPL Twp, Udyog Vihar, Sector 19, Gurugram, Haryana 122016, India",3,2,OPERATIONAL,https://maps.google.com/?cid=13388166010528212754&g_mp=Cilnb29nbGUubWFwcy5wbGFjZXMudjEuUGxhY2VzLlNlYXJjaE5lYXJieRACGAQgAA,ChIJVVVVFUIZDTkREid-kw1SzLk
Gsb academy,educational_institution,educational_institution|point_of_interest|establishment,084477 42702,,"GoWork 108, Udyog Vihar Phase 1, Udyog Vihar, Sector 20, Gurugram, Haryana 122016, India",4,4,OPERATIONAL,https://maps.google.com/?cid=15356011132959234151&g_mp=Cilnb29nbGUubWFwcy5wbGFjZXMudjEuUGxhY2VzLlNlYXJjaE5lYXJieRACGAQgAA,ChIJIVfbWYAZDTkRZ5j6CsSCG9U
FableStreet,womens_clothing_store,womens_clothing_store|clothing_store|store|point_of_interest|establishment,011 4307 8400,https://www.fablestreet.com/,"Plot No. 335, Phase IV, Udyog Vihar, Sector 19, Gurugram, Haryana 122002, India",2.9,206,OPERATIONAL,https://maps.google.com/?cid=16395661663411864966&g_mp=Cilnb29nbGUubWFwcy5wbGFjZXMudjEuUGxhY2VzLlNlYXJjaE5lYXJieRACGAQgAA,ChIJreeb-f3hDDkRhoUnOWoXieM
"Dr Sanjay Kumar Yadav | Best Liver Transplant Specialist in Gurugram | Narayana Hospital, Gurugram",doctor,doctor|medical_clinic|health|point_of_interest|establishment,080 6215 4215,https://www.narayanahealth.org/c/gurugram/hepatology-liver-transplantation-gastro-sciences/dr-sanjay-kumar-yadav?utm_source=Googlemaps&utm_medium=GMB,"Narayana Hospital, Gurugram Plot 3201, Block - V DLF Phase - III, IDPL Twp, Nathupur, Sector 24, Gurugram, Haryana 122016, India",5,51,OPERATIONAL,https://maps.google.com/?cid=1181767325373938941&g_mp=Cilnb29nbGUubWFwcy5wbGFjZXMudjEuUGxhY2VzLlNlYXJjaE5lYXJieRACGAQgAA,ChIJVxEXogwZDTkR_bwTBB97ZhA
"Dr. Sonal Ghose | Surgeon | Narayana Hospital, Gurugram",doctor,doctor|health|point_of_interest|establishment,080660 46035,https://www.narayanahealth.org/ocaapp/doctors/gurugram/general-surgery/?utm_source=Googlemaps&utm_medium=GMB,"Block - V, Plot 3201, DLF Phase - III, Nathupur, Sector 24, Gurugram, Haryana 122016, India",5,5,OPERATIONAL,https://maps.google.com/?cid=2254338376238574963&g_mp=Cilnb29nbGUubWFwcy5wbGFjZXMudjEuUGxhY2VzLlNlYXJjaE5lYXJieRACGAQgAA,ChIJlwy_fVEZDTkRcy07J88ESR8
Dr. Bilal Khan - Best Pediatrician in Gurugram | NH,health,doctor|health|point_of_interest|establishment,080675 06842,https://www.narayanahealth.org/c/gurugram/paediatric-medicine/dr-bilal-khan,"IDPL Twp, Nathupur, Sector 24, Gurugram, Haryana 122016, India",5,1,OPERATIONAL,https://maps.google.com/?cid=18088551233779952859&g_mp=Cilnb29nbGUubWFwcy5wbGFjZXMudjEuUGxhY2VzLlNlYXJjaE5lYXJieRACGAQgAA,ChIJw6uW0HAZDTkR22zohoJxB_s
"Department of Dental Sciences, Narayana Hospital, Gurugram",health,dentist|health|point_of_interest|establishment,080660 46017,https://www.narayanahealth.org/c/gurugram/pulmonology/dr-satya-ranjan-sahu?utm_source=Googlemaps&utm_medium=GMB,"Block - V, Plot 3201, DLF Phase - III, Nathupur, Sector 24, Gurugram, Haryana 122016, India",5,32,OPERATIONAL,https://maps.google.com/?cid=9160140763941474628&g_mp=Cilnb29nbGUubWFwcy5wbGFjZXMudjEuUGxhY2VzLlNlYXJjaE5lYXJieRACGAQgAA,ChIJn3E87kQZDTkRRJFOB35bH38
Ess & Bee International,service,point_of_interest|service|establishment,0124 496 9550,,"Plot no 669, 670, Phase V, Udyog Vihar, Sector 19, Gurugram, Haryana 122016, India",4.5,20,OPERATIONAL,https://maps.google.com/?cid=10002556250856894256&g_mp=Cilnb29nbGUubWFwcy5wbGFjZXMudjEuUGxhY2VzLlNlYXJjaE5lYXJieRACGAQgAA,ChIJfbEkeHsZDTkRMC8wEuo30Io
Symbiosis Distance Learning,educational_institution,university|educational_institution|point_of_interest|establishment,070489 17382,https://onlinesymbiosis.in/,"667, Phase V, Udyog Vihar, Sector 19, Gurugram, Haryana, 122016, India",4.4,7,CLOSED_TEMPORARILY,https://maps.google.com/?cid=11605680981860248573&g_mp=Cilnb29nbGUubWFwcy5wbGFjZXMudjEuUGxhY2VzLlNlYXJjaE5lYXJieRACGAQgAA,ChIJJ6-ZxRoZDTkR_WtJDF2pD6E
OYO BABY,clothing_store,clothing_store|store|point_of_interest|establishment,088001 16630,http://oyobaby.in/,"667, Udyog Vihar Phase V Rd, Phase V, Udyog Vihar, Sector 19, Gurugram, Haryana 122016, India",4.8,26,OPERATIONAL,https://maps.google.com/?cid=14907934576061506231&g_mp=Cilnb29nbGUubWFwcy5wbGFjZXMudjEuUGxhY2VzLlNlYXJjaE5lYXJieRACGAQgAA,ChIJQeUs7YYjDTkRt-Lo5IKf484
MBBS Mentor,corporate_office,corporate_office|point_of_interest|establishment,078386 66633,,"667, Phase V, Udyog Vihar, Sector 19, Gurugram, Haryana 122016, India",,,OPERATIONAL,https://maps.google.com/?cid=17425342369402769707&g_mp=Cilnb29nbGUubWFwcy5wbGFjZXMudjEuUGxhY2VzLlNlYXJjaE5lYXJieRACGAQgAA,ChIJvYor7EMZDTkRK9HQwY9A0_E
Synapse Resources,service,point_of_interest|service|establishment,070653 09090,https://www.synapseresources.com/,"667, Udyog Vihar Phase V Rd, Phase V, Udyog Vihar, Sector 19, Gurugram, Haryana 122016, India",4.9,19,OPERATIONAL,https://maps.google.com/?cid=12244886508921622826&g_mp=Cilnb29nbGUubWFwcy5wbGFjZXMudjEuUGxhY2VzLlNlYXJjaE5lYXJieRACGAQgAA,ChIJk7lwW18ZDTkRKhE_V2eT7qk
AvansChem Speciality Chemicals,manufacturer,manufacturer|point_of_interest|establishment,095996 09443,http://www.avanschem.com/,"Plot no 667, FF, Udyog Vihar Phase V Rd, opposite Water Tank, Phase V, Udyog Vihar, Sector 19, Gurugram, Haryana 122016, India",4.3,7,OPERATIONAL,https://maps.google.com/?cid=10106504148824047246&g_mp=Cilnb29nbGUubWFwcy5wbGFjZXMudjEuUGxhY2VzLlNlYXJjaE5lYXJieRACGAQgAA,ChIJy1LWYC4ZDTkRjj6rD_qDQYw
Sequentum India,service,point_of_interest|service|establishment,0866 594 6019,http://sequentum.com/,"667, Udyog Vihar Phase V Rd, Phase V, Udyog Vihar, Sector 19, Gurugram, Haryana 122016, India",4.6,17,OPERATIONAL,https://maps.google.com/?cid=8857484849481135099&g_mp=Cilnb29nbGUubWFwcy5wbGFjZXMudjEuUGxhY2VzLlNlYXJjaE5lYXJieRACGAQgAA,ChIJZ3Vek1kZDTkR-zO6qIob7Ho
Cerina air purifier,corporate_office,corporate_office|point_of_interest|establishment,1800 572 2410,https://www.cerinaairpurifier.com/,"667, Udyog Vihar Phase V Rd, Phase V, Udyog Vihar, Sector 19, Gurugram, Haryana 122016, India",5,1,OPERATIONAL,https://maps.google.com/?cid=14687310588620798509&g_mp=Cilnb29nbGUubWFwcy5wbGFjZXMudjEuUGxhY2VzLlNlYXJjaE5lYXJieRACGAQgAA,ChIJG84zPnQZDTkRLXqT5CnP08s
FairWealth Securities Ltd.,finance,corporate_office|finance|consultant|point_of_interest|service|establishment,0124 302 4400,,"651-652, Udyog Vihar, Phase V, Udyog Vihar 3, Udyog Vihar, Sector 19, Gurugram, Haryana 122016, India",2.3,9,CLOSED_TEMPORARILY,https://maps.google.com/?cid=2745611808697791548&g_mp=Cilnb29nbGUubWFwcy5wbGFjZXMudjEuUGxhY2VzLlNlYXJjaE5lYXJieRACGAQgAA,ChIJs0Ub9PAXDTkRPLSMpGRfGiY
Josh Technology Group,service,service|point_of_interest|establishment,0124 437 6916,http://www.joshtechnologygroup.com/,"861, Phase V, Udyog Vihar, Sector 19, Gurugram, Haryana 122016, India",3.8,218,OPERATIONAL,https://maps.google.com/?cid=6742913028873966510&g_mp=Cilnb29nbGUubWFwcy5wbGFjZXMudjEuUGxhY2VzLlNlYXJjaE5lYXJieRACGAQgAA,ChIJVxslDUQZDTkRrtNinayjk10
Fabel Services Pvt Ltd,service,service|point_of_interest|establishment,099992 08074,https://www.fabelservices.net/,"No 854, Udyog Vihar Phase V Rd, Phase IV, Udyog Vihar, Sector 18, Gurugram, Haryana 122016, India",3.5,10,OPERATIONAL,https://maps.google.com/?cid=3163486375560922741&g_mp=Cilnb29nbGUubWFwcy5wbGFjZXMudjEuUGxhY2VzLlNlYXJjaE5lYXJieRACGAQgAA,ChIJdx4jnkYZDTkRdcYYAxn25is
A B C Leathers,service,service|point_of_interest|establishment,0124 479 6800,http://www.abcleathers.com/,"875, Udyog Vihar Phase V Rd, Phase V, Udyog Vihar, Sector 19, Gurugram, Haryana 122016, India",4.1,47,OPERATIONAL,https://maps.google.com/?cid=19863925981400718&g_mp=Cilnb29nbGUubWFwcy5wbGFjZXMudjEuUGxhY2VzLlNlYXJjaE5lYXJieRACGAQgAA,ChIJVVVVFUIZDTkRjk73qyKSRgA
Brakes India Private Limited,manufacturer,manufacturer|point_of_interest|establishment,0124 234 7810,,"Plot No-874, 874, Phase V, Udyog Vihar, Sector 19, Gurugram, Haryana 122016, India",4.4,34,OPERATIONAL,https://maps.google.com/?cid=5229963242115956141&g_mp=Cilnb29nbGUubWFwcy5wbGFjZXMudjEuUGxhY2VzLlNlYXJjaE5lYXJieRACGAQgAA,ChIJVVVVFUIZDTkRrf2r8tuPlEg
SAHIB DANG,service,service|point_of_interest|establishment,096674 43736,https://sahibdang.com/,"855, Udyog Vihar Phase V Rd, Phase V, Udyog Vihar, Sector 19, Gurugram, Haryana 122016, India",,,OPERATIONAL,https://maps.google.com/?cid=5431763846449396937&g_mp=Cilnb29nbGUubWFwcy5wbGFjZXMudjEuUGxhY2VzLlNlYXJjaE5lYXJieRACGAQgAA,ChIJeYCThO8ZDTkRyfxsi3CAYUs
Flexi Space - Coworking Space,coworking_space,coworking_space|point_of_interest|establishment,097114 11459,,"786, Udyog Vihar Phase V Rd, Phase V, Udyog Vihar, Sector 19, Gurugram, Haryana 122016, India",5,14,OPERATIONAL,https://maps.google.com/?cid=8185790558379282154&g_mp=Cilnb29nbGUubWFwcy5wbGFjZXMudjEuUGxhY2VzLlNlYXJjaE5lYXJieRACGAQgAA,ChIJ__af3uQZDTkR6o7xhSTFmXE
School For European Pastry & Culinary Arts,,pastry_shop|dessert_shop|confectionery|bakery|food_store|store|food|point_of_interest|establishment,098330 43063,https://sep.in.net/gurugram/,"784, Phase V, HSIIDC, Sector 19, Gurugram, Haryana 122016, India",5,127,OPERATIONAL,https://maps.google.com/?cid=4513107325639872815&g_mp=Cilnb29nbGUubWFwcy5wbGFjZXMudjEuUGxhY2VzLlNlYXJjaE5lYXJieRACGAQgAA,ChIJs2ulkd8ZDTkRL1H6gTPHoT4
BLS International,,point_of_interest|establishment,011 4375 0006,http://blscontactcenter.com/,"865, Phase V, Udyog Vihar, Sector 19, Gurugram, Haryana 122016, India",4.1,43,OPERATIONAL,https://maps.google.com/?cid=5619954671901780649&g_mp=Cilnb29nbGUubWFwcy5wbGFjZXMudjEuUGxhY2VzLlNlYXJjaE5lYXJieRACGAQgAA,ChIJu6tLFkQZDTkRqaqAkP8W_k0
O2PRO,health,health|manufacturer|point_of_interest|establishment,095772 00200,https://o2procare.com/,"Plot no. 859, Udyog Vihar Phase V Rd, Phase V, Udyog Vihar, Sector 19, Gurugram, Haryana 122016, India",4.7,1477,CLOSED_TEMPORARILY,https://maps.google.com/?cid=14616627638422089959&g_mp=Cilnb29nbGUubWFwcy5wbGFjZXMudjEuUGxhY2VzLlNlYXJjaE5lYXJieRACGAQgAA,ChIJq6qq6gsEDTkR5zBOGmWx2Mo
Prosource Texstyles Pvt Ltd,corporate_office,corporate_office|point_of_interest|establishment,0124 414 3498,,"873, Udyog Vihar Phase V Rd, Phase V, Udyog Vihar, Sector 19, Gurugram, Haryana 122016, India",5,1,OPERATIONAL,https://maps.google.com/?cid=1383505711217822928&g_mp=Cilnb29nbGUubWFwcy5wbGFjZXMudjEuUGxhY2VzLlNlYXJjaE5lYXJieRACGAQgAA,ChIJ0wtWJkQZDTkR0MzcPR0zMxM
Dida,manufacturer,wholesaler|manufacturer|service|point_of_interest|establishment,099719 30058,https://www.didasports.com/,"V, Phase V, 785, Phase V, Udyog Vihar, Sector 19, Gurugram, Haryana 122016, India",4.2,43,OPERATIONAL,https://maps.google.com/?cid=6188713192794567099&g_mp=Cilnb29nbGUubWFwcy5wbGFjZXMudjEuUGxhY2VzLlNlYXJjaE5lYXJieRACGAQgAA,ChIJJ7SFeQgEDTkRuzFLEdy54lU
JTEKT Electronics India,manufacturer,manufacturer|point_of_interest|establishment,0124 423 4274,https://jtektele.in/,"786 Ground Floor, Udyog Vihar Phase V Rd, Phase V, Udyog Vihar, Sector 19, Gurugram, Haryana 122016, India",4,31,OPERATIONAL,https://maps.google.com/?cid=16707232907754392717&g_mp=Cilnb29nbGUubWFwcy5wbGFjZXMudjEuUGxhY2VzLlNlYXJjaE5lYXJieRACGAQgAA,ChIJqUBtH0QZDTkRjcxqls8D3Oc
HDFC Securities - Dlf Cyber Park Branch,finance,finance|point_of_interest|establishment,092402 37953,https://www.hdfcsec.com/,"No 27, Ground Floor Block C, DLF Cyber Park, Phase II, Udyog Vihar, Sector 20, Gurugram, Haryana 122016, India",1,1,OPERATIONAL,https://maps.google.com/?cid=6644893435598840672&g_mp=Cilnb29nbGUubWFwcy5wbGFjZXMudjEuUGxhY2VzLlNlYXJjaE5lYXJieRACGAQgAA,ChIJnb3vHSoZDTkRYKMxn19nN1w
HDFC Bank,bank,bank|atm|finance|service|point_of_interest|establishment,1800 1601,https://www.hdfc.bank.in/branch-locator/haryana/gurugram/hdfcbank-branch-dlfcyberparkbranch,"No 27, BLOCK-C, Cyber Park, Phase II, DLF, Sector 20, Gurugram, Haryana 122016, India",2.5,11,OPERATIONAL,https://maps.google.com/?cid=8858164328956941443&g_mp=Cilnb29nbGUubWFwcy5wbGFjZXMudjEuUGxhY2VzLlNlYXJjaE5lYXJieRACGAQgAA,ChIJGyZjtRsZDTkRg9SDTYaF7no
Dohful Cookies & Coffee,bakery,bakery|food_store|store|food|point_of_interest|establishment,070451 60633,http://www.dohful.com/,"G33Q+8QP, Phase III, Udyog Vihar, Sector 20, Gurugram, Haryana 122008, India",4,55,OPERATIONAL,https://maps.google.com/?cid=8896500125498529025&g_mp=Cilnb29nbGUubWFwcy5wbGFjZXMudjEuUGxhY2VzLlNlYXJjaE5lYXJieRACGAQgAA,ChIJQSrjKAAZDTkRAdWOfLq3dns
ICICI BANK ATM,bank,bank|finance|point_of_interest|establishment,1800 1080,https://www.icici.bank.in/,"GF34, ICICI Bank ATM, Tower A, Phase II, DLF Cyberpark, Sector 20, Gurugram, Haryana 122016, India",4,3,OPERATIONAL,https://maps.google.com/?cid=15542453977323579455&g_mp=Cilnb29nbGUubWFwcy5wbGFjZXMudjEuUGxhY2VzLlNlYXJjaE5lYXJieRACGAQgAA,ChIJZyi0bJQZDTkRP6g6gIvjsdc
KLAY DLF Cyber Park - Preschools and Daycare,child_care_agency,child_care_agency|service|point_of_interest|establishment,076767 08888,https://klay.co.in/foundational-development-program/gurgaon/dlf-cyber-park/?utm_source=GMB_Listing&utm_medium=organic,"DLF Cyber Park, Plot no 405 B, Phase II, Udyog Vihar, Sector 20, Gurugram, Haryana 122016, India",4.9,65,OPERATIONAL,https://maps.google.com/?cid=16276839253937167834&g_mp=Cilnb29nbGUubWFwcy5wbGFjZXMudjEuUGxhY2VzLlNlYXJjaE5lYXJieRACGAQgAA,ChIJNXR30dYZDTkR2h0PJRDz4uE
Pittara,shopping_mall,shopping_mall|point_of_interest|establishment,087008 28415,https://www.pittara.co/,"DLF Cyber Park, Phase II, Udyog Vihar, Sector 20, Gurugram, Haryana 122016, India",,,CLOSED_TEMPORARILY,https://maps.google.com/?cid=9274760749409802535&g_mp=Cilnb29nbGUubWFwcy5wbGFjZXMudjEuUGxhY2VzLlNlYXJjaE5lYXJieRACGAQgAA,ChIJj66AAaYZDTkRJ5lOBcORtoA
Campus ActiveWear,corporate_office,corporate_office|point_of_interest|establishment,087072 69644,,"DLF Cyber Park, Phase II, Udyog Vihar, City:, Gurugram, Haryana 122016, India",3.9,14,OPERATIONAL,https://maps.google.com/?cid=16928853338151893192&g_mp=Cilnb29nbGUubWFwcy5wbGFjZXMudjEuUGxhY2VzLlNlYXJjaE5lYXJieRACGAQgAA,ChIJj7rPvC0ZDTkRyLg6C2te7-o
Reckitt Benckiser India Private Limited,corporate_office,corporate_office|point_of_interest|establishment,062030 92379,https://www.reckitt.com/offices/india/,"Dlf Cyber Park, Phase II, Udyog Vihar, City:, Gurugram, Haryana 122016, India",4.7,24,OPERATIONAL,https://maps.google.com/?cid=3088139174125872681&g_mp=Cilnb29nbGUubWFwcy5wbGFjZXMudjEuUGxhY2VzLlNlYXJjaE5lYXJieRACGAQgAA,ChIJJUE61_AZDTkRKaa9mjdG2yo
DLF THRIVE,wellness_center,wellness_center|health|point_of_interest|establishment,084482 85864,https://dlfthrive.com/,"Block A, First Floor, DLF Cyber Park, Phase III, Udyog Vihar, Sector 20, Gurugram, Haryana 122016, India",4.7,159,OPERATIONAL,https://maps.google.com/?cid=1213598513586335791&g_mp=Cilnb29nbGUubWFwcy5wbGFjZXMudjEuUGxhY2VzLlNlYXJjaE5lYXJieRACGAQgAA,ChIJ987dmwsZDTkRL3BBDmuR1xA
GroupM Mindshare,service,service|point_of_interest|establishment,0124 451 9300,http://www.mindshareworld.com/contacts/delhi,"DLF Cyber Park, Phase II, Udyog Vihar, City:, Gurugram, Haryana 122016, India",4.5,59,OPERATIONAL,https://maps.google.com/?cid=5717889116663858428&g_mp=Cilnb29nbGUubWFwcy5wbGFjZXMudjEuUGxhY2VzLlNlYXJjaE5lYXJieRACGAQgAA,ChIJubL8zzcZDTkR_ETSX9sFWk8
Sehrawat Electrical Works,service,store|point_of_interest|service|establishment,098187 08990,,"Main Palam Gurgaon Road, Ambience Island, Dundahear, Sector 24, Gurugram, Haryana 122016, India",5,1,CLOSED_TEMPORARILY,https://maps.google.com/?cid=3673787181835513107&g_mp=Cilnb29nbGUubWFwcy5wbGFjZXMudjEuUGxhY2VzLlNlYXJjaE5lYXJieRACGAQgAA,ChIJz0fwHEYZDTkRE22wMfrp-zI
"Keventers - DLF Cyber Park, Gurugram",cafe,cafe|food|point_of_interest|establishment,097170 18663,,"Cyber park, Phase III, Udyog Vihar, Sector 20, Gurugram, Haryana 122016, India",3.9,8,OPERATIONAL,https://maps.google.com/?cid=13008756771375548786&g_mp=Cilnb29nbGUubWFwcy5wbGFjZXMudjEuUGxhY2VzLlNlYXJjaE5lYXJieRACGAQgAA,ChIJn406z50ZDTkRcglMN1xjiLQ
Etchcraft Emporium - Personalised Accessories,store,store|point_of_interest|establishment,098181 51452,https://etchcraftemporium.in/,"Unit no. 22, C, DLF Cyber Park, Phase III, Udyog Vihar, Sector 20, Gurugram, Haryana 122016, India",4.4,22,OPERATIONAL,https://maps.google.com/?cid=17049821341218238605&g_mp=Cilnb29nbGUubWFwcy5wbGFjZXMudjEuUGxhY2VzLlNlYXJjaE5lYXJieRACGAQgAA,ChIJN5F9Ns8ZDTkRjfAvDy0inew
"DLF Cyberpark, Gurugram",corporate_office,corporate_office|business_center|coworking_space|point_of_interest|service|establishment,0124 456 8900,https://www.dlf.in/offices/gurugram/dlf-cyberpark,"9th Floor, Tower C, Phase III, Udyog Vihar, Sector 20, Gurugram, Haryana 122016, India",4.7,2656,OPERATIONAL,https://maps.google.com/?cid=5347151250757171329&g_mp=Cilnb29nbGUubWFwcy5wbGFjZXMudjEuUGxhY2VzLlNlYXJjaE5lYXJieRACGAQgAA,ChIJldoBqUgZDTkRgbiqbbvlNEo
Downtown Apple Care Centre,service,point_of_interest|service|establishment,078274 41489,,"Office No 245D, DLF Cyber Park, Phase III, Udyog Vihar, Sector 20, Gurugram, Haryana 122016, India",4.4,7,OPERATIONAL,https://maps.google.com/?cid=11018493068715153080&g_mp=Cilnb29nbGUubWFwcy5wbGFjZXMudjEuUGxhY2VzLlNlYXJjaE5lYXJieRACGAQgAA,ChIJ1cPgCWIZDTkRuNbeSBGN6Zg
Guardini,laundry,laundry|point_of_interest|service|establishment,077779 12291,http://www.guardini.in/,"Unit GF-09, Tower B, DLF Cyber Park, 405-B, Udyog Vihar Phase 1, Udyog Vihar, Sector 20, Gurugram, Haryana 122016, India",,,OPERATIONAL,https://maps.google.com/?cid=5399866341992040367&g_mp=Cilnb29nbGUubWFwcy5wbGFjZXMudjEuUGxhY2VzLlNlYXJjaE5lYXJieRACGAQgAA,ChIJGfj29rIZDTkRrwcGDdQt8Eo
Draavin Canteen,south_indian_restaurant,south_indian_restaurant|seafood_restaurant|indian_restaurant|restaurant|food|point_of_interest|establishment,092206 35151,https://www.draavincanteen.com/,"Draavin Canteen, Ground Floor 01, DLF Downtown 2, Ambience Island, DLF Phase 3, Sector 24, Gurugram, Haryana 122002, India",4.7,440,OPERATIONAL,https://maps.google.com/?cid=713221448470713844&g_mp=Cilnb29nbGUubWFwcy5wbGFjZXMudjEuUGxhY2VzLlNlYXJjaE5lYXJieRACGAQgAA,ChIJ57rjqK8ZDTkR9FVJ6iDf5Qk
Axis Bank - DLF Downtown Gurugram,bank,bank|finance|point_of_interest|establishment,1860 500 5555,https://branch.axis.bank.in/axis-bank-dlf-downtown/Home,"Ground Floor, DLF Downtown, SH-03, NH-48, adjacent to Ambience Mall, Ambience Island, DLF Phase 3, Sector 24, Gurugram, Haryana 122002, India",,,OPERATIONAL,https://maps.google.com/?cid=12852161781303528455&g_mp=Cilnb29nbGUubWFwcy5wbGFjZXMudjEuUGxhY2VzLlNlYXJjaE5lYXJieRACGAQgAA,ChIJtwa9VaIZDTkRB8xy4gsNXLI
Ronik Mehandi Arts,body_art_service,body_art_service|point_of_interest|establishment,095483 84347,https://www.ronikmehandiarts.in/,"NH-8, DLF DOWNTOWN, near Ambience Mall, Ambience Island, DLF Phase 3, Sector 24, Gurugram, Haryana 122002, India",4.9,45,OPERATIONAL,https://maps.google.com/?cid=8779035150087081865&g_mp=Cilnb29nbGUubWFwcy5wbGFjZXMudjEuUGxhY2VzLlNlYXJjaE5lYXJieRACGAQgAA,ChIJhWSV8pYZDTkRic-bp_Rl1Xk
Arisii DT4,restaurant,restaurant|food|point_of_interest|establishment,070425 12002,,"HK-3, Ambience Island, Down Town-4, Sector 24, Gurugram, Haryana 122002, India",4,12,OPERATIONAL,https://maps.google.com/?cid=5004256387125957809&g_mp=Cilnb29nbGUubWFwcy5wbGFjZXMudjEuUGxhY2VzLlNlYXJjaE5lYXJieRACGAQgAA,ChIJdUnc8JEZDTkRsVSfn6uwckU
On The Go | Downtown 4,cafe,cafe|food|point_of_interest|establishment,092204 84888,,"GROUND FLOOR, DLF DOWNTOWN, 4, Sector 25A, Ambience Island, DLF Phase 3, Sector 24, Gurugram, Haryana 122001, India",5,1,OPERATIONAL,https://maps.google.com/?cid=17796248266087076046&g_mp=Cilnb29nbGUubWFwcy5wbGFjZXMudjEuUGxhY2VzLlNlYXJjaE5lYXJieRACGAQgAA,ChIJF8-ZNzAZDTkRzhDIaoL5-PY
"DLF Downtown, Gurugram",corporate_office,corporate_office|business_center|coworking_space|service|point_of_interest|establishment,088005 96532,https://www.dlf.in/offices/gurugram/dlf-downtown,"NH 48, Sector 25A, Ambience Island, DLF Phase 3, Sector 24, Gurugram, Haryana 122002, India",4.6,1056,OPERATIONAL,https://maps.google.com/?cid=12035621163677493133&g_mp=Cilnb29nbGUubWFwcy5wbGFjZXMudjEuUGxhY2VzLlNlYXJjaE5lYXJieRACGAQgAA,ChIJe5ZR63sZDTkRjacrUK4dB6c
DLF Downtown 3 Gurugram,corporate_office,corporate_office|business_center|service|point_of_interest|establishment,088005 96532,https://www.dlf.in/offices/gurugram/dlf-downtown,"NH-8, DLF DOWNTOWN, Building. 3, Ambience Island, DLF Phase 3, Sector 24, Gurugram, Haryana 122002, India",4.1,51,OPERATIONAL,https://maps.google.com/?cid=4307325325147022341&g_mp=Cilnb29nbGUubWFwcy5wbGFjZXMudjEuUGxhY2VzLlNlYXJjaE5lYXJieRACGAQgAA,ChIJl0ngSQAZDTkRBaRu4Y-xxjs
Medhaam Pre School & Daycare,child_care_agency,child_care_agency|service|point_of_interest|establishment,096541 22900,https://www.medhaam.com/,"GF 04, Tower 2, DLF Downtown Commercial Site, Block 5, DLF City Phase 3 Rd, next to Ambience Mall, Ambience Island, DLF Phase 3, Sector 25A, Gurugram, Haryana 122010, India",,,OPERATIONAL,https://maps.google.com/?cid=3684084524436437372&g_mp=Cilnb29nbGUubWFwcy5wbGFjZXMudjEuUGxhY2VzLlNlYXJjaE5lYXJieRACGAQgAA,ChIJMfZKNfEfDTkRfDmMGVt_IDM
DLF Downtown 2 Gurugram,corporate_office,corporate_office|business_center|coworking_space|service|point_of_interest|establishment,088005 96532,https://www.dlf.in/offices/gurugram/dlf-downtown,"Building No. 2 Downtown, NH-8, DLF DOWNTOWN, Ambience Island, DLF Phase 3, Sector 24, Gurugram, Haryana 122002, India",,,OPERATIONAL,https://maps.google.com/?cid=9807532164076411630&g_mp=Cilnb29nbGUubWFwcy5wbGFjZXMudjEuUGxhY2VzLlNlYXJjaE5lYXJieRACGAQgAA,ChIJJ9m0sF4ZDTkR7hr-aopaG4g
Starbucks,coffee_shop,coffee_shop|snack_bar|cafe|meal_takeaway|food_store|store|restaurant|food|point_of_interest|establishment,1860 266 0010,https://stores.starbucks.in/store-pages/starbucks-gurgaon-16/,"Unit No 2, Ground, DLF DOWNTOWN, Ambience Island, DLF Phase 3, Sector 24, Gurugram, Haryana 122010, India",4.6,122,OPERATIONAL,https://maps.google.com/?cid=1868626984461294276&g_mp=Cilnb29nbGUubWFwcy5wbGFjZXMudjEuUGxhY2VzLlNlYXJjaE5lYXJieRACGAQgAA,ChIJX_nTF1IZDTkRxFqGiley7hk
Piano Classes By Simta,school,school|educational_institution|store|point_of_interest|service|establishment,093134 29992,,"AMBIENCE LAGOON-1, Ambience Island, DLF Phase 3, Sector 24, Gurugram, Haryana 122010, India",5,6,OPERATIONAL,https://maps.google.com/?cid=335324905204863425&g_mp=Cilnb29nbGUubWFwcy5wbGFjZXMudjEuUGxhY2VzLlNlYXJjaE5lYXJieRACGAQgAA,ChIJ4U1fkxQZDTkRwdETgzlQpwQ
Hamleys,toy_store,toy_store|gift_shop|child_care_agency|clothing_store|store|point_of_interest|service|establishment,096192 04451,https://stores.hamleys.in/hamleys-the-finest-toy-shop-in-the-world-amb-gurg-delhi-toy-shop-nathupur-gurugram-300862/Home?utm_source=locator&utm_medium=googleplaces,"Unit No F128D, 1st Floor, Ambience Mall, Ambience Island, DLF Phase 3, Nathupur, Gurugram, Haryana 122001, India",4.5,4053,OPERATIONAL,https://maps.google.com/?cid=18148679915801973067&g_mp=Cilnb29nbGUubWFwcy5wbGFjZXMudjEuUGxhY2VzLlNlYXJjaE5lYXJieRACGAQgAA,ChIJK5R4GEwZDTkRS5GkQzoQ3fs
"UrbanWrk @ Ambience, Gurgaon",coworking_space,coworking_space|point_of_interest|establishment,,https://www.urbanwrk.com/,"NH-8, Plot No 3, Ambience Island, DLF Phase 3, Sector 24, Gurugram, Haryana 122002, India",,,OPERATIONAL,https://maps.google.com/?cid=11751769715637423166&g_mp=Cilnb29nbGUubWFwcy5wbGFjZXMudjEuUGxhY2VzLlNlYXJjaE5lYXJieRACGAQgAA,ChIJ63O36CcZDTkRPgzD9kqsFqM
Benefit Cosmetics Brow Bar,beauty_salon,cosmetics_store|hair_care|beauty_salon|store|point_of_interest|service|establishment,0124 466 5434,https://www.benefitcosmetics.com/en-in/services.html?open-booking=1&k=5yVy9005aA4j304TnXQ6Tv021z3ZJ109&merchantId=9046&utm_source=google&utm_medium=listing&utm_campaign=rwg-yext&y_source=1_MjAxNTI1NDk0My03MTUtbG9jYXRpb24ud2Vic2l0ZQ%3D%3D,"Sephora, Ambience Mall, G, Ambience Island, 73A, Sector 24, Gurugram, Haryana 122001, India",4.9,47,OPERATIONAL,https://maps.google.com/?cid=11693249338975848412&g_mp=Cilnb29nbGUubWFwcy5wbGFjZXMudjEuUGxhY2VzLlNlYXJjaE5lYXJieRACGAQgAA,ChIJf_6wuugZDTkR3Ae6_1HERqI
Levi's Exclusive Store,clothing_store,clothing_store|womens_clothing_store|store|point_of_interest|establishment,0124 466 5420,https://stores.levi.in/levi-s-exclusive-store-clothing-shop-sector-24-gurugram-329520/Home?utm_source=locator&utm_medium=googleplaces,"Shop No G, Ground Floor, Ambience Mall, 15 & 16, near Jaipur - Delhi Expressway, Ambience Island, DLF Phase 3, Sector 24, Gurugram, Haryana 122010, India",2.2,10,OPERATIONAL,https://maps.google.com/?cid=15281589150707381629&g_mp=Cilnb29nbGUubWFwcy5wbGFjZXMudjEuUGxhY2VzLlNlYXJjaE5lYXJieRACGAQgAA,ChIJt_KVim8ZDTkRfXVgA14cE9Q
"Aryah IVAF A-101,",apartment_building,apartment_building|point_of_interest|service|establishment,,,"A-101, Lagoon Apartments, Ambience Island, DLF Phase 3, Sector 24, Gurugram, Haryana 122002, India",5,2,OPERATIONAL,https://maps.google.com/?cid=17523930553102989288&g_mp=Cilnb29nbGUubWFwcy5wbGFjZXMudjEuUGxhY2VzLlNlYXJjaE5lYXJieRACGAQgAA,ChIJK5EUXgAZDTkR6HdRBv6BMfM
Subway Ambience Mall,fast_food_restaurant,fast_food_restaurant|breakfast_restaurant|sandwich_shop|cafe|restaurant|food|point_of_interest|establishment,073037 14346,https://subway.in/,"Ambience Mall 3, Ambience Island, DLF Phase 3, Sector 24, Gurugram, Haryana 122002, India",3.4,55,OPERATIONAL,https://maps.google.com/?cid=1542245316527331220&g_mp=Cilnb29nbGUubWFwcy5wbGFjZXMudjEuUGxhY2VzLlNlYXJjaE5lYXJieRACGAQgAA,ChIJK1Yy-FsZDTkRlBcfuPEnZxU
Mala Akhbari,north_indian_restaurant,north_indian_restaurant|indian_restaurant|restaurant|food|point_of_interest|establishment,099585 70381,,"G33X+833, Ambience Island, DLF Phase 3, Sector 24, Gurugram, Haryana 122010, India",4.8,22,OPERATIONAL,https://maps.google.com/?cid=3756720711401957664&g_mp=Cilnb29nbGUubWFwcy5wbGFjZXMudjEuUGxhY2VzLlNlYXJjaE5lYXJieRACGAQgAA,ChIJYc-zucQZDTkRIGl3Q5WNIjQ
Lagoon Serviced Apartments Gurgaon,lodging,hotel|apartment_building|lodging|point_of_interest|service|establishment,095828 22295,https://www.serviceapartments-gurgaon.com/,"L-701, Ambience Lagoon Dr, behind Ambience Mall, Ambience Island, Apartments, Sector 24, Gurugram, Haryana 122010, India",4.2,19,OPERATIONAL,https://maps.google.com/?cid=5613154032441217344&g_mp=Cilnb29nbGUubWFwcy5wbGFjZXMudjEuUGxhY2VzLlNlYXJjaE5lYXJieRACGAQgAA,ChIJs0PoDUwZDTkRQNE1Tdrt5U0
CZI Global Consulting Pvt. Ltd.,consultant,finance|consultant|point_of_interest|service|establishment,098991 70704,https://czi-global.com/,"5th Floor, Gate, NH 48, Ambience Island, DLF Phase 3, Sector 24, Gurugram, Haryana 122010, India",4.8,13,OPERATIONAL,https://maps.google.com/?cid=10208133590143641283&g_mp=Cilnb29nbGUubWFwcy5wbGFjZXMudjEuUGxhY2VzLlNlYXJjaE5lYXJieRACGAQgAA,ChIJvR8JvTg9DTkRw6Y-TGqTqo0
Experiences Digital,manufacturer,manufacturer|point_of_interest|establishment,098181 68811,https://experiences.digital/,"05th Floor, Gate 4, Ambience Island, DLF Phase 3, Sector 24, Gurugram, Haryana 122002, India",5,2,OPERATIONAL,https://maps.google.com/?cid=15284047549194022054&g_mp=Cilnb29nbGUubWFwcy5wbGFjZXMudjEuUGxhY2VzLlNlYXJjaE5lYXJieRACGAQgAA,ChIJ0Z0xkSUZDTkRpqzjg0TYG9Q
The Body Shop,cosmetics_store,cosmetics_store|manufacturer|clothing_store|store|point_of_interest|establishment,095134 43828,https://stores.thebodyshop.in/the-body-shop-cosmetics-store-nh-8-gurugram-257988/Home?utm_source=locator&utm_medium=googleplaces,"SN 18, Ground Floor, NH-8, near Toll Plaza, Ambience Island, DLF Phase 3, Sector 24, Gurugram, Haryana 122010, India",4.4,722,OPERATIONAL,https://maps.google.com/?cid=2029590403053477815&g_mp=Cilnb29nbGUubWFwcy5wbGFjZXMudjEuUGxhY2VzLlNlYXJjaE5lYXJieRACGAQgAA,ChIJmU6nH0wZDTkRt1-L5beNKhw
Fitness First Ambience Mall,gym,gym|fitness_center|sports_activity_location|school|educational_institution|health|point_of_interest|service|establishment,099106 60803,https://www.fitnessfirst.net.in/content/fitness-first-ambience-mall-gurgaon,"6th Floor, Ambience Mall, Gate No. 03 & 04, NH 48, Ambience Island, DLF Phase 3, Sector 24, Gurugram, Haryana 122010, India",4.3,74,OPERATIONAL,https://maps.google.com/?cid=8364293576877616735&g_mp=Cilnb29nbGUubWFwcy5wbGFjZXMudjEuUGxhY2VzLlNlYXJjaE5lYXJieRACGAQgAA,ChIJu-eJpAYZDTkRXy7fNrHwE3Q
V Life Hub,wellness_center,wellness_center|health|point_of_interest|establishment,099900 12515,,"C801, Ambience Lagoon Dr, Ambience Island, DLF Phase 3, Sector 24, Gurugram, Haryana 122002, India",,,OPERATIONAL,https://maps.google.com/?cid=6037214964103008547&g_mp=Cilnb29nbGUubWFwcy5wbGFjZXMudjEuUGxhY2VzLlNlYXJjaE5lYXJieRACGAQgAA,ChIJF5WKhesZDTkRI1EI-AV_yFM
Awfis Ambience Mall,coworking_space,coworking_space|point_of_interest|establishment,1860 258 6633,https://www.awfis.com/office-space/gurgaon/ambience-mall/pro-working---ambience-mall/office,"5th, 6th and 7th Floor, Gate. 03 & Gate No. 04, NH-8, Ambience Island, DLF Phase 3, Sector 24, Gurugram, Haryana 122002, India",4.5,163,OPERATIONAL,https://maps.google.com/?cid=13791522460756145329&g_mp=Cilnb29nbGUubWFwcy5wbGFjZXMudjEuUGxhY2VzLlNlYXJjaE5lYXJieRACGAQgAA,ChIJaZIAizUZDTkRsfQwgZtUZb8
M+C Saatchi Performance,service,point_of_interest|service|establishment,011 4985 7992,https://www.mcsaatchiperformance.com/new-delhi/?utm_source=google&utm_medium=organic&utm_campaign=Google_Business_Page&utm_term=NewDelhi_Listing&utm_content=Website_Button,"5th Floor, Gate No- 3 & 4, NH- 48, Ambience Island, DLF Phase 3, Sector 24, Gurugram, Haryana 122002, India",4.3,35,OPERATIONAL,https://maps.google.com/?cid=1974904220315541233&g_mp=Cilnb29nbGUubWFwcy5wbGFjZXMudjEuUGxhY2VzLlNlYXJjaE5lYXJieRACGAQgAA,ChIJmzUlZBbiDDkR8d5TxexEaBs
Om Sai Cricket Academy,athletic_field,athletic_field|sports_activity_location|point_of_interest|establishment,081782 54415,,"near by Yadav farm house, Rajokri Village, Rajokri, New Delhi, Delhi 110038, India",4,174,OPERATIONAL,https://maps.google.com/?cid=12395030102047258081&g_mp=Cilnb29nbGUubWFwcy5wbGFjZXMudjEuUGxhY2VzLlNlYXJjaE5lYXJieRACGAQgAA,ChIJR3lb-WIfDTkR4fXMxDT-A6w
Topfnbjobs,employment_agency,employment_agency|point_of_interest|service|establishment,0124 422 8093,,"818, Udyog Vihar Phase V, Phase V, Udyog Vihar, Sector 19, Gurugram, Haryana 122016, India",,,OPERATIONAL,https://maps.google.com/?cid=7106258434328969048&g_mp=Cilnb29nbGUubWFwcy5wbGFjZXMudjEuUGxhY2VzLlNlYXJjaE5lYXJieRACGAQgAA,ChIJE1u6PUMZDTkRWD9NPGWAnmI
Divyam Infotech,service,point_of_interest|service|establishment,098715 76101,,"G34M+59M, Phase V, Udyog Vihar, Sector 19, Gurugram, Haryana 122016, India",4.9,7,OPERATIONAL,https://maps.google.com/?cid=6716251420497748033&g_mp=Cilnb29nbGUubWFwcy5wbGFjZXMudjEuUGxhY2VzLlNlYXJjaE5lYXJieRACGAQgAA,ChIJ-4z9E0MZDTkRQSD7LBXrNF0
Abeer Media Private Limited,association_or_organization,association_or_organization|point_of_interest|service|establishment,0124 426 8016,,"697, Udyog Vihar Phase V Rd, Phase V, Udyog Vihar, Sector 19, Gurugram, Haryana 122016, India",4.7,7,CLOSED_TEMPORARILY,https://maps.google.com/?cid=17398063208981905895&g_mp=Cilnb29nbGUubWFwcy5wbGFjZXMudjEuUGxhY2VzLlNlYXJjaE5lYXJieRACGAQgAA,ChIJU-McFUMZDTkR58EoR09WcvE
Optimint,service,point_of_interest|service|establishment,0124 419 2645,https://www.optimint.com/,"Plot 695 & 696, Udyog Vihar Phase V Rd, Phase V, Udyog Vihar, Sector 19, Gurugram, Haryana 122016, India",3.7,44,OPERATIONAL,https://maps.google.com/?cid=5505304250697683633&g_mp=Cilnb29nbGUubWFwcy5wbGFjZXMudjEuUGxhY2VzLlNlYXJjaE5lYXJieRACGAQgAA,ChIJBSotaScZDTkRsZJIMwzFZkw
Officebing,business_center,business_center|coworking_space|real_estate_agency|point_of_interest|service|establishment,073062 47247,,"Woxa Tower, Plot number 698, Udyog Vihar Phase V Rd, Phase V, Udyog Vihar, Sector 19, Gurugram, Haryana 122016, India",,,OPERATIONAL,https://maps.google.com/?cid=2223557477763905009&g_mp=Cilnb29nbGUubWFwcy5wbGFjZXMudjEuUGxhY2VzLlNlYXJjaE5lYXJieRACGAQgAA,ChIJd58p9dMZDTkR8fXHv76p2x4
VuLiv Player,corporate_office,corporate_office|point_of_interest|establishment,0124 400 5011,http://www.vuliv.com/,"697, Udyog Vihar Phase V Rd, Phase V, Udyog Vihar, Sector 19, Gurugram, Haryana 122016, India",4,24,OPERATIONAL,https://maps.google.com/?cid=17535023296935486530&g_mp=Cilnb29nbGUubWFwcy5wbGFjZXMudjEuUGxhY2VzLlNlYXJjaE5lYXJieRACGAQgAA,ChIJvymnFkMZDTkRQuQJtsjqWPM
Auquall BPO,,point_of_interest|establishment,098990 05897,,"698, Udyog Vihar Phase V Rd, Phase V, Udyog Vihar, Sector 19, Gurugram, Haryana 122016, India",4.4,75,OPERATIONAL,https://maps.google.com/?cid=10596929326880829339&g_mp=Cilnb29nbGUubWFwcy5wbGFjZXMudjEuUGxhY2VzLlNlYXJjaE5lYXJieRACGAQgAA,ChIJ8bVIR0UZDTkRm6-m7hPbD5M
Mama Da Dhaba,indian_restaurant,indian_restaurant|restaurant|food|point_of_interest|establishment,099683 56886,,"Phase V, Udyog Vihar, Sector 19, Gurugram, Haryana 122016, India",4.1,152,OPERATIONAL,https://maps.google.com/?cid=11137089458498549806&g_mp=Cilnb29nbGUubWFwcy5wbGFjZXMudjEuUGxhY2VzLlNlYXJjaE5lYXJieRACGAQgAA,ChIJV5mBEUMZDTkRLriNDdvjjpo
Koaster BYOB,bar_and_grill,bar_and_grill|bar|restaurant|food|point_of_interest|establishment,099909 05917,,"Peepal Chowk, Phase V, Udyog Vihar, Sector 19, Gurugram, Haryana 122016, India",3.9,293,OPERATIONAL,https://maps.google.com/?cid=8545062311095087583&g_mp=Cilnb29nbGUubWFwcy5wbGFjZXMudjEuUGxhY2VzLlNlYXJjaE5lYXJieRACGAQgAA,ChIJmc6id4UZDTkR37Fm9OUolnY
AdGlobal360 India Pvt Ltd - Building 2,service,point_of_interest|service|establishment,092892 24104,https://www.adglobal360.com/?utm_source=local-listing&utm_medium=google&utm_campaign=seo-local,"Plot No, 690 & 691, Udyog Vihar Phase V Rd, Phase V, Udyog Vihar, Sector 19, Gurugram, Haryana 122016, India",5,8,OPERATIONAL,https://maps.google.com/?cid=5540224501059335287&g_mp=Cilnb29nbGUubWFwcy5wbGFjZXMudjEuUGxhY2VzLlNlYXJjaE5lYXJieRACGAQgAA,ChIJQ-YdRhQZDTkRd7SOkdTU4kw
Suzuki Digital Private Limited,corporate_office,corporate_office|point_of_interest|establishment,099109 04806,https://www.suzuki-digital.com/,"First Floor, Plot No 690-691, Phase V, Udyog Vihar, Sector 19, Gurugram, Haryana 122016, India",4.9,11,OPERATIONAL,https://maps.google.com/?cid=9907626266310954367&g_mp=Cilnb29nbGUubWFwcy5wbGFjZXMudjEuUGxhY2VzLlNlYXJjaE5lYXJieRACGAQgAA,ChIJnTCK8W4ZDTkRf03Lqpj1fok
Fun Films Studio,,point_of_interest|establishment,088263 33561,,"Basement, 693, Phase V, Udyog Vihar, Sector 19, Gurugram, Haryana 122016, India",5,8,OPERATIONAL,https://maps.google.com/?cid=3986906966438085973&g_mp=Cilnb29nbGUubWFwcy5wbGFjZXMudjEuUGxhY2VzLlNlYXJjaE5lYXJieRACGAQgAA,ChIJP7i9K_oZDTkRVYUSL8NWVDc
Rizwan Vilding,service,point_of_interest|service|establishment,099118 34972,,"1032, Shankar Chowk Rd, Phase V, Udyog Vihar, Sector 20, Gurugram, Haryana 122016, India",,,OPERATIONAL,https://maps.google.com/?cid=17554775789012278475&g_mp=Cilnb29nbGUubWFwcy5wbGFjZXMudjEuUGxhY2VzLlNlYXJjaE5lYXJieRACGAQgAA,ChIJY1WiNJwZDTkRy1y0J5IXn_M
Fireman,manufacturer,manufacturer|point_of_interest|establishment,093102 96701,,"701, Phase V, Udyog Vihar, Sector 19, Gurugram, Haryana 122016, India",4.5,6,OPERATIONAL,https://maps.google.com/?cid=4375110911199177684&g_mp=Cilnb29nbGUubWFwcy5wbGFjZXMudjEuUGxhY2VzLlNlYXJjaE5lYXJieRACGAQgAA,ChIJVVVVFUIZDTkR1Gv2gjGEtzw
A One Murdabadi Chicken Biryani Corner,meal_takeaway,meal_takeaway|restaurant|food|point_of_interest|establishment,093112 57875,,"1, Udyog Vihar Gurugram, Phase V, Udyog Vihar, Sector 19, Delhi, Gurugram, Haryana 122016, India",4.8,4,OPERATIONAL,https://maps.google.com/?cid=3801468907041224792&g_mp=Cilnb29nbGUubWFwcy5wbGFjZXMudjEuUGxhY2VzLlNlYXJjaE5lYXJieRACGAQgAA,ChIJ_zmyRkMZDTkRWHjidNSHwTQ
Info-X Software Technology Pvt. Ltd.,service,service|point_of_interest|establishment,0124 430 3166,https://infox.com/,"335, Udyog Vihar II Rd, near SBI, Phase II, Udyog Vihar, Sector 20, Gurugram, Haryana 122016, India",3.5,181,OPERATIONAL,https://maps.google.com/?cid=11001359281267410151&g_mp=Cilnb29nbGUubWFwcy5wbGFjZXMudjEuUGxhY2VzLlNlYXJjaE5lYXJieRACGAQgAA,ChIJH9sVEEUZDTkR5wRkhvqtrJg
Ritco Logistics,service,moving_company|shipping_service|storage|transportation_service|service|point_of_interest|establishment,0124 470 2300,http://ritcologistics.com/,"Ritco House, 336, Phase II, Udyog Vihar, Sector 20, Gurugram, Haryana 122006, India",4.3,201,OPERATIONAL,https://maps.google.com/?cid=4361512273214898501&g_mp=Cilnb29nbGUubWFwcy5wbGFjZXMudjEuUGxhY2VzLlNlYXJjaE5lYXJieRACGAQgAA,ChIJKY_iTkUZDTkRRQF74E00hzw
Amit Exports,manufacturer,manufacturer|point_of_interest|establishment,0542 237 2490,http://www.amitexports.com/,"333, Phase II, Udyog Vihar, Sector 20, Gurugram, Haryana 122016, India",3.7,3,OPERATIONAL,https://maps.google.com/?cid=12556475554406958742&g_mp=Cilnb29nbGUubWFwcy5wbGFjZXMudjEuUGxhY2VzLlNlYXJjaE5lYXJieRACGAQgAA,ChIJm8XPMIIZDTkRloZNW_2PQa4
D.K.RAHEJA & COMPANY,wholesaler,wholesaler|service|point_of_interest|establishment,098110 04682,https://www.poly-grip.com/,"323, Phase II, Udyog Vihar, Sector 20, Gurugram, Haryana 122016, India",,,OPERATIONAL,https://maps.google.com/?cid=17891925805913553992&g_mp=Cilnb29nbGUubWFwcy5wbGFjZXMudjEuUGxhY2VzLlNlYXJjaE5lYXJieRACGAQgAA,ChIJj5yvBWkZDTkRSDwfmbnjTPg
The Aspirant's Library,service,library|educational_institution|service|point_of_interest|establishment,096502 43006,,"C- 16 Ground Floor Near Makson Bakers, Sudershan Park, Moti Nagar, Delhi - 110015, Phase II, Udyog Vihar, Sector 20, Gurugram, Haryana 122016, India",5,2,OPERATIONAL,https://maps.google.com/?cid=12069302542255275160&g_mp=Cilnb29nbGUubWFwcy5wbGFjZXMudjEuUGxhY2VzLlNlYXJjaE5lYXJieRACGAQgAA,ChIJ13wnuocDDTkRmDzYXbfGfqc
Mectech Knitfabs 330,manufacturer,manufacturer|point_of_interest|establishment,0124 470 0800,http://mectechknitfabs.com/,"330, Udyog Vihar II Rd, opposite SBI Bank, Phase II, Udyog Vihar, Sector 20, Gurugram, Haryana 122016, India",4.2,13,OPERATIONAL,https://maps.google.com/?cid=9803999401908044038&g_mp=Cilnb29nbGUubWFwcy5wbGFjZXMudjEuUGxhY2VzLlNlYXJjaE5lYXJieRACGAQgAA,ChIJt2Nc5kQZDTkRBgHfIIPNDog
"Dee Emm Hyundai Service Centre - Udyog Vihar, Gurgaon",car_dealer,car_dealer|store|point_of_interest|establishment,093197 36501,https://www.hyundai.com/in/en/click-to-buy/find-a-dealer-and-website.html,"317, Phase II, Udyog Vihar, Sector 20, Gurugram, Haryana 122016, India",4.9,157,OPERATIONAL,https://maps.google.com/?cid=14523895134424671612&g_mp=Cilnb29nbGUubWFwcy5wbGFjZXMudjEuUGxhY2VzLlNlYXJjaE5lYXJieRACGAQgAA,ChIJa-S0zBcZDTkRfCVogqw9j8k
POLY-GRIP V-BELTS,wholesaler,wholesaler|service|point_of_interest|establishment,098100 08807,http://www.poly-grip.com/,"323, Phase II, Udyog Vihar, Sector 20, Gurugram, Haryana 122016, India",5,1,OPERATIONAL,https://maps.google.com/?cid=1386918258551481596&g_mp=Cilnb29nbGUubWFwcy5wbGFjZXMudjEuUGxhY2VzLlNlYXJjaE5lYXJieRACGAQgAA,ChIJxWwhoeAZDTkR_OR21c5SPxM
Trustverge Insurance Broker Pvt Ltd,insurance_agency,insurance_agency|health|service|point_of_interest|establishment,092202 51113,https://www.trustvergeinsurance.com/,"3rd Floor, Plot No. 355, Udyog Vihar II Rd, Phase II, Udyog Vihar, Sector 19, Gurugram, Haryana 122016, India",,,OPERATIONAL,https://maps.google.com/?cid=16677779775574359304&g_mp=Cilnb29nbGUubWFwcy5wbGFjZXMudjEuUGxhY2VzLlNlYXJjaE5lYXJieRACGAQgAA,ChIJQQMrLWUZDTkRCL1N3Vdgc-c
Dolphy India Pvt. Ltd- Delhi,manufacturer,supplier|manufacturer|point_of_interest|establishment,095202 02035,https://dolphy.in/,"Ground Floor, Plot No. 355, Udyog Vihar II Rd, Phase II, Udyog Vihar, Sector 20, Gurugram, Haryana 122016, India",4.7,30,OPERATIONAL,https://maps.google.com/?cid=17597021176795681350&g_mp=Cilnb29nbGUubWFwcy5wbGFjZXMudjEuUGxhY2VzLlNlYXJjaE5lYXJieRACGAQgAA,ChIJQUMuZNTvDDkRRtLu-4YtNfQ
Nekta Food Solutions Limited,catering_service,catering_service|food_delivery|food|service|point_of_interest|establishment,091522 31325,https://www.nektafoods.com/,"Ground Floor, Plot 338, Udyog Vihar II Rd, Phase II, Udyog Vihar, Sector 20, Gurugram, Haryana 122016, India",4.7,19,OPERATIONAL,https://maps.google.com/?cid=3144770498227010981&g_mp=Cilnb29nbGUubWFwcy5wbGFjZXMudjEuUGxhY2VzLlNlYXJjaE5lYXJieRACGAQgAA,ChIJY9SZUwAZDTkRpf3yPht4pCs
MBG Corporate Services,consultant,corporate_office|accounting|finance|consultant|service|point_of_interest|establishment,088601 90008,http://www.mbgcorp.com/in/,"356, Udyog Vihar II Rd, Phase II, Udyog Vihar, Sector 20, Gurugram, Haryana 122016, India",4.1,50,OPERATIONAL,https://maps.google.com/?cid=4100013622441079678&g_mp=Cilnb29nbGUubWFwcy5wbGFjZXMudjEuUGxhY2VzLlNlYXJjaE5lYXJieRACGAQgAA,ChIJF1yBvhcZDTkRfvPcs6os5jg
Xtra Power Tools (LSL Tools Private Limited),corporate_office,corporate_office|point_of_interest|establishment,0124 400 0608,https://xtrapowertools.com/,"394, Phase III, Udyog Vihar, Sector 20, Gurugram, Haryana 122016, India",4.5,167,OPERATIONAL,https://maps.google.com/?cid=13664640841452463638&g_mp=Cilnb29nbGUubWFwcy5wbGFjZXMudjEuUGxhY2VzLlNlYXJjaE5lYXJieRACGAQgAA,ChIJHcN_GkUZDTkRFqYRanKOor0
Knox Gurgaon,gym,gym|sports_activity_location|health|point_of_interest|establishment,093155 22626,http://www.knoxfit.in/,"Ground Floor, 393, Udyog Vihar Phase 3 Rd, Phase II, Udyog Vihar, Sector 20, Gurugram, Haryana 122016, India",4.3,25,OPERATIONAL,https://maps.google.com/?cid=15768310906160257436&g_mp=Cilnb29nbGUubWFwcy5wbGFjZXMudjEuUGxhY2VzLlNlYXJjaE5lYXJieRACGAQgAA,ChIJ73D5JEsZDTkRnJmZnTlL1No
Framengine Animation Studio,,point_of_interest|establishment,093500 28894,https://framengine.com/,"2nd Floor, WeWork, Vi-John Tower, 393, Phase II, Udyog Vihar, Sector 20, Gurugram, Haryana 122016, India",5,26,OPERATIONAL,https://maps.google.com/?cid=7447991963401111886&g_mp=Cilnb29nbGUubWFwcy5wbGFjZXMudjEuUGxhY2VzLlNlYXJjaE5lYXJieRACGAQgAA,ChIJp8TITJ8ZDTkRTsl8xDqVXGc
Tiora Jewellery,jewelry_store,jewelry_store|store|point_of_interest|establishment,078977 77767,https://tiora.co/,"Phase II, Udyog Vihar, Sector 20, Gurugram, Haryana 122016, India",5,16,OPERATIONAL,https://maps.google.com/?cid=3209251503090952857&g_mp=Cilnb29nbGUubWFwcy5wbGFjZXMudjEuUGxhY2VzLlNlYXJjaE5lYXJieRACGAQgAA,ChIJfY8DMqsZDTkRmeqfHD2NiSw
Ibis buildcon,general_contractor,general_contractor|point_of_interest|service|establishment,096679 61726,https://ibisbuildcon.in/,"2nd Floor, Quattro Iconic, Phase II, Udyog Vihar, Sector 20, Gurugram, Haryana 122016, India",,,OPERATIONAL,https://maps.google.com/?cid=3704316454833274389&g_mp=Cilnb29nbGUubWFwcy5wbGFjZXMudjEuUGxhY2VzLlNlYXJjaE5lYXJieRACGAQgAA,ChIJU0TnDMYZDTkRFb74eTBgaDM
Sumanth College,university,university|educational_institution|point_of_interest|establishment,099469 84540,,"Phase-2, Phase II, Udyog Vihar, Sector 20, Gurugram, Haryana 122016, India",,,CLOSED_TEMPORARILY,https://maps.google.com/?cid=1615298132691909648&g_mp=Cilnb29nbGUubWFwcy5wbGFjZXMudjEuUGxhY2VzLlNlYXJjaE5lYXJieRACGAQgAA,ChIJcfM_xj8ZDTkREPxz7RexahY
Bombae,,corporate_office|point_of_interest|establishment,073034 88233,http://mybombae.in/,"5th Floor, Gulf Adiba, Plot Number 272, Phase II, Udyog Vihar, Sector 20, Gurugram, Haryana 122016, India",1,1,OPERATIONAL,https://maps.google.com/?cid=16718134005953781570&g_mp=Cilnb29nbGUubWFwcy5wbGFjZXMudjEuUGxhY2VzLlNlYXJjaE5lYXJieRACGAQgAA,ChIJ____D0UZDTkRQt9ATE2-Aug
Medicon Group,corporate_office,corporate_office|point_of_interest|establishment,011 4503 8610,https://medicongroupindia.com/,"2nd Floor, 270, Udyog Vihar II Rd, Phase II, Udyog Vihar, Sector 20, Gurugram, Haryana 122016, India",4.6,11,OPERATIONAL,https://maps.google.com/?cid=4389165792591315598&g_mp=Cilnb29nbGUubWFwcy5wbGFjZXMudjEuUGxhY2VzLlNlYXJjaE5lYXJieRACGAQgAA,ChIJGWavufwZDTkRjoKzlwhz6Tw
ATB Yatra,corporate_office,corporate_office|point_of_interest|establishment,011 4435 7700,http://atbyatra.com/,"5th Floor, Gulf Adiba, Plot No 272, Phase II, Udyog Vihar, Sector 20, Gurugram, Haryana 122016, India",,,OPERATIONAL,https://maps.google.com/?cid=16436667110643956954&g_mp=Cilnb29nbGUubWFwcy5wbGFjZXMudjEuUGxhY2VzLlNlYXJjaE5lYXJieRACGAQgAA,ChIJ____D0UZDTkR2nxH5abFGuQ
One Login Suite,service,point_of_interest|service|establishment,099580 39666,https://oneloginsuiteinc.com/,"Plot No. 270, Phase II, Udyog Vihar, Sector 20, Gurugram, Haryana 122016, India",2,4,OPERATIONAL,https://maps.google.com/?cid=11409333678323048812&g_mp=Cilnb29nbGUubWFwcy5wbGFjZXMudjEuUGxhY2VzLlNlYXJjaE5lYXJieRACGAQgAA,ChIJVZf4W0MZDTkRbKFY_IcYVp4
Survey2connect,corporate_office,corporate_office|point_of_interest|establishment,098995 54578,https://survey2connect.com/,"Vi-John Tower, 393, Phase III, Udyog Vihar, Sector 20, Gurugram, Haryana 122016, India",,,OPERATIONAL,https://maps.google.com/?cid=3182705209759917028&g_mp=Cilnb29nbGUubWFwcy5wbGFjZXMudjEuUGxhY2VzLlNlYXJjaE5lYXJieRACGAQgAA,ChIJs1HH2E0ZDTkR5GOGjIY9Kyw
Kotak Mahindra Bank ATM,atm,atm|finance|point_of_interest|establishment,1800 4100,https://www.kotak.bank.in/en/reach-us.html?utm_source=google&utm_medium=gmb,"Ground Floor, Unit No- GF- 08 Dlf Cyber Park, Tower B, National Highway 8, Phase II, Udyog Vihar, Sector 20, Gurugram, Haryana 122008, India",,,OPERATIONAL,https://maps.google.com/?cid=4966316752379736198&g_mp=Cilnb29nbGUubWFwcy5wbGFjZXMudjEuUGxhY2VzLlNlYXJjaE5lYXJieRACGAQgAA,ChIJdblPRhoZDTkRhnCqC8bm60Q
Institute of Pesticide Formulation Technology,research_institute,research_institute|point_of_interest|establishment,0124 234 8487,http://www.ipft.gov.in/,"opposite Ambience Mall Udyog Vihar, Sector 20,on, NH-8, Udyog Vihar III, Sector 20, Gurugram, Haryana 122016, India",4.3,56,OPERATIONAL,https://maps.google.com/?cid=3631793781417086739&g_mp=Cilnb29nbGUubWFwcy5wbGFjZXMudjEuUGxhY2VzLlNlYXJjaE5lYXJieRACGAQgAA,ChIJES0tuE8ZDTkRE4_WvjO5ZjI
BLPS CONSULTANT PVT LTD.,service,service|point_of_interest|establishment,099532 64477,http://blpsconsultant.com/,"409, Udyog Vihar II Rd, Phase II, Udyog Vihar, Sector 20, Gurugram, Haryana 122001, India",4.2,5,OPERATIONAL,https://maps.google.com/?cid=8150843754100380492&g_mp=Cilnb29nbGUubWFwcy5wbGFjZXMudjEuUGxhY2VzLlNlYXJjaE5lYXJieRACGAQgAA,ChIJv5H-W0UZDTkRTFPdljWdHXE
Ravi International Courier & Cargo Service,courier_service,courier_service|shipping_service|service|point_of_interest|establishment,078383 00053,,"Lg 30 Lower Ground, Cyber City, Man Market, DLF Cyber City, Udyog Vihar, Sector 20, Gurugram, Haryana 122016, India",5,3,OPERATIONAL,https://maps.google.com/?cid=15154718529718305677&g_mp=Cilnb29nbGUubWFwcy5wbGFjZXMudjEuUGxhY2VzLlNlYXJjaE5lYXJieRACGAQgAA,ChIJHYrDsz4ZDTkRjcPjqjVgUNI
Q H Talbros Limited,corporate_office,corporate_office|point_of_interest|establishment,0124 400 2963,https://www.qhtalbros.com/,"400, Phase III, Udyog Vihar, Sector 20, Gurugram, Haryana 122016, India",4.1,117,OPERATIONAL,https://maps.google.com/?cid=14634551803471398313&g_mp=Cilnb29nbGUubWFwcy5wbGFjZXMudjEuUGxhY2VzLlNlYXJjaE5lYXJieRACGAQgAA,ChIJAQAAAGkZDTkRqQX3_FNfGMs
TSN Ecotech International Pvt. Ltd.,corporate_office,corporate_office|point_of_interest|establishment,0124 406 9358,,"Plot No. 346, 2nd Floor, Udyog Vihar, Phase II,, Phase II, Udyog Vihar, Sector 20, Gurugram, Haryana 122016, India",3,1,OPERATIONAL,https://maps.google.com/?cid=8609226738121993098&g_mp=Cilnb29nbGUubWFwcy5wbGFjZXMudjEuUGxhY2VzLlNlYXJjaE5lYXJieRACGAQgAA,ChIJt1W1XUUZDTkRimuOzBoeenc
Porsche Destination Charging,electric_vehicle_charging_station,electric_vehicle_charging_station|transportation_service|point_of_interest|establishment,1800 727 546,https://porsche.com/destinationcharging,"N/A, St Marys Rd, Ambience Island, DLF Phase 3, Sector 24, Gurugram, Haryana 122002, India",3.9,16,OPERATIONAL,https://maps.google.com/?cid=6221124548310689984&g_mp=Cilnb29nbGUubWFwcy5wbGFjZXMudjEuUGxhY2VzLlNlYXJjaE5lYXJieRACGAQgAA,ChIJw30kYk4ZDTkRwGiF1dDfVVY
Procloz,service,point_of_interest|service|establishment,0124 402 9160,http://www.procloz.com/,"Level 7, Ambience Mall, National Highway - 8, Ambience Island, DLF Phase 3, Sector 24, Gurugram, Haryana 122010, India",4.2,10,OPERATIONAL,https://maps.google.com/?cid=15155283350515013897&g_mp=Cilnb29nbGUubWFwcy5wbGFjZXMudjEuUGxhY2VzLlNlYXJjaE5lYXJieRACGAQgAA,ChIJ3z6jQbEZDTkRCdnWQelhUtI
Basil,restaurant,restaurant|food|point_of_interest|establishment,084477 22196,https://www.basil.health/,"Second floor, Food court, Ambience Island, DLF Phase 3, Sector 24, Gurugram, Haryana 122010, India",3.6,26,OPERATIONAL,https://maps.google.com/?cid=12855083058714202376&g_mp=Cilnb29nbGUubWFwcy5wbGFjZXMudjEuUGxhY2VzLlNlYXJjaE5lYXJieRACGAQgAA,ChIJdQbhwBwZDTkRCFHNyO5tZrI
The Leela Spa,spa,spa|massage_spa|massage|beauty_salon|point_of_interest|service|establishment,097175 96198,https://www.theleela.com/the-leela-ambience-gurugram-hotel-residences/experience/wellness?utm_source=GMBlisting&utm_medium=organic&utm_campaign=gbp-leela-ambience-hotel-residences-gurugram-the-leela-spa&utm_content=spa-website-click,"NH-8, Hotel, Residences, The Leela Ambience, Ambience Island, DLF Phase 3, Sector 24, Gurugram, Haryana 122016, India",4.6,76,OPERATIONAL,https://maps.google.com/?cid=13743138760042923607&g_mp=Cilnb29nbGUubWFwcy5wbGFjZXMudjEuUGxhY2VzLlNlYXJjaE5lYXJieRACGAQgAA,ChIJb6R6JQ8ZDTkRV8ZCU-Nvub4
Rufa Beauty,cosmetics_store,cosmetics_store|manufacturer|wholesaler|store|point_of_interest|service|establishment,090820 21558,https://rufabeauty.com/,"7th Floor, Ambience Mall, Ambience Island, DLF Phase 3, Sector 24, Gurugram, Haryana 122010, India",5,1,OPERATIONAL,https://maps.google.com/?cid=14817546774539448601&g_mp=Cilnb29nbGUubWFwcy5wbGFjZXMudjEuUGxhY2VzLlNlYXJjaE5lYXJieRACGAQgAA,ChIJWQeGgDvbwjsRGbEo40iAos0
Taco Bell,restaurant,restaurant|food|point_of_interest|establishment,084489 92836,https://www.tacobell.co.in/,"3rd Floor, Ambience Mall, NH 8, Ambience Island, DLF Phase 3, Sector 24, Gurugram, Haryana 122002, India",1.8,31,OPERATIONAL,https://maps.google.com/?cid=11964046786663401295&g_mp=Cilnb29nbGUubWFwcy5wbGFjZXMudjEuUGxhY2VzLlNlYXJjaE5lYXJieRACGAQgAA,ChIJafmP_G0ZDTkRT8c5CyrVCKY
"Superdry, Ambi Gurgaon",clothing_store,clothing_store|store|point_of_interest|establishment,096197 28808,https://stores.superdry.in/superdry-ambi-gurgaon-electronics-company-sector-20-gurugram-558651/Home?utm_source=locator&utm_medium=googleplaces,"No G/79, NH-8, Ambience Mall, Ambience Island, DLF Phase 3, Sector 20, Gurugram, Haryana 122002, India",5,2,OPERATIONAL,https://maps.google.com/?cid=16333592575009701547&g_mp=Cilnb29nbGUubWFwcy5wbGFjZXMudjEuUGxhY2VzLlNlYXJjaE5lYXJieRACGAQgAA,ChIJqevWVugZDTkRqz5pa-iTrOI
Celio Ambience Mall Gurugram,clothing_store,clothing_store|store|point_of_interest|establishment,0124 402 9078,https://www.celio.in/,"Shop no 119, 1st floor, Ambience Mall, National Highway - 8, Ambience Island, DLF Phase 3, Sector 24, Gurugram, Haryana 122010, India",4,5,OPERATIONAL,https://maps.google.com/?cid=4465613251507350415&g_mp=Cilnb29nbGUubWFwcy5wbGFjZXMudjEuUGxhY2VzLlNlYXJjaE5lYXJieRACGAQgAA,ChIJNemMivsZDTkRj2tfqJcL-T0
"Apple Premium Reseller - Aptronix - Ambience Mall, Gurgaon",cell_phone_store,cell_phone_store|electronics_store|home_goods_store|store|point_of_interest|service|establishment,080 4495 3812,https://www.aptronixindia.com/,"Ground Floor, Ambience Mall NH 48, Ambience Island, DLF Phase 3, Sector 24, Gurugram, Haryana 122010, India",4.3,1165,OPERATIONAL,https://maps.google.com/?cid=13968637622105855701&g_mp=Cilnb29nbGUubWFwcy5wbGFjZXMudjEuUGxhY2VzLlNlYXJjaE5lYXJieRACGAQgAA,ChIJh5N4KEwZDTkR1dbGheiR2sE
DIESEL,clothing_store,clothing_store|store|point_of_interest|establishment,0124 466 5688,https://storelocator.diesel.com/776901-diesel-store-gurgaon,"Spc G - 001, NH-8, Ambience Island, DLF Phase 2, Sector 24, Gurugram, Haryana 122010, India",4,167,OPERATIONAL,https://maps.google.com/?cid=3943623798072613303&g_mp=Cilnb29nbGUubWFwcy5wbGFjZXMudjEuUGxhY2VzLlNlYXJjaE5lYXJieRACGAQgAA,ChIJG3dJeksZDTkRtxnlO_OQujY
Limited Edt,shoe_store,shoe_store|store|point_of_interest|establishment,099901 15399,https://limitededt.in/,"Ambiance Mall, G-017, near DLF Phase 3, Ambience Island, DLF Phase 3, Sector 24, Gurugram, Haryana 122010, India",4.9,680,OPERATIONAL,https://maps.google.com/?cid=11941108690179328911&g_mp=Cilnb29nbGUubWFwcy5wbGFjZXMudjEuUGxhY2VzLlNlYXJjaE5lYXJieRACGAQgAA,ChIJPa0dH50ZDTkRjwt4RhZXt6U
PAUL,cafe,cafe|dessert_shop|bakery|confectionery|food_store|store|food|point_of_interest|establishment,0124 466 5354,https://www.paul-india.com/,"G-1 , Ground Floor ,Ambience Mall, Ambience Island, DLF Phase 3, Sector 24, Gurugram, Haryana 122010, India",4.1,3166,OPERATIONAL,https://maps.google.com/?cid=12756301074329113303&g_mp=Cilnb29nbGUubWFwcy5wbGFjZXMudjEuUGxhY2VzLlNlYXJjaE5lYXJieRACGAQgAA,ChIJDZn_h_sZDTkR1xJSxz18B7E
Wagh Bakri Tea World,tea_house,tea_house|point_of_interest|establishment,095602 44799,,"Ground Floor, Ambience Mall, K, Hawker Street, Ambience Island, DLF Phase 3, Sector 24, Gurugram, Haryana 122002, India",4.2,15,OPERATIONAL,https://maps.google.com/?cid=4421206874885068741&g_mp=Cilnb29nbGUubWFwcy5wbGFjZXMudjEuUGxhY2VzLlNlYXJjaE5lYXJieRACGAQgAA,ChIJIVu5dagZDTkRxRcKaDpIWz0
vaango,vegetarian_restaurant,vegetarian_restaurant|restaurant|food|point_of_interest|establishment,096602 93729,,"Ambience Mall, NH 8, Ambience Island, DLF Phase 3, Sector 24, Gurugram, Haryana 122010, India",4.2,40,OPERATIONAL,https://maps.google.com/?cid=18088696838326647294&g_mp=Cilnb29nbGUubWFwcy5wbGFjZXMudjEuUGxhY2VzLlNlYXJjaE5lYXJieRACGAQgAA,ChIJJ0mkEQAZDTkR_vkwuu_1B_s
AAFARIN- Pure afghan dry fruits,food_store,food_store|store|food|point_of_interest|establishment,081309 00116,https://www.aafarindryfruits.com/,"LG FLOOR, Ambience Mall, inside SMART BAZAAR, Ambience Island, DLF Phase 3, Sector 24, Gurugram, Haryana 122001, India",5,168,OPERATIONAL,https://maps.google.com/?cid=13443096407132274932&g_mp=Cilnb29nbGUubWFwcy5wbGFjZXMudjEuUGxhY2VzLlNlYXJjaE5lYXJieRACGAQgAA,ChIJg_sWZNUZDTkR9ABzLPV4j7o
Risezonic LLP,consultant,consultant|point_of_interest|service|establishment,081788 57250,http://risezonic.com/,"Awfis Gurgaon, 07th Floor ,Gate No.03, Gate No.04, &, NH 48, Ambience Island, DLF Phase 3, Sector 24, Gurugram, Haryana 122010, India",5,21,OPERATIONAL,https://maps.google.com/?cid=11172366052471989043&g_mp=Cilnb29nbGUubWFwcy5wbGFjZXMudjEuUGxhY2VzLlNlYXJjaE5lYXJieRACGAQgAA,ChIJ7687CrsdDTkRM-M5Irs3DJs
BMW Destination Charging Station,electric_vehicle_charging_station,electric_vehicle_charging_station|transportation_service|point_of_interest|establishment,080707 43743,https://www.bmw.de/,"National Highway 8, Ambience Island, DLF Phase 3, Sector 24, Gurugram Haryana 122002, Rajokri Village, Rajokri, Gurugram, Haryana 122001, India",,,OPERATIONAL,https://maps.google.com/?cid=18133401029017080098&g_mp=Cilnb29nbGUubWFwcy5wbGFjZXMudjEuUGxhY2VzLlNlYXJjaE5lYXJieRACGAQgAA,ChIJfW_TKkwZDTkRIhFEOCnIpvs
Diya - The Leela Ambience Gurugram,restaurant,restaurant|family_restaurant|north_indian_restaurant|fine_dining_restaurant|indian_restaurant|food|point_of_interest|establishment,097175 96088,https://www.theleela.com/the-leela-ambience-gurugram-hotel-residences/restaurants/diya?utm_source=GMBlisting&utm_medium=organic&utm_campaign=gbp-leela-ambience-hotel-residences-gurugram-diya&utm_content=restaurant-website-click,"The Leela Ambience, 8, National Highway, Ambience Island, DLF Phase 3, Sector 24, Gurugram, Haryana 122010, India",4.4,367,OPERATIONAL,https://maps.google.com/?cid=376657340641269920&g_mp=Cilnb29nbGUubWFwcy5wbGFjZXMudjEuUGxhY2VzLlNlYXJjaE5lYXJieRACGAQgAA,ChIJd-3rnjD9DDkRoFj3DtsnOgU
Zanotta,restaurant,restaurant|fine_dining_restaurant|italian_restaurant|food|point_of_interest|establishment,097175 96088,https://www.theleela.com/the-leela-ambience-gurugram-hotel-residences/restaurants/zanotta?utm_source=GMBlisting&utm_medium=organic&utm_campaign=gbp-leela-ambience-hotel-residences-gurugram-zanotta&utm_content=restaurant-website-click,"The Leela Ambience Gurugram Hotel, 8, National Highway, Ambience Island, DLF Phase 3, Sector 24, Gurugram, Haryana 122010, India",4.3,217,OPERATIONAL,https://maps.google.com/?cid=3482770990430468600&g_mp=Cilnb29nbGUubWFwcy5wbGFjZXMudjEuUGxhY2VzLlNlYXJjaE5lYXJieRACGAQgAA,ChIJEUrgmE4ZDTkR-LmkZsNJVTA
Titan World,store,manufacturer|store|point_of_interest|service|establishment,080 6291 4012,https://www.titan.co.in/stores?storeId=TAGH,"Nathupur, Shop No 108, First Floor, Ambience Mall Island, near Chaayos Store, Ambience Island, DLF Phase 3, Sector 24, Gurugram, Haryana 122002, India",4.7,1663,OPERATIONAL,https://maps.google.com/?cid=10794203043257889444&g_mp=Cilnb29nbGUubWFwcy5wbGFjZXMudjEuUGxhY2VzLlNlYXJjaE5lYXJieRACGAQgAA,ChIJ4VnbAEwZDTkRpLLTSnq2zJU
"Crocs - Ambience Mall, Gurgaon",shoe_store,shoe_store|manufacturer|wholesaler|store|point_of_interest|service|establishment,077389 42002,https://www.apparelgroup.in/footwear/crocs/,"NH- 8, Ambience Island, DLF Phase 3, Sector 24, Gurugram, Haryana 122010, India",4.9,38,OPERATIONAL,https://maps.google.com/?cid=6487580783123478986&g_mp=Cilnb29nbGUubWFwcy5wbGFjZXMudjEuUGxhY2VzLlNlYXJjaE5lYXJieRACGAQgAA,ChIJtWW19G0ZDTkRyrm5fVmECFo
"Kids~ Birthday ~ Maternity Photography, Gurgaon",service,point_of_interest|service|establishment,,,"MG Road, Ambience Island, DLF Phase 3, Sector 24, Gurugram, Haryana 122010, India",4,4,OPERATIONAL,https://maps.google.com/?cid=5206935206215601812&g_mp=Cilnb29nbGUubWFwcy5wbGFjZXMudjEuUGxhY2VzLlNlYXJjaE5lYXJieRACGAQgAA,ChIJD1fCQksZDTkRlM70hvu_Qkg
"BlueStone Jewellery Ambience Mall, Gurugram Men And Kids",jewelry_store,jewelry_store|manufacturer|wholesaler|store|point_of_interest|service|establishment,089766 93901,https://www.bluestone.com/,"F 141, Ambience Island, DLF Phase 3, Sector 24, Gurugram, Haryana 122010, India",4.9,149,OPERATIONAL,https://maps.google.com/?cid=12326339577914117260&g_mp=Cilnb29nbGUubWFwcy5wbGFjZXMudjEuUGxhY2VzLlNlYXJjaE5lYXJieRACGAQgAA,ChIJQXqGioQZDTkRjMxo0on0D6s
H&M,clothing_store,clothing_store|store|point_of_interest|establishment,1800 889 8000,https://www2.hm.com/en_in/customer-service/shopping-at-hm/store-locator/india/gurgaon/ambience-mall/IN0005.html?utm_source=google_location&utm_medium=organic&utm_content=IN0005&utm_campaign=pi_INQ00AAU0AA004,"NH-8, Ambience Island, DLF Phase 3, Sector 24, Gurugram, Haryana 122002, India",4.3,4665,OPERATIONAL,https://maps.google.com/?cid=4550362754139175934&g_mp=Cilnb29nbGUubWFwcy5wbGFjZXMudjEuUGxhY2VzLlNlYXJjaE5lYXJieRACGAQgAA,ChIJudr_GkwZDTkR_jui59AiJj8
Ambiance Mall,cosmetics_store,cosmetics_store|clothing_store|store|point_of_interest|establishment,0124 402 9109,http://in.loccitane.com/,"Ground Floor, Ambience Mall, G-058A, Ambience Island, DLF Phase 3, Sector 24, Gurugram, Haryana 122002, India",4.4,66,OPERATIONAL,https://maps.google.com/?cid=18231101714950100635&g_mp=Cilnb29nbGUubWFwcy5wbGFjZXMudjEuUGxhY2VzLlNlYXJjaE5lYXJieRACGAQgAA,ChIJJzk33aMZDTkRm5adz2riAf0
ENVEE OPTIX GURUGRAM AMBIENCE MALL,medical_clinic,store|medical_clinic|health|point_of_interest|service|establishment,098101 87685,,"G33W+XQH, Delhi - Ajmer Hwy, Ambience Island, DLF Phase 3, Sector 24, Gurugram, Haryana 122002, India",3.2,5,CLOSED_TEMPORARILY,https://maps.google.com/?cid=2764024268336868044&g_mp=Cilnb29nbGUubWFwcy5wbGFjZXMudjEuUGxhY2VzLlNlYXJjaE5lYXJieRACGAQgAA,ChIJJ4Y2yNEZDTkRzCrHeG3JWyY
Jockey Exclusive Store,clothing_store,clothing_store|sportswear_store|womens_clothing_store|sporting_goods_store|store|point_of_interest|establishment,072920 00024,https://stores.jockey.in/jockey-exclusive-store-sector-24-gurugram-28645/home,"Shop No 107, BLOCK-F, Ambience Mall, Ambience Island, DLF Phase 3, Sector 24, Gurugram, Haryana 122010, India",4.9,4969,OPERATIONAL,https://maps.google.com/?cid=13620778839524668947&g_mp=Cilnb29nbGUubWFwcy5wbGFjZXMudjEuUGxhY2VzLlNlYXJjaE5lYXJieRACGAQgAA,ChIJe7XWfFEZDTkRE3YGRjC6Br0
Bluorng,clothing_store,clothing_store|store|point_of_interest|establishment,092668 66296,https://bluorng.com/,"F-149, Ambience Island, DLF Phase 3, Sector 24, Gurugram, Haryana 122010, India",4.9,1931,OPERATIONAL,https://maps.google.com/?cid=13826573618021880508&g_mp=Cilnb29nbGUubWFwcy5wbGFjZXMudjEuUGxhY2VzLlNlYXJjaE5lYXJieRACGAQgAA,ChIJQ4N4L0kZDTkRvFL7AnPb4b8
TISSOT BOUTIQUE BY TEMPS WATCHES,store,store|point_of_interest|service|establishment,086890 00522,,"Ist Floor Shop No - 153, A&F,, Ambience Mall, Ambience Island, DLF Phase 3, Sector 24, Gurugram, Haryana 122002, India",4.7,58,OPERATIONAL,https://maps.google.com/?cid=13370996170237373333&g_mp=Cilnb29nbGUubWFwcy5wbGFjZXMudjEuUGxhY2VzLlNlYXJjaE5lYXJieRACGAQgAA,ChIJL6kKdqEZDTkRlWsbnCxSj7k
Victoria's Secret,womens_clothing_store,womens_clothing_store|clothing_store|store|point_of_interest|establishment,084228 97870,https://www.victoriassecret.in/Stores-Storeid/?id=97003&utm_source=gmb,"Ambience Mall, G 23-24, NH8, Ambience Island, DLF Phase 3, Sector 24, Gurugram, Haryana 122010, India",1,4,OPERATIONAL,https://maps.google.com/?cid=18307999664531519664&g_mp=Cilnb29nbGUubWFwcy5wbGFjZXMudjEuUGxhY2VzLlNlYXJjaE5lYXJieRACGAQgAA,ChIJ1VIkWVgZDTkRsDhf6LEUE_4
Chicco,child_care_agency,child_care_agency|clothing_store|toy_store|store|point_of_interest|service|establishment,0124 466 5640,https://www.chicco.in/?utm_source=Organic&utm_medium=gmb,"Shop No 209A, Second Floor, Mall, Ambience Island, DLF Phase 3, Sector 24, Gurugram, Haryana 122010, India",4.6,39,OPERATIONAL,https://maps.google.com/?cid=16732622608492185629&g_mp=Cilnb29nbGUubWFwcy5wbGFjZXMudjEuUGxhY2VzLlNlYXJjaE5lYXJieRACGAQgAA,ChIJg95wC60ZDTkRHcjY85s3Nug
Transworld Packers And Movers,transportation_service,transportation_service|point_of_interest|establishment,098802 34900,https://www.transworldpackersmovers.com/,"Shop No 18, Ambience Island, DLF Phase 3, Sector 24, Gurugram, Haryana 122002, India",5,18,OPERATIONAL,https://maps.google.com/?cid=12933001499310413230&g_mp=Cilnb29nbGUubWFwcy5wbGFjZXMudjEuUGxhY2VzLlNlYXJjaE5lYXJieRACGAQgAA,ChIJn9TPDdkZDTkRrtX9dVdAe7M
Anil Dairy Farm,ranch,ranch|farm|point_of_interest|service|establishment,098919 98322,,"Panchayat Ghar Rd, Nathupur, Rajokri, New Delhi, Delhi 110038, India",3.9,21,OPERATIONAL,https://maps.google.com/?cid=4190870177405426489&g_mp=Cilnb29nbGUubWFwcy5wbGFjZXMudjEuUGxhY2VzLlNlYXJjaE5lYXJieRACGAQgAA,ChIJBb-TMLIeDTkROVsH4Dj2KDo
